PROD_CLR_EQUIV,PROD_REF,PROD_DES_BASE,CLR_COD,CLR_DES,CAT_DES_EN,GFA_DES_EN,GFS_DES_EN,COMPOSITION,FINISHING,MATERIAL,PRICE_BASE_W_VAT,PROG_IMAGE,img_file,priority,issues,sku_conflicts,review_status,fixes,reviewer,notes
214411_PK,214411,Top CANICHE CAMPAIGN Pink,_PK,Pink,Apparel,Top,Woven,Polyester,,Polyester,23.99,/232/64/214411_PK_1,214411_PK_1.jpg,high,VIS_TYPE_MISMATCH,,,,,
212962_BK,212962,Set of Necklaces ECLIPSE Black,_BK,Black,Jewellery,Necklaces,Pendant,Brass; Glass; Zinc,Golden,,12.99,/232/52/212962_BK_1,212962_BK_1.jpg,high,VIS_TYPE_MISMATCH;VIS_COLOUR_MISMATCH,,,,,
215138_GD,215138,Earring Golden Basics Gold,_GD,Gold,Jewellery,Earrings,Drop,Iron,Golden,,7.99,/232/52/215138_GD_1,215138_GD_1.jpg,high,VIS_TYPE_MISMATCH,,,,,
219326_IC,219326,Ring MADEIRA Ice,_IC,Ice,Jewellery,Rings,Fantasy,Acrylic; Zinc,Silver,,12.99,/241/52/219326_IC_1,219326_IC_1.jpg,high,VIS_TYPE_MISMATCH,,,,,
208038_BL,208038,Dress ESSENTIALS T DISPLAY 1 Blue,_BL,Blue,Apparel,Dress,Woven,Lyocell,,Lyocell,29.99,/231/64/208038_BL_1,208038_BL_1.jpg,medium,IMG_SHARED;VIS_COLOUR_MISMATCH;IMG_NEAR_DUPLICATE,,,,,
208038_PU,208038,Dress ESSENTIALS T DISPLAY 1 Purple,_PU,Purple,Apparel,Dress,Woven,Lyocell,,Lyocell,29.99,/232/64/208038_PU_1,208038_PU_1.jpg,medium,IMG_SHARED;IMG_NEAR_DUPLICATE,,,,,
210982_LG,210982,Shirt LAB JULHO Light Grey,_LG,Light Grey,Apparel,Shirt,Woven,Lyocell; Polyamide,,Lyocell,32.99,/232/64/210982_LG_1,210982_LG_1.jpg,medium,VIS_COLOUR_MISMATCH,,,,,
211501_BK,211501,Dress SUMMER BW CAPSULE Black,_BK,Black,Apparel,Dress,Circular,Elastane; Viscose,,Viscose,32.99,/232/64/211501_BK_1,211501_BK_1.jpg,medium,SKU_ATTR_CONFLICT,CATEGORY_MATRIX,,,,
211563_PK,211563,Trousers Capri Pink,_PK,Pink,Apparel,Trousers,Woven,Cotton,,Cotton,32.99,/232/64/211563_PK_1,211563_PK_1.jpg,medium,SKU_ATTR_CONFLICT,CATEGORY_MATRIX|THEME,,,,
212065_SV,212065,Top LAB JUNHO Silver,_SV,Silver,Apparel,Top,Woven,Cotton,,Cotton,25.99,/232/64/212065_SV_1,212065_SV_1.jpg,medium,VIS_COLOUR_MISMATCH,,,,,
214957_BK,212578,Trousers ESSENTIALS T DISPLAY 1 Black,_BK,Black,Apparel,Trousers,Knit,Polyamide; Polyester; Viscose,,Viscose,29.99,/232/64/214957_BK_1,214957_BK_1.jpg,medium,SKU_ATTR_CONFLICT,PROG_IMAGE,,,,
212631_EC,212631,Shirt MAXI MAIO Ecru,_EC,Ecru,Apparel,Shirt,Woven,Linen,,Linen,39.99,/232/64/212631_EC_1,212631_EC_1.jpg,medium,VIS_COLOUR_MISMATCH,,,,,
213302_BU,213302,Trousers PRIESTLY Burgundy,_BU,Burgundy,Apparel,Trousers,Circular,Elastane; Modal; Polyester,,Modal,27.99,/232/64/213302_1,213302_1.jpg,medium,IMG_GENERIC;SKU_ATTR_CONFLICT,CATEGORY_MATRIX|FASHIONTYPE,,,,
213555_RD,213555,Shirt LAB OUTUBRO Burgundy,_BU,Burgundy,Apparel,Shirt,Woven,Lyocell; Polyamide,,Lyocell,27.99,/232/64/213555_BU_1,213555_BU_1.jpg,medium,SKU_ATTR_CONFLICT,CLR_COD|CLR_DES|THEME|FASHIONTYPE|PROG_IMAGE,,,,
213704_BL,213704,Sweatshirt T1 ESSENTIALS Blue,_BL,Blue,Apparel,Sweatshirt,Circular,Elastane; Modal; Polyester,,Modal,27.99,/232/64/213704_1,213704_1.jpg,medium,IMG_GENERIC;IMG_SHARED;VIS_TARGET_NOT_FOUND;IMG_NEAR_DUPLICATE;IMG_NOT_PACKSHOT,,,,,
213704_WT,213704,Sweatshirt T1 ESSENTIALS White,_WT,White,Apparel,Sweatshirt,Circular,Elastane; Modal; Polyester,,,27.99,/232/64/213704_1,213704_1.jpg,medium,IMG_GENERIC;IMG_SHARED;VIS_TARGET_NOT_FOUND;IMG_NEAR_DUPLICATE;IMG_NOT_PACKSHOT,,,,,
213976_BM,213976,Dress capsuleagosto Bright Multicolor,_BM,Bright Multicolor,Apparel,Dress,Woven,Viscose,,Viscose,35.99,/232/64/213976_BM_1,213976_BM_1.jpg,medium,SKU_ATTR_CONFLICT,CATEGORY_MATRIX,,,,
213976_GN,213976,Dress capsuleagosto Green,_GN,Green,Apparel,Dress,Woven,Viscose,,Viscose,35.99,/232/64/213976_GN_1,213976_GN_1.jpg,medium,SKU_ATTR_CONFLICT,CATEGORY_MATRIX,,,,
214388_DM,214388,Kimono LAB OUTUBRO Dark Multicolor,_DM,Dark Multicolor,Apparel,Kimono,Woven,Polyamide; Polyester; Viscose,,Viscose,99.99,/232/64/214388_DM_1,214388_DM_1.jpg,medium,SKU_ATTR_CONFLICT,COMPOSITION|PRICE_BASE_W_VAT,,,,
215400_DG,215400,Trousers MAXI AGOSTO Dark Grey,_DG,Dark Grey,Apparel,Trousers,Woven,Viscose,,Viscose,35.99,/232/64/215400_1,215400_DG_1.jpg,medium,IMG_PATH_REPAIRED,,,,,
215400_GY,215400,Trousers MAXI AGOSTO Grey,_GY,Grey,Apparel,Trousers,Woven,Viscose,,Viscose,35.99,/232/64/215400_1,215400_GY_1.jpg,medium,IMG_PATH_REPAIRED,,,,,
216201_NV,216201,Skirt Maxi nov Navy,_NV,Navy,Apparel,Skirt,Woven,Polyester,,Polyester,32.99,/241/64/216201_1,216201_1.jpg,medium,IMG_GENERIC;SALES_MISSING;SKU_ATTR_CONFLICT;VIS_COLOUR_MISMATCH;VIS_TARGET_NOT_FOUND;IMG_NOT_PACKSHOT,CATEGORY_MATRIX,,,,
216201_YL,216201,Skirt PLUS CLOSET DEZ Yellow,_YL,Yellow,Apparel,Skirt,Woven,Polyester,,Polyester,32.99,/241/64/216201_YL_1,216201_YL_1.jpg,medium,VIS_COLOUR_MISMATCH,,,,,
216352_RD,216352,Cardigan REMY 4 Red,_RD,Red,Apparel,Cardigan,Knit,Polyester,,Polyester,35.99,/232/64/216352_1,216352_1.jpg,medium,IMG_GENERIC;IMG_NOT_PACKSHOT,,,,,
216468_GN,216468,Trousers MERCURY Green,_GN,Green,Apparel,Trousers,Knit,Polyester; Viscose,,Viscose,39.99,/241/64/216468_1,216468_1.jpg,medium,IMG_GENERIC;SALES_MISSING;SKU_ATTR_CONFLICT;IMG_NOT_PACKSHOT,MATERIAL,,,,
216472_GN,216472,Sweater T1 ESSENTIALS Green,_GN,Green,Apparel,Sweater,Knit,Acrylic; Polyamide; Polyester; Wool,,Acrylic,35.99,/241/64/216472_1,216472_1.jpg,medium,IMG_GENERIC;IMG_NOT_PACKSHOT,,,,,
216622_BM,216622,Shirt Jo Bright Multicolor,_BM,Bright Multicolor,Apparel,Shirt,Woven,Viscose,,,32.99,/241/64/216622_BM_1,216622_BM_1.jpg,medium,SKU_ATTR_CONFLICT,THEME,,,,
216790_LY,216790,Sweater meg Light Yellow,_LY,Light Yellow,Apparel,Sweater,Knit,Acrylic; Polyamide; Polyester,,,29.99,/241/64/216790_LY_1,216790_LY_1.jpg,medium,VIS_COLOUR_MISMATCH,,,,,
217956_FU,217956,Kaftan T1 ESSENTIALS Fuchsia,_FU,Fuchsia,Apparel,Kaftan,Woven,Polyamide; Polyester; Viscose,,Polyester,19.99,/241/64/217956_1,217956_1.jpg,medium,IMG_GENERIC;IMG_SHARED;VIS_COLOUR_MISMATCH;IMG_NEAR_DUPLICATE,,,,,
217956_GN,217956,Kaftan SANTOS Green,_GN,Green,Apparel,Kaftan,Woven,Polyamide; Polyester; Viscose,,Polyester,19.99,/241/64/217956_1,217956_1.jpg,medium,IMG_GENERIC;IMG_SHARED;VIS_COLOUR_MISMATCH;IMG_NEAR_DUPLICATE,,,,,
217970_FU,217970,Trousers JO Fuchsia,_FU,Fuchsia,Apparel,Trousers,Circular,Elastane; Polyester; Viscose,,,29.99,/241/64/217970_1,217970_1.jpg,medium,IMG_GENERIC;IMG_NOT_PACKSHOT,,,,,
218620_BR,218620,Top CHIADO Brick Red,_BR,Brick Red,Apparel,Top,Woven,Lyocell,,Lyocell,23.99,/241/64/218620_BR_1,218620_BR_1.jpg,medium,VIS_COLOUR_MISMATCH,,,,,
218666_IC,218666,Raincoat MINAS Ice,_IC,Ice,Apparel,Raincoat,Woven,Polyester,,Polyester,49.99,/241/64/218666_IC_1,218666_IC_1.jpg,medium,SKU_ATTR_CONFLICT;VIS_COLOUR_MISMATCH,THEME,,,,
219085_NV,219085,Cardigan T1 ESSENTIALS Navy,_NV,Navy,Apparel,Cardigan,Knit,Polyamide; Polyester; Viscose,,Viscose,39.99,/241/64/219085_NV_1,219085_NV_1.jpg,medium,SKU_ATTR_CONFLICT,CATEGORY_MATRIX|MATERIAL|FASHIONTYPE,,,,
219085_WT,219085,Blazer T1 ESSENTIALS White,_WT,White,Apparel,Cardigan,Knit,Polyamide; Polyester; Viscose,,Viscose,39.99,/241/64/219085_WT_1,219085_WT_1.jpg,medium,SKU_ATTR_CONFLICT,CATEGORY_MATRIX|MATERIAL|FASHIONTYPE,,,,
219907_PK,219907,Shirt C3 Pink,_PK,Pink,Apparel,Shirt,Woven,Cotton,,Cotton,19.99,/242/64/219907_1,219907_1.jpg,medium,IMG_GENERIC;SALES_MISSING;SKU_ATTR_CONFLICT;VIS_COLOUR_MISMATCH,CATEGORY_MATRIX,,,,
222655_BG,222655,Shirt CM Beige,_BG,Beige,Apparel,Shirt,Woven,Linen; Lyocell,,Lyocell,32.99,/242/64/222655_BG_1,222655_BG_1.jpg,medium,SKU_ATTR_CONFLICT,CATEGORY_MATRIX|FASHIONTYPE,,,,
222655_BL,222655,Shirt CM Blue,_BL,Blue,Apparel,Shirt,Woven,Linen; Lyocell,,Lyocell,32.99,/242/64/222655_BL_1,222655_BL_1.jpg,medium,SKU_ATTR_CONFLICT,CATEGORY_MATRIX|FASHIONTYPE,,,,
222694_BM,222694,Dress TRENDY Bright Multicolor,_BM,Bright Multicolor,Apparel,Dress,Woven,Cotton,,,39.99,/241/64/222694_BM_1,222694_BM_1.jpg,medium,SKU_ATTR_CONFLICT,MATERIAL|THEME|FASHIONTYPE,,,,
223401_BM,223401,Dress BETS Bright Multicolor,_BM,Bright Multicolor,Apparel,Dress,Woven,Cotton,,Cotton,32.99,/242/64/223401_BM_1,223401_BM_1.jpg,medium,SKU_ATTR_CONFLICT,MATERIAL,,,,
223401_WT,223401,Dress BETS White,_WT,White,Apparel,Dress,Woven,Cotton,,Cotton,32.99,/242/64/223401_WT_1,223401_WT_1.jpg,medium,SKU_ATTR_CONFLICT,MATERIAL,,,,
223456_BK,223456,Trousers cindy Black,_BK,Black,Apparel,Trousers,Woven,Lyocell,,,27.99,/242/64/223456_BK_1,223456_BK_1.jpg,medium,SKU_ATTR_CONFLICT,MATERIAL|PRICE_BASE_W_VAT,,,,
223490_BM,223490,Shirt B4 Bright Multicolor,_BM,Bright Multicolor,Apparel,Shirt,Woven,Polyamide; Rayon; Viscose,,,27.99,/242/64/223490_BM_1,223490_BM_1.jpg,medium,SKU_ATTR_CONFLICT,MATERIAL,,,,
223590_BM,223590,Shirt 33 Bright Multicolor,_BM,Bright Multicolor,Apparel,Shirt,Woven,Cotton; Elastane; Polyester; Viscose,,,32.99,/242/64/223590_BM_1,223590_BM_1.jpg,medium,SKU_ATTR_CONFLICT,COMPOSITION,,,,
224015_BK,224015,Top P1 SET Black,_BK,Black,Apparel,Top,Woven,Lyocell,,Lyocell,25.99,/242/64/224015_BK_1,224015_BK_1.jpg,medium,SKU_ATTR_CONFLICT,CATEGORY_MATRIX|FASHIONTYPE,,,,
224015_BU,224015,Top P1 SET Burgundy,_BU,Burgundy,Apparel,Top,Woven,Lyocell,,Lyocell,25.99,/242/64/224015_BU_1,224015_BU_1.jpg,medium,SKU_ATTR_CONFLICT,CATEGORY_MATRIX|FASHIONTYPE,,,,
224015_TU,224015,Top P1 SET Taupe,_TU,Taupe,Apparel,Top,Woven,Lyocell,,Lyocell,25.99,/242/64/224015_TU_1,224015_TU_1.jpg,medium,SKU_ATTR_CONFLICT,CATEGORY_MATRIX|FASHIONTYPE,,,,
217119_FU,224548,Shirt T1 ESSENTIALS Fuchsia,_FU,Fuchsia,Apparel,Shirt,Woven,Viscose,,Viscose,23.99,/242/64/217119_FU_1,217119_FU_1.jpg,medium,SKU_ATTR_CONFLICT,OUTFIT|PROG_IMAGE,,,,
224922_BK,224922,T-shirt T1 ESSENTIALS Black,_BK,Black,Apparel,T-shirt,Circular,Elastane; Polyester; Viscose,,Viscose,19.99,/242/64/224922_BK_1,224922_BK_1.jpg,medium,SKU_ATTR_CONFLICT,CLR_TYPE|PROG_IMAGE,,,,
224922_WT,224922,T-shirt T1 ESSENTIALS White,_WT,White,Apparel,T-shirt,Circular,Elastane; Polyester; Viscose,,Viscose,19.99,/241/64/218667_WT_1,218667_WT_1.jpg,medium,IMG_SHARED;SKU_ATTR_CONFLICT,CLR_TYPE|PROG_IMAGE,,,,
224974_BG,224974,Trousers LL Beige,_BG,Beige,Apparel,Trousers,Woven,Elastane; Polyester; Viscose,,,35.99,/242/64/224974_BG_1,224974_BG_1.jpg,medium,SALES_MISSING;SKU_ATTR_CONFLICT,MATERIAL,,,,
224974_GY,224974,Trousers LL Grey,_GY,Grey,Apparel,Trousers,Woven,Elastane; Polyester; Viscose,,,35.99,/242/64/224974_GY_1,224974_GY_1.jpg,medium,SALES_MISSING;SKU_ATTR_CONFLICT,MATERIAL,,,,
225622_DM,225622,Jeans 22 Dark Multicolor,_DM,Dark Multicolor,Apparel,Jeans,Woven,Cotton,,Cotton,39.99,/242/64/225622_DM_1,,medium,IMG_FILE_MISSING;SALES_MISSING;SKU_ATTR_CONFLICT,MATERIAL|THEME,,,,
226890_BK,226890,Trousers B6NOVE Black,_BK,Black,Apparel,Trousers,Woven,Elastane; Polyester,,,39.99,/242/64/226890_1,,medium,IMG_FILE_MISSING;IMG_GENERIC;IMG_SHARED;SALES_MISSING,,,,,
226890_BU,226890,Trousers B6NOVE Burgundy,_BU,Burgundy,Apparel,Trousers,Woven,Elastane; Polyester,,,39.99,/242/64/226890_1,,medium,IMG_FILE_MISSING;IMG_GENERIC;IMG_SHARED;SALES_MISSING,,,,,
227824_EC,227824,Dress TRENDY Ecru,_EC,Ecru,Apparel,Dress,Woven,Elastane; Polyester,,,39.99,/242/64/227824_1,,medium,IMG_FILE_MISSING;IMG_GENERIC;IMG_SHARED;SALES_MISSING,,,,,
227824_PK,227824,Dress TRENDY Pink,_PK,Pink,Apparel,Dress,Woven,Elastane; Polyester,,,39.99,/242/64/227824_1,,medium,IMG_FILE_MISSING;IMG_GENERIC;IMG_SHARED;SALES_MISSING,,,,,
227824_SV,227824,Dress TRENDY Silver,_SV,Silver,Apparel,Dress,Woven,Elastane; Polyester,,,39.99,/242/64/227824_1,,medium,IMG_FILE_MISSING;IMG_GENERIC;IMG_SHARED;SALES_MISSING,,,,,
228737_BU,228737,Poncho B3 NOVEMBRO Burgundy,_BU,Burgundy,Apparel,Poncho,Knit,Acrylic; Polyamide; Polyester,,Acrylic,59.99,/242/64/228737_1,,medium,IMG_FILE_MISSING;IMG_GENERIC;IMG_SHARED;SALES_MISSING,,,,,
228737_EC,228737,Poncho B3 NOVEMBRO Ecru,_EC,Ecru,Apparel,Poncho,Knit,Acrylic; Polyamide; Polyester,,Acrylic,59.99,/242/64/228737_1,,medium,IMG_FILE_MISSING;IMG_GENERIC;IMG_SHARED;SALES_MISSING,,,,,
228737_GN,228737,Poncho BETS Green,_GN,Green,Apparel,Poncho,Knit,Acrylic; Polyamide; Polyester,,Acrylic,59.99,/242/64/228737_1,,medium,IMG_FILE_MISSING;IMG_GENERIC;IMG_SHARED;SALES_MISSING,,,,,
230087_EC,230087,Dress TRENDY Ecru,_EC,Ecru,Apparel,Dress,Circular,Elastane; Elastodieno; Metallic Fiber; Polyamide; Polyester,,Polyester,69.99,/242/64/230087_1,,medium,IMG_FILE_MISSING;IMG_GENERIC;SALES_MISSING,,,,,
200819_CA,200819,Boots LEATHER COWBOY BOOT Camel,_CA,Camel,Footwear,Boots,Leather,Cow Suede Leather; Polyester; Polyurethane; Rubber,,,55.99,/232/53/200819_CA_1,200819_CA_1.jpg,medium,SKU_ATTR_CONFLICT,THEME,,,,
218168_BK,218168,Flat Sandals CAMEL FLAT SANDAL Black,_BK,Black,Footwear,Flat Sandals,Leather,Cow Leather; Polyurethane; Rubber,,,32.99,/241/53/218168_1,218168_1.jpg,medium,IMG_GENERIC,,,,,
220362_GN,220362,Trainer Shoes GREEN BEIGE TRAINER Green,_GN,Green,Footwear,Trainers,Textile,Polyester; Polyurethane; Rubber,,,35.99,/241/53/220362_2,220362_2.jpg,medium,IMG_GENERIC;IMG_NOT_PACKSHOT,,,,,
220362_PK,220362,Trainer Shoes PINK BEIGE TRAINER Pink,_PK,Pink,Footwear,Trainers,Textile,Polyester; Polyurethane; Rubber,,,35.99,/241/53/220362_1,220362_1.jpg,medium,IMG_GENERIC;IMG_NOT_PACKSHOT,,,,,
214039_KK,214039,Shoulder Bag NET1 Khaki,_KK,Khaki,Hand Bag,Shoulder Bag,Nylon,Polyester; Polyurethane,,,25.99,/232/54/209754_KK_1,209754_KK_1.jpg,medium,SKU_ATTR_CONFLICT,THEME|PROG_IMAGE,,,,
214516_BU,214516,Shoulder Bag BOOMER2 Burgundy,_BU,Burgundy,Hand Bag,Shoulder Bag,Plain PU,Polyester; Polyurethane,,,25.99,/232/54/214516_1,214516_1.jpg,medium,IMG_GENERIC;VIS_COLOUR_MISMATCH,,,,,
214813_MD,214813,Sac SILVERSURFER3 Mustard,_MD,Mustard,Hand Bag,Sac,Velvet,Polyester; Polyurethane,,,25.99,/232/54/214813_MD_1,214813_MD_1.jpg,medium,VIS_COLOUR_MISMATCH,,,,,
216931_EC,216931,Shopper Bag POPEYE1 Ecru,_EC,Ecru,Hand Bag,Shopper,Plain PU,Polyurethane,Silver,,25.99,/241/54/216931_EC_1,216931_EC_1.jpg,medium,SKU_ATTR_CONFLICT,PROG_IMAGE,,,,
216931_TU,216931,Shopper Bag POPEYE1 Taupe,_TU,Taupe,Hand Bag,Shopper,Plain PU,Polyurethane,Silver,,25.99,/241/54/216931_TU_1,216931_TU_1.jpg,medium,SKU_ATTR_CONFLICT,PROG_IMAGE,,,,
221979_BK,221979,Sac NEVERA HBPROVISION Black,_BK,Black,Hand Bag,Sac,Plain PU,Polyester; Polyurethane,,,27.99,/242/54/221979_1,221979_1.jpg,medium,IMG_GENERIC;IMG_SHARED;SALES_MISSING;IMG_NEAR_DUPLICATE;IMG_NOT_PACKSHOT,,,,,
221979_EC,221979,Sac NEVERA HBPROVISION Ecru,_EC,Ecru,Hand Bag,Sac,Plain PU,Polyester; Polyurethane,,,27.99,/242/54/221979_1,221979_1.jpg,medium,IMG_GENERIC;IMG_SHARED;SALES_MISSING;IMG_NEAR_DUPLICATE;IMG_NOT_PACKSHOT,,,,,
222698_BK,222698,Tote Bag CUPIDO1 Black,_BK,Black,Hand Bag,Tote,Printed PU,Cotton; Linen; Polyurethane,Light Golden,,23.99,/242/54/222698_BK_1,222698_BK_1.jpg,medium,IMG_SHARED,,,,,
222824_PK,222824,Tote Bag DALMATA1 Pink,_PK,Pink,Hand Bag,Tote,Plain PU,Polyester; Polyurethane,Light Golden,,27.99,/242/54/222824_2,,medium,IMG_FILE_MISSING;IMG_GENERIC,,,,,
1619050BM,161905,Earrings MELROSE,0BM,Bright Multicolor,Jewellery,Earrings,Drop,Acrylic; Iron; Stone,Golden,,7.99,/182/52/161905_1,161905_1.jpg,medium,IMG_GENERIC;CLR_NOT_IN_DESC;SALES_MISSING;IMG_NOT_PACKSHOT,,,,,
169622_PK,169622,Earring WHITE FIELDS,_PK,Pink,Jewellery,Earrings,Stud,Enamel; Zinc,Worn Silver,,7.99,/192/52/169622_1,169622_1.jpg,medium,IMG_GENERIC;CLR_NOT_IN_DESC;SALES_MISSING;VIS_COLOUR_MISMATCH;VIS_TARGET_NOT_FOUND;IMG_NOT_PACKSHOT,,,,,
205683_RY,205683,Earring SUNSET JUNCTION Raspberry,_RY,Raspberry,Jewellery,Earrings,Stud,Enamel; Zinc,Golden,,5.99,/241/52/205683_RY_1,205683_RY_1.jpg,medium,VIS_COLOUR_MISMATCH,,,,,
209011_GD,209011,Set of Bracelets GOLDEN BASICS Gold,_GD,Gold,Jewellery,Bracelets,Elastic Bracelet,Iron; Shell; Thermoplastic Polyurethane,Brushed Golden,,8.99,/232/52/209011_1,209011_1.jpg,medium,IMG_GENERIC;SALES_MISSING;IMG_NOT_PACKSHOT,,,,,
210216_GD,210216,Bracelet GOLDEN BASICS Gold,_GD,Gold,Jewellery,Bracelets,Cuff,Cork,Golden,,9.99,/231/52/210216_1,210216_1.jpg,medium,IMG_GENERIC;VIS_TARGET_NOT_FOUND;IMG_NOT_PACKSHOT,,,,,
211725_GN,211725,Earring FLORABUNDANCE Green,_GN,Green,Jewellery,Earrings,Stud,Resin; Zinc,Worn Gold,,5.99,/232/52/211725_GN_1,211725_GN_1.jpg,medium,VIS_COLOUR_MISMATCH,,,,,
211958_ID,211958,Earring BHLOTUS Indigo Dye,_ID,Indigo Dye,Jewellery,Earrings,Stud,Iron; Resin; Zinc,Golden,,5.99,/232/52/211958_ID_1,211958_ID_1.jpg,medium,VIS_COLOUR_MISMATCH,,,,,
211980_GN,211980,Necklace BHLOTUS Green,_GN,Green,Jewellery,Necklaces,Pendant,Acrylic; Brass; Thermoplastic Polyurethane; Zinc,Matt Brushed Gold,,10.99,/232/52/211980_GN_1,211980_GN_1.jpg,medium,VIS_COLOUR_MISMATCH,,,,,
212265_GN,212265,Ring GUARANI VIBES Green,_GN,Green,Jewellery,Rings,Fantasy,Acrylic; Zinc,Golden,,6.99,/232/52/212265_GN_1,212265_GN_1.jpg,medium,VIS_COLOUR_MISMATCH,,,,,
212491_HM,212491,Necklace ORPHIC Halftone Multicolor,_HM,Halftone Multicolor,Jewellery,Necklaces,Other Necklaces,Acrylic; Glass; Iron; Resin,Golden,,19.99,/232/52/212491_1,212491_HM_1.jpg,medium,IMG_PATH_REPAIRED,,,,,
212521_LB,212521,Ring EXPEDITION Light Blue,_LB,Light Blue,Jewellery,Rings,Fantasy,Stone; Zinc,Golden,,4.99,/232/52/212521_LB_1,212521_LB_1.jpg,medium,VIS_COLOUR_MISMATCH,,,,,
212534_HM,212534,Earring EXPEDITION Halftone Multicolor,_HM,Halftone Multicolor,Jewellery,Earrings,Dangle,Acrylic; Iron; Zinc,Worn Gold,,8.99,/232/52/212534_1,212534_HM_1.jpg,medium,IMG_PATH_REPAIRED,,,,,
212830_GD,212830,Earring GLDN DEL Gold,_GD,Gold,Jewellery,Earrings,Stud,Acrylic; Zinc,Golden,,4.99,/232/52/212830_1,212830_GD_1.jpg,medium,IMG_PATH_REPAIRED,,,,,
212940_HM,212940,Earring mulstone Halftone Multicolor,_HM,Halftone Multicolor,Jewellery,Earrings,Hoop Earrings,Glass; Iron; Stone; Thermoplastic Polyurethane,Golden,,5.99,/232/52/212940_1,212940_HM_1.jpg,medium,IMG_PATH_REPAIRED,,,,,
212968_BK,212968,Set of Earrings ECLIPSE Black,_BK,Black,Jewellery,Earrings,Hoop Earrings,Brass; Zinc; Zirconium,Golden,,7.99,/232/52/212968_1,212968_BK_1.jpg,medium,IMG_PATH_REPAIRED,,,,,
212984_HM,212984,Necklace mulstone Halftone Multicolor,_HM,Halftone Multicolor,Jewellery,Necklaces,Beaded Necklace,Acrylic; Glass; Iron; Pearl; Resin; Stone; Zinc,Golden,,15.99,/232/52/212984_1,212984_HM_1.jpg,medium,IMG_PATH_REPAIRED,,,,,
213316_GD,213316,Earring GOLDEN BASICS Gold,_GD,Gold,Jewellery,Earrings,Hoop Earrings,Zinc,Golden,,5.99,/232/52/213316_1,213316_1.jpg,medium,IMG_GENERIC,,,,,
213334_GD,213334,Ring GLDN DEL Gold,_GD,Gold,Jewellery,Rings,Band Ring,Zinc,Golden,,5.99,/232/52/213334_1,213334_1.jpg,medium,IMG_GENERIC;SALES_MISSING,,,,,
213347_GD,213347,Bracelet GOLDEN BASICS Gold,_GD,Gold,Jewellery,Bracelets,Elastic Bracelet,Iron,Golden,,8.99,/232/52/213347_1,213347_1.jpg,medium,IMG_GENERIC,,,,,
213952_BM,213952,Earring GUARANI VIBES Bright Multicolor,_BM,Bright Multicolor,Jewellery,Earrings,Drop,Brass; Thermoplastic Polyurethane; Zinc,Golden,,5.99,/232/52/213952_1,213952_BM_1.jpg,medium,IMG_PATH_REPAIRED;SALES_MISSING,,,,,
2141221BK,214122,Necklace NEOPOP Black,1BK,Black,Jewellery,Necklaces,Choker,Brass; Glass; Polyester,Black Nikel,,12.99,/242/52/2141221BK_1,2141221BK_1.jpg,medium,IMG_SHARED,,,,,
214122_BK,214122,Necklace GUMMY PARTY Black,_BK,Black,Jewellery,Necklaces,Choker,Brass; Glass; Polyester,Golden,,12.99,/232/52/214122_BK_1,214122_BK_1.jpg,medium,IMG_SHARED,,,,,
216667_BU,216667,Earring Gipsy Garden Burgundy,_BU,Burgundy,Jewellery,Earrings,Stud,Enamel; Iron; Resin,Worn Gold,Other,7.99,/241/52/216667_BU_1,216667_BU_1.jpg,medium,VIS_COLOUR_MISMATCH,,,,,
216721_WI,216721,Earring Gipsy Garden Wine,_WI,Wine,Jewellery,Earrings,Dangle,Enamel; Iron; Resin,Worn Gold,,7.99,/241/52/216721_WI_1,216721_WI_1.jpg,medium,VIS_COLOUR_MISMATCH,,,,,
217306_VT,217306,Earring SPARKLING EARRINGS Violet,_VT,Violet,Jewellery,Earrings,Drop,Brass; Stone,Worn Gold,,12.99,/241/52/217306_VT_1,217306_VT_1.jpg,medium,VIS_COLOUR_MISMATCH,,,,,
221118_GD,221118,Bracelet GLDN DEL Gold,_GD,Gold,Jewellery,Bracelets,Non-Adjustable Bracelet,Acrylic; Iron; Pearl; Zinc,Golden,,6.99,/242/52/221118_GD_1,221118_GD_1.jpg,medium,IMG_NEAR_DUPLICATE,,,,,
221118_SV,221118,Bracelet SILVER D Silver,_SV,Silver,Jewellery,Bracelets,Non-Adjustable Bracelet,Acrylic; Iron; Pearl; Zinc,Golden,,6.99,/242/52/221118_SV_1,221118_SV_1.jpg,medium,IMG_NEAR_DUPLICATE,,,,,
223021_TG,223021,Earring SPIRIT Pastel Green,_TG,Pastel Green,Jewellery,Earrings,Stud,Acrylic; Cork; Zinc,Matte Golden,,4.99,/242/52/223021_TG_1,223021_TG_1.jpg,medium,VIS_COLOUR_MISMATCH,,,,,
223721_BK,223721,Pin FASHION SUPPLEMENTS Black,_BK,Black,Jewellery,Pins,Lady Pin,Cork,Other,,6.99,/242/52/223721_1,223721_1.jpg,medium,IMG_GENERIC;SALES_MISSING;IMG_NOT_PACKSHOT,,,,,
224410_MV,224410,Earring MONETT Mauve,_MV,Mauve,Jewellery,Earrings,Stud,Cork,Golden,,7.99,/242/52/224410_1,224410_1.jpg,medium,IMG_GENERIC;SALES_MISSING;VIS_TARGET_NOT_FOUND;IMG_NOT_PACKSHOT,,,,,
224740_BK,224740,Earring NOMADA,_BK,Black,Jewellery,Earrings,Clip Earrings,Steel; Thermoplastic Polyurethane; Zinc,Golden,,5.99,/242/52/224740_BK_1,224740_BK_1.jpg,medium,CLR_NOT_IN_DESC;SALES_MISSING,,,,,
224740_FG,224740,Earring NOMADA,_FG,Forest Green,Jewellery,Earrings,Clip Earrings,Steel; Thermoplastic Polyurethane; Zinc,Golden,,5.99,/242/52/224740_1,224740_1.jpg,medium,IMG_GENERIC;CLR_NOT_IN_DESC;SALES_MISSING;VIS_TYPE_DOUBT;VIS_TARGET_NOT_FOUND;IMG_NOT_PACKSHOT,,,,,
224752_TB,224752,Earring NOMADA Pastel Blue,_TB,Pastel Blue,Jewellery,Earrings,Hoop Earrings,Acrylic,Golden,,5.99,/242/52/224752_TB_2y,224752_TB_2y.jpg,medium,VIS_COLOUR_MISMATCH;VIS_TARGET_NOT_FOUND;IMG_NOT_PACKSHOT,,,,,
225267_PE,225267,Earring NEW CLASSIC Pearl,_PE,Pearl,Jewellery,Earrings,Hoop Earrings,Acrylic; Cork; Iron,Golden,,5.99,/242/52/225267_1.,,medium,IMG_FILE_MISSING;IMG_GENERIC;SALES_MISSING,,,,,
211825_SK,211825,Wallet MARIGOLD 1 Skin,_SK,Skin,Wallet,Wallet,Printed Fake Nylon,Polyester; Polyurethane,,,15.99,/232/62/211825_SK_1,211825_SK_1.jpg,medium,SKU_ATTR_CONFLICT,CATEGORY_MATRIX|PROD_SEG,,,,
216550_BL,216550,Phone Holder ROY Blue,_BL,Blue,Wallet,Phone Holder,Color Block,Polyester; Polyurethane; Thermoplastic Polyurethane,Silver,,17.99,/241/62/216550_BL_1,216550_BL_1.jpg,medium,VIS_COLOUR_MISMATCH,,,,,
217407_AQ,217407,Wallet FLEUR Aquamarine,_AQ,Aquamarine,Wallet,Wallet,Fantasy PU,Polyester; Polyurethane,,,15.99,/241/62/217407_AQ_1,217407_AQ_1.jpg,medium,VIS_COLOUR_MISMATCH,,,,,
216766_BG,221706,Jewellery Case MARTINA Beige,_BG,Beige,Wallet,Others,Jewellery Case,Polyester; Polyurethane,,,15.99,/241/62/216766_BG_1,216766_BG_1.jpg,medium,SKU_ATTR_CONFLICT;IMG_NOT_PACKSHOT,CLR_COD|CLR_DES|PRINT_TYPE|NUMBER_OF_UNITS|THEME|PRICE_BASE_W_VAT|PROG_IMAGE,,,,
224746_LB,224746,Wallet SHILLOH Light Blue,_LB,Light Blue,Wallet,Wallet,Peach PU,Polyester; Polyurethane; Thermoplastic Polyurethane,,,15.99,/242/62/224746_LB_1,224746_LB_1.jpg,medium,VIS_COLOUR_MISMATCH,,,,,
225838_LB,225838,Wallet GLORIA Light Blue,_LB,Light Blue,Wallet,Wallet,Plain PU,Polyester; Polyurethane; Thermoplastic Polyurethane,,,15.99,/242/62/225838_1,,medium,IMG_FILE_MISSING;IMG_GENERIC;SALES_MISSING,,,,,
227517_PK,227517,Card Holder DOLLY Pink,_PK,Pink,Wallet,Card Holder,Peach PU,Polyester; Polyurethane,,,7.99,/242/62/227517_1,,medium,IMG_FILE_MISSING;IMG_GENERIC,,,,,
217834_BN,217834,Jumpsuit SALVADOR 3 Brown,_BN,Brown,Apparel,Jumpsuit,Woven,Lyocell,,,39.99,/241/64/217834_BN_1,217834_BN_1.jpg,low,VIS_TYPE_DOUBT,,,,,
220708_BK,220708,Jumpsuit tigr Black,_BK,Black,Apparel,Jumpsuit,Woven,Elastane; Polyester,,,27.99,/241/64/220708_BK_1,220708_BK_1.jpg,low,VIS_TYPE_DOUBT,,,,,
224002_NM,224002,Top BRIDAL CAPSULE Neutral Multicolor,_NM,Neutral Multicolor,Apparel,Top,Woven,Cotton,,Cotton,79.99,/242/64/224002_NM_1,224002_NM_1.jpg,low,VIS_TYPE_DOUBT,,,,,
224199_IG,224199,T-shirt BETS Indigo,_IG,Indigo,Apparel,T-shirt,Circular,Elastane; Polyamide; Viscose,,Viscose,23.99,/242/64/224199_IG_1,224199_IG_1.jpg,low,IMG_NOT_PACKSHOT,,,,,
226813_NM,226813,Dress BRIDAL CAPSULE Neutral Multicolor,_NM,Neutral Multicolor,Apparel,Dress,Knit,Cotton,,Cotton,220.0,/242/64/226813_NM_1,,low,IMG_FILE_MISSING;SALES_ZERO_QTY,,,,,
213599_BK,213599,Shopper Bag ROCK3 Black,_BK,Black,Hand Bag,Shopper,Fantasy PU,Crystal Glass; Iron; Polyester; Polyurethane,,,32.99,/232/54/213599_BK_1y,213599_BK_1y.jpg,low,IMG_NOT_PACKSHOT,,,,,
213876_BK,213876,Crossbody Bag ANIME3 Black,_BK,Black,Hand Bag,Cross,Peach PU,Polyester; Polyurethane,,,25.99,/232/54/213876_BK_2y,213876_BK_2y.jpg,low,IMG_NOT_PACKSHOT,,,,,
213876_TU,213876,Crossbody Bag ANIME3 Taupe,_TU,Taupe,Hand Bag,Cross,Peach PU,Polyester; Polyurethane,,,25.99,/232/54/213876_TU_2y,213876_TU_2y.jpg,low,IMG_NOT_PACKSHOT,,,,,
214093_BK,214093,Crossbody Bag ROCK3 Black,_BK,Black,Hand Bag,Cross,Fantasy PU,Crystal Glass; Iron; Polyester; Polyurethane,,,23.99,/232/54/214093_BK_1y,214093_BK_1y.jpg,low,IMG_NOT_PACKSHOT,,,,,
214093_RD,214093,Crossbody Bag ROCK3 Red,_RD,Red,Hand Bag,Cross,Fantasy PU,Crystal Glass; Iron; Polyester; Polyurethane,,,23.99,/232/54/214093_RD_2y,214093_RD_2y.jpg,low,IMG_NOT_PACKSHOT,,,,,
222252NC,222252,Bucket Bag KOLKATA1 Natural Color,NC,Natural Color,Hand Bag,Bucket,Jute,Cotton; Jute; glass bead,,,19.99,/242/54/222252NC_1,222252NC_1.jpg,low,VIS_TARGET_NOT_FOUND;IMG_NOT_PACKSHOT,,,,,
222375_SV,222375,Shopper Bag SUEDE BALLS Silver,_SV,Silver,Hand Bag,Shopper,Leather,Cow Leather,Silver,,69.99,/241/54/222375_SV_1,222375_SV_1.jpg,low,IMG_NOT_PACKSHOT,,,,,
224692_BN,224692,Crossbody Bag PANTERA2 Brown,_BN,Brown,Hand Bag,Cross,Real Fur,Cow Leather; Polyester; Polyurethane,,,32.99,/242/54/224692_BN_2y,224692_BN_2y.jpg,low,IMG_NOT_PACKSHOT,,,,,
197822_SV,197822,Set of Earrings SILVER D Silver,_SV,Silver,Jewellery,Earrings,Hoop Earrings,Brass,Golden,,5.99,/222/52/197822_SV_1,197822_SV_1.jpg,low,VIS_TYPE_DOUBT,,,,,
205239_SV,205239,Necklace SILVER D Silver,_SV,Silver,Jewellery,Necklaces,Beaded Necklace,Brass; Zirconium,Silver,,12.99,/231/52/205239_SV_2y,205239_SV_2y.jpg,low,IMG_NOT_PACKSHOT,,,,,
209016_GD,209016,Set of Rings GOLDEN BASICS Gold,_GD,Gold,Jewellery,Rings,Band Ring,Zinc,Golden,,6.99,/232/52/209016_GD_1,209016_GD_1.jpg,low,VIS_TYPE_DOUBT,,,,,
211094_SV,211094,Earring KISS54 Silver,_SV,Silver,Jewellery,Earrings,Ear Cuff,Brass; Zirconium,Silver,,5.99,/232/52/211094_SV_1,211094_SV_1.jpg,low,VIS_TYPE_DOUBT,,,,,
211163_HM,211163,Set of Earrings KISS54 Halftone Multicolor,_HM,Halftone Multicolor,Jewellery,Earrings,Hoop Earrings,Brass; Enamel,Golden,,9.99,/232/52/211163_HM_1,211163_HM_1.jpg,low,VIS_TYPE_DOUBT,,,,,
211175_HM,211175,Earring KISS54 Halftone Multicolor,_HM,Halftone Multicolor,Jewellery,Earrings,Ear Cuff,Brass; Enamel,Golden,,4.99,/232/52/211175_HM_1,211175_HM_1.jpg,low,VIS_TYPE_DOUBT,,,,,
211891_CL,211891,Earring TREND Coral,_CL,Coral,Jewellery,Earrings,Dangle,Glass; Iron,Other,,12.99,/232/52/211891_CL_1y,211891_CL_1y.jpg,low,VIS_TYPE_DOUBT;IMG_NOT_PACKSHOT,,,,,
212254_BM,212254,Necklace GUARANI VIBES Bright Multicolor,_BM,Bright Multicolor,Jewellery,Necklaces,Beaded Necklace,Iron; Resin; Thermoplastic Polyurethane,Brushed Golden,,10.99,/232/52/212254_BM_2y,212254_BM_2y.jpg,low,VIS_TYPE_DOUBT,,,,,
212399_GD,212399,Earring GOLD PLATED COLLECTION Gold,_GD,Gold,Jewellery,Earrings,Dangle,Brass,Gold Plated,,29.99,/232/52/212399_GD_1y,212399_GD_1y.jpg,low,IMG_NOT_PACKSHOT,,,,,
213827_HM,213827,Bracelet ULTRAVIO Halftone Multicolor,_HM,Halftone Multicolor,Jewellery,Bracelets,Cuff,Iron; Resin,Worn Gold,,9.99,/232/52/213827_HM_1,213827_HM_1.jpg,low,VIS_TYPE_DOUBT,,,,,
213994_HM,213994,Set of Earrings KISS MIX&MATCH Halftone Multicolor,_HM,Halftone Multicolor,Jewellery,Earrings,Hoop Earrings,Brass; Enamel; Glass; Zinc; Zirconium,Golden,,7.99,/232/52/213994_HM_1,213994_HM_1.jpg,low,VIS_TYPE_DOUBT,,,,,
214005_NV,214005,Earring KISS MIX&MATCH Navy,_NV,Navy,Jewellery,Earrings,Ear Cuff,Enamel; Zinc,Golden,,4.99,/232/52/214005_NV_1,214005_NV_1.jpg,low,VIS_TYPE_DOUBT,,,,,
215272_BL,215272,Ring CANICHE CAMPAIGN Blue,_BL,Blue,Jewellery,Rings,Fantasy,Zinc,Golden,,12.99,/232/52/215272_BL_1,215272_BL_1.jpg,low,VIS_TYPE_DOUBT,,,,,
215272_FU,215272,Ring CANICHE CAMPAIGN Fuchsia,_FU,Fuchsia,Jewellery,Rings,Fantasy,Zinc,Golden,,12.99,/232/52/215272_FU_1,215272_FU_1.jpg,low,VIS_TYPE_DOUBT,,,,,
215272_GD,215272,Ring CANICHE CAMPAIGN Gold,_GD,Gold,Jewellery,Rings,Fantasy,Zinc,Golden,,12.99,/232/52/215272_GD_1,215272_GD_1.jpg,low,VIS_TYPE_DOUBT,,,,,
215272_GN,215272,Ring CANICHE CAMPAIGN Green,_GN,Green,Jewellery,Rings,Fantasy,Zinc,Golden,,12.99,/232/52/215272_GN_1,215272_GN_1.jpg,low,VIS_TYPE_DOUBT,,,,,
215501_SV,215501,Ring SILVER D Silver,_SV,Silver,Jewellery,Rings,Band Ring,Zinc,Rodhium,,4.99,/241/52/215501_SV_2y,215501_SV_2y.jpg,low,VIS_TYPE_DOUBT;IMG_NOT_PACKSHOT,,,,,
215584_GD,215584,Ring GLDN DEL Gold,_GD,Gold,Jewellery,Rings,Cocktail,Acrylic; Zamac,Golden,,4.99,/241/52/215584_GD_1,215584_GD_1.jpg,low,VIS_TYPE_DOUBT,,,,,
215895_IV,215895,Earring Golden Basics Extra Ivory,_IV,Ivory,Jewellery,Earrings,Drop,Thermoplastic Polyurethane; Zinc,Golden,,7.99,/241/52/215895_IV_2y,215895_IV_2y.jpg,low,IMG_NOT_PACKSHOT,,,,,
215907_IV,215907,Earring PERMANENT - SUSPENDED FR Ivory,_IV,Ivory,Jewellery,Earrings,Dangle,Enamel; Iron,,,5.99,/241/52/215907_IV_1y,215907_IV_1y.jpg,low,VIS_TYPE_DOUBT;IMG_NOT_PACKSHOT,,,,,
215915_IV,215915,Ring Golden Basics Extra Ivory,_IV,Ivory,Jewellery,Rings,Cocktail,Enamel; Zinc,Golden,,5.99,/241/52/215915_IV_1,215915_IV_1.jpg,low,VIS_TYPE_DOUBT,,,,,
215960_GD,215960,Earring Golden Basics Gold,_GD,Gold,Jewellery,Earrings,Stud,Steel; Zinc,Golden,,7.99,/232/52/215960_GD_2y,215960_GD_2y.jpg,low,IMG_NOT_PACKSHOT,,,,,
216215_GD,216215,Bracelet Golden Basics Gold,_GD,Gold,Jewellery,Bracelets,Cuff,Zinc,Golden,,8.99,/241/52/216215_GD_2y,216215_GD_2y.jpg,low,IMG_NOT_PACKSHOT,,,,,
216221_GD,216221,Earring Golden Basics Gold,_GD,Gold,Jewellery,Earrings,Dangle,Iron,Brushed Golden,,8.99,/241/52/216221_GD_2y,216221_GD_2y.jpg,low,IMG_NOT_PACKSHOT,,,,,
216902_HM,216902,Earring VENDREDI Halftone Multicolor,_HM,Halftone Multicolor,Jewellery,Earrings,Stud,Acrylic; Iron; Thermoplastic Polyurethane,Brushed Golden,,5.99,/241/52/216902_HM_1y,216902_HM_1y.jpg,low,IMG_NOT_PACKSHOT,,,,,
216923_HM,216923,Set of Necklaces VENDREDI Halftone Multicolor,_HM,Halftone Multicolor,Jewellery,Necklaces,Beaded Necklace,Acrylic; Brass; Iron; Pearl; Stone; Thermoplastic Polyurethane,Brushed Golden,,12.99,/241/52/216923_HM_2y,216923_HM_2y.jpg,low,IMG_NOT_PACKSHOT,,,,,
217148_HM,217148,Bracelet mulstone Halftone Multicolor,_HM,Halftone Multicolor,Jewellery,Bracelets,Elastic Bracelet,Acrylic; Stone; Thermoplastic Polyurethane; Zinc,Brushed Golden,,9.99,/232/52/217148_HM_2y,217148_HM_2y.jpg,low,IMG_NOT_PACKSHOT,,,,,
217160_HM,217160,Bracelet mulstone Halftone Multicolor,_HM,Halftone Multicolor,Jewellery,Bracelets,Elastic Bracelet,Acrylic; Zinc,Golden,,6.99,/232/52/217160_HM_2y,217160_HM_2y.jpg,low,IMG_NOT_PACKSHOT,,,,,
217204_RD,217204,Ring CUPID Red,_RD,Red,Jewellery,Rings,Fantasy,Enamel; Zinc,Other,,5.99,/241/52/217204_RD_1,217204_RD_1.jpg,low,VIS_TYPE_DOUBT,,,,,
217521_SV,217521,Set of Earrings PERMANENT - SUSPENDED FR Silver,_SV,Silver,Jewellery,Earrings,Hoop Earrings,Glass; Zinc,,,8.99,/241/52/217521_SV_2y,217521_SV_2y.jpg,low,VIS_TYPE_DOUBT;IMG_NOT_PACKSHOT,,,,,
218259_DN,218259,Mobile Holder FASHION SUPPLEMENTS Dark Green,_DN,Dark Green,Jewellery,Mobile Accessories,Mobile Holder,Iron; Polyester,Other,,8.99,/241/52/218259_DN_1,218259_DN_1.jpg,low,VIS_TYPE_DOUBT,,,,,
218618_BM,218618,Earring SUNSET JUNCTION Bright Multicolor,_BM,Bright Multicolor,Jewellery,Earrings,Dangle,Resin; Stone; Zinc,Brushed Golden,,7.99,/241/52/218618_BM_1,218618_BM_1.jpg,low,VIS_TARGET_NOT_FOUND;IMG_NOT_PACKSHOT,,,,,
218910_BL,218910,Ring NILE Blue,_BL,Blue,Jewellery,Rings,Fantasy,Acrylic; Zinc,Worn Gold,,5.99,/241/52/218910_BL_1,218910_BL_1.jpg,low,VIS_TYPE_DOUBT,,,,,
219163_SV,219163,Bracelet Classy Field Silver,_SV,Silver,Jewellery,Bracelets,Cuff,Zinc,Worn Rhodium,,7.99,/241/52/219163_SV_1,219163_SV_1.jpg,low,VIS_TYPE_DOUBT,,,,,
219242_BM,219242,Earring KISSSJAM Bright Multicolor,_BM,Bright Multicolor,Jewellery,Earrings,Ear Cuff,Copper; Zirconium,Golden,,5.99,/241/52/219242_BM_1,219242_BM_1.jpg,low,VIS_TYPE_DOUBT,,,,,
219325_SV,219325,Bracelet MADEIRA Silver,_SV,Silver,Jewellery,Bracelets,Non-Adjustable Bracelet,Acrylic; Zinc,Silver,,19.99,/241/52/219325_SV_1,219325_SV_1.jpg,low,VIS_TYPE_DOUBT,,,,,
219326_RD,219326,Ring MADEIRA Red,_RD,Red,Jewellery,Rings,Fantasy,Acrylic; Zinc,Silver,,12.99,/241/52/219326_RD_1,219326_RD_1.jpg,low,VIS_TYPE_DOUBT,,,,,
219741_BM,219741,Mobile Holder FASHION SUPPLEMENTS Bright Multicolor,_BM,Bright Multicolor,Jewellery,Mobile Accessories,Mobile Holder,Polyester; Rubber; Thermoplastic Polyurethane; Zinc,Other,,8.99,/241/52/219741_BM_1,219741_BM_1.jpg,low,VIS_TYPE_DOUBT,,,,,
219997_BM,219997,Mobile Holder FASHION SUPPLEMENTS Bright Multicolor,_BM,Bright Multicolor,Jewellery,Mobile Accessories,Mobile Holder,Iron; Polyester,Other,,8.99,/241/52/219997_BM_1,219997_BM_1.jpg,low,VIS_TYPE_DOUBT,,,,,
220316_BM,220316,Bracelet DOMINICA Bright Multicolor,_BM,Bright Multicolor,Jewellery,Bracelets,Elastic Bracelet,Resin; Zinc,,,9.99,/241/52/220316_BM_2y,220316_BM_2y.jpg,low,VIS_TARGET_NOT_FOUND;IMG_NOT_PACKSHOT,,,,,
220742_HM,220742,Set of Necklaces FORMENTERA Halftone Multicolor,_HM,Halftone Multicolor,Jewellery,Necklaces,Pendant,Glass; Iron; Thermoplastic Polyurethane; Zinc,,,10.99,/241/52/220742_HM_2y,220742_HM_2y.jpg,low,IMG_NOT_PACKSHOT,,,,,
220781_HM,220781,Bracelet FORMENTERA Halftone Multicolor,_HM,Halftone Multicolor,Jewellery,Bracelets,Non-Adjustable Bracelet,Ceramic; Iron; Thermoplastic Polyurethane; Wood; Zinc,,,9.99,/241/52/220781_HM_2y,220781_HM_2y.jpg,low,IMG_NOT_PACKSHOT,,,,,
221102_GD,221102,Earring GLDN DEL Gold,_GD,Gold,Jewellery,Earrings,Hoop Earrings,Brass; Iron,Golden,,7.99,/242/52/221102_GD_2y,221102_GD_2y.jpg,low,VIS_TYPE_DOUBT;IMG_NOT_PACKSHOT,,,,,
221108_GD,221108,Ring GLDN DEL Gold,_GD,Gold,Jewellery,Rings,Cocktail,Brass; Zirconium,Golden,,6.99,/242/52/221108_GD_1,221108_GD_1.jpg,low,VIS_TYPE_DOUBT,,,,,
221108_SV,221108,Ring SILVER D Silver,_SV,Silver,Jewellery,Rings,Cocktail,Brass; Zirconium,Golden,,6.99,/242/52/221108_SV_1,221108_SV_1.jpg,low,VIS_TYPE_DOUBT,,,,,
222046_AQ,222046,Earring WATERMELON PARTY Aquamarine,_AQ,Aquamarine,Jewellery,Earrings,Hoop Earrings,Iron; Resin,Golden,,5.99,/242/52/222046_AQ_2y,222046_AQ_2y.jpg,low,IMG_NOT_PACKSHOT,,,,,
223317_WT,223317,Earring TREND White,_WT,White,Jewellery,Earrings,Dangle,Cork; Glass; Metal Fitting; Raffia,Other,,12.99,/242/52/223317_WT_2y,223317_WT_2y.jpg,low,IMG_NOT_PACKSHOT,,,,,
223418_WT,223418,Earring TREND White,_WT,White,Jewellery,Earrings,Dangle,Cork; Iron; Raffia,,,9.99,/242/52/223418_WT_2y,223418_WT_2y.jpg,low,IMG_NOT_PACKSHOT,,,,,
223887_SV,223887,Ring SILVER BASICS Silver,_SV,Silver,Jewellery,Rings,Band Ring,Zinc,Rodhium,,6.99,/242/52/223887_SV_1,223887_SV_1.jpg,low,VIS_TYPE_DOUBT,,,,,
213420_LL,213420,Pencil Case Lara Stationery Lilac,_LL,Lilac,Wallet,Pencil Case,Plain PU,Polyester; Polyurethane,,,9.99,/232/62/213420_LL_2y,213420_LL_2y.jpg,low,IMG_NOT_PACKSHOT,,,,,
213430_LL,213430,Notebook Lara Stationery Lilac,_LL,Lilac,Wallet,Others,Notebook,Acrylonitrile Butadiene Styrene; Ethylene vinyl acetate; Polyester; Rubber; Wood,,,15.99,/232/62/213430_LL_1,213430_LL_1.jpg,low,IMG_NOT_PACKSHOT,,,,,
213722_LM,213722,Card Holder Mia Lime,_LM,Lime,Wallet,Card Holder,Plain PU,Polyester; Polyurethane,,,7.99,/232/62/213722_LM_1,213722_LM_1.jpg,low,IMG_NOT_PACKSHOT,,,,,
214231_BL,214231,Coin Purse BOOMER3 Blue,_BL,Blue,Wallet,Coin Purse,Fake Fur,Polyester; Polyurethane,,,12.99,/232/62/214231_BL_1,214231_BL_1.jpg,low,VIS_TYPE_DOUBT,,,,,
214255_KK,214255,Card Holder EARLYBIRD Khaki,_KK,Khaki,Wallet,Card Holder,Printed PU,Polyester; Polyurethane,Silver,,9.99,/241/62/214255_KK_2y,214255_KK_2y.jpg,low,IMG_NOT_PACKSHOT,,,,,
214312_DM,214312,Coin Purse doja Dark Multicolor,_DM,Dark Multicolor,Wallet,Coin Purse,Printed Nylon,Polyamide; Polyester; Polyurethane,,,9.99,/241/62/214312_DM_2y,214312_DM_2y.jpg,low,VIS_TARGET_NOT_FOUND;IMG_NOT_PACKSHOT,,,,,
214786_BL,214786,Coin Purse Basic maude Blue,_BL,Blue,Wallet,Coin Purse,Plain PU,Polyester; Polyurethane,,,7.99,/232/62/214786_BL_2y,214786_BL_2y.jpg,low,IMG_NOT_PACKSHOT,,,,,
215247_GN,215247,Wallet SIDNEY Green,_GN,Green,Wallet,Wallet,Plain PU,Polyester; Polyurethane; Thermoplastic Polyurethane,,,12.99,/241/62/215247_GN_2y,215247_GN_2y.jpg,low,IMG_NOT_PACKSHOT,,,,,
214606_BM,214606,Shirt Hot Bright Multicolor,_BM,Bright Multicolor,Apparel,Shirt,Woven,Viscose,,,32.99,/241/64/214606_BM_1,,info,IMG_FILE_MISSING,,,,,
214660_BM,214660,Shirt MI Bright Multicolor,_BM,Bright Multicolor,Apparel,Shirt,Woven,Lyocell; Viscose,,,35.99,/232/64/214660_BM_1,,info,IMG_FILE_MISSING,,,,,
224420_BK,224420,Shirt TRENDY Black,_BK,Black,Apparel,Shirt,Woven,Cotton,,,29.99,/242/64/224420_BK_1,,info,IMG_FILE_MISSING,,,,,
225134_BK,225134,Raincoat BETS Black,_BK,Black,Apparel,Raincoat,Woven,Cotton; Polyamide; Polyester,,Cotton,59.99,/242/64/225134_BK_1,,info,IMG_FILE_MISSING,,,,,
225137_BK,225137,Top CC Black,_BK,Black,Apparel,Top,Woven,Lyocell; Viscose,,Lyocell,19.99,/242/64/225137_BK_1,,info,IMG_FILE_MISSING,,,,,
225137_WT,225137,Top CC White,_WT,White,Apparel,Top,Woven,Lyocell; Viscose,,Lyocell,19.99,/242/64/225137_WT_1,,info,IMG_FILE_MISSING,,,,,
225188_PK,225188,Skirt C4 SET Pink,_PK,Pink,Apparel,Skirt,Woven,Polyester; Sheep leather,,Leather,59.99,/242/64/225188_PK_1,,info,IMG_FILE_MISSING,,,,,
225212_BM,225212,Cardigan C2 Bright Multicolor,_BM,Bright Multicolor,Apparel,Cardigan,Knit,Acrylic; Polyamide; Wool,,,35.99,/242/64/225212_BM_1,,info,IMG_FILE_MISSING,,,,,
225240_BK,225240,Shirt UB Black,_BK,Black,Apparel,Shirt,Woven,Cotton,,,29.99,/242/64/225240_BK_1,,info,IMG_FILE_MISSING,,,,,
225240_BU,225240,Shirt UB Burgundy,_BU,Burgundy,Apparel,Shirt,Woven,Cotton,,,29.99,/242/64/225240_BU_1,,info,IMG_FILE_MISSING,,,,,
225519_BG,225519,Raincoat NO Beige,_BG,Beige,Apparel,Raincoat,Woven,Polyamide,,,39.99,/242/64/225519_BG_1,,info,IMG_FILE_MISSING,,,,,
225622_BM,225622,Jeans C2 Bright Multicolor,_BM,Bright Multicolor,Apparel,Jeans,Woven,Cotton,,,39.99,/242/64/225622_BM_1,,info,IMG_FILE_MISSING,,,,,
225623_BK,225623,Shirt OO Black,_BK,Black,Apparel,Shirt,Woven,Cotton,,,29.99,/242/64/225623_BK_1,,info,IMG_FILE_MISSING,,,,,
225623_BM,225623,Shirt OO Bright Multicolor,_BM,Bright Multicolor,Apparel,Shirt,Woven,Cotton,,,29.99,/242/64/225623_BM_1,,info,IMG_FILE_MISSING,,,,,
225623_PK,225623,Shirt C4 SET Pink,_PK,Pink,Apparel,Shirt,Woven,Cotton,,,29.99,/242/64/225623_PK_1,,info,IMG_FILE_MISSING,,,,,
225699_BM,225699,Shirt CN Bright Multicolor,_BM,Bright Multicolor,Apparel,Shirt,Woven,Viscose,,,29.99,/242/64/225699_BM_1y,,info,IMG_FILE_MISSING,,,,,
226568_AN,226568,T-shirt 22 Anthracite,_AN,Anthracite,Apparel,T-shirt,Circular,Cotton,,Cotton,15.99,/242/64/226568_AN_1,,info,IMG_FILE_MISSING,,,,,
226589_BM,226589,Sweater OU Bright Multicolor,_BM,Bright Multicolor,Apparel,Sweater,Knit,Polyamide; Viscose,,,32.99,/242/64/226589_BM_1,,info,IMG_FILE_MISSING,,,,,
226589_BN,226589,Sweater OU Brown,_BN,Brown,Apparel,Sweater,Knit,Polyamide; Viscose,,,32.99,/242/64/226589_BN_1,,info,IMG_FILE_MISSING,,,,,
226723_BL,226723,Shirt C3 NOV Blue,_BL,Blue,Apparel,Shirt,Woven,Cotton; Polyester,,,35.99,/242/64/226723_BL_1,,info,IMG_FILE_MISSING;SALES_MISSING,,,,,
226758_BU,226758,Shirt M1S Burgundy,_BU,Burgundy,Apparel,Shirt,Woven,Linen,,Linen,39.99,/242/64/226758_BU_1,,info,IMG_FILE_MISSING,,,,,
226777_BM,226777,Shirt ARABE Bright Multicolor,_BM,Bright Multicolor,Apparel,Shirt,Woven,Viscose; Viscose (LENZING TM ECOVERO TM),,,35.99,/242/64/226777_BM_1,,info,IMG_FILE_MISSING,,,,,
226796_BL,226796,Jeans M1S Blue,_BL,Blue,Apparel,Jeans,Woven,Cotton; Lyocell,,Cotton,42.99,/242/64/226796_BL_1,,info,IMG_FILE_MISSING,,,,,
226848_DG,226848,Sweater CAXEMIRA Dark Grey,_DG,Dark Grey,Apparel,Sweater,Knit,Cashmere,,,99.99,/242/64/226848_DG_1,,info,IMG_FILE_MISSING,,,,,
226848_PK,226848,Sweater CAXEMIRA Pink,_PK,Pink,Apparel,Sweater,Knit,Cashmere,,,99.99,/242/64/226848_PK_1,,info,IMG_FILE_MISSING,,,,,
226890_WT,226890,Trousers B6NOVE White,_WT,White,Apparel,Trousers,Woven,Elastane; Polyester,,,39.99,/242/64/226890_WT_1,,info,IMG_FILE_MISSING;SALES_MISSING,,,,,
226905_BM,226905,Shorts TRENDY Bright Multicolor,_BM,Bright Multicolor,Apparel,Shorts,Woven,Polyester; Viscose; Wool,,,39.99,/242/64/226905_BM_1,,info,IMG_FILE_MISSING;SALES_MISSING,,,,,
226995_BN,226995,Cardigan VERONA OUTUBRO Brown,_BN,Brown,Apparel,Cardigan,Knit,Acrylic; Elastane; Polyamide; Polyester; Wool,,,32.99,/242/64/226995_BN_1,,info,IMG_FILE_MISSING,,,,,
226995_KK,226995,Cardigan VERONA OUTUBRO Khaki,_KK,Khaki,Apparel,Cardigan,Knit,Acrylic; Elastane; Polyamide; Polyester; Wool,,,32.99,/242/64/226995_KK_1,,info,IMG_FILE_MISSING,,,,,
227073_BN,227073,Skirt VERONA OUTUBRO Brown,_BN,Brown,Apparel,Skirt,Woven,Elastane; Polyester; Polyurethane,,Polyurethane,49.99,/242/64/227073_BN_1,,info,IMG_FILE_MISSING,,,,,
227073_GN,227073,Skirt VERONA OUTUBRO Green,_GN,Green,Apparel,Skirt,Woven,Elastane; Polyester; Polyurethane,,Polyurethane,49.99,/242/64/227073_GN_1,,info,IMG_FILE_MISSING,,,,,
227104_NV,227104,Trousers 22 Navy,_NV,Navy,Apparel,Trousers,Circular,Cotton,,,32.99,/242/64/227104_NV_1,,info,IMG_FILE_MISSING,,,,,
227264_BK,227264,Sweatshirt OU Black,_BK,Black,Apparel,Sweatshirt,Circular,Cotton; Elastane; Polyester,,,32.99,/242/64/227264_BK_1,,info,IMG_FILE_MISSING,,,,,
227264_EC,227264,Sweatshirt OU Ecru,_EC,Ecru,Apparel,Sweatshirt,Circular,Cotton; Elastane; Polyester,,Cotton,32.99,/242/64/227264_EC_1,,info,IMG_FILE_MISSING,,,,,
227276_BK,227276,Skirt 22 Black,_BK,Black,Apparel,Skirt,Woven,Polyester; Viscose,,Viscose,45.99,/242/64/227276_BK_1,,info,IMG_FILE_MISSING,,,,,
227316_BL,227316,Skirt QUADROS Blue,_BL,Blue,Apparel,Skirt,Woven,Cotton,,,35.99,/242/64/227316_BL_1,,info,IMG_FILE_MISSING,,,,,
227316_WT,227316,Skirt QUADROS White,_WT,White,Apparel,Skirt,Woven,Cotton,,,35.99,/242/64/227316_WT_1,,info,IMG_FILE_MISSING,,,,,
227317_BK,227317,Coat IE Black,_BK,Black,Apparel,Coat,Woven,Elastane; Polyester; Viscose; Wool,,,69.99,/242/64/227317_BK_1,,info,IMG_FILE_MISSING;SALES_MISSING,,,,,
227483_BM,227483,Raincoat bro Bright Multicolor,_BM,Bright Multicolor,Apparel,Raincoat,Woven,Polyester,,Polyester,59.99,/242/64/227483_BM_1,,info,IMG_FILE_MISSING,,,,,
227492_BK,227492,Dress TRENDY Black,_BK,Black,Apparel,Dress,Woven,Cotton,,,35.99,/242/64/227492_BK_1,,info,IMG_FILE_MISSING,,,,,
227492_BL,227492,Dress TRENDY Blue,_BL,Blue,Apparel,Dress,Woven,Cotton,,,35.99,/242/64/227492_BL_1,,info,IMG_FILE_MISSING,,,,,
227615_GY,227615,Sweatshirt gg Grey,_GY,Grey,Apparel,Sweatshirt,Circular,Acrylic; Polyamide; Viscose; Wool,,Wool,39.99,/242/64/227615_GY_1,,info,IMG_FILE_MISSING,,,,,
227645_OR,227645,Sweater CN Orange,_OR,Orange,Apparel,Sweater,Knit,Acrylic; Polyamide,,,32.99,/242/64/227645_OR_1,,info,IMG_FILE_MISSING;SALES_MISSING,,,,,
227645_PK,227645,Sweater BETS Pink,_PK,Pink,Apparel,Sweater,Knit,Acrylic; Polyamide,,Polyamide,32.99,/242/64/227645_PK_1,,info,IMG_FILE_MISSING;SALES_MISSING,,,,,
227645_RD,227645,Sweater BETS Red,_RD,Red,Apparel,Sweater,Knit,Acrylic; Polyamide,,Polyamide,32.99,/242/64/227645_RD_1,,info,IMG_FILE_MISSING;SALES_MISSING,,,,,
227727_BN,227727,Coat C2 NOVEMBRO Brown,_BN,Brown,Apparel,Coat,Woven,Goat Leather; Viscose,,Leather,139.99,/242/64/227727_BN_1,,info,IMG_FILE_MISSING;SALES_MISSING,,,,,
227885_BK,227885,Cardigan TUBR Black,_BK,Black,Apparel,Cardigan,Knit,Polyamide; Viscose,,,35.99,/242/64/227885_BK_1,,info,IMG_FILE_MISSING,,,,,
227885_BM,227885,Cardigan TUBR Bright Multicolor,_BM,Bright Multicolor,Apparel,Cardigan,Knit,Polyamide; Viscose,,,35.99,/242/64/227885_BM_1,,info,IMG_FILE_MISSING,,,,,
227888_BM,227888,Dress TUBR Bright Multicolor,_BM,Bright Multicolor,Apparel,Dress,Knit,Polyamide; Viscose,,,42.99,/242/64/227888_BM_1,,info,IMG_FILE_MISSING,,,,,
228079_BK,228079,Cardigan BETS Black,_BK,Black,Apparel,Cardigan,Knit,Acrylic; Elastane; Polyamide,,Acrylic,59.99,/242/64/228079_BK_1,,info,IMG_FILE_MISSING;SALES_MISSING,,,,,
228079_EC,228079,Cardigan B4NOV Ecru,_EC,Ecru,Apparel,Cardigan,Knit,Acrylic; Elastane; Polyamide,,Acrylic,59.99,/242/64/228079_EC_1,,info,IMG_FILE_MISSING;SALES_MISSING,,,,,
228159_BN,228159,Skirt COWBOY Brown,_BN,Brown,Apparel,Skirt,Woven,Goat Leather; Polyester; Viscose,,Leather,99.99,/242/64/228159_BN_1,,info,IMG_FILE_MISSING;SALES_MISSING,,,,,
228440_GY,228440,T-shirt 22 Grey,_GY,Grey,Apparel,T-shirt,Circular,Cotton,,Cotton,19.99,/242/64/228440_GY_1,,info,IMG_FILE_MISSING,,,,,
228715_AN,228715,Dress VERONOV Anthracite,_AN,Anthracite,Apparel,Dress,Knit,Acrylic; Polyamide; Polyester; Viscose; Wool,,,35.99,/242/64/228715_AN_1,,info,IMG_FILE_MISSING;SALES_MISSING,,,,,
228715_EC,228715,Dress BETS Ecru,_EC,Ecru,Apparel,Dress,Knit,Acrylic; Polyamide; Polyester; Viscose; Wool,,Polyamide,35.99,/242/64/228715_EC_1,,info,IMG_FILE_MISSING;SALES_MISSING,,,,,
228745_BM,228745,Top C2 NOVEMBRO Bright Multicolor,_BM,Bright Multicolor,Apparel,Top,Woven,Viscose,,Viscose,32.99,/242/64/228745_BM_1,,info,IMG_FILE_MISSING;SALES_MISSING,,,,,
229482_BK,229482,Coat BETS Black,_BK,Black,Apparel,Coat,Woven,Polyester,,Polyester,59.99,/242/64/229482_BK_1,,info,IMG_FILE_MISSING;SALES_MISSING,,,,,
229522_BN,229522,Skirt BETS Brown,_BN,Brown,Apparel,Skirt,Woven,Goat Leather,,Leather,99.99,/242/64/229522_BN_1,,info,IMG_FILE_MISSING;SALES_MISSING,,,,,
230535_KK,230535,Apparel QUADROS Khaki,_KK,Khaki,Apparel,Cape,Woven,Polyester; Polyurethane,,Polyurethane,17.99,/242/64/230535_KK_1,,info,IMG_FILE_MISSING;SALES_MISSING,,,,,
226206_BG,226206,Ballerinas LEOPARD BALLERINA Beige,_BG,Beige,Footwear,Ballerinas,Leather,Cow Leather; Horse Hair; Polyester; Polyurethane; Rubber,,,45.99,/242/53/226206_BG_1,,info,IMG_FILE_MISSING,,,,,
227744_CA,227744,Flat Shoes QUADROS Camel,_CA,Camel,Footwear,Flat Shoes,Leather,Cow Suede Leather; Polyester; Polyurethane; Rubber,,,49.99,/242/53/227744_CA_1,,info,IMG_FILE_MISSING,,,,,
214602_BG,214602,Computer Hand Bag CAMI 1 Beige,_BG,Beige,Hand Bag,Computer Hand Bag,Patchwork,Polyester; Polyurethane,,,32.99,/241/54/214602_BG_1,,info,IMG_FILE_MISSING,,,,,
214602_BK,214602,Computer Hand Bag CAMI 2 Black,_BK,Black,Hand Bag,Computer Hand Bag,Patchwork,Polyester; Polyurethane,,,32.99,/241/54/214602_BK_1,,info,IMG_FILE_MISSING,,,,,
214623_KK,214623,Tote Bag CAMI 1 Khaki,_KK,Khaki,Hand Bag,Tote,Printed PU,Polyester; Polyurethane,,,25.99,/241/54/214623_KK_1,,info,IMG_FILE_MISSING,,,,,
225124_BN,225124,Sac LEOPARD CAPSULE Brown,_BN,Brown,Hand Bag,Sac,Printed Nylon,Polyester; Polyurethane,Silver,,27.99,/242/54/225124_BN_1,,info,IMG_FILE_MISSING,,,,,
225287_BK,225287,Shoulder Bag WESTERN2 Black,_BK,Black,Hand Bag,Shoulder Bag,Plain PU,Polyester; Polyurethane,,,27.99,/242/54/225287_BK_1,,info,IMG_FILE_MISSING,,,,,
225287_BN,225287,Shoulder Bag WESTERN2 Brown,_BN,Brown,Hand Bag,Shoulder Bag,Plain PU,Polyester; Polyurethane,,,27.99,/242/54/225287_BN_1,,info,IMG_FILE_MISSING,,,,,
225287_KK,225287,Shoulder Bag WESTERN2 Khaki,_KK,Khaki,Hand Bag,Shoulder Bag,Plain PU,Polyester; Polyurethane,,,27.99,/242/54/225287_KK_1,,info,IMG_FILE_MISSING;SALES_MISSING,,,,,
225501_CA,225501,Bucket Bag WESTERN2 Camel,_CA,Camel,Hand Bag,Bucket,Real Suede,Cow Suede Leather,Silver,,45.99,/242/54/225501_CA_1,,info,IMG_FILE_MISSING;SALES_MISSING,,,,,
225501_MD,225501,Bucket Bag WESTERN2 Mustard,_MD,Mustard,Hand Bag,Bucket,Real Suede,Cow Suede Leather,Silver,,45.99,/242/54/225501_MD_1,,info,IMG_FILE_MISSING;SALES_MISSING,,,,,
225643_DM,225643,Shoulder Bag COLLAGE2 Dark Multicolor,_DM,Dark Multicolor,Hand Bag,Shoulder Bag,Printed Nylon,Polyester; Polyurethane,,,25.99,/242/54/225643_DM_1,,info,IMG_FILE_MISSING,,,,,
225697_BK,225697,Crossbody Bag COLLAGE3 Black,_BK,Black,Hand Bag,Cross,Plain PU,Polyester; Polyurethane,Silver,,25.99,/242/54/225697_BK_1,,info,IMG_FILE_MISSING,,,,,
225697_KK,225697,Crossbody Bag COLLAGE3 Khaki,_KK,Khaki,Hand Bag,Cross,Plain PU,Polyester; Polyurethane,Silver,,25.99,/242/54/225697_KK_1,,info,IMG_FILE_MISSING,,,,,
225697_TU,225697,Crossbody Bag COLLAGE3 Taupe,_TU,Taupe,Hand Bag,Cross,Plain PU,Polyester; Polyurethane,Silver,,25.99,/242/54/225697_TU_1,,info,IMG_FILE_MISSING,,,,,
226302_KK,226302,Crossbody Bag BROOKE Khaki,_KK,Khaki,Hand Bag,Cross,Jacquard,Polyester; Polyurethane,Light Golden,,29.99,/242/54/226302_KK_1,,info,IMG_FILE_MISSING,,,,,
226411_WT,226411,Envelope Bag LEOPOLDO CAPSULE White,_WT,White,Hand Bag,Envelope,Printed Nylon,Polyester; Polyurethane,Silver,,17.99,/242/54/226411_WT_1,,info,IMG_FILE_MISSING,,,,,
226447_BK,226447,Crossbody Bag PARKER Black,_BK,Black,Hand Bag,Cross,Nylon,Polyester; Polyurethane,,,25.99,/242/54/226447_BK_1,,info,IMG_FILE_MISSING;SALES_MISSING,,,,,
226447_CA,226447,Crossbody Bag PARKER Camel,_CA,Camel,Hand Bag,Cross,Nylon,Polyester; Polyurethane,,,25.99,/242/54/226447_CA_1,,info,IMG_FILE_MISSING,,,,,
226447_EC,226447,Crossbody Bag PARKER Ecru,_EC,Ecru,Hand Bag,Cross,Nylon,Polyester; Polyurethane,,,25.99,/242/54/226447_EC_1,,info,IMG_FILE_MISSING,,,,,
226461_EC,226461,Crossbody Bag PARKER Ecru,_EC,Ecru,Hand Bag,Cross,Nylon,Polyester; Polyurethane,,,23.99,/242/54/226461_EC_1,,info,IMG_FILE_MISSING,,,,,
226461_PK,226461,Crossbody Bag PARKER Pink,_PK,Pink,Hand Bag,Cross,Nylon,Polyester; Polyurethane,,,23.99,/242/54/226461_PK_1,,info,IMG_FILE_MISSING;SALES_MISSING,,,,,
226521_BG,226521,Crossbody Bag BUKLEY Beige,_BG,Beige,Hand Bag,Cross,Plain PU,Polyester; Polyurethane,Light Golden,,25.99,/242/54/226521_BG_1,,info,IMG_FILE_MISSING,,,,,
226521_BK,226521,Crossbody Bag BUKLEY Black,_BK,Black,Hand Bag,Cross,Plain PU,Polyester; Polyurethane,Light Golden,,25.99,/242/54/226521_BK_1,,info,IMG_FILE_MISSING,,,,,
226521_EC,226521,Crossbody Bag BUKLEY Ecru,_EC,Ecru,Hand Bag,Cross,Plain PU,Polyester; Polyurethane,Light Golden,,25.99,/242/54/226521_EC_1,,info,IMG_FILE_MISSING,,,,,
226521_PK,226521,Crossbody Bag BUKLEY Pink,_PK,Pink,Hand Bag,Cross,Plain PU,Polyester; Polyurethane,Light Golden,,25.99,/242/54/226521_PK_1,,info,IMG_FILE_MISSING;SALES_MISSING,,,,,
226800_BK,226800,Tote Bag WINTER MAORI Black,_BK,Black,Hand Bag,Tote,Peach PU,Polyester; Polyurethane,Silver,,19.99,/242/54/226800_BK_1,,info,IMG_FILE_MISSING;SALES_MISSING,,,,,
227697_BK,227697,Shoulder Bag COWBOY Black,_BK,Black,Hand Bag,Shoulder Bag,Leather,Cotton; Cow Leather; Sheep leather,Silver,,69.99,/242/54/227697_BK_1,,info,IMG_FILE_MISSING;SALES_MISSING,,,,,
227697_BU,227697,Shoulder Bag COWBOY Burgundy,_BU,Burgundy,Hand Bag,Shoulder Bag,Leather,Cotton; Cow Leather; Sheep leather,Silver,,69.99,/242/54/227697_BU_1,,info,IMG_FILE_MISSING;SALES_MISSING,,,,,
227931_WT,227931,Shopper Bag COWBOY White,_WT,White,Hand Bag,Shopper,Leather,Cow Leather; Goat Leather,Silver,,99.99,/242/54/227931_WT_1,,info,IMG_FILE_MISSING;SALES_MISSING,,,,,
214553_BK,214553,Earring ECLIPSE Black,_BK,Black,Jewellery,Earrings,Hoop Earrings,Enamel; Zinc,Golden,,5.99,/232/52/214553_BK_1,,info,IMG_FILE_MISSING,,,,,
214570_BK,214570,Earring ECLIPSE Black,_BK,Black,Jewellery,Earrings,Dangle,Iron; Resin,Brushed Golden,,4.99,/232/52/214570_BK_1,,info,IMG_FILE_MISSING,,,,,
214580_MI,214580,Necklace Moonlight azure Midnight Blue,_MI,Midnight Blue,Jewellery,Necklaces,Choker,Iron; Velvet,Other,,10.99,/232/52/214580_MI_1,,info,IMG_FILE_MISSING,,,,,
214598_MI,214598,Earring Moonlight azure Midnight Blue,_MI,Midnight Blue,Jewellery,Earrings,Hoop Earrings,Acrylic; Enamel; Iron,Golden,,7.99,/232/52/214598_MI_1,,info,IMG_FILE_MISSING,,,,,
214625_KN,214625,Earring TREND Black Nickel,_KN,Black Nickel,Jewellery,Earrings,Dangle,Brass; Glass,Other,,15.99,/232/52/214625_KN_1,,info,IMG_FILE_MISSING,,,,,
214635_HM,214635,Necklace TREND Halftone Multicolor,_HM,Halftone Multicolor,Jewellery,Necklaces,Choker,Glass; Iron,Silver,,19.99,/232/52/214635_HM_1,,info,IMG_FILE_MISSING,,,,,
214646_BM,214646,Earring CANICHE CAMPAIGN Bright Multicolor,_BM,Bright Multicolor,Jewellery,Earrings,Ear Cuff,Zinc,Golden,,15.99,/232/52/214646_BM_1,,info,IMG_FILE_MISSING,,,,,
214647_BL,214647,Necklace CANICHE CAMPAIGN Blue,_BL,Blue,Jewellery,Necklaces,Beaded Necklace,Brass; Polyester; Steel; Thermoplastic Polyurethane,Golden,,27.99,/232/52/214647_BL_1,,info,IMG_FILE_MISSING,,,,,
214647_PU,214647,Necklace CANICHE CAMPAIGN Purple,_PU,Purple,Jewellery,Necklaces,Beaded Necklace,Brass; Polyester; Steel; Thermoplastic Polyurethane,Golden,,27.99,/232/52/214647_PU_1,,info,IMG_FILE_MISSING,,,,,
214671_BM,214671,Necklace CANICHE CAMPAIGN Bright Multicolor,_BM,Bright Multicolor,Jewellery,Necklaces,Collar,Iron; Polyester,Golden,,23.99,/232/52/214671_BM_1,,info,IMG_FILE_MISSING,,,,,
216727_MI,216727,Ring Gipsy Garden Midnight Blue,_MI,Midnight Blue,Jewellery,Rings,Band Ring,Enamel; Zinc,Worn Gold,,4.99,/241/52/216727_MI_1,,info,IMG_FILE_MISSING,,,,,
216738_GD,216738,Jewellery GOLD PLATED COLLECTION Gold,_GD,Gold,Jewellery,Charms,Symbol,Brass; Stone,Gold Plated,,15.99,/241/52/216738_GD_1,,info,IMG_FILE_MISSING,,,,,
224263_LL,224263,Earring MONETT Lilac,_LL,Lilac,Jewellery,Earrings,Stud,Iron; Resin,Golden,,5.99,/242/52/224263_LL_1,224263_LL_1.jpg,info,SALES_MISSING,,,,,
224296_HM,224296,Necklace MONETT Halftone Multicolor,_HM,Halftone Multicolor,Jewellery,Necklaces,Y-Necklace,Brass; Cork; Resin; Thermoplastic Polyurethane; Zinc,Golden,,12.99,/242/52/224296_HM_1,224296_HM_1.jpg,info,SALES_MISSING,,,,,
225066_BL,225066,Ring ATMOSPHERE Blue,_BL,Blue,Jewellery,Rings,Fantasy,Thermoplastic Polyurethane; Zinc,Rodhium,,5.99,/242/52/225066_BL_1,,info,IMG_FILE_MISSING,,,,,
225168_SV,225168,Earring SILVER BASICS Silver,_SV,Silver,Jewellery,Earrings,Clip Earrings,Brass; Zinc,Rodhium,,8.99,/242/52/225168_SV_1,,info,IMG_FILE_MISSING,,,,,
225185_SV,225185,Bracelet SILVER BASICS Silver,_SV,Silver,Jewellery,Bracelets,Elastic Bracelet,Zinc,Rodhium,,9.99,/242/52/225185_SV_1,,info,IMG_FILE_MISSING,,,,,
225228_GD,225228,Earring NEW CLASSIC Gold,_GD,Gold,Jewellery,Earrings,Hoop Earrings,Acrylic; Zinc,Golden,,5.99,/242/52/225228_GD_1,,info,IMG_FILE_MISSING,,,,,
225236_WT,225236,Necklace NEW CLASSIC White,_WT,White,Jewellery,Necklaces,Beaded Necklace,Cork; Thermoplastic Polyurethane; Zinc,,,10.99,/242/52/225236_WT_1,,info,IMG_FILE_MISSING,,,,,
225244_GD,225244,Earring NEW CLASSIC Gold,_GD,Gold,Jewellery,Earrings,Hoop Earrings,Acrylic; Brass; Cork; Iron,,,9.99,/242/52/225244_GD_1,,info,IMG_FILE_MISSING,,,,,
225250_WT,225250,Earring NEW CLASSIC White,_WT,White,Jewellery,Earrings,Hoop Earrings,Acrylic; Cork; Zinc,Golden,,5.99,/242/52/225250_WT_1,,info,IMG_FILE_MISSING,,,,,
225260_PE,225260,Necklace NEW CLASSIC Pearl,_PE,Pearl,Jewellery,Necklaces,Beaded Necklace,Acrylic; Brass; Cork,Golden,,12.99,/242/52/225260_PE_1,,info,IMG_FILE_MISSING,,,,,
225278_WT,225278,Ring NEW CLASSIC White,_WT,White,Jewellery,Rings,Cocktail,Acrylic; Cork; Iron,Golden,,4.99,/242/52/225278_WT_1,,info,IMG_FILE_MISSING,,,,,
225503_GD,225503,Earring NEW CLASSIC Gold,_GD,Gold,Jewellery,Earrings,Hoop Earrings,Thermoplastic Polyurethane; Zinc,Golden,,5.99,/242/52/225503_GD_1,,info,IMG_FILE_MISSING,,,,,
225510_PE,225510,Earring NEW CLASSIC Pearl,_PE,Pearl,Jewellery,Earrings,Dangle,Acrylic; Copper; Cork,Golden,,7.99,/242/52/225510_PE_1,,info,IMG_FILE_MISSING,,,,,
225516_PE,225516,Bracelet NEW CLASSIC Pearl,_PE,Pearl,Jewellery,Bracelets,Non-Adjustable Bracelet,Acrylic; Iron,Golden,,6.99,/242/52/225516_PE_1,,info,IMG_FILE_MISSING,,,,,
225594_PM,225594,Earring MODERN STONES Pastel Multicolor,_PM,Pastel Multicolor,Jewellery,Earrings,Hoop Earrings,Brass; Iron; Resin; Stone,Golden,,7.99,/242/52/225594_PM_1,,info,IMG_FILE_MISSING,,,,,
225641_HM,225641,Necklace MODERN STONES Halftone Multicolor,_HM,Halftone Multicolor,Jewellery,Necklaces,Pendant,Iron; Polyamide; Stone; Zinc,Golden,,12.99,/242/52/225641_HM_1,,info,IMG_FILE_MISSING,,,,,
225670_LB,225670,Earring MODERN STONES Light Blue,_LB,Light Blue,Jewellery,Earrings,Dangle,Cork; Glass; Stone; Zinc,Brushed Golden,,7.99,/242/52/225670_LB_1,,info,IMG_FILE_MISSING,,,,,
225676_HM,225676,Earring MODERN STONES Halftone Multicolor,_HM,Halftone Multicolor,Jewellery,Earrings,Hoop Earrings,Brass; Cork; Stone,Golden,,5.99,/242/52/225676_HM_1,,info,IMG_FILE_MISSING,,,,,
225683_LK,225683,Earring MODERN STONES Light Pink,_LK,Light Pink,Jewellery,Earrings,Hoop Earrings,Cork; Stone; Zinc,Golden,,7.99,/242/52/225683_LK_1,,info,IMG_FILE_MISSING,,,,,
226212_LN,226212,Ring MODERN STONES Light Green,_LN,Light Green,Jewellery,Rings,Stone/Gem,Cork; Stone; Zinc,Golden,,5.99,/242/52/226212_LN_1,,info,IMG_FILE_MISSING,,,,,
226213_BL,226213,Ring MODERN STONES Blue,_BL,Blue,Jewellery,Rings,Fantasy,Brass; Cork; Steel; Thermoplastic Polyurethane,Golden,,6.99,/242/52/226213_BL_1,,info,IMG_FILE_MISSING,,,,,
226213_PK,226213,Ring MODERN STONES Pink,_PK,Pink,Jewellery,Rings,Fantasy,Brass; Cork; Steel; Thermoplastic Polyurethane,Golden,,6.99,/242/52/226213_PK_1,,info,IMG_FILE_MISSING,,,,,
226221_HM,226221,Necklace MODERN STONES Halftone Multicolor,_HM,Halftone Multicolor,Jewellery,Necklaces,Beaded Necklace,Copper; Cork; Glass; Iron; Resin; Stone; Thermoplastic Polyurethane,Golden,,12.99,/242/52/226221_HM_1,,info,IMG_FILE_MISSING,,,,,
226227_GN,226227,Necklace MODERN STONES Green,_GN,Green,Jewellery,Necklaces,Beaded Necklace,Acrylic; Brass; Cork; Resin; Stone,Golden,,15.99,/242/52/226227_GN_1,,info,IMG_FILE_MISSING,,,,,
226288_HM,226288,Earring MODERN STONES Halftone Multicolor,_HM,Halftone Multicolor,Jewellery,Earrings,Dangle,Cork; Stone; Zinc,Golden,,8.99,/242/52/226288_HM_1,,info,IMG_FILE_MISSING,,,,,
226295_PK,226295,Set of Earrings MODERN STONES Pink,_PK,Pink,Jewellery,Earrings,Hoop Earrings,Cork; Enamel; Iron; Resin; Stone; Zinc,Golden,,8.99,/242/52/226295_PK_1,,info,IMG_FILE_MISSING,,,,,
226344_HM,226344,Earring WESTERNP Halftone Multicolor,_HM,Halftone Multicolor,Jewellery,Earrings,Clip Earrings,Acrylic; Cork; Zinc,Worn Gold,,7.99,/242/52/226344_HM_1,,info,IMG_FILE_MISSING,,,,,
226351_BU,226351,Necklace WESTERNP Burgundy,_BU,Burgundy,Jewellery,Necklaces,Pendant,Cork; Iron; Stone; Zinc,,,19.99,/242/52/226351_BU_1,,info,IMG_FILE_MISSING,,,,,
226359_SV,226359,Earring LIGHTNING BOLD Silver,_SV,Silver,Jewellery,Earrings,Ear Cuff,Brass; Cork; Zirconium,Silver,,12.99,/242/52/226359_SV_1,,info,IMG_FILE_MISSING;SALES_MISSING,,,,,
226370_GD,226370,Earring LIGHTNING BOLD Gold,_GD,Gold,Jewellery,Earrings,Dangle,Cork; Glass; Zinc,Golden,,7.99,/242/52/226370_GD_1,,info,IMG_FILE_MISSING;SALES_MISSING,,,,,
226375_MI,226375,Earring NEPTUNE Midnight Blue,_MI,Midnight Blue,Jewellery,Earrings,Dangle,Brass; Thermoplastic Polyurethane,Black Nikel,,7.99,/242/52/226375_MI_1,,info,IMG_FILE_MISSING,,,,,
226383_MI,226383,Necklace NEPTUNE Midnight Blue,_MI,Midnight Blue,Jewellery,Necklaces,Beaded Necklace,Glass; Iron; Steel; Thermoplastic Polyurethane; Zinc,,,10.99,/242/52/226383_MI_1,,info,IMG_FILE_MISSING,,,,,
226391_BG,226391,Earring WESTERNP Beige,_BG,Beige,Jewellery,Earrings,Dangle,Cork; Resin; Zinc,,,7.99,/242/52/226391_BG_1,,info,IMG_FILE_MISSING,,,,,
226396_BU,226396,Earring WESTERNP Burgundy,_BU,Burgundy,Jewellery,Earrings,Stud,Acrylic; Cork; Glass; Zinc,Worn Gold,,7.99,/242/52/226396_BU_1,,info,IMG_FILE_MISSING,,,,,
226402_BU,226402,Bracelet WESTERNP Burgundy,_BU,Burgundy,Jewellery,Bracelets,Elastic Bracelet,Brass; Cork; Resin; Thermoplastic Polyurethane,,,9.99,/242/52/226402_BU_1,,info,IMG_FILE_MISSING,,,,,
226424_BU,226424,Earring WESTERNP Burgundy,_BU,Burgundy,Jewellery,Earrings,Dangle,Iron; Resin,Other,,5.99,/242/52/226424_BU_1,,info,IMG_FILE_MISSING,,,,,
226430_BU,226430,Earring WESTERNP Burgundy,_BU,Burgundy,Jewellery,Earrings,Dangle,Stone; Zinc,Worn Gold,,7.99,/242/52/226430_BU_1,,info,IMG_FILE_MISSING,,,,,
226440_BU,226440,Earring WESTERNP Burgundy,_BU,Burgundy,Jewellery,Earrings,Dangle,Iron; Resin,Worn Gold,,7.99,/242/52/226440_BU_1,,info,IMG_FILE_MISSING,,,,,
226476_GD,226476,Earring LIGHTNING BOLD Gold,_GD,Gold,Jewellery,Earrings,Hoop Earrings,Cork; Zinc; Zirconium,Golden,,12.99,/242/52/226476_GD_1,,info,IMG_FILE_MISSING,,,,,
226483_GD,226483,Necklace LIGHTNING BOLD Gold,_GD,Gold,Jewellery,Necklaces,Choker,Aluminium; Glass; Iron,,,10.99,/242/52/226483_GD_1,,info,IMG_FILE_MISSING,,,,,
226489_SV,226489,Earring LIGHTNING BOLD Silver,_SV,Silver,Jewellery,Earrings,Hoop Earrings,Brass; Zirconium,Golden,,5.99,/242/52/226489_SV_1,,info,IMG_FILE_MISSING,,,,,
226497_GD,226497,Earring LIGHTNING BOLD Gold,_GD,Gold,Jewellery,Earrings,Hoop Earrings,Brass; Cork; Zirconium,Golden,,7.99,/242/52/226497_GD_1,,info,IMG_FILE_MISSING,,,,,
226503_MI,226503,Earring NEPTUNE Midnight Blue,_MI,Midnight Blue,Jewellery,Earrings,Clip Earrings,Copper; Glass; Zinc,Black Nikel,,7.99,/242/52/226503_MI_1,,info,IMG_FILE_MISSING,,,,,
226518_GD,226518,Earring LIGHTNING BOLD Gold,_GD,Gold,Jewellery,Earrings,Hoop Earrings,Cork; Glass; Zinc,,,9.99,/242/52/226518_GD_1,,info,IMG_FILE_MISSING,,,,,
226526_SV,226526,Earring LIGHTNING BOLD Silver,_SV,Silver,Jewellery,Earrings,Stud,Cotton; Glass; Zinc,Silver,,15.99,/242/52/226526_SV_1,,info,IMG_FILE_MISSING,,,,,
226531_GD,226531,Earring LIGHTNING BOLD Gold,_GD,Gold,Jewellery,Earrings,Stud,Brass; Cork; Iron; Zinc; Zirconium,Golden,,17.99,/242/52/226531_GD_1,,info,IMG_FILE_MISSING;SALES_MISSING,,,,,
226579_MI,226579,Ring NEPTUNE Midnight Blue,_MI,Midnight Blue,Jewellery,Rings,Cocktail,Copper; Cork; Glass,Black Nikel,,6.99,/242/52/226579_MI_1,,info,IMG_FILE_MISSING,,,,,
226586_BL,226586,Bracelet NEPTUNE Blue,_BL,Blue,Jewellery,Bracelets,Non-Adjustable Bracelet,Cork; Glass; Iron; Thermoplastic Polyurethane,,,8.99,/242/52/226586_BL_1,,info,IMG_FILE_MISSING,,,,,
226654_PE,226654,Necklace NEW CLASSIC Pearl,_PE,Pearl,Jewellery,Necklaces,Beaded Necklace,Acrylic,Other,,15.99,/242/52/226654_PE_1,,info,IMG_FILE_MISSING,,,,,
226680_BM,226680,Bracelet ARM MATERA Bright Multicolor,_BM,Bright Multicolor,Jewellery,Bracelets,Adjustable Bracelet,Brass; Nylon; Stone; Zinc,Worn Gold,,7.99,/242/52/226680_BM_1,,info,IMG_FILE_MISSING,,,,,
226696_MI,226696,Earring NEPTUNE Midnight Blue,_MI,Midnight Blue,Jewellery,Earrings,Hoop Earrings,Cork; Glass; Resin; Zinc,Black Nikel,,7.99,/242/52/226696_MI_1,,info,IMG_FILE_MISSING,,,,,
226704_SV,226704,Necklace NEPTUNE Silver,_SV,Silver,Jewellery,Necklaces,Beaded Necklace,Brass; Cork; Glass,Black Nikel,,15.99,/242/52/226704_SV_1,,info,IMG_FILE_MISSING,,,,,
226710_SV,226710,Necklace NEPTUNE Silver,_SV,Silver,Jewellery,Necklaces,Beaded Necklace,Brass; Cork; Glass,Black Nikel,,12.99,/242/52/226710_SV_1,,info,IMG_FILE_MISSING,,,,,
226717_MI,226717,Earring NEPTUNE Midnight Blue,_MI,Midnight Blue,Jewellery,Earrings,Hoop Earrings,Cork; Glass; Zinc,Black Nikel,,7.99,/242/52/226717_MI_1,,info,IMG_FILE_MISSING;SALES_MISSING,,,,,
226881_DM,226881,Necklace GALÁPAGOS Dark Multicolor,_DM,Dark Multicolor,Jewellery,Necklaces,Beaded Necklace,Brass; Cork; Resin; Stone; Zinc,Antik Golden,,12.99,/242/52/226881_DM_1,,info,IMG_FILE_MISSING,,,,,
226891_DN,226891,Necklace GALÁPAGOS Dark Green,_DN,Dark Green,Jewellery,Necklaces,Chain,Cork; Iron; Resin; Thermoplastic Polyurethane; Zinc,Antik Golden,,12.99,/242/52/226891_DN_1,,info,IMG_FILE_MISSING,,,,,
226897_GD,226897,Earring GALÁPAGOS Gold,_GD,Gold,Jewellery,Earrings,Stud,Cork; Zinc,Antik Golden,,5.99,/242/52/226897_GD_1,,info,IMG_FILE_MISSING,,,,,
226932_SV,226932,Bracelet SILVER BASICS Silver,_SV,Silver,Jewellery,Bracelets,Elastic Bracelet,Cork; Elastane; Zinc,Rodhium,,8.99,/242/52/226932_SV_1,,info,IMG_FILE_MISSING,,,,,
226944_GD,226944,Bracelet Golden Basics Gold,_GD,Gold,Jewellery,Bracelets,Elastic Bracelet,Cork; Zinc,,,9.99,/242/52/226944_GD_1,,info,IMG_FILE_MISSING;SALES_MISSING,,,,,
226973_OG,226973,Bracelet GALÁPAGOS Old Gold,_OG,Old Gold,Jewellery,Bracelets,Arm Bangle,Cork; Zinc,Antik Golden,,8.99,/242/52/226973_OG_1,,info,IMG_FILE_MISSING,,,,,
226979_DM,226979,Earring GALÁPAGOS Dark Multicolor,_DM,Dark Multicolor,Jewellery,Earrings,Dangle,Cork; Iron; Resin; Thermoplastic Polyurethane; Zinc,,,9.99,/242/52/226979_DM_1,,info,IMG_FILE_MISSING,,,,,
227000_BL,227000,Earring QUADROS Blue,_BL,Blue,Jewellery,Earrings,Stud,Copper; Cork; Iron; Resin; Zinc,Rodhium,,17.99,/242/52/227000_BL_1,,info,IMG_FILE_MISSING,,,,,
227000_BU,227000,Earring QUADROS Burgundy,_BU,Burgundy,Jewellery,Earrings,Stud,Copper; Cork; Iron; Resin; Zinc,Rodhium,,17.99,/242/52/227000_BU_1,,info,IMG_FILE_MISSING,,,,,
227006_SV,227006,Ring QUADROS Silver,_SV,Silver,Jewellery,Rings,Cocktail,Brass; Cork; Zinc,Rodhium,,12.99,/242/52/227006_SV_1,,info,IMG_FILE_MISSING,,,,,
227023_DM,227023,Ring GALÁPAGOS Dark Multicolor,_DM,Dark Multicolor,Jewellery,Rings,Cocktail,Cotton; Resin; Stone; Zinc,Antik Golden,,7.99,/242/52/227023_DM_1,,info,IMG_FILE_MISSING,,,,,
227029_OG,227029,Earring GALÁPAGOS Old Gold,_OG,Old Gold,Jewellery,Earrings,Stud,Cork; Iron,Antik Golden,,7.99,/242/52/227029_OG_1,,info,IMG_FILE_MISSING,,,,,
227035_DB,227035,Bracelet GALÁPAGOS Dark Brown,_DB,Dark Brown,Jewellery,Bracelets,Elastic Bracelet,Cork; Elastane; Resin,,,9.99,/242/52/227035_DB_1,,info,IMG_FILE_MISSING,,,,,
227042_DM,227042,Earring GALÁPAGOS Dark Multicolor,_DM,Dark Multicolor,Jewellery,Earrings,Clip Earrings,Cork; Resin; Zinc,Antik Golden,,7.99,/242/52/227042_DM_1,,info,IMG_FILE_MISSING,,,,,
227070_GD,227070,Necklace GOLD PLATED COLLECTION Gold,_GD,Gold,Jewellery,Necklaces,Pendant,Brass; Stone,Gold Plated,,27.99,/242/52/227070_GD_1,,info,IMG_FILE_MISSING,,,,,
227112_DM,227112,Earring NEOPOP Dark Multicolor,_DM,Dark Multicolor,Jewellery,Earrings,Stud,Glass; Resin,Black Nikel,,7.99,/242/52/227112_DM_1,,info,IMG_FILE_MISSING,,,,,
227151_DM,227151,Earring NEOPOP Dark Multicolor,_DM,Dark Multicolor,Jewellery,Earrings,Hoop Earrings,Cork; Enamel; Glass; Zinc,Black Nikel,,7.99,/242/52/227151_DM_1,,info,IMG_FILE_MISSING,,,,,
227165_DM,227165,Necklace NEOPOP Dark Multicolor,_DM,Dark Multicolor,Jewellery,Necklaces,Beaded Necklace,Cork; Glass; Thermoplastic Polyurethane; Zinc,Black Nikel,,15.99,/242/52/227165_DM_1,,info,IMG_FILE_MISSING,,,,,
227173_DM,227173,Earring NEOPOP Dark Multicolor,_DM,Dark Multicolor,Jewellery,Earrings,Ear Jacket,Cork; Glass; Zinc,Black Nikel,,5.99,/242/52/227173_DM_1,,info,IMG_FILE_MISSING,,,,,
227189_FU,227189,Earring NEOPOP Fuchsia,_FU,Fuchsia,Jewellery,Earrings,Dangle,Cork; Glass; Iron; Polymer,Black Nikel,,8.99,/242/52/227189_FU_1,,info,IMG_FILE_MISSING,,,,,
227193_BM,227193,Necklace NEOPOP Bright Multicolor,_BM,Bright Multicolor,Jewellery,Necklaces,Pendant,Cork; Glass; Polyester; Resin,Black Nikel,,12.99,/242/52/227193_BM_1,,info,IMG_FILE_MISSING,,,,,
227193_DM,227193,Necklace NEOPOP Dark Multicolor,_DM,Dark Multicolor,Jewellery,Necklaces,Pendant,Cork; Glass; Polyester; Resin,Black Nikel,,12.99,/242/52/227193_DM_1,,info,IMG_FILE_MISSING,,,,,
227200_DM,227200,Ring NEOPOP Dark Multicolor,_DM,Dark Multicolor,Jewellery,Rings,Cocktail,Cork; Thermoplastic Polyurethane,,,8.99,/242/52/227200_DM_1,,info,IMG_FILE_MISSING,,,,,
227244_GD,227244,Earring PERMANENT - SUSPENDED FR Gold,_GD,Gold,Jewellery,Earrings,Stud,Acrylic; Zinc,,,4.99,/242/52/227244_GD_1,,info,IMG_FILE_MISSING,,,,,
227561_GD,227561,Bracelet TREND Gold,_GD,Gold,Jewellery,Bracelets,Cuff,Brass; Cork,Golden,,12.99,/242/52/227561_GD_1,,info,IMG_FILE_MISSING,,,,,
228000_GD,228000,Earring Golden Basics Gold,_GD,Gold,Jewellery,Earrings,Clip Earrings,Brass; Cork; Zinc,Golden,,5.99,/242/52/228000_GD_1,,info,IMG_FILE_MISSING,,,,,
228007_BK,228007,Earring Milagro Black,_BK,Black,Jewellery,Earrings,Clip Earrings,Copper; Cork; Enamel; Rubber; Zinc,Golden,,5.99,/242/52/228007_BK_1,,info,IMG_FILE_MISSING,,,,,
228016_BK,228016,Bracelet Milagro Black,_BK,Black,Jewellery,Bracelets,Cuff,Cork; Enamel; Zinc,,,9.99,/242/52/228016_BK_1,,info,IMG_FILE_MISSING;SALES_MISSING,,,,,
229090_SV,229090,Earring SILVER BASICS Silver,_SV,Silver,Jewellery,Earrings,Clip Earrings,Cork; Iron; Zinc,Rodhium,,5.99,/242/52/229090_SV_1,,info,IMG_FILE_MISSING,,,,,
229459_BM,229459,Necklace FUNNY COLLECTION Bright Multicolor,_BM,Bright Multicolor,Jewellery,Necklaces,Pendant,Cork; Crystal Glass; Glass,Golden,,29.99,/242/52/229459_BM_1,,info,IMG_FILE_MISSING;SALES_MISSING,,,,,
229560_BM,229560,Necklace FUNNY COLLECTION Bright Multicolor,_BM,Bright Multicolor,Jewellery,Necklaces,Pendant,Brass; Crystal Glass; Iron; Nylon; Pearl,Golden,,49.99,/242/52/229560_BM_1,,info,IMG_FILE_MISSING;SALES_MISSING,,,,,
214559_BM,214559,Coin Purse gina Bright Multicolor,_BM,Bright Multicolor,Wallet,Coin Purse,Real Fur,Cow Leather; Polyester,,,12.99,/232/62/214559_BM_1,,info,IMG_FILE_MISSING,,,,,
214559_HM,214559,Coin Purse gina Halftone Multicolor,_HM,Halftone Multicolor,Wallet,Coin Purse,Real Fur,Cow Leather; Polyester,,,12.99,/232/62/214559_HM_1,,info,IMG_FILE_MISSING,,,,,
214613_KK,214613,Phone Holder CAMI 1 Khaki,_KK,Khaki,Wallet,Phone Holder,Printed PU,Polyester; Polyurethane; Thermoplastic Polyurethane,Silver,,17.99,/241/62/214613_KK_1,,info,IMG_FILE_MISSING,,,,,
225944_CA,225944,Wallet GLORIA Camel,_CA,Camel,Wallet,Wallet,Plain PU,Polyester; Polyurethane; Thermoplastic Polyurethane,,,12.99,/242/62/225944_CA_1,,info,IMG_FILE_MISSING,,,,,
226609_DM,226609,Multipurpose Purse COLLAGE2 Dark Multicolor,_DM,Dark Multicolor,Wallet,Multipurpose Purse,Printed Nylon,Polyester; Polyurethane,Silver,,17.99,/242/62/226609_DM_1,,info,IMG_FILE_MISSING,,,,,
226623_BK,226623,Multipurpose Purse DOLLY Black,_BK,Black,Wallet,Multipurpose Purse,Nylon,Polyamide; Polyester,,,12.99,/242/62/226623_BK_1,,info,IMG_FILE_MISSING;SALES_MISSING,,,,,
226623_PK,226623,Multipurpose Purse DOLLY Pink,_PK,Pink,Wallet,Multipurpose Purse,Nylon,Polyamide; Polyester,,,12.99,/242/62/226623_PK_1,,info,IMG_FILE_MISSING;SALES_MISSING,,,,,
227520_BM,227520,Jewellery Case DOLLY Bright Multicolor,_BM,Bright Multicolor,Wallet,Others,Jewellery Case,Polyamide; Polyester,,,15.99,/242/62/227520_BM_1,,info,IMG_FILE_MISSING;SALES_MISSING,,,,,
227520_DM,227520,Jewellery Case DOLLY Dark Multicolor,_DM,Dark Multicolor,Wallet,Others,Jewellery Case,Polyamide; Polyester,,,15.99,/242/62/227520_DM_1,,info,IMG_FILE_MISSING;SALES_MISSING,,,,,
195592_EC,195592,Jeans APP PRO Ecru,_EC,Ecru,Apparel,Jeans,Woven,Cotton,,,32.99,/221/64/195592_EC_1,195592_EC_1.jpg,none,,,,,,
206386_BU,206386,Trousers PRIESTLY Burgundy,_BU,Burgundy,Apparel,Trousers,Circular,Elastane; Modal; Polyester,,Modal,27.99,/231/64/206386_BU_1,206386_BU_1.jpg,none,,,,,,
206394_BU,206394,Raincoat SummercapsuleSET Burgundy,_BU,Burgundy,Apparel,Raincoat,Woven,Cotton; Polyester,,Polyester,49.99,/232/64/206394_BU_1,206394_BU_1.jpg,none,,,,,,
206394_EC,206394,Raincoat capsuleagosto Ecru,_EC,Ecru,Apparel,Raincoat,Woven,Cotton; Polyester,,Polyester,49.99,/232/64/206394_EC_1,206394_EC_1.jpg,none,,,,,,
206394_KK,206394,Raincoat SummercapsuleSET Khaki,_KK,Khaki,Apparel,Raincoat,Woven,Cotton; Polyester,,Polyester,49.99,/232/64/206394_KK_1,206394_KK_1.jpg,none,,,,,,
206548_BN,206548,T-shirt MAXI MAIO Brown,_BN,Brown,Apparel,T-shirt,Circular,Cotton,,Cotton,15.99,/232/64/206548_BN_1,206548_BN_1.jpg,none,,,,,,
206548_PU,206548,T-shirt MAXI MAIO Purple,_PU,Purple,Apparel,T-shirt,Circular,Cotton,,Cotton,15.99,/232/64/206548_PU_1,206548_PU_1.jpg,none,,,,,,
206548_RD,206548,T-shirt MAXI MAIO Red,_RD,Red,Apparel,T-shirt,Circular,Cotton,,Cotton,15.99,/232/64/206548_RD_1,206548_RD_1.jpg,none,,,,,,
206548_WT,206548,T-shirt PAULINE White,_WT,White,Apparel,T-shirt,Circular,Cotton,,Cotton,15.99,/232/64/206548_WT_1,206548_WT_1.jpg,none,,,,,,
206936_BK,206936,Shirt BLACKWHITE Black,_BK,Black,Apparel,Shirt,Woven,Polyester,,Polyester,39.99,/232/64/206936_BK_1,206936_BK_1.jpg,none,,,,,,
206936_EC,206936,Shirt BLACKWHITE Ecru,_EC,Ecru,Apparel,Shirt,Woven,Polyester,,Polyester,39.99,/232/64/206936_EC_1,206936_EC_1.jpg,none,,,,,,
208038_BG,208038,Dress ESSENTIALS T DISPLAY 1 Beige,_BG,Beige,Apparel,Dress,Woven,Lyocell,,Lyocell,29.99,/232/64/208038_BG_1,208038_BG_1.jpg,none,,,,,,
208038_BK,208038,Dress BLACKWHITE Black,_BK,Black,Apparel,Dress,Woven,Lyocell,,Lyocell,29.99,/232/64/208038_BK_1,208038_BK_1.jpg,none,,,,,,
208038_RD,208038,Dress ESSENTIALS T DISPLAY 1 Red,_RD,Red,Apparel,Dress,Woven,Lyocell,,Lyocell,29.99,/232/64/208038_RD_1,208038_RD_1.jpg,none,,,,,,
208038_WT,208038,Dress ESSENTIALS T DISPLAY 1 White,_WT,White,Apparel,Dress,Woven,Lyocell,,Lyocell,29.99,/232/64/208038_WT_1,208038_WT_1.jpg,none,,,,,,
208141_WT,208141,Dress BLACKWHITE White,_WT,White,Apparel,Dress,Woven,Cotton,,Cotton,25.99,/232/64/208141_WT_1,208141_WT_1.jpg,none,,,,,,
209501_EC,209501,Dress PAULINE Ecru,_EC,Ecru,Apparel,Dress,Woven,Linen,,Linen,39.99,/232/64/209501_EC_1,209501_EC_1.jpg,none,,,,,,
209790_BM,209790,Skirt PAULINE Bright Multicolor,_BM,Bright Multicolor,Apparel,Skirt,Woven,Viscose,,Viscose,29.99,/232/64/209790_BM_1,209790_BM_1.jpg,none,,,,,,
209828_BM,209828,Shirt LOVEBOX Bright Multicolor,_BM,Bright Multicolor,Apparel,Shirt,Woven,Cotton,,Cotton,22.99,/232/64/209828_BM_1,209828_BM_1.jpg,none,,,,,,
209851_LL,209851,Dress VIMBA Lilac,_LL,Lilac,Apparel,Dress,Woven,Linen,,Linen,39.99,/232/64/209851_LL_1,209851_LL_1.jpg,none,,,,,,
209851_OR,209851,Dress VIMBA Orange,_OR,Orange,Apparel,Dress,Woven,Linen,,Linen,39.99,/232/64/209851_OR_1,209851_OR_1.jpg,none,,,,,,
209852_BM,209852,Shirt LOVEBOX Bright Multicolor,_BM,Bright Multicolor,Apparel,Shirt,Woven,Lyocell; Polyamide,,Lyocell,27.99,/232/64/209852_BM_1,209852_BM_1.jpg,none,,,,,,
209966_BM,209966,Jumpsuit SKALLI Bright Multicolor,_BM,Bright Multicolor,Apparel,Jumpsuit,Woven,Modal,,Modal,32.99,/232/64/209966_BM_1,209966_BM_1.jpg,none,,,,,,
210254_LM,210254,Trousers LAB JUNHO Lime,_LM,Lime,Apparel,Trousers,Woven,Lyocell,,Lyocell,29.99,/232/64/210254_LM_1,210254_LM_1.jpg,none,,,,,,
210481_WT,210481,Dress KATELL White,_WT,White,Apparel,Dress,Woven,Lyocell; Viscose,,Viscose,39.99,/232/64/210481_WT_1,210481_WT_1.jpg,none,,,,,,
210510_BL,210510,Dress KATELL Blue,_BL,Blue,Apparel,Dress,Woven,Viscose,,Viscose,32.99,/232/64/210510_BL_1,210510_BL_1.jpg,none,,,,,,
210799_BG,210799,Shirt ESSENTIALS T DISPLAY 1 Beige,_BG,Beige,Apparel,Shirt,Woven,Cotton,,Cotton,22.99,/232/64/210799_BG_1,210799_BG_1.jpg,none,,,,,,
210799_KK,210799,Shirt ESSENTIALS T DISPLAY 1 Khaki,_KK,Khaki,Apparel,Shirt,Woven,Cotton,,Cotton,22.99,/232/64/210799_KK_1,210799_KK_1.jpg,none,,,,,,
210836_BM,210836,Skirt SKALLI Bright Multicolor,_BM,Bright Multicolor,Apparel,Skirt,Woven,Cotton; Metallic Fiber,,Cotton,19.99,/232/64/210836_BM_1,210836_BM_1.jpg,none,,,,,,
210891_EC,210891,Shirt LOVEBOX2 Ecru,_EC,Ecru,Apparel,Shirt,Woven,Cotton,,Cotton,39.99,/232/64/210891_EC_1,210891_EC_1.jpg,none,,,,,,
210899_BM,210899,Dress BILL Bright Multicolor,_BM,Bright Multicolor,Apparel,Dress,Woven,Viscose,,Viscose,29.99,/232/64/210899_BM_1,210899_BM_1.jpg,none,,,,,,
210899_BN,210899,Dress BILL Brown,_BN,Brown,Apparel,Dress,Woven,Viscose,,Viscose,29.99,/232/64/210899_BN_1,210899_BN_1.jpg,none,,,,,,
210899_DM,210899,Dress BILL Dark Multicolor,_DM,Dark Multicolor,Apparel,Dress,Woven,Viscose,,Viscose,29.99,/232/64/210899_DM_1,210899_DM_1.jpg,none,,,,,,
210922_BM,210922,T-shirt LOVEBOX3 Bright Multicolor,_BM,Bright Multicolor,Apparel,T-shirt,Circular,Cotton,,Cotton,19.99,/232/64/210922_BM_1,210922_BM_1.jpg,none,,,,,,
211239_EC,211239,Skirt LAB JUNHO Ecru,_EC,Ecru,Apparel,Skirt,Woven,Lyocell; Polyamide,,Lyocell,35.99,/232/64/211239_EC_1,211239_EC_1.jpg,none,,,,,,
211354_BL,211354,Trousers KATELL Blue,_BL,Blue,Apparel,Trousers,Woven,Lyocell,,Lyocell,35.99,/232/64/211354_BL_1,211354_BL_1.jpg,none,,,,,,
211447_BM,211447,Trousers TORANJA Bright Multicolor,_BM,Bright Multicolor,Apparel,Trousers,Woven,Organic Cotton,,Cotton,25.99,/232/64/211447_BM_1,211447_BM_1.jpg,none,,,,,,
211471_BM,211471,Top TORANJA Bright Multicolor,_BM,Bright Multicolor,Apparel,Top,Woven,Cotton; Elastodieno,,Cotton,19.99,/232/64/211471_BM_1,211471_BM_1.jpg,none,,,,,,
211650_GN,211650,Sweater LAB JUNHO Green,_GN,Green,Apparel,Sweater,Knit,Acrylic; Cotton,,Cotton,29.99,/232/64/211650_GN_1,211650_GN_1.jpg,none,,,,,,
211706_BN,211706,Dress LAB JUNHO Brown,_BN,Brown,Apparel,Dress,Woven,Viscose,,Viscose,49.99,/232/64/211706_BN_1,211706_BN_1.jpg,none,,,,,,
211845_BK,211845,Trousers ESSENTIALS T DISPLAY 1 Black,_BK,Black,Apparel,Trousers,Knit,Polyamide; Viscose,,,29.99,/232/64/211845_BK_1,211845_BK_1.jpg,none,,,,,,
211915_BL,211915,Sweatshirt BILL Blue,_BL,Blue,Apparel,Sweatshirt,Circular,Elastane; Polyester; Viscose,,Polyester,22.99,/232/64/211915_BL_1,211915_BL_1.jpg,none,,,,,,
211915_DG,211915,Sweatshirt SummercapsuleJul Dark Grey,_DG,Dark Grey,Apparel,Sweatshirt,Circular,Elastane; Polyester; Viscose,,Polyester,22.99,/232/64/211915_DG_1,211915_DG_1.jpg,none,,,,,,
211915_EC,211915,Sweatshirt SummercapsuleJul Ecru,_EC,Ecru,Apparel,Sweatshirt,Circular,Elastane; Polyester; Viscose,,Polyester,22.99,/232/64/211915_EC_1,211915_EC_1.jpg,none,,,,,,
211915_FU,211915,Sweatshirt BILL Fuchsia,_FU,Fuchsia,Apparel,Sweatshirt,Circular,Elastane; Polyester; Viscose,,Polyester,22.99,/232/64/211915_FU_1,211915_FU_1.jpg,none,,,,,,
211915_KK,211915,Sweatshirt BILL Khaki,_KK,Khaki,Apparel,Sweatshirt,Circular,Elastane; Polyester; Viscose,,Polyester,22.99,/232/64/211915_KK_1,211915_KK_1.jpg,none,,,,,,
212037_BL,212037,Shirt LAB AGOSTO Blue,_BL,Blue,Apparel,Shirt,Woven,Acrylic; Cotton,,Cotton,29.99,/232/64/212037_BL_1,212037_BL_1.jpg,none,,,,,,
212037_PK,212037,Shirt LAB AGOSTO Pink,_PK,Pink,Apparel,Shirt,Woven,Acrylic; Cotton,,Cotton,29.99,/232/64/212037_PK_1,212037_PK_1.jpg,none,,,,,,
212153_EC,212153,Trousers MAXI MAIO Ecru,_EC,Ecru,Apparel,Trousers,Woven,Linen; Viscose,,Viscose,35.99,/232/64/212153_EC_1,212153_EC_1.jpg,none,,,,,,
212153_FU,212153,Trousers MAXI MAIO Fuchsia,_FU,Fuchsia,Apparel,Trousers,Woven,Linen; Viscose,,Viscose,35.99,/232/64/212153_FU_1,212153_FU_1.jpg,none,,,,,,
212153_KK,212153,Trousers MAXI MAIO Khaki,_KK,Khaki,Apparel,Trousers,Woven,Linen; Viscose,,Viscose,35.99,/232/64/212153_KK_1,212153_KK_1.jpg,none,,,,,,
212159_EC,212159,Shirt LAB JULHO Ecru,_EC,Ecru,Apparel,Shirt,Woven,Linen,,Linen,39.99,/232/64/212159_EC_1,212159_EC_1.jpg,none,,,,,,
212184_BN,212184,Trousers CAPRI 2 Brown,_BN,Brown,Apparel,Trousers,Woven,Polyester,,Polyester,32.99,/232/64/212184_BN_1,212184_BN_1.jpg,none,,,,,,
212190_BN,212190,Trousers MAXI MAIO Brown,_BN,Brown,Apparel,Trousers,Woven,Cotton,,Cotton,27.99,/232/64/212190_BN_1,212190_BN_1.jpg,none,,,,,,
212190_WT,212190,Trousers MAXI MAIO White,_WT,White,Apparel,Trousers,Woven,Cotton,,Cotton,27.99,/232/64/212190_WT_1,212190_WT_1.jpg,none,,,,,,
212196_WT,212196,T-shirt Capri White,_WT,White,Apparel,T-shirt,Circular,Cotton,,Cotton,19.99,/232/64/212196_WT_1,212196_WT_1.jpg,none,,,,,,
212271_BM,212271,Shirt ANDIE Bright Multicolor,_BM,Bright Multicolor,Apparel,Shirt,Woven,Lyocell; Polyamide; Viscose,,Viscose,27.99,/232/64/212271_BM_1,212271_BM_1.jpg,none,,,,,,
212363_EC,212363,Vest ANDIE Ecru,_EC,Ecru,Apparel,Vest,Woven,Polyamide; Polyester,,Polyamide,39.99,/232/64/212363_EC_1,212363_EC_1.jpg,none,,,,,,
212431_BM,212431,Shirt ANDIE Bright Multicolor,_BM,Bright Multicolor,Apparel,Shirt,Woven,Lyocell,,Lyocell,29.99,/232/64/212431_BM_1,212431_BM_1.jpg,none,,,,,,
212431_BR,212431,Shirt MAXI 27/09 Brick Red,_BR,Brick Red,Apparel,Shirt,Woven,Lyocell,,Lyocell,29.99,/232/64/212431_BR_1,212431_BR_1.jpg,none,,,,,,
212431_GY,212431,Shirt MAXI 27/09 Grey,_GY,Grey,Apparel,Shirt,Woven,Lyocell,,Lyocell,29.99,/232/64/212431_GY_1,212431_GY_1.jpg,none,,,,,,
212472_FU,212472,Sweatshirt TUSCA Fuchsia,_FU,Fuchsia,Apparel,Sweatshirt,Circular,Cotton; Polyester,,Cotton,32.99,/232/64/212472_FU_1,212472_FU_1.jpg,none,,,,,,
212472_YL,212472,Sweatshirt NOTO Yellow,_YL,Yellow,Apparel,Sweatshirt,Circular,Cotton; Polyester,,Cotton,32.99,/232/64/212472_YL_1,212472_YL_1.jpg,none,,,,,,
212514_GY,212514,Coat CAPRI 2 Grey,_GY,Grey,Apparel,Coat,Circular,Cotton; Elastane; Polyester,,Cotton,39.99,/232/64/212514_GY_1,212514_GY_1.jpg,none,,,,,,
212578_BK,212578,Trousers ESSENTIALS T DISPLAY 1 Black,_BK,Black,Apparel,Trousers,Knit,Polyamide; Polyester; Viscose,,Viscose,29.99,/232/64/212578_BK_1,212578_BK_1.jpg,none,,,,,,
212578_CA,212578,Trousers ESSENTIALS T DISPLAY 1 Camel,_CA,Camel,Apparel,Trousers,Knit,Polyamide; Polyester; Viscose,,Viscose,29.99,/232/64/212578_CA_1,212578_CA_1.jpg,none,,,,,,
212578_TU,212578,Trousers ESSENTIALS T DISPLAY 1 Taupe,_TU,Taupe,Apparel,Trousers,Knit,Polyamide; Polyester; Viscose,,Viscose,29.99,/232/64/212578_TU_1,212578_TU_1.jpg,none,,,,,,
212616_KK,212616,Shirt Luna Khaki,_KK,Khaki,Apparel,Shirt,Woven,Viscose,,Viscose,25.99,/232/64/212616_KK_1,212616_KK_1.jpg,none,,,,,,
212631_BK,212631,Shirt MAXI MAIO Black,_BK,Black,Apparel,Shirt,Woven,Linen,,Linen,39.99,/232/64/212631_BK_1,212631_BK_1.jpg,none,,,,,,
212631_KK,212631,Shirt MAXI MAIO Khaki,_KK,Khaki,Apparel,Shirt,Woven,Linen,,Linen,39.99,/232/64/212631_KK_1,212631_KK_1.jpg,none,,,,,,
212657_LB,212657,Coat CAPRI 2 Light Blue,_LB,Light Blue,Apparel,Coat,Woven,Polyamide; Polyester,,Polyamide,49.99,/232/64/212657_LB_1,212657_LB_1.jpg,none,,,,,,
212658_BR,212658,Sweater Holt 3 Brick Red,_BR,Brick Red,Apparel,Sweater,Knit,Acrylic; Polyamide; Wool,,Acrylic,32.99,/232/64/212658_BR_1,212658_BR_1.jpg,none,,,,,,
212658_OW,212658,Sweater Holt Off White,_OW,Off White,Apparel,Sweater,Knit,Acrylic; Polyamide; Wool,,Acrylic,32.99,/232/64/212658_OW_1,212658_OW_1.jpg,none,,,,,,
212845_BM,212845,Shirt Holt 3 Bright Multicolor,_BM,Bright Multicolor,Apparel,Shirt,Woven,Viscose,,Viscose,32.99,/232/64/212845_BM_1,212845_BM_1.jpg,none,,,,,,
213023_BM,213023,Dress Holt Bright Multicolor,_BM,Bright Multicolor,Apparel,Dress,Woven,Viscose,,Viscose,39.99,/232/64/213023_BM_1,213023_BM_1.jpg,none,,,,,,
213426_BK,213426,Coat LAB OUTUBRO Black,_BK,Black,Apparel,Coat,Woven,Polyamide; Polyester,,Polyamide,59.99,/232/64/213426_BK_1,213426_BK_1.jpg,none,,,,,,
213426_EC,213426,Coat MIRO 3 Ecru,_EC,Ecru,Apparel,Coat,Woven,Polyamide; Polyester,,Polyamide,59.99,/232/64/213426_EC_1,213426_EC_1.jpg,none,,,,,,
213434_BK,213434,Coat REMY 4 Black,_BK,Black,Apparel,Coat,Woven,Cotton; Polyamide; Polyester,,Polyester,69.99,/232/64/213434_BK_1,213434_BK_1.jpg,none,,,,,,
213434_BN,213434,Coat HOLT 2 Brown,_BN,Brown,Apparel,Coat,Woven,Cotton; Polyamide; Polyester,,Polyester,69.99,/232/64/213434_BN_1,213434_BN_1.jpg,none,,,,,,
213434_GN,213434,Coat LAB OUTUBRO Green,_GN,Green,Apparel,Coat,Woven,Cotton; Polyamide; Polyester,,Polyester,69.99,/232/64/213434_GN_1,213434_GN_1.jpg,none,,,,,,
213487_BM,213487,Shirt HOLT4 Bright Multicolor,_BM,Bright Multicolor,Apparel,Shirt,Woven,Lyocell; Polyamide,,Lyocell,32.99,/232/64/213487_BM_1,213487_BM_1.jpg,none,,,,,,
213555_BK,213555,Shirt LAB OUTUBRO Black,_BK,Black,Apparel,Shirt,Woven,Lyocell; Polyamide,,Lyocell,27.99,/232/64/213555_BK_1,213555_BK_1.jpg,none,,,,,,
213555_BL,213555,Shirt LAB OUTUBRO Blue,_BL,Blue,Apparel,Shirt,Woven,Lyocell; Polyamide,,Lyocell,27.99,/232/64/213555_BL_1,213555_BL_1.jpg,none,,,,,,
213555_BN,213555,Shirt LAB OUTUBRO Brown,_BN,Brown,Apparel,Shirt,Woven,Lyocell; Polyamide,,Lyocell,27.99,/232/64/213555_BN_1,213555_BN_1.jpg,none,,,,,,
213650_BU,213650,Raincoat MIRÓ 2 Burgundy,_BU,Burgundy,Apparel,Raincoat,Woven,Polyamide,,Polyamide,49.99,/232/64/213650_BU_1,213650_BU_1.jpg,none,,,,,,
213665_CA,213665,Poncho ROTHKO Camel,_CA,Camel,Apparel,Poncho,Knit,Cotton; Polyester,,Cotton,39.99,/232/64/213665_CA_1,213665_CA_1.jpg,none,,,,,,
213665_GY,213665,Poncho ROTHKO Grey,_GY,Grey,Apparel,Poncho,Knit,Cotton; Polyester,,Cotton,39.99,/232/64/213665_GY_1,213665_GY_1.jpg,none,,,,,,
213704_AN,213704,Sweatshirt T1 ESSENTIALS Anthracite,_AN,Anthracite,Apparel,Sweatshirt,Circular,Elastane; Modal; Polyester,,,27.99,/241/64/213704_AN_1,213704_AN_1.jpg,none,,,,,,
213704_BM,213704,Sweatshirt PRIESTLY Bright Multicolor,_BM,Bright Multicolor,Apparel,Sweatshirt,Circular,Elastane; Modal; Polyester,,Modal,27.99,/232/64/213704_BM_1,213704_BM_1.jpg,none,,,,,,
213704_KK,213704,Sweatshirt T1 ESSENTIALS Khaki,_KK,Khaki,Apparel,Sweatshirt,Circular,Elastane; Modal; Polyester,,,27.99,/232/64/213704_KK_1,213704_KK_1.jpg,none,,,,,,
213765_DM,213765,Shirt MISSY Dark Multicolor,_DM,Dark Multicolor,Apparel,Shirt,Woven,Viscose,,Viscose,27.99,/232/64/213765_DM_1,213765_DM_1.jpg,none,,,,,,
213848_BK,213848,Sweater LAB OUTUBRO Black,_BK,Black,Apparel,Sweater,Knit,Acrylic; Elastane; Polyester,,Acrylic,25.99,/232/64/213848_BK_1,213848_BK_1.jpg,none,,,,,,
213848_BL,213848,Sweater LAB OUTUBRO Blue,_BL,Blue,Apparel,Sweater,Knit,Acrylic; Elastane; Polyester,,Acrylic,25.99,/232/64/213848_BL_1,213848_BL_1.jpg,none,,,,,,
213848_GY,213848,Sweater PICASSO Grey,_GY,Grey,Apparel,Sweater,Knit,Acrylic; Elastane; Polyester,,Acrylic,25.99,/232/64/213848_GY_1,213848_GY_1.jpg,none,,,,,,
213864_PK,213864,Jeans Holt Pink,_PK,Pink,Apparel,Jeans,Woven,Cotton,,Cotton,32.99,/232/64/213864_PK_1,213864_PK_1.jpg,none,,,,,,
213940_OW,213940,Sweater ANDIE Off White,_OW,Off White,Apparel,Sweater,Circular,Cotton; Polyester,,Cotton,27.99,/232/64/213940_OW_1,213940_OW_1.jpg,none,,,,,,
214088_CA,214088,Sweater AMI Camel,_CA,Camel,Apparel,Sweater,Knit,Acrylic; Elastane; Wool; recycled polyester,,,32.99,/232/64/214088_CA_1,214088_CA_1.jpg,none,,,,,,
214181_KK,214181,Coat PICASSO Khaki,_KK,Khaki,Apparel,Coat,Woven,Polyamide; Polyester,,Polyester,59.99,/232/64/214181_KK_1,214181_KK_1.jpg,none,,,,,,
214181_SV,214181,Coat Neptune Silver,_SV,Silver,Apparel,Coat,Woven,Polyamide; Polyester,,Polyester,59.99,/241/64/214181_SV_1,214181_SV_1.jpg,none,,,,,,
214196_GN,214196,Sweater MAXI 13/09 Green,_GN,Green,Apparel,Sweater,Knit,Acrylic; Elastane; Polyamide,,Acrylic,35.99,/232/64/214196_GN_1,214196_GN_1.jpg,none,,,,,,
214196_GY,214196,Sweater MAXI 13/09 Grey,_GY,Grey,Apparel,Sweater,Knit,Acrylic; Elastane; Polyamide,,Acrylic,35.99,/232/64/214196_GY_1,214196_GY_1.jpg,none,,,,,,
214196_RD,214196,Sweater MAXI 27/09 Red,_RD,Red,Apparel,Sweater,Knit,Acrylic; Elastane; Polyamide,,Acrylic,35.99,/232/64/214196_RD_1,214196_RD_1.jpg,none,,,,,,
214323_RD,214323,Skirt LATTO Red,_RD,Red,Apparel,Skirt,Woven,Elastane; Polyester,,Polyester,39.99,/232/64/214323_RD_1,214323_RD_1.jpg,none,,,,,,
214370_BG,214370,Top MAXI AGOSTO Beige,_BG,Beige,Apparel,Top,Knit,Cotton; Polyester,,Cotton,29.99,/232/64/214370_BG_1,214370_BG_1.jpg,none,,,,,,
214370_KK,214370,Top MAXI AGOSTO Khaki,_KK,Khaki,Apparel,Top,Knit,Cotton; Polyester,,Cotton,29.99,/232/64/214370_KK_1,214370_KK_1.jpg,none,,,,,,
214370_OW,214370,Top MAXI AGOSTO Off White,_OW,Off White,Apparel,Top,Knit,Cotton; Polyester,,Cotton,29.99,/232/64/214370_OW_1,214370_OW_1.jpg,none,,,,,,
214370_PU,214370,Top MAXI AGOSTO Purple,_PU,Purple,Apparel,Top,Knit,Cotton; Polyester,,Cotton,29.99,/232/64/214370_PU_1,214370_PU_1.jpg,none,,,,,,
214497_BM,214497,Shirt VAN GOGH Bright Multicolor,_BM,Bright Multicolor,Apparel,Shirt,Woven,Lyocell; Polyester,,Lyocell,27.99,/232/64/214497_BM_1,214497_BM_1.jpg,none,,,,,,
214519_DM,214519,Cardigan MIRO 3 Dark Multicolor,_DM,Dark Multicolor,Apparel,Cardigan,Knit,Polyamide; Viscose,,Viscose,35.99,/232/64/214519_DM_1,214519_DM_1.jpg,none,,,,,,
214519_GN,214519,Cardigan LAB OUTUBRO Green,_GN,Green,Apparel,Cardigan,Knit,Polyamide; Viscose,,Viscose,35.99,/232/64/214519_GN_1,214519_GN_1.jpg,none,,,,,,
214541_BM,214541,Shirt MISSY Bright Multicolor,_BM,Bright Multicolor,Apparel,Shirt,Woven,Viscose,,Viscose,29.99,/232/64/214541_BM_1,214541_BM_1.jpg,none,,,,,,
214719_BK,214719,Skirt CANICHE CAMPAIGN Black,_BK,Black,Apparel,Skirt,Woven,Polyester; Sheep leather,,Leather,89.99,/232/64/214719_BK_1,214719_BK_1.jpg,none,,,,,,
214823_GN,214823,Dress SATURN 4 Green,_GN,Green,Apparel,Dress,Woven,Chenille; Elastane; Polyester,,Chenille,49.99,/241/64/214823_GN_1,214823_GN_1.jpg,none,,,,,,
214883_BG,214883,Poncho KUSAMA Beige,_BG,Beige,Apparel,Poncho,Knit,Acrylic; Polyamide; Wool,,Polyamide,49.99,/232/64/214883_BG_1,214883_BG_1.jpg,none,,,,,,
214892_YL,214892,Coat BRAT Yellow,_YL,Yellow,Apparel,Coat,Woven,Polyester,,Polyester,59.99,/232/64/214892_YL_1,214892_YL_1.jpg,none,,,,,,
214934_GY,214934,Cardigan Neptune Grey,_GY,Grey,Apparel,Cardigan,Knit,Polyamide; Polyester; Viscose,,,35.99,/241/64/214934_GY_1,214934_GY_1.jpg,none,,,,,,
214934_OW,214934,Cardigan Neptune Off White,_OW,Off White,Apparel,Cardigan,Knit,Polyamide; Polyester; Viscose,,,35.99,/241/64/214934_OW_1,214934_OW_1.jpg,none,,,,,,
214945_BM,214945,Dress Hot Bright Multicolor,_BM,Bright Multicolor,Apparel,Dress,Woven,Viscose,,,32.99,/241/64/214945_BM_1,214945_BM_1.jpg,none,,,,,,
215010_GY,215010,Dress CANICHE CAMPAIGN Grey,_GY,Grey,Apparel,Dress,Woven,Polyester; Sheep leather,,Leather,89.99,/232/64/215010_GY_1,215010_GY_1.jpg,none,,,,,,
215044_BM,215044,Sweater Neptune Bright Multicolor,_BM,Bright Multicolor,Apparel,Sweater,Knit,Acrylic; Polyamide; Wool; recycled polyester,,,35.99,/241/64/215044_BM_1,215044_BM_1.jpg,none,,,,,,
215101_YL,215101,Shirt Hot Yellow,_YL,Yellow,Apparel,Shirt,Woven,Viscose,,Viscose,23.99,/241/64/215101_YL_1,215101_YL_1.jpg,none,,,,,,
215119_BK,215119,Shirt PartycapsuleNovembro Black,_BK,Black,Apparel,Shirt,Woven,Polyester,,Polyester,42.99,/232/64/215119_BK_1,215119_BK_1.jpg,none,,,,,,
215119_BL,215119,Shirt REMY 2 Blue,_BL,Blue,Apparel,Shirt,Woven,Polyester,,Polyester,42.99,/232/64/215119_BL_1,215119_BL_1.jpg,none,,,,,,
215119_GY,215119,Shirt REMY Grey,_GY,Grey,Apparel,Shirt,Woven,Polyester,,Polyester,42.99,/232/64/215119_GY_1,215119_GY_1.jpg,none,,,,,,
215201_DM,215201,Shirt SATURN 3 Dark Multicolor,_DM,Dark Multicolor,Apparel,Shirt,Woven,Polyamide; Viscose,,,27.99,/241/64/215201_DM_1,215201_DM_1.jpg,none,,,,,,
215359_BM,215359,Top CANICHE CAMPAIGN Bright Multicolor,_BM,Bright Multicolor,Apparel,Top,Woven,Cotton; Elastane,,Cotton,29.99,/232/64/215359_BM_1,215359_BM_1.jpg,none,,,,,,
215475_BK,215475,Raincoat SUSTAINABLE CAPSULE Black,_BK,Black,Apparel,Raincoat,Woven,Polyamide,,Polyamide,39.99,/232/64/215475_BK_1,215475_BK_1.jpg,none,,,,,,
215659_BL,215659,Cardigan SATURN 2 Blue,_BL,Blue,Apparel,Cardigan,Knit,Acrylic; Elastane; Polyamide; recycled polyester,,,35.99,/241/64/215659_BL_1,215659_BL_1.jpg,none,,,,,,
215855_BM,215855,Shirt uyt Bright Multicolor,_BM,Bright Multicolor,Apparel,Shirt,Woven,Lyocell; Polyester,,,27.99,/241/64/215855_BM_1,215855_BM_1.jpg,none,,,,,,
215856_AN,215856,Sweater T3 EARTH Anthracite,_AN,Anthracite,Apparel,Sweater,Knit,Metallic Fiber; Polyester,,,29.99,/241/64/215856_AN_1,215856_AN_1.jpg,none,,,,,,
215856_EC,215856,Sweater T3 EARTH Ecru,_EC,Ecru,Apparel,Sweater,Knit,Metallic Fiber; Polyester,,,29.99,/241/64/215856_EC_1,215856_EC_1.jpg,none,,,,,,
215980_EC,215980,Skirt CANICHE CAMPAIGN Ecru,_EC,Ecru,Apparel,Skirt,Woven,Polyamide,,Polyamide,32.99,/232/64/215980_EC_1,215980_EC_1.jpg,none,,,,,,
216016_AN,216016,Cardigan T3 EARTH Anthracite,_AN,Anthracite,Apparel,Cardigan,Knit,Elastodieno; Polyamide; Polyester; Viscose,,,39.99,/241/64/216016_AN_1,216016_AN_1.jpg,none,,,,,,
216016_BG,216016,Cardigan T3 EARTH Beige,_BG,Beige,Apparel,Cardigan,Knit,Elastodieno; Polyamide; Polyester; Viscose,,,39.99,/241/64/216016_BG_1,216016_BG_1.jpg,none,,,,,,
216016_LN,216016,Cardigan EMAN Light Green,_LN,Light Green,Apparel,Cardigan,Knit,Elastodieno; Polyamide; Polyester; Viscose,,,39.99,/241/64/216016_LN_1,216016_LN_1.jpg,none,,,,,,
216016_PK,216016,Cardigan EMAN Pink,_PK,Pink,Apparel,Cardigan,Knit,Elastodieno; Polyamide; Polyester; Viscose,,,39.99,/241/64/216016_PK_1,216016_PK_1.jpg,none,,,,,,
216065_DM,216065,Sweater CANICHE CAMPAIGN Dark Multicolor,_DM,Dark Multicolor,Apparel,Sweater,Knit,Acrylic; Polyamide; Polyester,,Acrylic,32.99,/232/64/216065_DM_1,216065_DM_1.jpg,none,,,,,,
216201_BK,216201,Skirt brasilia Black,_BK,Black,Apparel,Skirt,Woven,Polyester,,Polyester,32.99,/241/64/216201_BK_1,216201_BK_1.jpg,none,,,,,,
216201_BL,216201,Skirt brasilia Blue,_BL,Blue,Apparel,Skirt,Woven,Polyester,,Polyester,32.99,/241/64/216201_BL_1,216201_BL_1.jpg,none,,,,,,
216201_GY,216201,Skirt PLUS CLOSET DEZ Grey,_GY,Grey,Apparel,Skirt,Woven,Polyester,,Polyester,32.99,/241/64/216201_GY_1,216201_GY_1.jpg,none,,,,,,
216201_MI,216201,Skirt brasilia Midnight Blue,_MI,Midnight Blue,Apparel,Skirt,Woven,Polyester,,,29.99,/241/64/216201_MI_1,216201_MI_1.jpg,none,,,,,,
216262_RD,216262,Cardigan LATTO Red,_RD,Red,Apparel,Cardigan,Knit,Polyamide; Viscose,,Viscose,32.99,/232/64/216262_RD_1,216262_RD_1.jpg,none,,,,,,
216388_BL,216388,Jeans SATURN 2 Blue,_BL,Blue,Apparel,Jeans,Woven,Cotton,,,39.99,/241/64/216388_BL_1,216388_BL_1.jpg,none,,,,,,
216401_BK,216401,Dress JUPITER Black,_BK,Black,Apparel,Dress,Circular,Elastane; Polyester; Viscose,,,32.99,/241/64/216401_BK_1,216401_BK_1.jpg,none,,,,,,
216414_BK,216414,Top REMY 3 Black,_BK,Black,Apparel,Top,Knit,Polyamide; Polyester; Viscose,,Viscose,23.99,/232/64/216414_BK_1,216414_BK_1.jpg,none,,,,,,
216435_BN,216435,Dress Maxi nov Brown,_BN,Brown,Apparel,Dress,Woven,Polyamide; Viscose,,,39.99,/241/64/216435_BN_1,216435_BN_1.jpg,none,,,,,,
216453_SV,216453,Top PartycapsuleNovembro Silver,_SV,Silver,Apparel,Top,Circular,Elastodieno; Polyester,,Polyester,25.99,/232/64/216453_SV_1,216453_SV_1.jpg,none,,,,,,
216472_BG,216472,Sweater T1 ESSENTIALS Beige,_BG,Beige,Apparel,Sweater,Knit,Acrylic; Polyamide; Polyester; Wool,,,32.99,/241/64/216472_BG_1,216472_BG_1.jpg,none,,,,,,
216472_LL,216472,Sweater T1 ESSENTIALS Lilac,_LL,Lilac,Apparel,Sweater,Knit,Acrylic; Polyamide; Polyester; Wool,,,32.99,/241/64/216472_LL_1,216472_LL_1.jpg,none,,,,,,
216590_BN,216590,Shirt HOT Brown,_BN,Brown,Apparel,Shirt,Woven,Viscose,,,35.99,/241/64/216590_BN_1,216590_BN_1.jpg,none,,,,,,
216590_GN,216590,Shirt MERCURY Green,_GN,Green,Apparel,Shirt,Woven,Viscose,,,35.99,/241/64/216590_GN_1,216590_GN_1.jpg,none,,,,,,
216780_FU,216780,Sweater JO Fuchsia,_FU,Fuchsia,Apparel,Sweater,Knit,Acrylic; Polyamide; Polyester; Wool,,,32.99,/241/64/216780_FU_1,216780_FU_1.jpg,none,,,,,,
216780_GN,216780,Sweater JO Green,_GN,Green,Apparel,Sweater,Knit,Acrylic; Polyamide; Polyester; Wool,,,32.99,/241/64/216780_GN_1,216780_GN_1.jpg,none,,,,,,
216812_BM,216812,Trousers Jo Bright Multicolor,_BM,Bright Multicolor,Apparel,Trousers,Woven,Viscose,,,32.99,/241/64/216812_BM_1,216812_BM_1.jpg,none,,,,,,
216855_KK,216855,Coat JO Khaki,_KK,Khaki,Apparel,Coat,Woven,Polyester,,,69.99,/241/64/216855_KK_1,216855_KK_1.jpg,none,,,,,,
217022_GY,217022,Raincoat meg Grey,_GY,Grey,Apparel,Raincoat,Woven,Polyamide,,Polyamide,49.99,/241/64/217022_GY_1,217022_GY_1.jpg,none,,,,,,
217114_GY,217114,Trousers PLUS Grey,_GY,Grey,Apparel,Trousers,Woven,Polyester,,,29.99,/241/64/217114_GY_1,217114_GY_1.jpg,none,,,,,,
217168_BK,217168,Apparel T1 ESSENTIALS Black,_BK,Black,Apparel,Cape,Knit,Acrylic; Polyamide; Wool; recycled acrylic,,,22.99,/241/64/217168_BK_1,217168_BK_1.jpg,none,,,,,,
217168_BN,217168,Apparel T1 ESSENTIALS Brown,_BN,Brown,Apparel,Cape,Knit,Acrylic; Polyamide; Wool; recycled acrylic,,,22.99,/241/64/217168_BN_1,217168_BN_1.jpg,none,,,,,,
217168_OW,217168,Apparel T1 ESSENTIALS Off White,_OW,Off White,Apparel,Cape,Knit,Acrylic; Polyamide; Wool; recycled acrylic,,,22.99,/241/64/217168_OW_1,217168_OW_1.jpg,none,,,,,,
217445_BM,217445,Shirt T1 ESSENTIALS Bright Multicolor,_BM,Bright Multicolor,Apparel,Shirt,Woven,Viscose,,Viscose,23.99,/241/64/217445_BM_1,217445_BM_1.jpg,none,,,,,,
217478_BL,217478,Cardigan CALM 2 Blue,_BL,Blue,Apparel,Cardigan,Knit,Polyamide; Polyester; Viscose,,,32.99,/241/64/217478_BL_1,217478_BL_1.jpg,none,,,,,,
217478_PK,217478,Cardigan CALM 1 Pink,_PK,Pink,Apparel,Cardigan,Knit,Polyamide; Polyester; Viscose,,,32.99,/241/64/217478_PK_1,217478_PK_1.jpg,none,,,,,,
217624_BM,217624,Trousers JO Bright Multicolor,_BM,Bright Multicolor,Apparel,Trousers,Woven,Modal; Polyester,,,32.99,/241/64/217624_BM_1,217624_BM_1.jpg,none,,,,,,
217928_GN,217928,Sweatshirt Tiffany Green,_GN,Green,Apparel,Sweatshirt,Circular,Cotton; Polyester,,,32.99,/241/64/217928_GN_1,217928_GN_1.jpg,none,,,,,,
217956_BK,217956,Kaftan SANTOS Black,_BK,Black,Apparel,Kaftan,Woven,Polyamide; Polyester; Viscose,,,19.99,/241/64/217956_BK_1,217956_BK_1.jpg,none,,,,,,
217956_KK,217956,Kaftan PERA Khaki,_KK,Khaki,Apparel,Kaftan,Woven,Polyamide; Polyester; Viscose,,,19.99,/241/64/217956_KK_1,217956_KK_1.jpg,none,,,,,,
218004_BM,218004,Shirt SAO P Bright Multicolor,_BM,Bright Multicolor,Apparel,Shirt,Woven,Cotton,,,29.99,/241/64/218004_BM_1,218004_BM_1.jpg,none,,,,,,
218041_BM,218041,Dress EXCLUSIVE Bright Multicolor,_BM,Bright Multicolor,Apparel,Dress,Woven,Viscose,,,35.99,/241/64/218041_BM_1,218041_BM_1.jpg,none,,,,,,
218113_DN,218113,T-shirt JO Dark Green,_DN,Dark Green,Apparel,T-shirt,Circular,Elastane; Polyester; Viscose,,,29.99,/241/64/218113_DN_1,218113_DN_1.jpg,none,,,,,,
218113_PU,218113,T-shirt JO Purple,_PU,Purple,Apparel,T-shirt,Circular,Elastane; Polyester; Viscose,,,29.99,/241/64/218113_PU_1,218113_PU_1.jpg,none,,,,,,
218121_WT,218121,Dress LAPA White,_WT,White,Apparel,Dress,Woven,Cotton; Linen,,,29.99,/241/64/218121_WT_1,218121_WT_1.jpg,none,,,,,,
218167_BK,218167,Trousers PLUS CLOSET DEZ Black,_BK,Black,Apparel,Trousers,Woven,Polyester; Viscose; Wool,,Wool,49.99,/241/64/218167_BK_1,218167_BK_1.jpg,none,,,,,,
218167_BL,218167,Trousers PLUS CLOSET DEZ Blue,_BL,Blue,Apparel,Trousers,Woven,Polyester; Viscose; Wool,,,49.99,/241/64/218167_BL_1,218167_BL_1.jpg,none,,,,,,
218167_BN,218167,Trousers PLUS CLOSET DEZ Brown,_BN,Brown,Apparel,Trousers,Woven,Polyester; Viscose; Wool,,,49.99,/241/64/218167_BN_1,218167_BN_1.jpg,none,,,,,,
218305_BM,218305,Shirt SUMERABRIL Bright Multicolor,_BM,Bright Multicolor,Apparel,Shirt,Woven,Lyocell; Polyamide,,,27.99,/241/64/218305_BM_1,218305_BM_1.jpg,none,,,,,,
218536_RD,218536,T-shirt CUPID Red,_RD,Red,Apparel,T-shirt,Circular,Cotton; Elastane,,Cotton,12.99,/241/64/218536_RD_1,218536_RD_1.jpg,none,,,,,,
218611_RD,218611,Jeans CUPID Red,_RD,Red,Apparel,Jeans,Woven,Cotton,,,39.99,/241/64/218611_RD_1,218611_RD_1.jpg,none,,,,,,
218620_BL,218620,Top CHIADO Blue,_BL,Blue,Apparel,Top,Woven,Lyocell,,Lyocell,23.99,/241/64/218620_BL_1,218620_BL_1.jpg,none,,,,,,
218711_BM,218711,Raincoat PLUS Bright Multicolor,_BM,Bright Multicolor,Apparel,Raincoat,Woven,Polyester,,Polyester,49.99,/241/64/218711_BM_1,218711_BM_1.jpg,none,,,,,,
218751_BL,218751,Trousers CALM 2 Blue,_BL,Blue,Apparel,Trousers,Woven,Acetate; Viscose,,,35.99,/241/64/218751_BL_1,218751_BL_1.jpg,none,,,,,,
218751_PK,218751,Trousers CALM 1 Pink,_PK,Pink,Apparel,Trousers,Woven,Acetate; Viscose,,,35.99,/241/64/218751_PK_1,218751_PK_1.jpg,none,,,,,,
218766_BG,218766,Dress CLOSETS Beige,_BG,Beige,Apparel,Dress,Woven,Cotton,,,35.99,/241/64/218766_BG_1,218766_BG_1.jpg,none,,,,,,
218766_BL,218766,Dress CLOSETS Blue,_BL,Blue,Apparel,Dress,Woven,Cotton,,,35.99,/241/64/218766_BL_1,218766_BL_1.jpg,none,,,,,,
218766_BN,218766,Dress CLOSETS Brown,_BN,Brown,Apparel,Dress,Woven,Cotton,,,35.99,/241/64/218766_BN_1,218766_BN_1.jpg,none,,,,,,
218823_EC,218823,Shirt HOT Ecru,_EC,Ecru,Apparel,Shirt,Woven,Cotton,,,29.99,/241/64/218823_EC_1,218823_EC_1.jpg,none,,,,,,
218858_BL,218858,Sweatshirt MINAS Blue,_BL,Blue,Apparel,Sweatshirt,Circular,Cotton; Elastane; Polyester,,,29.99,/241/64/218858_BL_1,218858_BL_1.jpg,none,,,,,,
219028_BG,219028,T-shirt PLUS Beige,_BG,Beige,Apparel,T-shirt,Circular,Elastane; Polyamide; Viscose,,Viscose,25.99,/241/64/219028_BG_1,219028_BG_1.jpg,none,,,,,,
219028_KK,219028,T-shirt PLUS Khaki,_KK,Khaki,Apparel,T-shirt,Circular,Elastane; Polyamide; Viscose,,Viscose,25.99,/241/64/219028_KK_1,219028_KK_1.jpg,none,,,,,,
219028_RD,219028,T-shirt PLUS Red,_RD,Red,Apparel,T-shirt,Circular,Elastane; Polyamide; Viscose,,Viscose,25.99,/241/64/219028_RD_1,219028_RD_1.jpg,none,,,,,,
219048_PK,219048,Sweater MADEIRA Pink,_PK,Pink,Apparel,Sweater,Knit,Viscose,,,17.99,/241/64/219048_PK_1,219048_PK_1.jpg,none,,,,,,
219126_KK,219126,Raincoat SALVADOR Khaki,_KK,Khaki,Apparel,Raincoat,Woven,Cotton; Polyester,,Cotton,59.99,/241/64/219126_KK_1,219126_KK_1.jpg,none,,,,,,
219185_BL,219185,Jeans SALVADOR Blue,_BL,Blue,Apparel,Jeans,Woven,Cotton,,,39.99,/241/64/219185_BL_1,219185_BL_1.jpg,none,,,,,,
219294_EC,219294,Shirt LAPA 4 Ecru,_EC,Ecru,Apparel,Shirt,Woven,Linen; Viscose,,,29.99,/241/64/219294_EC_1,219294_EC_1.jpg,none,,,,,,
219365_BG,219365,Sweater SALVADOR Beige,_BG,Beige,Apparel,Sweater,Knit,Cotton; Polyamide,,,29.99,/241/64/219365_BG_1,219365_BG_1.jpg,none,,,,,,
219389_BL,219389,Trousers CLOSETS Blue,_BL,Blue,Apparel,Trousers,Knit,Polyamide; Viscose,,,29.99,/241/64/219389_BL_1,219389_BL_1.jpg,none,,,,,,
219389_KK,219389,Trousers T1 ESSENTIALS Khaki,_KK,Khaki,Apparel,Trousers,Knit,Polyamide; Viscose,,,29.99,/241/64/219389_KK_1,219389_KK_1.jpg,none,,,,,,
219444_BM,219444,Sweatshirt SUMMERCAP Bright Multicolor,_BM,Bright Multicolor,Apparel,Sweatshirt,Circular,Cotton; Polyester,,,32.99,/241/64/219444_BM_1,219444_BM_1.jpg,none,,,,,,
219470_BM,219470,Trousers LAPA 3 Bright Multicolor,_BM,Bright Multicolor,Apparel,Trousers,Woven,Linen,,,39.99,/241/64/219470_BM_1,219470_BM_1.jpg,none,,,,,,
219534_WT,219534,Raincoat MADEIRA White,_WT,White,Apparel,Raincoat,Woven,Cotton; Polyamide,,Polyamide,79.99,/241/64/219534_WT_1,219534_WT_1.jpg,none,,,,,,
219596_DG,219596,Dress PENDING Dark Grey,_DG,Dark Grey,Apparel,Dress,Circular,Elastane; Polyamide; Viscose,,,27.99,/241/64/219596_DG_1,219596_DG_1.jpg,none,,,,,,
219596_KK,219596,Dress ALFAMA Khaki,_KK,Khaki,Apparel,Dress,Circular,Elastane; Polyamide; Viscose,,,27.99,/241/64/219596_KK_1,219596_KK_1.jpg,none,,,,,,
219596_LM,219596,Dress ALFAMA Lime,_LM,Lime,Apparel,Dress,Circular,Elastane; Polyamide; Viscose,,,27.99,/241/64/219596_LM_1,219596_LM_1.jpg,none,,,,,,
219642_BL,219642,Shirt CLOSETS Blue,_BL,Blue,Apparel,Shirt,Woven,Lyocell; Polyamide,,,27.99,/241/64/219642_BL_1,219642_BL_1.jpg,none,,,,,,
219642_GN,219642,Shirt CLOSETS Green,_GN,Green,Apparel,Shirt,Woven,Lyocell; Polyamide,,,27.99,/241/64/219642_GN_1,219642_GN_1.jpg,none,,,,,,
219664_BM,219664,Dress SAO P Bright Multicolor,_BM,Bright Multicolor,Apparel,Dress,Woven,Viscose,,,39.99,/241/64/219664_BM_1,219664_BM_1.jpg,none,,,,,,
219711_BM,219711,Shirt LAPA 3 Bright Multicolor,_BM,Bright Multicolor,Apparel,Shirt,Woven,Cotton; Elastane,,,27.99,/241/64/219711_BM_1,219711_BM_1.jpg,none,,,,,,
219781_GY,219781,Shirt KIW Grey,_GY,Grey,Apparel,Shirt,Woven,Linen; Lyocell; Viscose,,,35.99,/241/64/219781_GY_1,219781_GY_1.jpg,none,,,,,,
219880_EC,219880,Trousers MADEIRA Ecru,_EC,Ecru,Apparel,Trousers,Woven,Cotton,,,39.99,/241/64/219880_EC_1,219880_EC_1.jpg,none,,,,,,
219880_OR,219880,Trousers MADEIRA Orange,_OR,Orange,Apparel,Trousers,Woven,Cotton,,,39.99,/241/64/219880_OR_1,219880_OR_1.jpg,none,,,,,,
219886_BG,219886,Dress SALVADOR Beige,_BG,Beige,Apparel,Dress,Woven,Lyocell,,,35.99,/241/64/219886_BG_1,219886_BG_1.jpg,none,,,,,,
219907_CL,219907,Shirt T1 ESSENTIALS Coral,_CL,Coral,Apparel,Shirt,Woven,Cotton,,Cotton,19.99,/242/64/219907_CL_1,219907_CL_1.jpg,none,,,,,,
219907_KK,219907,Shirt T1 ESSENTIALS Khaki,_KK,Khaki,Apparel,Shirt,Woven,Cotton,,Cotton,19.99,/242/64/219907_KK_1,219907_KK_1.jpg,none,,,,,,
219907_LL,219907,Shirt T1 ESSENTIALS Lilac,_LL,Lilac,Apparel,Shirt,Woven,Cotton,,Cotton,19.99,/242/64/219907_LL_1,219907_LL_1.jpg,none,,,,,,
219907_YL,219907,Shirt T1 ESSENTIALS Yellow,_YL,Yellow,Apparel,Shirt,Woven,Cotton,,Cotton,19.99,/242/64/219907_YL_1,219907_YL_1.jpg,none,,,,,,
219952_YL,219952,Dress PAPAYA Yellow,_YL,Yellow,Apparel,Dress,Woven,Linen,,Linen,45.99,/241/64/219952_YL_1,219952_YL_1.jpg,none,,,,,,
220017_WT,220017,Trousers MADEIRA White,_WT,White,Apparel,Trousers,Woven,Cotton,,,39.99,/241/64/220017_WT_1,220017_WT_1.jpg,none,,,,,,
220275_BG,220275,Trousers CLOSETS Beige,_BG,Beige,Apparel,Trousers,Woven,Polyamide; Viscose,,,29.99,/241/64/220275_BG_1,220275_BG_1.jpg,none,,,,,,
220275_BL,220275,Trousers CLOSETS Blue,_BL,Blue,Apparel,Trousers,Woven,Polyamide; Viscose,,,29.99,/241/64/220275_BL_1,220275_BL_1.jpg,none,,,,,,
220275_KK,220275,Trousers SEJ Khaki,_KK,Khaki,Apparel,Trousers,Woven,Polyamide; Viscose,,Viscose,29.99,/241/64/220275_KK_1,220275_KK_1.jpg,none,,,,,,
220275_WT,220275,Trousers T1 ESSENTIALS White,_WT,White,Apparel,Trousers,Woven,Polyamide; Viscose,,Viscose,29.99,/242/64/220275_WT_1,220275_WT_1.jpg,none,,,,,,
220372_GN,220372,Dress BANANA Green,_GN,Green,Apparel,Dress,Woven,Linen,,Linen,49.99,/241/64/220372_GN_1,220372_GN_1.jpg,none,,,,,,
220414_BM,220414,Shirt T1 ESSENTIALS Bright Multicolor,_BM,Bright Multicolor,Apparel,Shirt,Woven,Cotton,,Cotton,23.99,/241/64/220414_BM_1,220414_BM_1.jpg,none,,,,,,
220516_GY,220516,Trousers MADEIRA Grey,_GY,Grey,Apparel,Trousers,Woven,Polyester; Viscose; Wool,,,29.99,/241/64/220516_GY_1,220516_GY_1.jpg,none,,,,,,
220591_BM,220591,Dress SAO P Bright Multicolor,_BM,Bright Multicolor,Apparel,Dress,Circular,Cotton,,,29.99,/241/64/220591_BM_1,220591_BM_1.jpg,none,,,,,,
220702_BK,220702,Dress SUMMERCAP Black,_BK,Black,Apparel,Dress,Woven,Cotton; Elastane,,,29.99,/241/64/220702_BK_1,220702_BK_1.jpg,none,,,,,,
220708_BL,220708,Jumpsuit MILENA Blue,_BL,Blue,Apparel,Jumpsuit,Woven,Elastane; Polyester,,,27.99,/242/64/220708_BL_1,220708_BL_1.jpg,none,,,,,,
220883_BK,220883,Kimono C1 Black,_BK,Black,Apparel,Kimono,Woven,Cotton,,,35.99,/242/64/220883_BK_1,220883_BK_1.jpg,none,,,,,,
220936_EC,220936,Vest luci Ecru,_EC,Ecru,Apparel,Vest,Woven,Linen,,,29.99,/242/64/220936_EC_1,220936_EC_1.jpg,none,,,,,,
220968_BM,220968,Dress tigr Bright Multicolor,_BM,Bright Multicolor,Apparel,Dress,Woven,Viscose,,,35.99,/242/64/220968_BM_1,220968_BM_1.jpg,none,,,,,,
221017_BK,221017,Skirt ESTRELA Black,_BK,Black,Apparel,Skirt,Woven,Viscose,,,29.99,/241/64/221017_BK_1,221017_BK_1.jpg,none,,,,,,
221017_EC,221017,Skirt ESTRELA Ecru,_EC,Ecru,Apparel,Skirt,Woven,Viscose,,,29.99,/241/64/221017_EC_1,221017_EC_1.jpg,none,,,,,,
221158_BM,221158,Sweater BANANA Bright Multicolor,_BM,Bright Multicolor,Apparel,Sweater,Knit,Cotton; Polyester,,Cotton,25.99,/241/64/221158_BM_1,221158_BM_1.jpg,none,,,,,,
221305_BM,221305,Shirt LAPA 4 Bright Multicolor,_BM,Bright Multicolor,Apparel,Shirt,Woven,Cotton,,Cotton,23.99,/242/64/221305_BM_1,221305_BM_1.jpg,none,,,,,,
221341_BM,221341,Kimono NH Bright Multicolor,_BM,Bright Multicolor,Apparel,Kimono,Woven,Cotton,,,39.99,/242/64/221341_BM_1,221341_BM_1.jpg,none,,,,,,
221361_BL,221361,Dress CLOSETS Blue,_BL,Blue,Apparel,Dress,Knit,Polyamide; Viscose,,,39.99,/241/64/221361_BL_1,221361_BL_1.jpg,none,,,,,,
221361_KK,221361,Dress T1 ESSENTIALS Khaki,_KK,Khaki,Apparel,Dress,Knit,Polyamide; Viscose,,,39.99,/241/64/221361_KK_1,221361_KK_1.jpg,none,,,,,,
221361_WT,221361,Dress T1 ESSENTIALS White,_WT,White,Apparel,Dress,Knit,Polyamide; Viscose,,,39.99,/242/64/221361_WT_1,221361_WT_1.jpg,none,,,,,,
221478_BM,221478,Dress C1 Bright Multicolor,_BM,Bright Multicolor,Apparel,Dress,Woven,Cotton,,,27.99,/242/64/221478_BM_1,221478_BM_1.jpg,none,,,,,,
221710_BM,221710,Dress C2 Bright Multicolor,_BM,Bright Multicolor,Apparel,Dress,Woven,Cotton,,,27.99,/242/64/221710_BM_1,221710_BM_1.jpg,none,,,,,,
221768_BL,221768,Dress P5 Blue,_BL,Blue,Apparel,Dress,Woven,Organic Cotton,,Cotton,25.99,/242/64/221768_BL_1,221768_BL_1.jpg,none,,,,,,
221768_PK,221768,Dress C3 Pink,_PK,Pink,Apparel,Dress,Woven,Organic Cotton,,Cotton,25.99,/242/64/221768_PK_1,221768_PK_1.jpg,none,,,,,,
221779_WT,221779,Skirt P3 White,_WT,White,Apparel,Skirt,Woven,Cotton,,,29.99,/242/64/221779_WT_1,221779_WT_1.jpg,none,,,,,,
221792_BM,221792,Kimono SANTOS Bright Multicolor,_BM,Bright Multicolor,Apparel,Kimono,Woven,Viscose,,,32.99,/241/64/221792_BM_1,221792_BM_1.jpg,none,,,,,,
221876_BM,221876,Shirt T1 ESSENTIALS Bright Multicolor,_BM,Bright Multicolor,Apparel,Shirt,Woven,Cotton,,Cotton,23.99,/242/64/221876_BM_1,221876_BM_1.jpg,none,,,,,,
221926_AN,221926,T-shirt T1 ESSENTIALS Anthracite,_AN,Anthracite,Apparel,T-shirt,Circular,Elastane; Modal; Polyamide,,,17.99,/241/64/221926_AN_1,221926_AN_1.jpg,none,,,,,,
221926_EC,221926,T-shirt T1 ESSENTIALS Ecru,_EC,Ecru,Apparel,T-shirt,Circular,Elastane; Modal; Polyamide,,,17.99,/241/64/221926_EC_1,221926_EC_1.jpg,none,,,,,,
221971_BM,221971,Skirt C7 Bright Multicolor,_BM,Bright Multicolor,Apparel,Skirt,Woven,Viscose,,,32.99,/242/64/221971_BM_1,221971_BM_1.jpg,none,,,,,,
222105_GN,222105,Dress T1 ESSENTIALS Green,_GN,Green,Apparel,Dress,Woven,Cotton,,,35.99,/241/64/222105_GN_1,222105_GN_1.jpg,none,,,,,,
222231_BL,222231,Dress T1 ESSENTIALS Blue,_BL,Blue,Apparel,Dress,Circular,Cotton,,Cotton,19.99,/242/64/222231_BL_1,222231_BL_1.jpg,none,,,,,,
222231_KK,222231,Dress T1 ESSENTIALS Khaki,_KK,Khaki,Apparel,Dress,Circular,Cotton,,Cotton,19.99,/242/64/222231_KK_1,222231_KK_1.jpg,none,,,,,,
222231_NV,222231,Dress T1 ESSENTIALS Navy,_NV,Navy,Apparel,Dress,Circular,Cotton,,Cotton,19.99,/242/64/222231_NV_1,222231_NV_1.jpg,none,,,,,,
222232_BU,222232,Trousers P6 Burgundy,_BU,Burgundy,Apparel,Trousers,Woven,Linen,,Linen,39.99,/242/64/222232_BU_1,222232_BU_1.jpg,none,,,,,,
222232_EC,222232,Trousers P6 Ecru,_EC,Ecru,Apparel,Trousers,Woven,Linen,,Linen,39.99,/242/64/222232_EC_1,222232_EC_1.jpg,none,,,,,,
222251_BM,222251,Dress C7 Bright Multicolor,_BM,Bright Multicolor,Apparel,Dress,Woven,Viscose,,,39.99,/242/64/222251_BM_1,222251_BM_1.jpg,none,,,,,,
222278_WT,222278,T-shirt C4 White,_WT,White,Apparel,T-shirt,Circular,Cotton,,Cotton,19.99,/242/64/222278_WT_1,222278_WT_1.jpg,none,,,,,,
222346_KK,222346,Cardigan P3 Khaki,_KK,Khaki,Apparel,Cardigan,Knit,Cotton; Polyamide,,,35.99,/242/64/222346_KK_1,222346_KK_1.jpg,none,,,,,,
222388_BM,222388,Top CC Bright Multicolor,_BM,Bright Multicolor,Apparel,Top,Woven,Cotton,,,27.99,/242/64/222388_BM_1,222388_BM_1.jpg,none,,,,,,
222434_BM,222434,Dress C3 Bright Multicolor,_BM,Bright Multicolor,Apparel,Dress,Circular,Elastane; Viscose,,,29.99,/242/64/222434_BM_1,222434_BM_1.jpg,none,,,,,,
222434_NM,222434,Dress C1 Neutral Multicolor,_NM,Neutral Multicolor,Apparel,Dress,Circular,Elastane; Viscose,,,29.99,/242/64/222434_NM_1,222434_NM_1.jpg,none,,,,,,
222440_BM,222440,Dress CM Bright Multicolor,_BM,Bright Multicolor,Apparel,Dress,Woven,Viscose,,,35.99,/242/64/222440_BM_1,222440_BM_1.jpg,none,,,,,,
222526_GN,222526,Dress GI Green,_GN,Green,Apparel,Dress,Woven,Viscose,,,29.99,/242/64/222526_GN_1,222526_GN_1.jpg,none,,,,,,
222538_BL,222538,Jeans APP PRO Blue,_BL,Blue,Apparel,Jeans,Woven,Cotton; RECYCLED COTTON,,,35.99,/241/64/222538_BL_1,222538_BL_1.jpg,none,,,,,,
222633_BM,222633,Shirt CA Bright Multicolor,_BM,Bright Multicolor,Apparel,Shirt,Woven,Cotton,,,27.99,/242/64/222633_BM_1,222633_BM_1.jpg,none,,,,,,
222662_CL,222662,Shirt T1 ESSENTIALS Coral,_CL,Coral,Apparel,Shirt,Woven,Linen,,,32.99,/242/64/222662_CL_1,222662_CL_1.jpg,none,,,,,,
222662_LN,222662,Shirt PERA Light Green,_LN,Light Green,Apparel,Shirt,Woven,Linen,,,32.99,/241/64/222662_LN_1,222662_LN_1.jpg,none,,,,,,
222662_WT,222662,Shirt T1 ESSENTIALS White,_WT,White,Apparel,Shirt,Woven,Linen,,,32.99,/242/64/222662_WT_1,222662_WT_1.jpg,none,,,,,,
222675_WT,222675,T-shirt TRENDY White,_WT,White,Apparel,T-shirt,Circular,Cotton,,Cotton,15.99,/241/64/222675_WT_1,222675_WT_1.jpg,none,,,,,,
222691_BL,222691,T-shirt B4 Blue,_BL,Blue,Apparel,T-shirt,Knit,Polyamide; Viscose,,Polyamide,23.99,/242/64/222691_BL_1,222691_BL_1.jpg,none,,,,,,
222691_WT,222691,T-shirt B4 White,_WT,White,Apparel,T-shirt,Knit,Polyamide; Viscose,,Polyamide,23.99,/242/64/222691_WT_1,222691_WT_1.jpg,none,,,,,,
222712_BK,222712,Cardigan MORANGO Black,_BK,Black,Apparel,Cardigan,Knit,Polyamide; Polyester; RECYCLED COTTON; recycled polyester,,,27.99,/242/64/222712_BK_1,222712_BK_1.jpg,none,,,,,,
222712_EC,222712,Cardigan MORANGO Ecru,_EC,Ecru,Apparel,Cardigan,Knit,Polyamide; Polyester; RECYCLED COTTON; recycled polyester,,,27.99,/242/64/222712_EC_1,222712_EC_1.jpg,none,,,,,,
222737_NV,222737,Sweatshirt T1 ESSENTIALS Navy,_NV,Navy,Apparel,Sweatshirt,Circular,Elastane; Polyester; Viscose,,,27.99,/241/64/222737_NV_1,222737_NV_1.jpg,none,,,,,,
222813_BG,222813,Dress T1 ESSENTIALS Beige,_BG,Beige,Apparel,Dress,Woven,Cotton,,,35.99,/242/64/222813_BG_1,222813_BG_1.jpg,none,,,,,,
222813_BL,222813,Dress T1 ESSENTIALS Blue,_BL,Blue,Apparel,Dress,Woven,Cotton,,,35.99,/242/64/222813_BL_1,222813_BL_1.jpg,none,,,,,,
222817_KK,222817,Shorts BETS Khaki,_KK,Khaki,Apparel,Shorts,Woven,Cotton,,,35.99,/241/64/222817_KK_1,222817_KK_1.jpg,none,,,,,,
222900_AN,222900,Skirt OO Anthracite,_AN,Anthracite,Apparel,Skirt,Circular,Elastane; Polyester; Viscose,,,17.99,/242/64/222900_AN_1,222900_AN_1.jpg,none,,,,,,
222900_BG,222900,Skirt OO Beige,_BG,Beige,Apparel,Skirt,Circular,Elastane; Polyester; Viscose,,,17.99,/242/64/222900_BG_1,222900_BG_1.jpg,none,,,,,,
222900_BL,222900,Skirt T1 ESSENTIALS Blue,_BL,Blue,Apparel,Skirt,Circular,Elastane; Polyester; Viscose,,,17.99,/241/64/222900_BL_1,222900_BL_1.jpg,none,,,,,,
222924_BK,222924,Dress tigr Black,_BK,Black,Apparel,Dress,Woven,Acetate,,,39.99,/242/64/222924_BK_3,222924_BK_3.jpg,none,,,,,,
222924_PK,222924,Dress tigr Pink,_PK,Pink,Apparel,Dress,Woven,Acetate,,,39.99,/242/64/222924_PK_1,222924_PK_1.jpg,none,,,,,,
223179_WT,223179,Shirt C1 White,_WT,White,Apparel,Shirt,Woven,Linen,,,29.99,/242/64/223179_WT_1,223179_WT_1.jpg,none,,,,,,
223236_LG,223236,Skirt KAT Light Grey,_LG,Light Grey,Apparel,Skirt,Woven,Cotton; Polyamide,,Cotton,32.99,/242/64/223236_LG_1,223236_LG_1.jpg,none,,,,,,
223327_BM,223327,Jumpsuit TRENDY Bright Multicolor,_BM,Bright Multicolor,Apparel,Jumpsuit,Woven,Viscose,,,32.99,/242/64/223327_BM_1,223327_BM_1.jpg,none,,,,,,
223327_EC,223327,Jumpsuit TRENDY Ecru,_EC,Ecru,Apparel,Jumpsuit,Woven,Viscose,,,32.99,/242/64/223327_EC_1,223327_EC_1.jpg,none,,,,,,
223386_WT,223386,T-shirt C1 White,_WT,White,Apparel,T-shirt,Circular,Cotton,,Cotton,19.99,/242/64/223386_WT_1,223386_WT_1.jpg,none,,,,,,
223434_BM,223434,T-shirt AL Bright Multicolor,_BM,Bright Multicolor,Apparel,T-shirt,Circular,Elastane; Polyester,,Polyester,19.99,/242/64/223434_BM_1,223434_BM_1.jpg,none,,,,,,
223538_BM,223538,Trousers T1 ESSENTIALS Bright Multicolor,_BM,Bright Multicolor,Apparel,Trousers,Woven,Lyocell,,,27.99,/242/64/223538_BM_1,223538_BM_1.jpg,none,,,,,,
223581_BL,223581,Dress BETS Blue,_BL,Blue,Apparel,Dress,Woven,Cotton,,,35.99,/242/64/223581_BL_1,223581_BL_1.jpg,none,,,,,,
223581_LB,223581,Dress BETS Light Blue,_LB,Light Blue,Apparel,Dress,Woven,Cotton,,,35.99,/242/64/223581_LB_1,223581_LB_1.jpg,none,,,,,,
223641_MD,223641,Dress CA Mustard,_MD,Mustard,Apparel,Dress,Circular,Cotton,,Cotton,23.99,/242/64/223641_MD_1,223641_MD_1.jpg,none,,,,,,
223667_EC,223667,Shirt luci Ecru,_EC,Ecru,Apparel,Shirt,Woven,Cotton,,,32.99,/242/64/223667_EC_1,223667_EC_1.jpg,none,,,,,,
223869_LK,223869,Sweatshirt CA Light Pink,_LK,Light Pink,Apparel,Sweatshirt,Circular,Cotton; Polyester,,,29.99,/242/64/223869_LK_1,223869_LK_1.jpg,none,,,,,,
223872_GN,223872,Trousers GI Green,_GN,Green,Apparel,Trousers,Circular,Elastane; Polyester; Viscose,,Polyester,29.99,/242/64/223872_GN_1,223872_GN_1.jpg,none,,,,,,
223872_WT,223872,Trousers GI White,_WT,White,Apparel,Trousers,Circular,Elastane; Polyester; Viscose,,Polyester,29.99,/242/64/223872_WT_1,223872_WT_1.jpg,none,,,,,,
223928_BL,223928,Sweatshirt CS1 Blue,_BL,Blue,Apparel,Sweatshirt,Circular,Cotton; Elastane,,,27.99,/242/64/223928_BL_1,223928_BL_1.jpg,none,,,,,,
224071_BM,224071,Jumpsuit TRENDY Bright Multicolor,_BM,Bright Multicolor,Apparel,Jumpsuit,Woven,Polyester,,Polyester,45.99,/242/64/224071_BM_1,224071_BM_1.jpg,none,,,,,,
224127_BG,224127,Shirt 00 Beige,_BG,Beige,Apparel,Shirt,Woven,Cotton; Elastane; Polyamide,,,32.99,/242/64/224127_BG_1,224127_BG_1.jpg,none,,,,,,
224127_BM,224127,Shirt 00 Bright Multicolor,_BM,Bright Multicolor,Apparel,Shirt,Woven,Cotton; Elastane; Polyamide,,,32.99,/242/64/224127_BM_1,224127_BM_1.jpg,none,,,,,,
224132_BM,224132,Shirt NH Bright Multicolor,_BM,Bright Multicolor,Apparel,Shirt,Woven,Viscose,,Viscose,23.99,/242/64/224132_BM_1,224132_BM_1.jpg,none,,,,,,
224199_BK,224199,T-shirt 66 Black,_BK,Black,Apparel,T-shirt,Circular,Elastane; Polyamide; Viscose,,Viscose,23.99,/242/64/224199_BK_1,224199_BK_1.jpg,none,,,,,,
224199_EC,224199,T-shirt 66 Ecru,_EC,Ecru,Apparel,T-shirt,Circular,Elastane; Polyamide; Viscose,,Viscose,23.99,/242/64/224199_EC_1,224199_EC_1.jpg,none,,,,,,
224199_KK,224199,T-shirt BETS Khaki,_KK,Khaki,Apparel,T-shirt,Circular,Elastane; Polyamide; Viscose,,Viscose,23.99,/242/64/224199_KK_1,224199_KK_1.jpg,none,,,,,,
224221_WT,224221,Skirt BRIDAL CAPSULE White,_WT,White,Apparel,Skirt,Woven,Elastane; Polyamide; Polyester,,,29.99,/242/64/224221_WT_1,224221_WT_1.jpg,none,,,,,,
224241_BL,224241,Trousers TRENDY Blue,_BL,Blue,Apparel,Trousers,Woven,Cotton,,,32.99,/242/64/224241_BL_1,224241_BL_1.jpg,none,,,,,,
224295_BM,224295,Shirt CS1 Bright Multicolor,_BM,Bright Multicolor,Apparel,Shirt,Woven,Polyamide; Polyester; Viscose,,,32.99,/242/64/224295_BM_1,224295_BM_1.jpg,none,,,,,,
224418_BK,224418,Trousers OU Black,_BK,Black,Apparel,Trousers,Woven,Elastane; Lyocell; Polyester; Viscose; Wool; elastomultiéster,,,35.99,/242/64/224418_BK_1,224418_BK_1.jpg,none,,,,,,
224418_EC,224418,Trousers OU Ecru,_EC,Ecru,Apparel,Trousers,Woven,Elastane; Lyocell; Polyester; Viscose; Wool; elastomultiéster,,,35.99,/242/64/224418_EC_1,224418_EC_1.jpg,none,,,,,,
224444_EC,224444,T-shirt TT Ecru,_EC,Ecru,Apparel,T-shirt,Circular,Modal; Polyester,,Modal,19.99,/242/64/224444_EC_1,224444_EC_1.jpg,none,,,,,,
224453_EC,224453,Shirt TRENDY Ecru,_EC,Ecru,Apparel,Shirt,Woven,Cotton,,,35.99,/242/64/224453_EC_1,224453_EC_1.jpg,none,,,,,,
224472_PK,224472,Dress TRENDY Pink,_PK,Pink,Apparel,Dress,Woven,Cotton,,,35.99,/242/64/224472_PK_1,224472_PK_1.jpg,none,,,,,,
224472_WT,224472,Dress TRENDY White,_WT,White,Apparel,Dress,Woven,Cotton,,,35.99,/242/64/224472_WT_1,224472_WT_1.jpg,none,,,,,,
224697_BM,224697,Kimono T1 ESSENTIALS Bright Multicolor,_BM,Bright Multicolor,Apparel,Kimono,Woven,Viscose,,,32.99,/242/64/224697_BM_1,224697_BM_1.jpg,none,,,,,,
224833_BK,224833,Vest 33 Black,_BK,Black,Apparel,Vest,Knit,Cotton; Polyester; RECYCLED COTTON; recycled polyester,,,35.99,/242/64/224833_BK_1,224833_BK_1.jpg,none,,,,,,
224833_EC,224833,Vest 33 Ecru,_EC,Ecru,Apparel,Vest,Knit,Cotton; Polyester; RECYCLED COTTON; recycled polyester,,,35.99,/242/64/224833_EC_1,224833_EC_1.jpg,none,,,,,,
224870_BM,224870,Dress TU Bright Multicolor,_BM,Bright Multicolor,Apparel,Dress,Woven,Cotton,,,42.99,/242/64/224870_BM_1,224870_BM_1.jpg,none,,,,,,
224883_BM,224883,Shirt CC Bright Multicolor,_BM,Bright Multicolor,Apparel,Shirt,Woven,Cotton; Elastane; Polyamide,,,39.99,/242/64/224883_BM_1,224883_BM_1.jpg,none,,,,,,
224891_BK,224891,Poncho T1 ESSENTIALS Black,_BK,Black,Apparel,Poncho,Knit,Polyamide; Polyester; Viscose,,Viscose,29.99,/242/64/224891_BK_1,224891_BK_1.jpg,none,,,,,,
224891_EC,224891,Poncho T1 ESSENTIALS Ecru,_EC,Ecru,Apparel,Poncho,Knit,Polyamide; Polyester; Viscose,,,29.99,/242/64/224891_EC_1,224891_EC_1.jpg,none,,,,,,
224912_BK,224912,Trousers OO Black,_BK,Black,Apparel,Trousers,Circular,Elastane; Polyamide; Polyester; Viscose,,,29.99,/242/64/224912_BK_1,224912_BK_1.jpg,none,,,,,,
224937_BG,224937,Dress AN Beige,_BG,Beige,Apparel,Dress,Knit,Acrylic; Polyamide; Polyester; Wool,,Acrylic,35.99,/242/64/224937_BG_1,224937_BG_1.jpg,none,,,,,,
224937_BK,224937,Dress TUBR Black,_BK,Black,Apparel,Dress,Knit,Acrylic; Polyamide; Polyester; Wool,,Acrylic,35.99,/242/64/224937_BK_1,224937_BK_1.jpg,none,,,,,,
224937_GN,224937,Dress BETS Green,_GN,Green,Apparel,Dress,Knit,Acrylic; Polyamide; Polyester; Wool,,Acrylic,35.99,/242/64/224937_GN_1,224937_GN_1.jpg,none,,,,,,
224937_GY,224937,Dress 77 Grey,_GY,Grey,Apparel,Dress,Knit,Acrylic; Polyamide; Polyester; Wool,,Acrylic,35.99,/242/64/224937_GY_1,224937_GY_1.jpg,none,,,,,,
224944_BL,224944,T-shirt P2 Blue,_BL,Blue,Apparel,T-shirt,Circular,Elastane; Polyamide; Viscose,,Viscose,25.99,/242/64/224944_BL_1,224944_BL_1.jpg,none,,,,,,
224944_OW,224944,T-shirt P2 Off White,_OW,Off White,Apparel,T-shirt,Circular,Elastane; Polyamide; Viscose,,Viscose,25.99,/242/64/224944_OW_1,224944_OW_1.jpg,none,,,,,,
224960_BG,224960,Cardigan JJ Beige,_BG,Beige,Apparel,Cardigan,Knit,Acrylic; Linen; Lyocell,,Acrylic,25.99,/242/64/224960_BG_1,224960_BG_1.jpg,none,,,,,,
224960_BL,224960,Cardigan JJ Blue,_BL,Blue,Apparel,Cardigan,Knit,Acrylic; Linen; Lyocell,,Acrylic,25.99,/242/64/224960_BL_1,224960_BL_1.jpg,none,,,,,,
224960_GN,224960,Cardigan JJ Green,_GN,Green,Apparel,Cardigan,Knit,Acrylic; Linen; Lyocell,,Acrylic,25.99,/242/64/224960_GN_1,224960_GN_1.jpg,none,,,,,,
204678_BK,204678,High Heel Shoes WEDGE JUTE BLACK Black,_BK,Black,Footwear,High Heel Shoes,Textile,Cotton; Linen; Polyester; Polyurethane; Rubber,,,29.99,/231/53/204678_BK_1,204678_BK_1.jpg,none,,,,,,
207858_GD,207858,Flat Sandals FLAT SANDAL 2 KNOTS Gold,_GD,Gold,Footwear,Flat Sandals,PU,Polyurethane; Rubber,,,25.99,/232/53/207858_GD_1,207858_GD_1.jpg,none,,,,,,
208361_BG,208361,Flat Shoes MULE JUTE Beige,_BG,Beige,Footwear,Flat Shoes,Textile,Jute; Polyester; Polyurethane; Rubber,,,25.99,/232/53/208361_BG_1,208361_BG_1.jpg,none,,,,,,
208361_KK,208361,Flat Shoes MULE JUTE Khaki,_KK,Khaki,Footwear,Flat Shoes,Textile,Jute; Polyester; Polyurethane; Rubber,,,25.99,/232/53/208361_KK_1,208361_KK_1.jpg,none,,,,,,
2089811OW,208981,High Heel Sandals OFF WHITE MULE SANDAL Off White,1OW,Off White,Footwear,High Heel Sandals,PU,Polyurethane; Rubber,,,39.99,/232/53/2089811OW_1,2089811OW_1.jpg,none,,,,,,
2096291LM,209629,Flat Sandals LIME FLAT SANDAL Lime,1LM,Lime,Footwear,Flat Sandals,PU,Polyurethane; Rubber,,,19.99,/232/53/2096291LM_2y,2096291LM_2y.jpg,none,,,,,,
209629_CA,209629,Flat Sandals SNAKE FLAT SANDAL Camel,_CA,Camel,Footwear,Flat Sandals,PU,Polyurethane; Rubber,,,19.99,/232/53/209629_CA_1,209629_CA_1.jpg,none,,,,,,
209629_LM,209629,Flat Sandals LIME FLAT SANDAL Lime,_LM,Lime,Footwear,Flat Sandals,PU,Polyurethane; Rubber,,,19.99,/232/53/209629_LM_1,209629_LM_1.jpg,none,,,,,,
209629_SV,209629,Flat Sandals DARK SILVER FLAT SANDAL Silver,_SV,Silver,Footwear,Flat Sandals,PU,Polyurethane; Rubber,,,19.99,/232/53/209629_SV_1,209629_SV_1.jpg,none,,,,,,
209742_PK,209742,Trainer Shoes RUNNING PINK Pink,_PK,Pink,Footwear,Trainers,Textile,Polyester; Polyurethane; Rubber,,,35.99,/232/53/209742_PK_1,209742_PK_1.jpg,none,,,,,,
210079_BG,210079,Trainer Shoes RUNNING NYLON BEIGE Beige,_BG,Beige,Footwear,Trainers,Textile,Polyester; Polyurethane; Rubber,,,29.99,/232/53/210079_BG_1,210079_BG_1.jpg,none,,,,,,
210079_KK,210079,Trainer Shoes RUNNING NYLON KHAKI Khaki,_KK,Khaki,Footwear,Trainers,Textile,Polyester; Polyurethane; Rubber,,,29.99,/232/53/210079_KK_1,210079_KK_1.jpg,none,,,,,,
210306_BK,210306,Flat Shoes FLAT SLINGBACK BLACK Black,_BK,Black,Footwear,Flat Shoes,PU,Polyester; Polyurethane; Rubber,,,25.99,/232/53/210306_BK_1,210306_BK_1.jpg,none,,,,,,
210306_LB,210306,Flat Shoes FLAT SLINGBACK LIGHT BLUE Light Blue,_LB,Light Blue,Footwear,Flat Shoes,PU,Polyester; Polyurethane; Rubber,,,25.99,/232/53/210306_LB_1,210306_LB_1.jpg,none,,,,,,
210306_OW,210306,Flat Shoes FLAT SLINGBACK OFF WHITE Off White,_OW,Off White,Footwear,Flat Shoes,PU,Polyester; Polyurethane; Rubber,,,25.99,/232/53/210306_OW_1,210306_OW_1.jpg,none,,,,,,
210585_NU,210585,Ballerinas LACE-UP BALLERINA Nude,_NU,Nude,Footwear,Ballerinas,PU,Polyester; Polyurethane; Rubber,,,25.99,/232/53/210585_NU_1,210585_NU_1.jpg,none,,,,,,
210649_BK,210649,Flat Shoes LEATHER MOCASSIN BLACK Black,_BK,Black,Footwear,Flat Shoes,Leather,Cow Suede Leather; Polyester; Polyurethane; Rubber,,,39.99,/232/53/210649_BK_1,210649_BK_1.jpg,none,,,,,,
210649_TU,210649,Flat Shoes LEATHER MOCASSIN TAUPE Taupe,_TU,Taupe,Footwear,Flat Shoes,Leather,Cow Suede Leather; Polyester; Polyurethane; Rubber,,,39.99,/232/53/210649_TU_1,210649_TU_1.jpg,none,,,,,,
210736_BK,210736,Ankle Boots ANKLE BOOT W/ELASTIC Black,_BK,Black,Footwear,Ankle Boots,PU,Elastane; Polyester; Polyurethane; Rubber,,,45.99,/232/53/210736_BK_1,210736_BK_1.jpg,none,,,,,,
211312_GY,211312,Trainer Shoes TRAINER GREY Grey,_GY,Grey,Footwear,Trainers,Textile,Polyester; Polyurethane; Rubber,,,39.99,/232/53/211312_GY_1,211312_GY_1.jpg,none,,,,,,
211334_KK,211334,Trainer Shoes TRAINER KHAKI Khaki,_KK,Khaki,Footwear,Trainers,Textile,Polyester; Polyurethane; Rubber,,,35.99,/232/53/211334_KK_1,211334_KK_1.jpg,none,,,,,,
211334_NV,211334,Trainer Shoes TRAINER NAVY Navy,_NV,Navy,Footwear,Trainers,Textile,Polyester; Polyurethane; Rubber,,,35.99,/232/53/211334_NV_1,211334_NV_1.jpg,none,,,,,,
211561_CA,211561,Ballerinas STUDS LEATHER BALLERINA Camel,_CA,Camel,Footwear,Ballerinas,Leather,Cow Suede Leather; Polyester; Polyurethane; Rubber,,,39.99,/232/53/211561_CA_1,211561_CA_1.jpg,none,,,,,,
212081_NU,212081,Ballerinas NUDE BOW BALLERINA Nude,_NU,Nude,Footwear,Ballerinas,PU,Polyester; Polyurethane; Rubber,,,19.99,/232/53/212081_NU_1,212081_NU_1.jpg,none,,,,,,
212081_RD,212081,Ballerinas RED BOW BALLERINA Red,_RD,Red,Footwear,Ballerinas,PU,Polyester; Polyurethane; Rubber,,,19.99,/232/53/212081_RD_1,212081_RD_1.jpg,none,,,,,,
212089_BK,212089,Ballerinas BLACK POINTED BALLERINA Black,_BK,Black,Footwear,Ballerinas,PU,Polyester; Polyurethane; Rubber,,,22.99,/232/53/212089_BK_1,212089_BK_1.jpg,none,,,,,,
213998_BG,213998,Ballerinas SNAKE BOW BALLERINA Beige,_BG,Beige,Footwear,Ballerinas,PU,Polyester; Polyurethane; Rubber,,,22.99,/232/53/213998_BG_1,213998_BG_1.jpg,none,,,,,,
214492_BK,214492,Ankle Boots ANKLE BOOT ELASTIC PU Black,_BK,Black,Footwear,Ankle Boots,PU,Polyester; Polyurethane; Rubber,,,39.99,/241/53/214492_BK_1,214492_BK_1.jpg,none,,,,,,
214500_DM,214500,Trainer Shoes COLORED RUNNING Dark Multicolor,_DM,Dark Multicolor,Footwear,Trainers,Textile,Polyester; Polyurethane; Rubber,,,39.99,/241/53/214500_DM_1,214500_DM_1.jpg,none,,,,,,
214500_GY,214500,Trainer Shoes COLORED RUNNING Grey,_GY,Grey,Footwear,Trainers,Textile,Polyester; Polyurethane; Rubber,,,39.99,/241/53/214500_GY_1,214500_GY_1.jpg,none,,,,,,
215317_GY,215317,Trainer Shoes RUNNING MULTICOLOR Grey,_GY,Grey,Footwear,Trainers,Textile,Polyester; Polyurethane; Rubber,,,39.99,/241/53/215317_GY_1,215317_GY_1.jpg,none,,,,,,
215317_KK,215317,Trainer Shoes RUNNING KHAKI Khaki,_KK,Khaki,Footwear,Trainers,Textile,Polyester; Polyurethane; Rubber,,,39.99,/241/53/215317_KK_1,215317_KK_1.jpg,none,,,,,,
215317_PU,215317,Trainer Shoes RUNNING MULTICOLOR Purple,_PU,Purple,Footwear,Trainers,Textile,Polyester; Polyurethane; Rubber,,,39.99,/241/53/215317_PU_1,215317_PU_1.jpg,none,,,,,,
215341_BK,215341,Ankle Boots LEATHER ANKLE BOOT Black,_BK,Black,Footwear,Ankle Boots,Textile,Cow Leather; Polyester; Polyurethane; Rubber,,,59.99,/241/53/215341_BK_1,215341_BK_1.jpg,none,,,,,,
215613_BG,215613,Trainer Shoes RUNNING NYLON BEIGE Beige,_BG,Beige,Footwear,Trainers,Textile,Polyester; Polyurethane; Rubber,,,29.99,/241/53/215613_BG_1,215613_BG_1.jpg,none,,,,,,
216062_BK,216062,Trainer Shoes RUNNING NIGHT Black,_BK,Black,Footwear,Trainers,PU,Polyester; Polyurethane; Rubber,,,35.99,/241/53/216062_BK_1,216062_BK_1.jpg,none,,,,,,
217144_BK,217144,High Heel Shoes SOCA Black,_BK,Black,Footwear,High Heel Shoes,PU,Polyester; Polyurethane; Rubber,,,35.99,/241/53/217144_BK_1,217144_BK_1.jpg,none,,,,,,
217225_BL,217225,Ballerinas CUPID Blue,_BL,Blue,Footwear,Ballerinas,Textile,Polyester; Polyurethane; Rubber,,,29.99,/241/53/217225_BL_1,217225_BL_1.jpg,none,,,,,,
217225_RD,217225,Ballerinas CUPID Red,_RD,Red,Footwear,Ballerinas,Textile,Polyester; Polyurethane; Rubber,,,29.99,/241/53/217225_RD_1,217225_RD_1.jpg,none,,,,,,
217242_GD,217242,Flat Sandals EMAN Gold,_GD,Gold,Footwear,Flat Sandals,Others,Polyurethane; Rubber; Vinyl,,,29.99,/241/53/217242_GD_1,217242_GD_1.jpg,none,,,,,,
218049_BK,218049,Flat Shoes JUTE BICOLOR Black,_BK,Black,Footwear,Flat Shoes,Textile,Cotton; Jute; Polyester; Polyurethane; Rubber,,,25.99,/241/53/218049_BK_1,218049_BK_1.jpg,none,,,,,,
218072_BG,218072,Flat Shoes LEATHER FLAT JUTE Beige,_BG,Beige,Footwear,Flat Shoes,Leather,Cotton; Cow Suede Leather; Jute; Polyurethane; Rubber,,,32.99,/241/53/218072_BG_1,218072_BG_1.jpg,none,,,,,,
218168_CA,218168,Flat Sandals CAMEL FLAT SANDAL Camel,_CA,Camel,Footwear,Flat Sandals,Leather,Cow Leather; Polyurethane; Rubber,,,32.99,/241/53/218168_CA_1,218168_CA_1.jpg,none,,,,,,
218281_BK,218281,Flat Sandals CANGREJERA Black,_BK,Black,Footwear,Flat Sandals,PU,Polyurethane; Rubber,,,29.99,/241/53/218281_BK_1,218281_BK_1.jpg,none,,,,,,
218281_OW,218281,Flat Sandals CANGREJERA Off White,_OW,Off White,Footwear,Flat Sandals,PU,Polyurethane; Rubber,,,29.99,/241/53/218281_OW_1,218281_OW_1.jpg,none,,,,,,
218291_EC,218291,Ballerinas BALLERINA MARY-JANE BICOL Ecru,_EC,Ecru,Footwear,Ballerinas,PU,Polyester; Polyurethane; Rubber,,,25.99,/241/53/218291_EC_1,218291_EC_1.jpg,none,,,,,,
218688_BG,218688,Flat Sandals LEATHER TWO-BUCKLES SANDA Beige,_BG,Beige,Footwear,Flat Sandals,Leather,Cow Suede Leather; Polyester; Rubber,,,35.99,/241/53/218688_BG_1,218688_BG_1.jpg,none,,,,,,
218688_GY,218688,Flat Sandals LEATHER TWO-BUCKLES SANDA Grey,_GY,Grey,Footwear,Flat Sandals,Leather,Cow Suede Leather; Polyester; Rubber,,,35.99,/241/53/218688_GY_1,218688_GY_1.jpg,none,,,,,,
219019_NU,219019,High Heel Sandals VINYL SANDAL HEEL Nude,_NU,Nude,Footwear,High Heel Sandals,Others,Polyurethane; Rubber; Thermoplastic Polyurethane,,,29.99,/241/53/219019_NU_1,219019_NU_1.jpg,none,,,,,,
219451_EC,219451,Flat Shoes LEATHER MOCASSIN Ecru,_EC,Ecru,Footwear,Flat Shoes,Leather,Cow Suede Leather; Polyester; Polyurethane; Rubber,,,39.99,/241/53/219451_EC_1,219451_EC_1.jpg,none,,,,,,
219798_CA,219798,Flat Sandals LEATHER SANDAL Camel,_CA,Camel,Footwear,Flat Sandals,Leather,Cow Leather; Polyurethane; Rubber,,,32.99,/242/53/219798_CA_1,219798_CA_1.jpg,none,,,,,,
219961_BK,219961,Flat Sandals SANDAL RING Black,_BK,Black,Footwear,Flat Sandals,PU,Polyurethane; Rubber,,,32.99,/242/53/219961_BK_1,219961_BK_1.jpg,none,,,,,,
219961_CA,219961,Flat Sandals SANDAL RING Camel,_CA,Camel,Footwear,Flat Sandals,PU,Polyurethane; Rubber,,,32.99,/241/53/219961_CA_1,219961_CA_1.jpg,none,,,,,,
220583_BG,220583,Flat Sandals NATURAL FLAT SANDAL Beige,_BG,Beige,Footwear,Flat Sandals,Textile,Polyester; Thermoplastic Polyurethane,,,25.99,/242/53/220583_BG_1,220583_BG_1.jpg,none,,,,,,
220769_KK,220769,Flat Sandals LEATHER SANDAL Khaki,_KK,Khaki,Footwear,Flat Sandals,Leather,Cow Leather; Polyester; Thermoplastic Polyurethane,,,29.99,/242/53/220769_KK_1,220769_KK_1.jpg,none,,,,,,
221623_NU,221623,Flat Shoes RUBBER SANDAL Nude,_NU,Nude,Footwear,Flat Shoes,Rubber,Policloroeteno (pvc); Polyurethane,,,19.99,/242/53/221623_NU_1,221623_NU_1.jpg,none,,,,,,
221623_RD,221623,Flat Shoes RUBBER SANDAL Red,_RD,Red,Footwear,Flat Shoes,Rubber,Policloroeteno (pvc); Polyurethane,,,19.99,/242/53/221623_RD_1,221623_RD_1.jpg,none,,,,,,
221623_SV,221623,Flat Shoes RUBBER SANDAL Silver,_SV,Silver,Footwear,Flat Shoes,Rubber,Policloroeteno (pvc); Polyurethane,,,19.99,/242/53/221623_SV_1,221623_SV_1.jpg,none,,,,,,
222136_BK,222136,High Heel Sandals FLOWER HEEL SANDAL Black,_BK,Black,Footwear,High Heel Sandals,PU,Polyurethane; Rubber,,,35.99,/242/53/222136_BK_1,222136_BK_1.jpg,none,,,,,,
222249_BK,222249,Ballerinas BLACK BALLERINA Black,_BK,Black,Footwear,Ballerinas,Textile,Polyester; Polyurethane; Thermoplastic Polyurethane,,,19.99,/242/53/222249_BK_1,222249_BK_1.jpg,none,,,,,,
222249_BL,222249,Ballerinas BICOLOR BALLERINA Blue,_BL,Blue,Footwear,Ballerinas,Textile,Polyester; Polyurethane; Thermoplastic Polyurethane,,,19.99,/242/53/222249_BL_1,222249_BL_1.jpg,none,,,,,,
222249_EC,222249,Ballerinas BICOLOR BALLERINA Ecru,_EC,Ecru,Footwear,Ballerinas,Textile,Polyester; Polyurethane; Thermoplastic Polyurethane,,,19.99,/242/53/222249_EC_1,222249_EC_1.jpg,none,,,,,,
222249_SV,222249,Ballerinas BICOLOR BALLERINA Silver,_SV,Silver,Footwear,Ballerinas,Textile,Polyester; Polyurethane; Thermoplastic Polyurethane,,,19.99,/242/53/222249_SV_1,222249_SV_1.jpg,none,,,,,,
222299_GD,222299,Trainer Shoes RUNNING GOLD Gold,_GD,Gold,Footwear,Trainers,Textile,Polyester; Polyurethane; Rubber,,,32.99,/242/53/222299_GD_1,222299_GD_1.jpg,none,,,,,,
222299_RG,222299,Trainer Shoes RUNNING ROSE GOLD Rose Gold,_RG,Rose Gold,Footwear,Trainers,Textile,Polyester; Polyurethane; Rubber,,,32.99,/242/53/222299_RG_1,222299_RG_1.jpg,none,,,,,,
222482_BK,222482,Flat Shoes POINTED BALLERINA EYELETS Black,_BK,Black,Footwear,Flat Shoes,PU,Polyester; Polyurethane; Rubber,,,35.99,/242/53/222482_BK_1,222482_BK_1.jpg,none,,,,,,
222482_EC,222482,Flat Shoes POINTED BALLERINA EYELETS Ecru,_EC,Ecru,Footwear,Flat Shoes,PU,Polyester; Polyurethane; Rubber,,,35.99,/242/53/222482_EC_1,222482_EC_1.jpg,none,,,,,,
222701_EC,222701,Ballerinas SLINGBACK LEATHER Ecru,_EC,Ecru,Footwear,Ballerinas,Leather,Cow Leather; Polyester; Polyurethane; Rubber,,,35.99,/242/53/222701_EC_1,222701_EC_1.jpg,none,,,,,,
222827_NU,222827,Ballerinas FLOWER BALLERINA Nude,_NU,Nude,Footwear,Ballerinas,PU,Polyester; Polyurethane; Thermoplastic Polyurethane,,,29.99,/242/53/222827_NU_1,222827_NU_1.jpg,none,,,,,,
223549_TU,223549,Flat Shoes LEATHER MOCASSIN Taupe,_TU,Taupe,Footwear,Flat Shoes,Leather,Cow Suede Leather; Polyester; Polyurethane; Rubber,,,39.99,/242/53/223549_TU_1,223549_TU_1.jpg,none,,,,,,
223637_BK,223637,Ballerinas BALLERINA LEATHER Black,_BK,Black,Footwear,Ballerinas,Leather,Cow Leather; Rubber,,,39.99,/242/53/223637_BK_1,223637_BK_1.jpg,none,,,,,,
223637_BU,223637,Ballerinas BALLERINA LEATHER Burgundy,_BU,Burgundy,Footwear,Ballerinas,Leather,Cow Leather; Rubber,,,39.99,/242/53/223637_BU_1,223637_BU_1.jpg,none,,,,,,
223645_BK,223645,Ankle Boots BASIC ELASTIC BOOT Black,_BK,Black,Footwear,Ankle Boots,PU,Polyester; Polyurethane; Rubber,,,39.99,/242/53/223645_BK_1,223645_BK_1.jpg,none,,,,,,
223712_BK,223712,Boots LEATHER BOOT Black,_BK,Black,Footwear,Boots,Leather,Cow Leather; Polyester; Polyurethane; Rubber,,,99.99,/242/53/223712_BK_1,223712_BK_1.jpg,none,,,,,,
223874_BK,223874,Boots LEATHER BOOT Black,_BK,Black,Footwear,Boots,Leather,Cow Leather; Polyester; Polyurethane; Rubber,,,99.99,/242/53/223874_BK_1,223874_BK_1.jpg,none,,,,,,
223874_BU,223874,Boots LEATHER BOOT Burgundy,_BU,Burgundy,Footwear,Boots,Leather,Cow Leather; Polyester; Polyurethane; Rubber,,,99.99,/242/53/223874_BU_1,223874_BU_1.jpg,none,,,,,,
223874_OL,223874,Boots LEATHER BOOT Olive,_OL,Olive,Footwear,Boots,Leather,Cow Leather; Polyester; Polyurethane; Rubber,,,99.99,/242/53/223874_OL_1,223874_OL_1.jpg,none,,,,,,
223876_BK,223876,Boots BASIC HIGH BOOT Black,_BK,Black,Footwear,Boots,PU,Polyester; Polyurethane; Rubber,,,59.99,/242/53/223876_BK_1,223876_BK_1.jpg,none,,,,,,
223987_BK,223987,Ballerinas BLACK BALLERINA Black,_BK,Black,Footwear,Ballerinas,PU,Polyester; Polyurethane; Rubber,,,29.99,/242/53/223987_BK_1,223987_BK_1.jpg,none,,,,,,
223987_EC,223987,Ballerinas ECRU BALLERINA Ecru,_EC,Ecru,Footwear,Ballerinas,PU,Polyurethane; Rubber,,,29.99,/242/53/223987_EC_1,223987_EC_1.jpg,none,,,,,,
224463_EC,224463,High Heel Sandals WEDGE SANDAL Ecru,_EC,Ecru,Footwear,High Heel Sandals,Textile,Polyester; Polyurethane; Rubber,,,35.99,/242/53/224463_EC_1,224463_EC_1.jpg,none,,,,,,
200433_BK,200433,Briefcase TILE3 Black,_BK,Black,Hand Bag,Briefcase,Animal Embossed PU,Polyester; Polyurethane,,,39.99,/222/54/200433_BK_1,200433_BK_1.jpg,none,,,,,,
200433_KK,200433,Briefcase TILE3 Khaki,_KK,Khaki,Hand Bag,Briefcase,Animal Embossed PU,Polyester; Polyurethane,,,39.99,/222/54/200433_KK_1,200433_KK_1.jpg,none,,,,,,
207646_BG,207646,Tote Bag MARGARET Beige,_BG,Beige,Hand Bag,Tote,Plain PU,Cotton; Polyester; Polyurethane,,,23.99,/232/54/207646_BG_1,207646_BG_1.jpg,none,,,,,,
207646_BK,207646,Tote Bag MARGARET Black,_BK,Black,Hand Bag,Tote,Plain PU,Cotton; Polyester; Polyurethane,,,23.99,/232/54/207646_BK_1,207646_BK_1.jpg,none,,,,,,
207646_BL,207646,Tote Bag MARGARET Blue,_BL,Blue,Hand Bag,Tote,Plain PU,Cotton; Polyester; Polyurethane,,,23.99,/232/54/207646_BL_1,207646_BL_1.jpg,none,,,,,,
207646_EC,207646,Tote Bag MARGARET Ecru,_EC,Ecru,Hand Bag,Tote,Plain PU,Cotton; Polyester; Polyurethane,,,23.99,/232/54/207646_EC_1,207646_EC_1.jpg,none,,,,,,
207646_LL,207646,Tote Bag MARGARET Lilac,_LL,Lilac,Hand Bag,Tote,Plain PU,Cotton; Polyester; Polyurethane,,,23.99,/232/54/207646_LL_1,207646_LL_1.jpg,none,,,,,,
207646_YL,207646,Tote Bag MARGARET Yellow,_YL,Yellow,Hand Bag,Tote,Plain PU,Cotton; Polyester; Polyurethane,,,23.99,/232/54/207646_YL_1,207646_YL_1.jpg,none,,,,,,
208144_BR,208144,Backpack BEACH Brick Red,_BR,Brick Red,Hand Bag,Backpack,Canvas,Cotton; Polyester; Polyurethane,,,19.99,/232/54/208144_BR_1,208144_BR_1.jpg,none,,,,,,
208144_EC,208144,Backpack BEACH Ecru,_EC,Ecru,Hand Bag,Backpack,Canvas,Cotton; Polyester; Polyurethane,,,19.99,/232/54/208144_EC_1,208144_EC_1.jpg,none,,,,,,
208144_KK,208144,Backpack BEACH Khaki,_KK,Khaki,Hand Bag,Backpack,Canvas,Cotton; Polyester; Polyurethane,,,19.99,/232/54/208144_KK_1,208144_KK_1.jpg,none,,,,,,
208144_LL,208144,Backpack BEACH Lilac,_LL,Lilac,Hand Bag,Backpack,Canvas,Cotton; Polyester; Polyurethane,,,19.99,/232/54/208144_LL_1,208144_LL_1.jpg,none,,,,,,
208144_YL,208144,Backpack BEACH Yellow,_YL,Yellow,Hand Bag,Backpack,Canvas,Cotton; Polyester; Polyurethane,,,19.99,/232/54/208144_YL_1,208144_YL_1.jpg,none,,,,,,
208552_GN,208552,Handbag JOLY2 Green,_GN,Green,Hand Bag,Hand,Beads,Acrylic; Cotton,,,29.99,/232/54/208552_GN_1,208552_GN_1.jpg,none,,,,,,
208611_BK,208611,Sac GRACE Black,_BK,Black,Hand Bag,Sac,Plain PU,Linen; Polyester; Polyurethane,,,23.99,/232/54/208611_BK_1,208611_BK_1.jpg,none,,,,,,
208611_CA,208611,Sac GRACE Camel,_CA,Camel,Hand Bag,Sac,Plain PU,Linen; Polyester; Polyurethane,,,23.99,/232/54/208611_CA_1,208611_CA_1.jpg,none,,,,,,
208611_EC,208611,Sac GRACE Ecru,_EC,Ecru,Hand Bag,Sac,Plain PU,Polyester; Polyurethane,,,23.99,/232/54/208611_EC_1,208611_EC_1.jpg,none,,,,,,
208611_KK,208611,Sac GRACE Khaki,_KK,Khaki,Hand Bag,Sac,Plain PU,Linen; Polyester; Polyurethane,,,23.99,/232/54/208611_KK_1,208611_KK_1.jpg,none,,,,,,
208611_LL,208611,Sac GRACE Lilac,_LL,Lilac,Hand Bag,Sac,Plain PU,Linen; Polyester; Polyurethane,,,23.99,/232/54/208611_LL_1,208611_LL_1.jpg,none,,,,,,
208611_NV,208611,Sac GRACE Navy,_NV,Navy,Hand Bag,Sac,Plain PU,Linen; Polyester; Polyurethane,,,23.99,/232/54/208611_NV_1,208611_NV_1.jpg,none,,,,,,
208693_BK,208693,Shoulder Bag JOLY2 Black,_BK,Black,Hand Bag,Shoulder Bag,Plain Fabric,Polyester,,,25.99,/232/54/208693_BK_1,208693_BK_1.jpg,none,,,,,,
208693_WT,208693,Shoulder Bag JOLY2 White,_WT,White,Hand Bag,Shoulder Bag,Plain Fabric,Polyester,,,25.99,/232/54/208693_WT_1,208693_WT_1.jpg,none,,,,,,
209024_BL,209024,Crossbody Bag JOLY3 Blue,_BL,Blue,Hand Bag,Cross,Plain PU,Polyester; Polyurethane,,,25.99,/232/54/209024_BL_1,209024_BL_1.jpg,none,,,,,,
209024_TU,209024,Crossbody Bag JOLY3 Taupe,_TU,Taupe,Hand Bag,Cross,Plain PU,Polyester; Polyurethane,,,25.99,/232/54/209024_TU_1,209024_TU_1.jpg,none,,,,,,
209024_WT,209024,Crossbody Bag JOLY3 White,_WT,White,Hand Bag,Cross,Plain PU,Polyester; Polyurethane,,,25.99,/232/54/209024_WT_1,209024_WT_1.jpg,none,,,,,,
209065_BL,209065,Backpack GARDEN Blue,_BL,Blue,Hand Bag,Backpack,Printed PU,Polyester; Polyurethane,,,25.99,/232/54/209065_BL_1,209065_BL_1.jpg,none,,,,,,
209478_EC,209478,Tote Bag SOLAR Ecru,_EC,Ecru,Hand Bag,Tote,Crochet,Cotton; Polyester; Polyurethane,,,25.99,/232/54/209478_EC_1,209478_EC_1.jpg,none,,,,,,
209516_SW,209516,Crossbody Bag BLANCA Straw,_SW,Straw,Hand Bag,Cross,Paper straw,Linen; Paper; Polyester; Polyurethane,,,23.99,/232/54/209516_SW_1,209516_SW_1.jpg,none,,,,,,
209556_GN,209556,Crossbody Bag GLICINIA Green,_GN,Green,Hand Bag,Cross,Printed PU,Polyester; Polyurethane,,,25.99,/232/54/209556_GN_1,209556_GN_1.jpg,none,,,,,,
209618_EC,209618,Crossbody Bag NET1 Ecru,_EC,Ecru,Hand Bag,Cross,Peach PU,Aluminium; Polyester; Polyurethane; Thermoplastic Polyurethane,,,27.99,/232/54/209618_EC_1,209618_EC_1.jpg,none,,,,,,
209618_KK,209618,Crossbody Bag NET1 Khaki,_KK,Khaki,Hand Bag,Cross,Peach PU,Aluminium; Polyester; Polyurethane; Thermoplastic Polyurethane,,,27.99,/232/54/209618_KK_1,209618_KK_1.jpg,none,,,,,,
209731_BK,209731,Shoulder Bag NET2 Black,_BK,Black,Hand Bag,Shoulder Bag,Padded Peach PU,Polyester; Polyurethane,,,25.99,/232/54/209731_BK_1,209731_BK_1.jpg,none,,,,,,
209731_KK,209731,Shoulder Bag NET2 Khaki,_KK,Khaki,Hand Bag,Shoulder Bag,Padded Peach PU,Polyester; Polyurethane,,,25.99,/232/54/209731_KK_1,209731_KK_1.jpg,none,,,,,,
209731_TU,209731,Shoulder Bag NET2 Taupe,_TU,Taupe,Hand Bag,Shoulder Bag,Padded Peach PU,Polyester; Polyurethane,,,25.99,/232/54/209731_TU_1,209731_TU_1.jpg,none,,,,,,
209732_BK,209732,Crossbody Bag NET1 Black,_BK,Black,Hand Bag,Cross,Peach PU,Aluminium; Polyester; Polyurethane; Thermoplastic Polyurethane,,,27.99,/232/54/209732_BK_1,209732_BK_1.jpg,none,,,,,,
210029_GN,210029,Tote Bag NET2 Green,_GN,Green,Hand Bag,Tote,Fantasy Fabric,Polyester; Polyethylene; Polypropylene,,,15.99,/232/54/210029_GN_1,210029_GN_1.jpg,none,,,,,,
210550_BK,210550,Shopper Bag DOVE2 Black,_BK,Black,Hand Bag,Shopper,Plain PU,Polyurethane,,,25.99,/231/54/210550_BK_1,210550_BK_1.jpg,none,,,,,,
210550_BL,210550,Shopper Bag DOVE2 Blue,_BL,Blue,Hand Bag,Shopper,Plain PU,Polyurethane,,,25.99,/231/54/210550_BL_1,210550_BL_1.jpg,none,,,,,,
210550_EC,210550,Shopper Bag DOVE2 Ecru,_EC,Ecru,Hand Bag,Shopper,Plain PU,Polyurethane,,,25.99,/231/54/210550_EC_1,210550_EC_1.jpg,none,,,,,,
210550_TU,210550,Shopper Bag DOVE2 Taupe,_TU,Taupe,Hand Bag,Shopper,Plain PU,Polyurethane,,,25.99,/231/54/210550_TU_1,210550_TU_1.jpg,none,,,,,,
210595_CA,210595,Shoulder Bag FLECOS Camel,_CA,Camel,Hand Bag,Shoulder Bag,Real Suede,Cotton; Cow Leather,,,49.99,/231/54/210595_CA_1,210595_CA_1.jpg,none,,,,,,
210595_EC,210595,Shoulder Bag FLECOS Ecru,_EC,Ecru,Hand Bag,Shoulder Bag,Real Suede,Cotton; Cow Leather,,,49.99,/231/54/210595_EC_1,210595_EC_1.jpg,none,,,,,,
210595_GN,210595,Shoulder Bag FLECOS Green,_GN,Green,Hand Bag,Shoulder Bag,Real Suede,Cotton; Cow Leather,,,49.99,/231/54/210595_GN_1,210595_GN_1.jpg,none,,,,,,
210792_EC,210792,Sac SURFING Ecru,_EC,Ecru,Hand Bag,Sac,Printed Nylon,Polyester; Polyurethane,,,32.99,/232/54/210792_EC_1,210792_EC_1.jpg,none,,,,,,
210792_NV,210792,Sac SURFING Navy,_NV,Navy,Hand Bag,Sac,Printed Nylon,Polyester; Polyurethane,,,32.99,/232/54/210792_NV_1,210792_NV_1.jpg,none,,,,,,
210841_BK,210841,Shoulder Bag AUGUSTO1 Black,_BK,Black,Hand Bag,Shoulder Bag,Padded Pu,Polyester; Polyurethane,,,27.99,/232/54/210841_BK_1,210841_BK_1.jpg,none,,,,,,
210841_EC,210841,Shoulder Bag AUGUSTO1 Ecru,_EC,Ecru,Hand Bag,Shoulder Bag,Padded Pu,Polyester; Polyurethane,,,27.99,/232/54/210841_EC_1,210841_EC_1.jpg,none,,,,,,
210841_TU,210841,Shoulder Bag AUGUSTO1 Taupe,_TU,Taupe,Hand Bag,Shoulder Bag,Padded Pu,Polyester; Polyurethane,,,27.99,/232/54/210841_TU_1,210841_TU_1.jpg,none,,,,,,
210844_BK,210844,Shoulder Bag AUGUSTO1 Black,_BK,Black,Hand Bag,Shoulder Bag,Padded Pu,Polyester; Polyurethane,,,32.99,/232/54/210844_BK_1,210844_BK_1.jpg,none,,,,,,
210946_BK,210946,Handbag AUBREY 2 Black,_BK,Black,Hand Bag,Computer Backpack,Fake Nylon,Polyester; Polyurethane; Zinc,,,32.99,/232/54/210946_BK_1,210946_BK_1.jpg,none,,,,,,
210954_BK,210954,Tote Bag AUBREY 2 Black,_BK,Black,Hand Bag,Tote,Fake Nylon,Polyester; Polyurethane,,,25.99,/232/54/210954_BK_1,210954_BK_1.jpg,none,,,,,,
210954_EC,210954,Tote Bag AUBREY 2 Ecru,_EC,Ecru,Hand Bag,Tote,Fake Nylon,Polyester; Polyurethane,,,25.99,/232/54/210954_EC_1,210954_EC_1.jpg,none,,,,,,
211225_RD,211225,Tote Bag BLOOMING Red,_RD,Red,Hand Bag,Tote,Plain PU,Polyester; Polyurethane,,,25.99,/232/54/211225_RD_1,211225_RD_1.jpg,none,,,,,,
211301_BK,211301,Briefcase POWER Black,_BK,Black,Hand Bag,Briefcase,Animal Embossed PU,Polyester; Polyethylene Terephthalate; Polyurethane,,,35.99,/232/54/211301_BK_1,211301_BK_1.jpg,none,,,,,,
211329_KK,211329,Sac MAXI MAY Khaki,_KK,Khaki,Hand Bag,Sac,Plain Fabric,Acrylic; Cotton; Polyester,,,19.99,/231/54/211329_KK_1,211329_KK_1.jpg,none,,,,,,
211329_YL,211329,Sac MAXI MAY Yellow,_YL,Yellow,Hand Bag,Sac,Plain Fabric,Acrylic; Cotton; Polyester,,,19.99,/231/54/211329_YL_1,211329_YL_1.jpg,none,,,,,,
211332_BM,211332,Tote Bag MAXI MAY Bright Multicolor,_BM,Bright Multicolor,Hand Bag,Tote,Printed Fabric,Acrylic; Aluminium; Cotton; Polyester,,,22.99,/231/54/211332_BM_1,211332_BM_1.jpg,none,,,,,,
211432_DG,211432,Crossbody Bag STELLA Dark Grey,_DG,Dark Grey,Hand Bag,Cross,Fake Nylon,Polyester; Polyurethane,,,25.99,/232/54/211432_DG_1,211432_DG_1.jpg,none,,,,,,
211432_EC,211432,Crossbody Bag STELLA Ecru,_EC,Ecru,Hand Bag,Cross,Fake Nylon,Polyester; Polyurethane,,,25.99,/232/54/211432_EC_1,211432_EC_1.jpg,none,,,,,,
211601_BK,211601,Shoulder Bag FARM2 Black,_BK,Black,Hand Bag,Shoulder Bag,Plain PU,Polyester; Polyurethane,,,27.99,/232/54/211601_BK_1,211601_BK_1.jpg,none,,,,,,
211601_TU,211601,Shoulder Bag FARM2 Taupe,_TU,Taupe,Hand Bag,Shoulder Bag,Plain PU,Polyester; Polyurethane,,,27.99,/232/54/211601_TU_1,211601_TU_1.jpg,none,,,,,,
211601_YL,211601,Shoulder Bag FARM2 Yellow,_YL,Yellow,Hand Bag,Shoulder Bag,Plain PU,Polyester; Polyurethane,,,27.99,/232/54/211601_YL_1,211601_YL_1.jpg,none,,,,,,
211691_DM,211691,Crossbody Bag FARM2 Dark Multicolor,_DM,Dark Multicolor,Hand Bag,Cross,Real Fur,Cow Leather; Polyester; Polyurethane,,,32.99,/232/54/211691_DM_1,211691_DM_1.jpg,none,,,,,,
211697_BK,211697,Computer Hand Bag FARM2 Black,_BK,Black,Hand Bag,Computer Hand Bag,Plain PU,Cow Leather; Polyester; Polyurethane,,,39.99,/232/54/211697_BK_1,211697_BK_1.jpg,none,,,,,,
211697_TU,211697,Computer Hand Bag FARM2 Taupe,_TU,Taupe,Hand Bag,Computer Hand Bag,Plain PU,Cow Leather; Polyester; Polyurethane,,,39.99,/232/54/211697_TU_1,211697_TU_1.jpg,none,,,,,,
211814_SK,211814,Backpack MARIGOLD 1 Skin,_SK,Skin,Hand Bag,Backpack,Printed Fake Nylon,Polyester; Polyurethane,,,25.99,/232/54/211814_SK_1,211814_SK_1.jpg,none,,,,,,
211836_EC,211836,Shopper Bag MARIGOLD Ecru,_EC,Ecru,Hand Bag,Shopper,Nylon,Polyester; Polyurethane,,,27.99,/232/54/211836_EC_1,211836_EC_1.jpg,none,,,,,,
211836_KK,211836,Shopper Bag MARIGOLD 2 Khaki,_KK,Khaki,Hand Bag,Shopper,Nylon,Polyester; Polyurethane,,,27.99,/232/54/211836_KK_1,211836_KK_1.jpg,none,,,,,,
211847_EC,211847,Backpack NINA Ecru,_EC,Ecru,Hand Bag,Backpack,Real Suede,Cow Suede Leather; Iron; Polyester; Polyurethane,,,29.99,/232/54/211847_EC_1,211847_EC_1.jpg,none,,,,,,
211873_BK,211873,Tote Bag THEO Black,_BK,Black,Hand Bag,Tote,Plain PU,Polyester; Polyurethane,,,25.99,/232/54/211873_BK_1,211873_BK_1.jpg,none,,,,,,
211873_EC,211873,Tote Bag THEO Ecru,_EC,Ecru,Hand Bag,Tote,Plain PU,Polyester; Polyurethane,,,25.99,/232/54/211873_EC_1,211873_EC_1.jpg,none,,,,,,
211873_LL,211873,Tote Bag THEO Lilac,_LL,Lilac,Hand Bag,Tote,Plain PU,Polyester; Polyurethane,,,25.99,/232/54/211873_LL_1,211873_LL_1.jpg,none,,,,,,
212100_BK,212100,Shoulder Bag HAND BAG PROVISION Black,_BK,Black,Hand Bag,Shoulder Bag,Padded Peach PU,Polyester; Polyurethane,,,25.99,/232/54/212100_BK_1,212100_BK_1.jpg,none,,,,,,
212100_EC,212100,Shoulder Bag HAND BAG PROVISION Ecru,_EC,Ecru,Hand Bag,Shoulder Bag,Padded Peach PU,Polyester; Polyurethane,,,25.99,/232/54/212100_EC_1,212100_EC_1.jpg,none,,,,,,
212111_BK,212111,Sac JOLY1 Black,_BK,Black,Hand Bag,Sac,Fantasy Fabric,Cotton; Fiberglass,,,32.99,/232/54/212111_BK_1,212111_BK_1.jpg,none,,,,,,
212113_BK,212113,Tote Bag TIGER2 Black,_BK,Black,Hand Bag,Tote,Nylon,Polyester; Polyurethane,,,29.99,/232/54/212113_BK_1,212113_BK_1.jpg,none,,,,,,
212113_KK,212113,Tote Bag TIGER2 Khaki,_KK,Khaki,Hand Bag,Tote,Nylon,Polyester; Polyurethane,,,29.99,/232/54/212113_KK_1,212113_KK_1.jpg,none,,,,,,
212113_TU,212113,Tote Bag TIGER2 Taupe,_TU,Taupe,Hand Bag,Tote,Nylon,Polyester; Polyurethane,,,29.99,/232/54/212113_TU_1,212113_TU_1.jpg,none,,,,,,
212205_DM,212205,Crossbody Bag FARM2 Dark Multicolor,_DM,Dark Multicolor,Hand Bag,Cross,Animal Embossed PU,Polyester; Polyurethane,,,29.99,/232/54/212205_DM_1,212205_DM_1.jpg,none,,,,,,
212222_BK,212222,Tote Bag HAND BAG PROVISION Black,_BK,Black,Hand Bag,Tote,Plain PU,Polyester; Polyurethane,,,25.99,/232/54/212222_BK_1,212222_BK_1.jpg,none,,,,,,
212222_CA,212222,Tote Bag HAND BAG PROVISION Camel,_CA,Camel,Hand Bag,Tote,Plain PU,Polyester; Polyurethane,,,25.99,/232/54/212222_CA_1,212222_CA_1.jpg,none,,,,,,
212222_EC,212222,Tote Bag HAND BAG PROVISION Ecru,_EC,Ecru,Hand Bag,Tote,Plain PU,Polyester; Polyurethane,,,25.99,/232/54/212222_EC_1,212222_EC_1.jpg,none,,,,,,
212223_BK,212223,Tote Bag HAND BAG PROVISION Black,_BK,Black,Hand Bag,Tote,Plain PU,Polyester; Polyurethane,,,23.99,/232/54/212223_BK_1,212223_BK_1.jpg,none,,,,,,
212223_CA,212223,Tote Bag HAND BAG PROVISION Camel,_CA,Camel,Hand Bag,Tote,Plain PU,Polyester; Polyurethane,,,23.99,/232/54/212223_CA_1,212223_CA_1.jpg,none,,,,,,
212351_BK,212351,Crossbody Bag CRUELLA3 Black,_BK,Black,Hand Bag,Cross,Plain PU,Polyester; Polyurethane; Silicone,,,25.99,/232/54/212351_BK_1,212351_BK_1.jpg,none,,,,,,
212351_EC,212351,Crossbody Bag CRUELLA3 Ecru,_EC,Ecru,Hand Bag,Cross,Plain PU,Polyester; Polyurethane; Silicone,,,25.99,/232/54/212351_EC_1,212351_EC_1.jpg,none,,,,,,
212351_PU,212351,Crossbody Bag CRUELLA3 Purple,_PU,Purple,Hand Bag,Cross,Plain PU,Polyester; Polyurethane; Silicone,,,25.99,/232/54/212351_PU_1,212351_PU_1.jpg,none,,,,,,
212351_TU,212351,Crossbody Bag CRUELLA3 Taupe,_TU,Taupe,Hand Bag,Cross,Plain PU,Polyester; Polyurethane; Silicone,,,25.99,/232/54/212351_TU_1,212351_TU_1.jpg,none,,,,,,
212359_BK,212359,Shopper Bag INGRID Black,_BK,Black,Hand Bag,Shopper,Plain PU,Polyester; Polyurethane,,,25.99,/232/54/212359_BK_1,212359_BK_1.jpg,none,,,,,,
212376_EC,212376,Tote Bag WOOLY Ecru,_EC,Ecru,Hand Bag,Tote,Felt,Polyester; Polyurethane,,,25.99,/232/54/212376_EC_1,212376_EC_1.jpg,none,,,,,,
212376_GY,212376,Tote Bag WOOLY Grey,_GY,Grey,Hand Bag,Tote,Felt,Polyester; Polyurethane,,,25.99,/232/54/212376_GY_1,212376_GY_1.jpg,none,,,,,,
212376_LL,212376,Tote Bag WOOLY Lilac,_LL,Lilac,Hand Bag,Tote,Felt,Polyester; Polyurethane,,,25.99,/232/54/212376_LL_1,212376_LL_1.jpg,none,,,,,,
212539_BK,212539,Sac CRUELLA3 Black,_BK,Black,Hand Bag,Sac,Plain PU,Polyester; Polyurethane,,,32.99,/232/54/212539_BK_1,212539_BK_1.jpg,none,,,,,,
212539_TU,212539,Sac CRUELLA3 Taupe,_TU,Taupe,Hand Bag,Sac,Plain PU,Polyester; Polyurethane,,,32.99,/232/54/212539_TU_1,212539_TU_1.jpg,none,,,,,,
212623_BG,212623,Tote Bag THEO Beige,_BG,Beige,Hand Bag,Tote,Jacquard,Polyester; Polyurethane,,,23.99,/232/54/212623_BG_1,212623_BG_1.jpg,none,,,,,,
212735_GY,212735,Backpack OLIVE Grey,_GY,Grey,Hand Bag,Backpack,Printed PU,Polyester; Polyurethane,,,27.99,/232/54/212735_GY_1,212735_GY_1.jpg,none,,,,,,
212737_BK,212737,Crossbody Bag OLIVE Black,_BK,Black,Hand Bag,Cross,Plain PU,Polyester; Polyurethane,,,25.99,/232/54/212737_BK_1,212737_BK_1.jpg,none,,,,,,
212737_GY,212737,Crossbody Bag OLIVE Grey,_GY,Grey,Hand Bag,Cross,Plain PU,Polyester; Polyurethane,,,25.99,/232/54/212737_GY_1,212737_GY_1.jpg,none,,,,,,
212925_HM,212925,Sac SAVANA2 Halftone Multicolor,_HM,Halftone Multicolor,Hand Bag,Sac,Real Fur,Cow Leather; Polyester; Polyurethane,,,120.0,/232/54/212925_HM_1,212925_HM_1.jpg,none,,,,,,
213190_BK,213190,Tote Bag VILLAGE 1 Black,_BK,Black,Hand Bag,Tote,Fake Nylon,Polyester; Polyurethane,,,25.99,/232/54/213190_BK_1,213190_BK_1.jpg,none,,,,,,
213190_TE,213190,Tote Bag VILLAGE 1 Pastel Grey,_TE,Pastel Grey,Hand Bag,Tote,Fake Nylon,Polyester; Polyurethane,,,25.99,/232/54/213190_TE_1,213190_TE_1.jpg,none,,,,,,
213249_BK,213249,Shopper Bag CAMO1 Black,_BK,Black,Hand Bag,Shopper,Plain PU,Polyurethane,,,25.99,/232/54/213249_BK_1,213249_BK_1.jpg,none,,,,,,
213249_TU,213249,Shopper Bag CAMO1 Taupe,_TU,Taupe,Hand Bag,Shopper,Plain PU,Polyurethane,,,25.99,/232/54/213249_TU_1,213249_TU_1.jpg,none,,,,,,
213251_DM,213251,Shopper Bag CAMO1 Dark Multicolor,_DM,Dark Multicolor,Hand Bag,Shopper,Printed PU,Polyurethane,,,25.99,/232/54/213251_DM_1,213251_DM_1.jpg,none,,,,,,
213471_BK,213471,Crossbody Bag CAMO3 Black,_BK,Black,Hand Bag,Cross,Plain PU,Polyester; Polyurethane,,,25.99,/232/54/213471_BK_1,213471_BK_1.jpg,none,,,,,,
213471_EC,213471,Crossbody Bag CAMO3 Ecru,_EC,Ecru,Hand Bag,Cross,Plain PU,Polyester; Polyurethane,,,25.99,/232/54/213471_EC_1,213471_EC_1.jpg,none,,,,,,
213471_GN,213471,Crossbody Bag CAMO3 Green,_GN,Green,Hand Bag,Cross,Plain PU,Polyester; Polyurethane,,,25.99,/232/54/213471_GN_1,213471_GN_1.jpg,none,,,,,,
213471_OR,213471,Crossbody Bag CAMO3 Orange,_OR,Orange,Hand Bag,Cross,Plain PU,Polyester; Polyurethane,,,25.99,/232/54/213471_OR_1,213471_OR_1.jpg,none,,,,,,
213471_TU,213471,Crossbody Bag CAMO3 Taupe,_TU,Taupe,Hand Bag,Cross,Plain PU,Polyester; Polyurethane,,,25.99,/232/54/213471_TU_1,213471_TU_1.jpg,none,,,,,,
213571_BK,213571,Shoulder Bag CAMO1 Black,_BK,Black,Hand Bag,Shoulder Bag,Padded Pu,Polyester; Polyurethane,,,29.99,/232/54/213571_BK_1,213571_BK_1.jpg,none,,,,,,
213571_GN,213571,Shoulder Bag CAMO1 Green,_GN,Green,Hand Bag,Shoulder Bag,Padded Pu,Polyester; Polyurethane,,,29.99,/232/54/213571_GN_1,213571_GN_1.jpg,none,,,,,,
213571_TU,213571,Shoulder Bag CAMO1 Taupe,_TU,Taupe,Hand Bag,Shoulder Bag,Padded Pu,Polyester; Polyurethane,,,29.99,/232/54/213571_TU_1,213571_TU_1.jpg,none,,,,,,
213573_OS,213573,Crossbody Bag CAMO1 Old Silver,_OS,Old Silver,Hand Bag,Cross,Fantasy PU,Polyester; Polyurethane,,,25.99,/232/54/213573_OS_1,213573_OS_1.jpg,none,,,,,,
213876_GN,213876,Crossbody Bag ANIME3 Green,_GN,Green,Hand Bag,Cross,Peach PU,Polyester; Polyurethane,,,25.99,/232/54/213876_GN_1,213876_GN_1.jpg,none,,,,,,
214222_BK,214222,Tote Bag INEZ Black,_BK,Black,Hand Bag,Tote,Plain PU,Polyester; Polyurethane; Zinc,Silver,,23.99,/241/54/214222_BK_1,214222_BK_1.jpg,none,,,,,,
214222_BL,214222,Tote Bag INEZ Blue,_BL,Blue,Hand Bag,Tote,Plain PU,Polyester; Polyurethane; Zinc,Silver,,23.99,/241/54/214222_BL_1,214222_BL_1.jpg,none,,,,,,
214222_EC,214222,Tote Bag INEZ Ecru,_EC,Ecru,Hand Bag,Tote,Plain PU,Polyester; Polyurethane; Zinc,Silver,,23.99,/241/54/214222_EC_1,214222_EC_1.jpg,none,,,,,,
214222_PK,214222,Tote Bag INEZ Pink,_PK,Pink,Hand Bag,Tote,Plain PU,Polyester; Polyurethane; Zinc,Silver,,23.99,/241/54/214222_PK_1,214222_PK_1.jpg,none,,,,,,
214244_KK,214244,Backpack EARLYBIRD Khaki,_KK,Khaki,Hand Bag,Backpack,Printed PU,Polyester; Polyurethane,,,27.99,/241/54/214244_KK_1,214244_KK_1.jpg,none,,,,,,
214258_BG,214258,Tote Bag STACEY Beige,_BG,Beige,Hand Bag,Tote,Patchwork,Polyester; Polyurethane,,,27.99,/241/54/214258_BG_1,214258_BG_1.jpg,none,,,,,,
214258_BK,214258,Tote Bag STACEY Black,_BK,Black,Hand Bag,Tote,Patchwork,Polyester; Polyurethane,,,27.99,/241/54/214258_BK_1,214258_BK_1.jpg,none,,,,,,
214371_BK,214371,Tote Bag CAMO3 Black,_BK,Black,Hand Bag,Tote,Plain PU,Polyester; Polyurethane,,,29.99,/232/54/214371_BK_1,214371_BK_1.jpg,none,,,,,,
214371_EC,214371,Tote Bag CAMO3 Ecru,_EC,Ecru,Hand Bag,Tote,Plain PU,Polyester; Polyurethane,,,29.99,/232/54/214371_EC_1,214371_EC_1.jpg,none,,,,,,
214371_TU,214371,Tote Bag CAMO3 Taupe,_TU,Taupe,Hand Bag,Tote,Plain PU,Polyester; Polyurethane,,,29.99,/232/54/214371_TU_1,214371_TU_1.jpg,none,,,,,,
214426_BM,214426,Crossbody Bag BOOMER2 Bright Multicolor,_BM,Bright Multicolor,Hand Bag,Cross,Printed PU,Polyester; Polyurethane,,,25.99,/232/54/214426_BM_1,214426_BM_1.jpg,none,,,,,,
214480_BM,214480,Shopper Bag CANICHE CAMPAIGN Bright Multicolor,_BM,Bright Multicolor,Hand Bag,Shopper,Printed Nylon,Polyamide; Polyester; Polyurethane,,,49.99,/232/54/214480_BM_1,214480_BM_1.jpg,none,,,,,,
214516_BK,214516,Shoulder Bag BOOMER2 Black,_BK,Black,Hand Bag,Shoulder Bag,Plain PU,Polyester; Polyurethane,,,25.99,/232/54/214516_BK_1,214516_BK_1.jpg,none,,,,,,
214516_KK,214516,Shoulder Bag BOOMER2 Khaki,_KK,Khaki,Hand Bag,Shoulder Bag,Plain PU,Polyester; Polyurethane,,,25.99,/232/54/214516_KK_1,214516_KK_1.jpg,none,,,,,,
214699_KK,214699,Lunch Bag CAMI 1 Khaki,_KK,Khaki,Hand Bag,Lunch Bag,Printed PU,Polyester; Polyethylene Terephthalate; Polyurethane,Silver,,23.99,/241/54/214699_KK_1,214699_KK_1.jpg,none,,,,,,
214813_BL,214813,Sac SILVERSURFER3 Blue,_BL,Blue,Hand Bag,Sac,Velvet,Polyester; Polyurethane,,,25.99,/232/54/214813_BL_1,214813_BL_1.jpg,none,,,,,,
215210_KK,215210,Sac TRECKING CAPSULE Khaki,_KK,Khaki,Hand Bag,Sac,Nylon,Polyester; Polyurethane; recycled polyester,,,35.99,/232/54/215210_KK_1,215210_KK_1.jpg,none,,,,,,
215222_BK,215222,Crossbody Bag TRECKING CAPSULE Black,_BK,Black,Hand Bag,Cross,Nylon,Polyester; Polyurethane; Recycled Polyamide,,,29.99,/232/54/215222_BK_1,215222_BK_1.jpg,none,,,,,,
215222_BM,215222,Crossbody Bag TRECKING CAPSULE Bright Multicolor,_BM,Bright Multicolor,Hand Bag,Cross,Nylon,Polyester; Polyurethane; Recycled Polyamide,,,29.99,/232/54/215222_BM_1,215222_BM_1.jpg,none,,,,,,
215222_KK,215222,Crossbody Bag TRECKING CAPSULE Khaki,_KK,Khaki,Hand Bag,Cross,Nylon,Polyester; Polyurethane; Recycled Polyamide,,,29.99,/232/54/215222_KK_1,215222_KK_1.jpg,none,,,,,,
215223_SV,215223,Crossbody Bag TRECKING CAPSULE Silver,_SV,Silver,Hand Bag,Cross,Fantasy Fabric,Polyester; Polyurethane; Recycled Polyamide,,,29.99,/232/54/215223_SV_1,215223_SV_1.jpg,none,,,,,,
215525_BK,215525,Handbag NYT Black,_BK,Black,Hand Bag,Computer Backpack,Nylon,Cotton; Polyester; Polyurethane; Zinc,,,32.99,/241/54/215525_BK_1,215525_BK_1.jpg,none,,,,,,
215525_BL,215525,Handbag NYT Blue,_BL,Blue,Hand Bag,Computer Backpack,Nylon,Cotton; Polyester; Polyurethane; Zinc,,,32.99,/241/54/215525_BL_1,215525_BL_1.jpg,none,,,,,,
215525_CA,215525,Handbag NYT Camel,_CA,Camel,Hand Bag,Computer Backpack,Nylon,Cotton; Polyester; Polyurethane; Zinc,,,32.99,/241/54/215525_CA_1,215525_CA_1.jpg,none,,,,,,
215525_KK,215525,Handbag NYT Khaki,_KK,Khaki,Hand Bag,Computer Backpack,Nylon,Cotton; Polyester; Polyurethane; Zinc,,,32.99,/241/54/215525_KK_1,215525_KK_1.jpg,none,,,,,,
215532_BK,215532,Crossbody Bag NYT Black,_BK,Black,Hand Bag,Cross,Nylon,Cotton; Polyester; Polyurethane; Zinc,Silver,,25.99,/241/54/215532_BK_1,215532_BK_1.jpg,none,,,,,,
215532_CA,215532,Crossbody Bag NYT Camel,_CA,Camel,Hand Bag,Cross,Nylon,Cotton; Polyester; Polyurethane; Zinc,Silver,,25.99,/241/54/215532_CA_1,215532_CA_1.jpg,none,,,,,,
215532_KK,215532,Crossbody Bag NYT Khaki,_KK,Khaki,Hand Bag,Cross,Nylon,Cotton; Polyester; Polyurethane; Zinc,Silver,,25.99,/241/54/215532_KK_1,215532_KK_1.jpg,none,,,,,,
215534_BK,215534,Tote Bag NYT Black,_BK,Black,Hand Bag,Tote,Nylon,Cotton; Polyester; Polyurethane; Zinc,Silver,,25.99,/241/54/215534_BK_1,215534_BK_1.jpg,none,,,,,,
215534_BR,215534,Tote Bag NYT Brick Red,_BR,Brick Red,Hand Bag,Tote,Nylon,Cotton; Polyester; Polyurethane; Zinc,Silver,,25.99,/241/54/215534_BR_1,215534_BR_1.jpg,none,,,,,,
215602_BK,215602,Tote Bag ARETHA Black,_BK,Black,Hand Bag,Tote,Plain PU,Polyester; Polyurethane; Zinc,,,23.99,/241/54/215602_BK_1,215602_BK_1.jpg,none,,,,,,
215602_BL,215602,Tote Bag ARETHA Blue,_BL,Blue,Hand Bag,Tote,Plain PU,Polyester; Polyurethane; Zinc,,,23.99,/241/54/215602_BL_1,215602_BL_1.jpg,none,,,,,,
215602_CA,215602,Tote Bag ARETHA Camel,_CA,Camel,Hand Bag,Tote,Plain PU,Polyester; Polyurethane; Zinc,,,23.99,/241/54/215602_CA_1,215602_CA_1.jpg,none,,,,,,
215602_EC,215602,Tote Bag ARETHA Ecru,_EC,Ecru,Hand Bag,Tote,Plain PU,Polyester; Polyurethane; Zinc,,,23.99,/241/54/215602_EC_1,215602_EC_1.jpg,none,,,,,,
215602_GN,215602,Tote Bag ARETHA Green,_GN,Green,Hand Bag,Tote,Plain PU,Polyester; Polyurethane; Zinc,,,23.99,/241/54/215602_GN_1,215602_GN_1.jpg,none,,,,,,
215602_YL,215602,Tote Bag ARETHA Yellow,_YL,Yellow,Hand Bag,Tote,Plain PU,Polyester; Polyurethane; Zinc,,,23.99,/241/54/215602_YL_1,215602_YL_1.jpg,none,,,,,,
216177_DM,216177,Shoulder Bag MANHATAN1 Dark Multicolor,_DM,Dark Multicolor,Hand Bag,Shoulder Bag,Real Fur,Cow Leather; Polyester; Polyurethane,,,27.99,/241/54/216177_DM_1,216177_DM_1.jpg,none,,,,,,
216307_BK,216307,Handbag MAGIK Black,_BK,Black,Hand Bag,Computer Backpack,Fake Nylon,Polyester; Polyurethane; Zinc,,,32.99,/241/54/216307_BK_1,216307_BK_1.jpg,none,,,,,,
216307_EC,216307,Handbag MAGIK Ecru,_EC,Ecru,Hand Bag,Computer Backpack,Fake Nylon,Polyester; Polyurethane; Zinc,,,32.99,/241/54/216307_EC_1,216307_EC_1.jpg,none,,,,,,
216307_TU,216307,Handbag MAGIK Taupe,_TU,Taupe,Hand Bag,Computer Backpack,Fake Nylon,Polyester; Polyurethane; Zinc,,,32.99,/241/54/216307_TU_1,216307_TU_1.jpg,none,,,,,,
216350_FU,216350,Backpack MAGIK LOVE Fuchsia,_FU,Fuchsia,Hand Bag,Backpack,Printed PU,Polyester; Polyurethane,,,23.99,/241/54/216350_FU_1,216350_FU_1.jpg,none,,,,,,
216350_RD,216350,Backpack MAGIK LOVE Red,_RD,Red,Hand Bag,Backpack,Printed PU,Polyester; Polyurethane,,,23.99,/241/54/216350_RD_1,216350_RD_1.jpg,none,,,,,,
216479_BK,216479,Shopper Bag MILITARY1 Black,_BK,Black,Hand Bag,Shopper,Plain PU,Polyester; Polyurethane,Silver,,25.99,/241/54/216479_BK_1,216479_BK_1.jpg,none,,,,,,
216479_EC,216479,Shopper Bag MILITARY1 Ecru,_EC,Ecru,Hand Bag,Shopper,Plain PU,Polyester; Polyurethane,Silver,,25.99,/241/54/216479_EC_1,216479_EC_1.jpg,none,,,,,,
216479_TU,216479,Shopper Bag MILITARY1 Taupe,_TU,Taupe,Hand Bag,Shopper,Plain PU,Polyester; Polyurethane,Silver,,25.99,/241/54/216479_TU_1,216479_TU_1.jpg,none,,,,,,
216523_BK,216523,Shopper Bag ESSENTIALS3 Black,_BK,Black,Hand Bag,Shopper,Plain PU,Polyester; Polyurethane,Light Golden,,35.99,/241/54/216523_BK_1,216523_BK_1.jpg,none,,,,,,
216523_BL,216523,Shopper Bag ESSENTIALS3 Blue,_BL,Blue,Hand Bag,Shopper,Plain PU,Polyester; Polyurethane,Light Golden,,35.99,/241/54/216523_BL_1,216523_BL_1.jpg,none,,,,,,
216523_KK,216523,Shopper Bag ESSENTIALS3 Khaki,_KK,Khaki,Hand Bag,Shopper,Plain PU,Polyester; Polyurethane,Light Golden,,35.99,/241/54/216523_KK_1,216523_KK_1.jpg,none,,,,,,
216523_TU,216523,Shopper Bag ESSENTIALS3 Taupe,_TU,Taupe,Hand Bag,Shopper,Plain PU,Polyester; Polyurethane,Light Golden,,35.99,/241/54/216523_TU_1,216523_TU_1.jpg,none,,,,,,
216541_TU,216541,Backpack ROY Taupe,_TU,Taupe,Hand Bag,Backpack,Fantasy PU,Cotton; Polyester; Polyurethane,,,27.99,/241/54/216541_TU_1,216541_TU_1.jpg,none,,,,,,
216541_YL,216541,Backpack ROY Yellow,_YL,Yellow,Hand Bag,Backpack,Fantasy PU,Cotton; Polyester; Polyurethane,,,27.99,/241/54/216541_YL_1,216541_YL_1.jpg,none,,,,,,
216542_FU,216542,Backpack ROY Fuchsia,_FU,Fuchsia,Hand Bag,Backpack,Printed PU,Polyester; Polyurethane,,,27.99,/241/54/216542_FU_1,216542_FU_1.jpg,none,,,,,,
216592_BK,216592,Shoulder Bag WOODY2 Black,_BK,Black,Hand Bag,Shoulder Bag,Padded Pu,Polyester; Polyurethane,Silver,,29.99,/241/54/216592_BK_1,216592_BK_1.jpg,none,,,,,,
216592_EC,216592,Shoulder Bag WOODY3 Ecru,_EC,Ecru,Hand Bag,Shoulder Bag,Padded Pu,Polyester; Polyurethane,Silver,,29.99,/241/54/216592_EC_1,216592_EC_1.jpg,none,,,,,,
216592_PU,216592,Shoulder Bag MILITARY2 Purple,_PU,Purple,Hand Bag,Shoulder Bag,Padded Pu,Polyester; Polyurethane,Silver,,29.99,/241/54/216592_PU_1,216592_PU_1.jpg,none,,,,,,
216597_DM,216597,Shopper Bag FIRE2 Dark Multicolor,_DM,Dark Multicolor,Hand Bag,Shopper,Printed Nylon,Polyamide; Polyester,Silver,,29.99,/241/54/216597_DM_1,216597_DM_1.jpg,none,,,,,,
216609_BK,216609,Tote Bag MILITARY2 Black,_BK,Black,Hand Bag,Tote,Plain PU,Polyester; Polyurethane,,,27.99,/241/54/216609_BK_1,216609_BK_1.jpg,none,,,,,,
216609_TU,216609,Tote Bag MILITARY2 Taupe,_TU,Taupe,Hand Bag,Tote,Plain PU,Polyester; Polyurethane,,,27.99,/241/54/216609_TU_1,216609_TU_1.jpg,none,,,,,,
216634_BK,216634,Tote Bag MAXI DOTTS Black,_BK,Black,Hand Bag,Tote,Real Fur,Cow Leather; Polyester; Polyurethane,,,32.99,/241/54/216634_BK_1,216634_BK_1.jpg,none,,,,,,
216893NC,216893,Tote Bag TAVIRA Natural Color,NC,Natural Color,Hand Bag,Tote,Paper straw,Ceramic; Cotton; Iron; Paper; Polyester; Polyurethane; Stone; Wood; Zinc,,,27.99,/241/54/216893NC_1,216893NC_1.jpg,none,,,,,,
216909NC,216909,Tote Bag TAVIRA Natural Color,NC,Natural Color,Hand Bag,Tote,Paper straw,Ceramic; Cotton; Iron; Paper; Polyester; Polyurethane; Stone; Wood; Zinc,Light Golden,,25.99,/241/54/216909NC_1,216909NC_1.jpg,none,,,,,,
217012_EC,217012,Crossbody Bag EMAN Ecru,_EC,Ecru,Hand Bag,Cross,Padded Pu,Polyester; Polyurethane,Light Golden,,25.99,/241/54/217012_EC_1,217012_EC_1.jpg,none,,,,,,
217021_BK,217021,Crossbody Bag BIRKIN Black,_BK,Black,Hand Bag,Cross,Plain PU,Polyester; Polyurethane,,,23.99,/241/54/217021_BK_1,217021_BK_1.jpg,none,,,,,,
217021_EC,217021,Crossbody Bag BIRKIN Ecru,_EC,Ecru,Hand Bag,Cross,Plain PU,Polyester; Polyurethane,,,23.99,/241/54/217021_EC_1,217021_EC_1.jpg,none,,,,,,
217021_TU,217021,Crossbody Bag BIRKIN Taupe,_TU,Taupe,Hand Bag,Cross,Plain PU,Polyester; Polyurethane,,,23.99,/241/54/217021_TU_1,217021_TU_1.jpg,none,,,,,,
217029_BG,217029,Tote Bag GEORGIA Beige,_BG,Beige,Hand Bag,Tote,Canvas,Cotton; Polyester; Polyurethane,Light Golden,,23.99,/241/54/217029_BG_1,217029_BG_1.jpg,none,,,,,,
217029_KK,217029,Tote Bag GEORGIA Khaki,_KK,Khaki,Hand Bag,Tote,Canvas,Cotton; Polyester; Polyurethane,Light Golden,,23.99,/241/54/217029_KK_1,217029_KK_1.jpg,none,,,,,,
217233_PK,217233,Tote Bag EMAN Pink,_PK,Pink,Hand Bag,Tote,Fantasy PU,Polyester; Polyurethane; Zinc,,,27.99,/241/54/217233_PK_1,217233_PK_1.jpg,none,,,,,,
217350_BK,217350,Tote Bag FLAME1 Black,_BK,Black,Hand Bag,Tote,Nylon,Polyester,Silver,,23.99,/241/54/217350_BK_1,217350_BK_1.jpg,none,,,,,,
217350_GN,217350,Tote Bag FLAME1 Green,_GN,Green,Hand Bag,Tote,Nylon,Polyester,Silver,,23.99,/241/54/217350_GN_1,217350_GN_1.jpg,none,,,,,,
217350_PK,217350,Tote Bag FLAME1 Pink,_PK,Pink,Hand Bag,Tote,Nylon,Polyester,Silver,,23.99,/241/54/217350_PK_1,217350_PK_1.jpg,none,,,,,,
217362_GN,217362,Crossbody Bag FLEUR Green,_GN,Green,Hand Bag,Cross,Printed PU,Polyester; Polyurethane,Silver,,23.99,/241/54/217362_GN_1,217362_GN_1.jpg,none,,,,,,
217551_BK,217551,Crossbody Bag TROPICO Black,_BK,Black,Hand Bag,Cross,Plain PU,Polyester; Polyurethane,Light Golden,,25.99,/241/54/217551_BK_1,217551_BK_1.jpg,none,,,,,,
217551_EC,217551,Crossbody Bag TROPICO Ecru,_EC,Ecru,Hand Bag,Cross,Plain PU,Polyester; Polyurethane,Light Golden,,25.99,/241/54/217551_EC_1,217551_EC_1.jpg,none,,,,,,
217554_EC,217554,Briefcase TROPICO Ecru,_EC,Ecru,Hand Bag,Briefcase,Plain PU,Cotton; Polyester; Polyurethane; Wood,,,32.99,/241/54/217554_EC_1,217554_EC_1.jpg,none,,,,,,
217799_BL,217799,Sac CUPID Blue,_BL,Blue,Hand Bag,Sac,Printed Nylon,Polyester; Polyurethane,Silver,,29.99,/241/54/217799_BL_1,217799_BL_1.jpg,none,,,,,,
217915_BK,217915,Shopper Bag PICASSO1 Black,_BK,Black,Hand Bag,Shopper,Nylon,Polyester; Polyurethane,Silver,,25.99,/241/54/217915_BK_1,217915_BK_1.jpg,none,,,,,,
217915_TU,217915,Shopper Bag PICASSO1 Taupe,_TU,Taupe,Hand Bag,Shopper,Nylon,Polyester; Polyurethane,Silver,,25.99,/241/54/217915_TU_1,217915_TU_1.jpg,none,,,,,,
217983_JN,217983,Backpack SMILE Blue Jeans,_JN,Blue Jeans,Hand Bag,Backpack,Denim,Cotton; Iron; Polyester; Polyurethane,Silver,,25.99,/241/54/217983_JN_1,217983_JN_1.jpg,none,,,,,,
218033_SV,218033,Shopper Bag PICASSO2 Silver,_SV,Silver,Hand Bag,Shopper,Fantasy Fabric,Aluminium; Polyamide; Polyester; Polyurethane; Silicone; Zinc,Silver,,23.99,/241/54/218033_SV_1,218033_SV_1.jpg,none,,,,,,
218040_BK,218040,Crossbody Bag PICASSO2 Black,_BK,Black,Hand Bag,Cross,Nylon,Polyester; Polyurethane; Zinc,Silver,,25.99,/241/54/218040_BK_1,218040_BK_1.jpg,none,,,,,,
218040_EC,218040,Crossbody Bag PICASSO2 Ecru,_EC,Ecru,Hand Bag,Cross,Nylon,Polyester; Polyurethane; Zinc,Silver,,25.99,/241/54/218040_EC_1,218040_EC_1.jpg,none,,,,,,
218040_OR,218040,Crossbody Bag PICASSO2 Orange,_OR,Orange,Hand Bag,Cross,Nylon,Polyester; Polyurethane; Zinc,Silver,,25.99,/241/54/218040_OR_1,218040_OR_1.jpg,none,,,,,,
218040_TU,218040,Crossbody Bag PICASSO2 Taupe,_TU,Taupe,Hand Bag,Cross,Nylon,Polyester; Polyurethane; Zinc,Silver,,25.99,/241/54/218040_TU_1,218040_TU_1.jpg,none,,,,,,
218048_BK,218048,Tote Bag CUPIDO3 Black,_BK,Black,Hand Bag,Tote,Plain PU,Polyester; Polyurethane,,,27.99,/241/54/218048_BK_1,218048_BK_1.jpg,none,,,,,,
218048_CA,218048,Tote Bag CUPIDO3 Camel,_CA,Camel,Hand Bag,Tote,Plain PU,Polyester; Polyurethane,,,27.99,/241/54/218048_CA_1,218048_CA_1.jpg,none,,,,,,
218048_EC,218048,Tote Bag CUPIDO3 Ecru,_EC,Ecru,Hand Bag,Tote,Plain PU,Polyester; Polyurethane,,,27.99,/241/54/218048_EC_1,218048_EC_1.jpg,none,,,,,,
218282_CL,218282,Lunch Bag FLOWER PATCH Coral,_CL,Coral,Hand Bag,Lunch Bag,Printed PU,Polyester; Polyethylene Terephthalate; Polyurethane,Silver,,19.99,/241/54/218282_CL_1,218282_CL_1.jpg,none,,,,,,
218456NC,218456,Tote Bag ZOO2 Natural Color,NC,Natural Color,Hand Bag,Tote,Paper straw,Paper; Polyurethane,Light Golden,,23.99,/241/54/218456NC_1,218456NC_1.jpg,none,,,,,,
218678_BK,218678,Crossbody Bag CUPIDO2 Black,_BK,Black,Hand Bag,Cross,Printed PU,Cotton; Linen; Polyester; Polyurethane,Silver,,19.99,/241/54/218678_BK_1,218678_BK_1.jpg,none,,,,,,
218678_BL,218678,Crossbody Bag CUPIDO2 Blue,_BL,Blue,Hand Bag,Cross,Printed PU,Cotton; Linen; Polyester; Polyurethane,Silver,,19.99,/241/54/218678_BL_1,218678_BL_1.jpg,none,,,,,,
218678_GN,218678,Crossbody Bag CUPIDO2 Green,_GN,Green,Hand Bag,Cross,Printed PU,Cotton; Linen; Polyester; Polyurethane,Silver,,19.99,/241/54/218678_GN_1,218678_GN_1.jpg,none,,,,,,
218730_BU,218730,Envelope Bag KOLKATA2 Burgundy,_BU,Burgundy,Hand Bag,Envelope,Paper straw,Cotton; Iron; Linen; Paper; Polyester; Polyurethane,Silver,,19.99,/242/54/218730_BU_1,218730_BU_1.jpg,none,,,,,,
218730_GN,218730,Envelope Bag KOLKATA2 Green,_GN,Green,Hand Bag,Envelope,Paper straw,Cotton; Iron; Linen; Paper; Polyester; Polyurethane,Silver,,19.99,/242/54/218730_GN_1,218730_GN_1.jpg,none,,,,,,
218736NC,218736,Shopper Bag CURRY2 Natural Color,NC,Natural Color,Hand Bag,Shopper,Paper straw,Cotton; Linen; Paper; Polyester,Silver,,23.99,/241/54/218736NC_1,218736NC_1.jpg,none,,,,,,
218872NC,218872,Shopper Bag MANAUS Natural Color,NC,Natural Color,Hand Bag,Shopper,Paper straw,Cotton; Paper; Polyester; Polyurethane; Shell; Wood; Zinc,,,27.99,/241/54/218872NC_1,218872NC_1.jpg,none,,,,,,
218914_PK,218914,Crossbody Bag MAMMINA Pink,_PK,Pink,Hand Bag,Cross,Printed Fake Nylon,Polyester; Polyurethane,Silver,,19.99,/241/54/218914_PK_1,218914_PK_1.jpg,none,,,,,,
219022NC,219022,Sac WOODY3 Natural Color,NC,Natural Color,Hand Bag,Sac,Fake straw,Polyester; Polypropylene; Polyurethane,,,27.99,/241/54/219022NC_1,219022NC_1.jpg,none,,,,,,
219090NC,219090,Tote Bag POPEYE3 Natural Color,NC,Natural Color,Hand Bag,Tote,Paper straw,Cotton; Iron; Linen; Paper; Polyester; Polyurethane,Silver,,25.99,/241/54/219090NC_1,219090NC_1.jpg,none,,,,,,
219244_BK,219244,Tote Bag PICASSO3 Black,_BK,Black,Hand Bag,Tote,Nylon,Aluminium; Polyester; Polyurethane; Silicone; Zinc,Silver,,23.99,/241/54/219244_BK_1,219244_BK_1.jpg,none,,,,,,
219244_EC,219244,Tote Bag PICASSO3 Ecru,_EC,Ecru,Hand Bag,Tote,Nylon,Aluminium; Polyester; Polyurethane; Silicone; Zinc,Silver,,23.99,/241/54/219244_EC_1,219244_EC_1.jpg,none,,,,,,
219244_GN,219244,Tote Bag PICASSO3 Green,_GN,Green,Hand Bag,Tote,Nylon,Aluminium; Polyester; Polyurethane; Silicone; Zinc,Silver,,23.99,/241/54/219244_GN_1,219244_GN_1.jpg,none,,,,,,
219244_TU,219244,Tote Bag PICASSO3 Taupe,_TU,Taupe,Hand Bag,Tote,Nylon,Aluminium; Polyester; Polyurethane; Silicone; Zinc,Silver,,23.99,/241/54/219244_TU_1,219244_TU_1.jpg,none,,,,,,
219313_GD,219313,Shopper Bag SELVA2 Gold,_GD,Gold,Hand Bag,Shopper,Fantasy Fabric,Cotton; Polyamide; Polyurethane,,,25.99,/241/54/219313_GD_1,219313_GD_1.jpg,none,,,,,,
219474_BK,219474,Shoulder Strap for Bags ZOO1 Black,_BK,Black,Hand Bag,Shoulder Strap,Plain Fabric,Polyester; Zinc,Silver,,4.99,/241/54/219474_BK_1,219474_BK_1.jpg,none,,,,,,
219474_EC,219474,Shoulder Strap for Bags ZOO1 Ecru,_EC,Ecru,Hand Bag,Shoulder Strap,Plain Fabric,Polyester; Zinc,Silver,,4.99,/241/54/219474_EC_1,219474_EC_1.jpg,none,,,,,,
219489_BL,219489,Sac ZOO3 Blue,_BL,Blue,Hand Bag,Sac,Real Suede,Cow Leather; Polyurethane,Light Golden,,29.99,/241/54/219489_BL_1,219489_BL_1.jpg,none,,,,,,
219489_CA,219489,Sac ZOO3 Camel,_CA,Camel,Hand Bag,Sac,Real Suede,Cow Leather; Polyurethane,Light Golden,,29.99,/241/54/219489_CA_1,219489_CA_1.jpg,none,,,,,,
219489_EC,219489,Sac ZOO3 Ecru,_EC,Ecru,Hand Bag,Sac,Real Suede,Cow Leather; Polyurethane,Light Golden,,29.99,/241/54/219489_EC_1,219489_EC_1.jpg,none,,,,,,
219543NC,219543,Crossbody Bag BUZIOS SET Natural Color,NC,Natural Color,Hand Bag,Cross,Straw,Cotton; Jute; Polyurethane,Light Golden,,23.99,/241/54/219543NC_1,219543NC_1.jpg,none,,,,,,
219550NC,219550,Bucket Bag CARIBE Natural Color,NC,Natural Color,Hand Bag,Bucket,Straw,Cotton; Polyester; Polyurethane; Straw; Viscose; Wood,Light Golden,,23.99,/241/54/219550NC_1,219550NC_1.jpg,none,,,,,,
219567NC,219567,Crossbody Bag BUZIOS Natural Color,NC,Natural Color,Hand Bag,Cross,Paper straw,Cotton; Paper; Polyester; Polyurethane,Light Golden,,25.99,/241/54/219567NC_1,219567NC_1.jpg,none,,,,,,
219665NC,219665,Tote Bag POPEYE2 Natural Color,NC,Natural Color,Hand Bag,Tote,Fake straw,Polyester; Polypropylene; Polyurethane,Light Golden,,29.99,/241/54/219665NC_1,219665NC_1.jpg,none,,,,,,
220076_BK,220076,Shopper Bag INCA Black,_BK,Black,Hand Bag,Shopper,Plain PU,Cotton; Polyester; Polyurethane,,,27.99,/242/54/220076_BK_1,220076_BK_1.jpg,none,,,,,,
220076_CA,220076,Shopper Bag INCA Camel,_CA,Camel,Hand Bag,Shopper,Plain PU,Cotton; Polyester; Polyurethane,,,27.99,/242/54/220076_CA_1,220076_CA_1.jpg,none,,,,,,
220076_EC,220076,Shopper Bag INCA Ecru,_EC,Ecru,Hand Bag,Shopper,Plain PU,Cotton; Polyester; Polyurethane,,,27.99,/242/54/220076_EC_1,220076_EC_1.jpg,none,,,,,,
220121NC,220121,Tote Bag STRAWBERRY Natural Color,NC,Natural Color,Hand Bag,Tote,Straw,Cotton; Paper; Polyester; Polyurethane; Straw; Viscose; Wood,Silver,,23.99,/242/54/220121NC_1,220121NC_1.jpg,none,,,,,,
220166_IG,220166,Backpack SAHARA Indigo,_IG,Indigo,Hand Bag,Backpack,Denim,Cotton; Polyester; Polyurethane,Silver,,19.99,/242/54/220166_IG_1,220166_IG_1.jpg,none,,,,,,
220166_JN,220166,Backpack SAHARA Blue Jeans,_JN,Blue Jeans,Hand Bag,Backpack,Denim,Cotton; Polyester; Polyurethane,Silver,,19.99,/242/54/220166_JN_1,220166_JN_1.jpg,none,,,,,,
220180_WT,220180,Lunch Bag STRAWBERRY White,_WT,White,Hand Bag,Lunch Bag,Printed Fake Nylon,Polyester; Polyethylene Terephthalate; Polyurethane,Silver,,19.99,/242/54/220180_WT_1,220180_WT_1.jpg,none,,,,,,
220387_WT,220387,Crossbody Bag STRAWBERRY White,_WT,White,Hand Bag,Cross,Paper straw,Acrylic; Iron; Linen; Paper; Polyurethane,,,27.99,/242/54/220387_WT_1,220387_WT_1.jpg,none,,,,,,
220401_EC,220401,Crossbody Bag HONDURAS Ecru,_EC,Ecru,Hand Bag,Cross,Crochet,Cotton; Polyester; Polyurethane,Light Golden,,23.99,/242/54/220401_EC_1,220401_EC_1.jpg,none,,,,,,
220422NC,220422,Crossbody Bag HONDURAS Natural Color,NC,Natural Color,Hand Bag,Cross,Paper straw,Cotton; Jute; Linen; Polyester; Polyurethane,Light Golden,,23.99,/242/54/220422NC_1,220422NC_1.jpg,none,,,,,,
220724_BL,220724,Sac WOODY3 Blue,_BL,Blue,Hand Bag,Sac,Plain PU,Polyester; Polyurethane,,,27.99,/241/54/220724_BL_1,220724_BL_1.jpg,none,,,,,,
220724_CA,220724,Sac WOODY3 Camel,_CA,Camel,Hand Bag,Sac,Plain PU,Polyester; Polyurethane,,,27.99,/241/54/220724_CA_1,220724_CA_1.jpg,none,,,,,,
220724_EC,220724,Sac WOODY3 Ecru,_EC,Ecru,Hand Bag,Sac,Plain PU,Polyester; Polyurethane,,,27.99,/241/54/220724_EC_1,220724_EC_1.jpg,none,,,,,,
220892NC,220892,Crossbody Bag WOODY3 Natural Color,NC,Natural Color,Hand Bag,Cross,Fake straw,Polyester; Polypropylene; Polyurethane,,,27.99,/241/54/220892NC_1,220892NC_1.jpg,none,,,,,,
220893_EC,220893,Crossbody Bag WOODY3 Ecru,_EC,Ecru,Hand Bag,Cross,Plain PU,Polyester; Polyurethane,Light Golden,,25.99,/241/54/220893_EC_1,220893_EC_1.jpg,none,,,,,,
220893_TU,220893,Crossbody Bag WOODY3 Taupe,_TU,Taupe,Hand Bag,Cross,Plain PU,Polyester; Polyurethane,Light Golden,,25.99,/241/54/220893_TU_1,220893_TU_1.jpg,none,,,,,,
220895_EC,220895,Sac WOODY2 Ecru,_EC,Ecru,Hand Bag,Sac,Fantasy PU,Polyester; Polyurethane,,,25.99,/241/54/220895_EC_1,220895_EC_1.jpg,none,,,,,,
220895_GN,220895,Sac WOODY2 Green,_GN,Green,Hand Bag,Sac,Fantasy PU,Polyester; Polyurethane,,,25.99,/241/54/220895_GN_1,220895_GN_1.jpg,none,,,,,,
220895_PU,220895,Sac WOODY2 Purple,_PU,Purple,Hand Bag,Sac,Fantasy PU,Polyester; Polyurethane,,,25.99,/241/54/220895_PU_1,220895_PU_1.jpg,none,,,,,,
220895_TU,220895,Sac WOODY2 Taupe,_TU,Taupe,Hand Bag,Sac,Fantasy PU,Polyester; Polyurethane,,,25.99,/241/54/220895_TU_1,220895_TU_1.jpg,none,,,,,,
220903NC,220903,Crossbody Bag KOLKATA1 Natural Color,NC,Natural Color,Hand Bag,Cross,Jute,Cow Leather; Jute; Polyurethane,,,23.99,/242/54/220903NC_1,220903NC_1.jpg,none,,,,,,
220905_BL,220905,Shopper Bag SUEDE BALLS Blue,_BL,Blue,Hand Bag,Shopper,Real Suede,Cow Suede Leather,,,39.99,/241/54/220905_BL_1,220905_BL_1.jpg,none,,,,,,
220905_BN,220905,Shopper Bag SUEDE STUDS Brown,_BN,Brown,Hand Bag,Shopper,Real Suede,Cow Suede Leather,,,39.99,/242/54/220905_BN_1,220905_BN_1.jpg,none,,,,,,
220905_BU,220905,Shopper Bag SUEDE STUDS Burgundy,_BU,Burgundy,Hand Bag,Shopper,Real Suede,Cow Suede Leather,,,39.99,/242/54/220905_BU_1,220905_BU_1.jpg,none,,,,,,
220905_CA,220905,Shopper Bag SUEDE BALLS Camel,_CA,Camel,Hand Bag,Shopper,Real Suede,Cow Suede Leather,,,39.99,/241/54/220905_CA_1,220905_CA_1.jpg,none,,,,,,
220905_YL,220905,Shopper Bag SUEDE BALLS Yellow,_YL,Yellow,Hand Bag,Shopper,Real Suede,Cow Suede Leather,,,39.99,/241/54/220905_YL_1,220905_YL_1.jpg,none,,,,,,
221066_SV,221066,Shoulder Bag PADDED NYLON CAPSULE Silver,_SV,Silver,Hand Bag,Shoulder Bag,Nylon,Polyamide; Polyester; Polyurethane,,,19.99,/241/54/221066_SV_1,221066_SV_1.jpg,none,,,,,,
221253_BK,221253,Crossbody Bag NIZA2 Black,_BK,Black,Hand Bag,Cross,Plain PU,Polyester; Polyurethane,Light Golden,,23.99,/242/54/221253_BK_1,221253_BK_1.jpg,none,,,,,,
221253_EC,221253,Crossbody Bag NIZA2 Ecru,_EC,Ecru,Hand Bag,Cross,Plain PU,Polyester; Polyurethane,Light Golden,,23.99,/242/54/221253_EC_1,221253_EC_1.jpg,none,,,,,,
221253_TU,221253,Crossbody Bag NIZA2 Taupe,_TU,Taupe,Hand Bag,Cross,Plain PU,Polyester; Polyurethane,Light Golden,,23.99,/242/54/221253_TU_1,221253_TU_1.jpg,none,,,,,,
221253_YL,221253,Crossbody Bag NIZA2 Yellow,_YL,Yellow,Hand Bag,Cross,Plain PU,Polyester; Polyurethane,Light Golden,,23.99,/242/54/221253_YL_1,221253_YL_1.jpg,none,,,,,,
221307_WT,221307,Tote Bag MAORI1 White,_WT,White,Hand Bag,Tote,Plain PU,Polyester; Polyurethane,Silver,,23.99,/242/54/221307_WT_1,221307_WT_1.jpg,none,,,,,,
221307_YL,221307,Tote Bag MAORI1 Yellow,_YL,Yellow,Hand Bag,Tote,Plain PU,Polyester; Polyurethane,Silver,,23.99,/242/54/221307_YL_1,221307_YL_1.jpg,none,,,,,,
221326NC,221326,Tote Bag KOLKATA3 Natural Color,NC,Natural Color,Hand Bag,Tote,Fake straw,Polyester; Polypropylene; Polyurethane,Light Golden,,25.99,/242/54/221326NC_1,221326NC_1.jpg,none,,,,,,
221433_CA,221433,Crossbody Bag ULLA Camel,_CA,Camel,Hand Bag,Cross,Fantasy PU,Polyester; Polyurethane,Light Golden,,25.99,/242/54/221433_CA_1,221433_CA_1.jpg,none,,,,,,
221603_BK,221603,Sac NIZA1 Black,_BK,Black,Hand Bag,Sac,Plain PU,Polyurethane,,,27.99,/242/54/221603_BK_1,221603_BK_1.jpg,none,,,,,,
221603_EC,221603,Sac NIZA1 Ecru,_EC,Ecru,Hand Bag,Sac,Plain PU,Polyurethane,,,27.99,/242/54/221603_EC_1,221603_EC_1.jpg,none,,,,,,
221606_BK,221606,Sac NIZA1 Black,_BK,Black,Hand Bag,Sac,Fantasy Fabric,Polyester; Polypropylene; Polyurethane,,,27.99,/242/54/221606_BK_1,221606_BK_1.jpg,none,,,,,,
221644_CA,221644,Crossbody Bag FLORA Camel,_CA,Camel,Hand Bag,Cross,Color Block,Polyester; Polyurethane,Silver,,25.99,/242/54/221644_CA_1,221644_CA_1.jpg,none,,,,,,
221650_BK,221650,Crossbody Bag MAORI2 Black,_BK,Black,Hand Bag,Cross,Plain PU,Polyester; Polyurethane,Silver,,25.99,/242/54/221650_BK_1,221650_BK_1.jpg,none,,,,,,
221650_EC,221650,Crossbody Bag MAORI2 Ecru,_EC,Ecru,Hand Bag,Cross,Plain PU,Polyester; Polyurethane,Silver,,25.99,/242/54/221650_EC_1,221650_EC_1.jpg,none,,,,,,
221650_OR,221650,Crossbody Bag MAORI2 Orange,_OR,Orange,Hand Bag,Cross,Plain PU,Polyester; Polyurethane,Silver,,25.99,/242/54/221650_OR_1,221650_OR_1.jpg,none,,,,,,
221714DNC,221714,Shopper Bag ULLA Dark Natural Color,DNC,Dark Natural Color,Hand Bag,Shopper,Paper straw,Cotton; Iron; Linen; Paper; Polyurethane; Wood,Light Golden,,25.99,/242/54/221714DNC_1,221714DNC_1.jpg,none,,,,,,
221761NC,221761,Shopper Bag ANASTASIA Natural Color,NC,Natural Color,Hand Bag,Shopper,Paper straw,Cotton; Iron; Linen; Paper; Polyurethane,,,27.99,/242/54/221761NC_1,221761NC_1.jpg,none,,,,,,
221776NC,221776,Crossbody Bag ANASTASIA Natural Color,NC,Natural Color,Hand Bag,Cross,Paper straw,Iron; Linen; Paper; Polyurethane,Light Golden,,25.99,/242/54/221776NC_1,221776NC_1.jpg,none,,,,,,
221902_BK,221902,Tote Bag NIZA3 Black,_BK,Black,Hand Bag,Tote,Plain PU,Polyester; Polyurethane,Silver,,23.99,/242/54/221902_BK_1,221902_BK_1.jpg,none,,,,,,
221902_BL,221902,Tote Bag NIZA3 Blue,_BL,Blue,Hand Bag,Tote,Plain PU,Polyester; Polyurethane,Silver,,23.99,/242/54/221902_BL_1,221902_BL_1.jpg,none,,,,,,
221902_EC,221902,Tote Bag NIZA3 Ecru,_EC,Ecru,Hand Bag,Tote,Plain PU,Polyester; Polyurethane,Light Golden,,23.99,/242/54/221902_EC_1,221902_EC_1.jpg,none,,,,,,
222028_SV,222028,Shoulder Bag GOLDEN BAY3 Silver,_SV,Silver,Hand Bag,Shoulder Bag,Fantasy PU,Polyester; Polyurethane,Silver,,23.99,/242/54/222028_SV_1,222028_SV_1.jpg,none,,,,,,
222055_BK,222055,Shoulder Bag GOLDEN BAY3 Black,_BK,Black,Hand Bag,Shoulder Bag,Padded Pu,Polyester; Polyurethane,Silver,,25.99,/242/54/222055_BK_1,222055_BK_1.jpg,none,,,,,,
222055_GN,222055,Shoulder Bag GOLDEN BAY3 Green,_GN,Green,Hand Bag,Shoulder Bag,Padded Pu,Polyester; Polyurethane,Silver,,25.99,/242/54/222055_GN_1,222055_GN_1.jpg,none,,,,,,
222055_WT,222055,Shoulder Bag GOLDEN BAY3 White,_WT,White,Hand Bag,Shoulder Bag,Padded Pu,Polyester; Polyurethane,Silver,,25.99,/242/54/222055_WT_1,222055_WT_1.jpg,none,,,,,,
222234_BK,222234,Backpack HASHTAG1 Black,_BK,Black,Hand Bag,Backpack,Nylon,Polyester; Polyurethane; Zinc,Light Golden,,25.99,/242/54/222234_BK_1,222234_BK_1.jpg,none,,,,,,
222234_EC,222234,Backpack HASHTAG3 Ecru,_EC,Ecru,Hand Bag,Backpack,Nylon,Polyester; Polyurethane; Zinc,Silver,,25.99,/242/54/222234_EC_1,222234_EC_1.jpg,none,,,,,,
222234_KK,222234,Backpack HASHTAG2 Khaki,_KK,Khaki,Hand Bag,Backpack,Nylon,Polyester; Polyurethane; Zinc,Light Golden,,25.99,/242/54/222234_KK_1,222234_KK_1.jpg,none,,,,,,
222238_KK,222238,Lunch Bag HASHTAG3 Khaki,_KK,Khaki,Hand Bag,Lunch Bag,Fake Nylon,Polyester; Polyethylene Terephthalate; Polyurethane,Light Golden,,19.99,/242/54/222238_KK_1,222238_KK_1.jpg,none,,,,,,
222265_NV,222265,Briefcase PALMS Navy,_NV,Navy,Hand Bag,Briefcase,Color Block,Polyester; Polyurethane,Light Golden,,35.99,/242/54/222265_NV_1,222265_NV_1.jpg,none,,,,,,
222326_BK,222326,Briefcase BARDOT Black,_BK,Black,Hand Bag,Briefcase,Animal Embossed PU,Polyester; Polyurethane,Light Golden,,35.99,/242/54/222326_BK_1,222326_BK_1.jpg,none,,,,,,
222326_CA,222326,Briefcase BARDOT Camel,_CA,Camel,Hand Bag,Briefcase,Animal Embossed PU,Polyester; Polyurethane,Light Golden,,35.99,/242/54/222326_CA_1,222326_CA_1.jpg,none,,,,,,
222339_BK,222339,Shopper Bag DAMERO1 Black,_BK,Black,Hand Bag,Shopper,Plain PU,Polyester; Polyurethane,,,27.99,/242/54/222339_BK_1,222339_BK_1.jpg,none,,,,,,
222339_TU,222339,Shopper Bag DAMERO1 Taupe,_TU,Taupe,Hand Bag,Shopper,Plain PU,Polyester; Polyurethane,,,27.99,/242/54/222339_TU_1,222339_TU_1.jpg,none,,,,,,
222339_WT,222339,Shopper Bag DAMERO1 White,_WT,White,Hand Bag,Shopper,Plain PU,Polyester; Polyurethane,,,27.99,/242/54/222339_WT_1,222339_WT_1.jpg,none,,,,,,
222375_BK,222375,Shopper Bag SUEDE BALLS Black,_BK,Black,Hand Bag,Shopper,Leather,Cow Leather,Silver,,69.99,/241/54/222375_BK_1,222375_BK_1.jpg,none,,,,,,
222457_SV,222457,Tote Bag GOLDEN BAY2 Silver,_SV,Silver,Hand Bag,Tote,Fantasy PU,Polyester; Polyurethane,Silver,,25.99,/242/54/222457_SV_1,222457_SV_1.jpg,none,,,,,,
222824_BG,222824,Tote Bag DALMATA1 Beige,_BG,Beige,Hand Bag,Tote,Plain PU,Polyester; Polyurethane,,,27.99,/242/54/222824_BG_1,222824_BG_1.jpg,none,,,,,,
222824_BK,222824,Tote Bag DALMATA1 Black,_BK,Black,Hand Bag,Tote,Plain PU,Polyester; Polyurethane,,,27.99,/242/54/222824_BK_1,222824_BK_1.jpg,none,,,,,,
222824_EC,222824,Tote Bag DALMATA1 Ecru,_EC,Ecru,Hand Bag,Tote,Plain PU,Polyester; Polyurethane,,,27.99,/242/54/222824_EC_1,222824_EC_1.jpg,none,,,,,,
222857_BK,222857,Crossbody Bag DALMATA2 Black,_BK,Black,Hand Bag,Cross,Printed Nylon,Polyamide; Polyester; Polyurethane,Silver,,25.99,/242/54/222857_BK_1,222857_BK_1.jpg,none,,,,,,
2228591EC,222859,Crossbody Bag DALMATA2 Ecru,1EC,Ecru,Hand Bag,Cross,Plain PU,Polyester; Polyurethane,Silver,,25.99,/242/54/2228591EC_1,2228591EC_1.jpg,none,,,,,,
222859_BK,222859,Crossbody Bag DALMATA2 Black,_BK,Black,Hand Bag,Cross,Plain PU,Polyester; Polyurethane,Silver,,25.99,/242/54/222859_BK_1,222859_BK_1.jpg,none,,,,,,
222859_TU,222859,Crossbody Bag DALMATA2 Taupe,_TU,Taupe,Hand Bag,Cross,Plain PU,Polyester; Polyurethane,Silver,,25.99,/242/54/222859_TU_1,222859_TU_1.jpg,none,,,,,,
222904_BK,222904,Handbag DALMATA3 Black,_BK,Black,Hand Bag,Computer Backpack,Nylon,Cotton; Polyester; Polyurethane,Silver,,29.99,/242/54/222904_BK_1,222904_BK_1.jpg,none,,,,,,
222904_TU,222904,Handbag DALMATA3 Taupe,_TU,Taupe,Hand Bag,Computer Backpack,Nylon,Cotton; Polyester; Polyurethane,Silver,,29.99,/242/54/222904_TU_1,222904_TU_1.jpg,none,,,,,,
222943_BU,222943,Sac DALMATA3 Burgundy,_BU,Burgundy,Hand Bag,Sac,Fantasy Fabric,Polyester; Polyurethane,Silver,,23.99,/242/54/222943_BU_1,222943_BU_1.jpg,none,,,,,,
222943_YL,222943,Sac DALMATA3 Yellow,_YL,Yellow,Hand Bag,Sac,Fantasy Fabric,Polyester; Polyurethane,Silver,,23.99,/242/54/222943_YL_1,222943_YL_1.jpg,none,,,,,,
222945_BK,222945,Shopper Bag AVERY Black,_BK,Black,Hand Bag,Shopper,Plain PU,Polyester; Polyurethane,,,27.99,/242/54/222945_BK_1,222945_BK_1.jpg,none,,,,,,
222947_BK,222947,Crossbody Bag AVERY Black,_BK,Black,Hand Bag,Cross,Plain PU,Polyester; Polyurethane,Light Golden,,23.99,/242/54/222947_BK_1,222947_BK_1.jpg,none,,,,,,
222947_CA,222947,Crossbody Bag AVERY Camel,_CA,Camel,Hand Bag,Cross,Plain PU,Polyester; Polyurethane,Light Golden,,23.99,/242/54/222947_CA_1,222947_CA_1.jpg,none,,,,,,
222947_EC,222947,Crossbody Bag AVERY Ecru,_EC,Ecru,Hand Bag,Cross,Plain PU,Polyester; Polyurethane,Light Golden,,23.99,/242/54/222947_EC_1,222947_EC_1.jpg,none,,,,,,
223063_BK,223063,Computer Hand Bag ZIMBA3 Black,_BK,Black,Hand Bag,Computer Hand Bag,Plain PU,Cow Leather; Polyester; Polyurethane,Light Golden,,35.99,/242/54/223063_BK_1,223063_BK_1.jpg,none,,,,,,
223063_TU,223063,Computer Hand Bag ZIMBA3 Taupe,_TU,Taupe,Hand Bag,Computer Hand Bag,Plain PU,Cow Leather; Polyester; Polyurethane,Light Golden,,35.99,/242/54/223063_TU_1,223063_TU_1.jpg,none,,,,,,
223213_BK,223213,Briefcase DALMATA3 Black,_BK,Black,Hand Bag,Briefcase,Animal Embossed PU,Polyester; Polyurethane,,,39.99,/242/54/223213_BK_1,223213_BK_1.jpg,none,,,,,,
223249_BK,223249,Shopper Bag DALMATA1 Black,_BK,Black,Hand Bag,Shopper,Plain PU,Cotton; Polyester; Polyurethane,,,27.99,/242/54/223249_BK_1,223249_BK_1.jpg,none,,,,,,
223249_EC,223249,Shopper Bag DALMATA1 Ecru,_EC,Ecru,Hand Bag,Shopper,Plain PU,Cotton; Polyester; Polyurethane,,,27.99,/242/54/223249_EC_1,223249_EC_1.jpg,none,,,,,,
223249_TU,223249,Shopper Bag DALMATA1 Taupe,_TU,Taupe,Hand Bag,Shopper,Plain PU,Cotton; Polyester; Polyurethane,,,27.99,/242/54/223249_TU_1,223249_TU_1.jpg,none,,,,,,
223365_BM,223365,Bucket Bag ZIMBA2 Bright Multicolor,_BM,Bright Multicolor,Hand Bag,Bucket,Real Fur,Cow Leather; Polyester; Polyurethane,,,39.99,/242/54/223365_BM_1,223365_BM_1.jpg,none,,,,,,
223399_BK,223399,Shopper Bag ISABELA Black,_BK,Black,Hand Bag,Shopper,Plain PU,Cotton; Linen; Polyurethane,Light Golden,,25.99,/242/54/223399_BK_1,223399_BK_1.jpg,none,,,,,,
223399_BU,223399,Shopper Bag ISABELA Burgundy,_BU,Burgundy,Hand Bag,Shopper,Plain PU,Cotton; Linen; Polyurethane,Light Golden,,25.99,/242/54/223399_BU_1,223399_BU_1.jpg,none,,,,,,
223399_CA,223399,Shopper Bag ISABELA Camel,_CA,Camel,Hand Bag,Shopper,Plain PU,Cotton; Linen; Polyurethane,Light Golden,,25.99,/242/54/223399_CA_1,223399_CA_1.jpg,none,,,,,,
223399_KK,223399,Shopper Bag ISABELA Khaki,_KK,Khaki,Hand Bag,Shopper,Plain PU,Cotton; Linen; Polyurethane,Light Golden,,25.99,/242/54/223399_KK_1,223399_KK_1.jpg,none,,,,,,
223425_BK,223425,Crossbody Bag LOHAN Black,_BK,Black,Hand Bag,Cross,Plain PU,Polyester; Polyurethane,Light Golden,,23.99,/242/54/223425_BK_1,223425_BK_1.jpg,none,,,,,,
223425_EC,223425,Crossbody Bag LOHAN Ecru,_EC,Ecru,Hand Bag,Cross,Plain PU,Polyester; Polyurethane,Light Golden,,23.99,/242/54/223425_EC_1,223425_EC_1.jpg,none,,,,,,
223429_BK,223429,Tote Bag LOHAN Black,_BK,Black,Hand Bag,Tote,Jacquard,Polyester; Polyurethane,Light Golden,,25.99,/242/54/223429_BK_1,223429_BK_1.jpg,none,,,,,,
223485_TU,223485,Shopper Bag SUEDE BALLS Taupe,_TU,Taupe,Hand Bag,Shopper,Real Suede,Cow Leather; Cow Suede Leather,,,39.99,/242/54/223485_TU_1,223485_TU_1.jpg,none,,,,,,
223617_BK,223617,Crossbody Bag LEO2 Black,_BK,Black,Hand Bag,Cross,Printed Nylon,Aluminium; Polyester; Polyurethane; Zinc,Silver,,25.99,/242/54/223617_BK_1,223617_BK_1.jpg,none,,,,,,
223620_BK,223620,Computer Hand Bag LEO3 Black,_BK,Black,Hand Bag,Computer Hand Bag,Nylon,Polyester; Polyurethane,,,35.99,/242/54/223620_BK_1,223620_BK_1.jpg,none,,,,,,
223620_CA,223620,Computer Hand Bag LEO3 Camel,_CA,Camel,Hand Bag,Computer Hand Bag,Nylon,Polyester; Polyurethane,,,35.99,/242/54/223620_CA_1,223620_CA_1.jpg,none,,,,,,
223634_BK,223634,Crossbody Bag LEO1 Black,_BK,Black,Hand Bag,Cross,Nylon,Polyester; Polyurethane; Zinc,,,27.99,/242/54/223634_BK_1,223634_BK_1.jpg,none,,,,,,
223634_BU,223634,Crossbody Bag LEO1 Burgundy,_BU,Burgundy,Hand Bag,Cross,Nylon,Polyester; Polyurethane; Zinc,,,27.99,/242/54/223634_BU_1,223634_BU_1.jpg,none,,,,,,
223634_EC,223634,Crossbody Bag LEO1 Ecru,_EC,Ecru,Hand Bag,Cross,Nylon,Polyester; Polyurethane; Zinc,,,27.99,/242/54/223634_EC_1,223634_EC_1.jpg,none,,,,,,
223831_BN,223831,Shoulder Bag NEW ESSENTIALS3 Brown,_BN,Brown,Hand Bag,Shoulder Bag,Real Fur,Cow Leather; Polyester; Polyurethane,Light Golden,,35.99,/242/54/223831_BN_1,223831_BN_1.jpg,none,,,,,,
223935_BK,223935,Crossbody Bag CORBATERO2 Black,_BK,Black,Hand Bag,Cross,Plain PU,Polyester; Polyurethane,,,27.99,/242/54/223935_BK_1,223935_BK_1.jpg,none,,,,,,
223935_BN,223935,Crossbody Bag CORBATERO2 Brown,_BN,Brown,Hand Bag,Cross,Plain PU,Polyester; Polyurethane,,,27.99,/242/54/223935_BN_1,223935_BN_1.jpg,none,,,,,,
223935_CA,223935,Crossbody Bag CORBATERO2 Camel,_CA,Camel,Hand Bag,Cross,Plain PU,Polyester; Polyurethane,,,27.99,/242/54/223935_CA_1,223935_CA_1.jpg,none,,,,,,
223935_EC,223935,Crossbody Bag CORBATERO2 Ecru,_EC,Ecru,Hand Bag,Cross,Plain PU,Polyester; Polyurethane,,,27.99,/242/54/223935_EC_1,223935_EC_1.jpg,none,,,,,,
223958_BK,223958,Crossbody Bag CORBATERO3 Black,_BK,Black,Hand Bag,Cross,Plain PU,Polyester; Polyurethane,Light Golden,,25.99,/242/54/223958_BK_1,223958_BK_1.jpg,none,,,,,,
223958_BU,223958,Crossbody Bag CORBATERO3 Burgundy,_BU,Burgundy,Hand Bag,Cross,Plain PU,Polyester; Polyurethane,Light Golden,,25.99,/242/54/223958_BU_1,223958_BU_1.jpg,none,,,,,,
224093_CA,224093,Shopper Bag LORETA Camel,_CA,Camel,Hand Bag,Shopper,Real Suede,Cow Suede Leather; Polyester; Polyurethane,Light Golden,,35.99,/242/54/224093_CA_1,224093_CA_1.jpg,none,,,,,,
224093_KK,224093,Shopper Bag LORETA Khaki,_KK,Khaki,Hand Bag,Shopper,Real Suede,Cow Suede Leather; Polyester; Polyurethane,Light Golden,,35.99,/242/54/224093_KK_1,224093_KK_1.jpg,none,,,,,,
224136_BK,224136,Backpack LEO2 Black,_BK,Black,Hand Bag,Backpack,Nylon,Polyester; Polyurethane,,,27.99,/242/54/224136_BK_1,224136_BK_1.jpg,none,,,,,,
224294_BK,224294,Computer Hand Bag PANTERA1 Black,_BK,Black,Hand Bag,Computer Hand Bag,Plain PU,Cotton; Polyester; Polyurethane,,,32.99,/242/54/224294_BK_1,224294_BK_1.jpg,none,,,,,,
224294_YL,224294,Computer Hand Bag PANTERA1 Yellow,_YL,Yellow,Hand Bag,Computer Hand Bag,Plain PU,Cotton; Polyester; Polyurethane,,,32.99,/242/54/224294_YL_1,224294_YL_1.jpg,none,,,,,,
224487_BN,224487,Tote Bag PANTERA1 Brown,_BN,Brown,Hand Bag,Tote,Fake Suede,Cow Leather; Polyester; Polyurethane,,,32.99,/242/54/224487_BN_1,224487_BN_1.jpg,none,,,,,,
224531_BK,224531,Tote Bag FLAGE Black,_BK,Black,Hand Bag,Tote,Fake Nylon,Polyester; Polyurethane; Zinc,Light Golden,,23.99,/242/54/224531_BK_1,224531_BK_1.jpg,none,,,,,,
224531_KK,224531,Tote Bag FLAGE Khaki,_KK,Khaki,Hand Bag,Tote,Fake Nylon,Polyester; Polyurethane; Zinc,Light Golden,,23.99,/242/54/224531_KK_1,224531_KK_1.jpg,none,,,,,,
224531_TU,224531,Tote Bag FLAGE Taupe,_TU,Taupe,Hand Bag,Tote,Fake Nylon,Polyester; Polyurethane; Zinc,Light Golden,,23.99,/242/54/224531_TU_1,224531_TU_1.jpg,none,,,,,,
224722_BK,224722,Tote Bag CORBATERO3 Black,_BK,Black,Hand Bag,Tote,Plain PU,Iron; Polyester; Polyurethane; Zinc,Silver,,25.99,/242/54/224722_BK_1,224722_BK_1.jpg,none,,,,,,
224722_KK,224722,Tote Bag CORBATERO3 Khaki,_KK,Khaki,Hand Bag,Tote,Plain PU,Iron; Polyester; Polyurethane; Zinc,Silver,,25.99,/242/54/224722_KK_1,224722_KK_1.jpg,none,,,,,,
224722_PK,224722,Tote Bag CORBATERO3 Pink,_PK,Pink,Hand Bag,Tote,Plain PU,Iron; Polyester; Polyurethane; Zinc,Silver,,25.99,/242/54/224722_PK_1,224722_PK_1.jpg,none,,,,,,
224905_BN,224905,Shopper Bag ZIMBA1 Brown,_BN,Brown,Hand Bag,Shopper,Fake Suede,Cotton; Polyester; Polyurethane,Light Golden,,29.99,/242/54/224905_BN_1,224905_BN_1.jpg,none,,,,,,
225052_BK,225052,Shopper Bag SCOTS2 Black,_BK,Black,Hand Bag,Shopper,Fantasy PU,Polyester; Polyurethane,,,32.99,/242/54/225052_BK_1,225052_BK_1.jpg,none,,,,,,
225052_BU,225052,Shopper Bag SCOTS2 Burgundy,_BU,Burgundy,Hand Bag,Shopper,Fantasy PU,Polyester; Polyurethane,,,32.99,/242/54/225052_BU_1,225052_BU_1.jpg,none,,,,,,
145869_BL,145869,Earring GUMMY PARTY Blue,_BL,Blue,Jewellery,Earrings,Stud,Crystal Glass; Zinc,Worn Gold,,5.99,/232/52/145869_BL_1,145869_BL_1.jpg,none,,,,,,
1518331BK,151833,Fan FASHION SUPPLEMENTS Black,1BK,Black,Jewellery,Other Jewellery,Fan,Bamboo; Iron; Polyester,,,12.99,/221/52/1518331BK_1,1518331BK_1.jpg,none,,,,,,
151833_BL,151833,Fan FASHION SUPPLEMENTS Blue,_BL,Blue,Jewellery,Other Jewellery,Fan,Bamboo; Iron; Polyester,,,12.99,/202/52/151833_BL_1,151833_BL_1.jpg,none,,,,,,
151833_LM,151833,Fan FASHION SUPPLEMENTS Lime,_LM,Lime,Jewellery,Other Jewellery,Fan,Bamboo; Iron; Polyester,Other,,12.99,/242/52/151833_LM_1,151833_LM_1.jpg,none,,,,,,
151833_LU,151833,Fan FASHION SUPPLEMENTS Lust,_LU,Lust,Jewellery,Other Jewellery,Fan,Bamboo; Iron; Polyester,Other,,12.99,/242/52/151833_LU_1,151833_LU_1.jpg,none,,,,,,
151833_PP,151833,Fan FASHION SUPPLEMENTS Papaya,_PP,Papaya,Jewellery,Other Jewellery,Fan,Bamboo; Iron; Polyester,Other,,12.99,/241/52/151833_PP_1,151833_PP_1.jpg,none,,,,,,
151833_RO,151833,Fan FASHION SUPPLEMENTS Old Rose,_RO,Old Rose,Jewellery,Other Jewellery,Fan,Bamboo; Iron; Polyester,Other,,12.99,/242/52/151833_RO_1,151833_RO_1.jpg,none,,,,,,
151833_TQ,151833,Fan FASHION SUPPLEMENTS Turquoise,_TQ,Turquoise,Jewellery,Other Jewellery,Fan,Bamboo; Iron; Polyester,Other,,12.99,/222/52/151833_TQ_1,151833_TQ_1.jpg,none,,,,,,
153795_NM,153795,Pin FASHION SUPPLEMENTS Neutral Multicolor,_NM,Neutral Multicolor,Jewellery,Pins,Pin,Crystal Glass; Resin; Zinc,,,9.99,/242/52/153795_NM_1,153795_NM_1.jpg,none,,,,,,
166360_DY,166360,Fan FASHION SUPPLEMENTS Dark Yellow,_DY,Dark Yellow,Jewellery,Other Jewellery,Fan,Bamboo; Iron; Polyester,Other,,12.99,/241/52/166360_DY_1,166360_DY_1.jpg,none,,,,,,
166360_FU,166360,Fan FASHION SUPPLEMENTS Fuchsia,_FU,Fuchsia,Jewellery,Other Jewellery,Fan,Bamboo; Iron; Polyester,Other,,12.99,/231/52/166360_FU_1,166360_FU_1.jpg,none,,,,,,
166912_SV,166912,Earring SILVER BASICS Silver,_SV,Silver,Jewellery,Earrings,Dangle,Iron,Brushed Silver,Strass,7.99,/191/52/166912_SV_1,166912_SV_1.jpg,none,,,,,,
169597_FU,169597,Earring DEGRADE Fuchsia,_FU,Fuchsia,Jewellery,Earrings,Dangle,Crystal Glass; Iron; Polyester,Other,,5.99,/232/52/169597_FU_1,169597_FU_1.jpg,none,,,,,,
169597_LL,169597,Earring DEGRADE Lilac,_LL,Lilac,Jewellery,Earrings,Dangle,Crystal Glass; Iron; Polyester,Other,,5.99,/232/52/169597_LL_1,169597_LL_1.jpg,none,,,,,,
169597_TL,169597,Earring STARRYNIGHT Teal,_TL,Teal,Jewellery,Earrings,Dangle,Crystal Glass; Iron; Resin,Other,,5.99,/232/52/169597_TL_1,169597_TL_1.jpg,none,,,,,,
169614_WT,169614,Earring DEGRADE White,_WT,White,Jewellery,Earrings,Dangle,Cotton; Glass; Polyester; Stainless Steel,Other,,7.99,/232/52/169614_WT_1,169614_WT_1.jpg,none,,,,,,
1696201WT,169620,Earring DEGRADE White,1WT,White,Jewellery,Earrings,Dangle,Glass; Iron; Polyester; Resin,Golden,,7.99,/232/52/1696201WT_1,1696201WT_1.jpg,none,,,,,,
169620_AQ,169620,Earring WATERMELON PARTY Aquamarine,_AQ,Aquamarine,Jewellery,Earrings,Dangle,Cotton; Glass; Iron; Polyurethane,Other,,7.99,/242/52/169620_AQ_1,169620_AQ_1.jpg,none,,,,,,
169620_NV,169620,Earring DEGRADE Navy,_NV,Navy,Jewellery,Earrings,Dangle,Cotton; Glass; Iron; Resin,Other,,7.99,/232/52/169620_NV_1,169620_NV_1.jpg,none,,,,,,
169620_OR,169620,Earring TROPICAL GEMS Orange,_OR,Orange,Jewellery,Earrings,Dangle,Glass; Iron; Polyester; Polyurethane,Other,,7.99,/241/52/169620_OR_1,169620_OR_1.jpg,none,,,,,,
1696221AQ,169622,Earring WATERMELON PARTY Aquamarine,1AQ,Aquamarine,Jewellery,Earrings,Stud,Enamel; Zinc,Golden,,7.99,/242/52/1696221AQ_1,1696221AQ_1.jpg,none,,,,,,
169622_AU,169622,Earring VENDREDI Aubergine,_AU,Aubergine,Jewellery,Earrings,Stud,Crystal Glass; Zinc,Worn Silver,,7.99,/241/52/169622_AU_1,169622_AU_1.jpg,none,,,,,,
169622_DM,169622,Earring NEOPOP Dark Multicolor,_DM,Dark Multicolor,Jewellery,Earrings,Stud,Crystal Glass; Enamel; Zinc,Black Nikel,,8.99,/242/52/169622_DM_1,169622_DM_1.jpg,none,,,,,,
169622_FG,169622,Earring FLEURSDUMER Forest Green,_FG,Forest Green,Jewellery,Earrings,Stud,Enamel; Zinc,Other,,7.99,/241/52/169622_FG_1,169622_FG_1.jpg,none,,,,,,
169622_IV,169622,Earring Golden Basics Extra Ivory,_IV,Ivory,Jewellery,Earrings,Stud,Enamel; Iron,Golden,,7.99,/241/52/169622_IV_2y,169622_IV_2y.jpg,none,,,,,,
169622_KK,169622,Earring FLEURSDUMER Khaki,_KK,Khaki,Jewellery,Earrings,Stud,Enamel; Zinc,Worn Silver,,7.99,/241/52/169622_KK_1,169622_KK_1.jpg,none,,,,,,
169622_LL,169622,Earring SUNSET JUNCTION Lilac,_LL,Lilac,Jewellery,Earrings,Stud,Crystal Glass; Zinc,Worn Silver,,7.99,/241/52/169622_LL_1,169622_LL_1.jpg,none,,,,,,
169622_NV,169622,Earring STARRYNIGHT Navy,_NV,Navy,Jewellery,Earrings,Stud,Enamel; Zinc,Golden,,7.99,/232/52/169622_NV_1,169622_NV_1.jpg,none,,,,,,
169622_TL,169622,Earring STARRYNIGHT Teal,_TL,Teal,Jewellery,Earrings,Stud,Enamel; Zinc,Worn Silver,,7.99,/232/52/169622_TL_1,169622_TL_1.jpg,none,,,,,,
1708741WT,170874,Earring DEGRADE White,1WT,White,Jewellery,Earrings,Hoop Earrings,Crystal Glass; Iron,Worn Silver,,7.99,/232/52/1708741WT_1,1708741WT_1.jpg,none,,,,,,
170874_BM,170874,Earring TROPICAL GEMS Bright Multicolor,_BM,Bright Multicolor,Jewellery,Earrings,Hoop Earrings,Crystal Glass; Iron; Polyester; Zinc,Golden,,7.99,/241/52/170874_BM_1,170874_BM_1.jpg,none,,,,,,
172044_NV,172044,Earring Moonlight azure Navy,_NV,Navy,Jewellery,Earrings,Stud,Enamel; Iron; Zamac,Brushed Golden,,7.99,/232/52/172044_NV_1,172044_NV_1.jpg,none,,,,,,
177781_LB,177781,Earring DEGRADE Light Blue,_LB,Light Blue,Jewellery,Earrings,Stud,Glass; Iron,Golden,,6.99,/232/52/177781_LB_1,177781_LB_1.jpg,none,,,,,,
177781_PU,177781,Earring DOMINICA Purple,_PU,Purple,Jewellery,Earrings,Stud,Glass; Iron,Light Golden,,7.99,/241/52/177781_PU_1,177781_PU_1.jpg,none,,,,,,
177781_TQ,177781,Earring DOMINICA Turquoise,_TQ,Turquoise,Jewellery,Earrings,Stud,Glass; Iron,Light Golden,,7.99,/241/52/177781_TQ_1,177781_TQ_1.jpg,none,,,,,,
1804581BK,180458,Earring ECLIPSE Black,1BK,Black,Jewellery,Earrings,Stud,Glass; Zinc,Golden,Strass,5.99,/232/52/1804581BK_1,1804581BK_1.jpg,none,,,,,,
186745_HM,186745,Set of Earrings KISS54 Halftone Multicolor,_HM,Halftone Multicolor,Jewellery,Earrings,Hoop Earrings,Copper; Enamel; Glass,Golden,,6.99,/232/52/186745_HM_1,186745_HM_1.jpg,none,,,,,,
187623_BM,187623,Set of Rings SUNSET JUNCTION Bright Multicolor,_BM,Bright Multicolor,Jewellery,Rings,Band Ring,Stone; Zinc,Golden,,4.99,/241/52/187623_BM_1,187623_BM_1.jpg,none,,,,,,
1878960HM,187896,Bracelet KISS54 Halftone Multicolor,0HM,Halftone Multicolor,Jewellery,Bracelets,Anklet,Enamel; Iron; Zinc,Golden,,7.99,/232/52/1878960HM_1,1878960HM_1.jpg,none,,,,,,
187896_BM,187896,Bracelet DEGRADE Bright Multicolor,_BM,Bright Multicolor,Jewellery,Bracelets,Anklet,Enamel; Iron; Zinc,Rose Gold,,7.99,/232/52/187896_BM_1,187896_BM_1.jpg,none,,,,,,
1912911SV,191291,Earring SHADES OF COOL Silver,1SV,Silver,Jewellery,Earrings,Hoop Earrings,Copper; Iron,Rodhium,,5.99,/241/52/1912911SV_1,1912911SV_1.jpg,none,,,,,,
1917340DM,191734,Earring NEOPOP Dark Multicolor,0DM,Dark Multicolor,Jewellery,Earrings,Hoop Earrings,Acrylic; Glass; Zinc,Black Nikel,,5.99,/242/52/1917340DM_1,1917340DM_1.jpg,none,,,,,,
191734_BM,191734,Earring STARRYNIGHT Bright Multicolor,_BM,Bright Multicolor,Jewellery,Earrings,Hoop Earrings,Glass; Zinc,Black Nikel,,5.99,/232/52/191734_BM_1,191734_BM_1.jpg,none,,,,,,
193642_BK,193642,Ring EXPEDITION Black,_BK,Black,Jewellery,Rings,Band Ring,Glass; Zinc,Golden,,4.99,/232/52/193642_BK_1,193642_BK_1.jpg,none,,,,,,
194061_DM,194061,Necklace ULTRAVIO Dark Multicolor,_DM,Dark Multicolor,Jewellery,Necklaces,Beaded Necklace,Brass; Glass,Golden,,10.99,/232/52/194061_DM_1,194061_DM_1.jpg,none,,,,,,
1959970HM,195997,Earring mulstone Halftone Multicolor,0HM,Halftone Multicolor,Jewellery,Earrings,Hoop Earrings,Glass; Iron,Golden,,5.99,/232/52/1959970HM_1,1959970HM_1.jpg,none,,,,,,
195997_DM,195997,Earring FLORABUNDANCE Dark Multicolor,_DM,Dark Multicolor,Jewellery,Earrings,Hoop Earrings,Glass; Iron; Rubber,Golden,,5.99,/232/52/195997_DM_1,195997_DM_1.jpg,none,,,,,,
196001_HM,196001,Earring SPARKLING EARRINGS Halftone Multicolor,_HM,Halftone Multicolor,Jewellery,Earrings,Stud,Brass; Zirconium,Black Nikel,,19.99,/231/52/196001_HM_1,196001_HM_1.jpg,none,,,,,,
1965821BM,196582,Earring DOMINICA Bright Multicolor,1BM,Bright Multicolor,Jewellery,Earrings,Hoop Earrings,Glass; Iron; Thermoplastic Polyurethane; Wood,Golden,,7.99,/241/52/1965821BM_2y,1965821BM_2y.jpg,none,,,,,,
1984142BM,198414,Earring TROPICAL GEMS Bright Multicolor,2BM,Bright Multicolor,Jewellery,Earrings,Hoop Earrings,Iron; Shell,Golden,Metal,7.99,/241/52/1984142BM_1,1984142BM_1.jpg,none,,,,,,
200287_SV,200287,Necklace SILVER BASICS Silver,_SV,Silver,Jewellery,Necklaces,Chain,Copper; Iron; Zamac,Silver,,10.99,/231/52/200287_SV_1,200287_SV_1.jpg,none,,,,,,
200877_GD,200877,Earring GOLDEN BASICS Gold,_GD,Gold,Jewellery,Earrings,Dangle,Iron,Golden,,6.99,/222/52/200877_GD_1,200877_GD_1.jpg,none,,,,,,
200877_SV,200877,Earring SILVER BASICS Silver,_SV,Silver,Jewellery,Earrings,Dangle,Iron,Silver,,7.99,/231/52/200877_SV_1,200877_SV_1.jpg,none,,,,,,
2011780HM,201178,Bracelet FLEURSDUMER Halftone Multicolor,0HM,Halftone Multicolor,Jewellery,Bracelets,Adjustable Bracelet,Brass; Stone,Golden,Stone,6.99,/241/52/2011780HM_1,2011780HM_1.jpg,none,,,,,,
201230_FG,201230,Earring mulstone Forest Green,_FG,Forest Green,Jewellery,Earrings,Drop,Brass; Stone,Golden,Stone,5.99,/232/52/201230_FG_1,201230_FG_1.jpg,none,,,,,,
2018671BK,201867,Earring ECLIPSE Black,1BK,Black,Jewellery,Earrings,Stud,Enamel; Iron; Zinc,Golden,,5.99,/232/52/2018671BK_1,2018671BK_1.jpg,none,,,,,,
201867_BL,201867,Earring GUMMY PARTY Blue,_BL,Blue,Jewellery,Earrings,Stud,Glass; Iron; Thermoplastic Polyurethane; Zinc,Golden,,5.99,/232/52/201867_BL_1,201867_BL_1.jpg,none,,,,,,
201867_GN,201867,Earring EXPEDITION Green,_GN,Green,Jewellery,Earrings,Stud,Enamel; Iron; Zinc,Golden,,5.99,/232/52/201867_GN_1,201867_GN_1.jpg,none,,,,,,
2020390BM,202039,Earring GUARANI VIBES Bright Multicolor,0BM,Bright Multicolor,Jewellery,Earrings,Dangle,Resin; Thermoplastic Polyurethane; Zinc,Brushed Golden,,7.99,/232/52/2020390BM_1,2020390BM_1.jpg,none,,,,,,
2020652BM,202065,Earring GUARANI VIBES Bright Multicolor,2BM,Bright Multicolor,Jewellery,Earrings,Hoop Earrings,Brass; Iron; Thermoplastic Polyurethane,Golden,,4.99,/232/52/2020652BM_1,2020652BM_1.jpg,none,,,,,,
202065_HM,202065,Earring VENDREDI Halftone Multicolor,_HM,Halftone Multicolor,Jewellery,Earrings,Hoop Earrings,Brass; Iron; Thermoplastic Polyurethane,Golden,,5.99,/241/52/202065_HM_1,202065_HM_1.jpg,none,,,,,,
202480_DM,202480,Earring ULTRAVIO Dark Multicolor,_DM,Dark Multicolor,Jewellery,Earrings,Hoop Earrings,Acrylic; Iron; Zamac,Worn Gold,,7.99,/232/52/202480_DM_1,202480_DM_1.jpg,none,,,,,,
202647_GD,202647,Necklace GOLDEN BASICS Gold,_GD,Gold,Jewellery,Necklaces,Collar,Copper; Iron; Zinc,Golden,,9.99,/222/52/202647_GD_1,202647_GD_1.jpg,none,,,,,,
203236_HM,203236,Set of Earrings KISS54 Halftone Multicolor,_HM,Halftone Multicolor,Jewellery,Earrings,Hoop Earrings,Brass; Zirconium,Golden,,6.99,/232/52/203236_HM_1,203236_HM_1.jpg,none,,,,,,
203826_SV,203826,Earring PERMANENT - SUSPENDED FR Silver,_SV,Silver,Jewellery,Earrings,Hoop Earrings,Zinc,,,5.99,/231/52/203826_SV_1,203826_SV_1.jpg,none,,,,,,
203961_TK,203961,Ring BHLOTUS Pastel Pink,_TK,Pastel Pink,Jewellery,Rings,Band Ring,Enamel; Zinc,Golden,,5.99,/232/52/203961_TK_1,203961_TK_1.jpg,none,,,,,,
204705_SV,204705,Necklace SILVER BASICS Silver,_SV,Silver,Jewellery,Necklaces,Chain,Iron; Zinc,Silver,,12.99,/231/52/204705_SV_1,204705_SV_1.jpg,none,,,,,,
204781_BL,204781,Jewellery FASHION SUPPLEMENTS Blue,_BL,Blue,Jewellery,Cigarette Box,Regular,Thermoplastic Polyurethane; Zinc,Other,,5.99,/232/52/204781_BL_1,204781_BL_1.jpg,none,,,,,,
204971_BL,204971,Key Chain FASHION SUPPLEMENTS Blue,_BL,Blue,Jewellery,Key chains,Figures,Glass; Zinc,Golden,,9.99,/231/52/204971_BL_1,204971_BL_1.jpg,none,,,,,,
204971_NK,204971,Key Chain FASHION SUPPLEMENTS Nickel,_NK,Nickel,Jewellery,Key chains,Figures,Glass; Zinc,,,9.99,/232/52/204971_NK_1,204971_NK_1.jpg,none,,,,,,
204971_OR,204971,Key Chain FASHION SUPPLEMENTS Orange,_OR,Orange,Jewellery,Key chains,Figures,Glass; Zinc,,,9.99,/242/52/204971_OR_1,204971_OR_1.jpg,none,,,,,,
205191_PK,205191,Earring TREND Pink,_PK,Pink,Jewellery,Earrings,Dangle,Brass; Glass,,,9.99,/232/52/205191_PK_1,205191_PK_1.jpg,none,,,,,,
205235_GD,205235,Earring TREND Gold,_GD,Gold,Jewellery,Earrings,Stud,Glass; Iron; Zinc,Golden,,9.99,/231/52/205235_GD_1,205235_GD_1.jpg,none,,,,,,
205235_SA,205235,Earring TREND Salmon,_SA,Salmon,Jewellery,Earrings,Stud,Iron; Zinc,Golden,,9.99,/232/52/205235_SA_1,205235_SA_1.jpg,none,,,,,,
205421_GD,205421,Earring GLDN DEL Gold,_GD,Gold,Jewellery,Earrings,Hoop Earrings,Acrylic; Iron,Golden,,4.99,/231/52/205421_GD_1,205421_GD_1.jpg,none,,,,,,
205527_GD,205527,Ring GLDN DEL Gold,_GD,Gold,Jewellery,Rings,Fantasy,Brass; Zirconium,Golden,,6.99,/231/52/205527_GD_1,205527_GD_1.jpg,none,,,,,,
2056831GD,205683,Earring PERMANENT - SUSPENDED FR Gold,1GD,Gold,Jewellery,Earrings,Stud,Zinc,,,5.99,/232/52/2056831GD_1,2056831GD_1.jpg,none,,,,,,
205683_BK,205683,Earring ECLIPSE Black,_BK,Black,Jewellery,Earrings,Stud,Enamel; Zinc,Golden,,5.99,/232/52/205683_BK_1,205683_BK_1.jpg,none,,,,,,
205683_BL,205683,Earring ATMOSPHERE Blue,_BL,Blue,Jewellery,Earrings,Stud,Enamel; Zinc,Rodhium,,5.99,/242/52/205683_BL_1,205683_BL_1.jpg,none,,,,,,
205683_RO,205683,Earring VENDREDI Old Rose,_RO,Old Rose,Jewellery,Earrings,Stud,Enamel; Zinc,Golden,,5.99,/241/52/205683_RO_1,205683_RO_1.jpg,none,,,,,,
205683_SV,205683,Earring SHADES OF COOL Silver,_SV,Silver,Jewellery,Earrings,Stud,Zinc,Rodhium,,5.99,/241/52/205683_SV_1,205683_SV_1.jpg,none,,,,,,
205683_WT,205683,Earring DEGRADE White,_WT,White,Jewellery,Earrings,Stud,Enamel; Zinc,Silver,,5.99,/232/52/205683_WT_1,205683_WT_1.jpg,none,,,,,,
205815_SV,205815,Necklace SILVER BASICS Silver,_SV,Silver,Jewellery,Necklaces,Pendant,Copper; Iron; Zinc,Silver,,10.99,/231/52/205815_SV_1,205815_SV_1.jpg,none,,,,,,
206195_WT,206195,Earring DEGRADE White,_WT,White,Jewellery,Earrings,Stud,Enamel; Iron,Matte Silver,,5.99,/232/52/206195_WT_1,206195_WT_1.jpg,none,,,,,,
206296_BU,206296,Earring ORPHIC Burgundy,_BU,Burgundy,Jewellery,Earrings,Dangle,Iron; Resin,Brushed Golden,,5.99,/232/52/206296_BU_1,206296_BU_1.jpg,none,,,,,,
206296_FG,206296,Earring FLEURSDUMER Forest Green,_FG,Forest Green,Jewellery,Earrings,Dangle,Iron; Resin,Brushed Golden,,5.99,/241/52/206296_FG_1,206296_FG_1.jpg,none,,,,,,
206296_HM,206296,Earring VENDREDI Halftone Multicolor,_HM,Halftone Multicolor,Jewellery,Earrings,Dangle,Iron; Resin,Brushed Golden,,5.99,/241/52/206296_HM_1,206296_HM_1.jpg,none,,,,,,
206296_ID,206296,Earring SUNSET JUNCTION Indigo Dye,_ID,Indigo Dye,Jewellery,Earrings,Dangle,Iron; Stone,Brushed Golden,,5.99,/241/52/206296_ID_1,206296_ID_1.jpg,none,,,,,,
206296_NV,206296,Earring COTTAGE BLUE Navy,_NV,Navy,Jewellery,Earrings,Dangle,Iron; Resin,Brushed Golden,,5.99,/232/52/206296_NV_1,206296_NV_1.jpg,none,,,,,,
206296_RD,206296,Earring EXPEDITION Red,_RD,Red,Jewellery,Earrings,Dangle,Iron; Resin,Brushed Golden,,5.99,/232/52/206296_RD_1,206296_RD_1.jpg,none,,,,,,
2063050DM,206305,Bracelet GALÁPAGOS Dark Multicolor,0DM,Dark Multicolor,Jewellery,Bracelets,Elastic Bracelet,Elastane; Resin; Zinc,,,9.99,/242/52/2063050DM_1,2063050DM_1.jpg,none,,,,,,
2063050HM,206305,Bracelet NOMADA Halftone Multicolor,0HM,Halftone Multicolor,Jewellery,Bracelets,Elastic Bracelet,Elastane; Resin; Zinc,,,9.99,/242/52/2063050HM_1,2063050HM_1.jpg,none,,,,,,
206305_DM,206305,Bracelet MONETT Dark Multicolor,_DM,Dark Multicolor,Jewellery,Bracelets,Elastic Bracelet,Resin; Zinc,Golden,,9.99,/242/52/206305_DM_1,206305_DM_1.jpg,none,,,,,,
206305_HM,206305,Bracelet BHLOTUS Halftone Multicolor,_HM,Halftone Multicolor,Jewellery,Bracelets,Elastic Bracelet,Resin; Thermoplastic Polyurethane; Zinc,Golden,,9.99,/232/52/206305_HM_1,206305_HM_1.jpg,none,,,,,,
206316_DM,206316,Earring Gipsy Garden Dark Multicolor,_DM,Dark Multicolor,Jewellery,Earrings,Hoop Earrings,Iron; Shell; Stone; Thermoplastic Polyurethane,Worn Gold,,7.99,/241/52/206316_DM_1,206316_DM_1.jpg,none,,,,,,
206466_DN,206466,Bracelet FLORABUNDANCE Dark Green,_DN,Dark Green,Jewellery,Bracelets,Elastic Bracelet,Elastane; Resin; Zinc,Golden,,9.99,/232/52/206466_DN_1,206466_DN_1.jpg,none,,,,,,
206466_NV,206466,Bracelet COTTAGE BLUE Navy,_NV,Navy,Jewellery,Bracelets,Elastic Bracelet,Resin; Zinc,Brushed Golden,,9.99,/232/52/206466_NV_2y,206466_NV_2y.jpg,none,,,,,,
206906_SV,206906,Earring SILVER D Silver,_SV,Silver,Jewellery,Earrings,Hoop Earrings,Brass; Zirconium,Rodhium,,5.99,/231/52/206906_SV_1,206906_SV_1.jpg,none,,,,,,
206911_GD,206911,Bracelet GLDN DEL Gold,_GD,Gold,Jewellery,Bracelets,Non-Adjustable Bracelet,Acrylic; Pearl; Thermoplastic Polyurethane,Golden,,5.99,/231/52/206911_GD_1,206911_GD_1.jpg,none,,,,,,
206911_SV,206911,Bracelet SILVER D Silver,_SV,Silver,Jewellery,Bracelets,Non-Adjustable Bracelet,Acrylic; Pearl; Thermoplastic Polyurethane,Golden,,5.99,/231/52/206911_SV_1,206911_SV_1.jpg,none,,,,,,
207035_NV,207035,Ring COTTAGE BLUE Navy,_NV,Navy,Jewellery,Rings,Fantasy,Resin; Zinc,Brushed Golden,,5.99,/232/52/207035_NV_1,207035_NV_1.jpg,none,,,,,,
207482_BL,207482,Earring GUARANI VIBES Blue,_BL,Blue,Jewellery,Earrings,Dangle,Iron; Pearl; Thermoplastic Polyurethane; Zinc,Golden,,7.99,/232/52/207482_BL_1,207482_BL_1.jpg,none,,,,,,
207791_FU,207791,Earring DEGRADE Fuchsia,_FU,Fuchsia,Jewellery,Earrings,Stud,Acrylic; Iron,Golden,,5.99,/232/52/207791_FU_1,207791_FU_1.jpg,none,,,,,,
207791_LB,207791,Earring DEGRADE Light Blue,_LB,Light Blue,Jewellery,Earrings,Stud,Acrylic; Iron,Golden,,5.99,/232/52/207791_LB_1,207791_LB_1.jpg,none,,,,,,
207835_BK,207835,Ring ECLIPSE Black,_BK,Black,Jewellery,Rings,Cocktail,Enamel; Zinc,Golden,,6.99,/232/52/207835_BK_1,207835_BK_1.jpg,none,,,,,,
2082541BM,208254,Earring SUNSET JUNCTION Bright Multicolor,1BM,Bright Multicolor,Jewellery,Earrings,Hoop Earrings,Acrylic; Glass; Zinc,Golden,,5.99,/241/52/2082541BM_1,2082541BM_1.jpg,none,,,,,,
208434_HM,208434,Earring BHLOTUS Halftone Multicolor,_HM,Halftone Multicolor,Jewellery,Earrings,Hoop Earrings,Enamel; Zinc,Golden,,7.99,/232/52/208434_HM_1,208434_HM_1.jpg,none,,,,,,
209002_GD,209002,Bracelet GOLDEN BASICS Gold,_GD,Gold,Jewellery,Bracelets,Elastic Bracelet,Shell; Thermoplastic Polyurethane,Golden,,5.99,/232/52/209002_GD_1,209002_GD_1.jpg,none,,,,,,
209161_GD,209161,Ring GLDN DEL Gold,_GD,Gold,Jewellery,Rings,Cocktail,Acrylic; Copper,Golden,,5.99,/232/52/209161_GD_1,209161_GD_1.jpg,none,,,,,,
209161_SV,209161,Ring SILVER D Silver,_SV,Silver,Jewellery,Rings,Cocktail,Acrylic; Copper,Golden,,5.99,/232/52/209161_SV_1,209161_SV_1.jpg,none,,,,,,
209168_GD,209168,Necklace GOLDEN BASICS Gold,_GD,Gold,Jewellery,Necklaces,Pendant,Iron; Shell; Zinc,Golden,,12.99,/232/52/209168_GD_1,209168_GD_1.jpg,none,,,,,,
209174_GD,209174,Bracelet GOLDEN BASICS Gold,_GD,Gold,Jewellery,Bracelets,Anklet,Brass; Shell,Golden,,7.99,/232/52/209174_GD_1,209174_GD_1.jpg,none,,,,,,
209179_GD,209179,Earring GOLDEN BASICS Gold,_GD,Gold,Jewellery,Earrings,Dangle,Iron; Shell,Brushed Golden,,4.99,/232/52/209179_GD_1,209179_GD_1.jpg,none,,,,,,
209184_GD,209184,Earring GOLDEN BASICS Gold,_GD,Gold,Jewellery,Earrings,Dangle,Iron; Shell,Brushed Golden,,5.99,/232/52/209184_GD_1,209184_GD_1.jpg,none,,,,,,
209252_GD,209252,Earring GLDN DEL Gold,_GD,Gold,Jewellery,Earrings,Hoop Earrings,Brass; Iron,Golden,,4.99,/232/52/209252_GD_1,209252_GD_1.jpg,none,,,,,,
209252_SV,209252,Earring SILVER D Silver,_SV,Silver,Jewellery,Earrings,Hoop Earrings,Brass; Iron,Golden,,4.99,/232/52/209252_SV_1,209252_SV_1.jpg,none,,,,,,
209263_GD,209263,Ring GOLDEN BASICS Gold,_GD,Gold,Jewellery,Rings,Band Ring,Zinc,Golden,,5.99,/232/52/209263_GD_1,209263_GD_1.jpg,none,,,,,,
209279_GD,209279,Necklace GOLDEN BASICS Gold,_GD,Gold,Jewellery,Necklaces,Bib Necklace,Iron; Zinc,Golden,,19.99,/232/52/209279_GD_1,209279_GD_1.jpg,none,,,,,,
209285_GD,209285,Necklace GOLDEN BASICS Gold,_GD,Gold,Jewellery,Necklaces,Beaded Necklace,Acrylic; Brass; Cotton; Pearl; Shell; Zinc,Golden,,12.99,/232/52/209285_GD_1,209285_GD_1.jpg,none,,,,,,
209303_GD,209303,Bracelet GLDN DEL Gold,_GD,Gold,Jewellery,Bracelets,Adjustable Bracelet,Copper; Zirconium,Golden,,6.99,/232/52/209303_GD_1,209303_GD_1.jpg,none,,,,,,
209303_SV,209303,Bracelet SILVER D Silver,_SV,Silver,Jewellery,Bracelets,Adjustable Bracelet,Copper; Zirconium,Golden,,6.99,/232/52/209303_SV_1,209303_SV_1.jpg,none,,,,,,
209309_GD,209309,Earring GLDN DEL Gold,_GD,Gold,Jewellery,Earrings,Hoop Earrings,Brass,Golden,,7.99,/232/52/209309_GD_1,209309_GD_1.jpg,none,,,,,,
209309_SV,209309,Earring SILVER D Silver,_SV,Silver,Jewellery,Earrings,Hoop Earrings,Brass,Golden,,7.99,/232/52/209309_SV_1,209309_SV_1.jpg,none,,,,,,
209314_GD,209314,Earring GLDN DEL Gold,_GD,Gold,Jewellery,Earrings,Stud,Brass; Zirconium,Golden,,5.99,/232/52/209314_GD_1,209314_GD_1.jpg,none,,,,,,
209314_HM,209314,Earring GLDN DEL Halftone Multicolor,_HM,Halftone Multicolor,Jewellery,Earrings,Stud,Brass; Zirconium,Golden,,5.99,/241/52/209314_HM_1,209314_HM_1.jpg,none,,,,,,
209314_SV,209314,Earring SILVER D Silver,_SV,Silver,Jewellery,Earrings,Stud,Brass; Zirconium,Golden,,5.99,/232/52/209314_SV_1,209314_SV_1.jpg,none,,,,,,
209316_GD,209316,Earring GLDN DEL Gold,_GD,Gold,Jewellery,Earrings,Hoop Earrings,Acrylic; Zinc,Golden,,7.99,/232/52/209316_GD_1,209316_GD_1.jpg,none,,,,,,
209316_SV,209316,Earring SILVER D Silver,_SV,Silver,Jewellery,Earrings,Hoop Earrings,Acrylic; Zinc,Golden,,7.99,/232/52/209316_SV_1,209316_SV_1.jpg,none,,,,,,
209322_GD,209322,Set of Earrings GLDN DEL Gold,_GD,Gold,Jewellery,Earrings,Stud,Acrylic; Zinc,Golden,,4.99,/232/52/209322_GD_1,209322_GD_1.jpg,none,,,,,,
209322_SV,209322,Set of Earrings SILVER D Silver,_SV,Silver,Jewellery,Earrings,Stud,Acrylic; Zinc,Golden,,4.99,/232/52/209322_SV_1,209322_SV_1.jpg,none,,,,,,
209327_GD,209327,Bracelet GLDN DEL Gold,_GD,Gold,Jewellery,Bracelets,Adjustable Bracelet,Brass; Iron,Golden,,6.99,/232/52/209327_GD_1,209327_GD_1.jpg,none,,,,,,
209327_SV,209327,Bracelet SILVER D Silver,_SV,Silver,Jewellery,Bracelets,Adjustable Bracelet,Brass; Iron,Golden,,6.99,/232/52/209327_SV_1,209327_SV_1.jpg,none,,,,,,
209332_GD,209332,Earring GLDN DEL Gold,_GD,Gold,Jewellery,Earrings,Dangle,Brass; Zirconium,,,9.99,/232/52/209332_GD_1,209332_GD_1.jpg,none,,,,,,
209332_SV,209332,Earring SILVER D Silver,_SV,Silver,Jewellery,Earrings,Dangle,Brass; Zirconium,Golden,,9.99,/232/52/209332_SV_1,209332_SV_1.jpg,none,,,,,,
209339_PE,209339,Earring GLDN DEL Pearl,_PE,Pearl,Jewellery,Earrings,Stud,Iron; Pearl,Golden,,9.99,/232/52/209339_PE_1,209339_PE_1.jpg,none,,,,,,
209345_GD,209345,Earring GLDN DEL Gold,_GD,Gold,Jewellery,Earrings,Stud,Zinc,Golden,,5.99,/232/52/209345_GD_1,209345_GD_1.jpg,none,,,,,,
209403_GD,209403,Earring GLDN DEL Gold,_GD,Gold,Jewellery,Earrings,Dangle,Brass; Zirconium,Golden,,12.99,/232/52/209403_GD_1,209403_GD_1.jpg,none,,,,,,
209415_GD,209415,Bracelet Golden Basics Gold,_GD,Gold,Jewellery,Bracelets,Non-Adjustable Bracelet,Iron; Zinc,Golden,,7.99,/231/52/209415_GD_1,209415_GD_1.jpg,none,,,,,,
209415_SV,209415,Bracelet SHADES OF COOL Silver,_SV,Silver,Jewellery,Bracelets,Non-Adjustable Bracelet,Iron; Zinc,Rodhium,,7.99,/232/52/209415_SV_1,209415_SV_1.jpg,none,,,,,,
209607_GD,209607,Bracelet GOLDEN BASICS Gold,_GD,Gold,Jewellery,Bracelets,Elastic Bracelet,Zinc,Golden,,7.99,/231/52/209607_GD_1,209607_GD_1.jpg,none,,,,,,
209664_HM,209664,Pin FASHION SUPPLEMENTS Halftone Multicolor,_HM,Halftone Multicolor,Jewellery,Pins,Other Pins,Glass; Zinc,,,9.99,/232/52/209664_HM_1,209664_HM_1.jpg,none,,,,,,
2096671BM,209667,Phone case FASHION SUPPLEMENTS Bright Multicolor,1BM,Bright Multicolor,Jewellery,Mobile Accessories,Mobile Cases,Enamel; Polyester; Silicone,Other,,9.99,/232/52/2096671BM_1,2096671BM_1.jpg,none,,,,,,
209667_BM,209667,Phone case FASHION SUPPLEMENTS Bright Multicolor,_BM,Bright Multicolor,Jewellery,Mobile Accessories,Mobile Cases,Enamel; Polyester; Silicone,Other,,9.99,/232/52/209667_BM_1,209667_BM_1.jpg,none,,,,,,
209674_BM,209674,Key Chain FASHION SUPPLEMENTS Bright Multicolor,_BM,Bright Multicolor,Jewellery,Key chains,Figures,Glass; Iron; Polyester; Resin; Zinc,Golden,,9.99,/232/52/209674_BM_1,209674_BM_1.jpg,none,,,,,,
209682_SV,209682,Sunglass Holder FASHION SUPPLEMENTS Silver,_SV,Silver,Jewellery,Other Jewellery,Sunglass Holder,Brass; Pearl; Rubber; Zinc,Silver,,7.99,/232/52/209682_SV_1,209682_SV_1.jpg,none,,,,,,
209694_PK,209694,Key Chain FASHION SUPPLEMENTS Pink,_PK,Pink,Jewellery,Key chains,Figures,Thermoplastic Polyurethane; Zinc,Golden,,9.99,/232/52/209694_PK_1,209694_PK_1.jpg,none,,,,,,
209715_IV,209715,Pin FASHION SUPPLEMENTS Ivory,_IV,Ivory,Jewellery,Pins,Lady Brooche,Acrylic; Iron; Zinc,Golden,,5.99,/232/52/209715_IV_1,209715_IV_1.jpg,none,,,,,,
209726_LL,209726,Fan FASHION SUPPLEMENTS Lilac,_LL,Lilac,Jewellery,Other Jewellery,Fan,Bamboo; Iron; Polyester,Other,,12.99,/231/52/209726_LL_1,209726_LL_1.jpg,none,,,,,,
209771_BM,209771,Earring SPARKLING EARRINGS Bright Multicolor,_BM,Bright Multicolor,Jewellery,Earrings,Hoop Earrings,Brass; Zirconium,Black Nikel,,29.99,/232/52/209771_BM_1,209771_BM_1.jpg,none,,,,,,
209923_BM,209923,Earring STARRYNIGHT Bright Multicolor,_BM,Bright Multicolor,Jewellery,Earrings,Dangle,Brass; Glass,Golden,,7.99,/232/52/209923_BM_1,209923_BM_1.jpg,none,,,,,,
209931_GD,209931,Earring GLDN DEL Gold,_GD,Gold,Jewellery,Earrings,Hoop Earrings,Zinc; Zirconium,Golden,,7.99,/232/52/209931_GD_1,209931_GD_1.jpg,none,,,,,,
209931_SV,209931,Earring SILVER D Silver,_SV,Silver,Jewellery,Earrings,Hoop Earrings,Zinc; Zirconium,Golden,,7.99,/232/52/209931_SV_1,209931_SV_1.jpg,none,,,,,,
210234_GD,210234,Ring GOLDEN BASICS Gold,_GD,Gold,Jewellery,Rings,Fantasy,Brass,Golden,,6.99,/232/52/210234_GD_1,210234_GD_1.jpg,none,,,,,,
210298_BM,210298,Bracelet DEGRADE Bright Multicolor,_BM,Bright Multicolor,Jewellery,Bracelets,Anklet,Copper; Glass; Iron,Golden,,7.99,/232/52/210298_BM_1,210298_BM_1.jpg,none,,,,,,
210314_BM,210314,Bracelet DEGRADE Bright Multicolor,_BM,Bright Multicolor,Jewellery,Bracelets,Anklet,Enamel; Iron; Zinc,Golden,,7.99,/232/52/210314_BM_1,210314_BM_1.jpg,none,,,,,,
210324_BM,210324,Bracelet DEGRADE Bright Multicolor,_BM,Bright Multicolor,Jewellery,Bracelets,Anklet,Acrylic; Iron; Stone,Golden,,7.99,/232/52/210324_BM_1,210324_BM_1.jpg,none,,,,,,
210334_OR,210334,Earring DEGRADE Orange,_OR,Orange,Jewellery,Earrings,Dangle,Acrylic; Raffia; Shell; Zinc,Golden,,9.99,/232/52/210334_OR_1,210334_OR_1.jpg,none,,,,,,
210341_BM,210341,Bracelet DEGRADE Bright Multicolor,_BM,Bright Multicolor,Jewellery,Bracelets,Anklet,Brass; Glass; Iron; Shell; Zinc; Zirconium,Golden,,7.99,/232/52/210341_BM_1,210341_BM_1.jpg,none,,,,,,
210347_NV,210347,Earring STARRYNIGHT Navy,_NV,Navy,Jewellery,Earrings,Dangle,Acrylic; Glass; Iron; Polyester,Golden,,8.99,/232/52/210347_NV_1,210347_NV_1.jpg,none,,,,,,
210347_OR,210347,Earring DEGRADE Orange,_OR,Orange,Jewellery,Earrings,Dangle,Acrylic; Glass; Iron; Polyester,Golden,,8.99,/232/52/210347_OR_1,210347_OR_1.jpg,none,,,,,,
210347_TG,210347,Earring WATERMELON PARTY Pastel Green,_TG,Pastel Green,Jewellery,Earrings,Dangle,Acrylic; Glass; Iron; Polyester,Golden,,8.99,/242/52/210347_TG_1,210347_TG_1.jpg,none,,,,,,
210351_BM,210351,Earring DEGRADE Bright Multicolor,_BM,Bright Multicolor,Jewellery,Earrings,Dangle,Cotton; Glass; Polyester; Stainless Steel; Straw,Golden,,9.99,/232/52/210351_BM_1,210351_BM_1.jpg,none,,,,,,
210412_LB,210412,Earring COTTAGE BLUE Light Blue,_LB,Light Blue,Jewellery,Earrings,Dangle,Iron; Resin; Stone,Burnish Golden,,7.99,/232/52/210412_LB_1,210412_LB_1.jpg,none,,,,,,
210412_MI,210412,Earring Moonlight azure Midnight Blue,_MI,Midnight Blue,Jewellery,Earrings,Dangle,Iron; Resin; Stone,Burnish Golden,,7.99,/232/52/210412_MI_1,210412_MI_1.jpg,none,,,,,,
210433_BL,210433,Phone case FASHION SUPPLEMENTS Blue,_BL,Blue,Jewellery,Mobile Accessories,Mobile Cases,Iron; Polyester; Thermoplastic Polyurethane,Other,,9.99,/232/52/210433_BL_1,210433_BL_1.jpg,none,,,,,,
210433_FU,210433,Phone case FASHION SUPPLEMENTS Fuchsia,_FU,Fuchsia,Jewellery,Mobile Accessories,Mobile Cases,Iron; Polyester; Thermoplastic Polyurethane,Other,,9.99,/232/52/210433_FU_1,210433_FU_1.jpg,none,,,,,,
210433_LL,210433,Phone case FASHION SUPPLEMENTS Lilac,_LL,Lilac,Jewellery,Mobile Accessories,Mobile Cases,Iron; Polyester; Thermoplastic Polyurethane,Other,,9.99,/232/52/210433_LL_1,210433_LL_1.jpg,none,,,,,,
210433_OR,210433,Phone case FASHION SUPPLEMENTS Orange,_OR,Orange,Jewellery,Mobile Accessories,Mobile Cases,Iron; Polyester; Thermoplastic Polyurethane,Other,,9.99,/232/52/210433_OR_1,210433_OR_1.jpg,none,,,,,,
210433_TB,210433,Phone case FASHION SUPPLEMENTS Pastel Blue,_TB,Pastel Blue,Jewellery,Mobile Accessories,Mobile Cases,Iron; Polyester; Thermoplastic Polyurethane,Other,,9.99,/232/52/210433_TB_1,210433_TB_1.jpg,none,,,,,,
210439_BL,210439,Phone case FASHION SUPPLEMENTS Blue,_BL,Blue,Jewellery,Mobile Accessories,Mobile Cases,Iron; Polyester; Thermoplastic Polyurethane,Other,,9.99,/232/52/210439_BL_1,210439_BL_1.jpg,none,,,,,,
210439_FU,210439,Phone case FASHION SUPPLEMENTS Fuchsia,_FU,Fuchsia,Jewellery,Mobile Accessories,Mobile Cases,Iron; Polyester; Thermoplastic Polyurethane,Other,,9.99,/232/52/210439_FU_1,210439_FU_1.jpg,none,,,,,,
210439_LL,210439,Phone case FASHION SUPPLEMENTS Lilac,_LL,Lilac,Jewellery,Mobile Accessories,Mobile Cases,Iron; Polyester; Thermoplastic Polyurethane,Other,,9.99,/232/52/210439_LL_1,210439_LL_1.jpg,none,,,,,,
210439_OR,210439,Phone case FASHION SUPPLEMENTS Orange,_OR,Orange,Jewellery,Mobile Accessories,Mobile Cases,Iron; Polyester; Thermoplastic Polyurethane,Other,,9.99,/232/52/210439_OR_1,210439_OR_1.jpg,none,,,,,,
210439_TB,210439,Phone case FASHION SUPPLEMENTS Pastel Blue,_TB,Pastel Blue,Jewellery,Mobile Accessories,Mobile Cases,Iron; Polyester; Thermoplastic Polyurethane,Other,,9.99,/232/52/210439_TB_2y,210439_TB_2y.jpg,none,,,,,,
210633_GD,210633,Bracelet FRANJAS Gold,_GD,Gold,Jewellery,Bracelets,Non-Adjustable Bracelet,Brass; Magnet; Zinc,Golden,,22.99,/232/52/210633_GD_1,210633_GD_1.jpg,none,,,,,,
210641_GD,210641,Earring FRANJAS Gold,_GD,Gold,Jewellery,Earrings,Hoop Earrings,Brass; Zinc,Worn Gold,,15.99,/232/52/210641_GD_1,210641_GD_1.jpg,none,,,,,,
210727_BM,210727,Earring DEGRADE Bright Multicolor,_BM,Bright Multicolor,Jewellery,Earrings,Hoop Earrings,Enamel; Zinc,Golden,,5.99,/232/52/210727_BM_1,210727_BM_1.jpg,none,,,,,,
210739_PK,210739,Ring GLDN DEL Pink,_PK,Pink,Jewellery,Rings,Band Ring,Iron; Zinc; Zirconium,Golden,,6.99,/232/52/210739_PK_1,210739_PK_1.jpg,none,,,,,,
210744_HM,210744,Bracelet GLDN DEL Halftone Multicolor,_HM,Halftone Multicolor,Jewellery,Bracelets,Adjustable Bracelet,Brass; Zirconium,Golden,,6.99,/232/52/210744_HM_1,210744_HM_1.jpg,none,,,,,,
210749_HM,210749,Earring GLDN DEL Halftone Multicolor,_HM,Halftone Multicolor,Jewellery,Earrings,Dangle,Brass; Zirconium,Golden,,7.99,/232/52/210749_HM_1,210749_HM_1.jpg,none,,,,,,
210940_GD,210940,Earring LEAFS STORY Gold,_GD,Gold,Jewellery,Earrings,Drop,Iron; Zinc,Golden,,9.99,/232/52/210940_GD_1,210940_GD_1.jpg,none,,,,,,
210959_GD,210959,Earring FRESH WATER PEARL COLLEC Gold,_GD,Gold,Jewellery,Earrings,Drop,Pearl; Zinc,Golden,,17.99,/232/52/210959_GD_1,210959_GD_1.jpg,none,,,,,,
210976_BM,210976,Earring LAB JUNHO Bright Multicolor,_BM,Bright Multicolor,Jewellery,Earrings,Dangle,Iron; Resin,Golden,,15.99,/232/52/210976_BM_1,210976_BM_1.jpg,none,,,,,,
211037_HM,211037,Earring COTTAGE BLUE Halftone Multicolor,_HM,Halftone Multicolor,Jewellery,Earrings,Hoop Earrings,Acrylic; Iron; Thermoplastic Polyurethane,Golden,,5.99,/232/52/211037_HM_2y,211037_HM_2y.jpg,none,,,,,,
2110441NV,211044,Ring COTTAGE BLUE Navy,1NV,Navy,Jewellery,Rings,Band Ring,Copper; Enamel,Brushed Golden,,6.99,/232/52/2110441NV_1,2110441NV_1.jpg,none,,,,,,
211058_PM,211058,Earring COLOMBIA EARRINGS Pastel Multicolor,_PM,Pastel Multicolor,Jewellery,Earrings,Dangle,Brass; Cotton; Glass; Polyester; Stainless Steel,Golden,,22.99,/232/52/211058_PM_1,211058_PM_1.jpg,none,,,,,,
211065_BM,211065,Earring COLOMBIA EARRINGS Bright Multicolor,_BM,Bright Multicolor,Jewellery,Earrings,Dangle,Brass; Stone,Golden,,22.99,/232/52/211065_BM_1,211065_BM_1.jpg,none,,,,,,
211070_HM,211070,Earring COTTAGE BLUE Halftone Multicolor,_HM,Halftone Multicolor,Jewellery,Earrings,Stud,Resin; Zinc,Brushed Golden,,7.99,/232/52/211070_HM_1,211070_HM_1.jpg,none,,,,,,
211077_GD,211077,Earring COLOMBIA EARRINGS Gold,_GD,Gold,Jewellery,Earrings,Dangle,Brass,Golden,,19.99,/232/52/211077_GD_1,211077_GD_1.jpg,none,,,,,,
211087_HM,211087,Necklace COTTAGE BLUE Halftone Multicolor,_HM,Halftone Multicolor,Jewellery,Necklaces,Beaded Necklace,Acrylic; Iron; Shell; Stone; Zinc,Golden,,15.99,/232/52/211087_HM_1,211087_HM_1.jpg,none,,,,,,
211112_HM,211112,Necklace COTTAGE BLUE Halftone Multicolor,_HM,Halftone Multicolor,Jewellery,Necklaces,Pendant,Acrylic; Brass; Stone; Thermoplastic Polyurethane; Zinc,Brushed Golden,,12.99,/232/52/211112_HM_1,211112_HM_1.jpg,none,,,,,,
211120_HM,211120,Bracelet COTTAGE BLUE Halftone Multicolor,_HM,Halftone Multicolor,Jewellery,Bracelets,Non-Adjustable Bracelet,Acrylic; Brass; Iron; Pearl; Stone,Golden,,7.99,/232/52/211120_HM_1,211120_HM_1.jpg,none,,,,,,
211138_HM,211138,Earring COTTAGE BLUE Halftone Multicolor,_HM,Halftone Multicolor,Jewellery,Earrings,Dangle,Acrylic; Glass; Iron; Pearl; Stone; Zinc,Brushed Golden,,7.99,/232/52/211138_HM_1,211138_HM_1.jpg,none,,,,,,
211158_HM,211158,Earring KISS54 Halftone Multicolor,_HM,Halftone Multicolor,Jewellery,Earrings,Ear Cuff,Copper; Zirconium,Golden,,6.99,/232/52/211158_HM_1,211158_HM_1.jpg,none,,,,,,
211181_HM,211181,Set of Earrings KISS54 Halftone Multicolor,_HM,Halftone Multicolor,Jewellery,Earrings,Hoop Earrings,Brass; Enamel,Golden,,7.99,/232/52/211181_HM_1,211181_HM_1.jpg,none,,,,,,
211188_HM,211188,Set of Earrings KISS54 Halftone Multicolor,_HM,Halftone Multicolor,Jewellery,Earrings,Hoop Earrings,Brass; Stone; Zirconium,Golden,,8.99,/232/52/211188_HM_1,211188_HM_1.jpg,none,,,,,,
211194_HM,211194,Bracelet KISS54 Halftone Multicolor,_HM,Halftone Multicolor,Jewellery,Bracelets,Anklet,Brass; Stone; Zinc,Silver,,7.99,/232/52/211194_HM_1,211194_HM_1.jpg,none,,,,,,
211200_HM,211200,Set of Earrings KISS54 Halftone Multicolor,_HM,Halftone Multicolor,Jewellery,Earrings,Hoop Earrings,Copper; Enamel; Glass,Golden,,6.99,/232/52/211200_HM_1,211200_HM_1.jpg,none,,,,,,
211209_HM,211209,Set of Earrings KISS54 Halftone Multicolor,_HM,Halftone Multicolor,Jewellery,Earrings,Hoop Earrings,Copper; Enamel; Zirconium,Golden,,6.99,/232/52/211209_HM_1,211209_HM_1.jpg,none,,,,,,
211246_HM,211246,Set of Necklaces KISS54 Halftone Multicolor,_HM,Halftone Multicolor,Jewellery,Necklaces,Chain,Brass; Glass; Iron; Zinc,Golden,,12.99,/232/52/211246_HM_1,211246_HM_1.jpg,none,,,,,,
211253_HM,211253,Set of Earrings KISS54 Halftone Multicolor,_HM,Halftone Multicolor,Jewellery,Earrings,Hoop Earrings,Brass; Zinc; Zirconium,Golden,,7.99,/232/52/211253_HM_1,211253_HM_1.jpg,none,,,,,,
211259_HM,211259,Set of Earrings KISS54 Halftone Multicolor,_HM,Halftone Multicolor,Jewellery,Earrings,Hoop Earrings,Brass; Zinc; Zirconium,Rodhium,,5.99,/232/52/211259_HM_1,211259_HM_1.jpg,none,,,,,,
211268_GD,211268,Earring KISS54 Gold,_GD,Gold,Jewellery,Earrings,Ear Cuff,Brass,Golden,,3.99,/232/52/211268_GD_1,211268_GD_1.jpg,none,,,,,,
211274_HM,211274,Set of Earrings KISS54 Halftone Multicolor,_HM,Halftone Multicolor,Jewellery,Earrings,Hoop Earrings,Brass; Enamel; Zinc,Golden,,6.99,/232/52/211274_HM_1,211274_HM_1.jpg,none,,,,,,
211313_HM,211313,Earring KISS54 Halftone Multicolor,_HM,Halftone Multicolor,Jewellery,Earrings,Ear Cuff,Brass; Zirconium,Golden,,5.99,/232/52/211313_HM_1,211313_HM_1.jpg,none,,,,,,
211385_GD,211385,Earring GLDN DEL Gold,_GD,Gold,Jewellery,Earrings,Hoop Earrings,Zinc; Zirconium,Golden,,12.99,/232/52/211385_GD_1,211385_GD_1.jpg,none,,,,,,
211412_WT,211412,Necklace GOLDEN BASICS White,_WT,White,Jewellery,Necklaces,Beaded Necklace,Acrylic; Brass; Glass; Pearl; Zinc,Golden,,12.99,/232/52/211412_WT_1,211412_WT_1.jpg,none,,,,,,
211442_BM,211442,Jewellery FASHION SUPPLEMENTS Bright Multicolor,_BM,Bright Multicolor,Jewellery,Cigarette Box,Regular,Thermoplastic Polyurethane; Zinc,Golden,,6.99,/232/52/211442_BM_1,211442_BM_1.jpg,none,,,,,,
211460_BM,211460,Sunglass Holder FASHION SUPPLEMENTS Bright Multicolor,_BM,Bright Multicolor,Jewellery,Other Jewellery,Sunglass Holder,Acrylic; Glass; Iron; Rubber,Golden,,6.99,/232/52/211460_BM_1,211460_BM_1.jpg,none,,,,,,
211613_GD,211613,Necklace GOLDEN BASICS Gold,_GD,Gold,Jewellery,Necklaces,Chain,Copper,Golden,,10.99,/232/52/211613_GD_1,211613_GD_1.jpg,none,,,,,,
211620_GD,211620,Necklace GOLDEN BASICS Gold,_GD,Gold,Jewellery,Necklaces,Chain,Copper; Iron,Golden,,10.99,/232/52/211620_GD_1,211620_GD_1.jpg,none,,,,,,
211624_GD,211624,Earring GOLDEN BASICS Gold,_GD,Gold,Jewellery,Earrings,Dangle,Iron,Brushed Golden,,5.99,/232/52/211624_GD_1,211624_GD_1.jpg,none,,,,,,
211624_SV,211624,Earring SHADES OF COOL Silver,_SV,Silver,Jewellery,Earrings,Dangle,Iron,Rodhium,,5.99,/232/52/211624_SV_1,211624_SV_1.jpg,none,,,,,,
211629_GD,211629,Earring GOLDEN BASICS Gold,_GD,Gold,Jewellery,Earrings,Hoop Earrings,Zinc,Golden,,5.99,/232/52/211629_GD_1,211629_GD_1.jpg,none,,,,,,
211635_GD,211635,Earring Golden Basics Gold,_GD,Gold,Jewellery,Earrings,Drop,Copper; Iron,Golden,,8.99,/232/52/211635_GD_1,211635_GD_1.jpg,none,,,,,,
211646_GD,211646,Necklace Golden Basics Gold,_GD,Gold,Jewellery,Necklaces,Pendant,Brass; Iron,Golden,,12.99,/232/52/211646_GD_1,211646_GD_1.jpg,none,,,,,,
211669_DM,211669,Bracelet FLORABUNDANCE Dark Multicolor,_DM,Dark Multicolor,Jewellery,Bracelets,Elastic Bracelet,Resin; Thermoplastic Polyurethane; Zinc,Golden,,6.99,/232/52/211669_DM_1,211669_DM_1.jpg,none,,,,,,
211675_BK,211675,Ring FLORABUNDANCE Black,_BK,Black,Jewellery,Rings,Band Ring,Enamel; Zinc,Golden,,5.99,/232/52/211675_BK_1,211675_BK_1.jpg,none,,,,,,
211682_DM,211682,Earring FLORABUNDANCE Dark Multicolor,_DM,Dark Multicolor,Jewellery,Earrings,Hoop Earrings,Acrylic; Iron,Golden,,8.99,/232/52/211682_DM_1,211682_DM_1.jpg,none,,,,,,
211715_DM,211715,Earring FLORABUNDANCE Dark Multicolor,_DM,Dark Multicolor,Jewellery,Earrings,Hoop Earrings,Acrylic; Iron,Golden,,7.99,/232/52/211715_DM_1,211715_DM_1.jpg,none,,,,,,
211723_DM,211723,Bracelet FLORABUNDANCE Dark Multicolor,_DM,Dark Multicolor,Jewellery,Bracelets,Elastic Bracelet,Brass; Enamel; Iron,Worn Gold,,7.99,/232/52/211723_DM_1,211723_DM_1.jpg,none,,,,,,
2117251GN,211725,Earring EXPEDITION Green,1GN,Green,Jewellery,Earrings,Stud,Resin; Zinc,Worn Gold,,5.99,/232/52/2117251GN_1,2117251GN_1.jpg,none,,,,,,
211732_BL,211732,Ring FLORABUNDANCE Blue,_BL,Blue,Jewellery,Rings,Band Ring,Enamel; Zinc,Golden,,5.99,/232/52/211732_BL_1,211732_BL_1.jpg,none,,,,,,
211754_GN,211754,Ring FLORABUNDANCE Green,_GN,Green,Jewellery,Rings,Fantasy,Resin,Other,,8.99,/232/52/211754_GN_1,211754_GN_1.jpg,none,,,,,,
211762_OR,211762,Earring FLORABUNDANCE Orange,_OR,Orange,Jewellery,Earrings,Dangle,Enamel; Steel; Zinc,Worn Gold,,4.99,/232/52/211762_OR_1,211762_OR_1.jpg,none,,,,,,
211770_DM,211770,Earring FLORABUNDANCE Dark Multicolor,_DM,Dark Multicolor,Jewellery,Earrings,Dangle,Brass; Iron; Resin,Worn Gold,,9.99,/232/52/211770_DM_1,211770_DM_1.jpg,none,,,,,,
211781_GD,211781,Necklace GLDN DEL Gold,_GD,Gold,Jewellery,Necklaces,Beaded Necklace,Brass; Iron; Zirconium,Golden,,12.99,/232/52/211781_GD_1,211781_GD_1.jpg,none,,,,,,
211781_SV,211781,Necklace SILVER D Silver,_SV,Silver,Jewellery,Necklaces,Beaded Necklace,Brass; Iron; Zirconium,Rodhium,,12.99,/232/52/211781_SV_1,211781_SV_1.jpg,none,,,,,,
211789_SV,211789,Necklace SILVER D Silver,_SV,Silver,Jewellery,Necklaces,Pendant,Copper; Iron; Zirconium,,,9.99,/232/52/211789_SV_1,211789_SV_1.jpg,none,,,,,,
211802_GD,211802,Earring GLDN DEL Gold,_GD,Gold,Jewellery,Earrings,Stud,Zinc,Golden,,4.99,/232/52/211802_GD_1,211802_GD_1.jpg,none,,,,,,
211802_SV,211802,Earring SILVER D Silver,_SV,Silver,Jewellery,Earrings,Stud,Zinc,Golden,,4.99,/232/52/211802_SV_1,211802_SV_1.jpg,none,,,,,,
211901_TL,211901,Earring TREND Teal,_TL,Teal,Jewellery,Earrings,Dangle,Iron; Resin,Golden,,12.99,/232/52/211901_TL_1,211901_TL_1.jpg,none,,,,,,
211906_GD,211906,Necklace TREND Gold,_GD,Gold,Jewellery,Necklaces,Collar,Iron; Zinc,Worn Gold,,17.99,/232/52/211906_GD_1,211906_GD_1.jpg,none,,,,,,
211916_PE,211916,Set of Necklaces TREND Pearl,_PE,Pearl,Jewellery,Necklaces,Pendant,Iron; Metal and Cord; Thermoplastic Polyurethane; Zinc,Golden,,15.99,/232/52/211916_PE_1,211916_PE_1.jpg,none,,,,,,
211922_HM,211922,Earring TREND Halftone Multicolor,_HM,Halftone Multicolor,Jewellery,Earrings,Stud,Acrylic; Zinc,Rose Gold,,12.99,/232/52/211922_HM_1,211922_HM_1.jpg,none,,,,,,
211922_NV,211922,Earring STARRYNIGHT Navy,_NV,Navy,Jewellery,Earrings,Stud,Acrylic; Zinc,Rose Gold,,12.99,/232/52/211922_NV_1,211922_NV_1.jpg,none,,,,,,
211926_PE,211926,Necklace TREND Pearl,_PE,Pearl,Jewellery,Necklaces,Beaded Necklace,Acrylic; Brass; Iron,Golden,,15.99,/232/52/211926_PE_1,211926_PE_1.jpg,none,,,,,,
211932_PU,211932,Earring TREND Purple,_PU,Purple,Jewellery,Earrings,Stud,Acrylic; Glass,Other,,12.99,/232/52/211932_PU_1,211932_PU_1.jpg,none,,,,,,
211938_GD,211938,Set of Necklaces TREND Gold,_GD,Gold,Jewellery,Necklaces,Collar,Brass; Zinc,Golden,,17.99,/232/52/211938_GD_1,211938_GD_1.jpg,none,,,,,,
211953_HM,211953,Earring BHLOTUS Halftone Multicolor,_HM,Halftone Multicolor,Jewellery,Earrings,Hoop Earrings,Brass; Stone,Golden,,7.99,/232/52/211953_HM_1,211953_HM_1.jpg,none,,,,,,
211963_BM,211963,Earring TREND Bright Multicolor,_BM,Bright Multicolor,Jewellery,Earrings,Hoop Earrings,Acrylic; Ceramic; Resin; Zinc,Golden,,9.99,/232/52/211963_BM_1,211963_BM_1.jpg,none,,,,,,
211968_HM,211968,Set of Earrings BHLOTUS Halftone Multicolor,_HM,Halftone Multicolor,Jewellery,Earrings,Hoop Earrings,Iron; Stone; Zinc,Golden,,8.99,/232/52/211968_HM_1,211968_HM_1.jpg,none,,,,,,
211975_HM,211975,Set of Necklaces BHLOTUS Halftone Multicolor,_HM,Halftone Multicolor,Jewellery,Necklaces,Beaded Necklace,Acrylic; Brass; Cotton; Iron; Pearl; Thermoplastic Polyurethane,Golden,,15.99,/232/52/211975_HM_1,211975_HM_1.jpg,none,,,,,,
211986_HM,211986,Bracelet BHLOTUS Halftone Multicolor,_HM,Halftone Multicolor,Jewellery,Bracelets,Elastic Bracelet,Elastane; Resin; Stone; Thermoplastic Polyurethane; Zinc,Brushed Golden,,5.99,/232/52/211986_HM_1,211986_HM_1.jpg,none,,,,,,
211992_HM,211992,Earring BHLOTUS Halftone Multicolor,_HM,Halftone Multicolor,Jewellery,Earrings,Stud,Resin; Stone; Zinc,Golden,,4.99,/232/52/211992_HM_1,211992_HM_1.jpg,none,,,,,,
211999_HM,211999,Necklace BHLOTUS Halftone Multicolor,_HM,Halftone Multicolor,Jewellery,Necklaces,Collar,Cow Leather; Iron; Thermoplastic Polyurethane,Brushed Golden,,10.99,/232/52/211999_HM_1,211999_HM_1.jpg,none,,,,,,
212005_HM,212005,Earring BHLOTUS Halftone Multicolor,_HM,Halftone Multicolor,Jewellery,Earrings,Stud,Iron; Metal Fitting; Resin,Golden,,5.99,/232/52/212005_HM_1,212005_HM_1.jpg,none,,,,,,
212013_GD,212013,Earring GLDN DEL Gold,_GD,Gold,Jewellery,Earrings,Hoop Earrings,Acrylic; Pearl; Thermoplastic Polyurethane; Zinc,Golden,,8.99,/232/52/212013_GD_1,212013_GD_1.jpg,none,,,,,,
212013_SV,212013,Earring SILVER D Silver,_SV,Silver,Jewellery,Earrings,Hoop Earrings,Acrylic; Pearl; Thermoplastic Polyurethane; Zinc,Rodhium,,8.99,/232/52/212013_SV_1,212013_SV_1.jpg,none,,,,,,
212014_PE,212014,Earring GLDN DEL Pearl,_PE,Pearl,Jewellery,Earrings,Dangle,Iron; Pearl; Zinc,Golden,,8.99,/232/52/212014_PE_1,212014_PE_1.jpg,none,,,,,,
212023_SV,212023,Necklace SILVER D Silver,_SV,Silver,Jewellery,Necklaces,Pendant,Brass; Iron; Zinc,,,9.99,/232/52/212023_SV_1,212023_SV_1.jpg,none,,,,,,
212078_BL,212078,Earring DEGRADE Blue,_BL,Blue,Jewellery,Earrings,Stud,Acrylic; Zinc,Golden,,5.99,/232/52/212078_BL_1,212078_BL_1.jpg,none,,,,,,
212078_NV,212078,Earring STARRYNIGHT Navy,_NV,Navy,Jewellery,Earrings,Stud,Acrylic; Zinc,Other,,5.99,/232/52/212078_NV_2y,212078_NV_2y.jpg,none,,,,,,
212085_OR,212085,Earring DEGRADE Orange,_OR,Orange,Jewellery,Earrings,Dangle,Glass; Iron,Golden,,9.99,/232/52/212085_OR_1,212085_OR_1.jpg,none,,,,,,
212240_BM,212240,Earring GUARANI VIBES Bright Multicolor,_BM,Bright Multicolor,Jewellery,Earrings,Hoop Earrings,Acrylic; Iron,Golden,,7.99,/232/52/212240_BM_1,212240_BM_1.jpg,none,,,,,,
212246_BM,212246,Bracelet GUARANI VIBES Bright Multicolor,_BM,Bright Multicolor,Jewellery,Bracelets,Elastic Bracelet,Acrylic; Iron; Resin,Brushed Golden,,9.99,/232/52/212246_BM_1,212246_BM_1.jpg,none,,,,,,
212279_HM,212279,Bracelet GUARANI VIBES Halftone Multicolor,_HM,Halftone Multicolor,Jewellery,Bracelets,Adjustable Bracelet,Brass; Resin; Zinc,Brushed Golden,,7.99,/232/52/212279_HM_1,212279_HM_1.jpg,none,,,,,,
212289_BM,212289,Earring GUARANI VIBES Bright Multicolor,_BM,Bright Multicolor,Jewellery,Earrings,Stud,Enamel; Zinc,Golden,,5.99,/232/52/212289_BM_1,212289_BM_1.jpg,none,,,,,,
212296_LB,212296,Earring GUARANI VIBES Light Blue,_LB,Light Blue,Jewellery,Earrings,Hoop Earrings,Iron; Stone; Thermoplastic Polyurethane; Zinc,Golden,,4.99,/232/52/212296_LB_1,212296_LB_1.jpg,none,,,,,,
212302_BM,212302,Bracelet GUARANI VIBES Bright Multicolor,_BM,Bright Multicolor,Jewellery,Bracelets,Elastic Bracelet,Pearl; Resin; Thermoplastic Polyurethane,Brushed Golden,,6.99,/232/52/212302_BM_1,212302_BM_1.jpg,none,,,,,,
212315_TO,212315,Necklace GUARANI VIBES Pastel Orange,_TO,Pastel Orange,Jewellery,Necklaces,Pendant,Brass; Glass; Iron; Resin,Brushed Golden,,10.99,/232/52/212315_TO_1,212315_TO_1.jpg,none,,,,,,
212321_BM,212321,Bracelet GUARANI VIBES Bright Multicolor,_BM,Bright Multicolor,Jewellery,Bracelets,Elastic Bracelet,Acrylic; Iron; Resin; Thermoplastic Polyurethane,Brushed Golden,,7.99,/232/52/212321_BM_1,212321_BM_1.jpg,none,,,,,,
212392_GD,212392,Necklace GOLD PLATED COLLECTION Gold,_GD,Gold,Jewellery,Necklaces,Beaded Necklace,Brass,Gold Plated,,45.99,/232/52/212392_GD_1,212392_GD_1.jpg,none,,,,,,
212414_PU,212414,Earring SPARKLING EARRINGS Purple,_PU,Purple,Jewellery,Earrings,Stud,Brass; Zirconium,Black Nikel,,19.99,/232/52/212414_PU_1,212414_PU_1.jpg,none,,,,,,
212435_BU,212435,Earring ORPHIC Burgundy,_BU,Burgundy,Jewellery,Earrings,Dangle,Iron; Resin; Zinc,Golden,,4.99,/232/52/212435_BU_1,212435_BU_1.jpg,none,,,,,,
212442_HM,212442,Earring ORPHIC Halftone Multicolor,_HM,Halftone Multicolor,Jewellery,Earrings,Hoop Earrings,Iron; Resin,Golden,,5.99,/232/52/212442_HM_1,212442_HM_1.jpg,none,,,,,,
212474_HM,212474,Ring EXPEDITION Halftone Multicolor,_HM,Halftone Multicolor,Jewellery,Rings,Fantasy,Acrylic; Zinc,Golden,,5.99,/232/52/212474_HM_1,212474_HM_1.jpg,none,,,,,,
212498_HM,212498,Earring ORPHIC Halftone Multicolor,_HM,Halftone Multicolor,Jewellery,Earrings,Hoop Earrings,Acrylic; Iron; Resin; Stone,Golden,,7.99,/232/52/212498_HM_1,212498_HM_1.jpg,none,,,,,,
212508_HM,212508,Earring ORPHIC Halftone Multicolor,_HM,Halftone Multicolor,Jewellery,Earrings,Dangle,Acrylic; Brass; Iron,Golden,,8.99,/232/52/212508_HM_1,212508_HM_1.jpg,none,,,,,,
212529_GN,212529,Earring EXPEDITION Green,_GN,Green,Jewellery,Earrings,Hoop Earrings,Glass; Zinc,Golden,,5.99,/232/52/212529_GN_1,212529_GN_1.jpg,none,,,,,,
2125490HM,212549,Necklace VENDREDI Halftone Multicolor,0HM,Halftone Multicolor,Jewellery,Necklaces,Beaded Necklace,Acrylic; Brass,,,10.99,/241/52/2125490HM_1,2125490HM_1.jpg,none,,,,,,
212549_HM,212549,Necklace EXPEDITION Halftone Multicolor,_HM,Halftone Multicolor,Jewellery,Necklaces,Beaded Necklace,Acrylic; Brass,Golden,,10.99,/232/52/212549_HM_1,212549_HM_1.jpg,none,,,,,,
212550_HM,212550,Earring EXPEDITION Halftone Multicolor,_HM,Halftone Multicolor,Jewellery,Earrings,Hoop Earrings,Acrylic; Iron; Thermoplastic Polyurethane; Zinc,Worn Gold,,5.99,/232/52/212550_HM_1,212550_HM_1.jpg,none,,,,,,
212556_DN,212556,Necklace EXPEDITION Dark Green,_DN,Dark Green,Jewellery,Necklaces,Pendant,Glass; Metal and Cord; Metallic Fiber,Worn Gold,,12.99,/232/52/212556_DN_1,212556_DN_1.jpg,none,,,,,,
212563_GN,212563,Set of Earrings EXPEDITION Green,_GN,Green,Jewellery,Earrings,Hoop Earrings,Brass; Glass; Zinc,Golden,,5.99,/232/52/212563_GN_1,212563_GN_1.jpg,none,,,,,,
212574_HM,212574,Necklace EXPEDITION Halftone Multicolor,_HM,Halftone Multicolor,Jewellery,Necklaces,Pendant,Iron; Resin,Worn Rose God,,10.99,/232/52/212574_HM_1,212574_HM_1.jpg,none,,,,,,
212587_HM,212587,Necklace EXPEDITION Halftone Multicolor,_HM,Halftone Multicolor,Jewellery,Necklaces,Beaded Necklace,Copper; Iron; Thermoplastic Polyurethane,Worn Gold,,12.99,/232/52/212587_HM_1,212587_HM_1.jpg,none,,,,,,
212595_YL,212595,Necklace FLOWER BEADS Yellow,_YL,Yellow,Jewellery,Necklaces,Beaded Necklace,Glass; Iron; Zinc,Golden,,45.99,/232/52/212595_YL_1,212595_YL_1.jpg,none,,,,,,
212599_IV,212599,Earring FLOWER BEADS Ivory,_IV,Ivory,Jewellery,Earrings,Drop,Glass; Iron; Zinc,Golden,,23.99,/232/52/212599_IV_1,212599_IV_1.jpg,none,,,,,,
212599_PU,212599,Earring FLOWER BEADS Purple,_PU,Purple,Jewellery,Earrings,Drop,Glass; Iron; Zinc,Golden,,23.99,/232/52/212599_PU_1,212599_PU_1.jpg,none,,,,,,
212599_YL,212599,Earring FLOWER BEADS Yellow,_YL,Yellow,Jewellery,Earrings,Drop,Glass; Iron; Zinc,Golden,,23.99,/232/52/212599_YL_1,212599_YL_1.jpg,none,,,,,,
212609_BM,212609,Earring THE COUPLE Bright Multicolor,_BM,Bright Multicolor,Jewellery,Earrings,Dangle,Glass; Steel,Golden,,17.99,/232/52/212609_BM_1,212609_BM_1.jpg,none,,,,,,
212648_HM,212648,Ring ORPHIC Halftone Multicolor,_HM,Halftone Multicolor,Jewellery,Rings,Cocktail,Enamel; Zinc,Golden,,5.99,/232/52/212648_HM_1,212648_HM_1.jpg,none,,,,,,
212667_GD,212667,Earring GOLDEN BASICS Gold,_GD,Gold,Jewellery,Earrings,Dangle,Iron; Zinc,Brushed Golden,,5.99,/232/52/212667_GD_1,212667_GD_1.jpg,none,,,,,,
212674_GD,212674,Earring Golden Basics Gold,_GD,Gold,Jewellery,Earrings,Dangle,Iron,Brushed Golden,,7.99,/232/52/212674_GD_1,212674_GD_1.jpg,none,,,,,,
212683_GD,212683,Ring Golden Basics Gold,_GD,Gold,Jewellery,Rings,Band Ring,Glass; Zinc,Golden,,5.99,/232/52/212683_GD_1,212683_GD_1.jpg,none,,,,,,
212688_HM,212688,Necklace ORPHIC Halftone Multicolor,_HM,Halftone Multicolor,Jewellery,Necklaces,Collar,Acrylic; Iron; Resin; Zinc,Brushed Golden,,17.99,/232/52/212688_HM_1,212688_HM_1.jpg,none,,,,,,
212715_HM,212715,Bracelet ORPHIC Halftone Multicolor,_HM,Halftone Multicolor,Jewellery,Bracelets,Elastic Bracelet,Acrylic; Glass; Iron; Stone,Golden,,6.99,/232/52/212715_HM_1,212715_HM_1.jpg,none,,,,,,
212756_GD,212756,Necklace Golden Basics Gold,_GD,Gold,Jewellery,Necklaces,Pendant,Iron; Zinc,,,10.99,/232/52/212756_GD_1,212756_GD_1.jpg,none,,,,,,
212830_SV,212830,Earring SILVER D Silver,_SV,Silver,Jewellery,Earrings,Stud,Acrylic; Zinc,Golden,,4.99,/232/52/212830_SV_1,212830_SV_1.jpg,none,,,,,,
212831_SV,212831,Earring SILVER D Silver,_SV,Silver,Jewellery,Earrings,Dangle,Brass; Iron,Silver,,4.99,/232/52/212831_SV_1,212831_SV_1.jpg,none,,,,,,
212850_SV,212850,Earring SILVER D Silver,_SV,Silver,Jewellery,Earrings,Ear Cuff,Glass; Iron; Zamac,Rodhium,,9.99,/232/52/212850_SV_1,212850_SV_1.jpg,none,,,,,,
212859_MI,212859,Ring mulstone Midnight Blue,_MI,Midnight Blue,Jewellery,Rings,Band Ring,Enamel; Zinc,Golden,,8.99,/232/52/212859_MI_1,212859_MI_1.jpg,none,,,,,,
212946_BK,212946,Set of Earrings ECLIPSE Black,_BK,Black,Jewellery,Earrings,Stud,Copper; Glass; Iron; Zamac,Golden,,9.99,/232/52/212946_BK_1,212946_BK_1.jpg,none,,,,,,
212952_HM,212952,Necklace mulstone Halftone Multicolor,_HM,Halftone Multicolor,Jewellery,Necklaces,Pendant,Acrylic; Iron; Thermoplastic Polyurethane; Zinc,Golden,,10.99,/232/52/212952_HM_1,212952_HM_1.jpg,none,,,,,,
212978_HM,212978,Earring mulstone Halftone Multicolor,_HM,Halftone Multicolor,Jewellery,Earrings,Dangle,Acrylic; Iron; Polyester; Resin; Stone,Golden,,8.99,/232/52/212978_HM_1,212978_HM_1.jpg,none,,,,,,
212991_HM,212991,Necklace mulstone Halftone Multicolor,_HM,Halftone Multicolor,Jewellery,Necklaces,Pendant,Acrylic; Brass; Iron; Stone,Golden,,12.99,/232/52/212991_HM_1,212991_HM_1.jpg,none,,,,,,
212998_HM,212998,Necklace mulstone Halftone Multicolor,_HM,Halftone Multicolor,Jewellery,Necklaces,Pendant,Brass; Cotton; Iron; Resin; Stone; Zinc,Golden,,12.99,/232/52/212998_HM_1,212998_HM_1.jpg,none,,,,,,
213004_HM,213004,Earring mulstone Halftone Multicolor,_HM,Halftone Multicolor,Jewellery,Earrings,Hoop Earrings,Acrylic; Stone; Zinc,Golden,,7.99,/232/52/213004_HM_1,213004_HM_1.jpg,none,,,,,,
213011_HM,213011,Earring mulstone Halftone Multicolor,_HM,Halftone Multicolor,Jewellery,Earrings,Hoop Earrings,Acrylic; Ceramic; Glass; Iron; Pearl; Stone,Golden,,7.99,/232/52/213011_HM_1,213011_HM_1.jpg,none,,,,,,
213070_BK,213070,Earring ECLIPSE Black,_BK,Black,Jewellery,Earrings,Dangle,Enamel; Iron,Golden,,5.99,/232/52/213070_BK_1,213070_BK_1.jpg,none,,,,,,
213076_BK,213076,Earring ECLIPSE Black,_BK,Black,Jewellery,Earrings,Stud,Glass; Zinc,Golden,,4.99,/232/52/213076_BK_1,213076_BK_1.jpg,none,,,,,,
213082_BK,213082,Earring ECLIPSE Black,_BK,Black,Jewellery,Earrings,Hoop Earrings,Iron; Resin,Golden,,5.99,/232/52/213082_BK_1,213082_BK_1.jpg,none,,,,,,
213084_BK,213084,Necklace ECLIPSE Black,_BK,Black,Jewellery,Necklaces,Pendant,Polyester; Zinc,Brushed Golden,,10.99,/232/52/213084_BK_1,213084_BK_1.jpg,none,,,,,,
213084_SV,213084,Necklace SHADES OF COOL Silver,_SV,Silver,Jewellery,Necklaces,Pendant,Polyester; Zinc,,,10.99,/232/52/213084_SV_1,213084_SV_1.jpg,none,,,,,,
213089_BK,213089,Bracelet ECLIPSE Black,_BK,Black,Jewellery,Bracelets,Elastic Bracelet,Resin; Thermoplastic Polyurethane; Zinc,Golden,,9.99,/232/52/213089_BK_1,213089_BK_1.jpg,none,,,,,,
213101_BK,213101,Necklace ECLIPSE Black,_BK,Black,Jewellery,Necklaces,Pendant,Copper; Enamel; Glass; Iron; Zinc,Brushed Golden,,12.99,/232/52/213101_BK_1,213101_BK_1.jpg,none,,,,,,
213110_BK,213110,Earring ECLIPSE Black,_BK,Black,Jewellery,Earrings,Hoop Earrings,Glass; Zinc,Golden,,5.99,/232/52/213110_BK_1,213110_BK_1.jpg,none,,,,,,
213115_BK,213115,Necklace ECLIPSE Black,_BK,Black,Jewellery,Necklaces,Beaded Necklace,Brass; Glass; Iron; Thermoplastic Polyurethane,Golden,,10.99,/232/52/213115_BK_1,213115_BK_1.jpg,none,,,,,,
213135_BK,213135,Bracelet ECLIPSE Black,_BK,Black,Jewellery,Bracelets,Adjustable Bracelet,Iron; Stone; Thermoplastic Polyurethane,Golden,,7.99,/232/52/213135_BK_1,213135_BK_1.jpg,none,,,,,,
213145_GD,213145,Earring ECLIPSE Gold,_GD,Gold,Jewellery,Earrings,Hoop Earrings,Brass; Zinc; Zirconium,Brushed Golden,,7.99,/232/52/213145_GD_1,213145_GD_1.jpg,none,,,,,,
213153_BK,213153,Set of Rings ECLIPSE Black,_BK,Black,Jewellery,Rings,Band Ring,Brass; Zirconium,Golden,,5.99,/232/52/213153_BK_1,213153_BK_1.jpg,none,,,,,,
213732_GD,213732,Earring TREND Gold,_GD,Gold,Jewellery,Earrings,Dangle,Zinc,Worn Gold,,9.99,/232/52/213732_GD_1,213732_GD_1.jpg,none,,,,,,
213742_PE,213742,Earring TREND Pearl,_PE,Pearl,Jewellery,Earrings,Hoop Earrings,Acrylic; Iron; Zinc,Worn Gold,,12.99,/232/52/213742_PE_1,213742_PE_1.jpg,none,,,,,,
213749_PE,213749,Set of Necklaces TREND Pearl,_PE,Pearl,Jewellery,Necklaces,Pendant,Acrylic; Iron; Pearl; Zinc,Worn Gold,,15.99,/232/52/213749_PE_1,213749_PE_1.jpg,none,,,,,,
213756_GD,213756,Earring TREND Gold,_GD,Gold,Jewellery,Earrings,Drop,Zinc,Worn Gold,,9.99,/232/52/213756_GD_1,213756_GD_1.jpg,none,,,,,,
213801_HM,213801,Earring ULTRAVIO Halftone Multicolor,_HM,Halftone Multicolor,Jewellery,Earrings,Hoop Earrings,Acrylic; Zinc,Worn Gold,,7.99,/232/52/213801_HM_1,213801_HM_1.jpg,none,,,,,,
213807_HM,213807,Earring ULTRAVIO Halftone Multicolor,_HM,Halftone Multicolor,Jewellery,Earrings,Dangle,Acrylic; Iron,Worn Gold,,8.99,/232/52/213807_HM_1,213807_HM_1.jpg,none,,,,,,
213815_HM,213815,Earring ULTRAVIO Halftone Multicolor,_HM,Halftone Multicolor,Jewellery,Earrings,Hoop Earrings,Brass; Iron; Resin; Stone,Worn Gold,,5.99,/232/52/213815_HM_1,213815_HM_1.jpg,none,,,,,,
213822_PU,213822,Bracelet ULTRAVIO Purple,_PU,Purple,Jewellery,Bracelets,Elastic Bracelet,Glass; Thermoplastic Polyurethane,Worn Gold,,5.99,/232/52/213822_PU_1,213822_PU_1.jpg,none,,,,,,
213885_HM,213885,Set of Earrings KISS MIX&MATCH Halftone Multicolor,_HM,Halftone Multicolor,Jewellery,Earrings,Hoop Earrings,Enamel; Zinc,Golden,,7.99,/232/52/213885_HM_1,213885_HM_1.jpg,none,,,,,,
213898_GD,213898,Set of Earrings KISS MIX&MATCH Gold,_GD,Gold,Jewellery,Earrings,Hoop Earrings,Brass; Zirconium,Golden,,6.99,/232/52/213898_GD_1,213898_GD_1.jpg,none,,,,,,
213909_HM,213909,Earring KISS MIX&MATCH Halftone Multicolor,_HM,Halftone Multicolor,Jewellery,Earrings,Hoop Earrings,Copper; Enamel; Iron; Zamac,Golden,,8.99,/232/52/213909_HM_1,213909_HM_1.jpg,none,,,,,,
213915_DM,213915,Necklace FLORABUNDANCE Dark Multicolor,_DM,Dark Multicolor,Jewellery,Necklaces,Beaded Necklace,Resin; Zinc,Golden,,12.99,/232/52/213915_DM_1,213915_DM_1.jpg,none,,,,,,
213922_HM,213922,Jewellery KISS MIX&MATCH Halftone Multicolor,_HM,Halftone Multicolor,Jewellery,Charms,Letter,Copper; Zirconium,Golden,,7.99,/232/52/213922_HM_1,213922_HM_1.jpg,none,,,,,,
213936_DM,213936,Bracelet FLORABUNDANCE Dark Multicolor,_DM,Dark Multicolor,Jewellery,Bracelets,Elastic Bracelet,Iron; Resin,Golden,,9.99,/232/52/213936_DM_1,213936_DM_1.jpg,none,,,,,,
213979_NV,213979,Earring KISS MIX&MATCH Navy,_NV,Navy,Jewellery,Earrings,Hoop Earrings,Brass; Zirconium,Golden,,5.99,/232/52/213979_NV_1,213979_NV_1.jpg,none,,,,,,
213988_HM,213988,Set of Earrings KISS MIX&MATCH Halftone Multicolor,_HM,Halftone Multicolor,Jewellery,Earrings,Hoop Earrings,Brass; Enamel,Golden,,6.99,/232/52/213988_HM_1,213988_HM_1.jpg,none,,,,,,
214011_HM,214011,Jewellery KISS MIX&MATCH Halftone Multicolor,_HM,Halftone Multicolor,Jewellery,Charms,Symbol,Enamel; Iron; Zinc,Golden,,5.99,/232/52/214011_HM_1,214011_HM_1.jpg,none,,,,,,
214018_BL,214018,Earring STARRYNIGHT Blue,_BL,Blue,Jewellery,Earrings,Dangle,Iron; Thermoplastic Polyurethane; Zinc,Black Plating,,7.99,/232/52/214018_BL_1,214018_BL_1.jpg,none,,,,,,
214045_BM,214045,Earring STARRYNIGHT Bright Multicolor,_BM,Bright Multicolor,Jewellery,Earrings,Hoop Earrings,Enamel; Zinc,Golden,,7.99,/232/52/214045_BM_1,214045_BM_1.jpg,none,,,,,,
214058_BM,214058,Necklace STARRYNIGHT Bright Multicolor,_BM,Bright Multicolor,Jewellery,Necklaces,Collar,Acrylic; Iron,Black Plating,,17.99,/232/52/214058_BM_2y,214058_BM_2y.jpg,none,,,,,,
214066_BM,214066,Earring STARRYNIGHT Bright Multicolor,_BM,Bright Multicolor,Jewellery,Earrings,Dangle,Acrylic; Iron,Black Plating,,12.99,/232/52/214066_BM_1,214066_BM_1.jpg,none,,,,,,
214117_BL,214117,Ring GUMMY PARTY Blue,_BL,Blue,Jewellery,Rings,Stone/Gem,Brass; Zirconium,Golden,,6.99,/232/52/214117_BL_1,214117_BL_1.jpg,none,,,,,,
214117_GN,214117,Ring GUMMY PARTY Green,_GN,Green,Jewellery,Rings,Stone/Gem,Brass; Zirconium,Golden,,6.99,/232/52/214117_GN_1,214117_GN_1.jpg,none,,,,,,
214119_BL,214119,Ring GUMMY PARTY Blue,_BL,Blue,Jewellery,Rings,Stone/Gem,Brass; Zirconium,Golden,,6.99,/232/52/214119_BL_1,214119_BL_1.jpg,none,,,,,,
214122_GN,214122,Necklace NEOPOP Green,_GN,Green,Jewellery,Necklaces,Choker,Brass; Glass; Polyester,Golden,,12.99,/242/52/214122_GN_1,214122_GN_1.jpg,none,,,,,,
214125_GN,214125,Earring GUMMY PARTY Green,_GN,Green,Jewellery,Earrings,Dangle,Rubber; Zinc,Brushed Golden,,7.99,/232/52/214125_GN_1,214125_GN_1.jpg,none,,,,,,
214136_BM,214136,Earring GUMMY PARTY Bright Multicolor,_BM,Bright Multicolor,Jewellery,Earrings,Dangle,Glass; Iron; Polymer,Golden,,8.99,/232/52/214136_BM_1,214136_BM_1.jpg,none,,,,,,
214140_BL,214140,Necklace GUMMY PARTY Blue,_BL,Blue,Jewellery,Necklaces,Pendant,Glass; Iron; Polyester; Thermoplastic Polyurethane,Golden,,15.99,/232/52/214140_BL_1,214140_BL_1.jpg,none,,,,,,
214140_GN,214140,Necklace GUMMY PARTY Green,_GN,Green,Jewellery,Necklaces,Pendant,Glass; Iron; Polyester; Thermoplastic Polyurethane,Golden,,15.99,/232/52/214140_GN_1,214140_GN_1.jpg,none,,,,,,
214146_BL,214146,Earring GUMMY PARTY Blue,_BL,Blue,Jewellery,Earrings,Dangle,Iron; Thermoplastic Polyurethane,Brushed Golden,,5.99,/232/52/214146_BL_1,214146_BL_1.jpg,none,,,,,,
214154_BG,214154,Jewellery Box FASHION SUPPLEMENTS Beige,_BG,Beige,Jewellery,Other Jewellery,Jewellery Box,MDF; Polyester; Polyurethane,Golden,,15.99,/232/52/214154_BG_1,214154_BG_1.jpg,none,,,,,,
214161_BM,214161,Necklace ORPHIC Bright Multicolor,_BM,Bright Multicolor,Jewellery,Necklaces,Chain,Acrylic; Iron; Resin; Stone,Golden,,12.99,/232/52/214161_BM_2y,214161_BM_2y.jpg,none,,,,,,
214168_HM,214168,Earring ORPHIC Halftone Multicolor,_HM,Halftone Multicolor,Jewellery,Earrings,Hoop Earrings,Iron; Stone,Golden,,5.99,/232/52/214168_HM_1,214168_HM_1.jpg,none,,,,,,
214185_HM,214185,Set of Necklaces mulstone Halftone Multicolor,_HM,Halftone Multicolor,Jewellery,Necklaces,Pendant,Glass; Iron; Stone; Zinc,Golden,,12.99,/232/52/214185_HM_1,214185_HM_1.jpg,none,,,,,,
214202_MI,214202,Earring mulstone Midnight Blue,_MI,Midnight Blue,Jewellery,Earrings,Dangle,Stone; Zinc,Light Golden,,4.99,/232/52/214202_MI_1,214202_MI_1.jpg,none,,,,,,
214213_HM,214213,Earring mulstone Halftone Multicolor,_HM,Halftone Multicolor,Jewellery,Earrings,Hoop Earrings,Acrylic; Iron; Stone; Zinc,Golden,,7.99,/232/52/214213_HM_1,214213_HM_1.jpg,none,,,,,,
214246_BL,214246,Earring GUMMY PARTY Blue,_BL,Blue,Jewellery,Earrings,Drop,Clay; Glass; Iron,Golden,,5.99,/232/52/214246_BL_1,214246_BL_1.jpg,none,,,,,,
2143921MI,214392,Necklace Moonlight azure Midnight Blue,1MI,Midnight Blue,Jewellery,Necklaces,Pendant,Polyester; Thermoplastic Polyurethane,Golden,,10.99,/232/52/2143921MI_1,2143921MI_1.jpg,none,,,,,,
214405_MI,214405,Earring Moonlight azure Midnight Blue,_MI,Midnight Blue,Jewellery,Earrings,Hoop Earrings,Glass; Iron,Golden,,7.99,/232/52/214405_MI_1,214405_MI_1.jpg,none,,,,,,
214468_TL,214468,Necklace CANICHE CAMPAIGN Teal,_TL,Teal,Jewellery,Necklaces,Beaded Necklace,Glass; Iron,Golden,,45.99,/232/52/214468_TL_1,214468_TL_1.jpg,none,,,,,,
214527_MI,214527,Earring Moonlight azure Midnight Blue,_MI,Midnight Blue,Jewellery,Earrings,Dangle,Glass,Other,,9.99,/232/52/214527_MI_1,214527_MI_1.jpg,none,,,,,,
214532_MI,214532,Necklace Moonlight azure Midnight Blue,_MI,Midnight Blue,Jewellery,Necklaces,Pendant,Enamel; Glass; Iron; Zamac,Golden,,12.99,/232/52/214532_MI_2y,214532_MI_2y.jpg,none,,,,,,
214716_HM,214716,Necklace TREND Halftone Multicolor,_HM,Halftone Multicolor,Jewellery,Necklaces,Collar,Enamel; Glass; Iron; Zinc,Golden,,22.99,/232/52/214716_HM_1,214716_HM_1.jpg,none,,,,,,
214915_BK,214915,Earring Hallo Black,_BK,Black,Jewellery,Earrings,Hoop Earrings,Glass; Iron; Metal and Cord; Thermoplastic Polyurethane,Golden,,17.99,/232/52/214915_BK_1,214915_BK_1.jpg,none,,,,,,
214923_BK,214923,Earring Hallo Black,_BK,Black,Jewellery,Earrings,Dangle,Brass; Glass; Steel; Zinc,Black Nikel,,15.99,/232/52/214923_BK_1,214923_BK_1.jpg,none,,,,,,
215106_NV,215106,Earring STARRYNIGHT Navy,_NV,Navy,Jewellery,Earrings,Dangle,Acrylic,Black Nikel,,8.99,/232/52/215106_NV_1,215106_NV_1.jpg,none,,,,,,
215113_BM,215113,Earring STARRYNIGHT Bright Multicolor,_BM,Bright Multicolor,Jewellery,Earrings,Dangle,Copper; Glass,Black Nikel,,12.99,/232/52/215113_BM_1,215113_BM_1.jpg,none,,,,,,
215483_GD,215483,Earring Maxi nov Gold,_GD,Gold,Jewellery,Earrings,Dangle,Glass; Iron,Golden,,19.99,/232/52/215483_GD_1,215483_GD_1.jpg,none,,,,,,
215523_GD,215523,Ring EYE COLLECTION Gold,_GD,Gold,Jewellery,Rings,Fantasy,Zinc,Worn Gold,,12.99,/232/52/215523_GD_1,215523_GD_1.jpg,none,,,,,,
215529_GD,215529,Necklace EYE COLLECTION Gold,_GD,Gold,Jewellery,Necklaces,Collar,Zinc,Worn Gold,,19.99,/232/52/215529_GD_1,215529_GD_1.jpg,none,,,,,,
215540_GD,215540,Ring GLDN DEL Gold,_GD,Gold,Jewellery,Rings,Band Ring,Brass,Golden,,5.99,/241/52/215540_GD_1,215540_GD_1.jpg,none,,,,,,
215540_SV,215540,Ring SILVER D Silver,_SV,Silver,Jewellery,Rings,Band Ring,Brass,Golden,,5.99,/241/52/215540_SV_1,215540_SV_1.jpg,none,,,,,,
215546_GD,215546,Earring GLDN DEL Gold,_GD,Gold,Jewellery,Earrings,Dangle,Copper,Golden,,7.99,/241/52/215546_GD_1,215546_GD_1.jpg,none,,,,,,
215547_GD,215547,Earring GLDN DEL Gold,_GD,Gold,Jewellery,Earrings,Dangle,Iron; Zinc,Golden,,7.99,/241/52/215547_GD_1,215547_GD_1.jpg,none,,,,,,
215547_SV,215547,Earring SILVER D Silver,_SV,Silver,Jewellery,Earrings,Dangle,Iron; Zinc,Golden,,7.99,/241/52/215547_SV_1,215547_SV_1.jpg,none,,,,,,
215564_GD,215564,Earring GLDN DEL Gold,_GD,Gold,Jewellery,Earrings,Hoop Earrings,Brass; Zirconium,Golden,,7.99,/241/52/215564_GD_1,215564_GD_1.jpg,none,,,,,,
215564_SV,215564,Earring SILVER D Silver,_SV,Silver,Jewellery,Earrings,Hoop Earrings,Brass; Zirconium,Golden,,7.99,/241/52/215564_SV_1,215564_SV_1.jpg,none,,,,,,
215570_GD,215570,Earring GLDN DEL Gold,_GD,Gold,Jewellery,Earrings,Hoop Earrings,Brass; Zirconium,Golden,,7.99,/241/52/215570_GD_1,215570_GD_1.jpg,none,,,,,,
215577_HM,215577,Necklace GLDN DEL Halftone Multicolor,_HM,Halftone Multicolor,Jewellery,Necklaces,Pendant,Brass; Pearl; Zirconium,Golden,,12.99,/241/52/215577_HM_1,215577_HM_1.jpg,none,,,,,,
215591_MI,215591,Necklace Moonlight azure Midnight Blue,_MI,Midnight Blue,Jewellery,Necklaces,Choker,Glass; Suede,Other,,10.99,/232/52/215591_MI_1,215591_MI_1.jpg,none,,,,,,
215591_TK,215591,Necklace ORPHIC Pastel Pink,_TK,Pastel Pink,Jewellery,Necklaces,Choker,Glass; Suede,Other,,10.99,/232/52/215591_TK_1,215591_TK_1.jpg,none,,,,,,
215605_HM,215605,Bracelet GLDN DEL Halftone Multicolor,_HM,Halftone Multicolor,Jewellery,Bracelets,Non-Adjustable Bracelet,Glass; Iron,Golden,,6.99,/241/52/215605_HM_1,215605_HM_1.jpg,none,,,,,,
215610_GD,215610,Necklace GLDN DEL Gold,_GD,Gold,Jewellery,Necklaces,Y-Necklace,Brass; Zirconium,Golden,,12.99,/241/52/215610_GD_1,215610_GD_1.jpg,none,,,,,,
215610_SV,215610,Necklace SILVER D Silver,_SV,Silver,Jewellery,Necklaces,Y-Necklace,Brass; Zirconium,Golden,,12.99,/241/52/215610_SV_1,215610_SV_1.jpg,none,,,,,,
215621_GD,215621,Earring GLDN DEL Gold,_GD,Gold,Jewellery,Earrings,Stud,Thermoplastic Polyurethane; Zinc,Golden,,5.99,/241/52/215621_GD_1,215621_GD_1.jpg,none,,,,,,
215621_LB,215621,Earring MODERN STONES Light Blue,_LB,Light Blue,Jewellery,Earrings,Stud,Stone; Zinc,Golden,,5.99,/242/52/215621_LB_1,215621_LB_1.jpg,none,,,,,,
215621_SV,215621,Earring SILVER D Silver,_SV,Silver,Jewellery,Earrings,Stud,Thermoplastic Polyurethane; Zinc,Golden,,5.99,/241/52/215621_SV_1,215621_SV_1.jpg,none,,,,,,
215624_GD,215624,Earring GLDN DEL Gold,_GD,Gold,Jewellery,Earrings,Dangle,Brass; Zinc,Golden,,8.99,/241/52/215624_GD_1,215624_GD_1.jpg,none,,,,,,
215624_SV,215624,Earring SILVER D Silver,_SV,Silver,Jewellery,Earrings,Dangle,Brass; Zinc,Golden,,8.99,/241/52/215624_SV_1,215624_SV_1.jpg,none,,,,,,
215639_GD,215639,Earring GLDN DEL Gold,_GD,Gold,Jewellery,Earrings,Dangle,Brass; Zirconium,Golden,,7.99,/241/52/215639_GD_1,215639_GD_1.jpg,none,,,,,,
215647_GD,215647,Earring GLDN DEL Gold,_GD,Gold,Jewellery,Earrings,Hoop Earrings,Iron; Zinc,Golden,,7.99,/241/52/215647_GD_1,215647_GD_1.jpg,none,,,,,,
215647_SV,215647,Earring SILVER D Silver,_SV,Silver,Jewellery,Earrings,Hoop Earrings,Iron; Zinc,Golden,,7.99,/241/52/215647_SV_1,215647_SV_1.jpg,none,,,,,,
215652_SV,215652,Bracelet SILVER D Silver,_SV,Silver,Jewellery,Bracelets,Non-Adjustable Bracelet,Brass; Zinc,Rodhium,,5.99,/241/52/215652_SV_1,215652_SV_1.jpg,none,,,,,,
215889_IV,215889,Bracelet Golden Basics Extra Ivory,_IV,Ivory,Jewellery,Bracelets,Elastic Bracelet,Enamel; Zinc,Golden,,8.99,/241/52/215889_IV_1,215889_IV_1.jpg,none,,,,,,
215905_IV,215905,Earring Golden Basics Extra Ivory,_IV,Ivory,Jewellery,Earrings,Dangle,Enamel; Iron,Golden,,5.99,/241/52/215905_IV_1,215905_IV_1.jpg,none,,,,,,
215907_BK,215907,Earring Milagro Black,_BK,Black,Jewellery,Earrings,Dangle,Enamel; Iron,Golden,,5.99,/242/52/215907_BK_1,215907_BK_1.jpg,none,,,,,,
215925_IV,215925,Earring Golden Basics Extra Ivory,_IV,Ivory,Jewellery,Earrings,Stud,Enamel; Iron; Zinc,Brushed Golden,,5.99,/241/52/215925_IV_1,215925_IV_1.jpg,none,,,,,,
215931_BM,215931,Ring Golden Basics Extra Bright Multicolor,_BM,Bright Multicolor,Jewellery,Rings,Cocktail,Brass; Zirconium,Golden,,6.99,/241/52/215931_BM_1,215931_BM_1.jpg,none,,,,,,
215944_GD,215944,Ring Golden Basics Gold,_GD,Gold,Jewellery,Rings,Cocktail,Zinc,Golden,,5.99,/241/52/215944_GD_1,215944_GD_1.jpg,none,,,,,,
215954_GD,215954,Earring PERMANENT - ROTATIVE JEWE Gold,_GD,Gold,Jewellery,Earrings,Hoop Earrings,Iron; Zinc,,,5.99,/241/52/215954_GD_1,215954_GD_1.jpg,none,,,,,,
215965_GD,215965,Earring Golden Basics Gold,_GD,Gold,Jewellery,Earrings,Dangle,Zinc,Golden,,5.99,/241/52/215965_GD_1,215965_GD_1.jpg,none,,,,,,
215965_SV,215965,Earring SILVER BASICS Silver,_SV,Silver,Jewellery,Earrings,Dangle,Zinc,Rodhium,,5.99,/242/52/215965_SV_1,215965_SV_1.jpg,none,,,,,,
215989_HM,215989,Ring mulstone Halftone Multicolor,_HM,Halftone Multicolor,Jewellery,Rings,Band Ring,Resin; Zinc,Golden,,5.99,/232/52/215989_HM_1,215989_HM_1.jpg,none,,,,,,
215997_GD,215997,Earring Golden Basics Gold,_GD,Gold,Jewellery,Earrings,Hoop Earrings,Iron; Zinc,Light Golden,,7.99,/241/52/215997_GD_1,215997_GD_1.jpg,none,,,,,,
216006_BM,216006,Ring STAR WARS Bright Multicolor,_BM,Bright Multicolor,Jewellery,Rings,Fantasy,Enamel; Glass; Thermoplastic Polyurethane; Zinc,Golden,,12.99,/232/52/216006_BM_1,216006_BM_1.jpg,none,,,,,,
216034_GN,216034,Necklace LAB OUTUBRO Green,_GN,Green,Jewellery,Necklaces,Beaded Necklace,Resin; Stone; Zinc,Worn Gold,,45.99,/232/52/216034_GN_1,216034_GN_1.jpg,none,,,,,,
216082_GD,216082,Ring Golden Basics Gold,_GD,Gold,Jewellery,Rings,Fantasy,Brass,Golden,,4.99,/241/52/216082_GD_1,216082_GD_1.jpg,none,,,,,,
216095_GD,216095,Earring Golden Basics Gold,_GD,Gold,Jewellery,Earrings,Stud,Zinc,Golden,,5.99,/241/52/216095_GD_1,216095_GD_1.jpg,none,,,,,,
216110_GD,216110,Ring Golden Basics Gold,_GD,Gold,Jewellery,Rings,Cocktail,Iron,Golden,,7.99,/241/52/216110_GD_1,216110_GD_1.jpg,none,,,,,,
216116_GD,216116,Earring Golden Basics Gold,_GD,Gold,Jewellery,Earrings,Stud,Zinc,Golden,,5.99,/241/52/216116_GD_1,216116_GD_1.jpg,none,,,,,,
216208_GD,216208,Earring Golden Basics Gold,_GD,Gold,Jewellery,Earrings,Stud,Steel,Golden,,7.99,/241/52/216208_GD_1,216208_GD_1.jpg,none,,,,,,
216229_GD,216229,Bracelet Golden Basics Gold,_GD,Gold,Jewellery,Bracelets,Non-Adjustable Bracelet,Iron,Multifinishing,,7.99,/241/52/216229_GD_1,216229_GD_1.jpg,none,,,,,,
216238_GD,216238,Earring Golden Basics Gold,_GD,Gold,Jewellery,Earrings,Drop,Iron,Brushed Golden,,7.99,/232/52/216238_GD_1,216238_GD_1.jpg,none,,,,,,
216244_IV,216244,Bracelet Golden Basics Extra Ivory,_IV,Ivory,Jewellery,Bracelets,Adjustable Bracelet,Brass; Enamel; Thermoplastic Polyurethane; Zinc,Golden,,7.99,/241/52/216244_IV_1,216244_IV_1.jpg,none,,,,,,
216252_BL,216252,Earring DOMINICA Blue,_BL,Blue,Jewellery,Earrings,Stud,Enamel; Zinc,Golden,,7.99,/241/52/216252_BL_2y,216252_BL_2y.jpg,none,,,,,,
216252_RO,216252,Earring ETHNICS Old Rose,_RO,Old Rose,Jewellery,Earrings,Stud,Enamel; Zinc,Worn Gold,,7.99,/241/52/216252_RO_1,216252_RO_1.jpg,none,,,,,,
216253_IV,216253,Earring Golden Basics Extra Ivory,_IV,Ivory,Jewellery,Earrings,Hoop Earrings,Enamel; Iron,Golden,,5.99,/241/52/216253_IV_1,216253_IV_1.jpg,none,,,,,,
216270_BM,216270,Key Chain FASHION SUPPLEMENTS Bright Multicolor,_BM,Bright Multicolor,Jewellery,Key chains,Figures,Nylon; Zinc,,,9.99,/241/52/216270_BM_1,216270_BM_1.jpg,none,,,,,,
216292_GD,216292,Pin FASHION SUPPLEMENTS Gold,_GD,Gold,Jewellery,Pins,Pin,Copper; Glass; Iron; Zamac,Golden,,5.99,/241/52/216292_GD_1,216292_GD_1.jpg,none,,,,,,
216297_GD,216297,Pin FASHION SUPPLEMENTS Gold,_GD,Gold,Jewellery,Pins,Flower,Brass; Glass; Zinc,Golden,,6.99,/241/52/216297_GD_1,216297_GD_1.jpg,none,,,,,,
216317_IV,216317,Necklace Golden Basics Extra Ivory,_IV,Ivory,Jewellery,Necklaces,Pendant,Brass; Enamel; Iron,Brushed Golden,,12.99,/241/52/216317_IV_1,216317_IV_1.jpg,none,,,,,,
216331_IV,216331,Earring Golden Basics Extra Ivory,_IV,Ivory,Jewellery,Earrings,Dangle,Enamel; Iron,Brushed Golden,,8.99,/241/52/216331_IV_1,216331_IV_1.jpg,none,,,,,,
216382_GD,216382,Earring Golden Basics Gold,_GD,Gold,Jewellery,Earrings,Drop,Brass; Iron; Thermoplastic Polyurethane,Multifinishing,,7.99,/241/52/216382_GD_1,216382_GD_1.jpg,none,,,,,,
216429_GD,216429,Earring REAL PEARLS Gold,_GD,Gold,Jewellery,Earrings,Hoop Earrings,Pearl; Zinc,Worn Gold,,25.99,/232/52/216429_GD_1,216429_GD_1.jpg,none,,,,,,
216438_GD,216438,Necklace REAL PEARLS Gold,_GD,Gold,Jewellery,Necklaces,Beaded Necklace,Pearl; Zinc,Worn Gold,,49.99,/232/52/216438_GD_1,216438_GD_1.jpg,none,,,,,,
216641_GD,216641,Earring Golden Basics Gold,_GD,Gold,Jewellery,Earrings,Hoop Earrings,Brass,Brushed Golden,,5.99,/241/52/216641_GD_1,216641_GD_1.jpg,none,,,,,,
216674_DM,216674,Earring Gipsy Garden Dark Multicolor,_DM,Dark Multicolor,Jewellery,Earrings,Hoop Earrings,Thermoplastic Polyurethane; Zinc,Worn Gold,,7.99,/241/52/216674_DM_1,216674_DM_1.jpg,none,,,,,,
216684_DM,216684,Earring Gipsy Garden Dark Multicolor,_DM,Dark Multicolor,Jewellery,Earrings,Dangle,Acrylic; Iron; Zamac,,,9.99,/241/52/216684_DM_1,216684_DM_1.jpg,none,,,,,,
216694_DM,216694,Necklace Gipsy Garden Dark Multicolor,_DM,Dark Multicolor,Jewellery,Necklaces,Collar,Acrylic; Iron; Zinc,,,10.99,/241/52/216694_DM_1,216694_DM_1.jpg,none,,,,,,
216703_MI,216703,Earring Gipsy Garden Midnight Blue,_MI,Midnight Blue,Jewellery,Earrings,Hoop Earrings,Zinc,Worn Gold,,5.99,/241/52/216703_MI_1,216703_MI_1.jpg,none,,,,,,
216712_DM,216712,Necklace Gipsy Garden Dark Multicolor,_DM,Dark Multicolor,Jewellery,Necklaces,Beaded Necklace,Brass; Iron; Resin; Thermoplastic Polyurethane; Zinc,,,10.99,/241/52/216712_DM_1,216712_DM_1.jpg,none,,,,,,
216747_DM,216747,Ring Gipsy Garden Dark Multicolor,_DM,Dark Multicolor,Jewellery,Rings,Fantasy,Thermoplastic Polyurethane; Zinc,Worn Gold,,6.99,/241/52/216747_DM_1,216747_DM_1.jpg,none,,,,,,
216753_DM,216753,Earring Gipsy Garden Dark Multicolor,_DM,Dark Multicolor,Jewellery,Earrings,Stud,Acrylic; Zinc,Worn Gold,,5.99,/241/52/216753_DM_1,216753_DM_1.jpg,none,,,,,,
216836_HM,216836,Earring VENDREDI Halftone Multicolor,_HM,Halftone Multicolor,Jewellery,Earrings,Dangle,Iron; Resin,Brushed Golden,,8.99,/241/52/216836_HM_1,216836_HM_1.jpg,none,,,,,,
216849_GD,216849,Earring PERMANENT - SUSPENDED FR Gold,_GD,Gold,Jewellery,Earrings,Hoop Earrings,Iron,,,5.99,/241/52/216849_GD_1,216849_GD_1.jpg,none,,,,,,
216887_HM,216887,Earring VENDREDI Halftone Multicolor,_HM,Halftone Multicolor,Jewellery,Earrings,Dangle,Acrylic; Brass; Iron; Resin,,,9.99,/241/52/216887_HM_1,216887_HM_1.jpg,none,,,,,,
216914_RO,216914,Earring VENDREDI Old Rose,_RO,Old Rose,Jewellery,Earrings,Stud,Resin,,,9.99,/241/52/216914_RO_1,216914_RO_1.jpg,none,,,,,,
216932_HM,216932,Necklace VENDREDI Halftone Multicolor,_HM,Halftone Multicolor,Jewellery,Necklaces,Beaded Necklace,Copper; Iron; Resin; Zamac,,,10.99,/241/52/216932_HM_1,216932_HM_1.jpg,none,,,,,,
216974_GD,216974,Necklace GOLDEN PEARLS Gold,_GD,Gold,Jewellery,Necklaces,Beaded Necklace,Acrylic; Brass; Zinc,,,10.99,/241/52/216974_GD_1,216974_GD_1.jpg,none,,,,,,
216979_GD,216979,Bracelet GOLDEN PEARLS Gold,_GD,Gold,Jewellery,Bracelets,Elastic Bracelet,Brass; Thermoplastic Polyurethane,Brushed Golden,,7.99,/241/52/216979_GD_1,216979_GD_1.jpg,none,,,,,,
216984_GD,216984,Earring GOLDEN PEARLS Gold,_GD,Gold,Jewellery,Earrings,Dangle,Acrylic; Iron; Thermoplastic Polyurethane; Zinc,Golden,,5.99,/241/52/216984_GD_1,216984_GD_1.jpg,none,,,,,,
216989_GD,216989,Earring GOLDEN PEARLS Gold,_GD,Gold,Jewellery,Earrings,Drop,Acrylic; Pearl,Golden,,8.99,/241/52/216989_GD_1,216989_GD_1.jpg,none,,,,,,
216995_BL,216995,Bracelet ARM NIGHT Blue,_BL,Blue,Jewellery,Bracelets,Adjustable Bracelet,Brass; Stone; Zinc,Golden,,7.99,/241/52/216995_BL_1,216995_BL_1.jpg,none,,,,,,
217001_PK,217001,Bracelet ARM LOVERS Pink,_PK,Pink,Jewellery,Bracelets,Adjustable Bracelet,Brass; Enamel; Polyester,Golden,,5.99,/241/52/217001_PK_1y,217001_PK_1y.jpg,none,,,,,,
217126_HM,217126,Necklace VENDREDI Halftone Multicolor,_HM,Halftone Multicolor,Jewellery,Necklaces,Collar,Acrylic; Brass; Iron; Metal and Cord,Golden,,12.99,/241/52/217126_HM_1,217126_HM_1.jpg,none,,,,,,
217194_PK,217194,Necklace CUPID Pink,_PK,Pink,Jewellery,Necklaces,Pendant,Glass; Iron,,,10.99,/241/52/217194_PK_1,217194_PK_1.jpg,none,,,,,,
217194_RD,217194,Necklace CUPID Red,_RD,Red,Jewellery,Necklaces,Pendant,Glass; Iron,,,10.99,/241/52/217194_RD_1,217194_RD_1.jpg,none,,,,,,
217195_PK,217195,Necklace CUPID Pink,_PK,Pink,Jewellery,Necklaces,Beaded Necklace,Iron; Polyester,Other,,23.99,/241/52/217195_PK_1,217195_PK_1.jpg,none,,,,,,
217298_SV,217298,Earring SHADES OF COOL Silver,_SV,Silver,Jewellery,Earrings,Hoop Earrings,Iron,Antik Silver,,5.99,/241/52/217298_SV_1,217298_SV_1.jpg,none,,,,,,
217312_SV,217312,Earring SHADES OF COOL Silver,_SV,Silver,Jewellery,Earrings,Dangle,Zinc,Rodhium,,5.99,/241/52/217312_SV_1,217312_SV_1.jpg,none,,,,,,
217320_SV,217320,Earring SHADES OF COOL Silver,_SV,Silver,Jewellery,Earrings,Stud,Zinc,Rodhium,,7.99,/241/52/217320_SV_1,217320_SV_1.jpg,none,,,,,,
217337_SV,217337,Ring SHADES OF COOL Silver,_SV,Silver,Jewellery,Rings,Band Ring,Zinc,Rodhium,,5.99,/241/52/217337_SV_1,217337_SV_1.jpg,none,,,,,,
217351_SV,217351,Set of Earrings SHADES OF COOL Silver,_SV,Silver,Jewellery,Earrings,Hoop Earrings,Copper; Iron; Zamac,Rodhium,,7.99,/241/52/217351_SV_1,217351_SV_1.jpg,none,,,,,,
217371_SV,217371,Earring SHADES OF COOL Silver,_SV,Silver,Jewellery,Earrings,Ear Cuff,Zinc,Rodhium,,5.99,/241/52/217371_SV_1,217371_SV_1.jpg,none,,,,,,
217377_SV,217377,Ring SHADES OF COOL Silver,_SV,Silver,Jewellery,Rings,Cocktail,Zinc,Rodhium,,5.99,/241/52/217377_SV_1,217377_SV_1.jpg,none,,,,,,
217386_SV,217386,Earring SHADES OF COOL Silver,_SV,Silver,Jewellery,Earrings,Hoop Earrings,Zinc,Rodhium,,5.99,/241/52/217386_SV_1,217386_SV_1.jpg,none,,,,,,
217394_SV,217394,Earring SILVER BASICS Silver,_SV,Silver,Jewellery,Earrings,Hoop Earrings,Zinc,Rodhium,,5.99,/241/52/217394_SV_1,217394_SV_1.jpg,none,,,,,,
217401_SV,217401,Set of Earrings SHADES OF COOL Silver,_SV,Silver,Jewellery,Earrings,Hoop Earrings,Iron; Zinc,Rodhium,,5.99,/241/52/217401_SV_1,217401_SV_1.jpg,none,,,,,,
217415_HM,217415,Earring VENDREDI Halftone Multicolor,_HM,Halftone Multicolor,Jewellery,Earrings,Dangle,Acrylic,Brushed Golden,,5.99,/241/52/217415_HM_1,217415_HM_1.jpg,none,,,,,,
217423_HM,217423,Earring FLEURSDUMER Halftone Multicolor,_HM,Halftone Multicolor,Jewellery,Earrings,Dangle,Acrylic; Zinc,Brushed Golden,,5.99,/241/52/217423_HM_1,217423_HM_1.jpg,none,,,,,,
217434_SV,217434,Earring SHADES OF COOL Silver,_SV,Silver,Jewellery,Earrings,Dangle,Iron; Zinc,Rodhium,,7.99,/232/52/217434_SV_1,217434_SV_1.jpg,none,,,,,,
217451_HM,217451,Necklace FLEURSDUMER Halftone Multicolor,_HM,Halftone Multicolor,Jewellery,Necklaces,Beaded Necklace,Acrylic; Copper; Glass; Iron; Thermoplastic Polyurethane,,,10.99,/241/52/217451_HM_1,217451_HM_1.jpg,none,,,,,,
217458_HM,217458,Necklace FLEURSDUMER Halftone Multicolor,_HM,Halftone Multicolor,Jewellery,Necklaces,Beaded Necklace,Brass; Iron; Resin; Stone; Zinc,,,10.99,/241/52/217458_HM_1,217458_HM_1.jpg,none,,,,,,
217466_HM,217466,Necklace FLEURSDUMER Halftone Multicolor,_HM,Halftone Multicolor,Jewellery,Necklaces,Beaded Necklace,Iron; Resin; Stone,Brushed Golden,,12.99,/241/52/217466_HM_1,217466_HM_1.jpg,none,,,,,,
217469_FG,217469,Bracelet FLEURSDUMER Forest Green,_FG,Forest Green,Jewellery,Bracelets,Bangle,Resin; Thermoplastic Polyurethane,,,9.99,/241/52/217469_FG_1,217469_FG_1.jpg,none,,,,,,
217469_MV,217469,Bracelet FLEURSDUMER Mauve,_MV,Mauve,Jewellery,Bracelets,Bangle,Resin; Thermoplastic Polyurethane,,,9.99,/241/52/217469_MV_1,217469_MV_1.jpg,none,,,,,,
217475_DN,217475,Earring FLEURSDUMER Dark Green,_DN,Dark Green,Jewellery,Earrings,Dangle,Steel; Thermoplastic Polyurethane; Zinc,Worn Yellow Gold,,7.99,/241/52/217475_DN_1,217475_DN_1.jpg,none,,,,,,
217475_MV,217475,Earring FLEURSDUMER Mauve,_MV,Mauve,Jewellery,Earrings,Dangle,Steel; Thermoplastic Polyurethane; Zinc,Worn Yellow Gold,,7.99,/241/52/217475_MV_1,217475_MV_1.jpg,none,,,,,,
217475_TG,217475,Earring FLEURSDUMER Pastel Green,_TG,Pastel Green,Jewellery,Earrings,Dangle,Steel; Thermoplastic Polyurethane; Zinc,Worn Yellow Gold,,7.99,/241/52/217475_TG_1,217475_TG_1.jpg,none,,,,,,
217488_HM,217488,Set of Earrings FLEURSDUMER Halftone Multicolor,_HM,Halftone Multicolor,Jewellery,Earrings,Hoop Earrings,Acrylic; Brass; Stone; Zinc,,,9.99,/241/52/217488_HM_1,217488_HM_1.jpg,none,,,,,,
217527_SV,217527,Earring SHADES OF COOL Silver,_SV,Silver,Jewellery,Earrings,Stud,Zinc,Rodhium,,5.99,/232/52/217527_SV_1,217527_SV_1.jpg,none,,,,,,
217541_SV,217541,Earring SHADES OF COOL Silver,_SV,Silver,Jewellery,Earrings,Dangle,Iron; Zinc,Rodhium,,7.99,/241/52/217541_SV_1,217541_SV_1.jpg,none,,,,,,
217631_GD,217631,Earring GLDN DEL Gold,_GD,Gold,Jewellery,Earrings,Hoop Earrings,Acrylic; Brass,Golden,,4.99,/241/52/217631_GD_1,217631_GD_1.jpg,none,,,,,,
217636_GD,217636,Earring GLDN DEL Gold,_GD,Gold,Jewellery,Earrings,Stud,Iron; Zinc,Golden,,4.99,/241/52/217636_GD_1,217636_GD_1.jpg,none,,,,,,
217636_SV,217636,Earring SILVER D Silver,_SV,Silver,Jewellery,Earrings,Stud,Iron; Zinc,Golden,,4.99,/241/52/217636_SV_1,217636_SV_1.jpg,none,,,,,,
217638_GD,217638,Earring GLDN DEL Gold,_GD,Gold,Jewellery,Earrings,Dangle,Acrylic; Pearl; Zinc,Golden,,7.99,/241/52/217638_GD_1,217638_GD_1.jpg,none,,,,,,
217653_SV,217653,Earring SILVER D Silver,_SV,Silver,Jewellery,Earrings,Hoop Earrings,Acrylic; Brass,Rodhium,,4.99,/241/52/217653_SV_1,217653_SV_1.jpg,none,,,,,,
217674_GD,217674,Earring Golden Basics Gold,_GD,Gold,Jewellery,Earrings,Hoop Earrings,Zinc,Golden,,4.99,/241/52/217674_GD_1,217674_GD_1.jpg,none,,,,,,
217675_GD,217675,Earring Golden Basics Gold,_GD,Gold,Jewellery,Earrings,Stud,Zinc,Golden,,7.99,/241/52/217675_GD_1,217675_GD_1.jpg,none,,,,,,
217675_SV,217675,Earring SILVER BASICS Silver,_SV,Silver,Jewellery,Earrings,Stud,Zinc,Rodhium,,7.99,/242/52/217675_SV_1,217675_SV_1.jpg,none,,,,,,
217682_GD,217682,Set of Earrings Golden Basics Gold,_GD,Gold,Jewellery,Earrings,Dangle,Zinc,Golden,,7.99,/241/52/217682_GD_1,217682_GD_1.jpg,none,,,,,,
217689_GD,217689,Ring Golden Basics Gold,_GD,Gold,Jewellery,Rings,Band Ring,Zinc,Golden,,5.99,/241/52/217689_GD_1,217689_GD_1.jpg,none,,,,,,
217695_GD,217695,Earring Golden Basics Gold,_GD,Gold,Jewellery,Earrings,Stud,Zinc,Golden,,5.99,/241/52/217695_GD_1,217695_GD_1.jpg,none,,,,,,
218303_HM,218303,Set of Earrings ETHNICS Halftone Multicolor,_HM,Halftone Multicolor,Jewellery,Earrings,Hoop Earrings,Iron; Thermoplastic Polyurethane,Worn Gold,,5.99,/241/52/218303_HM_1,218303_HM_1.jpg,none,,,,,,
218311_RO,218311,Bracelet ETHNICS Old Rose,_RO,Old Rose,Jewellery,Bracelets,Elastic Bracelet,Rubber; Thermoplastic Polyurethane; Zinc,Worn Gold,,6.99,/241/52/218311_RO_1,218311_RO_1.jpg,none,,,,,,
218318_RO,218318,Earring ETHNICS Old Rose,_RO,Old Rose,Jewellery,Earrings,Stud,Iron; Resin; Zinc,Worn Gold,,5.99,/241/52/218318_RO_1,218318_RO_1.jpg,none,,,,,,
218326_RO,218326,Earring ETHNICS Old Rose,_RO,Old Rose,Jewellery,Earrings,Hoop Earrings,Enamel; Zinc,Worn Gold,,5.99,/241/52/218326_RO_1,218326_RO_1.jpg,none,,,,,,
218334_HM,218334,Earring ETHNICS Halftone Multicolor,_HM,Halftone Multicolor,Jewellery,Earrings,Hoop Earrings,Iron; Resin; Shell; Zinc,Worn Gold,,5.99,/241/52/218334_HM_2y,218334_HM_2y.jpg,none,,,,,,
218343_HM,218343,Earring ETHNICS Halftone Multicolor,_HM,Halftone Multicolor,Jewellery,Earrings,Hoop Earrings,Iron; Stone; Thermoplastic Polyurethane,Worn Gold,,5.99,/241/52/218343_HM_1,218343_HM_1.jpg,none,,,,,,
218357_BM,218357,Bracelet SUNSET JUNCTION Bright Multicolor,_BM,Bright Multicolor,Jewellery,Bracelets,Non-Adjustable Bracelet,Iron; Resin; Stone; Thermoplastic Polyurethane,Golden,,7.99,/241/52/218357_BM_1,218357_BM_1.jpg,none,,,,,,
218365_WT,218365,Ring ETHNICS White,_WT,White,Jewellery,Rings,Band Ring,Enamel; Zinc,Other,,6.99,/241/52/218365_WT_1,218365_WT_1.jpg,none,,,,,,
218374_HM,218374,Earring ETHNICS Halftone Multicolor,_HM,Halftone Multicolor,Jewellery,Earrings,Dangle,Iron; Resin,,,9.99,/241/52/218374_HM_1,218374_HM_1.jpg,none,,,,,,
218381_RO,218381,Bracelet ETHNICS Old Rose,_RO,Old Rose,Jewellery,Bracelets,Elastic Bracelet,Stone; Thermoplastic Polyurethane; Zinc,Worn Gold,,6.99,/241/52/218381_RO_1,218381_RO_1.jpg,none,,,,,,
218423_RO,218423,Bracelet ETHNICS Old Rose,_RO,Old Rose,Jewellery,Bracelets,Elastic Bracelet,Rubber; Zinc,,,9.99,/241/52/218423_RO_1,218423_RO_1.jpg,none,,,,,,
218475_BM,218475,Necklace SUNSET JUNCTION Bright Multicolor,_BM,Bright Multicolor,Jewellery,Necklaces,Pendant,Cotton; Glass; Iron,,,10.99,/241/52/218475_BM_1,218475_BM_1.jpg,none,,,,,,
218485_PK,218485,Earring SUNSET JUNCTION Pink,_PK,Pink,Jewellery,Earrings,Hoop Earrings,Stone; Zinc,Golden,Stone,5.99,/241/52/218485_PK_1,218485_PK_1.jpg,none,,,,,,
218516_PU,218516,Earring SUNSET JUNCTION Purple,_PU,Purple,Jewellery,Earrings,Stud,Iron; Stone,Brushed Golden,,7.99,/241/52/218516_PU_1,218516_PU_1.jpg,none,,,,,,
218522_BM,218522,Bracelet SUNSET JUNCTION Bright Multicolor,_BM,Bright Multicolor,Jewellery,Bracelets,Non-Adjustable Bracelet,Acrylic; Iron; Stone,Golden,,5.99,/241/52/218522_BM_1,218522_BM_1.jpg,none,,,,,,
218534_GD,218534,Earring GLDN DEL Gold,_GD,Gold,Jewellery,Earrings,Dangle,Copper; Iron,Golden,,8.99,/241/52/218534_GD_1,218534_GD_1.jpg,none,,,,,,
218553_GD,218553,Ring GLDN DEL Gold,_GD,Gold,Jewellery,Rings,Band Ring,Brass,Golden,,6.99,/241/52/218553_GD_1,218553_GD_1.jpg,none,,,,,,
218554_GD,218554,Earring GLDN DEL Gold,_GD,Gold,Jewellery,Earrings,Dangle,Brass,Golden,,7.99,/241/52/218554_GD_1,218554_GD_1.jpg,none,,,,,,
218554_SV,218554,Earring SILVER D Silver,_SV,Silver,Jewellery,Earrings,Dangle,Brass,Golden,,7.99,/241/52/218554_SV_1,218554_SV_1.jpg,none,,,,,,
218564_GD,218564,Earring GLDN DEL Gold,_GD,Gold,Jewellery,Earrings,Dangle,Brass; Zirconium,,,9.99,/241/52/218564_GD_1,218564_GD_1.jpg,none,,,,,,
218575_HM,218575,Necklace GLDN DEL Halftone Multicolor,_HM,Halftone Multicolor,Jewellery,Necklaces,Beaded Necklace,Brass; Glass,Golden,,12.99,/241/52/218575_HM_1,218575_HM_1.jpg,none,,,,,,
218581_GD,218581,Necklace GLDN DEL Gold,_GD,Gold,Jewellery,Necklaces,Beaded Necklace,Acrylic; Brass; Pearl; Thermoplastic Polyurethane,Golden,,10.99,/241/52/218581_GD_1,218581_GD_1.jpg,none,,,,,,
218587_GD,218587,Earring GLDN DEL Gold,_GD,Gold,Jewellery,Earrings,Stud,Zinc; Zirconium,Golden,,4.99,/242/52/218587_GD_1,218587_GD_1.jpg,none,,,,,,
218594_GD,218594,Necklace GLDN DEL Gold,_GD,Gold,Jewellery,Necklaces,Beaded Necklace,Brass; Iron,Golden,,12.99,/241/52/218594_GD_1,218594_GD_1.jpg,none,,,,,,
218625_OR,218625,Ring SUNSET JUNCTION Orange,_OR,Orange,Jewellery,Rings,Fantasy,Resin,Other,,6.99,/241/52/218625_OR_1,218625_OR_1.jpg,none,,,,,,
218625_VT,218625,Ring SUNSET JUNCTION Violet,_VT,Violet,Jewellery,Rings,Fantasy,Resin,Other,,6.99,/241/52/218625_VT_1,218625_VT_1.jpg,none,,,,,,
218792_PM,218792,Ring NILE Pastel Multicolor,_PM,Pastel Multicolor,Jewellery,Rings,Stone/Gem,Resin; Zinc,Worn Gold,,5.99,/241/52/218792_PM_1,218792_PM_1.jpg,none,,,,,,
218860_CN,218860,Set of Earrings NILE Clinic,_CN,Clinic,Jewellery,Earrings,Stud,Cork; Stone; Zinc,Golden,,5.99,/241/52/218860_CN_1,218860_CN_1.jpg,none,,,,,,
218886_LB,218886,Earring NILE Light Blue,_LB,Light Blue,Jewellery,Earrings,Dangle,Iron; Stone; Zamac,Worn Gold,,5.99,/241/52/218886_LB_1,218886_LB_1.jpg,none,,,,,,
218901_BL,218901,Earring NILE Blue,_BL,Blue,Jewellery,Earrings,Hoop Earrings,Iron; Stone; Zinc,Worn Gold,,5.99,/241/52/218901_BL_1,218901_BL_1.jpg,none,,,,,,
218929_GN,218929,Earring NILE Green,_GN,Green,Jewellery,Earrings,Drop,Iron; Stone; Zinc,Worn Gold,,7.99,/241/52/218929_GN_1,218929_GN_1.jpg,none,,,,,,
218936_OX,218936,Earring Gipsy Garden Oxford Blue,_OX,Oxford Blue,Jewellery,Earrings,Dangle,Acrylic; Iron,Worn Gold,,7.99,/241/52/218936_OX_1,218936_OX_1.jpg,none,,,,,,
218942_GN,218942,Set of Necklaces NILE Green,_GN,Green,Jewellery,Necklaces,Beaded Necklace,Acrylic; Zinc,,,10.99,/241/52/218942_GN_1,218942_GN_1.jpg,none,,,,,,
218952_BL,218952,Earring NILE Blue,_BL,Blue,Jewellery,Earrings,Dangle,Iron; Stone,Worn Gold,,7.99,/241/52/218952_BL_1,218952_BL_1.jpg,none,,,,,,
219012_GN,219012,Earring NILE Green,_GN,Green,Jewellery,Earrings,Dangle,Brass; Glass; Stone; Zinc,Worn Gold,,7.99,/241/52/219012_GN_1,219012_GN_1.jpg,none,,,,,,
219027_HM,219027,Ring NILE Halftone Multicolor,_HM,Halftone Multicolor,Jewellery,Rings,Fantasy,Glass; Steel; Thermoplastic Polyurethane,Other,,5.99,/241/52/219027_HM_1,219027_HM_1.jpg,none,,,,,,
219055_GD,219055,Pin FASHION SUPPLEMENTS Gold,_GD,Gold,Jewellery,Pins,Flower,Brass; Zinc,Matte Golden,,5.99,/241/52/219055_GD_1,219055_GD_1.jpg,none,,,,,,
219069_GD,219069,Pin FASHION SUPPLEMENTS Gold,_GD,Gold,Jewellery,Pins,Pin,Copper; Steel; Zinc,Golden,,6.99,/242/52/219069_GD_1,219069_GD_1.jpg,none,,,,,,
219072_KK,219072,Ring Classy Field Khaki,_KK,Khaki,Jewellery,Rings,Band Ring,Enamel; Zinc,Rodhium,,5.99,/241/52/219072_KK_1,219072_KK_1.jpg,none,,,,,,
219072_SV,219072,Ring Classy Field Silver,_SV,Silver,Jewellery,Rings,Band Ring,Zinc,Rodhium,,5.99,/241/52/219072_SV_1,219072_SV_1.jpg,none,,,,,,
219096_SV,219096,Ring Classy Field Silver,_SV,Silver,Jewellery,Rings,Fantasy,Brass,Rodhium,,5.99,/241/52/219096_SV_1,219096_SV_1.jpg,none,,,,,,
219104_DB,219104,Necklace Classy Field Dark Brown,_DB,Dark Brown,Jewellery,Necklaces,Pendant,Iron; Polyester; Zinc,Worn Rhodium,,12.99,/241/52/219104_DB_1,219104_DB_1.jpg,none,,,,,,
219111_SV,219111,Ring Classy Field Silver,_SV,Silver,Jewellery,Rings,Band Ring,Zinc,Worn Rhodium,,5.99,/241/52/219111_SV_1,219111_SV_1.jpg,none,,,,,,
219152_SV,219152,Earring Classy Field Silver,_SV,Silver,Jewellery,Earrings,Stud,Iron,Worn Rhodium,,5.99,/241/52/219152_SV_1,219152_SV_1.jpg,none,,,,,,
219171_BM,219171,Set of Earrings KISSSJAM Bright Multicolor,_BM,Bright Multicolor,Jewellery,Earrings,Hoop Earrings,Brass; Enamel; Zirconium,Golden,,5.99,/241/52/219171_BM_1,219171_BM_1.jpg,none,,,,,,
219183_BM,219183,Bracelet KISSSJAM Bright Multicolor,_BM,Bright Multicolor,Jewellery,Bracelets,Anklet,Glass; Iron; Pearl; Shell; Stone,Golden,,8.99,/241/52/219183_BM_1,219183_BM_1.jpg,none,,,,,,
219190_CF,219190,Necklace Classy Field Coffee,_CF,Coffee,Jewellery,Necklaces,Pendant,Suede; Zinc,,,10.99,/241/52/219190_CF_2y,219190_CF_2y.jpg,none,,,,,,
219196_BM,219196,Necklace KISSSJAM Bright Multicolor,_BM,Bright Multicolor,Jewellery,Necklaces,Beaded Necklace,Resin; Steel; Zinc,,,10.99,/241/52/219196_BM_1,219196_BM_1.jpg,none,,,,,,
219203_HM,219203,Set of Necklaces Classy Field Halftone Multicolor,_HM,Halftone Multicolor,Jewellery,Necklaces,Pendant,Acrylic; Iron; Suede; Zinc,Rodhium,,12.99,/241/52/219203_HM_1,219203_HM_1.jpg,none,,,,,,
219214_BM,219214,Set of Necklaces KISSSJAM Bright Multicolor,_BM,Bright Multicolor,Jewellery,Necklaces,Chain,Brass; Iron; Metal and Plastic; Resin; Zinc,Silver,,12.99,/241/52/219214_BM_1,219214_BM_1.jpg,none,,,,,,
219222_BM,219222,Necklace KISSSJAM Bright Multicolor,_BM,Bright Multicolor,Jewellery,Necklaces,Beaded Necklace,Acrylic; Iron; Pearl; Shell; Stone; Zinc,Golden,,12.99,/241/52/219222_BM_1,219222_BM_1.jpg,none,,,,,,
219232_BM,219232,Set of Earrings KISSSJAM Bright Multicolor,_BM,Bright Multicolor,Jewellery,Earrings,Hoop Earrings,Copper; Enamel; Zirconium,,,9.99,/241/52/219232_BM_1,219232_BM_1.jpg,none,,,,,,
219250_SV,219250,Earring Classy Field Silver,_SV,Silver,Jewellery,Earrings,Drop,Zinc,Worn Rhodium,,7.99,/241/52/219250_SV_1,219250_SV_1.jpg,none,,,,,,
219266_BL,219266,Earring IDENTITY Blue,_BL,Blue,Jewellery,Earrings,Hoop Earrings,Thermoplastic Polyurethane; Zinc,Worn Gold,,5.99,/241/52/219266_BL_1,219266_BL_1.jpg,none,,,,,,
2192721DN,219272,Earring IDENTITY Dark Green,1DN,Dark Green,Jewellery,Earrings,Hoop Earrings,Brass; Resin,Golden,,7.99,/241/52/2192721DN_1,2192721DN_1.jpg,none,,,,,,
219281_DM,219281,Earring IDENTITY Dark Multicolor,_DM,Dark Multicolor,Jewellery,Earrings,Dangle,Zinc,Worn Gold,,5.99,/241/52/219281_DM_1,219281_DM_1.jpg,none,,,,,,
219288_BM,219288,Necklace IDENTITY Bright Multicolor,_BM,Bright Multicolor,Jewellery,Necklaces,Pendant,Glass; Iron; Rubber; Thermoplastic Polyurethane; Zinc,Golden,,12.99,/241/52/219288_BM_1,219288_BM_1.jpg,none,,,,,,
219298_BM,219298,Earring IDENTITY Bright Multicolor,_BM,Bright Multicolor,Jewellery,Earrings,Dangle,Enamel; Iron,Golden,,8.99,/241/52/219298_BM_1,219298_BM_1.jpg,none,,,,,,
219306_BK,219306,Bracelet IDENTITY Black,_BK,Black,Jewellery,Bracelets,Elastic Bracelet,Acrylic,,,9.99,/241/52/219306_BK_1,219306_BK_1.jpg,none,,,,,,
219318_BL,219318,Earring MADEIRA Blue,_BL,Blue,Jewellery,Earrings,Hoop Earrings,Enamel; Iron,Silver,,12.99,/241/52/219318_BL_1,219318_BL_1.jpg,none,,,,,,
219336_SV,219336,Earring MADEIRA Silver,_SV,Silver,Jewellery,Earrings,Dangle,Acrylic; Brass; Iron; Resin,Silver,,27.99,/241/52/219336_SV_1,219336_SV_1.jpg,none,,,,,,
219346_DM,219346,Necklace IDENTITY Dark Multicolor,_DM,Dark Multicolor,Jewellery,Necklaces,Pendant,Cotton; Glass; Iron,Worn Gold,,15.99,/241/52/219346_DM_1,219346_DM_1.jpg,none,,,,,,
219367_GD,219367,Earring IDENTITY Gold,_GD,Gold,Jewellery,Earrings,Hoop Earrings,Iron; Zinc,Worn Gold,,5.99,/241/52/219367_GD_1,219367_GD_1.jpg,none,,,,,,
219374_BM,219374,Bracelet KISSSJAM Bright Multicolor,_BM,Bright Multicolor,Jewellery,Bracelets,Anklet,Acrylic; Glass; Stone; Zinc,Golden,,7.99,/241/52/219374_BM_2y,219374_BM_2y.jpg,none,,,,,,
219380_BM,219380,Necklace IDENTITY Bright Multicolor,_BM,Bright Multicolor,Jewellery,Necklaces,Beaded Necklace,Rubber; Thermoplastic Polyurethane; Zinc,,,10.99,/241/52/219380_BM_1,219380_BM_1.jpg,none,,,,,,
219385_BM,219385,Necklace KISSSJAM Bright Multicolor,_BM,Bright Multicolor,Jewellery,Necklaces,Beaded Necklace,Acrylic; Brass; Glass; Iron; Pearl; Shell; Stone; Thermoplastic Polyurethane; Zirconium,Golden,,12.99,/241/52/219385_BM_1,219385_BM_1.jpg,none,,,,,,
219393_BM,219393,Set of Necklaces KISSSJAM Bright Multicolor,_BM,Bright Multicolor,Jewellery,Necklaces,Chain,Brass; Enamel; Iron; Zinc,Golden,,12.99,/241/52/219393_BM_1,219393_BM_1.jpg,none,,,,,,
219399_BM,219399,Set of Earrings KISSSJAM Bright Multicolor,_BM,Bright Multicolor,Jewellery,Earrings,Hoop Earrings,Brass; Zirconium,Silver,,8.99,/241/52/219399_BM_1,219399_BM_1.jpg,none,,,,,,
219404_GD,219404,Earring KISSSJAM Gold,_GD,Gold,Jewellery,Earrings,Stud,Thermoplastic Polyurethane; Zinc,Golden,,8.99,/241/52/219404_GD_1,219404_GD_1.jpg,none,,,,,,
219420_SV,219420,Earring SILVER BASICS Silver,_SV,Silver,Jewellery,Earrings,Hoop Earrings,Zinc,Rodhium,,4.99,/241/52/219420_SV_1,219420_SV_1.jpg,none,,,,,,
219527_YL,219527,Earring FABRIC COLLECTION Yellow,_YL,Yellow,Jewellery,Earrings,Dangle,Iron; RECYCLED COTTON; Thermoplastic Polyurethane,Silver,,17.99,/241/52/219527_YL_1,219527_YL_1.jpg,none,,,,,,
219767_IV,219767,Set of Earrings Golden Basics Extra Ivory,_IV,Ivory,Jewellery,Earrings,Stud,Enamel; Zinc,Golden,,5.99,/241/52/219767_IV_1,219767_IV_1.jpg,none,,,,,,
219773_GD,219773,Earring Golden Basics Gold,_GD,Gold,Jewellery,Earrings,Stud,Zinc,Brushed Golden,,4.99,/242/52/219773_GD_1,219773_GD_1.jpg,none,,,,,,
219857_PU,219857,Bracelet ARM PURPLE Purple,_PU,Purple,Jewellery,Bracelets,Adjustable Bracelet,Brass; Enamel; Glass; Iron; Zinc,Golden,,7.99,/241/52/219857_PU_1,219857_PU_1.jpg,none,,,,,,
219865_PU,219865,Bracelet ARM PURPLE Purple,_PU,Purple,Jewellery,Bracelets,Adjustable Bracelet,Brass; Polyester; Rubber; Zinc,Golden,,7.99,/241/52/219865_PU_1,219865_PU_1.jpg,none,,,,,,
219973_BL,219973,Earring DOMINICA Blue,_BL,Blue,Jewellery,Earrings,Dangle,Glass; Iron; Raffia,Brushed Golden,,7.99,/241/52/219973_BL_1,219973_BL_1.jpg,none,,,,,,
219978_BM,219978,Necklace DOMINICA Bright Multicolor,_BM,Bright Multicolor,Jewellery,Necklaces,Collar,Acrylic; Cotton; Iron; Resin; Wood; Zinc,Brushed Golden,,17.99,/241/52/219978_BM_1,219978_BM_1.jpg,none,,,,,,
220019_BM,220019,Earring DOMINICA Bright Multicolor,_BM,Bright Multicolor,Jewellery,Earrings,Stud,Glass; Iron,Golden,,5.99,/241/52/220019_BM_1,220019_BM_1.jpg,none,,,,,,
220035_BL,220035,Earring DOMINICA Blue,_BL,Blue,Jewellery,Earrings,Stud,Enamel; Zinc,Golden,,5.99,/241/52/220035_BL_1,220035_BL_1.jpg,none,,,,,,
220299_GD,220299,Ring DOMINICA Gold,_GD,Gold,Jewellery,Rings,Fantasy,Zinc,Brushed Golden,,5.99,/241/52/220299_GD_1,220299_GD_1.jpg,none,,,,,,
220304_BL,220304,Necklace DOMINICA Blue,_BL,Blue,Jewellery,Necklaces,Pendant,Acrylic; Brass; Iron; Shell; Thermoplastic Polyurethane; Wood,Brushed Golden,,12.99,/241/52/220304_BL_1,220304_BL_1.jpg,none,,,,,,
220321_BM,220321,Earring DOMINICA Bright Multicolor,_BM,Bright Multicolor,Jewellery,Earrings,Dangle,Acrylic; Enamel; Iron; Polyester; Zinc,Golden,,8.99,/241/52/220321_BM_1,220321_BM_1.jpg,none,,,,,,
220327_BL,220327,Earring TREND Blue,_BL,Blue,Jewellery,Earrings,Dangle,Glass; Iron,Other,,12.99,/241/52/220327_BL_1,220327_BL_1.jpg,none,,,,,,
220327_BM,220327,Earring TREND Bright Multicolor,_BM,Bright Multicolor,Jewellery,Earrings,Dangle,Glass; Iron,Other,,12.99,/241/52/220327_BM_1,220327_BM_1.jpg,none,,,,,,
220328_BM,220328,Earring TREND Bright Multicolor,_BM,Bright Multicolor,Jewellery,Earrings,Dangle,Cotton; Glass; Iron; Resin; Rubber,Worn Gold,,15.99,/241/52/220328_BM_1,220328_BM_1.jpg,none,,,,,,
220334_BL,220334,Necklace TREND Blue,_BL,Blue,Jewellery,Necklaces,Beaded Necklace,Iron; Shell,Worn Gold,,25.99,/241/52/220334_BL_1,220334_BL_1.jpg,none,,,,,,
220340_GD,220340,Earring TREND Gold,_GD,Gold,Jewellery,Earrings,Stud,Zinc,Golden,,7.99,/241/52/220340_GD_1,220340_GD_1.jpg,none,,,,,,
220377_GD,220377,Earring TREND Gold,_GD,Gold,Jewellery,Earrings,Dangle,Brass,Worn Gold,,12.99,/241/52/220377_GD_1,220377_GD_1.jpg,none,,,,,,
220385_TQ,220385,Earring TREND Turquoise,_TQ,Turquoise,Jewellery,Earrings,Dangle,Glass; Iron; Organic Cotton,Golden,,12.99,/241/52/220385_TQ_1,220385_TQ_1.jpg,none,,,,,,
220397_BL,220397,Earring TREND Blue,_BL,Blue,Jewellery,Earrings,Dangle,Glass; Zinc,Worn Gold,,12.99,/241/52/220397_BL_1,220397_BL_1.jpg,none,,,,,,
220431_BL,220431,Earring TREND Blue,_BL,Blue,Jewellery,Earrings,Dangle,Iron; Shell; Steel; Thermoplastic Polyurethane; Zinc,,,9.99,/241/52/220431_BL_1,220431_BL_1.jpg,none,,,,,,
220437_GD,220437,Earring TREND Gold,_GD,Gold,Jewellery,Earrings,Stud,Zinc,,,9.99,/241/52/220437_GD_1,220437_GD_1.jpg,none,,,,,,
220483_BM,220483,Bracelet SUNSET JUNCTION Bright Multicolor,_BM,Bright Multicolor,Jewellery,Bracelets,Elastic Bracelet,Acrylic; Stone; Thermoplastic Polyurethane,Brushed Golden,,6.99,/241/52/220483_BM_1,220483_BM_1.jpg,none,,,,,,
220489_OR,220489,Earring SUNSET JUNCTION Orange,_OR,Orange,Jewellery,Earrings,Hoop Earrings,Enamel; Zinc,Other,,5.99,/241/52/220489_OR_1,220489_OR_1.jpg,none,,,,,,
220615_GD,220615,Bracelet FORMENTERA Gold,_GD,Gold,Jewellery,Bracelets,Cuff,Iron,Golden,,8.99,/241/52/220615_GD_1,220615_GD_1.jpg,none,,,,,,
220707_CL,220707,Necklace TREND Coral,_CL,Coral,Jewellery,Necklaces,Beaded Necklace,Glass; Iron; Thermoplastic Polyurethane,Golden,,19.99,/241/52/220707_CL_1,220707_CL_1.jpg,none,,,,,,
220721_LB,220721,Earring FORMENTERA Light Blue,_LB,Light Blue,Jewellery,Earrings,Dangle,Iron; Stone; Zinc,Worn Gold,,7.99,/241/52/220721_LB_1,220721_LB_1.jpg,none,,,,,,
220737_HM,220737,Earring FORMENTERA Halftone Multicolor,_HM,Halftone Multicolor,Jewellery,Earrings,Dangle,Brass; Ceramic,Worn Gold,,5.99,/241/52/220737_HM_1,220737_HM_1.jpg,none,,,,,,
220776_BL,220776,Earring FORMENTERA Blue,_BL,Blue,Jewellery,Earrings,Dangle,Brass; Ceramic; Glass; Polyester; Zinc,Worn Gold,,7.99,/241/52/220776_BL_1,220776_BL_1.jpg,none,,,,,,
220787_BM,220787,Earring IDENTITY Bright Multicolor,_BM,Bright Multicolor,Jewellery,Earrings,Hoop Earrings,Enamel; Iron,Golden,,7.99,/241/52/220787_BM_2y,220787_BM_2y.jpg,none,,,,,,
220800_WT,220800,Earring Golden Basics White,_WT,White,Jewellery,Earrings,Dangle,Shell; Zinc,Brushed Golden,,5.99,/242/52/220800_WT_1,220800_WT_1.jpg,none,,,,,,
220807_WT,220807,Bracelet Golden Basics White,_WT,White,Jewellery,Bracelets,Elastic Bracelet,Elastane; Glass; Zinc,Golden,,7.99,/242/52/220807_WT_1,220807_WT_1.jpg,none,,,,,,
220815_WT,220815,Set of Bracelets Golden Basics White,_WT,White,Jewellery,Bracelets,Elastic Bracelet,Elastane; Pearl; Polyester; Shell; Thermoplastic Polyurethane; Zinc,Golden,,7.99,/242/52/220815_WT_1,220815_WT_1.jpg,none,,,,,,
220824_WT,220824,Necklace Golden Basics White,_WT,White,Jewellery,Necklaces,Pendant,Copper; Shell; Zinc,Golden,,15.99,/242/52/220824_WT_1,220824_WT_1.jpg,none,,,,,,
220833_WT,220833,Earring Golden Basics White,_WT,White,Jewellery,Earrings,Dangle,Iron; Shell,Brushed Golden,,5.99,/242/52/220833_WT_1,220833_WT_1.jpg,none,,,,,,
220839_WT,220839,Earring Golden Basics White,_WT,White,Jewellery,Earrings,Drop,Brass; Shell; Steel,Golden,,7.99,/242/52/220839_WT_1,220839_WT_1.jpg,none,,,,,,
220845_WT,220845,Necklace Golden Basics White,_WT,White,Jewellery,Necklaces,Pendant,Brass; Shell,,,10.99,/242/52/220845_WT_1,220845_WT_1.jpg,none,,,,,,
220853_WT,220853,Earring Golden Basics White,_WT,White,Jewellery,Earrings,Dangle,Iron; Shell,Brushed Golden,,5.99,/241/52/220853_WT_1,220853_WT_1.jpg,none,,,,,,
220860_WT,220860,Bracelet Golden Basics White,_WT,White,Jewellery,Bracelets,Adjustable Bracelet,Brass; Iron; Resin; Shell,Golden,,7.99,/242/52/220860_WT_1,220860_WT_1.jpg,none,,,,,,
220868_WT,220868,Set of Earrings Golden Basics White,_WT,White,Jewellery,Earrings,Hoop Earrings,Thermoplastic Polyurethane; Zinc,Golden,,8.99,/242/52/220868_WT_1,220868_WT_1.jpg,none,,,,,,
220876_WT,220876,Bracelet Golden Basics White,_WT,White,Jewellery,Bracelets,Anklet,Copper; Shell,Golden,,6.99,/242/52/220876_WT_1,220876_WT_1.jpg,none,,,,,,
220907_WT,220907,Earring Golden Basics White,_WT,White,Jewellery,Earrings,Dangle,Iron; Shell,Golden,,5.99,/242/52/220907_WT_1,220907_WT_1.jpg,none,,,,,,
220914_GD,220914,Set of Rings Golden Basics Gold,_GD,Gold,Jewellery,Rings,Fantasy,Zinc,Golden,,6.99,/242/52/220914_GD_1,220914_GD_1.jpg,none,,,,,,
220922_WT,220922,Earring Golden Basics White,_WT,White,Jewellery,Earrings,Dangle,Iron; Shell,Golden,,5.99,/242/52/220922_WT_1,220922_WT_1.jpg,none,,,,,,
221015_IV,221015,Bracelet Golden Basics Extra Ivory,_IV,Ivory,Jewellery,Bracelets,Elastic Bracelet,Elastane; Enamel; Thermoplastic Polyurethane; Zinc,,,9.99,/241/52/221015_IV_1,221015_IV_1.jpg,none,,,,,,
221022_WT,221022,Earring Golden Basics White,_WT,White,Jewellery,Earrings,Hoop Earrings,Copper; Shell; Thermoplastic Polyurethane,Golden,,4.99,/242/52/221022_WT_1,221022_WT_1.jpg,none,,,,,,
221030_IV,221030,Earring Golden Basics Extra Ivory,_IV,Ivory,Jewellery,Earrings,Dangle,Copper; Enamel; Iron; Zinc,Brushed Golden,,7.99,/241/52/221030_IV_1,221030_IV_1.jpg,none,,,,,,
221039_WT,221039,Earring Golden Basics White,_WT,White,Jewellery,Earrings,Dangle,Iron; Shell,Brushed Golden,,5.99,/242/52/221039_WT_1,221039_WT_1.jpg,none,,,,,,
221045_WT,221045,Earring Golden Basics White,_WT,White,Jewellery,Earrings,Drop,Iron; Shell,Golden,,7.99,/242/52/221045_WT_1,221045_WT_1.jpg,none,,,,,,
221051_WT,221051,Necklace Golden Basics White,_WT,White,Jewellery,Necklaces,Bib Necklace,Acrylic; Iron; Shell,Golden,,12.99,/241/52/221051_WT_1,221051_WT_1.jpg,none,,,,,,
221081_GD,221081,Earring GLDN DEL Gold,_GD,Gold,Jewellery,Earrings,Stud,Brass; Steel; Zirconium,Golden,,7.99,/242/52/221081_GD_1,221081_GD_1.jpg,none,,,,,,
221081_SV,221081,Earring SILVER D Silver,_SV,Silver,Jewellery,Earrings,Stud,Brass; Steel; Zirconium,,,7.99,/242/52/221081_SV_1,221081_SV_1.jpg,none,,,,,,
221084_GD,221084,Earring GLDN DEL Gold,_GD,Gold,Jewellery,Earrings,Stud,Glass; Steel; Zinc,Golden,,4.99,/242/52/221084_GD_1,221084_GD_1.jpg,none,,,,,,
221090_GD,221090,Earring GLDN DEL Gold,_GD,Gold,Jewellery,Earrings,Dangle,Brass; Zirconium,Golden,,7.99,/242/52/221090_GD_1,221090_GD_1.jpg,none,,,,,,
221090_SV,221090,Earring SILVER D Silver,_SV,Silver,Jewellery,Earrings,Dangle,Brass; Zirconium,Golden,,7.99,/242/52/221090_SV_1,221090_SV_1.jpg,none,,,,,,
221100_GD,221100,Earring GLDN DEL Gold,_GD,Gold,Jewellery,Earrings,Stud,Brass; Zirconium,Golden,,5.99,/242/52/221100_GD_1,221100_GD_1.jpg,none,,,,,,
221100_SV,221100,Earring SILVER D Silver,_SV,Silver,Jewellery,Earrings,Stud,Brass; Zirconium,Golden,,5.99,/242/52/221100_SV_1,221100_SV_1.jpg,none,,,,,,
221112_GD,221112,Earring GLDN DEL Gold,_GD,Gold,Jewellery,Earrings,Dangle,Pearl; Zinc,,,9.99,/242/52/221112_GD_1,221112_GD_1.jpg,none,,,,,,
221123_GD,221123,Bracelet GLDN DEL Gold,_GD,Gold,Jewellery,Bracelets,Non-Adjustable Bracelet,Iron; Zinc,,,9.99,/242/52/221123_GD_1,221123_GD_1.jpg,none,,,,,,
221148_BM,221148,Earring TROPICAL GEMS Bright Multicolor,_BM,Bright Multicolor,Jewellery,Earrings,Tassel Earring,Glass; Iron; Thermoplastic Polyurethane,Golden,,8.99,/241/52/221148_BM_1,221148_BM_1.jpg,none,,,,,,
221162_CL,221162,Ring TROPICAL GEMS Coral,_CL,Coral,Jewellery,Rings,Band Ring,Enamel; Zinc; Zirconium,Golden,,5.99,/241/52/221162_CL_1,221162_CL_1.jpg,none,,,,,,
221237_BM,221237,Necklace TROPICAL GEMS Bright Multicolor,_BM,Bright Multicolor,Jewellery,Necklaces,Beaded Necklace,Acrylic; Glass; Iron; Thermoplastic Polyurethane; Zinc,Golden,,12.99,/241/52/221237_BM_1,221237_BM_1.jpg,none,,,,,,
221243_BM,221243,Earring TROPICAL GEMS Bright Multicolor,_BM,Bright Multicolor,Jewellery,Earrings,Dangle,Glass; Iron,Golden,,5.99,/241/52/221243_BM_1,221243_BM_1.jpg,none,,,,,,
221249_BM,221249,Bracelet TROPICAL GEMS Bright Multicolor,_BM,Bright Multicolor,Jewellery,Bracelets,Elastic Bracelet,Acrylic; Enamel; Glass; Thermoplastic Polyurethane; Zinc,Golden,,5.99,/241/52/221249_BM_1,221249_BM_1.jpg,none,,,,,,
221255_BM,221255,Earring TROPICAL GEMS Bright Multicolor,_BM,Bright Multicolor,Jewellery,Earrings,Hoop Earrings,Acrylic; Brass; Glass; Shell; Zinc,Golden,,7.99,/241/52/221255_BM_1,221255_BM_1.jpg,none,,,,,,
221258_GD,221258,Ring GLDN DEL Gold,_GD,Gold,Jewellery,Rings,Band Ring,Brass,Golden,,5.99,/242/52/221258_GD_1,221258_GD_1.jpg,none,,,,,,
221258_SV,221258,Ring SILVER D Silver,_SV,Silver,Jewellery,Rings,Band Ring,Brass,Golden,,5.99,/242/52/221258_SV_1,221258_SV_1.jpg,none,,,,,,
221265_SV,221265,Earring SILVER D Silver,_SV,Silver,Jewellery,Earrings,Dangle,Copper; Thermoplastic Polyurethane,Rodhium,,8.99,/242/52/221265_SV_1,221265_SV_1.jpg,none,,,,,,
221275_SV,221275,Earring SILVER D Silver,_SV,Silver,Jewellery,Earrings,Dangle,Brass; Zirconium,Rodhium,,5.99,/242/52/221275_SV_1,221275_SV_1.jpg,none,,,,,,
221280_BM,221280,Earring TROPICAL GEMS Bright Multicolor,_BM,Bright Multicolor,Jewellery,Earrings,Stud,Acrylic; Glass; Iron; Rubber; Thermoplastic Polyurethane; Zinc,Golden,,7.99,/241/52/221280_BM_1,221280_BM_1.jpg,none,,,,,,
221286_GD,221286,Earring GLDN DEL Gold,_GD,Gold,Jewellery,Earrings,Hoop Earrings,Acrylic; Brass; Zirconium,Golden,,5.99,/242/52/221286_GD_1,221286_GD_1.jpg,none,,,,,,
221286_SV,221286,Earring SILVER D Silver,_SV,Silver,Jewellery,Earrings,Hoop Earrings,Acrylic; Brass; Zirconium,Golden,,5.99,/242/52/221286_SV_1,221286_SV_1.jpg,none,,,,,,
221292_BM,221292,Bracelet TROPICAL GEMS Bright Multicolor,_BM,Bright Multicolor,Jewellery,Bracelets,Anklet,Glass; Iron; Shell; Thermoplastic Polyurethane,Golden,,7.99,/241/52/221292_BM_1,221292_BM_1.jpg,none,,,,,,
221443_BL,221443,Bracelet Arm Sea Blue,_BL,Blue,Jewellery,Bracelets,Adjustable Bracelet,Brass; Enamel; Stone; Zinc,Golden,,7.99,/242/52/221443_BL_1,221443_BL_1.jpg,none,,,,,,
221451_BM,221451,Key Chain FASHION SUPPLEMENTS Bright Multicolor,_BM,Bright Multicolor,Jewellery,Key chains,Charms,Acrylic; Iron,Golden,,12.99,/242/52/221451_BM_1,221451_BM_1.jpg,none,,,,,,
221479_PU,221479,Bracelet Arm Sand Purple,_PU,Purple,Jewellery,Bracelets,Adjustable Bracelet,Brass; Polyester; Thermoplastic Polyurethane; Zinc,Golden,,5.99,/242/52/221479_PU_1,221479_PU_1.jpg,none,,,,,,
221505_BM,221505,Bracelet Arm Sea Bright Multicolor,_BM,Bright Multicolor,Jewellery,Bracelets,Adjustable Bracelet,Enamel; Polyester; Thermoplastic Polyurethane; Zinc,Golden,,5.99,/242/52/221505_BM_1,221505_BM_1.jpg,none,,,,,,
221512_BG,221512,Bracelet Arm Sand Beige,_BG,Beige,Jewellery,Bracelets,Adjustable Bracelet,Copper; Enamel; Polyamide; Zinc,Golden,,5.99,/242/52/221512_BG_1,221512_BG_1.jpg,none,,,,,,
221523_GD,221523,Pin FASHION SUPPLEMENTS Gold,_GD,Gold,Jewellery,Pins,Pin,Zinc,Golden,,4.99,/242/52/221523_GD_2y,221523_GD_2y.jpg,none,,,,,,
221540_RD,221540,Key Chain FASHION SUPPLEMENTS Red,_RD,Red,Jewellery,Key chains,Figures,Shell; Steel; Zinc,,,9.99,/242/52/221540_RD_1,221540_RD_1.jpg,none,,,,,,
221555_WT,221555,Key Chain FASHION SUPPLEMENTS White,_WT,White,Jewellery,Key chains,Charms,Acrylic; Iron; Thermoplastic Polyurethane; Zinc,Golden,,12.99,/242/52/221555_WT_1,221555_WT_1.jpg,none,,,,,,
221565_BM,221565,Key Chain FASHION SUPPLEMENTS Bright Multicolor,_BM,Bright Multicolor,Jewellery,Key chains,Other Key-Chain,Enamel; Silicone; Thermoplastic Rubber; Zinc,,,9.99,/242/52/221565_BM_1,221565_BM_1.jpg,none,,,,,,
221575_BM,221575,Key Chain FASHION SUPPLEMENTS Bright Multicolor,_BM,Bright Multicolor,Jewellery,Key chains,Other Key-Chain,Acrylic; Glass; Iron; Raffia; Wood; Zinc,Golden,,15.99,/242/52/221575_BM_1,221575_BM_1.jpg,none,,,,,,
221614_HM,221614,Bracelet GLDN DEL Halftone Multicolor,_HM,Halftone Multicolor,Jewellery,Bracelets,Adjustable Bracelet,Brass; Zirconium,Golden,,6.99,/242/52/221614_HM_1,221614_HM_1.jpg,none,,,,,,
221619_HM,221619,Bracelet GLDN DEL Halftone Multicolor,_HM,Halftone Multicolor,Jewellery,Bracelets,Non-Adjustable Bracelet,Brass; Zirconium,Golden,,6.99,/242/52/221619_HM_1,221619_HM_1.jpg,none,,,,,,
221630_HM,221630,Earring GLDN DEL Halftone Multicolor,_HM,Halftone Multicolor,Jewellery,Earrings,Stud,Brass; Zirconium,Golden,,7.99,/242/52/221630_HM_1,221630_HM_1.jpg,none,,,,,,
221636_HM,221636,Earring GLDN DEL Halftone Multicolor,_HM,Halftone Multicolor,Jewellery,Earrings,Dangle,Brass; Iron; Zirconium,,,9.99,/242/52/221636_HM_1,221636_HM_1.jpg,none,,,,,,
221818_BM,221818,Necklace WATERMELON PARTY Bright Multicolor,_BM,Bright Multicolor,Jewellery,Necklaces,Beaded Necklace,Copper; Pearl; Shell; Stone; Thermoplastic Polyurethane; Zinc,,,10.99,/242/52/221818_BM_1,221818_BM_1.jpg,none,,,,,,
221827_BM,221827,Bracelet WATERMELON PARTY Bright Multicolor,_BM,Bright Multicolor,Jewellery,Bracelets,Anklet,Acrylic; Brass; Shell; Zinc,Golden,,8.99,/242/52/221827_BM_1,221827_BM_1.jpg,none,,,,,,
221833_TG,221833,Earring WATERMELON PARTY Pastel Green,_TG,Pastel Green,Jewellery,Earrings,Dangle,Iron; Shell,,,9.99,/242/52/221833_TG_1,221833_TG_1.jpg,none,,,,,,
221834_BM,221834,Earring WATERMELON PARTY Bright Multicolor,_BM,Bright Multicolor,Jewellery,Earrings,Dangle,Iron; Shell,Golden,,8.99,/242/52/221834_BM_1,221834_BM_1.jpg,none,,,,,,
221834_TG,221834,Earring WATERMELON PARTY Pastel Green,_TG,Pastel Green,Jewellery,Earrings,Dangle,Iron; Shell,Golden,,8.99,/242/52/221834_TG_1,221834_TG_1.jpg,none,,,,,,
221843_OL,221843,Earring WATERMELON PARTY Olive,_OL,Olive,Jewellery,Earrings,Hoop Earrings,Enamel; Zinc,Golden,,5.99,/242/52/221843_OL_1,221843_OL_1.jpg,none,,,,,,
221890_CL,221890,Earring WATERMELON PARTY Coral,_CL,Coral,Jewellery,Earrings,Dangle,Shell; Zinc,Worn Gold,,5.99,/242/52/221890_CL_1,221890_CL_1.jpg,none,,,,,,
221918_BM,221918,Necklace WATERMELON PARTY Bright Multicolor,_BM,Bright Multicolor,Jewellery,Necklaces,Beaded Necklace,Iron; Shell,Golden,,12.99,/242/52/221918_BM_1,221918_BM_1.jpg,none,,,,,,
221987_BM,221987,Earring WATERMELON PARTY Bright Multicolor,_BM,Bright Multicolor,Jewellery,Earrings,Dangle,Iron; Shell,Golden,,7.99,/242/52/221987_BM_1,221987_BM_1.jpg,none,,,,,,
222063_BM,222063,Earring WATERMELON PARTY Bright Multicolor,_BM,Bright Multicolor,Jewellery,Earrings,Hoop Earrings,Acrylic; Iron; Shell,Golden,,5.99,/242/52/222063_BM_1,222063_BM_1.jpg,none,,,,,,
222077_TL,222077,Earring WATERMELON PARTY Teal,_TL,Teal,Jewellery,Earrings,Dangle,Iron; Shell,Golden,,8.99,/242/52/222077_TL_1,222077_TL_1.jpg,none,,,,,,
222084_BM,222084,Earring WATERMELON PARTY Bright Multicolor,_BM,Bright Multicolor,Jewellery,Earrings,Dangle,Brass; Iron; Shell,,,9.99,/242/52/222084_BM_1,222084_BM_1.jpg,none,,,,,,
222608_CL,222608,Earring WATERMELON PARTY Coral,_CL,Coral,Jewellery,Earrings,Dangle,Iron; Shell,Golden,,7.99,/242/52/222608_CL_1,222608_CL_1.jpg,none,,,,,,
222998_PM,222998,Earring SPIRIT Pastel Multicolor,_PM,Pastel Multicolor,Jewellery,Earrings,Dangle,Iron; Stone; Zinc,Matte Golden,,7.99,/242/52/222998_PM_1,222998_PM_1.jpg,none,,,,,,
223006_PM,223006,Earring SPIRIT Pastel Multicolor,_PM,Pastel Multicolor,Jewellery,Earrings,Dangle,Acrylic; Brass; Cork; Glass; Iron; Pearl,Golden,,8.99,/242/52/223006_PM_1,223006_PM_1.jpg,none,,,,,,
223014_PM,223014,Necklace SPIRIT Pastel Multicolor,_PM,Pastel Multicolor,Jewellery,Necklaces,Chain,Acrylic; Brass; Cork; Iron; Stone; Zinc,Matte Golden,,12.99,/242/52/223014_PM_1,223014_PM_1.jpg,none,,,,,,
223057_PM,223057,Earring SPIRIT Pastel Multicolor,_PM,Pastel Multicolor,Jewellery,Earrings,Dangle,Brass; Iron; Resin; Stone; Thermoplastic Polyurethane,Matte Golden,,7.99,/242/52/223057_PM_1,223057_PM_1.jpg,none,,,,,,
223067_GD,223067,Earring SPIRIT Gold,_GD,Gold,Jewellery,Earrings,Hoop Earrings,Brass; Iron,Golden,,8.99,/242/52/223067_GD_1,223067_GD_1.jpg,none,,,,,,
223074_PM,223074,Bracelet SPIRIT Pastel Multicolor,_PM,Pastel Multicolor,Jewellery,Bracelets,Adjustable Bracelet,Elastane; Glass; Pearl; Stone; Zinc,Matte Golden,,5.99,/242/52/223074_PM_1,223074_PM_1.jpg,none,,,,,,
223122_GD,223122,Earring SPIRIT Gold,_GD,Gold,Jewellery,Earrings,Hoop Earrings,Steel; Zinc,Matte Golden,,7.99,/242/52/223122_GD_1,223122_GD_1.jpg,none,,,,,,
223207_LM,223207,Earring MARBLEMANIA Lime,_LM,Lime,Jewellery,Earrings,Hoop Earrings,Steel; Thermoplastic Polyurethane,Other,,5.99,/242/52/223207_LM_1,223207_LM_1.jpg,none,,,,,,
223207_OR,223207,Earring MARBLEMANIA Orange,_OR,Orange,Jewellery,Earrings,Hoop Earrings,Steel; Thermoplastic Polyurethane,Other,,5.99,/242/52/223207_OR_1,223207_OR_1.jpg,none,,,,,,
223209_BM,223209,Necklace MARBLEMANIA Bright Multicolor,_BM,Bright Multicolor,Jewellery,Necklaces,Beaded Necklace,Acrylic; Glass; Polyester,Other,,12.99,/242/52/223209_BM_1,223209_BM_1.jpg,none,,,,,,
223222_HM,223222,Earring MARBLEMANIA Halftone Multicolor,_HM,Halftone Multicolor,Jewellery,Earrings,Tassel Earring,Acrylic; Cork; Enamel; Iron; Polyamide,,,9.99,/242/52/223222_HM_1,223222_HM_1.jpg,none,,,,,,
223241_WT,223241,Earring TREND White,_WT,White,Jewellery,Earrings,Dangle,Cork; Glass; Iron; Thermoplastic Polyurethane,Other,,12.99,/242/52/223241_WT_1,223241_WT_1.jpg,none,,,,,,
223256_GD,223256,Bracelet TREND Gold,_GD,Gold,Jewellery,Bracelets,Bangle,Brass; Cork,Golden,,12.99,/242/52/223256_GD_1,223256_GD_1.jpg,none,,,,,,
223263_HM,223263,Bracelet MARBLEMANIA Halftone Multicolor,_HM,Halftone Multicolor,Jewellery,Bracelets,Non-Adjustable Bracelet,Cork; Resin; Thermoplastic Polyurethane,Other,,7.99,/242/52/223263_HM_1,223263_HM_1.jpg,none,,,,,,
223271_BM,223271,Earring TREND Bright Multicolor,_BM,Bright Multicolor,Jewellery,Earrings,Dangle,Metal Fitting; Resin,Worn Gold,,15.99,/242/52/223271_BM_1,223271_BM_1.jpg,none,,,,,,
223278_BL,223278,Earring MARBLEMANIA Blue,_BL,Blue,Jewellery,Earrings,Stud,Resin; Steel,Other,,7.99,/242/52/223278_BL_1,223278_BL_1.jpg,none,,,,,,
223278_LB,223278,Earring ATMOSPHERE Light Blue,_LB,Light Blue,Jewellery,Earrings,Stud,Resin,Other,,7.99,/242/52/223278_LB_1,223278_LB_1.jpg,none,,,,,,
223278_LM,223278,Earring MARBLEMANIA Lime,_LM,Lime,Jewellery,Earrings,Stud,Resin; Steel,Other,,7.99,/242/52/223278_LM_1,223278_LM_1.jpg,none,,,,,,
223283_HM,223283,Earring MARBLEMANIA Halftone Multicolor,_HM,Halftone Multicolor,Jewellery,Earrings,Dangle,Iron; Thermoplastic Polyurethane,Other,,8.99,/242/52/223283_HM_1,223283_HM_1.jpg,none,,,,,,
223293_BM,223293,Earring MARBLEMANIA Bright Multicolor,_BM,Bright Multicolor,Jewellery,Earrings,Dangle,Steel; Thermoplastic Polyurethane,Other,,7.99,/242/52/223293_BM_1,223293_BM_1.jpg,none,,,,,,
223324_BM,223324,Necklace MARBLEMANIA Bright Multicolor,_BM,Bright Multicolor,Jewellery,Necklaces,Pendant,Polyester; Resin,,,10.99,/242/52/223324_BM_1,223324_BM_1.jpg,none,,,,,,
223352_WT,223352,Bracelet TREND White,_WT,White,Jewellery,Bracelets,Elastic Bracelet,Cork; Enamel; Resin; Zinc,Golden,,15.99,/242/52/223352_WT_1,223352_WT_1.jpg,none,,,,,,
223359_GD,223359,Earring TREND Gold,_GD,Gold,Jewellery,Earrings,Dangle,Cork; Iron,Golden,,12.99,/242/52/223359_GD_1,223359_GD_1.jpg,none,,,,,,
223372_GD,223372,Earring TREND Gold,_GD,Gold,Jewellery,Earrings,Stud,Brass; Cork; Thermoplastic Polyurethane; Zinc,,,9.99,/242/52/223372_GD_1,223372_GD_1.jpg,none,,,,,,
223574_PM,223574,Earring EXCLUSIVE Pastel Multicolor,_PM,Pastel Multicolor,Jewellery,Earrings,Stud,Cork; Resin,Golden,,5.99,/242/52/223574_PM_1,223574_PM_1.jpg,none,,,,,,
223687_BK,223687,Earring Milagro Black,_BK,Black,Jewellery,Earrings,Stud,Cork; Resin; Zinc,Antik Golden,,5.99,/242/52/223687_BK_1,223687_BK_1.jpg,none,,,,,,
223687_BN,223687,Earring MUSTANG Brown,_BN,Brown,Jewellery,Earrings,Stud,Cork; Resin; Zinc,Antik Golden,,5.99,/242/52/223687_BN_1,223687_BN_1.jpg,none,,,,,,
223688_BN,223688,Earring MUSTANG Brown,_BN,Brown,Jewellery,Earrings,Hoop Earrings,Acrylic; Cork; Resin; Zinc,Antik Golden,,7.99,/242/52/223688_BN_1,223688_BN_1.jpg,none,,,,,,
223698_HM,223698,Necklace MUSTANG Halftone Multicolor,_HM,Halftone Multicolor,Jewellery,Necklaces,Pendant,Acrylic; Cork; Iron; Resin; Stone; Zinc,Antik Golden,,15.99,/242/52/223698_HM_1,223698_HM_1.jpg,none,,,,,,
223705_HM,223705,Earring MUSTANG Halftone Multicolor,_HM,Halftone Multicolor,Jewellery,Earrings,Dangle,Cork; Resin; Thermoplastic Polyurethane; Zinc,Antik Golden,,5.99,/242/52/223705_HM_1,223705_HM_1.jpg,none,,,,,,
223736_SV,223736,Earring silver basics EXTRA Silver,_SV,Silver,Jewellery,Earrings,Stud,Cork; Zinc,Rodhium,,7.99,/242/52/223736_SV_1,223736_SV_1.jpg,none,,,,,,
223745_HM,223745,Necklace MUSTANG Halftone Multicolor,_HM,Halftone Multicolor,Jewellery,Necklaces,Pendant,Cork; Iron; Resin; Stone; Thermoplastic Polyurethane; Zinc,Antik Golden,,12.99,/242/52/223745_HM_1,223745_HM_1.jpg,none,,,,,,
223751_HM,223751,Bracelet MUSTANG Halftone Multicolor,_HM,Halftone Multicolor,Jewellery,Bracelets,Elastic Bracelet,Acrylic; Cork; Elastane; Thermoplastic Polyurethane; Zinc,Antik Golden,,5.99,/242/52/223751_HM_1,223751_HM_1.jpg,none,,,,,,
223756_GD,223756,Necklace TREND Gold,_GD,Gold,Jewellery,Necklaces,Pendant,Cork; Iron,Golden,,17.99,/242/52/223756_GD_1,223756_GD_1.jpg,none,,,,,,
223772_HM,223772,Earring MUSTANG Halftone Multicolor,_HM,Halftone Multicolor,Jewellery,Earrings,Hoop Earrings,Cork; Resin; Zinc,Antik Golden,,8.99,/242/52/223772_HM_1,223772_HM_1.jpg,none,,,,,,
223778_SV,223778,Earring silver basics EXTRA Silver,_SV,Silver,Jewellery,Earrings,Hoop Earrings,Zinc,Rodhium,,4.99,/242/52/223778_SV_1,223778_SV_1.jpg,none,,,,,,
223787_WT,223787,Necklace silver basics EXTRA White,_WT,White,Jewellery,Necklaces,Beaded Necklace,Cork; Pearl; Zinc,Rodhium,,12.99,/242/52/223787_WT_1,223787_WT_1.jpg,none,,,,,,
223793_SV,223793,Earring silver basics EXTRA Silver,_SV,Silver,Jewellery,Earrings,Hoop Earrings,Brass,Rodhium,,7.99,/242/52/223793_SV_1,223793_SV_1.jpg,none,,,,,,
223802_BR,223802,Earring MUSTANG Brick Red,_BR,Brick Red,Jewellery,Earrings,Hoop Earrings,Cork; Resin; Zinc,Antik Golden,,5.99,/242/52/223802_BR_1,223802_BR_1.jpg,none,,,,,,
223809_HM,223809,Necklace MUSTANG Halftone Multicolor,_HM,Halftone Multicolor,Jewellery,Necklaces,Collar,Cork; Enamel; Iron; Zinc,Antik Golden,,12.99,/242/52/223809_HM_1,223809_HM_1.jpg,none,,,,,,
223815_SV,223815,Earring silver basics EXTRA Silver,_SV,Silver,Jewellery,Earrings,Stud,Zinc,Rodhium,,5.99,/242/52/223815_SV_1,223815_SV_1.jpg,none,,,,,,
223822_SV,223822,Bracelet silver basics EXTRA Silver,_SV,Silver,Jewellery,Bracelets,Non-Adjustable Bracelet,Cork; Iron; Zinc,Rodhium,,6.99,/242/52/223822_SV_1,223822_SV_1.jpg,none,,,,,,
223828_SV,223828,Earring silver basics EXTRA Silver,_SV,Silver,Jewellery,Earrings,Stud,Zinc,Rodhium,,5.99,/242/52/223828_SV_1,223828_SV_1.jpg,none,,,,,,
223836_SV,223836,Earring SILVER BASICS Silver,_SV,Silver,Jewellery,Earrings,Hoop Earrings,Cork; Thermoplastic Polyurethane,Rodhium,,7.99,/242/52/223836_SV_1,223836_SV_1.jpg,none,,,,,,
223842_SV,223842,Earring SILVER BASICS Silver,_SV,Silver,Jewellery,Earrings,Clip Earrings,Acrylic; Brass,Rodhium,,7.99,/242/52/223842_SV_1,223842_SV_1.jpg,none,,,,,,
223849_RD,223849,Set of Earrings SILVER BASICS Red,_RD,Red,Jewellery,Earrings,Stud,Acrylic; Cork; Zinc,Rodhium,,5.99,/242/52/223849_RD_1,223849_RD_1.jpg,none,,,,,,
223856_RD,223856,Ring SILVER BASICS Red,_RD,Red,Jewellery,Rings,Band Ring,Cork; Enamel; Zinc,Rodhium,,5.99,/242/52/223856_RD_1,223856_RD_1.jpg,none,,,,,,
223862_SV,223862,Set of Earrings SILVER BASICS Silver,_SV,Silver,Jewellery,Earrings,Ear Cuff,Cork; Iron; Thermoplastic Polyurethane,Rodhium,,5.99,/242/52/223862_SV_1,223862_SV_1.jpg,none,,,,,,
223878_SV,223878,Necklace SILVER BASICS Silver,_SV,Silver,Jewellery,Necklaces,Pendant,Cork; Iron; Zinc,,,10.99,/242/52/223878_SV_1,223878_SV_1.jpg,none,,,,,,
223899_RD,223899,Bracelet SILVER BASICS Red,_RD,Red,Jewellery,Bracelets,Non-Adjustable Bracelet,Acrylic; Polyamide; Zinc,Rodhium,,7.99,/242/52/223899_RD_1,223899_RD_1.jpg,none,,,,,,
223905_SV,223905,Earring SILVER BASICS Silver,_SV,Silver,Jewellery,Earrings,Hoop Earrings,Zinc,Rodhium,,5.99,/242/52/223905_SV_1,223905_SV_1.jpg,none,,,,,,
223912_RD,223912,Necklace SILVER BASICS Red,_RD,Red,Jewellery,Necklaces,Beaded Necklace,Acrylic; Iron; Zinc,Rodhium,,12.99,/242/52/223912_RD_1,223912_RD_1.jpg,none,,,,,,
223951_GD,223951,Earring GLDN DEL Gold,_GD,Gold,Jewellery,Earrings,Clip Earrings,Brass; Glass; Pearl,Golden,,15.99,/242/52/223951_GD_1,223951_GD_1.jpg,none,,,,,,
223972_WT,223972,Earring Golden Basics White,_WT,White,Jewellery,Earrings,Clip Earrings,Brass; Shell; Zinc,,,9.99,/242/52/223972_WT_1,223972_WT_1.jpg,none,,,,,,
224303_HM,224303,Set of Rings MONETT Halftone Multicolor,_HM,Halftone Multicolor,Jewellery,Rings,Band Ring,Cork; Enamel; Zinc,Golden,,7.99,/242/52/224303_HM_1,224303_HM_1.jpg,none,,,,,,
224315_GN,224315,Bracelet MONETT Green,_GN,Green,Jewellery,Bracelets,Cuff,Brass; Iron; Resin; Thermoplastic Polyurethane,Golden,,8.99,/242/52/224315_GN_1,224315_GN_1.jpg,none,,,,,,
224332_HM,224332,Earring MONETT Halftone Multicolor,_HM,Halftone Multicolor,Jewellery,Earrings,Hoop Earrings,Iron; Resin; Thermoplastic Polyurethane,Golden,,8.99,/242/52/224332_HM_1,224332_HM_1.jpg,none,,,,,,
224332_LL,224332,Earring MONETT Lilac,_LL,Lilac,Jewellery,Earrings,Hoop Earrings,Iron; Resin; Thermoplastic Polyurethane,Golden,,8.99,/242/52/224332_LL_1,224332_LL_1.jpg,none,,,,,,
224336_HM,224336,Necklace MONETT Halftone Multicolor,_HM,Halftone Multicolor,Jewellery,Necklaces,Beaded Necklace,Copper; Resin; Zinc,,,10.99,/242/52/224336_HM_1,224336_HM_1.jpg,none,,,,,,
224343_HM,224343,Necklace MONETT Halftone Multicolor,_HM,Halftone Multicolor,Jewellery,Necklaces,Pendant,Iron; Resin,,,10.99,/242/52/224343_HM_1,224343_HM_1.jpg,none,,,,,,
224386_HM,224386,Earring MONETT Halftone Multicolor,_HM,Halftone Multicolor,Jewellery,Earrings,Dangle,Resin; Zinc,Brushed Golden,,5.99,/242/52/224386_HM_1,224386_HM_1.jpg,none,,,,,,
224395_BU,224395,Ring MONETT Burgundy,_BU,Burgundy,Jewellery,Rings,Band Ring,Resin; Zinc,Golden,,5.99,/242/52/224395_BU_1,224395_BU_1.jpg,none,,,,,,
224402_HM,224402,Bracelet MONETT Halftone Multicolor,_HM,Halftone Multicolor,Jewellery,Bracelets,Elastic Bracelet,Acrylic; Cork; Stone; Thermoplastic Polyurethane,Golden,,6.99,/242/52/224402_HM_1,224402_HM_1.jpg,none,,,,,,
224517_SV,224517,Ring SILVER D Silver,_SV,Silver,Jewellery,Rings,Band Ring,Brass,Silver,,5.99,/242/52/224517_SV_1,224517_SV_1.jpg,none,,,,,,
224528_PM,224528,Bracelet EXCLUSIVE Pastel Multicolor,_PM,Pastel Multicolor,Jewellery,Bracelets,Bangle,Resin,Other,,12.99,/242/52/224528_PM_1,224528_PM_1.jpg,none,,,,,,
224568_BK,224568,Earring Milagro Black,_BK,Black,Jewellery,Earrings,Stud,Resin; Zinc,Other,,8.99,/242/52/224568_BK_1,224568_BK_1.jpg,none,,,,,,
224573_BK,224573,Earring Milagro Black,_BK,Black,Jewellery,Earrings,Hoop Earrings,Brass; Glass; Resin; Zinc; Zirconium,Golden,,7.99,/242/52/224573_BK_1,224573_BK_1.jpg,none,,,,,,
224586_BK,224586,Earring Milagro Black,_BK,Black,Jewellery,Earrings,Hoop Earrings,Brass; Cork; Enamel; Zinc,Golden,,5.99,/242/52/224586_BK_1,224586_BK_1.jpg,none,,,,,,
224593_BK,224593,Necklace Milagro Black,_BK,Black,Jewellery,Necklaces,Pendant,Agate; Brass; Cork; Iron; Stone; Zinc,Golden,,15.99,/242/52/224593_BK_1,224593_BK_1.jpg,none,,,,,,
224600_GD,224600,Earring Milagro Gold,_GD,Gold,Jewellery,Earrings,Hoop Earrings,Cork; Zinc,Golden,,7.99,/242/52/224600_GD_1,224600_GD_1.jpg,none,,,,,,
224606_BK,224606,Earring Milagro Black,_BK,Black,Jewellery,Earrings,Hoop Earrings,Glass; Iron,Golden,,5.99,/242/52/224606_BK_1,224606_BK_1.jpg,none,,,,,,
224614_BK,224614,Earring Milagro Black,_BK,Black,Jewellery,Earrings,Dangle,Steel; Thermoplastic Polyurethane,Brushed Golden,,5.99,/242/52/224614_BK_1,224614_BK_1.jpg,none,,,,,,
224623_BK,224623,Bracelet Milagro Black,_BK,Black,Jewellery,Bracelets,Non-Adjustable Bracelet,Magnet; Polyester; Polyurethane; Zinc,Golden,,7.99,/242/52/224623_BK_1,224623_BK_1.jpg,none,,,,,,
224628_BK,224628,Bracelet Milagro Black,_BK,Black,Jewellery,Bracelets,Cuff,Brass; Cork,Golden,,8.99,/242/52/224628_BK_1,224628_BK_1.jpg,none,,,,,,
224636_BK,224636,Bracelet Milagro Black,_BK,Black,Jewellery,Bracelets,Elastic Bracelet,Cork; Enamel; Zinc,Golden,,6.99,/242/52/224636_BK_1,224636_BK_1.jpg,none,,,,,,
224641_GD,224641,Earring Golden Basics Gold,_GD,Gold,Jewellery,Earrings,Hoop Earrings,Brass; Iron,Golden,,7.99,/242/52/224641_GD_1,224641_GD_1.jpg,none,,,,,,
224655_GD,224655,Set of Rings Golden Basics Gold,_GD,Gold,Jewellery,Rings,Band Ring,Zinc,Golden,,7.99,/242/52/224655_GD_1,224655_GD_1.jpg,none,,,,,,
224661_GD,224661,Necklace Golden Basics Gold,_GD,Gold,Jewellery,Necklaces,Beaded Necklace,Copper; Zinc,Golden,,10.99,/242/52/224661_GD_1,224661_GD_1.jpg,none,,,,,,
224669_GD,224669,Ring Golden Basics Gold,_GD,Gold,Jewellery,Rings,Fantasy,Cork; Zinc,Golden,,5.99,/242/52/224669_GD_1,224669_GD_1.jpg,none,,,,,,
224676_GD,224676,Necklace Golden Basics Gold,_GD,Gold,Jewellery,Necklaces,Pendant,Brass; Cork; Iron; Zinc,Golden,,12.99,/242/52/224676_GD_1,224676_GD_1.jpg,none,,,,,,
224682_GD,224682,Bracelet Golden Basics Gold,_GD,Gold,Jewellery,Bracelets,Elastic Bracelet,Thermoplastic Polyurethane; Zinc,Golden,,8.99,/242/52/224682_GD_1,224682_GD_1.jpg,none,,,,,,
224721_HM,224721,Necklace NOMADA Halftone Multicolor,_HM,Halftone Multicolor,Jewellery,Necklaces,Pendant,Copper; Cork; Resin; Stone; Zinc,Golden,,12.99,/242/52/224721_HM_1,224721_HM_1.jpg,none,,,,,,
224729_HM,224729,Earring NOMADA Halftone Multicolor,_HM,Halftone Multicolor,Jewellery,Earrings,Dangle,Acrylic; Cork; Iron; Stone,Golden,,5.99,/242/52/224729_HM_1,224729_HM_1.jpg,none,,,,,,
224736_HM,224736,Bracelet NOMADA Halftone Multicolor,_HM,Halftone Multicolor,Jewellery,Bracelets,Elastic Bracelet,Acrylic; Brass; Cork; Elastane; Glass; Stone; Thermoplastic Polyurethane; Zinc,Golden,,7.99,/242/52/224736_HM_1,224736_HM_1.jpg,none,,,,,,
224740_BL,224740,Earring NOMADA Blue,_BL,Blue,Jewellery,Earrings,Clip Earrings,Cork; Steel; Thermoplastic Polyurethane; Zinc,Golden,,5.99,/242/52/224740_BL_1,224740_BL_1.jpg,none,,,,,,
224768_HM,224768,Set of Necklaces NOMADA Halftone Multicolor,_HM,Halftone Multicolor,Jewellery,Necklaces,Pendant,Brass; Cork; Stone; Zinc,Golden,,12.99,/242/52/224768_HM_1,224768_HM_1.jpg,none,,,,,,
224778_HM,224778,Set of Earrings NOMADA Halftone Multicolor,_HM,Halftone Multicolor,Jewellery,Earrings,Hoop Earrings,Brass; Cork; Stone; Zinc,Golden,,7.99,/242/52/224778_HM_1,224778_HM_1.jpg,none,,,,,,
224795_HM,224795,Necklace NOMADA Halftone Multicolor,_HM,Halftone Multicolor,Jewellery,Necklaces,Beaded Necklace,Brass; Cork; Iron; Resin; Stone,Golden,,12.99,/242/52/224795_HM_1,224795_HM_1.jpg,none,,,,,,
224801_TB,224801,Earring NOMADA Pastel Blue,_TB,Pastel Blue,Jewellery,Earrings,Drop,Cork; Stone; Zinc,Golden,,4.99,/242/52/224801_TB_1,224801_TB_1.jpg,none,,,,,,
224809_HM,224809,Bracelet NOMADA Halftone Multicolor,_HM,Halftone Multicolor,Jewellery,Bracelets,Elastic Bracelet,Acrylic; Cork; Iron; Stone; Thermoplastic Polyurethane; Zinc,Golden,,7.99,/242/52/224809_HM_1,224809_HM_1.jpg,none,,,,,,
224815_HM,224815,Earring NOMADA Halftone Multicolor,_HM,Halftone Multicolor,Jewellery,Earrings,Dangle,Cork; Iron; Stone; Zinc,Golden,,8.99,/242/52/224815_HM_1,224815_HM_1.jpg,none,,,,,,
224926_GD,224926,Bracelet BULKY GOLD PLATED Gold,_GD,Gold,Jewellery,Bracelets,Non-Adjustable Bracelet,Brass,Gold Plated,,29.99,/242/52/224926_GD_1,224926_GD_1.jpg,none,,,,,,
224931_GD,224931,Necklace BULKY GOLD PLATED Gold,_GD,Gold,Jewellery,Necklaces,Pendant,Brass,Gold Plated,,49.99,/242/52/224931_GD_1,224931_GD_1.jpg,none,,,,,,
224984_BL,224984,Earring ATMOSPHERE Blue,_BL,Blue,Jewellery,Earrings,Clip Earrings,Iron; Thermoplastic Polyurethane; Zinc,Rodhium,,7.99,/242/52/224984_BL_1,224984_BL_1.jpg,none,,,,,,
224990_BL,224990,Necklace ATMOSPHERE Blue,_BL,Blue,Jewellery,Necklaces,Beaded Necklace,Brass; Cork; Stone; Thermoplastic Polyurethane,Rose Gold,,12.99,/242/52/224990_BL_1,224990_BL_1.jpg,none,,,,,,
224998_BL,224998,Necklace ATMOSPHERE Blue,_BL,Blue,Jewellery,Necklaces,Beaded Necklace,Brass; Thermoplastic Polyurethane; Zinc,Rodhium,,10.99,/242/52/224998_BL_1,224998_BL_1.jpg,none,,,,,,
225020_GD,225020,Jewellery GOLD PLATED COLLECTION Gold,_GD,Gold,Jewellery,Charms,Symbol,Brass; Stone,Gold Plated,,15.99,/242/52/225020_GD_1,225020_GD_1.jpg,none,,,,,,
225027_GD,225027,Jewellery GOLD PLATED COLLECTION Gold,_GD,Gold,Jewellery,Charms,Symbol,Brass; Stone,Gold Plated,,15.99,/242/52/225027_GD_1,225027_GD_1.jpg,none,,,,,,
225033_GD,225033,Necklace GOLD PLATED COLLECTION Gold,_GD,Gold,Jewellery,Necklaces,Pendant,Brass; Stone,Gold Plated,,27.99,/242/52/225033_GD_1,225033_GD_1.jpg,none,,,,,,
225042_BL,225042,Earring ATMOSPHERE Blue,_BL,Blue,Jewellery,Earrings,Hoop Earrings,Acrylic; Iron,,,7.99,/242/52/225042_BL_1,225042_BL_1.jpg,none,,,,,,
207919_BL,207919,Multipurpose Purse CHER Blue,_BL,Blue,Wallet,Multipurpose Purse,Beads,Cotton; Fiberglass,,,17.99,/232/62/207919_BL_1,207919_BL_1.jpg,none,,,,,,
208016_EC,208016,Coin Purse SAMANTHA Ecru,_EC,Ecru,Wallet,Coin Purse,Printed PU,Polyester; Polyurethane,,,5.99,/232/62/208016_EC_1,208016_EC_1.jpg,none,,,,,,
208055_EC,208055,Wallet BRENDA Ecru,_EC,Ecru,Wallet,Wallet,Plain PU,Polyester; Polyurethane,,,15.99,/232/62/208055_EC_1,208055_EC_1.jpg,none,,,,,,
208055_GN,208055,Wallet BRENDA Green,_GN,Green,Wallet,Wallet,Plain PU,Polyester; Polyurethane,,,15.99,/232/62/208055_GN_1,208055_GN_1.jpg,none,,,,,,
208057_CA,208057,Wallet BRENDA Camel,_CA,Camel,Wallet,Wallet,Plain PU,Polyester; Polyurethane,,,15.99,/232/62/208057_CA_1,208057_CA_1.jpg,none,,,,,,
208057_OR,208057,Wallet BRENDA Orange,_OR,Orange,Wallet,Wallet,Plain PU,Polyester; Polyurethane,,,15.99,/232/62/208057_OR_1,208057_OR_1.jpg,none,,,,,,
208057_PK,208057,Wallet BRENDA Pink,_PK,Pink,Wallet,Wallet,Plain PU,Polyester; Polyurethane,,,15.99,/232/62/208057_PK_1,208057_PK_1.jpg,none,,,,,,
208060_PK,208060,Coin Purse BRENDA Pink,_PK,Pink,Wallet,Coin Purse,Plain PU,Polyester; Polyurethane,,,9.99,/232/62/208060_PK_1,208060_PK_1.jpg,none,,,,,,
208079_BG,208079,Wallet BASIC LAURINDA Beige,_BG,Beige,Wallet,Wallet,Plain PU,Polyester; Polyurethane,,,10.99,/232/62/208079_BG_1,208079_BG_1.jpg,none,,,,,,
208079_PK,208079,Wallet BASIC LAURINDA Pink,_PK,Pink,Wallet,Wallet,Plain PU,Polyester; Polyurethane,,,10.99,/232/62/208079_PK_1,208079_PK_1.jpg,none,,,,,,
208212_WT,208212,Multipurpose Purse SAMANTHA White,_WT,White,Wallet,Multipurpose Purse,Nylon,Polyester; Polyethylene Terephthalate,,,15.99,/232/62/208212_WT_1,208212_WT_1.jpg,none,,,,,,
208723_YL,208723,Card Holder SOFIA Yellow,_YL,Yellow,Wallet,Card Holder,Plain PU,Polyester; Polyurethane,,,9.99,/232/62/208723_YL_1,208723_YL_1.jpg,none,,,,,,
208726_KK,208726,Card Holder SOFIA Khaki,_KK,Khaki,Wallet,Card Holder,Plain PU,Acrylic; Polyester; Polyurethane,,,9.99,/232/62/208726_KK_1,208726_KK_1.jpg,none,,,,,,
208726_PK,208726,Card Holder SOFIA Pink,_PK,Pink,Wallet,Card Holder,Plain PU,Acrylic; Polyester; Polyurethane,,,9.99,/232/62/208726_PK_1,208726_PK_1.jpg,none,,,,,,
208732_BK,208732,Phone Holder BASIC LAURINDA Black,_BK,Black,Wallet,Phone Holder,Plain PU,Polyester; Polyurethane,,,17.99,/232/62/208732_BK_1,208732_BK_1.jpg,none,,,,,,
208732_EC,208732,Phone Holder BASIC LAURINDA Ecru,_EC,Ecru,Wallet,Phone Holder,Plain PU,Polyester; Polyurethane,,,17.99,/232/62/208732_EC_1,208732_EC_1.jpg,none,,,,,,
208732_OR,208732,Phone Holder BASIC LAURINDA Orange,_OR,Orange,Wallet,Phone Holder,Plain PU,Polyester; Polyurethane,,,17.99,/232/62/208732_OR_1,208732_OR_1.jpg,none,,,,,,
208733_EC,208733,Coin Purse BASIC LAURINDA Ecru,_EC,Ecru,Wallet,Coin Purse,Printed PU,Polyester; Polyurethane,,,5.99,/232/62/208733_EC_1,208733_EC_1.jpg,none,,,,,,
209412_BL,209412,Wallet BEACH Blue,_BL,Blue,Wallet,Wallet,Printed PU,Polyester; Polyurethane,,,15.99,/232/62/209412_BL_1,209412_BL_1.jpg,none,,,,,,
209565_GN,209565,Wallet GLICINIA Green,_GN,Green,Wallet,Wallet,Printed PU,Polyester; Polyurethane,,,15.99,/232/62/209565_GN_1,209565_GN_1.jpg,none,,,,,,
209766_BL,209766,Multipurpose Purse CHER Blue,_BL,Blue,Wallet,Multipurpose Purse,Plain PU,Polyester; Polyurethane,,,12.99,/232/62/209766_BL_1,209766_BL_1.jpg,none,,,,,,
209972_BL,209972,Wallet tilda Blue,_BL,Blue,Wallet,Wallet,Plain PU,Polyester; Polyurethane,,,17.99,/232/62/209972_BL_1,209972_BL_1.jpg,none,,,,,,
209973_BL,209973,Wallet tilda Blue,_BL,Blue,Wallet,Wallet,Plain PU,Polyester; Polyurethane,,,15.99,/232/62/209973_BL_1,209973_BL_1.jpg,none,,,,,,
209973_EC,209973,Wallet tilda Ecru,_EC,Ecru,Wallet,Wallet,Plain PU,Polyester; Polyurethane,,,15.99,/232/62/209973_EC_1,209973_EC_1.jpg,none,,,,,,
209980_GN,209980,Coin Purse tilda Green,_GN,Green,Wallet,Coin Purse,Plain PU,Acrylic; Polyester; Polyurethane; Resin,,,12.99,/232/62/209980_GN_1,209980_GN_1.jpg,none,,,,,,
210159_EC,210159,Wallet mirabel Ecru,_EC,Ecru,Wallet,Wallet,Printed PU,Polyester; Polyurethane,,,12.99,/232/62/210159_EC_1,210159_EC_1.jpg,none,,,,,,
210178_NV,210178,Multipurpose Purse manolita Navy,_NV,Navy,Wallet,Multipurpose Purse,Printed Nylon,Polyester; Polyurethane,,,12.99,/232/62/210178_NV_1,210178_NV_1.jpg,none,,,,,,
210204_PK,210204,Wallet manolita Pink,_PK,Pink,Wallet,Wallet,Plain PU,Polyester; Polyurethane,,,12.99,/232/62/210204_PK_1,210204_PK_1.jpg,none,,,,,,
210204_SV,210204,Wallet manolita Silver,_SV,Silver,Wallet,Wallet,Plain PU,Polyester; Polyurethane,,,12.99,/232/62/210204_SV_1,210204_SV_1.jpg,none,,,,,,
210217_AQ,210217,Card Holder bjork Aquamarine,_AQ,Aquamarine,Wallet,Card Holder,Plain PU,Polyester; Polyurethane,,,9.99,/232/62/210217_AQ_1,210217_AQ_1.jpg,none,,,,,,
210245_EC,210245,Wallet mirabel Ecru,_EC,Ecru,Wallet,Wallet,Plain PU,Polyester; Polyurethane,,,10.99,/232/62/210245_EC_1,210245_EC_1.jpg,none,,,,,,
210245_LN,210245,Wallet mirabel Light Green,_LN,Light Green,Wallet,Wallet,Plain PU,Polyester; Polyurethane,,,10.99,/232/62/210245_LN_1,210245_LN_1.jpg,none,,,,,,
210252_LN,210252,Coin Purse mirabel Light Green,_LN,Light Green,Wallet,Coin Purse,Plain PU,Polyester; Polyurethane,,,7.99,/232/62/210252_LN_1,210252_LN_1.jpg,none,,,,,,
210851_BM,210851,Wallet Elle Bright Multicolor,_BM,Bright Multicolor,Wallet,Wallet,Printed PU,Polyester; Polyurethane,,,15.99,/232/62/210851_BM_1,210851_BM_1.jpg,none,,,,,,
210858_GN,210858,Coin Purse Elle Green,_GN,Green,Wallet,Coin Purse,Plain PU,Polyester; Polyurethane,,,7.99,/232/62/210858_GN_1,210858_GN_1.jpg,none,,,,,,
210870_HM,210870,Multipurpose Purse lara Halftone Multicolor,_HM,Halftone Multicolor,Wallet,Multipurpose Purse,Printed Nylon,Polyester; Polyurethane,,,15.99,/232/62/210870_HM_1,210870_HM_1.jpg,none,,,,,,
210968_DM,210968,Coin Purse bjork Dark Multicolor,_DM,Dark Multicolor,Wallet,Coin Purse,Plastic,Polyurethane; Thermoplastic Polyurethane,,,7.99,/232/62/210968_DM_1,210968_DM_1.jpg,none,,,,,,
211103_CL,211103,Wallet Pam Coral,_CL,Coral,Wallet,Wallet,Plain PU,Polyester; Polyurethane,,,17.99,/232/62/211103_CL_1,211103_CL_1.jpg,none,,,,,,
211103_EC,211103,Wallet Pam Ecru,_EC,Ecru,Wallet,Wallet,Plain PU,Polyester; Polyurethane,,,17.99,/232/62/211103_EC_1,211103_EC_1.jpg,none,,,,,,
211105_WT,211105,Coin Purse Pam White,_WT,White,Wallet,Coin Purse,Plain PU,Polyester; Polyurethane,,,9.99,/232/62/211105_WT_1,211105_WT_1.jpg,none,,,,,,
211237_EC,211237,Phone Holder BLOOMING Ecru,_EC,Ecru,Wallet,Phone Holder,Color Block,Polyester; Polyurethane; Thermoplastic Polyurethane,,,17.99,/232/62/211237_EC_1,211237_EC_1.jpg,none,,,,,,
211360_DM,211360,Wallet irene Dark Multicolor,_DM,Dark Multicolor,Wallet,Wallet,Printed PU,Polyester; Polyurethane,,,12.99,/232/62/211360_DM_1,211360_DM_1.jpg,none,,,,,,
211366_BU,211366,Card Holder irene Burgundy,_BU,Burgundy,Wallet,Card Holder,Plain PU,Polyester; Polyurethane,,,12.99,/232/62/211366_BU_1,211366_BU_1.jpg,none,,,,,,
211439_DG,211439,Phone Holder STELLA Dark Grey,_DG,Dark Grey,Wallet,Phone Holder,Fake Nylon,Polyester; Polyurethane,,,17.99,/232/62/211439_DG_1,211439_DG_1.jpg,none,,,,,,
211439_EC,211439,Phone Holder STELLA Ecru,_EC,Ecru,Wallet,Phone Holder,Fake Nylon,Polyester; Polyurethane,,,17.99,/232/62/211439_EC_1,211439_EC_1.jpg,none,,,,,,
211439_PU,211439,Phone Holder STELLA Purple,_PU,Purple,Wallet,Phone Holder,Fake Nylon,Polyester; Polyurethane,,,17.99,/232/62/211439_PU_1,211439_PU_1.jpg,none,,,,,,
211509_BK,211509,Wallet lara Black,_BK,Black,Wallet,Wallet,Peach PU,Polyester; Polyurethane,,,17.99,/232/62/211509_BK_1,211509_BK_1.jpg,none,,,,,,
211509_CA,211509,Wallet lara Camel,_CA,Camel,Wallet,Wallet,Peach PU,Polyester; Polyurethane,,,17.99,/232/62/211509_CA_1,211509_CA_1.jpg,none,,,,,,
211535_LL,211535,Card Holder lara Lilac,_LL,Lilac,Wallet,Card Holder,Peach PU,Polyester; Polyurethane,,,9.99,/232/62/211535_LL_1,211535_LL_1.jpg,none,,,,,,
211542_BM,211542,Wallet Basic Portia Bright Multicolor,_BM,Bright Multicolor,Wallet,Wallet,Printed PU,Polyester; Polyurethane,,,15.99,/232/62/211542_BM_1,211542_BM_1.jpg,none,,,,,,
211548_BM,211548,Coin Purse Portia Bright Multicolor,_BM,Bright Multicolor,Wallet,Coin Purse,Printed PU,Polyester; Polyurethane,,,7.99,/232/62/211548_BM_1,211548_BM_1.jpg,none,,,,,,
211653_GN,211653,Phone Holder NOTO Green,_GN,Green,Wallet,Phone Holder,Nylon,Polyester,,,17.99,/232/62/211653_GN_1,211653_GN_1.jpg,none,,,,,,
211699_DM,211699,Coin Purse FARM2 Dark Multicolor,_DM,Dark Multicolor,Wallet,Coin Purse,Real Fur,Cow Leather; Polyester; Polyurethane,,,12.99,/232/62/211699_DM_1,211699_DM_1.jpg,none,,,,,,
211699_PK,211699,Coin Purse FARM2 Pink,_PK,Pink,Wallet,Coin Purse,Real Fur,Cow Leather; Polyester; Polyurethane,,,12.99,/232/62/211699_PK_1,211699_PK_1.jpg,none,,,,,,
211835_BK,211835,Phone Holder MARIGOLD 2 Black,_BK,Black,Wallet,Phone Holder,Nylon,Polyester; Polyurethane,,,15.99,/232/62/211835_BK_1,211835_BK_1.jpg,none,,,,,,
211835_BL,211835,Phone Holder MARIGOLD 1 Blue,_BL,Blue,Wallet,Phone Holder,Nylon,Polyester; Polyurethane,,,15.99,/232/62/211835_BL_1,211835_BL_1.jpg,none,,,,,,
211835_EC,211835,Phone Holder MARIGOLD 1 Ecru,_EC,Ecru,Wallet,Phone Holder,Nylon,Polyester; Polyurethane,,,15.99,/232/62/211835_EC_1,211835_EC_1.jpg,none,,,,,,
211835_KK,211835,Phone Holder MARIGOLD 2 Khaki,_KK,Khaki,Wallet,Phone Holder,Nylon,Polyester; Polyurethane,,,15.99,/232/62/211835_KK_1,211835_KK_1.jpg,none,,,,,,
212044_DM,212044,Multipurpose Purse kimmy Dark Multicolor,_DM,Dark Multicolor,Wallet,Multipurpose Purse,Printed Nylon,Polyester; Silicone,,,12.99,/232/62/212044_DM_1,212044_DM_1.jpg,none,,,,,,
212146_BK,212146,Coin Purse irene Black,_BK,Black,Wallet,Coin Purse,Nylon,Polyester,,,12.99,/232/62/212146_BK_1,212146_BK_1.jpg,none,,,,,,
212577_BK,212577,Wallet INGRID Black,_BK,Black,Wallet,Wallet,Printed PU,Polyester; Polyurethane; Thermoplastic Polyurethane,,,15.99,/232/62/212577_BK_1,212577_BK_1.jpg,none,,,,,,
212577_EC,212577,Wallet INGRID Ecru,_EC,Ecru,Wallet,Wallet,Printed PU,Polyester; Polyurethane; Thermoplastic Polyurethane,,,15.99,/232/62/212577_EC_1,212577_EC_1.jpg,none,,,,,,
212577_TU,212577,Wallet INGRID Taupe,_TU,Taupe,Wallet,Wallet,Printed PU,Polyester; Polyurethane; Thermoplastic Polyurethane,,,15.99,/232/62/212577_TU_1,212577_TU_1.jpg,none,,,,,,
212656_BG,212656,Wallet lara Beige,_BG,Beige,Wallet,Wallet,Peach PU,Polyester; Polyurethane,,,12.99,/232/62/212656_BG_1,212656_BG_1.jpg,none,,,,,,
212745_GY,212745,Phone Holder OLIVE Grey,_GY,Grey,Wallet,Phone Holder,Printed PU,Polyester; Polyurethane; Thermoplastic Polyurethane,,,17.99,/232/62/212745_GY_1,212745_GY_1.jpg,none,,,,,,
212804_DM,212804,Notebook irene Dark Multicolor,_DM,Dark Multicolor,Wallet,Others,Notebook,Paper,,,12.99,/232/62/212804_DM_1,212804_DM_1.jpg,none,,,,,,
212819_BK,212819,Phone Holder BILLIE Black,_BK,Black,Wallet,Phone Holder,Printed Nylon,Polyester; Polyurethane,,,17.99,/232/62/212819_BK_1,212819_BK_1.jpg,none,,,,,,
212819_WT,212819,Phone Holder BILLIE White,_WT,White,Wallet,Phone Holder,Printed Nylon,Polyester; Polyurethane,,,17.99,/232/62/212819_WT_1,212819_WT_1.jpg,none,,,,,,
213198_BK,213198,Wallet VILLAGE 1 Black,_BK,Black,Wallet,Wallet,Fake Nylon,Polyester; Polyurethane; Thermoplastic Polyurethane,,,15.99,/232/62/213198_BK_1,213198_BK_1.jpg,none,,,,,,
213430_KK,213430,Notebook Lara Stationery Khaki,_KK,Khaki,Wallet,Others,Notebook,Acrylonitrile Butadiene Styrene; Ethylene vinyl acetate; Polyester; Rubber; Wood,,,15.99,/232/62/213430_KK_1,213430_KK_1.jpg,none,,,,,,
213438_BM,213438,Card Holder Basic Mia Bright Multicolor,_BM,Bright Multicolor,Wallet,Card Holder,Printed PU,Polyester; Polyurethane,,,9.99,/232/62/213438_BM_1,213438_BM_1.jpg,none,,,,,,
213578_BM,213578,Phone Holder Basic Portia Bright Multicolor,_BM,Bright Multicolor,Wallet,Phone Holder,Printed PU,Polyester; Polyurethane,,,17.99,/232/62/213578_BM_1,213578_BM_1.jpg,none,,,,,,
213731_PU,213731,Multipurpose Purse Anime Purple,_PU,Purple,Wallet,Multipurpose Purse,Nylon,Polyamide; Polyester; Polyurethane; Thermoplastic Polyurethane,,,15.99,/232/62/213731_PU_1,213731_PU_1.jpg,none,,,,,,
213891_BK,213891,Wallet Anime Black,_BK,Black,Wallet,Wallet,Plain PU,Polyester; Polyurethane,,,12.99,/232/62/213891_BK_1,213891_BK_1.jpg,none,,,,,,
213891_LK,213891,Wallet Anime Light Pink,_LK,Light Pink,Wallet,Wallet,Plain PU,Polyester; Polyurethane,,,12.99,/232/62/213891_LK_1,213891_LK_1.jpg,none,,,,,,
213985_DN,213985,Coin Purse CAMO3 Dark Green,_DN,Dark Green,Wallet,Coin Purse,Printed PU,Polyester; Polyurethane,,,12.99,/232/62/213985_DN_1,213985_DN_1.jpg,none,,,,,,
214107_EC,214107,Wallet PILAR Ecru,_EC,Ecru,Wallet,Wallet,Plain PU,Polyester; Polyurethane,,,12.99,/232/62/214107_EC_1,214107_EC_1.jpg,none,,,,,,
214107_PU,214107,Wallet PILAR Purple,_PU,Purple,Wallet,Wallet,Plain PU,Polyester; Polyurethane,,,12.99,/232/62/214107_PU_1,214107_PU_1.jpg,none,,,,,,
214207_BK,214207,Phone Holder Avril Black,_BK,Black,Wallet,Phone Holder,Fake Fur,Polyester; Polyurethane,,,17.99,/232/62/214207_BK_1,214207_BK_1.jpg,none,,,,,,
214231_LL,214231,Coin Purse BOOMER3 Lilac,_LL,Lilac,Wallet,Coin Purse,Fake Fur,Polyester; Polyurethane,,,12.99,/232/62/214231_LL_1,214231_LL_1.jpg,none,,,,,,
214343_BG,214343,Wallet doja Beige,_BG,Beige,Wallet,Wallet,Peach PU,Polyester; Polyurethane,,,12.99,/232/62/214343_BG_1,214343_BG_1.jpg,none,,,,,,
214343_PK,214343,Wallet doja Pink,_PK,Pink,Wallet,Wallet,Peach PU,Polyester; Polyurethane,,,12.99,/232/62/214343_PK_1,214343_PK_1.jpg,none,,,,,,
214546_DP,214546,Wallet gina Dark Pink,_DP,Dark Pink,Wallet,Wallet,Plain PU,Polyester; Polyurethane; Thermoplastic Polyurethane,,,15.99,/232/62/214546_DP_1,214546_DP_1.jpg,none,,,,,,
214681_BK,214681,Phone Holder VIVIAN Black,_BK,Black,Wallet,Phone Holder,Nylon,Polyester; Polyurethane,,,15.99,/241/62/214681_BK_1,214681_BK_1.jpg,none,,,,,,
214681_KK,214681,Phone Holder VIVIAN Khaki,_KK,Khaki,Wallet,Phone Holder,Nylon,Polyester; Polyurethane,,,15.99,/241/62/214681_KK_1,214681_KK_1.jpg,none,,,,,,
214681_LL,214681,Phone Holder VIVIAN Lilac,_LL,Lilac,Wallet,Phone Holder,Nylon,Polyester; Polyurethane,,,15.99,/241/62/214681_LL_1,214681_LL_1.jpg,none,,,,,,
214834_BM,214834,Card Holder Basic maude Bright Multicolor,_BM,Bright Multicolor,Wallet,Card Holder,Printed PU,Polyester; Polyurethane,,,7.99,/232/62/214834_BM_2y,214834_BM_2y.jpg,none,,,,,,
215162_BK,215162,Wallet MISCHA Black,_BK,Black,Wallet,Wallet,Plain PU,Polyester; Polyurethane,,,12.99,/241/62/215162_BK_1,215162_BK_1.jpg,none,,,,,,
215162_LL,215162,Wallet MISCHA Lilac,_LL,Lilac,Wallet,Wallet,Plain PU,Polyester; Polyurethane,,,12.99,/241/62/215162_LL_1,215162_LL_1.jpg,none,,,,,,
215202_BL,215202,Coin Purse AUBERY Blue,_BL,Blue,Wallet,Coin Purse,Fake Fur,Acrylic; Polyester,,,12.99,/241/62/215202_BL_1,215202_BL_1.jpg,none,,,,,,
215202_TK,215202,Coin Purse AUBERY Pastel Pink,_TK,Pastel Pink,Wallet,Coin Purse,Fake Fur,Acrylic; Polyester,,,12.99,/241/62/215202_TK_1,215202_TK_1.jpg,none,,,,,,
215205_BG,215205,Phone Holder AUBERY Beige,_BG,Beige,Wallet,Phone Holder,Padded Peach PU,Polyester; Polyurethane,,,19.99,/241/62/215205_BG_1,215205_BG_1.jpg,none,,,,,,
215220_LM,215220,Wallet MISCHA Lime,_LM,Lime,Wallet,Wallet,Real Suede,Copper; Cow Leather; Polyester; Polyurethane; Zinc,,Leather,17.99,/241/62/215220_LM_1,215220_LM_1.jpg,none,,,,,,
215462_DM,215462,Wallet AUBERY Dark Multicolor,_DM,Dark Multicolor,Wallet,Wallet,Printed PU,Polyester; Polyurethane; Thermoplastic Polyurethane,,,15.99,/241/62/215462_DM_1,215462_DM_1.jpg,none,,,,,,
215484_BM,215484,Phone Holder AUBERY Bright Multicolor,_BM,Bright Multicolor,Wallet,Phone Holder,Printed PU,Polyester; Polyurethane,,,17.99,/241/62/215484_BM_1,215484_BM_1.jpg,none,,,,,,
216040_BK,216040,Phone Holder MISCHA Black,_BK,Black,Wallet,Phone Holder,Real Suede,Cow Leather; Iron; Polyester; Polyurethane; Zinc,,,27.99,/241/62/216040_BK_1,216040_BK_1.jpg,none,,,,,,
216050_BM,216050,Wallet BASIC SIDNEY Bright Multicolor,_BM,Bright Multicolor,Wallet,Wallet,Printed PU,Polyester; Polyurethane; Thermoplastic Polyurethane,,,17.99,/241/62/216050_BM_1,216050_BM_1.jpg,none,,,,,,
216086_BK,216086,Phone Holder SILVERSURFER2 Black,_BK,Black,Wallet,Phone Holder,Nylon,Polyester; Polyurethane,,,15.99,/241/62/216086_BK_1,216086_BK_1.jpg,none,,,,,,
216086_KK,216086,Phone Holder SILVERSURFER2 Khaki,_KK,Khaki,Wallet,Phone Holder,Nylon,Polyester; Polyurethane,,,15.99,/241/62/216086_KK_1,216086_KK_1.jpg,none,,,,,,
216121_EC,216121,Wallet ELLIOT Ecru,_EC,Ecru,Wallet,Wallet,Plain PU,Polyester; Polyurethane; Thermoplastic Polyurethane,,,12.99,/241/62/216121_EC_1,216121_EC_1.jpg,none,,,,,,
216351_BM,216351,Phone Holder ELLIOT Bright Multicolor,_BM,Bright Multicolor,Wallet,Phone Holder,Printed PU,Polyester; Polyurethane; Thermoplastic Polyurethane,,,17.99,/241/62/216351_BM_1,216351_BM_1.jpg,none,,,,,,
216370_FU,216370,Phone Holder MAGIK LOVE Fuchsia,_FU,Fuchsia,Wallet,Phone Holder,Printed Fake Nylon,Polyester; Polyurethane,Silver,,17.99,/241/62/216370_FU_1,216370_FU_1.jpg,none,,,,,,
216550_CA,216550,Phone Holder ROY Camel,_CA,Camel,Wallet,Phone Holder,Color Block,Polyester; Polyurethane; Thermoplastic Polyurethane,Silver,,17.99,/241/62/216550_CA_1,216550_CA_1.jpg,none,,,,,,
216554_FU,216554,Phone Holder ROY Fuchsia,_FU,Fuchsia,Wallet,Phone Holder,Printed PU,Polyester; Polyurethane; Thermoplastic Polyurethane,Silver,,17.99,/241/62/216554_FU_1,216554_FU_1.jpg,none,,,,,,
216583_BM,216583,Card Holder TETE Bright Multicolor,_BM,Bright Multicolor,Wallet,Card Holder,Printed PU,Polyester; Polyurethane,,,9.99,/241/62/216583_BM_1,216583_BM_1.jpg,none,,,,,,
216604_CA,216604,Wallet JACKIE Camel,_CA,Camel,Wallet,Wallet,Animal Embossed PU,Polyester; Polyurethane; Thermoplastic Polyurethane,,,17.99,/241/62/216604_CA_1,216604_CA_1.jpg,none,,,,,,
216605_BK,216605,Wallet JACKIE Black,_BK,Black,Wallet,Wallet,Animal Embossed PU,Polyester; Polyethylene Terephthalate; Polyurethane,,,15.99,/241/62/216605_BK_1,216605_BK_1.jpg,none,,,,,,
216605_CA,216605,Wallet JACKIE Camel,_CA,Camel,Wallet,Wallet,Animal Embossed PU,Polyester; Polyethylene Terephthalate; Polyurethane,,,15.99,/241/62/216605_CA_1,216605_CA_1.jpg,none,,,,,,
216612_BK,216612,Phone Holder JACKIE Black,_BK,Black,Wallet,Phone Holder,Animal Embossed PU,Polyester; Polyurethane; Thermoplastic Polyurethane,,,15.99,/241/62/216612_BK_1,216612_BK_1.jpg,none,,,,,,
216623_SV,216623,Wallet MILITARY2 Silver,_SV,Silver,Wallet,Wallet,Fantasy PU,Polyester; Polyurethane; Thermoplastic Polyurethane,,,17.99,/241/62/216623_SV_1,216623_SV_1.jpg,none,,,,,,
216857_RD,216857,Wallet RED Red,_RD,Red,Wallet,Wallet,Plain PU,Polyester; Polyurethane; Thermoplastic Polyurethane,,,15.99,/241/62/216857_RD_1,216857_RD_1.jpg,none,,,,,,
216872_BM,216872,Coin Purse BASIC JULIETA Bright Multicolor,_BM,Bright Multicolor,Wallet,Coin Purse,Printed PU,Polyester; Polyurethane,,,7.99,/241/62/216872_BM_1,216872_BM_1.jpg,none,,,,,,
216913NC,216913,Phone Holder TAVIRA Natural Color,NC,Natural Color,Wallet,Phone Holder,Paper straw,Ceramic; Cotton; Iron; Paper; Polyester; Polyurethane; Stone; Wood; Zinc,Silver,,17.99,/241/62/216913NC_1,216913NC_1.jpg,none,,,,,,
217037_BG,217037,Phone Holder GEORGIA Beige,_BG,Beige,Wallet,Phone Holder,Fake straw,Polyester; Polypropylene; Polyurethane; Thermoplastic Polyurethane,,,17.99,/241/62/217037_BG_1,217037_BG_1.jpg,none,,,,,,
217037_KK,217037,Phone Holder GEORGIA Khaki,_KK,Khaki,Wallet,Phone Holder,Fake straw,Polyester; Polypropylene; Polyurethane; Thermoplastic Polyurethane,,,17.99,/241/62/217037_KK_1,217037_KK_1.jpg,none,,,,,,
217092_BK,217092,Phone Holder HIVE Black,_BK,Black,Wallet,Phone Holder,Fantasy PU,Polyester; Polyurethane,,,15.99,/241/62/217092_BK_1,217092_BK_1.jpg,none,,,,,,
217092_CA,217092,Phone Holder HIVE Camel,_CA,Camel,Wallet,Phone Holder,Fantasy PU,Polyester; Polyurethane,,,15.99,/241/62/217092_CA_1,217092_CA_1.jpg,none,,,,,,
217092_OW,217092,Phone Holder HIVE Off White,_OW,Off White,Wallet,Phone Holder,Fantasy PU,Polyester; Polyurethane,,,15.99,/241/62/217092_OW_1,217092_OW_1.jpg,none,,,,,,
217133_BU,217133,Coin Purse FIRE2 Burgundy,_BU,Burgundy,Wallet,Coin Purse,Printed Nylon,Polyamide; Polyester; Polyurethane,,,12.99,/241/62/217133_BU_1,217133_BU_1.jpg,none,,,,,,
217174_BL,217174,Wallet celia Blue,_BL,Blue,Wallet,Wallet,Peach PU,Polyester; Polyurethane; Thermoplastic Polyurethane,,,15.99,/241/62/217174_BL_1,217174_BL_1.jpg,none,,,,,,
217234_BK,217234,Multipurpose Purse venus Black,_BK,Black,Wallet,Multipurpose Purse,Nylon,Fiberglass; Polyester,,,19.99,/241/62/217234_BK_1,217234_BK_1.jpg,none,,,,,,
217254_BK,217254,Passport Case venus Black,_BK,Black,Wallet,Others,Passport Case,Fiberglass; Polyester; Polyurethane,,,9.99,/241/62/217254_BK_1,217254_BK_1.jpg,none,,,,,,
217283_BM,217283,Multipurpose Purse venus Bright Multicolor,_BM,Bright Multicolor,Wallet,Multipurpose Purse,Printed Nylon,Polyester; Resin,,,17.99,/241/62/217283_BM_1,217283_BM_1.jpg,none,,,,,,
217407_CA,217407,Wallet FLEUR Camel,_CA,Camel,Wallet,Wallet,Fantasy PU,Polyester; Polyurethane,,,15.99,/241/62/217407_CA_1,217407_CA_1.jpg,none,,,,,,
217410_GN,217410,Phone Holder FLEUR Green,_GN,Green,Wallet,Phone Holder,Printed PU,Polyester; Polyurethane,Silver,,17.99,/241/62/217410_GN_1,217410_GN_1.jpg,none,,,,,,
217652_BM,217652,Notebook STATIONERY Bright Multicolor,_BM,Bright Multicolor,Wallet,Others,Notebook,Paper,,,9.99,/241/62/217652_BM_1,217652_BM_1.jpg,none,,,,,,
217893_CA,217893,Wallet LIV Camel,_CA,Camel,Wallet,Wallet,Plain PU,Polyester; Polymethylmethacrylate; Polyurethane,,,17.99,/241/62/217893_CA_1,217893_CA_1.jpg,none,,,,,,
217901_BM,217901,Phone Holder LIV Bright Multicolor,_BM,Bright Multicolor,Wallet,Phone Holder,Embroidery,Polyester; Polyurethane,,,19.99,/241/62/217901_BM_1,217901_BM_1.jpg,none,,,,,,
217929_DM,217929,Card Holder FLORENCE Dark Multicolor,_DM,Dark Multicolor,Wallet,Card Holder,Printed PU,Polyester; Polyurethane,,,7.99,/241/62/217929_DM_1,217929_DM_1.jpg,none,,,,,,
217944_LB,217944,Wallet BASIC FLORENCE Light Blue,_LB,Light Blue,Wallet,Wallet,Plain PU,Polyester; Polyurethane; Thermoplastic Polyurethane,,,12.99,/241/62/217944_LB_1,217944_LB_1.jpg,none,,,,,,
217959_PM,217959,Wallet BASIC FLORENCE Pastel Multicolor,_PM,Pastel Multicolor,Wallet,Wallet,Printed PU,Polyester; Polyurethane; Thermoplastic Polyurethane,,,17.99,/241/62/217959_PM_1,217959_PM_1.jpg,none,,,,,,
217991_BL,217991,Wallet SMILE Blue,_BL,Blue,Wallet,Wallet,Denim,Polyester; Polyurethane; Thermoplastic Polyurethane,,,12.99,/241/62/217991_BL_1,217991_BL_1.jpg,none,,,,,,
218006_EC,218006,Wallet MONICA Ecru,_EC,Ecru,Wallet,Wallet,Plain PU,Polyester; Polyurethane; Thermoplastic Polyurethane,,,12.99,/241/62/218006_EC_1,218006_EC_1.jpg,none,,,,,,
218006_PU,218006,Wallet MONICA Purple,_PU,Purple,Wallet,Wallet,Plain PU,Polyester; Polyurethane; Thermoplastic Polyurethane,,,12.99,/241/62/218006_PU_1,218006_PU_1.jpg,none,,,,,,
218010_BM,218010,Coin Purse MONICA Bright Multicolor,_BM,Bright Multicolor,Wallet,Coin Purse,Printed PU,Polyester; Polyurethane,,,7.99,/241/62/218010_BM_1,218010_BM_1.jpg,none,,,,,,
218129_BG,218129,Wallet MADEIRA Beige,_BG,Beige,Wallet,Wallet,Peach PU,Polyester; Polyurethane,,,12.99,/241/62/218129_BG_1,218129_BG_1.jpg,none,,,,,,
218135_SV,218135,Coin Purse MADEIRA Silver,_SV,Silver,Wallet,Coin Purse,Fantasy Fabric,Cotton; Polyamide; Polyester; Polyurethane,,,9.99,/241/62/218135_SV_1,218135_SV_1.jpg,none,,,,,,
218158_PM,218158,Multipurpose Purse LE SUD Pastel Multicolor,_PM,Pastel Multicolor,Wallet,Multipurpose Purse,Printed Nylon,Polyamide; Polyester; Silicone,,,12.99,/241/62/218158_PM_1,218158_PM_1.jpg,none,,,,,,
218165_PK,218165,Wallet LE SUD Pink,_PK,Pink,Wallet,Wallet,Printed PU,Polyamide; Polyester; Polyurethane; Silicone,,,12.99,/241/62/218165_PK_1,218165_PK_1.jpg,none,,,,,,
218279_CL,218279,Phone Holder FLOWER PATCH Coral,_CL,Coral,Wallet,Phone Holder,Printed PU,Polyester; Polyurethane,Silver,,17.99,/241/62/218279_CL_1,218279_CL_1.jpg,none,,,,,,
218532_BK,218532,Phone Holder PICASSO2 Black,_BK,Black,Wallet,Phone Holder,Nylon,Polyester,Silver,,17.99,/241/62/218532_BK_1,218532_BK_1.jpg,none,,,,,,
218842_BM,218842,Card Holder BASIC JOANINHA Bright Multicolor,_BM,Bright Multicolor,Wallet,Card Holder,Printed PU,Polyester; Polyurethane,,,7.99,/242/62/218842_BM_1,218842_BM_1.jpg,none,,,,,,
218843_EC,218843,Wallet BASIC DANI Ecru,_EC,Ecru,Wallet,Wallet,Plain PU,Polyester; Polyurethane; Thermoplastic Polyurethane,,,12.99,/242/62/218843_EC_1,218843_EC_1.jpg,none,,,,,,
218843_GN,218843,Wallet BASIC JOANINHA Green,_GN,Green,Wallet,Wallet,Plain PU,Polyester; Polyurethane; Thermoplastic Polyurethane,,,12.99,/242/62/218843_GN_1,218843_GN_1.jpg,none,,,,,,
218925_PK,218925,Wallet MAMMINA Pink,_PK,Pink,Wallet,Wallet,Printed Fake Nylon,Polyester; Polyurethane,,,12.99,/241/62/218925_PK_1,218925_PK_1.jpg,none,,,,,,
219463_BL,219463,Wallet ROSANA Blue,_BL,Blue,Wallet,Wallet,Plain PU,Polyester; Polyurethane,,,15.99,/242/62/219463_BL_1,219463_BL_1.jpg,none,,,,,,
219463_CA,219463,Wallet ROSANA Camel,_CA,Camel,Wallet,Wallet,Plain PU,Polyester; Polyurethane,,,15.99,/242/62/219463_CA_1,219463_CA_1.jpg,none,,,,,,
219463_PU,219463,Wallet ROSANA Purple,_PU,Purple,Wallet,Wallet,Plain PU,Polyester; Polyurethane,,,15.99,/242/62/219463_PU_1,219463_PU_1.jpg,none,,,,,,
219466_EC,219466,Phone Holder ROSANA Ecru,_EC,Ecru,Wallet,Phone Holder,Plain PU,Polyester; Polyurethane,,,17.99,/242/62/219466_EC_1,219466_EC_1.jpg,none,,,,,,
219556_EC,219556,Wallet TAYLOR Ecru,_EC,Ecru,Wallet,Wallet,Animal Embossed PU,Polyester; Polyurethane; Thermoplastic Polyurethane,,,17.99,/241/62/219556_EC_1,219556_EC_1.jpg,none,,,,,,
219563_OR,219563,Wallet TAYLOR Orange,_OR,Orange,Wallet,Wallet,Fantasy PU,Polyester; Polyurethane,,,12.99,/241/62/219563_OR_1,219563_OR_1.jpg,none,,,,,,
219563_SV,219563,Wallet TAYLOR Silver,_SV,Silver,Wallet,Wallet,Fantasy PU,Polyester,,,12.99,/241/62/219563_SV_1,219563_SV_1.jpg,none,,,,,,
219597_LM,219597,Card Holder TAYLOR Lime,_LM,Lime,Wallet,Card Holder,Plain PU,Polyester; Polyurethane,,,12.99,/241/62/219597_LM_1,219597_LM_1.jpg,none,,,,,,
219609_BM,219609,Wallet BASIC DANI Bright Multicolor,_BM,Bright Multicolor,Wallet,Wallet,Printed PU,Polyester; Polyurethane; Thermoplastic Polyurethane,,,17.99,/242/62/219609_BM_1,219609_BM_1.jpg,none,,,,,,
219757_LB,219757,Card Holder SELMA Light Blue,_LB,Light Blue,Wallet,Card Holder,Plain PU,Polyester; Polyurethane; Thermoplastic Polyurethane,,,12.99,/241/62/219757_LB_1,219757_LB_1.jpg,none,,,,,,
219856_BL,219856,Multipurpose Purse SELMA Blue,_BL,Blue,Wallet,Multipurpose Purse,Plastic,Polyamide; Thermoplastic Polyurethane,,,17.99,/241/62/219856_BL_1,219856_BL_1.jpg,none,,,,,,
220139_WT,220139,Wallet STRAWBERRY White,_WT,White,Wallet,Wallet,Printed PU,Polyester; Polyurethane; Thermoplastic Polyurethane,,,12.99,/242/62/220139_WT_1,220139_WT_1.jpg,none,,,,,,
220366_BM,220366,Wallet loretta Bright Multicolor,_BM,Bright Multicolor,Wallet,Wallet,Printed PU,Polyester; Polyurethane; Thermoplastic Polyurethane,,,12.99,/242/62/220366_BM_2y,220366_BM_2y.jpg,none,,,,,,
220445_BG,220445,Jewellery Case HILTON Beige,_BG,Beige,Wallet,Others,Jewellery Case,Polyamide; Polyurethane,,,15.99,/241/62/220445_BG_1,220445_BG_1.jpg,none,,,,,,
220823_CA,220823,Wallet MILEY Camel,_CA,Camel,Wallet,Wallet,Plain PU,Polyester; Polyurethane; Thermoplastic Polyurethane,,,15.99,/242/62/220823_CA_1,220823_CA_1.jpg,none,,,,,,
220823_EC,220823,Wallet MILEY Ecru,_EC,Ecru,Wallet,Wallet,Plain PU,Polyester; Polyurethane; Thermoplastic Polyurethane,,,15.99,/242/62/220823_EC_1,220823_EC_1.jpg,none,,,,,,
220948_BG,220948,Card Holder BASIC DANI Beige,_BG,Beige,Wallet,Card Holder,Plain PU,Polyester; Polyurethane; Thermoplastic Polyurethane,,,9.99,/242/62/220948_BG_2y,220948_BG_2y.jpg,none,,,,,,
220948_BL,220948,Card Holder BASIC DANI Blue,_BL,Blue,Wallet,Card Holder,Plain PU,Polyester; Polyurethane; Thermoplastic Polyurethane,,,9.99,/242/62/220948_BL_2y,220948_BL_2y.jpg,none,,,,,,
221001_SV,221001,Card Holder STRIPES3 Silver,_SV,Silver,Wallet,Card Holder,Fantasy PU,Polyester; Polyurethane,,,9.99,/241/62/221001_SV_1,221001_SV_1.jpg,none,,,,,,
221193_PK,221193,Wallet CONSUELO Pink,_PK,Pink,Wallet,Wallet,Peach PU,Polyester; Polyurethane; Thermoplastic Polyurethane,,,15.99,/242/62/221193_PK_1,221193_PK_1.jpg,none,,,,,,
221196_BK,221196,Wallet CONSUELO Black,_BK,Black,Wallet,Wallet,Plain PU,Polyester; Polyurethane,,,12.99,/242/62/221196_BK_1,221196_BK_1.jpg,none,,,,,,
221196_EC,221196,Wallet CONSUELO Ecru,_EC,Ecru,Wallet,Wallet,Plain PU,Polyester; Polyurethane,,,15.99,/242/62/221196_EC_1,221196_EC_1.jpg,none,,,,,,
221196_OR,221196,Wallet CONSUELO Orange,_OR,Orange,Wallet,Wallet,Plain PU,Polyester; Polyurethane,,,12.99,/242/62/221196_OR_1,221196_OR_1.jpg,none,,,,,,
221228_BM,221228,Wallet BASIC DIANA Bright Multicolor,_BM,Bright Multicolor,Wallet,Wallet,Printed PU,Polyester; Polyurethane; Thermoplastic Polyurethane,,,15.99,/242/62/221228_BM_1,221228_BM_1.jpg,none,,,,,,
221235_BM,221235,Coin Purse BASIC DIANA Bright Multicolor,_BM,Bright Multicolor,Wallet,Coin Purse,Printed PU,Polyester; Polyurethane,,,7.99,/242/62/221235_BM_1,221235_BM_1.jpg,none,,,,,,
221435_CA,221435,Phone Holder ULLA Camel,_CA,Camel,Wallet,Phone Holder,Fantasy PU,Iron; Polyester; Polyurethane; Zinc,Light Golden,,17.99,/242/62/221435_CA_1,221435_CA_1.jpg,none,,,,,,
221589_BM,221589,Coin Purse WOODY2 Bright Multicolor,_BM,Bright Multicolor,Wallet,Coin Purse,Printed Nylon,Polyamide; Polyester; Polyurethane,,,12.99,/241/62/221589_BM_1,221589_BM_1.jpg,none,,,,,,
221713_BK,221713,Wallet MARTHA Black,_BK,Black,Wallet,Wallet,Plain PU,Polyester; Polyurethane; Thermoplastic Polyurethane,,,15.99,/242/62/221713_BK_1,221713_BK_1.jpg,none,,,,,,
221713_PK,221713,Wallet MARTHA Pink,_PK,Pink,Wallet,Wallet,Plain PU,Polyester; Polyurethane; Thermoplastic Polyurethane,,,15.99,/242/62/221713_PK_1,221713_PK_1.jpg,none,,,,,,
221758_BM,221758,Wallet MAORI2 Bright Multicolor,_BM,Bright Multicolor,Wallet,Wallet,Printed Nylon,Polyester; Polyurethane,,,12.99,/242/62/221758_BM_1,221758_BM_1.jpg,none,,,,,,
221803_LB,221803,Coin Purse MARTHA Light Blue,_LB,Light Blue,Wallet,Coin Purse,Nylon,Polyamide; Polyester; Polyurethane,,,12.99,/242/62/221803_LB_1,221803_LB_1.jpg,none,,,,,,
222010_BL,222010,Card Holder GOLDEN BAY2 Blue,_BL,Blue,Wallet,Card Holder,Plain PU,Polyester; Polyurethane,,,12.99,/242/62/222010_BL_1,222010_BL_1.jpg,none,,,,,,
222010_PK,222010,Card Holder GOLDEN BAY2 Pink,_PK,Pink,Wallet,Card Holder,Plain PU,Polyester; Polyurethane,,,12.99,/242/62/222010_PK_1,222010_PK_1.jpg,none,,,,,,
222190_DM,222190,Card Holder OMARA Dark Multicolor,_DM,Dark Multicolor,Wallet,Card Holder,Printed PU,Polyester; Polyurethane,,,9.99,/242/62/222190_DM_1,222190_DM_1.jpg,none,,,,,,
222272_NV,222272,Wallet PALMS Navy,_NV,Navy,Wallet,Wallet,Printed PU,Polyester; Polyurethane; Thermoplastic Polyurethane,,,12.99,/242/62/222272_NV_1,222272_NV_1.jpg,none,,,,,,
222290_BR,222290,Wallet OMARA Brick Red,_BR,Brick Red,Wallet,Wallet,Plain PU,Polyester; Polyurethane; Thermoplastic Polyurethane,,,15.99,/242/62/222290_BR_1,222290_BR_1.jpg,none,,,,,,
222329_BM,222329,Coin Purse GOLDEN BAY3 Bright Multicolor,_BM,Bright Multicolor,Wallet,Coin Purse,Nylon,Polyester; Polyurethane,,,12.99,/242/62/222329_BM_1,222329_BM_1.jpg,none,,,,,,
222335_BK,222335,Phone Holder BARDOT Black,_BK,Black,Wallet,Phone Holder,Animal Embossed PU,Polyester; Polyurethane,Light Golden,,17.99,/242/62/222335_BK_1,222335_BK_1.jpg,none,,,,,,
222335_CA,222335,Phone Holder BARDOT Camel,_CA,Camel,Wallet,Phone Holder,Animal Embossed PU,Polyester; Polyurethane,Light Golden,,17.99,/242/62/222335_CA_1,222335_CA_1.jpg,none,,,,,,
222428_BG,222428,Phone Holder MARTINA Beige,_BG,Beige,Wallet,Phone Holder,Peach PU,Polyester; Polyurethane; Thermoplastic Polyurethane,,,17.99,/242/62/222428_BG_1,222428_BG_1.jpg,none,,,,,,
222441_BK,222441,Pencil Case ALEK Black,_BK,Black,Wallet,Pencil Case,Printed Nylon,Polyester,,,12.99,/242/62/222441_BK_1,222441_BK_1.jpg,none,,,,,,
222441_OR,222441,Pencil Case ALEK Orange,_OR,Orange,Wallet,Pencil Case,Printed Nylon,Polyester,,,12.99,/242/62/222441_OR_1,222441_OR_1.jpg,none,,,,,,
222442_BM,222442,Wallet ALEK Bright Multicolor,_BM,Bright Multicolor,Wallet,Wallet,Printed PU,Polyester; Polyurethane; Thermoplastic Polyurethane,,,17.99,/242/62/222442_BM_1,222442_BM_1.jpg,none,,,,,,
222449_BM,222449,Wallet ALEK Bright Multicolor,_BM,Bright Multicolor,Wallet,Wallet,Printed PU,Polyester; Polyurethane,,,12.99,/242/62/222449_BM_1,222449_BM_1.jpg,none,,,,,,
222460_BM,222460,Notebook ALEK Bright Multicolor,_BM,Bright Multicolor,Wallet,Others,Notebook,Paper,,,15.99,/242/62/222460_BM_1,222460_BM_1.jpg,none,,,,,,
222540_BG,222540,Wallet MARTINA Beige,_BG,Beige,Wallet,Wallet,Peach PU,Polyester; Polyurethane,,,15.99,/242/62/222540_BG_1,222540_BG_1.jpg,none,,,,,,
222540_BK,222540,Wallet MARTINA Black,_BK,Black,Wallet,Wallet,Peach PU,Polyester; Polyurethane,,,15.99,/242/62/222540_BK_1,222540_BK_1.jpg,none,,,,,,
222571_BM,222571,Wallet GRACE Bright Multicolor,_BM,Bright Multicolor,Wallet,Wallet,Printed PU,Polyester; Polyurethane; Thermoplastic Polyurethane,,,15.99,/242/62/222571_BM_1,222571_BM_1.jpg,none,,,,,,
222577_BM,222577,Coin Purse GRACE Bright Multicolor,_BM,Bright Multicolor,Wallet,Coin Purse,Printed PU,Polyester; Polyurethane,,,7.99,/242/62/222577_BM_1,222577_BM_1.jpg,none,,,,,,
222582_YL,222582,Card Holder GRACE Yellow,_YL,Yellow,Wallet,Card Holder,Plain PU,Polyester; Polyurethane,,,7.99,/242/62/222582_YL_1,222582_YL_1.jpg,none,,,,,,
222850_BM,222850,Multipurpose Purse MARTINA Bright Multicolor,_BM,Bright Multicolor,Wallet,Multipurpose Purse,Printed Nylon,Polyester; Polyurethane,,,19.99,/242/62/222850_BM_1,222850_BM_1.jpg,none,,,,,,
223032_BK,223032,Wallet BAKER Black,_BK,Black,Wallet,Wallet,Plain PU,Polyester; Polyurethane; Thermoplastic Polyurethane,,,15.99,/242/62/223032_BK_1,223032_BK_1.jpg,none,,,,,,
223032_CA,223032,Wallet BAKER Camel,_CA,Camel,Wallet,Wallet,Plain PU,Polyester; Polyurethane; Thermoplastic Polyurethane,,,15.99,/242/62/223032_CA_1,223032_CA_1.jpg,none,,,,,,
223172_BG,223172,Wallet BASIC DIANA Beige,_BG,Beige,Wallet,Wallet,Plain PU,Polyester; Polyurethane,,,12.99,/242/62/223172_BG_1,223172_BG_1.jpg,none,,,,,,
223217_WT,223217,Wallet DALMATA2 White,_WT,White,Wallet,Wallet,Printed Nylon,Nylon; Polyamide; Polyester,,,12.99,/242/62/223217_WT_1,223217_WT_1.jpg,none,,,,,,
223371_WT,223371,Wallet ZIMBA3 White,_WT,White,Wallet,Wallet,Real Fur,Cow Leather; Polyester; Polyurethane,Silver,,17.99,/242/62/223371_WT_1,223371_WT_1.jpg,none,,,,,,
223591_BG,223591,Phone Holder ZIMBA3 Beige,_BG,Beige,Wallet,Phone Holder,Real Fur,Cow Leather; Polyester; Polyurethane,,,19.99,/242/62/223591_BG_1,223591_BG_1.jpg,none,,,,,,
223591_BN,223591,Phone Holder ZIMBA3 Brown,_BN,Brown,Wallet,Phone Holder,Real Fur,Cow Leather; Polyester; Polyurethane,,,19.99,/242/62/223591_BN_1,223591_BN_1.jpg,none,,,,,,
223697_BM,223697,Wallet LEO2 Bright Multicolor,_BM,Bright Multicolor,Wallet,Wallet,Printed Nylon,Polyester,,,15.99,/242/62/223697_BM_1,223697_BM_1.jpg,none,,,,,,
224048_GY,224048,Phone Holder CORDY Grey,_GY,Grey,Wallet,Phone Holder,Printed Fake Nylon,Polyester; Polyurethane; Thermoplastic Polyurethane,Silver,,17.99,/242/62/224048_GY_1,224048_GY_1.jpg,none,,,,,,
224465_BU,224465,Wallet MELBY Burgundy,_BU,Burgundy,Wallet,Wallet,Animal Embossed PU,Polyester; Polyurethane; Thermoplastic Polyurethane,,,15.99,/242/62/224465_BU_1,224465_BU_1.jpg,none,,,,,,
224478_BU,224478,Card Holder MELBY Burgundy,_BU,Burgundy,Wallet,Card Holder,Plain PU,Polyester; Polyurethane; Thermoplastic Polyurethane,,,9.99,/242/62/224478_BU_1,224478_BU_1.jpg,none,,,,,,
224478_YL,224478,Card Holder MELBY Yellow,_YL,Yellow,Wallet,Card Holder,Plain PU,Polyester; Polyurethane; Thermoplastic Polyurethane,,,9.99,/242/62/224478_YL_1,224478_YL_1.jpg,none,,,,,,
224538_BU,224538,Wallet SIENNA Burgundy,_BU,Burgundy,Wallet,Wallet,Real Suede,Cow Suede Leather; Polyester; Polyurethane,,,22.99,/242/62/224538_BU_1,224538_BU_1.jpg,none,,,,,,
224543_BK,224543,Multipurpose Purse SIENNA Black,_BK,Black,Wallet,Multipurpose Purse,Fantasy Fabric,Polyester; Polyurethane,,,17.99,/242/62/224543_BK_1,224543_BK_1.jpg,none,,,,,,
224543_DM,224543,Multipurpose Purse SIENNA Dark Multicolor,_DM,Dark Multicolor,Wallet,Multipurpose Purse,Fantasy Fabric,Polyester; Polyurethane,,,17.99,/242/62/224543_DM_1,224543_DM_1.jpg,none,,,,,,
224549_BK,224549,Wallet SIENNA Black,_BK,Black,Wallet,Wallet,Fantasy PU,Polyester; Polyurethane,,,12.99,/242/62/224549_BK_1,224549_BK_1.jpg,none,,,,,,
224559_KK,224559,Phone Holder FLAGE Khaki,_KK,Khaki,Wallet,Phone Holder,Printed Nylon,Polyester; Polyurethane,,,15.99,/242/62/224559_KK_1,224559_KK_1.jpg,none,,,,,,
224712_BU,224712,Pencil Case SHILLOH Burgundy,_BU,Burgundy,Wallet,Pencil Case,Peach PU,Polyester; Polyurethane,,,12.99,/242/62/224712_BU_1,224712_BU_1.jpg,none,,,,,,
224741_BM,224741,Card Holder SHILLOH Bright Multicolor,_BM,Bright Multicolor,Wallet,Card Holder,Peach PU,Polyester; Thermoplastic Polyurethane,,,7.99,/242/62/224741_BM_1,224741_BM_1.jpg,none,,,,,,
224741_BU,224741,Card Holder SHILLOH Burgundy,_BU,Burgundy,Wallet,Card Holder,Peach PU,Polyester; Thermoplastic Polyurethane,,,7.99,/242/62/224741_BU_1,224741_BU_1.jpg,none,,,,,,
224746_BK,224746,Wallet SHILLOH Black,_BK,Black,Wallet,Wallet,Peach PU,Polyester; Polyurethane; Thermoplastic Polyurethane,,,15.99,/242/62/224746_BK_1,224746_BK_1.jpg,none,,,,,,
224746_BU,224746,Wallet SHILLOH Burgundy,_BU,Burgundy,Wallet,Wallet,Peach PU,Polyester; Polyurethane; Thermoplastic Polyurethane,,,15.99,/242/62/224746_BU_1,224746_BU_1.jpg,none,,,,,,
224766_BK,224766,Coin Purse SHILLOH Black,_BK,Black,Wallet,Coin Purse,Nylon,Polyester,,,12.99,/242/62/224766_BK_1,224766_BK_1.jpg,none,,,,,,
224790_BM,224790,Computer Case SHILLOH Bright Multicolor,_BM,Bright Multicolor,Wallet,Others,Computer Case,Polyamide; Polyester,,,22.99,/242/62/224790_BM_1,224790_BM_1.jpg,none,,,,,,
224844_BN,224844,Wallet PANTERA2 Brown,_BN,Brown,Wallet,Wallet,Real Fur,Cow Leather; Polyester; Polyurethane,,,19.99,/242/62/224844_BN_1,224844_BN_1.jpg,none,,,,,,
224948_DM,224948,Pencil Case RATATUI Dark Multicolor,_DM,Dark Multicolor,Wallet,Pencil Case,Printed Nylon,Polyamide; Polyester,,,12.99,/242/62/224948_DM_1,224948_DM_1.jpg,none,,,,,,
224963_CA,224963,Wallet KENDALL Camel,_CA,Camel,Wallet,Wallet,Real Suede,Cow Suede Leather; Polyester; Polyethylene Terephthalate; Polyurethane,,,23.99,/242/62/224963_CA_1,224963_CA_1.jpg,none,,,,,,
224971_BM,224971,Card Holder KENDALL Bright Multicolor,_BM,Bright Multicolor,Wallet,Card Holder,Real Suede,Cow Suede Leather; Polyester,,,15.99,/242/62/224971_BM_1,224971_BM_1.jpg,none,,,,,,
224971_YL,224971,Card Holder KENDALL Yellow,_YL,Yellow,Wallet,Card Holder,Real Suede,Cow Suede Leather; Polyester,,,15.99,/242/62/224971_YL_1,224971_YL_1.jpg,none,,,,,,
224973_KK,224973,Phone Holder KENDALL Khaki,_KK,Khaki,Wallet,Phone Holder,Animal Embossed PU,Polyester; Polyurethane,,,17.99,/242/62/224973_KK_1,224973_KK_1.jpg,none,,,,,,
