PROD_CLR_EQUIV,PROD_REF,PROD_DES_BASE,CLR_COD,CLR_DES,CAT_DES_EN,GFA_DES_EN,GFS_DES_EN,COMPOSITION,FINISHING,MATERIAL,PRICE_BASE_W_VAT,PROG_IMAGE,img_file,priority,issues,sku_conflicts,review_status,fixes,reviewer,notes
222686_BK,222686,Bikini T1 ESSENTIALS Black,_BK,Black,Apparel,Bikini,Circular,Elastane; Polyester,,,27.99,/241/64/222686_BK_1,222686_BK_1.jpg,high,VIS_TYPE_MISMATCH,,,,,
210450_GD,210450,Flat Sandals GOLD TUBULAR SANDAL Gold,_GD,Gold,Footwear,Flat Sandals,PU,Polyurethane; Rubber,,,25.99,/232/53/210450_GD_1,210450_GD_1.jpg,high,VIS_TYPE_MISMATCH,,,,,
209690_BM,209690,Mobile Holder FASHION SUPPLEMENTS Bright Multicolor,_BM,Bright Multicolor,Jewellery,Mobile Accessories,Mobile Holder,Polyester; Thermoplastic Polyurethane,Golden,,9.99,/232/52/209690_BM_1,209690_BM_1.jpg,high,VIS_TYPE_MISMATCH,,,,,
214909_BK,214909,Necklace Halloween capsula Black,_BK,Black,Jewellery,Necklaces,Collar,Feather; Polyester,Other,,29.99,/232/52/214909_BK_1,214909_BK_1.jpg,high,VIS_TYPE_MISMATCH,,,,,
215478_SV,215478,Bracelet Hallo Silver,_SV,Silver,Jewellery,Bracelets,Anklet,Glass; Iron,Silver,,19.99,/232/52/215478_SV_1,215478_SV_1.jpg,high,VIS_TYPE_MISMATCH,,,,,
211100_DM,211100,Multipurpose Purse Pam Dark Multicolor,_DM,Dark Multicolor,Wallet,Multipurpose Purse,Printed Nylon,Polyester; Polyurethane,,,19.99,/232/62/211100_DM_1,211100_DM_1.jpg,high,VIS_TYPE_MISMATCH,,,,,
216362_KK,216362,Multipurpose Purse ELLIOT Khaki,_KK,Khaki,Wallet,Multipurpose Purse,Nylon,Polyamide; Polyester,,,17.99,/241/62/216362_KK_1,216362_KK_1.jpg,high,VIS_TYPE_MISMATCH,,,,,
209788_BN,209788,Dress PAULINE Brown,_BN,Brown,Apparel,Dress,Woven,Viscose,,Viscose,27.99,/232/64/209788_1,209788_1.jpg,medium,IMG_GENERIC;SALES_MISSING;IMG_NOT_PACKSHOT,,,,,
211381_YL,211381,Trousers VIMBA Yellow,_YL,Yellow,Apparel,Trousers,Woven,Linen,,Linen,39.99,/232/64/211381_1,211381_1.jpg,medium,IMG_GENERIC,,,,,
212067_BL,212067,Skirt LAB JUNHO Blue,_BL,Blue,Apparel,Skirt,Woven,Cotton,,Cotton,39.99,/232/64/212067_BL_1,212067_BL_1.jpg,medium,IMG_SHARED;IMG_NEAR_DUPLICATE,,,,,
212067_SV,212067,Skirt LAB JUNHO Silver,_SV,Silver,Apparel,Skirt,Woven,Cotton,,Cotton,39.99,/232/64/212067_SV_1,212067_SV_1.jpg,medium,IMG_SHARED;VIS_COLOUR_MISMATCH;IMG_NEAR_DUPLICATE,,,,,
212203_EC,212203,Trousers MAXI MAIO Ecru,_EC,Ecru,Apparel,Trousers,Woven,Linen,,Linen,39.99,/232/64/212203_1,212203_1.jpg,medium,IMG_GENERIC;SALES_MISSING;VIS_COLOUR_MISMATCH;IMG_NOT_PACKSHOT,,,,,
212912_KK,212912,Raincoat MIRÓ 2 Khaki,_KK,Khaki,Apparel,Raincoat,Woven,Polyester,,Polyester,49.99,/232/64/212912_KK_1,212912_KK_1.jpg,medium,SKU_ATTR_CONFLICT,CATEGORY_MATRIX|THEME,,,,
213246_GN,213246,Dress LAB JULHO Green,_GN,Green,Apparel,Dress,Woven,Lyocell; Polyamide; Polyester,,Lyocell,39.99,/232/64/213246_GN_1,213246_GN_1.jpg,medium,SKU_ATTR_CONFLICT,CATEGORY_MATRIX,,,,
213997_GY,213997,Cardigan MIRÓ 4 Grey,_GY,Grey,Apparel,Cardigan,Knit,Acrylic; Elastane; Polyamide; recycled polyester,,Recycled Polyester,29.99,/232/64/213997_GY_1,213997_GY_1.jpg,medium,SKU_ATTR_CONFLICT,CATEGORY_MATRIX,,,,
213997_PK,213997,Cardigan WinterCapsuleOutubro Pink,_PK,Pink,Apparel,Cardigan,Knit,Acrylic; Elastane; Polyamide; recycled polyester,,Recycled Polyester,29.99,/232/64/213997_PK_1,213997_PK_1.jpg,medium,SKU_ATTR_CONFLICT,CATEGORY_MATRIX,,,,
214981_GY,214981,Dress Neptune Grey,_GY,Grey,Apparel,Dress,Circular,Elastane; Polyamide; Viscose,,,29.99,/232/64/214981_2,214981_2.jpg,medium,IMG_GENERIC;SKU_ATTR_CONFLICT,PROG_IMAGE,,,,
216399_BM,216399,Coat LAB OUTUBRO Bright Multicolor,_BM,Bright Multicolor,Apparel,Coat,Woven,Cotton,,Cotton,45.99,/232/64/216399_BM_1,216399_BM_1.jpg,medium,SKU_ATTR_CONFLICT,CATEGORY_MATRIX,,,,
216418_GY,216418,Sweater WCN Grey,_GY,Grey,Apparel,Sweater,Knit,Polyamide; Polyester; Viscose,,Viscose,32.99,/241/64/216418_GY_1,216418_GY_1.jpg,medium,SKU_ATTR_CONFLICT,CATEGORY_MATRIX|MATERIAL,,,,
216969_BU,216969,Dress Maxi nov Burgundy,_BU,Burgundy,Apparel,Dress,Woven,Polyester; Viscose,,Viscose,59.99,/241/64/216969_BU_1,216969_BU_1.jpg,medium,VIS_COLOUR_MISMATCH,,,,,
217237_BU,217237,Shirt T1 ESSENTIALS Burgundy,_BU,Burgundy,Apparel,Shirt,Woven,Lyocell,,Lyocell,29.99,/242/64/217237_BU_1,217237_BU_1.jpg,medium,SKU_ATTR_CONFLICT,CATEGORY_MATRIX|MATERIAL|FASHIONTYPE,,,,
218653_KK,218653,Sweater brasilia Khaki,_KK,Khaki,Apparel,Sweater,Knit,Viscose,,Viscose,25.99,/241/64/218653_KK_1,218653_KK_1.jpg,medium,SKU_ATTR_CONFLICT,CATEGORY_MATRIX|THEME|FASHIONTYPE|PROG_IMAGE,,,,
218653_NV,218653,Sweater brasilia Navy,_NV,Navy,Apparel,Sweater,Knit,Viscose,,Viscose,25.99,/241/64/218653_NV_1,218653_NV_1.jpg,medium,SKU_ATTR_CONFLICT,CATEGORY_MATRIX|THEME|FASHIONTYPE,,,,
218889_BG,218889,Sweater SALVAD Beige,_BG,Beige,Apparel,Sweater,Knit,Polyamide; Polyester; Viscose,,,32.99,/241/64/218889_BG_1,218889_BG_1.jpg,medium,SKU_ATTR_CONFLICT,MATERIAL,,,,
218889_BL,218889,Sweater SALVAD Blue,_BL,Blue,Apparel,Sweater,Knit,Polyamide; Polyester; Viscose,,,32.99,/241/64/218889_BL_1,218889_BL_1.jpg,medium,SKU_ATTR_CONFLICT,MATERIAL,,,,
221285_WT,221285,Dress P3 White,_WT,White,Apparel,Dress,Woven,Cotton,,,29.99,/242/64/221285_WT_1,221285_WT_1.jpg,medium,SKU_ATTR_CONFLICT,MATERIAL,,,,
221285_YL,221285,Dress P3 Yellow,_YL,Yellow,Apparel,Dress,Woven,Cotton,,,29.99,/242/64/221285_YL_1,221285_YL_1.jpg,medium,SKU_ATTR_CONFLICT,MATERIAL,,,,
221729_GN,221729,Dress BANANA Green,_GN,Green,Apparel,Dress,Woven,Cotton,,Cotton,32.99,/241/64/221729_GN_1,221729_GN_1.jpg,medium,SKU_ATTR_CONFLICT,MATERIAL,,,,
222316_LB,222316,T-shirt luci Light Blue,_LB,Light Blue,Apparel,T-shirt,Circular,Cotton,,Cotton,19.99,/242/64/222316_LB_1,222316_LB_1.jpg,medium,VIS_COLOUR_MISMATCH,,,,,
222811_BM,222811,Top MADEIRA Bright Multicolor,_BM,Bright Multicolor,Apparel,Top,Woven,Cotton,,Cotton,79.99,/241/64/222811_BM_1,222811_BM_1.jpg,medium,SKU_ATTR_CONFLICT;VIS_TYPE_DOUBT;VIS_TARGET_NOT_FOUND;IMG_NOT_PACKSHOT,CATEGORY_MATRIX|FASHIONTYPE,,,,
223383_BM,223383,Shirt BETS Bright Multicolor,_BM,Bright Multicolor,Apparel,Shirt,Woven,Viscose,,Viscose,27.99,/242/64/223383_BM_1,223383_BM_1.jpg,medium,SKU_ATTR_CONFLICT,MATERIAL,,,,
223454_BK,223454,Shirt cindy Black,_BK,Black,Apparel,Shirt,Woven,Lyocell,,,27.99,/242/64/223454_BK_1,223454_BK_1.jpg,medium,SKU_ATTR_CONFLICT,MATERIAL|PRICE_BASE_W_VAT,,,,
223536_BM,223536,Dress C4 SET Bright Multicolor,_BM,Bright Multicolor,Apparel,Dress,Woven,Viscose,,,39.99,/242/64/223536_BM_1,223536_BM_1.jpg,medium,SKU_ATTR_CONFLICT,MATERIAL,,,,
223716_BM,223716,Shirt TU Bright Multicolor,_BM,Bright Multicolor,Apparel,Shirt,Woven,Lyocell; Nylon; Polyamide; Viscose,,,32.99,/242/64/223716_BM_1,223716_BM_1.jpg,medium,SKU_ATTR_CONFLICT,COMPOSITION,,,,
224007_BL,224007,Trousers P2 Blue,_BL,Blue,Apparel,Trousers,Woven,Polyester,,Polyester,27.99,/242/64/224007_BL_1,224007_BL_1.jpg,medium,SKU_ATTR_CONFLICT,CATEGORY_MATRIX|FASHIONTYPE,,,,
224007_KK,224007,Trousers P2 Khaki,_KK,Khaki,Apparel,Trousers,Woven,Polyester,,Polyester,27.99,/242/64/224007_KK_1,224007_KK_1.jpg,medium,SKU_ATTR_CONFLICT,CATEGORY_MATRIX|FASHIONTYPE,,,,
224017_BK,224017,Skirt P1 SET Black,_BK,Black,Apparel,Skirt,Woven,Lyocell,,Lyocell,29.99,/242/64/224017_BK_1,224017_BK_1.jpg,medium,SKU_ATTR_CONFLICT,CATEGORY_MATRIX|FASHIONTYPE,,,,
224017_TU,224017,Skirt P1 SET Taupe,_TU,Taupe,Apparel,Skirt,Woven,Lyocell,,Lyocell,29.99,/242/64/224017_TU_1,224017_TU_1.jpg,medium,SKU_ATTR_CONFLICT,CATEGORY_MATRIX|FASHIONTYPE,,,,
224191_EC,224191,Dress BRIDAL CAPSULE Ecru,_EC,Ecru,Apparel,Dress,Woven,Silk; Viscose,,Viscose,49.99,/242/64/224191_EC_1,224191_EC_1.jpg,medium,SKU_ATTR_CONFLICT,FASHIONTYPE,,,,
225059_BL,225059,Dress TRENDY Blue,_BL,Blue,Apparel,Dress,Knit,Polyamide; Viscose,,Viscose,32.99,/242/64/225059_BL_1,225059_BL_1.jpg,medium,SKU_ATTR_CONFLICT,MATERIAL,,,,
225059_BN,225059,Dress TRENDY Brown,_BN,Brown,Apparel,Dress,Knit,Polyamide; Viscose,,Viscose,32.99,/242/64/225059_BN_1,225059_BN_1.jpg,medium,SKU_ATTR_CONFLICT,MATERIAL,,,,
226784_GY,226784,Trousers ARABE Grey,_GY,Grey,Apparel,Trousers,Woven,Linen; Lyocell; Viscose,,Viscose,35.99,/242/64/226784_GY_1,,medium,IMG_FILE_MISSING;SKU_ATTR_CONFLICT,MATERIAL,,,,
226846_BU,226846,Shirt B6NOVE Burgundy,_BU,Burgundy,Apparel,Shirt,Woven,Elastane; Viscose,,,32.99,/242/64/226846_1,,medium,IMG_FILE_MISSING;IMG_GENERIC;SALES_MISSING,,,,,
227455_BK,227455,Jeans APP PRO Black,_BK,Black,Apparel,Jeans,Woven,Cotton; Polyester,,,32.99,/242/64/227455_BK_1,,medium,IMG_FILE_MISSING;SKU_ATTR_CONFLICT,MATERIAL,,,,
227785_PK,227785,Dress TRENDY Pink,_PK,Pink,Apparel,Dress,Woven,Polyester,,,39.99,/242/64/227785_1,,medium,IMG_FILE_MISSING;IMG_GENERIC;SALES_MISSING,,,,,
228167_BN,228167,Top COWBOY Brown,_BN,Brown,Apparel,Top,Circular,Cotton; Elastane,,,22.99,/242/64/228167_1,,medium,IMG_FILE_MISSING;IMG_GENERIC;SALES_MISSING,,,,,
228352_NV,228352,Cardigan BETS Navy,_NV,Navy,Apparel,Cardigan,Knit,Polyamide; Polyester; Viscose,,Viscose,35.99,/242/64/228352_1,,medium,IMG_FILE_MISSING;IMG_GENERIC;SALES_MISSING,,,,,
229920_BK,229920,Trousers TRENDY Black,_BK,Black,Apparel,Trousers,Circular,Elastane; Polyamide; Viscose,,Viscose,27.99,/242/64/229920_1,,medium,IMG_FILE_MISSING;IMG_GENERIC;IMG_SHARED;SALES_ZERO_QTY,,,,,
229920_GN,229920,Trousers TRENDY Green,_GN,Green,Apparel,Trousers,Circular,Elastane; Polyamide; Viscose,,Viscose,27.99,/242/64/229920_1,,medium,IMG_FILE_MISSING;IMG_GENERIC;IMG_SHARED;SALES_MISSING,,,,,
230294_BK,230294,Dress TRENDY Black,_BK,Black,Apparel,Dress,Woven,Elastodieno; Polyester,,Polyester,35.99,/242/64/230294_1,,medium,IMG_FILE_MISSING;IMG_GENERIC;SALES_MISSING,,,,,
210714_BK,210714,Ankle Boots BASIC ANKLE BOOT BLACK Black,_BK,Black,Footwear,Ankle Boots,Textile,Polyester; Polyurethane; Rubber,,,35.99,/232/53/210714_BK_1,210714_BK_1.jpg,medium,SKU_ATTR_CONFLICT,PROG_IMAGE,,,,
210714_TU,210714,Ankle Boots BASIC ANKLE BOOT TAUPE Taupe,_TU,Taupe,Footwear,Ankle Boots,Textile,Polyester; Polyurethane; Rubber,,,35.99,/232/53/210714_TU_1,210714_TU_1.jpg,medium,SKU_ATTR_CONFLICT,PROG_IMAGE,,,,
218703_LN,218703,Flat Sandals GOLD FLAT SANDAL,_LN,Light Green,Footwear,Flat Sandals,PU,Polyurethane; Rubber; Thermoplastic Polyurethane,,,25.99,/242/53/218703_LN_1,218703_LN_1.jpg,medium,CLR_NOT_IN_DESC,,,,,
222735_RD,222735,Trainer Shoes TRAINER WHITE Red,_RD,Red,Footwear,Trainers,PU,Cow Leather; Polyester; Polyurethane; Thermoplastic Rubber,,,39.99,/242/53/222735_RD_1,222735_RD_1.jpg,medium,VIS_COLOUR_MISMATCH,,,,,
218398_BK,218398,Shopper Bag CUPIDO2 Black,_BK,Black,Hand Bag,Shopper,Printed PU,Cotton; Linen; Polyurethane,Light Golden,,23.99,/241/54/218398_BK_1,218398_BK_1.jpg,medium,IMG_SHARED,,,,,
222260_NV,222260,Crossbody Bag PALMS Navy,_NV,Navy,Hand Bag,Cross,Color Block,Polyester; Polyurethane,Light Golden,,25.99,/242/54/222260_NV_1,222260_NV_1.jpg,medium,VIS_COLOUR_MISMATCH,,,,,
163517_BK,163517,Earring ECLIPSE Black,_BK,Black,Jewellery,Earrings,Ear Jacket,Acrylic; Zinc,Matte Golden,,4.99,/232/52/163517_BK_1,163517_BK_1.jpg,medium,VIS_TYPE_DOUBT;VIS_COLOUR_MISMATCH;IMG_NOT_PACKSHOT,,,,,
166363_PK,166363,Fan FASHION SUPPLEMENTS Pink,_PK,Pink,Jewellery,Other Jewellery,Fan,Cotton; Wood,Other,,12.99,/191/52/166363_1,166363_1.jpg,medium,IMG_GENERIC;IMG_NOT_PACKSHOT,,,,,
1835691BU,183569,Earring ROCK N' SPARKLE,1BU,Burgundy,Jewellery,Earrings,Drop,Acrylic; Zinc,Golden,,5.99,/242/52/1835691BU_1,1835691BU_1.jpg,medium,CLR_NOT_IN_DESC;SALES_MISSING,,,,,
193076_PU,193076,Earring FLORABUNDANCE Purple,_PU,Purple,Jewellery,Earrings,Dangle,Iron; Thermoplastic Polyurethane; Zinc,Golden,,5.99,/221/52/193076_1,193076_PU_1.jpg,medium,IMG_PATH_REPAIRED;VIS_COLOUR_MISMATCH,,,,,
195269_LK,195269,Earring TREND Light Pink,_LK,Light Pink,Jewellery,Earrings,Hoop Earrings,Steel; Thermoplastic Polyurethane,,,9.99,/221/52/195269_LK_1,195269_LK_1.jpg,medium,IMG_NEAR_DUPLICATE,,,,,
195269_WT,195269,Earring TREND White,_WT,White,Jewellery,Earrings,Hoop Earrings,Steel; Thermoplastic Polyurethane,,,9.99,/222/52/195269_WT_1,195269_WT_1.jpg,medium,IMG_NEAR_DUPLICATE,,,,,
1983930BM,198393,Earring CANDY SHELL,0BM,Bright Multicolor,Jewellery,Earrings,Drop,Acrylic; Iron; Shell,Golden,Beads,7.99,/222/52/198393_1,198393_1.jpg,medium,IMG_GENERIC;CLR_NOT_IN_DESC;IMG_NOT_PACKSHOT,,,,,
201884_ID,201884,Ring BHLOTUS Indigo Dye,_ID,Indigo Dye,Jewellery,Rings,Stone/Gem,Resin; Zinc,Brushed Golden,,4.99,/232/52/201884_ID_1,201884_ID_1.jpg,medium,VIS_COLOUR_MISMATCH,,,,,
202704_BU,202704,Ring WESTERNP Burgundy,_BU,Burgundy,Jewellery,Rings,Fantasy,Enamel; Glass; Zinc,Golden,,9.99,/242/52/202704_BU_1,202704_BU_1.jpg,medium,VIS_TYPE_DOUBT;VIS_COLOUR_MISMATCH,,,,,
210301_BL,210301,Earring IDENTITY Blue,_BL,Blue,Jewellery,Earrings,Hoop Earrings,Enamel; Iron; Zinc,Golden,,5.99,/232/52/210301_1,210301_1.jpg,medium,IMG_GENERIC;VIS_TARGET_NOT_FOUND;IMG_NOT_PACKSHOT,,,,,
210348_OR,210348,Earring DEGRADE Orange,_OR,Orange,Jewellery,Earrings,Stud,Acrylic; Glass; Iron; Polyester; Velvet,Golden,,9.99,/232/52/210348_1,210348_1.jpg,medium,IMG_GENERIC;IMG_NOT_PACKSHOT,,,,,
211666_PU,211666,Earring FLORABUNDANCE Purple,_PU,Purple,Jewellery,Earrings,Dangle,Enamel; Iron,Worn Gold,,7.99,/232/52/211666_PU_1,211666_PU_1.jpg,medium,VIS_COLOUR_MISMATCH,,,,,
212021_GD,212021,Necklace GLDN DEL Gold,_GD,Gold,Jewellery,Necklaces,Pendant,Brass; Iron; Zinc,,,10.99,/232/52/212021_GD_1,212021_GD_1.jpg,medium,IMG_NEAR_DUPLICATE,,,,,
212021_SV,212021,Necklace SILVER D Silver,_SV,Silver,Jewellery,Necklaces,Pendant,Brass; Iron; Zinc,Rodhium,,10.99,/232/52/212021_SV_1,212021_SV_1.jpg,medium,IMG_NEAR_DUPLICATE,,,,,
212252_BM,212252,Ring GUARANI VIBES Bright Multicolor,_BM,Bright Multicolor,Jewellery,Rings,Fantasy,Stone; Zinc,Golden,,7.99,/232/52/212252_1,212252_BM_1.jpg,medium,IMG_PATH_REPAIRED,,,,,
212283_TO,212283,Earring GUARANI VIBES Pastel Orange,_TO,Pastel Orange,Jewellery,Earrings,Dangle,Iron; Resin,Brushed Golden,,5.99,/232/52/212283_TO_1,212283_TO_1.jpg,medium,VIS_COLOUR_MISMATCH,,,,,
212300_GN,212300,Earring GUARANI VIBES Green,_GN,Green,Jewellery,Earrings,Dangle,Iron; Resin,Brushed Golden,,5.99,/232/52/212300_GN_1,212300_GN_1.jpg,medium,VIS_COLOUR_MISMATCH,,,,,
212433_BU,212433,Ring ORPHIC Burgundy,_BU,Burgundy,Jewellery,Rings,Band Ring,Thermoplastic Polyurethane; Zinc,Brushed Golden,,7.99,/232/52/212433_BU_1,212433_BU_1.jpg,medium,VIS_COLOUR_MISMATCH,,,,,
212480_BM,212480,Ring EXPEDITION Bright Multicolor,_BM,Bright Multicolor,Jewellery,Rings,Fantasy,Resin; Zinc,Golden,,5.99,/232/52/212480_BM_1,212480_BM_1.jpg,medium,SKU_ATTR_CONFLICT,PROG_IMAGE,,,,
212519_DN,212519,Earring EXPEDITION Dark Green,_DN,Dark Green,Jewellery,Earrings,Stud,Resin; Zinc,Golden,,5.99,/232/52/212519_DN_1,212519_DN_1.jpg,medium,VIS_COLOUR_MISMATCH,,,,,
212988_HM,212988,Necklace mulstone Halftone Multicolor,_HM,Halftone Multicolor,Jewellery,Necklaces,Beaded Necklace,Acrylic; Brass; Glass; Pearl; Stone; Thermoplastic Polyurethane,Golden,,12.99,/232/52/212988_1,212988_HM_1.jpg,medium,IMG_PATH_REPAIRED,,,,,
213310_GD,213310,Necklace GLDN DEL Gold,_GD,Gold,Jewellery,Necklaces,Beaded Necklace,Brass; Iron,Golden,,12.99,/232/52/213310_1,213310_1.jpg,medium,IMG_GENERIC;SALES_MISSING,,,,,
213332_GD,213332,Necklace GOLDEN BASICS Gold,_GD,Gold,Jewellery,Necklaces,Chain,Copper; Iron; Zinc,Golden,,9.99,/232/52/213332_1,213332_1.jpg,medium,IMG_GENERIC;SALES_ZERO_QTY,,,,,
213339_GD,213339,Earring GOLDEN BASICS Gold,_GD,Gold,Jewellery,Earrings,Stud,Zinc,Brushed Golden,,4.99,/232/52/213339_1,213339_1.jpg,medium,IMG_GENERIC;SALES_MISSING,,,,,
213913_DM,213913,Earring FLORABUNDANCE Dark Multicolor,_DM,Dark Multicolor,Jewellery,Earrings,Hoop Earrings,Enamel; Zinc,Golden,,5.99,/232/52/213913_1,213913_DM_1.jpg,medium,IMG_PATH_REPAIRED,,,,,
213949_BM,213949,Bracelet GUARANI VIBES Bright Multicolor,_BM,Bright Multicolor,Jewellery,Bracelets,Elastic Bracelet,Acrylic; Thermoplastic Polyurethane; Zinc,Matte Golden,,6.99,/232/52/213949_1,213949_BM_1.jpg,medium,IMG_PATH_REPAIRED,,,,,
214550_BK,214550,Earring ECLIPSE Black,_BK,Black,Jewellery,Earrings,Hoop Earrings,Acrylic,Golden,,5.99,/232/52/214550_1.,214550_1.jpeg,medium,IMG_GENERIC;VIS_TARGET_NOT_FOUND;IMG_NOT_PACKSHOT,,,,,
214594_GD,214594,Earring GLDN DEL Gold,_GD,Gold,Jewellery,Earrings,Stud,Acrylic; Zinc,Golden,,4.99,/232/52/214594_1,,medium,IMG_FILE_MISSING;IMG_GENERIC,,,,,
216724_BU,216724,Necklace Gipsy Garden Burgundy,_BU,Burgundy,Jewellery,Necklaces,Pendant,Iron; Resin; Zinc,Worn Gold,,12.99,/241/52/216724_BU_1,216724_BU_1.jpg,medium,VIS_COLOUR_MISMATCH,,,,,
218470_BK,218470,Earring SUNSET JUNCTION Black,_BK,Black,Jewellery,Earrings,Hoop Earrings,Brass; Enamel,Golden,,5.99,/241/52/218470_BK_1,218470_BK_1.jpg,medium,VIS_COLOUR_MISMATCH,,,,,
2211440BM,221144,Earring TROPICAL GEMS,0BM,Bright Multicolor,Jewellery,Earrings,Dangle,Cotton; Glass; Iron,,,9.99,/241/52/221144_1,221144_1.jpg,medium,IMG_GENERIC;CLR_NOT_IN_DESC;SALES_MISSING;VIS_TARGET_NOT_FOUND;IMG_NOT_PACKSHOT,,,,,
223053_TG,223053,Ring SPIRIT Pastel Green,_TG,Pastel Green,Jewellery,Rings,Cocktail,Copper; Stone,Golden,,5.99,/242/52/223053_TG_1,223053_TG_1.jpg,medium,VIS_COLOUR_MISMATCH,,,,,
223759_LB,223759,Earring MUSTANG Light Blue,_LB,Light Blue,Jewellery,Earrings,Dangle,Cork; Resin; Stone; Zinc,Antik Golden,,5.99,/242/52/223759_LB_1,223759_LB_1.jpg,medium,VIS_COLOUR_MISMATCH,,,,,
224390_BU,224390,Ring MONETT Burgundy,_BU,Burgundy,Jewellery,Rings,Band Ring,Iron; Resin,Golden,,5.99,/242/52/224390_BU_1,224390_BU_1.jpg,medium,VIS_COLOUR_MISMATCH,,,,,
224571_BK,224571,Earring Milagro Black,_BK,Black,Jewellery,Earrings,Hoop Earrings,Cork,Golden,,5.99,/242/52/224571_1.,224571_1.jpeg,medium,IMG_GENERIC;SALES_MISSING;IMG_NOT_PACKSHOT,,,,,
224648_BL,224648,Necklace Milagro,_BL,Blue,Jewellery,Necklaces,Beaded Necklace,Acrylic; Polyester,Other,,12.99,/242/52/224648_BL_1,224648_BL_1.jpg,medium,CLR_NOT_IN_DESC;SALES_MISSING,,,,,
224648_BU,224648,Necklace Milagro,_BU,Burgundy,Jewellery,Necklaces,Beaded Necklace,Acrylic; Polyester,Other,,12.99,/242/52/224648_BU_1,224648_BU_1.jpg,medium,CLR_NOT_IN_DESC;SALES_MISSING,,,,,
224648_FG,224648,Necklace Milagro,_FG,Forest Green,Jewellery,Necklaces,Beaded Necklace,Acrylic; Polyester,Other,,12.99,/242/52/224648_FG_1,224648_FG_1.jpg,medium,CLR_NOT_IN_DESC;SALES_MISSING,,,,,
224648_OR,224648,Necklace Milagro,_OR,Orange,Jewellery,Necklaces,Beaded Necklace,Acrylic; Polyester,Other,,12.99,/242/52/224648_OR_1,224648_OR_1.jpg,medium,CLR_NOT_IN_DESC;SALES_MISSING,,,,,
224648_RD,224648,Necklace Milagro,_RD,Red,Jewellery,Necklaces,Beaded Necklace,Acrylic; Polyester,Other,,12.99,/242/52/224648_RD_1,224648_RD_1.jpg,medium,CLR_NOT_IN_DESC;SALES_MISSING,,,,,
224733_BL,224733,Necklace NOMADA Blue,_BL,Blue,Jewellery,Necklaces,Pendant,Cork; Iron; Stone; Zinc,Golden,,12.99,/242/52/224733_BL_2y,224733_BL_2y.jpg,medium,VIS_COLOUR_MISMATCH,,,,,
224772_TL,224772,Earring NOMADA Teal,_TL,Teal,Jewellery,Earrings,Dangle,Cork; Iron; Stone,Multifinishing,,5.99,/242/52/224772_TL_1,224772_TL_1.jpg,medium,VIS_COLOUR_MISMATCH,,,,,
224789_TB,224789,Earring NOMADA Pastel Blue,_TB,Pastel Blue,Jewellery,Earrings,Hoop Earrings,Acrylic; Brass; Iron; Stone,Golden,,5.99,/242/52/224789_TB_1,224789_TB_1.jpg,medium,VIS_COLOUR_MISMATCH,,,,,
226427_BU,226427,Necklace WESTERNP Burgundy,_BU,Burgundy,Jewellery,Necklaces,Choker,Cork,Other,,12.99,/242/52/226427_1,,medium,IMG_FILE_MISSING;IMG_GENERIC;SALES_MISSING,,,,,
226887_DB,226887,Earring GALÁPAGOS Dark Brown,_DB,Dark Brown,Jewellery,Earrings,Clip Earrings,Acrylic; Cork; Iron,Antik Golden,,7.99,/242/52/226887_1,,medium,IMG_FILE_MISSING;IMG_GENERIC;SALES_MISSING,,,,,
212219_DM,212219,Phone Holder TIGER2 Dark Multicolor,_DM,Dark Multicolor,Wallet,Phone Holder,Printed Nylon,Polyester; Polyurethane,,,17.99,/232/62/212219_1,212219_DM_1.jpg,medium,IMG_PATH_REPAIRED,,,,,
223174_BG,223174,Wallet BASIC DIANA Beige,_BG,Beige,Wallet,Wallet,Plain PU,Polyester; Polyurethane; Thermoplastic Polyurethane,,,10.99,/242/62/223174_BG_1,223174_BG_1.jpg,medium,SKU_ATTR_CONFLICT,CATEGORY_MATRIX,,,,
223174_GN,223174,Wallet BASIC DIANA Green,_GN,Green,Wallet,Wallet,Plain PU,Polyester; Polyurethane; Thermoplastic Polyurethane,,,10.99,/242/62/223174_GN_1,223174_GN_1.jpg,medium,SALES_MISSING;SKU_ATTR_CONFLICT,CATEGORY_MATRIX,,,,
225874_BK,225874,Coin Purse GLORIA Black,_BK,Black,Wallet,Coin Purse,Real Fur,Cow Leather; Polyester,,,17.99,/242/62/225874_1,,medium,IMG_FILE_MISSING;IMG_GENERIC;IMG_SHARED;SALES_MISSING,,,,,
225874_CA,225874,Coin Purse GLORIA Camel,_CA,Camel,Wallet,Coin Purse,Real Fur,Cow Leather; Polyester,,,17.99,/242/62/225874_1,,medium,IMG_FILE_MISSING;IMG_GENERIC;IMG_SHARED;SALES_MISSING,,,,,
225911_WT,225911,Card Holder GLORIA White,_WT,White,Wallet,Card Holder,Real Fur,Cow Leather; Polyester; Polyurethane,,,19.99,/242/62/225911_1,,medium,IMG_FILE_MISSING;IMG_GENERIC;SALES_MISSING,,,,,
227513_BG,227513,Wallet DOLLY Beige,_BG,Beige,Wallet,Wallet,Peach PU,Polyester; Polyurethane; Thermoplastic Polyurethane,,,12.99,/242/62/227513_1,,medium,IMG_FILE_MISSING;IMG_GENERIC;IMG_SHARED;SALES_MISSING,,,,,
227513_PK,227513,Wallet DOLLY Pink,_PK,Pink,Wallet,Wallet,Peach PU,Polyester; Polyurethane; Thermoplastic Polyurethane,,,12.99,/242/62/227513_1,,medium,IMG_FILE_MISSING;IMG_GENERIC;IMG_SHARED;SALES_MISSING,,,,,
227515_BM,227515,Wallet DOLLY Bright Multicolor,_BM,Bright Multicolor,Wallet,Wallet,Printed PU,Polyester; Polyurethane,,,10.99,/242/62/227515_1,,medium,IMG_FILE_MISSING;IMG_GENERIC,,,,,
216589_BK,216589,Jumpsuit PartycapsuleNovembro Black,_BK,Black,Apparel,Jumpsuit,Woven,Polyester,,Polyester,39.99,/232/64/216589_BK_1,216589_BK_1.jpg,low,VIS_TYPE_DOUBT,,,,,
220598_WT,220598,Sweatshirt T1 ESSENTIALS White,_WT,White,Apparel,Sweatshirt,Circular,Elastane; Modal; Polyester,,,27.99,/241/64/220598_WT_1,220598_WT_1.jpg,low,VIS_TARGET_NOT_FOUND;IMG_NOT_PACKSHOT,,,,,
223997_NM,223997,Dress BRIDAL CAPSULE Neutral Multicolor,_NM,Neutral Multicolor,Apparel,Dress,Woven,Cotton,,,220.0,/242/64/223997_NM_1,223997_NM_1.jpg,low,SALES_ZERO_QTY,,,,,
225362_BK,225362,Dress C2 NOVEMBRO Black,_BK,Black,Apparel,Dress,Woven,Polyester,,Polyester,45.99,/242/64/225362_BK_1,,low,IMG_FILE_MISSING;SALES_ZERO_QTY,,,,,
226741_NM,226741,Dress BRIDAL CAPSULE Neutral Multicolor,_NM,Neutral Multicolor,Apparel,Dress,Woven,Cotton,,,250.0,/242/64/226741_NM_1,,low,IMG_FILE_MISSING;SALES_ZERO_QTY,,,,,
213595_BK,213595,Shopper Bag ROCK3 Black,_BK,Black,Hand Bag,Shopper,Fantasy PU,Crystal Glass; Iron; Polyester; Polyurethane,,,32.99,/232/54/213595_BK_1y,213595_BK_1y.jpg,low,IMG_NOT_PACKSHOT,,,,,
213831_BK,213831,Tote Bag ANIME3 Black,_BK,Black,Hand Bag,Tote,Peach PU,Polyester; Polyurethane,,,29.99,/232/54/213831_BK_1y,213831_BK_1y.jpg,low,IMG_NOT_PACKSHOT,,,,,
213831_KK,213831,Tote Bag ANIME3 Khaki,_KK,Khaki,Hand Bag,Tote,Peach PU,Polyester; Polyurethane,,,29.99,/232/54/213831_KK_2y,213831_KK_2y.jpg,low,IMG_NOT_PACKSHOT,,,,,
213831_TU,213831,Tote Bag ANIME3 Taupe,_TU,Taupe,Hand Bag,Tote,Peach PU,Polyester; Polyurethane,,,29.99,/232/54/213831_TU_2y,213831_TU_2y.jpg,low,IMG_NOT_PACKSHOT,,,,,
214446_BK,214446,Sac CANICHE CAMPAIGN Black,_BK,Black,Hand Bag,Sac,Nylon,Polyamide; Polyester; Polyurethane,,,32.99,/232/54/214446_BK_1,214446_BK_1.jpg,low,VIS_TYPE_DOUBT,,,,,
215158_EC,215158,Crossbody Bag SILVERSURFER2 Ecru,_EC,Ecru,Hand Bag,Cross,Plain PU,Polyester; Polyurethane,,,25.99,/232/54/215158_EC_2y,215158_EC_2y.jpg,low,IMG_NOT_PACKSHOT,,,,,
216521_OR,216521,Tote Bag SILVERSURFER2 Orange,_OR,Orange,Hand Bag,Tote,Plain PU,Polyester; Polyurethane,,,19.99,/232/54/216521_OR_2y,216521_OR_2y.jpg,low,IMG_NOT_PACKSHOT,,,,,
218669NC,218669,Crossbody Bag SELVA1 Natural Color,NC,Natural Color,Hand Bag,Cross,Paper straw,Acrylic; Cotton; Elastane; Paper; Polyester; Polyurethane; Viscose,Light Golden,,23.99,/241/54/218669NC_1y,218669NC_1y.jpg,low,IMG_NOT_PACKSHOT,,,,,
222606NC,222606,Shopper Bag GOLDEN BAY3 Natural Color,NC,Natural Color,Hand Bag,Shopper,Paper straw,Cotton; Fiberglass; Paper; Polyester; Polyurethane,,,29.99,/242/54/222606NC_1,222606NC_1.jpg,low,IMG_NOT_PACKSHOT,,,,,
1795501SV,179550,Earring KISS54 Silver,1SV,Silver,Jewellery,Earrings,Ear Cuff,Brass,Golden,,3.99,/232/52/1795501SV_1,1795501SV_1.jpg,low,VIS_TYPE_DOUBT,,,,,
179550_GD,179550,Earring KISS54 Gold,_GD,Gold,Jewellery,Earrings,Ear Cuff,Zinc,Golden,,3.99,/202/52/179550_GD_1,179550_GD_1.jpg,low,VIS_TYPE_DOUBT,,,,,
188665_HM,188665,Earring BHLOTUS Halftone Multicolor,_HM,Halftone Multicolor,Jewellery,Earrings,Hoop Earrings,Shell; Zinc,Golden,Shell,7.99,/232/52/188665_HM_1,188665_HM_1.jpg,low,VIS_TYPE_DOUBT,,,,,
201199_SV,201199,Ring SILVER D Silver,_SV,Silver,Jewellery,Rings,Band Ring,Copper; Zirconium,Rodhium,Zirconia,5.99,/222/52/201199_SV_1,201199_SV_1.jpg,low,VIS_TYPE_DOUBT,,,,,
201488_GD,201488,Ring GLDN DEL Gold,_GD,Gold,Jewellery,Rings,Fantasy,Brass; Zirconium,Golden,,5.99,/231/52/201488_GD_1,201488_GD_1.jpg,low,VIS_TYPE_DOUBT,,,,,
201488_SV,201488,Ring SILVER D Silver,_SV,Silver,Jewellery,Rings,Fantasy,Brass; Zirconium,Rodhium,,5.99,/231/52/201488_SV_1,201488_SV_1.jpg,low,VIS_TYPE_DOUBT,,,,,
204741_IV,204741,Key Chain FASHION SUPPLEMENTS Ivory,_IV,Ivory,Jewellery,Key chains,Charms,Acrylic; Iron; Shell,Golden,,12.99,/231/52/204741_IV_1y,204741_IV_1y.jpg,low,IMG_NOT_PACKSHOT,,,,,
206909_GD,206909,Necklace GLDN DEL Gold,_GD,Gold,Jewellery,Necklaces,Beaded Necklace,Brass; Zirconium,Golden,,10.99,/231/52/206909_GD_2y,206909_GD_2y.jpg,low,IMG_NOT_PACKSHOT,,,,,
209335_GD,209335,Ring GLDN DEL Gold,_GD,Gold,Jewellery,Rings,Band Ring,Brass,Gold Plated,,5.99,/232/52/209335_GD_1,209335_GD_1.jpg,low,VIS_TYPE_DOUBT,,,,,
209335_SV,209335,Ring SILVER D Silver,_SV,Silver,Jewellery,Rings,Band Ring,Brass,Gold Plated,,5.99,/232/52/209335_SV_1,209335_SV_1.jpg,low,VIS_TYPE_DOUBT,,,,,
211161_AQ,211161,Earring KISS54 Aquamarine,_AQ,Aquamarine,Jewellery,Earrings,Ear Cuff,Brass,Golden,,6.99,/232/52/211161_AQ_1,211161_AQ_1.jpg,low,VIS_TYPE_DOUBT,,,,,
211775_SV,211775,Ring SILVER D Silver,_SV,Silver,Jewellery,Rings,Band Ring,Brass; Zirconium,Rodhium,,5.99,/232/52/211775_SV_1,211775_SV_1.jpg,low,VIS_TYPE_DOUBT,,,,,
212409_HM,212409,Earring SPARKLING EARRINGS Halftone Multicolor,_HM,Halftone Multicolor,Jewellery,Earrings,Stud,Brass; Zirconium,Silver,,32.99,/232/52/212409_HM_1y,212409_HM_1y.jpg,low,IMG_NOT_PACKSHOT,,,,,
212495_HM,212495,Necklace ORPHIC Halftone Multicolor,_HM,Halftone Multicolor,Jewellery,Necklaces,Beaded Necklace,Acrylic; Copper; Iron; Resin; Stone,Golden,,10.99,/232/52/212495_HM_2y,212495_HM_2y.jpg,low,IMG_NOT_PACKSHOT,,,,,
212871_HM,212871,Ring mulstone Halftone Multicolor,_HM,Halftone Multicolor,Jewellery,Rings,Fantasy,Enamel; Zinc,Golden,,5.99,/232/52/212871_HM_1,212871_HM_1.jpg,low,VIS_TYPE_DOUBT,,,,,
213810_HM,213810,Necklace ULTRAVIO Halftone Multicolor,_HM,Halftone Multicolor,Jewellery,Necklaces,Collar,Acrylic; Glass; Iron,Worn Gold,,15.99,/232/52/213810_HM_2y,213810_HM_2y.jpg,low,IMG_NOT_PACKSHOT,,,,,
213825_HM,213825,Bracelet ULTRAVIO Halftone Multicolor,_HM,Halftone Multicolor,Jewellery,Bracelets,Elastic Bracelet,Thermoplastic Polyurethane,Worn Gold,,7.99,/232/52/213825_HM_1,213825_HM_1.jpg,low,VIS_TYPE_DOUBT,,,,,
213984_GD,213984,Earring KISS MIX&MATCH Gold,_GD,Gold,Jewellery,Earrings,Ear Cuff,Brass; Zirconium,Golden,,5.99,/232/52/213984_GD_1,213984_GD_1.jpg,low,VIS_TYPE_DOUBT,,,,,
214043_BM,214043,Earring STARRYNIGHT Bright Multicolor,_BM,Bright Multicolor,Jewellery,Earrings,Dangle,Acrylic; Iron; Zamac,Black Plating,,12.99,/232/52/214043_BM_1,214043_BM_1.jpg,low,IMG_NOT_PACKSHOT,,,,,
214475_BM,214475,Ring CANICHE CAMPAIGN Bright Multicolor,_BM,Bright Multicolor,Jewellery,Rings,Fantasy,Glass; Iron,Golden,,17.99,/232/52/214475_BM_1,214475_BM_1.jpg,low,VIS_TYPE_DOUBT,,,,,
214475_FU,214475,Ring CANICHE CAMPAIGN Fuchsia,_FU,Fuchsia,Jewellery,Rings,Fantasy,Glass; Iron,Golden,,17.99,/232/52/214475_FU_1,214475_FU_1.jpg,low,VIS_TYPE_DOUBT,,,,,
214475_GN,214475,Ring CANICHE CAMPAIGN Green,_GN,Green,Jewellery,Rings,Fantasy,Glass; Iron,Golden,,17.99,/232/52/214475_GN_1,214475_GN_1.jpg,low,VIS_TYPE_DOUBT,,,,,
215507_GD,215507,Earring GLDN DEL Gold,_GD,Gold,Jewellery,Earrings,Dangle,Brass; Iron,Golden,,5.99,/241/52/215507_GD_2y,215507_GD_2y.jpg,low,VIS_TYPE_DOUBT,,,,,
215892_IV,215892,Ring Golden Basics Extra Ivory,_IV,Ivory,Jewellery,Rings,Fantasy,Enamel; Zinc,Golden,,7.99,/241/52/215892_IV_2y,215892_IV_2y.jpg,low,IMG_NOT_PACKSHOT,,,,,
215912_IV,215912,Earring Golden Basics Extra Ivory,_IV,Ivory,Jewellery,Earrings,Dangle,Brass; Enamel; Zinc,Golden,,8.99,/241/52/215912_IV_1y,215912_IV_1y.jpg,low,VIS_TYPE_DOUBT;IMG_NOT_PACKSHOT,,,,,
215922_IV,215922,Ring Golden Basics Extra Ivory,_IV,Ivory,Jewellery,Rings,Band Ring,Enamel; Zinc,Golden,,5.99,/241/52/215922_IV_2y,215922_IV_2y.jpg,low,VIS_TYPE_DOUBT;IMG_NOT_PACKSHOT,,,,,
216113_GD,216113,Bracelet Golden Basics Gold,_GD,Gold,Jewellery,Bracelets,Cuff,Iron,Golden,,12.99,/241/52/216113_GD_1y,216113_GD_1y.jpg,low,IMG_NOT_PACKSHOT,,,,,
216234_GD,216234,Earring Golden Basics Gold,_GD,Gold,Jewellery,Earrings,Dangle,Iron; Zamac,Multifinishing,,7.99,/241/52/216234_GD_2y,216234_GD_2y.jpg,low,VIS_TYPE_DOUBT;IMG_NOT_PACKSHOT,,,,,
216257_IV,216257,Set of Bracelets Golden Basics Extra Ivory,_IV,Ivory,Jewellery,Bracelets,Elastic Bracelet,Enamel; Thermoplastic Polyurethane; Zinc,Golden,,7.99,/241/52/216257_IV_2y,216257_IV_2y.jpg,low,IMG_NOT_PACKSHOT,,,,,
217002_PK,217002,Bracelet ARM LOVERS Pink,_PK,Pink,Jewellery,Bracelets,Adjustable Bracelet,Copper; Glass; Suede,Golden,,5.99,/241/52/217002_PK_2y,217002_PK_2y.jpg,low,IMG_NOT_PACKSHOT,,,,,
217519_SV,217519,Necklace SHADES OF COOL Silver,_SV,Silver,Jewellery,Necklaces,Chain,Zinc,Silver,,12.99,/241/52/217519_SV_2y,217519_SV_2y.jpg,low,IMG_NOT_PACKSHOT,,,,,
217545_SV,217545,Earring SHADES OF COOL Silver,_SV,Silver,Jewellery,Earrings,Stud,Iron,Rodhium,,7.99,/232/52/217545_SV_2y,217545_SV_2y.jpg,low,IMG_NOT_PACKSHOT,,,,,
217672_IV,217672,Ring Golden Basics Extra Ivory,_IV,Ivory,Jewellery,Rings,Band Ring,Enamel; Zinc,Golden,,5.99,/241/52/217672_IV_1,217672_IV_1.jpg,low,VIS_TYPE_DOUBT,,,,,
219167_BM,219167,Earring KISSSJAM Bright Multicolor,_BM,Bright Multicolor,Jewellery,Earrings,Ear Cuff,Brass; Zirconium,Golden,,5.99,/241/52/219167_BM_1,219167_BM_1.jpg,low,VIS_TYPE_DOUBT,,,,,
219193_GD,219193,Earring KISSSJAM Gold,_GD,Gold,Jewellery,Earrings,Ear Cuff,Zinc,Golden,,4.99,/241/52/219193_GD_1,219193_GD_1.jpg,low,VIS_TYPE_DOUBT,,,,,
219315_BM,219315,Ring MADEIRA Bright Multicolor,_BM,Bright Multicolor,Jewellery,Rings,Fantasy,Resin; Zinc,Silver,,15.99,/241/52/219315_BM_1,219315_BM_1.jpg,low,VIS_TYPE_DOUBT,,,,,
219396_BM,219396,Set of Earrings KISSSJAM Bright Multicolor,_BM,Bright Multicolor,Jewellery,Earrings,Hoop Earrings,Enamel; Zinc,Golden,,7.99,/241/52/219396_BM_1,219396_BM_1.jpg,low,VIS_TYPE_DOUBT,,,,,
219771_GD,219771,Ring Golden Basics Gold,_GD,Gold,Jewellery,Rings,Band Ring,Brass,Golden,,5.99,/241/52/219771_GD_1,219771_GD_1.jpg,low,VIS_TYPE_DOUBT,,,,,
221105_SV,221105,Ring SILVER D Silver,_SV,Silver,Jewellery,Rings,Cocktail,Acrylic; Brass; Zirconium,Golden,,5.99,/242/52/221105_SV_1,221105_SV_1.jpg,low,VIS_TYPE_DOUBT,,,,,
223318_EC,223318,Ring TREND Ecru,_EC,Ecru,Jewellery,Rings,Fantasy,Copper; Cork; Resin,,,9.99,/242/52/223318_EC_1,223318_EC_1.jpg,low,VIS_TYPE_DOUBT,,,,,
223318_FG,223318,Ring TREND Forest Green,_FG,Forest Green,Jewellery,Rings,Fantasy,Copper; Cork; Resin,,,9.99,/242/52/223318_FG_1,223318_FG_1.jpg,low,VIS_TYPE_DOUBT,,,,,
223318_HM,223318,Ring TREND Halftone Multicolor,_HM,Halftone Multicolor,Jewellery,Rings,Fantasy,Copper; Cork; Resin,,,9.99,/242/52/223318_HM_1,223318_HM_1.jpg,low,VIS_TYPE_DOUBT,,,,,
223318_OR,223318,Ring TREND Orange,_OR,Orange,Jewellery,Rings,Fantasy,Copper; Cork; Resin,,,9.99,/242/52/223318_OR_1,223318_OR_1.jpg,low,VIS_TYPE_DOUBT,,,,,
223693_BR,223693,Ring MUSTANG Brick Red,_BR,Brick Red,Jewellery,Rings,Cocktail,Acrylic; Cork; Iron; Resin,Antik Golden,,7.99,/242/52/223693_BR_1,223693_BR_1.jpg,low,VIS_TYPE_DOUBT,,,,,
223784_BG,223784,Earring MUSTANG Beige,_BG,Beige,Jewellery,Earrings,Drop,Cork; Thermoplastic Polyurethane; Zinc,Antik Golden,,7.99,/242/52/223784_BG_1,223784_BG_1.jpg,low,VIS_TYPE_DOUBT,,,,,
213208_GY,213208,Phone Holder VILLAGE 2 Grey,_GY,Grey,Wallet,Phone Holder,Printed Fake Nylon,Polyester; Polyurethane,,,17.99,/232/62/213208_GY_2y,213208_GY_2y.jpg,low,IMG_NOT_PACKSHOT,,,,,
214310_PU,214310,Multipurpose Purse doja Purple,_PU,Purple,Wallet,Multipurpose Purse,Nylon,Polyamide; Polyester; Polyurethane,,,17.99,/241/62/214310_PU_2y,214310_PU_2y.jpg,low,VIS_TARGET_NOT_FOUND;IMG_NOT_PACKSHOT,,,,,
214832_BM,214832,Wallet Basic maude Bright Multicolor,_BM,Bright Multicolor,Wallet,Wallet,Printed PU,Polyester; Polyurethane,,,10.99,/232/62/214832_BM_2y,214832_BM_2y.jpg,low,IMG_NOT_PACKSHOT,,,,,
215177_AQ,215177,Coin Purse BASIC SIDNEY Aquamarine,_AQ,Aquamarine,Wallet,Coin Purse,Plain PU,Polyester; Polyurethane,,,7.99,/241/62/215177_AQ_2y,215177_AQ_2y.jpg,low,IMG_NOT_PACKSHOT,,,,,
215245_BL,215245,Coin Purse SIDNEY Blue,_BL,Blue,Wallet,Coin Purse,Plain PU,Polyester; Polyurethane,,,7.99,/241/62/215245_BL_2y,215245_BL_2y.jpg,low,IMG_NOT_PACKSHOT,,,,,
215467_TL,215467,Wallet AUBERY Teal,_TL,Teal,Wallet,Wallet,Padded Peach PU,Polyester; Polyurethane,,,12.99,/241/62/215467_TL_2y,215467_TL_2y.jpg,low,IMG_NOT_PACKSHOT,,,,,
215479_LK,215479,Notebook AUBERY Light Pink,_LK,Light Pink,Wallet,Others,Notebook,Paper; Polyurethane,,,17.99,/241/62/215479_LK_2y,215479_LK_2y.jpg,low,IMG_NOT_PACKSHOT,,,,,
217646_PK,217646,Passport Case STATIONERY Pink,_PK,Pink,Wallet,Others,Passport Case,Polyester; Polyurethane,,,12.99,/241/62/217646_PK_2y,217646_PK_2y.jpg,low,IMG_NOT_PACKSHOT,,,,,
221438_BK,221438,Jewellery Case OMARA Black,_BK,Black,Wallet,Others,Jewellery Case,Polyamide; Polyester; Polyurethane,,,15.99,/242/62/221438_BK_1,221438_BK_1.jpg,low,IMG_NOT_PACKSHOT,,,,,
221438_BM,221438,Jewellery Case OMARA Bright Multicolor,_BM,Bright Multicolor,Wallet,Others,Jewellery Case,Polyamide; Polyurethane,,,15.99,/242/62/221438_BM_1,221438_BM_1.jpg,low,IMG_NOT_PACKSHOT,,,,,
221735_LB,221735,Card Holder MARTHA Light Blue,_LB,Light Blue,Wallet,Card Holder,Plain PU,Polyester; Polyurethane; Thermoplastic Polyurethane,,,9.99,/242/62/221735_LB_2y,221735_LB_2y.jpg,low,IMG_NOT_PACKSHOT,,,,,
222480_BG,222480,Jewellery Case BASIC Beige,_BG,Beige,Wallet,Others,Jewellery Case,Cow Leather; Polyester,,,27.99,/241/62/222480_BG_1,222480_BG_1.jpg,low,IMG_NOT_PACKSHOT,,,,,
222480_BK,222480,Jewellery Case BASIC Black,_BK,Black,Wallet,Others,Jewellery Case,Cow Leather; Polyester,,,27.99,/241/62/222480_BK_1,222480_BK_1.jpg,low,IMG_NOT_PACKSHOT,,,,,
222480_SK,222480,Jewellery Case BASIC Skin,_SK,Skin,Wallet,Others,Jewellery Case,Cow Leather; Polyester,,,27.99,/241/62/222480_SK_1,222480_SK_1.jpg,low,IMG_NOT_PACKSHOT,,,,,
212026_GN,212026,Dress LAB JUNHO Green,_GN,Green,Apparel,Dress,Woven,Polyester,,Polyester,59.99,/232/64/212026_GN_1,212026_GN_1.jpg,info,SALES_MISSING,,,,,
214565_FU,214565,Trousers Hot dez Fuchsia,_FU,Fuchsia,Apparel,Trousers,Woven,Viscose,,Viscose,25.99,/241/64/214565_FU_1,,info,IMG_FILE_MISSING,,,,,
214631_EC,214631,Shirt Hot Ecru,_EC,Ecru,Apparel,Shirt,Woven,Viscose,,,29.99,/241/64/214631_EC_1,,info,IMG_FILE_MISSING,,,,,
214668_BM,214668,Sweater KUSAMA Bright Multicolor,_BM,Bright Multicolor,Apparel,Sweater,Knit,Polyamide; Viscose,,Viscose,32.99,/232/64/214668_BM_1,,info,IMG_FILE_MISSING,,,,,
225147_WT,225147,Dress GI White,_WT,White,Apparel,Dress,Woven,Linen; Viscose,,,45.99,/242/64/225147_WT_1,,info,IMG_FILE_MISSING,,,,,
225160_AN,225160,Dress TRENDY Anthracite,_AN,Anthracite,Apparel,Dress,Knit,Polyamide; Viscose,,,39.99,/242/64/225160_AN_1,,info,IMG_FILE_MISSING,,,,,
225160_BU,225160,Dress TRENDY Burgundy,_BU,Burgundy,Apparel,Dress,Knit,Polyamide; Viscose,,,39.99,/242/64/225160_BU_1,,info,IMG_FILE_MISSING,,,,,
225203_BM,225203,Trousers B4 Bright Multicolor,_BM,Bright Multicolor,Apparel,Trousers,Woven,Polyamide; Viscose,,,29.99,/242/64/225203_BM_1,,info,IMG_FILE_MISSING,,,,,
225314_KK,225314,Poncho T1 ESSENTIALS Khaki,_KK,Khaki,Apparel,Poncho,Knit,Polyamide; Polyester; Viscose,,,32.99,/242/64/225314_KK_1,,info,IMG_FILE_MISSING,,,,,
225362_RD,225362,Dress BETS Red,_RD,Red,Apparel,Dress,Woven,Polyester,,Polyester,45.99,/242/64/225362_RD_1,,info,IMG_FILE_MISSING;SALES_MISSING,,,,,
225583_BK,225583,Trousers CAXEMIRA Black,_BK,Black,Apparel,Trousers,Knit,Cashmere,,,89.99,/242/64/225583_BK_1,,info,IMG_FILE_MISSING,,,,,
225583_CA,225583,Trousers CAXEMIRA Camel,_CA,Camel,Apparel,Trousers,Knit,Cashmere,,,89.99,/242/64/225583_CA_3,,info,IMG_FILE_MISSING,,,,,
225583_WT,225583,Trousers CAXEMIRA White,_WT,White,Apparel,Trousers,Knit,Cashmere,,,89.99,/242/64/225583_WT_1,,info,IMG_FILE_MISSING,,,,,
225686_BG,225686,Vest TU Beige,_BG,Beige,Apparel,Vest,Knit,Acrylic; Polyamide; Polyester,,,32.99,/242/64/225686_BG_1,,info,IMG_FILE_MISSING,,,,,
226387_PK,226387,Cardigan 22 Pink,_PK,Pink,Apparel,Cardigan,Knit,Elastane; Polyamide; Polyester; Wool; recycled polyester,,,32.99,/242/64/226387_PK_1,,info,IMG_FILE_MISSING,,,,,
226416_AN,226416,Sweater bro Anthracite,_AN,Anthracite,Apparel,Sweater,Knit,Elastane; Polyamide; Polyester; Wool; recycled polyester,,Recycled Polyester,29.99,/242/64/226416_AN_1,,info,IMG_FILE_MISSING,,,,,
226416_BL,226416,Sweater outu Blue,_BL,Blue,Apparel,Sweater,Knit,Elastane; Polyamide; Polyester; Wool; recycled polyester,,Recycled Polyester,29.99,/242/64/226416_BL_1,,info,IMG_FILE_MISSING,,,,,
226591_GY,226591,Cardigan outu Grey,_GY,Grey,Apparel,Cardigan,Knit,Acrylic; Elastane; Polyester; Wool,,Polyester,39.99,/242/64/226591_GY_1,,info,IMG_FILE_MISSING,,,,,
226607_BK,226607,Dress UB Black,_BK,Black,Apparel,Dress,Knit,Polyamide; Viscose,,Viscose,39.99,/242/64/226607_BK_1,,info,IMG_FILE_MISSING,,,,,
226607_BU,226607,Dress UB Burgundy,_BU,Burgundy,Apparel,Dress,Knit,Polyamide; Viscose,,Viscose,39.99,/242/64/226607_BU_1,,info,IMG_FILE_MISSING,,,,,
226770_BK,226770,Vest TRENDY Black,_BK,Black,Apparel,Vest,Woven,Polyester; Viscose; Wool,,,39.99,/242/64/226770_BK_1,,info,IMG_FILE_MISSING;SALES_MISSING,,,,,
226802_BN,226802,Trousers OU Brown,_BN,Brown,Apparel,Trousers,Woven,Polyester; elastomultiéster,,,35.99,/242/64/226802_BN_1,,info,IMG_FILE_MISSING,,,,,
226846_BK,226846,Shirt B6NOVE Black,_BK,Black,Apparel,Shirt,Woven,Elastane; Viscose,,,32.99,/242/64/226846_BK_1,,info,IMG_FILE_MISSING;SALES_MISSING,,,,,
226846_WT,226846,Shirt B6NOVE White,_WT,White,Apparel,Shirt,Woven,Elastane; Viscose,,,32.99,/242/64/226846_WT_1,,info,IMG_FILE_MISSING;SALES_MISSING,,,,,
226876_BG,226876,Raincoat TRENDY Beige,_BG,Beige,Apparel,Raincoat,Woven,Polyester; Polyurethane,,Polyester,89.99,/242/64/226876_BG_1,,info,IMG_FILE_MISSING,,,,,
226876_BK,226876,Raincoat TRENDY Black,_BK,Black,Apparel,Raincoat,Woven,Polyester; Polyurethane,,Polyester,89.99,/242/64/226876_BK_1,,info,IMG_FILE_MISSING,,,,,
226901_BM,226901,Blazer TRENDY Bright Multicolor,_BM,Bright Multicolor,Apparel,Blazer,Woven,Polyester; Viscose; Wool,,,69.99,/242/64/226901_BM_1,,info,IMG_FILE_MISSING;SALES_MISSING,,,,,
227011_BN,227011,Sweater VERONA OUTUBRO Brown,_BN,Brown,Apparel,Sweater,Knit,Acrylic; Elastane; Polyamide; Polyester; Wool,,,29.99,/242/64/227011_BN_1,,info,IMG_FILE_MISSING,,,,,
227011_KK,227011,Sweater VERONA OUTUBRO Khaki,_KK,Khaki,Apparel,Sweater,Knit,Acrylic; Elastane; Polyamide; Polyester; Wool,,,29.99,/242/64/227011_KK_1,,info,IMG_FILE_MISSING,,,,,
227091_BK,227091,Sweater IE Black,_BK,Black,Apparel,Sweater,Knit,Polyamide; Viscose,,,32.99,/242/64/227091_BK_1,,info,IMG_FILE_MISSING,,,,,
227140_BK,227140,Poncho T1 ESSENTIALS Black,_BK,Black,Apparel,Poncho,Knit,Polyamide; Viscose,,,35.99,/242/64/227140_BK_1,,info,IMG_FILE_MISSING,,,,,
227140_WT,227140,Poncho T1 ESSENTIALS White,_WT,White,Apparel,Poncho,Knit,Polyamide; Viscose,,,35.99,/242/64/227140_WT_1,,info,IMG_FILE_MISSING,,,,,
227234_BK,227234,Coat LL Black,_BK,Black,Apparel,Coat,Woven,Polyester,,,69.99,/242/64/227234_BK_1,,info,IMG_FILE_MISSING,,,,,
227234_DN,227234,Coat BETS Dark Green,_DN,Dark Green,Apparel,Coat,Woven,Polyester,,Polyester,69.99,/242/64/227234_DN_1,,info,IMG_FILE_MISSING,,,,,
227234_OW,227234,Coat LL Off White,_OW,Off White,Apparel,Coat,Woven,Polyester,,,69.99,/242/64/227234_OW_1,,info,IMG_FILE_MISSING,,,,,
227254_GY,227254,Sweatshirt CN Grey,_GY,Grey,Apparel,Sweatshirt,Circular,Cotton; Polyester,,,29.99,/242/64/227254_GY_1y,,info,IMG_FILE_MISSING;SALES_MISSING,,,,,
227297_OW,227297,Sweater MY Off White,_OW,Off White,Apparel,Sweater,Knit,Acrylic; Alpaca; Polyamide; Polyester; Wool,,,35.99,/242/64/227297_OW_1,,info,IMG_FILE_MISSING,,,,,
227305_BL,227305,Sweater T1 ESSENTIALS Blue,_BL,Blue,Apparel,Sweater,Knit,Acrylic; Alpaca; Elastane; Polyamide; Polyester; Wool,,Acrylic,32.99,/242/64/227305_BL_1,,info,IMG_FILE_MISSING,,,,,
227305_CA,227305,Sweater T1 ESSENTIALS Camel,_CA,Camel,Apparel,Sweater,Knit,Acrylic; Alpaca; Elastane; Polyamide; Polyester; Wool,,Acrylic,32.99,/242/64/227305_CA_1,,info,IMG_FILE_MISSING;SALES_MISSING,,,,,
227305_EC,227305,Sweater T1 ESSENTIALS Ecru,_EC,Ecru,Apparel,Sweater,Knit,Acrylic; Alpaca; Elastane; Polyamide; Polyester; Wool,,Acrylic,32.99,/242/64/227305_EC_1,,info,IMG_FILE_MISSING;SALES_MISSING,,,,,
227305_RD,227305,Sweater BETS Red,_RD,Red,Apparel,Sweater,Knit,Acrylic; Alpaca; Elastane; Polyamide; Polyester; Wool,,Acrylic,32.99,/242/64/227305_RD_1,,info,IMG_FILE_MISSING;SALES_MISSING,,,,,
227306_BM,227306,Sweater C2 NOVEMBRO Bright Multicolor,_BM,Bright Multicolor,Apparel,Sweater,Knit,Elastane; Polyester,,,35.99,/242/64/227306_BM_1,,info,IMG_FILE_MISSING;SALES_MISSING,,,,,
227306_PK,227306,Sweater BETS Pink,_PK,Pink,Apparel,Sweater,Knit,Elastane; Polyester,,Polyester,35.99,/242/64/227306_PK_1,,info,IMG_FILE_MISSING;SALES_MISSING,,,,,
227321_BM,227321,Trousers UU Bright Multicolor,_BM,Bright Multicolor,Apparel,Trousers,Knit,Polyamide; Viscose,,,35.99,/242/64/227321_BM_1,,info,IMG_FILE_MISSING,,,,,
227321_BN,227321,Trousers BETS Brown,_BN,Brown,Apparel,Trousers,Knit,Polyamide; Viscose,,Viscose,35.99,/242/64/227321_BN_1,,info,IMG_FILE_MISSING,,,,,
227496_CA,227496,Shorts QUADROS Camel,_CA,Camel,Apparel,Shorts,Woven,Goat Leather; Polyester,,Leather,89.99,/242/64/227496_CA_1,,info,IMG_FILE_MISSING,,,,,
227670_NV,227670,Cardigan CN Navy,_NV,Navy,Apparel,Cardigan,Knit,Acrylic; Polyamide; Polyester,,,39.99,/242/64/227670_NV_1,,info,IMG_FILE_MISSING;SALES_MISSING,,,,,
227670_OW,227670,Cardigan CN Off White,_OW,Off White,Apparel,Cardigan,Knit,Acrylic; Polyamide; Polyester,,,39.99,/242/64/227670_OW_1,,info,IMG_FILE_MISSING;SALES_MISSING,,,,,
227702_GY,227702,Trousers QUADROS Grey,_GY,Grey,Apparel,Trousers,Woven,Polyester; Viscose; Wool,,,39.99,/242/64/227702_GY_1,,info,IMG_FILE_MISSING,,,,,
227728_EC,227728,Dress TRENDY Ecru,_EC,Ecru,Apparel,Dress,Woven,Lyocell,,,42.99,/242/64/227728_EC_1,,info,IMG_FILE_MISSING,,,,,
227728_KK,227728,Dress TRENDY Khaki,_KK,Khaki,Apparel,Dress,Woven,Lyocell,,,42.99,/242/64/227728_KK_1,,info,IMG_FILE_MISSING,,,,,
227728_NV,227728,Dress TRENDY Navy,_NV,Navy,Apparel,Dress,Woven,Lyocell,,,42.99,/242/64/227728_NV_1,,info,IMG_FILE_MISSING,,,,,
227972_BN,227972,Shirt VERONA OUTUBRO Brown,_BN,Brown,Apparel,Shirt,Woven,Polyester,,,32.99,/242/64/227972_BN_1,,info,IMG_FILE_MISSING,,,,,
227972_GN,227972,Shirt VERONA OUTUBRO Green,_GN,Green,Apparel,Shirt,Woven,Polyester,,,32.99,/242/64/227972_GN_1,,info,IMG_FILE_MISSING,,,,,
228070_BK,228070,Skirt outu Black,_BK,Black,Apparel,Skirt,Woven,Elastane; Polyester; Viscose; Wool,,Polyester,35.99,/242/64/228070_BK_1,,info,IMG_FILE_MISSING;SALES_MISSING,,,,,
228167_OW,228167,Top COWBOY Off White,_OW,Off White,Apparel,Top,Circular,Cotton; Elastane,,,22.99,/242/64/228167_OW_1,,info,IMG_FILE_MISSING;SALES_MISSING,,,,,
228712_AN,228712,Sweater VERONOV Anthracite,_AN,Anthracite,Apparel,Sweater,Knit,Acrylic; Polyamide; Polyester; Viscose; Wool,,,32.99,/242/64/228712_AN_1,,info,IMG_FILE_MISSING;SALES_MISSING,,,,,
228733_BN,228733,Trousers B5 NOVEMBRO Brown,_BN,Brown,Apparel,Trousers,Knit,Acrylic; Elastane; Polyester; Wool,,Polyester,29.99,/242/64/228733_BN_2y,,info,IMG_FILE_MISSING;SALES_MISSING,,,,,
228733_EC,228733,Trousers B5 NOVEMBRO Ecru,_EC,Ecru,Apparel,Trousers,Knit,Acrylic; Elastane; Polyester; Wool,,Polyester,29.99,/242/64/228733_EC_2y,,info,IMG_FILE_MISSING;SALES_MISSING,,,,,
228733_GY,228733,Trousers B5 NOVEMBRO Grey,_GY,Grey,Apparel,Trousers,Knit,Acrylic; Elastane; Polyester; Wool,,Polyester,29.99,/242/64/228733_GY_2y,,info,IMG_FILE_MISSING;SALES_MISSING,,,,,
228911_BM,228911,Top UU Bright Multicolor,_BM,Bright Multicolor,Apparel,Top,Knit,Polyamide; Viscose,,Viscose,27.99,/242/64/228911_BM_1,,info,IMG_FILE_MISSING,,,,,
229486_IG,229486,Jeans C3 NOV Indigo,_IG,Indigo,Apparel,Jeans,Woven,Cotton,,,39.99,/242/64/229486_IG_2y,,info,IMG_FILE_MISSING;SALES_MISSING,,,,,
230078_BM,230078,Trousers TRENDY Bright Multicolor,_BM,Bright Multicolor,Apparel,Trousers,Circular,Elastane; Polyester,,Polyester,23.99,/242/64/230078_BM_1,,info,IMG_FILE_MISSING;SALES_MISSING,,,,,
226996_BK,226996,Ballerinas PARTY BALLERINA Black,_BK,Black,Footwear,Ballerinas,Textile,Polyester; Polyurethane; Rubber,,,29.99,/242/53/226996_BK_2y,,info,IMG_FILE_MISSING;SALES_MISSING,,,,,
227117_BK,227117,Boots QUADROS Black,_BK,Black,Footwear,Boots,PU,Polyester; Polyurethane; Rubber,,,59.99,/242/53/227117_BK_1,,info,IMG_FILE_MISSING,,,,,
227117_OW,227117,Boots QUADROS Off White,_OW,Off White,Footwear,Boots,PU,Polyester; Polyurethane; Rubber,,,59.99,/242/53/227117_OW_1,,info,IMG_FILE_MISSING,,,,,
214581_BU,214581,Shoulder Bag BOOMER2 Burgundy,_BU,Burgundy,Hand Bag,Shoulder Bag,Plain PU,Polyester; Polyurethane,,,23.99,/232/54/214581_BU_1,,info,IMG_FILE_MISSING,,,,,
225078_BK,225078,Sac SCOTS3 Black,_BK,Black,Hand Bag,Sac,Fantasy PU,Polyester; Polyurethane,Silver Plated,,39.99,/242/54/225078_BK_1,,info,IMG_FILE_MISSING,,,,,
225149_BK,225149,Crossbody Bag COLLAGE2 Black,_BK,Black,Hand Bag,Cross,Peach PU,Polyester; Polyurethane,Silver,,25.99,/242/54/225149_BK_1,,info,IMG_FILE_MISSING,,,,,
225149_BN,225149,Crossbody Bag COLLAGE2 Brown,_BN,Brown,Hand Bag,Cross,Peach PU,Polyester; Polyurethane,Silver,,25.99,/242/54/225149_BN_1,,info,IMG_FILE_MISSING,,,,,
225149_TU,225149,Crossbody Bag COLLAGE2 Taupe,_TU,Taupe,Hand Bag,Cross,Peach PU,Polyester; Polyurethane,Silver,,25.99,/242/54/225149_TU_1,,info,IMG_FILE_MISSING,,,,,
225229_BK,225229,Backpack COLLAGE3 Black,_BK,Black,Hand Bag,Backpack,Nylon,Polyester; Polyurethane,Silver,,29.99,/242/54/225229_BK_1,,info,IMG_FILE_MISSING,,,,,
225229_TU,225229,Backpack COLLAGE3 Taupe,_TU,Taupe,Hand Bag,Backpack,Nylon,Polyester; Polyurethane,Silver,,29.99,/242/54/225229_TU_1,,info,IMG_FILE_MISSING,,,,,
225500_BU,225500,Sac WESTERN2 Burgundy,_BU,Burgundy,Hand Bag,Sac,Real Suede,Cow Suede Leather,Silver,,69.99,/242/54/225500_BU_1,,info,IMG_FILE_MISSING;SALES_MISSING,,,,,
225664_GN,225664,Crossbody Bag COLLAGE2 Green,_GN,Green,Hand Bag,Cross,Peach PU,Polyester; Polyurethane,Silver,,25.99,/242/54/225664_GN_1,,info,IMG_FILE_MISSING,,,,,
225673_BK,225673,Tote Bag COLLAGE1 Black,_BK,Black,Hand Bag,Tote,Peach PU,Polyester; Polyurethane; Rubber,Silver,,29.99,/242/54/225673_BK_1,,info,IMG_FILE_MISSING,,,,,
225673_BN,225673,Tote Bag COLLAGE1 Brown,_BN,Brown,Hand Bag,Tote,Peach PU,Polyester; Polyurethane; Rubber,Silver,,29.99,/242/54/225673_BN_1,,info,IMG_FILE_MISSING,,,,,
225673_TU,225673,Tote Bag COLLAGE1 Taupe,_TU,Taupe,Hand Bag,Tote,Peach PU,Polyester; Polyurethane; Rubber,Silver,,29.99,/242/54/225673_TU_1,,info,IMG_FILE_MISSING,,,,,
226318_KK,226318,Tote Bag BROOKE Khaki,_KK,Khaki,Hand Bag,Tote,Jacquard,Polyester; Polyurethane; Zinc,,,27.99,/242/54/226318_KK_1,,info,IMG_FILE_MISSING,,,,,
226369_BK,226369,Bucket Bag COLLAGE3 Black,_BK,Black,Hand Bag,Bucket,Plain PU,Polyurethane,Silver,,25.99,/242/54/226369_BK_1,,info,IMG_FILE_MISSING,,,,,
226369_BU,226369,Bucket Bag COLLAGE3 Burgundy,_BU,Burgundy,Hand Bag,Bucket,Plain PU,Polyurethane,Silver,,25.99,/242/54/226369_BU_1,,info,IMG_FILE_MISSING,,,,,
226369_TU,226369,Bucket Bag COLLAGE3 Taupe,_TU,Taupe,Hand Bag,Bucket,Plain PU,Polyurethane,Silver,,25.99,/242/54/226369_TU_1,,info,IMG_FILE_MISSING,,,,,
226435_BK,226435,Backpack PARKER Black,_BK,Black,Hand Bag,Backpack,Nylon,Polyester; Polyurethane,,,27.99,/242/54/226435_BK_1,,info,IMG_FILE_MISSING,,,,,
226435_CA,226435,Backpack PARKER Camel,_CA,Camel,Hand Bag,Backpack,Nylon,Polyester; Polyurethane,,,27.99,/242/54/226435_CA_1,,info,IMG_FILE_MISSING,,,,,
226701_BK,226701,Bucket Bag WESTERN2 Black,_BK,Black,Hand Bag,Bucket,Real Suede,Cow Suede Leather; Polyurethane,,,27.99,/242/54/226701_BK_1,,info,IMG_FILE_MISSING,,,,,
226701_BU,226701,Bucket Bag WESTERN2 Burgundy,_BU,Burgundy,Hand Bag,Bucket,Real Suede,Cow Suede Leather; Polyurethane,,,27.99,/242/54/226701_BU_1,,info,IMG_FILE_MISSING,,,,,
226701_KK,226701,Bucket Bag WESTERN2 Khaki,_KK,Khaki,Hand Bag,Bucket,Real Suede,Cow Suede Leather; Polyurethane,,,27.99,/242/54/226701_KK_1,,info,IMG_FILE_MISSING,,,,,
226701_MD,226701,Bucket Bag WESTERN2 Mustard,_MD,Mustard,Hand Bag,Bucket,Real Suede,Cow Suede Leather; Polyurethane,,,27.99,/242/54/226701_MD_1,,info,IMG_FILE_MISSING,,,,,
226749_BK,226749,Shopper Bag WESTERN1 Black,_BK,Black,Hand Bag,Shopper,Plain PU,Iron; Polyester; Polyurethane; Zinc,Light Golden,,29.99,/242/54/226749_BK_1,,info,IMG_FILE_MISSING,,,,,
226749_EC,226749,Shopper Bag WESTERN1 Ecru,_EC,Ecru,Hand Bag,Shopper,Plain PU,Iron; Polyester; Polyurethane; Zinc,Light Golden,,29.99,/242/54/226749_EC_1,,info,IMG_FILE_MISSING;SALES_MISSING,,,,,
226749_TU,226749,Shopper Bag WESTERN1 Taupe,_TU,Taupe,Hand Bag,Shopper,Plain PU,Iron; Polyester; Polyurethane; Zinc,Light Golden,,29.99,/242/54/226749_TU_1,,info,IMG_FILE_MISSING,,,,,
226750_YL,226750,Shopper Bag WESTERN3 Yellow,_YL,Yellow,Hand Bag,Shopper,Fantasy Fabric,Polyester; Polyurethane; Wool,Silver,,29.99,/242/54/226750_YL_1,,info,IMG_FILE_MISSING,,,,,
226799_BK,226799,Tote Bag WINTER MAORI Black,_BK,Black,Hand Bag,Tote,Peach PU,Polyester; Polyurethane,Silver,,25.99,/242/54/226799_BK_1,,info,IMG_FILE_MISSING;SALES_MISSING,,,,,
226799_TU,226799,Tote Bag WINTER MAORI Taupe,_TU,Taupe,Hand Bag,Tote,Peach PU,Polyester; Polyurethane,Silver,,25.99,/242/54/226799_TU_1,,info,IMG_FILE_MISSING;SALES_MISSING,,,,,
227096_TU,227096,Lunch Bag PARKER Taupe,_TU,Taupe,Hand Bag,Lunch Bag,Nylon,Polyester; Polyethylene Terephthalate; Polyurethane,,,19.99,/242/54/227096_TU_1,,info,IMG_FILE_MISSING,,,,,
214558_BK,214558,Earring ECLIPSE Black,_BK,Black,Jewellery,Earrings,Hoop Earrings,Glass; Zinc,Golden,,7.99,/232/52/214558_BK_1,,info,IMG_FILE_MISSING,,,,,
214574_BK,214574,Bracelet ECLIPSE Black,_BK,Black,Jewellery,Bracelets,Elastic Bracelet,Glass; Metal and Cord; Zinc,Brushed Golden,,9.99,/232/52/214574_BK_1,,info,IMG_FILE_MISSING,,,,,
214610_DM,214610,Earring TREND Dark Multicolor,_DM,Dark Multicolor,Jewellery,Earrings,Dangle,Glass; Iron; Zamac,Other,,12.99,/232/52/214610_DM_1,,info,IMG_FILE_MISSING,,,,,
214621_BK,214621,Earring Hallo Black,_BK,Black,Jewellery,Earrings,Dangle,Glass; Iron,Silver,,15.99,/232/52/214621_BK_1,,info,IMG_FILE_MISSING,,,,,
214621_SV,214621,Earring TREND Silver,_SV,Silver,Jewellery,Earrings,Dangle,Glass; Iron,Silver,,15.99,/232/52/214621_SV_1,,info,IMG_FILE_MISSING,,,,,
214632_HM,214632,Earring TREND Halftone Multicolor,_HM,Halftone Multicolor,Jewellery,Earrings,Dangle,Glass; Iron,Other,,12.99,/232/52/214632_HM_1,,info,IMG_FILE_MISSING,,,,,
214641_HM,214641,Necklace TREND Halftone Multicolor,_HM,Halftone Multicolor,Jewellery,Necklaces,Collar,Glass; Iron; Thermoplastic Polyurethane; Zinc,Black Nikel,,35.99,/232/52/214641_HM_1,,info,IMG_FILE_MISSING,,,,,
214654_SV,214654,Earring TREND Silver,_SV,Silver,Jewellery,Earrings,Dangle,Acrylic; Glass; Zinc,Silver,,15.99,/232/52/214654_SV_1,,info,IMG_FILE_MISSING,,,,,
216734_GD,216734,Necklace GOLD PLATED COLLECTION Gold,_GD,Gold,Jewellery,Necklaces,Pendant,Brass,Gold Plated,,45.99,/241/52/216734_GD_1,,info,IMG_FILE_MISSING,,,,,
224407_BU,224407,Ring MONETT Burgundy,_BU,Burgundy,Jewellery,Rings,Fantasy,Cork; Resin; Zinc,Brushed Golden,,6.99,/242/52/224407_BU_1,224407_BU_1.jpg,info,SALES_MISSING,,,,,
225069_BL,225069,Bracelet ATMOSPHERE Blue,_BL,Blue,Jewellery,Bracelets,Elastic Bracelet,Acrylic; Cork; Thermoplastic Polyurethane,Rodhium,,5.99,/242/52/225069_BL_1,,info,IMG_FILE_MISSING,,,,,
225176_SV,225176,Earring SILVER BASICS Silver,_SV,Silver,Jewellery,Earrings,Hoop Earrings,Brass; Zinc,Rodhium,,5.99,/242/52/225176_SV_1,,info,IMG_FILE_MISSING,,,,,
225225_GD,225225,Necklace NEW CLASSIC Gold,_GD,Gold,Jewellery,Necklaces,Chain,Iron,Golden,,15.99,/242/52/225225_GD_1,,info,IMG_FILE_MISSING,,,,,
225233_WT,225233,Bracelet NEW CLASSIC White,_WT,White,Jewellery,Bracelets,Elastic Bracelet,Acrylic; Glass; Iron,Other,,12.99,/242/52/225233_WT_1,,info,IMG_FILE_MISSING,,,,,
225242_WT,225242,Bracelet NEW CLASSIC White,_WT,White,Jewellery,Bracelets,Non-Adjustable Bracelet,Cork; Iron; Thermoplastic Polyurethane; Zinc,,,9.99,/242/52/225242_WT_1,,info,IMG_FILE_MISSING,,,,,
225247_WT,225247,Earring NEW CLASSIC White,_WT,White,Jewellery,Earrings,Hoop Earrings,Acrylic; Cork; Iron,Golden,,5.99,/242/52/225247_WT_1,,info,IMG_FILE_MISSING,,,,,
225258_PE,225258,Earring NEW CLASSIC Pearl,_PE,Pearl,Jewellery,Earrings,Hoop Earrings,Acrylic; Cork; Zinc,Golden,,5.99,/242/52/225258_PE_1,,info,IMG_FILE_MISSING,,,,,
225265_WT,225265,Bracelet NEW CLASSIC White,_WT,White,Jewellery,Bracelets,Anklet,Acrylic; Cork,Golden,,6.99,/242/52/225265_WT_1,,info,IMG_FILE_MISSING,,,,,
225273_WT,225273,Bracelet NEW CLASSIC White,_WT,White,Jewellery,Bracelets,Elastic Bracelet,Acrylic; Cork; Iron,Golden,,7.99,/242/52/225273_WT_1,,info,IMG_FILE_MISSING,,,,,
225283_GD,225283,Earring NEW CLASSIC Gold,_GD,Gold,Jewellery,Earrings,Hoop Earrings,Thermoplastic Polyurethane; Zinc,Golden,,5.99,/242/52/225283_GD_1,,info,IMG_FILE_MISSING,,,,,
225506_PE,225506,Necklace NEW CLASSIC Pearl,_PE,Pearl,Jewellery,Necklaces,Beaded Necklace,Cork; Thermoplastic Polyurethane,Other,,15.99,/242/52/225506_PE_1,,info,IMG_FILE_MISSING,,,,,
225514_PE,225514,Necklace NEW CLASSIC Pearl,_PE,Pearl,Jewellery,Necklaces,Pendant,Acrylic; Cork; Iron; Zinc,Golden,,10.99,/242/52/225514_PE_1,,info,IMG_FILE_MISSING,,,,,
225591_LB,225591,Bracelet MODERN STONES Light Blue,_LB,Light Blue,Jewellery,Bracelets,Elastic Bracelet,Acrylic; Zinc,Golden,,7.99,/242/52/225591_LB_1,,info,IMG_FILE_MISSING,,,,,
225639_PK,225639,Earring MODERN STONES Pink,_PK,Pink,Jewellery,Earrings,Hoop Earrings,Iron; Stone,Golden,,5.99,/242/52/225639_PK_1,,info,IMG_FILE_MISSING,,,,,
225668_LK,225668,Earring MODERN STONES Light Pink,_LK,Light Pink,Jewellery,Earrings,Stud,Acrylic; Cork; Glass; Iron; Resin; Stone; Thermoplastic Polyurethane; Zinc,,,9.99,/242/52/225668_LK_1,,info,IMG_FILE_MISSING,,,,,
225674_HM,225674,Necklace MODERN STONES Halftone Multicolor,_HM,Halftone Multicolor,Jewellery,Necklaces,Pendant,Cork; Polyester; Stone; Thermoplastic Polyurethane; Zinc,,,10.99,/242/52/225674_HM_1,,info,IMG_FILE_MISSING,,,,,
225680_BL,225680,Earring MODERN STONES Blue,_BL,Blue,Jewellery,Earrings,Hoop Earrings,Brass; Cork; Stone; Thermoplastic Polyurethane,Golden,,7.99,/242/52/225680_BL_1,,info,IMG_FILE_MISSING,,,,,
226210_HM,226210,Earring MODERN STONES Halftone Multicolor,_HM,Halftone Multicolor,Jewellery,Earrings,Hoop Earrings,Cork; Steel; Stone,Golden,,7.99,/242/52/226210_HM_1,,info,IMG_FILE_MISSING,,,,,
226219_IV,226219,Earring MODERN STONES Ivory,_IV,Ivory,Jewellery,Earrings,Hoop Earrings,Brass; Cork; Steel; Thermoplastic Polyurethane,Golden,,5.99,/242/52/226219_IV_1,,info,IMG_FILE_MISSING,,,,,
226224_HM,226224,Bracelet MODERN STONES Halftone Multicolor,_HM,Halftone Multicolor,Jewellery,Bracelets,Adjustable Bracelet,Brass; Cork; Polyester; Thermoplastic Polyurethane,,,6.99,/242/52/226224_HM_1,,info,IMG_FILE_MISSING,,,,,
226230_HM,226230,Earring MODERN STONES Halftone Multicolor,_HM,Halftone Multicolor,Jewellery,Earrings,Ear Jacket,Cork; Stone; Zinc,Golden,,5.99,/242/52/226230_HM_1,,info,IMG_FILE_MISSING,,,,,
226292_HM,226292,Earring MODERN STONES Halftone Multicolor,_HM,Halftone Multicolor,Jewellery,Earrings,Dangle,Acrylic; Cork; Glass; Iron; Stone; Zinc,Brushed Golden,,8.99,/242/52/226292_HM_1,,info,IMG_FILE_MISSING,,,,,
226342_BU,226342,Earring WESTERNP Burgundy,_BU,Burgundy,Jewellery,Earrings,Stud,Acrylic; Cork; Zinc,Worn Gold,,9.99,/242/52/226342_BU_1,,info,IMG_FILE_MISSING,,,,,
226349_BU,226349,Necklace WESTERNP Burgundy,_BU,Burgundy,Jewellery,Necklaces,Pendant,Cork; Iron; Stone; Zinc,Worn Gold,,12.99,/242/52/226349_BU_1,,info,IMG_FILE_MISSING,,,,,
226357_SV,226357,Earring LIGHTNING BOLD Silver,_SV,Silver,Jewellery,Earrings,Dangle,Brass; Cork; Zirconium,,,8.99,/242/52/226357_SV_1,,info,IMG_FILE_MISSING,,,,,
226367_MI,226367,Bracelet NEPTUNE Midnight Blue,_MI,Midnight Blue,Jewellery,Bracelets,Non-Adjustable Bracelet,Cork; Iron; Thermoplastic Polyurethane,Black Nikel,,8.99,/242/52/226367_MI_1,,info,IMG_FILE_MISSING;SALES_MISSING,,,,,
226373_GD,226373,Earring LIGHTNING BOLD Gold,_GD,Gold,Jewellery,Earrings,Hoop Earrings,Cork; Glass; Zinc,Golden,,8.99,/242/52/226373_GD_1,,info,IMG_FILE_MISSING;SALES_MISSING,,,,,
226381_MI,226381,Earring NEPTUNE Midnight Blue,_MI,Midnight Blue,Jewellery,Earrings,Drop,Glass; Thermoplastic Polyurethane,Black Nikel,,12.99,/242/52/226381_MI_1,,info,IMG_FILE_MISSING,,,,,
226389_BU,226389,Bracelet WESTERNP Burgundy,_BU,Burgundy,Jewellery,Bracelets,Non-Adjustable Bracelet,Brass; Cork; Magnet; Polyester; Zinc,Worn Gold,,8.99,/242/52/226389_BU_1,,info,IMG_FILE_MISSING,,,,,
226394_BU,226394,Bracelet WESTERNP Burgundy,_BU,Burgundy,Jewellery,Bracelets,Non-Adjustable Bracelet,Copper; Cork; Polyamide; Thermoplastic Polyurethane,Worn Gold,,12.99,/242/52/226394_BU_1,,info,IMG_FILE_MISSING,,,,,
226399_GD,226399,Necklace WESTERNP Gold,_GD,Gold,Jewellery,Necklaces,Beaded Necklace,Cork; Iron; Zinc,Worn Gold,,15.99,/242/52/226399_GD_1,,info,IMG_FILE_MISSING,,,,,
226406_BU,226406,Necklace WESTERNP Burgundy,_BU,Burgundy,Jewellery,Necklaces,Beaded Necklace,Glass; Iron,Worn Gold,,15.99,/242/52/226406_BU_1,,info,IMG_FILE_MISSING,,,,,
226436_BU,226436,Necklace WESTERNP Burgundy,_BU,Burgundy,Jewellery,Necklaces,Bib Necklace,Cotton; Iron,Worn Gold,,19.99,/242/52/226436_BU_1,,info,IMG_FILE_MISSING,,,,,
226473_GD,226473,Earring LIGHTNING BOLD Gold,_GD,Gold,Jewellery,Earrings,Dangle,Brass; Cork; Zirconium,Golden,,15.99,/242/52/226473_GD_1,,info,IMG_FILE_MISSING;SALES_MISSING,,,,,
226480_GD,226480,Ring LIGHTNING BOLD Gold,_GD,Gold,Jewellery,Rings,Cocktail,Copper; Cork; Crystal Glass; Zirconium,,,9.99,/242/52/226480_GD_1,,info,IMG_FILE_MISSING,,,,,
226486_GD,226486,Earring LIGHTNING BOLD Gold,_GD,Gold,Jewellery,Earrings,Hoop Earrings,Brass; Cork; Zirconium,,,7.99,/242/52/226486_GD_1,,info,IMG_FILE_MISSING,,,,,
226494_GD,226494,Earring LIGHTNING BOLD Gold,_GD,Gold,Jewellery,Earrings,Hoop Earrings,Brass; Cork; Glass,,,9.99,/242/52/226494_GD_1,,info,IMG_FILE_MISSING,,,,,
226500_GD,226500,Earring LIGHTNING BOLD Gold,_GD,Gold,Jewellery,Earrings,Stud,Glass; Zinc,Golden,,7.99,/242/52/226500_GD_1,,info,IMG_FILE_MISSING;SALES_MISSING,,,,,
226514_GD,226514,Earring LIGHTNING BOLD Gold,_GD,Gold,Jewellery,Earrings,Hoop Earrings,Cork; Zinc; Zirconium,Golden,,12.99,/242/52/226514_GD_1,,info,IMG_FILE_MISSING,,,,,
226523_GD,226523,Earring LIGHTNING BOLD Gold,_GD,Gold,Jewellery,Earrings,Dangle,Brass; Cork; Zirconium,Golden,,12.99,/242/52/226523_GD_1,,info,IMG_FILE_MISSING,,,,,
226529_GD,226529,Earring LIGHTNING BOLD Gold,_GD,Gold,Jewellery,Earrings,Stud,Brass; Cork; Zirconium,Golden,,12.99,/242/52/226529_GD_1,,info,IMG_FILE_MISSING,,,,,
226562_MI,226562,Earring NEPTUNE Midnight Blue,_MI,Midnight Blue,Jewellery,Earrings,Clip Earrings,Iron; Thermoplastic Polyurethane,Black Nikel,,12.99,/242/52/226562_MI_1,,info,IMG_FILE_MISSING,,,,,
226583_BL,226583,Necklace NEPTUNE Blue,_BL,Blue,Jewellery,Necklaces,Beaded Necklace,Cork; Glass; Iron; Thermoplastic Polyurethane,Black Nikel,,15.99,/242/52/226583_BL_1,,info,IMG_FILE_MISSING;SALES_MISSING,,,,,
226648_MI,226648,Necklace NEPTUNE Midnight Blue,_MI,Midnight Blue,Jewellery,Necklaces,Pendant,Brass; Glass; Iron; Resin; Zinc,Black Nikel,,12.99,/242/52/226648_MI_1,,info,IMG_FILE_MISSING,,,,,
226677_GN,226677,Bracelet ARM MATERA Green,_GN,Green,Jewellery,Bracelets,Adjustable Bracelet,Brass; Polyester; Zirconium,Golden,,5.99,/242/52/226677_GN_1,,info,IMG_FILE_MISSING,,,,,
226694_MI,226694,Earring NEPTUNE Midnight Blue,_MI,Midnight Blue,Jewellery,Earrings,Drop,Cork; Glass; Zinc,Black Nikel,,8.99,/242/52/226694_MI_1,,info,IMG_FILE_MISSING,,,,,
226702_MI,226702,Earring NEPTUNE Midnight Blue,_MI,Midnight Blue,Jewellery,Earrings,Stud,Clay; Cork; Glass,Black Nikel,,7.99,/242/52/226702_MI_1,,info,IMG_FILE_MISSING,,,,,
226708_SV,226708,Earring NEPTUNE Silver,_SV,Silver,Jewellery,Earrings,Stud,Cork; Glass; Iron; Thermoplastic Polyurethane; Zinc,,,15.99,/242/52/226708_SV_1,,info,IMG_FILE_MISSING;SALES_MISSING,,,,,
226714_MI,226714,Earring NEPTUNE Midnight Blue,_MI,Midnight Blue,Jewellery,Earrings,Hoop Earrings,Glass; Iron; Thermoplastic Polyurethane,Black Nikel,,5.99,/242/52/226714_MI_1,,info,IMG_FILE_MISSING,,,,,
226877_DB,226877,Earring GALÁPAGOS Dark Brown,_DB,Dark Brown,Jewellery,Earrings,Hoop Earrings,Acrylic; Cork; Iron,Antik Golden,,7.99,/242/52/226877_DB_1,,info,IMG_FILE_MISSING,,,,,
226878_DB,226878,Sunglass Holder GALÁPAGOS Dark Brown,_DB,Dark Brown,Jewellery,Other Jewellery,Sunglass Holder,Cork; Iron; Resin,,,19.99,/242/52/226878_DB_1,,info,IMG_FILE_MISSING,,,,,
226878_DN,226878,Sunglass Holder GALÁPAGOS Dark Green,_DN,Dark Green,Jewellery,Other Jewellery,Sunglass Holder,Cork; Iron; Resin,Antik Golden,,15.99,/242/52/226878_DN_1,,info,IMG_FILE_MISSING,,,,,
226894_GD,226894,Earring GALÁPAGOS Gold,_GD,Gold,Jewellery,Earrings,Stud,Cork; Zinc,Antik Golden,,5.99,/242/52/226894_GD_1,,info,IMG_FILE_MISSING,,,,,
226925_SV,226925,Necklace SILVER BASICS Silver,_SV,Silver,Jewellery,Necklaces,Bib Necklace,Cork; Iron,Rodhium,,17.99,/242/52/226925_SV_1,,info,IMG_FILE_MISSING;SALES_MISSING,,,,,
226941_GD,226941,Bracelet Golden Basics Gold,_GD,Gold,Jewellery,Bracelets,Cuff,Cork; Iron; Zinc,Burnish Golden,,12.99,/242/52/226941_GD_1,,info,IMG_FILE_MISSING,,,,,
226971_DM,226971,Earring GALÁPAGOS Dark Multicolor,_DM,Dark Multicolor,Jewellery,Earrings,Dangle,Cork; Steel; Thermoplastic Polyurethane; Zinc,,,9.99,/242/52/226971_DM_1,,info,IMG_FILE_MISSING,,,,,
226977_DM,226977,Bracelet GALÁPAGOS Dark Multicolor,_DM,Dark Multicolor,Jewellery,Bracelets,Elastic Bracelet,Cork; Thermoplastic Polyurethane,Antik Golden,,7.99,/242/52/226977_DM_1,,info,IMG_FILE_MISSING,,,,,
226998_BU,226998,Earring QUADROS Burgundy,_BU,Burgundy,Jewellery,Earrings,Dangle,Cork; Iron; Metal and Cord; Zinc,Rodhium,,15.99,/242/52/226998_BU_1,,info,IMG_FILE_MISSING,,,,,
227009_SV,227009,Ring QUADROS Silver,_SV,Silver,Jewellery,Rings,Other Rings,Brass; Cork,Rodhium,,19.99,/242/52/227009_SV_1,,info,IMG_FILE_MISSING,,,,,
227026_GD,227026,Ring Golden Basics Gold,_GD,Gold,Jewellery,Rings,Cocktail,Cork; Zinc,Golden,,5.99,/242/52/227026_GD_1,,info,IMG_FILE_MISSING,,,,,
227033_DM,227033,Necklace GALÁPAGOS Dark Multicolor,_DM,Dark Multicolor,Jewellery,Necklaces,Chain,Cork; Iron; Resin; Stone,Antik Golden,,15.99,/242/52/227033_DM_1,,info,IMG_FILE_MISSING,,,,,
227039_DB,227039,Earring GALÁPAGOS Dark Brown,_DB,Dark Brown,Jewellery,Earrings,Dangle,Cork; Resin; Zinc,Antik Golden,,8.99,/242/52/227039_DB_1,,info,IMG_FILE_MISSING,,,,,
227045_DM,227045,Bracelet GALÁPAGOS Dark Multicolor,_DM,Dark Multicolor,Jewellery,Bracelets,Bangle,Cork; Iron; Resin; Zinc,Antik Golden,,15.99,/242/52/227045_DM_1,,info,IMG_FILE_MISSING,,,,,
227086_BU,227086,Earring WESTERNP Burgundy,_BU,Burgundy,Jewellery,Earrings,Stud,Acrylic; Cork; Zinc,Worn Gold,,5.99,/242/52/227086_BU_1,,info,IMG_FILE_MISSING;SALES_MISSING,,,,,
227115_DM,227115,Earring NEOPOP Dark Multicolor,_DM,Dark Multicolor,Jewellery,Earrings,Stud,Glass; Resin; Zinc,,,9.99,/242/52/227115_DM_1,,info,IMG_FILE_MISSING,,,,,
227148_GN,227148,Earring NEOPOP Green,_GN,Green,Jewellery,Earrings,Stud,Glass; Zinc,,,12.99,/242/52/227148_GN_1,,info,IMG_FILE_MISSING,,,,,
227148_RO,227148,Earring NEOPOP Old Rose,_RO,Old Rose,Jewellery,Earrings,Stud,Glass; Zinc,,,12.99,/242/52/227148_RO_1,,info,IMG_FILE_MISSING,,,,,
227160_GN,227160,Earring NEOPOP Green,_GN,Green,Jewellery,Earrings,Stud,Cork; Glass; Zinc,Black Nikel,,8.99,/242/52/227160_GN_1,,info,IMG_FILE_MISSING,,,,,
227171_DM,227171,Ring NEOPOP Dark Multicolor,_DM,Dark Multicolor,Jewellery,Rings,Band Ring,Cork; Glass; Zinc,Black Nikel,,8.99,/242/52/227171_DM_1,,info,IMG_FILE_MISSING,,,,,
227180_RO,227180,Earring NEOPOP Old Rose,_RO,Old Rose,Jewellery,Earrings,Hoop Earrings,Cork; Glass; Zinc,,,9.99,/242/52/227180_RO_1,,info,IMG_FILE_MISSING,,,,,
227195_BM,227195,Earring NEOPOP Bright Multicolor,_BM,Bright Multicolor,Jewellery,Earrings,Hoop Earrings,Acrylic; Cork; Glass,,,9.99,/242/52/227195_BM_1,,info,IMG_FILE_MISSING,,,,,
227206_DM,227206,Ring NEOPOP Dark Multicolor,_DM,Dark Multicolor,Jewellery,Rings,Band Ring,Cork; Enamel; Resin; Zinc,Black Nikel,,6.99,/242/52/227206_DM_1,,info,IMG_FILE_MISSING,,,,,
227534_GD,227534,Bracelet Golden Basics Gold,_GD,Gold,Jewellery,Bracelets,Cuff,Cork; Iron,Golden,,12.99,/242/52/227534_GD_1,,info,IMG_FILE_MISSING,,,,,
227998_GD,227998,Earring Golden Basics Gold,_GD,Gold,Jewellery,Earrings,Clip Earrings,Cork; Zinc,Brushed Golden,,5.99,/242/52/227998_GD_1,,info,IMG_FILE_MISSING;SALES_MISSING,,,,,
228003_SV,228003,Earring SILVER BASICS Silver,_SV,Silver,Jewellery,Earrings,Clip Earrings,Cork; Iron,Rodhium,,5.99,/242/52/228003_SV_1,,info,IMG_FILE_MISSING,,,,,
228012_PE,228012,Earring NEW CLASSIC Pearl,_PE,Pearl,Jewellery,Earrings,Clip Earrings,Acrylic; Cork; Iron; Zinc,Golden,,5.99,/242/52/228012_PE_1,,info,IMG_FILE_MISSING,,,,,
228633_PE,228633,Ring NEW CLASSIC Pearl,_PE,Pearl,Jewellery,Rings,Band Ring,Acrylic; Copper; Cork; Iron,,,8.99,/242/52/228633_PE_2y,,info,IMG_FILE_MISSING,,,,,
229399_SV,229399,Earring COWBOY Silver,_SV,Silver,Jewellery,Earrings,Clip Earrings,Acrylic; Brass; Cork,Silver,,15.99,/242/52/229399_SV_1,,info,IMG_FILE_MISSING;SALES_MISSING,,,,,
229532_RD,229532,Necklace FUNNY COLLECTION Red,_RD,Red,Jewellery,Necklaces,Pendant,Cork; Pearl; Resin,Golden,,69.99,/242/52/229532_RD_1,,info,IMG_FILE_MISSING;SALES_MISSING,,,,,
214551_HM,214551,Wallet gina Halftone Multicolor,_HM,Halftone Multicolor,Wallet,Wallet,Real Fur,Cow Leather; Polyester; Polyurethane,,,17.99,/232/62/214551_HM_1,,info,IMG_FILE_MISSING,,,,,
214611_KK,214611,Wallet CAMI 1 Khaki,_KK,Khaki,Wallet,Wallet,Printed PU,Polyester; Polyurethane; Thermoplastic Polyurethane,Silver,,17.99,/241/62/214611_KK_1,,info,IMG_FILE_MISSING,,,,,
225661_DM,225661,Wallet COLLAGE2 Dark Multicolor,_DM,Dark Multicolor,Wallet,Wallet,Printed PU,Polyester; Polyurethane,,,12.99,/242/62/225661_DM_1,,info,IMG_FILE_MISSING,,,,,
226458_PK,226458,Wallet PARKER Pink,_PK,Pink,Wallet,Wallet,Nylon,Polyester; Polyurethane; Thermoplastic Polyurethane,,,15.99,/242/62/226458_PK_1,,info,IMG_FILE_MISSING,,,,,
195320_BK,195320,Kaftan ESSENTIALS T DISPLAY 1 Black,_BK,Black,Apparel,Kaftan,Woven,Nylon; Polyester; Viscose,,Polyester,19.99,/221/64/195320_BK_1,195320_BK_1.jpg,none,,,,,,
195320_EC,195320,Kaftan SANTOS Ecru,_EC,Ecru,Apparel,Kaftan,Woven,Polyamide; Polyester; Viscose,,,19.99,/221/64/195320_EC_1,195320_EC_1.jpg,none,,,,,,
206259_OL,206259,Sweater REPEAT Olive,_OL,Olive,Apparel,Sweater,Knit,Polyamide; Polyester; Viscose,,Viscose,29.99,/231/64/206259_OL_1,206259_OL_1.jpg,none,,,,,,
207283_DG,207283,Shirt LOUVRE2 Dark Grey,_DG,Dark Grey,Apparel,Shirt,Woven,Cotton,,Cotton,22.99,/231/64/207283_DG_1,207283_DG_1.jpg,none,,,,,,
207560_BK,207560,Top BLACKWHITE Black,_BK,Black,Apparel,Top,Woven,Lyocell,,Lyocell,19.99,/232/64/207560_BK_1,207560_BK_1.jpg,none,,,,,,
207560_BL,207560,Top SEJ Blue,_BL,Blue,Apparel,Top,Woven,Lyocell,,Lyocell,19.99,/241/64/207560_BL_1,207560_BL_1.jpg,none,,,,,,
207560_EC,207560,Top REPEAT Ecru,_EC,Ecru,Apparel,Top,Woven,Lyocell,,Lyocell,19.99,/231/64/207560_EC_1,207560_EC_1.jpg,none,,,,,,
207560_FU,207560,Top T1 ESSENTIALS Fuchsia,_FU,Fuchsia,Apparel,Top,Woven,Lyocell,,Lyocell,19.99,/242/64/207560_FU_1,207560_FU_1.jpg,none,,,,,,
207560_NV,207560,Top JJ Navy,_NV,Navy,Apparel,Top,Woven,Lyocell,,Lyocell,19.99,/242/64/207560_NV_1,207560_NV_1.jpg,none,,,,,,
207560_PU,207560,Top KATELL Purple,_PU,Purple,Apparel,Top,Woven,Lyocell,,Lyocell,19.99,/232/64/207560_PU_1,207560_PU_1.jpg,none,,,,,,
207560_RD,207560,Top KATELL Red,_RD,Red,Apparel,Top,Woven,Lyocell,,Lyocell,19.99,/232/64/207560_RD_1,207560_RD_1.jpg,none,,,,,,
207560_WT,207560,Top VIMBA White,_WT,White,Apparel,Top,Woven,Lyocell,,Lyocell,19.99,/232/64/207560_WT_1,207560_WT_1.jpg,none,,,,,,
207600_DG,207600,Sweatshirt capsuleagosto Dark Grey,_DG,Dark Grey,Apparel,Sweatshirt,Circular,Cotton,,Cotton,29.99,/232/64/207600_DG_1,207600_DG_1.jpg,none,,,,,,
207600_EC,207600,Sweatshirt capsuleagosto Ecru,_EC,Ecru,Apparel,Sweatshirt,Circular,Cotton,,Cotton,29.99,/232/64/207600_EC_1,207600_EC_1.jpg,none,,,,,,
208189_BM,208189,Trousers REPEAT Bright Multicolor,_BM,Bright Multicolor,Apparel,Trousers,Woven,Linen; Lyocell,,Lyocell,29.99,/231/64/208189_BM_1,208189_BM_1.jpg,none,,,,,,
209825_BM,209825,Dress LOVEBOX2 Bright Multicolor,_BM,Bright Multicolor,Apparel,Dress,Woven,Cotton,,Cotton,29.99,/232/64/209825_BM_1,209825_BM_1.jpg,none,,,,,,
209846_BM,209846,Shirt VIMBA Bright Multicolor,_BM,Bright Multicolor,Apparel,Shirt,Woven,Polyester,,Polyester,25.99,/232/64/209846_BM_1,209846_BM_1.jpg,none,,,,,,
209905_DM,209905,Dress LOVEBOX3 Dark Multicolor,_DM,Dark Multicolor,Apparel,Dress,Woven,Viscose,,Viscose,29.99,/232/64/209905_DM_1,209905_DM_1.jpg,none,,,,,,
210167_KK,210167,Skirt LOVEBOX3 Khaki,_KK,Khaki,Apparel,Skirt,Woven,Lyocell,,Lyocell,25.99,/232/64/210167_KK_1,210167_KK_1.jpg,none,,,,,,
210167_RD,210167,Skirt LOVEBOX4 Red,_RD,Red,Apparel,Skirt,Woven,Lyocell,,Lyocell,25.99,/232/64/210167_RD_1,210167_RD_1.jpg,none,,,,,,
210198_BM,210198,Dress ESSENTIALS T DISPLAY 1 Bright Multicolor,_BM,Bright Multicolor,Apparel,Dress,Woven,Cotton,,Cotton,25.99,/232/64/210198_BM_1,210198_BM_1.jpg,none,,,,,,
210407_BL,210407,Shorts LOVEBOX2 Blue,_BL,Blue,Apparel,Shorts,Woven,Cotton,,Cotton,25.99,/232/64/210407_BL_1,210407_BL_1.jpg,none,,,,,,
210501_YL,210501,Dress LAB JUNHO Yellow,_YL,Yellow,Apparel,Dress,Woven,Viscose,,Viscose,27.99,/232/64/210501_YL_1,210501_YL_1.jpg,none,,,,,,
210797_BM,210797,Dress ESSENTIALS T DISPLAY 1 Bright Multicolor,_BM,Bright Multicolor,Apparel,Dress,Woven,Cotton,,Cotton,25.99,/232/64/210797_BM_1,210797_BM_1.jpg,none,,,,,,
210833_BK,210833,Dress ESSENTIALS T DISPLAY 1 Black,_BK,Black,Apparel,Dress,Circular,Cotton; Elastane,,Cotton,19.99,/232/64/210833_BK_1,210833_BK_1.jpg,none,,,,,,
210833_GN,210833,Dress ESSENTIALS T DISPLAY 1 Green,_GN,Green,Apparel,Dress,Circular,Cotton; Elastane,,Cotton,19.99,/232/64/210833_GN_1,210833_GN_1.jpg,none,,,,,,
210833_YL,210833,Dress ESSENTIALS T DISPLAY 1 Yellow,_YL,Yellow,Apparel,Dress,Circular,Cotton; Elastane,,Cotton,19.99,/232/64/210833_YL_1,210833_YL_1.jpg,none,,,,,,
210882_BM,210882,Kaftan TORANJA Bright Multicolor,_BM,Bright Multicolor,Apparel,Kaftan,Woven,Polyester; Viscose,,Polyester,22.99,/232/64/210882_BM_1,210882_BM_1.jpg,none,,,,,,
210917_EC,210917,Trousers LAB JUNHO Ecru,_EC,Ecru,Apparel,Trousers,Knit,Polyamide; Polyester; Viscose,,Viscose,35.99,/232/64/210917_EC_1,210917_EC_1.jpg,none,,,,,,
210945_BM,210945,Dress KATELL Bright Multicolor,_BM,Bright Multicolor,Apparel,Dress,Woven,Viscose,,Viscose,29.99,/232/64/210945_BM_1,210945_BM_1.jpg,none,,,,,,
211056_GN,211056,Raincoat NOTO Green,_GN,Green,Apparel,Raincoat,Woven,Cotton; Polyamide; Polyester,,Polyester,59.99,/232/64/211056_GN_1,211056_GN_1.jpg,none,,,,,,
211310_BK,211310,Dress SUMMER BW CAPSULE Black,_BK,Black,Apparel,Dress,Woven,Viscose,,Viscose,35.99,/232/64/211310_BK_1,211310_BK_1.jpg,none,,,,,,
211381_EC,211381,Trousers VIMBA Ecru,_EC,Ecru,Apparel,Trousers,Woven,Linen,,Linen,39.99,/232/64/211381_EC_1,211381_EC_1.jpg,none,,,,,,
211415_GN,211415,Vest LAB JUNHO Green,_GN,Green,Apparel,Vest,Knit,Cotton; Polyester,,Cotton,27.99,/232/64/211415_GN_1,211415_GN_1.jpg,none,,,,,,
211457_BK,211457,Dress TALLEY Black,_BK,Black,Apparel,Dress,Woven,Cotton; Polyamide; Polyester,,Polyamide,39.99,/232/64/211457_BK_1,211457_BK_1.jpg,none,,,,,,
211498_DM,211498,Dress LAB JULHO Dark Multicolor,_DM,Dark Multicolor,Apparel,Dress,Woven,Viscose,,Viscose,49.99,/232/64/211498_DM_1,211498_DM_1.jpg,none,,,,,,
211559_BM,211559,Kaftan TORANJA Bright Multicolor,_BM,Bright Multicolor,Apparel,Kaftan,Woven,Modal,,Modal,32.99,/232/64/211559_BM_1,211559_BM_1.jpg,none,,,,,,
211602_BM,211602,Dress TUSCA Bright Multicolor,_BM,Bright Multicolor,Apparel,Dress,Circular,Viscose,,Viscose,29.99,/232/64/211602_BM_1,211602_BM_1.jpg,none,,,,,,
211696_BM,211696,Dress TAOR Bright Multicolor,_BM,Bright Multicolor,Apparel,Dress,Woven,Viscose,,Viscose,29.99,/232/64/211696_BM_1,211696_BM_1.jpg,none,,,,,,
211711_BK,211711,Dress BLACKWHITE Black,_BK,Black,Apparel,Dress,Circular,Polyamide; Viscose,,Viscose,22.99,/232/64/211711_BK_1,211711_BK_1.jpg,none,,,,,,
211711_BL,211711,Dress ESSENTIALS T DISPLAY 1 Blue,_BL,Blue,Apparel,Dress,Circular,Polyamide; Viscose,,Viscose,22.99,/232/64/211711_BL_1,211711_BL_1.jpg,none,,,,,,
211711_FU,211711,Dress ESSENTIALS T DISPLAY 1 Fuchsia,_FU,Fuchsia,Apparel,Dress,Circular,Polyamide; Viscose,,Viscose,22.99,/232/64/211711_FU_1,211711_FU_1.jpg,none,,,,,,
211711_GN,211711,Dress ESSENTIALS T DISPLAY 1 Green,_GN,Green,Apparel,Dress,Circular,Polyamide; Viscose,,Viscose,22.99,/232/64/211711_GN_1,211711_GN_1.jpg,none,,,,,,
211784_BM,211784,Dress TORANJA Bright Multicolor,_BM,Bright Multicolor,Apparel,Dress,Woven,Modal,,Modal,29.99,/232/64/211784_BM_1,211784_BM_1.jpg,none,,,,,,
212134_GN,212134,Skirt TALLEY Green,_GN,Green,Apparel,Skirt,Woven,Polyester,,Polyester,29.99,/232/64/212134_GN_1,212134_GN_1.jpg,none,,,,,,
212152_EC,212152,Blazer MAXI MAIO Ecru,_EC,Ecru,Apparel,Blazer,Woven,Linen; Viscose,,Viscose,59.99,/232/64/212152_EC_1,212152_EC_1.jpg,none,,,,,,
212152_FU,212152,Blazer MAXI MAIO Fuchsia,_FU,Fuchsia,Apparel,Blazer,Woven,Linen; Viscose,,Viscose,59.99,/232/64/212152_FU_1,212152_FU_1.jpg,none,,,,,,
212152_KK,212152,Blazer MAXI MAIO Khaki,_KK,Khaki,Apparel,Blazer,Woven,Linen; Viscose,,Viscose,59.99,/232/64/212152_KK_1,212152_KK_1.jpg,none,,,,,,
212182_BK,212182,Shirt Capri Black,_BK,Black,Apparel,Shirt,Woven,Lyocell; Polyamide,,Lyocell,27.99,/232/64/212182_BK_1,212182_BK_1.jpg,none,,,,,,
212194_BK,212194,Dress LAB JULHO Black,_BK,Black,Apparel,Dress,Woven,Polyester; Viscose; Wool,,Polyester,69.99,/232/64/212194_BK_1,212194_BK_1.jpg,none,,,,,,
212211_BK,212211,Dress BLACKWHITE Black,_BK,Black,Apparel,Dress,Woven,Linen; Viscose,,Linen,39.99,/232/64/212211_BK_1,212211_BK_1.jpg,none,,,,,,
212211_WT,212211,Dress BLACKWHITE White,_WT,White,Apparel,Dress,Woven,Linen; Viscose,,Linen,39.99,/232/64/212211_WT_1,212211_WT_1.jpg,none,,,,,,
212354_BK,212354,Dress TALLEY Black,_BK,Black,Apparel,Dress,Acessories,Iron; Polyethylene Terephthalate,,Polyurethane,49.99,/232/64/212354_BK_1,212354_BK_1.jpg,none,,,,,,
212430_BM,212430,Trousers ANDIE Bright Multicolor,_BM,Bright Multicolor,Apparel,Trousers,Woven,Lyocell,,Lyocell,29.99,/232/64/212430_BM_1,212430_BM_1.jpg,none,,,,,,
212430_BR,212430,Trousers MAXI 27/09 Brick Red,_BR,Brick Red,Apparel,Trousers,Woven,Lyocell,,Lyocell,29.99,/232/64/212430_BR_1,212430_BR_1.jpg,none,,,,,,
212430_GY,212430,Trousers MAXI 27/09 Grey,_GY,Grey,Apparel,Trousers,Woven,Lyocell,,Lyocell,29.99,/232/64/212430_GY_1,212430_GY_1.jpg,none,,,,,,
212471_BM,212471,Skirt LAB JULHO Bright Multicolor,_BM,Bright Multicolor,Apparel,Skirt,Woven,Elastane; Polyamide; Polyester,,Polyamide,45.99,/232/64/212471_BM_1,212471_BM_1.jpg,none,,,,,,
212554_BG,212554,Raincoat Holt Beige,_BG,Beige,Apparel,Raincoat,Woven,Cotton; Polyamide; Polyester,,Cotton,59.99,/232/64/212554_BG_1,212554_BG_1.jpg,none,,,,,,
212580_BL,212580,Coat LAB AGOSTO Blue,_BL,Blue,Apparel,Coat,Woven,Cotton,,Cotton,69.99,/232/64/212580_BL_1,212580_BL_1.jpg,none,,,,,,
212580_PK,212580,Coat LAB AGOSTO Pink,_PK,Pink,Apparel,Coat,Woven,Cotton,,Cotton,69.99,/232/64/212580_PK_1,212580_PK_1.jpg,none,,,,,,
212629_BK,212629,Trousers MAXI MAIO Black,_BK,Black,Apparel,Trousers,Woven,Linen,,Linen,39.99,/232/64/212629_BK_1,212629_BK_1.jpg,none,,,,,,
212629_EC,212629,Trousers MAXI MAIO Ecru,_EC,Ecru,Apparel,Trousers,Woven,Linen,,Linen,39.99,/232/64/212629_EC_1,212629_EC_1.jpg,none,,,,,,
212629_KK,212629,Trousers MAXI MAIO Khaki,_KK,Khaki,Apparel,Trousers,Woven,Linen,,Linen,39.99,/232/64/212629_KK_1,212629_KK_1.jpg,none,,,,,,
212634_BM,212634,Dress TAOR Bright Multicolor,_BM,Bright Multicolor,Apparel,Dress,Woven,Viscose,,Viscose,39.99,/232/64/212634_BM_1,212634_BM_1.jpg,none,,,,,,
212645_FU,212645,Poncho ESSENTIALS T DISPLAY 1 Fuchsia,_FU,Fuchsia,Apparel,Poncho,Knit,Polyamide; Polyester; Viscose,,Viscose,35.99,/232/64/212645_FU_1,212645_FU_1.jpg,none,,,,,,
212645_LM,212645,Poncho ESSENTIALS T DISPLAY 1 Lime,_LM,Lime,Apparel,Poncho,Knit,Polyamide; Polyester; Viscose,,Viscose,35.99,/232/64/212645_LM_1,212645_LM_1.jpg,none,,,,,,
212645_PU,212645,Poncho ESSENTIALS T DISPLAY 1 Purple,_PU,Purple,Apparel,Poncho,Knit,Polyamide; Polyester; Viscose,,Viscose,35.99,/232/64/212645_PU_1,212645_PU_1.jpg,none,,,,,,
212645_RD,212645,Poncho ESSENTIALS T DISPLAY 1 Red,_RD,Red,Apparel,Poncho,Knit,Polyamide; Polyester; Viscose,,Viscose,35.99,/232/64/212645_RD_1,212645_RD_1.jpg,none,,,,,,
212645_TU,212645,Poncho ESSENTIALS T DISPLAY 1 Taupe,_TU,Taupe,Apparel,Poncho,Knit,Polyamide; Polyester; Viscose,,Viscose,35.99,/232/64/212645_TU_1,212645_TU_1.jpg,none,,,,,,
212761_BG,212761,Vest Holt Beige,_BG,Beige,Apparel,Vest,Knit,Polyamide; Wool,,Polyamide,27.99,/232/64/212761_BG_1,212761_BG_1.jpg,none,,,,,,
212761_PU,212761,Vest HOLT 2 Purple,_PU,Purple,Apparel,Vest,Knit,Polyamide; Wool,,Polyamide,27.99,/232/64/212761_PU_1,212761_PU_1.jpg,none,,,,,,
212792_AN,212792,Sweater PRIESTLY Anthracite,_AN,Anthracite,Apparel,Sweater,Knit,Cashmere,,Cashmere,99.99,/232/64/212792_AN_1,212792_AN_1.jpg,none,,,,,,
212792_BG,212792,Sweater PRIESTLY Beige,_BG,Beige,Apparel,Sweater,Knit,Cashmere,,Cashmere,99.99,/232/64/212792_BG_1,212792_BG_1.jpg,none,,,,,,
212792_BL,212792,Sweater PRIESTLY Blue,_BL,Blue,Apparel,Sweater,Knit,Cashmere,,Cashmere,99.99,/232/64/212792_BL_1,212792_BL_1.jpg,none,,,,,,
212792_OR,212792,Sweater PRIESTLY Orange,_OR,Orange,Apparel,Sweater,Knit,Cashmere,,Cashmere,99.99,/232/64/212792_OR_1,212792_OR_1.jpg,none,,,,,,
212810_BL,212810,Sweater MOTOMAMI CAPSULE Blue,_BL,Blue,Apparel,Sweater,Circular,Cotton; Elastane,,Cotton,32.99,/232/64/212810_BL_1,212810_BL_1.jpg,none,,,,,,
213373_BK,213373,Sweater MIRÓ 4 Black,_BK,Black,Apparel,Sweater,Knit,Acrylic; Polyamide; Wool,,Polyamide,27.99,/232/64/213373_BK_1,213373_BK_1.jpg,none,,,,,,
213373_CA,213373,Sweater MIRO 3 Camel,_CA,Camel,Apparel,Sweater,Knit,Acrylic; Polyamide; Wool,,Polyamide,27.99,/232/64/213373_CA_1,213373_CA_1.jpg,none,,,,,,
213373_OW,213373,Sweater MIRO 3 Off White,_OW,Off White,Apparel,Sweater,Knit,Acrylic; Polyamide; Wool,,Polyamide,27.99,/232/64/213373_OW_1,213373_OW_1.jpg,none,,,,,,
213432_BL,213432,Raincoat KATELL Blue,_BL,Blue,Apparel,Raincoat,Woven,Polyamide,,Polyamide,35.99,/232/64/213432_BL_1,213432_BL_1.jpg,none,,,,,,
213473_BK,213473,Shirt MONET Black,_BK,Black,Apparel,Shirt,Woven,Lyocell; Polyamide,,Lyocell,27.99,/232/64/213473_BK_1,213473_BK_1.jpg,none,,,,,,
213473_YL,213473,Shirt MONET Yellow,_YL,Yellow,Apparel,Shirt,Woven,Lyocell; Polyamide,,Lyocell,27.99,/232/64/213473_YL_1,213473_YL_1.jpg,none,,,,,,
213643_BM,213643,Dress ESSENTIALS T DISPLAY 1 Bright Multicolor,_BM,Bright Multicolor,Apparel,Dress,Woven,Viscose,,Viscose,32.99,/232/64/213643_BM_1,213643_BM_1.jpg,none,,,,,,
213661_GN,213661,Dress ESSENTIALS T DISPLAY 1 Green,_GN,Green,Apparel,Dress,Woven,Lyocell,,Lyocell,32.99,/232/64/213661_GN_1,213661_GN_1.jpg,none,,,,,,
213668_BL,213668,Trousers LAB OUTUBRO Blue,_BL,Blue,Apparel,Trousers,Woven,Lyocell; Viscose,,Lyocell,32.99,/232/64/213668_BL_1,213668_BL_1.jpg,none,,,,,,
213668_GN,213668,Trousers LAB OUTUBRO Green,_GN,Green,Apparel,Trousers,Woven,Lyocell; Viscose,,Lyocell,32.99,/232/64/213668_GN_1,213668_GN_1.jpg,none,,,,,,
213668_YL,213668,Trousers LAB OUTUBRO Yellow,_YL,Yellow,Apparel,Trousers,Woven,Lyocell; Viscose,,Lyocell,32.99,/232/64/213668_YL_1,213668_YL_1.jpg,none,,,,,,
213670_BG,213670,Trousers MIRÓ 2 Beige,_BG,Beige,Apparel,Trousers,Woven,Cupro; Viscose,,Viscose,39.99,/232/64/213670_BG_1,213670_BG_1.jpg,none,,,,,,
213670_KK,213670,Trousers MIRÓ 1 Khaki,_KK,Khaki,Apparel,Trousers,Woven,Cupro; Viscose,,Viscose,39.99,/232/64/213670_KK_1,213670_KK_1.jpg,none,,,,,,
213843_GY,213843,Cardigan PICASSO Grey,_GY,Grey,Apparel,Cardigan,Knit,Acrylic; Elastane; Polyester,,Acrylic,35.99,/232/64/213843_GY_1,213843_GY_1.jpg,none,,,,,,
213927_BM,213927,Shirt MIRÓ 2 Bright Multicolor,_BM,Bright Multicolor,Apparel,Shirt,Woven,Lyocell; Polyamide,,Lyocell,27.99,/232/64/213927_BM_1,213927_BM_1.jpg,none,,,,,,
214027_BU,214027,Skirt HOLT4 Burgundy,_BU,Burgundy,Apparel,Skirt,Knit,Polyamide; Viscose,,Viscose,32.99,/232/64/214027_BU_1,214027_BU_1.jpg,none,,,,,,
214097_BM,214097,Shirt MAXI AGOSTO Bright Multicolor,_BM,Bright Multicolor,Apparel,Shirt,Woven,Viscose,,Viscose,39.99,/232/64/214097_BM_1,214097_BM_1.jpg,none,,,,,,
214097_BU,214097,Shirt MAXI AGOSTO Burgundy,_BU,Burgundy,Apparel,Shirt,Woven,Viscose,,Viscose,39.99,/232/64/214097_BU_1,214097_BU_1.jpg,none,,,,,,
214097_KK,214097,Shirt MAXI AGOSTO Khaki,_KK,Khaki,Apparel,Shirt,Woven,Viscose,,Viscose,39.99,/232/64/214097_KK_1,214097_KK_1.jpg,none,,,,,,
214227_BL,214227,Sweater MIRÓ 2 Blue,_BL,Blue,Apparel,Sweater,Knit,Alpaca; Elastane; Polyester; Wool,,Polyester,32.99,/232/64/214227_BL_1,214227_BL_1.jpg,none,,,,,,
214227_FU,214227,Sweater MATISSE Fuchsia,_FU,Fuchsia,Apparel,Sweater,Knit,Alpaca; Elastane; Polyester; Wool,,Polyester,32.99,/232/64/214227_FU_1,214227_FU_1.jpg,none,,,,,,
214227_GN,214227,Sweater MIRÓ 1 Green,_GN,Green,Apparel,Sweater,Knit,Alpaca; Elastane; Polyester; Wool,,Polyester,32.99,/232/64/214227_GN_1,214227_GN_1.jpg,none,,,,,,
214227_LB,214227,Sweater MIRÓ 1 Light Blue,_LB,Light Blue,Apparel,Sweater,Knit,Alpaca; Elastane; Polyester; Wool,,Polyester,32.99,/232/64/214227_LB_1,214227_LB_1.jpg,none,,,,,,
214235_GY,214235,Coat REMY 2 Grey,_GY,Grey,Apparel,Coat,Woven,Polyester,,Polyester,59.99,/232/64/214235_GY_1,214235_GY_1.jpg,none,,,,,,
214346_BL,214346,Sweater HOLT 2 Blue,_BL,Blue,Apparel,Sweater,Knit,Cotton; Polyamide,,Cotton,29.99,/232/64/214346_BL_1,214346_BL_1.jpg,none,,,,,,
214346_PU,214346,Sweater Holt Purple,_PU,Purple,Apparel,Sweater,Knit,Cotton; Polyamide,,Cotton,29.99,/232/64/214346_PU_1,214346_PU_1.jpg,none,,,,,,
214378_NV,214378,Sweater MONET Navy,_NV,Navy,Apparel,Sweater,Knit,Polyamide; Polyester; Viscose,,Viscose,29.99,/232/64/214378_NV_1,214378_NV_1.jpg,none,,,,,,
214400_GN,214400,Skirt STALLI Green,_GN,Green,Apparel,Skirt,Woven,Chenille; Elastane; Polyester,,Chenille,49.99,/232/64/214400_GN_1,214400_GN_1.jpg,none,,,,,,
214449_BM,214449,Shirt SATURN 1 Bright Multicolor,_BM,Bright Multicolor,Apparel,Shirt,Woven,Lyocell; Polyamide,,,27.99,/241/64/214449_BM_1,214449_BM_1.jpg,none,,,,,,
214533_GY,214533,Coat MISSY Grey,_GY,Grey,Apparel,Coat,Woven,Cotton; Polyester; Wool,,Wool,69.99,/232/64/214533_GY_1,214533_GY_1.jpg,none,,,,,,
214707_BK,214707,Jeans CANICHE CAMPAIGN Black,_BK,Black,Apparel,Jeans,Woven,Cotton,,Cotton,35.99,/232/64/214707_BK_1,214707_BK_1.jpg,none,,,,,,
214707_BL,214707,Jeans CANICHE CAMPAIGN Blue,_BL,Blue,Apparel,Jeans,Woven,Cotton,,Cotton,35.99,/232/64/214707_BL_1,214707_BL_1.jpg,none,,,,,,
214765_BM,214765,Cardigan KUSAMA Bright Multicolor,_BM,Bright Multicolor,Apparel,Cardigan,Knit,Acrylic; Elastane; Polyester,,Acrylic,39.99,/232/64/214765_BM_1,214765_BM_1.jpg,none,,,,,,
214831_WI,214831,Sweatshirt MISSY Wine,_WI,Wine,Apparel,Sweatshirt,Circular,Cotton; Polyester,,Cotton,32.99,/232/64/214831_WI_1,214831_WI_1.jpg,none,,,,,,
214889_BK,214889,Skirt JUPITER Black,_BK,Black,Apparel,Skirt,Woven,Polyamide; Polyester,,Nylon,23.99,/241/64/214889_BK_1,214889_BK_1.jpg,none,,,,,,
214941_BG,214941,Coat MISSY Beige,_BG,Beige,Apparel,Coat,Woven,Polyester,,Polyester,69.99,/232/64/214941_BG_1,214941_BG_1.jpg,none,,,,,,
214978_BL,214978,Jeans APPAREL PROVISION Blue,_BL,Blue,Apparel,Jeans,Woven,Cotton,,Cotton,32.99,/232/64/214978_BL_1,214978_BL_1.jpg,none,,,,,,
214978_GY,214978,Jeans APPAREL PROVISION Grey,_GY,Grey,Apparel,Jeans,Woven,Cotton,,Cotton,32.99,/232/64/214978_GY_1,214978_GY_1.jpg,none,,,,,,
214981_BL,214981,Dress Tiffany Blue,_BL,Blue,Apparel,Dress,Circular,Elastane; Polyamide; Viscose,,,29.99,/241/64/214981_BL_1,214981_BL_1.jpg,none,,,,,,
214981_KK,214981,Dress Tiffany Khaki,_KK,Khaki,Apparel,Dress,Circular,Elastane; Polyamide; Viscose,,,29.99,/241/64/214981_KK_1,214981_KK_1.jpg,none,,,,,,
214981_PK,214981,Dress MATISSE Pink,_PK,Pink,Apparel,Dress,Circular,Elastane; Polyamide; Viscose,,Polyamide,29.99,/232/64/214981_PK_1,214981_PK_1.jpg,none,,,,,,
214997_BM,214997,Top Maxi nov Bright Multicolor,_BM,Bright Multicolor,Apparel,Top,Woven,Brass; Glass; Polyester,,,69.99,/241/64/214997_BM_1,214997_BM_1.jpg,none,,,,,,
215030_GY,215030,Sweater BRAT Grey,_GY,Grey,Apparel,Sweater,Knit,Acrylic; Elastane; Polyester; Wool,,Polyester,29.99,/232/64/215030_GY_1,215030_GY_1.jpg,none,,,,,,
215051_YL,215051,Sweater SATURN 2 Yellow,_YL,Yellow,Apparel,Sweater,Knit,Acrylic; Elastane; Polyamide; Polyester; Wool,,,29.99,/241/64/215051_YL_1,215051_YL_1.jpg,none,,,,,,
215116_BK,215116,Trousers PartycapsuleNovembro Black,_BK,Black,Apparel,Trousers,Woven,Polyester,,Polyester,39.99,/232/64/215116_BK_1,215116_BK_1.jpg,none,,,,,,
215116_BL,215116,Trousers REMY 2 Blue,_BL,Blue,Apparel,Trousers,Woven,Polyester,,Polyester,39.99,/232/64/215116_BL_1,215116_BL_1.jpg,none,,,,,,
215116_GY,215116,Trousers REMY Grey,_GY,Grey,Apparel,Trousers,Woven,Polyester,,Polyester,39.99,/232/64/215116_GY_1,215116_GY_1.jpg,none,,,,,,
215172_BG,215172,Sweater SATURN 3 Beige,_BG,Beige,Apparel,Sweater,Knit,Polyester,,,35.99,/241/64/215172_BG_1,215172_BG_1.jpg,none,,,,,,
215236_BL,215236,Skirt REMY 4 Blue,_BL,Blue,Apparel,Skirt,Woven,Cotton; Polyester,,Cotton,49.99,/232/64/215236_BL_1,215236_BL_1.jpg,none,,,,,,
215411_GN,215411,Sweater REMY 2 Green,_GN,Green,Apparel,Sweater,Knit,Acrylic; Alpaca; Elastane; Polyamide; Wool,,Polyamide,35.99,/232/64/215411_GN_1,215411_GN_1.jpg,none,,,,,,
215623_RD,215623,Cardigan REMY 4 Red,_RD,Red,Apparel,Cardigan,Knit,Polyester,,Polyester,39.99,/232/64/215623_RD_1,215623_RD_1.jpg,none,,,,,,
215623_SV,215623,Cardigan REMY 3 Silver,_SV,Silver,Apparel,Cardigan,Knit,Acrylic; Cotton,,Cotton,39.99,/232/64/215623_SV_1,215623_SV_1.jpg,none,,,,,,
215627_DM,215627,Cardigan ESSENTIALS T DISPLAY 1 Dark Multicolor,_DM,Dark Multicolor,Apparel,Cardigan,Knit,Acrylic; Elastane; Polyester,,Acrylic,39.99,/241/64/215627_DM_1,215627_DM_1.jpg,none,,,,,,
215820_BK,215820,Top JUPITER Black,_BK,Black,Apparel,Top,Woven,Polyester,,Polyester,25.99,/241/64/215820_BK_1,215820_BK_1.jpg,none,,,,,,
215976_BG,215976,Coat SATURN 2 Beige,_BG,Beige,Apparel,Coat,Knit,Polyamide; Polyester,,Polyamide,49.99,/241/64/215976_BG_1,215976_BG_1.jpg,none,,,,,,
215999_KK,215999,Jeans SATURN 4 Khaki,_KK,Khaki,Apparel,Jeans,Woven,Cotton,,,39.99,/241/64/215999_KK_1,215999_KK_1.jpg,none,,,,,,
215999_WT,215999,Jeans BETS White,_WT,White,Apparel,Jeans,Woven,Cotton,,,39.99,/241/64/215999_WT_1,215999_WT_1.jpg,none,,,,,,
216020_BM,216020,Trousers VICHY Bright Multicolor,_BM,Bright Multicolor,Apparel,Trousers,Woven,Lyocell,,Lyocell,32.99,/232/64/216020_BM_1,216020_BM_1.jpg,none,,,,,,
216179_BN,216179,Coat MAXI 27/09 Brown,_BN,Brown,Apparel,Coat,Woven,Polyamide; Polyester,,Polyamide,59.99,/232/64/216179_BN_1,216179_BN_1.jpg,none,,,,,,
216179_GN,216179,Coat MAXI 27/09 Green,_GN,Green,Apparel,Coat,Woven,Polyamide; Polyester,,Polyamide,59.99,/232/64/216179_GN_1,216179_GN_1.jpg,none,,,,,,
216179_GY,216179,Coat MAXI 27/09 Grey,_GY,Grey,Apparel,Coat,Woven,Polyamide; Polyester,,Polyamide,59.99,/232/64/216179_GY_1,216179_GY_1.jpg,none,,,,,,
216192_BM,216192,Skirt CANICHE CAMPAIGN Bright Multicolor,_BM,Bright Multicolor,Apparel,Skirt,Woven,Cotton; Polyamide; Polyester,,Cotton,42.99,/232/64/216192_BM_1,216192_BM_1.jpg,none,,,,,,
216302_DM,216302,Poncho WINTERDZ Dark Multicolor,_DM,Dark Multicolor,Apparel,Poncho,Knit,Polyamide; Polyester; Viscose,,,39.99,/241/64/216302_DM_1,216302_DM_1.jpg,none,,,,,,
216369_GY,216369,Skirt SATURN 1 Grey,_GY,Grey,Apparel,Skirt,Circular,Polyamide; Viscose,,,35.99,/241/64/216369_GY_1,216369_GY_1.jpg,none,,,,,,
216412_GN,216412,Cardigan SATURN 4 Green,_GN,Green,Apparel,Cardigan,Knit,Acrylic; Alpaca; Elastane; Polyamide; Polyester; Wool,,,35.99,/241/64/216412_GN_1,216412_GN_1.jpg,none,,,,,,
216442_BM,216442,Dress Halloween capsula Bright Multicolor,_BM,Bright Multicolor,Apparel,Dress,Woven,Polyester,,Polyester,39.99,/232/64/216442_BM_1,216442_BM_1.jpg,none,,,,,,
216459_BK,216459,Dress REMY 3 Black,_BK,Black,Apparel,Dress,Woven,Cotton; Polyamide,,Cotton,35.99,/232/64/216459_BK_1,216459_BK_1.jpg,none,,,,,,
216581_BK,216581,Trousers PLUS CLOSET DEZ Black,_BK,Black,Apparel,Trousers,Knit,Polyamide; Viscose,,,35.99,/241/64/216581_BK_1,216581_BK_1.jpg,none,,,,,,
216581_BU,216581,Trousers PLUS CLOSET DEZ Burgundy,_BU,Burgundy,Apparel,Trousers,Knit,Polyamide; Viscose,,,35.99,/241/64/216581_BU_1,216581_BU_1.jpg,none,,,,,,
216581_GN,216581,Trousers PLUS CLOSET DEZ Green,_GN,Green,Apparel,Trousers,Knit,Polyamide; Viscose,,,35.99,/241/64/216581_GN_1,216581_GN_1.jpg,none,,,,,,
216671_BL,216671,Shirt MAXI Blue,_BL,Blue,Apparel,Shirt,Woven,Ramie,,,32.99,/241/64/216671_BL_1,216671_BL_1.jpg,none,,,,,,
216671_OR,216671,Shirt MAXI Orange,_OR,Orange,Apparel,Shirt,Woven,Ramie,,,32.99,/241/64/216671_OR_1,216671_OR_1.jpg,none,,,,,,
216784_DM,216784,Dress JUPITER Dark Multicolor,_DM,Dark Multicolor,Apparel,Dress,Circular,Polyester,,,39.99,/241/64/216784_DM_1,216784_DM_1.jpg,none,,,,,,
216805_GN,216805,Shirt Jo Green,_GN,Green,Apparel,Shirt,Woven,Viscose,,,32.99,/241/64/216805_GN_1,216805_GN_1.jpg,none,,,,,,
216851_SV,216851,Trousers PartycapsuleNovembro Silver,_SV,Silver,Apparel,Trousers,Knit,Cotton; Linen; Viscose,,Viscose,29.99,/232/64/216851_SV_1,216851_SV_1.jpg,none,,,,,,
216957_BM,216957,Trousers EMAN Bright Multicolor,_BM,Bright Multicolor,Apparel,Trousers,Woven,Viscose,,,35.99,/241/64/216957_BM_1,216957_BM_1.jpg,none,,,,,,
216969_BM,216969,Dress Maxi nov Bright Multicolor,_BM,Bright Multicolor,Apparel,Dress,Woven,Polyester; Viscose,,Viscose,59.99,/241/64/216969_BM_1,216969_BM_1.jpg,none,,,,,,
217036_DG,217036,Trousers Maxi nov Dark Grey,_DG,Dark Grey,Apparel,Trousers,Circular,Polyester,,,32.99,/241/64/217036_DG_1,217036_DG_1.jpg,none,,,,,,
217119_BK,217119,Shirt T1 ESSENTIALS Black,_BK,Black,Apparel,Shirt,Woven,Viscose,,Viscose,23.99,/242/64/217119_BK_1,217119_BK_1.jpg,none,,,,,,
217119_BL,217119,Shirt T1 ESSENTIALS Blue,_BL,Blue,Apparel,Shirt,Woven,Viscose,,Viscose,23.99,/242/64/217119_BL_1,217119_BL_1.jpg,none,,,,,,
217119_KK,217119,Shirt T1 ESSENTIALS Khaki,_KK,Khaki,Apparel,Shirt,Woven,Viscose,,Viscose,23.99,/242/64/217119_KK_1,217119_KK_1.jpg,none,,,,,,
217119_LL,217119,Shirt T1 ESSENTIALS Lilac,_LL,Lilac,Apparel,Shirt,Woven,Viscose,,Viscose,23.99,/241/64/217119_LL_1,217119_LL_1.jpg,none,,,,,,
217119_LM,217119,Shirt T1 ESSENTIALS Lime,_LM,Lime,Apparel,Shirt,Woven,Viscose,,Viscose,23.99,/241/64/217119_LM_1,217119_LM_1.jpg,none,,,,,,
217237_BM,217237,Shirt TRENDY Bright Multicolor,_BM,Bright Multicolor,Apparel,Shirt,Woven,Lyocell,,,29.99,/242/64/217237_BM_1,217237_BM_1.jpg,none,,,,,,
217237_KK,217237,Shirt T1 ESSENTIALS Khaki,_KK,Khaki,Apparel,Shirt,Woven,Lyocell,,Lyocell,29.99,/241/64/217237_KK_1,217237_KK_1.jpg,none,,,,,,
217237_NV,217237,Shirt T1 ESSENTIALS Navy,_NV,Navy,Apparel,Shirt,Woven,Lyocell,,Lyocell,29.99,/241/64/217237_NV_1,217237_NV_1.jpg,none,,,,,,
217344_BM,217344,Top MINAS Bright Multicolor,_BM,Bright Multicolor,Apparel,Top,Woven,Polyester,,Polyester,25.99,/241/64/217344_BM_1,217344_BM_1.jpg,none,,,,,,
217602_BM,217602,Shirt MINAS Bright Multicolor,_BM,Bright Multicolor,Apparel,Shirt,Woven,Lyocell,,,27.99,/241/64/217602_BM_1,217602_BM_1.jpg,none,,,,,,
217733_BM,217733,Dress SALVADOR Bright Multicolor,_BM,Bright Multicolor,Apparel,Dress,Woven,Viscose,,,35.99,/241/64/217733_BM_1,217733_BM_1.jpg,none,,,,,,
217887_PK,217887,T-shirt Tiffany Pink,_PK,Pink,Apparel,T-shirt,Circular,Cotton,,Cotton,15.99,/241/64/217887_PK_1,217887_PK_1.jpg,none,,,,,,
217926_BU,217926,Trousers SALVAD Burgundy,_BU,Burgundy,Apparel,Trousers,Woven,Viscose,,,32.99,/241/64/217926_BU_1,217926_BU_1.jpg,none,,,,,,
217926_GN,217926,Trousers SALVAD Green,_GN,Green,Apparel,Trousers,Woven,Viscose,,,32.99,/241/64/217926_GN_1,217926_GN_1.jpg,none,,,,,,
217937_RD,217937,Sweatshirt CALM 1 Red,_RD,Red,Apparel,Sweatshirt,Circular,Cotton,,,29.99,/241/64/217937_RD_1,217937_RD_1.jpg,none,,,,,,
218000_BM,218000,Shirt SALVADOR Bright Multicolor,_BM,Bright Multicolor,Apparel,Shirt,Woven,Cotton,,,32.99,/241/64/218000_BM_1,218000_BM_1.jpg,none,,,,,,
218030_BG,218030,Raincoat Jo Beige,_BG,Beige,Apparel,Raincoat,Woven,Cotton; Polyester,,Polyester,49.99,/241/64/218030_BG_1,218030_BG_1.jpg,none,,,,,,
218070_BM,218070,Sweatshirt T1 ESSENTIALS Bright Multicolor,_BM,Bright Multicolor,Apparel,Sweatshirt,Circular,Cotton; Polyester,,,29.99,/241/64/218070_BM_1,218070_BM_1.jpg,none,,,,,,
218156_BL,218156,Shorts MADEIRA Blue,_BL,Blue,Apparel,Shorts,Woven,Cotton,,,35.99,/241/64/218156_BL_1,218156_BL_1.jpg,none,,,,,,
218156_RD,218156,Shorts MADEIRA Red,_RD,Red,Apparel,Shorts,Woven,Cotton,,,35.99,/241/64/218156_RD_1,218156_RD_1.jpg,none,,,,,,
218166_BK,218166,Blazer PLUS CLOSET DEZ Black,_BK,Black,Apparel,Blazer,Woven,Polyester; Viscose; Wool,,,69.99,/241/64/218166_BK_1,218166_BK_1.jpg,none,,,,,,
218166_BL,218166,Blazer PLUS CLOSET DEZ Blue,_BL,Blue,Apparel,Blazer,Woven,Polyester; Viscose; Wool,,,69.99,/241/64/218166_BL_1,218166_BL_1.jpg,none,,,,,,
218166_BN,218166,Blazer PLUS CLOSET DEZ Brown,_BN,Brown,Apparel,Blazer,Woven,Polyester; Viscose; Wool,,,69.99,/241/64/218166_BN_1,218166_BN_1.jpg,none,,,,,,
218286_BM,218286,Trousers DELULU Bright Multicolor,_BM,Bright Multicolor,Apparel,Trousers,Knit,Polyamide; Viscose,,,35.99,/241/64/218286_BM_1,218286_BM_1.jpg,none,,,,,,
218451_WT,218451,Socks CUPID White,_WT,White,Apparel,Socks,Knit,Polyamide,,,9.99,/241/64/218451_WT_1,218451_WT_1.jpg,none,,,,,,
218545_BG,218545,Coat CALM 1 Beige,_BG,Beige,Apparel,Coat,Woven,Cotton,,,42.99,/241/64/218545_BG_1,218545_BG_1.jpg,none,,,,,,
218623_KK,218623,Poncho T1 ESSENTIALS Khaki,_KK,Khaki,Apparel,Poncho,Knit,Polyamide; Polyester; Viscose,,,29.99,/241/64/218623_KK_1,218623_KK_1.jpg,none,,,,,,
218623_WT,218623,Poncho T1 ESSENTIALS White,_WT,White,Apparel,Poncho,Knit,Polyamide; Polyester; Viscose,,,29.99,/241/64/218623_WT_1,218623_WT_1.jpg,none,,,,,,
218645_BM,218645,Shirt LAPA Bright Multicolor,_BM,Bright Multicolor,Apparel,Shirt,Woven,Cotton,,Cotton,23.99,/241/64/218645_BM_1,218645_BM_1.jpg,none,,,,,,
218653_BK,218653,Sweater brasilia Black,_BK,Black,Apparel,Sweater,Knit,Viscose,,Viscose,25.99,/241/64/218653_BK_1,218653_BK_1.jpg,none,,,,,,
218684_WT,218684,Shirt SALVADOR White,_WT,White,Apparel,Shirt,Woven,Lyocell; Ramie,,,32.99,/241/64/218684_WT_1,218684_WT_1.jpg,none,,,,,,
218785_EC,218785,Shirt HOT Ecru,_EC,Ecru,Apparel,Shirt,Woven,Cotton,,,29.99,/241/64/218785_EC_1,218785_EC_1.jpg,none,,,,,,
218803_BG,218803,Trousers MAXI Beige,_BG,Beige,Apparel,Trousers,Circular,Elastane; Polyester,,,29.99,/241/64/218803_BG_1,218803_BG_1.jpg,none,,,,,,
218803_BN,218803,Trousers MAXI Brown,_BN,Brown,Apparel,Trousers,Circular,Elastane; Polyester,,,29.99,/241/64/218803_BN_1,218803_BN_1.jpg,none,,,,,,
218803_OR,218803,Trousers MAXI Orange,_OR,Orange,Apparel,Trousers,Circular,Elastane; Polyester,,,29.99,/241/64/218803_OR_1,218803_OR_1.jpg,none,,,,,,
218836_LG,218836,Raincoat RIO Light Grey,_LG,Light Grey,Apparel,Raincoat,Woven,Polyester,,Polyester,49.99,/241/64/218836_LG_1,218836_LG_1.jpg,none,,,,,,
218961_EC,218961,Shirt PAPAYA Ecru,_EC,Ecru,Apparel,Shirt,Woven,Cotton; Metallic Fiber,,,27.99,/241/64/218961_EC_1,218961_EC_1.jpg,none,,,,,,
219118_BM,219118,Raincoat MADEIRA Bright Multicolor,_BM,Bright Multicolor,Apparel,Raincoat,Woven,Polyester,,Polyester,59.99,/241/64/219118_BM_1,219118_BM_1.jpg,none,,,,,,
219181_BL,219181,Shirt SALVADOR Blue,_BL,Blue,Apparel,Shirt,Woven,Cotton,,,39.99,/241/64/219181_BL_1,219181_BL_1.jpg,none,,,,,,
219217_BU,219217,T-shirt MADEIRA Burgundy,_BU,Burgundy,Apparel,T-shirt,Circular,Modal; Polyester,,Modal,15.99,/241/64/219217_BU_1,219217_BU_1.jpg,none,,,,,,
219234_BG,219234,Dress MAXI Beige,_BG,Beige,Apparel,Dress,Knit,Polyamide; Viscose,,,39.99,/241/64/219234_BG_1,219234_BG_1.jpg,none,,,,,,
219234_BN,219234,Dress MAXI Brown,_BN,Brown,Apparel,Dress,Knit,Polyamide; Viscose,,,39.99,/241/64/219234_BN_1,219234_BN_1.jpg,none,,,,,,
219332_BG,219332,Sweater MADEIRA Beige,_BG,Beige,Apparel,Sweater,Knit,Polyester,,Polyester,25.99,/241/64/219332_BG_1,219332_BG_1.jpg,none,,,,,,
219434_BL,219434,Top T1 ESSENTIALS Blue,_BL,Blue,Apparel,Top,Woven,Cotton,,Cotton,23.99,/241/64/219434_BL_1,219434_BL_1.jpg,none,,,,,,
219434_GN,219434,Top T1 ESSENTIALS Green,_GN,Green,Apparel,Top,Woven,Cotton,,Cotton,23.99,/241/64/219434_GN_1,219434_GN_1.jpg,none,,,,,,
219434_WT,219434,Top T1 ESSENTIALS White,_WT,White,Apparel,Top,Woven,Cotton,,Cotton,23.99,/241/64/219434_WT_1,219434_WT_1.jpg,none,,,,,,
219436_NV,219436,Top PAPAP Navy,_NV,Navy,Apparel,Top,Woven,Linen; Viscose,,,32.99,/241/64/219436_NV_1,219436_NV_1.jpg,none,,,,,,
219441_GY,219441,Sweatshirt SUMMERCAP Grey,_GY,Grey,Apparel,Sweatshirt,Circular,Cotton; Polyester,,,29.99,/241/64/219441_GY_1,219441_GY_1.jpg,none,,,,,,
219441_LL,219441,Sweatshirt SUMMERCAP Lilac,_LL,Lilac,Apparel,Sweatshirt,Circular,Cotton; Polyester,,,29.99,/241/64/219441_LL_1,219441_LL_1.jpg,none,,,,,,
219458_BL,219458,Jeans MAXI Blue,_BL,Blue,Apparel,Jeans,Woven,Cotton,,Cotton,45.99,/241/64/219458_BL_1,219458_BL_1.jpg,none,,,,,,
219517_BM,219517,Jumpsuit SUMERABRIL Bright Multicolor,_BM,Bright Multicolor,Apparel,Jumpsuit,Woven,Viscose,,Viscose,45.99,/241/64/219517_BM_1,219517_BM_1.jpg,none,,,,,,
219651_KK,219651,Dress LAPA 3 Khaki,_KK,Khaki,Apparel,Dress,Knit,Polyamide; Viscose,,,32.99,/241/64/219651_KK_1,219651_KK_1.jpg,none,,,,,,
219674_WT,219674,Vest LAPA 4 White,_WT,White,Apparel,Vest,Knit,Polyester,,Polyester,15.99,/241/64/219674_WT_1,219674_WT_1.jpg,none,,,,,,
219720_BL,219720,Top KIW Blue,_BL,Blue,Apparel,Top,Woven,Linen; Lyocell; Polyester,,,39.99,/242/64/219720_BL_1,219720_BL_1.jpg,none,,,,,,
219720_WT,219720,Top KIW White,_WT,White,Apparel,Top,Woven,Linen; Lyocell; Polyester,,,39.99,/242/64/219720_WT_1,219720_WT_1.jpg,none,,,,,,
219743_BK,219743,Dress ESTRELA Black,_BK,Black,Apparel,Dress,Woven,Viscose,,,35.99,/241/64/219743_BK_1,219743_BK_1.jpg,none,,,,,,
219881_BM,219881,Shorts PAPAP Bright Multicolor,_BM,Bright Multicolor,Apparel,Shorts,Woven,Viscose,,Viscose,23.99,/241/64/219881_BM_1,219881_BM_1.jpg,none,,,,,,
219893_GN,219893,Dress LAPA 3 Green,_GN,Green,Apparel,Dress,Woven,Cotton,,Cotton,49.99,/241/64/219893_GN_1,219893_GN_1.jpg,none,,,,,,
219964_RD,219964,Dress SUMERABRIL Red,_RD,Red,Apparel,Dress,Woven,Lyocell,,,32.99,/241/64/219964_RD_1,219964_RD_1.jpg,none,,,,,,
220048_CA,220048,Dress T1 ESSENTIALS Camel,_CA,Camel,Apparel,Dress,Woven,Lyocell,,Lyocell,32.99,/242/64/220048_CA_1,220048_CA_1.jpg,none,,,,,,
220048_LL,220048,Dress T1 ESSENTIALS Lilac,_LL,Lilac,Apparel,Dress,Woven,Lyocell,,Lyocell,32.99,/242/64/220048_LL_1,220048_LL_1.jpg,none,,,,,,
220048_NV,220048,Dress T1 ESSENTIALS Navy,_NV,Navy,Apparel,Dress,Woven,Lyocell,,Lyocell,32.99,/241/64/220048_NV_1,220048_NV_1.jpg,none,,,,,,
220048_YL,220048,Dress T1 ESSENTIALS Yellow,_YL,Yellow,Apparel,Dress,Woven,Lyocell,,Lyocell,32.99,/242/64/220048_YL_1,220048_YL_1.jpg,none,,,,,,
220343_KK,220343,Top LAPA 4 Khaki,_KK,Khaki,Apparel,Top,Woven,Cotton; Elastane,,,35.99,/241/64/220343_KK_1,220343_KK_1.jpg,none,,,,,,
220351_BK,220351,Dress MORANGO Black,_BK,Black,Apparel,Dress,Woven,Lyocell; Viscose,,,39.99,/241/64/220351_BK_1,220351_BK_1.jpg,none,,,,,,
220351_GN,220351,Dress MORANGO Green,_GN,Green,Apparel,Dress,Woven,Lyocell; Viscose,,,39.99,/241/64/220351_GN_1,220351_GN_1.jpg,none,,,,,,
220412_GN,220412,Dress SUMMERCAP Green,_GN,Green,Apparel,Dress,Knit,Acrylic; Elastane; Linen; Lyocell; Polyester,,,32.99,/241/64/220412_GN_1,220412_GN_1.jpg,none,,,,,,
220504_EC,220504,Jumpsuit luci Ecru,_EC,Ecru,Apparel,Jumpsuit,Woven,Linen; Lyocell,,,39.99,/242/64/220504_EC_1,220504_EC_1.jpg,none,,,,,,
220588_BM,220588,Dress T1 ESSENTIALS Bright Multicolor,_BM,Bright Multicolor,Apparel,Dress,Woven,Viscose,,,32.99,/241/64/220588_BM_1,220588_BM_1.jpg,none,,,,,,
220598_AN,220598,Sweatshirt T1 ESSENTIALS Anthracite,_AN,Anthracite,Apparel,Sweatshirt,Circular,Elastane; Modal; Polyester,,,27.99,/241/64/220598_AN_1,220598_AN_1.jpg,none,,,,,,
220598_BL,220598,Sweatshirt T1 ESSENTIALS Blue,_BL,Blue,Apparel,Sweatshirt,Circular,Elastane; Modal; Polyester,,,27.99,/241/64/220598_BL_1,220598_BL_1.jpg,none,,,,,,
220598_IG,220598,Sweatshirt T1 ESSENTIALS Indigo,_IG,Indigo,Apparel,Sweatshirt,Circular,Elastane; Modal; Polyester,,,27.99,/242/64/220598_IG_1,220598_IG_1.jpg,none,,,,,,
220677_BM,220677,Dress SUMMERCAP Bright Multicolor,_BM,Bright Multicolor,Apparel,Dress,Circular,Cotton,,,32.99,/241/64/220677_BM_1,220677_BM_1.jpg,none,,,,,,
220750_BM,220750,Trousers KIW Bright Multicolor,_BM,Bright Multicolor,Apparel,Trousers,Woven,Viscose,,,27.99,/242/64/220750_BM_1,220750_BM_1.jpg,none,,,,,,
220933_BL,220933,Coat MADEIRA Blue,_BL,Blue,Apparel,Coat,Woven,Cotton; RECYCLED COTTON,,,39.99,/241/64/220933_BL_1,220933_BL_1.jpg,none,,,,,,
220939_BM,220939,Dress LAGO Bright Multicolor,_BM,Bright Multicolor,Apparel,Dress,Woven,Viscose,,,29.99,/242/64/220939_BM_1,220939_BM_1.jpg,none,,,,,,
220939_BU,220939,Dress BETS Burgundy,_BU,Burgundy,Apparel,Dress,Woven,Viscose,,,29.99,/242/64/220939_BU_1,220939_BU_1.jpg,none,,,,,,
220939_DM,220939,Dress LAGO Dark Multicolor,_DM,Dark Multicolor,Apparel,Dress,Woven,Viscose,,,29.99,/242/64/220939_DM_1,220939_DM_1.jpg,none,,,,,,
220955_BM,220955,Kimono SEJ Bright Multicolor,_BM,Bright Multicolor,Apparel,Kimono,Woven,Cotton,,,35.99,/241/64/220955_BM_1,220955_BM_1.jpg,none,,,,,,
221007_BK,221007,Cardigan EXCLUSIVE Black,_BK,Black,Apparel,Cardigan,Knit,Cotton; Viscose,,,32.99,/241/64/221007_BK_1,221007_BK_1.jpg,none,,,,,,
221007_EC,221007,Cardigan ESTRELA Ecru,_EC,Ecru,Apparel,Cardigan,Knit,Cotton; Viscose,,,32.99,/241/64/221007_EC_1,221007_EC_1.jpg,none,,,,,,
221010_BM,221010,Bathing Suit LAPA 4 Bright Multicolor,_BM,Bright Multicolor,Apparel,Bath Suit,Circular,Elastane; Polyester,,Polyester,25.99,/242/64/221010_BM_1,221010_BM_1.jpg,none,,,,,,
221222_BG,221222,T-shirt SALVADOR Beige,_BG,Beige,Apparel,T-shirt,Circular,Cotton; Elastane,,,27.99,/241/64/221222_BG_1,221222_BG_1.jpg,none,,,,,,
221333_BM,221333,Dress T1 ESSENTIALS Bright Multicolor,_BM,Bright Multicolor,Apparel,Dress,Woven,Lyocell,,,29.99,/241/64/221333_BM_1,221333_BM_1.jpg,none,,,,,,
221406_AN,221406,Trousers T1 ESSENTIALS Anthracite,_AN,Anthracite,Apparel,Trousers,Circular,Elastane; Modal; Polyester,,,27.99,/241/64/221406_AN_1,221406_AN_1.jpg,none,,,,,,
221629_BM,221629,Shirt GI Bright Multicolor,_BM,Bright Multicolor,Apparel,Shirt,Woven,Viscose,,,27.99,/242/64/221629_BM_1,221629_BM_1.jpg,none,,,,,,
221783_BG,221783,Trousers SEJ Beige,_BG,Beige,Apparel,Trousers,Woven,Cotton,,,29.99,/242/64/221783_BG_1,221783_BG_1.jpg,none,,,,,,
221783_BL,221783,Trousers SEJ Blue,_BL,Blue,Apparel,Trousers,Woven,Cotton,,,29.99,/242/64/221783_BL_1,221783_BL_1.jpg,none,,,,,,
221783_WT,221783,Trousers BETS White,_WT,White,Apparel,Trousers,Woven,Cotton,,,29.99,/242/64/221783_WT_1,221783_WT_1.jpg,none,,,,,,
221790_BU,221790,Shirt CM Burgundy,_BU,Burgundy,Apparel,Shirt,Woven,Cotton; Linen,,Linen,29.99,/242/64/221790_BU_1,221790_BU_1.jpg,none,,,,,,
221812_BK,221812,Sweater C1 Black,_BK,Black,Apparel,Sweater,Knit,Cotton; Polyester,,,32.99,/242/64/221812_BK_1,221812_BK_1.jpg,none,,,,,,
221812_WT,221812,Sweater PAPAP White,_WT,White,Apparel,Sweater,Knit,Cotton; Polyester,,,32.99,/241/64/221812_WT_1,221812_WT_1.jpg,none,,,,,,
221873_EC,221873,Sweatshirt LAPA Ecru,_EC,Ecru,Apparel,Sweatshirt,Circular,Cotton; Polyester,,,29.99,/241/64/221873_EC_1,221873_EC_1.jpg,none,,,,,,
221909_BM,221909,Shirt LAGO Bright Multicolor,_BM,Bright Multicolor,Apparel,Shirt,Woven,Lyocell,,,27.99,/242/64/221909_BM_1,221909_BM_1.jpg,none,,,,,,
222034_BU,222034,Shirt JJ Burgundy,_BU,Burgundy,Apparel,Shirt,Woven,Viscose,,,27.99,/242/64/222034_BU_1,222034_BU_1.jpg,none,,,,,,
222034_GN,222034,Shirt JJ Green,_GN,Green,Apparel,Shirt,Woven,Viscose,,,27.99,/242/64/222034_GN_1,222034_GN_1.jpg,none,,,,,,
222094_BM,222094,Dress C7 Bright Multicolor,_BM,Bright Multicolor,Apparel,Dress,Woven,Viscose,,,32.99,/242/64/222094_BM_1,222094_BM_1.jpg,none,,,,,,
222184_EC,222184,Vest C3 Ecru,_EC,Ecru,Apparel,Vest,Woven,Cotton,,,39.99,/241/64/222184_EC_1,222184_EC_1.jpg,none,,,,,,
222255_BM,222255,Dress TA Bright Multicolor,_BM,Bright Multicolor,Apparel,Dress,Woven,Viscose,,,32.99,/242/64/222255_BM_1,222255_BM_1.jpg,none,,,,,,
222351_BL,222351,Dress P6 Blue,_BL,Blue,Apparel,Dress,Circular,Cotton,,,29.99,/242/64/222351_BL_1,222351_BL_1.jpg,none,,,,,,
222351_BU,222351,Dress P6 Burgundy,_BU,Burgundy,Apparel,Dress,Circular,Cotton,,,29.99,/242/64/222351_BU_1,222351_BU_1.jpg,none,,,,,,
222360_BL,222360,Trousers TRENDY Blue,_BL,Blue,Apparel,Trousers,Woven,Cotton,,,39.99,/242/64/222360_BL_1,222360_BL_1.jpg,none,,,,,,
222360_BN,222360,Trousers B5 Brown,_BN,Brown,Apparel,Trousers,Woven,Cotton,,,39.99,/242/64/222360_BN_1,222360_BN_1.jpg,none,,,,,,
222360_EC,222360,Trousers C4 Ecru,_EC,Ecru,Apparel,Trousers,Woven,Cotton,,,39.99,/242/64/222360_EC_1,222360_EC_1.jpg,none,,,,,,
222371_EC,222371,Dress C7 Ecru,_EC,Ecru,Apparel,Dress,Woven,Cotton; Polyamide,,,39.99,/242/64/222371_EC_1,222371_EC_1.jpg,none,,,,,,
222418_DG,222418,Skirt B4 Dark Grey,_DG,Dark Grey,Apparel,Skirt,Knit,Cotton; Polyester,,,29.99,/242/64/222418_DG_1,222418_DG_1.jpg,none,,,,,,
222474_BU,222474,Dress JJ Burgundy,_BU,Burgundy,Apparel,Dress,Circular,Elastane; Viscose,,,27.99,/242/64/222474_BU_1,222474_BU_1.jpg,none,,,,,,
222474_GN,222474,Dress JJ Green,_GN,Green,Apparel,Dress,Circular,Elastane; Viscose,,,27.99,/242/64/222474_GN_1,222474_GN_1.jpg,none,,,,,,
222477_BG,222477,Dress C2 Beige,_BG,Beige,Apparel,Dress,Woven,Lyocell; Polyamide; Viscose,,,29.99,/242/64/222477_BG_1,222477_BG_1.jpg,none,,,,,,
222529_BM,222529,Shirt 55 Bright Multicolor,_BM,Bright Multicolor,Apparel,Shirt,Woven,Cotton,,Cotton,23.99,/242/64/222529_BM_1,222529_BM_1.jpg,none,,,,,,
222628_BM,222628,Kimono PERA Bright Multicolor,_BM,Bright Multicolor,Apparel,Kimono,Woven,Viscose,,,32.99,/241/64/222628_BM_1,222628_BM_1.jpg,none,,,,,,
222666_WT,222666,Jeans APP PRO White,_WT,White,Apparel,Jeans,Woven,Cotton,,,35.99,/241/64/222666_WT_1,222666_WT_1.jpg,none,,,,,,
222679_BK,222679,Skirt T1 ESSENTIALS Black,_BK,Black,Apparel,Skirt,Woven,Polyester,,,29.99,/241/64/222679_BK_1,222679_BK_1.jpg,none,,,,,,
222679_PK,222679,Skirt TRENDY Pink,_PK,Pink,Apparel,Skirt,Woven,Polyester,,,29.99,/241/64/222679_PK_1,222679_PK_1.jpg,none,,,,,,
222699_KK,222699,Dress B3 Khaki,_KK,Khaki,Apparel,Dress,Knit,Polyamide; Viscose,,Viscose,35.99,/242/64/222699_KK_1,222699_KK_1.jpg,none,,,,,,
222699_WT,222699,Dress TA White,_WT,White,Apparel,Dress,Knit,Polyamide; Viscose,,Viscose,35.99,/242/64/222699_WT_1,222699_WT_1.jpg,none,,,,,,
222700_KK,222700,Sweatshirt SCUBA Khaki,_KK,Khaki,Apparel,Sweatshirt,Circular,Elastane; Modal; Polyester,,Modal,27.99,/241/64/222700_KK_1,222700_KK_1.jpg,none,,,,,,
222738_NV,222738,Trousers T1 ESSENTIALS Navy,_NV,Navy,Apparel,Trousers,Circular,Elastane; Polyester; Viscose,,,27.99,/241/64/222738_NV_1,222738_NV_1.jpg,none,,,,,,
222738_WT,222738,Trousers T1 ESSENTIALS White,_WT,White,Apparel,Trousers,Circular,Elastane; Polyester; Viscose,,,27.99,/241/64/222738_WT_1,222738_WT_1.jpg,none,,,,,,
222828_PK,222828,T-shirt CORI Pink,_PK,Pink,Apparel,T-shirt,Circular,Cotton,,Cotton,19.99,/242/64/222828_PK_1,222828_PK_1.jpg,none,,,,,,
222828_WT,222828,T-shirt CORI White,_WT,White,Apparel,T-shirt,Circular,Cotton,,Cotton,19.99,/242/64/222828_WT_1,222828_WT_1.jpg,none,,,,,,
222835_BK,222835,Dress JJ Black,_BK,Black,Apparel,Dress,Circular,Polyester,,Polyester,25.99,/242/64/222835_BK_1,222835_BK_1.jpg,none,,,,,,
222835_EC,222835,Dress JJ Ecru,_EC,Ecru,Apparel,Dress,Circular,Polyester,,Polyester,25.99,/242/64/222835_EC_1,222835_EC_1.jpg,none,,,,,,
222835_KK,222835,Dress JJ Khaki,_KK,Khaki,Apparel,Dress,Circular,Polyester,,Polyester,25.99,/242/64/222835_KK_1,222835_KK_1.jpg,none,,,,,,
222901_BL,222901,T-shirt T1 ESSENTIALS Blue,_BL,Blue,Apparel,T-shirt,Circular,Elastane; Polyester; Viscose,,Polyester,19.99,/241/64/222901_BL_1,222901_BL_1.jpg,none,,,,,,
222901_BM,222901,T-shirt T1 ESSENTIALS Bright Multicolor,_BM,Bright Multicolor,Apparel,T-shirt,Circular,Elastane; Polyester; Viscose,,Polyester,19.99,/241/64/222901_BM_1,222901_BM_1.jpg,none,,,,,,
222901_CA,222901,T-shirt BETS Camel,_CA,Camel,Apparel,T-shirt,Circular,Elastane; Polyester; Viscose,,Polyester,19.99,/242/64/222901_CA_1,222901_CA_1.jpg,none,,,,,,
222901_KK,222901,T-shirt BETS Khaki,_KK,Khaki,Apparel,T-shirt,Circular,Elastane; Polyester; Viscose,,Polyester,19.99,/242/64/222901_KK_1,222901_KK_1.jpg,none,,,,,,
222901_WT,222901,T-shirt T1 ESSENTIALS White,_WT,White,Apparel,T-shirt,Circular,Elastane; Polyester; Viscose,,Polyester,19.99,/241/64/222901_WT_1,222901_WT_1.jpg,none,,,,,,
223102_BL,223102,Trousers CC Blue,_BL,Blue,Apparel,Trousers,Woven,Linen,,,39.99,/242/64/223102_BL_1,223102_BL_1.jpg,none,,,,,,
223183_BM,223183,Shirt KAT Bright Multicolor,_BM,Bright Multicolor,Apparel,Shirt,Woven,Cotton,,,29.99,/242/64/223183_BM_1,223183_BM_1.jpg,none,,,,,,
223191_BN,223191,Dress luci Brown,_BN,Brown,Apparel,Dress,Woven,Linen,,Linen,49.99,/242/64/223191_BN_1,223191_BN_1.jpg,none,,,,,,
223191_WT,223191,Dress luci White,_WT,White,Apparel,Dress,Woven,Linen,,Linen,49.99,/242/64/223191_WT_1,223191_WT_1.jpg,none,,,,,,
223348_BK,223348,Shirt BB Black,_BK,Black,Apparel,Shirt,Woven,Cotton,,,29.99,/242/64/223348_BK_1,223348_BK_1.jpg,none,,,,,,
223348_BU,223348,Shirt BB Burgundy,_BU,Burgundy,Apparel,Shirt,Woven,Cotton,,,29.99,/242/64/223348_BU_1,223348_BU_1.jpg,none,,,,,,
223432_KK,223432,Dress C2 Khaki,_KK,Khaki,Apparel,Dress,Knit,Acrylic; Polyamide,,Acrylic,45.99,/242/64/223432_KK_1,223432_KK_1.jpg,none,,,,,,
223465_BM,223465,Top NH Bright Multicolor,_BM,Bright Multicolor,Apparel,Top,Woven,Cotton,,,32.99,/242/64/223465_BM_1,223465_BM_1.jpg,none,,,,,,
223516_FU,223516,Dress B5 Fuchsia,_FU,Fuchsia,Apparel,Dress,Circular,Cotton; Elastane; Polyamide,,Cotton,25.99,/242/64/223516_FU_1,223516_FU_1.jpg,none,,,,,,
223516_OW,223516,Dress B5 Off White,_OW,Off White,Apparel,Dress,Circular,Cotton; Elastane; Polyamide,,Cotton,25.99,/242/64/223516_OW_1,223516_OW_1.jpg,none,,,,,,
223557_BK,223557,Dress GI Black,_BK,Black,Apparel,Dress,Circular,Elastane; Polyamide; Viscose,,Polyamide,25.99,/242/64/223557_BK_1,223557_BK_1.jpg,none,,,,,,
223630_BK,223630,T-shirt MA Black,_BK,Black,Apparel,T-shirt,Knit,Polyamide; Viscose,,Viscose,23.99,/242/64/223630_BK_1,223630_BK_1.jpg,none,,,,,,
223650_BM,223650,Dress NH Bright Multicolor,_BM,Bright Multicolor,Apparel,Dress,Woven,Cotton,,,39.99,/242/64/223650_BM_1,223650_BM_1.jpg,none,,,,,,
223666_BK,223666,Top TRENDY Black,_BK,Black,Apparel,Top,Woven,Polyester,,,29.99,/242/64/223666_BK_1,223666_BK_1.jpg,none,,,,,,
223666_PK,223666,Top TRENDY Pink,_PK,Pink,Apparel,Top,Woven,Polyester,,,29.99,/242/64/223666_PK_1,223666_PK_1.jpg,none,,,,,,
223925_BL,223925,Dress CC Blue,_BL,Blue,Apparel,Dress,Knit,Acrylic; Cotton,,,32.99,/242/64/223925_BL_1,223925_BL_1.jpg,none,,,,,,
224007_BK,224007,Trousers BETS Black,_BK,Black,Apparel,Trousers,Woven,Polyester,,,27.99,/242/64/224007_BK_1,224007_BK_1.jpg,none,,,,,,
224054_EC,224054,Shorts BRIDAL CAPSULE Ecru,_EC,Ecru,Apparel,Shorts,Knit,Polyamide; Viscose,,,17.99,/242/64/224054_EC_1,224054_EC_1.jpg,none,,,,,,
224126_OW,224126,T-shirt CS1 Off White,_OW,Off White,Apparel,T-shirt,Circular,Linen; Polyester,,Polyester,15.99,/242/64/224126_OW_1,224126_OW_1.jpg,none,,,,,,
224130_EC,224130,Trousers 00 Ecru,_EC,Ecru,Apparel,Trousers,Circular,Elastane; Polyamide; Viscose,,Viscose,29.99,/242/64/224130_EC_1,224130_EC_1.jpg,none,,,,,,
224130_NV,224130,Trousers 00 Navy,_NV,Navy,Apparel,Trousers,Circular,Elastane; Polyamide; Viscose,,Viscose,29.99,/242/64/224130_NV_1,224130_NV_1.jpg,none,,,,,,
224231_BL,224231,Shirt TRENDY Blue,_BL,Blue,Apparel,Shirt,Woven,Cotton,,,27.99,/242/64/224231_BL_1,224231_BL_1.jpg,none,,,,,,
224287_BM,224287,Bikini TRENDY Bright Multicolor,_BM,Bright Multicolor,Apparel,Bikini,Circular,Elastane; Polyester,,,27.99,/242/64/224287_BM_1,224287_BM_1.jpg,none,,,,,,
224328_EC,224328,Sweatshirt cindy Ecru,_EC,Ecru,Apparel,Sweatshirt,Circular,Cotton; Polyester,,,32.99,/242/64/224328_EC_1,224328_EC_1.jpg,none,,,,,,
224429_NM,224429,Jeans CA Neutral Multicolor,_NM,Neutral Multicolor,Apparel,Jeans,Woven,Cotton; Elastane,,,42.99,/242/64/224429_NM_1,224429_NM_1.jpg,none,,,,,,
224449_DG,224449,Dress C2 Dark Grey,_DG,Dark Grey,Apparel,Dress,Circular,Cotton; Polyester,,Polyester,25.99,/242/64/224449_DG_1,224449_DG_1.jpg,none,,,,,,
224452_BN,224452,Trousers TRENDY Brown,_BN,Brown,Apparel,Trousers,Woven,Cotton,,,39.99,/242/64/224452_BN_1,224452_BN_1.jpg,none,,,,,,
224452_EC,224452,Trousers TRENDY Ecru,_EC,Ecru,Apparel,Trousers,Woven,Cotton,,,39.99,/242/64/224452_EC_1,224452_EC_1.jpg,none,,,,,,
224491_GN,224491,Trousers TT Green,_GN,Green,Apparel,Trousers,Circular,Cotton,,Cotton,29.99,/242/64/224491_GN_1,224491_GN_1.jpg,none,,,,,,
224690_BK,224690,Poncho T1 ESSENTIALS Black,_BK,Black,Apparel,Poncho,Knit,Polyamide; Polyester; Viscose,,Viscose,35.99,/242/64/224690_BK_1,224690_BK_1.jpg,none,,,,,,
224690_WT,224690,Poncho T1 ESSENTIALS White,_WT,White,Apparel,Poncho,Knit,Polyamide; Polyester; Viscose,,Viscose,35.99,/242/64/224690_WT_1,224690_WT_1.jpg,none,,,,,,
224694_EC,224694,Trousers B4 Ecru,_EC,Ecru,Apparel,Trousers,Circular,Cotton; Elastane; Polyester; Viscose,,,32.99,/242/64/224694_EC_1,224694_EC_1.jpg,none,,,,,,
224822_BG,224822,T-shirt T1 ESSENTIALS Beige,_BG,Beige,Apparel,T-shirt,Circular,Cotton; Polyester,,Cotton,19.99,/242/64/224822_BG_1,224822_BG_1.jpg,none,,,,,,
224822_KK,224822,T-shirt T1 ESSENTIALS Khaki,_KK,Khaki,Apparel,T-shirt,Circular,Cotton; Polyester,,Cotton,19.99,/242/64/224822_KK_1,224822_KK_1.jpg,none,,,,,,
224822_LM,224822,T-shirt T1 ESSENTIALS Lime,_LM,Lime,Apparel,T-shirt,Circular,Cotton; Polyester,,Cotton,19.99,/242/64/224822_LM_1,224822_LM_1.jpg,none,,,,,,
224822_NV,224822,T-shirt T1 ESSENTIALS Navy,_NV,Navy,Apparel,T-shirt,Circular,Cotton; Polyester,,Cotton,19.99,/242/64/224822_NV_1,224822_NV_1.jpg,none,,,,,,
224837_BM,224837,Sweatshirt 33 Bright Multicolor,_BM,Bright Multicolor,Apparel,Sweatshirt,Circular,Cotton,,,32.99,/242/64/224837_BM_1,224837_BM_1.jpg,none,,,,,,
224848_BK,224848,T-shirt BB Black,_BK,Black,Apparel,T-shirt,Circular,Elastane; Viscose,,Viscose,19.99,/242/64/224848_BK_1,224848_BK_1.jpg,none,,,,,,
224848_WT,224848,T-shirt BB White,_WT,White,Apparel,T-shirt,Circular,Elastane; Viscose,,Viscose,19.99,/242/64/224848_WT_1,224848_WT_1.jpg,none,,,,,,
224864_BL,224864,Trousers BETS Blue,_BL,Blue,Apparel,Trousers,Circular,Elastane; Modal; Polyester,,,29.99,/242/64/224864_BL_1,224864_BL_1.jpg,none,,,,,,
224864_BN,224864,Trousers SCUBA Brown,_BN,Brown,Apparel,Trousers,Circular,Elastane; Modal; Polyester,,,29.99,/242/64/224864_BN_1,224864_BN_1.jpg,none,,,,,,
224864_NV,224864,Trousers SCUBA Navy,_NV,Navy,Apparel,Trousers,Circular,Elastane; Modal; Polyester,,,29.99,/242/64/224864_NV_1,224864_NV_1.jpg,none,,,,,,
224864_RD,224864,Trousers BETS Red,_RD,Red,Apparel,Trousers,Circular,Elastane; Modal; Polyester,,,29.99,/242/64/224864_RD_1,224864_RD_1.jpg,none,,,,,,
224864_SA,224864,Trousers SCUBA Salmon,_SA,Salmon,Apparel,Trousers,Circular,Elastane; Modal; Polyester,,Modal,29.99,/242/64/224864_SA_1,224864_SA_1.jpg,none,,,,,,
224864_WT,224864,Trousers SCUBA White,_WT,White,Apparel,Trousers,Circular,Elastane; Modal; Polyester,,,29.99,/242/64/224864_WT_1,224864_WT_1.jpg,none,,,,,,
224879_PK,224879,Trousers BETS Pink,_PK,Pink,Apparel,Trousers,Woven,Cotton,,,27.99,/242/64/224879_PK_1,224879_PK_1.jpg,none,,,,,,
224901_BU,224901,Trousers P1 SET Burgundy,_BU,Burgundy,Apparel,Trousers,Woven,Lyocell,,Lyocell,29.99,/242/64/224901_BU_1,224901_BU_1.jpg,none,,,,,,
224907_CL,224907,Top TRENDY Coral,_CL,Coral,Apparel,Top,Woven,Cotton,,,29.99,/242/64/224907_CL_1,224907_CL_1.jpg,none,,,,,,
224907_WT,224907,Top TRENDY White,_WT,White,Apparel,Top,Woven,Cotton,,,29.99,/242/64/224907_WT_1,224907_WT_1.jpg,none,,,,,,
224925_BU,224925,Sweatshirt KAT Burgundy,_BU,Burgundy,Apparel,Sweatshirt,Circular,Cotton; Polyester,,,32.99,/242/64/224925_BU_1,224925_BU_1.jpg,none,,,,,,
224939_BK,224939,Cardigan T1 ESSENTIALS Black,_BK,Black,Apparel,Cardigan,Knit,Acrylic; Polyamide; Polyester; Wool,,,35.99,/242/64/224939_BK_1,224939_BK_1.jpg,none,,,,,,
224939_WT,224939,Cardigan T1 ESSENTIALS White,_WT,White,Apparel,Cardigan,Knit,Acrylic; Polyamide; Polyester; Wool,,,35.99,/242/64/224939_WT_1,224939_WT_1.jpg,none,,,,,,
224947_BK,224947,Trousers outu Black,_BK,Black,Apparel,Trousers,Woven,Elastane; Polyester; Viscose; Wool,,Polyester,39.99,/242/64/224947_BK_1,224947_BK_1.jpg,none,,,,,,
224947_BN,224947,Trousers TU Brown,_BN,Brown,Apparel,Trousers,Woven,Elastane; Polyester; Viscose; Wool,,,39.99,/242/64/224947_BN_1,224947_BN_1.jpg,none,,,,,,
224954_GY,224954,Cardigan JJ Grey,_GY,Grey,Apparel,Cardigan,Knit,Linen; Polyester; Viscose,,Viscose,23.99,/242/64/224954_GY_1,224954_GY_1.jpg,none,,,,,,
224954_WT,224954,Cardigan JJ White,_WT,White,Apparel,Cardigan,Knit,Linen; Polyester; Viscose,,Viscose,23.99,/242/64/224954_WT_1,224954_WT_1.jpg,none,,,,,,
224954_YL,224954,Cardigan JJ Yellow,_YL,Yellow,Apparel,Cardigan,Knit,Linen; Polyester; Viscose,,Viscose,23.99,/242/64/224954_YL_1,224954_YL_1.jpg,none,,,,,,
206375_BK,206375,Flat Sandals BASIC FLAT SANDALS Black,_BK,Black,Footwear,Flat Sandals,PU,Polyurethane; Rubber,,,15.99,/231/53/206375_BK_1,206375_BK_1.jpg,none,,,,,,
206375_CA,206375,Flat Sandals BASIC FLAT SANDALS Camel,_CA,Camel,Footwear,Flat Sandals,PU,Polyurethane; Rubber,,,15.99,/231/53/206375_CA_1,206375_CA_1.jpg,none,,,,,,
206375_OW,206375,Flat Sandals BASIC FLAT SANDALS Off White,_OW,Off White,Footwear,Flat Sandals,PU,Polyurethane; Rubber,,,15.99,/231/53/206375_OW_1,206375_OW_1.jpg,none,,,,,,
207047_RD,207047,Ballerinas LEATHER BALLERINA RED Red,_RD,Red,Footwear,Ballerinas,Leather,Goat Leather; Polyester; Polyurethane; Rubber,,,35.99,/232/53/207047_RD_1,207047_RD_1.jpg,none,,,,,,
207912_BG,207912,Trainer Shoes SOFT NYLON RUNNING Beige,_BG,Beige,Footwear,Trainers,Textile,Polyester; Polyurethane; Rubber,,,35.99,/232/53/207912_BG_1,207912_BG_1.jpg,none,,,,,,
207912_BK,207912,Trainer Shoes RUNNING NYLON BLACK Black,_BK,Black,Footwear,Trainers,Textile,Polyester; Polyurethane; Rubber,,,35.99,/232/53/207912_BK_1,207912_BK_1.jpg,none,,,,,,
207912_DM,207912,Trainer Shoes SOFT NYLON RUNNING Dark Multicolor,_DM,Dark Multicolor,Footwear,Trainers,Textile,Polyester; Polyurethane; Rubber,,,35.99,/232/53/207912_DM_1,207912_DM_1.jpg,none,,,,,,
207912_NU,207912,Trainer Shoes RUNNING NUDE&BURGUNDY Nude,_NU,Nude,Footwear,Trainers,Textile,Polyester; Polyurethane; Rubber,,,35.99,/232/53/207912_NU_1,207912_NU_1.jpg,none,,,,,,
2080511OR,208051,Flat Sandals SANDAL KNOT ORANGE Orange,1OR,Orange,Footwear,Flat Sandals,PU,Polyurethane; Rubber,,,25.99,/232/53/2080511OR_2y,2080511OR_2y.jpg,none,,,,,,
208051_OW,208051,Flat Sandals SANDAL KNOT OFF WHITE Off White,_OW,Off White,Footwear,Flat Sandals,PU,Polyurethane; Rubber,,,25.99,/232/53/208051_OW_1,208051_OW_1.jpg,none,,,,,,
208217_NU,208217,Flat Shoes LACE-UP FLAT JUTE Nude,_NU,Nude,Footwear,Flat Shoes,Textile,Cotton; Linen; Polyester; Polyurethane; Rubber,,,29.99,/232/53/208217_NU_1,208217_NU_1.jpg,none,,,,,,
209514_GD,209514,High Heel Shoes GOLD SLINGBACK SHOES Gold,_GD,Gold,Footwear,High Heel Shoes,PU,Polyurethane; Rubber,,,35.99,/232/53/209514_GD_1,209514_GD_1.jpg,none,,,,,,
209514_OW,209514,High Heel Shoes OFF WHITE SLINGBACK SHOES Off White,_OW,Off White,Footwear,High Heel Shoes,PU,Polyurethane; Rubber,,,35.99,/232/53/209514_OW_1,209514_OW_1.jpg,none,,,,,,
209597_BK,209597,Flat Shoes BALLERINA GLITTER Black,_BK,Black,Footwear,Flat Shoes,PU,Polyester; Polyurethane; Rubber,,,29.99,/232/53/209597_BK_1,209597_BK_1.jpg,none,,,,,,
2104501GD,210450,Flat Sandals GOLD TUBULAR SANDAL Gold,1GD,Gold,Footwear,Flat Sandals,PU,Polyurethane; Rubber,,,25.99,/232/53/2104501GD_2y,2104501GD_2y.jpg,none,,,,,,
210455_SV,210455,Boots COWBOY SILVER Silver,_SV,Silver,Footwear,Boots,PU,Polyester; Polyurethane; Rubber,,,49.99,/232/53/210455_SV_1,210455_SV_1.jpg,none,,,,,,
210652_BK,210652,Ankle Boots ELASTIC ANKLE BOOT Black,_BK,Black,Footwear,Ankle Boots,PU,Polyester; Polyurethane; Rubber,,,39.99,/232/53/210652_BK_1,210652_BK_1.jpg,none,,,,,,
211212_BG,211212,Trainer Shoes TRAINER BEIGE BURGUNDY Beige,_BG,Beige,Footwear,Trainers,Textile,Polyester; Polyurethane; Rubber,,,35.99,/232/53/211212_BG_1,211212_BG_1.jpg,none,,,,,,
211348_RD,211348,High Heel Sandals SANDAL HEEL RED Red,_RD,Red,Footwear,High Heel Sandals,PU,Polyurethane; Rubber,,,32.99,/232/53/211348_RD_1,211348_RD_1.jpg,none,,,,,,
212034_BK,212034,High Heel Shoes PATENT HIGH HEEL SHOES Black,_BK,Black,Footwear,High Heel Shoes,PU,Polyurethane; Rubber,,,35.99,/232/53/212034_BK_1,212034_BK_1.jpg,none,,,,,,
212034_RD,212034,High Heel Shoes RED HEEL SHOES Red,_RD,Red,Footwear,High Heel Shoes,PU,Polyurethane; Rubber,,,35.99,/232/53/212034_RD_1,212034_RD_1.jpg,none,,,,,,
212052_TU,212052,Boots TAUPE LEATHER BOOT Taupe,_TU,Taupe,Footwear,Boots,Leather,Cow Leather; Cow Suede Leather; Rubber,,,119.99,/232/53/212052_TU_1,212052_TU_1.jpg,none,,,,,,
213751_BK,213751,Ankle Boots ELASTIC ANKLE BOOT Black,_BK,Black,Footwear,Ankle Boots,PU,Polyester; Polyurethane; Rubber,,,45.99,/232/53/213751_BK_1,213751_BK_1.jpg,none,,,,,,
214184_BK,214184,Ankle Boots COWBOY LEATHER Black,_BK,Black,Footwear,Ankle Boots,Leather,Cow Leather; Polyester; Polyurethane; Rubber,,,69.99,/241/53/214184_BK_1,214184_BK_1.jpg,none,,,,,,
214360_BK,214360,High Heel Shoes KITTEN HEEL Black,_BK,Black,Footwear,High Heel Shoes,PU,Polyurethane; Rubber,,,35.99,/232/53/214360_BK_1,214360_BK_1.jpg,none,,,,,,
214360_RD,214360,High Heel Shoes KITTEN HEEL Red,_RD,Red,Footwear,High Heel Shoes,PU,Polyurethane; Rubber,,,35.99,/232/53/214360_RD_1,214360_RD_1.jpg,none,,,,,,
214493_BK,214493,Ballerinas BALLERINA LEATHER Black,_BK,Black,Footwear,Ballerinas,Leather,Cow Leather; Polyurethane; Rubber,,,39.99,/241/53/214493_BK_1,214493_BK_1.jpg,none,,,,,,
214493_GD,214493,Ballerinas BALLERINA LEATHER Gold,_GD,Gold,Footwear,Ballerinas,Leather,Cow Leather; Polyurethane; Rubber,,,39.99,/241/53/214493_GD_1,214493_GD_1.jpg,none,,,,,,
214493_OW,214493,Ballerinas BALLERINA LEATHER Off White,_OW,Off White,Footwear,Ballerinas,Leather,Cow Leather; Polyurethane; Rubber,,,39.99,/241/53/214493_OW_1,214493_OW_1.jpg,none,,,,,,
215332_BK,215332,Ankle Boots COWBOY LEATHER Black,_BK,Black,Footwear,Ankle Boots,Leather,Cow Leather; Polyester; Polyurethane; Rubber,,,59.99,/241/53/215332_BK_1,215332_BK_1.jpg,none,,,,,,
215567_BK,215567,Boots BASIC HIGH BOOT Black,_BK,Black,Footwear,Boots,PU,Polyester; Polyurethane; Rubber,,,59.99,/232/53/215567_BK_1,215567_BK_1.jpg,none,,,,,,
216045_BK,216045,Boots HIGH BOOT KITTEN Black,_BK,Black,Footwear,Boots,PU,Polyester; Polyurethane; Rubber,,,59.99,/241/53/216045_BK_1,216045_BK_1.jpg,none,,,,,,
216659_BM,216659,Trainer Shoes RUNNING COLORS Bright Multicolor,_BM,Bright Multicolor,Footwear,Trainers,PU,Polyester; Polyurethane; Rubber,,,35.99,/241/53/216659_BM_1,216659_BM_1.jpg,none,,,,,,
217134_BG,217134,Trainer Shoes TRAINER BEIGE Beige,_BG,Beige,Footwear,Trainers,PU,Polyester; Polyurethane; Rubber,,,29.99,/241/53/217134_BG_1,217134_BG_1.jpg,none,,,,,,
217134_WT,217134,Trainer Shoes TRAINER WHITE White,_WT,White,Footwear,Trainers,PU,Polyester; Polyurethane; Rubber,,,29.99,/241/53/217134_WT_1,217134_WT_1.jpg,none,,,,,,
217228_SV,217228,Flat Sandals EMAN Silver,_SV,Silver,Footwear,Flat Sandals,Textile,Polyester; Polyurethane; Rubber,,,29.99,/241/53/217228_SV_1,217228_SV_1.jpg,none,,,,,,
218023_WT,218023,Trainer Shoes TRAINER WHITE White,_WT,White,Footwear,Trainers,PU,Polyester; Polyurethane; Rubber,,,39.99,/241/53/218023_WT_1,218023_WT_1.jpg,none,,,,,,
218047_GD,218047,High Heel Sandals GOLD HEEL SANDAL Gold,_GD,Gold,Footwear,High Heel Sandals,Textile,Polyester; Polyurethane; Rubber,,,29.99,/241/53/218047_GD_1,218047_GD_1.jpg,none,,,,,,
218047_SV,218047,High Heel Sandals SILVER PARTY SANDAL Silver,_SV,Silver,Footwear,High Heel Sandals,Textile,Polyester; Polyurethane; Rubber,,,29.99,/242/53/218047_SV_1,218047_SV_1.jpg,none,,,,,,
218059_EC,218059,Flat Shoes JUTE CROCHET Ecru,_EC,Ecru,Footwear,Flat Shoes,Textile,Cotton; Jute; Linen; Polyester; Polyurethane; Rubber,,,25.99,/241/53/218059_EC_1,218059_EC_1.jpg,none,,,,,,
218235_BK,218235,Flat Sandals TWO-BUCKLES FLAT SANDAL Black,_BK,Black,Footwear,Flat Sandals,PU,Polyester; Polyurethane; Rubber,,,32.99,/241/53/218235_BK_1,218235_BK_1.jpg,none,,,,,,
218235_OW,218235,Flat Sandals TWO-BUCKLES FLAT SANDAL Off White,_OW,Off White,Footwear,Flat Sandals,PU,Polyester; Polyurethane; Rubber,,,32.99,/241/53/218235_OW_1,218235_OW_1.jpg,none,,,,,,
218263_BK,218263,Ballerinas FLAT SLINGBACK BLACK Black,_BK,Black,Footwear,Ballerinas,PU,Polyester; Polyurethane; Rubber,,,25.99,/241/53/218263_BK_1,218263_BK_1.jpg,none,,,,,,
218496_GD,218496,Ballerinas SLINGBACK LEATHER Gold,_GD,Gold,Footwear,Ballerinas,Leather,Goat Leather; Polyester; Polyurethane; Rubber,,,35.99,/241/53/218496_GD_1,218496_GD_1.jpg,none,,,,,,
218496_SV,218496,Ballerinas SLINGBACK LEATHER Silver,_SV,Silver,Footwear,Ballerinas,Leather,Goat Leather; Polyester; Polyurethane; Rubber,,,35.99,/241/53/218496_SV_1,218496_SV_1.jpg,none,,,,,,
218599_CA,218599,High Heel Sandals CAMEL WEDGE JUTE Camel,_CA,Camel,Footwear,High Heel Sandals,PU,Polyurethane; Rubber,,,35.99,/241/53/218599_CA_1,218599_CA_1.jpg,none,,,,,,
218626_BK,218626,Flat Sandals LEATHER SANDAL Black,_BK,Black,Footwear,Flat Sandals,Leather,Cow Leather; Polyurethane; Thermoplastic Polyurethane,,,29.99,/242/53/218626_BK_1,218626_BK_1.jpg,none,,,,,,
218626_CA,218626,Flat Sandals LEATHER SANDAL Camel,_CA,Camel,Footwear,Flat Sandals,Leather,Cow Leather; Polyurethane; Thermoplastic Polyurethane,,,29.99,/242/53/218626_CA_1,218626_CA_1.jpg,none,,,,,,
218626_GD,218626,Flat Sandals LEATHER SANDAL Gold,_GD,Gold,Footwear,Flat Sandals,Leather,Cow Leather; Polyurethane; Thermoplastic Polyurethane,,,29.99,/241/53/218626_GD_1,218626_GD_1.jpg,none,,,,,,
218626_OW,218626,Flat Sandals LEATHER SANDAL Off White,_OW,Off White,Footwear,Flat Sandals,Leather,Cow Leather; Polyurethane; Thermoplastic Polyurethane,,,29.99,/242/53/218626_OW_1,218626_OW_1.jpg,none,,,,,,
218703_CA,218703,Flat Sandals CAMEL FLAT SANDAL Camel,_CA,Camel,Footwear,Flat Sandals,PU,Polyurethane; Rubber; Thermoplastic Polyurethane,,,25.99,/241/53/218703_CA_1,218703_CA_1.jpg,none,,,,,,
218703_GD,218703,Flat Sandals GOLD FLAT SANDAL Gold,_GD,Gold,Footwear,Flat Sandals,PU,Polyurethane; Rubber; Thermoplastic Polyurethane,,,25.99,/241/53/218703_GD_1,218703_GD_1.jpg,none,,,,,,
219433_CA,219433,High Heel Sandals BASIC HEEL SANDAL CAMEL Camel,_CA,Camel,Footwear,High Heel Sandals,PU,Polyurethane; Rubber,,,29.99,/242/53/219433_CA_1,219433_CA_1.jpg,none,,,,,,
219715_BN,219715,Flat Sandals LEATHER SANDAL Brown,_BN,Brown,Footwear,Flat Sandals,Leather,Cow Leather; Polyurethane; Rubber; Thermoplastic Polyurethane,,,29.99,/241/53/219715_BN_1,219715_BN_1.jpg,none,,,,,,
219738_GD,219738,High Heel Sandals SANDAL STRAPS Gold,_GD,Gold,Footwear,High Heel Sandals,PU,Polyurethane; Rubber,,,29.99,/241/53/219738_GD_1,219738_GD_1.jpg,none,,,,,,
219738_PK,219738,High Heel Sandals SANDAL STRAPS Pink,_PK,Pink,Footwear,High Heel Sandals,PU,Polyurethane; Rubber,,,29.99,/241/53/219738_PK_1,219738_PK_1.jpg,none,,,,,,
219957_CA,219957,Flat Sandals LEATHER SANDAL Camel,_CA,Camel,Footwear,Flat Sandals,Leather,Cow Leather; Thermoplastic Polyurethane,,,29.99,/242/53/219957_CA_1,219957_CA_1.jpg,none,,,,,,
220211_BL,220211,Trainer Shoes TRAINER BLUE Blue,_BL,Blue,Footwear,Trainers,Textile,Polyester; Polyurethane; Rubber,,,35.99,/241/53/220211_BL_1,220211_BL_1.jpg,none,,,,,,
220211_KK,220211,Trainer Shoes TRAINER KHAKI Khaki,_KK,Khaki,Footwear,Trainers,Textile,Polyester; Polyurethane; Rubber,,,35.99,/241/53/220211_KK_1,220211_KK_1.jpg,none,,,,,,
220752_BK,220752,High Heel Sandals BLACK WEDGE JUTE Black,_BK,Black,Footwear,High Heel Sandals,PU,Polyurethane; Thermoplastic Rubber,,,35.99,/242/53/220752_BK_1,220752_BK_1.jpg,none,,,,,,
220764_LL,220764,Trainer Shoes RUNNING LILAC Lilac,_LL,Lilac,Footwear,Trainers,PU,Polyester; Polyurethane; Rubber,,,39.99,/241/53/220764_LL_1,220764_LL_1.jpg,none,,,,,,
220764_YL,220764,Trainer Shoes RUNNING YELLOW Yellow,_YL,Yellow,Footwear,Trainers,PU,Polyester; Polyurethane; Rubber,,,39.99,/241/53/220764_YL_1,220764_YL_1.jpg,none,,,,,,
221136_BG,221136,Flat Shoes MULE JUTE Beige,_BG,Beige,Footwear,Flat Shoes,PU,Cotton; Jute; Polyurethane; Rubber,,,29.99,/242/53/221136_BG_1,221136_BG_1.jpg,none,,,,,,
222414_BK,222414,Flat Shoes BALLERINA MULE Black,_BK,Black,Footwear,Flat Shoes,PU,Polyester; Polyurethane; Thermoplastic Polyurethane,,,19.99,/242/53/222414_BK_1,222414_BK_1.jpg,none,,,,,,
222476_BK,222476,Flat Shoes BALLERINA SLINGBACK Black,_BK,Black,Footwear,Flat Shoes,PU,Polyester; Polyurethane; Rubber,,,25.99,/242/53/222476_BK_1,222476_BK_1.jpg,none,,,,,,
222476_BU,222476,Flat Shoes BALLERINA SLINGBACK Burgundy,_BU,Burgundy,Footwear,Flat Shoes,PU,Polyester; Polyurethane; Rubber,,,25.99,/242/53/222476_BU_1,222476_BU_1.jpg,none,,,,,,
222725_TU,222725,Flat Shoes MULES LEATHER Taupe,_TU,Taupe,Footwear,Flat Shoes,Leather,Cow Suede Leather; Polyester; Polyurethane; Thermoplastic Polyurethane,,,39.99,/242/53/222725_TU_1,222725_TU_1.jpg,none,,,,,,
222735_GN,222735,Trainer Shoes TRAINER WHITE Green,_GN,Green,Footwear,Trainers,PU,Cow Leather; Polyester; Polyurethane; Thermoplastic Rubber,,,39.99,/242/53/222735_GN_1,222735_GN_1.jpg,none,,,,,,
222860_CH,222860,Ballerinas STUDS BALLERINA Chocolate,_CH,Chocolate,Footwear,Ballerinas,Leather,Cow Suede Leather; Polyester; Polyurethane; Thermoplastic Polyurethane,,,39.99,/242/53/222860_CH_1,222860_CH_1.jpg,none,,,,,,
223404_LL,223404,Trainer Shoes NYLON PASTEL Lilac,_LL,Lilac,Footwear,Trainers,Textile,Polyester; Polyurethane; Thermoplastic Rubber,,,35.99,/242/53/223404_LL_1,223404_LL_1.jpg,none,,,,,,
223404_MT,223404,Trainer Shoes NYLON PASTEL Mint,_MT,Mint,Footwear,Trainers,Textile,Polyester; Polyurethane; Thermoplastic Rubber,,,35.99,/242/53/223404_MT_1,223404_MT_1.jpg,none,,,,,,
223404_YL,223404,Trainer Shoes NYLON PASTEL Yellow,_YL,Yellow,Footwear,Trainers,Textile,Polyester; Polyurethane; Thermoplastic Rubber,,,35.99,/242/53/223404_YL_1,223404_YL_1.jpg,none,,,,,,
223633_BK,223633,High Heel Sandals BLACK WEDGE SANDAL Black,_BK,Black,Footwear,High Heel Sandals,PU,Polyurethane; Rubber,,,35.99,/242/53/223633_BK_1,223633_BK_1.jpg,none,,,,,,
223663_BK,223663,Boots BASIC HIGH BOOT Black,_BK,Black,Footwear,Boots,PU,Polyester; Polyurethane; Rubber,,,59.99,/242/53/223663_BK_1,223663_BK_1.jpg,none,,,,,,
223765_BG,223765,Boots LEATHER BOOT Beige,_BG,Beige,Footwear,Boots,Leather,Cow Suede Leather; Polyester; Polyurethane; Rubber,,,99.99,/242/53/223765_BG_1,223765_BG_1.jpg,none,,,,,,
223765_BN,223765,Boots LEATHER BOOT Brown,_BN,Brown,Footwear,Boots,Leather,Cow Suede Leather; Polyester; Polyurethane; Rubber,,,99.99,/242/53/223765_BN_1,223765_BN_1.jpg,none,,,,,,
223775_BK,223775,Ankle Boots ELASTIC ANKLE BOOT Black,_BK,Black,Footwear,Ankle Boots,PU,Polyester; Polyurethane; Rubber,,,39.99,/242/53/223775_BK_1,223775_BK_1.jpg,none,,,,,,
224422_BK,224422,Ankle Boots EYELETS ANKLE BOOT Black,_BK,Black,Footwear,Ankle Boots,PU,Polyester; Polyurethane; Rubber,,,49.99,/242/53/224422_BK_1,224422_BK_1.jpg,none,,,,,,
224530_GD,224530,High Heel Sandals GOLD HEEL SANDAL Gold,_GD,Gold,Footwear,High Heel Sandals,PU,Polyurethane; Rubber,,,29.99,/242/53/224530_GD_1,224530_GD_1.jpg,none,,,,,,
206579_CA,206579,Crossbody Bag PEPPER Camel,_CA,Camel,Hand Bag,Cross,Paper straw,Cotton; Paper; Polyester; Polyurethane; Viscose,,,22.99,/231/54/206579_CA_1,206579_CA_1.jpg,none,,,,,,
208147_BL,208147,Backpack BEACH Blue,_BL,Blue,Hand Bag,Backpack,Printed PU,Acrylic; Polyester; Polyurethane; Thermoplastic Rubber; Zinc,,,23.99,/232/54/208147_BL_1,208147_BL_1.jpg,none,,,,,,
208148_BK,208148,Backpack BEACH Black,_BK,Black,Hand Bag,Backpack,Plain PU,Acrylic; Polyester; Polyurethane; Thermoplastic Polyurethane; Zinc,,,23.99,/232/54/208148_BK_1,208148_BK_1.jpg,none,,,,,,
208148_EC,208148,Backpack BEACH Ecru,_EC,Ecru,Hand Bag,Backpack,Plain PU,Acrylic; Polyester; Polyurethane; Thermoplastic Polyurethane; Zinc,,,23.99,/232/54/208148_EC_1,208148_EC_1.jpg,none,,,,,,
209048_SV,209048,Shopper Bag JOLY2 Silver,_SV,Silver,Hand Bag,Shopper,Printed PU,Polyester; Polyurethane,,,29.99,/232/54/209048_SV_1,209048_SV_1.jpg,none,,,,,,
209439_SW,209439,Crossbody Bag SOLAR Straw,_SW,Straw,Hand Bag,Cross,Paper straw,Linen; Paper; Polyurethane,,,25.99,/232/54/209439_SW_1,209439_SW_1.jpg,none,,,,,,
209454_BK,209454,Crossbody Bag NET3 Black,_BK,Black,Hand Bag,Cross,Plain PU,Polyester; Polyurethane,,,25.99,/232/54/209454_BK_1,209454_BK_1.jpg,none,,,,,,
209454_EC,209454,Crossbody Bag NET3 Ecru,_EC,Ecru,Hand Bag,Cross,Plain PU,Polyester; Polyurethane,,,25.99,/232/54/209454_EC_1,209454_EC_1.jpg,none,,,,,,
209454_LL,209454,Crossbody Bag NET3 Lilac,_LL,Lilac,Hand Bag,Cross,Plain PU,Polyester; Polyurethane,,,25.99,/232/54/209454_LL_1,209454_LL_1.jpg,none,,,,,,
209505_SW,209505,Tote Bag BLANCA Straw,_SW,Straw,Hand Bag,Tote,Paper straw,Cotton; Iron; Linen; Paper; Polyester; Polyurethane; Wood,,,27.99,/232/54/209505_SW_1,209505_SW_1.jpg,none,,,,,,
209526_GN,209526,Backpack GLICINIA Green,_GN,Green,Hand Bag,Backpack,Printed PU,Polyester; Polyurethane,,,25.99,/232/54/209526_GN_1,209526_GN_1.jpg,none,,,,,,
209544_CA,209544,Crossbody Bag GLICINIA Camel,_CA,Camel,Hand Bag,Cross,Color Block,Polyester; Polyurethane,,,25.99,/232/54/209544_CA_1,209544_CA_1.jpg,none,,,,,,
209544_GN,209544,Crossbody Bag GLICINIA Green,_GN,Green,Hand Bag,Cross,Color Block,Polyester; Polyurethane,,,25.99,/232/54/209544_GN_1,209544_GN_1.jpg,none,,,,,,
209625_EC,209625,Tote Bag NET1 Ecru,_EC,Ecru,Hand Bag,Tote,Peach PU,Aluminium; Polyester; Polyurethane,,,29.99,/232/54/209625_EC_1,209625_EC_1.jpg,none,,,,,,
209909_HM,209909,Sac NET2 Halftone Multicolor,_HM,Halftone Multicolor,Hand Bag,Sac,Beads,Acrylic; Cotton,,,25.99,/232/54/209909_HM_1,209909_HM_1.jpg,none,,,,,,
210033_BK,210033,Tote Bag DIANA Black,_BK,Black,Hand Bag,Tote,Plain PU,Polyester; Polyurethane,,,23.99,/232/54/210033_BK_1,210033_BK_1.jpg,none,,,,,,
210033_CA,210033,Tote Bag DIANA Camel,_CA,Camel,Hand Bag,Tote,Plain PU,Polyester; Polyurethane,,,23.99,/232/54/210033_CA_1,210033_CA_1.jpg,none,,,,,,
210033_EC,210033,Tote Bag DIANA Ecru,_EC,Ecru,Hand Bag,Tote,Plain PU,Polyester; Polyurethane,,,23.99,/232/54/210033_EC_1,210033_EC_1.jpg,none,,,,,,
210033_NV,210033,Tote Bag DIANA Navy,_NV,Navy,Hand Bag,Tote,Plain PU,Polyester; Polyurethane,,,23.99,/232/54/210033_NV_1,210033_NV_1.jpg,none,,,,,,
210033_RD,210033,Tote Bag DIANA Red,_RD,Red,Hand Bag,Tote,Plain PU,Polyester; Polyurethane,,,23.99,/232/54/210033_RD_1,210033_RD_1.jpg,none,,,,,,
210054_CL,210054,Crossbody Bag MIK Coral,_CL,Coral,Hand Bag,Cross,Fake Nylon,Polyester; Polyurethane,,,25.99,/232/54/210054_CL_1,210054_CL_1.jpg,none,,,,,,
210054_EC,210054,Crossbody Bag MIK Ecru,_EC,Ecru,Hand Bag,Cross,Fake Nylon,Polyester; Polyurethane,,,25.99,/232/54/210054_EC_1,210054_EC_1.jpg,none,,,,,,
210054_TU,210054,Crossbody Bag MIK Taupe,_TU,Taupe,Hand Bag,Cross,Fake Nylon,Polyester; Polyurethane,,,25.99,/232/54/210054_TU_1,210054_TU_1.jpg,none,,,,,,
210598_CA,210598,Crossbody Bag FLECOS Camel,_CA,Camel,Hand Bag,Cross,Real Suede,Cotton; Cow Leather,,,29.99,/231/54/210598_CA_1,210598_CA_1.jpg,none,,,,,,
210598_GN,210598,Crossbody Bag FLECOS Green,_GN,Green,Hand Bag,Cross,Real Suede,Cotton; Cow Leather,,,29.99,/231/54/210598_GN_1,210598_GN_1.jpg,none,,,,,,
210697_BK,210697,Crossbody Bag AUGUSTO1 Black,_BK,Black,Hand Bag,Cross,Peach PU,Polyester; Polyurethane,,,25.99,/232/54/210697_BK_1,210697_BK_1.jpg,none,,,,,,
210697_EC,210697,Crossbody Bag AUGUSTO1 Ecru,_EC,Ecru,Hand Bag,Cross,Peach PU,Polyester; Polyurethane,,,25.99,/232/54/210697_EC_1,210697_EC_1.jpg,none,,,,,,
210697_GN,210697,Crossbody Bag AUGUSTO1 Green,_GN,Green,Hand Bag,Cross,Peach PU,Polyester; Polyurethane,,,25.99,/232/54/210697_GN_1,210697_GN_1.jpg,none,,,,,,
210697_TU,210697,Crossbody Bag AUGUSTO1 Taupe,_TU,Taupe,Hand Bag,Cross,Peach PU,Polyester; Polyurethane,,,25.99,/232/54/210697_TU_1,210697_TU_1.jpg,none,,,,,,
210753_MM,210753,Crossbody Bag LACY Metallic Multicolor,_MM,Metallic Multicolor,Hand Bag,Cross,Mesh,Aluminium; Polyester,,,29.99,/232/54/210753_MM_1,210753_MM_1.jpg,none,,,,,,
210791_BK,210791,Crossbody Bag SURFING Black,_BK,Black,Hand Bag,Cross,Nylon,Aluminium; Polyester; Polyurethane,,,25.99,/232/54/210791_BK_1,210791_BK_1.jpg,none,,,,,,
210791_CA,210791,Crossbody Bag SURFING Camel,_CA,Camel,Hand Bag,Cross,Nylon,Aluminium; Polyester; Polyurethane,,,25.99,/232/54/210791_CA_1,210791_CA_1.jpg,none,,,,,,
210791_EC,210791,Crossbody Bag SURFING Ecru,_EC,Ecru,Hand Bag,Cross,Nylon,Aluminium; Polyester; Polyurethane,,,25.99,/232/54/210791_EC_1,210791_EC_1.jpg,none,,,,,,
210893_BK,210893,Computer Hand Bag AUGUSTO 2 Black,_BK,Black,Hand Bag,Computer Hand Bag,Peach PU,Polyester; Polyurethane,,,35.99,/232/54/210893_BK_1,210893_BK_1.jpg,none,,,,,,
210893_TU,210893,Computer Hand Bag AUGUSTO 2 Taupe,_TU,Taupe,Hand Bag,Computer Hand Bag,Peach PU,Polyester; Polyurethane,,,35.99,/232/54/210893_TU_1,210893_TU_1.jpg,none,,,,,,
210894_GN,210894,Computer Hand Bag AUGUSTO 2 Green,_GN,Green,Hand Bag,Computer Hand Bag,Fantasy PU,Polyester; Polyurethane,,,35.99,/232/54/210894_GN_1,210894_GN_1.jpg,none,,,,,,
210928_BK,210928,Backpack AUBREY 1 Black,_BK,Black,Hand Bag,Backpack,Plain PU,Polyester; Polyurethane; Zinc,,,23.99,/232/54/210928_BK_1,210928_BK_1.jpg,none,,,,,,
210928_BL,210928,Backpack AUBREY 1 Blue,_BL,Blue,Hand Bag,Backpack,Plain PU,Polyester; Polyurethane; Zinc,,,23.99,/232/54/210928_BL_1,210928_BL_1.jpg,none,,,,,,
210928_CL,210928,Backpack AUBREY 1 Coral,_CL,Coral,Hand Bag,Backpack,Plain PU,Polyester; Polyurethane; Zinc,,,23.99,/232/54/210928_CL_1,210928_CL_1.jpg,none,,,,,,
210928_EC,210928,Backpack AUBREY 1 Ecru,_EC,Ecru,Hand Bag,Backpack,Plain PU,Polyester; Polyurethane; Zinc,,,23.99,/232/54/210928_EC_1,210928_EC_1.jpg,none,,,,,,
210928_GN,210928,Backpack AUBREY 1 Green,_GN,Green,Hand Bag,Backpack,Plain PU,Polyester; Polyurethane; Zinc,,,23.99,/232/54/210928_GN_1,210928_GN_1.jpg,none,,,,,,
210928_PU,210928,Backpack AUBREY 1 Purple,_PU,Purple,Hand Bag,Backpack,Plain PU,Polyester; Polyurethane; Zinc,,,23.99,/232/54/210928_PU_1,210928_PU_1.jpg,none,,,,,,
210928_TU,210928,Backpack AUBREY 1 Taupe,_TU,Taupe,Hand Bag,Backpack,Plain PU,Polyester; Polyurethane; Zinc,,,23.99,/232/54/210928_TU_1,210928_TU_1.jpg,none,,,,,,
211156_BK,211156,Handbag NET2 Black,_BK,Black,Hand Bag,Hand,Interlaced,Elastane,,,19.99,/232/54/211156_BK_1,211156_BK_1.jpg,none,,,,,,
211156_OR,211156,Handbag NET2 Orange,_OR,Orange,Hand Bag,Hand,Interlaced,Elastane,,,19.99,/232/54/211156_OR_1,211156_OR_1.jpg,none,,,,,,
211156_SV,211156,Handbag NET2 Silver,_SV,Silver,Hand Bag,Hand,Interlaced,Elastane,,,19.99,/232/54/211156_SV_1,211156_SV_1.jpg,none,,,,,,
211218_EC,211218,Briefcase BLOOMING Ecru,_EC,Ecru,Hand Bag,Briefcase,Plain PU,Polyester; Polyurethane,,,35.99,/232/54/211218_EC_1,211218_EC_1.jpg,none,,,,,,
211233_NV,211233,Crossbody Bag BLOOMING Navy,_NV,Navy,Hand Bag,Cross,Color Block,Polyester; Polyurethane,,,25.99,/232/54/211233_NV_1,211233_NV_1.jpg,none,,,,,,
211297_BK,211297,Tote Bag POWER Black,_BK,Black,Hand Bag,Tote,Plain PU,Polyester; Polyurethane,,,23.99,/232/54/211297_BK_1,211297_BK_1.jpg,none,,,,,,
211297_IV,211297,Tote Bag POWER Ivory,_IV,Ivory,Hand Bag,Tote,Plain PU,Polyester; Polyurethane,,,23.99,/232/54/211297_IV_1,211297_IV_1.jpg,none,,,,,,
211330_NV,211330,Lunch Bag BLOOMING Navy,_NV,Navy,Hand Bag,Lunch Bag,Printed Fake Nylon,Polyester; Polyethylene Terephthalate; Polyurethane,,,19.99,/232/54/211330_NV_1,211330_NV_1.jpg,none,,,,,,
211430_DG,211430,Handbag STELLA Dark Grey,_DG,Dark Grey,Hand Bag,Computer Backpack,Fake Nylon,Polyester; Polyurethane,,,29.99,/232/54/211430_DG_1,211430_DG_1.jpg,none,,,,,,
211430_EC,211430,Handbag STELLA Ecru,_EC,Ecru,Hand Bag,Computer Backpack,Fake Nylon,Polyester; Polyurethane,,,29.99,/232/54/211430_EC_1,211430_EC_1.jpg,none,,,,,,
211435_BK,211435,Shopper Bag FARM3 Black,_BK,Black,Hand Bag,Shopper,Plain PU,Polyester; Polyurethane,,,29.99,/232/54/211435_BK_1,211435_BK_1.jpg,none,,,,,,
211435_EC,211435,Shopper Bag FARM3 Ecru,_EC,Ecru,Hand Bag,Shopper,Plain PU,Polyester; Polyurethane,,,29.99,/232/54/211435_EC_1,211435_EC_1.jpg,none,,,,,,
211527_BL,211527,Crossbody Bag PETSJUNO CAPSULE Blue,_BL,Blue,Hand Bag,Cross,Printed Nylon,Polyester; Polyurethane,,,12.99,/232/54/211527_BL_1,211527_BL_1.jpg,none,,,,,,
211801_DM,211801,Crossbody Bag TIGER1 Dark Multicolor,_DM,Dark Multicolor,Hand Bag,Cross,Printed Nylon,Aluminium; Polyester; Polyurethane,,,25.99,/232/54/211801_DM_1,211801_DM_1.jpg,none,,,,,,
211803_KK,211803,Crossbody Bag TIGER1 Khaki,_KK,Khaki,Hand Bag,Cross,Nylon,Aluminium; Polyester; Polyurethane,,,25.99,/232/54/211803_KK_1,211803_KK_1.jpg,none,,,,,,
211803_TU,211803,Crossbody Bag TIGER1 Taupe,_TU,Taupe,Hand Bag,Cross,Nylon,Aluminium; Polyester; Polyurethane,,,25.99,/232/54/211803_TU_1,211803_TU_1.jpg,none,,,,,,
211813_BK,211813,Crossbody Bag ELIZABETH Black,_BK,Black,Hand Bag,Cross,Plain PU,Polyester; Polyurethane,,,19.99,/232/54/211813_BK_1,211813_BK_1.jpg,none,,,,,,
211813_BL,211813,Crossbody Bag ELIZABETH Blue,_BL,Blue,Hand Bag,Cross,Plain PU,Polyester; Polyurethane,,,19.99,/232/54/211813_BL_1,211813_BL_1.jpg,none,,,,,,
211813_KK,211813,Crossbody Bag ELIZABETH Khaki,_KK,Khaki,Hand Bag,Cross,Plain PU,Polyester; Polyurethane,,,19.99,/232/54/211813_KK_1,211813_KK_1.jpg,none,,,,,,
211832_SK,211832,Lunch Bag MARIGOLD 1 Skin,_SK,Skin,Hand Bag,Lunch Bag,Printed Fake Nylon,Polyester; Polyethylene Terephthalate; Polyurethane,,,19.99,/232/54/211832_SK_1,211832_SK_1.jpg,none,,,,,,
211854_EC,211854,Crossbody Bag NINA Ecru,_EC,Ecru,Hand Bag,Cross,Real Suede,Cow Suede Leather; Iron; Polyester; Polyurethane,,,27.99,/232/54/211854_EC_1,211854_EC_1.jpg,none,,,,,,
211874_BK,211874,Crossbody Bag THEO Black,_BK,Black,Hand Bag,Cross,Plain PU,Polyester; Polyurethane,,,25.99,/232/54/211874_BK_1,211874_BK_1.jpg,none,,,,,,
211874_EC,211874,Crossbody Bag THEO Ecru,_EC,Ecru,Hand Bag,Cross,Plain PU,Polyester; Polyurethane,,,25.99,/232/54/211874_EC_1,211874_EC_1.jpg,none,,,,,,
212102_BK,212102,Shoulder Bag STRIPES2 Black,_BK,Black,Hand Bag,Shoulder Bag,Padded Peach PU,Polyester; Polyurethane,Silver,,22.99,/232/54/212102_BK_1,212102_BK_1.jpg,none,,,,,,
212102_CA,212102,Shoulder Bag HAND BAG PROVISION Camel,_CA,Camel,Hand Bag,Shoulder Bag,Padded Peach PU,Polyester; Polyurethane,,,22.99,/232/54/212102_CA_1,212102_CA_1.jpg,none,,,,,,
212102_EC,212102,Shoulder Bag HAND BAG PROVISION Ecru,_EC,Ecru,Hand Bag,Shoulder Bag,Padded Peach PU,Polyester; Polyurethane,,,22.99,/232/54/212102_EC_1,212102_EC_1.jpg,none,,,,,,
212110_BK,212110,Shopper Bag TIGER2 Black,_BK,Black,Hand Bag,Shopper,Nylon,Polyester; Polyurethane,,,29.99,/232/54/212110_BK_1,212110_BK_1.jpg,none,,,,,,
212110_DM,212110,Shopper Bag TIGER2 Dark Multicolor,_DM,Dark Multicolor,Hand Bag,Shopper,Nylon,Polyester; Polyurethane,,,29.99,/232/54/212110_DM_1,212110_DM_1.jpg,none,,,,,,
212119_DM,212119,Shoulder Bag TIGER2 Dark Multicolor,_DM,Dark Multicolor,Hand Bag,Shoulder Bag,Printed Nylon,Polyester; Polyurethane,,,27.99,/232/54/212119_DM_1,212119_DM_1.jpg,none,,,,,,
212129_BK,212129,Crossbody Bag PICASSO2 Black,_BK,Black,Hand Bag,Cross,Nylon,Polyester; Polyurethane,Silver,,25.99,/232/54/212129_BK_1,212129_BK_1.jpg,none,,,,,,
212129_CA,212129,Crossbody Bag HAND BAG PROVISION Camel,_CA,Camel,Hand Bag,Cross,Nylon,Polyester; Polyurethane,Silver,,25.99,/232/54/212129_CA_1,212129_CA_1.jpg,none,,,,,,
212129_KK,212129,Crossbody Bag HAND BAG PROVISION Khaki,_KK,Khaki,Hand Bag,Cross,Nylon,Polyester; Polyurethane,Silver,,25.99,/232/54/212129_KK_1,212129_KK_1.jpg,none,,,,,,
212238_BK,212238,Crossbody Bag SUSTAINABLE CAPSULE Black,_BK,Black,Hand Bag,Cross,Nylon,Polyester; Polyurethane; Recycled Polyamide,,,25.99,/232/54/212238_BK_1,212238_BK_1.jpg,none,,,,,,
212238_GY,212238,Crossbody Bag SUSTAINABLE CAPSULE Grey,_GY,Grey,Hand Bag,Cross,Nylon,Polyester; Polyurethane; Recycled Polyamide,,,25.99,/232/54/212238_GY_1,212238_GY_1.jpg,none,,,,,,
212238_KK,212238,Crossbody Bag SUSTAINABLE CAPSULE Khaki,_KK,Khaki,Hand Bag,Cross,Nylon,Polyester; Polyurethane; Recycled Polyamide,,,25.99,/232/54/212238_KK_1,212238_KK_1.jpg,none,,,,,,
212323_GY,212323,Tote Bag CRUELLA1 Grey,_GY,Grey,Hand Bag,Tote,Peach PU,Polyester; Polyurethane,,,25.99,/232/54/212323_GY_1,212323_GY_1.jpg,none,,,,,,
212362_BK,212362,Tote Bag INGRID Black,_BK,Black,Hand Bag,Tote,Plain PU,Polyester; Polyurethane,,,23.99,/232/54/212362_BK_1,212362_BK_1.jpg,none,,,,,,
212362_BZ,212362,Tote Bag INGRID Bronze,_BZ,Bronze,Hand Bag,Tote,Plain PU,Polyester; Polyurethane,,,23.99,/232/54/212362_BZ_1,212362_BZ_1.jpg,none,,,,,,
212362_EC,212362,Tote Bag INGRID Ecru,_EC,Ecru,Hand Bag,Tote,Plain PU,Polyester; Polyurethane,,,23.99,/232/54/212362_EC_1,212362_EC_1.jpg,none,,,,,,
212362_KK,212362,Tote Bag INGRID Khaki,_KK,Khaki,Hand Bag,Tote,Plain PU,Polyester; Polyurethane,,,23.99,/232/54/212362_KK_1,212362_KK_1.jpg,none,,,,,,
212362_MD,212362,Tote Bag INGRID Mustard,_MD,Mustard,Hand Bag,Tote,Plain PU,Polyester; Polyurethane,,,23.99,/232/54/212362_MD_1,212362_MD_1.jpg,none,,,,,,
212362_TU,212362,Tote Bag INGRID Taupe,_TU,Taupe,Hand Bag,Tote,Plain PU,Polyester; Polyurethane,,,23.99,/232/54/212362_TU_1,212362_TU_1.jpg,none,,,,,,
212375_EC,212375,Backpack WOOLY Ecru,_EC,Ecru,Hand Bag,Backpack,Felt,Polyester; Polyurethane,,,29.99,/232/54/212375_EC_1,212375_EC_1.jpg,none,,,,,,
212375_GY,212375,Backpack WOOLY Grey,_GY,Grey,Hand Bag,Backpack,Felt,Polyester; Polyurethane,,,29.99,/232/54/212375_GY_1,212375_GY_1.jpg,none,,,,,,
212406_BK,212406,Sac CRUELLA3 Black,_BK,Black,Hand Bag,Sac,Printed Fabric,Polyester; Polyurethane,,,27.99,/232/54/212406_BK_1,212406_BK_1.jpg,none,,,,,,
212704_BK,212704,Crossbody Bag OLIVE Black,_BK,Black,Hand Bag,Cross,Real Suede,Cow Suede Leather; Polyester; Polyurethane,,,29.99,/232/54/212704_BK_1,212704_BK_1.jpg,none,,,,,,
212704_TU,212704,Crossbody Bag OLIVE Taupe,_TU,Taupe,Hand Bag,Cross,Real Suede,Cow Suede Leather; Polyester; Polyurethane,,,29.99,/232/54/212704_TU_1,212704_TU_1.jpg,none,,,,,,
212714_BK,212714,Tote Bag OLIVE Black,_BK,Black,Hand Bag,Tote,Printed PU,Polyester; Polyurethane,,,25.99,/232/54/212714_BK_1,212714_BK_1.jpg,none,,,,,,
212791_BK,212791,Sac SAVANA1 Black,_BK,Black,Hand Bag,Sac,Real Fur,Cow Leather; Polyester; Polyurethane,,,39.99,/232/54/212791_BK_1,212791_BK_1.jpg,none,,,,,,
212812_BK,212812,Backpack BILLIE Black,_BK,Black,Hand Bag,Backpack,Nylon,Polyester; Polyurethane,,,25.99,/232/54/212812_BK_1,212812_BK_1.jpg,none,,,,,,
212812_GN,212812,Backpack BILLIE Green,_GN,Green,Hand Bag,Backpack,Nylon,Polyester; Polyurethane,,,25.99,/232/54/212812_GN_1,212812_GN_1.jpg,none,,,,,,
212812_NV,212812,Backpack BILLIE Navy,_NV,Navy,Hand Bag,Backpack,Nylon,Polyester; Polyurethane,,,25.99,/232/54/212812_NV_1,212812_NV_1.jpg,none,,,,,,
212812_TU,212812,Backpack BILLIE Taupe,_TU,Taupe,Hand Bag,Backpack,Nylon,Polyester; Polyurethane,,,25.99,/232/54/212812_TU_1,212812_TU_1.jpg,none,,,,,,
213014_BK,213014,Shoulder Bag CRUELLA2 Black,_BK,Black,Hand Bag,Shoulder Bag,Padded Pu,Polyester; Polyurethane,,,25.99,/232/54/213014_BK_1,213014_BK_1.jpg,none,,,,,,
213014_PU,213014,Shoulder Bag CRUELLA2 Purple,_PU,Purple,Hand Bag,Shoulder Bag,Padded Pu,Polyester; Polyurethane,,,25.99,/232/54/213014_PU_1,213014_PU_1.jpg,none,,,,,,
213164_BK,213164,Crossbody Bag SUSTAINABLE CAPSULE Black,_BK,Black,Hand Bag,Cross,Nylon,Polyester; Polyethylene; Polypropylene; Recycled Polyamide; Wrought Steel,,,35.99,/232/54/213164_BK_1,213164_BK_1.jpg,none,,,,,,
213164_GY,213164,Crossbody Bag SUSTAINABLE CAPSULE Grey,_GY,Grey,Hand Bag,Cross,Nylon,Polyester; Polyethylene; Polypropylene; Recycled Polyamide; Wrought Steel,,,35.99,/232/54/213164_GY_1,213164_GY_1.jpg,none,,,,,,
213164_KK,213164,Crossbody Bag SUSTAINABLE CAPSULE Khaki,_KK,Khaki,Hand Bag,Cross,Nylon,Polyester; Polyethylene; Polypropylene; Recycled Polyamide; Wrought Steel,,,35.99,/232/54/213164_KK_1,213164_KK_1.jpg,none,,,,,,
213193_GY,213193,Tote Bag VILLAGE 2 Grey,_GY,Grey,Hand Bag,Tote,Fake Fur,Polyester; Polyurethane,,,25.99,/232/54/213193_GY_1,213193_GY_1.jpg,none,,,,,,
213193_PK,213193,Tote Bag VILLAGE 2 Pink,_PK,Pink,Hand Bag,Tote,Fake Fur,Polyester; Polyurethane,,,25.99,/232/54/213193_PK_1,213193_PK_1.jpg,none,,,,,,
213206_GY,213206,Crossbody Bag VILLAGE 2 Grey,_GY,Grey,Hand Bag,Cross,Printed Fake Nylon,Polyester; Polyurethane,,,25.99,/232/54/213206_GY_1,213206_GY_1.jpg,none,,,,,,
213468_SV,213468,Tote Bag MAXI JULLIET Silver,_SV,Silver,Hand Bag,Tote,Fantasy PU,Polyamide; Polyester; Polyurethane,,,23.99,/232/54/213468_SV_1,213468_SV_1.jpg,none,,,,,,
213677_SV,213677,Sac MAXI JULLIET Silver,_SV,Silver,Hand Bag,Sac,Fantasy PU,Polyamide; Polyurethane,,,29.99,/232/54/213677_SV_1,213677_SV_1.jpg,none,,,,,,
213829_BK,213829,Crossbody Bag ANIME1 Black,_BK,Black,Hand Bag,Cross,Peach PU,Aluminium; Iron; Polyester; Polyurethane; Silicone; Zinc,,,27.99,/232/54/213829_BK_1,213829_BK_1.jpg,none,,,,,,
213829_CA,213829,Crossbody Bag ANIME1 Camel,_CA,Camel,Hand Bag,Cross,Peach PU,Aluminium; Iron; Polyester; Polyurethane; Silicone; Zinc,,,27.99,/232/54/213829_CA_1,213829_CA_1.jpg,none,,,,,,
214241_EC,214241,Backpack EARLYBIRD Ecru,_EC,Ecru,Hand Bag,Backpack,Printed PU,Polyester; Polyurethane,,,27.99,/241/54/214241_EC_1,214241_EC_1.jpg,none,,,,,,
214245_EC,214245,Backpack EARLYBIRD Ecru,_EC,Ecru,Hand Bag,Backpack,Plain PU,Polyester; Polyurethane,,,27.99,/241/54/214245_EC_1,214245_EC_1.jpg,none,,,,,,
214245_TU,214245,Backpack EARLYBIRD Taupe,_TU,Taupe,Hand Bag,Backpack,Plain PU,Polyester; Polyurethane,,,27.99,/241/54/214245_TU_1,214245_TU_1.jpg,none,,,,,,
214252_BK,214252,Crossbody Bag BOOMER2 Black,_BK,Black,Hand Bag,Cross,Plain PU,Polyester; Polyurethane,,,27.99,/232/54/214252_BK_1,214252_BK_1.jpg,none,,,,,,
214252_EC,214252,Crossbody Bag BOOMER2 Ecru,_EC,Ecru,Hand Bag,Cross,Plain PU,Polyester; Polyurethane,,,27.99,/232/54/214252_EC_1,214252_EC_1.jpg,none,,,,,,
214252_KK,214252,Crossbody Bag BOOMER2 Khaki,_KK,Khaki,Hand Bag,Cross,Plain PU,Polyester; Polyurethane,,,27.99,/232/54/214252_KK_1,214252_KK_1.jpg,none,,,,,,
214298_BM,214298,Sac BOOMER3 Bright Multicolor,_BM,Bright Multicolor,Hand Bag,Sac,Fake Fur,Polyester,,,25.99,/232/54/214298_BM_1,214298_BM_1.jpg,none,,,,,,
214427_BK,214427,Shopper Bag BOOMER3 Black,_BK,Black,Hand Bag,Shopper,Plain PU,Polyester; Polyurethane,,,27.99,/232/54/214427_BK_1,214427_BK_1.jpg,none,,,,,,
214427_KK,214427,Shopper Bag BOOMER3 Khaki,_KK,Khaki,Hand Bag,Shopper,Plain PU,Polyester; Polyurethane,,,27.99,/232/54/214427_KK_1,214427_KK_1.jpg,none,,,,,,
214438_BK,214438,Crossbody Bag BOOMER3 Black,_BK,Black,Hand Bag,Cross,Plain PU,Polyester; Polyurethane,,,25.99,/232/54/214438_BK_1,214438_BK_1.jpg,none,,,,,,
214438_EC,214438,Crossbody Bag BOOMER3 Ecru,_EC,Ecru,Hand Bag,Cross,Plain PU,Polyester; Polyurethane,,,25.99,/232/54/214438_EC_1,214438_EC_1.jpg,none,,,,,,
214438_LM,214438,Crossbody Bag BOOMER3 Lime,_LM,Lime,Hand Bag,Cross,Plain PU,Polyester; Polyurethane,,,25.99,/232/54/214438_LM_1,214438_LM_1.jpg,none,,,,,,
214438_TU,214438,Crossbody Bag BOOMER3 Taupe,_TU,Taupe,Hand Bag,Cross,Plain PU,Polyester; Polyurethane,,,25.99,/232/54/214438_TU_1,214438_TU_1.jpg,none,,,,,,
214446_KK,214446,Sac CANICHE CAMPAIGN Khaki,_KK,Khaki,Hand Bag,Sac,Nylon,Polyamide; Polyester; Polyurethane,,,32.99,/232/54/214446_KK_1,214446_KK_1.jpg,none,,,,,,
214446_MD,214446,Sac CANICHE CAMPAIGN Mustard,_MD,Mustard,Hand Bag,Sac,Nylon,Polyamide; Polyester; Polyurethane,,,32.99,/232/54/214446_MD_1,214446_MD_1.jpg,none,,,,,,
214450_BM,214450,Shopper Bag ANIME2 Bright Multicolor,_BM,Bright Multicolor,Hand Bag,Shopper,Printed Nylon,Polyester; Polyethylene Terephthalate; Polyurethane,,,32.99,/232/54/214450_BM_1,214450_BM_1.jpg,none,,,,,,
214682_BL,214682,Lunch Bag VIVIAN Blue,_BL,Blue,Hand Bag,Lunch Bag,Printed PU,Polyester; Polyethylene Terephthalate; Polyurethane,,,19.99,/241/54/214682_BL_1,214682_BL_1.jpg,none,,,,,,
214702_BK,214702,Tote Bag BOOMER1 Black,_BK,Black,Hand Bag,Tote,Plain PU,Polyester; Polyurethane,,,27.99,/232/54/214702_BK_1,214702_BK_1.jpg,none,,,,,,
214702_CA,214702,Tote Bag BOOMER1 Camel,_CA,Camel,Hand Bag,Tote,Plain PU,Polyester; Polyurethane,,,27.99,/232/54/214702_CA_1,214702_CA_1.jpg,none,,,,,,
215019_CA,215019,Shopper Bag FLECOS WINTER Camel,_CA,Camel,Hand Bag,Shopper,Real Suede,Cotton; Cow Leather,,,49.99,/232/54/215019_CA_1,215019_CA_1.jpg,none,,,,,,
215019_MD,215019,Shopper Bag FLECOS WINTER Mustard,_MD,Mustard,Hand Bag,Shopper,Real Suede,Cotton; Cow Leather,,,49.99,/232/54/215019_MD_1,215019_MD_1.jpg,none,,,,,,
215020_CA,215020,Crossbody Bag FLECOS WINTER Camel,_CA,Camel,Hand Bag,Cross,Real Suede,Cotton; Cow Leather,,,29.99,/232/54/215020_CA_1,215020_CA_1.jpg,none,,,,,,
215020_KK,215020,Crossbody Bag FLECOS WINTER Khaki,_KK,Khaki,Hand Bag,Cross,Real Suede,Cotton; Cow Leather,,,29.99,/232/54/215020_KK_1,215020_KK_1.jpg,none,,,,,,
215020_PU,215020,Crossbody Bag FLECOS WINTER Purple,_PU,Purple,Hand Bag,Cross,Real Suede,Cotton; Cow Leather,,,29.99,/232/54/215020_PU_1,215020_PU_1.jpg,none,,,,,,
215218_BK,215218,Backpack TRECKING CAPSULE Black,_BK,Black,Hand Bag,Backpack,Nylon,Polyester; Polyurethane; Recycled Polyamide,,,32.99,/232/54/215218_BK_1,215218_BK_1.jpg,none,,,,,,
2154401BL,215440,Crossbody Bag FIRE2 Blue,1BL,Blue,Hand Bag,Cross,Nylon,Aluminium; Polyester; Polyurethane; Silicone,Silver,,25.99,/241/54/2154401BL_1,2154401BL_1.jpg,none,,,,,,
215440_BK,215440,Crossbody Bag FIRE2 Black,_BK,Black,Hand Bag,Cross,Nylon,Aluminium; Polyester; Polyurethane; Silicone,Silver,,25.99,/241/54/215440_BK_1,215440_BK_1.jpg,none,,,,,,
215440_BR,215440,Crossbody Bag FIRE2 Brick Red,_BR,Brick Red,Hand Bag,Cross,Nylon,Aluminium; Polyester; Polyurethane; Silicone,Silver,,25.99,/241/54/215440_BR_1,215440_BR_1.jpg,none,,,,,,
215440_CA,215440,Crossbody Bag FIRE2 Camel,_CA,Camel,Hand Bag,Cross,Nylon,Aluminium; Polyester; Polyurethane; Silicone,Silver,,25.99,/241/54/215440_CA_1,215440_CA_1.jpg,none,,,,,,
215440_KK,215440,Crossbody Bag FIRE2 Khaki,_KK,Khaki,Hand Bag,Cross,Nylon,Aluminium; Polyester; Polyurethane; Silicone,Silver,,25.99,/241/54/215440_KK_1,215440_KK_1.jpg,none,,,,,,
215444_BK,215444,Tote Bag FIRE3 Black,_BK,Black,Hand Bag,Tote,Nylon,Polyester; Polyurethane,,,27.99,/241/54/215444_BK_1,215444_BK_1.jpg,none,,,,,,
215444_KK,215444,Tote Bag FIRE3 Khaki,_KK,Khaki,Hand Bag,Tote,Nylon,Polyester; Polyurethane,,,27.99,/241/54/215444_KK_1,215444_KK_1.jpg,none,,,,,,
215444_LG,215444,Tote Bag FIRE3 Light Grey,_LG,Light Grey,Hand Bag,Tote,Nylon,Polyester; Polyurethane,,,27.99,/241/54/215444_LG_1,215444_LG_1.jpg,none,,,,,,
215606_BK,215606,Crossbody Bag ARETHA Black,_BK,Black,Hand Bag,Cross,Plain PU,Polyester; Polyurethane,,,19.99,/241/54/215606_BK_1,215606_BK_1.jpg,none,,,,,,
215606_CA,215606,Crossbody Bag ARETHA Camel,_CA,Camel,Hand Bag,Cross,Plain PU,Polyester; Polyurethane,,,19.99,/241/54/215606_CA_1,215606_CA_1.jpg,none,,,,,,
215606_EC,215606,Crossbody Bag ARETHA Ecru,_EC,Ecru,Hand Bag,Cross,Plain PU,Polyester; Polyurethane,,,19.99,/241/54/215606_EC_1,215606_EC_1.jpg,none,,,,,,
215606_GN,215606,Crossbody Bag ARETHA Green,_GN,Green,Hand Bag,Cross,Plain PU,Polyester; Polyurethane,,,19.99,/241/54/215606_GN_1,215606_GN_1.jpg,none,,,,,,
216099_BK,216099,Crossbody Bag SILVERSURFER3 Black,_BK,Black,Hand Bag,Cross,Padded Pu,Polyester; Polyurethane,,,25.99,/232/54/216099_BK_1,216099_BK_1.jpg,none,,,,,,
216099_EC,216099,Crossbody Bag SILVERSURFER3 Ecru,_EC,Ecru,Hand Bag,Cross,Padded Pu,Polyester; Polyurethane,,,25.99,/232/54/216099_EC_1,216099_EC_1.jpg,none,,,,,,
216099_TU,216099,Crossbody Bag SILVERSURFER3 Taupe,_TU,Taupe,Hand Bag,Cross,Padded Pu,Polyester; Polyurethane,,,25.99,/232/54/216099_TU_1,216099_TU_1.jpg,none,,,,,,
216175_DM,216175,Crossbody Bag MANHATAN3 Dark Multicolor,_DM,Dark Multicolor,Hand Bag,Cross,Real Fur,Cow Leather; Polyester; Polyurethane,,,27.99,/241/54/216175_DM_1,216175_DM_1.jpg,none,,,,,,
216263_BK,216263,Shopper Bag MANHATAN1 Black,_BK,Black,Hand Bag,Shopper,Plain PU,Cow Leather; Polyester; Polyurethane,Light Golden,,29.99,/241/54/216263_BK_1,216263_BK_1.jpg,none,,,,,,
216263_EC,216263,Shopper Bag MANHATAN1 Ecru,_EC,Ecru,Hand Bag,Shopper,Plain PU,Cow Leather; Polyester; Polyurethane,Light Golden,,29.99,/241/54/216263_EC_1,216263_EC_1.jpg,none,,,,,,
216444_BK,216444,Tote Bag NEVERA HBPROVISION Black,_BK,Black,Hand Bag,Tote,Plain PU,Polyester; Polyurethane,Light Golden,,25.99,/241/54/216444_BK_1,216444_BK_1.jpg,none,,,,,,
216444_TU,216444,Tote Bag NEVERA HBPROVISION Taupe,_TU,Taupe,Hand Bag,Tote,Plain PU,Polyester; Polyurethane,Light Golden,,25.99,/241/54/216444_TU_1,216444_TU_1.jpg,none,,,,,,
216449_BK,216449,Crossbody Bag NEVERA HBPROVISION Black,_BK,Black,Hand Bag,Cross,Plain PU,Polyester; Polyurethane,Silver,,25.99,/241/54/216449_BK_1,216449_BK_1.jpg,none,,,,,,
216449_EC,216449,Crossbody Bag NEVERA HBPROVISION Ecru,_EC,Ecru,Hand Bag,Cross,Plain PU,Polyester; Polyurethane,Silver,,25.99,/241/54/216449_EC_1,216449_EC_1.jpg,none,,,,,,
216449_TU,216449,Crossbody Bag NEVERA HBPROVISION Taupe,_TU,Taupe,Hand Bag,Cross,Plain PU,Polyester; Polyurethane,Silver,,25.99,/241/54/216449_TU_1,216449_TU_1.jpg,none,,,,,,
216561_BK,216561,Tote Bag JENNIE Black,_BK,Black,Hand Bag,Tote,Fake Nylon,Polyester; Polyurethane; Zinc,,,27.99,/241/54/216561_BK_1,216561_BK_1.jpg,none,,,,,,
216561_EC,216561,Tote Bag JENNIE Ecru,_EC,Ecru,Hand Bag,Tote,Fake Nylon,Polyester; Polyurethane; Zinc,,,27.99,/241/54/216561_EC_1,216561_EC_1.jpg,none,,,,,,
216561_TU,216561,Tote Bag JENNIE Taupe,_TU,Taupe,Hand Bag,Tote,Fake Nylon,Polyester; Polyurethane; Zinc,,,27.99,/241/54/216561_TU_1,216561_TU_1.jpg,none,,,,,,
216565_BK,216565,Crossbody Bag JENNIE Black,_BK,Black,Hand Bag,Cross,Fake Nylon,Polyester; Polyurethane,Silver,,25.99,/241/54/216565_BK_1,216565_BK_1.jpg,none,,,,,,
216572_BK,216572,Crossbody Bag PICASSO3 Black,_BK,Black,Hand Bag,Cross,Plain PU,Polyester; Polyurethane,Light Golden,,25.99,/241/54/216572_BK_1,216572_BK_1.jpg,none,,,,,,
216572_EC,216572,Crossbody Bag PICASSO3 Ecru,_EC,Ecru,Hand Bag,Cross,Plain PU,Polyester; Polyurethane,Light Golden,,25.99,/241/54/216572_EC_1,216572_EC_1.jpg,none,,,,,,
216572_KK,216572,Crossbody Bag PICASSO3 Khaki,_KK,Khaki,Hand Bag,Cross,Plain PU,Polyester; Polyurethane,Silver,,25.99,/241/54/216572_KK_1,216572_KK_1.jpg,none,,,,,,
216572_TU,216572,Crossbody Bag PICASSO3 Taupe,_TU,Taupe,Hand Bag,Cross,Plain PU,Polyester; Polyurethane,Silver,,25.99,/241/54/216572_TU_1,216572_TU_1.jpg,none,,,,,,
216579_BK,216579,Tote Bag PICASSO2 Black,_BK,Black,Hand Bag,Tote,Peach PU,Polyester; Polyurethane,,,27.99,/241/54/216579_BK_1,216579_BK_1.jpg,none,,,,,,
216579_TU,216579,Tote Bag PICASSO2 Taupe,_TU,Taupe,Hand Bag,Tote,Peach PU,Polyester; Polyurethane,,,27.99,/241/54/216579_TU_1,216579_TU_1.jpg,none,,,,,,
216632_BK,216632,Shopper Bag MAXI DOTTS Black,_BK,Black,Hand Bag,Shopper,Plain PU,Cow Leather; Polyester; Polyurethane,,,29.99,/241/54/216632_BK_1,216632_BK_1.jpg,none,,,,,,
216757_BG,216757,Crossbody Bag MILITARY2 Beige,_BG,Beige,Hand Bag,Cross,Patchwork,Polyester; Polyurethane,,,27.99,/241/54/216757_BG_1,216757_BG_1.jpg,none,,,,,,
216759_BK,216759,Shopper Bag JUNGLE LEATHER Black,_BK,Black,Hand Bag,Shopper,Leather,Cow Leather,Silver,,69.99,/241/54/216759_BK_1,216759_BK_1.jpg,none,,,,,,
216759_EC,216759,Shopper Bag JUNGLE LEATHER Ecru,_EC,Ecru,Hand Bag,Shopper,Leather,Cow Leather,Silver,,69.99,/241/54/216759_EC_1,216759_EC_1.jpg,none,,,,,,
216759_KK,216759,Shopper Bag JUNGLE LEATHER Khaki,_KK,Khaki,Hand Bag,Shopper,Leather,Cow Leather,Silver,,69.99,/241/54/216759_KK_1,216759_KK_1.jpg,none,,,,,,
216859_BK,216859,Crossbody Bag MANHATAN3 Black,_BK,Black,Hand Bag,Cross,Plain PU,Polyester; Polyurethane,Light Golden,,25.99,/241/54/216859_BK_1,216859_BK_1.jpg,none,,,,,,
216859_TU,216859,Crossbody Bag MANHATAN3 Taupe,_TU,Taupe,Hand Bag,Cross,Plain PU,Polyester; Polyurethane,Light Golden,,25.99,/241/54/216859_TU_1,216859_TU_1.jpg,none,,,,,,
216907NC,216907,Crossbody Bag TAVIRA Natural Color,NC,Natural Color,Hand Bag,Cross,Paper straw,Ceramic; Cotton; Iron; Paper; Polyester; Polyurethane; Stone; Wood; Zinc,Silver,,25.99,/241/54/216907NC_1,216907NC_1.jpg,none,,,,,,
217006_EC,217006,Shoulder Bag EMAN Ecru,_EC,Ecru,Hand Bag,Shoulder Bag,Padded Pu,Polyester; Polyurethane,Light Golden,,25.99,/241/54/217006_EC_1,217006_EC_1.jpg,none,,,,,,
217013_BK,217013,Tote Bag SPLASH2 Black,_BK,Black,Hand Bag,Tote,Nylon,Polyester; Polyurethane,,,17.99,/241/54/217013_BK_1,217013_BK_1.jpg,none,,,,,,
217013_FU,217013,Tote Bag SPLASH2 Fuchsia,_FU,Fuchsia,Hand Bag,Tote,Nylon,Polyester; Polyurethane,,,17.99,/241/54/217013_FU_1,217013_FU_1.jpg,none,,,,,,
217215_BK,217215,Shoulder Bag FIRE3 Black,_BK,Black,Hand Bag,Shoulder Bag,Peach PU,Polyester; Polyurethane,,,27.99,/241/54/217215_BK_1,217215_BK_1.jpg,none,,,,,,
217215_CA,217215,Shoulder Bag FIRE3 Camel,_CA,Camel,Hand Bag,Shoulder Bag,Peach PU,Polyester; Polyurethane,,,27.99,/241/54/217215_CA_1,217215_CA_1.jpg,none,,,,,,
217215_GN,217215,Shoulder Bag FIRE3 Green,_GN,Green,Hand Bag,Shoulder Bag,Peach PU,Polyester; Polyurethane,,,27.99,/241/54/217215_GN_1,217215_GN_1.jpg,none,,,,,,
217226_BM,217226,Tote Bag MILITARY2 Bright Multicolor,_BM,Bright Multicolor,Hand Bag,Tote,Jacquard,Polyester; Polyurethane,Silver,,29.99,/241/54/217226_BM_1,217226_BM_1.jpg,none,,,,,,
217359_AQ,217359,Tote Bag FLEUR Aquamarine,_AQ,Aquamarine,Hand Bag,Tote,Fantasy PU,Polyester; Polyurethane; Thermoplastic Polyurethane; Zinc,,,27.99,/241/54/217359_AQ_1,217359_AQ_1.jpg,none,,,,,,
217359_CA,217359,Tote Bag FLEUR Camel,_CA,Camel,Hand Bag,Tote,Fantasy PU,Polyester; Polyurethane; Thermoplastic Polyurethane; Zinc,,,27.99,/241/54/217359_CA_1,217359_CA_1.jpg,none,,,,,,
217360_AQ,217360,Crossbody Bag FLEUR Aquamarine,_AQ,Aquamarine,Hand Bag,Cross,Fantasy PU,Polyester; Polyurethane,Light Golden,,25.99,/241/54/217360_AQ_1,217360_AQ_1.jpg,none,,,,,,
217532_BK,217532,Tote Bag MANHATAN2 Black,_BK,Black,Hand Bag,Tote,Real Fur,Cow Leather; Polyester; Polyurethane,Silver,,29.99,/241/54/217532_BK_1,217532_BK_1.jpg,none,,,,,,
217561_GN,217561,Lunch Bag TROPICO Green,_GN,Green,Hand Bag,Lunch Bag,Printed Fake Nylon,Polyester; Polyethylene Terephthalate; Polyurethane,Silver,,19.99,/241/54/217561_GN_1,217561_GN_1.jpg,none,,,,,,
217800_BK,217800,Backpack FLAGE Black,_BK,Black,Hand Bag,Backpack,Nylon,Polyester; Polyurethane,Silver,,25.99,/241/54/217800_BK_1,217800_BK_1.jpg,none,,,,,,
217800_BL,217800,Backpack SMILE Blue,_BL,Blue,Hand Bag,Backpack,Nylon,Polyester; Polyurethane,Silver,,25.99,/241/54/217800_BL_1,217800_BL_1.jpg,none,,,,,,
217800_EC,217800,Backpack SMILE Ecru,_EC,Ecru,Hand Bag,Backpack,Nylon,Polyester; Polyurethane,Silver,,25.99,/241/54/217800_EC_1,217800_EC_1.jpg,none,,,,,,
217800_KK,217800,Backpack FLAGE Khaki,_KK,Khaki,Hand Bag,Backpack,Nylon,Polyester; Polyurethane,Silver,,25.99,/241/54/217800_KK_1,217800_KK_1.jpg,none,,,,,,
217800_NV,217800,Backpack SMILE Navy,_NV,Navy,Hand Bag,Backpack,Nylon,Polyester; Polyurethane,Silver,,25.99,/241/54/217800_NV_1,217800_NV_1.jpg,none,,,,,,
217800_TU,217800,Backpack FLAGE Taupe,_TU,Taupe,Hand Bag,Backpack,Nylon,Polyester; Polyurethane,Light Golden,,25.99,/242/54/217800_TU_1,217800_TU_1.jpg,none,,,,,,
217860_BK,217860,Crossbody Bag PICASSO2 Black,_BK,Black,Hand Bag,Cross,Peach PU,Polyester; Polyurethane,Silver,,23.99,/241/54/217860_BK_1,217860_BK_1.jpg,none,,,,,,
217860_EC,217860,Crossbody Bag PICASSO2 Ecru,_EC,Ecru,Hand Bag,Cross,Peach PU,Polyester; Polyurethane,Silver,,23.99,/241/54/217860_EC_1,217860_EC_1.jpg,none,,,,,,
217880_BK,217880,Handbag STREET Black,_BK,Black,Hand Bag,Computer Backpack,Fake Nylon,Polyester; Polyurethane,,,32.99,/241/54/217880_BK_1,217880_BK_1.jpg,none,,,,,,
217880_EC,217880,Handbag STREET Ecru,_EC,Ecru,Hand Bag,Computer Backpack,Fake Nylon,Polyester; Polyurethane,,,32.99,/241/54/217880_EC_1,217880_EC_1.jpg,none,,,,,,
217880_KK,217880,Handbag STREET Khaki,_KK,Khaki,Hand Bag,Computer Backpack,Fake Nylon,Polyester; Polyurethane,,,32.99,/241/54/217880_KK_1,217880_KK_1.jpg,none,,,,,,
217978_GD,217978,Crossbody Bag SILVERSURFER3 Gold,_GD,Gold,Hand Bag,Cross,Fantasy PU,Polyester; Polyurethane,Silver,,25.99,/241/54/217978_GD_1,217978_GD_1.jpg,none,,,,,,
218020_BK,218020,Tote Bag PICASSO3 Black,_BK,Black,Hand Bag,Tote,Nylon,Aluminium; Polyester; Polyurethane; Silicone; Zinc,Silver,,25.99,/241/54/218020_BK_1,218020_BK_1.jpg,none,,,,,,
218081_EC,218081,Sac MADEIRA Ecru,_EC,Ecru,Hand Bag,Sac,Crochet,Cotton; Polyethylene Terephthalate,,,39.99,/241/54/218081_EC_1,218081_EC_1.jpg,none,,,,,,
218081_RD,218081,Sac MADEIRA Red,_RD,Red,Hand Bag,Sac,Crochet,Cotton; Polyethylene Terephthalate,,,39.99,/241/54/218081_RD_1,218081_RD_1.jpg,none,,,,,,
218177_CA,218177,Crossbody Bag BRIGITTE Camel,_CA,Camel,Hand Bag,Cross,Plain PU,Polyurethane,Silver,,19.99,/241/54/218177_CA_1,218177_CA_1.jpg,none,,,,,,
218177_CL,218177,Crossbody Bag BRIGITTE Coral,_CL,Coral,Hand Bag,Cross,Plain PU,Polyurethane,Silver,,19.99,/241/54/218177_CL_1,218177_CL_1.jpg,none,,,,,,
218177_EC,218177,Crossbody Bag BRIGITTE Ecru,_EC,Ecru,Hand Bag,Cross,Plain PU,Polyurethane,Silver,,19.99,/241/54/218177_EC_1,218177_EC_1.jpg,none,,,,,,
218177_YL,218177,Crossbody Bag BRIGITTE Yellow,_YL,Yellow,Hand Bag,Cross,Plain PU,Polyurethane,Silver,,19.99,/241/54/218177_YL_1,218177_YL_1.jpg,none,,,,,,
218268_YL,218268,Crossbody Bag FLOWER PATCH Yellow,_YL,Yellow,Hand Bag,Cross,Printed PU,Polyester; Polyurethane,Silver,,23.99,/241/54/218268_YL_1,218268_YL_1.jpg,none,,,,,,
218289_BK,218289,Tote Bag FLAME3 Black,_BK,Black,Hand Bag,Tote,Fantasy Fabric,Polyester; Polyurethane,Silver,,29.99,/241/54/218289_BK_1,218289_BK_1.jpg,none,,,,,,
218398_GN,218398,Shopper Bag CUPIDO2 Green,_GN,Green,Hand Bag,Shopper,Printed PU,Cotton; Linen; Polyurethane,Light Golden,,23.99,/241/54/218398_GN_1,218398_GN_1.jpg,none,,,,,,
218398_OR,218398,Shopper Bag CUPIDO2 Orange,_OR,Orange,Hand Bag,Shopper,Printed PU,Cotton; Linen; Polyurethane,Light Golden,,23.99,/241/54/218398_OR_1,218398_OR_1.jpg,none,,,,,,
218870_CA,218870,Crossbody Bag MANAUS Camel,_CA,Camel,Hand Bag,Cross,Paper straw,Cotton; Paper; Polyester; Polyurethane; Viscose,Light Golden,,23.99,/241/54/218870_CA_1,218870_CA_1.jpg,none,,,,,,
218911_PK,218911,Backpack MAMMINA Pink,_PK,Pink,Hand Bag,Backpack,Printed Fake Nylon,Polyester; Polyurethane,Silver,,23.99,/241/54/218911_PK_1,218911_PK_1.jpg,none,,,,,,
218922_EC,218922,Crossbody Bag MAMMINA Ecru,_EC,Ecru,Hand Bag,Cross,Fake Nylon,Cotton; Elastane; Polyester; Polyurethane; Zinc,Silver,,23.99,/241/54/218922_EC_1,218922_EC_1.jpg,none,,,,,,
219033NC,219033,Crossbody Bag SELVA3 Natural Color,NC,Natural Color,Hand Bag,Cross,Fake straw,Polyester; Polypropylene; Polyurethane,,,27.99,/241/54/219033NC_1,219033NC_1.jpg,none,,,,,,
219087_BK,219087,Shopper Bag POPEYE3 Black,_BK,Black,Hand Bag,Shopper,Paper straw,Cotton; Iron; Linen; Paper; Polyester; Polyurethane,Silver,,29.99,/241/54/219087_BK_1,219087_BK_1.jpg,none,,,,,,
219087_CA,219087,Shopper Bag POPEYE3 Camel,_CA,Camel,Hand Bag,Shopper,Paper straw,Cotton; Iron; Linen; Paper; Polyester; Polyurethane,Light Golden,,29.99,/241/54/219087_CA_1,219087_CA_1.jpg,none,,,,,,
219102_WT,219102,Bucket Bag ZOO2 White,_WT,White,Hand Bag,Bucket,Printed Fabric,Cotton; Polyester; Polyurethane,Silver,,25.99,/241/54/219102_WT_1,219102_WT_1.jpg,none,,,,,,
219412_BK,219412,Shoulder Bag POPEYE3 Black,_BK,Black,Hand Bag,Shoulder Bag,Plain PU,Polyester; Polyurethane,Silver,,29.99,/241/54/219412_BK_1,219412_BK_1.jpg,none,,,,,,
219412_CA,219412,Shoulder Bag POPEYE3 Camel,_CA,Camel,Hand Bag,Shoulder Bag,Plain PU,Polyester; Polyurethane,Silver,,29.99,/241/54/219412_CA_1,219412_CA_1.jpg,none,,,,,,
219412_EC,219412,Shoulder Bag POPEYE3 Ecru,_EC,Ecru,Hand Bag,Shoulder Bag,Plain PU,Polyester; Polyurethane,Silver,,29.99,/241/54/219412_EC_1,219412_EC_1.jpg,none,,,,,,
219442_BK,219442,Crossbody Bag SELVA1 Black,_BK,Black,Hand Bag,Cross,Plain PU,Polyester; Polyurethane,Silver,,25.99,/241/54/219442_BK_1,219442_BK_1.jpg,none,,,,,,
219442_EC,219442,Crossbody Bag SELVA1 Ecru,_EC,Ecru,Hand Bag,Cross,Plain PU,Polyester; Polyurethane,Silver,,25.99,/241/54/219442_EC_1,219442_EC_1.jpg,none,,,,,,
219442_GN,219442,Crossbody Bag SELVA1 Green,_GN,Green,Hand Bag,Cross,Plain PU,Polyester; Polyurethane,Silver,,25.99,/241/54/219442_GN_1,219442_GN_1.jpg,none,,,,,,
219442_MD,219442,Crossbody Bag SELVA1 Mustard,_MD,Mustard,Hand Bag,Cross,Plain PU,Polyester; Polyurethane,Silver,,25.99,/241/54/219442_MD_1,219442_MD_1.jpg,none,,,,,,
219518_BL,219518,Tote Bag STRIPES2 Blue,_BL,Blue,Hand Bag,Tote,Plain PU,Polyester; Polyurethane,Silver,,23.99,/241/54/219518_BL_1,219518_BL_1.jpg,none,,,,,,
219548NC,219548,Shopper Bag CARIBE Natural Color,NC,Natural Color,Hand Bag,Shopper,Straw,Cotton; Polyester; Polyurethane; Straw; Viscose; Wood,Light Golden,,25.99,/241/54/219548NC_1,219548NC_1.jpg,none,,,,,,
219564NC,219564,Shopper Bag BUZIOS Natural Color,NC,Natural Color,Hand Bag,Shopper,Paper straw,Cotton; Paper; Polyester; Polyurethane,,,27.99,/241/54/219564NC_1,219564NC_1.jpg,none,,,,,,
219577_BL,219577,Crossbody Bag CARIBE Blue,_BL,Blue,Hand Bag,Cross,Patchwork,Cotton; Polyester; Polyurethane,Silver,,23.99,/241/54/219577_BL_1,219577_BL_1.jpg,none,,,,,,
219604NC,219604,Crossbody Bag PATTY Natural Color,NC,Natural Color,Hand Bag,Cross,Fake straw,Cotton; Polyester; Polypropylene; Polyurethane; Zinc,Silver,,23.99,/241/54/219604NC_1,219604NC_1.jpg,none,,,,,,
219604_CA,219604,Crossbody Bag PATTY Camel,_CA,Camel,Hand Bag,Cross,Fake straw,Cotton; Polyester; Polypropylene; Polyurethane; Zinc,Silver,,23.99,/241/54/219604_CA_1,219604_CA_1.jpg,none,,,,,,
219682_BK,219682,Shoulder Bag CUPIDO3 Black,_BK,Black,Hand Bag,Shoulder Bag,Plain PU,Polyester; Polyurethane,Silver,,23.99,/241/54/219682_BK_1,219682_BK_1.jpg,none,,,,,,
219682_EC,219682,Shoulder Bag CUPIDO3 Ecru,_EC,Ecru,Hand Bag,Shoulder Bag,Plain PU,Polyester; Polyurethane,Silver,,23.99,/241/54/219682_EC_1,219682_EC_1.jpg,none,,,,,,
219682_TU,219682,Shoulder Bag CUPIDO3 Taupe,_TU,Taupe,Hand Bag,Shoulder Bag,Plain PU,Polyester; Polyurethane,Silver,,23.99,/241/54/219682_TU_1,219682_TU_1.jpg,none,,,,,,
220089_JN,220089,Tote Bag INCA Blue Jeans,_JN,Blue Jeans,Hand Bag,Tote,Denim,Cotton; Polyester; Polyurethane,Silver,,25.99,/242/54/220089_JN_1,220089_JN_1.jpg,none,,,,,,
220150_CL,220150,Backpack SAHARA Coral,_CL,Coral,Hand Bag,Backpack,Printed PU,Polyester; Polyurethane,Silver,,19.99,/242/54/220150_CL_1,220150_CL_1.jpg,none,,,,,,
220348NC,220348,Shoulder Bag CURRY3 Natural Color,NC,Natural Color,Hand Bag,Shoulder Bag,Paper straw,Polyester; Polyethylene; Polypropylene; Polyurethane,,,27.99,/241/54/220348NC_1,220348NC_1.jpg,none,,,,,,
220399_EC,220399,Tote Bag HONDURAS Ecru,_EC,Ecru,Hand Bag,Tote,Crochet,Cotton; Polyester; Polyurethane,Light Golden,,25.99,/242/54/220399_EC_1,220399_EC_1.jpg,none,,,,,,
220418DNC,220418,Sac HONDURAS Dark Natural Color,DNC,Dark Natural Color,Hand Bag,Sac,Paper straw,Cotton; Paper; Polyester; Polyurethane,Light Golden,,25.99,/242/54/220418DNC_1,220418DNC_1.jpg,none,,,,,,
220522NC,220522,Shoulder Bag WOODY3 Natural Color,NC,Natural Color,Hand Bag,Shoulder Bag,Fake straw,Cotton; Polyester; Polypropylene; Polyurethane,Light Golden,,25.99,/241/54/220522NC_1,220522NC_1.jpg,none,,,,,,
220564_CA,220564,Shopper Bag SELVA1 Camel,_CA,Camel,Hand Bag,Shopper,Plain PU,Cotton; Polyester; Polyurethane,,,27.99,/241/54/220564_CA_1,220564_CA_1.jpg,none,,,,,,
220564_EC,220564,Shopper Bag SELVA1 Ecru,_EC,Ecru,Hand Bag,Shopper,Plain PU,Cotton; Polyester; Polyurethane,,,27.99,/241/54/220564_EC_1,220564_EC_1.jpg,none,,,,,,
220564_YL,220564,Shopper Bag SELVA1 Yellow,_YL,Yellow,Hand Bag,Shopper,Plain PU,Cotton; Polyester; Polyurethane,,,27.99,/241/54/220564_YL_1,220564_YL_1.jpg,none,,,,,,
220660_EC,220660,Crossbody Bag MADEIRA Ecru,_EC,Ecru,Hand Bag,Cross,Crochet,Cotton,Silver,,25.99,/241/54/220660_EC_1,220660_EC_1.jpg,none,,,,,,
220660_RD,220660,Crossbody Bag MADEIRA Red,_RD,Red,Hand Bag,Cross,Crochet,Cotton,Silver,,25.99,/241/54/220660_RD_1,220660_RD_1.jpg,none,,,,,,
220900NC,220900,Envelope Bag KOLKATA1 Natural Color,NC,Natural Color,Hand Bag,Envelope,Jute,Jute,,,19.99,/242/54/220900NC_1,220900NC_1.jpg,none,,,,,,
220904_BL,220904,Shopper Bag SUEDE BALLS Blue,_BL,Blue,Hand Bag,Shopper,Real Suede,Cow Suede Leather,,,49.99,/242/54/220904_BL_1,220904_BL_1.jpg,none,,,,,,
220904_BU,220904,Shopper Bag SUEDE STUDS Burgundy,_BU,Burgundy,Hand Bag,Shopper,Real Suede,Cow Suede Leather,,,49.99,/242/54/220904_BU_1,220904_BU_1.jpg,none,,,,,,
220904_CA,220904,Shopper Bag SUEDE BALLS Camel,_CA,Camel,Hand Bag,Shopper,Real Suede,Cow Suede Leather,,,49.99,/241/54/220904_CA_1,220904_CA_1.jpg,none,,,,,,
220904_YL,220904,Shopper Bag SUEDE BALLS Yellow,_YL,Yellow,Hand Bag,Shopper,Real Suede,Cow Suede Leather,,,49.99,/241/54/220904_YL_1,220904_YL_1.jpg,none,,,,,,
221012_SV,221012,Shopper Bag SUEDE BALLS Silver,_SV,Silver,Hand Bag,Shopper,Leather,Cow Leather,,,45.99,/241/54/221012_SV_1,221012_SV_1.jpg,none,,,,,,
221135_GD,221135,Shopper Bag BRAIDED LEATHER Gold,_GD,Gold,Hand Bag,Shopper,Leather,Cow Leather,,,79.99,/241/54/221135_GD_1,221135_GD_1.jpg,none,,,,,,
221135_SV,221135,Shopper Bag BRAIDED LEATHER Silver,_SV,Silver,Hand Bag,Shopper,Leather,Cow Leather,,,79.99,/241/54/221135_SV_1,221135_SV_1.jpg,none,,,,,,
221186_BK,221186,Crossbody Bag MAORI2 Black,_BK,Black,Hand Bag,Cross,Plain PU,Polyurethane,Silver,,23.99,/242/54/221186_BK_1,221186_BK_1.jpg,none,,,,,,
221186_CA,221186,Crossbody Bag MAORI2 Camel,_CA,Camel,Hand Bag,Cross,Plain PU,Polyurethane,Silver,,23.99,/242/54/221186_CA_1,221186_CA_1.jpg,none,,,,,,
221186_WT,221186,Crossbody Bag MAORI2 White,_WT,White,Hand Bag,Cross,Plain PU,Polyurethane,Silver,,23.99,/242/54/221186_WT_1,221186_WT_1.jpg,none,,,,,,
221225_BM,221225,Tote Bag MAORI3 Bright Multicolor,_BM,Bright Multicolor,Hand Bag,Tote,Printed Nylon,Polyester; Polyurethane,Silver,,25.99,/242/54/221225_BM_1,221225_BM_1.jpg,none,,,,,,
221331_GD,221331,Tote Bag KOLKATA3 Gold,_GD,Gold,Hand Bag,Tote,Fantasy Fabric,Polyester; Polyethylene; Polypropylene; Polyurethane,Light Golden,,25.99,/242/54/221331_GD_1,221331_GD_1.jpg,none,,,,,,
221348_BK,221348,Crossbody Bag BLOW Black,_BK,Black,Hand Bag,Cross,Plain PU,Polyester; Polyurethane,Light Golden,,19.99,/242/54/221348_BK_1,221348_BK_1.jpg,none,,,,,,
221348_CA,221348,Crossbody Bag BLOW Camel,_CA,Camel,Hand Bag,Cross,Plain PU,Polyester; Polyurethane,Light Golden,,19.99,/242/54/221348_CA_1,221348_CA_1.jpg,none,,,,,,
221348_EC,221348,Crossbody Bag BLOW Ecru,_EC,Ecru,Hand Bag,Cross,Plain PU,Polyester; Polyurethane,Light Golden,,19.99,/242/54/221348_EC_1,221348_EC_1.jpg,none,,,,,,
221348_NV,221348,Crossbody Bag BLOW Navy,_NV,Navy,Hand Bag,Cross,Plain PU,Polyester; Polyurethane,Light Golden,,19.99,/242/54/221348_NV_1,221348_NV_1.jpg,none,,,,,,
221440_RD,221440,Envelope Bag KOLKATA2 Red,_RD,Red,Hand Bag,Envelope,Fantasy Fabric,Cotton; Glass; Polyester,,,19.99,/242/54/221440_RD_1,221440_RD_1.jpg,none,,,,,,
221520_CA,221520,Shoulder Bag MAORI3 Camel,_CA,Camel,Hand Bag,Shoulder Bag,Plain PU,Polyester; Polyurethane,Silver,,25.99,/242/54/221520_CA_1,221520_CA_1.jpg,none,,,,,,
221520_WT,221520,Shoulder Bag MAORI3 White,_WT,White,Hand Bag,Shoulder Bag,Plain PU,Polyester; Polyurethane,Silver,,25.99,/242/54/221520_WT_1,221520_WT_1.jpg,none,,,,,,
221591_BK,221591,Shopper Bag AVA Black,_BK,Black,Hand Bag,Shopper,Plain PU,Polyester; Polyurethane,Light Golden,,25.99,/242/54/221591_BK_1,221591_BK_1.jpg,none,,,,,,
221591_CA,221591,Shopper Bag AVA Camel,_CA,Camel,Hand Bag,Shopper,Plain PU,Polyester; Polyurethane,Light Golden,,25.99,/242/54/221591_CA_1,221591_CA_1.jpg,none,,,,,,
221591_EC,221591,Shopper Bag AVA Ecru,_EC,Ecru,Hand Bag,Shopper,Plain PU,Polyester; Polyurethane,Light Golden,,25.99,/242/54/221591_EC_1,221591_EC_1.jpg,none,,,,,,
221591_MD,221591,Shopper Bag AVA Mustard,_MD,Mustard,Hand Bag,Shopper,Plain PU,Polyester; Polyurethane,Light Golden,,25.99,/242/54/221591_MD_1,221591_MD_1.jpg,none,,,,,,
221591_NV,221591,Shopper Bag AVA Navy,_NV,Navy,Hand Bag,Shopper,Plain PU,Polyester; Polyurethane,Light Golden,,25.99,/242/54/221591_NV_1,221591_NV_1.jpg,none,,,,,,
221641_BM,221641,Tote Bag MAORI2 Bright Multicolor,_BM,Bright Multicolor,Hand Bag,Tote,Printed Nylon,Polyester; Polyurethane,Silver,,25.99,/242/54/221641_BM_1,221641_BM_1.jpg,none,,,,,,
221649_GN,221649,Crossbody Bag FLORA Green,_GN,Green,Hand Bag,Cross,Printed PU,Polyester; Polyurethane,Silver,,25.99,/242/54/221649_GN_1,221649_GN_1.jpg,none,,,,,,
221731DNC,221731,Bucket Bag ULLA Dark Natural Color,DNC,Dark Natural Color,Hand Bag,Bucket,Paper straw,Iron; Linen; Paper; Polyurethane,Light Golden,,23.99,/242/54/221731DNC_1,221731DNC_1.jpg,none,,,,,,
221771NC,221771,Tote Bag ANASTASIA Natural Color,NC,Natural Color,Hand Bag,Tote,Paper straw,Cotton; Iron; Linen; Paper; Polyurethane,Light Golden,,23.99,/242/54/221771NC_1,221771NC_1.jpg,none,,,,,,
221856_BG,221856,Backpack NATALIA Beige,_BG,Beige,Hand Bag,Backpack,Fake Nylon,Polyester; Polyurethane,Light Golden,,25.99,/242/54/221856_BG_1,221856_BG_1.jpg,none,,,,,,
221857_BG,221857,Crossbody Bag NATALIA Beige,_BG,Beige,Hand Bag,Cross,Fake Nylon,Polyester; Polyurethane,Silver,,25.99,/242/54/221857_BG_1,221857_BG_1.jpg,none,,,,,,
221857_EC,221857,Crossbody Bag NATALIA Ecru,_EC,Ecru,Hand Bag,Cross,Fake Nylon,Polyester; Polyurethane,Silver,,25.99,/242/54/221857_EC_1,221857_EC_1.jpg,none,,,,,,
221857_GN,221857,Crossbody Bag NATALIA Green,_GN,Green,Hand Bag,Cross,Fake Nylon,Polyester; Polyurethane,Silver,,25.99,/242/54/221857_GN_1,221857_GN_1.jpg,none,,,,,,
221872_GN,221872,Sac FRINGES CAPSULE Green,_GN,Green,Hand Bag,Sac,Real Suede,Cotton; Cow Suede Leather,Silver,,49.99,/242/54/221872_GN_1,221872_GN_1.jpg,none,,,,,,
221872_TU,221872,Sac FRINGES CAPSULE Taupe,_TU,Taupe,Hand Bag,Sac,Real Suede,Cotton; Cow Suede Leather,Silver,,49.99,/242/54/221872_TU_1,221872_TU_1.jpg,none,,,,,,
222000_OR,222000,Tote Bag GOLDEN BAY2 Orange,_OR,Orange,Hand Bag,Tote,Fantasy PU,Polyester; Polyurethane,Silver,,19.99,/242/54/222000_OR_1,222000_OR_1.jpg,none,,,,,,
222000_PK,222000,Tote Bag GOLDEN BAY2 Pink,_PK,Pink,Hand Bag,Tote,Fantasy PU,Polyester; Polyurethane,Silver,,19.99,/242/54/222000_PK_1,222000_PK_1.jpg,none,,,,,,
222000_SV,222000,Tote Bag GOLDEN BAY2 Silver,_SV,Silver,Hand Bag,Tote,Fantasy PU,Polyester; Polyurethane,Silver,,19.99,/242/54/222000_SV_1,222000_SV_1.jpg,none,,,,,,
222222_BK,222222,Computer Hand Bag HASHTAG1 Black,_BK,Black,Hand Bag,Computer Hand Bag,Fake Nylon,Polyester; Polyurethane,,,27.99,/242/54/222222_BK_1,222222_BK_1.jpg,none,,,,,,
222223_BG,222223,Handbag HASHTAG1 Beige,_BG,Beige,Hand Bag,Computer Backpack,Fake Nylon,Polyester; Polyurethane,Silver,,29.99,/242/54/222223_BG_1,222223_BG_1.jpg,none,,,,,,
222223_BK,222223,Handbag HASHTAG1 Black,_BK,Black,Hand Bag,Computer Backpack,Fake Nylon,Polyester; Polyurethane,Silver,,29.99,/242/54/222223_BK_1,222223_BK_1.jpg,none,,,,,,
222227_BK,222227,Tote Bag GOLDEN BAY2 Black,_BK,Black,Hand Bag,Tote,Plain PU,Polyester; Polyurethane,,,27.99,/242/54/222227_BK_1,222227_BK_1.jpg,none,,,,,,
222227_TU,222227,Tote Bag GOLDEN BAY2 Taupe,_TU,Taupe,Hand Bag,Tote,Plain PU,Polyester; Polyurethane,,,27.99,/242/54/222227_TU_1,222227_TU_1.jpg,none,,,,,,
222227_WT,222227,Tote Bag GOLDEN BAY2 White,_WT,White,Hand Bag,Tote,Plain PU,Polyester; Polyurethane,,,27.99,/242/54/222227_WT_1,222227_WT_1.jpg,none,,,,,,
222244_BK,222244,Handbag HASHTAG2 Black,_BK,Black,Hand Bag,Computer Backpack,Fake Nylon,Polyester; Polyurethane,,,32.99,/242/54/222244_BK_1,222244_BK_1.jpg,none,,,,,,
222244_EC,222244,Handbag HASHTAG3 Ecru,_EC,Ecru,Hand Bag,Computer Backpack,Fake Nylon,Polyester; Polyurethane,,,32.99,/242/54/222244_EC_1,222244_EC_1.jpg,none,,,,,,
222244_KK,222244,Handbag HASHTAG2 Khaki,_KK,Khaki,Hand Bag,Computer Backpack,Fake Nylon,Polyester; Polyurethane,,,32.99,/242/54/222244_KK_1,222244_KK_1.jpg,none,,,,,,
222246NC,222246,Shopper Bag KOLKATA1 Natural Color,NC,Natural Color,Hand Bag,Shopper,Jute,Cotton; Jute; glass bead,,,23.99,/242/54/222246NC_1,222246NC_1.jpg,none,,,,,,
222341_LM,222341,Tote Bag DAMERO2 Lime,_LM,Lime,Hand Bag,Tote,Plain PU,Polyester; Polyurethane,Silver,,23.99,/242/54/222341_LM_1,222341_LM_1.jpg,none,,,,,,
222341_WT,222341,Tote Bag DAMERO2 White,_WT,White,Hand Bag,Tote,Plain PU,Polyester; Polyurethane,Silver,,23.99,/242/54/222341_WT_1,222341_WT_1.jpg,none,,,,,,
222362_SV,222362,Bucket Bag DAMERO2 Silver,_SV,Silver,Hand Bag,Bucket,Fantasy PU,Cotton; Polyurethane,Silver,,23.99,/242/54/222362_SV_1,222362_SV_1.jpg,none,,,,,,
222709_BL,222709,Shoulder Bag DAMERO2 Blue,_BL,Blue,Hand Bag,Shoulder Bag,Plain PU,Cotton; Polyester; Polyurethane,Silver,,23.99,/242/54/222709_BL_1,222709_BL_1.jpg,none,,,,,,
222709_TU,222709,Shoulder Bag DAMERO2 Taupe,_TU,Taupe,Hand Bag,Shoulder Bag,Plain PU,Cotton; Polyester; Polyurethane,Silver,,23.99,/242/54/222709_TU_1,222709_TU_1.jpg,none,,,,,,
222709_WT,222709,Shoulder Bag DAMERO2 White,_WT,White,Hand Bag,Shoulder Bag,Plain PU,Cotton; Polyester; Polyurethane,Silver,,23.99,/242/54/222709_WT_1,222709_WT_1.jpg,none,,,,,,
222732_GD,222732,Tote Bag KOLKATA3 Gold,_GD,Gold,Hand Bag,Tote,Fantasy Fabric,Polyester; Polyethylene; Polypropylene; Polyurethane,Light Golden,,23.99,/242/54/222732_GD_1,222732_GD_1.jpg,none,,,,,,
222875_BU,222875,Shoulder Bag SUEDE STUDS Burgundy,_BU,Burgundy,Hand Bag,Shoulder Bag,Real Suede,Cotton; Cow Suede Leather,Silver,,39.99,/242/54/222875_BU_1,222875_BU_1.jpg,none,,,,,,
222875_CA,222875,Shoulder Bag SUEDE STUDS Camel,_CA,Camel,Hand Bag,Shoulder Bag,Real Suede,Cotton; Cow Suede Leather,Silver,,39.99,/242/54/222875_CA_1,222875_CA_1.jpg,none,,,,,,
222875_GN,222875,Shoulder Bag SUEDE STUDS Green,_GN,Green,Hand Bag,Shoulder Bag,Real Suede,Cotton; Cow Suede Leather,Silver,,39.99,/242/54/222875_GN_1,222875_GN_1.jpg,none,,,,,,
222875_TU,222875,Shoulder Bag SUEDE STUDS Taupe,_TU,Taupe,Hand Bag,Shoulder Bag,Real Suede,Cotton; Cow Suede Leather,Silver,,39.99,/242/54/222875_TU_1,222875_TU_1.jpg,none,,,,,,
222887_BK,222887,Crossbody Bag MAORI2 Black,_BK,Black,Hand Bag,Cross,Nylon,Polyester; Polyurethane,Silver,,25.99,/242/54/222887_BK_1,222887_BK_1.jpg,none,,,,,,
222887_NV,222887,Crossbody Bag MAORI2 Navy,_NV,Navy,Hand Bag,Cross,Nylon,Polyester; Polyurethane,Light Golden,,25.99,/242/54/222887_NV_1,222887_NV_1.jpg,none,,,,,,
222895_BK,222895,Crossbody Bag DAMERO3 Black,_BK,Black,Hand Bag,Cross,Nylon,Polyester; Polyurethane,Light Golden,,25.99,/242/54/222895_BK_1,222895_BK_1.jpg,none,,,,,,
222895_EC,222895,Crossbody Bag DAMERO3 Ecru,_EC,Ecru,Hand Bag,Cross,Nylon,Polyester; Polyurethane,Light Golden,,25.99,/242/54/222895_EC_1,222895_EC_1.jpg,none,,,,,,
222895_TU,222895,Crossbody Bag DAMERO3 Taupe,_TU,Taupe,Hand Bag,Cross,Nylon,Polyester; Polyurethane,Light Golden,,25.99,/242/54/222895_TU_1,222895_TU_1.jpg,none,,,,,,
222936_BN,222936,Shoulder Bag JOPLIN Brown,_BN,Brown,Hand Bag,Shoulder Bag,Patchwork,Cow Suede Leather; Iron; Polyester; Polyurethane,,,32.99,/242/54/222936_BN_1,222936_BN_1.jpg,none,,,,,,
222936_CA,222936,Shoulder Bag JOPLIN Camel,_CA,Camel,Hand Bag,Shoulder Bag,Patchwork,Cow Suede Leather; Iron; Polyester; Polyurethane,,,32.99,/242/54/222936_CA_1,222936_CA_1.jpg,none,,,,,,
222939_BN,222939,Sac JOPLIN Brown,_BN,Brown,Hand Bag,Sac,Patchwork,Cow Suede Leather; Iron; Polyester; Polyurethane,Light Golden,,35.99,/242/54/222939_BN_1,222939_BN_1.jpg,none,,,,,,
223023_BK,223023,Tote Bag BAKER Black,_BK,Black,Hand Bag,Tote,Plain PU,Polyester; Polyurethane,Light Golden,,25.99,/242/54/223023_BK_1,223023_BK_1.jpg,none,,,,,,
223023_CA,223023,Tote Bag BAKER Camel,_CA,Camel,Hand Bag,Tote,Plain PU,Polyester; Polyurethane,Light Golden,,25.99,/242/54/223023_CA_1,223023_CA_1.jpg,none,,,,,,
223023_EC,223023,Tote Bag BAKER Ecru,_EC,Ecru,Hand Bag,Tote,Plain PU,Polyester; Polyurethane,Light Golden,,25.99,/242/54/223023_EC_1,223023_EC_1.jpg,none,,,,,,
223037_NV,223037,Tote Bag MAORI3 Navy,_NV,Navy,Hand Bag,Tote,Nylon,Polyester; Polyurethane,Light Golden,,25.99,/242/54/223037_NV_1,223037_NV_1.jpg,none,,,,,,
223045_BK,223045,Sac ZIMBA3 Black,_BK,Black,Hand Bag,Sac,Plain PU,Polyester; Polyurethane,,,27.99,/242/54/223045_BK_1,223045_BK_1.jpg,none,,,,,,
223045_EC,223045,Sac ZIMBA3 Ecru,_EC,Ecru,Hand Bag,Sac,Plain PU,Polyester; Polyurethane,,,27.99,/242/54/223045_EC_1,223045_EC_1.jpg,none,,,,,,
223342_BM,223342,Crossbody Bag ZIMBA2 Bright Multicolor,_BM,Bright Multicolor,Hand Bag,Cross,Real Fur,Cow Leather; Polyester; Polyurethane,,,32.99,/242/54/223342_BM_1,223342_BM_1.jpg,none,,,,,,
223403_BK,223403,Shoulder Strap for Bags ZOO3 Black,_BK,Black,Hand Bag,Shoulder Strap,Plain Fabric,Polyester; Zinc,Light Golden,,4.99,/242/54/223403_BK_1,223403_BK_1.jpg,none,,,,,,
223403_EC,223403,Shoulder Strap for Bags ZOO3 Ecru,_EC,Ecru,Hand Bag,Shoulder Strap,Plain Fabric,Polyester; Zinc,Light Golden,,4.99,/242/54/223403_EC_1,223403_EC_1.jpg,none,,,,,,
223423_BK,223423,Shopper Bag LOHAN Black,_BK,Black,Hand Bag,Shopper,Plain PU,Polyester; Polyurethane,,,27.99,/242/54/223423_BK_1,223423_BK_1.jpg,none,,,,,,
223452_BM,223452,Shoulder Bag ZIMBA3 Bright Multicolor,_BM,Bright Multicolor,Hand Bag,Shoulder Bag,Patchwork,Polyester; Polyurethane,Light Golden,,29.99,/242/54/223452_BM_1,223452_BM_1.jpg,none,,,,,,
223552_BK,223552,Tote Bag ZIMBA1 Black,_BK,Black,Hand Bag,Tote,Plain PU,Polyester; Polyurethane,,,27.99,/242/54/223552_BK_1,223552_BK_1.jpg,none,,,,,,
223552_WT,223552,Tote Bag ZIMBA1 White,_WT,White,Hand Bag,Tote,Plain PU,Polyester; Polyurethane,,,27.99,/242/54/223552_WT_1,223552_WT_1.jpg,none,,,,,,
223612_BK,223612,Tote Bag LEO3 Black,_BK,Black,Hand Bag,Tote,Plain PU,Polyester; Polyurethane,,,27.99,/242/54/223612_BK_1,223612_BK_1.jpg,none,,,,,,
223612_BU,223612,Tote Bag LEO3 Burgundy,_BU,Burgundy,Hand Bag,Tote,Plain PU,Polyester; Polyurethane,,,27.99,/242/54/223612_BU_1,223612_BU_1.jpg,none,,,,,,
223612_CA,223612,Tote Bag LEO3 Camel,_CA,Camel,Hand Bag,Tote,Plain PU,Polyester; Polyurethane,Silver,,27.99,/242/54/223612_CA_1,223612_CA_1.jpg,none,,,,,,
223612_EC,223612,Tote Bag LEO3 Ecru,_EC,Ecru,Hand Bag,Tote,Plain PU,Polyester; Polyurethane,,,27.99,/242/54/223612_EC_1,223612_EC_1.jpg,none,,,,,,
223614_BK,223614,Crossbody Bag LEO3 Black,_BK,Black,Hand Bag,Cross,Plain PU,Polyester; Polyurethane,Light Golden,,25.99,/242/54/223614_BK_1,223614_BK_1.jpg,none,,,,,,
223614_CA,223614,Crossbody Bag LEO3 Camel,_CA,Camel,Hand Bag,Cross,Plain PU,Polyester; Polyurethane,Light Golden,,25.99,/242/54/223614_CA_1,223614_CA_1.jpg,none,,,,,,
223614_EC,223614,Crossbody Bag LEO3 Ecru,_EC,Ecru,Hand Bag,Cross,Plain PU,Polyester; Polyurethane,Light Golden,,25.99,/242/54/223614_EC_1,223614_EC_1.jpg,none,,,,,,
223615_BK,223615,Crossbody Bag LEO2 Black,_BK,Black,Hand Bag,Cross,Printed Nylon,Polyester; Polyurethane,Other,,25.99,/242/54/223615_BK_1,223615_BK_1.jpg,none,,,,,,
223626_EC,223626,Tote Bag LEO3 Ecru,_EC,Ecru,Hand Bag,Tote,Peach PU,Polyester; Polyurethane; Zinc,Silver,,25.99,/242/54/223626_EC_1,223626_EC_1.jpg,none,,,,,,
223672_BK,223672,Shopper Bag LEO1 Black,_BK,Black,Hand Bag,Shopper,Nylon,Aluminium; Iron; Polyester; Polyurethane,,,27.99,/242/54/223672_BK_1,223672_BK_1.jpg,none,,,,,,
223672_BU,223672,Shopper Bag LEO1 Burgundy,_BU,Burgundy,Hand Bag,Shopper,Nylon,Aluminium; Iron; Polyester; Polyurethane,Silver,,27.99,/242/54/223672_BU_1,223672_BU_1.jpg,none,,,,,,
223984_BK,223984,Shopper Bag CORBATERO1 Black,_BK,Black,Hand Bag,Shopper,Plain PU,Polyester; Polyurethane,,,27.99,/242/54/223984_BK_1,223984_BK_1.jpg,none,,,,,,
223984_BN,223984,Shopper Bag CORBATERO1 Brown,_BN,Brown,Hand Bag,Shopper,Plain PU,Polyester; Polyurethane,,,27.99,/242/54/223984_BN_1,223984_BN_1.jpg,none,,,,,,
223984_EC,223984,Shopper Bag CORBATERO1 Ecru,_EC,Ecru,Hand Bag,Shopper,Plain PU,Polyester; Polyurethane,,,27.99,/242/54/223984_EC_1,223984_EC_1.jpg,none,,,,,,
223999_BK,223999,Crossbody Bag CORDY Black,_BK,Black,Hand Bag,Cross,Plain PU,Polyester; Polyurethane,Light Golden,,25.99,/242/54/223999_BK_1,223999_BK_1.jpg,none,,,,,,
223999_CA,223999,Crossbody Bag CORDY Camel,_CA,Camel,Hand Bag,Cross,Plain PU,Polyester; Polyurethane,Light Golden,,25.99,/242/54/223999_CA_1,223999_CA_1.jpg,none,,,,,,
224033_GY,224033,Lunch Bag CORDY Grey,_GY,Grey,Hand Bag,Lunch Bag,Printed Fake Nylon,Polyester; Polyethylene Terephthalate; Polyurethane,Silver,,19.99,/242/54/224033_GY_1,224033_GY_1.jpg,none,,,,,,
224098_BK,224098,Backpack LORETA Black,_BK,Black,Hand Bag,Backpack,Real Suede,Cow Suede Leather; Polyester; Polyurethane,,,32.99,/242/54/224098_BK_1,224098_BK_1.jpg,none,,,,,,
224098_CA,224098,Backpack LORETA Camel,_CA,Camel,Hand Bag,Backpack,Real Suede,Cow Suede Leather; Polyester; Polyurethane,,,32.99,/242/54/224098_CA_1,224098_CA_1.jpg,none,,,,,,
224434_BK,224434,Shopper Bag CORBATERO1 Black,_BK,Black,Hand Bag,Shopper,Printed PU,Polyester; Polyurethane,,,27.99,/242/54/224434_BK_1,224434_BK_1.jpg,none,,,,,,
224434_CA,224434,Shopper Bag CORBATERO1 Camel,_CA,Camel,Hand Bag,Shopper,Printed PU,Polyester; Polyurethane,,,27.99,/242/54/224434_CA_1,224434_CA_1.jpg,none,,,,,,
224434_KK,224434,Shopper Bag CORBATERO1 Khaki,_KK,Khaki,Hand Bag,Shopper,Printed PU,Polyester; Polyurethane,,,27.99,/242/54/224434_KK_1,224434_KK_1.jpg,none,,,,,,
224434_PK,224434,Shopper Bag CORBATERO1 Pink,_PK,Pink,Hand Bag,Shopper,Printed PU,Polyester; Polyurethane,,,27.99,/242/54/224434_PK_1,224434_PK_1.jpg,none,,,,,,
224485_BM,224485,Tote Bag PANTERA1 Bright Multicolor,_BM,Bright Multicolor,Hand Bag,Tote,Real Fur,Cow Leather; Polyester; Polyurethane,Silver,,45.99,/242/54/224485_BM_1,224485_BM_1.jpg,none,,,,,,
224488_BK,224488,Sac PANTERA3 Black,_BK,Black,Hand Bag,Sac,Plain PU,Polyester; Polyurethane,,,27.99,/242/54/224488_BK_1,224488_BK_1.jpg,none,,,,,,
224488_EC,224488,Sac PANTERA3 Ecru,_EC,Ecru,Hand Bag,Sac,Plain PU,Polyester; Polyurethane,,,27.99,/242/54/224488_EC_1,224488_EC_1.jpg,none,,,,,,
224649_BK,224649,Shoulder Bag PANTERA3 Black,_BK,Black,Hand Bag,Shoulder Bag,Fantasy PU,Polyester; Polyurethane,Silver,,29.99,/242/54/224649_BK_1,224649_BK_1.jpg,none,,,,,,
224702_BK,224702,Shoulder Bag PANTERA3 Black,_BK,Black,Hand Bag,Shoulder Bag,Fantasy PU,Polyester; Polyurethane,,,27.99,/242/54/224702_BK_1,224702_BK_1.jpg,none,,,,,,
224702_BU,224702,Shoulder Bag PANTERA3 Burgundy,_BU,Burgundy,Hand Bag,Shoulder Bag,Fantasy PU,Polyester; Polyurethane,,,27.99,/242/54/224702_BU_1,224702_BU_1.jpg,none,,,,,,
224702_EC,224702,Shoulder Bag PANTERA3 Ecru,_EC,Ecru,Hand Bag,Shoulder Bag,Fantasy PU,Polyester; Polyurethane,,,27.99,/242/54/224702_EC_1,224702_EC_1.jpg,none,,,,,,
224852_BK,224852,Shopper Bag CORBATERO3 Black,_BK,Black,Hand Bag,Shopper,Plain PU,Polyester; Polyurethane,Light Golden,,29.99,/242/54/224852_BK_1,224852_BK_1.jpg,none,,,,,,
1328502PM,132850,Ring NILE Pastel Multicolor,2PM,Pastel Multicolor,Jewellery,Rings,Cocktail,Stone; Zinc,Worn Gold,,8.99,/241/52/1328502PM_1,1328502PM_1.jpg,none,,,,,,
150771_ID,150771,Earring BHLOTUS Indigo Dye,_ID,Indigo Dye,Jewellery,Earrings,Stud,Iron; Stone,Brushed Golden,,4.99,/232/52/150771_ID_1,150771_ID_1.jpg,none,,,,,,
160035_FU,160035,Key Chain FASHION SUPPLEMENTS Fuchsia,_FU,Fuchsia,Jewellery,Key chains,Figures,Glass; Zinc,,,9.99,/241/52/160035_FU_1,160035_FU_1.jpg,none,,,,,,
162858_BK,162858,Earring FLORABUNDANCE Black,_BK,Black,Jewellery,Earrings,Stud,Enamel; Zinc,Brushed Rose Gold,,5.99,/232/52/162858_BK_1,162858_BK_1.jpg,none,,,,,,
162858_GN,162858,Earring EXPEDITION Green,_GN,Green,Jewellery,Earrings,Stud,Enamel; Zinc,Worn Gold,,5.99,/232/52/162858_GN_1,162858_GN_1.jpg,none,,,,,,
166354_ID,166354,Fan FASHION SUPPLEMENTS Indigo Dye,_ID,Indigo Dye,Jewellery,Other Jewellery,Fan,Bamboo; Iron; Polyester,Other,,12.99,/241/52/166354_ID_1,166354_ID_1.jpg,none,,,,,,
166354_TG,166354,Fan FASHION SUPPLEMENTS Pastel Green,_TG,Pastel Green,Jewellery,Other Jewellery,Fan,Bamboo; Iron; Polyester,Other,,12.99,/241/52/166354_TG_1,166354_TG_1.jpg,none,,,,,,
166363_AQ,166363,Fan FASHION SUPPLEMENTS Aquamarine,_AQ,Aquamarine,Jewellery,Other Jewellery,Fan,Bamboo; Iron; Polyester,Other,,12.99,/241/52/166363_AQ_1,166363_AQ_1.jpg,none,,,,,,
166363_CE,166363,Fan FASHION SUPPLEMENTS Cherry,_CE,Cherry,Jewellery,Other Jewellery,Fan,Bamboo; Iron; Polyester,Other,,12.99,/241/52/166363_CE_1,166363_CE_1.jpg,none,,,,,,
166363_KK,166363,Fan FASHION SUPPLEMENTS Khaki,_KK,Khaki,Jewellery,Other Jewellery,Fan,Bamboo; Cotton; Iron; Polyester,Other,,12.99,/202/52/166363_KK_1,166363_KK_1.jpg,none,,,,,,
166363_LL,166363,Fan FASHION SUPPLEMENTS Lilac,_LL,Lilac,Jewellery,Other Jewellery,Fan,Cotton; Wood,Other,,12.99,/242/52/166363_LL_1,166363_LL_1.jpg,none,,,,,,
166363_PU,166363,Fan FASHION SUPPLEMENTS Purple,_PU,Purple,Jewellery,Other Jewellery,Fan,Bamboo; Iron; Polyester,,,12.99,/202/52/166363_PU_1,166363_PU_1.jpg,none,,,,,,
167718_BU,167718,Earring STARRYNIGHT Burgundy,_BU,Burgundy,Jewellery,Earrings,Dangle,Glass; Iron; Polyester,Golden,,8.99,/232/52/167718_BU_1,167718_BU_1.jpg,none,,,,,,
169607_IG,169607,Earring DEGRADE Indigo,_IG,Indigo,Jewellery,Earrings,Dangle,Glass; Iron; Polyester,Other,,8.99,/232/52/169607_IG_1,169607_IG_1.jpg,none,,,,,,
169607_PE,169607,Earring DEGRADE Pearl,_PE,Pearl,Jewellery,Earrings,Dangle,Glass; Iron; Polyester,Other,,8.99,/232/52/169607_PE_1,169607_PE_1.jpg,none,,,,,,
1709381BM,170938,Bracelet SUNSET JUNCTION Bright Multicolor,1BM,Bright Multicolor,Jewellery,Bracelets,Adjustable Bracelet,Acrylic; Stone; Thermoplastic Polyurethane; Zinc,,,9.99,/241/52/1709381BM_1,1709381BM_1.jpg,none,,,,,,
1709382BM,170938,Bracelet DOMINICA Bright Multicolor,2BM,Bright Multicolor,Jewellery,Bracelets,Adjustable Bracelet,Glass; Thermoplastic Polyurethane; Zinc,,,9.99,/241/52/1709382BM_1,1709382BM_1.jpg,none,,,,,,
1709383BM,170938,Bracelet TROPICAL GEMS Bright Multicolor,3BM,Bright Multicolor,Jewellery,Bracelets,Adjustable Bracelet,Elastane; Glass; Thermoplastic Polyurethane; Zinc,,,9.99,/241/52/1709383BM_1,1709383BM_1.jpg,none,,,,,,
1709383HM,170938,Bracelet EXPEDITION Halftone Multicolor,3HM,Halftone Multicolor,Jewellery,Bracelets,Adjustable Bracelet,Acrylic; Zinc,Golden,,9.99,/232/52/1709383HM_1,1709383HM_1.jpg,none,,,,,,
1709384HM,170938,Bracelet ULTRAVIO Halftone Multicolor,4HM,Halftone Multicolor,Jewellery,Bracelets,Adjustable Bracelet,Acrylic; Zinc,Worn Gold,,9.99,/232/52/1709384HM_1,1709384HM_1.jpg,none,,,,,,
170938_IV,170938,Bracelet Golden Basics Extra Ivory,_IV,Ivory,Jewellery,Bracelets,Adjustable Bracelet,Elastane; Enamel; Thermoplastic Polyurethane; Zinc,,,9.99,/241/52/170938_IV_1,170938_IV_1.jpg,none,,,,,,
170938_RO,170938,Bracelet ETHNICS Old Rose,_RO,Old Rose,Jewellery,Bracelets,Adjustable Bracelet,Rubber; Thermoplastic Polyurethane; Zinc,,,9.99,/241/52/170938_RO_1,170938_RO_1.jpg,none,,,,,,
1713311BU,171331,Earring STARRYNIGHT Burgundy,1BU,Burgundy,Jewellery,Earrings,Dangle,Acrylic; Iron; Zamac,Black Plating,,7.99,/232/52/1713311BU_1,1713311BU_1.jpg,none,,,,,,
1735490HM,173549,Earring NOMADA Halftone Multicolor,0HM,Halftone Multicolor,Jewellery,Earrings,Stud,Glass; Iron; Resin,Black Nikel,,4.99,/242/52/1735490HM_1,1735490HM_1.jpg,none,,,,,,
1735491PM,173549,Earring MODERN STONES Pastel Multicolor,1PM,Pastel Multicolor,Jewellery,Earrings,Stud,Glass; Iron; Resin,Golden,,4.99,/242/52/1735491PM_1,1735491PM_1.jpg,none,,,,,,
1735492BM,173549,Earring SUNSET JUNCTION Bright Multicolor,2BM,Bright Multicolor,Jewellery,Earrings,Stud,Glass; Resin; Zinc,Black Nikel,,4.99,/241/52/1735492BM_1,1735492BM_1.jpg,none,,,,,,
178054_IV,178054,Necklace Golden Basics Extra Ivory,_IV,Ivory,Jewellery,Necklaces,Collar,Enamel; Iron; Zinc,Golden,,12.99,/241/52/178054_IV_1,178054_IV_1.jpg,none,,,,,,
1835694BM,183569,Earring DOMINICA Bright Multicolor,4BM,Bright Multicolor,Jewellery,Earrings,Drop,Acrylic; Zinc,Golden,,5.99,/241/52/1835694BM_1,1835694BM_1.jpg,none,,,,,,
183569_GN,183569,Earring FLEURSDUMER Green,_GN,Green,Jewellery,Earrings,Drop,Acrylic; Zinc,Golden,,5.99,/241/52/183569_GN_1,183569_GN_1.jpg,none,,,,,,
185129_HM,185129,Earring KISS54 Halftone Multicolor,_HM,Halftone Multicolor,Jewellery,Earrings,Hoop Earrings,Glass; Zinc,Golden,Strass,5.99,/232/52/185129_HM_1,185129_HM_1.jpg,none,,,,,,
1875013HM,187501,Earring ORPHIC Halftone Multicolor,3HM,Halftone Multicolor,Jewellery,Earrings,Hoop Earrings,Acrylic; Iron; Thermoplastic Polyurethane,Gold Plated,,5.99,/232/52/1875013HM_1,1875013HM_1.jpg,none,,,,,,
188665_BM,188665,Earring WATERMELON PARTY Bright Multicolor,_BM,Bright Multicolor,Jewellery,Earrings,Hoop Earrings,Shell; Stone; Zinc,Golden,Shell,7.99,/242/52/188665_BM_1,188665_BM_1.jpg,none,,,,,,
189875_HM,189875,Set of Earrings KISS54 Halftone Multicolor,_HM,Halftone Multicolor,Jewellery,Earrings,Hoop Earrings,Brass; Zirconium,Golden,,5.99,/232/52/189875_HM_1,189875_HM_1.jpg,none,,,,,,
1934670HM,193467,Earring mulstone Halftone Multicolor,0HM,Halftone Multicolor,Jewellery,Earrings,Dangle,Brass; Zirconium,Golden,Strass,7.99,/232/52/1934670HM_1,1934670HM_1.jpg,none,,,,,,
1934671HM,193467,Earring GLDN DEL Halftone Multicolor,1HM,Halftone Multicolor,Jewellery,Earrings,Dangle,Brass; Zirconium,Golden,Strass,7.99,/232/52/1934671HM_1,1934671HM_1.jpg,none,,,,,,
1936910HM,193691,Necklace ORPHIC Halftone Multicolor,0HM,Halftone Multicolor,Jewellery,Necklaces,Beaded Necklace,Acrylic; Iron; Stone,Brushed Golden,,10.99,/232/52/1936910HM_1,1936910HM_1.jpg,none,,,,,,
1937090HM,193709,Earring ORPHIC Halftone Multicolor,0HM,Halftone Multicolor,Jewellery,Earrings,Stud,Enamel; Zinc,Golden,,5.99,/232/52/1937090HM_1,1937090HM_1.jpg,none,,,,,,
1937091MI,193709,Earring Moonlight azure Midnight Blue,1MI,Midnight Blue,Jewellery,Earrings,Stud,Enamel; Zinc,Golden,,5.99,/232/52/1937091MI_1,1937091MI_1.jpg,none,,,,,,
1937091TK,193709,Earring BHLOTUS Pastel Pink,1TK,Pastel Pink,Jewellery,Earrings,Stud,Enamel; Zinc,Golden,,5.99,/232/52/1937091TK_1,1937091TK_1.jpg,none,,,,,,
193709_BM,193709,Earring DOMINICA Bright Multicolor,_BM,Bright Multicolor,Jewellery,Earrings,Stud,Enamel; Zinc,Golden,,5.99,/241/52/193709_BM_1,193709_BM_1.jpg,none,,,,,,
193709_CL,193709,Earring WATERMELON PARTY Coral,_CL,Coral,Jewellery,Earrings,Stud,Enamel; Zinc,Golden,,5.99,/242/52/193709_CL_1,193709_CL_1.jpg,none,,,,,,
193709_LB,193709,Earring EXPEDITION Light Blue,_LB,Light Blue,Jewellery,Earrings,Stud,Enamel; Zinc,Golden,,5.99,/232/52/193709_LB_1,193709_LB_1.jpg,none,,,,,,
1952691CL,195269,Earring TREND Coral,1CL,Coral,Jewellery,Earrings,Hoop Earrings,Steel; Thermoplastic Polyurethane,,,9.99,/241/52/1952691CL_1,1952691CL_1.jpg,none,,,,,,
1952691GD,195269,Earring TREND Gold,1GD,Gold,Jewellery,Earrings,Hoop Earrings,Brass; Steel; Thermoplastic Polyurethane,Worn Gold,,9.99,/241/52/1952691GD_1,1952691GD_1.jpg,none,,,,,,
195269_CL,195269,Earring TREND Coral,_CL,Coral,Jewellery,Earrings,Hoop Earrings,Steel; Thermoplastic Polyurethane,Golden,,9.99,/232/52/195269_CL_1,195269_CL_1.jpg,none,,,,,,
195269_DN,195269,Earring TREND Dark Green,_DN,Dark Green,Jewellery,Earrings,Hoop Earrings,Steel; Thermoplastic Polyurethane,,,9.99,/242/52/195269_DN_1,195269_DN_1.jpg,none,,,,,,
195269_EC,195269,Earring TREND Ecru,_EC,Ecru,Jewellery,Earrings,Hoop Earrings,Steel; Thermoplastic Polyurethane,,,9.99,/242/52/195269_EC_1,195269_EC_1.jpg,none,,,,,,
195269_FU,195269,Earring TREND Fuchsia,_FU,Fuchsia,Jewellery,Earrings,Hoop Earrings,Steel; Thermoplastic Polyurethane,,,9.99,/241/52/195269_FU_1,195269_FU_1.jpg,none,,,,,,
195269_MV,195269,Earring TREND Mauve,_MV,Mauve,Jewellery,Earrings,Hoop Earrings,Steel; Thermoplastic Polyurethane,,,9.99,/232/52/195269_MV_1,195269_MV_1.jpg,none,,,,,,
195269_OR,195269,Earring TREND Orange,_OR,Orange,Jewellery,Earrings,Hoop Earrings,Steel; Thermoplastic Polyurethane,,,9.99,/242/52/195269_OR_1,195269_OR_1.jpg,none,,,,,,
195269_PK,195269,Earring TREND Pink,_PK,Pink,Jewellery,Earrings,Hoop Earrings,Steel; Thermoplastic Polyurethane,,,9.99,/241/52/195269_PK_1,195269_PK_1.jpg,none,,,,,,
1953801LL,195380,Phone case FASHION SUPPLEMENTS Lilac,1LL,Lilac,Jewellery,Mobile Accessories,Mobile Cases,Iron; Polyester; Thermoplastic Polyurethane,Other,,9.99,/232/52/1953801LL_1,1953801LL_1.jpg,none,,,,,,
1953801PK,195380,Phone case FASHION SUPPLEMENTS Pink,1PK,Pink,Jewellery,Mobile Accessories,Mobile Cases,Iron; Polyester; Thermoplastic Polyurethane,Other,,9.99,/232/52/1953801PK_1,1953801PK_1.jpg,none,,,,,,
1953802LL,195380,Phone case FASHION SUPPLEMENTS Lilac,2LL,Lilac,Jewellery,Mobile Accessories,Mobile Cases,Iron; Polyester; Thermoplastic Polyurethane,Other,,9.99,/232/52/1953802LL_1,1953802LL_1.jpg,none,,,,,,
195380_PK,195380,Phone case FASHION SUPPLEMENTS Pink,_PK,Pink,Jewellery,Mobile Accessories,Mobile Cases,Iron; Polyester; Thermoplastic Polyurethane,Other,,9.99,/232/52/195380_PK_1,195380_PK_1.jpg,none,,,,,,
195775_GD,195775,Necklace GLDN DEL Gold,_GD,Gold,Jewellery,Necklaces,Pendant,Brass; Zirconium,,,9.99,/222/52/195775_GD_1,195775_GD_1.jpg,none,,,,,,
196555_TQ,196555,Earring DOMINICA Turquoise,_TQ,Turquoise,Jewellery,Earrings,Dangle,Enamel; Shell; Zinc,Golden,,5.99,/241/52/196555_TQ_1,196555_TQ_1.jpg,none,,,,,,
197610_MI,197610,Earring Moonlight azure Midnight Blue,_MI,Midnight Blue,Jewellery,Earrings,Dangle,Iron; Rubber,Burnish Golden,,5.99,/232/52/197610_MI_1,197610_MI_1.jpg,none,,,,,,
198265_SV,198265,Sunglass Holder FASHION SUPPLEMENTS Silver,_SV,Silver,Jewellery,Other Jewellery,Sunglass Holder,Iron,Golden,,5.99,/222/52/198265_SV_1,198265_SV_1.jpg,none,,,,,,
198393_HM,198393,Earring BHLOTUS Halftone Multicolor,_HM,Halftone Multicolor,Jewellery,Earrings,Drop,Acrylic; Iron; Shell,Golden,Shell,7.99,/232/52/198393_HM_1,198393_HM_1.jpg,none,,,,,,
2000030HM,200003,Earring ORPHIC Halftone Multicolor,0HM,Halftone Multicolor,Jewellery,Earrings,Hoop Earrings,Copper; Enamel,Golden,Enamel,5.99,/232/52/2000030HM_1,2000030HM_1.jpg,none,,,,,,
2011441HM,201144,Bracelet mulstone Halftone Multicolor,1HM,Halftone Multicolor,Jewellery,Bracelets,Elastic Bracelet,Iron; Stone,Golden,Stone,5.99,/232/52/2011441HM_1,2011441HM_1.jpg,none,,,,,,
202396_GD,202396,Earring GLDN DEL Gold,_GD,Gold,Jewellery,Earrings,Dangle,Zinc,Golden,,9.99,/232/52/202396_GD_1,202396_GD_1.jpg,none,,,,,,
2024560HM,202456,Earring BHLOTUS Halftone Multicolor,0HM,Halftone Multicolor,Jewellery,Earrings,Hoop Earrings,Acrylic; Iron; Zinc,Brushed Golden,,9.99,/232/52/2024560HM_1,2024560HM_1.jpg,none,,,,,,
202456_BM,202456,Earring SUNSET JUNCTION Bright Multicolor,_BM,Bright Multicolor,Jewellery,Earrings,Hoop Earrings,Acrylic; Iron; Zinc,Brushed Golden,,8.99,/241/52/202456_BM_1,202456_BM_1.jpg,none,,,,,,
202645_GD,202645,Earring Golden Basics Gold,_GD,Gold,Jewellery,Earrings,Dangle,Iron,Golden,,5.99,/222/52/202645_GD_1,202645_GD_1.jpg,none,,,,,,
203410_NV,203410,Earring STARRYNIGHT Navy,_NV,Navy,Jewellery,Earrings,Dangle,Glass; Zinc,Golden,Strass,8.99,/232/52/203410_NV_1,203410_NV_1.jpg,none,,,,,,
203836_SV,203836,Necklace SILVER BASICS Silver,_SV,Silver,Jewellery,Necklaces,Pendant,Iron; Zinc,Silver,,12.99,/231/52/203836_SV_1,203836_SV_1.jpg,none,,,,,,
204479_GD,204479,Bracelet GLDN DEL Gold,_GD,Gold,Jewellery,Bracelets,Non-Adjustable Bracelet,Brass; Iron,Golden,,8.99,/231/52/204479_GD_1,204479_GD_1.jpg,none,,,,,,
204708_GD,204708,Earring Golden Basics Gold,_GD,Gold,Jewellery,Earrings,Stud,Zinc,Brushed Golden,,5.99,/231/52/204708_GD_1,204708_GD_1.jpg,none,,,,,,
204708_NU,204708,Earring STARRYNIGHT Nude,_NU,Nude,Jewellery,Earrings,Stud,Zinc,Other,,5.99,/232/52/204708_NU_2y,204708_NU_2y.jpg,none,,,,,,
204708_SV,204708,Earring DEGRADE Silver,_SV,Silver,Jewellery,Earrings,Stud,Zinc,Brushed Golden,,5.99,/231/52/204708_SV_1,204708_SV_1.jpg,none,,,,,,
205181_LM,205181,Earring TREND Lime,_LM,Lime,Jewellery,Earrings,Drop,Copper; Zirconium,Silver,,9.99,/232/52/205181_LM_1,205181_LM_1.jpg,none,,,,,,
205236_LL,205236,Earring TREND Lilac,_LL,Lilac,Jewellery,Earrings,Dangle,Glass; Rubber; Zinc,,,9.99,/232/52/205236_LL_1,205236_LL_1.jpg,none,,,,,,
205335_BK,205335,Earring ECLIPSE Black,_BK,Black,Jewellery,Earrings,Hoop Earrings,Zinc; Zirconium,Golden,,7.99,/232/52/205335_BK_1,205335_BK_1.jpg,none,,,,,,
205434_SV,205434,Earring SILVER D Silver,_SV,Silver,Jewellery,Earrings,Hoop Earrings,Brass,Golden,,5.99,/231/52/205434_SV_1,205434_SV_1.jpg,none,,,,,,
205767_TK,205767,Ring BHLOTUS Pastel Pink,_TK,Pastel Pink,Jewellery,Rings,Band Ring,Enamel; Zinc,Golden,,5.99,/232/52/205767_TK_1,205767_TK_1.jpg,none,,,,,,
205851_GD,205851,Necklace GLDN DEL Gold,_GD,Gold,Jewellery,Necklaces,Beaded Necklace,Brass; Zinc,Golden,,9.99,/231/52/205851_GD_1,205851_GD_1.jpg,none,,,,,,
205851_SV,205851,Necklace SILVER D Silver,_SV,Silver,Jewellery,Necklaces,Beaded Necklace,Brass; Zinc,Golden,,9.99,/231/52/205851_SV_1,205851_SV_1.jpg,none,,,,,,
206005_GD,206005,Ring GOLDEN BASICS Gold,_GD,Gold,Jewellery,Rings,Band Ring,Zinc,Brushed Golden,,5.99,/222/52/206005_GD_1,206005_GD_1.jpg,none,,,,,,
206263_DM,206263,Necklace Gipsy Garden Dark Multicolor,_DM,Dark Multicolor,Jewellery,Necklaces,Pendant,Brass; Iron; Resin; Stone; Thermoplastic Polyurethane; Zinc,Worn Gold,,12.99,/241/52/206263_DM_1,206263_DM_1.jpg,none,,,,,,
206891_SV,206891,Ring SILVER D Silver,_SV,Silver,Jewellery,Rings,Band Ring,Copper; Zirconium,Rodhium,,4.99,/231/52/206891_SV_1,206891_SV_1.jpg,none,,,,,,
206909_SV,206909,Necklace SILVER D Silver,_SV,Silver,Jewellery,Necklaces,Beaded Necklace,Brass; Zirconium,,,10.99,/231/52/206909_SV_2y,206909_SV_2y.jpg,none,,,,,,
206915_GD,206915,Bracelet GLDN DEL Gold,_GD,Gold,Jewellery,Bracelets,Adjustable Bracelet,Brass; Zinc,Golden,,5.99,/231/52/206915_GD_1,206915_GD_1.jpg,none,,,,,,
206915_SV,206915,Bracelet SILVER D Silver,_SV,Silver,Jewellery,Bracelets,Adjustable Bracelet,Brass; Zinc,Golden,,5.99,/231/52/206915_SV_1,206915_SV_1.jpg,none,,,,,,
206990_TB,206990,Pin FASHION SUPPLEMENTS Pastel Blue,_TB,Pastel Blue,Jewellery,Pins,Flower,Brass; Iron; Thermoplastic Polyurethane,Golden,,5.99,/232/52/206990_TB_1,206990_TB_1.jpg,none,,,,,,
207181_GD,207181,Earring GOLDEN BASICS Gold,_GD,Gold,Jewellery,Earrings,Dangle,Zinc,Golden,,5.99,/231/52/207181_GD_1,207181_GD_1.jpg,none,,,,,,
207822_HM,207822,Earring mulstone Halftone Multicolor,_HM,Halftone Multicolor,Jewellery,Earrings,Stud,Resin; Zinc,Golden,,5.99,/232/52/207822_HM_1,207822_HM_1.jpg,none,,,,,,
207967_WT,207967,Earring TREND White,_WT,White,Jewellery,Earrings,Dangle,Glass; Zinc,,,9.99,/242/52/207967_WT_1,207967_WT_1.jpg,none,,,,,,
2084190BM,208419,Necklace TROPICAL GEMS Bright Multicolor,0BM,Bright Multicolor,Jewellery,Necklaces,Beaded Necklace,Glass; Iron; Zinc,Golden,,7.99,/241/52/2084190BM_1,2084190BM_1.jpg,none,,,,,,
209000_GD,209000,Bracelet GOLDEN BASICS Gold,_GD,Gold,Jewellery,Bracelets,Anklet,Iron; Shell; Zinc,Golden,,7.99,/232/52/209000_GD_1,209000_GD_1.jpg,none,,,,,,
209006_GD,209006,Set of Necklaces GOLDEN BASICS Gold,_GD,Gold,Jewellery,Necklaces,Pendant,Acrylic; Iron; Shell; Zinc,Golden,,12.99,/232/52/209006_GD_1,209006_GD_1.jpg,none,,,,,,
209009_GD,209009,Earring GOLDEN BASICS Gold,_GD,Gold,Jewellery,Earrings,Dangle,Iron; Shell,Golden,,5.99,/232/52/209009_GD_1,209009_GD_1.jpg,none,,,,,,
209009_HM,209009,Earring Gipsy Garden Halftone Multicolor,_HM,Halftone Multicolor,Jewellery,Earrings,Dangle,Iron; Resin,Worn Gold,,5.99,/241/52/209009_HM_1,209009_HM_1.jpg,none,,,,,,
209010_GD,209010,Earring GOLDEN BASICS Gold,_GD,Gold,Jewellery,Earrings,Drop,Shell; Zinc,Golden,,5.99,/232/52/209010_GD_1,209010_GD_1.jpg,none,,,,,,
209010_MI,209010,Earring Moonlight azure Midnight Blue,_MI,Midnight Blue,Jewellery,Earrings,Drop,Thermoplastic Polyurethane; Zinc,Golden,,5.99,/232/52/209010_MI_1,209010_MI_1.jpg,none,,,,,,
209010_PU,209010,Earring ULTRAVIO Purple,_PU,Purple,Jewellery,Earrings,Drop,Shell; Zinc,Golden,,5.99,/232/52/209010_PU_1,209010_PU_1.jpg,none,,,,,,
209014_GD,209014,Earring GOLDEN BASICS Gold,_GD,Gold,Jewellery,Earrings,Stud,Iron; Shell,Brushed Golden,,5.99,/232/52/209014_GD_1,209014_GD_1.jpg,none,,,,,,
209061_GD,209061,Earring GOLDEN BASICS Gold,_GD,Gold,Jewellery,Earrings,Hoop Earrings,Iron; Zinc,Golden,,7.99,/232/52/209061_GD_1,209061_GD_1.jpg,none,,,,,,
209171_GD,209171,Bracelet GOLDEN BASICS Gold,_GD,Gold,Jewellery,Bracelets,Adjustable Bracelet,Brass; Iron; Shell,Golden,,7.99,/232/52/209171_GD_1,209171_GD_1.jpg,none,,,,,,
209177_GD,209177,Bracelet GOLDEN BASICS Gold,_GD,Gold,Jewellery,Bracelets,Anklet,Iron; Shell,Golden,,8.99,/232/52/209177_GD_1,209177_GD_1.jpg,none,,,,,,
209182_GD,209182,Necklace GOLDEN BASICS Gold,_GD,Gold,Jewellery,Necklaces,Pendant,Iron; Shell; Thermoplastic Polyurethane,Golden,,12.99,/232/52/209182_GD_1,209182_GD_1.jpg,none,,,,,,
209250_GD,209250,Earring GLDN DEL Gold,_GD,Gold,Jewellery,Earrings,Hoop Earrings,Brass; Zirconium,Golden,,5.99,/232/52/209250_GD_1,209250_GD_1.jpg,none,,,,,,
209250_SV,209250,Earring SILVER D Silver,_SV,Silver,Jewellery,Earrings,Hoop Earrings,Brass; Zirconium,Golden,,5.99,/232/52/209250_SV_1,209250_SV_1.jpg,none,,,,,,
209261_GD,209261,Earring GOLDEN BASICS Gold,_GD,Gold,Jewellery,Earrings,Hoop Earrings,Enamel; Iron; Zinc,Golden,,5.99,/232/52/209261_GD_1,209261_GD_1.jpg,none,,,,,,
209268_GD,209268,Ring Golden Basics Gold,_GD,Gold,Jewellery,Rings,Band Ring,Zinc,Golden,,5.99,/232/52/209268_GD_1,209268_GD_1.jpg,none,,,,,,
209282_GD,209282,Earring GOLDEN BASICS Gold,_GD,Gold,Jewellery,Earrings,Hoop Earrings,Acrylic; Iron; Pearl; Zinc,Golden,,7.99,/232/52/209282_GD_1,209282_GD_1.jpg,none,,,,,,
209301_GD,209301,Bracelet GLDN DEL Gold,_GD,Gold,Jewellery,Bracelets,Adjustable Bracelet,Copper; Iron,Golden,,7.99,/232/52/209301_GD_1,209301_GD_1.jpg,none,,,,,,
209301_SV,209301,Bracelet SILVER D Silver,_SV,Silver,Jewellery,Bracelets,Adjustable Bracelet,Copper; Iron,Golden,,7.99,/232/52/209301_SV_1,209301_SV_1.jpg,none,,,,,,
209306_GD,209306,Bracelet GLDN DEL Gold,_GD,Gold,Jewellery,Bracelets,Adjustable Bracelet,Acrylic; Iron,Golden,,6.99,/232/52/209306_GD_1,209306_GD_1.jpg,none,,,,,,
209306_SV,209306,Bracelet SILVER D Silver,_SV,Silver,Jewellery,Bracelets,Adjustable Bracelet,Acrylic; Iron,Golden,,6.99,/232/52/209306_SV_1,209306_SV_1.jpg,none,,,,,,
209313_GD,209313,Set of Earrings GLDN DEL Gold,_GD,Gold,Jewellery,Earrings,Hoop Earrings,Brass; Pearl,Golden,,5.99,/232/52/209313_GD_1,209313_GD_1.jpg,none,,,,,,
209313_SV,209313,Set of Earrings SILVER D Silver,_SV,Silver,Jewellery,Earrings,Hoop Earrings,Brass; Pearl,Golden,,5.99,/232/52/209313_SV_1,209313_SV_1.jpg,none,,,,,,
209320_GD,209320,Earring GLDN DEL Gold,_GD,Gold,Jewellery,Earrings,Hoop Earrings,Iron; Thermoplastic Polyurethane,Golden,,5.99,/232/52/209320_GD_1,209320_GD_1.jpg,none,,,,,,
209320_SV,209320,Earring SILVER D Silver,_SV,Silver,Jewellery,Earrings,Hoop Earrings,Iron; Thermoplastic Polyurethane,Golden,,5.99,/232/52/209320_SV_1,209320_SV_1.jpg,none,,,,,,
209325_GD,209325,Earring GLDN DEL Gold,_GD,Gold,Jewellery,Earrings,Dangle,Iron,Golden,,5.99,/232/52/209325_GD_1,209325_GD_1.jpg,none,,,,,,
209325_SV,209325,Earring SILVER D Silver,_SV,Silver,Jewellery,Earrings,Dangle,Iron,Golden,,5.99,/232/52/209325_SV_1,209325_SV_1.jpg,none,,,,,,
209330_GD,209330,Set of Earrings GLDN DEL Gold,_GD,Gold,Jewellery,Earrings,Stud,Brass; Zirconium,Golden,,4.99,/232/52/209330_GD_1,209330_GD_1.jpg,none,,,,,,
209330_SV,209330,Set of Earrings SILVER D Silver,_SV,Silver,Jewellery,Earrings,Stud,Brass; Zirconium,Golden,,4.99,/232/52/209330_SV_1,209330_SV_1.jpg,none,,,,,,
209337_GD,209337,Earring GLDN DEL Gold,_GD,Gold,Jewellery,Earrings,Stud,Zinc,Golden,,9.99,/232/52/209337_GD_1,209337_GD_1.jpg,none,,,,,,
209342_PE,209342,Earring GLDN DEL Pearl,_PE,Pearl,Jewellery,Earrings,Dangle,Acrylic; Zinc,Golden,,12.99,/232/52/209342_PE_1,209342_PE_1.jpg,none,,,,,,
209348_PE,209348,Earring GLDN DEL Pearl,_PE,Pearl,Jewellery,Earrings,Dangle,Brass; Thermoplastic Polyurethane; Zinc,Golden,,8.99,/232/52/209348_PE_1,209348_PE_1.jpg,none,,,,,,
209605_GD,209605,Earring GOLDEN BASICS Gold,_GD,Gold,Jewellery,Earrings,Stud,Zinc,Brushed Golden,,5.99,/231/52/209605_GD_1,209605_GD_1.jpg,none,,,,,,
209651_GD,209651,Pin FASHION SUPPLEMENTS Gold,_GD,Gold,Jewellery,Pins,Romantic Brooche,Brass; Zinc,Golden,,4.99,/232/52/209651_GD_1,209651_GD_1.jpg,none,,,,,,
209651_SV,209651,Pin FASHION SUPPLEMENTS Silver,_SV,Silver,Jewellery,Pins,Romantic Brooche,Brass; Zinc,Rodhium,,5.99,/242/52/209651_SV_1,209651_SV_1.jpg,none,,,,,,
209661_BM,209661,Key Chain FASHION SUPPLEMENTS Bright Multicolor,_BM,Bright Multicolor,Jewellery,Key chains,Figures,Enamel; Glass; Iron; Resin; Zamac,Golden,,8.99,/232/52/209661_BM_1,209661_BM_1.jpg,none,,,,,,
209672_GD,209672,Pin FASHION SUPPLEMENTS Gold,_GD,Gold,Jewellery,Pins,Lady Brooche,Glass; Iron; Zinc,Golden,,4.99,/232/52/209672_GD_1,209672_GD_1.jpg,none,,,,,,
209679_BM,209679,Key Chain FASHION SUPPLEMENTS Bright Multicolor,_BM,Bright Multicolor,Jewellery,Key chains,Charms,Iron; Resin; Zinc,Golden,,9.99,/232/52/209679_BM_1,209679_BM_1.jpg,none,,,,,,
209708_GD,209708,Pin FASHION SUPPLEMENTS Gold,_GD,Gold,Jewellery,Pins,Other Pins,Glass; Zinc,Golden,,5.99,/232/52/209708_GD_1,209708_GD_1.jpg,none,,,,,,
209720_BM,209720,Sunglass Holder FASHION SUPPLEMENTS Bright Multicolor,_BM,Bright Multicolor,Jewellery,Other Jewellery,Sunglass Holder,Brass; Glass; Pearl; Steel,Golden,,7.99,/232/52/209720_BM_1,209720_BM_1.jpg,none,,,,,,
209768_GD,209768,Earring SPARKLING EARRINGS Gold,_GD,Gold,Jewellery,Earrings,Dangle,Brass; Zirconium,Golden,,32.99,/232/52/209768_GD_1,209768_GD_1.jpg,none,,,,,,
209865_GD,209865,Necklace Golden Basics Gold,_GD,Gold,Jewellery,Necklaces,Pendant,Copper; Iron; Zinc,,,10.99,/231/52/209865_GD_1,209865_GD_1.jpg,none,,,,,,
209867_GD,209867,Bracelet GOLDEN BASICS Gold,_GD,Gold,Jewellery,Bracelets,Elastic Bracelet,Zinc,Brushed Golden,,9.99,/231/52/209867_GD_1,209867_GD_1.jpg,none,,,,,,
209867_SV,209867,Bracelet SHADES OF COOL Silver,_SV,Silver,Jewellery,Bracelets,Elastic Bracelet,Zinc,,,9.99,/241/52/209867_SV_1,209867_SV_1.jpg,none,,,,,,
209934_SV,209934,Earring SILVER D Silver,_SV,Silver,Jewellery,Earrings,Dangle,Acrylic; Zinc,Golden,,5.99,/231/52/209934_SV_1,209934_SV_1.jpg,none,,,,,,
210232_GD,210232,Earring GOLDEN BASICS Gold,_GD,Gold,Jewellery,Earrings,Dangle,Enamel; Zinc,Golden,,8.99,/232/52/210232_GD_1,210232_GD_1.jpg,none,,,,,,
210255_GD,210255,Bracelet GOLDEN BASICS Gold,_GD,Gold,Jewellery,Bracelets,Elastic Bracelet,Shell; Zinc,Golden,,9.99,/232/52/210255_GD_1,210255_GD_1.jpg,none,,,,,,
210301_GN,210301,Earring IDENTITY Green,_GN,Green,Jewellery,Earrings,Hoop Earrings,Enamel; Iron; Zinc,Golden,,5.99,/241/52/210301_GN_1,210301_GN_1.jpg,none,,,,,,
210301_LL,210301,Earring DEGRADE Lilac,_LL,Lilac,Jewellery,Earrings,Hoop Earrings,Enamel; Iron; Zinc,Golden,,5.99,/232/52/210301_LL_1,210301_LL_1.jpg,none,,,,,,
210304_WT,210304,Earring DEGRADE White,_WT,White,Jewellery,Earrings,Dangle,Glass; Iron; Polyester,Silver,,8.99,/232/52/210304_WT_1,210304_WT_1.jpg,none,,,,,,
210320_BM,210320,Earring DEGRADE Bright Multicolor,_BM,Bright Multicolor,Jewellery,Earrings,Stud,Crystal Glass; Enamel; Zinc,Golden,,5.99,/232/52/210320_BM_1,210320_BM_1.jpg,none,,,,,,
210329_OR,210329,Earring DEGRADE Orange,_OR,Orange,Jewellery,Earrings,Hoop Earrings,Acrylic; Iron,Golden,,7.99,/232/52/210329_OR_1,210329_OR_1.jpg,none,,,,,,
210332_NV,210332,Earring DEGRADE Navy,_NV,Navy,Jewellery,Earrings,Stud,Iron,Golden,,7.99,/232/52/210332_NV_1,210332_NV_1.jpg,none,,,,,,
210332_PH,210332,Earring DEGRADE Peach,_PH,Peach,Jewellery,Earrings,Stud,Iron,Golden,,7.99,/232/52/210332_PH_1,210332_PH_1.jpg,none,,,,,,
210333_FU,210333,Earring DEGRADE Fuchsia,_FU,Fuchsia,Jewellery,Earrings,Stud,Glass; Zinc,Golden,,7.99,/232/52/210333_FU_1,210333_FU_1.jpg,none,,,,,,
210333_NV,210333,Earring STARRYNIGHT Navy,_NV,Navy,Jewellery,Earrings,Stud,Glass; Zinc,Golden,,7.99,/232/52/210333_NV_1,210333_NV_1.jpg,none,,,,,,
210333_TL,210333,Earring STARRYNIGHT Teal,_TL,Teal,Jewellery,Earrings,Stud,Glass; Zinc,Golden,,7.99,/232/52/210333_TL_1,210333_TL_1.jpg,none,,,,,,
210333_WT,210333,Earring DEGRADE White,_WT,White,Jewellery,Earrings,Stud,Glass; Zinc,Golden,,7.99,/232/52/210333_WT_1,210333_WT_1.jpg,none,,,,,,
210339_BM,210339,Bracelet DEGRADE Bright Multicolor,_BM,Bright Multicolor,Jewellery,Bracelets,Anklet,Glass; Iron,Golden,,7.99,/232/52/210339_BM_1,210339_BM_1.jpg,none,,,,,,
210629_GD,210629,Necklace FRANJAS Gold,_GD,Gold,Jewellery,Necklaces,Beaded Necklace,Brass; Pearl,Golden,,25.99,/232/52/210629_GD_1,210629_GD_1.jpg,none,,,,,,
210636_GD,210636,Necklace LEAFS STORY Gold,_GD,Gold,Jewellery,Necklaces,Beaded Necklace,Copper; Iron; Zinc,Golden,,25.99,/232/52/210636_GD_1,210636_GD_1.jpg,none,,,,,,
210645_BG,210645,Necklace FRANJAS Beige,_BG,Beige,Jewellery,Necklaces,Beaded Necklace,Copper; Glass; Pearl; Shell; Zinc,Golden,,25.99,/232/52/210645_BG_1,210645_BG_1.jpg,none,,,,,,
210737_HM,210737,Ring GLDN DEL Halftone Multicolor,_HM,Halftone Multicolor,Jewellery,Rings,Band Ring,Brass; Glass,Golden,,6.99,/232/52/210737_HM_1,210737_HM_1.jpg,none,,,,,,
210742_HM,210742,Ring GLDN DEL Halftone Multicolor,_HM,Halftone Multicolor,Jewellery,Rings,Band Ring,Brass; Zirconium,Golden,,5.99,/232/52/210742_HM_1,210742_HM_1.jpg,none,,,,,,
210747_HM,210747,Bracelet GLDN DEL Halftone Multicolor,_HM,Halftone Multicolor,Jewellery,Bracelets,Adjustable Bracelet,Brass; Iron; Zirconium,Golden,,6.99,/232/52/210747_HM_1,210747_HM_1.jpg,none,,,,,,
210932_GD,210932,Necklace LEAFS STORY Gold,_GD,Gold,Jewellery,Necklaces,Beaded Necklace,Iron; Zinc,Golden,,17.99,/232/52/210932_GD_1,210932_GD_1.jpg,none,,,,,,
210951_GD,210951,Earring FRESH WATER PEARL COLLEC Gold,_GD,Gold,Jewellery,Earrings,Dangle,Zinc,Golden,,12.99,/232/52/210951_GD_1,210951_GD_1.jpg,none,,,,,,
210973_GD,210973,Earring LEAFS STORY Gold,_GD,Gold,Jewellery,Earrings,Stud,Iron; Zinc,Golden,,9.99,/232/52/210973_GD_1,210973_GD_1.jpg,none,,,,,,
210979_BM,210979,Earring LAB ABRIL Bright Multicolor,_BM,Bright Multicolor,Jewellery,Earrings,Dangle,Acrylic; Glass; Polyester; Zinc,Golden,,19.99,/232/52/210979_BM_1,210979_BM_1.jpg,none,,,,,,
211041_HM,211041,Earring COTTAGE BLUE Halftone Multicolor,_HM,Halftone Multicolor,Jewellery,Earrings,Hoop Earrings,Acrylic; Iron; Stone,Golden,,7.99,/232/52/211041_HM_1,211041_HM_1.jpg,none,,,,,,
211055_HM,211055,Ring COTTAGE BLUE Halftone Multicolor,_HM,Halftone Multicolor,Jewellery,Rings,Fantasy,Enamel; Zinc,Golden,,5.99,/232/52/211055_HM_2y,211055_HM_2y.jpg,none,,,,,,
211062_BM,211062,Earring COLOMBIA EARRINGS Bright Multicolor,_BM,Bright Multicolor,Jewellery,Earrings,Stud,Glass; Iron; Stainless Steel,Golden,,17.99,/232/52/211062_BM_1,211062_BM_1.jpg,none,,,,,,
211068_GD,211068,Set of Earrings KISS54 Gold,_GD,Gold,Jewellery,Earrings,Hoop Earrings,Glass; Zinc,Golden,,5.99,/232/52/211068_GD_1,211068_GD_1.jpg,none,,,,,,
211075_BL,211075,Bracelet COTTAGE BLUE Blue,_BL,Blue,Jewellery,Bracelets,Elastic Bracelet,Stone; Zinc,Brushed Golden,,9.99,/232/52/211075_BL_1,211075_BL_1.jpg,none,,,,,,
211081_HM,211081,Set of Earrings KISS54 Halftone Multicolor,_HM,Halftone Multicolor,Jewellery,Earrings,Hoop Earrings,Brass; Zirconium,Rodhium,,5.99,/232/52/211081_HM_1,211081_HM_1.jpg,none,,,,,,
211090_HM,211090,Set of Earrings KISS54 Halftone Multicolor,_HM,Halftone Multicolor,Jewellery,Earrings,Hoop Earrings,Brass; Enamel; Zirconium,Golden,,6.99,/232/52/211090_HM_1,211090_HM_1.jpg,none,,,,,,
211109_HM,211109,Earring COTTAGE BLUE Halftone Multicolor,_HM,Halftone Multicolor,Jewellery,Earrings,Hoop Earrings,Acrylic; Brass; Glass; Iron; Stone,Golden,,7.99,/232/52/211109_HM_1,211109_HM_1.jpg,none,,,,,,
211117_HM,211117,Bracelet COTTAGE BLUE Halftone Multicolor,_HM,Halftone Multicolor,Jewellery,Bracelets,Adjustable Bracelet,Zinc,Brushed Golden,,7.99,/232/52/211117_HM_1,211117_HM_1.jpg,none,,,,,,
211128_HM,211128,Set of Earrings COTTAGE BLUE Halftone Multicolor,_HM,Halftone Multicolor,Jewellery,Earrings,Other Earrings,Iron; Pearl; Thermoplastic Polyurethane; Zinc,Brushed Golden,,9.99,/232/52/211128_HM_1,211128_HM_1.jpg,none,,,,,,
211142_HM,211142,Bracelet COTTAGE BLUE Halftone Multicolor,_HM,Halftone Multicolor,Jewellery,Bracelets,Elastic Bracelet,Acrylic; Glass; Stone; Zinc,Brushed Golden,,5.99,/232/52/211142_HM_1,211142_HM_1.jpg,none,,,,,,
211172_HM,211172,Set of Necklaces KISS54 Halftone Multicolor,_HM,Halftone Multicolor,Jewellery,Necklaces,Pendant,Brass; Enamel; Iron; Stone; Zinc,Golden,,15.99,/232/52/211172_HM_1,211172_HM_1.jpg,none,,,,,,
211178_HM,211178,Set of Earrings KISS54 Halftone Multicolor,_HM,Halftone Multicolor,Jewellery,Earrings,Hoop Earrings,Brass; Enamel; Zirconium,Golden,,6.99,/232/52/211178_HM_1,211178_HM_1.jpg,none,,,,,,
211185_HM,211185,Set of Earrings KISS54 Halftone Multicolor,_HM,Halftone Multicolor,Jewellery,Earrings,Hoop Earrings,Brass; Enamel; Zirconium,Golden,,6.99,/232/52/211185_HM_1,211185_HM_1.jpg,none,,,,,,
211192_HM,211192,Necklace KISS54 Halftone Multicolor,_HM,Halftone Multicolor,Jewellery,Necklaces,Beaded Necklace,Glass; Thermoplastic Polyurethane; Zinc,Golden,,9.99,/232/52/211192_HM_1,211192_HM_1.jpg,none,,,,,,
211198_HM,211198,Bracelet KISS54 Halftone Multicolor,_HM,Halftone Multicolor,Jewellery,Bracelets,Anklet,Acrylic; Copper; Glass; Iron; Stone; Zamac,Golden,,7.99,/232/52/211198_HM_1,211198_HM_1.jpg,none,,,,,,
211206_HM,211206,Set of Earrings KISS54 Halftone Multicolor,_HM,Halftone Multicolor,Jewellery,Earrings,Hoop Earrings,Copper; Zirconium,Golden,,6.99,/232/52/211206_HM_1,211206_HM_1.jpg,none,,,,,,
211240_FU,211240,Earring KISS54 Fuchsia,_FU,Fuchsia,Jewellery,Earrings,Ear Cuff,Thermoplastic Polyurethane,Other,,5.99,/232/52/211240_FU_1,211240_FU_1.jpg,none,,,,,,
211251_HM,211251,Bracelet KISS54 Halftone Multicolor,_HM,Halftone Multicolor,Jewellery,Bracelets,Anklet,Iron; Thermoplastic Polyurethane,Golden,,7.99,/232/52/211251_HM_1,211251_HM_1.jpg,none,,,,,,
211257_GD,211257,Set of Earrings KISS54 Gold,_GD,Gold,Jewellery,Earrings,Hoop Earrings,Brass; Zinc; Zirconium,Golden,,5.99,/232/52/211257_GD_1,211257_GD_1.jpg,none,,,,,,
211266_HM,211266,Set of Earrings KISS54 Halftone Multicolor,_HM,Halftone Multicolor,Jewellery,Earrings,Hoop Earrings,Zinc,Golden,,6.99,/232/52/211266_HM_1,211266_HM_1.jpg,none,,,,,,
211271_HM,211271,Set of Earrings KISS54 Halftone Multicolor,_HM,Halftone Multicolor,Jewellery,Earrings,Hoop Earrings,Brass; Zinc; Zirconium,Golden,,5.99,/232/52/211271_HM_1,211271_HM_1.jpg,none,,,,,,
211278_HM,211278,Set of Earrings KISS54 Halftone Multicolor,_HM,Halftone Multicolor,Jewellery,Earrings,Hoop Earrings,Brass; Enamel; Glass; Zinc,Golden,,5.99,/232/52/211278_HM_1,211278_HM_1.jpg,none,,,,,,
211326_GD,211326,Earring GLDN DEL Gold,_GD,Gold,Jewellery,Earrings,Stud,Zinc; Zirconium,Golden,,9.99,/232/52/211326_GD_1,211326_GD_1.jpg,none,,,,,,
211410_WT,211410,Necklace GOLDEN BASICS White,_WT,White,Jewellery,Necklaces,Beaded Necklace,Acrylic; Copper; Iron; Shell,Golden,,12.99,/232/52/211410_WT_1,211410_WT_1.jpg,none,,,,,,
211440_BM,211440,Phone case FASHION SUPPLEMENTS Bright Multicolor,_BM,Bright Multicolor,Jewellery,Mobile Accessories,Mobile Cases,Thermoplastic Polyurethane,Other,,8.99,/232/52/211440_BM_1,211440_BM_1.jpg,none,,,,,,
211456_PE,211456,Key Chain FASHION SUPPLEMENTS Pearl,_PE,Pearl,Jewellery,Key chains,Figures,Acrylic; Iron; Thermoplastic Polyurethane; Zinc,Golden,,12.99,/232/52/211456_PE_1,211456_PE_1.jpg,none,,,,,,
2114611BM,211461,Key Chain FASHION SUPPLEMENTS Bright Multicolor,1BM,Bright Multicolor,Jewellery,Key chains,Charms,Enamel; Iron; Zinc,,,9.99,/242/52/2114611BM_1,2114611BM_1.jpg,none,,,,,,
211461_BM,211461,Key Chain FASHION SUPPLEMENTS Bright Multicolor,_BM,Bright Multicolor,Jewellery,Key chains,Charms,Enamel; Iron; Zinc,Golden,,9.99,/232/52/211461_BM_1,211461_BM_1.jpg,none,,,,,,
211465_BM,211465,Sunglass Holder FASHION SUPPLEMENTS Bright Multicolor,_BM,Bright Multicolor,Jewellery,Other Jewellery,Sunglass Holder,Copper; Enamel; Thermoplastic Polyurethane,Golden,,6.99,/232/52/211465_BM_1,211465_BM_1.jpg,none,,,,,,
211617_GD,211617,Earring GOLDEN BASICS Gold,_GD,Gold,Jewellery,Earrings,Stud,Zinc,Brushed Golden,,4.99,/232/52/211617_GD_1,211617_GD_1.jpg,none,,,,,,
211626_GD,211626,Earring GOLDEN BASICS Gold,_GD,Gold,Jewellery,Earrings,Dangle,Iron,Brushed Golden,,5.99,/232/52/211626_GD_1,211626_GD_1.jpg,none,,,,,,
211633_GD,211633,Ring Golden Basics Gold,_GD,Gold,Jewellery,Rings,Band Ring,Zinc,Golden,,7.99,/232/52/211633_GD_1,211633_GD_1.jpg,none,,,,,,
211643_GD,211643,Earring Golden Basics Gold,_GD,Gold,Jewellery,Earrings,Stud,Iron,Golden,,5.99,/232/52/211643_GD_1,211643_GD_1.jpg,none,,,,,,
211643_SV,211643,Earring SHADES OF COOL Silver,_SV,Silver,Jewellery,Earrings,Stud,Iron,Golden,,5.99,/232/52/211643_SV_1,211643_SV_1.jpg,none,,,,,,
211644_GD,211644,Earring GOLDEN BASICS Gold,_GD,Gold,Jewellery,Earrings,Stud,Iron,Golden,,5.99,/232/52/211644_GD_1,211644_GD_1.jpg,none,,,,,,
211672_DM,211672,Bracelet FLORABUNDANCE Dark Multicolor,_DM,Dark Multicolor,Jewellery,Bracelets,Elastic Bracelet,Resin; Thermoplastic Polyurethane,Golden,,5.99,/232/52/211672_DM_1,211672_DM_1.jpg,none,,,,,,
211679_BM,211679,Necklace FLORABUNDANCE Bright Multicolor,_BM,Bright Multicolor,Jewellery,Necklaces,Pendant,Iron; Resin,Golden,,12.99,/232/52/211679_BM_1,211679_BM_1.jpg,none,,,,,,
211686_DM,211686,Necklace FLORABUNDANCE Dark Multicolor,_DM,Dark Multicolor,Jewellery,Necklaces,Beaded Necklace,Brass; Iron; Resin,Brushed Golden,,12.99,/232/52/211686_DM_1,211686_DM_1.jpg,none,,,,,,
211721_DM,211721,Necklace FLORABUNDANCE Dark Multicolor,_DM,Dark Multicolor,Jewellery,Necklaces,Beaded Necklace,Brass; Resin; Thermoplastic Polyurethane; Zinc,Golden,,9.99,/232/52/211721_DM_1,211721_DM_1.jpg,none,,,,,,
211728_DM,211728,Earring FLORABUNDANCE Dark Multicolor,_DM,Dark Multicolor,Jewellery,Earrings,Drop,Enamel; Zinc,Brushed Golden,,7.99,/232/52/211728_DM_1,211728_DM_1.jpg,none,,,,,,
211750_OR,211750,Ring FLORABUNDANCE Orange,_OR,Orange,Jewellery,Rings,Fantasy,Resin,Other,,7.99,/232/52/211750_OR_1,211750_OR_1.jpg,none,,,,,,
211760_BM,211760,Earring FLORABUNDANCE Bright Multicolor,_BM,Bright Multicolor,Jewellery,Earrings,Dangle,Iron; Resin; Stainless Steel,Golden,,8.99,/232/52/211760_BM_1,211760_BM_1.jpg,none,,,,,,
211766_BL,211766,Ring FLORABUNDANCE Blue,_BL,Blue,Jewellery,Rings,Fantasy,Stone; Zinc,Golden,,7.99,/232/52/211766_BL_1,211766_BL_1.jpg,none,,,,,,
211776_GD,211776,Earring GLDN DEL Gold,_GD,Gold,Jewellery,Earrings,Hoop Earrings,Acrylic; Zinc,Golden,,5.99,/232/52/211776_GD_1,211776_GD_1.jpg,none,,,,,,
211776_SV,211776,Earring SILVER D Silver,_SV,Silver,Jewellery,Earrings,Hoop Earrings,Acrylic; Zinc,Rodhium,,5.99,/232/52/211776_SV_1,211776_SV_1.jpg,none,,,,,,
211799_GD,211799,Earring GLDN DEL Gold,_GD,Gold,Jewellery,Earrings,Dangle,Acrylic; Glass; Iron; Zinc,Golden,,4.99,/232/52/211799_GD_1,211799_GD_1.jpg,none,,,,,,
211799_SV,211799,Earring SILVER D Silver,_SV,Silver,Jewellery,Earrings,Dangle,Acrylic; Glass; Iron; Zinc,Golden,,4.99,/232/52/211799_SV_1,211799_SV_1.jpg,none,,,,,,
211881_HM,211881,Earring TREND Halftone Multicolor,_HM,Halftone Multicolor,Jewellery,Earrings,Dangle,Iron; Shell; Zinc,Golden,,15.99,/232/52/211881_HM_1,211881_HM_1.jpg,none,,,,,,
211881_PM,211881,Earring TREND Pastel Multicolor,_PM,Pastel Multicolor,Jewellery,Earrings,Dangle,Iron; Shell; Zinc,Golden,,15.99,/232/52/211881_PM_1,211881_PM_1.jpg,none,,,,,,
211886_PE,211886,Set of Necklaces TREND Pearl,_PE,Pearl,Jewellery,Necklaces,Pendant,Iron; Pearl; Zinc,Golden,,15.99,/232/52/211886_PE_1,211886_PE_1.jpg,none,,,,,,
211899_BM,211899,Necklace TREND Bright Multicolor,_BM,Bright Multicolor,Jewellery,Necklaces,Beaded Necklace,Acrylic; Ceramic; Glass; Iron; Pearl; Resin; Shell; Stone; Thermoplastic Polyurethane,Golden,,25.99,/232/52/211899_BM_1,211899_BM_1.jpg,none,,,,,,
211904_GD,211904,Earring TREND Gold,_GD,Gold,Jewellery,Earrings,Hoop Earrings,Zinc,Golden,,9.99,/232/52/211904_GD_1,211904_GD_1.jpg,none,,,,,,
211909_BN,211909,Necklace TREND Brown,_BN,Brown,Jewellery,Necklaces,Pendant,Stone; Zinc,Golden,,19.99,/232/52/211909_BN_1,211909_BN_1.jpg,none,,,,,,
211921_YL,211921,Earring TREND Yellow,_YL,Yellow,Jewellery,Earrings,Drop,Glass; Iron; Metal and Cord; Wool,,,15.99,/232/52/211921_YL_1,211921_YL_1.jpg,none,,,,,,
211930_PM,211930,Earring TREND Pastel Multicolor,_PM,Pastel Multicolor,Jewellery,Earrings,Dangle,Brass; Resin,Golden,,12.99,/232/52/211930_PM_1,211930_PM_1.jpg,none,,,,,,
211935_BM,211935,Necklace LAB MAIO Bright Multicolor,_BM,Bright Multicolor,Jewellery,Necklaces,Pendant,Brass; Clay; Cotton; Glass; Iron; Shell; Thermoplastic Polyurethane; Zinc,Antik Golden,,22.99,/232/52/211935_BM_1,211935_BM_1.jpg,none,,,,,,
211946_GD,211946,Earring BHLOTUS Gold,_GD,Gold,Jewellery,Earrings,Stud,Zinc,Brushed Golden,,5.99,/232/52/211946_GD_1,211946_GD_1.jpg,none,,,,,,
211956_HM,211956,Earring BHLOTUS Halftone Multicolor,_HM,Halftone Multicolor,Jewellery,Earrings,Dangle,Iron; Resin; Stone; Thermoplastic Polyurethane,Brushed Golden,,7.99,/232/52/211956_HM_1,211956_HM_1.jpg,none,,,,,,
211961_PK,211961,Earring TREND Pink,_PK,Pink,Jewellery,Earrings,Stud,Resin; Zinc,,,7.99,/232/52/211961_PK_1,211961_PK_1.jpg,none,,,,,,
211966_HM,211966,Earring BHLOTUS Halftone Multicolor,_HM,Halftone Multicolor,Jewellery,Earrings,Hoop Earrings,Iron; Stone,Brushed Golden,,5.99,/232/52/211966_HM_1,211966_HM_1.jpg,none,,,,,,
211973_HM,211973,Bracelet BHLOTUS Halftone Multicolor,_HM,Halftone Multicolor,Jewellery,Bracelets,Adjustable Bracelet,Acrylic; Brass; Cow Leather; Iron; Resin; Stone; Thermoplastic Polyurethane,Brushed Golden,,7.99,/232/52/211973_HM_1,211973_HM_1.jpg,none,,,,,,
211978_HM,211978,Necklace BHLOTUS Halftone Multicolor,_HM,Halftone Multicolor,Jewellery,Necklaces,Beaded Necklace,Acrylic; Iron; Stone; Thermoplastic Polyurethane; Zinc,Brushed Golden,,10.99,/232/52/211978_HM_1,211978_HM_1.jpg,none,,,,,,
211984_RK,211984,Earring BHLOTUS Rock,_RK,Rock,Jewellery,Earrings,Dangle,Iron; Stone,Golden,,4.99,/232/52/211984_RK_1,211984_RK_1.jpg,none,,,,,,
211990_ID,211990,Earring BHLOTUS Indigo Dye,_ID,Indigo Dye,Jewellery,Earrings,Hoop Earrings,Brass; Iron; Stone,Golden,,7.99,/232/52/211990_ID_1,211990_ID_1.jpg,none,,,,,,
211997_HM,211997,Earring BHLOTUS Halftone Multicolor,_HM,Halftone Multicolor,Jewellery,Earrings,Hoop Earrings,Iron; Resin; Stone; Thermoplastic Polyurethane,Golden,,4.99,/232/52/211997_HM_1,211997_HM_1.jpg,none,,,,,,
212003_HM,212003,Bracelet BHLOTUS Halftone Multicolor,_HM,Halftone Multicolor,Jewellery,Bracelets,Elastic Bracelet,Glass; Iron; Resin; Stone; Thermoplastic Polyurethane,Golden,,7.99,/232/52/212003_HM_1,212003_HM_1.jpg,none,,,,,,
212008_GD,212008,Earring GLDN DEL Gold,_GD,Gold,Jewellery,Earrings,Dangle,Brass; Zirconium,Golden,,9.99,/232/52/212008_GD_1,212008_GD_1.jpg,none,,,,,,
212008_HM,212008,Earring GLDN DEL Halftone Multicolor,_HM,Halftone Multicolor,Jewellery,Earrings,Dangle,Brass; Zirconium,,,9.99,/242/52/212008_HM_1,212008_HM_1.jpg,none,,,,,,
212008_SV,212008,Earring SILVER D Silver,_SV,Silver,Jewellery,Earrings,Dangle,Brass; Zirconium,Golden,,9.99,/232/52/212008_SV_1,212008_SV_1.jpg,none,,,,,,
212009_SV,212009,Earring SILVER D Silver,_SV,Silver,Jewellery,Earrings,Dangle,Brass; Iron,Rodhium,,7.99,/232/52/212009_SV_1,212009_SV_1.jpg,none,,,,,,
212010_GD,212010,Necklace GLDN DEL Gold,_GD,Gold,Jewellery,Necklaces,Pendant,Iron; Pearl; Zinc,,,9.99,/232/52/212010_GD_1,212010_GD_1.jpg,none,,,,,,
212010_SV,212010,Necklace SILVER D Silver,_SV,Silver,Jewellery,Necklaces,Pendant,Iron; Pearl; Zinc,Golden,,9.99,/232/52/212010_SV_1,212010_SV_1.jpg,none,,,,,,
212019_HM,212019,Earring GLDN DEL Halftone Multicolor,_HM,Halftone Multicolor,Jewellery,Earrings,Hoop Earrings,Copper; Zirconium,Golden,,5.99,/232/52/212019_HM_1,212019_HM_1.jpg,none,,,,,,
212083_OR,212083,Earring DEGRADE Orange,_OR,Orange,Jewellery,Earrings,Dangle,Acrylic; Glass; Iron,Golden,,7.99,/232/52/212083_OR_1,212083_OR_1.jpg,none,,,,,,
212208_HM,212208,Bracelet BHLOTUS Halftone Multicolor,_HM,Halftone Multicolor,Jewellery,Bracelets,Elastic Bracelet,Metal and Plastic; Resin; Stone; Thermoplastic Rubber,Golden,,5.99,/232/52/212208_HM_1,212208_HM_1.jpg,none,,,,,,
212244_BL,212244,Earring GUARANI VIBES Blue,_BL,Blue,Jewellery,Earrings,Drop,Acrylic; Iron,Brushed Golden,,5.99,/232/52/212244_BL_1,212244_BL_1.jpg,none,,,,,,
212259_GD,212259,Ring GUARANI VIBES Gold,_GD,Gold,Jewellery,Rings,Fantasy,Zamac,Golden,,6.99,/232/52/212259_GD_1,212259_GD_1.jpg,none,,,,,,
212277_BM,212277,Necklace GUARANI VIBES Bright Multicolor,_BM,Bright Multicolor,Jewellery,Necklaces,Beaded Necklace,Glass; Iron; Zinc,Brushed Golden,,10.99,/232/52/212277_BM_1,212277_BM_1.jpg,none,,,,,,
212294_GN,212294,Earring GUARANI VIBES Green,_GN,Green,Jewellery,Earrings,Dangle,Iron; Rubber; Zinc,Brushed Golden,,5.99,/232/52/212294_GN_1,212294_GN_1.jpg,none,,,,,,
212313_BM,212313,Necklace GUARANI VIBES Bright Multicolor,_BM,Bright Multicolor,Jewellery,Necklaces,Collar,Iron; Stone; Zinc,Golden,,10.99,/232/52/212313_BM_1,212313_BM_1.jpg,none,,,,,,
212319_BM,212319,Set of Necklaces GUARANI VIBES Bright Multicolor,_BM,Bright Multicolor,Jewellery,Necklaces,Other Necklaces,Brass; Glass; Iron,Brushed Golden,,15.99,/232/52/212319_BM_1,212319_BM_1.jpg,none,,,,,,
212390_BK,212390,Earring LAB JULHO Black,_BK,Black,Jewellery,Earrings,Dangle,Polyester; Polyethylene Terephthalate,Black Plating,,17.99,/232/52/212390_BK_1,212390_BK_1.jpg,none,,,,,,
212395_GD,212395,Earring GOLD PLATED COLLECTION Gold,_GD,Gold,Jewellery,Earrings,Dangle,Brass,Gold Plated,,23.99,/232/52/212395_GD_2y,212395_GD_2y.jpg,none,,,,,,
212440_HM,212440,Necklace ORPHIC Halftone Multicolor,_HM,Halftone Multicolor,Jewellery,Necklaces,Pendant,Copper; Resin; Zinc,Golden,,10.99,/232/52/212440_HM_1,212440_HM_1.jpg,none,,,,,,
212446_HM,212446,Bracelet ORPHIC Halftone Multicolor,_HM,Halftone Multicolor,Jewellery,Bracelets,Elastic Bracelet,Acrylic; Stone; Thermoplastic Polyurethane; Zinc,Golden,,7.99,/232/52/212446_HM_1,212446_HM_1.jpg,none,,,,,,
212504_PK,212504,Ring ORPHIC Pink,_PK,Pink,Jewellery,Rings,Cocktail,Stone; Zinc,Golden,,7.99,/232/52/212504_PK_1,212504_PK_1.jpg,none,,,,,,
212509_BK,212509,Earring ECLIPSE Black,_BK,Black,Jewellery,Earrings,Dangle,Brass; Iron; Resin; Stone; Zinc,Golden,,7.99,/232/52/212509_BK_1,212509_BK_1.jpg,none,,,,,,
212509_HM,212509,Earring ORPHIC Halftone Multicolor,_HM,Halftone Multicolor,Jewellery,Earrings,Dangle,Brass; Iron; Resin; Stone; Zinc,Golden,,7.99,/232/52/212509_HM_1,212509_HM_1.jpg,none,,,,,,
212527_BM,212527,Earring EXPEDITION Bright Multicolor,_BM,Bright Multicolor,Jewellery,Earrings,Hoop Earrings,Acrylic; Iron; Rubber; Thermoplastic Polyurethane,Worn Gold,,5.99,/232/52/212527_BM_1,212527_BM_1.jpg,none,,,,,,
212532_GD,212532,Earring EXPEDITION Gold,_GD,Gold,Jewellery,Earrings,Hoop Earrings,Zinc,Golden,,5.99,/232/52/212532_GD_1,212532_GD_1.jpg,none,,,,,,
212544_HM,212544,Necklace EXPEDITION Halftone Multicolor,_HM,Halftone Multicolor,Jewellery,Necklaces,Pendant,Acrylic; Iron; Zinc,Worn Gold,,12.99,/232/52/212544_HM_1,212544_HM_1.jpg,none,,,,,,
212553_HM,212553,Set of Necklaces EXPEDITION Halftone Multicolor,_HM,Halftone Multicolor,Jewellery,Necklaces,Beaded Necklace,Acrylic; Brass; Thermoplastic Polyurethane; Zinc,Golden,,12.99,/232/52/212553_HM_1,212553_HM_1.jpg,none,,,,,,
212561_RD,212561,Earring EXPEDITION Red,_RD,Red,Jewellery,Earrings,Dangle,Iron; Stone; Zamac,Worn Gold,,5.99,/232/52/212561_RD_1,212561_RD_1.jpg,none,,,,,,
212569_DN,212569,Earring EXPEDITION Dark Green,_DN,Dark Green,Jewellery,Earrings,Hoop Earrings,Iron; Resin; Stone,Golden,,5.99,/232/52/212569_DN_1,212569_DN_1.jpg,none,,,,,,
212584_RD,212584,Earring EXPEDITION Red,_RD,Red,Jewellery,Earrings,Hoop Earrings,Iron; Thermoplastic Polyurethane,Worn Gold,,5.99,/232/52/212584_RD_1,212584_RD_1.jpg,none,,,,,,
212590_HM,212590,Bracelet EXPEDITION Halftone Multicolor,_HM,Halftone Multicolor,Jewellery,Bracelets,Elastic Bracelet,Iron; Resin; Zinc,Golden,,6.99,/232/52/212590_HM_1,212590_HM_1.jpg,none,,,,,,
212607_BM,212607,Earring THE COUPLE Bright Multicolor,_BM,Bright Multicolor,Jewellery,Earrings,Dangle,Glass; Steel,Golden,,17.99,/232/52/212607_BM_1,212607_BM_1.jpg,none,,,,,,
212612_BM,212612,Necklace THE COUPLE Bright Multicolor,_BM,Bright Multicolor,Jewellery,Necklaces,Other Necklaces,Glass,Golden,,22.99,/232/52/212612_BM_1,212612_BM_1.jpg,none,,,,,,
212665_GD,212665,Ring Golden Basics Gold,_GD,Gold,Jewellery,Rings,Band Ring,Zinc,Golden,,7.99,/232/52/212665_GD_1,212665_GD_1.jpg,none,,,,,,
212671_GD,212671,Ring GOLDEN BASICS Gold,_GD,Gold,Jewellery,Rings,Band Ring,Zinc,Golden,,5.99,/232/52/212671_GD_1,212671_GD_1.jpg,none,,,,,,
212679_GD,212679,Earring Golden Basics Gold,_GD,Gold,Jewellery,Earrings,Tassel Earring,Copper; Iron,Golden,,12.99,/232/52/212679_GD_1,212679_GD_1.jpg,none,,,,,,
212686_HM,212686,Set of Necklaces ORPHIC Halftone Multicolor,_HM,Halftone Multicolor,Jewellery,Necklaces,Chain,Acrylic; Glass; Resin; Stone; Thermoplastic Polyurethane,Golden,,12.99,/232/52/212686_HM_1,212686_HM_1.jpg,none,,,,,,
2126970HM,212697,Earring FLEURSDUMER Halftone Multicolor,0HM,Halftone Multicolor,Jewellery,Earrings,Dangle,Iron; Resin,Brushed Golden,,7.99,/241/52/2126970HM_1,2126970HM_1.jpg,none,,,,,,
212697_HM,212697,Earring ORPHIC Halftone Multicolor,_HM,Halftone Multicolor,Jewellery,Earrings,Dangle,Iron; Resin,Brushed Golden,,7.99,/232/52/212697_HM_1,212697_HM_1.jpg,none,,,,,,
212711_HM,212711,Earring ORPHIC Halftone Multicolor,_HM,Halftone Multicolor,Jewellery,Earrings,Dangle,Acrylic; Iron; Stone,Golden,,5.99,/232/52/212711_HM_1,212711_HM_1.jpg,none,,,,,,
212733_BU,212733,Earring ORPHIC Burgundy,_BU,Burgundy,Jewellery,Earrings,Hoop Earrings,Brass; Glass; Iron; Resin,Golden,,5.99,/232/52/212733_BU_1,212733_BU_1.jpg,none,,,,,,
212827_BL,212827,Set of Necklaces COTTAGE BLUE Blue,_BL,Blue,Jewellery,Necklaces,Pendant,Iron; Stone; Thermoplastic Polyurethane; Zinc,Golden,,12.99,/232/52/212827_BL_1,212827_BL_1.jpg,none,,,,,,
212848_PE,212848,Earring GLDN DEL Pearl,_PE,Pearl,Jewellery,Earrings,Dangle,Pearl; Zinc,Golden,,9.99,/232/52/212848_PE_1,212848_PE_1.jpg,none,,,,,,
212854_GD,212854,Earring GLDN DEL Gold,_GD,Gold,Jewellery,Earrings,Hoop Earrings,Acrylic; Brass; Zirconium,Golden,,5.99,/232/52/212854_GD_1,212854_GD_1.jpg,none,,,,,,
212854_SV,212854,Earring SILVER D Silver,_SV,Silver,Jewellery,Earrings,Hoop Earrings,Acrylic; Brass; Zirconium,Golden,,5.99,/232/52/212854_SV_1,212854_SV_1.jpg,none,,,,,,
212855_GD,212855,Earring GLDN DEL Gold,_GD,Gold,Jewellery,Earrings,Dangle,Brass; Zinc; Zirconium,Golden,,7.99,/232/52/212855_GD_1,212855_GD_1.jpg,none,,,,,,
212943_HM,212943,Earring mulstone Halftone Multicolor,_HM,Halftone Multicolor,Jewellery,Earrings,Hoop Earrings,Acrylic; Glass; Iron; Stone; Thermoplastic Polyurethane,Golden,,5.99,/232/52/212943_HM_1,212943_HM_1.jpg,none,,,,,,
212949_HM,212949,Bracelet mulstone Halftone Multicolor,_HM,Halftone Multicolor,Jewellery,Bracelets,Elastic Bracelet,Acrylic; Stone; Thermoplastic Polyurethane,Golden,,5.99,/232/52/212949_HM_1,212949_HM_1.jpg,none,,,,,,
212960_BK,212960,Necklace ECLIPSE Black,_BK,Black,Jewellery,Necklaces,Pendant,Brass; Glass; Pearl; Resin; Zinc,Brushed Golden,,12.99,/232/52/212960_BK_1,212960_BK_1.jpg,none,,,,,,
212966_BK,212966,Earring ECLIPSE Black,_BK,Black,Jewellery,Earrings,Dangle,Glass; Iron; Zinc,Golden,,7.99,/232/52/212966_BK_1,212966_BK_1.jpg,none,,,,,,
212975_HM,212975,Earring mulstone Halftone Multicolor,_HM,Halftone Multicolor,Jewellery,Earrings,Dangle,Brass; Iron; Pearl; Resin; Stone; Thermoplastic Polyurethane,Golden,,12.99,/232/52/212975_HM_1,212975_HM_1.jpg,none,,,,,,
212982_GN,212982,Earring mulstone Green,_GN,Green,Jewellery,Earrings,Clip Earrings,Iron; Resin; Zinc,Brushed Golden,,9.99,/232/52/212982_GN_1,212982_GN_1.jpg,none,,,,,,
212994_HM,212994,Necklace mulstone Halftone Multicolor,_HM,Halftone Multicolor,Jewellery,Necklaces,Beaded Necklace,Acrylic; Copper; Glass; Iron; Stone; Zamac,Golden,,10.99,/232/52/212994_HM_1,212994_HM_1.jpg,none,,,,,,
213001_HM,213001,Earring mulstone Halftone Multicolor,_HM,Halftone Multicolor,Jewellery,Earrings,Hoop Earrings,Acrylic; Iron; Thermoplastic Polyurethane,Golden,,5.99,/232/52/213001_HM_1,213001_HM_1.jpg,none,,,,,,
213008_HM,213008,Necklace mulstone Halftone Multicolor,_HM,Halftone Multicolor,Jewellery,Necklaces,Pendant,Glass; Iron; Stone; Zinc,Golden,,12.99,/232/52/213008_HM_1,213008_HM_1.jpg,none,,,,,,
213053_BK,213053,Bracelet ECLIPSE Black,_BK,Black,Jewellery,Bracelets,Adjustable Bracelet,Brass; Glass; Resin; Thermoplastic Polyurethane; Zinc,Golden,,6.99,/232/52/213053_BK_1,213053_BK_1.jpg,none,,,,,,
213073_BK,213073,Bracelet ECLIPSE Black,_BK,Black,Jewellery,Bracelets,Bangle,Enamel; Glass; Iron; Zinc,Golden,,7.99,/232/52/213073_BK_1,213073_BK_1.jpg,none,,,,,,
213080_BK,213080,Earring ECLIPSE Black,_BK,Black,Jewellery,Earrings,Dangle,Iron; Resin; Zinc,Brushed Golden,,5.99,/232/52/213080_BK_1,213080_BK_1.jpg,none,,,,,,
213087_BK,213087,Bracelet ECLIPSE Black,_BK,Black,Jewellery,Bracelets,Adjustable Bracelet,Brass; Glass; Zinc,Golden,,7.99,/232/52/213087_BK_1,213087_BK_1.jpg,none,,,,,,
213096_BK,213096,Earring ECLIPSE Black,_BK,Black,Jewellery,Earrings,Hoop Earrings,Glass; Zinc,Golden,,5.99,/232/52/213096_BK_1,213096_BK_1.jpg,none,,,,,,
213105_BK,213105,Earring ECLIPSE Black,_BK,Black,Jewellery,Earrings,Dangle,Stone; Thermoplastic Polyurethane; Zinc,Brushed Golden,,7.99,/232/52/213105_BK_1,213105_BK_1.jpg,none,,,,,,
213113_BK,213113,Necklace ECLIPSE Black,_BK,Black,Jewellery,Necklaces,Beaded Necklace,Acrylic; Glass; Iron; Thermoplastic Polyurethane,Brushed Golden,,10.99,/232/52/213113_BK_1,213113_BK_1.jpg,none,,,,,,
213132_BK,213132,Bracelet ECLIPSE Black,_BK,Black,Jewellery,Bracelets,Elastic Bracelet,Glass; Stone; Zinc,Brushed Golden,,5.99,/232/52/213132_BK_1,213132_BK_1.jpg,none,,,,,,
213138_BK,213138,Earring ECLIPSE Black,_BK,Black,Jewellery,Earrings,Dangle,Zinc; Zirconium,Brushed Golden,,8.99,/232/52/213138_BK_1,213138_BK_1.jpg,none,,,,,,
213142_BK,213142,Earring ECLIPSE Black,_BK,Black,Jewellery,Earrings,Stud,Brass; Zirconium,Brushed Golden,,5.99,/232/52/213142_BK_1,213142_BK_1.jpg,none,,,,,,
213142_GD,213142,Earring Golden Basics Gold,_GD,Gold,Jewellery,Earrings,Stud,Zinc,,,5.99,/241/52/213142_GD_1,213142_GD_1.jpg,none,,,,,,
213142_SV,213142,Earring SHADES OF COOL Silver,_SV,Silver,Jewellery,Earrings,Stud,Zinc,Rodhium,,5.99,/241/52/213142_SV_1,213142_SV_1.jpg,none,,,,,,
213150_BK,213150,Ring ECLIPSE Black,_BK,Black,Jewellery,Rings,Band Ring,Brass; Zirconium,Golden,,4.99,/232/52/213150_BK_1,213150_BK_1.jpg,none,,,,,,
213366_HM,213366,Earring ORPHIC Halftone Multicolor,_HM,Halftone Multicolor,Jewellery,Earrings,Dangle,Iron; Shell; Zinc,Golden,,9.99,/232/52/213366_HM_1,213366_HM_1.jpg,none,,,,,,
213736_GD,213736,Necklace TREND Gold,_GD,Gold,Jewellery,Necklaces,Beaded Necklace,Iron; Resin; Zinc,Worn Gold,,17.99,/232/52/213736_GD_1,213736_GD_1.jpg,none,,,,,,
213747_GD,213747,Earring TREND Gold,_GD,Gold,Jewellery,Earrings,Stud,Copper; Glass,Worn Gold,,12.99,/232/52/213747_GD_1,213747_GD_1.jpg,none,,,,,,
213754_GD,213754,Earring TREND Gold,_GD,Gold,Jewellery,Earrings,Hoop Earrings,Brass; Iron; Thermoplastic Polyurethane; Zinc,Worn Gold,,9.99,/232/52/213754_GD_1,213754_GD_1.jpg,none,,,,,,
213779_GD,213779,Ring ULTRAVIO Gold,_GD,Gold,Jewellery,Rings,Fantasy,Resin; Zinc,Worn Gold,,7.99,/232/52/213779_GD_1,213779_GD_1.jpg,none,,,,,,
213805_PU,213805,Earring ULTRAVIO Purple,_PU,Purple,Jewellery,Earrings,Dangle,Acrylic; Glass; Iron; Zinc,Worn Gold,,9.99,/232/52/213805_PU_1,213805_PU_1.jpg,none,,,,,,
213820_HM,213820,Necklace ULTRAVIO Halftone Multicolor,_HM,Halftone Multicolor,Jewellery,Necklaces,Pendant,Acrylic; Iron; Resin; Stone; Thermoplastic Polyurethane; Zinc,Worn Gold,,12.99,/232/52/213820_HM_1,213820_HM_1.jpg,none,,,,,,
213841_HM,213841,Earring ULTRAVIO Halftone Multicolor,_HM,Halftone Multicolor,Jewellery,Earrings,Hoop Earrings,Enamel; Resin,Worn Gold,,5.99,/232/52/213841_HM_1,213841_HM_1.jpg,none,,,,,,
213889_NV,213889,Necklace KISS MIX&MATCH Navy,_NV,Navy,Jewellery,Necklaces,Chain,Brass; Iron,Golden,,10.99,/232/52/213889_NV_1,213889_NV_1.jpg,none,,,,,,
213903_HM,213903,Set of Earrings KISS MIX&MATCH Halftone Multicolor,_HM,Halftone Multicolor,Jewellery,Earrings,Hoop Earrings,Copper; Enamel,Golden,,8.99,/232/52/213903_HM_1,213903_HM_1.jpg,none,,,,,,
213920_DM,213920,Earring FLORABUNDANCE Dark Multicolor,_DM,Dark Multicolor,Jewellery,Earrings,Hoop Earrings,Acrylic; Iron; Thermoplastic Polyurethane,Golden,,5.99,/232/52/213920_DM_1,213920_DM_1.jpg,none,,,,,,
213929_DM,213929,Earring FLORABUNDANCE Dark Multicolor,_DM,Dark Multicolor,Jewellery,Earrings,Drop,Acrylic; Enamel; Iron; Resin; Zinc,Golden,,8.99,/232/52/213929_DM_1,213929_DM_1.jpg,none,,,,,,
213959_BM,213959,Ring GUARANI VIBES Bright Multicolor,_BM,Bright Multicolor,Jewellery,Rings,Band Ring,Enamel; Zamac,Golden,,5.99,/232/52/213959_BM_1,213959_BM_1.jpg,none,,,,,,
213992_HM,213992,Set of Earrings KISS MIX&MATCH Halftone Multicolor,_HM,Halftone Multicolor,Jewellery,Earrings,Hoop Earrings,Glass; Iron; Zinc; Zirconium,Golden,,6.99,/232/52/213992_HM_1,213992_HM_1.jpg,none,,,,,,
214000_BL,214000,Earring KISS MIX&MATCH Blue,_BL,Blue,Jewellery,Earrings,Stud,Brass; Enamel; Glass,Golden,,5.99,/232/52/214000_BL_1,214000_BL_1.jpg,none,,,,,,
214001_GD,214001,Set of Earrings KISS MIX&MATCH Gold,_GD,Gold,Jewellery,Earrings,Hoop Earrings,Brass; Glass,Silver,,6.99,/232/52/214001_GD_1,214001_GD_1.jpg,none,,,,,,
214001_SV,214001,Set of Earrings KISS MIX&MATCH Silver,_SV,Silver,Jewellery,Earrings,Hoop Earrings,Brass; Glass,Silver,,6.99,/232/52/214001_SV_1,214001_SV_1.jpg,none,,,,,,
214009_HM,214009,Set of Earrings KISS MIX&MATCH Halftone Multicolor,_HM,Halftone Multicolor,Jewellery,Earrings,Hoop Earrings,Enamel; Zinc,Golden,,7.99,/232/52/214009_HM_1,214009_HM_1.jpg,none,,,,,,
214016_BM,214016,Earring STARRYNIGHT Bright Multicolor,_BM,Bright Multicolor,Jewellery,Earrings,Clip Earrings,Brass; Enamel; Resin; Zinc,Black Nikel,,9.99,/232/52/214016_BM_1,214016_BM_1.jpg,none,,,,,,
214051_BM,214051,Earring STARRYNIGHT Bright Multicolor,_BM,Bright Multicolor,Jewellery,Earrings,Hoop Earrings,Zinc,Golden,,5.99,/232/52/214051_BM_1,214051_BM_1.jpg,none,,,,,,
214063_BM,214063,Earring STARRYNIGHT Bright Multicolor,_BM,Bright Multicolor,Jewellery,Earrings,Stud,Acrylic; Iron,Black Plating,,8.99,/232/52/214063_BM_1,214063_BM_1.jpg,none,,,,,,
214116_BL,214116,Ring GUMMY PARTY Blue,_BL,Blue,Jewellery,Rings,Stone/Gem,Acrylic; Steel; Thermoplastic Polyurethane,Golden,,4.99,/232/52/214116_BL_1,214116_BL_1.jpg,none,,,,,,
214123_BM,214123,Earring GUMMY PARTY Bright Multicolor,_BM,Bright Multicolor,Jewellery,Earrings,Dangle,Brass; Glass; Thermoplastic Polyurethane; Zinc,Brushed Golden,,5.99,/232/52/214123_BM_1,214123_BM_1.jpg,none,,,,,,
214133_BL,214133,Necklace GUMMY PARTY Blue,_BL,Blue,Jewellery,Necklaces,Pendant,Brass; Glass; Polymer,Golden,,12.99,/232/52/214133_BL_1,214133_BL_1.jpg,none,,,,,,
214133_GN,214133,Necklace GUMMY PARTY Green,_GN,Green,Jewellery,Necklaces,Pendant,Brass; Glass; Polymer,Golden,,12.99,/232/52/214133_GN_1,214133_GN_1.jpg,none,,,,,,
214134_BM,214134,Earring GUMMY PARTY Bright Multicolor,_BM,Bright Multicolor,Jewellery,Earrings,Dangle,Glass; Iron; Polymer,Golden,,9.99,/232/52/214134_BM_1,214134_BM_1.jpg,none,,,,,,
214143_GD,214143,Ring GUMMY PARTY Gold,_GD,Gold,Jewellery,Rings,Band Ring,Glass; Zinc,Golden,,5.99,/232/52/214143_GD_1,214143_GD_1.jpg,none,,,,,,
214152_BM,214152,Earring GUMMY PARTY Bright Multicolor,_BM,Bright Multicolor,Jewellery,Earrings,Hoop Earrings,Glass; Iron; Thermoplastic Polyurethane,Golden,,7.99,/232/52/214152_BM_1,214152_BM_1.jpg,none,,,,,,
214158_HM,214158,Earring ORPHIC Halftone Multicolor,_HM,Halftone Multicolor,Jewellery,Earrings,Stud,Acrylic; Iron,Golden,,5.99,/232/52/214158_HM_1,214158_HM_1.jpg,none,,,,,,
214165_HM,214165,Necklace ORPHIC Halftone Multicolor,_HM,Halftone Multicolor,Jewellery,Necklaces,Beaded Necklace,Enamel; Iron; Resin,Golden,,10.99,/232/52/214165_HM_1,214165_HM_1.jpg,none,,,,,,
214173_HM,214173,Necklace ORPHIC Halftone Multicolor,_HM,Halftone Multicolor,Jewellery,Necklaces,Pendant,Iron; Resin; Zinc,Brushed Golden,,12.99,/232/52/214173_HM_1,214173_HM_1.jpg,none,,,,,,
214199_HM,214199,Earring mulstone Halftone Multicolor,_HM,Halftone Multicolor,Jewellery,Earrings,Hoop Earrings,Iron; Resin; Stone; Thermoplastic Polyurethane,Golden,,5.99,/232/52/214199_HM_1,214199_HM_1.jpg,none,,,,,,
214210_HM,214210,Necklace mulstone Halftone Multicolor,_HM,Halftone Multicolor,Jewellery,Necklaces,Beaded Necklace,Acrylic; Glass; Iron; Stone; Thermoplastic Polyurethane,Golden,,12.99,/232/52/214210_HM_1,214210_HM_1.jpg,none,,,,,,
214234_BU,214234,Earring STARRYNIGHT Burgundy,_BU,Burgundy,Jewellery,Earrings,Dangle,Thermoplastic Polyurethane; Zinc,Black Plating,,7.99,/232/52/214234_BU_1,214234_BU_1.jpg,none,,,,,,
214366_BM,214366,Earring GUMMY PARTY Bright Multicolor,_BM,Bright Multicolor,Jewellery,Earrings,Dangle,Clay; Copper; Glass,Golden,,12.99,/232/52/214366_BM_1,214366_BM_1.jpg,none,,,,,,
214403_DM,214403,Earring Moonlight azure Dark Multicolor,_DM,Dark Multicolor,Jewellery,Earrings,Hoop Earrings,Iron; Stone; Thermoplastic Polyurethane,Golden,,5.99,/232/52/214403_DM_1,214403_DM_1.jpg,none,,,,,,
214409_MI,214409,Earring Moonlight azure Midnight Blue,_MI,Midnight Blue,Jewellery,Earrings,Stud,Glass; Iron,Golden,,9.99,/232/52/214409_MI_1,214409_MI_1.jpg,none,,,,,,
214525_MI,214525,Necklace Moonlight azure Midnight Blue,_MI,Midnight Blue,Jewellery,Necklaces,Collar,Glass,Other,,19.99,/232/52/214525_MI_1,214525_MI_1.jpg,none,,,,,,
214530_MI,214530,Earring Moonlight azure Midnight Blue,_MI,Midnight Blue,Jewellery,Earrings,Stud,Enamel; Iron; Zamac,Golden,,9.99,/232/52/214530_MI_1,214530_MI_1.jpg,none,,,,,,
214676_HM,214676,Earring TREND Halftone Multicolor,_HM,Halftone Multicolor,Jewellery,Earrings,Dangle,Acrylic; Resin; Zinc,Golden,,15.99,/232/52/214676_HM_1,214676_HM_1.jpg,none,,,,,,
214921_SV,214921,Necklace Hallo Silver,_SV,Silver,Jewellery,Necklaces,Collar,Acrylic; Iron; Zinc,Silver,,25.99,/232/52/214921_SV_1,214921_SV_1.jpg,none,,,,,,
215016_SV,215016,Key Chain FASHION SUPPLEMENTS Silver,_SV,Silver,Jewellery,Key chains,Figures,Glass; Zinc,Silver,,12.99,/232/52/215016_SV_1,215016_SV_1.jpg,none,,,,,,
215111_NV,215111,Earring STARRYNIGHT Navy,_NV,Navy,Jewellery,Earrings,Stud,Acrylic; Zinc,Black Plating,,9.99,/232/52/215111_NV_1,215111_NV_1.jpg,none,,,,,,
215134_GD,215134,Earring Golden Basics Gold,_GD,Gold,Jewellery,Earrings,Dangle,Iron,Brushed Golden,,7.99,/232/52/215134_GD_1,215134_GD_1.jpg,none,,,,,,
215487_SV,215487,Earring REMY Silver,_SV,Silver,Jewellery,Earrings,Stud,Thermoplastic Polyurethane,Silver,,15.99,/232/52/215487_SV_1,215487_SV_1.jpg,none,,,,,,
215507_SV,215507,Earring SILVER D Silver,_SV,Silver,Jewellery,Earrings,Dangle,Brass; Iron,Golden,,5.99,/241/52/215507_SV_1,215507_SV_1.jpg,none,,,,,,
215509_HM,215509,Ring GLDN DEL Halftone Multicolor,_HM,Halftone Multicolor,Jewellery,Rings,Band Ring,Zinc; Zirconium,Golden,,5.99,/241/52/215509_HM_1,215509_HM_1.jpg,none,,,,,,
215527_GD,215527,Earring EYE COLLECTION Gold,_GD,Gold,Jewellery,Earrings,Hoop Earrings,Zinc,Worn Gold,,12.99,/232/52/215527_GD_1,215527_GD_1.jpg,none,,,,,,
215539_HM,215539,Necklace GLDN DEL Halftone Multicolor,_HM,Halftone Multicolor,Jewellery,Necklaces,Beaded Necklace,Glass; Iron; Pearl,,,10.99,/241/52/215539_HM_2y,215539_HM_2y.jpg,none,,,,,,
215543_GD,215543,Earring GLDN DEL Gold,_GD,Gold,Jewellery,Earrings,Dangle,Glass; Zinc,Golden,,4.99,/241/52/215543_GD_1,215543_GD_1.jpg,none,,,,,,
215543_SV,215543,Earring SILVER D Silver,_SV,Silver,Jewellery,Earrings,Dangle,Glass; Zinc,Golden,,4.99,/241/52/215543_SV_1,215543_SV_1.jpg,none,,,,,,
215559_GD,215559,Earring GLDN DEL Gold,_GD,Gold,Jewellery,Earrings,Dangle,Brass; Zirconium,Golden,,4.99,/241/52/215559_GD_1,215559_GD_1.jpg,none,,,,,,
215560_GD,215560,Ring GLDN DEL Gold,_GD,Gold,Jewellery,Rings,Cocktail,Brass; Zirconium,Golden,,5.99,/241/52/215560_GD_1,215560_GD_1.jpg,none,,,,,,
215560_SV,215560,Ring SILVER D Silver,_SV,Silver,Jewellery,Rings,Cocktail,Brass; Zirconium,Golden,,5.99,/241/52/215560_SV_1,215560_SV_1.jpg,none,,,,,,
215572_GD,215572,Set of Earrings GLDN DEL Gold,_GD,Gold,Jewellery,Earrings,Hoop Earrings,Acrylic; Brass; Zirconium,Golden,,4.99,/241/52/215572_GD_2y,215572_GD_2y.jpg,none,,,,,,
215572_SV,215572,Set of Earrings SILVER D Silver,_SV,Silver,Jewellery,Earrings,Hoop Earrings,Acrylic; Brass; Zirconium,Golden,,4.99,/241/52/215572_SV_1y,215572_SV_1y.jpg,none,,,,,,
215575_HM,215575,Ring GLDN DEL Halftone Multicolor,_HM,Halftone Multicolor,Jewellery,Rings,Cocktail,Brass; Zirconium,Golden,,6.99,/241/52/215575_HM_1,215575_HM_1.jpg,none,,,,,,
215581_SV,215581,Earring SILVER D Silver,_SV,Silver,Jewellery,Earrings,Dangle,Iron,Rodhium,,7.99,/241/52/215581_SV_1,215581_SV_1.jpg,none,,,,,,
215601_GD,215601,Bracelet GLDN DEL Gold,_GD,Gold,Jewellery,Bracelets,Non-Adjustable Bracelet,Copper; Pearl,Golden,,6.99,/241/52/215601_GD_1,215601_GD_1.jpg,none,,,,,,
215601_SV,215601,Bracelet SILVER D Silver,_SV,Silver,Jewellery,Bracelets,Non-Adjustable Bracelet,Copper; Pearl,Golden,,6.99,/241/52/215601_SV_1,215601_SV_1.jpg,none,,,,,,
215603_GD,215603,Bracelet GLDN DEL Gold,_GD,Gold,Jewellery,Bracelets,Non-Adjustable Bracelet,Copper; Iron,Golden,,7.99,/241/52/215603_GD_1,215603_GD_1.jpg,none,,,,,,
215614_GD,215614,Bracelet GLDN DEL Gold,_GD,Gold,Jewellery,Bracelets,Adjustable Bracelet,Brass; Zirconium,Golden,,7.99,/241/52/215614_GD_1,215614_GD_1.jpg,none,,,,,,
2156191HM,215619,Earring GLDN DEL Halftone Multicolor,1HM,Halftone Multicolor,Jewellery,Earrings,Stud,Brass; Zirconium,Golden,,7.99,/242/52/2156191HM_1,2156191HM_1.jpg,none,,,,,,
215619_HM,215619,Earring GLDN DEL Halftone Multicolor,_HM,Halftone Multicolor,Jewellery,Earrings,Stud,Brass; Zirconium,Golden,,7.99,/241/52/215619_HM_1,215619_HM_1.jpg,none,,,,,,
215644_GD,215644,Necklace GLDN DEL Gold,_GD,Gold,Jewellery,Necklaces,Beaded Necklace,Brass; Iron,Golden,,12.99,/241/52/215644_GD_1,215644_GD_1.jpg,none,,,,,,
215644_SV,215644,Necklace SILVER D Silver,_SV,Silver,Jewellery,Necklaces,Beaded Necklace,Brass; Iron,Golden,,12.99,/241/52/215644_SV_1,215644_SV_1.jpg,none,,,,,,
215648_SV,215648,Necklace SILVER D Silver,_SV,Silver,Jewellery,Necklaces,Beaded Necklace,Brass; Iron; Zirconium,,,10.99,/241/52/215648_SV_1,215648_SV_1.jpg,none,,,,,,
215655_GD,215655,Ring GLDN DEL Gold,_GD,Gold,Jewellery,Rings,Cocktail,Brass; Zirconium,Golden,,6.99,/241/52/215655_GD_1,215655_GD_1.jpg,none,,,,,,
215655_SV,215655,Ring SILVER D Silver,_SV,Silver,Jewellery,Rings,Cocktail,Brass; Zirconium,Golden,,6.99,/241/52/215655_SV_1,215655_SV_1.jpg,none,,,,,,
215879_IV,215879,Bracelet Golden Basics Extra Ivory,_IV,Ivory,Jewellery,Bracelets,Elastic Bracelet,Enamel; Zinc,,,9.99,/241/52/215879_IV_1,215879_IV_1.jpg,none,,,,,,
215901_IV,215901,Earring Golden Basics Extra Ivory,_IV,Ivory,Jewellery,Earrings,Dangle,Acrylic; Enamel; Zinc,,,9.99,/241/52/215901_IV_1,215901_IV_1.jpg,none,,,,,,
215921_IV,215921,Earring Golden Basics Extra Ivory,_IV,Ivory,Jewellery,Earrings,Hoop Earrings,Enamel; Zinc,Golden,,5.99,/241/52/215921_IV_1,215921_IV_1.jpg,none,,,,,,
215921_WT,215921,Earring Golden Basics White,_WT,White,Jewellery,Earrings,Hoop Earrings,Resin; Zinc,Golden,,5.99,/242/52/215921_WT_1,215921_WT_1.jpg,none,,,,,,
215929_IV,215929,Earring Golden Basics Extra Ivory,_IV,Ivory,Jewellery,Earrings,Hoop Earrings,Enamel; Zinc,Golden,,7.99,/241/52/215929_IV_1,215929_IV_1.jpg,none,,,,,,
215936_GD,215936,Ring Golden Basics Gold,_GD,Gold,Jewellery,Rings,Band Ring,Zinc,Brushed Golden,,4.99,/241/52/215936_GD_1,215936_GD_1.jpg,none,,,,,,
215949_GD,215949,Earring Golden Basics Gold,_GD,Gold,Jewellery,Earrings,Stud,Iron,Golden,,5.99,/232/52/215949_GD_1,215949_GD_1.jpg,none,,,,,,
215958_GD,215958,Necklace Golden Basics Gold,_GD,Gold,Jewellery,Necklaces,Beaded Necklace,Brass; Steel; Thermoplastic Polyurethane,Golden,,12.99,/241/52/215958_GD_1,215958_GD_1.jpg,none,,,,,,
215987_MI,215987,Set of Rings mulstone Midnight Blue,_MI,Midnight Blue,Jewellery,Rings,Band Ring,Stone; Zinc,Golden,,7.99,/232/52/215987_MI_1,215987_MI_1.jpg,none,,,,,,
215994_IV,215994,Necklace Golden Basics Extra Ivory,_IV,Ivory,Jewellery,Necklaces,Bib Necklace,Enamel; Iron; Zinc,Golden,,12.99,/241/52/215994_IV_1,215994_IV_1.jpg,none,,,,,,
216004_RD,216004,Ring STAR WARS Red,_RD,Red,Jewellery,Rings,Fantasy,Enamel; Glass; Zinc,Golden,,12.99,/232/52/216004_RD_1,216004_RD_1.jpg,none,,,,,,
216010_BM,216010,Earring STAR WARS Bright Multicolor,_BM,Bright Multicolor,Jewellery,Earrings,Dangle,Enamel; Glass; Thermoplastic Polyurethane; Zinc,Golden,,19.99,/232/52/216010_BM_1,216010_BM_1.jpg,none,,,,,,
216068_GD,216068,Set of Bracelets Golden Basics Gold,_GD,Gold,Jewellery,Bracelets,Elastic Bracelet,Thermoplastic Polyurethane,Golden,,7.99,/241/52/216068_GD_1,216068_GD_1.jpg,none,,,,,,
216089_IV,216089,Earring Golden Basics Extra Ivory,_IV,Ivory,Jewellery,Earrings,Dangle,Enamel; Zinc,,,9.99,/241/52/216089_IV_1,216089_IV_1.jpg,none,,,,,,
216108_GD,216108,Earring Golden Basics Gold,_GD,Gold,Jewellery,Earrings,Dangle,Brass; Zinc,Golden,,12.99,/241/52/216108_GD_1,216108_GD_1.jpg,none,,,,,,
216206_GD,216206,Earring Golden Basics Gold,_GD,Gold,Jewellery,Earrings,Stud,Steel,Golden,,5.99,/232/52/216206_GD_1,216206_GD_1.jpg,none,,,,,,
216213_GD,216213,Earring Golden Basics Gold,_GD,Gold,Jewellery,Earrings,Hoop Earrings,Brass; Iron,Brushed Golden,,7.99,/241/52/216213_GD_1,216213_GD_1.jpg,none,,,,,,
216218_GD,216218,Earring Golden Basics Gold,_GD,Gold,Jewellery,Earrings,Dangle,Iron,Multifinishing,,8.99,/241/52/216218_GD_1,216218_GD_1.jpg,none,,,,,,
216226_GD,216226,Necklace Golden Basics Gold,_GD,Gold,Jewellery,Necklaces,Bib Necklace,Iron,Matt Brushed Gold,,12.99,/241/52/216226_GD_1,216226_GD_1.jpg,none,,,,,,
216235_FG,216235,Earring FLEURSDUMER Forest Green,_FG,Forest Green,Jewellery,Earrings,Dangle,Brass; Steel; Thermoplastic Polyurethane,Brushed Golden,,5.99,/241/52/216235_FG_1,216235_FG_1.jpg,none,,,,,,
216235_GD,216235,Earring PERMANENT - ROTATIVE JEWE Gold,_GD,Gold,Jewellery,Earrings,Dangle,Iron,,,5.99,/232/52/216235_GD_1,216235_GD_1.jpg,none,,,,,,
216242_IV,216242,Earring Golden Basics Ivory,_IV,Ivory,Jewellery,Earrings,Dangle,Acrylic; Iron; Thermoplastic Polyurethane,Brushed Golden,,7.99,/241/52/216242_IV_1,216242_IV_1.jpg,none,,,,,,
216249_GD,216249,Necklace Golden Basics Extra Gold,_GD,Gold,Jewellery,Necklaces,Pendant,Feather; Iron,Golden,,12.99,/241/52/216249_GD_1,216249_GD_1.jpg,none,,,,,,
216279_BM,216279,Key Chain FASHION SUPPLEMENTS Bright Multicolor,_BM,Bright Multicolor,Jewellery,Key chains,Other Key-Chain,Acrylic; Enamel; Iron; Zinc,,,9.99,/241/52/216279_BM_1,216279_BM_1.jpg,none,,,,,,
216295_GD,216295,Pin FASHION SUPPLEMENTS Gold,_GD,Gold,Jewellery,Pins,Pin,Acrylic; Zinc,Golden,,4.99,/241/52/216295_GD_1,216295_GD_1.jpg,none,,,,,,
216300_GD,216300,Pin FASHION SUPPLEMENTS Gold,_GD,Gold,Jewellery,Pins,Pin,Glass; Iron; Zinc,Brushed Golden,,6.99,/241/52/216300_GD_1,216300_GD_1.jpg,none,,,,,,
216322_IV,216322,Necklace Golden Basics Extra Ivory,_IV,Ivory,Jewellery,Necklaces,Beaded Necklace,Brass; Enamel; Zinc,Golden,,15.99,/241/52/216322_IV_1,216322_IV_1.jpg,none,,,,,,
216334_BK,216334,Earring Milagro Black,_BK,Black,Jewellery,Earrings,Stud,Enamel; Stainless Steel; Zinc,Brushed Golden,,5.99,/242/52/216334_BK_1,216334_BK_1.jpg,none,,,,,,
216334_GD,216334,Earring Golden Basics Extra Gold,_GD,Gold,Jewellery,Earrings,Stud,Enamel; Iron; Zamac,Brushed Golden,,5.99,/241/52/216334_GD_1,216334_GD_1.jpg,none,,,,,,
216336_IV,216336,Earring Golden Basics Extra Ivory,_IV,Ivory,Jewellery,Earrings,Hoop Earrings,Enamel; Iron; Zamac,Golden,,5.99,/241/52/216336_IV_1,216336_IV_1.jpg,none,,,,,,
216386_GD,216386,Earring Golden Basics Gold,_GD,Gold,Jewellery,Earrings,Hoop Earrings,Iron,Brushed Golden,,5.99,/241/52/216386_GD_1,216386_GD_1.jpg,none,,,,,,
216432_GD,216432,Earring REAL PEARLS Gold,_GD,Gold,Jewellery,Earrings,Dangle,Iron; Pearl,Worn Gold,,17.99,/232/52/216432_GD_1,216432_GD_1.jpg,none,,,,,,
216441_GD,216441,Earring REAL PEARLS Gold,_GD,Gold,Jewellery,Earrings,Drop,Brass; Pearl,Worn Gold,,17.99,/232/52/216441_GD_1,216441_GD_1.jpg,none,,,,,,
216664_BU,216664,Bracelet Gipsy Garden Burgundy,_BU,Burgundy,Jewellery,Bracelets,Elastic Bracelet,Enamel; Zamac,,,9.99,/241/52/216664_BU_1,216664_BU_1.jpg,none,,,,,,
216670_HM,216670,Earring Gipsy Garden Halftone Multicolor,_HM,Halftone Multicolor,Jewellery,Earrings,Hoop Earrings,Iron; Resin; Thermoplastic Polyurethane,Worn Gold,,5.99,/241/52/216670_HM_1,216670_HM_1.jpg,none,,,,,,
216682_WI,216682,Earring Gipsy Garden Wine,_WI,Wine,Jewellery,Earrings,Drop,Resin; Zinc,Worn Gold,,5.99,/241/52/216682_WI_1,216682_WI_1.jpg,none,,,,,,
216692_HM,216692,Necklace Gipsy Garden Halftone Multicolor,_HM,Halftone Multicolor,Jewellery,Necklaces,Collar,Acrylic; Iron; Thermoplastic Polyurethane; Zinc,,,10.99,/241/52/216692_HM_1,216692_HM_1.jpg,none,,,,,,
216700_BU,216700,Earring Gipsy Garden Burgundy,_BU,Burgundy,Jewellery,Earrings,Hoop Earrings,Acrylic; Iron; Resin; Zinc,,,9.99,/241/52/216700_BU_1,216700_BU_1.jpg,none,,,,,,
216708_DM,216708,Necklace Gipsy Garden Dark Multicolor,_DM,Dark Multicolor,Jewellery,Necklaces,Pendant,Acrylic; Brass; Iron; Resin; Zinc,Worn Gold,,12.99,/241/52/216708_DM_1,216708_DM_1.jpg,none,,,,,,
216719_DM,216719,Earring Gipsy Garden Dark Multicolor,_DM,Dark Multicolor,Jewellery,Earrings,Dangle,Enamel; Iron; Thermoplastic Polyurethane; Zinc,Worn Gold,,5.99,/241/52/216719_DM_1,216719_DM_1.jpg,none,,,,,,
216741_GD,216741,Letter Necklace GOLD PLATED COLLECTION Gold,_GD,Gold,Jewellery,Necklaces,Letter,Brass; Stone,Gold Plated,,27.99,/241/52/216741_GD_3y,216741_GD_3y.jpg,none,,,,,,
216751_DM,216751,Bracelet Gipsy Garden Dark Multicolor,_DM,Dark Multicolor,Jewellery,Bracelets,Elastic Bracelet,Acrylic; Thermoplastic Polyurethane,Worn Gold,,7.99,/241/52/216751_DM_1,216751_DM_1.jpg,none,,,,,,
216833_HM,216833,Necklace VENDREDI Halftone Multicolor,_HM,Halftone Multicolor,Jewellery,Necklaces,Pendant,Acrylic; Brass; Iron; Metal and Plastic; Zinc,Golden,,12.99,/241/52/216833_HM_1,216833_HM_1.jpg,none,,,,,,
216844_HM,216844,Bracelet mulstone Halftone Multicolor,_HM,Halftone Multicolor,Jewellery,Bracelets,Elastic Bracelet,Acrylic; Thermoplastic Polyurethane,Matte Golden,,6.99,/232/52/216844_HM_1,216844_HM_1.jpg,none,,,,,,
216885_HM,216885,Necklace VENDREDI Halftone Multicolor,_HM,Halftone Multicolor,Jewellery,Necklaces,Pendant,Acrylic; Brass; Iron; Stone; Thermoplastic Polyurethane,Brushed Golden,,12.99,/241/52/216885_HM_1,216885_HM_1.jpg,none,,,,,,
216899_AM,216899,Ring VENDREDI Amethyst,_AM,Amethyst,Jewellery,Rings,Stone/Gem,Stone; Zinc,Golden,,6.99,/241/52/216899_AM_1,216899_AM_1.jpg,none,,,,,,
216911_TG,216911,Ring VENDREDI Pastel Green,_TG,Pastel Green,Jewellery,Rings,Fantasy,Resin; Zinc,Golden,,6.99,/241/52/216911_TG_1,216911_TG_1.jpg,none,,,,,,
216920_HM,216920,Necklace VENDREDI Halftone Multicolor,_HM,Halftone Multicolor,Jewellery,Necklaces,Pendant,Brass; Steel; Thermoplastic Polyurethane,Golden,,12.99,/241/52/216920_HM_1,216920_HM_1.jpg,none,,,,,,
216926_HM,216926,Bracelet VENDREDI Halftone Multicolor,_HM,Halftone Multicolor,Jewellery,Bracelets,Elastic Bracelet,Acrylic; Thermoplastic Polyurethane; Zinc,Golden,,7.99,/241/52/216926_HM_1,216926_HM_1.jpg,none,,,,,,
216972_GD,216972,Earring GOLDEN PEARLS Gold,_GD,Gold,Jewellery,Earrings,Hoop Earrings,Thermoplastic Polyurethane; Zinc,Golden,,5.99,/241/52/216972_GD_2,216972_GD_2.jpg,none,,,,,,
216977_GD,216977,Earring GOLDEN PEARLS Gold,_GD,Gold,Jewellery,Earrings,Dangle,Acrylic; Brass; Iron,Brushed Golden,,7.99,/241/52/216977_GD_1,216977_GD_1.jpg,none,,,,,,
216982_GD,216982,Bracelet GOLDEN PEARLS Gold,_GD,Gold,Jewellery,Bracelets,Elastic Bracelet,Acrylic; Zinc,Golden,,7.99,/241/52/216982_GD_1,216982_GD_1.jpg,none,,,,,,
216987_GD,216987,Earring GOLDEN PEARLS Gold,_GD,Gold,Jewellery,Earrings,Hoop Earrings,Acrylic; Zinc,Golden,,5.99,/241/52/216987_GD_1,216987_GD_1.jpg,none,,,,,,
216993_BM,216993,Bracelet ARM NIGHT Bright Multicolor,_BM,Bright Multicolor,Jewellery,Bracelets,Adjustable Bracelet,Copper; Glass; Polyester,Golden,,5.99,/241/52/216993_BM_1,216993_BM_1.jpg,none,,,,,,
216998_BM,216998,Bracelet ARM LOVERS Bright Multicolor,_BM,Bright Multicolor,Jewellery,Bracelets,Adjustable Bracelet,Brass; Enamel; Polyester; Zinc,Golden,,7.99,/241/52/216998_BM_2y,216998_BM_2y.jpg,none,,,,,,
217002_BL,217002,Bracelet ARM NIGHT Blue,_BL,Blue,Jewellery,Bracelets,Adjustable Bracelet,Copper; Glass; Suede,Golden,,5.99,/241/52/217002_BL_1,217002_BL_1.jpg,none,,,,,,
217002_PE,217002,Bracelet Arm Sand Pearl,_PE,Pearl,Jewellery,Bracelets,Adjustable Bracelet,Brass; Copper; Enamel; Glass; Nylon; Polyester; Rubber; Zirconium,Golden,,5.99,/242/52/217002_PE_1,217002_PE_1.jpg,none,,,,,,
217053_DM,217053,Bracelet Moonlight azure Dark Multicolor,_DM,Dark Multicolor,Jewellery,Bracelets,Elastic Bracelet,Enamel; Thermoplastic Polyurethane; Zinc,Golden,,8.99,/232/52/217053_DM_1,217053_DM_1.jpg,none,,,,,,
217129_HM,217129,Key Chain FASHION SUPPLEMENTS Halftone Multicolor,_HM,Halftone Multicolor,Jewellery,Key chains,Charms,Enamel; Iron; Polyester; Zamac,Golden,,15.99,/241/52/217129_HM_1,217129_HM_1.jpg,none,,,,,,
217154_GD,217154,Bracelet Golden Basics Gold,_GD,Gold,Jewellery,Bracelets,Cuff,Zinc,Golden,,8.99,/232/52/217154_GD_1,217154_GD_1.jpg,none,,,,,,
217185_PK,217185,Earring CUPID Pink,_PK,Pink,Jewellery,Earrings,Stud,Suede; Zinc,,,9.99,/241/52/217185_PK_1,217185_PK_1.jpg,none,,,,,,
217199_HM,217199,Bracelet VENDREDI Halftone Multicolor,_HM,Halftone Multicolor,Jewellery,Bracelets,Elastic Bracelet,Acrylic,Golden,,6.99,/241/52/217199_HM_1,217199_HM_1.jpg,none,,,,,,
217214_GD,217214,Ring CUPID Gold,_GD,Gold,Jewellery,Rings,Fantasy,Resin; Thermoplastic Polyurethane,Other,,7.99,/241/52/217214_GD_1,217214_GD_1.jpg,none,,,,,,
217304_PK,217304,Earring SPARKLING EARRINGS Pink,_PK,Pink,Jewellery,Earrings,Dangle,Copper; Stone,Worn Gold,,23.99,/241/52/217304_PK_1,217304_PK_1.jpg,none,,,,,,
217309_SV,217309,Earring SHADES OF COOL Silver,_SV,Silver,Jewellery,Earrings,Dangle,Zinc,Rodhium,,5.99,/241/52/217309_SV_1,217309_SV_1.jpg,none,,,,,,
217316_SV,217316,Ring SHADES OF COOL Silver,_SV,Silver,Jewellery,Rings,Band Ring,Zinc,Rodhium,,4.99,/241/52/217316_SV_1,217316_SV_1.jpg,none,,,,,,
217325_SV,217325,Earring SHADES OF COOL Silver,_SV,Silver,Jewellery,Earrings,Stud,Zinc,Rodhium,,5.99,/241/52/217325_SV_1,217325_SV_1.jpg,none,,,,,,
217336_GD,217336,Earring Golden Basics Gold,_GD,Gold,Jewellery,Earrings,Hoop Earrings,Zinc,Golden,,5.99,/242/52/217336_GD_1,217336_GD_1.jpg,none,,,,,,
217336_SV,217336,Earring SILVER BASICS Silver,_SV,Silver,Jewellery,Earrings,Hoop Earrings,Zinc,Rodhium,,5.99,/241/52/217336_SV_1,217336_SV_1.jpg,none,,,,,,
217347_SV,217347,Earring SHADES OF COOL Silver,_SV,Silver,Jewellery,Earrings,Hoop Earrings,Iron; Pearl; Zamac,Rodhium,,5.99,/241/52/217347_SV_1,217347_SV_1.jpg,none,,,,,,
217369_SV,217369,Earring SHADES OF COOL Silver,_SV,Silver,Jewellery,Earrings,Hoop Earrings,Zinc,Rodhium,,5.99,/241/52/217369_SV_1,217369_SV_1.jpg,none,,,,,,
217375_SV,217375,Necklace SHADES OF COOL Silver,_SV,Silver,Jewellery,Necklaces,Chain,Iron; Zinc,Rodhium,,12.99,/241/52/217375_SV_1,217375_SV_1.jpg,none,,,,,,
217383_SV,217383,Earring SHADES OF COOL Silver,_SV,Silver,Jewellery,Earrings,Dangle,Copper; Zinc,Rodhium,,5.99,/241/52/217383_SV_1,217383_SV_1.jpg,none,,,,,,
217391_BK,217391,Set of Necklaces SHADES OF COOL Black,_BK,Black,Jewellery,Necklaces,Pendant,Iron; Suede; Thermoplastic Polyurethane; Zinc,Rodhium,,12.99,/241/52/217391_BK_1,217391_BK_1.jpg,none,,,,,,
217398_SV,217398,Earring SHADES OF COOL Silver,_SV,Silver,Jewellery,Earrings,Stud,Iron; Zinc,Rodhium,,5.99,/241/52/217398_SV_1,217398_SV_1.jpg,none,,,,,,
217413_HM,217413,Earring VENDREDI Halftone Multicolor,_HM,Halftone Multicolor,Jewellery,Earrings,Dangle,Thermoplastic Polyurethane; Zinc,Brushed Golden,,7.99,/241/52/217413_HM_1,217413_HM_1.jpg,none,,,,,,
217420_HM,217420,Bracelet FLEURSDUMER Halftone Multicolor,_HM,Halftone Multicolor,Jewellery,Bracelets,Elastic Bracelet,Enamel; Thermoplastic Polyurethane,Golden,,6.99,/241/52/217420_HM_1,217420_HM_1.jpg,none,,,,,,
217428_HM,217428,Bracelet FLEURSDUMER Halftone Multicolor,_HM,Halftone Multicolor,Jewellery,Bracelets,Elastic Bracelet,Acrylic; Thermoplastic Polyurethane,Golden,,6.99,/241/52/217428_HM_1,217428_HM_1.jpg,none,,,,,,
2174311SV,217431,Earring Classy Field Silver,1SV,Silver,Jewellery,Earrings,Hoop Earrings,Thermoplastic Polyurethane,Worn Rhodium,,5.99,/241/52/2174311SV_1,2174311SV_1.jpg,none,,,,,,
217431_BK,217431,Earring Milagro Black,_BK,Black,Jewellery,Earrings,Hoop Earrings,Acrylic; Cork,Other,,5.99,/242/52/217431_BK_1,217431_BK_1.jpg,none,,,,,,
217431_DG,217431,Earring GLDN DEL Dark Grey,_DG,Dark Grey,Jewellery,Earrings,Hoop Earrings,Glass; Thermoplastic Polyurethane; Zinc,Rodhium,,8.99,/242/52/217431_DG_1,217431_DG_1.jpg,none,,,,,,
217431_GD,217431,Earring Golden Basics Gold,_GD,Gold,Jewellery,Earrings,Hoop Earrings,Thermoplastic Polyurethane,,,5.99,/241/52/217431_GD_1,217431_GD_1.jpg,none,,,,,,
217431_SV,217431,Earring SILVER BASICS Silver,_SV,Silver,Jewellery,Earrings,Hoop Earrings,Thermoplastic Polyurethane,,,5.99,/241/52/217431_SV_1,217431_SV_1.jpg,none,,,,,,
217448_HM,217448,Earring FLEURSDUMER Halftone Multicolor,_HM,Halftone Multicolor,Jewellery,Earrings,Hoop Earrings,Acrylic; Iron,Brushed Golden,,7.99,/241/52/217448_HM_1,217448_HM_1.jpg,none,,,,,,
217454_HM,217454,Earring FLEURSDUMER Halftone Multicolor,_HM,Halftone Multicolor,Jewellery,Earrings,Dangle,Iron; Resin; Zinc,Brushed Golden,,7.99,/241/52/217454_HM_1,217454_HM_1.jpg,none,,,,,,
217462_FG,217462,Earring FLEURSDUMER Forest Green,_FG,Forest Green,Jewellery,Earrings,Hoop Earrings,Iron; Resin,Brushed Golden,,5.99,/241/52/217462_FG_1,217462_FG_1.jpg,none,,,,,,
217483_BM,217483,Earring SUNSET JUNCTION Bright Multicolor,_BM,Bright Multicolor,Jewellery,Earrings,Hoop Earrings,Brass; Iron; Stone,Brushed Golden,,7.99,/241/52/217483_BM_1,217483_BM_1.jpg,none,,,,,,
217483_FG,217483,Earring FLEURSDUMER Forest Green,_FG,Forest Green,Jewellery,Earrings,Hoop Earrings,Iron; Stone,Brushed Golden,,7.99,/241/52/217483_FG_1,217483_FG_1.jpg,none,,,,,,
217485_HM,217485,Necklace FLEURSDUMER Halftone Multicolor,_HM,Halftone Multicolor,Jewellery,Necklaces,Beaded Necklace,Acrylic; Brass; Iron; Resin,Golden,,12.99,/241/52/217485_HM_1,217485_HM_1.jpg,none,,,,,,
217525_SV,217525,Set of Earrings SHADES OF COOL Silver,_SV,Silver,Jewellery,Earrings,Hoop Earrings,Zinc,Rodhium,,8.99,/241/52/217525_SV_1,217525_SV_1.jpg,none,,,,,,
217538_SV,217538,Earring SHADES OF COOL Silver,_SV,Silver,Jewellery,Earrings,Hoop Earrings,Zinc,Rodhium,,7.99,/241/52/217538_SV_1,217538_SV_1.jpg,none,,,,,,
217635_SV,217635,Set of Earrings SILVER D Silver,_SV,Silver,Jewellery,Earrings,Hoop Earrings,Acrylic; Glass; Iron; Zinc,Rodhium,,4.99,/241/52/217635_SV_1,217635_SV_1.jpg,none,,,,,,
217643_GD,217643,Earring GLDN DEL Gold,_GD,Gold,Jewellery,Earrings,Dangle,Brass; Glass,Golden,,8.99,/241/52/217643_GD_1,217643_GD_1.jpg,none,,,,,,
217657_GD,217657,Bracelet GLDN DEL Gold,_GD,Gold,Jewellery,Bracelets,Adjustable Bracelet,Brass; Zinc; Zirconium,Golden,,6.99,/241/52/217657_GD_1,217657_GD_1.jpg,none,,,,,,
217657_SV,217657,Bracelet SILVER D Silver,_SV,Silver,Jewellery,Bracelets,Adjustable Bracelet,Brass; Zinc; Zirconium,Golden,,6.99,/241/52/217657_SV_1,217657_SV_1.jpg,none,,,,,,
217679_IV,217679,Ring Golden Basics Extra Ivory,_IV,Ivory,Jewellery,Rings,Band Ring,Enamel; Zinc,Golden,,5.99,/241/52/217679_IV_1,217679_IV_1.jpg,none,,,,,,
217686_GD,217686,Earring Golden Basics Gold,_GD,Gold,Jewellery,Earrings,Hoop Earrings,Zinc,Golden,,5.99,/241/52/217686_GD_1,217686_GD_1.jpg,none,,,,,,
217693_IV,217693,Earring Golden Basics Extra Ivory,_IV,Ivory,Jewellery,Earrings,Stud,Enamel; Iron; Zinc,Brushed Golden,,5.99,/241/52/217693_IV_1,217693_IV_1.jpg,none,,,,,,
217973_GD,217973,Necklace Golden Basics Gold,_GD,Gold,Jewellery,Necklaces,Pendant,Brass; Thermoplastic Polyurethane,,,10.99,/241/52/217973_GD_1,217973_GD_1.jpg,none,,,,,,
218298_HM,218298,Earring ETHNICS Halftone Multicolor,_HM,Halftone Multicolor,Jewellery,Earrings,Dangle,Thermoplastic Polyurethane; Zinc,Worn Gold,,8.99,/241/52/218298_HM_1,218298_HM_1.jpg,none,,,,,,
218309_GD,218309,Necklace ETHNICS Gold,_GD,Gold,Jewellery,Necklaces,Chain,Copper; Zinc,Worn Gold,,15.99,/241/52/218309_GD_1,218309_GD_1.jpg,none,,,,,,
218315_HM,218315,Set of Earrings ETHNICS Halftone Multicolor,_HM,Halftone Multicolor,Jewellery,Earrings,Hoop Earrings,Iron; Resin; Rubber; Zinc,Worn Gold,,5.99,/241/52/218315_HM_1,218315_HM_1.jpg,none,,,,,,
218324_HM,218324,Set of Rings ETHNICS Halftone Multicolor,_HM,Halftone Multicolor,Jewellery,Rings,Band Ring,Resin; Zinc,Worn Gold,,8.99,/241/52/218324_HM_1,218324_HM_1.jpg,none,,,,,,
218331_HM,218331,Earring ETHNICS Halftone Multicolor,_HM,Halftone Multicolor,Jewellery,Earrings,Drop,Stone; Thermoplastic Polyurethane; Zinc,Worn Gold,,7.99,/241/52/218331_HM_1,218331_HM_1.jpg,none,,,,,,
218339_HM,218339,Earring ETHNICS Halftone Multicolor,_HM,Halftone Multicolor,Jewellery,Earrings,Dangle,Resin; Zinc,Worn Gold,,7.99,/241/52/218339_HM_1,218339_HM_1.jpg,none,,,,,,
218347_BN,218347,Necklace ETHNICS Brown,_BN,Brown,Jewellery,Necklaces,Pendant,Polyester; Zinc,Worn Gold,,12.99,/241/52/218347_BN_1,218347_BN_1.jpg,none,,,,,,
218363_HM,218363,Bracelet ETHNICS Halftone Multicolor,_HM,Halftone Multicolor,Jewellery,Bracelets,Adjustable Bracelet,Polyester; Thermoplastic Polyurethane,Worn Gold,,5.99,/241/52/218363_HM_1,218363_HM_1.jpg,none,,,,,,
218370_HM,218370,Necklace ETHNICS Halftone Multicolor,_HM,Halftone Multicolor,Jewellery,Necklaces,Pendant,Iron; Resin; Zinc,,,10.99,/241/52/218370_HM_2y,218370_HM_2y.jpg,none,,,,,,
218378_IV,218378,Necklace ETHNICS Ivory,_IV,Ivory,Jewellery,Necklaces,Pendant,Brass; Cotton; Iron; Zinc,Worn Gold,,15.99,/241/52/218378_IV_1,218378_IV_1.jpg,none,,,,,,
218385_RO,218385,Ring ETHNICS Old Rose,_RO,Old Rose,Jewellery,Rings,Cocktail,Resin,Other,,6.99,/241/52/218385_RO_1,218385_RO_1.jpg,none,,,,,,
218481_BM,218481,Necklace SUNSET JUNCTION Bright Multicolor,_BM,Bright Multicolor,Jewellery,Necklaces,Beaded Necklace,Acrylic; Stone; Thermoplastic Polyurethane,Brushed Golden,,12.99,/241/52/218481_BM_1,218481_BM_1.jpg,none,,,,,,
218492_ID,218492,Ring SUNSET JUNCTION Indigo Dye,_ID,Indigo Dye,Jewellery,Rings,Fantasy,Resin,Other,,6.99,/241/52/218492_ID_1,218492_ID_1.jpg,none,,,,,,
218519_HM,218519,Necklace SUNSET JUNCTION Halftone Multicolor,_HM,Halftone Multicolor,Jewellery,Necklaces,Beaded Necklace,Acrylic; Brass; Iron; Stone; Zinc,Golden,,12.99,/241/52/218519_HM_1,218519_HM_1.jpg,none,,,,,,
218525_BM,218525,Necklace SUNSET JUNCTION Bright Multicolor,_BM,Bright Multicolor,Jewellery,Necklaces,Beaded Necklace,Acrylic; Brass; Stone; Zinc,,,10.99,/241/52/218525_BM_1,218525_BM_1.jpg,none,,,,,,
218541_GD,218541,Earring GLDN DEL Gold,_GD,Gold,Jewellery,Earrings,Stud,Acrylic; Brass; Iron; Metal and Plastic,Golden,,5.99,/241/52/218541_GD_1,218541_GD_1.jpg,none,,,,,,
218541_SV,218541,Earring SILVER D Silver,_SV,Silver,Jewellery,Earrings,Stud,Acrylic; Brass; Iron; Metal and Plastic,Golden,,5.99,/241/52/218541_SV_1,218541_SV_1.jpg,none,,,,,,
218551_HM,218551,Earring GLDN DEL Halftone Multicolor,_HM,Halftone Multicolor,Jewellery,Earrings,Dangle,Acrylic; Brass; Zirconium,Golden,,8.99,/241/52/218551_HM_1,218551_HM_1.jpg,none,,,,,,
218560_GD,218560,Earring GLDN DEL Gold,_GD,Gold,Jewellery,Earrings,Stud,Brass; Zirconium,Golden,,4.99,/241/52/218560_GD_1,218560_GD_1.jpg,none,,,,,,
218572_GD,218572,Necklace GLDN DEL Gold,_GD,Gold,Jewellery,Necklaces,Beaded Necklace,Acrylic; Brass,,,10.99,/241/52/218572_GD_1,218572_GD_1.jpg,none,,,,,,
218578_GD,218578,Earring GLDN DEL Gold,_GD,Gold,Jewellery,Earrings,Dangle,Acrylic; Iron,Golden,,4.99,/241/52/218578_GD_1,218578_GD_1.jpg,none,,,,,,
218585_GD,218585,Necklace GLDN DEL Gold,_GD,Gold,Jewellery,Necklaces,Pendant,Zinc; Zirconium,,,10.99,/241/52/218585_GD_1,218585_GD_1.jpg,none,,,,,,
218589_GD,218589,Earring GLDN DEL Gold,_GD,Gold,Jewellery,Earrings,Dangle,Brass; Iron,Brushed Golden,,8.99,/241/52/218589_GD_1,218589_GD_1.jpg,none,,,,,,
218589_SV,218589,Earring SILVER D Silver,_SV,Silver,Jewellery,Earrings,Dangle,Brass; Iron,Brushed Golden,,8.99,/241/52/218589_SV_1,218589_SV_1.jpg,none,,,,,,
218592_GD,218592,Earring GLDN DEL Gold,_GD,Gold,Jewellery,Earrings,Hoop Earrings,Brass; Iron; Pearl,Golden,,5.99,/241/52/218592_GD_1,218592_GD_1.jpg,none,,,,,,
218615_BM,218615,Bracelet SUNSET JUNCTION Bright Multicolor,_BM,Bright Multicolor,Jewellery,Bracelets,Elastic Bracelet,Acrylic; Stone; Thermoplastic Polyurethane; Zinc,Golden,,7.99,/241/52/218615_BM_1,218615_BM_1.jpg,none,,,,,,
218674_GN,218674,Earring SUNSET JUNCTION Green,_GN,Green,Jewellery,Earrings,Hoop Earrings,Brass; Thermoplastic Polyurethane,Golden,,5.99,/241/52/218674_GN_1,218674_GN_1.jpg,none,,,,,,
218830_AQ,218830,Necklace NILE Aquamarine,_AQ,Aquamarine,Jewellery,Necklaces,Pendant,Iron; Thermoplastic Polyurethane; Zinc,,,10.99,/241/52/218830_AQ_1,218830_AQ_1.jpg,none,,,,,,
218867_BL,218867,Earring NILE Blue,_BL,Blue,Jewellery,Earrings,Dangle,Iron; Resin,Worn Gold,,5.99,/241/52/218867_BL_2y,218867_BL_2y.jpg,none,,,,,,
218895_BL,218895,Necklace NILE Blue,_BL,Blue,Jewellery,Necklaces,Pendant,Acrylic; Cork; Stone; Thermoplastic Polyurethane; Zinc,Golden,,12.99,/241/52/218895_BL_1,218895_BL_1.jpg,none,,,,,,
218905_BL,218905,Earring NILE Blue,_BL,Blue,Jewellery,Earrings,Dangle,Iron; Resin; Stone; Zinc,Worn Gold,,5.99,/241/52/218905_BL_1,218905_BL_1.jpg,none,,,,,,
218921_HM,218921,Earring NILE Halftone Multicolor,_HM,Halftone Multicolor,Jewellery,Earrings,Dangle,Acrylic; Brass; Iron; Stone,Worn Gold,,8.99,/241/52/218921_HM_1,218921_HM_1.jpg,none,,,,,,
218934_GN,218934,Earring NILE Green,_GN,Green,Jewellery,Earrings,Dangle,Acrylic; Iron; Stone,Worn Gold,,7.99,/241/52/218934_GN_1,218934_GN_1.jpg,none,,,,,,
218940_BL,218940,Earring NILE Blue,_BL,Blue,Jewellery,Earrings,Dangle,Stone; Zinc,Worn Gold,,5.99,/241/52/218940_BL_1,218940_BL_1.jpg,none,,,,,,
218950_BM,218950,Earring FABRIC COLLECTION Bright Multicolor,_BM,Bright Multicolor,Jewellery,Earrings,Hoop Earrings,Cotton; Glass; Iron,Other,,15.99,/241/52/218950_BM_1,218950_BM_1.jpg,none,,,,,,
219003_BL,219003,Earring NILE Blue,_BL,Blue,Jewellery,Earrings,Hoop Earrings,Brass; Thermoplastic Polyurethane,Golden,,5.99,/241/52/219003_BL_1,219003_BL_1.jpg,none,,,,,,
219024_HM,219024,Bracelet NILE Halftone Multicolor,_HM,Halftone Multicolor,Jewellery,Bracelets,Elastic Bracelet,Brass; Glass; Stone; Thermoplastic Polyurethane; Zinc,Worn Gold,,7.99,/241/52/219024_HM_1,219024_HM_1.jpg,none,,,,,,
219051_GD,219051,Key Chain FASHION SUPPLEMENTS Gold,_GD,Gold,Jewellery,Key chains,Figures,Clay; Iron; Zinc,Worn Gold,,12.99,/241/52/219051_GD_1,219051_GD_1.jpg,none,,,,,,
219064_GD,219064,Pin FASHION SUPPLEMENTS Gold,_GD,Gold,Jewellery,Pins,Pin,Iron; Zinc,Golden,,5.99,/242/52/219064_GD_1,219064_GD_1.jpg,none,,,,,,
219064_RD,219064,Pin FASHION SUPPLEMENTS Red,_RD,Red,Jewellery,Pins,Pin,Enamel; Zinc,Golden,,5.99,/241/52/219064_RD_1,219064_RD_1.jpg,none,,,,,,
219065_SV,219065,Pin FASHION SUPPLEMENTS Silver,_SV,Silver,Jewellery,Pins,Romantic Brooche,Zinc,Silver,,5.99,/241/52/219065_SV_1,219065_SV_1.jpg,none,,,,,,
219083_HM,219083,Earring Classy Field Halftone Multicolor,_HM,Halftone Multicolor,Jewellery,Earrings,Hoop Earrings,Glass; Iron; Stone; Thermoplastic Polyurethane,Rodhium,,5.99,/241/52/219083_HM_1,219083_HM_1.jpg,none,,,,,,
219101_CO,219101,Set of Earrings Classy Field Copper,_CO,Copper,Jewellery,Earrings,Hoop Earrings,Brass; Resin; Zinc,Rodhium,,8.99,/241/52/219101_CO_1,219101_CO_1.jpg,none,,,,,,
219109_SV,219109,Ring Classy Field Silver,_SV,Silver,Jewellery,Rings,Band Ring,Zinc,Worn Rhodium,,5.99,/241/52/219109_SV_1,219109_SV_1.jpg,none,,,,,,
219149_HM,219149,Earring Classy Field Halftone Multicolor,_HM,Halftone Multicolor,Jewellery,Earrings,Dangle,Acrylic; Iron,Worn Rhodium,,7.99,/241/52/219149_HM_1,219149_HM_1.jpg,none,,,,,,
219159_SV,219159,Ring Classy Field Silver,_SV,Silver,Jewellery,Rings,Band Ring,Zinc,Worn Rhodium,,7.99,/241/52/219159_SV_1,219159_SV_1.jpg,none,,,,,,
219178_CF,219178,Necklace Classy Field Coffee,_CF,Coffee,Jewellery,Necklaces,Collar,Iron; Suede; Zinc,Worn Rhodium,,15.99,/241/52/219178_CF_1,219178_CF_1.jpg,none,,,,,,
219188_BM,219188,Set of Earrings KISSSJAM Bright Multicolor,_BM,Bright Multicolor,Jewellery,Earrings,Hoop Earrings,Brass; Enamel; Zirconium,Golden,,5.99,/241/52/219188_BM_1,219188_BM_1.jpg,none,,,,,,
219201_BM,219201,Bracelet KISSSJAM Bright Multicolor,_BM,Bright Multicolor,Jewellery,Bracelets,Anklet,Iron; Zinc; Zirconium,Golden,,7.99,/241/52/219201_BM_1,219201_BM_1.jpg,none,,,,,,
219210_HM,219210,Earring Classy Field Halftone Multicolor,_HM,Halftone Multicolor,Jewellery,Earrings,Hoop Earrings,Iron; Pearl; Stone; Zinc,Rodhium,,8.99,/241/52/219210_HM_1,219210_HM_1.jpg,none,,,,,,
219218_HM,219218,Earring Classy Field Halftone Multicolor,_HM,Halftone Multicolor,Jewellery,Earrings,Hoop Earrings,Acrylic; Glass; Iron,Worn Rhodium,,5.99,/241/52/219218_HM_1,219218_HM_1.jpg,none,,,,,,
219228_BM,219228,Set of Earrings KISSSJAM Bright Multicolor,_BM,Bright Multicolor,Jewellery,Earrings,Hoop Earrings,Copper; Enamel; Zirconium,Golden,,5.99,/241/52/219228_BM_1,219228_BM_1.jpg,none,,,,,,
219231_BK,219231,Bracelet Milagro Black,_BK,Black,Jewellery,Bracelets,Non-Adjustable Bracelet,Polyurethane; Thermoplastic Polyurethane; Zinc,,,9.99,/242/52/219231_BK_1,219231_BK_1.jpg,none,,,,,,
219231_DB,219231,Bracelet Classy Field Dark Brown,_DB,Dark Brown,Jewellery,Bracelets,Non-Adjustable Bracelet,Polyurethane; Thermoplastic Polyurethane; Zinc,Rodhium,,8.99,/241/52/219231_DB_1,219231_DB_1.jpg,none,,,,,,
219239_GD,219239,Set of Earrings KISSSJAM Gold,_GD,Gold,Jewellery,Earrings,Hoop Earrings,Copper; Zirconium,Golden,,5.99,/241/52/219239_GD_1,219239_GD_1.jpg,none,,,,,,
219248_SV,219248,Earring Classy Field Silver,_SV,Silver,Jewellery,Earrings,Dangle,Zinc,Worn Rhodium,,5.99,/241/52/219248_SV_1,219248_SV_1.jpg,none,,,,,,
219262_DM,219262,Earring IDENTITY Dark Multicolor,_DM,Dark Multicolor,Jewellery,Earrings,Dangle,Thermoplastic Polyurethane; Zinc,Golden,,5.99,/241/52/219262_DM_1,219262_DM_1.jpg,none,,,,,,
219269_DM,219269,Bracelet IDENTITY Dark Multicolor,_DM,Dark Multicolor,Jewellery,Bracelets,Non-Adjustable Bracelet,Steel; Thermoplastic Polyurethane; Zinc,Worn Gold,,8.99,/241/52/219269_DM_1,219269_DM_1.jpg,none,,,,,,
219277_DM,219277,Set of Bracelets IDENTITY Dark Multicolor,_DM,Dark Multicolor,Jewellery,Bracelets,Non-Adjustable Bracelet,Acrylic; Enamel; Polyacrylonitrile; Silicone; Zinc,Other,,6.99,/241/52/219277_DM_1,219277_DM_1.jpg,none,,,,,,
219286_OR,219286,Earring IDENTITY Orange,_OR,Orange,Jewellery,Earrings,Dangle,Enamel; Zinc,Worn Gold,,5.99,/241/52/219286_OR_1,219286_OR_1.jpg,none,,,,,,
219296_DM,219296,Bracelet IDENTITY Dark Multicolor,_DM,Dark Multicolor,Jewellery,Bracelets,Elastic Bracelet,Acrylic; Enamel; Polyethylene Terephthalate; Wood,,,9.99,/241/52/219296_DM_1,219296_DM_1.jpg,none,,,,,,
219302_BM,219302,Set of Earrings IDENTITY Bright Multicolor,_BM,Bright Multicolor,Jewellery,Earrings,Hoop Earrings,Brass; Glass,Golden,,7.99,/241/52/219302_BM_1,219302_BM_1.jpg,none,,,,,,
219322_IC,219322,Bracelet MADEIRA Ice,_IC,Ice,Jewellery,Bracelets,Non-Adjustable Bracelet,Resin,Silver,,19.99,/241/52/219322_IC_1,219322_IC_1.jpg,none,,,,,,
219333_BM,219333,Set of Earrings IDENTITY Bright Multicolor,_BM,Bright Multicolor,Jewellery,Earrings,Hoop Earrings,Acrylic; Glass; Iron; Thermoplastic Polyurethane; Zinc,Golden,,8.99,/241/52/219333_BM_1,219333_BM_1.jpg,none,,,,,,
219343_YL,219343,Earring IDENTITY Yellow,_YL,Yellow,Jewellery,Earrings,Dangle,Zinc,Worn Gold,,7.99,/241/52/219343_YL_1,219343_YL_1.jpg,none,,,,,,
219362_DM,219362,Earring IDENTITY Dark Multicolor,_DM,Dark Multicolor,Jewellery,Earrings,Dangle,Cotton; Enamel; Glass; Zinc,,,9.99,/241/52/219362_DM_1,219362_DM_1.jpg,none,,,,,,
219372_DM,219372,Necklace IDENTITY Dark Multicolor,_DM,Dark Multicolor,Jewellery,Necklaces,Pendant,Copper; Enamel; Iron; Zinc,,,10.99,/241/52/219372_DM_1,219372_DM_1.jpg,none,,,,,,
219377_BM,219377,Set of Necklaces KISSSJAM Bright Multicolor,_BM,Bright Multicolor,Jewellery,Necklaces,Chain,Enamel; Iron; Shell; Zinc; Zirconium,Golden,,12.99,/241/52/219377_BM_1,219377_BM_1.jpg,none,,,,,,
219383_DM,219383,Bracelet IDENTITY Dark Multicolor,_DM,Dark Multicolor,Jewellery,Bracelets,Elastic Bracelet,Elastane; Resin; Thermoplastic Polyurethane,Worn Gold,,7.99,/241/52/219383_DM_1,219383_DM_1.jpg,none,,,,,,
219391_BM,219391,Set of Earrings KISSSJAM Bright Multicolor,_BM,Bright Multicolor,Jewellery,Earrings,Hoop Earrings,Brass; Enamel; Zinc; Zirconium,Golden,,7.99,/241/52/219391_BM_1,219391_BM_1.jpg,none,,,,,,
219402_BM,219402,Necklace KISSSJAM Bright Multicolor,_BM,Bright Multicolor,Jewellery,Necklaces,Beaded Necklace,Glass,Other,,8.99,/241/52/219402_BM_1,219402_BM_1.jpg,none,,,,,,
219408_TQ,219408,Set of Earrings KISSSJAM Turquoise,_TQ,Turquoise,Jewellery,Earrings,Hoop Earrings,Glass; Iron; Zinc; Zirconium,Silver,,6.99,/241/52/219408_TQ_1,219408_TQ_1.jpg,none,,,,,,
219472_HM,219472,Set of Earrings ATMOSPHERE Halftone Multicolor,_HM,Halftone Multicolor,Jewellery,Earrings,Hoop Earrings,Copper; Enamel; Glass; Iron; Polyamide; Stone; Zinc,Rodhium,,8.99,/241/52/219472_HM_1,219472_HM_1.jpg,none,,,,,,
219530_BM,219530,Necklace FABRIC COLLECTION Bright Multicolor,_BM,Bright Multicolor,Jewellery,Necklaces,Beaded Necklace,Iron; RECYCLED COTTON; Wood; glass bead,Golden,,39.99,/241/52/219530_BM_1,219530_BM_1.jpg,none,,,,,,
219765_IV,219765,Earring Golden Basics Extra Ivory,_IV,Ivory,Jewellery,Earrings,Stud,Enamel; Zinc,Golden,,4.99,/241/52/219765_IV_1,219765_IV_1.jpg,none,,,,,,
219779_GD,219779,Necklace Golden Basics Gold,_GD,Gold,Jewellery,Necklaces,Chain,Copper; Iron,,,10.99,/241/52/219779_GD_1,219779_GD_1.jpg,none,,,,,,
219859_OR,219859,Bracelet ARM PURPLE Orange,_OR,Orange,Jewellery,Bracelets,Adjustable Bracelet,Brass; Iron; Silk; Zirconium,Golden,,5.99,/241/52/219859_OR_1,219859_OR_1.jpg,none,,,,,,
219859_PU,219859,Bracelet Arm Sand Purple,_PU,Purple,Jewellery,Bracelets,Adjustable Bracelet,Copper; Polyamide; Zirconium,Golden,,5.99,/242/52/219859_PU_1,219859_PU_1.jpg,none,,,,,,
219862_BL,219862,Bracelet ARM PURPLE Blue,_BL,Blue,Jewellery,Bracelets,Adjustable Bracelet,Brass; Silk; Zinc,Golden,,5.99,/241/52/219862_BL_1,219862_BL_1.jpg,none,,,,,,
219971_GD,219971,Earring DOMINICA Gold,_GD,Gold,Jewellery,Earrings,Drop,Brass,Brushed Golden,,5.99,/241/52/219971_GD_1,219971_GD_1.jpg,none,,,,,,
219976_BM,219976,Necklace DOMINICA Bright Multicolor,_BM,Bright Multicolor,Jewellery,Necklaces,Pendant,Acrylic; Glass; Iron; Nylon; Thermoplastic Polyurethane; Wood,Brushed Golden,,12.99,/241/52/219976_BM_1,219976_BM_1.jpg,none,,,,,,
219982_BM,219982,Bracelet DOMINICA Bright Multicolor,_BM,Bright Multicolor,Jewellery,Bracelets,Elastic Bracelet,Acrylic; Glass; Shell; Stone; Thermoplastic Polyurethane; Wood; Zinc,Golden,,7.99,/241/52/219982_BM_1,219982_BM_1.jpg,none,,,,,,
220014_OR,220014,Earring DOMINICA Orange,_OR,Orange,Jewellery,Earrings,Hoop Earrings,Raffia; Zinc,Burnish Golden,,5.99,/241/52/220014_OR_1,220014_OR_1.jpg,none,,,,,,
220031_BM,220031,Earring DOMINICA Bright Multicolor,_BM,Bright Multicolor,Jewellery,Earrings,Hoop Earrings,Glass; Iron; Rubber; Zinc,Brushed Golden,,7.99,/241/52/220031_BM_1,220031_BM_1.jpg,none,,,,,,
220146_GD,220146,Ring DOMINICA Gold,_GD,Gold,Jewellery,Rings,Fantasy,Enamel; Zinc,Golden,,4.99,/241/52/220146_GD_1,220146_GD_1.jpg,none,,,,,,
220302_GN,220302,Ring DOMINICA Green,_GN,Green,Jewellery,Rings,Fantasy,Enamel; Zinc,Golden,,5.99,/241/52/220302_GN_1,220302_GN_1.jpg,none,,,,,,
220311_GN,220311,Earring DOMINICA Green,_GN,Green,Jewellery,Earrings,Dangle,Brass; Iron; Raffia; Thermoplastic Polyurethane; Wood; Zinc,Brushed Golden,,8.99,/241/52/220311_GN_1,220311_GN_1.jpg,none,,,,,,
220319_GD,220319,Ring DOMINICA Gold,_GD,Gold,Jewellery,Rings,Fantasy,Zinc,Golden,,4.99,/241/52/220319_GD_2y,220319_GD_2y.jpg,none,,,,,,
220324_BM,220324,Earring DOMINICA Bright Multicolor,_BM,Bright Multicolor,Jewellery,Earrings,Hoop Earrings,Acrylic; Iron; Thermoplastic Polyurethane,Brushed Golden,,7.99,/241/52/220324_BM_1,220324_BM_1.jpg,none,,,,,,
220332_BL,220332,Earring TREND Blue,_BL,Blue,Jewellery,Earrings,Stud,Acrylic; Zinc,,,9.99,/241/52/220332_BL_1,220332_BL_1.jpg,none,,,,,,
220338_GD,220338,Bracelet TREND Gold,_GD,Gold,Jewellery,Bracelets,Cuff,Iron,,,9.99,/241/52/220338_GD_1,220338_GD_1.jpg,none,,,,,,
220375_BL,220375,Earring TREND Blue,_BL,Blue,Jewellery,Earrings,Hoop Earrings,Cotton; Glass; Iron; Polyurethane,,,9.99,/241/52/220375_BL_1,220375_BL_1.jpg,none,,,,,,
220382_PK,220382,Earring TREND Pink,_PK,Pink,Jewellery,Earrings,Hoop Earrings,Glass; Iron; Thermoplastic Polyurethane,Golden,,12.99,/241/52/220382_PK_1,220382_PK_1.jpg,none,,,,,,
220395_BL,220395,Earring TREND Blue,_BL,Blue,Jewellery,Earrings,Dangle,Resin; Zinc,Worn Gold,,12.99,/241/52/220395_BL_1,220395_BL_1.jpg,none,,,,,,
220426_WT,220426,Earring TREND White,_WT,White,Jewellery,Earrings,Dangle,Iron; Shell,,,9.99,/241/52/220426_WT_1,220426_WT_1.jpg,none,,,,,,
220435_GD,220435,Earring TREND Gold,_GD,Gold,Jewellery,Earrings,Stud,Zinc,,,9.99,/241/52/220435_GD_1,220435_GD_1.jpg,none,,,,,,
220461_BM,220461,Bracelet SUNSET JUNCTION Bright Multicolor,_BM,Bright Multicolor,Jewellery,Bracelets,Elastic Bracelet,Acrylic; Iron; Stone; Thermoplastic Polyurethane; Wood,Brushed Golden,,7.99,/241/52/220461_BM_1,220461_BM_1.jpg,none,,,,,,
220486_BM,220486,Necklace SUNSET JUNCTION Bright Multicolor,_BM,Bright Multicolor,Jewellery,Necklaces,Pendant,Brass; Iron; Polyester; Resin; Stone,Golden,,12.99,/241/52/220486_BM_1,220486_BM_1.jpg,none,,,,,,
220597_BM,220597,Bracelet FORMENTERA Bright Multicolor,_BM,Bright Multicolor,Jewellery,Bracelets,Elastic Bracelet,Resin; Zinc,Worn Gold,,7.99,/241/52/220597_BM_1,220597_BM_1.jpg,none,,,,,,
220597_HM,220597,Bracelet MUSTANG Halftone Multicolor,_HM,Halftone Multicolor,Jewellery,Bracelets,Elastic Bracelet,Acrylic; Resin; Zinc,Antik Golden,,7.99,/242/52/220597_HM_1,220597_HM_1.jpg,none,,,,,,
220613_BM,220613,Earring FORMENTERA Bright Multicolor,_BM,Bright Multicolor,Jewellery,Earrings,Drop,Enamel; Iron,Worn Gold,,5.99,/241/52/220613_BM_1,220613_BM_1.jpg,none,,,,,,
220618_HM,220618,Ring FORMENTERA Halftone Multicolor,_HM,Halftone Multicolor,Jewellery,Rings,Band Ring,Enamel; Zamac,Golden,,7.99,/241/52/220618_HM_1,220618_HM_1.jpg,none,,,,,,
220718_HM,220718,Necklace FORMENTERA Halftone Multicolor,_HM,Halftone Multicolor,Jewellery,Necklaces,Pendant,Acrylic; Brass; Iron; Zinc,,,10.99,/241/52/220718_HM_1,220718_HM_1.jpg,none,,,,,,
220731_HM,220731,Earring FORMENTERA Halftone Multicolor,_HM,Halftone Multicolor,Jewellery,Earrings,Hoop Earrings,Enamel; Zinc,Golden,,5.99,/241/52/220731_HM_1,220731_HM_1.jpg,none,,,,,,
220740_HM,220740,Earring FORMENTERA Halftone Multicolor,_HM,Halftone Multicolor,Jewellery,Earrings,Hoop Earrings,Acrylic; Brass; Iron; Thermoplastic Polyurethane,Golden,,5.99,/241/52/220740_HM_2y,220740_HM_2y.jpg,none,,,,,,
220773_GD,220773,Ring FORMENTERA Gold,_GD,Gold,Jewellery,Rings,Band Ring,Glass; Zinc,Worn Gold,,7.99,/241/52/220773_GD_1,220773_GD_1.jpg,none,,,,,,
220779_BL,220779,Earring IDENTITY Blue,_BL,Blue,Jewellery,Earrings,Dangle,Brass; Glass; Thermoplastic Polyurethane; Zinc,Worn Gold,,7.99,/241/52/220779_BL_1,220779_BL_1.jpg,none,,,,,,
220785_LK,220785,Set of Bracelets FORMENTERA Light Pink,_LK,Light Pink,Jewellery,Bracelets,Elastic Bracelet,Acrylic; Glass; Thermoplastic Polyurethane,Brushed Golden,,7.99,/241/52/220785_LK_1,220785_LK_1.jpg,none,,,,,,
220794_BM,220794,Earring IDENTITY Bright Multicolor,_BM,Bright Multicolor,Jewellery,Earrings,Hoop Earrings,Acrylic; Cotton; Glass; Iron,,,9.99,/241/52/220794_BM_1,220794_BM_1.jpg,none,,,,,,
220805_WT,220805,Set of Bracelets Golden Basics White,_WT,White,Jewellery,Bracelets,Elastic Bracelet,Copper; Elastane; Glass; Shell,Golden,,7.99,/242/52/220805_WT_1,220805_WT_1.jpg,none,,,,,,
220811_WT,220811,Bracelet Golden Basics White,_WT,White,Jewellery,Bracelets,Elastic Bracelet,Elastane; Glass; Shell; Thermoplastic Polyurethane; Zinc,Golden,,5.99,/242/52/220811_WT_1,220811_WT_1.jpg,none,,,,,,
220820_WT,220820,Necklace Golden Basics White,_WT,White,Jewellery,Necklaces,Pendant,Copper; Shell,Golden,,12.99,/242/52/220820_WT_1,220820_WT_1.jpg,none,,,,,,
220828_GD,220828,Earring Golden Basics Gold,_GD,Gold,Jewellery,Earrings,Dangle,Iron; Zinc,Golden,,5.99,/242/52/220828_GD_1,220828_GD_1.jpg,none,,,,,,
220836_WT,220836,Earring Golden Basics White,_WT,White,Jewellery,Earrings,Drop,Brass; Glass; Shell; Steel; Zinc,Golden,,8.99,/242/52/220836_WT_1,220836_WT_1.jpg,none,,,,,,
220843_WT,220843,Ring Golden Basics White,_WT,White,Jewellery,Rings,Cocktail,Thermoplastic Polyurethane; Zinc,Golden,,5.99,/242/52/220843_WT_1,220843_WT_1.jpg,none,,,,,,
220849_WT,220849,Bracelet Golden Basics White,_WT,White,Jewellery,Bracelets,Elastic Bracelet,Shell; Thermoplastic Polyurethane,Golden,,5.99,/242/52/220849_WT_1,220849_WT_1.jpg,none,,,,,,
220856_WT,220856,Earring Golden Basics White,_WT,White,Jewellery,Earrings,Dangle,Iron; Shell,Brushed Golden,,5.99,/242/52/220856_WT_1,220856_WT_1.jpg,none,,,,,,
220865_WT,220865,Earring Golden Basics White,_WT,White,Jewellery,Earrings,Hoop Earrings,Brass; Shell; Thermoplastic Polyurethane,Golden,,4.99,/242/52/220865_WT_1,220865_WT_1.jpg,none,,,,,,
220873_IV,220873,Necklace Golden Basics Extra Ivory,_IV,Ivory,Jewellery,Necklaces,Pendant,Brass; Enamel; Iron,,,10.99,/241/52/220873_IV_1,220873_IV_1.jpg,none,,,,,,
220889_SV,220889,Earring MADEIRA Silver,_SV,Silver,Jewellery,Earrings,Stud,Zinc,,,9.99,/241/52/220889_SV_1,220889_SV_1.jpg,none,,,,,,
220912_WT,220912,Necklace Golden Basics White,_WT,White,Jewellery,Necklaces,Pendant,Iron; Shell,,,10.99,/242/52/220912_WT_1,220912_WT_1.jpg,none,,,,,,
220918_WT,220918,Earring Golden Basics White,_WT,White,Jewellery,Earrings,Dangle,Iron; Shell,Golden,,5.99,/242/52/220918_WT_1,220918_WT_1.jpg,none,,,,,,
220925_GD,220925,Ring Golden Basics Gold,_GD,Gold,Jewellery,Rings,Cocktail,Zinc,,,5.99,/242/52/220925_GD_1,220925_GD_1.jpg,none,,,,,,
220925_OG,220925,Ring GALÁPAGOS Old Gold,_OG,Old Gold,Jewellery,Rings,Cocktail,Zinc,Golden,,5.99,/242/52/220925_OG_1,220925_OG_1.jpg,none,,,,,,
220925_SV,220925,Ring SILVER BASICS Silver,_SV,Silver,Jewellery,Rings,Cocktail,Zinc,Rodhium,,5.99,/242/52/220925_SV_1,220925_SV_1.jpg,none,,,,,,
221011_IV,221011,Earring Golden Basics Extra Ivory,_IV,Ivory,Jewellery,Earrings,Hoop Earrings,Enamel; Zinc,Golden,,5.99,/241/52/221011_IV_1,221011_IV_1.jpg,none,,,,,,
221019_WT,221019,Earring Golden Basics White,_WT,White,Jewellery,Earrings,Hoop Earrings,Iron; Shell; Thermoplastic Polyurethane,Golden,,8.99,/242/52/221019_WT_1,221019_WT_1.jpg,none,,,,,,
221027_IV,221027,Earring Golden Basics Extra Ivory,_IV,Ivory,Jewellery,Earrings,Dangle,Enamel; Zinc,Golden,,5.99,/241/52/221027_IV_1,221027_IV_1.jpg,none,,,,,,
221036_WT,221036,Earring Golden Basics White,_WT,White,Jewellery,Earrings,Stud,Copper; Shell,Golden,,5.99,/242/52/221036_WT_1,221036_WT_1.jpg,none,,,,,,
221043_WT,221043,Earring Golden Basics White,_WT,White,Jewellery,Earrings,Hoop Earrings,Iron; Shell; Thermoplastic Polyurethane,Golden,,5.99,/242/52/221043_WT_1,221043_WT_1.jpg,none,,,,,,
221049_WT,221049,Necklace Golden Basics White,_WT,White,Jewellery,Necklaces,Pendant,Brass; Iron; Shell,,,10.99,/242/52/221049_WT_1,221049_WT_1.jpg,none,,,,,,
221055_WT,221055,Necklace Golden Basics White,_WT,White,Jewellery,Necklaces,Pendant,Polyester; Shell; Thermoplastic Polyurethane; Zinc,Golden,,12.99,/242/52/221055_WT_1,221055_WT_1.jpg,none,,,,,,
221088_GD,221088,Necklace GLDN DEL Gold,_GD,Gold,Jewellery,Necklaces,Y-Necklace,Brass; Iron,Golden,,12.99,/242/52/221088_GD_1,221088_GD_1.jpg,none,,,,,,
221088_SV,221088,Necklace SILVER D Silver,_SV,Silver,Jewellery,Necklaces,Y-Necklace,Brass; Iron,Golden,,12.99,/242/52/221088_SV_1,221088_SV_1.jpg,none,,,,,,
221092_GD,221092,Earring GLDN DEL Gold,_GD,Gold,Jewellery,Earrings,Stud,Acrylic; Brass,Golden,,4.99,/242/52/221092_GD_1,221092_GD_1.jpg,none,,,,,,
221097_GD,221097,Necklace GLDN DEL Gold,_GD,Gold,Jewellery,Necklaces,Beaded Necklace,Brass,,,10.99,/242/52/221097_GD_1,221097_GD_1.jpg,none,,,,,,
221097_SV,221097,Necklace SILVER D Silver,_SV,Silver,Jewellery,Necklaces,Beaded Necklace,Brass,,,10.99,/242/52/221097_SV_1,221097_SV_1.jpg,none,,,,,,
221105_GD,221105,Ring GLDN DEL Gold,_GD,Gold,Jewellery,Rings,Cocktail,Acrylic; Brass; Zirconium,Golden,,5.99,/242/52/221105_GD_1,221105_GD_1.jpg,none,,,,,,
221109_GD,221109,Earring GLDN DEL Gold,_GD,Gold,Jewellery,Earrings,Dangle,Brass,,,9.99,/242/52/221109_GD_1,221109_GD_1.jpg,none,,,,,,
221115_GD,221115,Earring GLDN DEL Gold,_GD,Gold,Jewellery,Earrings,Dangle,Brass; Iron,Golden,,8.99,/242/52/221115_GD_1,221115_GD_1.jpg,none,,,,,,
221115_SV,221115,Earring SILVER D Silver,_SV,Silver,Jewellery,Earrings,Dangle,Brass; Iron,Golden,,8.99,/242/52/221115_SV_1,221115_SV_1.jpg,none,,,,,,
221119_GD,221119,Earring GLDN DEL Gold,_GD,Gold,Jewellery,Earrings,Dangle,Brass; Iron; Zirconium,,,9.99,/242/52/221119_GD_1,221119_GD_1.jpg,none,,,,,,
221126_SV,221126,Earring SILVER D Silver,_SV,Silver,Jewellery,Earrings,Dangle,Brass; Zirconium,Rodhium,,5.99,/242/52/221126_SV_2y,221126_SV_2y.jpg,none,,,,,,
221144_BM,221144,Earring TROPICAL GEMS Bright Multicolor,_BM,Bright Multicolor,Jewellery,Earrings,Dangle,Cotton; Glass; Iron,,,9.99,/241/52/221144_BM_1,221144_BM_1.jpg,none,,,,,,
221151_BM,221151,Bracelet TROPICAL GEMS Bright Multicolor,_BM,Bright Multicolor,Jewellery,Bracelets,Anklet,Glass; Iron; Pearl; Zinc,Golden,,7.99,/241/52/221151_BM_1,221151_BM_1.jpg,none,,,,,,
221181_IV,221181,Earring Golden Basics Extra Ivory,_IV,Ivory,Jewellery,Earrings,Dangle,Enamel; Iron,Brushed Golden,,5.99,/241/52/221181_IV_1,221181_IV_1.jpg,none,,,,,,
221240_BM,221240,Earring TROPICAL GEMS Bright Multicolor,_BM,Bright Multicolor,Jewellery,Earrings,Hoop Earrings,Glass; Iron; Thermoplastic Polyurethane,Golden,,5.99,/241/52/221240_BM_1,221240_BM_1.jpg,none,,,,,,
221246_BM,221246,Ring TROPICAL GEMS Bright Multicolor,_BM,Bright Multicolor,Jewellery,Rings,Band Ring,Enamel; Zinc,Golden,,5.99,/241/52/221246_BM_1,221246_BM_1.jpg,none,,,,,,
221252_BM,221252,Earring TROPICAL GEMS Bright Multicolor,_BM,Bright Multicolor,Jewellery,Earrings,Dangle,Glass; Shell; Stone; Zinc,,,9.99,/241/52/221252_BM_1,221252_BM_1.jpg,none,,,,,,
221262_BM,221262,Bracelet TROPICAL GEMS Bright Multicolor,_BM,Bright Multicolor,Jewellery,Bracelets,Elastic Bracelet,Glass; Shell; Thermoplastic Polyurethane,Golden,,5.99,/241/52/221262_BM_1,221262_BM_1.jpg,none,,,,,,
221270_GD,221270,Earring GLDN DEL Gold,_GD,Gold,Jewellery,Earrings,Stud,Copper; Glass,,,9.99,/242/52/221270_GD_1,221270_GD_1.jpg,none,,,,,,
221271_GD,221271,Earring GLDN DEL Gold,_GD,Gold,Jewellery,Earrings,Stud,Zinc,Golden,,5.99,/242/52/221271_GD_1,221271_GD_1.jpg,none,,,,,,
221271_SV,221271,Earring SILVER D Silver,_SV,Silver,Jewellery,Earrings,Stud,Zinc,Golden,,5.99,/242/52/221271_SV_1,221271_SV_1.jpg,none,,,,,,
221278_SV,221278,Ring SILVER D Silver,_SV,Silver,Jewellery,Rings,Band Ring,Brass,Rodhium,,5.99,/242/52/221278_SV_1,221278_SV_1.jpg,none,,,,,,
221287_BM,221287,Necklace TROPICAL GEMS Bright Multicolor,_BM,Bright Multicolor,Jewellery,Necklaces,Pendant,Brass; Iron; Resin; Shell; Thermoplastic Polyurethane; Zinc,Golden,,12.99,/241/52/221287_BM_1,221287_BM_1.jpg,none,,,,,,
221297_BM,221297,Earring TROPICAL GEMS Bright Multicolor,_BM,Bright Multicolor,Jewellery,Earrings,Hoop Earrings,Acrylic; Glass; Iron,Golden,,7.99,/241/52/221297_BM_1,221297_BM_1.jpg,none,,,,,,
221448_BL,221448,Bracelet Arm Sea Blue,_BL,Blue,Jewellery,Bracelets,Adjustable Bracelet,Brass; Nylon; Resin; Zirconium,Other,,5.99,/242/52/221448_BL_1,221448_BL_1.jpg,none,,,,,,
221455_OR,221455,Key Chain FASHION SUPPLEMENTS Orange,_OR,Orange,Jewellery,Key chains,Figures,Iron; Polyester; Thermoplastic Polyurethane,,,9.99,/242/52/221455_OR_1,221455_OR_1.jpg,none,,,,,,
221476_BG,221476,Bracelet Arm Sand Beige,_BG,Beige,Jewellery,Bracelets,Adjustable Bracelet,Cotton; Glass; Iron; Thermoplastic Polyurethane,Golden,,7.99,/242/52/221476_BG_1,221476_BG_1.jpg,none,,,,,,
221476_BL,221476,Bracelet Arm Sea Blue,_BL,Blue,Jewellery,Bracelets,Adjustable Bracelet,Cotton; Glass; Iron; Thermoplastic Polyurethane,Golden,,7.99,/242/52/221476_BL_1,221476_BL_1.jpg,none,,,,,,
221485_HM,221485,Bracelet Arm Sea Halftone Multicolor,_HM,Halftone Multicolor,Jewellery,Bracelets,Adjustable Bracelet,Brass; Glass; Polyester; Zinc,Golden,,5.99,/242/52/221485_HM_1,221485_HM_1.jpg,none,,,,,,
221510_HM,221510,Bracelet Arm Sand Halftone Multicolor,_HM,Halftone Multicolor,Jewellery,Bracelets,Adjustable Bracelet,Polyester; Thermoplastic Polyurethane; Zinc,Golden,,5.99,/242/52/221510_HM_1,221510_HM_1.jpg,none,,,,,,
221518_BL,221518,Bracelet Arm Sea Blue,_BL,Blue,Jewellery,Bracelets,Adjustable Bracelet,Copper; Pearl; Polyamide; Zinc,Golden,,5.99,/242/52/221518_BL_1,221518_BL_1.jpg,none,,,,,,
221535_AQ,221535,Key Chain FASHION SUPPLEMENTS Aquamarine,_AQ,Aquamarine,Jewellery,Key chains,Other Key-Chain,Iron; Thermoplastic Polyurethane,Golden,,8.99,/242/52/221535_AQ_1,221535_AQ_1.jpg,none,,,,,,
221546_BM,221546,Key Chain FASHION SUPPLEMENTS Bright Multicolor,_BM,Bright Multicolor,Jewellery,Key chains,Other Key-Chain,Iron; Nylon; Zinc,Golden,,8.99,/242/52/221546_BM_1,221546_BM_1.jpg,none,,,,,,
221562_BM,221562,Key Chain FASHION SUPPLEMENTS Bright Multicolor,_BM,Bright Multicolor,Jewellery,Key chains,Other Key-Chain,Iron; Shell; Zinc,Golden,,12.99,/242/52/221562_BM_1,221562_BM_1.jpg,none,,,,,,
221571_GD,221571,Pin FASHION SUPPLEMENTS Gold,_GD,Gold,Jewellery,Pins,Flower,Iron; Thermoplastic Polyurethane; Zinc,Golden,,6.99,/242/52/221571_GD_1,221571_GD_1.jpg,none,,,,,,
221609_HM,221609,Earring GLDN DEL Halftone Multicolor,_HM,Halftone Multicolor,Jewellery,Earrings,Stud,Brass; Zirconium,Golden,,5.99,/242/52/221609_HM_1,221609_HM_1.jpg,none,,,,,,
221617_HM,221617,Earring GLDN DEL Halftone Multicolor,_HM,Halftone Multicolor,Jewellery,Earrings,Stud,Brass; Zirconium,Golden,,7.99,/242/52/221617_HM_1,221617_HM_1.jpg,none,,,,,,
221627_HM,221627,Earring GLDN DEL Halftone Multicolor,_HM,Halftone Multicolor,Jewellery,Earrings,Dangle,Brass; Zirconium,,,9.99,/242/52/221627_HM_1,221627_HM_1.jpg,none,,,,,,
221633_HM,221633,Necklace GLDN DEL Halftone Multicolor,_HM,Halftone Multicolor,Jewellery,Necklaces,Beaded Necklace,Brass; Zirconium,Golden,,12.99,/242/52/221633_HM_1,221633_HM_1.jpg,none,,,,,,
221815_CL,221815,Earring WATERMELON PARTY Coral,_CL,Coral,Jewellery,Earrings,Dangle,Shell; Zinc,Golden,,7.99,/242/52/221815_CL_1,221815_CL_1.jpg,none,,,,,,
221822_TG,221822,Earring WATERMELON PARTY Pastel Green,_TG,Pastel Green,Jewellery,Earrings,Dangle,Iron; Shell,Golden,,5.99,/242/52/221822_TG_1,221822_TG_1.jpg,none,,,,,,
221831_BM,221831,Necklace WATERMELON PARTY Bright Multicolor,_BM,Bright Multicolor,Jewellery,Necklaces,Collar,Iron; Shell,Brushed Golden,,17.99,/242/52/221831_BM_1,221831_BM_1.jpg,none,,,,,,
221839_TL,221839,Set of Necklaces WATERMELON PARTY Teal,_TL,Teal,Jewellery,Necklaces,Beaded Necklace,Iron; Pearl; Shell; Zinc,,,10.99,/242/52/221839_TL_1,221839_TL_1.jpg,none,,,,,,
221882_AQ,221882,Earring WATERMELON PARTY Aquamarine,_AQ,Aquamarine,Jewellery,Earrings,Dangle,Iron; Shell,Brushed Golden,,7.99,/242/52/221882_AQ_1,221882_AQ_1.jpg,none,,,,,,
221916_AQ,221916,Earring WATERMELON PARTY Aquamarine,_AQ,Aquamarine,Jewellery,Earrings,Drop,Glass; Iron; Nylon; Thermoplastic Polyurethane,,,9.99,/242/52/221916_AQ_2y,221916_AQ_2y.jpg,none,,,,,,
221921_CL,221921,Earring WATERMELON PARTY Coral,_CL,Coral,Jewellery,Earrings,Dangle,Iron; Shell,Brushed Golden,,7.99,/242/52/221921_CL_1,221921_CL_1.jpg,none,,,,,,
221921_TG,221921,Earring WATERMELON PARTY Pastel Green,_TG,Pastel Green,Jewellery,Earrings,Dangle,Iron; Shell,Brushed Golden,,7.99,/242/52/221921_TG_1,221921_TG_1.jpg,none,,,,,,
221985_BM,221985,Earring WATERMELON PARTY Bright Multicolor,_BM,Bright Multicolor,Jewellery,Earrings,Drop,Iron; Shell,Golden,,8.99,/242/52/221985_BM_1,221985_BM_1.jpg,none,,,,,,
222006_BM,222006,Earring WATERMELON PARTY Bright Multicolor,_BM,Bright Multicolor,Jewellery,Earrings,Dangle,Iron; Shell,Golden,,7.99,/242/52/222006_BM_1,222006_BM_1.jpg,none,,,,,,
222056_BM,222056,Bracelet WATERMELON PARTY Bright Multicolor,_BM,Bright Multicolor,Jewellery,Bracelets,Anklet,Iron; Shell; Zinc,Golden,,7.99,/242/52/222056_BM_1,222056_BM_1.jpg,none,,,,,,
222074_TL,222074,Earring WATERMELON PARTY Teal,_TL,Teal,Jewellery,Earrings,Dangle,Iron; Shell,Golden,,7.99,/242/52/222074_TL_1,222074_TL_1.jpg,none,,,,,,
222082_CL,222082,Earring WATERMELON PARTY Coral,_CL,Coral,Jewellery,Earrings,Dangle,Iron; Shell,Golden,,5.99,/242/52/222082_CL_1,222082_CL_1.jpg,none,,,,,,
222605_TQ,222605,Earring WATERMELON PARTY Turquoise,_TQ,Turquoise,Jewellery,Earrings,Hoop Earrings,Iron; Shell,Golden,,7.99,/242/52/222605_TQ_1,222605_TQ_1.jpg,none,,,,,,
222984_RD,222984,Necklace LOOM BEADS Red,_RD,Red,Jewellery,Necklaces,Beaded Necklace,Cotton; Glass; Iron,,,10.99,/242/52/222984_RD_1,222984_RD_1.jpg,none,,,,,,
223003_PM,223003,Bracelet SPIRIT Pastel Multicolor,_PM,Pastel Multicolor,Jewellery,Bracelets,Adjustable Bracelet,Iron; Stone; Zinc,Matte Golden,,7.99,/242/52/223003_PM_1,223003_PM_1.jpg,none,,,,,,
223011_PM,223011,Earring SPIRIT Pastel Multicolor,_PM,Pastel Multicolor,Jewellery,Earrings,Hoop Earrings,Acrylic; Cork; Iron; Stone; Zinc,Matte Golden,,7.99,/242/52/223011_PM_1,223011_PM_1.jpg,none,,,,,,
223018_PM,223018,Necklace SPIRIT Pastel Multicolor,_PM,Pastel Multicolor,Jewellery,Necklaces,Beaded Necklace,Acrylic; Cork; Iron; Pearl; Stone; Thermoplastic Polyurethane; Zinc,Matte Golden,,15.99,/242/52/223018_PM_1,223018_PM_1.jpg,none,,,,,,
223061_PM,223061,Bracelet SPIRIT Pastel Multicolor,_PM,Pastel Multicolor,Jewellery,Bracelets,Adjustable Bracelet,Polyester; Resin; Shell; Stone; Thermoplastic Polyurethane; Zinc,Matte Golden,,6.99,/242/52/223061_PM_1,223061_PM_1.jpg,none,,,,,,
223072_PH,223072,Necklace SPIRIT Peach,_PH,Peach,Jewellery,Necklaces,Chain,Brass; Iron; Zinc; Zirconium,Matte Golden,,12.99,/242/52/223072_PH_1,223072_PH_1.jpg,none,,,,,,
223120_TG,223120,Earring SPIRIT Pastel Green,_TG,Pastel Green,Jewellery,Earrings,Hoop Earrings,Thermoplastic Polyurethane; Zinc,Matte Golden,,5.99,/242/52/223120_TG_1,223120_TG_1.jpg,none,,,,,,
223131_PM,223131,Necklace SPIRIT Pastel Multicolor,_PM,Pastel Multicolor,Jewellery,Necklaces,Beaded Necklace,Cork; Cotton; Glass; Polyester; Stone; Zinc,Matte Golden,,15.99,/242/52/223131_PM_1,223131_PM_1.jpg,none,,,,,,
223215_HM,223215,Pin FASHION SUPPLEMENTS Halftone Multicolor,_HM,Halftone Multicolor,Jewellery,Pins,Lady Pin,Enamel; Iron; Zinc,Golden,,5.99,/242/52/223215_HM_1,223215_HM_1.jpg,none,,,,,,
223230_BM,223230,Necklace MARBLEMANIA Bright Multicolor,_BM,Bright Multicolor,Jewellery,Necklaces,Pendant,Acrylic; Cork; Enamel; Glass; Iron; Polyamide; Stone,,,10.99,/242/52/223230_BM_1,223230_BM_1.jpg,none,,,,,,
223253_BM,223253,Set of Necklaces MARBLEMANIA Bright Multicolor,_BM,Bright Multicolor,Jewellery,Necklaces,Pendant,Acrylic; Cork; Iron; Resin; Stone; Zinc,Other,,15.99,/242/52/223253_BM_1,223253_BM_1.jpg,none,,,,,,
223260_GD,223260,Earring TREND Gold,_GD,Gold,Jewellery,Earrings,Dangle,Iron; Steel,Worn Gold,,12.99,/242/52/223260_GD_1,223260_GD_1.jpg,none,,,,,,
223267_GD,223267,Earring TREND Gold,_GD,Gold,Jewellery,Earrings,Stud,Metal Fitting,Golden,,12.99,/242/52/223267_GD_1,223267_GD_1.jpg,none,,,,,,
223276_FU,223276,Ring MARBLEMANIA Fuchsia,_FU,Fuchsia,Jewellery,Rings,Band Ring,Resin,Other,,5.99,/242/52/223276_FU_1,223276_FU_1.jpg,none,,,,,,
223288_BM,223288,Necklace MARBLEMANIA Bright Multicolor,_BM,Bright Multicolor,Jewellery,Necklaces,Beaded Necklace,Iron; Stone; Thermoplastic Polyurethane,Other,,12.99,/242/52/223288_BM_1,223288_BM_1.jpg,none,,,,,,
223315_WT,223315,Necklace TREND White,_WT,White,Jewellery,Necklaces,Pendant,Copper; Cork; Cotton; Metal Fitting,Golden,,17.99,/242/52/223315_WT_1,223315_WT_1.jpg,none,,,,,,
223322_GD,223322,Earring TREND Gold,_GD,Gold,Jewellery,Earrings,Dangle,Steel,Worn Gold,,12.99,/242/52/223322_GD_1,223322_GD_1.jpg,none,,,,,,
223328_FU,223328,Earring MARBLEMANIA Fuchsia,_FU,Fuchsia,Jewellery,Earrings,Dangle,Cork; Iron; Resin,Other,,7.99,/242/52/223328_FU_1,223328_FU_1.jpg,none,,,,,,
223356_GD,223356,Earring TREND Gold,_GD,Gold,Jewellery,Earrings,Dangle,Cork; Iron,Burnish Golden,,15.99,/242/52/223356_GD_1,223356_GD_1.jpg,none,,,,,,
223363_GD,223363,Earring TREND Gold,_GD,Gold,Jewellery,Earrings,Stud,Cork; Zinc,Golden,,12.99,/242/52/223363_GD_1,223363_GD_1.jpg,none,,,,,,
223408_BM,223408,Necklace MARBLEMANIA Bright Multicolor,_BM,Bright Multicolor,Jewellery,Necklaces,Beaded Necklace,Acrylic; Resin,Other,,12.99,/242/52/223408_BM_1,223408_BM_1.jpg,none,,,,,,
223475_RD,223475,Necklace LOOM BEADS Red,_RD,Red,Jewellery,Necklaces,Beaded Necklace,Cotton; Glass; Iron,Golden,,12.99,/242/52/223475_RD_1,223475_RD_1.jpg,none,,,,,,
223573_GD,223573,Earring EXCLUSIVE Gold,_GD,Gold,Jewellery,Earrings,Stud,Cork; Glass; Thermoplastic Polyurethane,Golden,,7.99,/241/52/223573_GD_1,223573_GD_1.jpg,none,,,,,,
223573_WT,223573,Earring NEW CLASSIC White,_WT,White,Jewellery,Earrings,Stud,Acrylic; Thermoplastic Polyurethane,Golden,,7.99,/242/52/223573_WT_1,223573_WT_1.jpg,none,,,,,,
223683_GY,223683,Earring MUSTANG Grey,_GY,Grey,Jewellery,Earrings,Stud,Cork; Resin; Zinc,Antik Golden,,4.99,/242/52/223683_GY_1,223683_GY_1.jpg,none,,,,,,
223703_LB,223703,Earring MUSTANG Light Blue,_LB,Light Blue,Jewellery,Earrings,Hoop Earrings,Brass; Cork; Thermoplastic Polyurethane,Antik Golden,,5.99,/242/52/223703_LB_1,223703_LB_1.jpg,none,,,,,,
223708_HM,223708,Bracelet MUSTANG Halftone Multicolor,_HM,Halftone Multicolor,Jewellery,Bracelets,Non-Adjustable Bracelet,Cork; Steel; Stone; Thermoplastic Polyurethane; Zinc,Antik Golden,,7.99,/242/52/223708_HM_1,223708_HM_1.jpg,none,,,,,,
223729_SV,223729,Pin FASHION SUPPLEMENTS Silver,_SV,Silver,Jewellery,Pins,Lady Brooche,Cork; Zinc,Rodhium,,5.99,/242/52/223729_SV_1,223729_SV_1.jpg,none,,,,,,
223742_GD,223742,Earring MUSTANG Gold,_GD,Gold,Jewellery,Earrings,Hoop Earrings,Cork; Zinc,Antik Golden,,7.99,/242/52/223742_GD_1,223742_GD_1.jpg,none,,,,,,
223749_HM,223749,Necklace MUSTANG Halftone Multicolor,_HM,Halftone Multicolor,Jewellery,Necklaces,Beaded Necklace,Acrylic; Brass; Cork; Shell; Zinc,,,10.99,/242/52/223749_HM_1,223749_HM_1.jpg,none,,,,,,
223754_BR,223754,Ring MUSTANG Brick Red,_BR,Brick Red,Jewellery,Rings,Cocktail,Acrylic; Brass; Cork,Antik Golden,,4.99,/242/52/223754_BR_1,223754_BR_1.jpg,none,,,,,,
223776_HM,223776,Ring MUSTANG Halftone Multicolor,_HM,Halftone Multicolor,Jewellery,Rings,Cocktail,Cork; Resin; Zinc,,,5.99,/242/52/223776_HM_1,223776_HM_1.jpg,none,,,,,,
223791_HM,223791,Bracelet MUSTANG Halftone Multicolor,_HM,Halftone Multicolor,Jewellery,Bracelets,Cuff,Cork; Shell; Thermoplastic Polyurethane; Zinc,Antik Golden,,12.99,/242/52/223791_HM_1,223791_HM_1.jpg,none,,,,,,
223799_BG,223799,Earring MUSTANG Beige,_BG,Beige,Jewellery,Earrings,Hoop Earrings,Brass; Cork; Resin,Antik Golden,,5.99,/242/52/223799_BG_1,223799_BG_1.jpg,none,,,,,,
223806_GD,223806,Earring MUSTANG Gold,_GD,Gold,Jewellery,Earrings,Hoop Earrings,Cork; Zinc,Antik Golden,,7.99,/242/52/223806_GD_1,223806_GD_1.jpg,none,,,,,,
223813_BK,223813,Necklace silver basics EXTRA Black,_BK,Black,Jewellery,Necklaces,Pendant,Cork; Polyamide; Thermoplastic Polyurethane; Zinc,Rodhium,,12.99,/242/52/223813_BK_1,223813_BK_1.jpg,none,,,,,,
223819_SV,223819,Set of Rings silver basics EXTRA Silver,_SV,Silver,Jewellery,Rings,Band Ring,Zinc,Rodhium,,7.99,/242/52/223819_SV_1,223819_SV_1.jpg,none,,,,,,
223825_SV,223825,Bracelet silver basics EXTRA Silver,_SV,Silver,Jewellery,Bracelets,Non-Adjustable Bracelet,Cork; Zinc,Rodhium,,6.99,/242/52/223825_SV_1,223825_SV_1.jpg,none,,,,,,
223834_SV,223834,Earring SILVER BASICS Silver,_SV,Silver,Jewellery,Earrings,Hoop Earrings,Cork; Stainless Steel; Zinc,Rodhium,,7.99,/242/52/223834_SV_1,223834_SV_1.jpg,none,,,,,,
223840_RD,223840,Earring SILVER BASICS Red,_RD,Red,Jewellery,Earrings,Hoop Earrings,Cork; Thermoplastic Polyurethane,Rodhium,,7.99,/242/52/223840_RD_1,223840_RD_1.jpg,none,,,,,,
223846_SV,223846,Set of Earrings SILVER BASICS Silver,_SV,Silver,Jewellery,Earrings,Hoop Earrings,Thermoplastic Polyurethane; Zinc,Rodhium,,7.99,/242/52/223846_SV_1,223846_SV_1.jpg,none,,,,,,
223854_SV,223854,Ring SILVER BASICS Silver,_SV,Silver,Jewellery,Rings,Band Ring,Cork; Zinc,Rodhium,,4.99,/242/52/223854_SV_1,223854_SV_1.jpg,none,,,,,,
223860_SV,223860,Earring SILVER BASICS Silver,_SV,Silver,Jewellery,Earrings,Ear Jacket,Cork; Zinc,Rodhium,,7.99,/242/52/223860_SV_1,223860_SV_1.jpg,none,,,,,,
223866_RD,223866,Necklace SILVER BASICS Red,_RD,Red,Jewellery,Necklaces,Beaded Necklace,Cork; Thermoplastic Polyurethane; Zinc,Rodhium,,12.99,/242/52/223866_RD_1,223866_RD_1.jpg,none,,,,,,
223882_GD,223882,Necklace DOMINICA Gold,_GD,Gold,Jewellery,Necklaces,Pendant,Zinc,,,10.99,/241/52/223882_GD_1,223882_GD_1.jpg,none,,,,,,
223897_SV,223897,Earring SILVER BASICS Silver,_SV,Silver,Jewellery,Earrings,Hoop Earrings,Cork; Thermoplastic Polyurethane,Rodhium,,5.99,/242/52/223897_SV_1,223897_SV_1.jpg,none,,,,,,
223903_RD,223903,Ring SILVER BASICS Red,_RD,Red,Jewellery,Rings,Cocktail,Resin; Zinc,Rodhium,,7.99,/242/52/223903_RD_1,223903_RD_1.jpg,none,,,,,,
223909_RD,223909,Necklace SILVER BASICS Red,_RD,Red,Jewellery,Necklaces,Pendant,Brass; Suede; Thermoplastic Polyurethane,,,10.99,/242/52/223909_RD_1,223909_RD_1.jpg,none,,,,,,
223923_SV,223923,Bracelet SILVER BASICS Silver,_SV,Silver,Jewellery,Bracelets,Cuff,Zinc,Rodhium,,8.99,/242/52/223923_SV_1,223923_SV_1.jpg,none,,,,,,
223955_GD,223955,Earring GLDN DEL Gold,_GD,Gold,Jewellery,Earrings,Dangle,Pearl; Zinc,Golden,,8.99,/242/52/223955_GD_1,223955_GD_1.jpg,none,,,,,,
2241591GD,224159,Earring TREND Gold,1GD,Gold,Jewellery,Earrings,Stud,Iron,Worn Gold,,7.99,/242/52/2241591GD_1,2241591GD_1.jpg,none,,,,,,
224159_GD,224159,Earring TREND Gold,_GD,Gold,Jewellery,Earrings,Stud,Cork; Iron,Worn Gold,,7.99,/242/52/224159_GD_1,224159_GD_1.jpg,none,,,,,,
224162_GD,224162,Earring TREND Gold,_GD,Gold,Jewellery,Earrings,Stud,Cork; Zinc,Worn Gold,,12.99,/242/52/224162_GD_1,224162_GD_1.jpg,none,,,,,,
224270_HM,224270,Earring MONETT Halftone Multicolor,_HM,Halftone Multicolor,Jewellery,Earrings,Hoop Earrings,Resin; Zinc,Golden,,7.99,/242/52/224270_HM_1,224270_HM_1.jpg,none,,,,,,
224301_HM,224301,Necklace MONETT Halftone Multicolor,_HM,Halftone Multicolor,Jewellery,Necklaces,Bib Necklace,Acrylic; Cork; Iron; Resin; Thermoplastic Polyurethane; Zinc,Golden,,15.99,/242/52/224301_HM_1,224301_HM_1.jpg,none,,,,,,
224310_HM,224310,Set of Rings MONETT Halftone Multicolor,_HM,Halftone Multicolor,Jewellery,Rings,Band Ring,Enamel; Zinc,Golden,,7.99,/242/52/224310_HM_1,224310_HM_1.jpg,none,,,,,,
224311_BU,224311,Ring MONETT Burgundy,_BU,Burgundy,Jewellery,Rings,Cocktail,Thermoplastic Polyurethane,Other,,7.99,/242/52/224311_BU_1,224311_BU_1.jpg,none,,,,,,
224311_LK,224311,Ring MONETT Light Pink,_LK,Light Pink,Jewellery,Rings,Cocktail,Thermoplastic Polyurethane,Other,,7.99,/242/52/224311_LK_1,224311_LK_1.jpg,none,,,,,,
224311_MT,224311,Ring MONETT Mint,_MT,Mint,Jewellery,Rings,Cocktail,Thermoplastic Polyurethane,Other,,7.99,/242/52/224311_MT_1,224311_MT_1.jpg,none,,,,,,
224333_HM,224333,Bracelet MONETT Halftone Multicolor,_HM,Halftone Multicolor,Jewellery,Bracelets,Elastic Bracelet,Resin; Stone; Zinc,Golden,,7.99,/242/52/224333_HM_1,224333_HM_1.jpg,none,,,,,,
224340_HM,224340,Set of Bracelets MONETT Halftone Multicolor,_HM,Halftone Multicolor,Jewellery,Bracelets,Elastic Bracelet,Resin; Stone; Zinc,Golden,,7.99,/242/52/224340_HM_1,224340_HM_1.jpg,none,,,,,,
224384_MT,224384,Earring MONETT Mint,_MT,Mint,Jewellery,Earrings,Stud,Resin; Zinc,Golden,,7.99,/242/52/224384_MT_1,224384_MT_1.jpg,none,,,,,,
224399_HM,224399,Necklace MONETT Halftone Multicolor,_HM,Halftone Multicolor,Jewellery,Necklaces,Pendant,Brass; Ceramic; Cork; Iron; Resin; Zinc,,,10.99,/242/52/224399_HM_1,224399_HM_1.jpg,none,,,,,,
224514_SV,224514,Ring SILVER D Silver,_SV,Silver,Jewellery,Rings,Band Ring,Brass; Zirconium,Silver,,5.99,/242/52/224514_SV_1,224514_SV_1.jpg,none,,,,,,
224525_CG,224525,Bracelet EXCLUSIVE Cognac,_CG,Cognac,Jewellery,Bracelets,Bangle,Acrylic; Resin,,,9.99,/242/52/224525_CG_1,224525_CG_1.jpg,none,,,,,,
224564_BK,224564,Necklace Milagro Black,_BK,Black,Jewellery,Necklaces,Pendant,Brass; Cork; Iron; Stone; Zinc,Golden,,10.99,/242/52/224564_BK_1,224564_BK_1.jpg,none,,,,,,
224583_BK,224583,Bracelet Milagro Black,_BK,Black,Jewellery,Bracelets,Elastic Bracelet,Rubber; Zinc,Golden,,7.99,/242/52/224583_BK_1,224583_BK_1.jpg,none,,,,,,
224590_BK,224590,Earring Milagro Black,_BK,Black,Jewellery,Earrings,Drop,Brass; Cork,Golden,,7.99,/242/52/224590_BK_1,224590_BK_1.jpg,none,,,,,,
224597_BK,224597,Necklace Milagro Black,_BK,Black,Jewellery,Necklaces,Chain,Brass; Cork; Cotton; Iron; Polyurethane; Thermoplastic Polyurethane; Zinc,Golden,,15.99,/242/52/224597_BK_1,224597_BK_1.jpg,none,,,,,,
224604_BK,224604,Set of Earrings Milagro Black,_BK,Black,Jewellery,Earrings,Hoop Earrings,Cork; Enamel; Glass; Zinc,Golden,,8.99,/242/52/224604_BK_1,224604_BK_1.jpg,none,,,,,,
224610_BK,224610,Earring Milagro Black,_BK,Black,Jewellery,Earrings,Stud,Brass; Enamel; Iron,Golden,,7.99,/242/52/224610_BK_1,224610_BK_1.jpg,none,,,,,,
224616_BK,224616,Ring Milagro Black,_BK,Black,Jewellery,Rings,Fantasy,Thermoplastic Polyurethane; Zinc,Golden,,5.99,/242/52/224616_BK_1,224616_BK_1.jpg,none,,,,,,
224616_BU,224616,Ring WESTERNP Burgundy,_BU,Burgundy,Jewellery,Rings,Fantasy,Thermoplastic Polyurethane; Zinc,Golden,,5.99,/242/52/224616_BU_1,224616_BU_1.jpg,none,,,,,,
224618_BK,224618,Earring Milagro Black,_BK,Black,Jewellery,Earrings,Hoop Earrings,Thermoplastic Polyurethane; Zinc,Golden,,7.99,/242/52/224618_BK_1,224618_BK_1.jpg,none,,,,,,
224626_BK,224626,Set of Earrings Milagro Black,_BK,Black,Jewellery,Earrings,Hoop Earrings,Brass; Cork; Zirconium,,,9.99,/242/52/224626_BK_1,224626_BK_1.jpg,none,,,,,,
224632_BK,224632,Earring Milagro Black,_BK,Black,Jewellery,Earrings,Clip Earrings,Cork; Enamel; Zinc,Golden,,7.99,/242/52/224632_BK_1,224632_BK_1.jpg,none,,,,,,
224639_BK,224639,Earring Milagro Black,_BK,Black,Jewellery,Earrings,Dangle,Enamel; Zinc,Golden,,5.99,/242/52/224639_BK_1,224639_BK_1.jpg,none,,,,,,
224648_BK,224648,Necklace Milagro Black,_BK,Black,Jewellery,Necklaces,Beaded Necklace,Acrylic; Polyester,Other,,12.99,/242/52/224648_BK_1,224648_BK_1.jpg,none,,,,,,
224651_BK,224651,Ring Milagro Black,_BK,Black,Jewellery,Rings,Fantasy,Cork; Enamel; Zinc,Golden,,4.99,/242/52/224651_BK_1,224651_BK_1.jpg,none,,,,,,
224658_GD,224658,Earring Golden Basics Gold,_GD,Gold,Jewellery,Earrings,Stud,Iron,Golden,,5.99,/242/52/224658_GD_1,224658_GD_1.jpg,none,,,,,,
224666_GD,224666,Earring Golden Basics Gold,_GD,Gold,Jewellery,Earrings,Dangle,Cork; Iron,Golden,,5.99,/242/52/224666_GD_1,224666_GD_1.jpg,none,,,,,,
224673_GD,224673,Earring Golden Basics Gold,_GD,Gold,Jewellery,Earrings,Hoop Earrings,Cork; Iron; Zinc,Golden,,7.99,/242/52/224673_GD_1,224673_GD_1.jpg,none,,,,,,
224680_GD,224680,Earring Golden Basics Gold,_GD,Gold,Jewellery,Earrings,Stud,Iron,Golden,,4.99,/242/52/224680_GD_1,224680_GD_1.jpg,none,,,,,,
224686_GD,224686,Earring Golden Basics Gold,_GD,Gold,Jewellery,Earrings,Dangle,Brass; Steel,Golden,,7.99,/242/52/224686_GD_1,224686_GD_1.jpg,none,,,,,,
224726_HM,224726,Necklace NOMADA Halftone Multicolor,_HM,Halftone Multicolor,Jewellery,Necklaces,Pendant,Acrylic; Cork; Iron; Steel; Thermoplastic Polyurethane; Zinc,Multifinishing,,12.99,/242/52/224726_HM_1,224726_HM_1.jpg,none,,,,,,
224748_MM,224748,Earring NOMADA Metallic Multicolor,_MM,Metallic Multicolor,Jewellery,Earrings,Stud,Cork; Zinc,Multifinishing,,4.99,/242/52/224748_MM_1,224748_MM_1.jpg,none,,,,,,
224757_TQ,224757,Ring NOMADA Turquoise,_TQ,Turquoise,Jewellery,Rings,Cocktail,Cork; Stone; Zinc,Golden,,5.99,/242/52/224757_TQ_1,224757_TQ_1.jpg,none,,,,,,
224799_MM,224799,Necklace NOMADA Metallic Multicolor,_MM,Metallic Multicolor,Jewellery,Necklaces,Chain,Cork; Iron; Zinc,Multifinishing,,10.99,/242/52/224799_MM_1,224799_MM_1.jpg,none,,,,,,
224806_HM,224806,Necklace NOMADA Halftone Multicolor,_HM,Halftone Multicolor,Jewellery,Necklaces,Collar,Acrylic; Brass; Cork; Cotton; Glass; Iron; Stone; Thermoplastic Polyurethane; Zinc,Multifinishing,,19.99,/242/52/224806_HM_1,224806_HM_1.jpg,none,,,,,,
224812_MM,224812,Bracelet NOMADA Metallic Multicolor,_MM,Metallic Multicolor,Jewellery,Bracelets,Non-Adjustable Bracelet,Cork; Iron; Zinc,,,9.99,/242/52/224812_MM_1,224812_MM_1.jpg,none,,,,,,
224820_HM,224820,Earring NOMADA Halftone Multicolor,_HM,Halftone Multicolor,Jewellery,Earrings,Dangle,Cork; Iron; Stone; Zinc,,,9.99,/242/52/224820_HM_1,224820_HM_1.jpg,none,,,,,,
224929_GD,224929,Earring BULKY GOLD PLATED Gold,_GD,Gold,Jewellery,Earrings,Hoop Earrings,Brass,Gold Plated,,27.99,/242/52/224929_GD_1,224929_GD_1.jpg,none,,,,,,
224982_BL,224982,Earring ATMOSPHERE Blue,_BL,Blue,Jewellery,Earrings,Clip Earrings,Thermoplastic Polyurethane; Zinc,Rodhium,,5.99,/242/52/224982_BL_1,224982_BL_1.jpg,none,,,,,,
224988_BL,224988,Bracelet ATMOSPHERE Blue,_BL,Blue,Jewellery,Bracelets,Elastic Bracelet,Thermoplastic Polyurethane,Rodhium,,6.99,/242/52/224988_BL_1,224988_BL_1.jpg,none,,,,,,
224994_BL,224994,Ring ATMOSPHERE Blue,_BL,Blue,Jewellery,Rings,Fantasy,Cork; Resin; Zinc,Rodhium,,8.99,/242/52/224994_BL_1,224994_BL_1.jpg,none,,,,,,
225015_GD,225015,Earring GOLD PLATED COLLECTION Gold,_GD,Gold,Jewellery,Earrings,Hoop Earrings,Brass,Gold Plated,,19.99,/242/52/225015_GD_1,225015_GD_1.jpg,none,,,,,,
225025_GD,225025,Necklace GOLD PLATED COLLECTION Gold,_GD,Gold,Jewellery,Necklaces,Pendant,Brass; Stone,Gold Plated,,27.99,/242/52/225025_GD_1,225025_GD_1.jpg,none,,,,,,
225031_GD,225031,Jewellery GOLD PLATED COLLECTION Gold,_GD,Gold,Jewellery,Charms,Symbol,Brass; Stone,Gold Plated,,27.99,/242/52/225031_GD_1,225031_GD_1.jpg,none,,,,,,
225040_BL,225040,Earring ATMOSPHERE Blue,_BL,Blue,Jewellery,Earrings,Stud,Enamel; Zinc,Rodhium,,4.99,/242/52/225040_BL_1,225040_BL_1.jpg,none,,,,,,
225063_BL,225063,Bracelet ATMOSPHERE Blue,_BL,Blue,Jewellery,Bracelets,Bangle,Iron; Stone,Rodhium,,15.99,/242/52/225063_BL_1,225063_BL_1.jpg,none,,,,,,
206045_EC,206045,Multipurpose Purse BRENDA Ecru,_EC,Ecru,Wallet,Multipurpose Purse,Knit,Cotton,,,17.99,/232/62/206045_EC_1,206045_EC_1.jpg,none,,,,,,
207406_BG,207406,Wallet BASIC LOLITA Beige,_BG,Beige,Wallet,Wallet,Plain PU,Polyester; Polyurethane,,,15.99,/232/62/207406_BG_1,207406_BG_1.jpg,none,,,,,,
208014_EC,208014,Wallet SAMANTHA Ecru,_EC,Ecru,Wallet,Wallet,Printed PU,Polyester; Polyurethane,,,15.99,/232/62/208014_EC_1,208014_EC_1.jpg,none,,,,,,
208032_BK,208032,Phone Holder SAMANTHA Black,_BK,Black,Wallet,Phone Holder,Nylon,Polyester,,,17.99,/232/62/208032_BK_1,208032_BK_1.jpg,none,,,,,,
208072_PK,208072,Card Holder SAMANTHA Pink,_PK,Pink,Wallet,Card Holder,Plain PU,Polyester; Polyurethane,,,9.99,/232/62/208072_PK_1,208072_PK_1.jpg,none,,,,,,
208077_BG,208077,Wallet BASIC LAURINDA Beige,_BG,Beige,Wallet,Wallet,Plain PU,Polyester; Polyurethane,,,15.99,/232/62/208077_BG_1,208077_BG_1.jpg,none,,,,,,
208077_OR,208077,Wallet BASIC LAURINDA Orange,_OR,Orange,Wallet,Wallet,Plain PU,Polyester; Polyurethane,,,15.99,/232/62/208077_OR_1,208077_OR_1.jpg,none,,,,,,
208716_GN,208716,Card Holder ROSALIA Green,_GN,Green,Wallet,Card Holder,Plain PU,Polyester; Polyurethane,,,5.99,/232/62/208716_GN_1,208716_GN_1.jpg,none,,,,,,
208719_KK,208719,Wallet SOFIA Khaki,_KK,Khaki,Wallet,Wallet,Plain PU,Polyester; Polyurethane,,,17.99,/232/62/208719_KK_1,208719_KK_1.jpg,none,,,,,,
208719_WT,208719,Wallet SOFIA White,_WT,White,Wallet,Wallet,Plain PU,Polyester; Polyurethane,,,17.99,/232/62/208719_WT_1,208719_WT_1.jpg,none,,,,,,
208728_EC,208728,Wallet BASIC LAURINDA Ecru,_EC,Ecru,Wallet,Wallet,Printed PU,Polyester; Polyurethane,,,12.99,/232/62/208728_EC_1,208728_EC_1.jpg,none,,,,,,
209072_BL,209072,Wallet GARDEN Blue,_BL,Blue,Wallet,Wallet,Printed PU,Polyester; Polyurethane; Thermoplastic Polyurethane,,,12.99,/232/62/209072_BL_1,209072_BL_1.jpg,none,,,,,,
209484_EC,209484,Phone Holder SOLAR Ecru,_EC,Ecru,Wallet,Phone Holder,Knit,Cotton; Polyester; Polyurethane,,,15.99,/232/62/209484_EC_1,209484_EC_1.jpg,none,,,,,,
209569_GN,209569,Card Holder GLICINIA Green,_GN,Green,Wallet,Card Holder,Printed PU,Polyester; Polyurethane; Thermoplastic Polyurethane,,,9.99,/232/62/209569_GN_1,209569_GN_1.jpg,none,,,,,,
209756_BK,209756,Wallet CHER Black,_BK,Black,Wallet,Wallet,Plain PU,Polyester; Polyurethane,,,15.99,/232/62/209756_BK_1,209756_BK_1.jpg,none,,,,,,
209756_OR,209756,Wallet CHER Orange,_OR,Orange,Wallet,Wallet,Plain PU,Polyester; Polyurethane,,,15.99,/232/62/209756_OR_1,209756_OR_1.jpg,none,,,,,,
209855_EC,209855,Phone Holder BASIC LAURINDA Ecru,_EC,Ecru,Wallet,Phone Holder,Printed PU,Polyester; Polyurethane,,,17.99,/232/62/209855_EC_1,209855_EC_1.jpg,none,,,,,,
209976_EC,209976,Wallet tilda Ecru,_EC,Ecru,Wallet,Wallet,Printed PU,Polyester; Polyurethane,,,12.99,/232/62/209976_EC_1,209976_EC_1.jpg,none,,,,,,
210152_EC,210152,Wallet mirabel Ecru,_EC,Ecru,Wallet,Wallet,Printed PU,Polyester; Polyurethane,,,17.99,/232/62/210152_EC_1,210152_EC_1.jpg,none,,,,,,
210173_NV,210173,Computer Case manolita Navy,_NV,Navy,Wallet,Others,Computer Case,Polyester; Polyurethane,,,17.99,/232/62/210173_NV_1,210173_NV_1.jpg,none,,,,,,
210175_NV,210175,Phone Holder manolita Navy,_NV,Navy,Wallet,Phone Holder,Nylon,Polyamide; Polyester; Polyurethane,,,17.99,/232/62/210175_NV_1,210175_NV_1.jpg,none,,,,,,
210175_PK,210175,Phone Holder manolita Pink,_PK,Pink,Wallet,Phone Holder,Nylon,Polyamide; Polyester; Polyurethane,,,17.99,/232/62/210175_PK_1,210175_PK_1.jpg,none,,,,,,
210201_EC,210201,Wallet manolita Ecru,_EC,Ecru,Wallet,Wallet,Printed PU,Polyester; Polyurethane,,,12.99,/232/62/210201_EC_1,210201_EC_1.jpg,none,,,,,,
210214_BL,210214,Wallet bjork Blue,_BL,Blue,Wallet,Wallet,Plain PU,Polyester; Polyurethane,,,10.99,/232/62/210214_BL_1,210214_BL_1.jpg,none,,,,,,
210214_EC,210214,Wallet bjork Ecru,_EC,Ecru,Wallet,Wallet,Plain PU,Polyester; Polyurethane,,,10.99,/232/62/210214_EC_1,210214_EC_1.jpg,none,,,,,,
210214_GN,210214,Wallet bjork Green,_GN,Green,Wallet,Wallet,Plain PU,Polyester; Polyurethane,,,10.99,/232/62/210214_GN_1,210214_GN_1.jpg,none,,,,,,
210219_GN,210219,Card Holder bjork Green,_GN,Green,Wallet,Card Holder,Plain PU,Ethylene vinyl acetate; Polyester; Polyurethane,,,12.99,/232/62/210219_GN_1,210219_GN_1.jpg,none,,,,,,
210219_PK,210219,Card Holder bjork Pink,_PK,Pink,Wallet,Card Holder,Plain PU,Ethylene vinyl acetate; Polyester; Polyurethane,,,12.99,/232/62/210219_PK_1,210219_PK_1.jpg,none,,,,,,
210240_PK,210240,Wallet mirabel Pink,_PK,Pink,Wallet,Wallet,Plain PU,Polyester; Polyurethane; Thermoplastic Polyurethane,,,15.99,/232/62/210240_PK_1,210240_PK_1.jpg,none,,,,,,
210404_BK,210404,Phone Holder LAPELE Black,_BK,Black,Wallet,Phone Holder,Leather,Cow Leather; Polyester,,,22.99,/232/62/210404_BK_1,210404_BK_1.jpg,none,,,,,,
210404_EC,210404,Phone Holder LAPELE Ecru,_EC,Ecru,Wallet,Phone Holder,Leather,Cow Leather; Polyester,,,22.99,/232/62/210404_EC_1,210404_EC_1.jpg,none,,,,,,
210404_KK,210404,Phone Holder LAPELE Khaki,_KK,Khaki,Wallet,Phone Holder,Leather,Cow Leather; Polyester,,,22.99,/232/62/210404_KK_1,210404_KK_1.jpg,none,,,,,,
210404_LM,210404,Phone Holder LAPELE Lime,_LM,Lime,Wallet,Phone Holder,Leather,Cow Leather; Polyester,,,22.99,/232/62/210404_LM_1,210404_LM_1.jpg,none,,,,,,
210849_BM,210849,Wallet Elle Bright Multicolor,_BM,Bright Multicolor,Wallet,Wallet,Printed PU,Polyester; Polyurethane,,,15.99,/232/62/210849_BM_1,210849_BM_1.jpg,none,,,,,,
210852_EC,210852,Wallet Elle Ecru,_EC,Ecru,Wallet,Wallet,Plain PU,Polyester; Polyurethane,,,10.99,/232/62/210852_EC_1,210852_EC_1.jpg,none,,,,,,
210852_OR,210852,Wallet Elle Orange,_OR,Orange,Wallet,Wallet,Plain PU,Polyester; Polyurethane,,,10.99,/232/62/210852_OR_1,210852_OR_1.jpg,none,,,,,,
210856_BM,210856,Card Holder Elle Bright Multicolor,_BM,Bright Multicolor,Wallet,Card Holder,Printed PU,Polyester; Polyurethane,,,9.99,/232/62/210856_BM_1,210856_BM_1.jpg,none,,,,,,
210868_HM,210868,Tablet Case lara Halftone Multicolor,_HM,Halftone Multicolor,Wallet,Others,Tablet Case,Polyester; Polyurethane,,,12.99,/232/62/210868_HM_1,210868_HM_1.jpg,none,,,,,,
210964_BL,210964,Wallet AUBREY 1 Blue,_BL,Blue,Wallet,Wallet,Printed PU,Polyester; Polyurethane,,,12.99,/232/62/210964_BL_1,210964_BL_1.jpg,none,,,,,,
211235_RD,211235,Wallet BLOOMING Red,_RD,Red,Wallet,Wallet,Color Block,Polyester; Polyurethane,,,17.99,/232/62/211235_RD_1,211235_RD_1.jpg,none,,,,,,
211299_BK,211299,Wallet POWER Black,_BK,Black,Wallet,Wallet,Padded PU,Polyester; Polyurethane; Thermoplastic Polyurethane,,,17.99,/232/62/211299_BK_1,211299_BK_1.jpg,none,,,,,,
211299_IV,211299,Wallet POWER Ivory,_IV,Ivory,Wallet,Wallet,Padded PU,Polyester; Polyurethane; Thermoplastic Polyurethane,,,17.99,/232/62/211299_IV_1,211299_IV_1.jpg,none,,,,,,
211357_DM,211357,Wallet irene Dark Multicolor,_DM,Dark Multicolor,Wallet,Wallet,Printed PU,Polyester; Polyurethane,,,15.99,/232/62/211357_DM_1,211357_DM_1.jpg,none,,,,,,
211363_DM,211363,Multipurpose Purse irene Dark Multicolor,_DM,Dark Multicolor,Wallet,Multipurpose Purse,Printed Nylon,Polyester,,,17.99,/232/62/211363_DM_1,211363_DM_1.jpg,none,,,,,,
211369_DM,211369,Coin Purse irene Dark Multicolor,_DM,Dark Multicolor,Wallet,Coin Purse,Printed Nylon,Polyester,,,12.99,/232/62/211369_DM_1,211369_DM_1.jpg,none,,,,,,
211540_BM,211540,Wallet Portia Bright Multicolor,_BM,Bright Multicolor,Wallet,Wallet,Printed PU,Polyester; Polyurethane,,,17.99,/232/62/211540_BM_1,211540_BM_1.jpg,none,,,,,,
211546_KK,211546,Computer Case lara Khaki,_KK,Khaki,Wallet,Others,Computer Case,Polyester; Polyurethane,,,19.99,/232/62/211546_KK_1,211546_KK_1.jpg,none,,,,,,
211550_BL,211550,Wallet Basic Portia Blue,_BL,Blue,Wallet,Wallet,Plain PU,Polyester; Polyurethane,,,15.99,/232/62/211550_BL_1,211550_BL_1.jpg,none,,,,,,
211550_LL,211550,Wallet Basic Portia Lilac,_LL,Lilac,Wallet,Wallet,Plain PU,Polyester; Polyurethane,,,15.99,/232/62/211550_LL_1,211550_LL_1.jpg,none,,,,,,
211554_BM,211554,Wallet Basic Portia Bright Multicolor,_BM,Bright Multicolor,Wallet,Wallet,Printed PU,Polyester; Polyurethane,,,10.99,/232/62/211554_BM_1,211554_BM_1.jpg,none,,,,,,
211705_DM,211705,Phone Holder FARM2 Dark Multicolor,_DM,Dark Multicolor,Wallet,Phone Holder,Real Fur,Cow Leather; Polyester; Polyurethane,,,19.99,/232/62/211705_DM_1,211705_DM_1.jpg,none,,,,,,
211876_BG,211876,Wallet THEO Beige,_BG,Beige,Wallet,Wallet,Jacquard,Polyester; Polyurethane; Thermoplastic Polyurethane,,,15.99,/232/62/211876_BG_1,211876_BG_1.jpg,none,,,,,,
212053_BK,212053,Pencil Case kimmy Black,_BK,Black,Wallet,Pencil Case,Nylon,Polyester,,,12.99,/232/62/212053_BK_1,212053_BK_1.jpg,none,,,,,,
212213_DM,212213,Coin Purse TIGER2 Dark Multicolor,_DM,Dark Multicolor,Wallet,Coin Purse,Printed Nylon,Polyester; Polyurethane,,,12.99,/232/62/212213_DM_1,212213_DM_1.jpg,none,,,,,,
212213_LM,212213,Coin Purse TIGER2 Lime,_LM,Lime,Wallet,Coin Purse,Printed Nylon,Polyester; Polyurethane,,,12.99,/232/62/212213_LM_1,212213_LM_1.jpg,none,,,,,,
212241_BK,212241,Multipurpose Purse SUSTAINABLE CAPSULE Black,_BK,Black,Wallet,Multipurpose Purse,Nylon,Polyester; Recycled Polyamide,,,12.99,/232/62/212241_BK_1,212241_BK_1.jpg,none,,,,,,
212241_GY,212241,Multipurpose Purse SUSTAINABLE CAPSULE Grey,_GY,Grey,Wallet,Multipurpose Purse,Nylon,Polyester; Recycled Polyamide,,,12.99,/232/62/212241_GY_1,212241_GY_1.jpg,none,,,,,,
212241_KK,212241,Multipurpose Purse SUSTAINABLE CAPSULE Khaki,_KK,Khaki,Wallet,Multipurpose Purse,Nylon,Polyester; Recycled Polyamide,,,12.99,/232/62/212241_KK_1,212241_KK_1.jpg,none,,,,,,
212741_BK,212741,Wallet OLIVE Black,_BK,Black,Wallet,Wallet,Plain PU,Polyester; Polyurethane; Thermoplastic Polyurethane,,,15.99,/232/62/212741_BK_1,212741_BK_1.jpg,none,,,,,,
212796_GN,212796,Wallet SAVANA1 Green,_GN,Green,Wallet,Wallet,Real Fur,Cow Leather; Polyester; Polyurethane,,,17.99,/232/62/212796_GN_1,212796_GN_1.jpg,none,,,,,,
212820_BK,212820,Phone Holder BILLIE Black,_BK,Black,Wallet,Phone Holder,Nylon,Polyester; Polyurethane,,,17.99,/232/62/212820_BK_1,212820_BK_1.jpg,none,,,,,,
213424_KK,213424,Notebook Lara Stationery Khaki,_KK,Khaki,Wallet,Others,Notebook,Acrylonitrile Butadiene Styrene; Paper; Polyurethane,,,12.99,/232/62/213424_KK_1,213424_KK_1.jpg,none,,,,,,
213424_LL,213424,Notebook Lara Stationery Lilac,_LL,Lilac,Wallet,Others,Notebook,Acrylonitrile Butadiene Styrene; Paper; Polyurethane,,,12.99,/232/62/213424_LL_1,213424_LL_1.jpg,none,,,,,,
213435_OR,213435,Card Holder Basic Mia Orange,_OR,Orange,Wallet,Card Holder,Plain PU,Polyester; Polyurethane,,,7.99,/232/62/213435_OR_1,213435_OR_1.jpg,none,,,,,,
213444_BM,213444,Wallet Basic Mia Bright Multicolor,_BM,Bright Multicolor,Wallet,Wallet,Printed PU,Polyester; Polyurethane,,,17.99,/232/62/213444_BM_1,213444_BM_1.jpg,none,,,,,,
213720_LM,213720,Coin Purse Basic Mia Lime,_LM,Lime,Wallet,Coin Purse,Plain PU,Polyester; Polyurethane,,,7.99,/232/62/213720_LM_1,213720_LM_1.jpg,none,,,,,,
213728_OR,213728,Multipurpose Purse Anime Orange,_OR,Orange,Wallet,Multipurpose Purse,Nylon,Polyamide; Polyurethane; Silicone,,,15.99,/232/62/213728_OR_1,213728_OR_1.jpg,none,,,,,,
213729_BG,213729,Phone Holder Anime Beige,_BG,Beige,Wallet,Phone Holder,Nylon,Polyamide; Polyester; Polyurethane,,,17.99,/232/62/213729_BG_1,213729_BG_1.jpg,none,,,,,,
213729_BK,213729,Phone Holder Anime Black,_BK,Black,Wallet,Phone Holder,Nylon,Polyamide; Polyester; Polyurethane,,,17.99,/232/62/213729_BK_1,213729_BK_1.jpg,none,,,,,,
213980_DN,213980,Phone Holder CAMO3 Dark Green,_DN,Dark Green,Wallet,Phone Holder,Printed PU,Polyester; Polyurethane,,,17.99,/232/62/213980_DN_1,213980_DN_1.jpg,none,,,,,,
214101_BK,214101,Card Holder PILAR Black,_BK,Black,Wallet,Card Holder,Plain PU,Polyester; Polyurethane,,,12.99,/232/62/214101_BK_1,214101_BK_1.jpg,none,,,,,,
214101_PU,214101,Card Holder PILAR Purple,_PU,Purple,Wallet,Card Holder,Plain PU,Polyester; Polyurethane,,,12.99,/232/62/214101_PU_1,214101_PU_1.jpg,none,,,,,,
214195_BU,214195,Wallet Avril Burgundy,_BU,Burgundy,Wallet,Wallet,Plain PU,Polyester; Polyurethane; Thermoplastic Polyurethane,,,12.99,/232/62/214195_BU_1,214195_BU_1.jpg,none,,,,,,
214195_LL,214195,Wallet Avril Lilac,_LL,Lilac,Wallet,Wallet,Plain PU,Polyester; Polyurethane; Thermoplastic Polyurethane,,,12.99,/232/62/214195_LL_1,214195_LL_1.jpg,none,,,,,,
214198_EC,214198,Wallet Avril Ecru,_EC,Ecru,Wallet,Wallet,Plain PU,Polyester; Polyurethane,,,10.99,/232/62/214198_EC_1,214198_EC_1.jpg,none,,,,,,
214198_LM,214198,Wallet Avril Lime,_LM,Lime,Wallet,Wallet,Plain PU,Polyester; Polyurethane,,,10.99,/232/62/214198_LM_1,214198_LM_1.jpg,none,,,,,,
214198_PU,214198,Wallet Avril Purple,_PU,Purple,Wallet,Wallet,Plain PU,Polyester; Polyurethane,,,10.99,/232/62/214198_PU_1,214198_PU_1.jpg,none,,,,,,
214203_DM,214203,Card Holder Avril Dark Multicolor,_DM,Dark Multicolor,Wallet,Card Holder,Printed Nylon,Polyester; Thermoplastic Polyurethane,,,9.99,/232/62/214203_DM_1,214203_DM_1.jpg,none,,,,,,
214250_EC,214250,Wallet EARLYBIRD Ecru,_EC,Ecru,Wallet,Wallet,Printed PU,Polyester; Polyurethane,,,15.99,/241/62/214250_EC_1,214250_EC_1.jpg,none,,,,,,
214279_BG,214279,Phone Holder STACEY Beige,_BG,Beige,Wallet,Phone Holder,Patchwork,Polyester; Polyurethane,Light Golden,,17.99,/241/62/214279_BG_1,214279_BG_1.jpg,none,,,,,,
214279_BK,214279,Phone Holder STACEY Black,_BK,Black,Wallet,Phone Holder,Patchwork,Polyester; Polyurethane,Light Golden,,17.99,/241/62/214279_BK_1,214279_BK_1.jpg,none,,,,,,
214356_BM,214356,Phone Holder Basic Mia Bright Multicolor,_BM,Bright Multicolor,Wallet,Phone Holder,Printed PU,Polyester; Polyurethane,,,17.99,/232/62/214356_BM_1,214356_BM_1.jpg,none,,,,,,
214551_DM,214551,Wallet gina Dark Multicolor,_DM,Dark Multicolor,Wallet,Wallet,Real Fur,Cow Leather; Polyester; Polyurethane,,,17.99,/232/62/214551_DM_1,214551_DM_1.jpg,none,,,,,,
214769_EC,214769,Wallet Basic maude Ecru,_EC,Ecru,Wallet,Wallet,Plain PU,Polyester; Polyurethane; Thermoplastic Polyurethane,,,12.99,/232/62/214769_EC_1,214769_EC_1.jpg,none,,,,,,
214790_DP,214790,Wallet Basic maude Dark Pink,_DP,Dark Pink,Wallet,Wallet,Plain PU,Polyester; Polyurethane; Thermoplastic Polyurethane,,,15.99,/232/62/214790_DP_1,214790_DP_1.jpg,none,,,,,,
214790_EC,214790,Wallet Basic maude Ecru,_EC,Ecru,Wallet,Wallet,Plain PU,Polyester; Polyurethane; Thermoplastic Polyurethane,,,15.99,/232/62/214790_EC_1,214790_EC_1.jpg,none,,,,,,
215174_SK,215174,Wallet BASIC SIDNEY Skin,_SK,Skin,Wallet,Wallet,Plain PU,Polyester; Polyurethane; Thermoplastic Polyurethane,,,15.99,/241/62/215174_SK_1,215174_SK_1.jpg,none,,,,,,
215177_PK,215177,Coin Purse BASIC SIDNEY Pink,_PK,Pink,Wallet,Coin Purse,Plain PU,Polyester; Polyurethane,,,7.99,/241/62/215177_PK_1,215177_PK_1.jpg,none,,,,,,
215215_GY,215215,Phone Holder MISCHA Grey,_GY,Grey,Wallet,Phone Holder,Real Suede,Copper; Cow Leather; Polyester; Polyurethane; Zinc,,,25.99,/241/62/215215_GY_1,215215_GY_1.jpg,none,,,,,,
215457_BM,215457,Wallet AUBERY Bright Multicolor,_BM,Bright Multicolor,Wallet,Wallet,Printed PU,Polyester; Polyurethane; Thermoplastic Polyurethane,,,17.99,/241/62/215457_BM_2y,215457_BM_2y.jpg,none,,,,,,
215467_BK,215467,Wallet AUBERY Black,_BK,Black,Wallet,Wallet,Padded Peach PU,Polyester; Polyurethane,,,12.99,/241/62/215467_BK_1,215467_BK_1.jpg,none,,,,,,
215861_LL,215861,Coin Purse MISCHA Lilac,_LL,Lilac,Wallet,Coin Purse,Plain PU,Polyester; Polyurethane,,,7.99,/241/62/215861_LL_1,215861_LL_1.jpg,none,,,,,,
216048_BM,216048,Phone Holder BASIC SIDNEY Bright Multicolor,_BM,Bright Multicolor,Wallet,Phone Holder,Printed PU,Polyester; Polyurethane; Thermoplastic Polyurethane,,,17.99,/241/62/216048_BM_1,216048_BM_1.jpg,none,,,,,,
216105_CA,216105,Wallet ELLIOT Camel,_CA,Camel,Wallet,Wallet,Plain PU,Polyester; Polyurethane; Thermoplastic Polyurethane,,,15.99,/241/62/216105_CA_1,216105_CA_1.jpg,none,,,,,,
216316_BK,216316,Phone Holder NEWBRUNIS Black,_BK,Black,Wallet,Phone Holder,Nylon,Polyamide; Polyester; Polyurethane,,,17.99,/241/62/216316_BK_1,216316_BK_1.jpg,none,,,,,,
216316_KK,216316,Phone Holder NEWBRUNIS Khaki,_KK,Khaki,Wallet,Phone Holder,Nylon,Polyamide; Polyester; Polyurethane,,,17.99,/241/62/216316_KK_1,216316_KK_1.jpg,none,,,,,,
216316_PU,216316,Phone Holder NEWBRUNIS Purple,_PU,Purple,Wallet,Phone Holder,Nylon,Polyamide; Polyester; Polyurethane,,,17.99,/241/62/216316_PU_1,216316_PU_1.jpg,none,,,,,,
216316_TU,216316,Phone Holder NEWBRUNIS Taupe,_TU,Taupe,Wallet,Phone Holder,Nylon,Polyamide; Polyester; Polyurethane,,,17.99,/241/62/216316_TU_1,216316_TU_1.jpg,none,,,,,,
216346_CA,216346,Wallet ELLIOT Camel,_CA,Camel,Wallet,Wallet,Plain PU,Polyester; Polyurethane; Thermoplastic Polyurethane,,,12.99,/241/62/216346_CA_1,216346_CA_1.jpg,none,,,,,,
216368_BK,216368,Phone Holder MAGIK LOVE Black,_BK,Black,Wallet,Phone Holder,Fake Nylon,Polyester; Polyurethane,,,17.99,/241/62/216368_BK_1,216368_BK_1.jpg,none,,,,,,
216368_FU,216368,Phone Holder MAGIK LOVE Fuchsia,_FU,Fuchsia,Wallet,Phone Holder,Fake Nylon,Polyester; Polyurethane,,,17.99,/241/62/216368_FU_1,216368_FU_1.jpg,none,,,,,,
216552_FU,216552,Wallet ROY Fuchsia,_FU,Fuchsia,Wallet,Wallet,Printed PU,Polyester; Polyurethane; Thermoplastic Polyurethane,,,15.99,/241/62/216552_FU_1,216552_FU_1.jpg,none,,,,,,
216574_MT,216574,Wallet TETE Mint,_MT,Mint,Wallet,Wallet,Plain PU,Polyester; Polyurethane; Thermoplastic Polyurethane,,,15.99,/241/62/216574_MT_1,216574_MT_1.jpg,none,,,,,,
216577_EC,216577,Wallet TETE Ecru,_EC,Ecru,Wallet,Wallet,Plain PU,Polyester; Polyurethane; Thermoplastic Polyurethane,,,12.99,/241/62/216577_EC_1,216577_EC_1.jpg,none,,,,,,
216577_LL,216577,Wallet TETE Lilac,_LL,Lilac,Wallet,Wallet,Plain PU,Polyester; Polyurethane; Thermoplastic Polyurethane,,,12.99,/241/62/216577_LL_1,216577_LL_1.jpg,none,,,,,,
216577_RD,216577,Wallet TETE Red,_RD,Red,Wallet,Wallet,Plain PU,Polyester; Polyurethane; Thermoplastic Polyurethane,,,12.99,/241/62/216577_RD_1,216577_RD_1.jpg,none,,,,,,
216594_BK,216594,Wallet MILITARY2 Black,_BK,Black,Wallet,Wallet,Padded PU,Polyester; Polyurethane,,,15.99,/241/62/216594_BK_1,216594_BK_1.jpg,none,,,,,,
216594_PU,216594,Wallet MILITARY2 Purple,_PU,Purple,Wallet,Wallet,Padded PU,Polyester; Polyurethane,,,15.99,/241/62/216594_PU_1,216594_PU_1.jpg,none,,,,,,
216598_DM,216598,Coin Purse FIRE2 Dark Multicolor,_DM,Dark Multicolor,Wallet,Coin Purse,Printed Nylon,Polyamide; Polyester,,,7.99,/241/62/216598_DM_1,216598_DM_1.jpg,none,,,,,,
216608_GN,216608,Wallet JACKIE Green,_GN,Green,Wallet,Wallet,Animal Embossed PU,Polyester; Polyurethane,,,12.99,/241/62/216608_GN_1,216608_GN_1.jpg,none,,,,,,
216618_MM,216618,Card Holder JACKIE Metallic Multicolor,_MM,Metallic Multicolor,Wallet,Card Holder,Animal Embossed PU,Polyester; Polyurethane; Thermoplastic Polyurethane,,,9.99,/241/62/216618_MM_1,216618_MM_1.jpg,none,,,,,,
216765_HM,216765,Phone Holder NEWBRUNIS Halftone Multicolor,_HM,Halftone Multicolor,Wallet,Phone Holder,Printed Nylon,Polyester; Polyurethane,,,17.99,/241/62/216765_HM_1,216765_HM_1.jpg,none,,,,,,
216870_BM,216870,Wallet BASIC JULIETA Bright Multicolor,_BM,Bright Multicolor,Wallet,Wallet,Printed PU,Polyester; Polyurethane; Thermoplastic Polyurethane,,,12.99,/241/62/216870_BM_1,216870_BM_1.jpg,none,,,,,,
216880_RD,216880,Wallet BASIC JULIETA Red,_RD,Red,Wallet,Wallet,Plain PU,Polyester; Polyurethane,,,10.99,/241/62/216880_RD_1,216880_RD_1.jpg,none,,,,,,
216884_BG,216884,Card Holder BASIC JOANINHA Beige,_BG,Beige,Wallet,Card Holder,Plain PU,Polyester; Polyurethane,,,7.99,/242/62/216884_BG_1,216884_BG_1.jpg,none,,,,,,
216884_YL,216884,Card Holder BASIC JULIETA Yellow,_YL,Yellow,Wallet,Card Holder,Plain PU,Polyester; Polyurethane,,,7.99,/241/62/216884_YL_1,216884_YL_1.jpg,none,,,,,,
217056_OR,217056,Coin Purse SILVERSURFER2 Orange,_OR,Orange,Wallet,Coin Purse,Plain PU,Polyester; Polyurethane,,,5.99,/241/62/217056_OR_1,217056_OR_1.jpg,none,,,,,,
217172_RD,217172,Wallet RED Red,_RD,Red,Wallet,Wallet,Plain PU,Polyester; Polyurethane; Thermoplastic Polyurethane,,,17.99,/241/62/217172_RD_1,217172_RD_1.jpg,none,,,,,,
217180_BL,217180,Card Holder celia Blue,_BL,Blue,Wallet,Card Holder,Interlaced,Polyester; Polyurethane; Thermoplastic Polyurethane,,,9.99,/241/62/217180_BL_1,217180_BL_1.jpg,none,,,,,,
217180_YL,217180,Card Holder celia Yellow,_YL,Yellow,Wallet,Card Holder,Interlaced,Polyester; Polyurethane; Thermoplastic Polyurethane,,,9.99,/241/62/217180_YL_1,217180_YL_1.jpg,none,,,,,,
217182_BM,217182,Coin Purse celia Bright Multicolor,_BM,Bright Multicolor,Wallet,Coin Purse,Printed PU,Polyester; Polyurethane,,,7.99,/241/62/217182_BM_1,217182_BM_1.jpg,none,,,,,,
217248_BK,217248,Notebook venus Black,_BK,Black,Wallet,Others,Notebook,Fiberglass; Paper; Polyester,,,15.99,/241/62/217248_BK_1,217248_BK_1.jpg,none,,,,,,
217276_BM,217276,Pencil Case venus Bright Multicolor,_BM,Bright Multicolor,Wallet,Pencil Case,Printed Nylon,Polyester; Resin,,,12.99,/241/62/217276_BM_1,217276_BM_1.jpg,none,,,,,,
217408_GN,217408,Wallet FLEUR Green,_GN,Green,Wallet,Wallet,Printed PU,Polyester; Polyurethane,,,15.99,/241/62/217408_GN_1,217408_GN_1.jpg,none,,,,,,
217801_RD,217801,Multipurpose Purse CUPID Red,_RD,Red,Wallet,Multipurpose Purse,Denim,Cotton; Polyester; Polyurethane,,,25.99,/241/62/217801_RD_1,217801_RD_1.jpg,none,,,,,,
217896_BL,217896,Wallet LIV Blue,_BL,Blue,Wallet,Wallet,Plain PU,Polyester; Polymethylmethacrylate; Polyurethane,,,12.99,/241/62/217896_BL_1,217896_BL_1.jpg,none,,,,,,
217900_BG,217900,Card Holder LIV Beige,_BG,Beige,Wallet,Card Holder,Plain PU,Polyester; Polyurethane,,,7.99,/241/62/217900_BG_1,217900_BG_1.jpg,none,,,,,,
217900_LL,217900,Card Holder LIV Lilac,_LL,Lilac,Wallet,Card Holder,Plain PU,Polyester; Polyurethane,,,7.99,/241/62/217900_LL_1,217900_LL_1.jpg,none,,,,,,
217909_DM,217909,Wallet FLORENCE Dark Multicolor,_DM,Dark Multicolor,Wallet,Wallet,Printed PU,Polyester; Polyurethane; Thermoplastic Polyurethane,,,15.99,/241/62/217909_DM_1,217909_DM_1.jpg,none,,,,,,
217938_KK,217938,Wallet BASIC JOANINHA Khaki,_KK,Khaki,Wallet,Wallet,Plain PU,Polyester; Polyurethane,,,10.99,/242/62/217938_KK_1,217938_KK_1.jpg,none,,,,,,
217954_PM,217954,Card Holder BASIC FLORENCE Pastel Multicolor,_PM,Pastel Multicolor,Wallet,Card Holder,Printed PU,Polyester; Polyethylene,,,7.99,/241/62/217954_PM_1,217954_PM_1.jpg,none,,,,,,
217985_JN,217985,Phone Holder SMILE Blue Jeans,_JN,Blue Jeans,Wallet,Phone Holder,Denim,Cotton; Iron; Polyester; Polyurethane,,,15.99,/241/62/217985_JN_1,217985_JN_1.jpg,none,,,,,,
218007_BM,218007,Wallet MONICA Bright Multicolor,_BM,Bright Multicolor,Wallet,Wallet,Printed PU,Polyester; Polyurethane,,,10.99,/241/62/218007_BM_1,218007_BM_1.jpg,none,,,,,,
218009_EC,218009,Card Holder MONICA Ecru,_EC,Ecru,Wallet,Card Holder,Plain PU,Polyester; Polyurethane,,,7.99,/241/62/218009_EC_1,218009_EC_1.jpg,none,,,,,,
218009_OR,218009,Card Holder MONICA Orange,_OR,Orange,Wallet,Card Holder,Plain PU,Polyester; Polyurethane,,,7.99,/241/62/218009_OR_1,218009_OR_1.jpg,none,,,,,,
218009_PU,218009,Card Holder MONICA Purple,_PU,Purple,Wallet,Card Holder,Plain PU,Polyester; Polyurethane,,,7.99,/241/62/218009_PU_1,218009_PU_1.jpg,none,,,,,,
218127_GN,218127,Wallet MADEIRA Green,_GN,Green,Wallet,Wallet,Peach PU,Polyester; Polyurethane; Thermoplastic Polyurethane,,,15.99,/241/62/218127_GN_1,218127_GN_1.jpg,none,,,,,,
218132_PK,218132,Card Holder MADEIRA Pink,_PK,Pink,Wallet,Card Holder,Peach PU,Polyester; Polyurethane; Thermoplastic Polyurethane,,,12.99,/241/62/218132_PK_1,218132_PK_1.jpg,none,,,,,,
218155_PM,218155,Pencil Case LE SUD Pastel Multicolor,_PM,Pastel Multicolor,Wallet,Pencil Case,Printed Nylon,Polyamide; Polyester; Silicone,,,12.99,/241/62/218155_PM_1,218155_PM_1.jpg,none,,,,,,
218162_OR,218162,Wallet LE SUD Orange,_OR,Orange,Wallet,Wallet,Fake Nylon,Polyester; Polyurethane; Silicone,,,12.99,/241/62/218162_OR_1,218162_OR_1.jpg,none,,,,,,
218276_YL,218276,Wallet FLOWER PATCH Yellow,_YL,Yellow,Wallet,Wallet,Printed PU,Polyester; Polyurethane; Thermoplastic Polyurethane,,,12.99,/241/62/218276_YL_1,218276_YL_1.jpg,none,,,,,,
218403_BK,218403,Wallet CUPIDO2 Black,_BK,Black,Wallet,Wallet,Printed PU,Polyester; Polyurethane,,,12.99,/241/62/218403_BK_1,218403_BK_1.jpg,none,,,,,,
218403_OR,218403,Wallet CUPIDO2 Orange,_OR,Orange,Wallet,Wallet,Printed PU,Polyester; Polyurethane,,,12.99,/241/62/218403_OR_1,218403_OR_1.jpg,none,,,,,,
218526_RD,218526,Coin Purse PICASSO2 Red,_RD,Red,Wallet,Coin Purse,Printed Nylon,Polyester,,,12.99,/241/62/218526_RD_1,218526_RD_1.jpg,none,,,,,,
218838_BM,218838,Wallet BASIC JOANINHA Bright Multicolor,_BM,Bright Multicolor,Wallet,Wallet,Printed PU,Polyester; Polyurethane,,,10.99,/242/62/218838_BM_1,218838_BM_1.jpg,none,,,,,,
218850NC,218850,Multipurpose Purse TAYLOR Natural Color,NC,Natural Color,Wallet,Multipurpose Purse,Paper straw,Acrylic; Cotton; Glass; Iron; Linen; Paper; Polyester,,,15.99,/241/62/218850NC_1,218850NC_1.jpg,none,,,,,,
218944_PK,218944,Coin Purse MAMMINA Pink,_PK,Pink,Wallet,Coin Purse,Printed Fake Nylon,Polyester; Polyurethane,,,12.99,/241/62/218944_PK_1,218944_PK_1.jpg,none,,,,,,
219483_EC,219483,Phone Holder BASIC JOANINHA Ecru,_EC,Ecru,Wallet,Phone Holder,Plain PU,Polyester; Polyurethane; Thermoplastic Polyurethane,,,16.99,/242/62/219483_EC_1,219483_EC_1.jpg,none,,,,,,
219558_BL,219558,Wallet TAYLOR Blue,_BL,Blue,Wallet,Wallet,Animal Embossed PU,Polyester; Polyurethane; Thermoplastic Polyurethane,,,17.99,/241/62/219558_BL_1,219558_BL_1.jpg,none,,,,,,
219558_CA,219558,Wallet TAYLOR Camel,_CA,Camel,Wallet,Wallet,Animal Embossed PU,Polyester; Polyurethane; Thermoplastic Polyurethane,,,17.99,/241/62/219558_CA_1,219558_CA_1.jpg,none,,,,,,
219580_BL,219580,Wallet CARIBE Blue,_BL,Blue,Wallet,Wallet,Patchwork,Cotton; Polyester; Polyurethane; Thermoplastic Polyurethane,Silver,,17.99,/241/62/219580_BL_1,219580_BL_1.jpg,none,,,,,,
219605NC,219605,Wallet PATTY Natural Color,NC,Natural Color,Wallet,Wallet,Fake straw,Polyester; Polypropylene; Polyurethane; Thermoplastic Polyurethane,,,15.99,/241/62/219605NC_1,219605NC_1.jpg,none,,,,,,
219615_BM,219615,Card Holder BASIC DANI Bright Multicolor,_BM,Bright Multicolor,Wallet,Card Holder,Printed PU,Polyester; Polyurethane,,,7.99,/242/62/219615_BM_1,219615_BM_1.jpg,none,,,,,,
219759_EC,219759,Wallet SELMA Ecru,_EC,Ecru,Wallet,Wallet,Plain PU,Polyester; Polyurethane,,,12.99,/241/62/219759_EC_1,219759_EC_1.jpg,none,,,,,,
219759_LB,219759,Wallet SELMA Light Blue,_LB,Light Blue,Wallet,Wallet,Plain PU,Polyester; Polyurethane,,,12.99,/241/62/219759_LB_1,219759_LB_1.jpg,none,,,,,,
219795_BL,219795,Card Holder SELMA Blue,_BL,Blue,Wallet,Card Holder,Plastic,Polyester; Thermoplastic Polyurethane,,,12.99,/241/62/219795_BL_1,219795_BL_1.jpg,none,,,,,,
219866_BL,219866,Coin Purse SELMA Blue,_BL,Blue,Wallet,Coin Purse,Printed Nylon,Polyamide,,,9.99,/241/62/219866_BL_1,219866_BL_1.jpg,none,,,,,,
220164_CL,220164,Phone Holder SAHARA Coral,_CL,Coral,Wallet,Phone Holder,Printed Fake Nylon,Polyester; Polyurethane,,,15.99,/242/62/220164_CL_1,220164_CL_1.jpg,none,,,,,,
220394_CA,220394,Wallet STRAWBERRY Camel,_CA,Camel,Wallet,Wallet,Paper straw,Iron; Linen; Paper; Polyester; Polyurethane,Light Golden,,17.99,/242/62/220394_CA_1,220394_CA_1.jpg,none,,,,,,
220819_LB,220819,Wallet MILEY Light Blue,_LB,Light Blue,Wallet,Wallet,Plain PU,Polyester; Polyurethane; Thermoplastic Polyurethane,,,17.99,/242/62/220819_LB_1,220819_LB_1.jpg,none,,,,,,
220945_BG,220945,Wallet BASIC DANI Beige,_BG,Beige,Wallet,Wallet,Plain PU,Polyester; Polyurethane; Thermoplastic Polyurethane,,,12.99,/242/62/220945_BG_1y,220945_BG_1y.jpg,none,,,,,,
220945_LL,220945,Wallet loretta Lilac,_LL,Lilac,Wallet,Wallet,Plain PU,Polyester; Polyurethane; Thermoplastic Polyurethane,,,12.99,/242/62/220945_LL_1,220945_LL_1.jpg,none,,,,,,
220945_YL,220945,Wallet BASIC DANI Yellow,_YL,Yellow,Wallet,Wallet,Plain PU,Polyester; Polyurethane; Thermoplastic Polyurethane,,,12.99,/242/62/220945_YL_2y,220945_YL_2y.jpg,none,,,,,,
220946_EC,220946,Wallet BASIC DANI Ecru,_EC,Ecru,Wallet,Wallet,Plain PU,Polyester; Polyurethane,,,10.99,/242/62/220946_EC_2y,220946_EC_2y.jpg,none,,,,,,
220946_PK,220946,Wallet loretta Pink,_PK,Pink,Wallet,Wallet,Plain PU,Polyester; Polyurethane,,,10.99,/242/62/220946_PK_2y,220946_PK_2y.jpg,none,,,,,,
221147_WT,221147,Phone Holder STRAWBERRY White,_WT,White,Wallet,Phone Holder,Paper straw,Iron; Linen; Paper; Polyurethane,Light Golden,,17.99,/242/62/221147_WT_1,221147_WT_1.jpg,none,,,,,,
221200_PK,221200,Multipurpose Purse CONSUELO Pink,_PK,Pink,Wallet,Multipurpose Purse,Knit,Polyester,,,12.99,/242/62/221200_PK_1,221200_PK_1.jpg,none,,,,,,
221232_BM,221232,Card Holder BASIC DIANA Bright Multicolor,_BM,Bright Multicolor,Wallet,Card Holder,Printed PU,Polyester; Polyurethane,,,7.99,/242/62/221232_BM_1,221232_BM_1.jpg,none,,,,,,
221323NC,221323,Phone Holder MILEY Natural Color,NC,Natural Color,Wallet,Phone Holder,Paper straw,Cotton; Iron; Linen; Paper; Polyester; Polyurethane,,,19.99,/242/62/221323NC_1,221323NC_1.jpg,none,,,,,,
221576_PK,221576,Coin Purse MILEY Pink,_PK,Pink,Wallet,Coin Purse,Knit,Cotton,,,15.99,/242/62/221576_PK_1,221576_PK_1.jpg,none,,,,,,
221677_GN,221677,Phone Holder FLORA Green,_GN,Green,Wallet,Phone Holder,Printed PU,Polyester; Polyurethane,Silver,,17.99,/242/62/221677_GN_1,221677_GN_1.jpg,none,,,,,,
221735_BK,221735,Card Holder MARTHA Black,_BK,Black,Wallet,Card Holder,Plain PU,Polyester; Polyurethane; Thermoplastic Polyurethane,,,9.99,/242/62/221735_BK_1,221735_BK_1.jpg,none,,,,,,
221736_DM,221736,Card Holder MARTHA Dark Multicolor,_DM,Dark Multicolor,Wallet,Card Holder,Printed PU,Polyester; Polyurethane,,,12.99,/242/62/221736_DM_1,221736_DM_1.jpg,none,,,,,,
221801_BK,221801,Multipurpose Purse MARTHA Black,_BK,Black,Wallet,Multipurpose Purse,Nylon,Polyamide; Polyester; Polyurethane,,,17.99,/242/62/221801_BK_1,221801_BK_1.jpg,none,,,,,,
222186_BM,222186,Wallet OMARA Bright Multicolor,_BM,Bright Multicolor,Wallet,Wallet,Printed PU,Polyester; Polyurethane,,,15.99,/242/62/222186_BM_1,222186_BM_1.jpg,none,,,,,,
222225_BK,222225,Wallet HASHTAG1 Black,_BK,Black,Wallet,Wallet,Fake Nylon,Polyester; Polyurethane,,,12.99,/242/62/222225_BK_1,222225_BK_1.jpg,none,,,,,,
222225_KK,222225,Wallet HASHTAG2 Khaki,_KK,Khaki,Wallet,Wallet,Fake Nylon,Polyester; Polyurethane,,,12.99,/242/62/222225_KK_1,222225_KK_1.jpg,none,,,,,,
222267_NV,222267,Phone Holder PALMS Navy,_NV,Navy,Wallet,Phone Holder,Color Block,Polyester; Polyurethane; Thermoplastic Polyurethane,Light Golden,,17.99,/242/62/222267_NV_1,222267_NV_1.jpg,none,,,,,,
222288_BM,222288,Wallet OMARA Bright Multicolor,_BM,Bright Multicolor,Wallet,Wallet,Printed PU,Polyester; Polyurethane,,,15.99,/242/62/222288_BM_1,222288_BM_1.jpg,none,,,,,,
222293_EC,222293,Wallet OMARA Ecru,_EC,Ecru,Wallet,Wallet,Plain PU,Polyester; Polyurethane; Thermoplastic Polyurethane,,,17.99,/242/62/222293_EC_1,222293_EC_1.jpg,none,,,,,,
222421_PA,222421,Wallet MARTINA Paprika,_PA,Paprika,Wallet,Wallet,Peach PU,Polyester; Polyurethane,,,15.99,/242/62/222421_PA_1,222421_PA_1.jpg,none,,,,,,
222425_EC,222425,Card Holder MARTINA Ecru,_EC,Ecru,Wallet,Card Holder,Plain PU,Polyester; Polyurethane,,,9.99,/242/62/222425_EC_1,222425_EC_1.jpg,none,,,,,,
222425_LB,222425,Card Holder MARTINA Light Blue,_LB,Light Blue,Wallet,Card Holder,Plain PU,Polyester; Polyurethane,,,9.99,/242/62/222425_LB_1,222425_LB_1.jpg,none,,,,,,
222438_BK,222438,Multipurpose Purse ALEK Black,_BK,Black,Wallet,Multipurpose Purse,Nylon,Polyester,,,15.99,/242/62/222438_BK_1,222438_BK_1.jpg,none,,,,,,
222446_EC,222446,Wallet ALEK Ecru,_EC,Ecru,Wallet,Wallet,Plain PU,Polyester; Polyurethane,,,12.99,/242/62/222446_EC_1,222446_EC_1.jpg,none,,,,,,
222451_BK,222451,Coin Purse ALEK Black,_BK,Black,Wallet,Coin Purse,Printed Nylon,Polyester,,,12.99,/242/62/222451_BK_1,222451_BK_1.jpg,none,,,,,,
222451_BM,222451,Coin Purse ALEK Bright Multicolor,_BM,Bright Multicolor,Wallet,Coin Purse,Printed Nylon,Polyester,,,12.99,/242/62/222451_BM_1,222451_BM_1.jpg,none,,,,,,
222458_BM,222458,Wallet ALEK Bright Multicolor,_BM,Bright Multicolor,Wallet,Wallet,Printed PU,Polyester; Polyurethane; Thermoplastic Polyurethane,,,12.99,/242/62/222458_BM_1,222458_BM_1.jpg,none,,,,,,
222568_EC,222568,Wallet GRACE Ecru,_EC,Ecru,Wallet,Wallet,Plain PU,Polyester; Polyurethane,,,15.99,/242/62/222568_EC_1,222568_EC_1.jpg,none,,,,,,
222575_DM,222575,Multipurpose Purse GRACE Dark Multicolor,_DM,Dark Multicolor,Wallet,Multipurpose Purse,Printed Nylon,Polyester; Polyurethane,,,15.99,/242/62/222575_DM_1,222575_DM_1.jpg,none,,,,,,
222580_BM,222580,Card Holder GRACE Bright Multicolor,_BM,Bright Multicolor,Wallet,Card Holder,Printed PU,Polyester; Polyurethane; Thermoplastic Polyurethane,,,9.99,/242/62/222580_BM_1,222580_BM_1.jpg,none,,,,,,
222585_PK,222585,Wallet GRACE Pink,_PK,Pink,Wallet,Wallet,Plain PU,Polyester; Polyurethane,,,12.99,/242/62/222585_PK_1,222585_PK_1.jpg,none,,,,,,
222957_BK,222957,Wallet JACKSON 1 Black,_BK,Black,Wallet,Wallet,Nylon,Polyester; Polyurethane,,,15.99,/242/62/222957_BK_1,222957_BK_1.jpg,none,,,,,,
222957_TU,222957,Wallet JACKSON 1 Taupe,_TU,Taupe,Wallet,Wallet,Nylon,Polyester; Polyurethane,,,15.99,/242/62/222957_TU_1,222957_TU_1.jpg,none,,,,,,
223033_BK,223033,Phone Holder BAKER Black,_BK,Black,Wallet,Phone Holder,Printed Fabric,Polyester; Polyurethane,,,15.99,/242/62/223033_BK_1,223033_BK_1.jpg,none,,,,,,
223178_BK,223178,Wallet BARDOT Black,_BK,Black,Wallet,Wallet,Animal Embossed PU,Polyester; Polyurethane; Thermoplastic Polyurethane,,,23.99,/242/62/223178_BK_1,223178_BK_1.jpg,none,,,,,,
223367_WT,223367,Coin Purse ZIMBA3 White,_WT,White,Wallet,Coin Purse,Real Fur,Cow Leather; Polyester; Polyurethane,,,12.99,/242/62/223367_WT_1,223367_WT_1.jpg,none,,,,,,
223627_BM,223627,Phone Holder LEO2 Bright Multicolor,_BM,Bright Multicolor,Wallet,Phone Holder,Printed Nylon,Polyester; Polyurethane,Silver,,17.99,/242/62/223627_BM_1,223627_BM_1.jpg,none,,,,,,
224041_GY,224041,Wallet CORDY Grey,_GY,Grey,Wallet,Wallet,Printed Fake Nylon,Polyester; Polyurethane; Thermoplastic Polyurethane,Silver,,17.99,/242/62/224041_GY_1,224041_GY_1.jpg,none,,,,,,
224461_CA,224461,Pencil Case MELBY Camel,_CA,Camel,Wallet,Pencil Case,Real Fur,Cow Leather; Polyester,,,19.99,/242/62/224461_CA_1,224461_CA_1.jpg,none,,,,,,
224476_BU,224476,Wallet MELBY Burgundy,_BU,Burgundy,Wallet,Wallet,Plain PU,Polyester; Polyurethane,,,10.99,/242/62/224476_BU_1,224476_BU_1.jpg,none,,,,,,
224476_SV,224476,Wallet MELBY Silver,_SV,Silver,Wallet,Wallet,Plain PU,Polyester; Polyurethane,,,10.99,/242/62/224476_SV_1,224476_SV_1.jpg,none,,,,,,
224481_CA,224481,Wallet MELBY Camel,_CA,Camel,Wallet,Wallet,Plain PU,Polyester; Polyurethane; Thermoplastic Polyurethane,,,15.99,/242/62/224481_CA_1,224481_CA_1.jpg,none,,,,,,
224541_BU,224541,Wallet SIENNA Burgundy,_BU,Burgundy,Wallet,Wallet,Fantasy PU,Polyester; Polyurethane,,,12.99,/242/62/224541_BU_1,224541_BU_1.jpg,none,,,,,,
224541_GY,224541,Wallet SIENNA Grey,_GY,Grey,Wallet,Wallet,Fantasy PU,Polyester; Polyurethane,,,12.99,/242/62/224541_GY_1,224541_GY_1.jpg,none,,,,,,
224544_SK,224544,Card Holder SIENNA Skin,_SK,Skin,Wallet,Card Holder,Fantasy PU,Polyester; Polyurethane,,,7.99,/242/62/224544_SK_1,224544_SK_1.jpg,none,,,,,,
224552_BK,224552,Multipurpose Purse SIENNA Black,_BK,Black,Wallet,Multipurpose Purse,Fantasy PU,Acrylic; Polyester; Polyurethane; Silicone,,,19.99,/242/62/224552_BK_1,224552_BK_1.jpg,none,,,,,,
224708_BU,224708,Notebook SHILLOH Burgundy,_BU,Burgundy,Wallet,Others,Notebook,Paper,,,12.99,/242/62/224708_BU_1,224708_BU_1.jpg,none,,,,,,
224708_DM,224708,Notebook RATATUI Dark Multicolor,_DM,Dark Multicolor,Wallet,Others,Notebook,Paper,,,12.99,/242/62/224708_DM_1,224708_DM_1.jpg,none,,,,,,
224710_LB,224710,Notebook SHILLOH Light Blue,_LB,Light Blue,Wallet,Others,Notebook,Paper; Polyurethane,,,17.99,/242/62/224710_LB_1,224710_LB_1.jpg,none,,,,,,
224744_KK,224744,Wallet SHILLOH Khaki,_KK,Khaki,Wallet,Wallet,Peach PU,Polyester; Polyurethane; Thermoplastic Polyurethane,,,12.99,/242/62/224744_KK_1,224744_KK_1.jpg,none,,,,,,
224785_BM,224785,Multipurpose Purse SHILLOH Bright Multicolor,_BM,Bright Multicolor,Wallet,Multipurpose Purse,Printed PU,Polyamide; Polyester; Thermoplastic Polyurethane,,,22.99,/242/62/224785_BM_1,224785_BM_1.jpg,none,,,,,,
224793_BM,224793,Pencil Case SHILLOH Bright Multicolor,_BM,Bright Multicolor,Wallet,Pencil Case,Printed Nylon,Polyamide; Polyester,,,15.99,/242/62/224793_BM_1,224793_BM_1.jpg,none,,,,,,
224898_KK,224898,Card Holder BASIC OCTOBER Khaki,_KK,Khaki,Wallet,Card Holder,Plain PU,Polyester; Polyurethane,,,7.99,/242/62/224898_KK_1,224898_KK_1.jpg,none,,,,,,
224898_LB,224898,Card Holder BASIC OCTOBER Light Blue,_LB,Light Blue,Wallet,Card Holder,Plain PU,Polyester; Polyurethane,,,7.99,/242/62/224898_LB_1,224898_LB_1.jpg,none,,,,,,
224898_SK,224898,Card Holder BASIC OCTOBER Skin,_SK,Skin,Wallet,Card Holder,Plain PU,Polyester; Polyurethane,,,7.99,/242/62/224898_SK_1,224898_SK_1.jpg,none,,,,,,
224902_PK,224902,Wallet BASIC OCTOBER Pink,_PK,Pink,Wallet,Wallet,Plain PU,Polyester; Polyurethane,,,10.99,/242/62/224902_PK_1,224902_PK_1.jpg,none,,,,,,
224951_DM,224951,Multipurpose Purse RATATUI Dark Multicolor,_DM,Dark Multicolor,Wallet,Multipurpose Purse,Printed Nylon,Polyamide; Polyester,,,17.99,/242/62/224951_DM_1,224951_DM_1.jpg,none,,,,,,
224964_BG,224964,Wallet KENDALL Beige,_BG,Beige,Wallet,Wallet,Real Suede,Cow Suede Leather; Polyester; Polyurethane; Thermoplastic Polyurethane,,,17.99,/242/62/224964_BG_1,224964_BG_1.jpg,none,,,,,,
224964_KK,224964,Wallet KENDALL Khaki,_KK,Khaki,Wallet,Wallet,Real Suede,Cow Suede Leather; Polyester; Polyurethane; Thermoplastic Polyurethane,,,17.99,/242/62/224964_KK_1,224964_KK_1.jpg,none,,,,,,
224968_DM,224968,Multipurpose Purse KENDALL Dark Multicolor,_DM,Dark Multicolor,Wallet,Multipurpose Purse,Real Suede,Cow Suede Leather; Polyester; Polyurethane,,,22.99,/242/62/224968_DM_1,224968_DM_1.jpg,none,,,,,,
