PROD_CLR_EQUIV,SALES_QTY,SALES_AMT_FX_RATE
209638_BN,5619.0,172173.6469
212312_BM,1754.0,5325.8979
226610_BG,365.0,11205.222
225507_GD,1365.0,8720.6792
226654_PE,130.0,1746.9156
209604_GD,8810.0,46796.306
223862_SV,1728.0,10612.4482
212195_GN,1024.0,29538.0323
216780_FU,4520.0,101141.3778
224910_BK,479.0,10951.33
228633_PE,15.0,113.278
214094_BU,152.0,2918.6276
227073_BN,510.0,21157.337
215504_SV,4289.0,23376.5236
215631_GN,8218.0,101372.1279
211972_HM,1636.0,13147.3406
217938_KK,4688.0,49644.0261
212055_BK,237.0,23342.3395
211497_BM,5190.0,137871.3328
218611_RD,166.0,4216.3309
223658_BM,86.0,1858.3859
226501_MI,133.0,818.3543
214252_KK,4937.0,123760.4711
224530_GD,4.0,143.6316
207972_DM,492.0,10250.7065
217018_NV,7602.0,178561.0881
211698_TU,5775.0,155489.1584
224006_BK,208.0,3577.2518
216222_GD,3987.0,39040.648
219474_BK,2854.0,13093.2212
209830_BM,9308.0,243856.4985
219738_GD,959.0,22352.1669
209659_BM,3806.0,29732.5202
212523_BM,5726.0,136755.1071
223259_OR,2223.0,26203.0982
219569NC,3115.0,43290.8716
223935_EC,2246.0,62124.8122
218497_BG,3529.0,105526.9607
213786_BU,912.0,25191.0853
209585_BK,1633.0,37314.8711
219385_BM,2829.0,31882.621
223903_RD,1657.0,12517.906
211194_HM,2919.0,12405.319
220615_GD,1107.0,10163.6039
217901_BM,3215.0,48500.957
192960_MM,1982.0,14313.5997
221244_BM,3530.0,23796.6987
216619_PK,919.0,8941.8785
227321_BM,1663.0,51055.0021
216008_BM,380.0,2465.2326
212088_GN,2118.0,10769.6502
219063_GD,2691.0,14549.9999
224993_BL,177.0,2064.1187
216874_BM,2915.0,46566.0908
223590_BM,400.0,11501.313
210787_BK,4279.0,102555.5891
210234_GD,11820.0,75182.1325
207858_GD,7112.0,163509.1233
213661_GN,3991.0,96998.0476
221165_LN,2718.0,73266.2457
226819_BG,56.0,1830.8044
228000_GD,85.0,426.4531
210079_KK,8313.0,189261.7446
217229_EC,1376.0,51153.3175
209335_GD,3111.0,14262.2197
227207_RO,139.0,1215.9112
224015_BU,2451.0,53563.7344
209333_SV,3174.0,34797.5271
214231_BL,3710.0,41347.7056
216532_FU,808.0,22560.8785
223183_BM,3205.0,88851.4715
212500_HM,4132.0,31058.8766
227000_BU,30.0,467.9011
209764_OR,1375.0,10114.8327
215208_LM,2294.0,23878.4869
218676_BK,8051.0,232112.9227
216802_BG,9597.0,237453.497
214227_GN,3978.0,95324.5399
218635_DG,2480.0,71575.1314
223318_HM,2034.0,18197.7031
223455_BM,3143.0,84688.9429
210714_BK,5254.0,147576.4658
217007_BK,439.0,10633.5525
210928_TU,8021.0,165553.6709
223882_GD,2078.0,17474.1558
220925_GD,18806.0,104933.5578
212067_SV,943.0,21049.7998
222901_BL,9893.0,187384.6442
218343_HM,1716.0,9586.9113
223953_SV,362.0,3358.3969
2152481PM,7288.0,69062.6894
210928_BL,2248.0,48011.1663
203157_HM,5759.0,49250.5023
211296_BK,7589.0,152521.508
225028_GD,9.0,123.895
225675_HM,2373.0,19982.9423
224480_BK,649.0,4987.015
209184_GD,7338.0,39860.4451
216899_AM,5408.0,32993.6838
221819_BM,1060.0,7736.3312
217553_TU,6658.0,100042.1928
215564_GD,5723.0,38074.1389
215927_IV,4403.0,22462.4744
226739_NM,0.0,0.0
223792_SV,1055.0,8555.3782
206792_BK,761.0,15193.0459
219280_GN,2426.0,15633.6624
217423_HM,3940.0,18559.7115
211727_DM,2371.0,10573.7525
213084_BK,12146.0,95193.3768
2097121LL,88.0,365.3078
224842_BN,52.0,4163.6815
209442_SW,4522.0,47163.9168
211325_GD,778.0,4938.7192
227488_BU,24.0,1902.2425
214049_BM,5027.0,13928.4226
160035_FU,3178.0,28987.9865
217089_BK,4694.0,55418.5508
226377_MI,169.0,877.1358
221285_WT,1513.0,31023.003
215565_SV,5222.0,23429.2926
216347_EC,8406.0,159743.3516
223403_BK,1300.0,6006.0488
213747_GD,2522.0,16262.874
221133_BK,87.0,5699.1574
215995_IV,8567.0,68804.5313
215991_HM,1898.0,7188.0877
216436_BM,355.0,7036.5806
218689_GD,1183.0,25868.3427
213187_GN,7292.0,175667.3481
214044_BM,959.0,9066.0568
224472_WT,127.0,3738.9626
218314_HM,615.0,6467.6474
217301_HM,1143.0,21319.4513
218613_RD,126.0,2600.632
206913_GD,2332.0,13851.323
219771_GD,3139.0,16491.3215
209663_BM,4120.0,48113.4479
212124_BK,6201.0,134965.2011
224707_KK,2196.0,39435.6911
219967_YL,4687.0,125962.8111
212576_HM,3960.0,23047.7021
215921_WT,2421.0,14378.0146
214499_LM,6664.0,130173.9892
214649_SV,4388.0,43893.9251
215147_BM,836.0,27885.8154
167718_BU,4649.0,23495.1636
213055_BK,4717.0,48335.1659
222631_EC,467.0,28047.9745
211633_GD,5128.0,38431.5445
1930092BM,115.0,577.3361
214499_EC,13642.0,291377.8771
212416_HM,1469.0,34465.7771
214453_WT,277.0,22276.2859
216997_BM,2391.0,17289.6671
208071_EC,124.0,2198.7677
224770_BM,41.0,699.9745
215604_HM,7071.0,46500.4209
227632_BU,617.0,18525.8504
222587_OR,685.0,24406.1886
218246_DP,4652.0,53994.3784
226898_DM,1288.0,18412.6769
213778_PU,3794.0,27033.235
216694_DM,3400.0,19957.4723
214097_BU,164.0,3368.3128
219109_SV,1710.0,5637.4889
195775_GD,2507.0,20625.6255
211705_DM,4337.0,70379.3333
218132_PK,4148.0,47107.4677
214674_BL,9445.0,181471.1518
215966_BM,4787.0,109165.6734
212714_BK,4708.0,111172.1499
213196_BM,968.0,13332.8066
217383_SV,5418.0,27537.8086
211367_BM,5157.0,59410.8844
218063_GD,10946.0,224633.1333
226350_BU,18.0,204.3473
222712_BK,1420.0,16726.9061
219754_BM,1709.0,19890.9512
220905_BL,1516.0,53558.9195
227002_BU,26.0,727.8643
221133_GN,55.0,3691.9127
2203131BM,1509.0,9691.8034
213832_BK,6317.0,158795.8169
212631_BK,365.0,9364.7707
223644_TU,2238.0,69386.503
211637_GD,1116.0,5925.6569
214198_LM,2103.0,17542.5758
220890_SV,40.0,754.7443
211235_RD,4357.0,69531.5025
212259_GD,1032.0,5790.2327
212941_BK,3119.0,28879.3749
217138_RD,848.0,9463.6563
218832_BG,469.0,12828.9509
226424_BU,714.0,3780.1563
214981_PK,1681.0,41348.992
224555_MD,520.0,12355.0432
214231_LL,4088.0,43088.8707
224966_BR,694.0,9665.23
219326_RD,103.0,1079.804
224561_BK,2945.0,22307.5553
212703_FU,764.0,20427.5041
210202_YL,1155.0,11428.4923
217560_GN,7293.0,134094.9396
219708NC,6974.0,141553.621
227148_RO,11.0,125.8269
223746_BR,495.0,5860.3356
221361_BL,93.0,2687.309
216428_GD,644.0,8794.5701
214583_PK,1964.0,50973.1352
211889_IV,4001.0,44833.0162
213920_DM,1337.0,4650.4058
221832_CL,988.0,8497.0571
209265_BK,2844.0,10394.4631
221175NC,3857.0,70307.7408
211549_LL,4443.0,69616.0196
211348_RD,1685.0,29303.5313
212078_BL,4712.0,22682.5926
224970_BK,258.0,6293.7141
209508_SW,7878.0,160383.1122
212042_DM,2647.0,35058.2625
226217_BG,374.0,3971.6662
211156_OR,1530.0,21276.8201
225026_GD,19.0,262.7873
222730NC,515.0,13005.7653
223634_BU,1677.0,41578.4643
206316_DM,4470.0,17223.5999
170732_BL,481.0,3656.6353
224702_BU,1831.0,46856.6971
226971_DM,1945.0,17472.1169
2158960HM,4268.0,24022.374
218892_BL,4523.0,25968.3858
209314_HM,3748.0,19437.5515
212239_GY,380.0,3872.6773
227148_GN,45.0,523.4411
222607_CL,491.0,3851.6382
219358_DM,3525.0,31527.9132
225671_PK,2548.0,21672.023
218382_RO,433.0,2450.3499
210295_BK,15176.0,68861.1233
212717_GY,3198.0,70434.6443
209310_GD,3407.0,19835.8787
216752_DM,3568.0,18692.2202
224639_BK,1873.0,10403.9309
219177_OR,66.0,433.8624
220356_BK,3978.0,103483.0018
214220_TU,7281.0,162294.5389
215133_GD,1396.0,10707.3792
217974_GD,10873.0,83584.456
218736NC,5109.0,81437.5255
211461_BM,4047.0,35963.3565
214370_OW,203.0,4434.1835
223923_SV,2056.0,17141.0509
221284_BM,1864.0,13337.5965
219409_BM,3303.0,13763.2865
220826_BG,1956.0,23334.1035
211832_SK,1774.0,28739.1497
211724_DM,2223.0,8884.993
216572_EC,1698.0,46600.5079
2000030HM,5569.0,28777.6602
221168_BM,4121.0,19942.7387
211123_HM,1677.0,13859.532
217561_GN,1569.0,24777.4744
214227_BL,3749.0,96880.4484
218009_PU,1894.0,13126.9212
221042_WT,5280.0,29673.1726
216859_TU,288.0,10831.2283
215650_SV,2810.0,15559.2806
224772_TL,1512.0,8674.6569
226381_MI,39.0,437.4866
217532_BK,3374.0,85639.2885
217401_SV,6226.0,33928.5404
215457_BM,4526.0,67538.1237
1966531BL,7954.0,43428.7288
209485_GD,873.0,6247.4633
1328502PM,4154.0,31755.6427
218081_RD,370.0,10717.4895
218154_KK,1271.0,9160.9101
221875_BM,11943.0,259870.9104
218021_BK,3348.0,86666.3808
213600_RD,3128.0,71866.388
213915_DM,979.0,5156.1018
222955_TU,3076.0,87799.6643
219607NC,5477.0,90752.6873
222225_BK,2607.0,32897.9696
211642_GD,984.0,3693.0821
216880_RD,4831.0,47501.6935
224997_BL,139.0,1035.2469
204781_BL,3653.0,19265.909
219304_BM,1661.0,10997.4454
210347_OR,5709.0,45037.7098
212563_GN,5447.0,27360.3099
210595_GN,655.0,21127.0939
224434_CA,113.0,2675.2734
1696201WT,5630.0,35329.3776
210320_BM,6380.0,32493.2408
227043_DB,1987.0,10970.7645
222350_LM,1837.0,47914.3055
216882_LK,3599.0,24783.1075
215499_HM,4708.0,24666.6521
209638_WT,197.0,5652.9861
222581_DM,1857.0,13570.9766
1965582BM,4033.0,18308.1693
211253_HM,2998.0,16437.0403
227276_BK,1035.0,40215.699
216496_BU,241.0,4982.9208
216561_BK,8351.0,221254.9327
210350_NV,5119.0,43367.7867
226678_BM,240.0,1834.1301
211911_WT,194.0,1815.994
2206170BM,1837.0,17513.3248
213783_BK,10681.0,177067.6541
218586_GD,266.0,2191.9237
221630_HM,1611.0,11901.044
216233_SV,705.0,7729.9691
226393_BU,335.0,2730.9159
222224_BK,3214.0,54092.4271
220147_BK,8267.0,155378.4494
222240_BG,4353.0,79269.1641
212823_CL,5044.0,84076.2394
213082_BK,6015.0,16560.4247
221026_IV,4186.0,29168.337
221096_SV,4018.0,29207.1184
226696_MI,17.0,118.7102
220924_WT,1438.0,11510.678
218674_GN,4112.0,18410.3556
223687_BK,1119.0,6362.3497
221982_BK,3.0,138.8532
223622_BK,6161.0,175332.7335
226871_GD,1869.0,10622.3763
226876_BG,15.0,1071.4955
222392_EC,121.0,2386.7198
220614_BM,2367.0,20655.8805
209441_SW,7347.0,142865.7554
219433_CA,5572.0,153931.8289
224516_SV,177.0,900.6671
211110_HM,2128.0,20820.8601
220076_EC,6376.0,178830.3603
221915NC,4288.0,104761.9777
219027_HM,6051.0,33039.7848
218273_CL,3980.0,53674.0877
211662_HM,5482.0,26830.9509
218622_GD,3836.0,86850.9841
166363_PU,18824.0,215491.1502
222837_GD,980.0,30802.8173
211500_BM,5920.0,143067.6579
219782_GY,3468.0,104067.3771
224864_SA,31.0,1236.9562
219102_WT,2785.0,63656.7681
217547_SV,2558.0,73874.0158
209344_GD,4269.0,43800.8781
223304_TQ,669.0,5335.0995
224636_BK,3032.0,20188.1028
220916_GD,10515.0,59256.2648
211704_GN,655.0,20894.1604
220017_WT,1401.0,31817.0783
209974_CA,5545.0,86397.5896
210802_BK,3223.0,85526.2571
222656_BG,1556.0,48429.9224
1937090HM,6014.0,30697.2482
215999_WT,359.0,10588.3629
222875_GN,800.0,28074.4709
195325_FU,22726.0,459225.2453
223404_YL,73.0,2226.4568
226509_GD,318.0,5545.7468
211770_DM,1133.0,7673.9504
215031_DP,4427.0,51307.4784
210639_BK,10013.0,207513.0289
225234_BK,57.0,1180.0207
220968_BM,1051.0,34540.575
213807_HM,2109.0,8901.2517
217377_SV,5607.0,31106.7602
224661_GD,2598.0,26686.0322
219365_BG,1789.0,47991.7507
209263_GD,10656.0,58261.4377
215411_GN,3854.0,110812.7834
218166_BL,243.0,8677.8488
212351_BK,10441.0,253674.5148
214656_BM,308.0,7680.868
215473_BM,6244.0,68786.3849
227455_BK,91.0,2509.0897
222526_GN,5486.0,153901.2573
226759_BU,199.0,6684.6833
224402_HM,1447.0,9177.21
210916_EC,373.0,10924.9984
223929_BK,2403.0,65292.2679
217478_PK,2897.0,82701.4932
214092_KK,194.0,5267.4714
222871_BN,1259.0,67372.3396
217240_YL,1276.0,36532.911
209656_BG,4735.0,135130.1322
221361_KK,90.0,2763.7216
215674_AN,9385.0,221375.0276
224894_BK,45.0,1872.2706
214041_BM,4808.0,26074.0381
219757_LB,2183.0,20607.0093
217399_SV,7552.0,40622.7751
218129_BG,5714.0,69908.4383
212226_WT,229.0,5674.5937
224206_BK,149.0,4064.5939
223874_BK,34.0,2849.1617
222929_GD,356.0,14014.2185
212746_BL,1706.0,22164.2927
221724_BM,5221.0,135393.3331
216622_BM,3406.0,71261.6482
224442_NM,171.0,3981.5677
207791_FU,4653.0,23309.0533
222707_RD,232.0,7709.4654
224939_WT,2508.0,80872.1146
221617_HM,1746.0,12361.9055
223860_SV,320.0,2196.4426
208072_PK,2952.0,29209.1512
208053_OR,1037.0,15993.0028
218952_BL,5026.0,29180.8762
220904_BU,773.0,33171.8661
216099_EC,6202.0,100308.6981
214422_BK,191.0,2783.7929
219964_RD,395.0,9045.8468
212712_BK,4687.0,123815.2989
209024_TU,6775.0,163770.6776
214169_HM,325.0,2302.8095
219664_BM,2373.0,88264.0654
221729_GN,1.0,18.6911
226416_AN,143.0,3662.6113
217480_MV,49.0,361.413
217427_HM,3910.0,33909.666
225872_EC,5.0,150.4803
211559_BM,5462.0,149686.6362
212629_KK,381.0,9886.5811
217956_KK,6553.0,114640.512
211553_BL,4337.0,33155.3908
211312_GY,6194.0,181521.1771
217249_BM,2885.0,80501.1105
211429_TU,5559.0,130288.3125
218552_GD,2191.0,13194.1369
212413_SV,442.0,11573.4123
218906_HM,5383.0,28631.6955
217645_TL,422.0,3594.5561
226801_BN,69.0,1841.7061
213193_PK,2495.0,40890.4258
216117_GD,4261.0,17257.332
228012_PE,301.0,1528.8988
224489_WT,169.0,4395.7746
216017_GY,135.0,3212.6479
221238_BM,5340.0,54801.5012
218866_BL,4921.0,19441.5654
214161_BM,364.0,3516.3908
222692_WT,152.0,4025.932
217543_SV,2916.0,18350.3544
218633_BM,2399.0,64941.451
211207_HM,5461.0,26668.5706
221105_GD,4113.0,23248.5985
217538_SV,2833.0,20288.0952
216943_BM,4564.0,121213.0916
208692_GN,2814.0,53171.6934
209423_GD,6653.0,34011.086
211358_YL,30.0,361.5346
216762_BK,273.0,11334.0711
209934_SV,2312.0,10324.2331
206301_HM,4891.0,44391.1728
151833_PP,1773.0,20183.41
2141261FU,176.0,937.6347
223257_GD,2240.0,20645.0979
212672_GD,5608.0,38461.7818
220671_CA,3787.0,96792.6984
216611_EC,7324.0,176157.2138
216238_GD,4812.0,33482.8603
219602_CL,6851.0,150390.6536
213003_HM,3632.0,26244.6153
208060_PK,1438.0,12045.6537
208719_WT,472.0,7668.7767
216144_BL,3840.0,60093.1431
218316_GD,1021.0,6109.5884
223315_WT,1331.0,21629.8976
217981_BG,158.0,4219.3596
222887_NV,2077.0,52533.7201
212976_HM,4507.0,44280.7926
211181_HM,2491.0,10261.9653
220912_WT,4400.0,44136.8512
219711_BM,3102.0,70555.7057
214342_BK,1371.0,20098.0621
220780_GD,2570.0,17780.1871
210332_PH,4932.0,26868.3786
211450_BG,360.0,10883.6946
219596_KK,4647.0,111349.8474
217034_KK,7185.0,154227.0534
215444_KK,7855.0,184689.6403
222126_EC,1507.0,36800.3649
1682863BM,6967.0,36163.4674
212561_RD,2607.0,10246.5547
217668_BK,257.0,6901.1322
218618_BM,6517.0,32319.5961
217187_BK,3734.0,104756.2724
225260_PE,991.0,11422.0629
222265_NV,3474.0,124594.8916
216097_BL,5345.0,166145.5405
226848_DG,57.0,4980.7125
227195_BM,26.0,225.0904
213555_BK,404.0,6658.3882
217639_PK,2917.0,24346.3163
221145_IG,3262.0,57739.4727
212315_TO,1267.0,9045.9142
222891_WT,803.0,20862.2347
216349_GN,5719.0,38646.4213
212722_PK,1936.0,57512.3938
214559_BM,4071.0,44328.7341
217648_PK,367.0,5432.403
204482_GD,4118.0,44302.2392
2096671BM,121.0,768.9359
221279_BM,3775.0,16474.0625
223365_BM,2397.0,83808.2789
217344_BM,3040.0,65312.3576
214134_BM,5013.0,33677.9875
209760_WT,2327.0,21131.333
218357_BM,1840.0,11351.8259
212106_BK,2396.0,68870.097
211463_GD,2473.0,12215.4922
224419_BK,11.0,349.993
214158_HM,562.0,2420.2765
219713_BM,3527.0,76641.671
224852_BK,141.0,3794.7458
216248_IV,9066.0,92201.4604
224570_BK,3555.0,16785.617
209604_SV,4104.0,23355.8346
206548_WT,8655.0,93262.0147
226709_SV,57.0,470.7595
211667_GN,2210.0,9139.9368
215467_BK,7035.0,81583.7528
228009_BK,344.0,1822.2609
210219_GN,1106.0,11414.1174
217374_SV,55.0,799.4252
224266_HM,3723.0,27024.1358
220825_WT,4029.0,47553.4543
222075_BM,758.0,5699.0093
222478_BG,798.0,19680.8606
213704_BL,46.0,1122.5558
222290_BR,4237.0,65601.3893
210600_CA,880.0,16166.156
215482_EC,5998.0,42903.6421
209315_GD,3702.0,31887.1928
208687_TU,6368.0,148873.5688
213164_GY,146.0,3227.2909
223798_SV,1874.0,11685.0697
223407_BM,1459.0,11438.4566
214246_BL,7384.0,36884.5871
219316_BM,96.0,797.422
223708_HM,2846.0,20673.2145
219483_EC,4593.0,77156.9824
218369_HM,1217.0,8907.2727
217215_CA,2212.0,61041.1672
218344_RO,563.0,2759.5168
219765_IV,6733.0,31282.6745
205683_SV,4299.0,22339.6289
215623_RD,1329.0,40492.1328
211106_EC,1032.0,13963.7158
211501_BK,193.0,4865.6044
224811_HM,1430.0,17500.0441
206296_RD,5304.0,25252.4007
212008_HM,2788.0,25186.7715
214252_BK,8648.0,224236.6863
221116_GD,488.0,4772.2431
215924_IV,4159.0,23158.4562
210837_BM,4556.0,121387.4482
209175_GD,7355.0,41064.5496
223063_BK,5742.0,201470.8204
224739_BU,385.0,6094.6637
221039_WT,5163.0,28912.408
221140_WT,2436.0,18042.7254
202047_HM,4605.0,32794.2513
223899_RD,3923.0,29183.0089
224572_BK,425.0,3470.6745
225643_DM,71.0,1623.7614
209332_SV,4063.0,34012.7899
209264_GD,7295.0,40302.9609
226942_GD,10.0,111.8253
221438_BM,2485.0,36970.1782
210301_LL,6339.0,33475.751
222455_DM,3066.0,29175.8476
212960_BK,2781.0,26870.3739
211895_BM,2052.0,22396.0468
219325_SV,71.0,1036.8246
209331_SV,2168.0,14619.1686
223752_HM,1199.0,5903.245
212153_KK,189.0,4263.4803
170732_MI,3816.0,19017.5105
215541_GD,4647.0,19781.663
209567_GN,5405.0,92178.489
218914_PK,6757.0,121855.8989
215509_HM,2504.0,11706.9923
221066_SV,192.0,1970.9666
225653_BK,24.0,868.1664
219866_BL,1741.0,14830.0528
217360_AQ,6704.0,170595.6433
214119_BL,5716.0,31929.0561
218850NC,1290.0,16555.7085
219066_SV,790.0,4682.1695
223784_BG,3054.0,24053.919
217266_BK,1233.0,21017.5358
211878_SV,4024.0,16075.0508
215111_NV,2746.0,10555.1766
206212_BM,6527.0,35017.8758
210217_AQ,1199.0,8964.4782
215511_GD,4961.0,26524.8733
220697_BK,2733.0,56722.857
221600_LM,1495.0,29102.1189
210204_SV,774.0,9148.6257
216114_GD,15278.0,85195.8774
211899_BM,495.0,8956.7024
219026NC,5297.0,111548.2991
214702_BK,6715.0,183807.2196
218294_RO,1190.0,6805.4159
208693_BK,3946.0,76920.909
213885_HM,5838.0,28396.1929
209726_LL,2191.0,22464.6387
226899_FG,2220.0,25378.3905
224566_GD,3486.0,19800.0964
218381_RO,480.0,2926.0891
217635_SV,4443.0,19044.2748
212854_SV,3796.0,19473.2547
219050_EC,30.0,362.9912
220345NC,6157.0,121448.7517
221225_BM,4196.0,106395.0112
219323_RD,56.0,1212.2783
214594_GD,2531.0,10359.603
219313_GD,4017.0,87602.112
221857_EC,1928.0,48262.577
1914052HM,4665.0,26347.2336
217982_BL,6999.0,121541.9887
220860_WT,4022.0,30989.2507
218342_HM,1137.0,7751.935
212787_KK,9797.0,251861.2661
218620_BR,3184.0,70665.9142
222955_BK,2419.0,71142.0736
219359_MI,3162.0,22921.6644
218334_HM,637.0,3652.1939
219267_DM,4293.0,30634.7783
219489_BL,2181.0,50615.2658
211185_HM,3643.0,15611.0556
218935_GN,5420.0,37985.8129
217954_PM,4749.0,36852.7228
206045_EC,1744.0,19795.2537
223120_TG,2533.0,13829.0843
220344_KK,765.0,20886.6266
208952_BL,10199.0,168358.6325
210441_TB,20.0,140.1531
213704_KK,16958.0,425866.1048
223668_AN,132.0,3418.2135
218841_BK,16591.0,276497.8702
220870_WT,3099.0,17679.004
221904_BM,2898.0,15991.7843
207808_PK,4745.0,22060.0553
211619_GD,5019.0,49154.0704
210869_HM,3920.0,33774.4856
224203_BK,175.0,4497.2669
215959_GD,3395.0,45814.9753
215606_EC,9040.0,173609.4314
219976_BM,3405.0,37907.6496
213899_BM,3836.0,15522.3238
202032_HM,5582.0,21950.7499
212848_PE,725.0,4836.2903
217892_BM,3064.0,46140.5004
207560_NV,5365.0,97566.0051
208055_GN,1836.0,26198.0982
213198_BK,3901.0,52367.8287
210214_BL,787.0,7780.83
212221_RD,175.0,4483.6732
222708_RD,83.0,2270.297
209722_KK,4523.0,55040.4401
212787_OR,7825.0,191156.9597
203826_SV,17363.0,94902.3703
223318_OR,1577.0,14185.1208
224947_BN,919.0,30991.7591
211793_BK,1725.0,51174.4557
223549_TU,1552.0,53014.3837
218775_WT,1810.0,51598.6385
224901_BU,1839.0,50019.1282
216292_GD,2928.0,16148.6551
209629_LM,37.0,539.1102
224251_BU,1186.0,49769.6133
214981_BL,3676.0,64289.3403
210079_BG,12046.0,252428.9623
223102_BL,2461.0,89707.5924
218689_KK,8395.0,200764.7361
222817_KK,186.0,5013.2864
207181_GD,5927.0,31228.6508
219366_EC,3456.0,112995.2782
225189_SV,1046.0,10388.2813
216608_GN,1332.0,13756.7952
216577_EC,1956.0,22635.8559
200877_GD,21700.0,133344.7501
206577_GD,10287.0,267406.8207
211737_TQ,1178.0,4218.9722
222673_YL,59.0,1532.5956
224618_BK,1553.0,11624.9045
221101_GD,3510.0,26526.1202
227011_KK,288.0,7298.1106
211543_BM,4876.0,35598.6025
222011_BK,3660.0,93370.6765
214519_DM,2551.0,75115.8364
220898_GD,653.0,16280.939
221568_OR,1818.0,16552.1488
214228_BL,3988.0,82535.1184
223032_CA,2190.0,32893.7812
216414_BK,927.0,10572.2791
222329_BM,2013.0,22977.2525
211920_BK,336.0,8081.4262
217225_RD,185.0,4457.0364
225069_BL,393.0,2340.4876
207176_GD,3791.0,15424.0759
212653_BK,38410.0,685498.6455
214665_BG,6398.0,153355.9099
217636_SV,240.0,1272.4025
205234_GD,1790.0,8683.9286
222696_BM,591.0,20966.2895
214095_PK,185.0,3484.7925
223274_HM,4310.0,39035.5539
225623_BM,161.0,4047.0473
215398_GY,226.0,5541.0154
211332_BM,59.0,1091.0381
226911_AN,2694.0,55942.3196
209850_FU,66.0,3691.6626
212255_BM,1382.0,11168.9844
214101_PU,3394.0,37706.7462
214556_BK,5903.0,93488.0506
211891_CL,2803.0,21354.768
222466_BK,1625.0,53652.8413
213820_HM,2170.0,15916.8607
219315_BM,104.0,1359.205
209327_GD,2192.0,8674.4944
216581_GN,892.0,21633.8003
209003_GD,11511.0,75150.4632
222281_RD,306.0,8327.5354
211884_LL,4336.0,21648.507
209326_GD,1986.0,13220.0628
215560_GD,2602.0,14567.2714
221341_BM,1842.0,64766.8541
210239_GD,1926.0,12088.7087
215525_BL,6818.0,200223.0415
226436_BU,32.0,525.5854
211450_BK,1164.0,30097.3723
212580_BL,387.0,19990.7307
218518_HM,5640.0,62336.3903
210306_OW,2395.0,48879.7906
215044_BM,4926.0,110989.6408
217973_GD,4676.0,46556.0979
217800_NV,7280.0,173554.7832
214009_HM,3048.0,14475.5982
211648_GD,747.0,7030.8814
222093_BN,97.0,2587.7513
221322NC,904.0,10337.624
214342_MD,971.0,13758.087
222952_KK,3936.0,105202.0346
210729_FU,3873.0,30174.5988
221790_BU,1829.0,52715.7549
223288_BM,479.0,5506.4656
215467_TL,5739.0,67670.425
219306_BK,2830.0,16883.1028
215016_SV,2991.0,34564.7025
224799_MM,1036.0,10262.4083
213080_BK,6466.0,31078.795
219362_DM,67.0,540.9009
225694_TU,70.0,1533.3655
219154_HM,3529.0,11736.652
220330_GD,3044.0,27743.4771
222453_PM,1881.0,17579.5596
211190_GD,455.0,1967.4284
219907_KK,1381.0,25450.9419
224106_GN,1986.0,53725.0872
221186_BK,4584.0,106962.432
222027_BM,3560.0,89685.8717
222311_OW,2114.0,63256.7264
216336_IV,10006.0,55194.5688
213111_BK,6305.0,25974.4202
213207_PK,4852.0,88479.9519
223776_HM,1393.0,7611.1072
177781_TQ,6589.0,25120.6516
218751_BL,1907.0,58877.1632
223794_SV,1131.0,6810.4038
209501_EC,3594.0,105483.6974
223642_EC,1397.0,46865.752
215610_GD,4855.0,56893.6959
213669_BG,3373.0,74351.6485
219523_BM,2422.0,51760.9634
214136_BM,4720.0,38808.833
218625_OR,1471.0,9351.877
225261_PE,1756.0,9165.0723
1875013HM,5039.0,20357.0552
217640_SV,4313.0,16432.7929
212713_HM,5780.0,30057.412
214621_SV,2362.0,21179.2524
214370_PU,144.0,2499.2117
210917_EC,367.0,9927.0842
209310_SV,2743.0,15883.6521
223194_KK,3006.0,80007.6066
220444_BG,2792.0,38275.5128
209665_BM,2501.0,19093.5164
223383_BM,114.0,2708.6709
221884_TG,1284.0,7190.5931
210959_GD,37.0,529.7484
209302_SV,3244.0,28630.8153
210967_GD,28.0,366.6859
212019_HM,2699.0,12382.4541
216912_TL,5334.0,26267.8956
222527_BM,2235.0,66827.7745
221535_AQ,2916.0,25024.1918
223031_BK,2715.0,39999.7302
214670_LL,8460.0,172918.0691
170732_DM,7440.0,40345.5986
193166_BR,4670.0,25035.5629
225226_BK,133.0,3652.3828
213188_GN,6681.0,152493.4105
211041_HM,1978.0,12117.112
221049_WT,3884.0,40702.0882
224778_HM,2300.0,16672.8309
213014_BK,9057.0,168525.2183
209454_EC,9103.0,154034.1436
219342_BU,110.0,886.826
220939_DM,5651.0,154975.5085
223729_SV,1414.0,7912.4929
218846_PK,2190.0,16422.761
213105_BK,5206.0,21434.1335
217001_PK,2711.0,14034.2213
224094_CA,737.0,18096.3441
215522_GN,4971.0,123861.6525
220879_BG,44.0,754.3382
222304_PK,498.0,15340.1473
223465_BM,3782.0,109869.827
211554_BM,6846.0,65325.1564
219882_EC,222.0,8192.3248
212123_BK,7295.0,142523.86
205345_HM,6468.0,35294.9578
214441_BL,5595.0,139996.1935
224313_GN,53.0,572.1481
221036_WT,5268.0,30636.5287
217214_GD,68.0,471.8881
211265_RD,4342.0,85124.4407
209731_BK,2322.0,58207.1783
217966_BM,6181.0,72134.9616
222006_BM,2412.0,18442.8611
223941_HM,762.0,6136.5023
221768_PK,1273.0,28736.2746
226291_BK,8.0,239.1256
226356_BN,4.0,104.7219
223901_SV,6512.0,64713.1475
217628_EC,5293.0,99265.6755
216179_GY,104.0,4386.7154
210222_PK,556.0,7178.8547
223914_SV,7029.0,40602.8139
224642_GD,4971.0,28522.4566
216211_GD,1972.0,20750.6896
2096911BM,96.0,435.2431
214145_GY,6.0,30.0162
214267_BG,8418.0,175438.4206
210982_LG,357.0,9186.6127
226581_MI,75.0,397.0845
198274_BL,2592.0,13743.4016
226210_HM,1657.0,12178.789
227056_BK,292.0,8709.5425
213831_TU,6282.0,173610.0599
220905_BU,584.0,20165.8224
209708_GD,4219.0,20771.5215
218623_WT,5758.0,151590.1107
208619_LL,4384.0,55940.6804
211295_IV,6849.0,130145.2172
220942_PK,2224.0,33286.1738
209415_GD,25570.0,188762.1377
216316_PU,2873.0,46080.0676
213992_HM,6235.0,31864.5242
217347_SV,6082.0,30217.9013
211958_ID,2404.0,8928.1028
222447_DM,3833.0,47641.5109
227029_OG,2032.0,15376.2663
211881_HM,3727.0,48580.8815
220353_BK,5852.0,137576.8155
216911_TG,4969.0,28793.3809
220895_GN,3248.0,75046.1416
214438_LM,3979.0,73432.0148
213553_PK,3660.0,72369.4204
222237_KK,2993.0,51774.7624
212473_HM,4932.0,19449.254
219319_BM,61.0,638.9291
217486_HM,4903.0,47123.7798
222869_BU,342.0,5530.7182
211465_BM,1818.0,11023.4227
193642_BK,3877.0,17280.883
222662_CL,1442.0,44918.8744
220005_BM,5739.0,63503.333
225678_BU,230.0,5713.4255
216571_BG,1371.0,22603.3589
214661_BM,3712.0,109394.7626
219441_LL,250.0,4173.739
222435_KK,4236.0,124681.8893
166354_TG,1966.0,22641.1683
221616_HM,3087.0,26727.0525
215530_CA,7819.0,203052.8155
221023_IV,3803.0,35937.8995
214740_BM,8836.0,293761.0228
222901_CA,296.0,5020.9223
226435_BK,2.0,46.2644
216426_SV,3288.0,78620.3781
212790_TU,4506.0,110123.1295
220911_WT,2965.0,34821.6505
216986_GD,3529.0,15091.4249
1667301TL,8143.0,54740.187
207937_TK,3910.0,17828.6419
212687_HM,4674.0,28224.5914
213982_HM,4765.0,19975.631
212855_GD,3435.0,20941.4317
215987_MI,3056.0,15077.5916
223750_HM,2960.0,33634.8083
222262_NV,5572.0,151212.8
213748_GD,1885.0,9327.3591
211115_HM,2015.0,19336.8211
209770_BM,1366.0,25653.3304
224385_BU,2045.0,10807.6549
221041_WT,3315.0,25622.8779
220000_YL,361.0,9374.8128
217974_SV,2757.0,21017.4803
214589_MI,3238.0,33248.1496
217276_BM,1348.0,12393.1867
218380_IV,339.0,3346.7909
220375_BL,2772.0,12703.2476
225668_LK,2063.0,19165.882
213874_BK,149.0,4613.8848
220400_EC,4142.0,86908.2042
223066_BK,4072.0,101591.562
209478_EC,7492.0,158479.2268
211339_BM,55.0,1308.2728
212024_GD,2966.0,15240.2782
213720_LM,4530.0,23609.3037
222309_BL,723.0,10576.859
212408_PU,1474.0,28460.7294
211432_EC,8753.0,147878.6106
214205_DM,1594.0,15104.4057
209905_DM,2039.0,53307.7875
210298_BM,4005.0,27553.9511
213667_YL,383.0,9636.9264
211635_GD,9774.0,79946.512
224771_HM,1609.0,14135.5013
211436_DG,5494.0,62670.0015
224278_GY,260.0,12986.6762
226231_LK,214.0,1951.2891
223694_GD,3801.0,32941.3974
219241_SV,2967.0,9856.7923
211703_LM,2860.0,32346.1772
215891_IV,5562.0,51793.2078
224665_GD,1382.0,7245.6892
221150_BM,5371.0,40910.2905
226751_BG,1.0,29.2602
223998_CA,716.0,18068.6751
213816_SV,137.0,3971.6643
219082_GY,3689.0,11738.1345
221220_EC,6287.0,161583.6406
214934_OW,5020.0,162903.8659
218516_PU,4565.0,19664.6762
223833_SV,2283.0,12931.4405
209697_LM,386.0,6688.1597
222793_EC,2355.0,64764.6529
201867_GN,5097.0,23388.2707
181666_RO,100.0,846.1348
1795501SV,479.0,1633.6433
223399_BK,640.0,15122.4435
227193_DM,221.0,2467.9475
224540_KK,783.0,13457.7211
216299_PE,2985.0,31205.4067
224731_HM,1882.0,13983.9748
222373_BG,409.0,11183.8078
214601_BK,9157.0,198635.773
216217_GD,2899.0,17943.0517
223575_GD,192.0,1000.9067
212654_PU,6905.0,149426.1398
224590_BK,2168.0,16071.5013
212240_BM,1000.0,4500.3837
215905_IV,14023.0,79808.4218
223804_GY,416.0,6109.5604
217673_GD,432.0,3821.3921
214237_BM,4684.0,21661.6838
214553_BK,2932.0,11547.2376
219729_EC,6397.0,134283.6851
219242_BM,1955.0,6622.1409
221857_BG,4204.0,105284.9986
219248_SV,3110.0,9031.5518
215579_GD,3144.0,12690.5478
226224_HM,480.0,3292.9892
223988_GN,477.0,11948.2681
224434_PK,2630.0,69651.1892
222804NC,1333.0,31826.9376
216600_GN,4987.0,64815.7624
216213_GD,4518.0,28275.9622
224583_BK,666.0,5343.8122
212014_PE,906.0,6391.8586
221987_BM,3159.0,23064.7334
221253_YL,691.0,18243.2965
225077_YL,30.0,1056.3707
221559_BM,1724.0,21484.5175
225520_KK,304.0,15212.5198
226912_EC,1175.0,27701.0454
222738_WT,1862.0,44576.3311
217631_GD,2750.0,10553.718
217898_BM,4342.0,53373.5637
222687_BK,157.0,4803.5243
223536_BM,155.0,5138.8005
211702_DM,6079.0,72243.8013
220431_BL,3309.0,27657.1367
207283_DG,1928.0,41477.6126
223745_HM,1053.0,12765.1266
209333_GD,7253.0,77715.3709
216624_EC,1366.0,15192.8901
207648_WT,8465.0,112157.5856
211774_GD,5266.0,46690.5989
216931_TU,5449.0,128484.821
220416_FU,5126.0,141862.2015
216319_IV,3881.0,36285.6039
214194_PU,1931.0,27391.3663
223278_LM,795.0,6254.9414
224238_OW,1055.0,33475.8967
215674_EC,9248.0,221546.3788
224455_EC,159.0,4301.7328
197557_HM,1557.0,31584.5843
205236_LL,4707.0,17731.2635
216295_GD,2977.0,13658.509
222035_BU,1771.0,49359.4429
213187_BK,11626.0,283684.1297
210179_GN,772.0,8120.9761
2089811OW,432.0,15443.9979
168799_BM,943.0,8667.3326
214275_BK,5122.0,84958.8057
219345_RD,968.0,25092.8121
223249_EC,1344.0,29261.303
216480_BK,7634.0,244345.7045
220419_GY,3721.0,84241.7528
218398_BK,3942.0,94139.0541
209769_BK,2606.0,40080.0559
215659_BL,2648.0,80631.2458
218528_SV,3802.0,42242.8513
209746_BL,1929.0,22916.7196
210789_KK,8918.0,147545.8488
222837_RD,474.0,14260.8396
227153_DM,138.0,900.2451
204814_SV,2195.0,15170.6517
224286_CA,827.0,20939.757
216445_EC,5354.0,118313.3875
223638_BK,539.0,17450.2985
211101_DM,666.0,6920.427
224137_BL,199.0,6546.8594
219982_BM,5878.0,41200.3242
202637_GD,3015.0,14795.2092
220351_BK,2079.0,67549.2807
223665_BN,163.0,7151.7059
219953_LD,1378.0,38001.6852
226374_MI,105.0,655.5163
210485_BM,8568.0,182500.4154
211755_TU,6995.0,170318.2121
210921_BM,7001.0,143377.1442
214441_AN,7059.0,180157.1489
219064_GD,1192.0,6977.396
214817_BM,6575.0,75037.4249
226213_PK,2356.0,15834.1048
210858_GN,1502.0,8982.9834
216643_BK,1284.0,37220.4716
213691_GN,7077.0,187526.4898
223660_BG,110.0,3775.17
227104_NV,196.0,5458.7425
211946_GD,6382.0,29224.777
214291_BU,186.0,4458.54
225583_WT,42.0,3599.2986
210496_KK,14711.0,251676.7827
210304_WT,4533.0,31612.7482
226974_FG,1314.0,7265.7205
221922NC,4509.0,94444.5012
214214_DN,504.0,1860.4441
221348_EC,6964.0,134226.8868
224388_HM,27.0,190.798
223574_PM,280.0,1452.5016
222221_BG,5106.0,147333.5516
226477_GD,944.0,6453.1175
211775_SV,2324.0,10160.2274
226403_BU,646.0,4205.3262
212684_HM,4783.0,44268.0749
218032_FU,4206.0,99428.8582
218937_YL,2555.0,25995.4148
212624_GN,5402.0,120040.2664
220337_GD,5081.0,47545.3125
220893_EC,6497.0,160709.6964
213691_RD,295.0,7685.5965
205683_RY,6973.0,34285.7424
216357_GN,7431.0,162809.5054
220323_BM,4390.0,29935.0844
217391_BK,5264.0,51991.6718
221641_BM,4669.0,113422.3811
216138_BU,2877.0,141144.6867
226591_GY,460.0,15593.5315
215443_BK,8891.0,243042.7297
216664_BU,4196.0,20583.2765
213997_GY,1485.0,33802.8085
217916_OR,4514.0,79750.0818
211852_CA,5909.0,165139.9179
211690_SV,332.0,6236.7831
224093_CA,377.0,11565.8323
210305_LL,4467.0,34939.2357
216307_EC,6193.0,188284.355
221259_GD,5310.0,22257.7841
226288_HM,2029.0,17182.2397
217880_KK,4352.0,140339.832
224960_BG,1150.0,26767.1917
211480_BK,2847.0,81220.6182
211781_SV,2937.0,32239.274
216335_IV,7241.0,41695.0089
207646_YL,5924.0,131445.3023
211784_BM,4336.0,97105.8813
218840_MI,3420.0,136955.3626
212831_SV,1582.0,7424.72
212539_TU,3710.0,83671.2822
218666_IC,3725.0,153863.6664
212550_HM,4870.0,12662.6147
224300_HM,3030.0,29887.9262
211361_PK,4362.0,50798.1552
226568_AN,686.0,8984.8108
227042_DM,1461.0,10842.1859
217949_LB,3286.0,52266.7941
222735_RD,2757.0,94132.1869
216578_BK,1205.0,22916.9798
226497_GD,365.0,2455.9028
210201_EC,1166.0,9650.4735
215591_TK,256.0,1506.742
226516_GD,422.0,4604.0623
214786_BL,5253.0,36106.4952
221197_BG,2424.0,18029.7645
218403_OR,2694.0,25565.0944
224418_BK,22.0,722.1853
204971_OR,2888.0,27724.3607
212124_EC,1.0,25.99
221649_GN,3754.0,99272.8054
210600_PU,590.0,10688.258
215241_CA,116.0,2675.4758
222575_DM,94.0,1231.6496
214543_BM,2927.0,54667.6161
211547_BM,6753.0,43499.0189
218954_NV,3653.0,101366.3684
222435_BU,1721.0,49245.4803
213779_GD,4173.0,20970.5781
220416_YL,5264.0,145387.26
217702_BK,5355.0,139326.3893
211434_EC,7000.0,113135.492
2020840BM,7825.0,39105.3691
223667_EC,3631.0,107325.6254
213581_BK,1502.0,64508.4601
219606_CA,7080.0,79269.4288
209980_GN,3957.0,42091.8992
1953801LL,2522.0,18671.9803
210631_GD,50.0,739.9617
223634_BK,2451.0,61993.6749
224484_BK,788.0,19356.6509
215581_SV,1810.0,13391.9903
222936_BN,2464.0,74142.079
211354_BL,1640.0,43700.4468
211113_HM,905.0,5659.131
221477_PU,2686.0,15187.8222
211278_HM,3064.0,6787.1271
223342_BM,6189.0,182459.816
222692_BL,459.0,13717.875
213928_BM,12408.0,431436.0129
222580_BM,1346.0,12378.0659
212856_SV,3832.0,19268.6054
221869_GN,769.0,23918.4821
215522_LL,6613.0,155717.8689
227257_GY,56.0,891.9023
211907_GD,4136.0,36436.454
218603_BN,230.0,4515.9575
221239_BM,3568.0,29543.6634
220917_WT,3902.0,34471.6153
223891_SV,873.0,5238.066
216357_BK,8691.0,201178.0164
216120_PK,4255.0,49694.2397
223228_BM,533.0,4603.9668
224332_LL,1231.0,10245.3798
218053_CA,4776.0,123316.9435
211163_HM,1024.0,5259.5822
217304_PK,1225.0,20084.4609
223327_EC,118.0,3190.8272
226532_GD,106.0,2716.016
222234_BK,8213.0,198590.4307
216998_BM,2686.0,18803.518
218863NC,8739.0,229561.651
205426_HM,5275.0,38717.746
222289_BL,3014.0,58808.7199
217880_EC,4558.0,141737.4571
211068_GD,5990.0,28292.3234
215441_BK,9298.0,215883.0376
214391_HM,4034.0,42614.3915
221593_CA,3112.0,58714.4951
217127_HM,2465.0,25413.1262
211369_DM,4712.0,47756.0158
221253_BK,2883.0,77236.7313
212152_FU,194.0,5802.3139
217246_BM,5905.0,169608.3446
219289_BK,3294.0,16782.7991
211161_AQ,318.0,1045.3962
216576_TU,2566.0,58860.2685
224473_BG,528.0,41282.1605
217924_GN,4977.0,122519.6546
213914_PU,1058.0,2174.9245
218453NC,5311.0,133595.7687
208722_WT,862.0,10388.3813
170562_LK,5546.0,26733.54
219285_DM,56.0,581.9596
210303_NV,7353.0,63678.584
223913_SV,1030.0,5576.1683
206911_GD,3149.0,16198.9208
210299_BM,3482.0,22813.5206
212803_BM,918.0,13389.3546
216626_BM,185.0,3535.171
222709_BL,572.0,12886.1025
216871_BM,4950.0,47752.6637
219407_BM,2835.0,13440.3854
214258_BK,10478.0,263169.4872
222989_BM,37.0,242.3361
2024011HM,2303.0,11743.8225
212588_HM,4244.0,10226.5603
223706_HM,1633.0,12459.5874
215501_SV,2561.0,10591.6057
216557_FU,5983.0,112157.7719
206909_SV,984.0,10026.6629
218540_SV,930.0,7074.86
219101_CO,3688.0,16462.7992
208709_GN,2394.0,40504.2214
212566_CA,10005.0,200725.7557
222709_TU,1325.0,29870.0376
208619_CA,1.0,19.1583
217659_GD,2417.0,16505.8764
214912_SV,71.0,692.2067
209973_BL,3619.0,54626.5365
219346_DM,1853.0,24688.311
223619_CA,2886.0,66459.2236
227006_SV,18.0,209.8378
222229_OR,2250.0,58405.0851
209650_PE,3761.0,21124.6052
1953841HM,2893.0,23318.1784
211728_DM,2306.0,14764.8139
210903_BM,6113.0,95557.6817
211301_BK,7049.0,237081.0709
217796_RD,145.0,2370.4236
216247_IV,9439.0,91955.5218
224897_BR,769.0,6517.4373
223972_WT,31.0,289.0238
226682_PK,750.0,4043.8202
222375_BK,716.0,42891.7172
211329_YL,58.0,923.6827
211251_HM,3176.0,17897.4266
211184_HM,421.0,1100.0113
210943_GD,8.0,118.7676
215534_BK,7601.0,157293.6518
216196_BM,119.0,5086.1293
210216_GD,1.0,6.6583
212989_HM,5834.0,42635.3491
212494_HM,1.0,6.4959
218593_HM,3234.0,21910.0878
224556_PK,55.0,1494.7154
209306_GD,4253.0,23405.5877
211922_NV,4025.0,32346.961
216577_LL,1930.0,21731.6692
225239_WT,378.0,5412.8308
223748_HM,442.0,2341.7395
212005_HM,5134.0,26050.3925
226694_MI,1.0,7.4298
219381_BM,3557.0,13791.3942
225678_BK,150.0,3914.4813
213870_EC,142.0,4495.2906
211206_HM,3381.0,13520.9372
214572_MI,11979.0,49733.3005
224951_DM,64.0,1053.2813
214622_BM,1972.0,24272.6831
210458_BM,989.0,35547.0234
221331_GD,2843.0,66678.4418
225168_SV,239.0,1934.3796
216212_GD,3339.0,20916.0025
223614_BK,1740.0,50526.7461
210587_BK,2209.0,30908.1317
223242_WT,4044.0,47486.1235
217433_SV,6348.0,33751.2554
215019_MD,408.0,14659.249
219980_BM,7097.0,63482.4882
221243_BM,3957.0,16907.2826
226446_BK,1.0,38.2995
214142_BM,5751.0,30176.875
226586_BL,30.0,239.2898
207646_EC,11449.0,257460.8323
219975_BM,3862.0,17017.2631
222325_BM,1978.0,64993.8972
218406_OR,1879.0,26996.8847
1934671HM,2758.0,20479.675
215624_GD,2915.0,19365.1681
211220_EC,7008.0,167132.943
218913_GN,5651.0,31265.1459
213994_HM,5639.0,29456.9717
219665NC,3269.0,88243.6083
218170_BK,10524.0,220643.4818
211139_HM,3027.0,19808.2766
213817_HM,3795.0,10537.1651
226297_BK,24.0,632.1218
226454_GN,1234.0,28365.2681
221058_TU,147.0,4773.6939
221644_CA,5383.0,135425.3083
224954_YL,5059.0,106437.8628
187998_DM,2322.0,10257.6522
224048_GY,247.0,4167.995
220803_WT,8277.0,39343.7444
218893_DM,3281.0,34915.0957
216868_BK,8738.0,242094.4194
219389_BL,447.0,10399.5676
222231_KK,6552.0,92068.2978
211175_HM,4217.0,16710.15
212015_GD,2395.0,10317.0248
220939_BM,7264.0,195155.4468
214437_BM,5092.0,108252.7478
218954_EC,5499.0,151908.6152
213837_OR,6144.0,25889.7569
213841_HM,3329.0,7934.0368
212633_KK,2510.0,99686.756
220598_AN,13009.0,334841.4048
223749_HM,2720.0,26803.4775
216701_GD,5816.0,39823.4716
213202_BK,4649.0,70588.1893
2125100HM,2478.0,20835.7358
216577_RD,1354.0,15651.4631
224451_BM,318.0,24418.5176
223693_BR,1082.0,7886.8135
217185_PK,64.0,547.9935
212578_TU,5230.0,118827.451
224294_BK,932.0,28626.1207
218220_EC,1250.0,42402.6061
207865_BM,2838.0,67027.7655
221008_EC,938.0,22251.747
222869_DM,1185.0,17279.3398
214921_SV,119.0,1524.5011
223301_BL,79.0,412.0644
211191_HM,2544.0,26791.8105
219193_GD,2773.0,10863.3327
218308_HM,220.0,2147.3461
209884_NM,2157.0,57433.6261
212190_BN,221.0,3694.1999
216933_HM,6453.0,34954.6755
222666_WT,1444.0,47076.2192
213190_TE,5992.0,117151.0189
224251_CA,1823.0,78463.5693
224135_BK,10.0,453.5093
211082_HM,447.0,1347.3356
213471_BK,8423.0,164866.7759
210851_BM,2247.0,30141.5364
224907_WT,67.0,1690.4678
216972_GD,3260.0,14606.7097
214499_BG,13659.0,312981.1714
211809_KK,9146.0,181267.6302
227496_CA,34.0,2513.3013
219310_KK,4378.0,108600.5599
220904_CA,3213.0,138056.4365
214581_BU,4820.0,101743.1755
179566_GD,101350.0,527095.8313
206046_EC,870.0,10485.8786
206897_SV,1690.0,7101.9412
223255_BM,1978.0,51997.5756
224793_BM,2680.0,36709.0077
211460_BM,2651.0,16339.7162
214006_PU,275.0,6296.3531
221007_EC,1241.0,32730.41
200366_IV,14524.0,129549.0965
222950_KK,3071.0,95609.6123
209558_GN,6688.0,93898.4466
208070_LK,3933.0,54578.8513
222682_BK,499.0,5190.3092
222474_GN,4321.0,109183.2973
210208_GD,2186.0,10343.4719
211691_DM,11724.0,279595.8385
202646_GD,13925.0,74692.0187
221576_PK,355.0,4936.4337
224894_BM,33.0,1339.5495
212646_HM,3907.0,19076.6479
209282_GD,4236.0,28984.3968
211438_BM,1356.0,7129.6576
226704_SV,5.0,69.2448
217475_DN,4297.0,25935.002
218678_GN,3797.0,55287.2915
226589_BN,105.0,2919.8116
220816_WT,4271.0,42929.9094
225065_BL,869.0,4790.2201
210846_EC,362.0,7478.4545
224567_BL,2463.0,71994.7107
214185_HM,379.0,3143.3428
220731_HM,2803.0,15006.4671
227257_BU,72.0,1173.4117
211462_BM,2236.0,11681.6675
224390_BU,1087.0,5943.0645
214500_DM,4721.0,160100.6742
222479_SV,199.0,4367.9556
224960_GN,335.0,8022.808
216559_BK,8163.0,201116.2935
218501_TU,5102.0,153314.504
212361_BM,3060.0,74307.2734
216712_DM,7189.0,61281.3073
210952_EC,6262.0,143161.2407
221312_BM,5086.0,112946.1656
214105_LM,3608.0,40191.1767
218263_BK,3345.0,68164.1963
205254_GN,3529.0,24016.0941
215400_GY,228.0,6134.577
218262_BK,1866.0,39281.7874
219999_GY,1351.0,42752.5057
210962_GD,30.0,617.8594
218049_BK,892.0,14072.8925
211772_SV,2831.0,26702.6679
219434_GN,4544.0,89047.9189
216697_DM,6237.0,38513.1508
211377_BM,4885.0,127103.0737
211675_BK,1924.0,8314.87
221347_EC,587.0,11684.379
222816_BK,5864.0,163981.0224
212792_BG,576.0,34339.1238
215568_DG,9818.0,301045.2207
222479_EC,2631.0,62255.5619
218730_GN,2624.0,47103.4376
218575_HM,2921.0,29811.1669
212491_HM,2233.0,37433.2442
227096_TU,3.0,47.616
211630_GD,4947.0,31469.6353
214934_GY,6061.0,176442.6939
216408_BM,1442.0,44224.8272
211915_KK,3198.0,70272.7909
220008_WT,742.0,18193.4576
217059_BK,6424.0,142768.4529
218359_BM,5652.0,61083.2888
216758_EC,188.0,4830.0603
212226_KK,111.0,2875.6418
209683_BM,4144.0,34973.6137
223895_BU,201.0,5836.3358
205421_GD,9311.0,39624.8756
214093_RD,3887.0,73944.238
222341_WT,2558.0,56292.214
218678_BL,109.0,1571.7104
221573_GD,684.0,3906.7119
218345_HM,882.0,10875.0493
213705_IG,3110.0,85326.0972
222231_NV,3316.0,50470.2196
209564_GN,4506.0,75570.9224
209638_TQ,10443.0,307062.6546
214346_PU,3994.0,68136.3262
216610_EC,2088.0,22216.4666
217018_BK,11565.0,227344.559
227728_EC,7.0,257.5383
222714_BK,587.0,5671.3451
218843_GN,3170.0,39343.3162
223791_HM,193.0,2332.7958
216973_GD,2919.0,24538.3305
212702_TU,3489.0,102839.1939
214146_BL,7276.0,27085.8471
221251_BM,4350.0,39683.4745
210649_BK,1050.0,30572.9396
222292NC,3934.0,72016.7043
228911_BM,641.0,14969.7905
224130_EC,1183.0,32908.4683
221681_EC,162.0,4080.0147
217232_BK,7005.0,193621.9563
210054_CL,6934.0,140762.828
214103_LB,6269.0,55623.7598
214618_BK,5964.0,91177.8714
223628_BK,1381.0,23605.0922
218041_BM,176.0,3231.3781
212247_GY,3411.0,78428.7904
219055_GD,2623.0,14405.7758
218170_CL,8174.0,182542.1207
214180_RD,877.0,22721.0494
209544_CA,7658.0,192406.3299
212093_BK,2894.0,72749.3514
2110481NV,1754.0,6067.9931
222425_LB,2316.0,22740.1962
212010_SV,2585.0,17907.8563
211697_BK,7142.0,266908.2721
205526_HM,3285.0,21521.6813
212653_RD,5529.0,93218.1253
227209_BG,19.0,513.1847
211279_HM,443.0,1824.3529
214884_EC,6568.0,122318.992
216726_DM,6063.0,39502.0942
223596_BU,3058.0,69893.8112
223541_EC,108.0,3004.2949
209161_SV,2946.0,13329.9357
212997_TQ,10574.0,82025.4736
219329_BM,3541.0,129275.3924
215097_DM,2573.0,57189.0128
222426_LB,2917.0,36279.9714
214272_BG,7961.0,159602.4009
220321_BM,5418.0,35479.0909
224725_MM,2244.0,22847.9402
223232_BM,36.0,329.2722
222902_KK,311.0,6303.3153
211351_DM,198.0,4375.2509
221125_GD,918.0,4922.252
216215_GD,9683.0,86051.7449
213670_KK,3745.0,96979.3647
208999_GD,6802.0,55800.3224
220189_RD,1220.0,40219.8763
223571_EC,175.0,5193.2446
224784_PK,380.0,24461.596
1952691CL,10241.0,91975.4195
212742_BK,3879.0,62112.8184
219108_HM,2535.0,31973.0007
219434_WT,6814.0,133526.0857
213089_BK,2715.0,17394.7124
214499_KK,8768.0,203892.1342
210888_BK,8239.0,110914.6007
227683_OW,66.0,1828.5901
166730_BR,1253.0,4941.9629
219244_TU,5921.0,122874.8648
221909_BM,3530.0,91290.4264
217628_TU,4385.0,80815.9516
213430_KK,140.0,1068.8362
208161_GN,7952.0,226971.2612
214057_BG,1046.0,28342.3096
213898_GD,6398.0,33055.0966
197623_SV,6880.0,33948.5549
223552_BK,6452.0,182325.2325
223635_NV,863.0,21980.1803
210745_HM,2483.0,23611.7111
214211_HM,3334.0,23460.5165
211363_DM,2721.0,43427.2526
222593_EC,473.0,13124.608
218260_GY,3049.0,95338.075
219195_RD,1478.0,44285.781
220820_WT,1977.0,23357.1942
209252_SV,4400.0,16309.0856
212129_CA,6100.0,108068.8734
224744_KK,3813.0,45049.4109
174202_HM,3285.0,27060.8448
210795_BU,6154.0,137545.6774
214672_HM,3941.0,41023.3403
223621_BM,3391.0,38578.4625
221439_RD,953.0,32346.5254
218166_BN,192.0,5449.6459
210295_AQ,6380.0,36766.4183
222475_GN,2681.0,44992.8125
210928_PU,7108.0,121351.8274
223996_CA,411.0,10354.065
223331_BM,1520.0,92694.2371
208621_MM,716.0,15363.375
211536_BK,5222.0,78449.5031
224421_BK,49.0,1257.9824
225188_PK,25.0,1198.2328
216879_PK,3641.0,42594.6238
210870_HM,2974.0,28657.7167
209181_GD,5596.0,38550.4435
222898_RD,466.0,12719.8664
216542_FU,6660.0,162960.8873
206394_EC,241.0,9466.0063
226371_GD,16.0,210.2378
224434_BK,3885.0,103007.6835
218803_OR,210.0,3343.8729
221054_WT,3083.0,31602.7837
224471_YL,173.0,4698.5766
215598_SV,3312.0,15527.6425
222010_BL,417.0,5336.8317
168373_OR,13580.0,60454.3374
212174_EC,348.0,10569.5902
209568_GN,5423.0,91725.4854
217939_BK,3513.0,84827.1228
223984_BN,1327.0,35446.5077
220826_LB,2117.0,25263.9672
207923_OR,5682.0,49159.6326
220343_KK,1251.0,36523.1578
210439_FU,83.0,498.2724
217624_BM,2616.0,69525.34
210442_LL,26.0,149.4867
217000_BL,2477.0,17854.6871
217232_KK,4293.0,118008.3738
209516_SW,8071.0,164211.0826
214667_BM,13411.0,430118.9088
220484_BM,3910.0,22412.2837
211990_ID,2848.0,10998.0833
208715_PU,4312.0,31905.4823
217641_GD,841.0,5237.5435
226378_GD,166.0,2271.6747
212859_MI,5207.0,39623.7595
224656_GD,762.0,4505.5957
217656_SV,3475.0,21477.6596
216441_GD,399.0,6080.4553
211058_PM,44.0,768.3693
219263_DM,754.0,7291.6636
216350_FU,8040.0,145931.3982
224222_WT,138.0,4245.2673
216176_DM,7162.0,174407.1734
219513_GY,278.0,7878.6069
211803_TU,7714.0,173756.9135
212359_BK,8133.0,185466.3286
222242_BG,2670.0,93661.0211
217232_EC,6013.0,165970.5872
216698_DM,4292.0,23408.5781
214245_EC,10504.0,215926.7209
223631_BK,862.0,21850.3729
216895NC,7046.0,166233.9689
224459_CA,1197.0,31401.4481
212812_BK,9499.0,204702.7159
214194_EC,1921.0,27304.8254
219846_LB,657.0,8149.9789
218522_BM,4175.0,22122.647
219749_BM,1564.0,25538.466
212362_MD,6736.0,129877.8021
221730DNC,4837.0,113597.2933
219879_BM,6835.0,161244.8995
224688_GD,4145.0,23716.3522
223864_RD,1633.0,9808.0699
215539_HM,4311.0,39496.014
221873_EC,2663.0,65746.6713
209403_GD,852.0,9051.8711
221782_BL,3338.0,84421.852
202456_BM,7776.0,56818.9641
210804_BL,3985.0,77789.6833
224429_NM,1797.0,66627.1872
214268_BK,9784.0,235184.8344
213023_BM,2791.0,96122.5523
209725_BK,2779.0,28383.0812
222850_BM,1822.0,34427.4425
221505_BM,220.0,1639.4087
209248_GD,8598.0,38106.9323
195269_CL,9674.0,75110.894
216780_GN,4978.0,116495.4237
218134_BG,4534.0,70669.7404
216400_BM,226.0,5849.6758
223172_BG,2.0,20.3967
219439_WT,2705.0,89131.8889
198667_GD,11243.0,70480.7658
225225_GD,604.0,8791.2327
214209_HM,3474.0,19622.9636
213145_GD,3635.0,20978.1095
1586852BL,5697.0,25494.4195
218843_EC,3934.0,49918.1713
220972_GN,1192.0,25912.011
224739_LB,328.0,5081.1404
158816_LN,3835.0,18604.7442
211440_BM,2248.0,12207.124
212987_HM,10766.0,66343.9938
223401_WT,56.0,1552.4388
211834_BK,8541.0,257291.023
216339_PK,4794.0,127483.0111
214997_BM,164.0,8135.1132
223645_BK,1645.0,58217.507
221970_RD,102.0,2520.7499
217176_EC,3971.0,50752.2342
221986_TG,2340.0,12705.5478
209180_GD,5315.0,45696.2653
217324_MI,1346.0,15079.3364
217180_BL,3497.0,33809.9273
217958_PM,4053.0,28401.7245
221856_BG,6366.0,155115.2858
218167_BL,252.0,6165.8746
224648_BK,1647.0,18836.1925
210432_FU,67.0,417.1552
224891_EC,4274.0,120312.6993
211102_GN,871.0,11410.4769
209694_PK,4056.0,35970.2912
212067_BL,1.0,21.4793
219412_BK,5255.0,135384.7631
222278_WT,656.0,11274.9216
215132_GD,991.0,9091.8121
188666_PU,1820.0,7109.6169
222902_BM,3416.0,76976.3954
218394_GN,4332.0,109318.9278
222445_DM,2746.0,24914.2989
223907_SV,3884.0,22091.9176
210550_TU,1480.0,43461.1131
227203_DM,244.0,1510.0189
216572_TU,2163.0,46854.5773
210726_BK,6060.0,193325.2503
214204_DM,1400.0,10360.0412
210238_GD,2292.0,11951.3289
218459_BL,3667.0,77415.8116
204477_GD,4131.0,35016.2552
218460_KK,4108.0,78131.3152
216306_TU,6781.0,230262.051
215549_SV,2008.0,18194.3656
215641_HM,4490.0,33864.754
218667_BK,1699.0,32037.1155
225612_GY,1118.0,31236.8631
209285_GD,6125.0,72085.2254
223427_BK,3288.0,84748.6542
221221_IC,5722.0,134934.1223
226932_SV,92.0,684.9546
220275_BG,506.0,12656.5061
219399_BM,2360.0,16579.9496
226562_MI,14.0,158.5174
211246_HM,5612.0,57063.5026
220113NC,4524.0,106112.2407
214143_GD,5355.0,17869.5026
219288_BM,447.0,3340.9416
211809_CA,11531.0,209906.7077
223215_HM,1200.0,7123.3147
2062124HM,2630.0,14028.5056
217359_AQ,5855.0,168365.869
207972_YL,394.0,5842.558
209607_GD,5692.0,37280.2565
221268_GD,1386.0,9174.5458
227073_GN,318.0,13222.5113
217212_PE,62.0,684.1909
222359_BL,147.0,4487.2922
222336_BK,1901.0,32239.8334
223953_GD,1393.0,13942.3194
212683_GD,4288.0,22489.8681
226758_BU,170.0,5703.8005
214671_BM,43.0,524.4713
211699_DM,4498.0,50434.2878
224833_BK,270.0,8266.7475
215917_SV,4093.0,31390.8693
215984_GY,99.0,6145.0509
224692_BN,1757.0,52860.8799
222471_WT,3816.0,104976.0122
225259_PE,2032.0,14581.2241
219881_BM,2865.0,53027.2933
216767_PK,2750.0,37590.4056
211159_GD,479.0,1400.9712
206268_HM,6098.0,64211.7456
212471_BM,321.0,9485.4914
224452_BN,160.0,5333.3053
217283_BM,913.0,14399.3126
216611_BL,5263.0,115738.2137
220709_EC,108.0,2632.9432
207014_FU,3728.0,20090.403
222288_BM,3822.0,57836.3946
227039_DB,3.0,22.2894
226476_GD,197.0,2200.696
209414_BL,5615.0,79853.7716
223725_GN,2011.0,18953.8747
218123_BK,4414.0,65550.7338
221112_GD,2384.0,21292.6069
218371_HM,327.0,3278.7808
226688_TU,2.0,65.5618
222230_BL,1381.0,33921.3412
217472_HM,3824.0,19074.9407
212939_BK,5014.0,21287.6875
220428_GD,5670.0,102316.2527
217398_SV,4594.0,26237.4254
226479_GD,383.0,3306.5234
224929_GD,16.0,399.2232
200433_KK,3250.0,125198.8141
210954_BK,7673.0,151600.3729
216587_BK,8090.0,174151.6006
228007_BK,582.0,3048.2599
214121_BM,3945.0,51381.8485
225678_OR,97.0,2289.1507
220942_LB,3836.0,58041.4157
216231_GD,4274.0,48579.3679
218702_EC,7173.0,155829.4535
214909_BK,39.0,942.5921
217692_IV,2143.0,12395.034
212828_BL,1006.0,9833.196
226430_BU,532.0,3699.8764
214635_HM,1866.0,22335.5589
225074_SV,56.0,648.1858
216749_DM,2972.0,11475.1133
215928_IV,5443.0,31871.5283
222631_BK,1025.0,61860.1378
211707_CA,1853.0,32398.0641
223322_GD,2844.0,33395.3563
214195_BU,1724.0,19342.1671
225223_GD,160.0,1253.227
227193_BM,19.0,212.5391
220297_BM,3360.0,19942.5548
222691_WT,642.0,13894.9534
212079_KK,502.0,19906.6135
219608_BK,5736.0,141825.0725
221822_TG,4271.0,23821.6708
220163_CL,2552.0,31981.6431
216302_DM,260.0,8438.7937
222892_SV,1015.0,27077.5857
220619_PK,1851.0,7388.3222
220923_GD,2845.0,16941.3048
209007_GD,1657.0,14392.1094
214168_HM,552.0,2584.9874
212815_WT,6163.0,110254.5378
220867_WT,3812.0,38847.0595
217479_FG,4161.0,25966.4797
224477_BU,222.0,2451.9367
208619_EC,7879.0,133378.4331
215212_BK,115.0,1969.8024
214198_PU,2439.0,22536.1269
206153_NV,4525.0,34746.8046
219159_SV,3078.0,16921.1381
224898_LB,555.0,4084.3694
222351_BU,330.0,8230.3585
220718_HM,2156.0,16702.5537
223416_DM,2177.0,34794.058
224053_EC,105.0,2141.4703
226579_MI,66.0,397.9178
221733_WT,1753.0,12696.9415
213970_GN,591.0,18284.4741
214291_WT,171.0,3836.2469
214494_PU,177.0,7011.0557
212458_RD,5693.0,81852.9546
220720_PM,344.0,3834.1889
212854_GD,3998.0,21169.8909
220878_OR,27.0,321.2386
226491_BN,479.0,13439.2
223325_BM,356.0,3626.5926
222311_BN,538.0,14849.6796
223988_BU,3762.0,88655.6206
1709384HM,2700.0,15170.4915
221186_WT,6308.0,140756.3309
213474_GN,784.0,33167.7872
222350_BK,5668.0,148824.8246
212549_HM,7201.0,62065.4634
219558_BL,5070.0,71833.9635
221048_WT,3094.0,37597.0395
222309_LM,515.0,7538.4114
216386_GD,3572.0,20432.9102
223430_BM,5575.0,103149.6583
218838_BM,5313.0,56002.4773
217632_GD,4655.0,28784.7594
221883_BM,982.0,7089.3036
208731_EC,5859.0,44705.6492
217477_KK,4298.0,32452.6415
226320_KK,8.0,122.9577
224400_HM,329.0,2263.9786
225174_SV,991.0,6955.3788
218842_BM,4703.0,37571.5106
213132_BK,4814.0,24119.4453
221483_BL,2262.0,13906.5262
212222_BK,7916.0,205299.8651
211252_HM,2637.0,29802.918
220424_BL,6440.0,41456.864
224676_GD,2109.0,24248.608
211927_HM,2900.0,21249.9595
219318_BL,61.0,664.6275
213436_BL,4272.0,55345.6764
223935_BN,2216.0,62757.1463
209314_SV,4255.0,22898.7907
226881_DM,1592.0,18513.1301
209826_BM,1988.0,40359.7855
224752_TB,1913.0,10468.7659
221506_BG,1125.0,9107.8043
215272_GN,94.0,741.4592
209337_GD,10144.0,86525.7376
225667_PM,1298.0,18832.6298
211762_OR,2409.0,10268.2202
220314_PU,4020.0,19109.6665
223930_CA,3238.0,72353.3507
219600_BG,7094.0,167289.1541
223220_WT,613.0,10190.0164
219862_BL,2896.0,15167.8958
219412_CA,5853.0,144834.1991
213944_OR,857.0,7727.5578
1965881BM,6122.0,26413.4086
214668_BM,6641.0,188387.8701
224809_HM,2778.0,21194.3693
224719_EC,1768.0,50317.4115
211857_LL,3531.0,60052.5637
223066_GN,1318.0,33407.7995
226518_GD,100.0,829.0392
214527_MI,3201.0,24557.8421
209060_GD,5205.0,40718.1073
223778_SV,863.0,4256.6744
219616_NV,4675.0,109819.4803
219529_BM,653.0,13713.61
219078_OR,2262.0,41478.1608
217428_HM,3790.0,23918.9677
227033_DM,135.0,1829.0135
226714_MI,33.0,167.0941
219040_GD,108.0,3180.7202
221232_BM,1944.0,15951.4079
226701_KK,1.0,20.4797
213096_BK,3520.0,16652.6676
224606_BK,244.0,1431.2532
1804581BK,6720.0,37153.3086
216993_BM,3166.0,17127.3399
222398_YL,804.0,24239.9644
221081_GD,5559.0,42391.8646
214445_MD,392.0,7830.611
225283_GD,1145.0,5966.1833
211432_DG,8475.0,167138.5101
210340_WT,6102.0,44040.2676
214354_GY,5472.0,114299.3501
214066_BM,4441.0,39967.3555
223616_CA,933.0,32395.3989
214600_MI,2726.0,19763.4982
226319_BK,2.0,50.4811
212266_BM,1165.0,6378.9725
223910_RD,2209.0,21230.9009
216812_BM,1617.0,24409.1944
209003_WT,7748.0,55480.1526
209332_GD,8429.0,68869.4382
226778_BM,185.0,9786.258
222951_PK,1157.0,40227.4763
220920_GD,9064.0,66921.097
218511_CA,635.0,21851.2749
219221_CF,1790.0,8366.7896
210794_BM,1699.0,34856.0716
213420_LL,410.0,3501.8577
223001_TG,3615.0,23859.6808
215323_BN,984.0,40950.9862
209850_EC,50.0,3724.8651
216465_GN,3747.0,82370.2304
212156_BL,183.0,4543.8251
224845_BN,431.0,3915.9336
219513_EC,274.0,8027.3359
220823_EC,1763.0,26177.389
214450_BM,3866.0,95278.2572
211480_TU,1916.0,54275.2526
223727_SV,915.0,11142.7597
210714_TU,4502.0,133884.7114
222655_BL,3136.0,96845.9981
224790_BM,1765.0,36278.1144
216976_GD,3077.0,13275.6059
215551_SV,1942.0,18839.0926
214234_BU,3678.0,12454.4582
219379_BM,3669.0,22701.6081
220522NC,5956.0,141744.7366
211310_BK,197.0,4988.8778
1707322HM,2831.0,20780.7897
216470_BK,1122.0,34245.688
213014_PU,3846.0,65563.1189
212519_DN,3907.0,18610.2408
150771_ID,2830.0,10238.9182
216469_GD,754.0,7085.3271
218555_SV,448.0,4694.6538
227531_GD,1709.0,19620.3588
219374_BM,3140.0,17756.5687
225585_HM,904.0,5362.1276
213922_HM,2290.0,10015.5531
226608_DM,42.0,1097.534
219271_DM,46.0,481.2792
206548_RD,393.0,4443.8583
216226_GD,4890.0,52389.441
219729_GN,4603.0,103044.7874
211527_BL,94.0,633.3365
219382_BM,3783.0,21548.866
224646_BN,1541.0,47885.3827
217448_HM,3135.0,12978.3805
224462_CA,1009.0,14334.8514
222457_SV,2323.0,58300.7378
215511_SV,2323.0,13476.4998
221450_BM,1691.0,20821.0967
220832_WT,3293.0,25605.3844
219189_BM,3985.0,25824.7344
145869_BL,7226.0,37935.1046
208727_EC,6313.0,62080.8072
213783_LL,3110.0,55454.2202
212997_PU,1645.0,10533.8022
215045_BN,184.0,13702.6843
215824_BM,94.0,1374.8828
223861_SV,2880.0,33994.1279
220320_BM,6807.0,32522.1739
213705_WT,7256.0,190478.1855
220008_MI,1079.0,27645.6709
210963_BL,5246.0,52904.8323
215534_BR,5694.0,116869.7701
163517_BK,6034.0,22217.6579
216051_BM,6779.0,76968.8772
219763_GD,3440.0,28564.5491
227321_BN,62.0,1851.8331
211672_DM,1893.0,7920.7119
212023_SV,2616.0,19778.8009
223890_SV,4579.0,38917.0807
216859_BK,358.0,13954.912
207560_PU,4101.0,68461.4796
213691_GY,5826.0,155076.1606
209823_BM,8116.0,167043.1099
215630_BK,8181.0,175129.9328
208217_NU,3891.0,84537.7158
210175_PK,831.0,10913.5991
217092_BK,5330.0,74605.9156
218748_PK,1608.0,42919.9514
1835694BM,8806.0,48292.4577
211798_GD,8093.0,41771.2053
215980_EC,60.0,916.9054
221971_BM,150.0,4134.7248
217144_BK,3054.0,76673.1408
211076_GN,45.0,650.1085
212015_SV,3872.0,18178.5576
221275_SV,2788.0,15577.7837
212282_BM,2092.0,12485.4688
222900_AN,264.0,3932.7606
224306_BN,1082.0,32523.0092
215543_SV,3456.0,14762.9846
210749_HM,2721.0,19181.1437
226360_SV,407.0,4507.5437
205429_SV,2024.0,15341.4115
222528_BM,5080.0,147441.3681
216144_SV,4737.0,80245.1838
210596_PU,292.0,10040.8072
223212_BM,1344.0,12973.5516
216791_PK,2048.0,39842.2551
217393_SV,5543.0,31272.1352
211994_TG,2241.0,10503.5821
216521_OR,3569.0,60328.5175
222464_BK,959.0,34287.9406
216760_OR,224.0,9387.3742
225678_EC,118.0,3049.0593
216982_GD,3315.0,18302.2146
223742_GD,1996.0,14890.3973
219029_BL,5084.0,26856.5233
218093_BK,2032.0,63795.9965
222351_BL,192.0,4901.9519
223805_HM,613.0,3504.6764
225314_KK,1507.0,45465.6158
220565_EC,11305.0,260128.407
222232_EC,151.0,4979.8471
212596_PU,18.0,411.1882
209261_GD,6816.0,33773.0746
226612_BM,212.0,6976.1215
218032_BL,4256.0,101272.3646
217183_EC,3651.0,62939.8365
224945_OW,1751.0,47482.9288
224446_PK,2685.0,78842.8803
214938_BL,91.0,1979.1266
210931_TU,5120.0,178251.542
212682_GD,8454.0,77450.5418
223424_BK,1318.0,31596.2021
200433_BK,4247.0,166422.5389
217702_EC,4310.0,113526.2106
223668_PK,161.0,4226.7239
218959_BM,2506.0,69850.9865
211444_OR,1527.0,5808.5132
217018_TU,8455.0,164202.2026
214612_KK,5229.0,66121.585
218235_BK,3293.0,90412.0815
1980562BM,3749.0,23080.0549
212436_HM,3747.0,17953.0314
214926_GY,3310.0,84408.4973
218529_PM,4981.0,132712.0027
218794_BG,2811.0,77178.9503
221632_HM,1381.0,9783.4987
210940_GD,46.0,358.8903
217924_BU,4737.0,111330.6603
218834_BK,454.0,13218.9904
202645_GD,4341.0,21607.3589
223208_BM,623.0,4904.6788
212106_TU,1998.0,50504.2842
212052_TU,245.0,12372.0647
212347_OR,6497.0,121256.9414
225623_PK,176.0,4456.1727
223926_LK,1324.0,37574.9883
216523_TU,3871.0,129057.5488
206577_SV,6037.0,149086.2418
219408_TQ,3935.0,24962.2466
222480_BK,290.0,6758.0713
211701_DM,5334.0,89319.3695
222686_BK,48.0,1150.6144
220483_BM,3098.0,14612.091
211435_EC,6924.0,185170.4139
217021_EC,7692.0,124657.2537
225240_BK,421.0,10742.0325
212645_TU,8498.0,246111.3832
224093_KK,255.0,7935.1101
212180_GY,4307.0,168404.8361
217475_TG,4197.0,24752.5585
211511_KK,6564.0,78701.3047
209320_SV,2587.0,10370.1205
203729_OL,2366.0,62977.186
210789_TQ,3520.0,66980.0717
222451_BM,1189.0,13389.0024
215525_CA,7717.0,226076.9673
214055_NV,2002.0,9356.5736
225167_BN,822.0,48367.9203
217213_SN,72.0,606.213
216214_GD,5338.0,49147.2929
216591_GN,2150.0,64918.9146
221224_BG,1278.0,32483.691
224444_EC,530.0,9269.922
225230_GD,1008.0,5374.1936
212054_BK,6029.0,60882.8934
209331_GD,2502.0,16785.0037
215241_KK,256.0,5712.8857
220966_BM,5328.0,172605.8417
211900_LM,2310.0,17739.7271
216394_BM,307.0,7713.9993
221623_SV,3068.0,48865.6036
224456_KK,1155.0,67116.3454
222815_BU,3093.0,83131.8135
215652_SV,3344.0,15752.8994
212196_WT,2439.0,35286.0007
219469_BM,3324.0,106701.7254
216988_GD,3386.0,13507.8393
224014_EC,184.0,6169.5032
218337_HM,1078.0,7999.0659
217145_BG,2255.0,82031.834
210736_BK,1954.0,67720.6076
220167_OW,2040.0,51397.7694
225498_NV,46.0,1364.0406
221511_PU,2176.0,17002.8254
222806_RD,454.0,13297.937
176036_PH,5711.0,24900.192
222584_DM,854.0,10017.0457
214096_BM,195.0,5612.112
224822_KK,2515.0,40685.1611
214453_GN,101.0,7572.5866
217318_SV,5122.0,46124.4194
221016_WT,1878.0,16644.0503
221258_GD,3091.0,18735.8254
226882_DM,1549.0,22668.0776
220423_CA,1096.0,22620.1475
224132_BM,10224.0,218161.2391
222299_RG,188.0,5206.1759
215825_BL,79.0,786.6237
224859_SA,17.0,768.5008
227290_BG,108.0,3234.9762
222697_BK,843.0,19413.617
207405_BG,4910.0,38494.4056
211838_KK,7909.0,193687.4941
216065_DM,400.0,9305.9993
213667_GN,401.0,11135.101
226292_HM,247.0,2216.8527
219422_SV,4304.0,21440.3692
212096_BM,4037.0,167563.6556
224144_EC,1036.0,33045.8392
226969_OG,1686.0,11041.217
210924_KK,8783.0,193284.2036
215646_GD,1960.0,24082.9102
212663_GD,3690.0,25951.3767
216352_RD,1.0,29.2602
216377_GY,271.0,6251.5174
224742_KK,1479.0,24322.2375
213830_GY,4566.0,113615.9075
212823_LL,1807.0,34616.4152
224989_BL,274.0,2849.4336
211056_GN,4466.0,217536.7537
213814_HM,2452.0,11261.4451
215645_GD,3406.0,21187.3475
223129_CA,5.0,106.8868
222339_TU,2165.0,64161.8698
216309_TU,8625.0,197666.603
221199_BL,1143.0,13391.6023
211381_YL,17.0,541.2156
212238_BK,875.0,15916.9304
211835_KK,4807.0,63240.9321
205788_HM,10846.0,48538.8443
222436_DM,1870.0,40416.047
211801_DM,6759.0,161821.9818
211504_DG,191.0,7888.3599
227515_BM,1.0,14.2057
214894_GY,4292.0,106088.8055
222953_BK,5365.0,131914.9013
212440_HM,3075.0,26563.9309
213468_SV,140.0,2034.9651
217852_BM,3149.0,65729.1292
215547_GD,4460.0,29362.9225
216573_BM,1271.0,18976.179
215962_BU,94.0,5738.1321
166359_SA,14707.0,167909.0915
223612_CA,581.0,19162.6414
195320_BK,24517.0,430789.887
211138_HM,1782.0,10354.1387
213991_HM,3778.0,10605.8181
213729_BK,1305.0,18860.3808
216089_IV,6679.0,62203.4342
215220_LM,2062.0,30233.7124
221902_BL,1552.0,41679.0281
222628_BM,6147.0,170469.8288
211925_YL,48.0,1245.3859
222653_BK,1743.0,56727.5569
221141_SV,3654.0,63203.0651
214227_FU,3811.0,73470.7261
218602_HM,1955.0,16286.4313
215505_PE,3126.0,21934.4224
210212_EC,1074.0,16020.5263
226454_BN,2165.0,48892.4814
214670_TU,12746.0,232263.9733
213422_KK,240.0,2514.4497
213211_GY,1647.0,22475.2451
225536_GD,2058.0,11477.282
220886_GN,676.0,11188.539
213142_GD,9196.0,50884.3609
226085_CA,1052.0,27757.5612
217900_LL,3883.0,27436.4015
211092_DM,918.0,11972.6901
221400_BG,5286.0,146751.6647
211456_PE,2493.0,26030.0795
212567_HM,1614.0,9190.8703
222679_PK,181.0,3842.3063
215174_SK,5738.0,82223.3214
217337_SV,3926.0,19823.0277
223196_KK,2965.0,94179.5976
219215_BM,3724.0,21073.577
223018_PM,2223.0,32782.3002
216060_EC,6580.0,158734.7214
222699_KK,2662.0,83518.1102
219322_IC,5.0,101.0411
220942_BG,3325.0,49644.2447
205848_SV,1773.0,8698.5294
226447_CA,2.0,44.547
214145_MI,60.0,318.1078
224751_BU,2430.0,22921.7574
218616_BM,5743.0,23129.1457
211999_HM,1641.0,13910.9372
217633_GD,2641.0,18185.5928
219373_GD,3330.0,14202.1938
1722761BK,8793.0,45050.4693
224937_GN,163.0,4946.5505
210855_GN,1437.0,12528.4484
222670_WT,736.0,7880.7358
214438_TU,7310.0,146177.728
223278_BL,765.0,6048.779
224970_EC,130.0,3208.7772
215515_SV,4318.0,36271.3327
224987_BL,361.0,4390.9756
219231_BK,472.0,4101.4523
219107_SV,1005.0,5883.9724
210857_AU,2398.0,12674.231
211128_HM,2539.0,22725.6845
218559_GD,2139.0,9327.4155
213884_HM,4130.0,27098.9082
220809_GD,4175.0,31662.0553
210433_LL,55.0,299.7127
212852_HM,2530.0,8533.9809
200536_GD,4663.0,24030.5624
209553_WT,8638.0,178281.5471
212102_EC,6203.0,123589.0004
206296_FG,4634.0,24482.1128
217207_PE,38.0,509.7883
220781_HM,984.0,7562.1331
227156_DM,82.0,504.5563
224969_EC,432.0,5902.3235
212086_PH,2613.0,9807.4135
212123_NM,6347.0,155354.5033
213187_CP,7742.0,185423.9522
212283_TO,4150.0,20736.2917
210788_KK,5948.0,130705.5999
212020_GD,3108.0,13425.1123
210958_KK,3991.0,107366.8708
224054_EC,30.0,451.2171
226351_BU,322.0,5486.6803
213081_BK,6588.0,33025.7285
211080_HM,406.0,1926.4954
221135_SV,61.0,4122.0672
226777_BM,250.0,13613.2251
218131_BK,3880.0,35919.0648
209820_TU,7383.0,240256.6529
211435_BK,7966.0,232474.6827
222320_BK,544.0,29204.4122
211088_HM,3461.0,12509.6199
224543_DM,101.0,1547.9757
214272_BK,9361.0,197085.6967
219907_LL,6502.0,121393.9229
220887_BG,998.0,21242.2455
214151_BM,5465.0,33631.936
221340_BM,4522.0,90864.8515
212791_BK,4815.0,166008.2772
217052_MI,4300.0,27805.2588
223546_CA,2532.0,78376.3184
211241_NV,4701.0,70623.0444
212675_SV,3466.0,18325.0987
207822_HM,5883.0,27033.7691
223301_BU,1364.0,8124.9241
224903_SK,593.0,4297.9706
219443_RD,220.0,6892.211
223716_BM,575.0,16828.3919
221783_WT,84.0,2215.4236
224709_BM,242.0,3551.3487
223683_GY,583.0,2754.4933
210327_PH,1946.0,12862.0117
212201_BM,346.0,12653.7511
213009_HM,12573.0,76881.7031
211736_PK,1490.0,3008.8272
215624_SV,2424.0,16878.1177
215014_KK,591.0,23051.899
2012551MI,4404.0,28007.0676
219443_MT,216.0,6115.66
225233_WT,531.0,6259.7959
209009_HM,6172.0,30857.7102
223118_PM,3582.0,24354.2049
227194_BM,10.0,77.2789
220876_WT,3782.0,25392.1759
178752_FU,6153.0,49068.0362
214533_GY,3591.0,196587.8434
211906_GD,3110.0,43545.4609
211954_HM,1775.0,17441.6242
217002_PE,1594.0,9813.5937
223611_EC,1778.0,40526.2133
212010_GD,1505.0,13459.3642
1953802LL,136.0,1096.1082
212675_KK,3702.0,18325.8214
203157_PM,10709.0,92284.9931
212285_BM,1735.0,5679.8617
209673_BM,2522.0,19738.0344
212241_BK,448.0,3646.1803
217527_SV,3485.0,18068.5967
211756_BL,2302.0,7329.5594
216900_HM,5929.0,35250.7908
209306_SV,3894.0,19461.8546
222958_BK,1508.0,21712.9479
212597_PU,28.0,429.2037
220076_CA,3085.0,91758.0377
195269_LK,69273.0,631447.914
223692_HM,3101.0,21031.0649
214313_PK,875.0,7494.2436
211412_WT,2844.0,26825.1619
227264_BK,90.0,2444.6123
211183_BM,3542.0,31136.2484
221782_BG,5665.0,148989.1458
210639_NU,1270.0,26484.5315
219252_SV,3944.0,21796.2601
211132_HM,2060.0,29549.8759
212662_GD,1255.0,7319.1873
215613_BG,4055.0,95796.1663
200819_CA,1364.0,61624.4452
210852_OR,2071.0,18894.8323
216235_GD,21611.0,122930.0034
212812_TU,7550.0,162283.7179
224922_BK,5821.0,105815.6208
216589_BK,174.0,3692.4759
210697_BK,7963.0,169899.626
224489_GN,116.0,3172.8551
213076_BK,6739.0,30518.3402
215546_GD,4587.0,31521.7862
219178_CF,2123.0,29501.0925
211780_SV,3870.0,33114.9055
212037_PK,383.0,9057.8471
218235_OW,966.0,23114.6632
212252_BM,1193.0,5499.9978
212704_BK,4950.0,132960.7086
212982_GN,4584.0,24015.9997
218711_BM,613.0,24830.8266
223249_BK,2899.0,64377.6317
226791_BL,445.0,16011.667
219515_EC,236.0,6397.0082
221095_GD,2451.0,16043.7596
220750_BM,4487.0,89530.5233
226600_GN,2413.0,69206.6502
213153_BK,4940.0,23678.8139
218563_GD,3102.0,15742.3692
224632_BK,823.0,6304.7591
224058_SV,710.0,2353.9999
209334_GD,2946.0,12540.6448
212110_DM,5387.0,142265.1445
212711_HM,5751.0,30263.1264
216769_TU,1154.0,29666.9732
210435_TB,46.0,292.968
217530_SV,1828.0,23482.0059
213192_TE,6627.0,141828.7101
220841_WT,10182.0,69113.0308
216003_BM,484.0,7492.5992
218261_BU,2129.0,48788.2794
215150_BK,4089.0,62876.1178
218835_BL,5136.0,34406.1533
224694_EC,606.0,18203.8962
221017_EC,889.0,21583.7129
218257_SV,1159.0,20637.2634
220794_BM,2195.0,14955.3263
216011_PK,743.0,3044.652
212670_GD,3599.0,31859.9039
211563_PK,1597.0,40435.4592
211853_LL,5465.0,169425.2301
223434_BM,1685.0,32080.3422
222829_BK,2270.0,51943.1564
225066_BL,359.0,2096.2925
2093041SV,3305.0,15796.8011
224930_GD,33.0,701.8933
216244_IV,2933.0,17273.5753
226405_BU,484.0,3536.7645
222472_BL,3427.0,80344.7739
215456_BK,5676.0,94697.0182
214562_DM,4559.0,62786.0285
222735_GN,1051.0,36496.6103
216309_BK,10331.0,209688.0896
222707_BK,56.0,1812.6227
222672_BK,167.0,3866.8304
219266_BL,3924.0,20240.6688
208710_BU,3410.0,51334.6326
212523_FU,4221.0,76875.5685
216876_EC,5710.0,152922.5772
218581_GD,651.0,6763.3482
209325_GD,3018.0,13970.6009
221736_DM,924.0,11233.4293
212510_HM,1999.0,16688.1757
221545_BM,2460.0,22799.7066
214585_LL,6750.0,115211.1389
217119_LL,12180.0,254538.9237
223996_BK,669.0,17054.1159
219715_BN,972.0,15809.154
219517_BM,314.0,6614.4377
213187_PK,7333.0,163991.0675
224751_LB,1787.0,16643.0589
216401_BK,1031.0,20632.9778
215530_KK,7994.0,201711.9868
218374_HM,478.0,3016.8102
219773_GD,4076.0,16971.0845
217226_BM,4359.0,92304.1733
225077_BL,79.0,2784.4843
226390_GD,144.0,991.7268
213670_BG,2103.0,57753.4614
217182_BM,2878.0,18362.9367
169622_NV,18417.0,102566.2433
211104_CL,1266.0,11284.3954
206912_SV,2960.0,10238.5292
223799_BG,1333.0,7525.831
221307_WT,5917.0,134813.4234
227140_BK,2460.0,69984.1172
216121_EC,5184.0,61068.424
223219_WT,2033.0,35059.3067
209569_GN,3938.0,38609.6841
222389_PM,2837.0,92278.1884
218954_BL,3144.0,84593.4566
215394_BK,149.0,2310.6357
219030_RD,1796.0,41382.7936
211664_BM,1977.0,14625.6832
221093_SV,1137.0,8463.5683
221608_BK,1434.0,36339.3535
222084_BM,5774.0,54847.9604
216086_KK,4447.0,49483.2547
2117251GN,2526.0,12601.5304
223738_SV,683.0,9045.3259
218425_HM,1006.0,5321.101
209763_LL,2193.0,32187.709
224287_BM,178.0,4174.7588
224617_BK,2546.0,19313.1214
220597_BM,2246.0,13697.9716
222813_BG,1853.0,62320.9895
214765_BM,6492.0,216336.6998
215640_SV,4396.0,35645.0587
214476_BK,1587.0,39966.8921
214067_CA,452.0,14287.2742
224488_EC,299.0,7463.57
217044_PK,1198.0,23234.4528
216369_GY,1400.0,35608.2318
224044_GY,447.0,6681.6347
219674_WT,886.0,12204.4076
224520_GD,299.0,1536.7997
217461_HM,3742.0,21231.8616
224449_DG,872.0,19641.0977
214344_BK,1461.0,14371.122
222256_BM,402.0,12580.0256
212007_GD,3416.0,17777.2848
217450_HM,3110.0,15911.8543
219762_GD,15082.0,85337.5746
214360_BK,2368.0,44571.2985
210885_BM,1127.0,23320.2431
217215_BK,2779.0,79524.8346
222875_BU,1111.0,38474.9353
219156_SV,2904.0,10448.2689
216265_TU,6930.0,200893.3342
214147_DM,232.0,1888.0641
215614_GD,2363.0,17083.5217
221309_CA,4211.0,109568.0782
226878_DN,284.0,3895.182
221624_BL,5842.0,146648.4973
218332_HM,500.0,4086.0521
214244_KK,7470.0,177793.3402
220845_WT,4956.0,50834.7456
224765_BK,841.0,10881.0245
209415_SV,3037.0,22388.7107
221307_YL,2614.0,60653.3853
217659_SV,2225.0,14196.0352
149404_DM,4121.0,17924.3874
226713_KN,1.0,16.6583
225258_PE,1543.0,8415.7956
223825_SV,724.0,5338.8642
222359_EC,1365.0,41976.7737
226295_PK,406.0,3548.5153
216546_BL,6981.0,172464.9198
211941_IV,6979.0,55191.0208
223428_BK,1787.0,29361.2263
225287_BN,1.0,27.99
210404_EC,379.0,6229.1912
210027_BK,8149.0,160457.8222
210055_TU,4198.0,53233.986
219183_BM,1876.0,11297.1591
215032_EC,6160.0,131043.8567
222425_EC,2805.0,26971.4993
211639_GD,9670.0,43341.397
211429_FU,3913.0,84282.9605
220724_BL,3236.0,77863.4107
224336_HM,1179.0,11266.5905
208716_GN,4004.0,21966.2004
212237_KK,667.0,15465.8407
224302_HM,3093.0,35884.0567
215475_BK,150.0,3343.2935
221180_IV,4330.0,23699.5325
216575_KK,1604.0,45028.1467
215997_GD,2683.0,18929.9483
211873_EC,7238.0,159511.8087
219603NC,7857.0,173541.0458
221091_GD,567.0,3193.8936
222184_EC,721.0,24150.491
222094_BM,186.0,4980.8667
216904NC,6997.0,163314.3074
210343_HM,6033.0,32734.5757
211831_SK,5402.0,60590.3904
216978_GD,3623.0,23881.157
223475_RD,38.0,388.2774
217168_OW,3632.0,71411.0966
220309_BM,6151.0,39841.0383
222237_BK,2693.0,47516.3972
223320_DN,1673.0,24615.9749
220697_EC,6434.0,156709.4242
216559_EC,7231.0,183774.9464
227182_FU,4.0,26.4132
1965821BM,5139.0,21595.852
209067_BL,941.0,14590.4603
215617_GD,4055.0,43756.1537
213443_BM,5137.0,35789.3654
217348_SV,5539.0,28044.0677
221027_IV,4122.0,23642.6387
221526_BM,1717.0,20068.067
211260_HM,437.0,1331.3989
224971_YL,219.0,2951.1846
216928_HM,5726.0,26293.527
218000_BM,1204.0,24533.4112
211979_PM,2132.0,17326.2231
224671_GD,831.0,9735.2195
225272_WT,1477.0,17260.3814
223278_LB,292.0,2230.025
221520_CA,2011.0,50089.4691
223008_PM,2786.0,23764.3466
216706_DM,5322.0,27907.5339
216067_GD,3860.0,23721.104
227999_SV,41.0,275.8455
220506_BL,5121.0,95545.9358
213104_BK,6148.0,18566.1853
214707_BK,411.0,9068.8389
220616_GD,2817.0,14562.5372
217431_GD,57298.0,314825.4429
211671_DM,1240.0,5514.6106
211904_GD,4000.0,35569.7336
217881_BK,5190.0,131017.4265
211981_HM,3593.0,16573.6208
1707321BM,8555.0,53305.8738
214445_BK,468.0,10885.5011
212199_BM,6446.0,108161.5016
217357_GN,1759.0,26938.2079
215583_GD,2564.0,15849.1125
225176_SV,403.0,2252.7659
214139_BK,5101.0,54760.9311
219239_GD,2282.0,12356.8367
220076_BK,5112.0,151983.6063
222661_BM,844.0,31290.4654
212322_TU,5623.0,135223.647
1663591BU,2962.0,31845.3333
208734_EC,5155.0,89458.0297
224288_EC,2158.0,56739.0489
209219_OR,1411.0,40278.5503
227131_BU,14.0,290.8285
216097_EC,6369.0,195261.7605
218919_EC,8017.0,172172.7669
213727_BK,934.0,8178.0936
223878_SV,1137.0,11766.4315
216868_CA,7654.0,210829.2498
217489_HM,4500.0,31576.6131
218898_GN,3100.0,40402.9872
216257_IV,4772.0,31688.3868
224459_PK,46.0,1038.9124
212575_HM,1898.0,6910.8278
211991_HM,2540.0,12747.6898
214112_GN,5060.0,20123.5635
217881_KK,5376.0,134518.1253
222080_AQ,3130.0,23895.4164
212128_BK,7782.0,191205.4628
225044_BL,315.0,1693.7752
223997_NM,0.0,0.0
219302_BM,3791.0,20621.9619
222480_SK,193.0,4851.6391
216872_BM,4553.0,30962.0381
217656_GD,3160.0,23308.2456
212611_BM,13.0,496.1161
213979_NV,5663.0,19503.9004
218310_RO,409.0,1664.1766
217184_PK,642.0,5816.9347
216248_GD,1656.0,15489.5599
221441_EC,5525.0,135451.4225
226968_FG,906.0,7586.1835
221575_BM,2063.0,30218.0686
201255_MN,6131.0,30381.5718
225679_HM,467.0,3607.0333
212832_SV,3183.0,23190.0321
223835_SV,1319.0,7345.6138
225074_BL,11.0,121.7893
220327_BL,1717.0,13087.1565
210799_KK,6397.0,110530.206
211765_BL,2323.0,15791.9065
226897_GD,1617.0,8665.0857
213203_PK,2459.0,29085.3267
212964_BK,4163.0,50284.5795
223242_DN,3252.0,38484.128
223167_BK,5954.0,209835.5027
219149_HM,2614.0,15265.7743
222055_WT,3184.0,80345.2373
215507_SV,4550.0,20306.2307
219763_SV,1579.0,13016.275
220849_WT,2210.0,12815.8628
214118_BM,4702.0,19947.2371
226211_PK,954.0,7521.5186
216216_GD,6352.0,33000.5147
223173_BU,1766.0,13689.4235
212209_DM,1146.0,31969.531
219170_BM,3827.0,18767.042
212809_LM,1060.0,11250.8393
207972_PK,2210.0,28896.4985
219213_BM,2677.0,22904.2277
204972_BU,2921.0,27665.0171
223276_FU,1677.0,9899.7156
210319_NV,6427.0,33326.4626
209976_EC,5143.0,55098.9315
217175_AU,3671.0,44773.2382
224734_TB,2126.0,13968.0852
222249_BL,433.0,7362.4752
222281_WT,4851.0,140332.8424
212846_BM,3902.0,84502.4726
210438_FU,139.0,838.632
218144_BM,6003.0,158373.9454
224898_KK,935.0,7171.408
216418_GY,244.0,4772.9646
224343_HM,2506.0,25151.9596
212480_BM,2198.0,9309.0581
217275_BK,3137.0,76091.9211
151833_LU,1896.0,21860.7263
221085_GD,2323.0,21037.6185
216546_YL,6382.0,156738.337
211901_TL,1752.0,11460.7549
212648_HM,5114.0,28055.7842
223698_HM,2023.0,29628.4751
210928_BK,12408.0,248107.7073
218114_DN,4571.0,84702.4967
212541_BM,2960.0,57335.9796
211914_FU,5117.0,108132.3939
212193_GN,272.0,5741.9637
213187_GY,7713.0,183923.1313
209173_GD,7166.0,37998.484
221726_BM,4586.0,118597.3105
217303_GN,4322.0,85406.5673
210033_EC,11714.0,179796.1096
213722_LM,5047.0,29664.7438
220167_BK,2623.0,71608.364
218007_BM,2920.0,26367.4419
222188_AQ,4026.0,49021.6247
225660_DM,83.0,2857.2931
222371_EC,74.0,2415.1455
218766_BG,669.0,20142.6249
225578_GY,153.0,13448.4534
225058_BL,58.0,1789.8088
214707_BL,457.0,10414.926
222815_BG,4924.0,131659.8067
217689_GD,3214.0,18156.2555
222614_BL,2165.0,77573.4526
213191_EC,5947.0,132444.5599
223380_WT,1862.0,66594.2988
212997_GN,136.0,1161.9348
218070_BM,7084.0,136923.4878
211781_GD,2212.0,25065.4773
219515_GY,274.0,7668.2854
209219_PU,1385.0,44246.0576
210844_BK,4175.0,98371.1715
217547_BG,11220.0,321074.5007
209330_SV,7424.0,32900.326
217425_HM,3826.0,15713.706
215116_BK,209.0,5677.2705
222234_EC,4971.0,120553.7826
222896_TU,3775.0,110743.9425
218754_BG,2979.0,105630.751
215041_PK,957.0,33449.1838
216607_EC,1227.0,16872.6439
216630_BK,48.0,4089.3785
226599_NV,45.0,1041.1115
2104561BK,748.0,21507.6825
222727_BG,2104.0,75777.9937
223955_GD,1401.0,11657.5146
218090_BM,3935.0,93444.9906
213086_BK,5061.0,56897.7855
225160_AN,87.0,2941.9799
215162_BK,1933.0,22476.9894
216388_BL,1691.0,50604.9155
221406_AN,7641.0,187403.3288
212362_TU,9716.0,186559.8236
208038_PU,5973.0,149257.4068
211542_BM,5251.0,68996.8006
208733_EC,4096.0,23076.4847
214681_BK,5551.0,74967.7061
187896_BM,6314.0,43464.3408
220000_LL,357.0,9719.4283
210306_LB,45.0,915.6386
210322_BM,6127.0,39792.1334
218338_HM,749.0,4254.0246
220396_BL,1905.0,16029.6633
211601_TU,5261.0,138714.3945
222235_BK,5433.0,137323.7018
209303_GD,4176.0,20477.0139
216971_GD,3323.0,16580.7504
211777_SV,7058.0,49811.3962
210862_BM,1908.0,11382.4322
215862_EC,2684.0,27603.0823
222816_EC,4283.0,119377.534
210403_EC,303.0,10187.2716
210891_EC,1546.0,44854.161
214508_PK,73.0,1729.6548
220827_WT,3508.0,21009.2026
212293_BM,1118.0,8070.5262
221433_CA,3044.0,75464.7625
215925_IV,8958.0,50565.3347
210118_EC,5357.0,116146.6544
224833_EC,303.0,9159.07
220166_JN,7489.0,138427.8007
221746_CA,359.0,7097.9064
212298_BM,2361.0,7508.6333
215913_IV,6690.0,61496.3807
223930_BK,2793.0,62759.9578
221286_GD,3360.0,19127.1196
215176_BU,4175.0,45346.5311
213001_HM,7547.0,30337.3373
217478_BL,1912.0,48235.0174
208619_BK,6386.0,110885.2245
216475_BM,9525.0,222675.6251
206936_BK,136.0,3193.0638
216974_GD,2905.0,24406.1955
217554_EC,5351.0,172994.3889
221765NC,5776.0,147455.1038
223464_BM,2088.0,67986.2879
219544NC,7654.0,138565.3605
207859_LB,2390.0,6651.9698
211620_GD,640.0,4338.1243
210243_GN,4364.0,45205.7555
219251_SV,3367.0,19820.6827
223925_BL,818.0,24076.5702
225052_BU,273.0,7731.5233
213101_BK,4149.0,31454.7193
223541_BN,415.0,11406.3282
209010_PU,5619.0,19479.864
226285_BM,2369.0,119614.3308
223067_GD,2575.0,22048.8371
213756_GD,3010.0,24498.2636
211331_BM,52.0,1034.8285
170729_DN,3649.0,13919.1067
213430_LL,258.0,2368.8873
215231_PK,781.0,23294.7608
221098_SV,3146.0,17261.8885
223356_GD,2786.0,41407.5918
223642_BK,2020.0,67622.7671
211270_HM,5716.0,26843.9301
217926_BU,2712.0,63607.2337
215178_EC,6267.0,47903.979
210435_FU,37.0,263.5928
213937_JN,950.0,5167.5727
216961_CA,7371.0,176487.8988
224628_BK,1123.0,9320.7052
212532_GD,2433.0,11099.3839
224892_BK,2031.0,74957.908
213050_BK,3561.0,13164.0594
219463_BL,3028.0,47905.345
216269_BM,2833.0,23387.5093
224748_MM,1771.0,8549.1124
212651_DM,4307.0,62312.568
210597_GN,346.0,12048.532
213614_LM,3715.0,175820.7123
223269_GD,2299.0,27192.5553
208434_HM,4199.0,25102.7432
216289_BK,89.0,1344.0213
226701_MD,1.0,33.0496
212238_GY,591.0,9786.048
211835_BL,4835.0,64765.862
217552_CL,6252.0,155724.8855
211975_HM,1531.0,15703.7442
227173_DM,7.0,36.1178
210833_YL,7076.0,123600.9244
221012_SV,1039.0,42004.0126
218540_GD,1022.0,7525.4577
217690_IV,4123.0,23517.5265
1999351HM,11551.0,52329.8395
1521700HM,4675.0,26848.4478
223690_BR,2861.0,21201.4159
213669_KK,5101.0,112522.5807
227030_DB,1477.0,8507.8319
222235_BG,4089.0,100685.109
211356_DM,3930.0,64915.3134
219369_GD,807.0,4143.4987
215965_SV,79.0,395.118
217037_BG,4668.0,78541.1614
214832_BM,6996.0,66849.6111
216253_IV,7124.0,39912.7199
224386_HM,3692.0,20144.8424
211758_GN,2350.0,9005.0337
210175_NV,1277.0,18644.6104
225250_WT,1707.0,9269.7528
213656_NV,1813.0,54718.7059
219466_EC,3389.0,59015.5462
216969_BM,157.0,6632.6995
212676_GD,1.0,6.6033
211683_DM,656.0,4544.5122
213318_GD,3.0,15.6778
226749_BK,2.0,66.0992
216634_BK,41.0,1000.4793
219004_HM,5952.0,31470.8709
218040_OR,4269.0,91487.3624
213983_DN,4832.0,67038.8033
215912_IV,3896.0,32902.602
151833_LM,1869.0,21318.4095
217306_VT,1705.0,17981.7824
221713_BK,1721.0,25651.7877
210922_BM,1561.0,28573.0451
214213_HM,521.0,2423.1667
221051_WT,3254.0,39444.475
1765494HM,5749.0,24926.8608
217942_KK,3341.0,25404.1432
217677_GD,6755.0,31200.5902
210889_BM,4772.0,72845.8625
219343_YL,4127.0,25071.0906
216060_BK,7787.0,194751.185
223061_PM,2625.0,16561.0556
226519_SV,274.0,3028.871
212355_KK,3498.0,75610.9251
217191_HM,4094.0,22757.1949
2166681HM,4937.0,27259.4128
226345_BU,416.0,3070.3641
209483_EC,6070.0,114952.4855
214125_GN,2806.0,17494.4246
212647_DM,1094.0,5826.2311
224002_NM,4.0,261.2049
226487_SV,85.0,577.3747
210945_BM,7275.0,159715.1739
220442_PK,2038.0,32520.4018
218171_BK,5470.0,152518.3053
224733_BL,42.0,460.1726
221906_RD,244.0,4083.14
216620_EC,7792.0,204660.3275
210033_RD,7225.0,120345.6423
224586_BK,330.0,2398.3486
204306_BG,7960.0,197019.0134
212156_BK,193.0,4868.3094
209690_BM,1704.0,12539.6626
222687_BG,2469.0,80842.7904
209514_GD,1215.0,28162.5626
219945_BK,4462.0,114626.9416
204678_BK,968.0,22504.3696
218261_GY,2114.0,60021.259
212700_FU,204.0,4241.3718
219961_BK,6088.0,176336.1337
225198_BL,1229.0,30796.2009
216201_GY,473.0,10671.2768
218473_BK,956.0,24107.9485
213705_AN,8762.0,224242.3144
225592_BL,554.0,4360.8502
212961_BK,5369.0,52862.2029
185129_HM,5933.0,27614.0471
210652_BK,6899.0,218414.1665
222794_BL,3163.0,80708.0408
224807_HM,3407.0,40401.4108
218291_EC,4546.0,103926.0287
220776_BL,2076.0,14430.3739
207820_DM,1248.0,2897.7174
218276_YL,4313.0,46623.8286
210510_BL,5666.0,141849.487
217119_KK,1686.0,35632.0794
222830_SV,357.0,7367.3547
220932_BL,691.0,13623.8633
222524_BG,647.0,14141.5131
220902NC,1081.0,21658.9294
226896_GD,1163.0,7465.0587
208692_BL,2391.0,43345.398
222472_WT,4327.0,107774.2875
214093_BK,5399.0,111527.1752
218121_WT,3786.0,99847.0
223207_LM,1445.0,8564.3568
211239_EC,371.0,8490.0098
211766_BL,1162.0,5240.6057
225059_BN,274.0,7427.2905
213940_OW,2925.0,53020.3293
220602_GY,1591.0,35669.1846
220418DNC,5942.0,136804.9862
210992_BL,5308.0,177181.4271
140486_HM,5707.0,50852.0322
215602_BL,6090.0,141155.0558
215544_GD,3563.0,19205.5445
219286_OR,4234.0,21711.1671
215944_GD,5046.0,28931.6377
218161_PM,1372.0,11994.7553
221843_OL,630.0,3595.631
216233_GD,22796.0,271215.6355
223424_BG,1121.0,26583.041
212050_BK,2594.0,40460.5541
213998_BG,6107.0,107240.2038
223637_BU,3168.0,105435.2814
226223_HM,369.0,5193.617
216741_GD,1069.0,25029.49
219138_EC,620.0,22668.7837
221761NC,5034.0,127094.713
211306_GN,53.0,1130.5992
210334_OR,1858.0,14772.0816
222335_CA,3396.0,57019.8262
212113_BK,8891.0,234859.3465
224919_BL,1006.0,25702.2706
220742_HM,60.0,456.1611
222309_PK,582.0,8623.1143
211104_GN,1155.0,9795.4621
223895_EC,1216.0,37513.2391
222249_BK,6562.0,122226.2003
211064_HM,455.0,1836.2527
217012_EC,1334.0,32917.8356
226824_GY,255.0,8683.9107
208061_EC,1766.0,20433.9531
219437_SV,283.0,8656.221
219401_SV,3620.0,12696.8209
207560_EC,6255.0,110580.4607
224625_BK,31.0,156.901
223624_BL,1135.0,13072.2575
212225_KK,118.0,3269.4644
212542_GN,4476.0,19952.4459
220945_LL,2636.0,31907.104
222337_CA,3918.0,112625.168
223887_SV,2730.0,18955.8609
215272_FU,284.0,1844.7168
223364_BM,5569.0,178120.0421
209439_SW,7347.0,158800.5654
217006_EC,1360.0,38641.2028
211178_HM,4486.0,20620.6721
219967_KK,6097.0,168286.6148
207269_EC,3916.0,108540.7181
214607_KK,7587.0,139188.1448
214225_BK,10871.0,209395.6874
221776NC,8547.0,201839.3142
223020_PM,4099.0,30457.8364
221653_GN,2898.0,45543.3618
223832_SV,3261.0,21675.1447
222054_BM,929.0,6805.0585
213889_NV,3344.0,25068.8111
220925_SV,1304.0,6814.2489
206375_CA,14543.0,210599.2835
221837_BM,340.0,3196.9012
213858_BK,766.0,22596.9461
222662_LN,2630.0,61626.4008
212375_GY,6640.0,156399.1809
224964_BG,601.0,9487.6366
224708_BU,70.0,823.6597
218626_CA,6081.0,115312.7377
208734_NV,4658.0,77885.5586
195380_PK,2665.0,21670.0975
220583_BG,3216.0,74039.4029
215562_HM,2980.0,18966.245
219465_WT,4413.0,54946.54
210924_EC,9593.0,202864.3682
220164_CL,1635.0,24815.3328
224789_TB,3210.0,18154.2403
220304_BL,3571.0,40536.6354
220778_HM,992.0,7337.6242
217160_HM,4975.0,18609.4445
212029_LM,2942.0,59863.5174
222231_BL,6987.0,84387.8497
227247_GD,3159.0,35558.3819
225235_WT,66.0,935.7412
222242_KK,3763.0,130400.4061
209625_EC,6864.0,189366.1677
225063_BL,26.0,355.3562
223450_BM,268.0,9030.8327
213997_PK,185.0,4082.4582
219333_BM,1772.0,6624.1861
219824_GN,4305.0,78254.9382
211912_BM,5900.0,144746.5231
221097_SV,2274.0,22534.9975
221510_HM,1116.0,7298.2322
222294_BM,2986.0,51495.7975
210049_EC,7579.0,174806.9511
224310_HM,965.0,6900.9978
225619_BL,355.0,9872.231
224722_PK,1783.0,43577.775
207193_GD,3991.0,14048.6467
223447_BM,219.0,9871.7659
224963_CA,949.0,19796.8915
222934_BN,4575.0,125970.8775
220008_AN,3392.0,84680.6707
217230_BG,271.0,4458.0064
216593_CA,8491.0,197078.0522
214531_MI,3991.0,25835.1672
226675_BM,363.0,2771.4829
218165_PK,1025.0,11307.8694
221734DNC,4552.0,83107.174
221828_BM,4604.0,32981.3259
216700_BU,2618.0,9260.0421
220511_WT,714.0,20392.0953
223703_LB,1301.0,7531.5944
210641_GD,33.0,384.3731
196653_MA,1.0,8.325
220274_KK,3688.0,100423.447
210433_TB,48.0,339.1411
225234_TU,40.0,798.8604
218870_CA,6527.0,140985.4954
218591_GD,1651.0,13376.7981
198265_SV,6508.0,29484.1234
211614_GD,3378.0,20263.4343
212239_KK,634.0,5244.0675
217346_BR,1935.0,47151.7533
210841_TU,7526.0,135535.77
212569_DN,3194.0,14529.5599
214606_BM,483.0,23829.1995
211957_BM,1331.0,9615.9216
209262_GD,5842.0,36452.3636
221007_BK,163.0,4437.865
223870_BM,2491.0,70239.0328
221089_GD,1334.0,10911.3861
212823_GN,6943.0,134429.8893
217963_WT,3502.0,42498.0345
220895_PU,1566.0,35190.2494
222035_GN,3390.0,95339.3509
215359_BM,291.0,4769.145
215550_GD,3791.0,18293.7623
206005_GD,3773.0,16542.8298
221878_BK,3654.0,102421.2808
211037_HM,2430.0,12887.0627
223672_BK,5166.0,133269.4001
217057_SV,1828.0,9672.9718
223664_BU,546.0,27105.5956
212823_BK,10975.0,218627.8264
211550_LL,5812.0,76172.37
222714_EC,720.0,7684.1649
218511_KK,675.0,22921.094
213765_DM,7091.0,154270.218
220476_BL,4468.0,69733.2666
217336_GD,318.0,2281.1634
215946_GD,5061.0,28365.3796
216661_TU,7128.0,173577.6235
2154401BL,4239.0,90405.6717
209977_EC,4913.0,46668.1337
227118_GD,1.0,6.6033
221326NC,3970.0,94301.72
223774_HM,384.0,3375.871
214891_BL,704.0,21150.6157
223646_BM,3087.0,83828.4205
215532_KK,8796.0,207702.5379
221106_GD,2596.0,16573.7642
218553_GD,2166.0,12375.8788
223359_GD,3806.0,45297.0221
217215_GN,2039.0,58508.1533
222988_IV,27.0,234.2808
216919_HM,4032.0,20066.9298
219779_GD,3331.0,33474.6684
215899_IV,9366.0,112755.0436
217956_FU,1.0,16.5207
222563_GY,1717.0,20347.588
216020_BM,3350.0,66752.5287
210434_TB,54.0,361.061
205181_LM,3544.0,22162.1363
199163_BK,3586.0,142897.3602
212509_HM,3614.0,22241.6181
212830_GD,3488.0,13927.7587
219712_WT,189.0,2418.9635
217678_GD,1671.0,8971.1168
223011_PM,1443.0,10433.0731
219338_RD,70.0,1450.2087
209348_PE,718.0,5461.3968
214716_HM,3136.0,43944.7161
223433_BM,774.0,19672.8788
218036_SV,964.0,14653.666
220858_WT,4746.0,58028.9852
208062_EC,2621.0,41804.1822
221854_BM,2180.0,47597.5997
213249_TU,5609.0,134212.7319
217018_KK,7694.0,159356.63
218376_RO,827.0,7876.8196
216580_BM,1278.0,9208.6101
215158_EC,6546.0,138992.1437
213436_BG,5871.0,71935.7805
210834_EC,377.0,7385.4254
214474_BK,356.0,4597.942
214926_BK,2387.0,66798.5066
223451_BM,703.0,25433.328
213665_CA,4786.0,172772.7589
214153_BG,477.0,10661.6478
211694_KK,1906.0,42646.8126
216451_BM,3350.0,86005.4453
214811_BL,7550.0,141326.8809
222244_KK,5336.0,169710.2697
217178_BK,434.0,8859.7199
218890_BL,2542.0,71977.2745
218053_EC,4568.0,118636.3967
214250_EC,5384.0,78933.2839
216237_GD,2854.0,14725.5441
218960_BG,6534.0,123692.8526
224585_BK,381.0,2388.1395
212445_HM,5673.0,27629.0075
224315_GN,38.0,291.6059
212146_BK,4821.0,52659.2431
210725_BK,2912.0,93321.2859
216604_CA,1342.0,21101.5047
211452_BK,3463.0,99768.399
1936910HM,3850.0,29764.3617
216946_BM,1826.0,84488.472
210884_PU,2963.0,45850.9508
216356_FU,4624.0,91192.5685
216605_CA,1387.0,17924.3751
221476_BL,772.0,5942.7025
214453_BK,90.0,6423.3038
209742_PK,8319.0,238330.5695
216351_BM,3941.0,64257.6678
211309_DM,297.0,7752.9574
220853_WT,6607.0,37618.7863
212853_GD,3637.0,18573.5546
213957_BM,1725.0,3708.799
220324_BM,3157.0,12846.9018
217573_EC,1450.0,65310.444
221060_EC,138.0,3795.8785
219314_EC,5879.0,139594.0798
210642_GD,24.0,1604.7864
224538_BU,476.0,9245.3748
227234_DN,2.0,109.9009
217956_BK,15572.0,218921.7561
218009_OR,1329.0,9040.8967
215030_GY,6925.0,165048.8244
212347_GY,6302.0,108732.5726
218286_BM,1210.0,36423.5464
223874_BU,61.0,5145.7978
211467_GD,2867.0,12763.6041
223425_EC,2129.0,47018.9514
207791_LB,5969.0,27154.1689
217314_SV,2733.0,38930.4853
225076_RD,171.0,2382.5321
214447_BM,383.0,7360.8056
225653_RD,80.0,2710.9059
212507_BM,6216.0,169207.4026
211869_GD,3796.0,16495.0685
206916_SV,3097.0,18439.4872
221287_BM,3119.0,19679.0065
210443_EC,324.0,19742.1751
217616_BM,3146.0,90175.4841
212089_BK,5984.0,100528.2069
213073_BK,2562.0,15645.2704
214225_EC,9856.0,187861.6955
200284_GD,13836.0,127314.8373
212551_DN,5202.0,23418.8203
211977_TL,2479.0,16278.2092
221022_WT,5626.0,26089.1041
216307_BK,7454.0,235009.3929
211295_BK,6723.0,160409.8221
221888_CL,3578.0,26612.1586
210924_BK,12706.0,222649.6463
211308_SV,376.0,7773.3509
216845_HM,3689.0,25532.3745
214811_LL,1933.0,42052.668
222887_BK,2855.0,73216.0708
222483_BG,417.0,12863.5652
221902_EC,2793.0,74576.0318
224849_BK,516.0,10398.82
213910_GD,2387.0,10112.3051
226416_BL,270.0,6828.0908
223556_BM,5062.0,123521.6085
213254_DN,4052.0,99900.8302
212430_BM,2914.0,73695.9386
223012_PM,5142.0,38280.8182
217480_DN,519.0,4113.2878
216760_BK,581.0,24612.3186
210793_NV,1494.0,20938.6882
224339_TG,803.0,6969.1601
214675_BL,6055.0,71613.4564
220393_OR,4372.0,41180.433
223418_WT,4046.0,36937.4249
218937_CL,2626.0,28466.0894
222783_GN,54.0,1606.4397
213825_HM,1412.0,5996.2331
225278_WT,1871.0,8492.2021
216578_GN,1195.0,22932.2751
213433_BL,6320.0,56580.348
227695_BU,669.0,19880.235
207646_LL,5842.0,129814.9513
216552_FU,4524.0,58739.4606
212084_FU,1554.0,12440.5939
226212_LN,1622.0,9150.3697
212194_BK,110.0,4696.9478
222687_PK,830.0,27161.4496
216040_BK,1798.0,34853.0582
219488_BK,369.0,9603.2354
211272_HM,4875.0,29885.6886
224286_BK,1677.0,43248.7765
221647_GN,3268.0,77394.7386
222004_PK,727.0,9449.0013
213188_BG,8236.0,186318.3135
222304_GN,3099.0,103214.7114
218130_GN,1330.0,10389.9376
212021_SV,1704.0,15442.5154
221069_BK,221.0,2559.5951
210841_EC,5638.0,104008.1669
210597_PU,303.0,10608.3832
213555_RD,3373.0,50628.663
212943_HM,4993.0,18543.8766
214640_HM,1687.0,15798.2356
210441_OR,12.0,74.8728
222954_EC,6183.0,149961.2876
221778_BL,1509.0,34218.2396
222530_DM,227.0,4654.1867
216112_GD,4889.0,29796.4903
224265_DM,4208.0,30613.5561
211448_DM,3469.0,88980.1154
220486_BM,2878.0,23094.3111
219301_DM,2184.0,13728.3379
207831_CL,2360.0,27178.0768
212120_CA,4928.0,140741.2798
215598_GD,4312.0,19370.7269
212544_HM,2778.0,24127.7523
214165_HM,253.0,1704.0731
209182_GD,9305.0,107354.0431
216914_RO,57.0,459.9052
213595_BK,3584.0,98271.8908
227196_DM,17.0,84.7943
194057_DM,4173.0,18476.8457
211854_EC,5820.0,149812.204
215175_PK,6256.0,59864.0942
219577_BL,6475.0,140023.6692
213651_BU,4881.0,72564.8196
211117_HM,2108.0,16962.5271
219758_LM,1450.0,13274.4542
222442_BM,1770.0,29795.911
223999_BK,669.0,15798.6879
221982_EC,2.0,92.5688
214516_BU,4.0,85.4693
215921_IV,4195.0,22670.1564
226498_GD,138.0,1085.84
217336_SV,7755.0,43349.9298
214200_HM,349.0,1995.4176
221921_CL,2145.0,16413.2796
217312_SV,5325.0,28026.288
215101_YL,417.0,13462.8085
206548_BN,391.0,4400.7332
214403_DM,3903.0,16009.1437
211819_SK,6617.0,113480.5854
224403_OR,590.0,4386.9334
224460_CA,406.0,9250.4901
223912_RD,3233.0,37046.4355
223704_LB,355.0,2611.3891
222000_OR,1407.0,25807.8
211776_GD,3863.0,19555.5612
222235_MD,2547.0,62946.7044
216017_BG,148.0,3662.9927
176036_DN,3749.0,16366.9308
218956_BL,5271.0,77097.7107
2084190BM,5341.0,36226.7823
225229_BK,98.0,2577.7031
212362_BK,13499.0,242577.127
213739_PU,966.0,10659.8801
220779_BL,2159.0,10872.9544
208145_JN,9614.0,182121.1556
209458_SV,48.0,1401.7675
214370_KK,163.0,2726.1681
218901_BL,6515.0,33200.386
213901_HM,3555.0,15378.4716
215856_AN,9065.0,204499.097
224541_GY,405.0,4522.3267
216935_BG,140.0,4778.4112
212409_HM,735.0,15591.1112
221643_TU,3464.0,96321.7677
219206_GD,1926.0,9434.8058
213757_GD,3794.0,37838.0028
220327_BM,2868.0,31087.1182
2228591EC,1934.0,47787.1644
223293_BM,799.0,6418.0632
219979_BM,5851.0,51825.2604
217037_KK,3691.0,60225.2887
217387_SV,5527.0,28592.9336
214482_BZ,37.0,1102.9093
215559_GD,2315.0,11124.4301
221090_SV,3027.0,21793.5202
215112_TL,3373.0,15372.8188
215906_IV,6866.0,37051.4705
205169_HM,3944.0,31166.249
223687_BN,2122.0,12496.1921
220372_GN,2141.0,101417.6963
213985_DN,4067.0,36030.1915
224708_DM,41.0,456.6915
212980_HM,6509.0,29395.4929
224547_KK,571.0,7704.6995
218908_PM,3441.0,25201.6491
211107_BL,1831.0,10494.2292
169628_PH,6495.0,39571.4475
212963_BK,4204.0,45215.1292
221650_OR,1594.0,40451.662
220168_MD,5416.0,98143.1135
222946_BK,5162.0,129791.8804
224478_YL,147.0,1279.8125
224821_HM,1225.0,14795.9085
219610_CL,3617.0,59640.7971
2167601EC,73.0,3183.5668
221735_BK,1998.0,18923.2081
223318_FG,1923.0,17352.0239
211875_BK,4099.0,57954.6317
222476_BU,3420.0,77355.3259
212600_BM,374.0,20452.6834
225071_EC,314.0,10999.7601
224007_BK,219.0,4280.1218
215341_BK,3034.0,94532.5745
211459_PK,1010.0,7982.732
227002_BL,14.0,368.8744
209846_BM,4148.0,93899.3852
213704_WT,32.0,799.2422
226585_BL,70.0,806.9486
211172_HM,3567.0,41102.799
214926_OW,1086.0,27861.9327
211914_EC,188.0,3746.0391
212406_BK,4356.0,108477.3689
220168_KK,7532.0,136065.115
220412_GN,131.0,3355.5022
219450_LM,2572.0,60180.6154
220414_BM,5247.0,113497.5463
214222_PK,7796.0,173475.6539
210457_BK,6178.0,198290.2005
203837_GD,4321.0,22622.6276
223403_EC,1299.0,5982.3152
218515_BM,4457.0,114059.1647
206936_EC,140.0,3402.6736
224447_YL,1440.0,41524.0148
212051_HM,2811.0,42273.7242
212222_CA,6919.0,174456.7792
227117_OW,15.0,739.976
223876_BK,15.0,724.9322
223555_BK,6581.0,152374.265
211514_DM,5165.0,57160.9647
223329_AN,386.0,13801.0389
221084_GD,1035.0,4820.2082
211717_DM,1787.0,16157.6418
225058_WT,39.0,1203.6032
221109_GD,3374.0,30751.6961
222455_BM,2381.0,22011.5147
209885_YL,1673.0,45984.8058
211908_GD,3934.0,28861.3606
210643_GD,26.0,531.7143
212390_BK,133.0,1570.339
223872_WT,3597.0,101821.0381
204479_GD,3559.0,28936.4963
227025_GD,460.0,2788.8544
221888_BM,714.0,5258.4688
212221_KK,242.0,6018.514
210441_FU,16.0,111.5276
206791_BK,6945.0,162384.9575
211305_BK,7444.0,255608.8838
227320_BN,100.0,2988.3505
221429_CA,4926.0,125362.716
215591_MI,110.0,874.0943
212599_PU,35.0,411.5497
215900_IV,3088.0,32880.5252
213837_PU,7914.0,36798.1605
204972_PU,8665.0,80099.0759
210481_WT,4156.0,144283.3167
212153_EC,198.0,4100.3529
222924_BK,921.0,31372.881
226813_NM,0.0,0.0
217175_EC,3953.0,47887.4323
221872_GN,1246.0,55322.8874
219596_LM,4397.0,109115.201
218840_EC,5010.0,188483.6045
217981_BK,332.0,7855.8705
213728_OR,452.0,5931.7689
224942_WT,5603.0,142925.4258
226431_BU,511.0,4122.4216
218170_NV,8600.0,195674.7134
214145_BK,1955.0,7976.4702
227458_WT,56.0,1562.7863
213891_LK,1053.0,11820.2651
214156_BG,92.0,1089.9802
213424_KK,274.0,2848.2055
212049_BK,4354.0,107285.4533
218284_OR,956.0,25472.8196
208055_EC,1832.0,26135.4577
224864_RD,206.0,5156.3188
220048_YL,8153.0,247758.5177
218059_EC,1159.0,25336.2551
219959_RD,133.0,3206.8063
212722_GN,4342.0,137716.6695
220461_BM,3129.0,18092.6541
223230_BM,769.0,7553.8878
214682_BL,2374.0,37037.3337
224883_BM,1166.0,42754.7951
215602_EC,13349.0,296538.5178
221802_PM,777.0,10792.5051
213984_GD,4407.0,20246.8858
211038_HM,2568.0,11666.1367
223316_BG,3400.0,25109.8454
210931_EC,6315.0,202040.3261
221781_BK,2077.0,59819.9545
217369_SV,1902.0,9685.6895
206375_OW,7695.0,109360.3005
221782_WT,94.0,2272.1151
215247_GN,5743.0,62899.2755
219332_BG,449.0,7024.435
210443_CA,186.0,11755.506
214309_BK,1806.0,23996.059
214446_MD,199.0,3354.6956
223856_RD,2049.0,11813.6841
221103_GD,626.0,7787.6257
216786_FU,2039.0,50519.3034
211601_YL,4031.0,83248.9767
212156_GY,238.0,5468.2874
220383_BL,2224.0,23612.9977
208230_GD,6616.0,120739.8152
187623_BM,5799.0,25030.1787
219230_BM,2716.0,17729.4278
228653_BK,42.0,2070.9589
212788_KK,4352.0,73521.0792
2174311SV,4511.0,23574.234
217984_JN,6763.0,116067.6317
214709_BK,10613.0,242365.7969
219293_DM,4145.0,29702.2532
223376_KK,6055.0,70952.188
226716_MI,56.0,498.3208
212065_SV,345.0,5303.0786
219181_BL,1714.0,55211.8988
220520_BM,3239.0,87992.8485
208212_WT,1634.0,18140.0599
215162_LL,1910.0,21801.1553
216836_HM,3753.0,27849.9777
169597_FU,11688.0,61319.3689
212397_GD,134.0,2286.1458
215654_GD,2711.0,16312.8048
2158960BM,5408.0,30485.1957
222309_LL,459.0,6689.3925
214870_BK,38.0,1685.2362
211265_BK,7379.0,143435.9671
210792_NV,2826.0,57903.5854
213006_MI,4907.0,17330.5694
216907NC,7078.0,166434.3854
211847_EC,5216.0,133726.8241
219421_SV,4439.0,18228.436
176549_BK,1.0,6.6583
214448_KK,144.0,2428.2234
223643_BN,2402.0,35749.3513
222950_BL,4528.0,138088.4189
219475_EC,1321.0,5975.46
221438_BK,2372.0,35682.2503
224975_BK,166.0,3758.8117
223029_BK,3794.0,91597.0208
153795_NM,2366.0,23014.6225
213826_HM,2812.0,23082.788
223632_CA,90.0,3402.0111
223824_SV,518.0,5621.4087
220410_BM,4949.0,102349.7254
211455_OR,3999.0,29503.019
224757_TQ,1720.0,10015.2691
195269_PK,12583.0,111011.5687
210636_GD,22.0,428.6336
206910_GD,2074.0,8420.1152
221571_GD,3059.0,21298.5817
224743_BL,1308.0,15409.7121
220740_HM,2761.0,14566.4667
214122_GN,240.0,2709.659
212109_KK,1452.0,38844.3805
223619_BK,6064.0,147440.4199
226499_GD,21.0,129.0693
214131_BL,4894.0,20884.4378
210738_PK,1075.0,8441.6348
223685_TU,1102.0,8353.3583
213112_BK,3083.0,15876.5899
224629_BK,396.0,2017.7509
216833_HM,5273.0,52426.9054
212224_RD,393.0,13717.7208
219597_LM,905.0,9586.7718
215642_SV,2380.0,11056.1433
225229_TU,67.0,1672.2021
216614_GN,1057.0,7238.6066
223819_SV,733.0,6086.1806
216932_HM,3378.0,27686.8773
226289_HM,3980.0,28835.8787
215443_KK,6391.0,167751.9091
211772_GD,9905.0,97118.0053
210954_EC,6773.0,130050.3328
204705_SV,1591.0,16115.7642
223712_BK,213.0,17586.966
215565_GD,13188.0,60041.2623
222871_BU,1299.0,67120.7522
207600_DG,204.0,3745.6944
211623_GD,3793.0,33641.1215
213995_HM,5987.0,36324.2259
218658_BM,3080.0,88547.4448
216069_GD,2879.0,21552.3604
213990_HM,4805.0,20765.9334
210221_EC,986.0,5410.0658
217005_PU,4163.0,35696.7068
204711_SV,3100.0,27506.0596
209259_GD,4590.0,23328.1248
227206_DM,242.0,1523.4298
211067_PM,28.0,360.8949
224879_PK,90.0,2106.6533
223697_BM,2786.0,40254.228
214609_BM,384.0,19693.3107
224719_BK,2803.0,80250.6727
217488_HM,4039.0,31477.268
209305_SV,3196.0,25812.9006
219283_RD,3575.0,16033.1521
221248_BM,5081.0,27001.4347
224544_SK,394.0,2751.12
225053_SV,49.0,785.6561
226848_PK,38.0,3190.0723
213011_HM,5309.0,32917.4331
209336_PE,761.0,5410.0854
223707_BR,4108.0,45968.1658
226218_GD,422.0,2838.832
222477_BG,520.0,13828.9723
218006_EC,2826.0,28029.765
212756_GD,4922.0,45693.0097
218626_OW,3508.0,78032.3339
216465_FU,3352.0,70066.4199
210597_CA,569.0,19808.2487
217351_SV,1679.0,10974.871
215934_GD,8481.0,43711.5751
210347_TG,1539.0,12878.4349
224036_GY,105.0,521.3054
222563_KK,2237.0,26588.7126
210295_WT,13398.0,63200.906
226857_BM,2939.0,75342.3494
219118_BM,981.0,34017.3268
215544_SV,3341.0,15726.875
217376_SV,3174.0,38916.0593
218631_PU,137.0,3393.6232
214565_FU,490.0,18680.6188
1699943HM,3726.0,17802.7192
218620_BL,5897.0,129026.7934
216262_RD,1383.0,28873.4429
215032_BK,7696.0,165686.8408
216886_HM,5235.0,40205.5526
226607_BU,719.0,23836.2755
219298_BM,2267.0,15758.0911
220839_WT,1093.0,8146.4152
212949_HM,9752.0,45909.801
216870_BM,4970.0,56066.5129
212316_BM,1338.0,5949.2377
213980_DN,6018.0,88704.8891
216662_EC,5770.0,165793.3986
209525_WT,7160.0,145580.0067
219249_SV,3712.0,17161.9009
215514_WT,395.0,7010.8866
223191_WT,2178.0,97365.2565
218580_GD,2487.0,16986.1315
225697_BK,66.0,1728.8035
210598_GN,533.0,12875.6286
210256_BM,6221.0,141412.019
214350_KK,886.0,16544.2811
216926_HM,5301.0,34437.7336
212384_GY,1155.0,36178.1569
213187_BG,9243.0,213751.4371
218706_DM,586.0,22429.4242
212669_GD,3202.0,25495.3423
223116_PM,3506.0,19565.5213
210161_EC,6398.0,45782.3975
226998_BU,18.0,256.2874
224795_HM,3090.0,38240.3756
226994_BK,16.0,277.0613
221728_DM,1090.0,15976.1556
214001_GD,6206.0,30678.3779
219729_BK,4009.0,96024.7816
1966531FU,6783.0,46477.8597
166363_AQ,3587.0,41106.9901
210893_BK,6445.0,219992.6756
222342_GN,5893.0,126379.1734
220368_BM,3103.0,22953.0427
223241_WT,3224.0,37847.1486
206296_ID,7566.0,40282.8654
226451_BN,127.0,3199.7569
213332_GD,0.0,4.1667
211471_BM,3547.0,54213.8579
169622_FG,5335.0,34019.5337
213064_BM,4600.0,117197.6164
210804_EC,6379.0,120629.2666
209301_GD,8500.0,58146.8328
218615_BM,6120.0,43099.4792
220335_BL,3190.0,48258.4144
215608_GD,3789.0,34906.2267
212587_HM,2719.0,19120.9949
208732_BK,4880.0,84264.6204
216095_GD,4064.0,21410.657
211431_DG,6855.0,176665.755
221925_TL,693.0,4075.7394
222873_BU,1564.0,70836.7773
214117_BL,4267.0,15325.4088
218551_HM,3057.0,22035.4533
212013_SV,584.0,4600.7362
221455_OR,1267.0,11896.0332
213125_WT,424.0,11374.0834
218006_PU,2362.0,24736.6004
212978_HM,3715.0,26411.9065
224533_KK,22.0,601.7662
212289_BM,2295.0,9923.1689
216347_BK,13137.0,249388.8883
217637_SV,2831.0,11439.3828
221562_BM,1336.0,16342.1025
212083_OR,3707.0,22654.8449
213136_BK,7258.0,25589.4784
214558_BK,3519.0,23075.8618
222989_HM,54.0,365.2246
226356_BK,3.0,78.5414
221926_AN,3457.0,53704.888
210868_HM,2381.0,25015.0655
213316_GD,1.0,3.2975
223931_BK,396.0,6728.0139
202480_DM,3122.0,11847.1021
226741_NM,0.0,0.0
221591_BK,3913.0,104290.4188
216359_PK,2957.0,21996.9183
216368_FU,4512.0,61958.3617
215825_GN,80.0,813.6899
218377_RO,976.0,9534.7971
210439_BL,81.0,443.6805
211204_HM,2971.0,15389.4723
217395_SV,1782.0,12098.6792
224727_HM,2411.0,21821.6785
221348_NV,5006.0,102885.9867
210443_LM,185.0,11207.6918
197610_MI,4734.0,22721.6318
209342_PE,714.0,7336.1843
206648_BM,4220.0,125702.2854
220844_WT,6119.0,45748.091
224961_WT,1625.0,38525.2413
210029_GN,2392.0,17475.9466
222267_NV,4084.0,71326.2111
212062_BL,375.0,8270.3356
219772_GD,3996.0,18157.3233
217422_HM,3745.0,14234.3433
213471_OR,3547.0,67472.1846
216999_BG,3756.0,21567.4137
2020844HM,5916.0,30504.4875
214221_BK,15014.0,350139.4297
219098_WT,3066.0,63968.7833
211930_PM,3433.0,26594.2369
211903_PE,2736.0,36079.893
219470_BM,1347.0,46835.7591
224476_SV,85.0,786.7654
212564_HM,2719.0,17460.9131
217180_YL,4286.0,38819.6237
217148_HM,3006.0,14518.1993
214140_BL,2938.0,39661.2159
223348_BU,468.0,11816.4926
210176_LL,766.0,7976.6024
212443_PP,3783.0,17056.8331
219221_BK,1738.0,13074.4104
210899_BN,9770.0,193297.7646
215503_GD,2492.0,11917.2441
220132_WT,4411.0,115060.3293
222949_BG,1362.0,26188.1348
221110_GD,2080.0,15347.6694
212654_BL,4039.0,87114.2061
224231_BL,75.0,1791.8654
215542_GD,3557.0,26575.8919
224902_PK,811.0,8319.2479
214216_BL,2692.0,23555.955
216661_EC,8667.0,209034.6256
215617_SV,2509.0,26026.2951
222227_WT,4049.0,111202.1657
220390_GD,4638.0,32511.535
212647_HM,6036.0,26880.1377
226494_GD,2.0,16.5124
213804_PU,2294.0,10488.7133
211873_LL,5732.0,121373.064
2011650HM,5121.0,31544.5029
217660_GD,2217.0,12599.2654
219247_CF,3501.0,30511.1305
213739_BM,2831.0,21640.571
214191_HM,348.0,3092.7065
221771NC,7779.0,170265.2579
216641_GD,6606.0,32641.2678
214137_GN,38.0,314.4315
224722_BK,3165.0,79177.1634
223003_PM,2426.0,18723.1139
223837_SV,2208.0,12720.7172
224970_BU,637.0,15335.8408
214126_FU,5460.0,26557.6023
213752_GD,2550.0,23685.2709
218590_GD,2190.0,25977.7336
211776_SV,1044.0,6227.5368
221200_PK,885.0,10192.1881
224593_BK,43.0,574.8571
219244_GN,3040.0,62677.8573
220865_WT,4302.0,19507.3315
209319_GD,4598.0,16966.4337
221444_BL,2632.0,20036.9356
221560_GD,1521.0,9036.1175
210955_DM,409.0,6188.2095
225639_PK,233.0,1296.3064
217026_BG,5711.0,139363.0472
216565_BK,7984.0,189261.4201
219787_BL,2551.0,42531.6543
221046_WT,8847.0,49384.9244
224528_PM,17.0,185.2941
219047_BM,1823.0,22200.1089
211655_BK,14478.0,392534.4005
214222_BL,8338.0,190858.5799
217053_DM,4030.0,26892.6501
202647_GD,4692.0,39460.5004
209932_SV,2673.0,18620.2032
220835_WT,933.0,10258.0268
223401_BM,299.0,8296.0793
169620_NV,5864.0,39695.2231
227885_BM,176.0,5277.0469
219596_DG,3376.0,95181.7827
223741_SV,730.0,6041.3227
216784_DM,1659.0,60426.1404
221095_SV,1097.0,6939.6534
223389_BU,463.0,12798.7378
216598_DM,3322.0,18661.1235
223477_DN,2614.0,38031.0087
209717_GD,4081.0,19374.5641
212224_WT,366.0,11466.2643
221126_SV,1280.0,7248.0419
220891_EC,5341.0,134511.88
211814_SK,6736.0,148824.328
209334_SV,2446.0,10630.4323
208211_WT,3027.0,30865.0834
219275_DM,1856.0,19027.2985
227886_BM,130.0,3912.81
212624_BL,8045.0,176062.6616
208144_EC,10804.0,193618.9686
209606_GD,3259.0,27838.875
210344_BK,786.0,31531.9067
225141_WT,117.0,2590.3156
211706_BN,588.0,19519.9573
224784_EC,1343.0,84916.6985
220568_BG,4242.0,125941.0017
214602_BG,6369.0,178350.6081
223286_BM,307.0,2265.8166
223954_GD,525.0,4737.9301
209299_GD,4346.0,21154.675
195320_EC,64097.0,1028793.7561
212008_SV,3568.0,27163.992
212788_BK,6482.0,138120.9942
217237_NV,10879.0,308534.3929
209324_SV,4001.0,19392.0054
210327_WT,5525.0,39930.4474
214445_KK,428.0,9747.6095
166363_KK,15797.0,178913.4739
217321_SV,6606.0,64603.1496
223802_BR,2589.0,14464.3308
217408_GN,3474.0,50921.251
222891_CA,471.0,12752.1787
220568_LK,2632.0,78656.7645
218670_BM,1246.0,40534.2705
209316_GD,4605.0,31974.4954
214180_BK,2387.0,59194.7807
224945_BL,1991.0,53684.1362
212226_BG,231.0,5632.6165
209179_GD,6258.0,25977.0902
169607_PE,2849.0,15022.5497
211813_BL,5260.0,89874.7314
210341_BM,5918.0,41387.2986
224420_BK,36.0,906.5531
216355_BK,7687.0,191334.7574
226316_BK,9.0,252.559
224088_BU,191.0,6883.717
212580_PK,405.0,21362.8309
215400_DG,236.0,6345.624
223671_TU,1268.0,63484.0313
217253_PK,256.0,3641.2416
222078_AQ,4937.0,50817.8552
223326_BM,945.0,7157.6248
218166_BK,356.0,11437.7648
215525_BK,9112.0,263883.9038
209072_BL,3917.0,46748.2096
224014_BN,119.0,4015.9443
224843_BK,792.0,9262.2726
221827_BM,5026.0,44846.1639
216620_BK,8730.0,232535.5386
218040_EC,5506.0,125359.865
222673_EC,67.0,1785.9228
219078_KK,5584.0,82519.5449
224798_TL,2165.0,11934.6551
218882_BZ,7670.0,118643.1888
215543_GD,6078.0,26677.1416
216590_BN,364.0,18041.2562
221858_EC,2603.0,38128.0717
209981_EC,4417.0,49945.2538
171613_DM,4140.0,15284.5082
212534_HM,2241.0,12389.3289
224994_BL,478.0,4274.6849
210152_EC,4251.0,62608.9912
227060_WT,299.0,11032.3832
217978_GD,3910.0,85664.0788
211059_BM,30.0,462.2854
211761_PK,1401.0,6826.9089
215953_BK,1583.0,12379.4167
224660_GD,271.0,1955.4427
225101_WT,4811.0,138983.3886
222083_BM,3736.0,27833.1984
224071_BM,190.0,7290.9403
212012_SV,3571.0,16075.3561
221798_BM,1169.0,32301.5019
209250_SV,4077.0,21720.158
214886_GY,5282.0,56694.67
224406_MV,4219.0,30362.2183
219019_NU,2641.0,64864.8689
209927_GD,8585.0,59680.3431
212916_BL,7470.0,173080.9613
218664_KK,524.0,9446.1614
221624_OR,4357.0,106800.2136
223485_TU,213.0,6981.678
221591_EC,2957.0,76140.8027
216472_GN,2.0,59.4876
214247_DM,1751.0,8545.1074
214346_BL,3900.0,55261.0274
223127_EC,1714.0,46008.1784
218398_GN,4608.0,106467.2434
213704_AN,4860.0,119121.7874
226891_DN,1369.0,15491.0125
227483_BM,187.0,9260.0089
211201_HM,4480.0,28648.7633
209328_SV,1515.0,8480.4177
216342_PU,1663.0,45743.4289
216385_GD,2651.0,15065.4429
212997_GD,1383.0,12189.2186
201841_BK,6415.0,44552.2994
209323_GD,7097.0,47018.6076
214528_MI,2507.0,31009.3506
220738_GD,1064.0,7341.0659
215222_BK,147.0,2657.5208
214006_BG,101.0,2503.6685
226892_DB,1245.0,8979.7672
211693_DM,6303.0,122687.2447
212156_GN,239.0,4939.0683
212796_GN,4701.0,69834.0029
140428_BN,22.0,176.5429
224892_CA,1460.0,52759.1485
222950_BK,3055.0,95599.1353
220329_GD,4012.0,34772.072
224972_KK,482.0,7415.8141
207972_NU,4965.0,75046.2637
221478_BM,2713.0,68230.4992
211926_PE,2355.0,28450.8066
224470_GN,122.0,1334.5676
217651_TL,194.0,1964.192
217420_HM,3290.0,20532.2001
203830_SV,6147.0,32326.602
213077_BK,14204.0,67777.1054
211646_GD,12221.0,146932.6447
214249_KK,4573.0,76472.3601
218186_EC,1654.0,44249.2096
215014_PU,402.0,15996.3138
216983_GD,3215.0,13000.0957
213601_OS,3475.0,77232.5581
216740_GD,56.0,1828.4138
225149_BK,220.0,5228.0503
212577_EC,4172.0,56645.4231
221102_GD,367.0,2640.847
211613_GD,636.0,3916.4771
219482_EC,2747.0,49583.199
209705_HM,3029.0,26570.9673
216913NC,4439.0,71748.8871
206414_HM,1372.0,30925.4545
222223_BG,4281.0,120923.9253
215459_BK,79.0,887.971
212156_BU,184.0,4682.9655
212810_BL,220.0,3168.0085
218303_HM,573.0,3018.4701
224442_DM,189.0,4423.8431
211200_HM,444.0,1137.4475
218475_BM,3699.0,33687.8878
212704_TU,4426.0,122717.6592
221088_SV,1117.0,13370.6746
212159_EC,369.0,10824.3538
222902_BL,8608.0,192617.4772
223787_WT,810.0,9655.6698
214878_HM,2552.0,22210.9849
1586852FU,6436.0,28173.9968
208711_PU,4390.0,50809.8323
224301_HM,2672.0,38564.3584
222260_NV,7079.0,182130.0317
212302_BM,2147.0,7729.5532
214425_BM,4712.0,97510.7672
224892_NV,1789.0,65251.5092
226369_BU,93.0,2264.2359
212120_BK,5914.0,171448.5405
217166_CA,5447.0,179725.9913
219599NC,3521.0,63222.8884
212942_HM,2034.0,6471.4319
219967_EC,3132.0,87667.8492
224906_BN,3766.0,102960.4928
212472_FU,7856.0,158540.0431
209265_GD,11375.0,46822.9331
206249_DM,4745.0,51142.597
227060_BL,180.0,6600.1428
224662_GD,1153.0,13343.3006
225274_GD,1709.0,9210.6001
216201_MI,2730.0,64049.6435
213471_GN,2255.0,42987.4259
209015_GD,4689.0,32782.2208
219167_BM,2588.0,10852.2117
211309_OR,189.0,5196.7578
214480_BM,164.0,5066.3633
216399_BM,256.0,7300.3862
210952_BK,6237.0,156550.5178
220089_JN,5573.0,145983.1026
227070_GD,13.0,288.0045
212823_TU,7856.0,155849.1579
221196_BK,2304.0,27231.1286
210737_HM,2595.0,15968.1603
222360_BL,160.0,5445.8265
212062_SV,377.0,8485.8445
209473_GD,8523.0,51162.2982
222953_TU,5849.0,140181.4322
217930_RD,3406.0,50675.7688
216201_BL,502.0,12182.0026
223930_EC,1374.0,30881.3916
220889_SV,58.0,469.7254
214629_BM,5258.0,124539.6805
219406_BM,2724.0,13197.1943
223920_BK,1344.0,24115.9623
224595_BK,2151.0,30809.7291
222293_EC,3045.0,53468.545
221476_BG,692.0,5520.8187
221193_PK,1228.0,18487.1475
216662_TU,6684.0,187267.7098
2156411HM,3048.0,22275.6204
210439_OR,40.0,247.696
211095_BL,3370.0,19315.9759
212191_BN,207.0,3337.9842
227265_BK,433.0,8717.9513
224403_DN,799.0,6104.1756
210343_LB,6413.0,33473.398
215607_GD,4538.0,40797.71
1940571HM,2376.0,15845.8288
226978_DM,1706.0,12431.0426
212709_HM,3887.0,24103.0635
217693_IV,4155.0,24189.371
158685_MT,4620.0,16962.9199
212222_EC,5943.0,151736.6344
199935_PH,3813.0,18853.9089
222066_CL,4411.0,33619.4222
218177_EC,9301.0,181651.7674
208693_WT,3205.0,53084.9076
210295_SV,4741.0,27009.6074
219552NC,7199.0,150877.0688
1586852MI,9583.0,36393.2341
220783_YL,1680.0,9817.1975
197623_TL,8092.0,41425.1405
211834_EC,7620.0,230569.4254
226701_BU,1.0,27.99
221882_AQ,6141.0,46683.5906
224657_GD,4021.0,18044.604
216433_GD,38.0,2382.3189
226485_GD,343.0,2934.8973
222474_BU,2328.0,58446.2371
216582_EC,1255.0,9022.9762
220444_BK,2717.0,36881.4958
217308_SV,4300.0,30129.6776
216957_BM,1427.0,66717.2235
211437_BM,4128.0,41125.1524
220147_EC,9009.0,166757.0125
211091_HM,458.0,1240.654
214811_NV,1895.0,41309.9876
2063050HM,3795.0,35942.6028
223124_PM,3514.0,19987.1877
216293_PE,2707.0,17182.3566
209327_SV,2316.0,10359.6696
212700_BK,4967.0,109613.1127
212700_GY,205.0,4596.9333
227018_CA,1.0,12.9569
220907_WT,6356.0,36680.7333
1586853DM,4996.0,28613.5253
212988_HM,4619.0,46360.4232
214206_DP,528.0,1976.1628
214923_BK,208.0,1660.912
216221_GD,957.0,8937.8588
220869_PM,594.0,4087.6725
222443_PM,2795.0,40888.383
226395_BU,196.0,1442.2731
218954_CA,4867.0,132187.2032
223425_BK,2839.0,62046.5574
216842_HM,2093.0,12473.9918
210243_SK,5001.0,58606.231
220787_BM,3732.0,16407.8902
222309_YL,417.0,6112.034
226515_BG,1.0,29.7438
223466_BM,269.0,5287.8002
219033NC,5598.0,149481.6149
218894_OR,2134.0,38259.8338
224384_MT,2482.0,17880.5996
222896_EC,3159.0,91911.8457
221982_TU,2.0,92.5688
210785_LN,3398.0,18148.8007
217402_SV,4098.0,21200.4008
218309_GD,498.0,7049.3544
215601_SV,3000.0,16608.532
212843_BM,59.0,298.4378
212952_HM,4892.0,43782.0974
221058_BK,145.0,4797.1173
216207_GD,1075.0,8703.6226
217054_DM,4605.0,28177.7212
212307_BN,6953.0,91326.8692
216218_GD,5825.0,42135.3777
211413_OX,5336.0,25668.5075
214446_BK,147.0,3686.9572
210977_BM,240.0,3710.8188
220838_WT,3697.0,21158.5101
166730_FG,4811.0,32906.358
218010_BM,1959.0,13409.7702
217172_RD,1737.0,32169.8484
212279_HM,1895.0,13107.0016
220856_WT,6105.0,34546.8119
211299_BK,4394.0,62201.921
198393_HM,3694.0,20040.1956
223839_RD,856.0,4879.6181
213836_HM,1808.0,16401.2585
221235_BM,2628.0,19329.063
219682_TU,3204.0,53009.3453
217466_HM,1471.0,11580.6543
222889_WT,476.0,24229.4027
212974_HM,6055.0,31223.939
214063_BM,4773.0,25551.8165
219051_GD,1181.0,14708.9301
218478_AM,4013.0,27369.7364
217339_SV,3453.0,18433.4239
215561_SV,3336.0,21347.0734
211615_GD,2230.0,14891.2205
212095_BK,3392.0,59108.8037
226693_KK,1.0,33.0496
215542_SV,4317.0,30939.5752
216326_IV,7103.0,62633.9754
215610_SV,7253.0,75122.5968
219412_EC,3751.0,96761.8337
214526_MI,7586.0,51529.2194
211813_KK,6740.0,101558.6427
222434_BM,1674.0,42396.6335
221760_BK,3053.0,57289.428
220151_CL,581.0,10567.3579
224859_RD,289.0,7226.5619
212039_WT,1534.0,40072.9149
219390_BM,3499.0,18365.8443
211624_GD,5969.0,31492.2863
222427_CA,4480.0,70829.0192
210547_EC,1822.0,50503.5537
216689_DM,5032.0,25677.0677
208361_BG,5993.0,133830.3789
213705_BM,2929.0,62658.6721
212081_NU,2595.0,36959.2822
206908_GD,3473.0,28756.2888
212504_PK,3347.0,23359.8937
213125_BN,203.0,3683.4021
217234_BK,878.0,15531.1736
1709383BM,5093.0,38061.2934
221037_WT,7851.0,44955.962
213434_BK,701.0,30426.7084
206383_FU,7650.0,89395.8083
221519_BG,2660.0,20018.5006
211643_GD,19202.0,106378.8383
226451_BK,147.0,3727.6792
209756_OR,2075.0,29156.9128
218460_EC,12743.0,235479.9067
224436_CA,63.0,1387.7003
208230_NU,6715.0,134983.3911
215529_GD,690.0,8128.5351
211535_LL,6242.0,47144.7137
224140_BM,27.0,941.2786
212244_BL,2298.0,7925.0321
213294_PK,4833.0,106382.4583
1765499BM,3493.0,11296.1614
209317_GD,5434.0,28473.5436
218734NC,5982.0,127308.4946
218571_GD,2633.0,14451.0195
207649_JN,5719.0,134473.7612
220008_KK,3971.0,100165.709
212226_RD,232.0,5988.2642
217237_BM,373.0,9642.0587
217431_DG,2555.0,21921.5347
209638_BK,180.0,5159.2262
222681_BM,5976.0,161088.3964
225623_BK,290.0,7215.0388
221818_BM,6246.0,62930.0009
207403_LB,5947.0,56964.096
212020_SV,3241.0,15300.1426
216457_WT,5498.0,129839.3205
213864_PK,1712.0,36834.337
221629_BM,6107.0,155943.0723
217247_OR,909.0,9832.7558
220001_LL,341.0,7605.9129
219106_BK,2372.0,23060.0432
214892_YL,2561.0,121279.9647
220348NC,3946.0,102353.7463
209010_GD,16309.0,83658.5184
208038_BG,5840.0,129832.0195
207047_RD,1722.0,48119.4588
209691_BM,2338.0,16635.0912
221871_CA,1908.0,68441.9762
227888_BM,104.0,3722.1358
221195_BG,1721.0,24952.7258
208141_WT,279.0,3377.7918
211603_BK,2094.0,66715.2941
214248_TU,8042.0,162816.3932
222024_WT,1881.0,42067.267
215639_GD,4735.0,33594.8764
220822_WT,3966.0,40133.5948
219957_CA,3360.0,91486.1844
220805_WT,3937.0,28614.249
215678_BM,303.0,8638.7724
212271_BM,6092.0,121902.0125
220391_GD,2117.0,19190.2275
216076_EC,1746.0,46877.761
219714_BK,390.0,11773.7747
219106_CF,3726.0,32852.1773
218315_HM,367.0,2162.8984
220945_BG,4750.0,59011.8397
210301_BL,5.0,26.6249
221115_SV,338.0,2812.7646
222341_LM,1821.0,39279.6397
220140_WT,2933.0,30025.0851
214637_BL,5.0,59.3555
213741_GD,2884.0,21704.1388
221746_BK,17083.0,357276.6444
211550_BL,4210.0,39205.079
219378_BL,479.0,11747.4883
216760_GD,431.0,18388.4252
227972_BN,149.0,4044.4326
2113652BM,3274.0,35674.5814
213704_BM,4927.0,124871.281
224954_GY,5202.0,110820.5444
214924_MM,36.0,132.3921
223775_BK,419.0,14620.4779
217694_GD,2719.0,25878.7707
219144_HM,4135.0,18140.2477
214253_BK,7308.0,171876.4919
219860_BL,1403.0,17034.2177
214220_BK,7699.0,192074.1471
212685_HM,3841.0,26386.9219
210511_DM,4235.0,80274.0473
220303_GD,5460.0,27467.8989
196476_BK,8241.0,42577.7888
206296_HM,7961.0,42198.207
221270_GD,4081.0,36049.7867
227140_WT,2296.0,62545.0079
216306_BK,7629.0,255280.2947
218823_EC,569.0,19927.7482
223885_SV,1017.0,7639.6198
214280_AQ,5775.0,93916.2906
215215_GY,1732.0,34514.2342
217152_GD,5143.0,60586.8844
1667302BK,6103.0,42874.8571
216359_CA,2421.0,17347.4373
219549NC,6765.0,132026.783
218223_GY,1810.0,53034.456
208611_BK,16028.0,291548.2302
211254_HM,3400.0,22745.0711
214438_BK,9829.0,226648.457
1966531LL,5811.0,38544.9879
217011_EC,1486.0,43686.0046
219485_BK,373.0,10068.1335
212658_OW,2738.0,52428.0076
223635_GY,4338.0,110850.0603
227517_PK,1.0,9.4307
223535_LN,396.0,14014.0861
211846_EC,4873.0,133493.5432
210435_OR,27.0,173.8714
1716131HM,5656.0,18979.6524
226609_DM,45.0,707.3666
215246_PM,6293.0,43650.5074
226812_NM,0.0,0.0
215486_SV,297.0,2891.042
221884_CL,2072.0,11648.8201
222003_CL,2025.0,10796.446
212029_BK,6018.0,119306.9518
223633_BK,1183.0,39063.8655
221228_BM,3050.0,46630.2823
209697_FU,4040.0,86342.2343
209059_GD,6048.0,56581.0216
212804_DM,552.0,4337.6367
227798_BM,13.0,510.9731
222952_BL,4954.0,136884.8092
210213_AQ,1192.0,11740.6279
209313_SV,1439.0,7717.4448
214105_BK,5770.0,67596.5637
221651_CA,3350.0,57983.8455
222480_BG,335.0,8345.4031
223932_OW,663.0,20706.5329
195997_DM,2060.0,6796.5193
210167_RD,1309.0,27640.6742
218324_HM,1297.0,12024.8166
224514_SV,1366.0,7433.556
217154_GD,4806.0,37634.4404
211555_LL,6270.0,46086.5072
219337_EC,2095.0,46506.8659
223873_TU,2593.0,80028.4876
211679_BM,1386.0,10771.696
217998_BU,1129.0,14955.4586
219886_BG,2798.0,79006.5005
212617_KK,6328.0,145130.1285
212133_CA,74.0,3307.6399
221985_BM,1116.0,9178.3068
2139261MI,1810.0,4365.8316
216443_BK,7843.0,194850.4374
211881_PM,2619.0,35223.4458
207808_AU,5391.0,27327.5421
205815_SV,1679.0,14370.1866
214004_GD,4749.0,30201.641
216587_TU,7118.0,118039.7552
219973_BL,5962.0,27480.4694
214580_MI,2456.0,20051.7306
224899_KK,400.0,6207.5523
1934670HM,11715.0,69950.5194
216884_BG,4218.0,34097.5016
221221_BL,3804.0,90891.6843
222251_BM,97.0,3178.6981
222895_BK,2939.0,75916.2491
212375_EC,7201.0,152889.7289
217230_GY,5185.0,115780.0156
216042_BK,723.0,12839.3006
213933_BR,1130.0,3786.0691
216893NC,6851.0,175777.593
226343_BU,569.0,3175.4523
226296_HM,561.0,4186.7095
217296_SV,4832.0,48822.5238
212479_BK,147.0,1111.4879
217007_GY,469.0,11771.6328
216367_GY,2936.0,61434.9191
212208_HM,3458.0,16963.0447
218541_SV,1771.0,7214.044
222898_NV,459.0,12541.6597
220332_BL,3406.0,29004.574
214621_BK,102.0,747.2725
222190_DM,3808.0,37353.2022
223281_GD,3247.0,30246.1134
220385_TQ,3953.0,37422.667
212295_BM,2205.0,9641.3888
217325_SV,6448.0,36757.1695
213668_YL,339.0,6841.0292
212851_HM,1390.0,9092.617
226426_BU,518.0,2773.7302
210333_NV,5302.0,29931.3208
225029_BK,99.0,2490.4538
224389_HM,68.0,472.6915
209853_BG,3258.0,133099.8062
211820_BK,7464.0,167587.3236
217545_SV,3365.0,23386.9719
218363_HM,809.0,4038.1249
223216_GD,677.0,3405.8167
222328_CA,2035.0,69155.1112
216230_GD,3999.0,34806.3793
213473_YL,4412.0,97323.7784
226234_BM,64.0,2435.4333
211902_PE,4268.0,37886.2991
226481_GD,526.0,4434.3174
209265_LB,1058.0,2691.203
216429_GD,126.0,2928.4635
225607_BM,1019.0,28366.8601
224785_BM,2622.0,52310.4047
220019_BM,6668.0,24242.9866
218280_CL,4354.0,52633.1381
209927_HM,5663.0,37793.1147
225035_GD,24.0,323.6629
217272_RD,1848.0,21853.4961
217451_HM,3144.0,25693.9313
221677_GN,3931.0,69346.2435
212645_LM,5791.0,198504.0947
212790_BK,13835.0,365797.5578
213829_CA,6066.0,141527.06
209412_BL,3873.0,52527.7264
172276_TQ,6671.0,22670.2182
211105_WT,679.0,6108.5033
216758_GD,520.0,13488.2057
220613_BM,2920.0,17319.3827
218541_GD,1302.0,7305.2219
210404_LM,267.0,4177.7059
210200_BM,7611.0,158578.1989
217415_HM,6009.0,23945.7123
210850_AU,2133.0,24889.0953
211271_HM,6094.0,30901.2565
215435_BG,2775.0,79948.2517
220509_EC,6250.0,152241.0526
223321_WT,1098.0,18345.4631
209773_BM,1649.0,33521.9204
222276_NV,1309.0,22383.3462
217279_AQ,1232.0,8556.3006
220274_BG,486.0,12586.9888
224482_BU,647.0,4624.3372
211266_HM,1677.0,8710.5061
210836_BM,1106.0,17732.9714
220909_WT,2455.0,19161.8265
216760_SV,451.0,18963.9823
213965_DM,3171.0,67065.7389
219090NC,4454.0,105119.1154
226391_BG,230.0,1543.3851
207646_BL,6617.0,153146.599
215020_CA,552.0,12468.6671
215456_EC,5726.0,94900.8713
214132_BM,6775.0,35396.4697
210442_TB,22.0,137.5288
213164_KK,167.0,3741.7253
224608_BK,2506.0,18627.4103
203236_HM,6096.0,38230.2504
218645_BM,5637.0,109316.4511
221618_HM,2638.0,31762.0599
215498_SV,1526.0,8216.629
223865_SV,1077.0,8553.5343
221435_CA,3826.0,62586.4716
209768_GD,1335.0,31782.0956
214647_PU,58.0,759.299
228005_GD,244.0,1286.4571
224000_NM,5.0,365.813
224555_BK,1088.0,26112.9881
221100_SV,4458.0,25823.5987
210419_BN,1723.0,18598.6765
214251_EC,6729.0,107676.9708
223998_BK,970.0,24577.2211
224564_BK,3510.0,35916.5327
224439_BL,424.0,14747.2539
211987_HM,3311.0,16214.4119
219534_WT,103.0,5331.1214
212577_TU,3662.0,49436.5251
214529_MI,4434.0,40362.8588
220394_CA,2069.0,36364.2352
221120_GD,2804.0,15836.4071
222699_WT,1310.0,40866.2836
224602_GD,2200.0,12390.0061
218888_GD,14982.0,221922.6847
212241_GY,301.0,2392.0117
222693_BM,2092.0,76502.8149
219442_GN,4817.0,117583.6627
214886_TU,7028.0,88493.4419
212970_MI,4916.0,17927.2285
223537_LN,320.0,11460.1335
215894_IV,4600.0,32456.611
217228_SV,1271.0,29797.2852
212153_FU,207.0,3850.1564
212437_GD,4727.0,22599.8206
208713_GN,3511.0,38783.5215
213705_KK,13401.0,337192.8712
216412_GN,1511.0,40358.5211
224870_BM,520.0,19828.6532
212521_LB,2165.0,7759.0945
140486_NV,3859.0,34585.1836
224871_BL,64.0,1773.9982
179566_SV,87198.0,453135.6556
212557_RD,213.0,805.6124
216527_BK,115.0,1446.5357
221017_BK,1124.0,28051.7782
217350_BK,4499.0,89164.1115
214196_RD,399.0,10914.2096
201255_IV,10943.0,61278.166
223449_BM,185.0,5021.4476
214979_BN,3758.0,94006.6585
212654_RD,6753.0,143992.6457
217244_PK,1059.0,6864.5883
221732_WT,1909.0,23023.3984
217213_RD,74.0,628.874
212322_BK,8053.0,199093.0352
216606_BK,1294.0,17553.284
214309_MD,1021.0,13486.8719
226715_MI,112.0,909.5943
211917_GD,9296.0,77012.0874
212523_PU,4226.0,87666.843
224017_TU,1363.0,31194.4828
216671_BL,578.0,15805.8091
218177_YL,6599.0,124913.3704
216550_BL,5773.0,95894.8671
217900_BG,4263.0,30302.3146
211971_HM,3895.0,30770.4256
204971_NK,4020.0,35338.2294
212996_HM,5110.0,30129.8612
224416_EC,7.0,178.9818
223330_AN,284.0,9163.7765
219888_BM,4492.0,138397.3361
211107_RD,3093.0,12253.9617
218054_GY,1344.0,37965.6849
211262_HM,4254.0,19604.9575
211694_LM,938.0,20344.2319
214370_BG,254.0,4903.055
1914051HM,8014.0,44876.6107
222738_NV,1180.0,33545.6987
211306_YL,58.0,1265.4776
217662_DG,928.0,13710.5779
221633_HM,1666.0,20002.6599
166363_CE,2940.0,33903.8328
207269_KK,2217.0,79042.7207
216314_IV,6121.0,41605.4562
218114_PU,2560.0,47125.9459
212095_KK,2907.0,49045.0666
217834_BN,2415.0,65302.5146
224238_BK,1017.0,31193.2242
209729_BK,8202.0,224785.7192
215317_GY,3686.0,115906.0249
214602_BK,7417.0,204062.1685
222287_BM,8193.0,209748.3763
220048_LL,11428.0,341374.8279
211880_LM,4.0,43.3
219085_NV,4300.0,152387.4251
214579_MI,3484.0,31916.9573
210788_CA,6958.0,151811.8783
218046_BK,357.0,7240.9423
224418_EC,8.0,235.704
212308_EC,6599.0,132675.7415
226454_PK,1233.0,27828.7948
223666_BK,147.0,3755.2313
220354_CA,11304.0,208218.1997
215017_BK,3051.0,34236.5372
214532_MI,4459.0,48236.1896
183569_GN,3914.0,21889.1023
226587_GY,525.0,12389.2588
224968_DM,434.0,8467.9559
216478_KK,3313.0,106148.3135
216430_GD,430.0,6942.4516
224819_HM,1269.0,7473.5153
215119_BK,318.0,8093.5977
224960_BL,876.0,20176.6131
216445_TU,6293.0,138676.9143
212992_HM,3742.0,30197.2056
216879_BG,3851.0,48709.104
224766_BK,2092.0,24200.9728
224969_DM,1032.0,14017.643
151833_BL,15852.0,184951.2213
218888_EC,6727.0,104016.2026
219955_GN,2219.0,77324.2907
221083_GD,2852.0,16241.0787
210233_GD,17534.0,77121.3158
215464_PK,3986.0,60200.8776
216496_BN,224.0,5246.5757
211109_HM,2364.0,16816.7149
223895_BN,2145.0,66066.6867
206411_PM,971.0,26837.2884
222813_BL,1754.0,60389.2122
218158_PM,471.0,5423.9822
221291_GD,2661.0,14704.3252
212792_OR,574.0,31095.9689
219543NC,2879.0,60567.0164
209060_LK,1717.0,8982.2104
211309_BK,184.0,4865.8195
217379_SV,5468.0,23444.5783
212761_PU,4028.0,60472.9473
221606_BK,1556.0,47626.0845
221069_BL,140.0,2082.6997
214228_LL,3987.0,79009.8629
223060_GD,888.0,8134.7416
224127_BM,1629.0,47393.9437
215159_MI,3393.0,76010.3253
227207_GN,2.0,16.5124
222438_BK,1916.0,28381.9134
209926_SV,6526.0,33175.206
217915_BK,7862.0,179956.7592
177781_LB,3178.0,12872.4861
215041_YL,734.0,30090.6113
215999_KK,767.0,26566.1327
208708_WT,2762.0,61963.5335
222904_BK,2714.0,75969.7835
220819_LB,852.0,14731.9112
222594_BG,1883.0,68451.9019
221869_BU,1075.0,32828.7366
225169_SV,364.0,2038.4349
226528_GD,487.0,3321.1541
214187_DN,572.0,2265.0988
217359_CA,7076.0,179129.3033
212211_WT,346.0,6293.4508
215009_GY,128.0,10734.2462
219376_BM,2286.0,20808.7902
214360_RD,1409.0,36867.4573
225027_GD,34.0,453.2588
224922_WT,11434.0,205148.1577
227038_DB,1013.0,5357.4186
221144_BM,6277.0,53173.1416
210645_BG,27.0,442.3105
202704_BU,862.0,7969.9118
222779_BM,82.0,3177.5526
223033_BK,1635.0,23708.3174
215047_GN,3810.0,80724.6823
209505_SW,7325.0,174788.8994
220393_BL,4603.0,43247.1312
216572_BK,2774.0,72475.846
208709_SV,3541.0,67333.03
220935_BM,5059.0,109026.5861
216442_BM,117.0,2052.7447
222243NC,1778.0,38998.2216
222594_BL,4062.0,145666.2892
212531_BM,2953.0,17480.5836
224452_EC,167.0,5569.8788
214145_BL,6872.0,21373.494
218672_BM,581.0,17612.7989
220317_BM,3178.0,30066.0276
222427_EC,3969.0,61605.6804
210300_PH,7929.0,39758.2774
218023_WT,5992.0,168878.6287
219759_LB,2271.0,24528.5751
217634_GD,2311.0,9611.8267
211334_NV,7530.0,215014.3367
221271_SV,1659.0,8791.2676
222105_GN,1045.0,25802.5359
223399_KK,303.0,7100.7324
213260_BM,983.0,20510.1062
223855_RD,699.0,3147.2997
221563_BM,988.0,9048.576
223591_BG,2316.0,41754.6365
200877_SV,3641.0,24230.6536
219176_SV,3145.0,13246.7333
214154_BG,93.0,1123.546
2024560HM,5133.0,41382.3145
212728_GY,4209.0,103778.3826
220869_WT,5546.0,42941.048
213832_EC,5654.0,133464.6333
226524_SV,305.0,2066.9235
2076451BG,6995.0,180359.4981
218269_EC,6673.0,166123.4415
223895_KK,185.0,5439.7808
211800_SV,3962.0,17357.2165
227305_BL,1.0,46.0132
219396_BM,3772.0,26884.6074
209484_EC,4090.0,45223.2635
226302_KK,9.0,311.6437
223650_BM,616.0,21311.8516
223773_HM,2320.0,15833.5563
220828_GD,718.0,4085.5077
214571_BK,2813.0,14056.2046
214117_GN,3560.0,8993.2184
213843_GY,3937.0,110895.6795
204790_BG,5455.0,73460.2993
166730_MI,6391.0,42027.8337
216931_EC,4169.0,100470.1784
219091NC,4983.0,101071.4382
205851_GD,10591.0,90593.5823
224955_BN,3313.0,59889.7634
213208_GY,4483.0,52904.4147
218159_KK,953.0,12850.3427
221443_BL,1993.0,15330.1459
226934_SV,953.0,6693.5036
209260_GD,4114.0,16346.7939
212823_BL,1751.0,32683.9001
215116_BL,2470.0,62687.228
219439_PK,1923.0,62326.6675
217407_CA,3832.0,55005.0128
224518_GD,1406.0,7679.0985
222583_DM,597.0,9605.7555
215480_SV,113.0,1248.071
211008_TU,5894.0,150673.9924
220591_BM,2276.0,59734.844
220773_GD,1890.0,9428.4812
218519_HM,5929.0,68486.5554
218138_CA,676.0,9006.4112
208016_EC,4425.0,23712.3926
220395_BL,7066.0,85861.1099
224686_GD,3925.0,28103.077
215647_GD,4923.0,34668.5772
216925_HM,4063.0,17329.1044
216753_DM,5964.0,30816.2156
226369_TU,23.0,565.3755
212741_BK,3048.0,41128.1693
210434_FU,50.0,328.2763
216734_GD,63.0,2362.2469
221547_IV,4718.0,27954.0505
216884_YL,3809.0,25792.9167
222340_WT,2271.0,51295.6211
210833_BK,3853.0,72250.9689
224487_BN,1537.0,45673.2689
226750_YL,1.0,33.0496
215443_LG,7872.0,204805.0625
217457_HM,5157.0,55457.1432
225051_CA,1599.0,56202.9305
214427_KK,5774.0,153620.5072
224569_BK,4459.0,25184.6752
169622_KK,4511.0,30986.4971
210403_BK,301.0,11583.6774
216887_HM,81.0,714.9864
219475_BK,1523.0,6912.264
211835_EC,4692.0,64681.3661
217030_KK,7044.0,155227.9594
219605NC,3080.0,42066.569
224575_BK,974.0,10043.1524
213596_BK,4277.0,97963.9423
208732_OR,3629.0,53718.2415
217445_BM,8886.0,190134.9259
225070_BL,283.0,1640.3595
211555_BU,5464.0,41347.9791
227162_DM,341.0,3808.9659
218903_BL,5725.0,32510.1657
214493_GD,2644.0,88462.1654
213593_TU,6195.0,87860.8722
214790_EC,5128.0,76810.5864
212993_HM,4839.0,42943.4439
216239_GD,3615.0,41731.4619
211611_GD,722.0,4101.3847
197623_TK,10483.0,51676.3172
223283_HM,484.0,4584.5019
213000_HM,3451.0,21522.3922
217681_GD,6392.0,44053.612
222252NC,2733.0,45971.2835
224745_HM,2457.0,14013.417
213755_GD,2671.0,25734.4362
222811_BM,4.0,226.2387
212351_TU,6564.0,149741.9226
211187_HM,3587.0,19391.8666
217087_BK,7286.0,154617.9929
213818_HM,2203.0,14652.958
215896_BM,6381.0,33504.5987
213838_PU,2.0,3.2358
225228_GD,879.0,4653.8144
219225_GD,3949.0,25244.1483
226527_SV,296.0,2015.0923
2074880HM,2237.0,14521.914
211809_EC,11412.0,180892.7969
217688_GD,2043.0,8972.6497
220715_LB,1152.0,12898.6369
221834_BM,3345.0,28029.4598
225664_GN,117.0,2813.5185
210248_PK,6325.0,46662.5937
216999_BL,6257.0,34964.2814
214811_TU,9652.0,196422.3289
212351_PU,3312.0,70641.5035
221292_BM,5037.0,25944.0915
222952_BK,3774.0,98630.4863
180460_NV,4912.0,33546.042
226492_SV,414.0,3174.4496
213886_HM,4809.0,34276.0043
166730_OR,15697.0,107510.3767
209747_YL,4320.0,58273.8262
219899_BM,1355.0,56640.6052
226872_DB,281.0,1913.8274
217797_PK,92.0,2300.127
217194_PK,732.0,6676.6881
211804_BK,10638.0,239071.4392
209722_LM,2355.0,27109.0582
227026_GD,32.0,166.6061
220602_BN,1446.0,32727.6305
213114_BK,5923.0,15848.2922
211915_FU,5133.0,109220.341
222712_EC,2180.0,26884.9846
224464_DM,4289.0,166747.1056
210450_GD,475.0,9671.5002
224791_BM,1507.0,21365.2159
219798_CA,2174.0,63092.0681
215178_AQ,5777.0,42786.7246
217521_SV,8373.0,68979.4594
223665_BL,203.0,8913.6791
209161_GD,3508.0,16778.2095
227102_NV,210.0,6384.8062
219559_EC,2340.0,30928.638
212034_RD,174.0,4984.8393
219194_GD,3182.0,11823.5334
214720_EC,192.0,4147.2745
222694_BM,362.0,10063.2919
225207_BG,910.0,25896.1352
208729_GN,3725.0,43819.9387
224399_HM,2096.0,20901.1001
221293_GD,1185.0,13561.4309
216718_DM,3482.0,28102.9405
216339_GN,3538.0,80410.0295
210054_TU,7999.0,177235.3488
217990_BL,4713.0,51726.6858
222456_DM,1726.0,29438.3523
2097191BM,2280.0,10985.619
213848_GY,1840.0,30357.9648
213907_HM,3974.0,22051.5763
209324_GD,5245.0,28244.0852
217825_BM,2181.0,57756.3924
216279_BM,2928.0,26289.754
211314_GY,1752.0,51935.7118
212376_EC,7126.0,132846.3465
222824_BK,2826.0,82440.7285
208726_PK,655.0,5340.6718
222806_BL,495.0,14481.7937
219436_NV,2386.0,69102.6248
222318_BM,2079.0,19073.7735
228003_SV,81.0,417.5093
178757_BM,5888.0,22351.7176
1936560HM,3740.0,18508.4264
212226_BK,146.0,3919.934
214221_AQ,7996.0,188230.5792
222359_BN,377.0,11512.8416
210669_KK,752.0,29216.0358
2084100BM,4959.0,14040.2103
210976_BM,178.0,1737.6804
211920_GY,358.0,8408.5723
216927_PK,508.0,11241.6224
226397_BU,260.0,2124.2703
201488_SV,5616.0,30280.3344
222326_BK,3453.0,123787.0251
217235_GD,1581.0,55075.1706
222180_BM,3834.0,100568.6
223648_CA,15.0,363.0156
2020471HM,2714.0,12787.8486
222424_LM,979.0,9003.9852
213373_CA,1810.0,34170.283
216527_YL,212.0,3798.8796
226209_LB,2072.0,11714.7508
216855_KK,2424.0,137113.8592
208722_BL,862.0,9270.2081
223180_BL,159.0,3787.9623
226857_GY,324.0,8306.1971
216875_KK,7075.0,143027.0708
222450_BK,1262.0,15389.213
223815_SV,1227.0,7435.1036
215219_BK,133.0,1996.0055
224675_GD,2495.0,24356.7211
197822_SV,3714.0,16971.514
218388_BL,1048.0,20737.1756
221839_TL,2657.0,26295.474
215606_GN,6782.0,133044.1145
225160_BU,38.0,1303.3888
221282_SV,3107.0,22775.5158
226798_BM,223.0,6084.9471
222431_OW,145.0,3892.6458
217927_DM,6913.0,63219.8706
222285_BL,2666.0,39117.2007
215561_GD,2535.0,18142.9429
214131_FU,3885.0,15889.4028
219799_PU,1823.0,64423.5429
2004211CL,7597.0,58014.8573
224610_BK,1664.0,11645.5915
213749_PE,2776.0,25865.5562
210027_CA,7335.0,144073.1131
212482_MT,2010.0,11617.0718
216109_GD,9252.0,90847.7376
211275_GD,490.0,1913.6327
212703_EC,687.0,19369.2311
223897_SV,3092.0,17359.9735
223213_BK,1028.0,48156.3229
226425_BU,594.0,4204.4199
201199_SV,2825.0,13645.9672
224128_BM,1892.0,49348.6697
216192_BM,116.0,2644.523
225673_TU,80.0,2565.2508
216632_BK,101.0,2458.7274
220419_BK,385.0,11346.3135
222375_SV,753.0,45969.6321
214939_PU,175.0,3266.8053
218546_SV,1081.0,7005.0899
210442_FU,19.0,130.2709
223045_BK,2390.0,67239.5725
213837_RY,4979.0,31609.7242
206296_NV,2599.0,14590.6078
216908_BK,6762.0,150025.9823
221480_YL,2979.0,79769.9658
223845_SV,141.0,852.2007
225124_BN,24.0,579.3761
209753_BM,1017.0,20862.9253
220008_BL,1563.0,39095.5139
216334_BK,2226.0,12505.4221
219310_DG,3388.0,84164.1375
212211_BK,378.0,6718.2147
212511_HM,3546.0,34603.2317
195325_GN,9020.0,184757.8209
221174_BN,133.0,2463.0868
221140_HM,730.0,5495.4077
220565_BK,9150.0,220904.6283
211498_DM,346.0,12712.2613
222568_EC,1396.0,19848.7474
224781_BK,336.0,11017.0349
211945_SV,2559.0,64824.2199
212307_BK,8109.0,116810.0009
212994_HM,10648.0,78358.2649
1716131BK,7201.0,29346.6707
211162_GD,451.0,1183.6454
218836_LG,4738.0,192278.7238
2011780HM,4902.0,31673.4161
214094_PK,150.0,2853.5319
223236_LG,1574.0,47868.742
226740_NM,1.0,181.8182
211307_BK,7687.0,247136.0752
223612_BU,1079.0,34506.854
223873_BK,4948.0,155055.7923
210213_PK,1263.0,14177.4173
220135_WT,4356.0,103289.68
224587_GD,1242.0,5712.8742
211755_BK,7711.0,176853.2745
213364_BK,547.0,45327.3056
217943_GN,3066.0,58996.5139
223265_HM,381.0,5786.736
220772_HM,1852.0,8245.7822
209760_YL,1659.0,15500.4349
209005_GD,5419.0,38503.1993
226318_KK,5.0,185.9721
216179_BN,106.0,4346.4932
220403_BM,3053.0,68268.1147
210647_BG,44.0,691.4731
216944_BM,4976.0,102086.6883
217916_TU,1.0,13.0
223303_DN,712.0,8347.7783
218554_SV,348.0,2687.9204
224983_BL,367.0,1997.615
216208_GD,2664.0,16999.7988
212223_CA,4880.0,108259.8304
211385_GD,876.0,9113.0249
220275_KK,3845.0,104650.6509
218160_EC,945.0,13801.5603
218048_CA,5889.0,162169.5368
220945_YL,3169.0,39013.222
209281_GD,8158.0,42996.952
221627_HM,1360.0,12279.7562
217972_DM,10469.0,195253.5109
220569_GN,3999.0,89274.036
217309_SV,6092.0,31547.2522
216035_BM,126.0,1429.319
215889_IV,8090.0,72356.8157
222860_CH,1469.0,50090.0892
214088_CA,3825.0,70231.8076
210301_GN,4296.0,19743.0431
220302_GN,5340.0,23570.38
221290_BM,2606.0,15024.8486
215557_HM,3915.0,32160.2995
213445_GY,825.0,24193.638
222334_BK,4247.0,115224.652
225015_GD,28.0,461.3249
221260_BM,4839.0,30916.9351
213816_BL,144.0,3947.8707
224221_WT,56.0,1503.6957
219759_EC,2278.0,25095.0345
212627_DM,1819.0,34736.3957
214499_PK,7745.0,176134.2593
211963_BM,2005.0,12252.6382
219423_WT,303.0,3883.9674
222326_CA,2850.0,101213.6708
223759_LB,1853.0,10465.1737
223610_BU,4394.0,126467.0536
209977_GN,4971.0,38587.1111
222336_CA,2411.0,40310.0613
222483_BU,446.0,13388.9727
217477_DN,4092.0,27830.975
220789_BM,4074.0,19613.1803
206913_SV,1385.0,9699.4014
202347_DM,191.0,1476.7739
224822_LM,3377.0,52860.3517
217021_BK,7480.0,121318.8865
221759_BM,3757.0,55859.9736
214521_DM,1485.0,39978.7161
224649_BK,2167.0,57908.5927
214115_MI,65.0,333.989
213150_BK,3051.0,13384.2711
211451_BM,954.0,19246.8348
225020_GD,34.0,456.2999
220121NC,7324.0,156654.1826
217007_KK,467.0,11852.9406
213874_TU,1390.0,61349.9987
212278_BM,1758.0,6451.4751
209473_SV,6364.0,36026.1266
214564_FU,791.0,25446.1818
217953_LM,3790.0,25743.1106
215210_KK,83.0,1843.7086
220895_TU,3866.0,89936.8258
222824_PK,1.0,23.1322
187477_DM,5218.0,28639.8948
220671_EC,4294.0,109641.8662
213428_KK,224.0,1615.7387
212529_GN,2416.0,11514.9069
210214_EC,1397.0,13225.9271
224550_LB,263.0,3969.7618
221516_BG,1013.0,6020.3114
221103_SV,21.0,269.9889
213193_GY,2922.0,49417.3026
223788_HM,3548.0,20269.8983
2203361GD,3572.0,60837.2391
211825_SK,4615.0,64887.2622
218016_WT,188.0,2428.5522
217951_PM,4038.0,69669.4365
221834_TG,4852.0,40794.7643
217248_BK,602.0,7722.0668
224476_BU,199.0,1831.5632
225641_HM,381.0,4297.9567
215315_BK,1061.0,27460.6354
211467_SV,3670.0,14741.3413
212433_BU,3384.0,23784.4291
209251_SV,2285.0,9593.3525
219387_BM,3167.0,32895.9901
226610_DG,571.0,17382.3754
226520_GD,1.0,13.2149
222953_BL,6034.0,146886.7363
205759_GD,3280.0,31094.7404
216790_LY,3791.0,81384.2127
212482_GN,3224.0,13067.9748
215219_BM,93.0,1551.2369
207102_WT,10666.0,234389.6146
220711_EC,5609.0,167286.4796
206383_GD,19155.0,217371.1538
1765498BM,6397.0,32075.2849
212823_NV,2145.0,39029.6808
214051_BM,5351.0,20534.092
223368_BM,3041.0,44131.0078
223557_BK,5376.0,124949.6173
214548_HM,3314.0,71640.8336
224199_EC,178.0,3820.6756
224441_GN,458.0,11823.6437
224126_OW,766.0,10762.9922
217220_BM,3089.0,89143.3258
220697_CA,5439.0,131756.6775
223386_WT,3201.0,59726.5778
208189_BM,6884.0,170297.7353
214089_CA,2329.0,40373.7613
216240_GD,6383.0,44215.8149
212394_GD,116.0,2011.6753
205527_GD,6272.0,36974.304
214500_GY,3525.0,119982.0589
212380_EC,4763.0,75002.9136
224492_WT,127.0,2583.136
210055_EC,3691.0,53035.9039
224792_BK,1043.0,24483.5547
217114_GY,1440.0,19353.6178
224673_GD,2864.0,20987.179
215976_BG,1415.0,49060.844
216578_BU,973.0,15527.3427
222395_BK,65.0,1652.1066
222011_TU,3785.0,95614.5912
215900_BK,1847.0,22276.1611
224552_BK,380.0,6572.9888
2104721BK,11263.0,107065.5201
209820_BM,4879.0,158954.6989
195269_FU,6983.0,63698.9053
223705_HM,585.0,3208.8919
223363_GD,3435.0,41399.3881
2126970HM,3454.0,19741.5443
218635_BN,2703.0,76191.1429
227176_DM,5.0,34.5352
222221_KK,5086.0,147816.4032
216723_DM,1508.0,16023.1124
218924_PK,3550.0,51615.7647
215020_PU,475.0,10868.9792
207560_FU,3503.0,63750.4548
218858_BL,2667.0,66621.8627
227316_WT,2.0,52.9168
218588_HM,5077.0,27932.7456
218589_SV,3128.0,19420.3869
211996_HM,1804.0,7054.3262
218689_BG,10604.0,242775.5903
214343_PK,779.0,9023.5668
215648_SV,931.0,10137.6796
226445_RD,241.0,5435.1948
224007_BL,1716.0,40239.3942
227244_GD,4918.0,22330.2407
218281_OW,774.0,17235.2568
211464_DM,4092.0,87072.5547
224006_BL,1785.0,36582.0151
227511_BK,1.0,20.0104
218556_GD,1036.0,9563.1676
215116_GY,3138.0,66293.8634
209725_BB,1819.0,20110.7735
215464_EC,5705.0,82983.0218
214000_BL,3416.0,12677.7839
212562_HM,3916.0,17963.7185
212236_GY,468.0,14865.9655
215481_DM,6131.0,56927.0114
215554_BM,420.0,8858.647
221124_GD,2027.0,18637.7659
216449_EC,6086.0,148580.1802
214703_EC,6313.0,153367.8206
221009_BK,122.0,2585.726
2096571BM,99.0,1325.5439
201181_HM,3417.0,11241.0245
213072_BK,6654.0,29333.8605
212829_SV,3107.0,15994.5776
223793_SV,584.0,4624.9065
220416_BK,5336.0,147141.0394
197623_JN,1404.0,5470.0512
222902_CA,270.0,5500.8451
224096_RD,3313.0,85872.8196
214008_HM,5180.0,20200.4338
209628_TQ,3922.0,71854.7226
206915_GD,3636.0,17526.4964
211157_MD,2489.0,8367.4149
211886_PE,5025.0,61693.8574
1682862HM,6474.0,29200.133
208061_GN,1681.0,18990.7542
217903_YL,3325.0,23168.5993
215272_GD,79.0,464.203
217426_KK,373.0,10438.4202
212243_BM,2282.0,9796.9482
216715_MI,2127.0,9805.4521
209383_DM,6773.0,185970.0666
211984_RK,2524.0,9611.4856
212431_GY,202.0,3799.7246
225251_PE,1942.0,10488.2479
215357_OR,251.0,6380.2542
210508_BM,3885.0,80178.9982
213257_BK,8521.0,192506.9223
212318_BM,1630.0,15785.0989
221158_BM,854.0,16434.1112
215458_BL,5628.0,81426.7704
217679_IV,1970.0,11671.8362
216235_FG,5481.0,29412.1639
214491_DM,3833.0,31633.4872
210224_GD,5878.0,31960.9161
212530_BM,5014.0,25811.8861
218156_BL,130.0,2777.7239
210740_HM,1524.0,7679.9447
216088_IV,8947.0,90072.0456
214628_OR,2625.0,16119.174
220084_NV,6153.0,166544.3427
212697_HM,5633.0,39551.1426
206911_SV,2641.0,11974.0537
220918_WT,6170.0,34630.0686
208361_KK,6851.0,151690.4465
220598_WT,9417.0,242463.4874
214107_EC,4715.0,52323.6015
219087_BK,3660.0,93921.2271
220426_WT,4593.0,41849.5543
219557_BR,2346.0,43318.0627
221624_BG,6099.0,152734.4553
189875_HM,6442.0,30624.932
212458_BM,1.0,14.626
222493_BU,1451.0,50700.1297
214221_EC,11440.0,240706.6141
217644_GD,2399.0,12975.1694
222573_DM,1339.0,15804.469
216572_KK,1946.0,36261.1278
166360_FU,14970.0,170432.6299
212441_HM,5778.0,29903.2364
220724_CA,4607.0,114677.5762
217540_SV,2082.0,14018.832
220338_GD,1641.0,15136.1353
211274_HM,3531.0,18382.0861
209725_BU,2835.0,31195.5877
221117_GD,2324.0,22394.379
223713_BK,269.0,9188.1108
222901_KK,298.0,5003.5051
223874_OL,17.0,1381.338
217303_LL,4897.0,95641.2437
212761_BG,4039.0,83970.2642
218423_RO,1044.0,10751.4644
213830_BK,5130.0,130020.6153
211673_DM,64.0,298.7775
212156_DG,237.0,5207.3793
209698_EC,8567.0,158182.0264
223367_WT,4622.0,53071.3494
217361_CA,7620.0,162124.1977
214811_BK,11571.0,241335.5434
210730_BL,5461.0,16502.6484
221133_OR,56.0,3703.5531
219720_WT,4492.0,126038.844
216177_DM,6744.0,134693.4111
209172_GD,4193.0,18604.4405
217230_OR,2979.0,79827.4013
221902_BK,2752.0,75393.9195
211158_HM,3591.0,18559.9165
223233_LG,1071.0,32967.7311
211596_LL,5623.0,79958.9317
209747_EC,8258.0,104026.9703
218048_BK,6535.0,186374.7734
217434_SV,2279.0,14272.1963
214887_BK,1362.0,45785.6327
227113_DM,2.0,13.3719
221180_LK,4452.0,24565.0817
219442_MD,3835.0,92802.5835
212979_HM,5597.0,28259.4549
201255_NV,6278.0,37152.6065
222958_TU,1308.0,18545.0242
215601_GD,6254.0,39596.1758
212665_GD,5225.0,38566.3236
215146_BM,766.0,24488.7176
222333_EC,1564.0,28672.9825
222902_WT,3728.0,81008.2156
217526_SV,2746.0,24383.355
226701_BK,1.0,27.99
211297_BK,7266.0,141086.5171
213553_GY,489.0,10815.9667
212514_GY,2129.0,64629.1768
218136_SV,1880.0,27241.8574
224311_BU,33.0,222.0066
222451_BK,2518.0,29225.8251
216355_GN,6220.0,153409.7975
221923_AQ,2069.0,11278.1324
223984_EC,705.0,17968.469
212225_WT,226.0,5398.5194
224055_EC,35.0,1315.4359
222632_BK,1414.0,61148.513
222362_SV,2221.0,49828.7048
214181_KK,3340.0,161813.9531
209720_BM,3391.0,21813.5758
217880_BK,4807.0,150289.0058
225696_BM,1590.0,54250.1571
216659_BM,777.0,18351.0595
220367_BM,3736.0,29081.4124
211869_SV,2239.0,9499.2108
214380_NV,5486.0,161143.3002
210438_BL,151.0,898.4675
217926_GN,3578.0,80372.9615
224335_HM,2611.0,30623.4022
222186_BM,3333.0,50147.7308
210884_BL,2702.0,36428.4532
209016_GD,3880.0,23198.1242
209544_GN,7322.0,182971.9682
214549_AQ,4676.0,64279.8811
226521_EC,2.0,62.9402
216353_BK,4390.0,61450.7103
223428_EC,1756.0,28646.4661
208621_BK,372.0,7040.0938
211684_DM,1180.0,8853.0715
217366_AQ,6096.0,152861.6279
222234_KK,5708.0,138793.8611
227264_EC,94.0,2538.2051
214227_LB,3428.0,82964.7378
211300_IV,4522.0,66099.4943
219667_BM,1005.0,31789.5966
214611_KK,4505.0,69271.217
209855_EC,4171.0,58242.3793
220786_BM,3081.0,10058.2699
210333_WT,6260.0,42952.0616
214469_PU,136.0,1424.4731
215177_AQ,4708.0,32848.5947
212571_HM,3484.0,18891.8815
209479_EC,7756.0,130989.9591
220380_BL,1998.0,16062.5135
224531_TU,90.0,2586.094
221704_WT,4076.0,116372.4508
217446_HM,4087.0,34873.8257
214647_BL,57.0,770.5467
226523_GD,170.0,1887.8368
212686_HM,3113.0,31090.2864
227189_FU,161.0,1300.1262
211643_SV,3484.0,18332.3423
224316_HM,1215.0,10973.1789
222441_BK,2082.0,24470.0624
224746_LB,1839.0,27117.1377
214018_BL,2998.0,12584.2125
222563_NV,2382.0,25771.0333
212129_BK,7935.0,150513.5687
225511_GD,248.0,1266.7899
224163_GD,3319.0,30782.5721
219287_DM,2354.0,25562.3941
223324_BM,93.0,1149.1057
212053_BK,2729.0,27188.6013
214011_HM,2069.0,6170.7956
212213_LM,5886.0,63627.2918
206914_GD,7136.0,58061.7968
157372_VT,10861.0,123417.153
221809_AQ,1114.0,6095.2863
218860_CN,3915.0,21955.7153
223757_HM,943.0,6956.3125
223323_FU,584.0,4542.989
213730_BK,508.0,5147.6648
212525_EC,359.0,7093.8718
211638_SV,2772.0,19603.0077
218664_BU,556.0,10872.7177
213981_HM,5989.0,30965.1173
221086_GD,623.0,3440.7423
218961_EC,2546.0,51699.2637
219741_BM,46.0,345.6814
218930_PK,4581.0,76409.4088
212123_YL,3095.0,62991.8461
224488_BK,646.0,16331.1213
218891_CN,3850.0,23887.0462
218912_PK,4767.0,83452.6365
220785_LK,2100.0,11754.4216
212718_HM,5516.0,35158.3354
211171_HM,5191.0,33338.6374
224553_BK,546.0,8238.4756
218892_LB,1424.0,8598.6101
225244_GD,691.0,6103.9097
213892_EC,1379.0,12964.5117
225042_BL,302.0,2245.9247
224485_BM,164.0,6589.1377
211699_PK,2361.0,26702.0482
221186_CA,4029.0,93716.0578
227045_DM,671.0,9738.0416
219603_CA,7339.0,168596.5485
220933_BL,480.0,13147.6487
205683_RO,6190.0,32151.4171
2229890BM,60.0,400.5213
222610_TG,362.0,2600.8321
216731_BK,39.0,425.4927
211267_HM,2658.0,26446.8375
216682_WI,5564.0,23888.8236
223842_SV,1700.0,12693.9941
169597_TL,5292.0,15104.1279
222273_NV,4124.0,72850.0863
215572_GD,2688.0,13188.2034
221265_SV,932.0,7640.7228
215618_GD,2389.0,14815.2831
219709NC,3915.0,91272.5814
221019_WT,1576.0,13670.7028
217866_BK,7053.0,172479.7705
210248_GN,6201.0,41762.7109
220420NC,4087.0,94463.8576
215441_KK,6325.0,139511.0037
219125_BK,355.0,8834.002
214115_BM,5352.0,27796.7094
225661_DM,92.0,1068.0379
208032_BK,4562.0,67827.286
219068_DB,2272.0,18502.9114
225033_GD,25.0,571.6527
218702_KK,4881.0,110681.4493
221650_EC,2266.0,54871.3738
226380_SV,411.0,2733.1294
217417_HM,3604.0,14897.4019
211090_HM,3800.0,14886.2195
223611_BU,1176.0,25906.5343
221348_CA,5008.0,96240.9078
224381_GN,629.0,3269.8596
215907_BK,3396.0,19110.068
214520_DM,3197.0,76536.5523
209299_SV,2954.0,15416.7711
216985_GD,3320.0,16351.102
214467_PU,84.0,1040.3712
218874NC,8169.0,191816.3224
222408_BM,703.0,23829.7309
211800_GD,3962.0,16647.0705
222264_NV,3298.0,87862.6669
209340_PE,770.0,7136.1529
226783_GY,222.0,10779.6338
216005_BM,343.0,2029.731
209706_GD,3006.0,27901.4071
226410_WT,898.0,23934.0525
220376_GD,4117.0,41297.2309
219795_BL,1319.0,13726.3926
1518331BK,25900.0,298912.7453
218257_GD,13309.0,307676.6313
221783_BL,2730.0,74514.2522
224907_CL,24.0,610.2012
219723_WT,3572.0,99194.4958
221903_AQ,896.0,5260.1435
219563_SV,2831.0,29582.3633
223671_BK,481.0,23793.0304
229090_SV,9.0,45.6161
219555_TL,3061.0,45215.8582
216813_BM,4903.0,124930.7573
211355_FU,404.0,1016.3374
219559_YL,5063.0,58769.6109
210212_GN,1069.0,15356.0283
214464_LL,6390.0,160463.4052
220697_KK,4533.0,110859.9553
223423_BK,1461.0,39422.7724
222337_BK,6147.0,175183.0173
217652_BM,293.0,1709.6703
208723_YL,1171.0,10599.5047
216360_BM,5772.0,38969.0819
219185_BL,1334.0,43923.3142
221069_EC,172.0,1775.7238
215242_BL,5444.0,54642.0629
222672_YL,77.0,1680.1061
208013_EC,3270.0,50169.4525
217035_KK,2313.0,31754.9055
218577_GD,3726.0,15319.6423
214184_BK,2270.0,87168.2767
212493_HM,4240.0,36376.4848
224859_BN,4954.0,133929.1821
2096291LM,641.0,14781.3799
220946_EC,4805.0,50064.2086
224206_KK,71.0,1816.6065
223743_SV,621.0,3675.8441
213373_OW,2430.0,50770.6942
214275_BG,4797.0,80013.3171
214469_TL,162.0,1699.1043
206383_LM,4823.0,56803.4293
222126_CA,1786.0,45041.8736
214981_GY,6597.0,147896.5303
220904_BL,149.0,6402.2352
218480_BM,4427.0,63269.3001
224326_BM,4857.0,210591.9772
225619_GY,542.0,14967.6743
218167_BN,188.0,3684.029
210270_BM,1288.0,24207.2195
227011_BN,628.0,15773.4981
213754_GD,2047.0,10363.9125
214494_BL,180.0,6671.9414
221841_BL,3111.0,62476.059
220146_GD,3537.0,13564.6317
209346_PE,677.0,8679.8488
216612_BK,2012.0,24848.556
218030_BG,2564.0,107309.032
217254_BK,734.0,6178.2402
212325_TO,1948.0,6830.8811
210804_CA,5591.0,109070.074
223057_PM,822.0,6143.8922
225137_WT,1225.0,22507.1953
2167581GD,86.0,2206.4527
224948_DM,34.0,379.0665
210321_LL,6218.0,30963.2976
204971_BL,9118.0,84718.5009
219192_BM,2837.0,16954.5582
214020_BL,4177.0,15795.2104
214397_DM,148.0,4713.4806
218545_BG,2044.0,72213.1943
222261_EC,2217.0,42313.928
203388_BK,4756.0,45109.2178
224954_WT,5128.0,108802.9022
208692_PK,3190.0,74557.4269
220913_GD,4023.0,22536.2477
201844_PU,4432.0,17791.7488
211813_BK,7358.0,136799.1939
216297_GD,2804.0,18135.3171
222578_YL,1147.0,8251.1987
219489_EC,2072.0,57289.179
220955_BM,8435.0,274450.1071
222281_BK,6184.0,178759.8718
221838_CL,2964.0,25369.6895
220868_WT,5900.0,51625.4966
221432_CA,3360.0,89597.1675
216579_BK,2545.0,66764.132
223457_BM,2425.0,65266.1631
211224_HM,3319.0,21464.4372
219184_BM,3826.0,19405.9885
224616_BK,548.0,3026.3619
216278_BM,2880.0,22993.9211
225669_GY,185.0,964.416
213246_GN,347.0,10881.8107
204715_SV,5550.0,29437.9057
212152_EC,196.0,6470.2869
210550_BK,2214.0,62566.1245
217944_LB,4578.0,53638.0753
220040_BL,4957.0,15787.7615
210932_GD,23.0,306.1925
211192_HM,4353.0,38082.3914
226533_OW,1020.0,29190.1378
222833_CL,3184.0,17876.5292
224918_BM,1518.0,91404.4143
221746_LM,8599.0,185048.5943
211359_EC,5322.0,80163.5641
220011_BM,4270.0,30770.3509
212957_HM,6129.0,26311.8819
221603_EC,745.0,23433.2697
214198_EC,2431.0,22618.2418
218623_KK,3410.0,93293.9348
225211_BG,466.0,27366.187
211998_HM,1983.0,12232.0383
212156_YL,217.0,5519.7961
210344_KK,397.0,12618.2488
217544_SV,2950.0,20977.276
211358_KK,42.0,664.8186
212599_YL,29.0,260.1861
227091_BK,201.0,5541.4574
224911_CL,13.0,301.758
220001_GN,357.0,8814.858
208532_BK,6215.0,138898.2689
222947_EC,1925.0,44055.0064
211799_GD,3988.0,15636.3451
218020_BK,6684.0,111902.2748
212180_BG,12402.0,511548.3306
211242_JN,15.0,68.7874
217372_SV,237.0,1518.6334
226470_SV,254.0,1736.0493
214468_TL,37.0,659.3943
219580_BL,3115.0,50330.0545
212788_EC,5577.0,89626.6414
209597_BK,2058.0,44806.1437
209730_EC,1787.0,41793.2206
209731_TU,2140.0,46524.5344
217397_SV,3278.0,29405.9876
216481_BK,7199.0,171065.0109
221551_EC,693.0,11903.6498
218258_BM,259.0,2059.0157
203961_TK,2103.0,10068.477
222101_EC,10712.0,269178.3386
216579_TU,1922.0,52241.3868
215522_PU,246.0,5356.6195
210434_OR,39.0,269.5548
219103_GY,3927.0,20944.6831
214769_EC,6304.0,74742.1936
216478_BK,5899.0,194182.0001
209304_GD,3303.0,15782.566
206910_SV,1975.0,6877.5368
212349_DM,1540.0,33812.5594
218921_HM,5345.0,41849.3338
211503_BM,348.0,8714.7133
216263_EC,7118.0,179759.6524
211988_HM,3466.0,12313.1329
221181_IV,4070.0,20830.4022
209279_GD,1700.0,27584.1275
226444_BU,221.0,1576.9431
1713311BU,4848.0,24729.4787
209252_GD,6142.0,25404.7777
216345_BM,4410.0,62875.9876
218378_IV,690.0,8975.0449
217231_GY,3637.0,92477.8596
216432_GD,600.0,9408.5391
220564_YL,3895.0,98933.9297
214095_BU,187.0,3840.3324
217409_GN,4907.0,59743.1669
158685_OX,148.0,768.1215
213785_BU,1653.0,38683.5871
225134_BK,252.0,11724.2719
219311_GD,3688.0,73259.843
221196_OR,1200.0,14303.8177
218604_BM,4260.0,15452.2405
224623_BK,2118.0,15769.0066
212134_GN,479.0,10416.3414
214124_GN,5164.0,43494.3035
216806_GN,2175.0,63520.9162
220433_BL,2899.0,24910.2026
211874_EC,6767.0,119953.0318
216300_GD,3575.0,23221.8181
223920_BL,799.0,15236.4931
216249_GD,1645.0,19021.6841
221277_SV,2077.0,15347.1913
210975_GD,47.0,347.7682
224640_BK,1169.0,11308.3971
210978_BM,244.0,4027.7636
211439_DG,5127.0,80394.585
216179_GN,99.0,3553.3587
214794_TU,4970.0,81863.1955
212430_BR,200.0,3507.811
216755_RD,51.0,2107.854
2103430HM,6365.0,32741.5562
211313_HM,3779.0,19957.1321
222174_OR,1254.0,28974.8649
216445_BK,8726.0,195476.3386
224199_BK,156.0,3381.2434
221448_BL,1787.0,11128.8108
212236_KK,547.0,16132.3268
221065_BM,3328.0,42929.1524
219147_SV,2427.0,10560.1627
218587_GD,1529.0,6936.6496
226369_BK,22.0,540.6293
211723_DM,1735.0,9840.1727
221088_GD,1580.0,18867.3246
208558_WT,95.0,1418.7621
211820_BL,7339.0,174848.4539
221111_SV,924.0,4999.3455
2233011BU,1615.0,8980.0026
220036_BM,6766.0,34215.1662
217685_IV,2228.0,12962.9626
216368_BK,5878.0,81075.4973
214835_BM,4716.0,74705.9436
216454_TU,9065.0,188235.4812
206255_BM,7080.0,53169.2738
216306_EC,5775.0,190103.0316
211360_DM,5115.0,61495.3209
223851_RD,5086.0,36620.7321
213711_BK,6561.0,32848.7285
215487_SV,158.0,1447.6658
216924_HM,3980.0,16300.6039
210547_BK,2358.0,70278.8648
215545_GD,2141.0,26416.227
224097_BK,298.0,8680.7639
215097_BM,3067.0,64969.2377
214598_MI,3444.0,21910.4697
222873_PK,372.0,16555.6603
212599_IV,38.0,537.1919
224541_BU,1676.0,18469.7414
224478_BU,192.0,1669.2716
208691_WT,3683.0,76905.4553
216673_RO,4066.0,16649.6924
213909_HM,3989.0,20267.4504
210329_OR,5866.0,39034.7441
224604_BK,13.0,106.1196
225503_GD,1600.0,8696.3971
217519_SV,1930.0,19955.6916
209169_GD,3635.0,25405.9858
206395_CL,7632.0,183542.6583
215465_BK,49.0,195.6782
218384_BN,1109.0,8429.1634
209284_GD,9067.0,59686.5262
223372_GD,3450.0,34143.8259
224332_HM,94.0,773.0903
224915_WT,21.0,473.8668
209066_BL,6962.0,135353.4981
222812_BM,4.0,206.6326
1658234BM,8276.0,34205.3872
214637_PU,14.0,121.5539
1667301RO,1959.0,13131.3385
223644_BM,2568.0,80617.8077
222187_BM,2134.0,26133.741
222050_BM,7063.0,39501.034
219297_DM,3604.0,25408.5089
217371_SV,1605.0,7105.368
221348_BK,5303.0,106565.5217
213839_PU,2756.0,9766.1236
210965_DM,779.0,9630.0794
217198_RD,648.0,4243.726
212554_BG,4889.0,245231.5039
218154_EC,1083.0,7764.0621
220660_EC,303.0,6442.4711
227297_OW,1.0,37.6967
222268_NV,1909.0,34199.4828
223840_RD,1574.0,11485.5116
212812_NV,6684.0,143054.9692
210333_FU,12491.0,86956.763
208144_LL,6801.0,106955.7191
218865NC,7301.0,168642.9336
211549_BU,4522.0,74162.3138
216383_GD,4198.0,30010.6093
213783_EC,5066.0,92646.6835
206907_SV,4350.0,19898.8127
216252_BL,4079.0,25332.4666
222247NC,3064.0,51335.0824
217555_GN,6153.0,121730.3242
211783_GD,3457.0,23065.8741
1708741WT,3999.0,21720.0645
219164_SV,3052.0,12011.8503
215547_SV,4096.0,25250.0063
224729_HM,1133.0,6246.7862
218867_BL,3852.0,20223.1442
209928_SV,1.0,6.4959
227000_BL,14.0,224.1978
219398_EC,8786.0,217985.1707
209923_BM,4145.0,19286.036
220833_WT,3371.0,19449.0198
227037_DM,722.0,6679.9568
213203_GY,2595.0,29288.8987
218268_YL,6941.0,130346.1275
222085_BM,718.0,5339.1827
214050_BM,4485.0,17336.3632
226877_DB,778.0,5446.0347
214210_HM,370.0,2749.0818
215642_GD,1952.0,10120.12
214400_GN,393.0,12130.9396
216744_WI,4422.0,29364.0591
226693_BN,2.0,61.967
223581_BL,329.0,9896.0968
226207_BL,206.0,6106.2624
216747_DM,5054.0,30690.5942
217237_BU,5580.0,160627.1376
213100_BK,5309.0,122176.4702
224864_BN,4141.0,113331.4345
210854_BM,2091.0,19568.5084
226227_GN,367.0,4993.0053
214499_BK,16378.0,371265.1665
208203_EC,21499.0,368465.3329
218667_GN,1920.0,35989.503
223714_BK,385.0,9589.7899
217602_BM,4841.0,103923.3665
210669_BK,403.0,11533.9747
227492_BK,15.0,464.1957
218288_BM,1404.0,41143.9727
216581_BU,606.0,12979.8018
224307_BU,4202.0,23832.539
211707_BK,2356.0,40469.7228
212496_HM,5774.0,39274.3185
216684_DM,4177.0,22178.6177
217447_HM,4216.0,17864.786
211885_JN,3540.0,26560.9007
223635_BN,933.0,24126.0654
220862_WT,1727.0,11229.7153
211436_EC,3772.0,45003.3074
223404_MT,77.0,2349.4914
162858_BK,2042.0,6801.3198
217529_SV,2273.0,25653.1015
216590_GN,2847.0,77938.0887
223256_GD,5114.0,58850.4675
213474_BU,4712.0,100122.8918
224650_BK,2994.0,13992.8323
220590_FU,6118.0,68212.4907
226461_EC,1.0,18.2219
211146_BM,1173.0,33437.5648
2063050DM,1632.0,15137.1237
224937_GY,1954.0,60580.8166
216768_BM,2551.0,59745.9568
223555_EC,3825.0,90967.7539
223585_KK,692.0,21769.3628
214453_BU,90.0,5907.0275
210951_GD,31.0,329.7577
218703_LN,45.0,1612.0302
217919_BM,2903.0,59279.7174
216480_TU,6391.0,188603.2389
216581_BK,756.0,19687.8944
216600_BK,5803.0,79692.2807
217194_RD,726.0,6521.8768
221030_IV,5078.0,35947.1153
151833_TQ,15367.0,175318.903
209325_SV,2796.0,11997.6813
224904_LB,510.0,6197.0207
217275_OW,1471.0,37254.0879
221136_BG,5598.0,114135.5681
214813_MD,2996.0,58981.8371
219197_RD,628.0,16636.8154
221779_WT,1050.0,28935.9397
208710_WT,3917.0,52198.564
214239_EC,2930.0,41683.2524
209250_GD,4395.0,23212.4627
210295_GN,4232.0,20709.9476
201188_GD,2012.0,10527.6709
215444_BK,9934.0,238204.4043
212847_SV,2371.0,8748.235
210946_BK,7278.0,225987.0371
209458_BK,6264.0,171435.2308
210935_GD,3006.0,45221.1453
223452_BM,657.0,25318.4868
225944_CA,7.0,127.7312
223591_BN,2596.0,47010.58
222892_GD,287.0,6856.005
216805_GN,3035.0,72061.4043
214062_BM,4230.0,21122.4544
225172_SV,958.0,6671.0862
215150_DM,3437.0,55749.2026
217287_RD,1417.0,15986.7051
206296_BU,5460.0,29571.5038
216987_GD,3222.0,13321.6013
224442_BU,154.0,3620.1685
217187_BG,3783.0,108023.1803
214007_FU,2565.0,16289.5795
211876_BG,4069.0,57721.8891
226342_BU,655.0,5780.2078
220489_OR,3761.0,16376.8838
209341_GD,2677.0,13012.5679
212740_BK,2638.0,40930.1377
221890_CL,800.0,4653.9327
214518_GY,536.0,17520.0542
211629_GD,1005.0,5417.574
220524_SV,3092.0,47417.3463
218591_SV,858.0,7052.4009
212815_BK,5747.0,114154.3592
216458_GD,282.0,11885.838
205299_SV,7249.0,37846.5207
197623_MV,3560.0,19430.3642
224284_BN,357.0,20597.6478
218279_CL,4979.0,70425.3356
214978_GY,5489.0,94860.0751
213677_SV,95.0,2351.369
213191_BK,7316.0,190292.3101
222395_EC,159.0,4159.2059
213087_BK,3005.0,15071.1493
222360_BN,363.0,12294.5225
215115_GY,1884.0,64286.8656
212819_BK,4523.0,52111.9697
225701_CA,40.0,2352.4693
221780_BL,1282.0,37216.8897
214107_PU,1447.0,16176.2951
220886_BK,3296.0,65856.5181
223587_TU,1125.0,35450.437
216376_FU,4509.0,50557.5765
209936_BK,1845.0,48734.4624
217675_GD,1927.0,14756.5463
221451_BM,864.0,10443.9864
216006_BM,407.0,2629.2361
212968_BK,5877.0,25932.8925
210245_EC,4240.0,41316.8241
217643_GD,4447.0,32403.214
224236_GN,91.0,2498.5846
226286_HM,1745.0,20158.8482
224931_GD,4.0,196.4328
220598_IG,3671.0,99410.3544
210433_OR,40.0,294.6552
226526_SV,187.0,2510.5048
1618479HM,4331.0,15752.3299
226784_GY,182.0,8703.2072
2231291EC,367.0,5497.5621
224543_BK,329.0,5048.2492
214137_BL,6283.0,32649.477
212598_PU,40.0,527.3219
219246_DB,1813.0,16275.2445
220374_PU,2459.0,28133.5767
213257_EC,6642.0,139188.6757
209789_BM,2078.0,43290.9038
216332_IV,2479.0,18897.6005
209335_SV,3013.0,13088.027
209790_BM,2809.0,64178.8344
226382_GD,229.0,1577.6734
215578_GD,9449.0,67842.5369
224015_TU,3598.0,73527.0802
217270_BG,2301.0,32507.4901
211764_GN,1425.0,6214.3976
221841_KK,3955.0,72896.7913
218277_CL,4839.0,80102.2158
211710_BK,5113.0,215327.8337
216669_HM,4204.0,22929.0615
221082_GD,4006.0,22240.0621
211276_HM,4617.0,22849.7333
224693_EC,613.0,18470.7273
214670_BK,15574.0,325464.5015
212566_BK,6602.0,154490.5433
217931_EC,2762.0,73920.5919
211579_BM,3087.0,70769.276
216356_TU,10674.0,251618.0835
224864_WT,4472.0,122774.0219
212183_BN,3172.0,77611.2156
212310_PE,1062.0,5601.7293
221351_BM,429.0,9383.8622
223999_CA,612.0,14436.0693
228684_GD,152.0,1011.8125
224746_BU,3192.0,46428.4653
224880_GN,437.0,15480.1827
201488_GD,9758.0,49975.5358
211061_BM,51.0,989.8148
216413_BG,249.0,5896.3072
221285_YL,2490.0,52947.0415
222428_BG,3518.0,61271.7108
200287_SV,2304.0,18725.3755
216523_BK,5674.0,186938.859
226886_BM,105.0,3537.6567
223755_LB,611.0,3450.5745
211933_GD,1803.0,15648.2738
220000_GN,366.0,10083.0968
226893_DB,632.0,5357.2624
223808_HM,2372.0,17787.4642
213731_PU,612.0,6518.5821
223303_WT,431.0,4921.8889
210434_LL,62.0,378.5271
210178_NV,974.0,10009.6893
222783_WT,102.0,3141.8993
222891_AN,774.0,20764.703
223663_BK,45.0,2277.7973
221309_WT,6667.0,168321.5766
221434_CA,2674.0,39706.5107
214827_BK,42.0,784.6102
218282_CL,1466.0,24186.598
221101_SV,3876.0,29140.9727
216762_EC,187.0,7925.8787
225245_WT,213.0,1413.0805
219320_WI,2399.0,60083.1374
210550_EC,1399.0,39999.9395
211075_BL,843.0,6358.2375
209756_BK,2054.0,30485.1597
217143_NU,1594.0,63462.5334
210791_BK,5365.0,123736.0298
207560_WT,3316.0,55300.8368
209221_OR,2343.0,50283.0042
209772_LL,768.0,18093.9905
226911_EC,1629.0,33093.2484
216667_BU,3799.0,23095.3902
219214_BM,2974.0,28608.5458
224781_BG,123.0,4073.5148
210033_CA,11507.0,192579.7713
217899_LL,4516.0,63392.5835
219781_GY,4312.0,123051.6619
218894_BL,3393.0,63816.0479
218889_BL,2946.0,86791.4951
219294_EC,2574.0,64601.6549
228440_GY,1438.0,23789.7889
219394_BM,3612.0,20038.8481
220590_BL,6317.0,70796.6444
212111_BK,2507.0,42636.2658
209305_GD,4156.0,36175.3146
218051_BK,6070.0,114047.8585
224944_BL,1513.0,35315.5795
212678_GD,3430.0,19272.2439
214427_BK,7312.0,195760.9286
166363_LL,1881.0,21510.7205
211703_BK,5761.0,79229.2583
214196_GY,403.0,11055.6691
210350_WT,3114.0,22633.761
211509_BK,6136.0,99544.0026
209747_BK,6375.0,100011.4233
216523_BL,3478.0,116567.3173
218163_PK,1428.0,16010.6214
211106_BK,1290.0,16582.2809
219481_BM,3321.0,59572.4447
166730_AU,5.0,41.625
215018_TU,577.0,17766.9226
219451_EC,915.0,20729.9571
1764650HM,4130.0,19623.8043
214703_BK,8780.0,215406.8897
223052_EC,3440.0,85051.2259
219612_BM,2296.0,29746.0744
204790_PK,5569.0,73843.0973
218259_DN,276.0,1712.0382
223516_FU,257.0,5520.9549
216116_GD,4044.0,21305.3253
213959_BM,1070.0,3372.6125
223806_GD,3202.0,24486.7829
219250_SV,1199.0,4100.0808
214130_GY,7076.0,241544.439
226493_GD,217.0,1505.9713
217929_DM,4762.0,35669.3972
220891_KK,4259.0,104694.8127
217056_OR,916.0,4812.3044
214273_AQ,6683.0,141533.4575
215243_PM,6257.0,43313.0561
209307_GD,4747.0,25221.5164
218048_EC,5403.0,148197.4077
218167_BK,293.0,6530.7246
215507_GD,4295.0,21356.6553
206259_OL,3742.0,97195.8554
220807_WT,3789.0,29574.2567
209850_PK,65.0,3639.0212
215236_BL,353.0,8616.2067
227180_RO,200.0,1749.4887
209283_GD,7215.0,38000.588
223404_LL,42.0,1278.7388
226208_HM,1795.0,17483.1447
224458_BG,31.0,1095.6127
217092_OW,4928.0,72199.9284
215138_GD,4023.0,26969.5943
224679_GD,2236.0,12887.4348
223301_FU,1605.0,9584.0263
222901_WT,6683.0,124594.2108
216867_BM,4096.0,67223.8634
211914_KK,3229.0,74517.0354
209003_TG,2399.0,17369.7337
222348_WT,879.0,25521.5748
218599_CA,2818.0,84622.3474
215917_IV,32078.0,243598.6313
1742023BM,1852.0,13556.9675
210892_BU,5579.0,93711.5382
222582_YL,1387.0,9924.4576
224651_BK,2175.0,10185.5591
209012_GD,5899.0,27494.3818
212090_BK,855.0,31497.0369
219392_GD,3867.0,19503.2821
214585_BK,8081.0,185095.5563
225040_BL,749.0,3536.1099
221174_PK,139.0,2619.8157
220905_YL,1068.0,37099.095
214662_SV,5179.0,48016.4893
212114_BL,1757.0,20480.5678
222705_BN,1954.0,69610.7058
222441_OR,3093.0,35854.2193
216564_EC,7096.0,169420.2619
216875_FU,4137.0,78925.864
221589_BM,2934.0,30027.6102
226447_EC,2.0,44.547
221123_GD,624.0,5916.8292
209323_SV,3848.0,24044.0275
211915_DG,178.0,3494.8151
219308_BM,1892.0,10498.3202
212829_GD,2635.0,13499.9333
211803_KK,8816.0,171063.4689
219859_PU,1779.0,10579.8067
214561_EC,5342.0,48047.9683
222244_BK,4286.0,138600.7557
217915_TU,6674.0,148527.9942
209824_OR,4471.0,126993.0303
218385_RO,657.0,4546.6454
218285_EC,147.0,4371.1104
218326_RO,617.0,3533.3965
219314_CA,5245.0,120802.1524
2270071SV,17.0,227.1428
219182_BM,346.0,9138.5489
214945_BM,811.0,36348.8582
218631_RD,149.0,3893.9374
222237_MD,1478.0,25150.0467
211609_BK,561.0,4892.7671
166363_PK,2.0,21.471
213146_BK,4621.0,43032.337
211537_KK,5175.0,62280.9575
217894_BG,5063.0,76095.1838
210792_EC,3347.0,67411.9021
223622_CA,3180.0,84817.7687
215272_BL,282.0,1795.0415
226411_WT,596.0,9287.3667
218170_CA,11432.0,217238.1667
213668_BL,370.0,8600.8103
212152_KK,184.0,6679.3634
224616_BU,822.0,4533.8401
221082_SV,3075.0,16960.9043
224555_BN,681.0,16244.4183
219609_BM,1466.0,26242.0015
223627_BM,2321.0,38396.5949
222828_WT,4573.0,86605.1733
210441_BL,26.0,183.1191
224947_BK,219.0,7221.8262
213847_GY,1414.0,35037.9147
222571_BM,1605.0,22721.2294
221523_GD,2199.0,10877.7547
219190_CF,3519.0,31839.3498
2192721DN,2242.0,14268.5905
222959_BL,509.0,8532.3351
218569_SV,1924.0,8522.1288
219391_BM,3864.0,28489.239
209309_GD,4581.0,30248.7993
211434_PU,5640.0,87865.7489
222449_BM,1930.0,22709.4062
211777_GD,8353.0,58215.5365
223420_WT,5547.0,50004.782
216721_WI,3949.0,18280.341
221591_CA,3167.0,81833.2209
212674_GD,2525.0,16113.5969
223782_SV,1103.0,8644.8505
225597_PM,3482.0,26412.9451
219217_BU,308.0,3726.1622
217386_SV,5986.0,29291.0316
225067_BL,256.0,1969.2718
223844_SV,1483.0,11084.1818
222946_NV,3364.0,86124.3609
206916_GD,3963.0,26569.5687
222569_KK,1798.0,25103.0671
219420_SV,3851.0,17974.3511
223022_EC,1806.0,61127.3214
212128_TU,6795.0,165763.316
210785_SK,3679.0,20738.1684
219442_BK,6471.0,159079.6944
221074_EC,112.0,1708.5437
215896_HM,5837.0,32172.0259
219967_BL,602.0,15262.956
209338_PE,842.0,6039.8973
2020840HM,6050.0,33067.659
218922_EC,8131.0,156153.682
219572_BL,6633.0,169683.7696
217636_GD,4590.0,17128.5204
212610_BM,43.0,490.6018
210775_BM,1985.0,22746.4351
222935_CA,2068.0,53025.7887
211894_PM,1589.0,27312.1272
222936_CA,3261.0,98707.0032
212408_LM,4234.0,88173.3889
217800_BL,5283.0,117299.173
211750_OR,1217.0,6010.2924
221648_GN,3861.0,100762.5105
211228_NV,7324.0,130510.2494
227352_BG,179.0,13425.4931
210595_CA,784.0,25040.7435
213346_GD,1.0,4.9504
226438_BU,9.0,117.7006
211836_EC,7308.0,192924.1032
216683_DM,3814.0,11104.5848
218730_BU,2241.0,36264.3233
224094_KK,753.0,18582.988
221221_YL,3158.0,72987.8059
221500_BL,2990.0,17597.2912
223841_RD,350.0,4217.3312
222286_PK,3566.0,44009.546
224098_CA,539.0,15709.6698
223360_GD,3333.0,40667.6701
213470_SV,144.0,2105.6197
216416_EC,250.0,6279.5076
215931_BM,2488.0,16078.8028
215564_SV,2678.0,17071.0104
218458NC,7323.0,150156.1084
212119_DM,4324.0,82272.9628
214788_BK,295.0,14193.9174
218069_GN,3951.0,72195.2466
224411_MT,1179.0,6591.2608
218265_CA,8580.0,198775.5763
224461_CA,242.0,4196.0586
220399_EC,4368.0,102716.8548
223958_BU,3084.0,75559.5604
209319_SV,3768.0,12829.2825
221269_GD,4870.0,60015.8098
224465_BU,663.0,10002.6958
216110_GD,3129.0,23591.8943
221814_TG,2126.0,15854.4497
218589_GD,2404.0,17897.5206
221857_GN,3485.0,88918.4571
222046_AQ,410.0,2341.9227
208749_GD,3862.0,26360.9496
226489_SV,579.0,2964.4218
213827_HM,2111.0,14872.836
210432_BL,71.0,450.3803
210332_NV,4495.0,28388.6691
216318_IV,4667.0,51068.7675
220084_CA,5634.0,148290.3102
216708_DM,4486.0,41541.2506
219064_RD,2595.0,13391.6363
223317_WT,3045.0,36436.0392
214067_KK,396.0,13267.5159
227044_DM,1134.0,8085.8926
226221_HM,1900.0,22270.949
214549_CA,5166.0,71054.1933
225653_BN,45.0,1583.5738
218926_GN,7977.0,59407.9957
209311_GD,3199.0,13465.76
210342_BM,4104.0,29082.9693
219191_BM,3637.0,14859.4287
221831_BM,1362.0,22315.8193
212284_MI,3376.0,9091.9963
216923_HM,5811.0,62322.7333
219028_BG,475.0,10165.7796
221609_HM,1059.0,5657.6122
210404_KK,391.0,6751.7538
214010_HM,2517.0,10212.6768
224769_HM,506.0,6235.3395
219859_OR,2614.0,12919.2188
212034_BK,1826.0,53071.749
211237_EC,4977.0,80988.6722
225640_PM,2681.0,19706.2372
217800_TU,80.0,2321.3709
209884_BM,1845.0,52003.0083
222875_TU,925.0,32110.2431
206362_BU,13110.0,344262.4408
216316_TU,3913.0,64284.8772
220618_HM,2245.0,15052.2987
215041_BL,837.0,26414.237
216762_KK,88.0,3684.5531
224849_WT,195.0,3907.039
215462_DM,4689.0,60587.0056
216105_CA,3368.0,50487.3021
219219_SV,3694.0,13316.7475
223826_SV,762.0,4666.1773
224746_BK,2401.0,35273.93
208077_OR,3992.0,55048.8266
218918_PK,1515.0,25507.5895
216201_BK,3495.0,72925.7501
220769_KK,860.0,21558.1877
209733_BK,2229.0,73592.233
209344_SV,1977.0,20428.5338
214625_KN,2222.0,23283.255
212156_FU,228.0,4725.1949
210739_PK,1326.0,7271.6843
211911_BK,194.0,1761.3255
214699_KK,1653.0,31261.4151
212578_CA,8549.0,172617.6543
224667_GD,5075.0,36878.8715
217237_KK,10774.0,306955.3566
210886_BK,6794.0,154811.2245
215855_BM,5094.0,135786.5747
223753_HM,36.0,241.9444
225031_GD,21.0,494.9781
216981_GD,3032.0,25794.4265
224712_BU,209.0,2262.5527
213471_TU,5754.0,100115.8401
217997_BM,1304.0,36690.446
213294_DG,7158.0,171632.0987
219030_BG,1708.0,38501.8624
224925_BU,1810.0,52438.3899
214534_MI,4711.0,24550.1379
207912_BK,4877.0,129313.8508
216307_TU,6927.0,216263.9211
210303_TL,4810.0,44312.8988
221603_BK,946.0,29945.1868
220891_BL,3548.0,86390.4271
218926_BL,707.0,5296.7546
211809_SV,6753.0,149813.8915
213188_CP,7276.0,167839.3767
220299_GD,5220.0,23770.7647
217022_GY,1624.0,64578.0404
222342_NM,7095.0,152607.3587
224206_EC,118.0,3092.6454
210315_WT,6312.0,31985.9436
224690_WT,3908.0,128892.2524
218050_KK,669.0,11571.9556
220905_CA,3519.0,121587.4404
227702_GY,235.0,7865.5434
219527_YL,492.0,5320.8029
219310_FU,4323.0,105945.1619
218511_CH,2688.0,91910.3352
218771_GN,2955.0,73844.9347
214476_RD,1019.0,27185.1284
216609_TU,7316.0,171044.1212
217350_PK,4334.0,76279.4667
212736_GY,3659.0,82753.6842
226681_BL,914.0,5502.8428
218631_EC,269.0,6768.6966
224050_YL,1332.0,24692.822
205848_GD,3108.0,14914.2637
211638_GD,10088.0,74457.3082
221613_HM,3339.0,33905.3116
217800_KK,222.0,7783.0041
212229_BK,193.0,2723.7405
215398_DG,237.0,5756.2358
216868_EC,6794.0,189307.2441
219223_GD,3918.0,16882.6941
210438_TB,147.0,932.6067
220354_BK,13076.0,236688.4993
217953_WT,4293.0,32289.0709
215967_GD,2813.0,13767.0248
216671_OR,579.0,14527.6185
211439_EC,4864.0,74386.8969
210884_KK,3717.0,58797.0079
198391_GD,5894.0,49628.2297
211156_BK,2428.0,31184.68
219463_PU,2877.0,44485.6105
224682_GD,4113.0,34147.2799
219545NC,7515.0,117524.1263
213742_PE,3433.0,30868.0451
224603_BK,150.0,1422.722
210419_WT,180.0,1273.3142
169622_LL,8329.0,55816.4554
207560_BK,205.0,3287.0986
213190_BK,6769.0,144866.7118
216969_BU,166.0,6404.1299
218944_PK,2829.0,31846.4015
212584_RD,5367.0,24220.4808
216019_BM,4097.0,85034.3261
212319_BM,1350.0,10474.2265
213970_BU,1854.0,49702.5318
215106_NV,4950.0,25785.6878
220139_WT,3769.0,48487.7795
212818_WT,1630.0,23288.1197
214298_BM,1338.0,27012.381
213555_BL,281.0,5629.7264
219278_BL,4086.0,25600.5863
216720_DM,2559.0,17581.9146
210439_LL,83.0,454.8085
222417_DG,569.0,14462.5348
220300_PK,6754.0,34185.2083
213113_BK,3981.0,23945.1156
224041_GY,294.0,5050.1288
211968_HM,4315.0,32471.8005
203831_GD,8862.0,45899.828
214159_BM,459.0,2817.7847
222368_BM,142.0,3540.2455
221631_HM,2402.0,16039.3306
218619_BM,6280.0,32153.5893
210232_GD,1814.0,11113.2786
214141_GN,194.0,1009.2602
217895_OR,3116.0,36504.9297
216443_EC,5896.0,146426.8632
218113_DN,3832.0,69762.8439
209851_LL,3492.0,130084.6049
218993_GN,4416.0,31320.8926
213083_BK,4846.0,51933.8697
221092_GD,2506.0,10913.3124
223244_HM,415.0,2479.5054
211427_BM,6707.0,126668.303
215479_LK,1965.0,28946.2809
226645_MI,64.0,450.0844
212688_HM,4614.0,69525.4254
220937_EC,2343.0,84711.6844
214941_BG,3039.0,161753.5322
220741_BM,2194.0,10709.0841
220601_BL,1.0,22.7561
219526_BM,593.0,5397.3191
215622_SV,4104.0,18830.7505
216979_GD,3258.0,17015.2715
219395_BM,2732.0,15760.7429
211544_LL,2315.0,34908.3097
216227_GD,1632.0,23998.4076
224089_BK,659.0,17759.0896
221229_BM,2769.0,34722.045
212853_SV,3446.0,17059.7313
223596_TU,3488.0,79709.1087
223254_GD,6420.0,91177.965
223427_EC,2594.0,66921.0718
223935_BK,3814.0,105421.4927
226521_BG,1.0,29.7246
224788_HM,1583.0,11491.1626
221634_HM,2336.0,17723.2517
224806_HM,300.0,5363.5013
221553_SV,1618.0,9182.3805
216049_BM,5808.0,54755.0591
218459_WT,4133.0,69453.2219
213553_YL,495.0,10274.202
211960_HM,2930.0,19295.1476
209680_PE,4160.0,22828.1614
223171_BU,2002.0,31543.516
221917_TG,3372.0,19043.8453
212590_HM,3033.0,15619.7519
223555_SV,1.0,21.1301
221231_OR,1472.0,17839.2163
213423_KK,228.0,3414.7118
223373_GD,2107.0,31296.5813
204708_SV,2186.0,11669.1009
210295_TL,8572.0,44628.0552
222895_EC,2251.0,56644.052
212657_LB,1624.0,63204.4743
215572_SV,2253.0,10948.1587
224598_BK,411.0,3200.7704
221033_WT,3359.0,41010.5814
217195_PK,34.0,655.8801
226225_LN,3768.0,21486.2283
216224_GD,7000.0,37585.9692
210346_LB,3629.0,22819.9348
216454_BK,10703.0,251767.9742
211094_SV,6288.0,34322.4663
216738_GD,36.0,476.8212
212241_KK,362.0,3023.7973
223573_WT,847.0,6213.5852
217683_GD,2392.0,14146.7797
214196_GN,395.0,9851.6405
224436_BU,2618.0,62890.3641
214322_BK,548.0,16227.544
213599_BK,5250.0,156158.5976
216553_FU,4542.0,55503.0215
191405_MI,3561.0,17279.6151
208611_EC,13163.0,252640.9377
209679_BM,3926.0,33661.8268
222418_DG,293.0,8034.5261
222949_RD,1370.0,26764.9332
226894_GD,1483.0,8131.6958
208142_BK,804.0,24741.5729
216349_YL,4656.0,27757.7032
214164_HM,6.0,26.3736
216582_LL,1234.0,8590.0559
211601_BK,6633.0,179045.326
208611_KK,8748.0,184869.8749
213917_HM,5463.0,25678.7053
220914_GD,4513.0,29589.2157
218133_BM,4290.0,40153.1632
210893_TU,5164.0,164440.5828
217011_NU,1256.0,33116.6994
211692_DM,7794.0,152994.8244
211880_WT,3409.0,24606.142
211303_KK,1721.0,59130.971
212107_BK,6486.0,162638.5175
195592_EC,7075.0,201013.7467
213125_BK,229.0,4765.2882
214452_GY,655.0,49487.0853
216010_BM,382.0,3306.9809
210964_BL,4342.0,49682.9384
216346_CA,5354.0,59543.652
215868_LM,4568.0,120451.4318
211197_HM,4471.0,31129.3345
202396_GD,2395.0,19627.7628
215953_GD,15845.0,120714.2443
223271_BM,1520.0,23032.625
221783_BG,4372.0,125253.7094
226297_EC,15.0,341.4052
222173_WT,1815.0,45894.4572
222939_BN,3150.0,102117.3807
211326_GD,852.0,5784.6596
218034_BM,4171.0,117419.1079
214067_BK,331.0,10825.9347
211914_DG,177.0,3805.9174
211381_EC,3026.0,103507.7923
204474_GD,3657.0,31159.1651
215157_BN,1498.0,36665.0508
226941_GD,1947.0,22061.3334
222897_TU,870.0,14342.7523
213426_BK,591.0,14519.4845
216666_BU,3420.0,17321.8933
213438_BM,6333.0,58230.1311
210635_GD,27.0,735.8037
219327_BN,1334.0,28344.07
222440_BM,2248.0,72500.5909
217203_BM,103.0,1095.11
215482_PK,5362.0,39860.8644
212362_KK,7475.0,138198.1166
1930091BM,2292.0,17459.4285
212434_GD,3325.0,22383.1082
216347_FU,4778.0,78505.3738
212598_YL,30.0,303.1013
224136_BK,5354.0,136801.1426
214831_WI,7285.0,185877.1341
214917_SV,93.0,867.179
222872_KK,3133.0,91103.229
223389_GY,251.0,6948.587
222630_BL,90.0,7820.9662
220446_PU,2019.0,27524.4567
181666_MI,25.0,217.8053
212008_GD,2350.0,20009.8595
220048_CA,5791.0,173510.3576
218684_WT,2088.0,63116.7932
213255_DN,2754.0,64957.7575
211961_PK,5786.0,19551.0567
218915_BL,4735.0,27575.6194
214660_BM,717.0,16214.6666
217541_SV,2541.0,17737.2676
219188_BM,3099.0,14705.0384
219556_EC,2845.0,47400.1998
223930_BL,1474.0,33545.4292
224434_KK,1747.0,48045.1916
1937091TK,5722.0,29241.0192
217238_NV,8858.0,250277.6636
218864_BL,3925.0,20619.5207
226917_BU,19.0,1034.4076
219542NC,3205.0,73063.0877
208611_LL,6244.0,113003.6221
217013_FU,3144.0,44506.4638
213927_BM,3701.0,68893.2806
224600_GD,297.0,2426.6454
216381_GD,4167.0,21831.2674
218775_GN,2691.0,68606.38
206791_SV,941.0,22964.3063
216472_LL,6371.0,132197.0412
195269_OR,12264.0,110763.5577
215599_BK,621.0,10514.1317
210403_KK,313.0,11072.1468
223263_HM,979.0,7750.2183
207912_DM,1712.0,50647.847
225583_BK,90.0,7331.7305
212540_GY,5284.0,157343.095
222857_BK,3527.0,86813.3475
225059_BL,365.0,9857.8775
217934_BK,4328.0,102180.896
206004_GD,3953.0,21331.9936
224229_GN,80.0,1898.1718
219300_BM,1999.0,9768.5325
224836_BN,460.0,13767.5875
213249_BK,7139.0,176305.6412
224442_BM,1575.0,40926.7669
215241_BK,812.0,18306.0045
212267_BM,1718.0,9857.7079
209687_BM,3591.0,22094.8909
214100_LB,5447.0,77046.4547
213571_TU,6677.0,142226.6833
213751_BK,433.0,13928.5963
224419_GN,8.0,277.0862
219880_OR,101.0,3164.9707
210894_GN,4436.0,123651.5047
207042_BM,6255.0,30104.1272
223623_EC,3057.0,86782.9197
211121_HM,4545.0,46702.4445
224864_NV,4472.0,124112.6494
222875_CA,1072.0,37226.3504
216309_BL,6569.0,143348.8253
223222_HM,405.0,4050.3499
201255_AM,6012.0,39387.6263
211617_GD,1080.0,4162.2217
220855_WT,6652.0,38443.773
225203_BM,838.0,21931.4983
223858_SV,566.0,3418.0578
215602_YL,6322.0,146307.2291
215953_BU,1280.0,9273.842
221816_CL,3460.0,34612.64
223831_BN,2084.0,68104.0248
212049_RD,173.0,4526.76
196653_GD,8745.0,81817.7745
215574_SV,2654.0,16136.4367
221520_WT,3167.0,76125.9791
223644_BK,3018.0,94707.1512
215675_BK,12639.0,372423.0782
223571_BK,223.0,6625.1159
215896_TQ,4717.0,26661.4299
221013_BM,4202.0,75292.3088
214492_BK,5382.0,169276.909
218800_OR,210.0,2747.976
221970_BN,153.0,3894.3336
221619_HM,195.0,1541.6166
216541_YL,6389.0,172489.2116
208144_KK,10651.0,195634.9366
221291_SV,1861.0,10023.4003
222431_BU,211.0,5503.484
219281_DM,3829.0,14585.4673
221812_WT,1833.0,52643.442
219201_BM,3436.0,25051.7544
210741_HM,2653.0,22224.5147
195269_DN,9580.0,88193.174
222182_BM,2235.0,50620.1392
224742_BK,1495.0,24403.3457
220688_EC,1130.0,29831.811
218093_SV,754.0,22196.4004
209311_SV,2932.0,12415.1744
213110_BK,3911.0,18993.6354
224967_DM,886.0,8250.8163
210746_HM,3442.0,17418.5674
215201_DM,2925.0,55546.085
223022_BK,4906.0,166745.0202
227683_RD,129.0,3461.4456
218939_DM,5300.0,25608.3403
224468_CA,239.0,3704.9147
208611_NV,7835.0,173003.9327
210888_CA,6649.0,75956.2657
217298_SV,1667.0,7969.7361
225149_TU,211.0,4930.107
224890_BN,1669.0,74276.2028
209817_TU,9798.0,234303.1399
219761_IV,3212.0,38133.2932
210892_OR,6900.0,108945.137
213921_JN,1364.0,7940.6774
211268_GD,482.0,1506.1966
216118_GD,6852.0,65032.1985
217557_EC,3267.0,78798.3792
220340_GD,2429.0,18011.2437
215606_BK,8913.0,174225.2004
224584_BK,3.0,19.7025
223581_LB,368.0,10949.3472
214627_MM,1.0,10.7355
224939_BK,1624.0,52230.5826
217036_DG,192.0,4336.0743
212781_PU,407.0,29075.452
220435_GD,1631.0,15374.2858
215820_BK,1818.0,43195.7238
214570_BK,3959.0,14732.8122
212499_HM,1.0,9.2074
223987_BK,953.0,25711.03
219465_OR,3119.0,38608.8288
210726_KK,1019.0,28894.9569
218871_CA,6232.0,143761.0719
217937_RD,2012.0,51649.3396
224519_SV,973.0,5989.9457
2020652BM,1749.0,5135.1238
211687_DM,1595.0,9022.7553
225499_BN,982.0,23641.4781
217355_SV,5356.0,27927.2986
223000_GD,1921.0,17572.1483
215943_GD,5016.0,35969.0114
215440_CA,8809.0,195516.9476
212967_GD,3818.0,24783.035
214938_BM,198.0,4232.2519
222891_NV,530.0,14031.031
221089_SV,1833.0,15690.3869
222423_PK,239.0,2856.3987
213429_BL,453.0,13421.8868
219280_SV,1329.0,10587.9136
222567_KK,1044.0,16863.412
225694_BK,113.0,2481.4148
209622_BK,8376.0,209525.648
214631_EC,384.0,17511.3269
224937_BK,121.0,3659.2515
209061_GD,3425.0,18942.6704
219196_BM,3301.0,28720.963
214426_BM,5707.0,111184.189
181666_BL,7332.0,34838.9411
1886662HM,5649.0,35150.116
213480_BU,3033.0,68567.4158
218481_BM,1779.0,15731.4276
214703_GN,3811.0,92830.2649
220524_EC,3530.0,49918.1048
215915_IV,3365.0,20345.0433
211439_PU,4262.0,60282.5633
217028_DG,199.0,5852.2071
215655_SV,4613.0,29623.5624
224927_GD,16.0,359.7285
218113_PU,2428.0,43718.8632
226387_PK,1834.0,50706.9341
219418_EC,5674.0,154006.2136
225147_WT,380.0,16848.2594
215651_GD,2010.0,20246.9534
212794_BL,2495.0,30676.1438
224470_BK,111.0,1207.516
216270_BM,3031.0,27303.3836
215115_LL,1870.0,65707.7111
221475_BM,4944.0,148397.5792
224864_BL,149.0,3765.2628
218688_GY,2761.0,75298.1688
222434_NM,5572.0,148754.4881
220936_EC,2827.0,77994.9114
223454_BK,2911.0,74066.7753
216927_BL,393.0,8456.7096
215032_BL,3752.0,77294.47
219087_CA,5886.0,156289.3093
223005_PE,9005.0,50621.6182
224998_BL,713.0,7455.3945
211107_HM,15.0,109.493
201255_PU,5348.0,27183.6375
212239_BK,699.0,5884.503
209009_GD,7349.0,38685.674
214788_BG,288.0,12590.5408
223869_LK,1059.0,28027.0184
218473_CA,5498.0,170709.2316
212156_EC,271.0,6071.5727
226310_PK,7.0,160.6431
210434_BL,54.0,358.6721
227314_BU,31.0,3868.7683
212125_FU,5263.0,103141.8902
223896_BM,167.0,3656.5104
217697_GD,3410.0,28756.7258
217151_GD,5245.0,43416.435
214980_EC,1580.0,53486.2407
222178_LB,2694.0,42281.217
224088_KK,1405.0,55415.8798
215958_GD,3280.0,42946.3966
221278_SV,317.0,1863.8631
211176_GD,6323.0,34439.7057
223612_EC,533.0,17727.574
218160_KK,1139.0,16505.8542
227209_DG,63.0,1733.3664
216103_GD,9901.0,52602.9938
220764_YL,3556.0,64474.6684
211923_PK,2088.0,15258.2483
225201_BL,856.0,23290.3362
222737_NV,2356.0,62755.7285
215202_BL,3743.0,39811.1687
217967_RD,1730.0,25637.3622
217313_SV,4357.0,22830.1216
217026_KK,5394.0,133100.6823
216472_BG,4228.0,106895.5836
215907_IV,30458.0,172869.4303
210953_GD,45.0,584.5919
222835_BK,4180.0,94790.5591
224017_BK,1389.0,33556.79
220829_EC,1987.0,17799.2025
226535_GY,1283.0,36216.0384
217087_CA,6636.0,145313.3992
209345_GD,8561.0,45895.4181
209321_GD,6222.0,26344.3474
218365_WT,986.0,6132.5609
220952_EC,776.0,23374.2714
225699_BM,3.0,120.8674
214342_BG,1165.0,16825.7754
219600_CL,7111.0,178468.6294
223909_RD,1646.0,16899.8472
220275_BL,510.0,12817.9205
223610_BK,5877.0,166957.7437
211778_PE,917.0,7382.6701
195325_BB,13946.0,285293.8304
209168_GD,4512.0,42241.1105
227171_DM,581.0,4581.0541
218321_BN,713.0,6663.3336
209339_PE,521.0,3019.3495
219662_BG,3607.0,96318.4777
210339_BM,3000.0,18606.2965
218511_BG,1760.0,61350.6668
222173_CA,1670.0,43095.4071
211835_BK,5320.0,73108.8646
219522_EC,1836.0,54607.8974
215119_BL,2972.0,82201.1684
213075_BK,2837.0,11160.9126
221844_CL,5325.0,49045.8633
217381_SV,4218.0,22264.6328
222943_YL,1669.0,35563.8272
208715_EC,5166.0,36822.6421
227077_EC,309.0,10487.5
220275_WT,3790.0,103054.275
220524_BK,4002.0,55753.6841
226480_GD,477.0,4054.5401
212323_GY,4868.0,121033.3364
218511_RD,1755.0,59684.6077
227167_DM,200.0,3191.7965
220053_BM,5154.0,111134.0513
223908_SV,2541.0,19067.7881
221286_SV,2542.0,14226.6207
221081_SV,6384.0,47920.3375
214438_EC,7079.0,151494.9425
223027_DN,3631.0,27416.7908
219028_KK,461.0,9135.7175
220387_WT,6634.0,174440.1323
216396_BM,196.0,5358.9676
214039_KK,5255.0,89750.9851
1765495HM,4143.0,19358.526
218964_BM,371.0,8264.3526
215526_GD,428.0,4246.8718
224568_BK,362.0,3938.6647
219296_DM,3555.0,26743.0995
223354_OR,2893.0,26319.1234
211905_LL,2175.0,17267.1814
216449_BK,8689.0,212715.1193
212635_YL,1647.0,22383.794
211686_DM,2405.0,17394.0293
219682_EC,2844.0,52217.898
217119_LM,9433.0,202554.265
215524_GD,656.0,4708.5616
225510_PE,1142.0,7960.9672
210944_GD,7.0,177.9778
217887_PK,1613.0,24040.9221
220319_GD,1871.0,5044.8188
226357_SV,275.0,2086.6179
216016_BG,6577.0,204587.1658
214108_BK,4970.0,78416.0304
221881_BM,5663.0,32133.9032
224751_PK,1471.0,13541.7737
214833_BM,5772.0,40474.0103
222830_PK,343.0,6748.8859
222732_GD,158.0,3354.2312
214546_DP,4098.0,56229.9463
177781_PU,9958.0,54343.1162
215115_GN,7982.0,257308.5687
220392NC,6172.0,146055.1992
213434_GN,389.0,21393.4442
210055_CL,4190.0,51071.1496
214451_BM,2923.0,75745.8119
208038_WT,4010.0,105215.5345
209013_GD,13676.0,58876.4316
224702_BK,1124.0,29034.6267
210748_HM,1187.0,12562.9711
206909_GD,3157.0,26002.5554
224672_GD,1283.0,12863.126
221108_GD,3254.0,22749.8004
225025_GD,12.0,274.9593
214781_LK,6294.0,46975.6256
218267_CL,5405.0,127087.4032
224591_BK,187.0,1404.3758
222007_OX,3567.0,27575.0463
209729_WT,6860.0,183627.3514
210640_GD,29.0,288.8594
217462_FG,3831.0,18640.8
223809_HM,1832.0,21097.7727
220509_GN,3860.0,94696.0399
219048_PK,133.0,1625.2293
216291_GD,3677.0,20111.5216
217168_BK,3464.0,66443.3273
215177_PK,5180.0,35785.709
213970_WT,572.0,13420.77
215221_SV,125.0,2040.3754
211379_YL,3776.0,123563.0688
226290_PK,553.0,4907.133
219065_SV,2404.0,11947.5456
222421_PA,2670.0,41174.5697
223644_BN,2287.0,70243.4061
209162_GD,5906.0,52226.7556
220711_BU,5462.0,161621.1504
219234_BN,208.0,6175.8723
213333_GD,1.0,4.8699
212030_BK,1878.0,42598.0971
222316_LB,2324.0,42885.7825
212631_KK,374.0,10548.7394
217173_BM,3049.0,41733.5911
221195_BK,1814.0,26533.3624
214094_EC,137.0,2997.0984
214245_TU,9242.0,196211.5683
210930_BL,7266.0,161145.0361
218905_BL,2018.0,8028.5572
217362_GN,6744.0,153970.2867
225662_TU,134.0,3488.8539
221164_BM,6090.0,30082.1858
221135_GD,90.0,6029.6547
218533_GD,3966.0,18946.0977
210979_BM,276.0,3252.973
218938_HM,3679.0,17628.7425
217483_BM,7050.0,50916.4486
1709381BM,4037.0,34548.3643
217168_BN,3362.0,60389.2254
207835_BK,4929.0,30032.7095
210163_EC,5096.0,35022.1017
225670_LB,1528.0,11413.9103
213645_PK,4521.0,69911.1576
223854_SV,3089.0,14719.9934
217799_BL,92.0,2342.5275
223807_BM,372.0,8035.2052
226291_EC,4.0,120.3701
214666_BK,8615.0,225810.8692
216653_LB,3395.0,14977.9734
211039_NV,2499.0,11550.4088
200421_DN,6895.0,65011.0118
225505_PE,1242.0,9067.1434
223625_BK,3737.0,92745.735
211676_DM,4417.0,21314.0629
2055261HM,4735.0,34262.4065
216099_TU,6455.0,103343.5887
210931_PU,3910.0,127978.239
219205_BM,3776.0,21715.9239
224482_YL,480.0,3492.3823
213822_PU,2391.0,8602.6368
216597_DM,4001.0,96036.7197
226297_KK,16.0,422.2075
211769_DM,2299.0,10794.8721
214371_EC,5260.0,148378.5636
214582_MI,4001.0,21219.7102
209518_SW,7682.0,176194.8181
212048_BM,253.0,4872.2689
212623_BG,5413.0,117820.1641
214790_DP,4119.0,62202.6897
216252_RO,1708.0,13986.2184
217881_EC,6377.0,156377.8169
215478_SV,36.0,292.5605
221118_GD,2261.0,14426.6791
224992_BL,422.0,6331.6356
211645_GD,1039.0,4699.6848
217638_GD,1841.0,13277.3017
224294_YL,297.0,9021.9368
212946_BK,4978.0,36504.7997
220462_OR,5651.0,18726.3038
206548_PU,403.0,5179.2246
221600_PK,2062.0,39109.1413
201841_RY,5939.0,22748.1539
215953_SV,2254.0,17149.9258
209221_PU,2524.0,55451.9355
223059_GN,2468.0,13634.1308
1586851BL,2416.0,10586.1598
211783_SV,3129.0,21309.5757
202076_BM,2156.0,9939.225
222682_WT,1739.0,19663.9057
216113_GD,7141.0,87746.567
210596_CA,707.0,31985.9609
211069_NV,2610.0,15980.6561
224484_BL,406.0,9610.8576
212612_BM,27.0,488.1642
214225_AQ,6893.0,135205.5291
225686_BG,817.0,22638.874
216758_BK,862.0,21783.952
227082_DN,726.0,10317.0862
215573_HM,1515.0,10062.3173
210841_BK,8797.0,168133.9719
217196_PK,49.0,540.0212
218578_GD,3531.0,13278.0268
218667_WT,1.0,36.8571
213848_BL,362.0,5263.3101
226486_GD,610.0,4127.1856
226402_BU,168.0,1544.3868
215315_OR,1224.0,27462.7951
218406_GN,2770.0,44835.6293
214017_BL,4080.0,21647.7649
209280_GD,7513.0,55416.8423
215597_GD,3055.0,21797.1269
216099_BK,8420.0,168043.5761
225683_LK,719.0,5692.2543
205683_BK,4972.0,25133.618
213925_DM,1291.0,6615.4814
212790_KK,6467.0,155677.7899
223516_OW,236.0,5063.3655
215988_MI,5952.0,18035.0701
1912911SV,4194.0,21526.9838
224633_BK,4358.0,23986.4699
226408_BU,15.0,168.8815
216309_EC,6661.0,156320.082
221221_TU,4186.0,99229.3155
222954_KK,5997.0,147104.4584
215165_LM,2248.0,19584.7747
221628_HM,3218.0,24468.4624
169622_IV,8481.0,62725.5864
207923_TK,4279.0,28897.9597
215541_SV,506.0,2885.0787
212320_BM,961.0,4420.001
225236_WT,1309.0,12623.1769
215570_GD,2376.0,16222.7382
216616_PK,1752.0,16058.6357
220565_CA,9160.0,215144.7002
212029_EC,4759.0,87040.4531
219025_BL,4083.0,23656.0955
224898_SK,763.0,5747.5918
216629_BK,93.0,2572.5557
223639_TU,2169.0,74735.5249
222233_BK,2.0,42.6094
216083_IV,8806.0,86181.0018
212953_HM,4530.0,30842.3601
211680_DM,1841.0,15848.6256
224801_TB,5151.0,24275.5763
221737_PK,2092.0,19312.6917
227202_DM,151.0,1342.7681
221855_BG,4085.0,112738.2617
220166_IG,9071.0,167761.4566
221050_WT,1545.0,26091.6662
216674_DM,5962.0,37218.6724
223920_TU,1376.0,25458.5594
218339_HM,1185.0,6525.8548
224897_YL,517.0,4391.9827
210791_EC,7176.0,159332.9379
215011_GY,155.0,9524.6176
222541_CA,2175.0,39742.9161
222937_CA,3949.0,126293.1714
219069_GD,1002.0,6503.9196
216881_HM,5044.0,27152.2372
216255_IV,6128.0,28734.5702
217199_HM,3797.0,19194.8539
214027_BU,723.0,15794.5771
214130_CA,9898.0,326031.8982
212679_GD,1479.0,17021.7598
224123_YL,1191.0,13613.4316
1910582HM,4053.0,18644.1929
221820_OL,1105.0,7998.4454
224904_SK,619.0,7346.8702
225030_BL,38.0,438.1078
210550_BL,820.0,25808.9003
222350_TU,3844.0,100839.5129
214409_MI,3451.0,27905.1814
219165_GD,3934.0,17343.9916
220851_WT,5834.0,33429.41
1959052BM,5935.0,31950.7719
216004_RD,415.0,2620.5468
212410_HM,1467.0,29901.7884
224330_NM,2483.0,45159.125
224844_BN,1099.0,19162.4404
221114_SV,1533.0,8251.9019
209965_BM,6343.0,117636.4901
216102_PE,3811.0,21690.1679
212868_SV,2404.0,14719.4649
222240_NV,2544.0,47385.953
214043_BM,3672.0,24133.2262
225247_WT,1444.0,7713.6229
220873_IV,3729.0,35342.4481
224684_GD,3325.0,17648.5215
225672_HM,2812.0,20601.4954
219714_RD,376.0,10541.0591
216016_PK,1068.0,36328.9655
217657_GD,3683.0,20174.9321
215444_LG,6409.0,155654.4361
210899_DM,9538.0,240178.9084
221815_CL,572.0,4112.8419
220726_BM,2082.0,36592.8521
210295_WI,8165.0,35630.6252
224556_BK,116.0,2907.7755
215165_TU,2793.0,25512.549
223123_PM,2188.0,16526.235
225265_WT,85.0,529.7905
220900NC,2471.0,41830.2069
220322_BM,5462.0,43582.5972
221280_BM,3697.0,16882.2178
223167_EC,2969.0,105847.4255
1910583HM,4967.0,22524.8773
211725_GN,1399.0,6228.388
209286_GD,3841.0,27259.745
211548_BM,4743.0,33618.9072
218170_EC,15581.0,341472.7077
211173_HM,2990.0,14307.9556
214279_BG,5720.0,94146.1279
221107_GD,2993.0,13557.9445
216759_KK,328.0,19279.7246
221646_WT,3658.0,90878.3134
215576_HM,1201.0,9130.6954
223849_RD,4246.0,23864.8143
216481_EC,5239.0,125554.7808
209024_BL,4361.0,91113.628
226884_GD,17.0,186.4462
188665_HM,4065.0,17897.0565
221018_WT,4472.0,32297.8866
217413_HM,5505.0,33975.9487
226435_CA,1.0,18.6291
221330NC,5304.0,115166.171
2129740HM,3713.0,16130.816
206395_BG,7115.0,164784.0242
220815_WT,5430.0,41409.954
223779_LB,906.0,6923.5487
216339_EC,12390.0,324091.3414
215929_IV,6312.0,47111.2198
169622_TL,6649.0,32262.992
224726_HM,430.0,5097.3427
224472_PK,108.0,3225.8423
223612_BK,1007.0,33312.9201
213005_HM,1952.0,8523.2529
222010_PK,731.0,9346.0293
225326_BG,205.0,6684.133
212999_HM,5700.0,38356.6794
218459_LL,4464.0,88937.005
217388_SV,1048.0,6000.8673
214665_BK,6553.0,136241.0045
223660_BK,163.0,5518.1932
213366_HM,5744.0,50829.9798
211780_GD,3997.0,34881.1829
218261_GN,2486.0,70900.6178
210432_LL,78.0,475.9996
224859_WT,6954.0,188226.0275
212508_HM,3369.0,23576.67
221021_WT,3648.0,36845.2382
216379_FU,1894.0,26448.4334
214092_BM,182.0,5619.5137
220318_BL,5660.0,29367.6526
221855_EC,1995.0,55992.5006
218678_BK,4610.0,68162.6904
212224_KK,243.0,9384.0971
215650_GD,3179.0,16960.4608
212380_GY,3723.0,57994.245
223931_CA,747.0,12865.5092
224303_HM,3203.0,24391.9583
207645_EC,9530.0,238244.1826
216623_SV,4868.0,70712.4432
218592_GD,1643.0,8807.2158
221098_GD,4316.0,24299.8777
213142_SV,4158.0,22630.8995
209867_GD,3830.0,34973.1493
220490_BM,1138.0,5161.5444
216832_HM,5553.0,39110.8087
224794_TQ,24.0,187.0272
226670_BL,399.0,2955.225
217133_BU,3327.0,34455.9644
215222_KK,126.0,2127.0209
220903NC,1882.0,37899.1037
213903_HM,3036.0,15553.9749
212803_DM,1630.0,21931.7867
219972_BL,6780.0,33712.6794
215621_GD,4896.0,26698.7277
211257_GD,4640.0,22313.9002
224740_BL,1819.0,10567.95
210747_HM,2694.0,17050.5525
224607_BK,2229.0,16833.7062
2178661TU,4664.0,115970.5618
1658233BM,5318.0,25376.9322
211666_PU,1767.0,8747.1278
210752_HM,1559.0,9726.7152
221230_BK,1388.0,39442.5469
217029_KK,7018.0,142857.8847
226293_PK,866.0,10841.0839
210799_BG,7934.0,147048.7867
214676_HM,2322.0,25693.3787
215955_GD,6916.0,37863.7438
214915_BK,126.0,991.4347
222240_BK,5347.0,99293.0887
227160_GN,2.0,16.9154
211994_PH,3995.0,14701.7787
1707320HM,6060.0,37787.1807
220147_NV,4688.0,89230.559
213743_PE,2820.0,38586.5248
223175_BG,685.0,11732.556
1735491PM,8158.0,37681.5534
214936_GN,3538.0,150362.9256
162651_MI,4694.0,19908.301
221077_BK,163.0,3838.6275
219516_KK,4160.0,75874.3858
217310_SV,5247.0,35496.5742
217231_OR,2405.0,57015.554
212380_LL,3666.0,55232.3997
208728_EC,6345.0,75312.8871
221593_EC,3042.0,56288.1994
215608_SV,2261.0,21000.4818
215950_GD,6152.0,50409.0661
212191_WT,238.0,4264.6652
212520_HM,2496.0,13324.6061
1709383HM,3652.0,25983.9894
210585_NU,487.0,9987.626
217431_SV,26991.0,147080.9636
210629_GD,27.0,563.4409
214060_BL,3473.0,17727.8799
209317_SV,4064.0,18986.0861
210433_FU,50.0,342.7363
215577_HM,1017.0,9525.1619
225005_BM,133.0,7445.2818
169622_AU,6124.0,40894.2835
205683_WT,16294.0,72804.1382
212156_BN,263.0,6888.0929
216062_BK,4420.0,121452.2723
209865_GD,6277.0,61374.7704
186745_HM,5687.0,27544.903
218625_VT,1446.0,8865.6301
225583_CA,65.0,5270.6111
214666_BG,6818.0,184053.5624
224822_NV,2197.0,34110.4326
223053_TG,3740.0,21785.264
203836_SV,2603.0,25624.9728
221105_SV,3406.0,19175.7675
217645_PK,528.0,4482.9127
215119_GY,3726.0,79844.7425
217178_CA,431.0,9106.0426
205235_SA,7624.0,49242.0606
206044_EC,855.0,13016.8043
218676_GY,3710.0,80436.2139
208952_LM,7537.0,121200.3384
215206_BK,4666.0,76716.2576
211852_EC,5112.0,141215.7852
227234_OW,59.0,3744.4244
224559_KK,10.0,189.4402
221766_PK,347.0,6251.225
211562_PK,2068.0,65219.0242
224626_BK,2148.0,19619.1544
207912_NU,7403.0,215551.4828
2020780HM,3287.0,27376.1777
223069_PM,4064.0,41488.6817
209343_PE,7762.0,40504.7515
206305_DM,2243.0,20071.2178
218154_TQ,995.0,6172.7285
212185_BM,1370.0,15868.6063
224911_WT,23.0,530.3515
225596_HM,3368.0,40727.947
1936220HM,5973.0,28681.8454
2062121HM,5387.0,25918.8616
210230_GD,2260.0,11846.3426
218284_BK,2059.0,53584.2383
213650_BU,1395.0,40850.9485
218465_FU,3446.0,17696.1686
221746_FU,404.0,7963.0519
215603_GD,1907.0,9316.609
219971_GD,6594.0,34571.5288
213571_GN,4490.0,106459.7078
214229_LL,2861.0,70783.948
219216_GD,2836.0,14416.2999
211694_PK,740.0,17041.7112
215919_IV,9379.0,65073.3142
211029_EC,3700.0,76899.2429
225514_PE,1517.0,14422.2892
223765_BN,203.0,17036.2094
211909_BN,2473.0,40063.1829
208015_EC,5117.0,49282.4957
220570_BL,309.0,11022.1881
216080_BK,900.0,17634.9246
1940410HM,5522.0,38724.2552
215965_GD,4064.0,22415.3534
210255_GD,5452.0,49195.3607
222998_PM,2922.0,21608.9188
213919_GD,4992.0,39434.1522
224975_BU,314.0,7203.9262
219847_BM,70.0,458.8855
211834_BL,6855.0,208127.8431
221045_WT,5494.0,39486.2826
221440_RD,1356.0,22826.7385
216316_KK,4831.0,77652.0479
222458_BM,2174.0,26222.7905
218942_GN,4888.0,47719.8559
216727_MI,4930.0,20140.3419
215514_CA,473.0,8234.177
212238_KK,703.0,12308.028
213189_TE,6795.0,161533.4843
170938_IV,3311.0,29069.4263
221869_CA,2012.0,61959.63
213553_DG,3847.0,57416.9093
219768_IV,4239.0,23331.4624
216437_GD,316.0,8109.2669
1983910BM,1836.0,18242.0451
221253_TU,1982.0,53691.8128
216363_FU,6729.0,78217.1056
214256_BK,5083.0,78642.4531
222835_KK,4211.0,94774.5639
218081_EC,1236.0,39176.9046
218069_BL,4180.0,79392.157
212253_BM,2218.0,7967.0452
210337_BK,1091.0,35153.2902
220001_YL,372.0,8843.9808
217452_HM,1401.0,8074.3649
211711_GN,10132.0,205001.4471
222482_BK,2678.0,83430.9086
221678_PK,2869.0,50285.6649
224893_BM,448.0,13313.515
223532_EC,143.0,3708.8139
217270_PK,1427.0,21015.6159
219236_SV,1798.0,13320.4839
227559_GD,2749.0,38254.7733
212689_HM,3387.0,26972.7383
210027_EC,7931.0,149682.4135
208729_EC,5858.0,71595.1827
218536_RD,94.0,932.6838
214978_BL,3651.0,70584.0073
222432_BM,912.0,29262.1739
220333_GD,3549.0,43377.6527
208079_PK,4398.0,44338.2564
216550_CA,5645.0,95909.4316
212308_BK,8939.0,203184.2906
224654_GD,939.0,5220.0681
217640_GD,3553.0,14737.2462
218171_GD,17146.0,504902.6618
212085_OR,2993.0,22168.7201
211976_HM,3415.0,34779.1565
222034_GN,4669.0,121525.8441
220402_GD,6386.0,55511.7938
210751_HM,6315.0,45521.9874
218004_BM,2227.0,63289.3416
211118_HM,2017.0,15071.5883
212376_GY,5976.0,114970.5608
201857_BU,343.0,3010.3546
210303_BM,2334.0,15543.5018
214006_CA,276.0,6620.3692
216440_GD,390.0,5530.9057
222227_BK,3210.0,93572.7781
222608_CL,1453.0,10884.5765
224403_BU,2215.0,16389.6664
219363_DM,3595.0,33008.0935
211628_GD,1018.0,5344.1765
212229_OR,184.0,2445.1654
220597_HM,1713.0,12551.9923
172276_PP,3589.0,19828.1404
208711_WT,4707.0,52551.3934
211156_SV,3030.0,40389.9445
217733_BM,2663.0,74499.6765
214884_BK,7556.0,174833.3583
222136_BK,393.0,11813.5611
218940_BL,6203.0,32917.1374
224730_TL,3522.0,19848.6972
212133_KK,69.0,3153.6307
220031_BM,6658.0,41222.9049
2141221BK,354.0,3995.9912
204741_IV,7697.0,85820.7323
212671_GD,3154.0,13875.3964
211950_HM,1017.0,6910.0757
221710_BM,4935.0,130016.3508
209170_GD,5515.0,47906.8141
215623_SV,1567.0,51916.1038
221912_PK,4975.0,123122.0793
214595_GD,2503.0,16564.2687
224549_BK,1387.0,15189.7456
227010_BN,290.0,8751.1327
216561_TU,7270.0,194340.4829
215960_GD,6650.0,47482.9257
208293_DM,4021.0,18620.2813
213892_PU,1181.0,11064.6966
213152_BK,4868.0,18156.1877
224557_KK,40.0,677.1972
205182_LB,2407.0,22596.9518
210547_KK,1607.0,46446.4479
212556_DN,2005.0,20846.0462
216479_EC,6666.0,155448.5701
219893_GN,1560.0,59500.1884
218626_GD,962.0,16004.8864
215361_BM,255.0,6420.3476
224006_KK,2945.0,58700.4751
210403_LM,214.0,7789.2945
212925_HM,144.0,13465.6562
215528_GD,555.0,3092.4296
216992_BM,3.0,18.9165
220854_WT,3334.0,18626.5422
223214_WT,1189.0,14254.8191
223634_EC,1237.0,31272.2994
223871_WT,4800.0,125554.2068
218156_RD,144.0,4051.8206
211062_BM,41.0,551.4785
216875_LG,7757.0,159379.7756
222104_WT,210.0,7333.857
215930_IV,3085.0,33213.2594
222631_BU,1006.0,60142.5775
217285_BM,2048.0,12806.184
217018_EC,10681.0,219277.5194
223301_MT,3871.0,21731.1627
208144_BR,6906.0,122225.3009
212645_FU,8641.0,279724.0993
212376_LL,5257.0,89836.7233
213876_GN,5287.0,127758.6321
216358_MD,1788.0,48355.9459
224962_DM,601.0,13325.8613
226348_BU,446.0,3528.4279
214311_PK,457.0,6262.1154
224439_CA,66.0,2281.8939
212498_HM,5404.0,35065.6064
212205_DM,562.0,14512.8608
215514_PK,1.0,22.7561
222272_NV,4610.0,57294.1535
221762NC,2795.0,65365.1078
211335_KK,58.0,1730.4398
1983930BM,1.0,6.6583
213655_NV,2706.0,74418.4014
213744_GD,2861.0,21663.5243
211551_BM,5276.0,65500.9794
224542_DM,191.0,1630.9083
211103_EC,950.0,14077.6718
211238_MT,11.0,72.3204
223614_EC,922.0,26488.6081
225582_BK,113.0,9600.1656
222893_WT,1480.0,45816.2535
217522_SV,2330.0,11878.1568
1735492BM,14126.0,63813.0937
222702_TU,511.0,21210.7302
222943_BU,1952.0,41411.7371
211715_DM,2184.0,15567.2077
209347_GD,661.0,6740.8351
214410_BK,505.0,13434.6528
219558_CA,3660.0,54731.307
223353_GD,1544.0,29389.2854
219770_IV,3458.0,26644.1992
216220_GD,8441.0,73790.2188
188665_BM,6382.0,46672.9135
219171_BM,3800.0,19938.1374
222340_TU,2971.0,64794.5004
225023_GD,37.0,965.6975
211148_PU,4225.0,42060.006
216092_SV,3813.0,51620.3177
225681_BL,1966.0,11046.3545
208725_EC,4568.0,69998.7307
218322_BN,322.0,2430.0453
214430_GN,3910.0,95135.742
217007_BL,442.0,11124.2334
223178_BK,1320.0,31237.3816
227151_DM,8.0,49.8918
212517_HM,4152.0,23862.3752
211198_HM,4806.0,27252.6834
214654_SV,2166.0,26383.399
217550_EC,5790.0,149749.2159
219262_DM,2323.0,11965.5691
214605_MI,4513.0,28535.8038
224950_BK,200.0,3373.6957
224531_BK,142.0,4185.8728
212248_BM,1711.0,12550.1835
216575_TU,2521.0,60522.2949
215994_IV,3884.0,46557.1602
212820_BK,4523.0,58971.519
222903_BK,2506.0,87266.7742
216735_GD,66.0,1948.8459
224486_BK,795.0,24209.2489
212737_GY,4275.0,94542.634
221704_BL,2740.0,80102.234
222291NC,4695.0,42472.591
222262_EC,6486.0,166903.7467
218521_HM,3207.0,31363.0708
215571_SV,2657.0,15869.1618
219097_HM,3211.0,28382.6444
212414_PU,1436.0,22904.488
214557_BK,2665.0,15490.6454
217419_HM,4962.0,30565.3301
215108_BM,2073.0,9609.7609
209556_GN,7327.0,181032.4344
221114_GD,2707.0,14675.4842
219340_PK,2123.0,10502.3585
210407_BL,2261.0,43664.3057
220334_BL,2412.0,50926.6576
216076_BK,3534.0,94710.8531
217003_BL,2785.0,19208.6097
210587_OR,1047.0,11406.4369
212093_OW,1244.0,27614.8415
227885_BK,215.0,6531.0765
210931_BK,7621.0,259083.1829
210899_BM,9526.0,183367.1298
223699_BL,1214.0,14529.8512
223666_PK,126.0,3136.0246
213188_BK,11774.0,268530.6802
214889_BK,542.0,7904.8721
224491_GN,59.0,1671.7276
220764_LL,1975.0,39068.9954
222675_WT,425.0,4595.0303
218910_BL,5474.0,31519.4741
226491_GY,436.0,12345.8427
210852_EC,1722.0,15792.7958
216690_PU,4114.0,69809.3483
210338_BM,2850.0,17083.505
212229_BM,187.0,2909.101
220872_IV,3367.0,19055.1877
218525_BM,5780.0,52619.6712
224985_BL,152.0,2187.2962
226207_GN,236.0,7177.8087
219720_BL,5103.0,134190.4888
222460_BM,1628.0,22513.5514
220328_BM,1674.0,15735.6661
220948_BL,4211.0,41522.614
213551_BM,6382.0,143240.1472
2116620BM,3253.0,12903.8333
218653_KK,2385.0,36743.8407
218290_SV,3291.0,67833.9175
221581_HM,1286.0,9163.1773
214006_GY,6526.0,156900.1822
211970_HM,2398.0,19190.7762
220401_EC,5733.0,121802.3883
223935_CA,2166.0,60763.9515
211729_GN,1953.0,9098.0922
209973_EC,5166.0,75806.5256
214181_SV,3597.0,148933.4829
212013_GD,3751.0,22514.7527
210412_LB,4730.0,19257.4938
222946_EC,3762.0,95362.089
216549_CA,4907.0,82752.7229
223194_WT,2989.0,81924.8099
215317_PU,1942.0,59305.0745
224848_BK,427.0,7292.2511
211793_OW,462.0,13082.134
217092_CA,4443.0,65075.4661
211934_GD,2003.0,19867.4144
218635_BL,3869.0,120259.3602
211097_HM,2127.0,26187.6917
212474_HM,3696.0,18413.4199
208148_BK,9507.0,205258.9109
226819_GY,231.0,7565.4314
221620_HM,1519.0,8862.8817
217204_RD,105.0,533.3169
212552_HM,3567.0,14430.5926
220829_PU,1067.0,9721.322
221485_HM,3304.0,20204.229
224096_EC,153.0,3823.6043
224137_WT,109.0,3601.9212
211411_WT,4387.0,42957.6562
221162_CL,1332.0,5734.8424
209850_PU,188.0,11926.7945
206915_SV,2855.0,14431.1956
214516_KK,6395.0,145325.0646
206990_TB,3526.0,17925.4796
224052_EC,47.0,1251.3826
220775_LB,2330.0,19382.2092
212004_HM,3155.0,27639.4073
226649_MI,2.0,14.7253
162651_TQ,5549.0,27875.6961
219389_KK,2968.0,82609.4204
169597_LL,3831.0,19220.0681
215504_GD,10613.0,59273.4366
216704_GD,3283.0,17929.0122
218775_NV,8870.0,221167.6016
211043_BL,2603.0,16606.4671
220874_IV,4392.0,43131.6065
224874_CA,360.0,12418.2082
214885_BK,7053.0,61259.339
224127_BG,1338.0,37891.5482
219671_GY,2404.0,52694.7475
220681_BM,177.0,4808.4862
211357_DM,3856.0,53567.5641
218223_BG,2515.0,88492.5574
219562_LB,5188.0,60592.7133
216479_BK,8700.0,211559.7507
213373_BK,1718.0,34385.6293
216994_BM,2889.0,14700.6737
209326_SV,2067.0,15501.3418
224529_BK,257.0,9610.0756
216743_BK,231.0,6992.8019
215619_HM,4675.0,34585.4024
210971_PU,1959.0,24108.4077
220728_PK,2146.0,10874.9461
217316_SV,5320.0,24324.8675
213431_OR,4352.0,43825.4072
209692_BM,2567.0,15029.6088
218037_SV,3784.0,99368.3989
213666_BM,6665.0,115599.0666
221015_IV,4484.0,42654.7687
224161_GD,3886.0,36293.9169
218931_HM,4438.0,28246.7212
195269_WT,112982.0,1012341.1839
215523_GD,270.0,1766.3986
216875_BK,8525.0,181889.1332
220784_BM,3141.0,17854.9893
223328_FU,1231.0,9255.8126
210884_BK,4728.0,77355.1068
225101_BL,2361.0,67336.4987
217801_RD,92.0,1982.6937
212472_YL,3363.0,82336.9251
211193_HM,5045.0,33175.0574
220711_KK,13356.0,392293.1994
211650_GN,383.0,9164.9036
224975_EC,63.0,1440.7135
217553_GN,1.0,46.0737
222662_WT,2203.0,66051.7149
211732_BL,1919.0,6736.1261
209309_SV,4128.0,25733.1564
214162_HM,343.0,2566.3997
216017_NV,135.0,3758.4772
223754_BR,802.0,3735.286
222538_BL,1868.0,60959.606
217658_TK,473.0,4062.4403
214497_BM,4425.0,96593.0373
211978_HM,3105.0,26479.5445
221141_BK,4069.0,71770.9819
210587_KK,1617.0,21642.9067
209320_GD,3169.0,12839.7921
214632_HM,3498.0,35573.0982
225036_BL,242.0,1904.659
218511_LL,1573.0,49430.472
223605_BM,1806.0,48493.9546
218766_BL,669.0,20448.2767
172044_NV,6577.0,35436.927
222232_BU,157.0,5167.1256
211561_CA,49.0,1379.908
221733_GN,1859.0,13416.9156
216454_BL,4818.0,111567.2719
226648_MI,143.0,1623.2381
214258_BG,8143.0,211648.4282
209014_GD,7107.0,38489.0188
2110441NV,1889.0,9568.7624
210435_LL,45.0,266.7382
210856_BM,1963.0,17815.6471
212798_GN,156.0,1015.2868
221688_GN,3495.0,35842.8829
224818_MM,504.0,2625.4213
206906_SV,4547.0,23415.5734
211931_HM,4329.0,39164.5607
222631_PK,269.0,16299.2461
219072_SV,1555.0,4365.2719
222240_KK,4210.0,78948.9878
207967_WT,3587.0,33916.4328
212629_EC,368.0,9941.6691
214942_DG,1846.0,56453.8825
221096_GD,4898.0,36448.3375
210203_SV,769.0,6550.4622
214781_NV,4883.0,37999.7837
218960_EC,7580.0,140587.2773
212430_GY,206.0,3555.4892
213891_BK,1267.0,14904.5847
212789_DM,5729.0,180692.6252
219961_CA,13895.0,398821.0647
224696_IC,3708.0,188054.3928
213691_LM,10739.0,293030.1718
170874_BM,5923.0,32453.2428
1878960HM,6625.0,40477.27
226219_IV,2741.0,15542.9282
220168_BG,5740.0,103581.7665
208038_BK,205.0,5218.4558
216541_TU,7075.0,192542.5778
222342_BK,4615.0,96922.4243
219125_BL,2595.0,68924.6335
212224_BG,237.0,6865.8855
214498_BK,11078.0,235701.7748
2080511OR,490.0,12294.724
212586_RD,5462.0,22343.6096
222563_PK,721.0,8182.5733
217485_HM,3162.0,32944.5041
214493_OW,1058.0,34596.5262
227010_KK,225.0,6717.3379
212527_BM,5288.0,24060.7404
214278_BK,4898.0,71234.6093
218496_SV,742.0,19896.2145
204765_PK,500.0,4793.5905
227200_DM,109.0,888.8598
211809_BK,12665.0,280549.571
211180_HM,474.0,1739.8561
209314_GD,8413.0,45729.7406
221650_BK,1908.0,49261.3865
223432_KK,456.0,18349.2761
219110_SV,2937.0,12480.8424
218538_GD,2011.0,9410.0399
215884_IV,6985.0,53451.0786
214404_HM,4242.0,36128.7234
217632_SV,4386.0,25703.8277
197623_PU,4449.0,19463.4496
218675_BM,3290.0,22511.0707
222064_BM,5053.0,37576.9495
216844_HM,4588.0,15021.7974
214405_MI,3787.0,24733.0591
217030_BG,9318.0,216390.3252
224605_BK,7.0,56.0331
216751_DM,4226.0,27300.4256
217305_SV,1759.0,12135.7447
222895_TU,3743.0,93359.8394
221090_GD,2851.0,20887.0002
223023_CA,3926.0,97831.8381
226396_BU,704.0,5093.4593
213808_OR,3344.0,18570.2158
223371_WT,3626.0,58219.3007
213429_GY,433.0,12525.7579
212362_EC,7717.0,131161.5193
221245_BM,4038.0,19208.8534
211771_WT,1804.0,17097.4404
222957_TU,1505.0,21828.7734
227165_DM,80.0,1143.885
220438_BL,5697.0,52112.9053
217563_GN,3588.0,36916.3088
212526_BM,4699.0,24128.1345
209171_GD,3730.0,26863.742
220836_WT,1785.0,15593.6825
228002_GD,416.0,2873.4768
2018671BK,5462.0,22674.5055
221111_GD,2727.0,14574.7439
209682_SV,2335.0,14838.0191
210324_BM,5759.0,39573.1628
217469_FG,2054.0,10499.2341
217553_BK,8296.0,141009.9077
216909NC,6843.0,163222.7303
215954_GD,18307.0,103524.1716
217087_OW,7381.0,158742.2152
211081_HM,4740.0,25265.0041
212435_BU,3975.0,17674.5775
214521_GN,138.0,3221.3967
212024_SV,1732.0,9133.6539
219548NC,7437.0,164994.4591
211799_SV,3620.0,14556.3624
213896_HM,2961.0,17787.3527
215860_LL,1897.0,20539.5925
205239_SV,2509.0,25674.5557
218951_HM,4591.0,21982.7279
219864_PU,2724.0,11305.1913
210441_LL,23.0,116.2571
223399_CA,405.0,9628.9826
224517_SV,23.0,112.7525
211914_BL,2598.0,57164.5331
211871_BK,6903.0,218676.3106
226680_BM,690.0,5080.4099
220388_WT,6880.0,150410.7266
215602_BK,12347.0,283980.2402
219099_FG,1181.0,6706.9957
219787_LM,2855.0,45131.8434
213810_HM,2215.0,19748.2249
211298_PM,6697.0,181442.9104
208077_BG,5219.0,79043.7719
223408_BM,1197.0,15030.4295
227997_HM,210.0,1072.1757
223370_BM,2726.0,39450.693
227083_PE,244.0,1911.0625
222859_TU,1901.0,48976.0024
210968_DM,799.0,4974.958
217171_RD,1898.0,26849.9386
211300_BK,5635.0,89268.4955
226607_BK,391.0,13113.5986
216592_BK,8873.0,136510.559
215589_BK,736.0,17483.7204
221524_IV,2720.0,24379.6296
213428_LL,264.0,1937.2207
215649_GD,1597.0,9498.7818
216546_CA,8201.0,205956.8181
219081_HM,3342.0,14440.4059
216549_BL,4683.0,78380.3386
212645_PU,8362.0,240226.7773
226361_GD,471.0,2846.4044
217981_NV,7562.0,124359.7626
216048_BM,5337.0,87289.1668
212294_GN,1742.0,5776.6406
226398_BU,8.0,55.2026
222950_EC,2967.0,91482.5897
215202_TK,5143.0,56833.7558
211777_HM,3250.0,23443.3397
193076_PU,2046.0,4635.5029
216655_MI,3338.0,14978.3544
214551_DM,4660.0,71319.1549
227028_OG,729.0,5297.1651
221060_BK,141.0,3834.3573
223017_PM,2011.0,25515.8191
213423_LL,254.0,3779.0975
216034_GN,486.0,8465.0533
216906_HM,5565.0,48445.0669
211209_HM,4017.0,20146.5008
219210_HM,2038.0,7876.5857
213783_TU,5595.0,106208.5652
212728_BK,5168.0,131312.0699
214141_MI,143.0,756.7097
216902_HM,6546.0,35795.0895
224750_TL,3374.0,18936.4774
220834_WT,3453.0,41298.1522
224573_BK,17.0,115.7207
225489_KK,603.0,10594.2551
225266_WT,1121.0,6134.1388
223822_SV,1298.0,9032.2783
218485_PK,4225.0,19331.5659
222984_RD,34.0,307.6848
221100_GD,4761.0,27739.7573
221249_BM,5108.0,22854.3138
218524_BM,5777.0,34487.4248
214222_EC,15611.0,338691.816
217158_HM,5026.0,24533.7006
222126_PK,1717.0,43920.2959
217877_KK,1319.0,18631.8751
221906_EC,502.0,8398.7233
212666_GD,3698.0,33432.6049
225032_GD,41.0,867.0595
219040_BL,167.0,5242.3735
217059_CA,6001.0,128489.5381
212102_CA,5355.0,116156.6723
225141_KK,106.0,2327.0764
223552_WT,4086.0,109814.9504
222957_BK,1289.0,18822.5853
222339_WT,1769.0,53030.4591
221892_BL,36.0,809.6808
217956_GN,2.0,18.9917
210314_BM,3985.0,27149.4869
218803_BN,203.0,2588.2609
225578_YL,96.0,8368.9305
216574_MT,1268.0,18887.472
203143_PU,2682.0,13784.8
225594_PM,369.0,2817.6288
214097_KK,192.0,4578.1066
213719_DM,6308.0,45473.1859
211212_BG,3811.0,108094.1388
224419_OW,25.0,856.3591
224861_BK,151.0,5379.8312
222940_CA,2278.0,37609.2378
209715_IV,4393.0,24764.9552
211120_HM,1153.0,6671.8139
213432_BL,1186.0,20447.6344
224937_BG,732.0,22398.9749
219502_NU,1309.0,31672.3571
222725_TU,1632.0,60281.2394
220590_GY,6016.0,69127.9487
214096_KK,186.0,4671.3782
213848_BK,313.0,4593.2214
216975_GD,2891.0,27997.5741
219218_HM,1924.0,6299.6246
210033_BK,14432.0,230751.1315
219889_BM,6434.0,156384.8521
224837_BM,564.0,15567.5576
210254_LM,385.0,8094.2042
212009_SV,3563.0,24707.4436
211433_BK,8867.0,177698.4694
212030_TU,1616.0,32928.1106
221546_BM,1172.0,9691.3379
227561_GD,2749.0,30772.2176
208038_RD,5718.0,144101.5384
223352_WT,2308.0,32534.4543
223354_DN,2037.0,18819.5178
221540_RD,811.0,7735.4166
221141_EC,5017.0,84571.862
211102_BK,1280.0,18192.683
211921_YL,1340.0,9113.6332
216242_IV,4416.0,33664.2606
224814_HM,844.0,7253.3566
217655_TK,353.0,4179.7156
216603_BM,1242.0,35018.9896
199936_GD,24184.0,124919.2246
218771_NV,10552.0,253789.7651
218621_BR,1948.0,53077.5176
213829_BK,7083.0,156941.0244
223459_BK,2875.0,70218.8364
212781_LM,340.0,25959.2544
212401_GD,12.0,261.3639
217932_RD,4097.0,39278.9688
206577_NU,699.0,16441.5897
214781_TU,6292.0,47638.0364
225142_NV,297.0,9787.9765
219111_SV,2031.0,7655.7909
222299_GD,3055.0,88230.8401
211188_HM,456.0,3177.4329
225498_GN,17.0,517.8574
211099_DM,1439.0,11022.129
209268_GD,4417.0,24795.5931
225140_BM,312.0,6785.1614
226702_MI,35.0,247.6574
217943_LM,3941.0,81382.798
187895_HM,28736.0,168831.7122
213125_PU,460.0,11645.2195
169620_AQ,4543.0,33794.4165
211711_FU,5267.0,85060.5764
206894_SV,3458.0,16458.2492
209982_PK,2102.0,32195.5872
218583_GD,1762.0,9863.6324
213831_KK,4455.0,121644.1647
218532_BK,4182.0,55800.3987
218653_BK,2302.0,41525.2584
218624_BM,7123.0,35598.5613
224717_LB,150.0,1705.1192
214204_WT,865.0,7060.0766
215584_GD,2477.0,9224.9786
220947_LL,2508.0,18936.5598
216594_BK,5070.0,66884.9286
219474_EC,2580.0,11764.0933
207648_FU,6041.0,78339.1056
222904_TU,1856.0,52012.4366
217893_CA,2795.0,45234.4624
218676_KK,9001.0,214345.1981
221075_SV,138.0,1960.2508
223669_BM,140.0,2996.8379
221253_EC,1968.0,51938.7225
224848_WT,329.0,5678.0985
217548_BM,2995.0,31943.1619
217231_BG,247.0,4298.043
209002_GD,4289.0,21453.8186
224990_BL,254.0,3098.0915
202347_MI,3335.0,15451.0499
211789_SV,819.0,7701.5431
210438_OR,88.0,554.9123
212182_BK,5626.0,128654.8338
226599_YL,32.0,753.4522
219462_RD,4210.0,73112.7716
222690_NV,2864.0,102214.1958
224311_MT,36.0,245.1831
221777NC,5191.0,109595.8343
215536_CA,4789.0,64522.9204
211540_BM,2835.0,43652.7315
222437_PM,2342.0,38162.318
205434_SV,10045.0,52248.5426
211255_HM,5175.0,33391.6068
212133_BK,6568.0,139177.9053
1765496HM,7138.0,37299.2347
1699943BM,5339.0,23981.3429
212779_GY,241.0,15077.0117
218265_NV,1381.0,37002.3835
214670_KK,12744.0,220004.883
220339_GD,1954.0,18398.9093
218766_BN,683.0,20561.2682
223021_TG,2721.0,12981.2727
212871_HM,3987.0,13588.5253
219907_YL,6551.0,120386.4492
219760_EC,1874.0,25622.0539
219400_BM,2383.0,14542.2677
216857_RD,1323.0,23279.7862
170938_RO,937.0,8194.2174
221014_IV,4182.0,37140.1016
210432_TB,70.0,464.1864
211447_BM,5044.0,89243.984
214559_HM,5481.0,59863.148
212998_HM,4527.0,45031.3391
2203731WT,3932.0,35329.1114
227112_DM,156.0,1102.8094
225071_BK,279.0,9574.0634
219799_EC,3079.0,106176.7459
212555_HM,3620.0,27819.0664
2062123HM,5520.0,29846.1953
218155_PM,712.0,6348.2372
214157_HM,346.0,2783.7736
219607_CA,4049.0,65581.8732
224897_AQ,664.0,5641.6802
212265_GN,2182.0,8317.5487
215621_LB,2638.0,15232.6025
212179_BK,115.0,1839.3649
212100_EC,4753.0,114208.0972
213156_BK,9428.0,71623.3702
208078_GN,5462.0,40276.7947
224331_HM,2417.0,17346.678
213071_BK,4734.0,32731.2837
222244_EC,3519.0,115372.232
215527_GD,797.0,5579.1754
212481_BM,1963.0,8919.5349
193709_BM,8680.0,45169.059
209651_GD,2798.0,12661.0541
208532_WT,8754.0,186451.9492
209722_WT,3102.0,36398.2619
220824_WT,3490.0,49172.8049
224199_IG,159.0,3237.5497
215890_IV,4780.0,53523.5947
221119_GD,2647.0,23365.4052
197826_SV,5457.0,47077.4058
214823_GN,932.0,30448.8289
210702_BG,1.0,24.9917
209514_OW,1222.0,28482.594
220941_BG,2808.0,50631.0031
169614_WT,6113.0,37031.0444
207406_BG,4019.0,60503.4125
202689_GD,6582.0,33644.7916
210443_BK,179.0,12418.7479
213740_DM,923.0,11335.4797
210648_LD,2130.0,59597.1522
222685_BM,269.0,5884.8379
213839_OR,1.0,5.5207
211915_EC,189.0,3548.5867
221400_EC,6299.0,174644.9874
220708_BL,492.0,11637.9093
223181_BL,120.0,3243.1754
208071_MD,121.0,1936.2591
224124_BM,2193.0,62412.0508
217483_FG,5359.0,38171.4175
2056831GD,40675.0,227146.1075
216995_BL,2975.0,20929.4754
219463_CA,3261.0,51545.2978
226222_PE,1.0,4.9504
191058_BL,275.0,1694.6871
211651_WT,210.0,5195.1369
219104_DB,1087.0,7189.5386
218582_SV,2839.0,11421.8769
219983_BL,5539.0,32998.8411
224525_CG,44.0,373.0244
211329_KK,58.0,941.8045
221811_FU,1035.0,21233.3985
201884_ID,2238.0,10136.4826
226876_BK,87.0,6379.4355
216851_SV,211.0,4152.6804
209766_BL,945.0,9846.0969
218534_GD,2133.0,13509.9655
222946_CA,4562.0,113716.3453
212212_DM,3887.0,50374.3851
222690_WT,3071.0,109460.5891
216661_BK,8194.0,199349.9388
216755_BK,114.0,3085.644
226529_GD,455.0,5018.6665
209712_LL,1997.0,13639.4229
220721_LB,2501.0,13393.3549
212779_AN,271.0,19780.522
212608_BM,35.0,463.7824
214356_BM,4578.0,83596.329
227494_CA,4.0,231.372
208719_KK,478.0,8038.2378
222392_BN,119.0,2355.0544
214422_EC,158.0,2350.3491
224768_HM,3670.0,42485.6157
207923_LM,4936.0,43664.2891
209678_BM,4054.0,36303.6302
212446_HM,7862.0,56388.5306
219163_SV,3215.0,20745.4102
212117_DM,4182.0,111338.5252
213210_GY,4034.0,37773.6889
217686_GD,2073.0,11745.0692
208687_EC,8702.0,191356.41
220899NC,1471.0,29797.1346
219003_BL,6634.0,32741.7439
215597_SV,3502.0,23717.8812
226705_SV,27.0,298.9044
219031NC,6090.0,145437.4665
209931_GD,4683.0,29716.309
225248_WT,2018.0,11117.1564
211515_BK,6631.0,65492.789
219187_HM,1887.0,11652.7871
212827_BL,977.0,8788.0187
214623_KK,7708.0,125838.3493
214616_BK,5102.0,84556.0815
209721_NV,2713.0,27509.5142
210330_WT,5728.0,48570.2582
212830_SV,3591.0,14390.7406
209834_BM,2882.0,63777.4802
222335_BK,2876.0,48319.9033
212948_BK,6812.0,34879.2507
215010_GY,24.0,1020.0307
216575_BK,2679.0,67837.0092
210049_CL,6691.0,147133.5657
223989_DM,198.0,4901.7817
208729_NV,5149.0,62578.0572
211962_HM,2920.0,25477.716
207648_BK,293.0,3885.9923
223062_PM,3874.0,48050.0429
224089_CA,640.0,16671.853
216174_DM,10617.0,276021.9693
219375_BM,3266.0,29809.8581
228005_SV,173.0,915.1391
220035_BL,6664.0,28209.7705
213571_BK,7996.0,212692.6032
221236_OR,1276.0,9939.5518
209931_SV,4186.0,27134.7879
214103_EC,6272.0,56598.8947
219340_BL,27.0,143.9674
226715_GN,236.0,1951.4572
221678_GN,3642.0,62567.4946
212405_GY,1771.0,39643.4237
210419_BK,190.0,1286.5017
214255_KK,4341.0,40943.3386
221437NC,3764.0,111483.7749
212991_HM,2530.0,21533.2943
216317_IV,4941.0,59164.3988
214361_HM,340.0,2836.5272
217394_SV,1081.0,6643.2947
213053_BK,6817.0,30030.0142
224436_KK,1960.0,48682.6995
221553_GD,3338.0,19317.0202
214135_FU,1944.0,10489.895
224527_CG,38.0,318.9924
224820_HM,1243.0,12052.8606
213665_GY,4995.0,181158.5026
212735_GY,3418.0,85045.7949
226749_TU,1.0,35.6934
210788_EC,9425.0,213391.4477
223811_SV,634.0,3977.0714
212715_HM,3630.0,21333.3341
214133_GN,1.0,10.561
216680_BU,5792.0,37855.9539
214641_HM,919.0,24075.0146
218470_BK,4194.0,19272.3287
218122_BG,3285.0,57072.4169
217089_CA,3434.0,42586.2246
226710_SV,29.0,319.705
223988_BK,1810.0,44374.0496
214411_PK,40.0,599.0673
223355_WT,1910.0,28392.1846
210797_BM,6576.0,100043.9977
216633_BK,93.0,2223.7382
226878_DB,167.0,2790.0597
223617_BK,4719.0,114312.6477
224802_MM,1399.0,7671.9912
217959_PM,2778.0,48125.2431
210204_PK,1078.0,11568.7239
223904_RD,2707.0,15746.5569
214215_BM,1841.0,52823.1471
212745_GY,2951.0,41552.7377
225516_PE,1229.0,7765.3799
223399_BU,553.0,12839.9873
213155_BK,4769.0,27789.6481
217479_DN,4341.0,29182.5083
229415_BN,58.0,2366.8623
216898_HM,7398.0,29153.1558
224741_BU,718.0,5220.1209
223620_BK,4076.0,138480.9506
217465_HM,3743.0,23302.4872
211195_HM,444.0,2270.0509
226973_OG,1012.0,8503.785
212505_PK,4423.0,31076.8184
223301_LK,2953.0,16812.1723
215223_SV,139.0,2665.2869
203374_NV,4930.0,29087.5544
224681_GD,2352.0,13287.0691
211065_BM,47.0,784.9033
213753_GD,1.0,8.122
217129_HM,2697.0,37352.7347
211955_HM,3347.0,21576.2073
213733_GD,2500.0,19728.9449
224005_BL,49.0,709.1534
224638_BK,7.0,33.6421
213570_BK,7739.0,178389.4629
224412_HM,43.0,292.9707
212983_HM,4356.0,35773.6155
216316_BK,6012.0,98447.5479
218950_BM,831.0,8650.4911
214178_BK,3807.0,114081.1668
212545_HM,2519.0,23222.0028
219738_PK,463.0,9556.4457
216769_BK,1910.0,44729.5501
223932_LK,546.0,17289.4626
213434_BN,1821.0,101707.1832
215203_BG,1838.0,49546.1464
212656_BG,6980.0,79033.4939
221035_WT,3428.0,31756.2174
215091_BU,315.0,11155.1637
215936_GD,3986.0,20248.8129
222028_SV,1146.0,25983.0135
2125490HM,11256.0,105627.9324
212997_ID,6875.0,64495.9676
212102_BK,7615.0,138285.5574
214464_BL,6439.0,160193.7146
215964_GD,5184.0,28263.1473
226213_BL,3112.0,20581.8226
213944_BG,1344.0,11927.8143
226599_TU,41.0,970.4359
218890_BG,2589.0,72199.8601
212021_GD,3417.0,32361.3588
1959970HM,6015.0,29611.8757
224471_BK,221.0,6076.7559
218576_HM,2491.0,11525.0369
222259_NV,2967.0,85841.3789
219475_TU,1336.0,6160.9429
224534_GD,32.0,1377.8503
211330_NV,1510.0,22492.0166
220650_WT,2997.0,75031.6736
219378_KK,3524.0,97350.327
213433_BG,6319.0,58030.1107
221117_SV,1347.0,13055.7341
222934_CA,4728.0,128774.3557
210697_TU,7170.0,149852.2069
210214_GN,1278.0,11556.7909
211053_HM,1149.0,6892.0236
207646_BG,8344.0,192417.9158
204965_GD,10682.0,197846.0877
224938_BG,1898.0,82789.8281
222700_KK,773.0,26235.8378
201188_SV,1353.0,8628.569
220150_CL,4032.0,80072.5316
221623_NU,422.0,7063.674
221271_GD,2790.0,14730.2892
214464_GN,2843.0,52607.8241
209979_PK,4256.0,49684.3639
220211_KK,4408.0,94154.7202
209530_BK,5466.0,111501.6894
216496_GN,278.0,6294.8996
218009_EC,1892.0,12915.1323
213474_EC,781.0,29785.8937
217128_HM,2198.0,19948.7215
225212_BM,3045.0,93793.5739
219767_IV,5901.0,32584.208
224697_BM,3275.0,97132.8384
211225_RD,6848.0,102240.4511
226533_GY,1452.0,41145.4493
215834_BN,1828.0,44896.9659
214291_PK,161.0,4660.3114
210927_GN,183.0,3938.4284
223895_CA,1891.0,56825.9615
212124_FU,5160.0,105856.2187
223665_WT,152.0,6509.8646
208031_GN,1805.0,19438.8418
215896_IV,28885.0,163246.5867
214498_KK,7615.0,153047.6593
219457_RD,180.0,4984.8897
220737_HM,1108.0,4994.254
227686_GY,1318.0,51376.3192
220436_BM,3357.0,25144.3768
224129_NV,1040.0,24971.5563
213102_BK,13247.0,49319.882
218260_GN,3577.0,112444.7633
217174_BL,2816.0,42538.6752
221276_GD,587.0,4367.9865
215525_KK,9154.0,262132.8457
211341_OW,1945.0,42344.4869
212277_BM,1484.0,10639.2283
209004_GD,7227.0,32649.5823
216350_RD,7411.0,121822.5221
219651_KK,1926.0,55940.4561
217453_HM,3289.0,20644.6038
215566_BK,1130.0,21284.3667
216719_DM,5833.0,25039.9923
218001_BM,4396.0,104914.7396
218803_BG,213.0,4267.4938
223073_GD,3093.0,14620.9135
212362_BZ,7792.0,162147.6052
223490_BM,1018.0,24718.2906
213469_SV,144.0,3418.7936
218014_BK,2440.0,55856.5126
216989_GD,1012.0,5010.641
211073_NV,1770.0,6232.9841
218878_BM,1288.0,34884.2723
213809_PU,3932.0,22492.6591
216920_HM,2764.0,23726.6206
221855_GN,2782.0,80475.576
167657_LB,6063.0,25262.0773
207917_BL,1429.0,17117.16
214279_BK,5973.0,98701.4263
213056_PK,2890.0,78306.0659
216662_BK,7691.0,224889.0305
1936432HM,3665.0,24555.268
216814_BM,1961.0,50236.1497
218033_SV,4009.0,83570.27
218327_RO,814.0,4281.6845
217242_GD,2561.0,63588.37
210438_LL,182.0,1116.908
223173_WT,973.0,7374.2291
226495_GD,260.0,1774.7049
211760_BM,1919.0,12213.6719
218923_BL,3633.0,28844.2428
227492_BL,25.0,758.4048
214516_BK,9116.0,210082.1314
214498_EC,7491.0,146054.3859
207560_RD,4100.0,67698.2622
215504_HM,2618.0,14853.4529
213257_GN,3415.0,78951.876
217155_SV,3406.0,15429.9296
221220_TU,5187.0,134025.6752
209605_GD,5926.0,30689.9746
220016_BL,6467.0,30003.2183
221281_BM,5202.0,15483.9526
215029_GN,2910.0,69308.9398
191405_GD,3332.0,16857.2239
1699944BM,5445.0,23050.8578
217431_BK,3094.0,17656.487
209302_GD,4449.0,43619.3874
225243_WT,863.0,7144.2298
218168_BK,2.0,82.9308
210337_BN,4335.0,195909.4279
218621_BL,4589.0,120470.0995
221097_GD,2618.0,27120.7887
216443_TU,6833.0,158647.2002
218047_SV,474.0,11785.693
227617_GY,40.0,1306.9767
1952691GD,20603.0,185469.7988
218888_OR,5554.0,85759.7519
226392_BU,1234.0,11818.6419
211755_PK,5257.0,116807.5536
213570_EC,5083.0,106599.5391
225286_WT,1126.0,6053.9707
214938_GY,180.0,2731.1526
179550_GD,77723.0,273850.2339
217155_GD,5879.0,21301.0283
215567_BK,1345.0,53359.2209
222446_EC,2891.0,36591.463
214678_BM,1059.0,15446.2615
212288_BK,5081.0,137507.7245
207820_HM,3442.0,15829.3448
218560_GD,1119.0,5172.4758
224943_LM,1484.0,37775.2654
212354_BK,386.0,14918.3377
220437_GD,3179.0,28371.1039
220504_EC,2020.0,73316.183
214095_EC,173.0,3860.2587
209454_LL,4667.0,89934.7252
210595_EC,529.0,16525.4723
219642_GN,523.0,10154.7067
210973_GD,41.0,296.3543
212606_BM,27.0,456.547
223620_CA,2625.0,91114.9978
213947_BM,1355.0,6055.7772
220026_OR,3807.0,19501.7829
217657_SV,3388.0,18024.6658
217089_OW,3923.0,48099.8962
220893_TU,5298.0,129887.0811
212558_HM,2137.0,19280.5851
211413_WT,5662.0,46689.6181
225252_PE,1244.0,6693.8141
211670_DM,1745.0,6833.7189
217877_EC,939.0,13289.7956
213949_BM,1030.0,2701.8657
214016_BM,4384.0,25722.2282
226802_BN,61.0,1734.2184
181831_GN,8352.0,43050.4351
225326_GY,427.0,13999.9525
225701_BK,84.0,5012.2996
222077_TL,1020.0,8756.1324
224736_HM,1214.0,8713.7588
166730_IV,6634.0,50207.6815
220516_GY,95.0,1841.3868
221196_EC,1139.0,16496.1123
210412_MI,3410.0,12657.9807
209851_OR,2132.0,74905.9282
207920_BL,1001.0,8444.8001
222398_RD,785.0,23771.8175
224206_IG,156.0,4046.0985
220351_GN,1968.0,61114.6374
224585_DN,383.0,2062.814
212616_KK,6532.0,144290.2726
222952_EC,3886.0,103959.428
220927_TU,1371.0,38768.1909
212653_GY,2581.0,44687.2439
171467_NV,3937.0,16250.5536
224720_GY,117.0,3474.649
208531_WT,4697.0,109784.9941
222574_DM,137.0,2264.7662
216229_GD,4834.0,33024.8546
224241_BL,98.0,2747.039
219166_RD,1975.0,65988.6586
212574_HM,4364.0,37013.2016
227022_DM,1135.0,11297.6062
2119710HM,5961.0,48258.7462
221614_HM,3203.0,21491.2683
221453_BM,1999.0,17824.099
219277_DM,603.0,2914.6042
217490_GD,1447.0,12933.8743
211366_BU,5320.0,59962.8942
209825_BM,5629.0,124038.511
218849NC,3816.0,43046.6048
224942_LM,2323.0,58017.7171
222691_BL,679.0,15279.5642
218928_PK,2660.0,25303.1738
224546_SV,833.0,7162.6699
211711_BL,10445.0,213599.0533
221008_BK,149.0,3885.9737
219787NC,5110.0,90417.0393
214166_HM,531.0,2534.0609
218499_OR,2173.0,13456.6386
217002_BL,5555.0,29608.6481
212962_BK,4981.0,54627.1119
225226_TU,73.0,1871.8868
223859_SV,1209.0,12616.0996
211142_HM,2093.0,11836.5271
211240_FU,12.0,56.1112
223701_BK,52.0,2246.3509
212219_DM,4311.0,61900.4422
223063_TU,3733.0,128633.6312
217470_GN,4948.0,39374.0184
223751_HM,1641.0,9804.0016
216294_BK,3385.0,21264.5244
213473_BK,5052.0,105534.611
224754_OX,242.0,2070.2128
222426_BG,4609.0,56925.521
219202_BM,2417.0,13741.3003
211170_TK,3331.0,11336.7395
224884_DM,111.0,2924.2145
221148_BM,4076.0,31209.6006
191734_BM,5475.0,27255.7406
220702_BK,75.0,1806.8553
211297_IV,7120.0,122657.7684
215879_IV,3399.0,31925.7519
217479_MV,4452.0,30519.6355
215540_SV,4336.0,22316.8073
222935_EC,1457.0,37240.8649
224878_PK,133.0,2910.3071
219978_BM,3453.0,53728.8736
2167601GD,127.0,5443.3501
229244_BU,1.0,13.2149
226977_DM,1265.0,9183.9876
226458_PK,1.0,15.99
223210_BM,1138.0,8690.4078
217008_NU,1282.0,35553.6784
1960381HM,4726.0,16798.0925
210598_CA,855.0,21604.259
211089_NV,1423.0,10163.1702
216454_EC,8743.0,199764.5907
214005_NV,3724.0,11756.9266
218892_LK,4438.0,25060.6407
225517_OR,177.0,3880.6334
221246_BM,5434.0,28212.0254
222303_BM,822.0,21582.4381
219856_BL,423.0,6227.3114
219997_BM,47.0,309.154
206212_HM,7136.0,32452.6831
218386_GD,1267.0,7834.9376
226454_EC,1178.0,26742.4613
224652_BN,2165.0,49651.5494
222334_CA,3845.0,103754.0332
214718_SV,3703.0,31646.8943
216175_DM,7947.0,157720.5083
214618_BG,5719.0,79771.4479
220411DNC,5659.0,143617.0455
218550_GD,346.0,1924.4165
219861_BM,2680.0,13612.0022
216657_LM,4110.0,39668.8592
223828_SV,869.0,5142.3906
219608_EC,6930.0,166097.1341
226599_BK,38.0,936.5773
224537_BK,774.0,11993.4418
213782_EC,1522.0,33518.8601
220381_BL,3723.0,31833.2545
223023_BK,5289.0,132063.1104
1917340DM,577.0,2982.7837
210199_EC,1080.0,11597.7981
214310_PU,488.0,7734.8927
209438_SW,6347.0,142161.0761
221011_IV,4286.0,23339.3208
226406_BU,464.0,6526.5012
2082541BM,6875.0,34291.5619
223848_SV,3452.0,19558.1015
218902_BL,4680.0,23951.1413
201867_BL,3521.0,9320.018
209328_GD,1761.0,9825.0032
208619_KK,6331.0,100575.7762
2143921MI,3448.0,27049.149
212254_BM,1652.0,7623.172
210404_BK,487.0,8769.8522
210833_GN,7077.0,122184.301
2020390BM,2425.0,11666.2087
220660_RD,214.0,4628.2583
224627_BK,1319.0,14889.3496
214525_MI,2514.0,36955.4636
216918_GN,3183.0,20145.1293
212122_SK,1920.0,30228.8654
221507_BL,1681.0,13211.3042
216263_BK,8477.0,232328.3004
220136_WT,3137.0,56098.9234
221069_RD,139.0,2030.3319
214199_HM,561.0,2233.3324
224551_LB,57.0,840.6843
211985_PM,1841.0,26966.1368
224597_BK,44.0,596.8058
209049_SV,3179.0,53057.2641
222424_CA,2462.0,22914.6064
214713_BM,960.0,25388.4702
219642_BL,683.0,15251.6774
219518_BL,3258.0,68978.556
209674_BM,1628.0,14401.3321
216435_BN,250.0,4025.7401
223888_RD,3170.0,29906.7279
223639_BK,4097.0,140314.7694
219023_BL,3235.0,17080.6859
226972_DB,1155.0,8324.2119
224741_BM,1349.0,9538.6876
220788_GD,2181.0,10817.5437
222242_BK,4524.0,157278.0292
212392_GD,24.0,716.0022
222055_GN,1078.0,28775.7211
218407_GN,3008.0,16484.3529
217909_DM,5098.0,71051.5729
224928_GD,1.0,40.6423
225512_GD,173.0,1309.2974
211973_HM,1961.0,12070.1705
215595_HM,4293.0,32750.8874
213206_GY,6955.0,143665.011
214067_BU,351.0,12718.3915
215962_BG,92.0,5299.9594
223772_HM,405.0,3517.8937
211737_PK,1.0,2.4711
221044_WT,1778.0,13253.2776
220948_BG,4449.0,44493.0189
223014_PM,4030.0,48570.4353
214535_MI,3093.0,22362.5442
211557_BL,4070.0,22428.6066
213999_HM,3237.0,14098.4557
226399_GD,777.0,10999.2408
217297_SV,6004.0,41993.7382
223308_CA,898.0,39957.6565
221482_HM,1735.0,13850.6927
216960_BM,4570.0,58985.4923
223611_BK,2505.0,57282.6043
214493_BK,4042.0,128265.773
224480_SV,353.0,2585.7331
218157_PM,639.0,8607.6275
212000_HM,3699.0,35822.6627
221766_BM,4303.0,92602.2922
2241591GD,1084.0,7887.6888
220708_BK,2025.0,49454.9904
219954_GN,2664.0,88433.0973
223253_BM,915.0,13512.2266
215920_IV,25165.0,145225.941
215605_HM,3842.0,22456.5504
226229_HM,1745.0,11770.4769
216459_BK,346.0,9631.4093
222656_BL,2644.0,78766.5918
216853_WT,977.0,34347.1317
211995_HM,4396.0,20868.0985
218841_CA,15705.0,265105.1575
213667_BL,405.0,10380.804
221801_BK,744.0,11995.7187
214486_BG,3636.0,112804.5643
219698_BK,4463.0,128214.4259
219372_DM,3516.0,30386.364
217672_IV,3343.0,20672.7436
224475_BN,1778.0,41592.4642
218667_LM,3471.0,64993.3389
224753_LG,2328.0,10836.6285
212781_GY,312.0,25801.1437
210049_TU,7594.0,175018.7641
218888_FU,3134.0,49124.237
209219_SV,2644.0,89445.8352
210928_GN,2291.0,49814.2667
215039_EC,553.0,9812.2032
216045_BK,1139.0,43198.7611
201147_HM,3775.0,17501.8683
224737_BM,281.0,9747.8702
219124_BM,5052.0,128851.7542
2104501GD,808.0,26713.0027
218486_BM,4648.0,31399.4626
222249_EC,5389.0,101868.0783
220048_NV,4488.0,130115.4532
211632_GD,3280.0,20964.6633
207994_BK,6414.0,116730.982
216766_BG,12544.0,156976.615
225207_WT,899.0,25753.8645
217991_BL,4329.0,47973.5829
212626_GN,3334.0,78837.6961
206305_HM,5193.0,41662.1207
214601_BG,8570.0,209988.4417
204708_GD,30347.0,165434.9774
216296_WT,2147.0,19655.9239
216466_BM,4737.0,117049.0972
223376_PK,5563.0,65627.9645
1709382BM,5595.0,46045.0615
206386_BU,11422.0,297083.705
213976_GN,174.0,4409.9173
210697_EC,5228.0,111222.7021
223209_BM,1013.0,12004.6829
223872_GN,2475.0,69536.9783
223459_BG,2069.0,52349.6879
219078_NV,4286.0,98562.9614
222830_GD,464.0,10294.6342
209638_FU,14989.0,428992.0092
223127_BK,3496.0,98760.5392
218496_GD,3465.0,101621.2946
211716_DM,1416.0,11771.0004
212629_BK,365.0,8828.792
224720_PK,96.0,2937.1867
219682_BK,3636.0,64369.233
213976_BM,259.0,4479.5845
213471_EC,4866.0,105338.9225
220362_PK,3364.0,93786.3689
211077_GD,46.0,686.6331
206466_DN,1217.0,6223.5561
211103_CL,903.0,13908.9671
209661_BM,4396.0,35500.8785
213960_BM,480.0,2644.9201
218025_BM,3551.0,76830.3035
217134_WT,10853.0,290699.052
214291_BG,180.0,4435.3001
212190_WT,229.0,4102.0309
211798_SV,4621.0,23661.6088
224871_WT,59.0,1614.9547
212030_KK,1248.0,22254.5096
2062120HM,11844.0,54460.6245
219458_BL,168.0,3702.3426
210306_BK,5147.0,113377.9517
215091_BK,351.0,11056.4384
210742_HM,2561.0,12262.0391
214241_EC,8338.0,187937.1206
220590_WT,6536.0,75522.4483
223327_BM,456.0,12596.2314
212431_BM,5449.0,146792.2764
220084_MD,5194.0,134168.354
216265_BK,7218.0,226585.8656
212355_PU,3956.0,73648.0438
222944_BK,3355.0,72853.39
226432_GD,756.0,4243.3376
226375_MI,84.0,581.9804
209221_SV,3548.0,86107.0585
222374_BM,2784.0,63826.9397
217134_BG,3312.0,84250.5368
226344_HM,850.0,6106.6407
213480_EC,729.0,26380.4417
209664_HM,4180.0,37778.7679
2114611BM,3189.0,30103.0125
212986_HM,3664.0,23241.0715
216765_HM,6295.0,98032.2959
217877_NV,1135.0,16220.3423
219649_GN,1816.0,37712.6578
208990_BM,1131.0,26102.6796
208051_OW,4042.0,82260.2082
211334_KK,9101.0,257219.0464
213705_BL,8550.0,216863.5823
215440_KK,7762.0,171246.3537
226535_OW,510.0,14735.8339
223055_GD,3798.0,21637.7756
219531_BM,741.0,10545.8727
222227_TU,2729.0,77864.7711
205767_TK,4738.0,25016.3168
222673_BK,133.0,3639.7094
223361_GD,4881.0,58190.9308
220840_WT,2150.0,16399.6204
219564NC,7722.0,182196.9496
218941_GN,2042.0,13840.757
214096_BU,179.0,3791.7535
216082_GD,6014.0,29003.6589
218128_BM,4760.0,57244.4742
218837_BM,4111.0,65333.9456
223810_HM,2094.0,19421.6069
209048_SV,2583.0,56086.3754
214222_BK,13726.0,308842.1414
211265_KK,7239.0,144167.9575
209618_EC,8152.0,164286.2936
211057_NV,2140.0,22876.5642
215317_KK,7137.0,231508.2982
221269_SV,3200.0,39064.5184
213192_BK,7715.0,176528.6747
208710_CA,5804.0,88007.5778
215530_BK,8900.0,230545.9284
222947_CA,1461.0,33225.7207
218829_GN,4806.0,27382.8904
215337_BK,770.0,20701.416
222695_BM,832.0,30263.4868
211148_EC,2428.0,28888.4962
205851_SV,7871.0,65866.699
216568_BK,4868.0,54434.3988
226976_DB,50.0,331.3565
217035_BG,3457.0,48362.6759
223023_EC,2694.0,66749.4006
222872_WT,2195.0,62346.9342
216614_BK,1368.0,9852.9595
219034NC,4852.0,126154.4171
212528_DN,3883.0,28543.0661
214111_BM,1612.0,6096.8052
224398_HM,2570.0,30560.4511
204790_LL,4037.0,56713.7783
210744_HM,2570.0,14139.1078
210443_SV,233.0,15888.2919
223771_HM,2072.0,11971.8941
221113_GD,1557.0,11133.1522
210727_BM,6221.0,31132.9024
214371_TU,5985.0,169764.0322
215176_AQ,5041.0,60528.692
215937_GD,8364.0,74534.3411
217414_HM,3861.0,25446.2151
222824_EC,2616.0,72942.7294
221544_GD,2011.0,13888.395
210033_NV,7864.0,155988.1856
224463_EC,19.0,1046.2092
221009_EC,1233.0,27250.9337
226389_BU,26.0,186.9381
209618_KK,5183.0,126841.0885
223987_EC,1293.0,34746.8861
210303_FU,12868.0,110062.9074
221732_BL,1956.0,23522.7371
226695_MI,86.0,956.8723
219150_SV,2228.0,13526.1792
220938NC,6772.0,156073.7621
224199_KK,73.0,1487.6284
227170_DM,208.0,2240.8066
218830_AQ,4693.0,47343.6142
221622_HM,2701.0,15127.6754
216592_EC,7513.0,134368.0573
221858_BG,3430.0,50334.4762
226514_GD,150.0,1656.7682
217426_EC,373.0,10585.9478
221758_BM,4144.0,48700.5349
212037_BL,372.0,8305.0404
212719_PH,4625.0,27011.5389
221926_EC,3534.0,56048.9691
191116_DM,4661.0,30817.9817
197724_GD,1701.0,9096.0416
217013_BK,4285.0,60363.0594
224971_BM,1096.0,14898.7763
219093_SV,3702.0,9535.1877
209313_GD,2344.0,11585.6825
217475_MV,3861.0,19826.3887
205688_EC,3793.0,46411.9543
219604_CA,6970.0,143753.5667
223540_BM,12598.0,268614.2611
220736_PM,1935.0,18063.9837
224815_HM,657.0,5942.7296
209867_SV,1457.0,13979.1193
213148_BK,1306.0,5784.7252
218367_BN,510.0,5273.1449
222577_BM,1135.0,8218.3348
214208_BK,887.0,9053.4932
216691_DM,2778.0,20451.7402
209349_GD,714.0,5231.4443
211953_HM,2169.0,12142.4506
209303_SV,3479.0,19884.1008
226401_BU,816.0,5766.6664
220422NC,4669.0,97097.4103
212400_GD,110.0,1173.0653
221878_WT,3643.0,102447.2793
227886_BK,201.0,6035.2475
222632_GN,897.0,38810.5098
214248_EC,9532.0,201863.3813
223032_BK,2077.0,31827.9674
209065_BL,7020.0,158193.0756
220707_CL,3154.0,50949.2312
212737_BK,5728.0,131761.275
212301_GN,1641.0,14577.5509
215947_GD,5940.0,33041.4227
215647_SV,3591.0,23594.267
221922_LM,3492.0,73449.1027
219061_BM,1279.0,11700.7792
217033_DG,183.0,3402.3537
216111_GD,4376.0,41399.5545
218653_NV,3576.0,63985.1308
206195_WT,7443.0,33660.9915
226206_BG,408.0,15305.039
219000_BL,5931.0,28200.8527
206579_CA,6199.0,127008.3622
210295_GD,8143.0,44061.121
212477_BK,1.0,4.5991
228132_EC,21.0,1256.9218
216917NC,4399.0,71446.8046
213130_BK,4891.0,25369.3028
221063_BM,3881.0,82527.7699
226454_BK,2675.0,60289.0198
212078_NV,4308.0,11995.6733
220274_BL,487.0,12469.2408
226353_BU,633.0,7001.806
220717_BM,2350.0,23128.7421
224658_GD,15.0,75.4795
209024_WT,7488.0,169033.6774
223176_GN,625.0,4616.678
216883_HM,9349.0,107473.7846
214323_RD,1346.0,36595.7046
2062122HM,5840.0,29529.9207
212700_LM,4112.0,87077.5043
209173_CL,1701.0,9119.1645
211935_BM,230.0,2851.8197
224311_LK,37.0,245.5438
213831_BK,7604.0,216241.5894
211802_GD,3953.0,16498.4223
211639_SV,3561.0,15392.6832
221273_GD,772.0,3478.4114
213936_DM,950.0,3655.2566
212314_BL,935.0,8565.4118
220796_WT,3255.0,18456.9598
223672_BU,278.0,6462.4656
219530_BM,210.0,7544.0004
227063_BK,2.0,102.5658
217674_GD,4316.0,19942.9848
223252_GD,985.0,11377.5883
221295_SV,1778.0,12926.0373
217307_TQ,1216.0,21407.1863
211875_LL,4118.0,57374.5305
222859_BK,2677.0,68763.6642
216102_SV,1788.0,10456.4472
218929_GN,4126.0,29220.7116
213251_DM,4066.0,98261.3296
212792_BL,590.0,35103.681
216068_GD,5021.0,35179.7487
218517_HM,3803.0,20708.055
210113_LN,3539.0,86460.365
220440_CL,2527.0,23869.1226
209672_GD,4403.0,19969.837
218177_CA,8936.0,164386.5773
214446_KK,135.0,2807.3474
2062681HM,2149.0,14804.1838
219203_HM,3544.0,36255.756
222082_CL,6144.0,34020.8023
218934_GN,4808.0,26504.4018
210173_NV,768.0,11551.0242
209178_GD,5999.0,33525.4242
213553_GN,596.0,13188.4324
217405_GN,6824.0,168770.5466
217899_YL,3556.0,48299.1277
176036_TQ,6256.0,21321.6885
223836_SV,1582.0,12690.5935
212245_BM,1999.0,10476.6768
213079_BK,6487.0,31665.4621
211358_BK,31.0,451.6278
214152_BM,4522.0,18785.6787
228004_GD,88.0,603.5606
224519_GD,1386.0,8895.0594
212675_GD,9438.0,51303.964
209975_EC,4526.0,76095.67
213899_HM,5937.0,26291.2833
211849_DM,4245.0,186410.7906
169622_DM,72.0,586.8522
222223_BK,5118.0,148982.5504
216234_GD,6775.0,49163.7166
224556_KK,103.0,2719.0357
218582_GD,3809.0,17315.9506
217458_HM,5080.0,43901.3844
210295_MI,15050.0,57727.4041
217193_EC,1262.0,37528.2206
210219_PK,1129.0,11751.1729
224614_BK,2833.0,15785.166
222188_EC,3607.0,45365.4347
223820_SV,102.0,1277.1062
216888_HM,1821.0,11429.1546
213824_HM,976.0,7076.2262
215911_IV,5646.0,40111.2396
222698_BK,345.0,7556.2509
226291_KK,6.0,169.6006
1699942HM,8507.0,38016.7401
226999_BL,7.0,137.1645
210240_PK,3980.0,55267.1636
218297_HM,886.0,7409.7795
214045_BM,3936.0,23535.1298
216615_EC,2310.0,21993.2525
225041_BL,220.0,1306.627
223477_OR,6504.0,92217.9212
224961_BM,3477.0,81918.283
221840_BM,4532.0,55108.8841
219244_EC,3682.0,75490.8095
217034_BG,7920.0,173559.299
219307_BM,1836.0,8436.8054
217675_SV,8.0,58.355
212598_IV,33.0,339.0325
225242_WT,228.0,1932.8042
212597_YL,22.0,283.1077
219729_BL,3720.0,88401.9063
218300_HM,1135.0,7763.8803
166354_ID,2863.0,33137.7537
227035_DB,458.0,4192.5997
214645_BM,1790.0,29078.12
227191_DM,40.0,206.4886
225680_BL,1136.0,8235.96
218456NC,5444.0,110143.7517
1735490HM,7590.0,34954.0305
217970_FU,5.0,83.9876
222224_BG,2917.0,48605.5574
208078_OR,5304.0,36776.853
211956_HM,2939.0,16094.0426
210347_NV,3042.0,14000.6177
215908_IV,5723.0,31608.2397
220326_BM,2914.0,25770.9464
215551_GD,3159.0,31293.3878
211070_HM,1771.0,13757.0538
1879985BM,8384.0,41080.8284
215621_SV,4644.0,24493.1643
222873_TU,1265.0,58127.5567
214638_BM,2539.0,21188.5484
214058_BM,648.0,8268.1797
221918_BM,4102.0,49231.9934
224720_EC,402.0,12600.4814
196653_CL,6009.0,33562.1132
216478_TU,4399.0,142757.3212
215018_BU,340.0,11108.7076
212645_RD,11733.0,366437.9983
208552_GN,2019.0,35537.6177
205237_GD,1988.0,11723.8015
218306_RO,1161.0,4763.3286
211431_EC,6784.0,170479.0268
212225_RD,232.0,5680.4577
217238_BM,324.0,8381.0545
210031_OR,3798.0,32936.2721
215935_GD,5104.0,42879.3802
220366_BM,2771.0,34513.6718
219068_BK,4421.0,38246.9733
223637_BK,1341.0,45291.5166
219234_BG,199.0,6204.0922
224295_BM,1592.0,46494.8702
211791_SV,1647.0,46880.1553
170562_BU,5767.0,21407.3874
211248_HM,2578.0,23687.2523
220382_PK,4276.0,47894.8726
209746_WT,1692.0,20227.5641
206383_NU,14300.0,159901.5076
213108_BK,2342.0,9473.4589
222540_BK,1053.0,15699.0956
216527_GN,209.0,3409.007
1953801PK,122.0,884.2763
222587_EC,310.0,11061.3091
218925_PK,3628.0,45404.2343
219776_IV,4281.0,24150.5438
220362_GN,8095.0,233515.0508
224835_BM,369.0,9323.0216
212945_HM,11816.0,51271.6752
213487_BM,3085.0,73296.6964
219723_BL,4671.0,137358.4499
214097_BM,190.0,5668.0305
211602_BM,4490.0,112361.262
225268_WT,2135.0,14994.8617
218800_BG,213.0,4159.4577
209852_BM,6076.0,146336.633
217119_BK,6632.0,139783.7935
210433_BL,62.0,361.9513
213890_FU,849.0,11866.8587
221237_BM,3146.0,26147.44
223785_HM,1615.0,12345.8687
224933_GD,13.0,266.21
223639_EC,2230.0,76490.8454
220416_BL,245.0,6337.678
224984_BL,284.0,2202.7422
221565_BM,663.0,6048.6299
219335_BM,1841.0,40366.4714
224613_BK,1338.0,13476.9557
222632_BN,1220.0,52871.4382
214541_BM,4350.0,105655.5571
196555_TQ,6348.0,24037.3393
225697_TU,21.0,538.2034
216583_BM,2124.0,18439.2799
212540_BK,7253.0,235489.31
224859_NV,5776.0,158307.9479
214709_TU,8795.0,185974.8678
212246_BM,1661.0,10978.7919
227728_KK,39.0,1435.7755
208079_BG,5031.0,50914.5708
200421_LL,4334.0,35422.8797
224416_BK,25.0,726.7163
216016_LN,868.0,29399.8327
214242_EC,8091.0,150698.1332
227972_GN,97.0,2672.6748
221636_HM,2713.0,24871.1376
222836_DM,7518.0,173833.5536
221454_BM,2457.0,22792.349
217350_GN,2650.0,51643.4567
224129_EC,1091.0,25959.0891
223179_WT,2696.0,73111.2811
225068_BL,920.0,5330.3484
222346_KK,1116.0,36978.2497
216758_SV,588.0,14882.0685
219179_BM,3226.0,13991.6825
224822_BG,3887.0,62083.587
221591_MD,1659.0,42985.2205
210649_TU,6701.0,222610.9956
202636_GD,3349.0,13735.7236
216849_GD,24654.0,140840.4304
223305_FU,477.0,4309.8068
223789_SV,538.0,3081.7654
211182_HM,4449.0,21115.295
220612_GD,2458.0,13163.9964
217860_EC,7766.0,170724.1931
216356_BL,6125.0,131673.4377
216601_GN,4369.0,47999.1885
217163_SV,2851.0,15561.0578
221329_GD,2722.0,68571.1316
222191_BM,1982.0,25508.1916
210455_SV,1223.0,45701.878
222001_OX,4871.0,27341.5236
222945_BK,4424.0,121142.2654
209307_SV,4188.0,20405.9646
215627_DM,8795.0,178827.2998
221055_WT,1219.0,14573.9873
216977_GD,2683.0,9633.023
212974_TG,13075.0,52593.0431
216108_GD,6102.0,66894.9318
216922_HM,5582.0,33145.6122
196001_HM,1031.0,11611.1642
207975_GD,11133.0,61229.3741
216748_RY,4882.0,24003.1714
215020_KK,500.0,11671.2865
211735_PK,1809.0,7461.5908
222540_BG,1651.0,24612.7511
221297_BM,3190.0,10877.6588
211509_CA,4210.0,70678.8641
218555_GD,1048.0,10851.2101
205191_PK,5962.0,31753.3375
222328_BK,2705.0,91825.8993
215249_PM,4985.0,69138.7941
211428_EC,6149.0,167487.148
224396_BU,2025.0,24119.9444
219030_KK,466.0,11023.7373
217711_BG,734.0,26409.1613
208014_EC,4339.0,62138.5032
218072_BG,4114.0,120186.4686
216903_HM,6006.0,29034.4688
212940_HM,3916.0,18516.8371
218526_RD,3527.0,35367.9036
226796_BL,365.0,13246.6704
214585_LM,6215.0,97696.592
210511_BM,4268.0,88424.7375
211845_BK,7455.0,190522.6326
217524_SV,2725.0,13453.0133
213199_PK,2892.0,28826.1164
225313_KK,1637.0,94934.3298
219402_BM,3512.0,29364.0167
209966_BM,4249.0,114959.0218
221254_BM,3893.0,28603.9607
213929_DM,1583.0,6084.6946
219054_EC,30.0,353.848
219078_EC,7422.0,123748.0967
217130_HM,1729.0,21429.3973
224425_BM,161.0,4392.1713
213480_GN,813.0,32192.2577
224562_BK,12.0,85.2126
222101_KK,16252.0,406292.5796
226995_KK,408.0,11184.7008
213084_SV,3044.0,27679.181
211055_HM,2399.0,15304.7867
213207_BK,6814.0,132159.8234
211982_PM,4209.0,23033.1183
212011_SV,1972.0,11614.0475
223895_PK,787.0,24605.5849
213347_GD,1.0,14.7373
223217_WT,1477.0,18198.267
216961_EC,7269.0,182406.9171
169607_IG,2118.0,13247.5606
210198_BM,8212.0,193331.8631
220021_BM,5604.0,61246.6704
212578_BK,2971.0,75172.8569
214585_EC,7226.0,126742.3846
216298_GD,3554.0,19915.5992
210280_PK,6858.0,34448.7453
213593_BK,7315.0,120584.0851
219126_KK,1455.0,68708.2193
217238_BU,4532.0,132308.6068
209301_SV,3479.0,24563.2792
214195_LL,2181.0,24249.8719
216415_BK,791.0,24017.8519
211915_BL,2651.0,58265.7091
206394_KK,275.0,10346.7792
218047_GD,10158.0,268076.9025
221298_BM,4765.0,25168.7563
216609_BK,8624.0,215706.8685
224690_BK,5349.0,182707.6914
211965_GN,3126.0,13776.5983
219754_DM,2522.0,28780.4719
211066_HM,1807.0,6614.1822
217460_HM,2908.0,29889.9094
224304_GN,3017.0,14434.6113
215896_BK,3258.0,18477.6583
219024_HM,4720.0,34936.6444
223765_BG,170.0,13889.704
2011441HM,5055.0,23296.7117
215908_HM,796.0,4196.7401
193166_BK,4607.0,20947.7176
209330_GD,10513.0,46805.2746
224441_AN,847.0,21932.647
223249_TU,1579.0,33354.2603
219472_HM,969.0,8281.9739
222579_BL,730.0,7072.9696
217854_BM,6162.0,113461.8904
221147_WT,3348.0,56266.4542
216759_EC,280.0,16475.8651
216281_BM,2539.0,26168.924
216173_BK,2588.0,110908.5008
223122_GD,3137.0,23555.235
226940_GD,165.0,1531.8189
219461_CA,2677.0,48200.0583
214399_DM,9168.0,65607.2633
225645_GN,50.0,1021.8267
223642_CA,1773.0,58788.8951
209000_GD,6630.0,44852.5722
211928_HM,3364.0,33536.3438
223814_SV,457.0,3550.6418
224905_BN,3754.0,106322.3461
140486_BM,6099.0,73462.9065
222563_BG,2603.0,31161.2265
218398_OR,3918.0,85706.4528
222339_BK,3766.0,111118.0521
223898_RD,2615.0,30312.6858
214471_GN,5402.0,28730.6278
219244_BK,6760.0,138898.452
227009_SV,45.0,790.0403
216291_SV,377.0,2186.4949
222947_BK,2130.0,48515.0153
212363_EC,1770.0,49195.8313
217800_EC,6519.0,156153.4297
201255_TG,5579.0,34170.2977
212821_WT,4027.0,49962.1279
214538_KK,2074.0,46929.3472
205275_BK,4052.0,51401.137
221830_BM,4893.0,42810.6604
217520_SV,3058.0,16660.9942
214475_GN,80.0,654.2537
212308_TU,7727.0,142310.8379
220848_WT,6245.0,35409.3347
224394_HM,4785.0,35348.4972
227130_BU,6.0,128.1774
224758_HM,190.0,1286.545
211515_OR,3482.0,31371.0839
1696221AQ,4196.0,33183.7927
211644_GD,2179.0,10956.7923
212225_BG,225.0,5225.2948
216047_BK,5267.0,87657.8157
225663_OR,91.0,2104.4521
224469_BU,341.0,5356.0254
212860_GN,7476.0,35245.1728
224159_GD,5715.0,42639.4619
223684_BM,3297.0,109391.7546
225676_HM,890.0,4977.5327
221104_GD,852.0,6654.1399
219231_DB,3579.0,27201.17
216431_GD,206.0,4726.331
211141_HM,3007.0,15783.2677
219858_PU,2488.0,13036.8709
219398_BK,7001.0,173415.0383
223615_BK,3343.0,80545.3755
217671_IV,4313.0,25079.9563
223394_PK,587.0,13649.0192
221778_WT,1680.0,38913.9247
218492_ID,3417.0,21405.6217
219268_DM,2949.0,43875.8885
226677_GN,400.0,2602.2568
212281_BM,399.0,8110.4856
223348_BK,400.0,10055.0695
214064_BM,2630.0,19833.1143
166360_DY,2869.0,32432.9377
212442_HM,3759.0,18564.5215
212347_BM,1.0,21.4793
213823_HM,4519.0,20927.8727
218839_PK,3881.0,30872.4099
221263_BM,3000.0,10040.6528
218265_BK,9441.0,231843.0365
222576_KK,1011.0,16008.5603
214473_OR,55.0,740.6851
213729_BG,876.0,12241.9317
212591_HM,2887.0,15644.2269
2236401PU,1983.0,22868.64
221525_LL,3414.0,35096.5742
225677_HM,3757.0,30912.3833
218005_BM,1224.0,17241.6649
212808_PK,1804.0,18710.3713
225673_BK,112.0,3352.0026
216858_RD,1451.0,14260.7211
224666_GD,1663.0,8663.8292
214398_DM,3806.0,18466.358
213573_OS,4566.0,103684.6715
211959_TL,2745.0,15360.0989
1573721BK,2776.0,30189.8958
217002_PK,3141.0,16607.8806
221833_TG,1326.0,12047.0811
224964_KK,1352.0,21147.3709
219380_BM,3453.0,26373.6697
213821_HM,3958.0,17781.6098
217338_PU,821.0,15153.9657
215920_BK,3952.0,22444.3918
225078_BK,249.0,8538.2778
224338_HM,1586.0,11362.633
221002_SV,3553.0,61259.1911
218892_TL,4633.0,26718.1409
201165_HM,3420.0,15692.1233
213986_SW,988.0,2669.9834
223272_OR,1127.0,13567.8048
214772_DP,6570.0,64043.0228
227034_DB,1353.0,7436.6206
213988_HM,5626.0,23427.0948
2156191HM,4701.0,35467.3692
222871_CA,1528.0,80269.764
219012_GN,6492.0,43178.5152
215898_IV,4770.0,30340.3193
214147_BM,5544.0,24103.8677
220565_GN,7032.0,168928.9491
219269_DM,690.0,5431.9948
226341_GD,803.0,5885.1648
215440_BR,5171.0,109062.5922
214673_HM,2891.0,23132.4511
217326_SV,4062.0,19114.036
213070_BK,6002.0,31361.3798
219952_YL,1447.0,62829.8883
211980_GN,2034.0,17612.5334
220189_BG,2634.0,86827.4272
219232_BM,2505.0,22940.4519
219502_BK,2289.0,56247.6273
216594_PU,3955.0,52921.7361
218667_FU,3628.0,64704.1301
221333_BM,4226.0,111181.7073
210403_SV,314.0,12444.6004
212231_PM,4124.0,35296.1412
212812_GN,6896.0,147162.8247
222708_BK,54.0,1489.2066
218474_DG,5985.0,35397.6099
204708_NU,5244.0,19847.9495
218127_GN,3466.0,51217.4042
216444_BK,6747.0,165046.7615
224015_BK,3159.0,63890.3764
222655_BG,1554.0,48633.869
213865_BM,6962.0,229475.7052
220598_BL,11218.0,280756.1033
223318_EC,1917.0,16962.9807
212001_HM,3200.0,25055.3486
212016_PE,1003.0,9772.9883
226388_BM,1370.0,37972.6417
224431_NM,1231.0,38830.9608
227234_BK,43.0,2638.7936
221149_BM,1657.0,12904.6614
215065_DG,880.0,21346.4225
210435_BL,42.0,262.3459
215536_BK,5028.0,65642.4249
224477_GN,145.0,1578.3901
221681_RD,161.0,3951.619
225504_PE,662.0,3557.8892
208057_CA,1752.0,24335.9254
212393_GD,27.0,851.2679
216090_IV,4191.0,23255.3113
218748_BL,2197.0,62457.0161
214449_BM,5753.0,141737.351
223196_WT,2147.0,71249.1053
226588_BU,386.0,10547.1295
220811_WT,1289.0,7138.2641
227117_BK,43.0,2162.9668
214366_BM,4008.0,30091.193
223635_BK,132.0,3325.7665
195269_EC,18285.0,164264.9219
219744_WT,5219.0,130741.6648
217525_SV,2467.0,19314.9263
215825_FU,82.0,798.1909
208708_GN,2605.0,56529.5645
218688_BG,5590.0,172890.1811
211711_BK,208.0,3909.1233
222703_TU,440.0,21445.6976
217904_SV,6325.0,55543.3494
206894_GD,3807.0,18955.7979
193709_LB,5414.0,19983.1654
211433_TU,7166.0,135046.2918
215892_IV,3087.0,23636.0698
217238_KK,8065.0,230810.0882
221222_BG,2375.0,54209.2905
225362_BK,0.0,0.0
223980_BM,725.0,23507.6671
220211_BL,4119.0,89092.5264
213951_BM,1062.0,5918.2704
211754_GN,1871.0,12495.3357
222388_BM,1109.0,28666.8492
218543_BL,1518.0,49276.7643
223928_BL,2557.0,62738.8335
222034_BU,2453.0,63316.3643
221010_BM,625.0,9785.6742
213100_RD,5419.0,109801.6856
216990_GD,3034.0,30782.4822
209183_GD,6057.0,61022.1219
211258_HM,455.0,1380.58
222900_BL,2281.0,38799.2489
224919_WT,136.0,3476.2253
223349_DN,2611.0,38633.2846
214038_WT,3843.0,73694.8508
226589_BM,71.0,1924.6193
208611_CA,13314.0,229834.2711
209668_GD,3824.0,18041.9531
211910_PM,4985.0,31731.577
218170_BL,6857.0,159483.4314
212694_TU,481.0,12760.9426
222901_BM,4610.0,88354.896
211236_NV,4710.0,66791.9886
209454_BK,8592.0,187204.5912
220421_WT,1497.0,37859.7328
213578_BM,4374.0,71624.209
218305_BM,392.0,7127.9736
216347_BL,6382.0,110395.1072
218459_GY,2789.0,57608.4489
215548_SV,1257.0,35790.1751
207919_BL,932.0,8279.4669
220999_GN,1419.0,27608.3656
216453_SV,256.0,5296.3781
224932_GD,11.0,249.9496
209077_BL,5255.0,79799.7209
212006_GN,3627.0,14024.1678
212975_HM,4470.0,33845.5998
215606_CA,7770.0,150628.6979
215645_SV,2398.0,14341.2051
214148_BM,4773.0,50835.8623
225164_BK,1351.0,28315.2651
223119_GD,2594.0,14949.9674
210632_BK,5458.0,255469.8111
221198_EC,1257.0,14778.1774
219022NC,5899.0,148870.9153
211415_GN,421.0,7442.8675
208721_PK,650.0,9309.183
206914_SV,2885.0,24627.0733
212431_BR,198.0,3649.0375
209177_GD,4140.0,27735.1528
226228_BL,491.0,3694.1406
215493_WT,2973.0,72497.9786
213008_HM,4824.0,45762.878
201230_FG,13148.0,57365.8809
209731_KK,1575.0,36466.0902
221567_IV,2264.0,15431.6568
221255_BM,4952.0,29648.6003
215217_GY,2487.0,37393.9476
212634_BM,1180.0,28134.266
210295_OR,8481.0,43747.7174
209972_BL,4375.0,72178.5517
221197_PK,2822.0,20932.2955
214916_BK,89.0,1182.332
221086_SV,305.0,1839.7103
222439_BM,1037.0,19444.5862
224191_EC,11.0,467.5798
215937_SV,228.0,2310.9011
218347_BN,692.0,6997.9076
223880_SV,192.0,1571.7931
212950_HM,4317.0,22798.2249
212849_SV,2950.0,18504.3076
218889_BG,3034.0,88821.0439
225052_BK,147.0,4247.8561
209316_SV,4078.0,26480.393
220946_PK,2457.0,24871.0392
226394_BU,173.0,1985.0264
216250_IV,5280.0,51233.2146
226919_BU,22.0,1015.2831
211249_HM,5267.0,37907.3901
210753_MM,145.0,2261.6625
218800_BN,151.0,2229.672
225137_BK,1501.0,27476.3113
208146_BM,13502.0,254983.4801
223951_GD,369.0,5249.3272
210351_BM,2295.0,16588.038
215196_BK,765.0,22623.4536
224836_GY,241.0,7175.367
212553_HM,3126.0,25378.9797
223554_GN,2755.0,80317.4096
226711_MI,57.0,763.8272
2012551GD,5943.0,34759.1309
210791_CA,6262.0,130607.4221
226484_SV,473.0,3154.9541
223900_SV,1580.0,9074.6428
220586_BM,6469.0,152791.0864
215949_GD,12576.0,68471.2026
209617_YL,3204.0,57621.451
222059_TG,3161.0,17741.889
222360_EC,964.0,33197.8836
224912_BK,499.0,12325.6307
220760_CA,1359.0,48857.709
219528_BM,681.0,7680.1362
211160_GD,5726.0,22838.1418
225498_BU,75.0,2276.2573
215484_BM,4805.0,78763.8727
210984_BM,394.0,10418.3839
222238_KK,1514.0,25534.7442
222426_PA,3133.0,38921.4435
221250_BM,4833.0,39826.6001
215580_GD,4620.0,30994.0735
224270_HM,2922.0,21361.7648
208057_PK,2017.0,28410.5452
213555_BN,312.0,4483.0436
214001_SV,6312.0,30811.8706
222900_BG,126.0,1854.3384
215578_SV,6353.0,45074.7164
222253_BM,83.0,2462.1272
224097_CA,475.0,13340.4925
210442_BL,20.0,100.863
222585_PK,1372.0,16257.4673
223072_PH,2986.0,35979.2004
216058_GD,4771.0,144493.8814
221713_PK,1451.0,21338.6421
224007_KK,2892.0,65532.8692
220313_BM,3454.0,24982.7583
223614_CA,830.0,25474.9459
219465_RD,3826.0,48548.7451
210336_BM,1611.0,10837.1584
223853_SV,1820.0,21907.1659
227615_GY,270.0,9103.9033
212321_BM,3545.0,20441.1831
223758_LB,905.0,5190.1586
215916_IV,6638.0,55199.9191
209771_BM,1159.0,23573.3312
222459_BK,1912.0,41083.4987
212022_GD,1172.0,7775.6544
210167_KK,1545.0,35384.8232
220846_WT,6155.0,34552.8076
220316_BM,2952.0,24225.1465
216449_TU,6674.0,154443.1828
211922_HM,4665.0,47009.1006
215660_GN,3130.0,131520.1113
223639_GY,2213.0,75867.9437
222258_NV,5221.0,146722.9234
211997_HM,4128.0,15646.6815
222286_EC,3910.0,48224.0287
214949_GD,1183.0,7444.9072
223823_SV,622.0,3915.7292
216670_HM,5132.0,14979.654
223641_MD,1203.0,25911.7255
220084_EC,9260.0,234847.954
220014_OR,6457.0,26218.1436
219444_BM,292.0,7805.1415
216618_MM,1293.0,10885.0523
212106_KK,1770.0,46840.4602
216831_HM,1407.0,17416.4923
217902_BM,3904.0,27361.4847
216339_BK,10832.0,283756.595
212626_BL,5112.0,109878.9001
212495_HM,2372.0,15984.2795
216835_HM,4283.0,36289.4509
211008_BK,6859.0,178216.8497
216739_GD,27.0,292.0089
216178_BN,4093.0,48666.0503
213993_HM,2806.0,12025.9843
212129_KK,61.0,2634.4953
221584_GD,2719.0,30045.3793
223688_BN,1004.0,7627.0939
220800_WT,5874.0,34273.7061
211008_EC,4701.0,120928.9839
227519_BM,1.0,14.2057
166730_NV,6410.0,32415.3713
219583_BL,3035.0,50771.9253
220564_CA,4789.0,126790.22
220485_BM,3203.0,11380.16
212025_GD,3037.0,14617.4147
221108_SV,2280.0,14821.4224
215586_HM,4184.0,21648.5258
221115_GD,941.0,7927.5389
220180_WT,973.0,16910.0115
220823_CA,1689.0,25060.2012
209866_GD,4900.0,29184.1042
223287_HM,413.0,3137.2848
221262_BM,3737.0,16849.7016
211511_LL,4993.0,60319.2885
215113_BM,1386.0,8518.1888
222221_BK,6918.0,195749.6998
216585_RD,1967.0,14234.7645
214469_OL,84.0,1210.2718
212733_BU,3410.0,17741.5919
214894_WT,5192.0,112007.6952
223952_SV,2087.0,18949.8788
215895_IV,3494.0,24712.2069
221240_BM,6034.0,26560.3668
226446_EC,2.0,56.9286
213189_BK,8298.0,205014.128
214957_BK,4654.0,102189.0055
212100_BK,5866.0,146996.7443
210296_LB,3657.0,24623.3004
212850_SV,3766.0,32008.1818
215549_GD,2744.0,27763.8618
223630_BK,703.0,15136.6552
212823_YL,1526.0,21893.1229
210886_DM,5816.0,138661.303
223028_PM,2377.0,17986.9704
229920_BK,0.0,0.0
220565_NV,9122.0,218693.7413
214013_HM,5583.0,24250.5823
217059_OW,6311.0,144431.0412
224582_BK,838.0,9905.8063
214922_SV,48.0,558.1963
225662_BK,145.0,3719.2772
215136_GD,4389.0,31018.1854
211967_HM,910.0,5140.1005
210882_BM,5292.0,107512.2582
227082_OR,815.0,11490.436
207646_BK,8396.0,201908.8342
211916_PE,3514.0,45530.6573
224333_HM,4417.0,32828.0148
216605_BK,1939.0,26465.0089
221043_WT,4389.0,24908.4495
217181_YL,2942.0,19196.4534
214574_BK,1607.0,8079.733
212351_EC,7462.0,154890.5407
212826_HM,2628.0,14511.6127
218911_PK,7805.0,172243.1465
215134_GD,3267.0,19542.4762
211937_HM,1719.0,22052.2383
209526_GN,7322.0,183397.621
224949_DM,66.0,998.6155
225622_BM,613.0,20951.121
222824_BG,1629.0,47418.2492
217653_SV,1189.0,5340.8878
226979_DM,656.0,6105.6631
211751_PK,951.0,5542.6057
211964_CL,3458.0,12529.3794
211838_BK,8360.0,207554.1874
218609_RD,140.0,2029.3663
216277_BL,4803.0,114666.9022
212947_LK,5001.0,19637.3357
225578_BN,143.0,12535.7524
211100_DM,614.0,9109.9505
215957_GD,4006.0,36919.0807
162858_GN,5454.0,28110.2399
213724_EC,7127.0,355204.5379
221060_YL,112.0,3134.3017
223585_TU,329.0,10596.2154
210639_SV,2045.0,41822.3867
214935_BK,57.0,792.7377
214267_BK,10994.0,244482.4442
218626_BK,5955.0,111327.9182
211655_WT,11330.0,305359.8359
214556_EC,4351.0,68357.1271
223736_SV,1034.0,8247.5493
223384_BM,98.0,2501.2312
221681_BK,633.0,15720.0101
225582_CA,110.0,9461.5248
214183_PU,2634.0,15247.2711
216277_BG,3610.0,76581.8841
221792_BM,8185.0,233408.8823
222369_EC,3034.0,56813.6998
225519_BG,685.0,22957.5901
214308_PU,474.0,8148.389
223074_PM,2896.0,15794.9565
221825_CL,934.0,6754.7017
221201_BM,1583.0,28532.3341
208532_GN,3919.0,67828.5287
216561_EC,7056.0,184012.7669
223261_HM,1624.0,20021.7697
218771_WT,2794.0,73497.8215
218603_BG,242.0,4704.8135
223963_DM,395.0,15377.5625
213426_EC,2296.0,69156.4168
226715_RO,330.0,2702.5362
223015_PM,4867.0,36046.626
212210_DM,953.0,33430.6811
224889_CA,1435.0,122496.487
219608_CA,6049.0,138607.8534
213956_BM,1.0,8.325
224891_BK,1998.0,56608.848
205757_GD,8135.0,36105.9865
224531_KK,134.0,3749.2183
217928_GN,6099.0,153995.8658
224083_CA,193.0,9705.5085
225612_BN,983.0,27650.8994
226429_BU,696.0,4974.0166
206375_BK,19794.0,276809.5284
210456_BK,885.0,35982.1442
209267_GD,6132.0,45551.4056
219753_BK,948.0,26149.8487
212609_BM,40.0,540.1895
211368_DM,4775.0,31848.8777
221252_BM,1909.0,10650.7685
210054_EC,7991.0,173073.3897
157372_MA,1857.0,20558.0715
224033_GY,246.0,4185.0827
215440_BK,10264.0,233643.0569
222924_PK,618.0,20951.1743
212797_BK,5320.0,83732.9492
218281_BK,2780.0,69707.5715
218947_GN,4579.0,42486.0373
217454_HM,3794.0,20051.7671
216681_NV,4023.0,20477.3436
215536_KK,5544.0,66182.3944
217407_AQ,3692.0,55347.5475
218841_OW,10897.0,186510.443
221812_BK,1100.0,31854.1966
222337_EC,2375.0,68681.0723
218869_DM,3239.0,21385.1045
212374_GY,3795.0,114276.766
212280_BM,1853.0,9482.7005
220511_YL,1014.0,29049.365
223619_BL,1428.0,33609.8214
221905_PK,3619.0,107858.7222
220417DNC,6339.0,145817.0757
218895_BL,3103.0,33113.3882
216758_OR,218.0,5380.1607
206664_NV,2567.0,37917.4537
222444_DM,2151.0,36198.0905
223659_DM,360.0,14785.4386
218260_BU,4205.0,104743.8441
215651_SV,257.0,2969.971
216591_BN,427.0,22532.8471
213977_PU,516.0,10512.5425
215655_GD,4499.0,29047.1313
223871_GN,2989.0,77440.2108
225024_GD,68.0,1096.4587
221182_IV,4214.0,22174.4068
224342_HM,2823.0,32141.8777
217176_AU,2984.0,38256.3752
227296_BN,60.0,4663.3744
212284_BM,1176.0,4472.1755
218053_BK,5588.0,148120.6909
223956_GD,400.0,3176.2963
218703_GD,13123.0,306474.1765
222000_PK,1629.0,30788.0957
225125_BN,796.0,17923.3282
214829_BM,1747.0,37960.7769
222493_PU,593.0,20848.6844
220895_EC,4516.0,106457.8682
210501_YL,372.0,7804.2378
222633_BM,2545.0,67612.7066
213801_HM,2204.0,8741.6594
224539_SK,435.0,5947.7502
214926_GN,3258.0,81893.6512
178054_IV,5286.0,63265.1538
212125_BK,4235.0,88393.2978
216760_EC,439.0,18663.5401
227534_GD,3119.0,35456.6675
211234_EC,7684.0,179774.8386
217981_EC,8668.0,175965.6126
223958_BK,2965.0,73907.1669
218768_BU,123.0,2846.8488
215245_BL,4700.0,31230.0342
217179_CA,2864.0,48065.6586
218162_OR,1028.0,10961.074
216439_GD,117.0,1587.6879
213131_BK,6566.0,53689.3848
212566_TU,7888.0,160113.0189
211698_BK,6786.0,181052.7542
223700_GD,3179.0,36342.3878
211721_DM,1661.0,9681.4707
222679_BK,133.0,3393.8937
222482_EC,1081.0,33138.6637
226440_BU,679.0,4818.7474
220904_YL,1192.0,52137.0947
217896_BL,4340.0,52414.957
218318_RO,1189.0,6874.7362
213138_BK,3086.0,18008.9762
220588_BM,12046.0,359996.4264
209629_SV,39.0,614.2875
220883_BK,1851.0,61087.7083
211966_HM,4435.0,20882.9857
222937_EC,1.0,38.325
225273_WT,1253.0,8984.4931
224803_IG,1287.0,7213.3706
225506_PE,857.0,11885.5684
195269_MV,5970.0,53263.528
221735_LB,1568.0,14339.3671
194061_DM,2833.0,17144.7842
213614_BK,4489.0,202778.014
215538_HM,2644.0,28879.4737
228010_BK,68.0,340.7403
224810_IG,440.0,4341.9033
212838_GY,1486.0,30169.4441
220373_PK,2823.0,24029.9611
225169_GD,966.0,5447.7555
214883_BG,4382.0,145775.9391
226600_GY,362.0,10057.2494
215019_CA,584.0,22429.2831
217119_BL,6623.0,143458.0662
214939_RD,175.0,3237.4575
227174_RO,201.0,1602.8149
225016_GD,16.0,471.7683
181831_BL,5.0,39.9033
219598_EC,4710.0,50823.1078
212658_BR,1209.0,21757.1568
214202_MI,583.0,1795.6091
214551_HM,5067.0,77948.1921
224005_CA,215.0,3135.429
213806_PU,3542.0,20300.3142
221118_SV,1846.0,11450.9761
225240_BU,890.0,22898.9519
226995_BN,807.0,22171.0948
223547_WT,5020.0,146155.7066
217860_BK,6895.0,157898.6192
215901_IV,6445.0,60493.6618
212407_DM,3401.0,67981.6967
214657_BL,2867.0,54005.7671
224405_HM,3829.0,27520.2995
227219_FU,1.0,8.122
214821_BM,3613.0,74310.0053
224723_HM,151.0,1056.9399
209629_CA,6319.0,96831.6784
226358_SV,376.0,6413.9626
221146_BM,6030.0,35786.9348
220272_CA,1407.0,39721.8256
219880_EC,145.0,4489.3463
216370_FU,6237.0,89421.2434
223419_WT,2811.0,33876.6588
214144_BL,1.0,3.2439
224162_GD,3405.0,41904.9038
211992_HM,2542.0,9585.7128
222672_EC,83.0,1903.3938
211035_HM,2507.0,22209.566
212128_EC,5824.0,140519.664
215571_GD,4286.0,19763.3659
209657_BM,1837.0,24091.7627
211199_HM,3415.0,20427.7083
217800_BK,209.0,7093.7921
222246NC,2040.0,40953.8873
212242_BM,2265.0,8229.219
223266_GD,1591.0,27074.8982
213088_BK,4077.0,25373.2078
224546_OR,395.0,3354.4843
2167601SV,68.0,3005.8413
214555_BK,4101.0,25439.8689
215216_BM,146.0,3116.0898
213444_BM,3215.0,52018.4555
218546_GD,2168.0,13487.6695
220758_BM,456.0,12666.4616
208732_EC,4846.0,82220.5772
210861_BM,977.0,14189.5652
219566NC,6774.0,166589.0013
211834_KK,7638.0,225984.4196
223777_HM,91.0,865.2042
218265_EC,7587.0,182707.9051
212113_TU,7391.0,191854.5592
226446_CA,5.0,101.1052
226368_GD,319.0,2174.1624
212110_BK,6282.0,153486.0167
213876_TU,7728.0,183314.4706
202702_BU,487.0,5621.77
219438_KK,101.0,3502.1524
219766_IV,3209.0,18002.8947
213816_PK,135.0,3719.4367
218272_BL,5326.0,119717.8757
225029_RD,123.0,2984.7394
214116_BL,4805.0,14891.9757
214834_BM,7525.0,53677.5985
224272_LL,3459.0,18990.4685
222055_BK,2860.0,74997.2919
215532_CA,10306.0,240664.5141
213911_JN,1.0,2.4917
227024_DB,1425.0,8958.4588
202065_HM,7010.0,34266.125
216724_BU,1342.0,10162.0493
219331_DM,2135.0,9490.1884
215172_BG,2124.0,68942.2342
218298_HM,736.0,6271.7112
222245NC,1308.0,26308.5711
223867_SV,2615.0,19739.2152
219228_BM,3004.0,17152.3778
209828_BM,5166.0,101762.0566
223575_SV,61.0,310.6147
219404_GD,2354.0,14710.1944
211874_BK,7643.0,185590.1246
220810_WT,43.0,613.5545
217375_SV,2653.0,25399.0479
217564_GN,4438.0,64766.0998
182252_RD,2887.0,33148.0115
216709_DM,3038.0,12071.8874
212299_BL,2160.0,12090.9614
212912_KK,5026.0,207704.5844
223756_GD,1921.0,32255.3677
226483_GD,287.0,2623.5899
214032_BG,1509.0,38225.0828
217368_SV,4548.0,31382.5527
221077_BL,111.0,2761.1552
1674883HM,4411.0,13989.7955
212667_GD,5948.0,30752.3179
218348_BM,4273.0,30474.799
219377_BM,3090.0,33029.8952
214344_MD,874.0,8691.2306
219615_BM,2384.0,19052.7634
216693_DM,4710.0,37650.7133
216759_BK,442.0,25805.3979
221234_BM,2685.0,47710.0941
215622_GD,4524.0,22710.6813
218826_LB,5562.0,30378.8439
210322_BL,6249.0,42000.8356
2234771DN,2573.0,36253.1187
212237_GY,499.0,11291.4344
221716DNC,4466.0,123869.277
219276_DM,3156.0,13457.4706
216592_PU,5419.0,121248.2059
219857_PU,2115.0,13464.0521
218574_SV,886.0,6210.419
202047_DM,931.0,3418.6207
210295_BU,6523.0,19281.4375
221756_CA,2702.0,61465.6792
2011800HM,4634.0,19652.8852
212653_WT,43107.0,769992.4951
220488_PU,5929.0,24821.6383
224297_DM,221.0,4698.2277
222606NC,2707.0,72520.8791
212607_BM,45.0,606.1645
225013_GD,58.0,974.4259
166660_DM,4074.0,16072.7277
217119_FU,2308.0,51204.2998
222222_BK,4703.0,133012.6774
216438_GD,307.0,13264.1079
212971_PK,5193.0,21838.1825
219028_RD,499.0,10805.3472
220377_GD,2974.0,33133.1238
216356_BK,14137.0,307771.3803
225287_BK,1.0,33.0496
209971_EC,4292.0,53980.9156
219441_GY,263.0,3593.2417
214981_KK,2667.0,50682.9682
227744_CA,385.0,16144.3034
210928_EC,9731.0,187313.3908
219574_BL,6706.0,161432.0262
212113_KK,6405.0,178220.2841
213832_KK,3487.0,85182.9856
221623_RD,1266.0,19363.613
214811_YL,1873.0,32034.7169
215986_BG,750.0,22913.3258
216201_YL,488.0,10711.1853
210928_CL,2222.0,40533.3917
216743_RD,58.0,2343.9629
212184_BN,2450.0,61503.7554
222255_BM,934.0,27460.886
219753_SV,1115.0,33279.3512
223629_BK,1081.0,25018.0265
208038_BL,5373.0,150148.7572
1404862PE,6808.0,75845.3257
221635_BM,5055.0,138672.9853
223225_HM,620.0,6081.8364
221479_PU,2140.0,12306.5492
210348_OR,3175.0,21335.2362
224422_BK,147.0,5994.6584
224685_GD,2570.0,18391.2543
215441_TU,7832.0,172610.8448
214519_GN,171.0,4798.3059
208558_BK,96.0,1415.7013
221607_GY,1548.0,44904.2247
215332_BK,1430.0,59852.6477
215989_HM,2929.0,8423.6601
223207_OR,386.0,2118.9453
208714_OR,4000.0,29150.2529
222605_TQ,2738.0,20031.7507
214371_BK,8936.0,257234.3132
210925_WT,3002.0,86531.7212
217126_HM,60.0,629.2478
210890_BM,5398.0,71332.8803
227632_BK,973.0,29413.1607
212522_HM,4241.0,16384.5976
218394_BL,282.0,6385.4806
212250_BL,2200.0,13000.6959
211932_PU,3896.0,29243.3089
209767_OR,2044.0,23456.2337
223730_GD,836.0,4730.2245
220371_RD,1906.0,37455.6757
209909_HM,3096.0,52963.9301
222249_SV,223.0,3795.4859
205235_GD,24589.0,230265.2621
219563_OR,2993.0,34783.0827
215540_GD,4391.0,22720.6548
212225_BK,143.0,4090.2439
220434_GD,10079.0,92519.2375
213890_BG,1161.0,15855.585
214719_BK,280.0,18656.8245
218287_BK,3557.0,91605.624
217389_RD,3887.0,38172.5162
212456_OW,405.0,12105.8698
224455_BN,149.0,4071.9436
225231_GD,1222.0,5500.1108
219096_SV,2666.0,8318.1747
223351_GY,1110.0,49261.3915
212264_GN,1117.0,2930.5773
214561_AQ,6216.0,53897.655
217550_BK,5188.0,130831.1747
224943_WT,1271.0,31369.065
212577_BK,4838.0,66764.8833
211802_SV,3437.0,12586.924
210634_GD,44.0,569.6632
215644_SV,3492.0,34432.6864
211410_WT,3590.0,38742.0996
219368_DM,3654.0,19816.4728
214122_BK,4915.0,54245.056
214120_FU,1858.0,6991.3171
215631_LL,9596.0,89803.9983
213137_BK,3667.0,14169.8316
213887_GD,5392.0,18076.0615
223121_TG,4405.0,24552.3571
216328_IV,9812.0,76002.8692
223191_BN,2954.0,131687.1509
226559_MI,133.0,711.7277
216876_BK,6764.0,187943.8738
220524_OR,1962.0,30142.8835
220804_WT,6156.0,41870.7818
209926_GD,8398.0,44129.5734
220729_NV,2496.0,9735.3805
224669_GD,2255.0,12290.7572
223573_GD,94.0,654.3153
218356_EC,3959.0,137413.5081
215503_SV,2072.0,7479.1209
221871_PU,1084.0,39320.8419
218785_EC,604.0,22813.881
223351_GN,1330.0,59328.9167
215205_BG,5732.0,102981.931
225304_BL,1588.0,51506.9013
223354_WT,2294.0,21316.4655
216757_BG,9253.0,233469.7956
218370_HM,513.0,4175.0322
222304_BG,7163.0,236481.8503
214278_BG,5384.0,78293.226
212997_MI,1431.0,9427.5907
216873_BM,5251.0,37612.3082
220939_BU,252.0,6299.0546
224680_GD,3472.0,15986.371
206908_SV,764.0,7420.368
224251_LG,124.0,5139.4262
215917_MI,22.0,151.8721
224812_MM,1430.0,12942.8022
211177_HM,5682.0,34260.1933
219040_YL,148.0,4227.587
1965881BK,7061.0,23721.484
218325_HM,739.0,4734.1979
224767_BM,1687.0,19618.8331
218594_GD,3674.0,34312.9378
221536_WT,2593.0,14927.9337
219743_BK,2126.0,60106.67
222000_SV,2050.0,38298.2802
209677_IV,6413.0,36002.1916
214103_LM,3915.0,34702.8266
216382_GD,3022.0,23561.5129
205683_BL,598.0,3591.846
220445_BG,2727.0,39901.6961
225674_HM,386.0,3865.1182
221704_CA,3667.0,108322.8051
212044_DM,1859.0,18042.4351
219072_KK,3477.0,16769.2577
211457_BK,1048.0,29023.7063
212135_BL,1571.0,40245.8931
223426_BK,2114.0,50517.0315
213977_OR,470.0,8947.5566
210849_BM,1060.0,14893.9674
219335_DM,8933.0,190993.0262
216729_GD,75.0,1115.2403
1687991RD,3674.0,30816.874
221731DNC,4428.0,94303.203
218681_EC,2799.0,42484.6506
214343_BG,1216.0,14509.726
1586852NV,2574.0,12726.7015
212399_GD,124.0,2366.0701
214253_EC,4723.0,103743.9317
225047_BL,147.0,990.6545
210743_HM,1708.0,15498.7811
224944_OW,1630.0,39701.9014
222056_BM,4010.0,30483.4355
219085_WT,4139.0,141758.4781
218403_BK,3763.0,37399.0898
222420_CA,2892.0,50927.5833
223484_TU,349.0,14606.6442
226504_MI,1.0,9.009
216940_BK,11653.0,278003.622
216885_HM,5240.0,54758.4313
214140_GN,2667.0,25317.4887
226912_AN,2368.0,57321.916
223409_WT,1248.0,57528.0543
1953431GD,5477.0,30328.5408
214613_KK,5219.0,70661.4579
219616_KK,4194.0,97173.9726
218564_GD,2992.0,23650.5331
222731_GD,401.0,10217.5952
220777_GD,1302.0,11024.7002
224005_BK,278.0,4133.6295
212257_BL,2303.0,11429.7806
222225_KK,2924.0,36784.3296
223038_NV,2501.0,57144.3067
211296_IV,6776.0,129079.2096
218394_BK,5007.0,125156.376
216403_WT,77.0,2438.6986
212984_HM,4563.0,52418.0334
219053_BM,1757.0,16385.2736
214101_BK,3920.0,46796.9182
222414_BK,3952.0,77656.4291
215856_EC,9329.0,209207.762
219384_BM,2765.0,17236.3586
211546_KK,2762.0,48203.0223
221028_IV,5117.0,27687.9545
223681_BR,290.0,2116.2257
224589_BK,534.0,4381.5692
207600_EC,196.0,3065.777
222079_BM,1101.0,12293.7107
210333_TL,4322.0,21554.3167
198247_BK,3719.0,113295.1659
217225_BL,183.0,4603.4301
216692_HM,5204.0,39024.5438
221714DNC,4357.0,102305.4024
212738_GY,2496.0,37918.4478
227023_DM,616.0,4277.0481
223174_BG,4.0,36.7669
2171551GD,3912.0,18525.5058
221768_BL,178.0,3961.1389
213142_BK,14062.0,68324.9471
224631_BK,2794.0,20797.4614
224955_KK,3182.0,57349.9044
213133_BK,5047.0,36914.8989
1889651HM,4740.0,32767.1688
222361_TU,2479.0,64607.187
220569_CA,5067.0,116339.4446
210252_LN,4011.0,26079.7468
211078_HM,3275.0,13993.9717
210295_FU,12060.0,64256.8263
224800_HM,2291.0,12609.9665
206263_DM,5235.0,46076.0749
211309_BM,186.0,4933.2514
212213_DM,5381.0,58180.4301
217796_BK,1234.0,16087.2891
223037_NV,2135.0,52501.0738
219775_GD,3971.0,16440.1678
212081_RD,2704.0,39587.3337
223052_BK,4082.0,104004.1871
222529_BM,246.0,5130.673
216334_GD,14036.0,79513.429
217233_PK,1464.0,47396.5662
219397_BM,3705.0,19750.0625
213294_WT,6917.0,147986.4367
221518_BL,1396.0,7894.2413
218311_RO,995.0,6775.5133
216145_KK,1646.0,76016.2798
219974_BL,6583.0,27569.6188
212847_GD,2414.0,9824.4492
220033_BM,3919.0,14721.0966
219398_CA,7516.0,183858.1997
212702_BK,4458.0,124973.0172
220922_WT,6907.0,39124.9925
222340_BK,3080.0,70507.831
214646_BM,391.0,3270.61
217682_GD,3966.0,26644.5357
224738_HM,3199.0,23622.2861
212792_AN,582.0,37095.9496
214378_NV,7911.0,216052.9468
213115_BK,4698.0,31754.5673
2167581SV,63.0,1709.8759
214550_BK,1.0,3.2975
213012_HM,5471.0,38201.7049
214552_BK,4894.0,19980.7928
215485_GD,288.0,5505.3551
221876_BM,8122.0,140219.6907
220564_EC,6243.0,158712.0012
218484_BM,4444.0,23785.344
220814_WT,4469.0,25035.1232
216984_GD,3720.0,15222.4781
218289_BK,3323.0,74469.3502
223022_CA,2740.0,92937.2242
219083_HM,3745.0,9985.3929
212458_WT,5685.0,77060.3961
221305_BM,2552.0,37099.8382
215568_EC,9320.0,271277.0941
226349_BU,501.0,5746.6948
221601_HM,2019.0,13280.7295
224719_CA,1968.0,56252.1087
216243_IV,3140.0,30377.1131
224481_CA,233.0,3180.3721
214322_BM,1982.0,61374.3756
220677_BM,140.0,3760.7435
212415_BM,830.0,17384.337
213718_LM,4081.0,34780.9687
215222_BM,128.0,2299.5076
220346NC,4757.0,107324.377
226503_MI,2.0,13.0992
212300_GN,2282.0,10460.6679
216877_LM,4281.0,105287.1645
169620_OR,9440.0,55074.1398
223879_SV,4765.0,26943.9107
218328_RO,1014.0,5675.6954
217986_BL,1540.0,22000.2337
214012_HM,1916.0,5615.7099
214695_BK,3964.0,55891.8142
214475_BM,57.0,751.5144
218312_RO,780.0,4427.628
223006_PM,2702.0,22647.5949
212011_GD,1980.0,11422.6365
1937091MI,7146.0,36001.6537
211441_BM,2464.0,14049.0276
224594_BK,2265.0,32749.4284
210028_GN,3596.0,49886.9615
213360_YL,877.0,16987.8136
224721_HM,1732.0,20513.6088
213135_BK,4541.0,27283.5837
216996_BM,3186.0,17326.3525
212237_BK,716.0,17751.601
216481_TU,6210.0,138883.7975
218908_HM,1930.0,14988.3862
2084240BM,4978.0,28804.4627
217628_BK,5856.0,108002.7353
222946_BN,4251.0,110305.327
212966_BK,5687.0,38595.5807
214475_FU,94.0,986.9245
219865_PU,1554.0,8735.3333
221447_BL,1480.0,11976.7144
218936_OX,5667.0,25372.4311
208021_BL,4365.0,63097.9379
209057_GD,1306.0,8101.8432
217551_BK,6380.0,160961.99
215861_LL,1969.0,13978.2602
224787_DM,368.0,3465.2702
227109_DM,152.0,811.417
156605_DM,4147.0,19621.4001
214388_DM,179.0,12580.9814
211442_BM,3636.0,20819.7134
193709_CL,6958.0,40906.7583
214610_DM,3021.0,26099.3029
218497_CA,1093.0,27492.7076
224859_BL,242.0,6078.143
213724_GN,3868.0,191781.8538
211838_EC,7440.0,182210.0615
223932_AN,1074.0,33349.8901
215602_GN,9718.0,223284.149
207560_BL,8030.0,145450.914
222476_BK,3475.0,80499.8245
224098_BK,335.0,10016.6282
223818_SV,681.0,4183.0131
219716_GD,6508.0,101599.5844
221429_WT,3760.0,95419.9435
227728_NV,28.0,1003.2659
218537_WT,91.0,943.8491
219554_BG,6632.0,139816.2289
221361_WT,1066.0,39306.0578
204972_LK,14576.0,134190.0831
214886_BK,8347.0,90444.5003
223984_BK,2258.0,58385.2252
224655_GD,3039.0,22837.8788
210587_CA,1405.0,18610.5911
212525_FU,369.0,7355.9245
216479_TU,7605.0,173259.154
208148_EC,8616.0,188639.7612
220947_YL,3511.0,27095.1354
212109_BK,1701.0,47798.5383
209251_GD,2736.0,12633.5599
220925_OG,1713.0,9350.5143
225164_WT,1515.0,31971.6093
220687_KK,5540.0,91010.4765
218792_PM,5511.0,32000.4122
224328_EC,4223.0,121843.1318
220749_BM,5990.0,110749.8805
225178_SV,111.0,576.5029
212391_SV,176.0,1461.5069
210159_EC,6143.0,68192.6239
219710_BM,3426.0,92821.1858
218847_BM,6577.0,184754.6388
216275_GD,631.0,4586.1676
220752_BK,1679.0,56781.0309
211324_GD,725.0,5635.8316
219222_BM,2074.0,18945.507
213782_BK,2151.0,46182.0945
225246_WT,1779.0,9701.2612
214006_PK,6574.0,137995.4544
220274_WT,3942.0,107139.2274
216837_HM,5938.0,30359.2488
214141_FU,5752.0,28601.9979
223169_WT,2345.0,63903.9326
210633_GD,31.0,583.3926
211218_EC,4885.0,158025.6161
219326_IC,108.0,1131.422
214393_DM,184.0,5999.7959
222827_NU,1645.0,45662.498
211986_HM,1033.0,4339.3664
219462_EC,3566.0,63142.5243
220336_GD,5412.0,91058.1581
211722_DM,1847.0,11637.5238
219434_BL,3691.0,67085.8048
222254_BM,18.0,584.8495
212631_EC,383.0,11345.3147
218703_CA,14268.0,337283.7813
223045_EC,1179.0,33025.1653
221160_BM,6306.0,43552.8261
219863_YL,1300.0,11218.6884
221258_SV,2022.0,11830.4626
218168_CA,3562.0,98185.3408
222835_EC,2036.0,45563.4907
206891_SV,4224.0,17806.2678
210442_OR,10.0,54.2026
225673_BN,136.0,3976.1894
213302_BU,1.0,29.9917
217370_SV,1258.0,7696.0917
151833_RO,2643.0,29955.9703
209667_BM,2433.0,18611.4129
223538_BM,11203.0,278823.3516
224615_BK,1964.0,11606.6688
211942_PE,3475.0,46219.4038
212819_WT,4344.0,41342.34
215575_HM,4127.0,26032.2002
208147_BL,7503.0,154289.1721
221484_BK,957.0,28125.7473
220393_DN,7409.0,69630.6674
214173_HM,336.0,2604.0984
211696_BM,2605.0,42955.3686
216568_EC,4187.0,55947.2191
211430_EC,7013.0,200524.8362
209927_SV,7723.0,51255.7447
213591_OS,4242.0,94745.9105
220084_BK,6506.0,176499.0605
208726_KK,864.0,8015.8509
217389_SV,3848.0,38274.8026
227320_BM,1598.0,49882.1624
216523_KK,4612.0,143965.6161
209329_GD,4613.0,36700.0912
213876_BK,9083.0,215431.0964
215979_PU,24.0,239.4929
220589_BM,3031.0,80021.0817
214504_BK,3105.0,104606.5543
221746_KK,15018.0,308277.865
217403_SV,2207.0,18323.0943
216576_BK,2676.0,71806.4095
207035_NV,4361.0,25218.3462
211488_BM,4057.0,94829.3812
203410_NV,4747.0,21813.6379
227316_BL,17.0,516.6572
222701_EC,288.0,8773.5105
212223_BK,5878.0,134332.6658
209174_GD,4008.0,24243.1169
226599_EC,36.0,832.6124
213732_GD,4282.0,36078.2436
2090031GD,6419.0,41221.9071
214884_BN,5618.0,82171.9694
211653_GN,3384.0,49535.3322
224553_DM,36.0,541.973
215618_SV,2075.0,11458.3254
220307_BM,1391.0,24379.2079
215051_YL,4134.0,106341.5871
220397_BL,3589.0,29304.2206
216050_BM,5163.0,80643.0703
213737_BK,937.0,6238.7774
220861_GD,2201.0,12892.6703
209315_SV,2803.0,23207.5827
219383_DM,1717.0,7780.8582
212218_BK,7699.0,113326.4695
210482_BK,6036.0,57700.5866
178752_NV,5230.0,37168.9487
226980_DM,889.0,13880.2497
216086_BK,5927.0,67646.6582
213782_TU,1848.0,42983.4387
223626_EC,3448.0,85552.1068
214888_BK,1155.0,41713.6687
210203_PK,860.0,5873.3417
213435_OR,5051.0,33786.6198
213643_BM,5656.0,145415.9434
213095_BK,11460.0,46200.8174
2078070BM,2542.0,7955.7399
226530_MI,43.0,303.1098
219200_HM,2222.0,17616.1226
225185_SV,1780.0,15876.6987
203825_SV,3578.0,14709.3186
223127_TU,2541.0,70729.0151
219824_BG,4563.0,100213.468
212539_BK,5141.0,117162.0971
214422_PK,150.0,2160.3348
221241_BM,4024.0,19722.2189
217021_TU,6584.0,104504.3421
216055_BG,1647.0,47696.4281
216980_GD,2749.0,19709.4315
213437_BM,6336.0,70714.0996
223610_EC,2724.0,77161.3105
222024_GN,657.0,15741.9165
215476_BG,7044.0,80589.955
210702_BK,4213.0,116673.7606
211697_TU,6325.0,219239.3444
217469_MV,47.0,282.5879
2082661FU,288.0,7354.0473
223329_EC,187.0,6845.9119
224988_BL,428.0,2994.4419
219393_BM,1885.0,19634.412
224777_LB,2083.0,18753.7914
213094_BK,3914.0,19780.0034
209176_GD,6070.0,36496.5327
224130_NV,1234.0,34708.372
211362_BK,4851.0,71376.9528
209732_BK,1544.0,43107.7278
221053_WT,6294.0,54877.968
220892NC,5357.0,139490.7734
212589_HM,2492.0,13743.9763
223813_BK,871.0,10394.6829
207912_BG,7050.0,209286.501
220843_WT,5520.0,32471.4126
212537_FU,3489.0,91758.7934
214108_LB,4508.0,61400.8801
224885_BM,735.0,26825.8727
227683_BL,96.0,2569.5884
223292_BM,672.0,6125.3045
223569_BK,100.0,2954.2817
223066_BN,3257.0,81431.2445
218584_GD,1913.0,14472.5682
225697_KK,19.0,489.9403
210432_OR,46.0,253.4941
212292_BM,966.0,9658.6653
219152_SV,2495.0,11243.5466
213424_LL,558.0,5808.3087
223456_BK,3561.0,90344.6329
217645_OR,278.0,2402.5214
223929_CA,1221.0,33300.8107
212107_KK,5278.0,128833.5172
219161_SV,3620.0,30322.7852
212793_BK,5670.0,83656.5577
216444_TU,5756.0,137031.0798
216076_TU,2668.0,65264.9816
211409_WT,5870.0,31316.4004
223260_GD,2100.0,24339.4048
223801_SV,599.0,7428.3346
212313_BM,4275.0,35586.8924
224453_EC,159.0,4723.1236
211682_DM,2145.0,14381.5056
225279_WT,74.0,978.1513
211624_SV,3517.0,18336.8532
212845_BM,5403.0,114336.4934
218361_BM,1611.0,8363.4983
214133_BL,6196.0,70801.1125
223398_EC,574.0,13510.4093
212395_GD,124.0,1245.1412
211436_PU,4275.0,48324.5286
216322_IV,4894.0,72323.1334
214407_MI,3231.0,20915.2516
222063_BM,914.0,4840.7821
223376_GY,4565.0,53679.0242
210245_LN,4081.0,37525.8051
220658_GN,4876.0,93665.5314
224299_HM,901.0,4743.6519
224779_TL,1952.0,10475.7219
221872_TU,1830.0,80716.8242
1633181WT,7590.0,39757.6574
211541_BM,4810.0,57452.7165
209617_BK,9349.0,186907.956
209765_BM,1470.0,24776.4854
211625_GD,1044.0,5191.2486
211430_DG,8295.0,235423.3201
211189_BM,3933.0,35616.4395
218702_BK,6682.0,152462.7104
216762_SV,157.0,6726.861
217385_SV,3756.0,24823.2175
209269_GD,3887.0,30215.4236
208066_EC,6324.0,105086.674
213098_BK,3732.0,14153.5355
212296_LB,1243.0,4339.4055
213736_GD,2327.0,22742.8831
211626_GD,1075.0,4276.7083
216348_BM,4970.0,50947.1671
221916_AQ,514.0,4976.9232
223866_RD,2642.0,31102.4742
227115_DM,48.0,431.712
1870180HM,4298.0,22355.6971
213900_GD,2114.0,6983.3803
218554_GD,1340.0,9515.7043
221921_TG,2414.0,18121.6707
213439_GN,4295.0,40857.9024
220905_BN,999.0,34954.5718
211919_WT,11413.0,74914.7907
213913_DM,2258.0,5526.7118
218135_SV,4211.0,35529.7708
219013_HM,5054.0,60667.9137
208057_OR,1756.0,24420.0844
211821_SK,4387.0,69571.3612
166912_SV,1.0,1.6179
221122_GD,1091.0,18236.4253
221001_SV,2346.0,18463.2197
214681_LL,4375.0,60551.6423
213143_GD,4812.0,33623.9115
219970_GN,6653.0,44801.3675
218886_LB,5338.0,29652.6758
212734_HM,3487.0,24295.5968
210325_BM,3285.0,21282.4578
219907_CL,850.0,15821.0784
213815_HM,3846.0,11220.7843
214681_KK,4305.0,54605.3846
221791_BU,1466.0,51228.87
221282_GD,1812.0,13352.918
224010_GY,559.0,13750.9556
216722_DM,3628.0,23777.4938
211528_YL,96.0,741.7621
211974_HM,2875.0,17440.5791
216362_KK,2111.0,32069.4145
218331_HM,1159.0,8953.2815
210439_TB,65.0,352.4426
222897_BK,1736.0,29027.5648
213004_HM,5860.0,38408.5276
220569_EC,6300.0,148193.839
216002_BM,230.0,2137.7749
209322_SV,2473.0,11683.1739
216371_FU,4719.0,42032.1713
215560_SV,2695.0,15211.5422
219198_BM,2951.0,22274.6604
223905_SV,2896.0,16550.6495
214703_CA,7229.0,171251.8529
223358_OR,1584.0,19288.8532
202304_HM,2764.0,12887.2415
217648_TL,361.0,5252.1577
211428_BK,7976.0,229044.7509
205820_MI,8450.0,36544.2935
211511_BG,8.0,78.3678
211884_BL,3815.0,27377.2492
222896_BK,4372.0,131482.1572
211938_GD,3499.0,51743.5815
205232_BM,6130.0,27397.0918
209071_BL,4319.0,71711.1024
214207_BK,1627.0,16193.1026
215602_CA,10364.0,238337.7962
224459_KK,38.0,896.8497
221169_LN,2224.0,48256.5309
212533_HM,1377.0,10115.5892
220413_BM,4981.0,114077.8722
218751_PK,1571.0,43786.1133
214938_WT,103.0,2210.3182
220724_EC,5308.0,129700.9048
221306_BM,2161.0,22202.9764
221555_WT,2448.0,29817.3308
212884_BM,1775.0,65825.6473
212324_TO,1426.0,4300.7939
211112_HM,998.0,12313.2051
211071_PM,44.0,801.252
217983_JN,6904.0,140540.0817
210697_GN,5674.0,122687.8297
224702_EC,349.0,9517.4166
219344_BM,4220.0,27266.5549
226557_BL,105.0,1211.4284
211634_GD,4453.0,23734.0377
219604NC,7778.0,136165.4853
224641_GD,161.0,1367.407
223702_HM,2313.0,13051.605
225645_BU,124.0,2610.6527
220311_GN,4778.0,34914.8202
219220_RD,374.0,13309.8882
216097_BK,7857.0,243208.73
215514_AN,483.0,9031.6569
212221_OR,200.0,3979.5882
213721_DM,5425.0,29409.6409
215644_GD,4614.0,47526.2164
221615_HM,1211.0,8126.5867
228197_IV,452.0,5135.8212
211259_HM,3649.0,14785.0539
224380_HM,433.0,2224.011
217296_KK,3793.0,41623.5594
218040_TU,6851.0,153537.8635
219235_GD,4930.0,27002.8993
217320_SV,3567.0,21460.6487
223068_TG,2749.0,15115.2314
222828_PK,2903.0,52724.5311
216206_GD,4704.0,25555.5489
222816_BU,3170.0,91290.6376
225014_GD,31.0,936.4509
211087_HM,867.0,8990.6049
218585_GD,1276.0,13131.2714
212236_BK,631.0,21142.2973
211873_BK,7691.0,193801.4652
224926_GD,12.0,298.611
222350_WT,4790.0,122033.5685
218872NC,7255.0,181845.8104
223625_CA,2054.0,47727.0508
213651_BN,3622.0,69220.2806
214345_PK,1124.0,6362.7808
218177_CL,6619.0,125563.2411
214408_MI,2439.0,28684.2281
226383_MI,34.0,313.3676
217985_JN,3885.0,44577.3169
215218_BK,141.0,3206.948
224722_KK,1035.0,26348.4281
208144_YL,6713.0,82259.5608
225582_WT,80.0,7208.9131
223618_CA,893.0,28284.6455
214634_SV,4875.0,47982.7576
224973_KK,493.0,7854.6435
216356_EC,7433.0,177839.1919
213734_GD,4050.0,28513.7297
218932_OX,3829.0,18543.2795
221106_SV,2947.0,19749.0401
225280_WT,607.0,2628.3858
216107_GD,880.0,7908.2662
209006_GD,5977.0,66813.7634
218669NC,7850.0,165732.9222
210251_SK,4860.0,52655.6392
222450_LL,1407.0,17586.5006
218491_OR,4309.0,25540.9509
211226_NV,7029.0,158558.3983
212595_YL,23.0,475.6061
211836_KK,7290.0,188019.991
212864_GD,3480.0,23429.5306
223834_SV,477.0,3848.9644
214530_MI,5335.0,26356.2662
200421_IV,5841.0,53535.4944
216420_GY,208.0,4563.9955
225121_BN,746.0,15479.0332
213205_GY,7821.0,178326.0087
209248_SV,7775.0,33375.3763
209010_MI,4569.0,17758.514
218451_WT,26.0,206.163
211299_IV,4161.0,50252.6908
217302_PK,1196.0,14186.8855
219334_SV,55.0,1075.7637
215531_GD,843.0,6138.282
221512_BG,595.0,3468.8279
209565_GN,4222.0,62583.4791
224009_GY,240.0,6323.0731
210156_EC,5695.0,69504.8097
223846_SV,669.0,5586.5886
201255_LL,7187.0,50205.9111
213590_BK,7189.0,192767.483
210349_LL,3166.0,22432.8698
1867360HM,4794.0,26911.5209
217178_GN,418.0,8867.3211
221639_BM,4635.0,132766.2057
218572_GD,3447.0,34553.2548
217646_PK,215.0,2259.2634
212003_HM,3116.0,18460.6524
215616_GD,680.0,8744.8391
201226_BK,4783.0,23619.5566
225515_GD,2091.0,24006.3239
213164_BK,195.0,4800.5104
221323NC,1390.0,24534.5619
209322_GD,4233.0,19081.6688
226521_BK,3.0,96.3111
214253_CA,5792.0,128471.5009
222793_BK,3962.0,108667.8173
227172_DM,2.0,18.683
209329_SV,4039.0,28764.1609
213668_GN,359.0,8798.3693
216584_MT,2293.0,20082.1863
209979_BL,5137.0,60382.7508
219442_EC,7817.0,190684.5986
220301_BM,6680.0,28185.4741
224340_HM,2548.0,18010.9576
219336_SV,46.0,1092.94
219367_GD,3313.0,17683.6851
216016_AN,6419.0,166137.9311
212654_BU,3961.0,85196.1542
227003_BK,26.0,401.5132
220771_HM,2646.0,11354.0844
221267_SV,1245.0,12540.6657
218511_GN,5224.0,159544.5304
192473_BL,4265.0,17852.2011
206466_NV,3826.0,29346.411
223429_BK,2333.0,55689.7369
210328_FU,5126.0,31792.1436
218945_HM,3225.0,32654.6997
1880882BM,6670.0,27881.6863
215922_IV,5058.0,27958.3231
221774NC,7055.0,166055.8487
218008_OR,1321.0,11814.4695
209651_SV,438.0,2719.0801
209284_HM,529.0,2452.3167
224624_BK,2522.0,16776.3279
222445_BM,2757.0,24843.7733
219330_DM,1970.0,13905.4792
205335_BK,6467.0,44880.5599
220310_GN,2214.0,9990.6136
215532_BK,10208.0,237426.1577
223547_BK,8119.0,239910.4049
218272_CL,6134.0,134203.1007
222074_TL,4271.0,32873.7262
220739_NV,62.0,661.1487
212509_BK,5409.0,24180.8786
216554_FU,5689.0,84929.8728
214203_DM,1527.0,12640.2891
227186_DM,2.0,11.4463
219567NC,8011.0,181778.7627
219321_PU,95.0,646.1598
221133_EC,71.0,4742.9083
213803_HM,2978.0,10787.5055
212864_SV,3010.0,19156.4865
224459_BK,1290.0,32081.5348
219489_CA,2398.0,67622.6487
223267_GD,71.0,870.5312
221295_GD,2312.0,17238.7962
212535_HM,222.0,1315.9268
223066_EC,2064.0,51615.6271
211233_NV,7275.0,177428.7432
188088_BK,7293.0,23926.7535
163494_LU,5167.0,17996.5651
217410_GN,5763.0,92588.0511
219616_EC,5607.0,130727.4775
215498_GD,2861.0,13894.9016
223572_IV,249.0,1717.4841
222709_WT,962.0,21974.8713
207482_BL,3961.0,26704.4291
214235_GY,1949.0,70175.8564
215903_IV,6841.0,50627.6906
215483_GD,242.0,3508.6488
220571_JN,3808.0,72762.8189
224700_BN,1155.0,33127.7094
226999_BU,6.0,132.9134
214702_CA,5859.0,156449.2674
221744_BL,1.0,16.252
202304_DM,9187.0,42234.1102
227114_DM,7.0,32.5078
221294_BM,4942.0,25711.1415
205524_HM,2457.0,30047.3163
219403_BM,2619.0,8869.9789
213805_PU,2049.0,8788.3421
220565_SV,8057.0,186680.9342
216703_MI,4114.0,19831.809
224711_BM,95.0,1394.8578
222361_WT,2908.0,73727.1685
222011_EC,4838.0,117831.4454
214252_EC,6236.0,149640.4925
220818_WT,1543.0,18440.7029
219959_EC,134.0,3213.5035
221803_LB,1140.0,12660.2159
215993_IV,6792.0,37038.7155
225074_YL,26.0,306.4359
219867_BM,2310.0,17121.4028
197623_MI,3398.0,14269.0726
219550NC,5789.0,121606.9791
224710_LB,1068.0,16531.0461
216264_RD,733.0,9470.1032
211871_EC,5517.0,168547.2792
214474_PU,53.0,706.8234
223817_SV,472.0,5216.6468
220806_WT,5257.0,44750.4903
225241_WT,253.0,3471.5342
214813_BL,2640.0,55020.0747
217551_EC,7724.0,191147.0059
218134_BK,3743.0,59977.2844
218040_BK,7855.0,186137.9019
209847_BG,1499.0,46730.6127
216331_IV,6529.0,52260.1318
221591_NV,2533.0,68701.3484
222849_BM,1014.0,11937.1264
212018_SV,3978.0,26465.2706
224395_BU,600.0,3123.7399
226231_LN,10.0,86.0768
214123_BM,7791.0,33657.7227
216009_BL,353.0,3080.682
211269_GD,5103.0,17048.5439
210068_TU,7394.0,185471.5052
1984142BM,7956.0,43094.211
187622_BM,4712.0,25076.1835
223394_CA,378.0,8842.0172
214569_BK,3615.0,12640.5327
212825_BL,963.0,5632.2149
214312_DM,1348.0,10930.1035
209001_GD,5686.0,36987.2467
221647_PK,3701.0,86673.1961
221593_BK,3882.0,74358.0458
225591_LB,1828.0,13566.5206
211408_WT,3577.0,18904.0588
197600_JN,866.0,2851.9033
206394_BU,271.0,10265.3903
224677_GD,325.0,3817.0898
224436_BK,166.0,3641.7271
220896NC,1100.0,24366.5837
218364_HM,876.0,5812.6474
211669_DM,1853.0,9836.2812
217695_GD,3901.0,20029.4904
218523_OR,6252.0,25467.9691
225149_BN,174.0,4108.0951
226742_NM,0.0,0.0
213739_GN,2514.0,25425.0806
221517_BL,614.0,3617.9671
221120_SV,1936.0,10537.7979
221151_BM,1630.0,8096.3356
215109_BU,1693.0,7398.8988
218954_BK,4905.0,135356.742
213970_BK,544.0,14487.7297
216635_BK,54.0,1284.9139
217029_BG,6724.0,151844.613
213723_DM,3841.0,44462.791
226230_HM,788.0,4406.2215
211677_BL,1051.0,3287.5454
223007_PM,4038.0,57986.8243
223131_PM,326.0,4540.851
215896_BL,473.0,2688.2356
216254_IV,2882.0,22298.9598
225053_BL,39.0,639.4039
216245_IV,4792.0,30683.9761
227182_MI,99.0,679.1306
215609_SV,2141.0,10809.5882
211815_SK,6735.0,118380.2173
224982_BL,443.0,2693.8351
213967_BM,2800.0,62071.671
221711DNC,3367.0,78473.6964
219977_BM,5570.0,56951.714
224542_BK,1049.0,8958.7579
