PROD_CLR_EQUIV,PROD_REF,PROD_DES_BASE,CLR_COD,CLR_DES,CAT_DES_EN,GFA_DES_EN,GFS_DES_EN,COMPOSITION,FINISHING,MATERIAL,PRICE_BASE_W_VAT,PROG_IMAGE,img_file,priority,issues,review_status,fixes,reviewer,notes
140428_BN,140428,Necklace SILVER PROVISION Brown,_BN,Brown,Jewellery,Necklaces,Pendant,,Other,,9.99,/2015-171/52/140428CT__1,140428CT__1.jpg,high,IMG_PATH_INVALID;IMG_COLOUR_MISMATCH,,,,
216726_DM,216726,Earring Gipsy Garden Dark Multicolor,_DM,Dark Multicolor,Jewellery,Earrings,Stud,Enamel; Zinc,Worn Gold,,7.99,/241/52/216726_DM_1,216726_DM_1.jpg,high,IMG_UNREADABLE,,,,
211920_BB,211920,Vest LAB JULHO Bright Blue,_BB,Bright Blue,Apparel,Vest,Woven,Cotton; Polyester; Viscose; Wool,,Polyester,35.99,/232/64/211920_BBU_2,211920_BBU_2.jpg,medium,IMG_GENERIC;SALES_MISSING,,,,
214938_BN,214938,Shirt MAXI 13/09 Brown,_BN,Brown,Apparel,Shirt,Woven,Viscose,,Viscose,29.99,/232/64/214938_BNM-L_2,214938_BNM-L_2.jpg,medium,IMG_GENERIC;SALES_MISSING,,,,
224889_LG,224889,Coat CS1 Light Grey,_LG,Light Grey,Apparel,Coat,Woven,Suede,,Suede,99.99,/242/64/224889_1,224889_1.jpg,medium,IMG_GENERIC;SALES_MISSING,,,,
226535_BK,226535,Trousers BETS Black,_BK,Black,Apparel,Trousers,Knit,Wool; Polyamide; Acrylic,,Polyamide,32.99,/242/64/226535_1,,medium,IMG_FILE_MISSING;IMG_GENERIC;IMG_SHARED;SALES_MISSING,,,,
226535_BU,226535,Trousers BETS Burgundy,_BU,Burgundy,Apparel,Trousers,Knit,Wool; Acrylic; Polyamide,,Polyamide,32.99,/242/64/226535_1,,medium,IMG_FILE_MISSING;IMG_GENERIC;IMG_SHARED;SALES_MISSING,,,,
227077_RD,227077,Sweater B4NOV Red,_RD,Red,Apparel,Sweater,Knit,Polyamide; Polyester; Acrylic,,Acrylic,39.99,/242/64/227077_1,,medium,IMG_FILE_MISSING;IMG_GENERIC;SALES_MISSING,,,,
227302_WT,227302,Dress MY White,_WT,White,Apparel,Dress,Circular,Polyester; Elastodieno; Elastane; Polyamide,,Polyamide,39.99,/242/64/227302_1,,medium,IMG_FILE_MISSING;IMG_GENERIC;SALES_MISSING,,,,
227352_BN,227352,Raincoat C3 NOV Brown,_BN,Brown,Apparel,Raincoat,Woven,Polyester; Cotton; Polyamide; Cotton,,Cotton,89.99,/242/64/227352_1,,medium,IMG_FILE_MISSING;IMG_GENERIC;SALES_MISSING,,,,
227690_BK,227690,Sweater B3 NOVEMBRO Black,_BK,Black,Apparel,Sweater,Knit,Acrylic; Wool; Polyamide; Polyester,,Polyester,32.99,/242/64/227690_1,,medium,IMG_FILE_MISSING;IMG_GENERIC;IMG_SHARED;SALES_MISSING,,,,
227690_BU,227690,Sweater B3 NOVEMBRO Burgundy,_BU,Burgundy,Apparel,Sweater,Knit,Acrylic; Polyester; Polyamide; Wool,,Polyester,32.99,/242/64/227690_1,,medium,IMG_FILE_MISSING;IMG_GENERIC;IMG_SHARED;SALES_MISSING,,,,
227690_EC,227690,Sweater B3 NOVEMBRO Ecru,_EC,Ecru,Apparel,Sweater,Knit,Acrylic; Polyester; Polyamide; Wool,,Polyester,32.99,/242/64/227690_1,,medium,IMG_FILE_MISSING;IMG_GENERIC;IMG_SHARED;SALES_MISSING,,,,
228190_GN,228190,Sweater T1 ESSENTIALS Green,_GN,Green,Apparel,Sweater,Knit,Acrylic; Polyester,,Acrylic,29.99,/242/64/228190_1,,medium,IMG_FILE_MISSING;IMG_GENERIC;SALES_MISSING,,,,
228728_BN,228728,Sweater B5 NOVEMBRO Brown,_BN,Brown,Apparel,Sweater,Knit,Elastane; Wool; Polyester; Acrylic,,Polyester,32.99,/242/64/228728_1,,medium,IMG_FILE_MISSING;IMG_GENERIC;IMG_SHARED;SALES_MISSING,,,,
228728_EC,228728,Sweater B5 NOVEMBRO Ecru,_EC,Ecru,Apparel,Sweater,Knit,Polyester; Wool; Elastane; Acrylic,,Polyester,32.99,/242/64/228728_1,,medium,IMG_FILE_MISSING;IMG_GENERIC;IMG_SHARED;SALES_MISSING,,,,
228728_GY,228728,Sweater B5 NOVEMBRO Grey,_GY,Grey,Apparel,Sweater,Knit,Polyester; Elastane; Acrylic; Wool,,Polyester,32.99,/242/64/228728_1,,medium,IMG_FILE_MISSING;IMG_GENERIC;IMG_SHARED;SALES_MISSING,,,,
229443_BN,229443,Sweater B4NOV Brown,_BN,Brown,Apparel,Sweater,Circular,Wool; Cotton; Polyester,,Polyester,32.99,/242/64/229443_2,,medium,IMG_FILE_MISSING;IMG_GENERIC;IMG_SHARED;SALES_MISSING,,,,
229443_EC,229443,Sweater B4NOV Ecru,_EC,Ecru,Apparel,Sweater,Circular,Cotton; Polyester; Wool,,Polyester,32.99,/242/64/229443_2,,medium,IMG_FILE_MISSING;IMG_GENERIC;IMG_SHARED;SALES_MISSING,,,,
229443_GY,229443,Sweater B4NOV Grey,_GY,Grey,Apparel,Sweater,Circular,Cotton; Polyester; Wool,,Polyester,32.99,/242/64/229443_2,,medium,IMG_FILE_MISSING;IMG_GENERIC;IMG_SHARED;SALES_MISSING,,,,
229937_BU,229937,Cardigan T1 ESSENTIALS,_BU,Burgundy,Apparel,Cardigan,Knit,Polyester; Acrylic,,Acrylic,49.99,/242/64/229937_BUXXS_1,,medium,IMG_FILE_MISSING;IMG_GENERIC;CLR_NOT_IN_DESC;SALES_MISSING,,,,
229937_NV,229937,Cardigan T1 ESSENTIALS Navy,_NV,Navy,Apparel,Cardigan,Knit,Acrylic; Polyester,,Acrylic,49.99,/242/64/229937_1,,medium,IMG_FILE_MISSING;IMG_GENERIC;SALES_MISSING,,,,
209656_BG,209656,Trainer Shoes RUNNING LIGHT BEIGE Beige,_BG,Beige,Footwear,Trainers,PU,Polyester; Polyester; Polyurethane; Rubber,,,35.99,/232/53/209656_1,,medium,IMG_FILE_MISSING;IMG_GENERIC,,,,
223555_SV,223555,Ballerinas BALLERINA MARY-JANE SILVE Silver,_SV,Silver,Footwear,Ballerinas,PU,Polyester; Rubber; Polyurethane; Polyurethane; Polyurethane,,,25.99,/242/53/223555_1,223555_1.jpg,medium,IMG_GENERIC,,,,
216532_FU,216532,Crossbody Bag EMAN Fuchsia,_FU,Fuchsia,Hand Bag,Cross,Fantasy PU,Crystal Glass; Polyester; Polyester; Polyurethane,,,29.99,/241/55/216532_FU_1,216532_FU_1.jpg,medium,IMG_CAT_MISMATCH,,,,
2167581GD,216758,Crossbody Bag JUNGLE LEATHER Gold,1GD,Gold,Hand Bag,Cross,Leather,Cotton; Cow Leather,Antik Silver,,29.99,/242/54/2167581GD_1,2167581GD_1.jpg,medium,IMG_SHARED,,,,
2167581SV,216758,Crossbody Bag JUNGLE LEATHER Silver,1SV,Silver,Hand Bag,Cross,Leather,Cow Leather; Cotton,Antik Silver,,29.99,/242/54/2167581SV_1,2167581SV_1.jpg,medium,IMG_SHARED,,,,
216758_GD,216758,Crossbody Bag JUNGLE LEATHER Gold,_GD,Gold,Hand Bag,Cross,Leather,Cotton; Cow Leather,Light Golden,,29.99,/241/54/216758_GD_1,216758_GD_1.jpg,medium,IMG_SHARED,,,,
216758_SV,216758,Crossbody Bag JUNGLE LEATHER Silver,_SV,Silver,Hand Bag,Cross,Leather,Cotton; Cow Leather,Silver,,29.99,/241/54/216758_SV_1,216758_SV_1.jpg,medium,IMG_SHARED,,,,
222233_BK,222233,Crossbody Bag NEVERA HBPROVISION Black,_BK,Black,Hand Bag,Cross,Plain PU,Polyester; Polyester; Polyurethane; Polyurethane; Polyurethane,Silver,,25.99,/242/54/222233_1,222233_1.jpg,medium,IMG_GENERIC;IMG_SHARED,,,,
222233_EC,222233,Crossbody Bag NEVERA HBPROVISION Ecru,_EC,Ecru,Hand Bag,Cross,Plain PU,Polyester; Polyester; Polyurethane; Polyurethane; Polyurethane,Silver,,25.99,/242/54/222233_1,222233_1.jpg,medium,IMG_GENERIC;IMG_SHARED;SALES_MISSING,,,,
222233_TU,222233,Crossbody Bag NEVERA HBPROVISION Taupe,_TU,Taupe,Hand Bag,Cross,Plain PU,Polyurethane; Polyurethane; Polyurethane; Polyester; Polyester,Silver,,25.99,/242/54/222233_1,222233_1.jpg,medium,IMG_GENERIC;IMG_SHARED;SALES_MISSING,,,,
222697_BK,222697,Shopper Bag CUPIDO2 Black,_BK,Black,Hand Bag,Shopper,Printed PU,Cotton; Cotton; Linen; Linen; Polyurethane; Polyurethane; Polyurethane,Light Golden,,25.99,/242/54/222697_BK_1,222697_BK_1.jpg,medium,IMG_SHARED,,,,
222937_EC,222937,Sac JOPLIN Ecru,_EC,Ecru,Hand Bag,Sac,Real Suede,Cow Suede Leather; Iron; Iron; Polyester; Polyurethane; Polyurethane,Light Golden,,35.99,/242/54/222937_1,,medium,IMG_FILE_MISSING;IMG_GENERIC,,,,
166730_AU,166730,Earring GLEAM COLOR,_AU,Aubergine,Jewellery,Earrings,Hoop Earrings,Acrylic; Iron,Golden,,7.99,/191/52/166730_1,166730_1.jpg,medium,IMG_GENERIC;CLR_NOT_IN_DESC,,,,
170562_LK,170562,Earring ORPHIC Light Pink,_LK,Light Pink,Jewellery,Earrings,Stud,Iron; Resin,Black Nikel,,5.99,/192/52/170562_1,,medium,IMG_FILE_MISSING;IMG_GENERIC,,,,
196653_MA,196653,Earring TREND,_MA,Magenta,Jewellery,Earrings,Stud,Zinc,Golden,,7.99,/221/52/196653_1,196653_1.jpg,medium,IMG_GENERIC;CLR_NOT_IN_DESC,,,,
1999351HM,199935,Earring mulstone Halftone Multicolor,1HM,Halftone Multicolor,Jewellery,Earrings,Dangle,Iron; Zinc; Enamel,Golden,,5.99,/222/52/199935_1,,medium,IMG_FILE_MISSING;IMG_GENERIC,,,,
2062681HM,206268,Necklace ULTRAVIO Halftone Multicolor,1HM,Halftone Multicolor,Jewellery,Necklaces,Pendant,Brass; Iron; Resin,Worn Gold,,12.99,/231/52/206268_1,206268_1.jpg,medium,IMG_GENERIC,,,,
209321_SV,209321,Earring GLDN DEL,_SV,Silver,Jewellery,Earrings,Stud,Glass; Iron,Golden,,4.99,/232/52/209321_1,209321_1.jpg,medium,IMG_GENERIC;CLR_NOT_IN_DESC;SALES_MISSING,,,,
209709_BM,209709,Mobile Holder FASHION SUPPLEMENTS Bright Multicolor,_BM,Bright Multicolor,Jewellery,Mobile Accessories,Mobile Holder,Acrylic; Glass,Other,,7.99,/232/52/209709_1,209709_1.jpg,medium,IMG_GENERIC;SALES_MISSING,,,,
211673_DM,211673,Earring FLORABUNDANCE Dark Multicolor,_DM,Dark Multicolor,Jewellery,Earrings,Dangle,Brass; Iron; Resin,Worn Gold,,7.99,/232/52/211673_DMU_2,211673_DMU_2.jpg,medium,IMG_GENERIC,,,,
212586_RD,212586,Earring EXPEDITION Red,_RD,Red,Jewellery,Earrings,Stud,Iron; Thermoplastic Polyurethane,Worn Gold,,5.99,/232/52/212586_1,,medium,IMG_FILE_MISSING;IMG_GENERIC,,,,
212945_HM,212945,Earring mulstone Halftone Multicolor,_HM,Halftone Multicolor,Jewellery,Earrings,Hoop Earrings,Acrylic; Glass; Iron; Thermoplastic Polyurethane,Golden,,5.99,/232/52/212945_1,,medium,IMG_FILE_MISSING;IMG_GENERIC,,,,
212983_HM,212983,Necklace mulstone Halftone Multicolor,_HM,Halftone Multicolor,Jewellery,Necklaces,Beaded Necklace,Acrylic; Glass; Iron; Resin; Stone; Zinc; Zirconium,Golden,,12.99,/232/52/212983_2,,medium,IMG_FILE_MISSING;IMG_GENERIC,,,,
213143_GD,213143,Earring ECLIPSE Gold,_GD,Gold,Jewellery,Earrings,Dangle,Iron; Zinc; Zirconium,Brushed Golden,,7.99,/232/52/213143_1,,medium,IMG_FILE_MISSING;IMG_GENERIC,,,,
213312_GD,213312,Necklace GLDN DEL Gold,_GD,Gold,Jewellery,Necklaces,Pendant,Brass; Iron; Zirconium,Golden,,9.99,/232/52/213312_1,213312_1.jpg,medium,IMG_GENERIC;SALES_MISSING,,,,
213333_GD,213333,Set of Earrings GOLDEN BASICS Gold,_GD,Gold,Jewellery,Earrings,Stud,Iron; Zinc,Golden,,5.99,/232/52/213333_1,213333_1.jpg,medium,IMG_GENERIC,,,,
213346_GD,213346,Earring GOLDEN BASICS Gold,_GD,Gold,Jewellery,Earrings,Stud,Zinc,Brushed Golden,,5.99,/232/52/213346_1,213346_1.jpg,medium,IMG_GENERIC,,,,
213780_GD,213780,Earring ULTRAVIO Gold,_GD,Gold,Jewellery,Earrings,Hoop Earrings,Acrylic; Zinc,Worn Gold,,12.99,/232/52/213780_1,213780_1.jpg,medium,IMG_GENERIC;SALES_MISSING,,,,
213960_BM,213960,Necklace GUARANI VIBES Bright Multicolor,_BM,Bright Multicolor,Jewellery,Necklaces,Pendant,Acrylic; Brass; Iron; Resin; Stone,Brushed Golden,,12.99,/232/52/213960_1,,medium,IMG_FILE_MISSING;IMG_GENERIC,,,,
214144_BL,214144,Earring GUMMY PARTY Blue,_BL,Blue,Jewellery,Earrings,Hoop Earrings,Cork,Golden,,8.99,/232/52/214144_1.,214144_1.jpeg,medium,IMG_GENERIC,,,,
223118_BK,223118,Ring SPIRIT,_BK,Black,Jewellery,Rings,Band Ring,Thermoplastic Polyurethane; Zinc; Zirconium,Golden,,6.99,/242/52/223118_BK_1,223118_BK_1.jpg,medium,CLR_NOT_IN_DESC;SALES_MISSING,,,,
223720_BM,223720,Key Chain FASHION SUPPLEMENTS Bright Multicolor,_BM,Bright Multicolor,Jewellery,Key chains,Charms,Cork; Cork; Zinc; Zinc; Iron; Resin; Iron; Cotton,,,9.99,/242/52/223720_1,223720_1.jpg,medium,IMG_GENERIC;SALES_MISSING,,,,
224621_SV,224621,Pin FASHION SUPPLEMENTS Silver,_SV,Silver,Jewellery,Pins,Lady Brooche,Cork,Other,,6.99,/242/52/224621_1,224621_1.jpg,medium,IMG_GENERIC;SALES_MISSING,,,,
225227_GD,225227,Earring NEW CLASSIC Gold,_GD,Gold,Jewellery,Earrings,Hoop Earrings,Acrylic; Glass; Zinc,Golden,,5.99,/242/52/225227_1.,,medium,IMG_FILE_MISSING;IMG_GENERIC;SALES_MISSING,,,,
226220_PE,226220,Ring NEW CLASSIC Pearl,_PE,Pearl,Jewellery,Rings,Fantasy,Cork; Iron; Acrylic,Golden,,5.99,/242/52/226220_1,,medium,IMG_FILE_MISSING;IMG_GENERIC;SALES_MISSING,,,,
226475_GD,226475,Necklace LIGHTNING BOLD Gold,_GD,Gold,Jewellery,Necklaces,Collar,Cork; Glass; Brass,,,17.99,/242/52/226475_1,,medium,IMG_FILE_MISSING;IMG_GENERIC;SALES_MISSING,,,,
226578_MI,226578,Ring NEPTUNE Midnight Blue,_MI,Midnight Blue,Jewellery,Rings,Cocktail,Cork,Black Nikel,,5.99,/242/52/226578_1,,medium,IMG_FILE_MISSING;IMG_GENERIC;SALES_MISSING,,,,
226703_DM,226703,Earring NEPTUNE Dark Multicolor,_DM,Dark Multicolor,Jewellery,Earrings,Dangle,Cork,,,9.99,/242/52/226703_1,,medium,IMG_FILE_MISSING;IMG_GENERIC;SALES_MISSING,,,,
226889_DB,226889,Earring GALÁPAGOS Dark Brown,_DB,Dark Brown,Jewellery,Earrings,Hoop Earrings,Cork; Zinc; Acrylic,Antik Golden,,7.99,/242/52/226889_1,,medium,IMG_FILE_MISSING;IMG_GENERIC;SALES_MISSING,,,,
227040_DB,227040,Earring GALÁPAGOS Dark Brown,_DB,Dark Brown,Jewellery,Earrings,Stud,Cork; Stainless Steel; Resin,Antik Golden,,7.99,/242/52/227040_1,,medium,IMG_FILE_MISSING;IMG_GENERIC;SALES_MISSING,,,,
227068_GD,227068,Necklace Golden Basics Gold,_GD,Gold,Jewellery,Necklaces,Pendant,Cork; Iron; Brass,,,10.99,/242/52/227068_1,,medium,IMG_FILE_MISSING;IMG_GENERIC;SALES_MISSING,,,,
209978_EC,209978,Card Holder tilda Ecru,_EC,Ecru,Wallet,Card Holder,Printed PU,Polyurethane; Polyester; Polyurethane,,,9.99,/232/62/209978_1,209978_1.jpg,medium,IMG_GENERIC;SALES_MISSING,,,,
217651_TL,217651,Notebook STATIONERY Teal,_TL,Teal,Wallet,Others,Notebook,Acrylonitrile Butadiene Styrene; Paper; Polystyrene,,,12.99,/232/62/217651_1,217651_1.jpg,medium,IMG_GENERIC,,,,
222539_LB,222539,Wallet MARTHA Light Blue,_LB,Light Blue,Wallet,Wallet,Plain PU,Polyester; Polyurethane; Polyurethane,,,15.99,/242/62/222539_1,222539_1.jpg,medium,IMG_GENERIC;IMG_SHARED;SALES_MISSING,,,,
222539_PK,222539,Wallet MARTHA Pink,_PK,Pink,Wallet,Wallet,Plain PU,Polyester; Polyurethane; Polyurethane,,,15.99,/242/62/222539_1,222539_1.jpg,medium,IMG_GENERIC;IMG_SHARED;SALES_MISSING,,,,
225912_BK,225912,Card Holder GLORIA Black,_BK,Black,Wallet,Card Holder,Real Fur,Polyester; Cow Leather; Resin; Polyurethane,,,19.99,/242/62/225912_1,,medium,IMG_FILE_MISSING;IMG_GENERIC;SALES_MISSING,,,,
225913_BK,225913,Wallet GLORIA Black,_BK,Black,Wallet,Wallet,Real Fur,Cow Leather; Polyester; Thermoplastic Polyurethane; Polyurethane,,,23.99,/242/62/225913_1,,medium,IMG_FILE_MISSING;IMG_GENERIC;IMG_SHARED;SALES_MISSING,,,,
225913_CA,225913,Wallet GLORIA Camel,_CA,Camel,Wallet,Wallet,Real Fur,Cow Leather; Polyester; Thermoplastic Polyurethane; Polyurethane,,,23.99,/242/62/225913_1,,medium,IMG_FILE_MISSING;IMG_GENERIC;IMG_SHARED;SALES_MISSING,,,,
227516_PK,227516,Wallet DOLLY Pink,_PK,Pink,Wallet,Wallet,Peach PU,Polyurethane; Polyester; Polyurethane,,,10.99,/242/62/227516_1,,medium,IMG_FILE_MISSING;IMG_GENERIC;SALES_MISSING,,,,
227519_BM,227519,Coin Purse DOLLY Bright Multicolor,_BM,Bright Multicolor,Wallet,Coin Purse,Printed Nylon,Polyester; Polyester,,,9.99,/242/62/227519_1,,medium,IMG_FILE_MISSING;IMG_GENERIC;IMG_SHARED,,,,
227519_DM,227519,Coin Purse DOLLY Dark Multicolor,_DM,Dark Multicolor,Wallet,Coin Purse,Printed Nylon,Polyester; Polyester,,,9.99,/242/62/227519_1,,medium,IMG_FILE_MISSING;IMG_GENERIC;IMG_SHARED;SALES_MISSING,,,,
226742_NM,226742,Dress BRIDAL CAPSULE Neutral Multicolor,_NM,Neutral Multicolor,Apparel,Dress,Woven,Cotton,,,250.0,/242/64/226742_NM_1,,low,IMG_FILE_MISSING;SALES_ZERO_QTY,,,,
226812_NM,226812,Dress BRIDAL CAPSULE Neutral Multicolor,_NM,Neutral Multicolor,Apparel,Dress,Woven,Cotton,,Cotton,220.0,/242/64/226812_NM_1,,low,IMG_FILE_MISSING;SALES_ZERO_QTY,,,,
213480_BU,213480,Trousers MIRÓ 2 Burgundy,_BU,Burgundy,Apparel,Trousers,Woven,Lyocell; Viscose,,Lyocell,32.99,/232/64/213480_BU_1,,info,IMG_FILE_MISSING,,,,
213480_EC,213480,Trousers HOT Ecru,_EC,Ecru,Apparel,Trousers,Woven,Viscose; Lyocell,,,32.99,/241/64/213480_EC_1,,info,IMG_FILE_MISSING,,,,
214583_PK,214583,Skirt MERCURY Pink,_PK,Pink,Apparel,Skirt,Woven,Polyester; Polyester,,,39.99,/241/64/214583_PK_1,,info,IMG_FILE_MISSING,,,,
214656_BM,214656,Trousers MIRÓ 1 Bright Multicolor,_BM,Bright Multicolor,Apparel,Trousers,Woven,Viscose; Lyocell,,Lyocell,35.99,/232/64/214656_BM_1,,info,IMG_FILE_MISSING,,,,
224889_BN,224889,Coat BETS Brown,_BN,Brown,Apparel,Coat,Woven,Goat Leather; Suede,,Suede,99.99,/242/64/224889_BN_1,224889_BN_1.jpg,info,SALES_MISSING,,,,
225071_BK,225071,Dress TRENDY Black,_BK,Black,Apparel,Dress,Knit,Polyester,,,39.99,/242/64/225071_BK_1,,info,IMG_FILE_MISSING,,,,
225071_EC,225071,Dress TRENDY Ecru,_EC,Ecru,Apparel,Dress,Knit,Polyester,,,39.99,/242/64/225071_EC_1,,info,IMG_FILE_MISSING,,,,
225164_BK,225164,T-shirt T1 ESSENTIALS Black,_BK,Black,Apparel,T-shirt,Circular,Viscose; Polyamide; Elastane,,,23.99,/242/64/225164_BK_1,,info,IMG_FILE_MISSING,,,,
225164_WT,225164,T-shirt T1 ESSENTIALS White,_WT,White,Apparel,T-shirt,Circular,Viscose; Elastane; Polyamide,,,23.99,/242/64/225164_WT_1,,info,IMG_FILE_MISSING,,,,
225167_BN,225167,Coat RB Brown,_BN,Brown,Apparel,Coat,Woven,Polyester; Cotton,,,69.99,/242/64/225167_BN_1,,info,IMG_FILE_MISSING,,,,
225211_BG,225211,Coat CS1 Beige,_BG,Beige,Apparel,Coat,Woven,Polyester; Lyocell,,,69.99,/242/64/225211_BG_1,,info,IMG_FILE_MISSING,,,,
225499_BN,225499,Sweater gg Brown,_BN,Brown,Apparel,Sweater,Knit,Acrylic; Wool; Polyamide,,,27.99,/242/64/225499_BN_1,,info,IMG_FILE_MISSING,,,,
225578_BN,225578,Cardigan CAXEMIRA Brown,_BN,Brown,Apparel,Cardigan,Knit,Cashmere,,,99.99,/242/64/225578_BN_1,,info,IMG_FILE_MISSING,,,,
225578_GY,225578,Cardigan CAXEMIRA Grey,_GY,Grey,Apparel,Cardigan,Knit,Cashmere,,,99.99,/242/64/225578_GY_1,,info,IMG_FILE_MISSING,,,,
225578_YL,225578,Cardigan CAXEMIRA Yellow,_YL,Yellow,Apparel,Cardigan,Knit,Cashmere,,,99.99,/242/64/225578_YL_1,,info,IMG_FILE_MISSING,,,,
225612_BN,225612,Skirt AN Brown,_BN,Brown,Apparel,Skirt,Knit,Wool; Acrylic; Polyamide; Polyester,,Polyester,32.99,/242/64/225612_BN_1,,info,IMG_FILE_MISSING,,,,
225612_GY,225612,Skirt AN Grey,_GY,Grey,Apparel,Skirt,Knit,Wool; Polyamide; Acrylic; Polyester,,Polyester,32.99,/242/64/225612_GY_1,,info,IMG_FILE_MISSING,,,,
225696_BM,225696,Dress gg Bright Multicolor,_BM,Bright Multicolor,Apparel,Dress,Woven,Polyester; Polyester,,,39.99,/242/64/225696_BM_1,,info,IMG_FILE_MISSING,,,,
226356_BK,226356,T-shirt COMODIN Black,_BK,Black,Apparel,T-shirt,Circular,Polyester; Viscose; Elastane,,Polyester,15.99,/242/64/226356_BK_1,,info,IMG_FILE_MISSING,,,,
226356_BN,226356,T-shirt COMODIN Brown,_BN,Brown,Apparel,T-shirt,Circular,Polyester; Viscose; Elastane,,Polyester,15.99,/242/64/226356_BN_1,,info,IMG_FILE_MISSING,,,,
226356_GY,226356,T-shirt COMODIN Grey,_GY,Grey,Apparel,T-shirt,Circular,Polyester; Elastane; Viscose,,Polyester,15.99,/242/64/226356_GY_1,,info,IMG_FILE_MISSING;SALES_MISSING,,,,
226388_BM,226388,Cardigan 22 Bright Multicolor,_BM,Bright Multicolor,Apparel,Cardigan,Knit,Polyamide,,,32.99,/242/64/226388_BM_1,,info,IMG_FILE_MISSING,,,,
226491_BN,226491,Sweater AN Brown,_BN,Brown,Apparel,Sweater,Knit,Polyamide; Acrylic; Polyester; Wool,,Polyamide,32.99,/242/64/226491_BN_1,,info,IMG_FILE_MISSING,,,,
226491_GY,226491,Sweater AN Grey,_GY,Grey,Apparel,Sweater,Knit,Polyamide; Wool; Polyester; Acrylic,,Polyamide,32.99,/242/64/226491_GY_1,,info,IMG_FILE_MISSING,,,,
226535_GY,226535,Trousers 77 Grey,_GY,Grey,Apparel,Trousers,Knit,Polyester; Polyamide; Acrylic; Wool,,Polyamide,32.99,/242/64/226535_GY_1,,info,IMG_FILE_MISSING,,,,
226535_OW,226535,Trousers 77 Off White,_OW,Off White,Apparel,Trousers,Knit,Polyester; Wool; Acrylic; Polyamide,,Polyamide,32.99,/242/64/226535_OW_1,,info,IMG_FILE_MISSING,,,,
226612_BM,226612,Skirt gg Bright Multicolor,_BM,Bright Multicolor,Apparel,Skirt,Woven,Cotton; Polyester; Viscose; Elastane; Polyester; Viscose,,,39.99,/242/64/226612_BM_1,,info,IMG_FILE_MISSING,,,,
226733_BM,226733,Dress C3 NOV Bright Multicolor,_BM,Bright Multicolor,Apparel,Dress,Woven,Viscose,,Viscose,45.99,/242/64/226733_BM_1,,info,IMG_FILE_MISSING;SALES_MISSING,,,,
226733_DM,226733,Dress CLOSET13 Dark Multicolor,_DM,Dark Multicolor,Apparel,Dress,Woven,Viscose,,Viscose,45.99,/242/64/226733_DM_1,,info,IMG_FILE_MISSING;SALES_MISSING,,,,
226771_BK,226771,Shorts TRENDY Black,_BK,Black,Apparel,Shorts,Woven,Viscose; Polyester; Wool; Polyester,,,39.99,/242/64/226771_BK_1,,info,IMG_FILE_MISSING;SALES_MISSING,,,,
226791_BL,226791,Coat M1S Blue,_BL,Blue,Apparel,Coat,Woven,Lyocell; Cotton,,Cotton,42.99,/242/64/226791_BL_1,,info,IMG_FILE_MISSING,,,,
226904_BM,226904,Vest TRENDY Bright Multicolor,_BM,Bright Multicolor,Apparel,Vest,Woven,Wool; Polyester; Viscose; Polyester,,,39.99,/242/64/226904_BM_1,,info,IMG_FILE_MISSING;SALES_MISSING,,,,
226911_AN,226911,T-shirt UU Anthracite,_AN,Anthracite,Apparel,T-shirt,Circular,Elastane; Polyamide; Polyester; Viscose,,Viscose,23.99,/242/64/226911_AN_1,,info,IMG_FILE_MISSING,,,,
226911_EC,226911,T-shirt UU Ecru,_EC,Ecru,Apparel,T-shirt,Circular,Elastane; Viscose; Polyester; Polyamide,,Viscose,23.99,/242/64/226911_EC_1,,info,IMG_FILE_MISSING,,,,
227060_BL,227060,Jeans QUADROS Blue,_BL,Blue,Apparel,Jeans,Woven,Cotton,,,42.99,/242/64/227060_BL_1,,info,IMG_FILE_MISSING,,,,
227060_WT,227060,Jeans QUADROS White,_WT,White,Apparel,Jeans,Woven,Cotton,,,42.99,/242/64/227060_WT_1,,info,IMG_FILE_MISSING,,,,
227077_EC,227077,Sweater bro Ecru,_EC,Ecru,Apparel,Sweater,Knit,Polyamide; Acrylic; Polyester,,,39.99,/242/64/227077_EC_1,,info,IMG_FILE_MISSING,,,,
227077_PG,227077,Sweater B4NOV Pomegranate,_PG,Pomegranate,Apparel,Sweater,Knit,Polyamide; Elastane; Acrylic,,Acrylic,39.99,/242/64/227077_PG_1,,info,IMG_FILE_MISSING;SALES_MISSING,,,,
227102_NV,227102,Sweatshirt 22 Navy,_NV,Navy,Apparel,Sweatshirt,Circular,Cotton,,,35.99,/242/64/227102_NV_5,,info,IMG_FILE_MISSING,,,,
227249_GN,227249,Coat VERONOV Green,_GN,Green,Apparel,Coat,Woven,Polyester; Polyester; Wool,,Wool,79.99,/242/64/227249_GN_1,,info,IMG_FILE_MISSING;SALES_MISSING,,,,
227249_GY,227249,Coat VERONOV Grey,_GY,Grey,Apparel,Coat,Woven,Polyester; Polyamide; Polyester; Wool,,Wool,79.99,/242/64/227249_GY_1,,info,IMG_FILE_MISSING;SALES_MISSING,,,,
227265_BK,227265,T-shirt 33 Black,_BK,Black,Apparel,T-shirt,Circular,Cotton,,Cotton,23.99,/242/64/227265_BK_1,,info,IMG_FILE_MISSING,,,,
227314_BU,227314,Coat QUADROS Burgundy,_BU,Burgundy,Apparel,Coat,Woven,Goat Leather,,,149.99,/242/64/227314_BU_1,,info,IMG_FILE_MISSING,,,,
227314_CA,227314,Coat COWBOY Camel,_CA,Camel,Apparel,Coat,Woven,Goat Leather,,,149.99,/242/64/227314_CA_1,,info,IMG_FILE_MISSING;SALES_MISSING,,,,
227352_BG,227352,Raincoat gg Beige,_BG,Beige,Apparel,Raincoat,Woven,Polyester; Cotton; Polyamide; Cotton,,Cotton,89.99,/242/64/227352_BG_1,,info,IMG_FILE_MISSING,,,,
227458_WT,227458,Jeans APP PRO White,_WT,White,Apparel,Jeans,Woven,Cotton,,,32.99,/242/64/227458_WT_1,,info,IMG_FILE_MISSING,,,,
227614_SV,227614,Sweater IE Silver,_SV,Silver,Apparel,Sweater,Knit,Polyester,,,35.99,/242/64/227614_SV_1,,info,IMG_FILE_MISSING;SALES_MISSING,,,,
227677_BN,227677,Coat B5 NOVEMBRO Brown,_BN,Brown,Apparel,Coat,Woven,Polyester; Polyester; Polyamide,,Polyester,69.99,/242/64/227677_BN_1,,info,IMG_FILE_MISSING;SALES_MISSING,,,,
227677_KK,227677,Coat B5 NOVEMBRO Khaki,_KK,Khaki,Apparel,Coat,Woven,Polyester; Polyester; Polyamide,,Polyester,69.99,/242/64/227677_KK_1,,info,IMG_FILE_MISSING;SALES_MISSING,,,,
227714_OR,227714,Coat CN Orange,_OR,Orange,Apparel,Coat,Woven,Polyamide; Polyurethane; Polyester,,Polyurethane,59.99,/242/64/227714_OR_1,,info,IMG_FILE_MISSING;SALES_MISSING,,,,
227798_BM,227798,Top QUADROS Bright Multicolor,_BM,Bright Multicolor,Apparel,Top,Woven,Wool; Polyester; Viscose; Viscose,,Polyester,45.99,/242/64/227798_BM_1,,info,IMG_FILE_MISSING,,,,
227996_BM,227996,Sweatshirt CLOSET13 Bright Multicolor,_BM,Bright Multicolor,Apparel,Sweatshirt,Circular,Viscose; Elastane; Polyester,,,32.99,/242/64/227996_BM_1,,info,IMG_FILE_MISSING;SALES_MISSING,,,,
227996_GN,227996,Sweatshirt CLOSET13 Green,_GN,Green,Apparel,Sweatshirt,Circular,Viscose; Polyester; Elastane,,,32.99,/242/64/227996_GN_1,,info,IMG_FILE_MISSING;SALES_MISSING,,,,
228132_EC,228132,Coat outu Ecru,_EC,Ecru,Apparel,Coat,Woven,Polyester,,Polyester,69.99,/242/64/228132_EC_1,,info,IMG_FILE_MISSING,,,,
228190_BK,228190,Sweater T1 ESSENTIALS Black,_BK,Black,Apparel,Sweater,Knit,Polyester; Acrylic,,,29.99,/242/64/228190_BK_1,,info,IMG_FILE_MISSING;SALES_MISSING,,,,
228435_BK,228435,Skirt MY Black,_BK,Black,Apparel,Skirt,Woven,Polyester; Polyester; Viscose,,,35.99,/242/64/228435_BK_2y,,info,IMG_FILE_MISSING;SALES_MISSING,,,,
228718_AN,228718,Skirt VERONOV Anthracite,_AN,Anthracite,Apparel,Skirt,Knit,Wool; Polyamide; Polyester; Acrylic; Viscose,,,29.99,/242/64/228718_AN_1,,info,IMG_FILE_MISSING;SALES_MISSING,,,,
229415_BN,229415,Vest QUADROS Brown,_BN,Brown,Apparel,Vest,Woven,Polyurethane,,Polyurethane,49.99,/242/64/229415_BN_1,,info,IMG_FILE_MISSING,,,,
229487_IG,229487,Coat C3 NOV Indigo,_IG,Indigo,Apparel,Coat,Woven,Cotton,,,42.99,/242/64/229487_IG_2y,,info,IMG_FILE_MISSING;SALES_MISSING,,,,
230079_BM,230079,Dress TRENDY Bright Multicolor,_BM,Bright Multicolor,Apparel,Dress,Circular,Polyester; Polyester; Elastane,,Polyester,29.99,/242/64/230079_BM_1,,info,IMG_FILE_MISSING;SALES_MISSING,,,,
230521_BK,230521,Shirt TRENDY Black,_BK,Black,Apparel,Shirt,Woven,Cotton,,Cotton,29.99,/242/64/230521_BK_1,,info,IMG_FILE_MISSING;SALES_MISSING,,,,
223875_BK,223875,Ankle Boots FAKE SUEDE ANKLE BOOT Black,_BK,Black,Footwear,Ankle Boots,Textile,Polyurethane; Rubber; Polyurethane; Polyester; Polyester,,,39.99,/242/53/223875_BK_1,223875_BK_1.jpg,info,SALES_MISSING,,,,
227119_BK,227119,Boots PARTY BOOTS Black,_BK,Black,Footwear,Boots,PU,Polyurethane; Polyurethane; Rubber; Polyester; Polyester,,,35.99,/242/53/227119_BK_1,,info,IMG_FILE_MISSING;SALES_MISSING,,,,
227119_SV,227119,Boots PARTY BOOTS Silver,_SV,Silver,Footwear,Boots,PU,Rubber; Polyester; Polyurethane; Polyester; Polyurethane,,,35.99,/242/53/227119_SV_1,,info,IMG_FILE_MISSING;SALES_MISSING,,,,
227695_BU,227695,Ballerinas QUADROS Burgundy,_BU,Burgundy,Footwear,Ballerinas,Textile,Rubber; Polyester; Cow Leather; Polyurethane; Polyurethane; Polyester,,,35.99,/242/53/227695_BU_1,,info,IMG_FILE_MISSING,,,,
214585_BK,214585,Tote Bag CAMI 2 Black,_BK,Black,Hand Bag,Tote,Animal Embossed PU,Polyester; Polyester; Polyurethane; Polyurethane; Polyester,,,25.99,/241/54/214585_BK_1,,info,IMG_FILE_MISSING,,,,
214585_EC,214585,Tote Bag CAMI 2 Ecru,_EC,Ecru,Hand Bag,Tote,Animal Embossed PU,Polyester; Polyester; Polyester; Polyurethane; Polyurethane,,,25.99,/241/54/214585_EC_1,,info,IMG_FILE_MISSING,,,,
214585_LL,214585,Tote Bag CAMI 2 Lilac,_LL,Lilac,Hand Bag,Tote,Animal Embossed PU,Polyester; Polyester; Polyester; Polyurethane; Polyurethane,,,25.99,/241/54/214585_LL_1,,info,IMG_FILE_MISSING,,,,
214585_LM,214585,Tote Bag CAMI 2 Lime,_LM,Lime,Hand Bag,Tote,Animal Embossed PU,Polyester; Polyester; Polyester; Polyurethane; Polyurethane,,,25.99,/241/54/214585_LM_1,,info,IMG_FILE_MISSING,,,,
214601_BG,214601,Backpack CAMI 1 Beige,_BG,Beige,Hand Bag,Backpack,Patchwork,Polyester; Polyester; Polyester; Polyester; Polyurethane; Polyurethane,,,27.99,/241/54/214601_BG_1,,info,IMG_FILE_MISSING,,,,
214601_BK,214601,Backpack CAMI 2 Black,_BK,Black,Hand Bag,Backpack,Patchwork,Polyester; Polyester; Polyurethane; Polyurethane; Polyurethane; Polyester,,,27.99,/241/54/214601_BK_1,,info,IMG_FILE_MISSING,,,,
214607_KK,214607,Backpack CAMI 1 Khaki,_KK,Khaki,Hand Bag,Backpack,Printed PU,Polyester; Polyurethane; Polyurethane,,,27.99,/241/54/214607_KK_1,,info,IMG_FILE_MISSING,,,,
225121_BN,225121,Crossbody Bag LEOPARD CAPSULE Brown,_BN,Brown,Hand Bag,Cross,Printed Nylon,Polyester; Polyurethane; Polyester,Silver,,23.99,/242/54/225121_BN_1,,info,IMG_FILE_MISSING,,,,
225153_BK,225153,Crossbody Bag WESTERN1 Black,_BK,Black,Hand Bag,Cross,Plain PU,Polyester; Polyurethane; Polyurethane,Silver,,25.99,/242/54/225153_BK_1,,info,IMG_FILE_MISSING;SALES_MISSING,,,,
225153_EC,225153,Crossbody Bag WESTERN1 Ecru,_EC,Ecru,Hand Bag,Cross,Plain PU,Polyurethane; Polyester; Polyurethane,Silver,,25.99,/242/54/225153_EC_1,,info,IMG_FILE_MISSING;SALES_MISSING,,,,
225153_TU,225153,Crossbody Bag WESTERN1 Taupe,_TU,Taupe,Hand Bag,Cross,Plain PU,Polyester; Polyurethane; Polyurethane,Silver,,25.99,/242/54/225153_TU_1,,info,IMG_FILE_MISSING;SALES_MISSING,,,,
225234_BK,225234,Bucket Bag COLLAGE3 Black,_BK,Black,Hand Bag,Bucket,Nylon,Polyester; Polyurethane; Polyester,Silver,,23.99,/242/54/225234_BK_1,,info,IMG_FILE_MISSING,,,,
225234_TU,225234,Bucket Bag COLLAGE3 Taupe,_TU,Taupe,Hand Bag,Bucket,Nylon,Polyester; Polyester; Polyurethane,Silver,,23.99,/242/54/225234_TU_1,,info,IMG_FILE_MISSING,,,,
225517_OR,225517,Crossbody Bag COLLAGE2 Orange,_OR,Orange,Hand Bag,Cross,Fake Fur,Polyurethane; Polyurethane; Polyester; Polyester,Silver,,23.99,/242/54/225517_OR_1,,info,IMG_FILE_MISSING,,,,
225694_BK,225694,Crossbody Bag COLLAGE3 Black,_BK,Black,Hand Bag,Cross,Nylon,Polyurethane; Polyester; Polyester; Polyurethane,Silver,,25.99,/242/54/225694_BK_1,,info,IMG_FILE_MISSING,,,,
225694_KK,225694,Crossbody Bag COLLAGE3 Khaki,_KK,Khaki,Hand Bag,Cross,Nylon,Polyurethane; Polyester; Polyester; Polyurethane,Silver,,25.99,/242/54/225694_KK_1,,info,IMG_FILE_MISSING;SALES_MISSING,,,,
225694_TU,225694,Crossbody Bag COLLAGE3 Taupe,_TU,Taupe,Hand Bag,Cross,Nylon,Polyurethane; Polyester; Polyurethane; Polyester,Silver,,25.99,/242/54/225694_TU_1,,info,IMG_FILE_MISSING,,,,
226085_CA,226085,Shopper Bag CORBATERO1 Camel,_CA,Camel,Hand Bag,Shopper,Printed PU,Polyurethane; Polyurethane; Polyester; Polyurethane,,,27.99,/242/54/226085_CA_1,,info,IMG_FILE_MISSING,,,,
226410_WT,226410,Shopper Bag LEOPOLDO CAPSULE White,_WT,White,Hand Bag,Shopper,Printed Nylon,Polyurethane; Polyester; Polyester,Silver,,29.99,/242/54/226410_WT_1,,info,IMG_FILE_MISSING,,,,
226446_BK,226446,Tote Bag PARKER Black,_BK,Black,Hand Bag,Tote,Nylon,Polyurethane; Polyurethane; Polyester; Polyester; Polyurethane; Polyester; Polyester; Polyester,,,27.99,/242/54/226446_BK_1,,info,IMG_FILE_MISSING,,,,
226446_CA,226446,Tote Bag PARKER Camel,_CA,Camel,Hand Bag,Tote,Nylon,Polyester; Polyurethane; Polyurethane; Polyurethane; Polyester; Polyester; Polyester; Polyester,,,27.99,/242/54/226446_CA_1,,info,IMG_FILE_MISSING,,,,
226446_EC,226446,Tote Bag PARKER Ecru,_EC,Ecru,Hand Bag,Tote,Nylon,Polyurethane; Polyester; Polyurethane; Polyurethane; Polyester; Polyester; Polyester; Polyester,,,27.99,/242/54/226446_EC_1,,info,IMG_FILE_MISSING,,,,
226451_BK,226451,Sac CORBATERO3 Black,_BK,Black,Hand Bag,Sac,Fantasy PU,Polyester; Polyurethane; Polyurethane; Polyester; Polyurethane,Silver,,29.99,/242/54/226451_BK_1,,info,IMG_FILE_MISSING,,,,
226451_BN,226451,Sac CORBATERO3 Brown,_BN,Brown,Hand Bag,Sac,Fantasy PU,Polyurethane; Polyurethane; Polyester; Polyurethane; Polyester,Silver,,29.99,/242/54/226451_BN_1,,info,IMG_FILE_MISSING,,,,
226751_BG,226751,Shopper Bag WESTERN3 Beige,_BG,Beige,Hand Bag,Shopper,Fantasy Fabric,Polyurethane; Cotton; Polyester; Polyester; Cotton,,,25.99,/242/54/226751_BG_1,,info,IMG_FILE_MISSING,,,,
226751_GN,226751,Shopper Bag WESTERN3 Green,_GN,Green,Hand Bag,Shopper,Fantasy Fabric,Polyester; Polyurethane; Polyester; Cotton; Cotton,,,25.99,/242/54/226751_GN_1,,info,IMG_FILE_MISSING;SALES_MISSING,,,,
226751_RD,226751,Shopper Bag WESTERN3 Red,_RD,Red,Hand Bag,Shopper,Fantasy Fabric,Cotton; Polyester; Cotton; Polyester; Polyurethane,,,25.99,/242/54/226751_RD_1,,info,IMG_FILE_MISSING;SALES_MISSING,,,,
226752_BN,226752,Shopper Bag WESTERN3 Brown,_BN,Brown,Hand Bag,Shopper,Fantasy Fabric,Polyester; Chenille; Polyurethane; Chenille; Polyester,Silver,,25.99,/242/54/226752_BN_1,,info,IMG_FILE_MISSING;SALES_MISSING,,,,
227610_BK,227610,Computer Hand Bag COLLAGE3 Black,_BK,Black,Hand Bag,Computer Hand Bag,Nylon,Polyester; Polyester,Silver,,29.99,/242/54/227610_BK_1,,info,IMG_FILE_MISSING;SALES_MISSING,,,,
227610_BU,227610,Computer Hand Bag COLLAGE3 Burgundy,_BU,Burgundy,Hand Bag,Computer Hand Bag,Nylon,Polyester; Polyester,Silver,,29.99,/242/54/227610_BU_1,,info,IMG_FILE_MISSING;SALES_MISSING,,,,
227698_BL,227698,Shoulder Bag COWBOY Blue,_BL,Blue,Hand Bag,Shoulder Bag,Leather,Cow Leather; Cow Suede Leather; Sheep leather; Cotton,Silver,,69.99,/242/54/227698_BL_1,,info,IMG_FILE_MISSING;SALES_MISSING,,,,
227757_BK,227757,Shopper Bag BRAIDED LEATHER Black,_BK,Black,Hand Bag,Shopper,Leather,Cotton; Cow Leather; Cotton,,,69.99,/242/54/227757_BK_1,,info,IMG_FILE_MISSING;SALES_MISSING,,,,
227757_BN,227757,Shopper Bag BRAIDED LEATHER Brown,_BN,Brown,Hand Bag,Shopper,Leather,Cow Leather; Cotton; Cotton,,,69.99,/242/54/227757_BN_1,,info,IMG_FILE_MISSING;SALES_MISSING,,,,
227757_BU,227757,Shopper Bag BRAIDED LEATHER Burgundy,_BU,Burgundy,Hand Bag,Shopper,Leather,Cotton; Cow Leather; Cotton,,,69.99,/242/54/227757_BU_1,,info,IMG_FILE_MISSING;SALES_MISSING,,,,
227757_GN,227757,Shopper Bag BRAIDED LEATHER Green,_GN,Green,Hand Bag,Shopper,Leather,Cotton; Cow Leather; Cotton,,,69.99,/242/54/227757_GN_1,,info,IMG_FILE_MISSING;SALES_MISSING,,,,
214552_BK,214552,Earring ECLIPSE Black,_BK,Black,Jewellery,Earrings,Hoop Earrings,Zinc; Acrylic,Golden,,4.99,/232/52/214552_BK_1,,info,IMG_FILE_MISSING,,,,
214569_BK,214569,Earring ECLIPSE Black,_BK,Black,Jewellery,Earrings,Hoop Earrings,Glass; Zinc,Brushed Golden,,4.99,/232/52/214569_BK_1,,info,IMG_FILE_MISSING,,,,
214579_MI,214579,Necklace Moonlight azure Midnight Blue,_MI,Midnight Blue,Jewellery,Necklaces,Choker,Velvet; Metal and Cord,Other,,10.99,/232/52/214579_MI_1,,info,IMG_FILE_MISSING,,,,
214595_GD,214595,Earring GLDN DEL Gold,_GD,Gold,Jewellery,Earrings,Dangle,Brass; Iron,Golden,,7.99,/232/52/214595_GD_1,,info,IMG_FILE_MISSING,,,,
214622_BM,214622,Earring TREND Bright Multicolor,_BM,Bright Multicolor,Jewellery,Earrings,Dangle,Acrylic; Zinc,Other,,19.99,/232/52/214622_BM_1,,info,IMG_FILE_MISSING,,,,
214634_SV,214634,Earring TREND Silver,_SV,Silver,Jewellery,Earrings,Dangle,Glass; Iron,Silver,,12.99,/232/52/214634_SV_1,,info,IMG_FILE_MISSING,,,,
214637_BL,214637,Necklace CANICHE CAMPAIGN Blue,_BL,Blue,Jewellery,Necklaces,Choker,Polyester; Thermoplastic Polyurethane,Silver,,19.99,/232/52/214637_BL_1,,info,IMG_FILE_MISSING,,,,
214637_PU,214637,Necklace CANICHE CAMPAIGN Purple,_PU,Purple,Jewellery,Necklaces,Choker,Polyester; Thermoplastic Polyurethane,Silver,,19.99,/232/52/214637_PU_1,,info,IMG_FILE_MISSING,,,,
214645_BM,214645,Set of Necklaces TREND Bright Multicolor,_BM,Bright Multicolor,Jewellery,Necklaces,Collar,Acrylic; Iron,Black Nikel,,25.99,/232/52/214645_BM_1,,info,IMG_FILE_MISSING,,,,
214662_SV,214662,Earring TREND Silver,_SV,Silver,Jewellery,Earrings,Dangle,Brass; Glass,Silver,,12.99,/232/52/214662_SV_1,,info,IMG_FILE_MISSING,,,,
216735_GD,216735,Earring GOLD PLATED COLLECTION Gold,_GD,Gold,Jewellery,Earrings,Hoop Earrings,Brass; Stone,Gold Plated,,35.99,/241/52/216735_GD_1,,info,IMG_FILE_MISSING,,,,
224307_GN,224307,Ring MONETT Green,_GN,Green,Jewellery,Rings,Cocktail,Resin; Zinc,Golden,,5.99,/242/52/224307_GN_1,224307_GN_1.jpg,info,SALES_MISSING,,,,
224409_HM,224409,Necklace MONETT Halftone Multicolor,_HM,Halftone Multicolor,Jewellery,Necklaces,Bib Necklace,Acrylic; Thermoplastic Polyurethane; Brass; Zinc; Iron; Cork,Golden,,12.99,/242/52/224409_HM_1,224409_HM_1.jpg,info,SALES_MISSING,,,,
225065_BL,225065,Ring ATMOSPHERE Blue,_BL,Blue,Jewellery,Rings,Fantasy,Acrylic,Other,,5.99,/242/52/225065_BL_1,,info,IMG_FILE_MISSING,,,,
225070_BL,225070,Ring ATMOSPHERE Blue,_BL,Blue,Jewellery,Rings,Fantasy,Cork; Zinc; Enamel,Rodhium,,5.99,/242/52/225070_BL_1,,info,IMG_FILE_MISSING,,,,
225169_GD,225169,Earring Golden Basics Gold,_GD,Gold,Jewellery,Earrings,Clip Earrings,Brass,Golden,,5.99,/242/52/225169_GD_1,,info,IMG_FILE_MISSING,,,,
225169_SV,225169,Earring SILVER BASICS Silver,_SV,Silver,Jewellery,Earrings,Clip Earrings,Brass,Rodhium,,5.99,/242/52/225169_SV_1,,info,IMG_FILE_MISSING,,,,
225178_SV,225178,Earring SILVER BASICS Silver,_SV,Silver,Jewellery,Earrings,Hoop Earrings,Thermoplastic Polyurethane,Rodhium,,5.99,/242/52/225178_SV_1,,info,IMG_FILE_MISSING,,,,
225235_WT,225235,Necklace NEW CLASSIC White,_WT,White,Jewellery,Necklaces,Beaded Necklace,Acrylic; Brass; Iron; Zinc; Cork,,,17.99,/242/52/225235_WT_1,,info,IMG_FILE_MISSING,,,,
225243_WT,225243,Earring NEW CLASSIC White,_WT,White,Jewellery,Earrings,Hoop Earrings,Zinc; Acrylic; Cork,Golden,,8.99,/242/52/225243_WT_1,,info,IMG_FILE_MISSING,,,,
225248_WT,225248,Earring NEW CLASSIC White,_WT,White,Jewellery,Earrings,Hoop Earrings,Zinc; Acrylic; Cork,Golden,,5.99,/242/52/225248_WT_1,,info,IMG_FILE_MISSING,,,,
225259_PE,225259,Set of Earrings NEW CLASSIC Pearl,_PE,Pearl,Jewellery,Earrings,Stud,Cork; Acrylic; Brass; Iron,Golden,,7.99,/242/52/225259_PE_1,,info,IMG_FILE_MISSING,,,,
225266_WT,225266,Earring NEW CLASSIC White,_WT,White,Jewellery,Earrings,Clip Earrings,Brass; Iron; Acrylic; Cork,Golden,,5.99,/242/52/225266_WT_1,,info,IMG_FILE_MISSING,,,,
225274_GD,225274,Ring NEW CLASSIC Gold,_GD,Gold,Jewellery,Rings,Fantasy,Iron; Acrylic; Cork,Golden,,5.99,/242/52/225274_GD_1,,info,IMG_FILE_MISSING,,,,
225286_WT,225286,Earring NEW CLASSIC White,_WT,White,Jewellery,Earrings,Ear Jacket,Cork; Acrylic; Copper,Golden,,5.99,/242/52/225286_WT_1,,info,IMG_FILE_MISSING,,,,
225507_GD,225507,Ring NEW CLASSIC Gold,_GD,Gold,Jewellery,Rings,Band Ring,Zinc; Cork,Golden,,6.99,/242/52/225507_GD_1,,info,IMG_FILE_MISSING,,,,
225515_GD,225515,Set of Necklaces NEW CLASSIC Gold,_GD,Gold,Jewellery,Necklaces,Pendant,Iron; Copper; Cork; Acrylic,Golden,,12.99,/242/52/225515_GD_1,,info,IMG_FILE_MISSING,,,,
225592_BL,225592,Earring MODERN STONES Blue,_BL,Blue,Jewellery,Earrings,Stud,Stone; Zinc,Golden,,7.99,/242/52/225592_BL_1,,info,IMG_FILE_MISSING,,,,
225640_PM,225640,Earring MODERN STONES Pastel Multicolor,_PM,Pastel Multicolor,Jewellery,Earrings,Hoop Earrings,Zinc; Enamel,Golden,,7.99,/242/52/225640_PM_1,,info,IMG_FILE_MISSING,,,,
225669_GY,225669,Earring MODERN STONES Grey,_GY,Grey,Jewellery,Earrings,Dangle,Resin; Iron; Cork,,,5.99,/242/52/225669_GY_1,,info,IMG_FILE_MISSING,,,,
225675_HM,225675,Bracelet MODERN STONES Halftone Multicolor,_HM,Halftone Multicolor,Jewellery,Bracelets,Non-Adjustable Bracelet,Brass; Enamel; Cork,Golden,,8.99,/242/52/225675_HM_1,,info,IMG_FILE_MISSING,,,,
225681_BL,225681,Earring MODERN STONES Blue,_BL,Blue,Jewellery,Earrings,Stud,Iron; Thermoplastic Polyurethane; Cork; Zinc; Stone,Golden,,5.99,/242/52/225681_BL_1,,info,IMG_FILE_MISSING,,,,
226211_PK,226211,Earring MODERN STONES Pink,_PK,Pink,Jewellery,Earrings,Drop,Cork; Brass; Thermoplastic Polyurethane,Golden,,7.99,/242/52/226211_PK_1,,info,IMG_FILE_MISSING,,,,
226225_LN,226225,Ring MODERN STONES Light Green,_LN,Light Green,Jewellery,Rings,Stone/Gem,Cork; Brass; Zinc; Stone,Golden,,5.99,/242/52/226225_LN_1,,info,IMG_FILE_MISSING,,,,
226286_HM,226286,Necklace MODERN STONES Halftone Multicolor,_HM,Halftone Multicolor,Jewellery,Necklaces,Pendant,Cotton; Cork; Stone; Zinc,Golden,,12.99,/242/52/226286_HM_1,,info,IMG_FILE_MISSING,,,,
226293_PK,226293,Necklace MODERN STONES Pink,_PK,Pink,Jewellery,Necklaces,Pendant,Stone; Iron; Cork,Golden,,12.99,/242/52/226293_PK_1,,info,IMG_FILE_MISSING,,,,
226343_BU,226343,Earring WESTERNP Burgundy,_BU,Burgundy,Jewellery,Earrings,Stud,Resin; Zinc; Copper,Worn Gold,,5.99,/242/52/226343_BU_1,,info,IMG_FILE_MISSING,,,,
226350_BU,226350,Necklace WESTERNP Burgundy,_BU,Burgundy,Jewellery,Necklaces,Pendant,Zinc; Iron; Cork,Worn Gold,,12.99,/242/52/226350_BU_1,,info,IMG_FILE_MISSING,,,,
226358_SV,226358,Necklace LIGHTNING BOLD Silver,_SV,Silver,Jewellery,Necklaces,Collar,Cork; Iron; Brass; Zinc,,,19.99,/242/52/226358_SV_1,,info,IMG_FILE_MISSING,,,,
226368_GD,226368,Earring LIGHTNING BOLD Gold,_GD,Gold,Jewellery,Earrings,Stud,Brass; Zirconium; Cork,Golden,,7.99,/242/52/226368_GD_1,,info,IMG_FILE_MISSING,,,,
226374_MI,226374,Ring NEPTUNE Midnight Blue,_MI,Midnight Blue,Jewellery,Rings,Cocktail,Glass; Brass,Black Nikel,,6.99,/242/52/226374_MI_1,,info,IMG_FILE_MISSING,,,,
226382_GD,226382,Earring LIGHTNING BOLD Gold,_GD,Gold,Jewellery,Earrings,Stud,Thermoplastic Polyurethane; Iron; Cork; Glass,Golden,,7.99,/242/52/226382_GD_1,,info,IMG_FILE_MISSING,,,,
226390_GD,226390,Earring WESTERNP Gold,_GD,Gold,Jewellery,Earrings,Hoop Earrings,Zinc,,,7.99,/242/52/226390_GD_1,,info,IMG_FILE_MISSING,,,,
226395_BU,226395,Ring WESTERNP Burgundy,_BU,Burgundy,Jewellery,Rings,Fantasy,Cork; Resin; Copper,Worn Gold,,7.99,/242/52/226395_BU_1,,info,IMG_FILE_MISSING,,,,
226401_BU,226401,Bracelet WESTERNP Burgundy,_BU,Burgundy,Jewellery,Bracelets,Elastic Bracelet,Zinc; Thermoplastic Polyurethane; Brass; Acrylic; Cork,Worn Gold,,7.99,/242/52/226401_BU_1,,info,IMG_FILE_MISSING,,,,
226408_BU,226408,Earring WESTERNP Burgundy,_BU,Burgundy,Jewellery,Earrings,Clip Earrings,Enamel; Zinc; Glass,Worn Gold,,12.99,/242/52/226408_BU_1,,info,IMG_FILE_MISSING,,,,
226429_BU,226429,Earring WESTERNP Burgundy,_BU,Burgundy,Jewellery,Earrings,Hoop Earrings,Resin; Zinc,Worn Gold,,7.99,/242/52/226429_BU_1,,info,IMG_FILE_MISSING,,,,
226438_BU,226438,Bracelet WESTERNP Burgundy,_BU,Burgundy,Jewellery,Bracelets,Non-Adjustable Bracelet,Iron; Cotton,Worn Gold,,15.99,/242/52/226438_BU_1,,info,IMG_FILE_MISSING,,,,
226481_GD,226481,Ring LIGHTNING BOLD Gold,_GD,Gold,Jewellery,Rings,Cocktail,Zirconium; Copper; Acrylic,Golden,,9.99,/242/52/226481_GD_1,,info,IMG_FILE_MISSING,,,,
226487_SV,226487,Earring LIGHTNING BOLD Silver,_SV,Silver,Jewellery,Earrings,Stud,Cork; Brass; Zirconium,Silver,,7.99,/242/52/226487_SV_1,,info,IMG_FILE_MISSING,,,,
226495_GD,226495,Earring LIGHTNING BOLD Gold,_GD,Gold,Jewellery,Earrings,Hoop Earrings,Cork; Zirconium; Brass,Golden,,7.99,/242/52/226495_GD_1,,info,IMG_FILE_MISSING,,,,
226501_MI,226501,Bracelet NEPTUNE Midnight Blue,_MI,Midnight Blue,Jewellery,Bracelets,Non-Adjustable Bracelet,Iron; Thermoplastic Polyurethane,Black Nikel,,6.99,/242/52/226501_MI_1,,info,IMG_FILE_MISSING,,,,
226516_GD,226516,Set of Necklaces LIGHTNING BOLD Gold,_GD,Gold,Jewellery,Necklaces,Chain,Zirconium; Cork; Iron; Zinc,Golden,,12.99,/242/52/226516_GD_1,,info,IMG_FILE_MISSING,,,,
226524_SV,226524,Earring LIGHTNING BOLD Silver,_SV,Silver,Jewellery,Earrings,Hoop Earrings,Brass; Zirconium,Golden,,7.99,/242/52/226524_SV_1,,info,IMG_FILE_MISSING,,,,
226530_MI,226530,Ring NEPTUNE Midnight Blue,_MI,Midnight Blue,Jewellery,Rings,Cocktail,Enamel; Glass; Zinc,Black Nikel,,7.99,/242/52/226530_MI_1,,info,IMG_FILE_MISSING,,,,
226585_BL,226585,Necklace NEPTUNE Blue,_BL,Blue,Jewellery,Necklaces,Beaded Necklace,Cork; Thermoplastic Polyurethane; Iron; Glass,Black Nikel,,12.99,/242/52/226585_BL_1,,info,IMG_FILE_MISSING,,,,
226649_MI,226649,Earring NEPTUNE Midnight Blue,_MI,Midnight Blue,Jewellery,Earrings,Dangle,Iron; Brass; Thermoplastic Polyurethane; Glass,Black Nikel,,7.99,/242/52/226649_MI_1,,info,IMG_FILE_MISSING,,,,
226678_BM,226678,Bracelet ARM MATERA Bright Multicolor,_BM,Bright Multicolor,Jewellery,Bracelets,Adjustable Bracelet,Polyester; Brass,Worn Gold,,7.99,/242/52/226678_BM_1,,info,IMG_FILE_MISSING,,,,
226695_MI,226695,Necklace NEPTUNE Midnight Blue,_MI,Midnight Blue,Jewellery,Necklaces,Beaded Necklace,Thermoplastic Polyurethane; Clay; Glass; Copper; Cork,,,12.99,/242/52/226695_MI_1,,info,IMG_FILE_MISSING,,,,
226709_SV,226709,Bracelet NEPTUNE Silver,_SV,Silver,Jewellery,Bracelets,Non-Adjustable Bracelet,Brass; Glass; Cork,,,9.99,/242/52/226709_SV_1,,info,IMG_FILE_MISSING,,,,
226716_MI,226716,Bracelet NEPTUNE Midnight Blue,_MI,Midnight Blue,Jewellery,Bracelets,Elastic Bracelet,Glass; Iron,,,9.99,/242/52/226716_MI_1,,info,IMG_FILE_MISSING,,,,
226880_FG,226880,Necklace GALÁPAGOS Forest Green,_FG,Forest Green,Jewellery,Necklaces,Collar,Iron; Cork; Resin,Antik Golden,,17.99,/242/52/226880_FG_1,,info,IMG_FILE_MISSING;SALES_MISSING,,,,
226896_GD,226896,Ring GALÁPAGOS Gold,_GD,Gold,Jewellery,Rings,Cocktail,Iron; Cork,Antik Golden,,6.99,/242/52/226896_GD_1,,info,IMG_FILE_MISSING,,,,
226931_SV,226931,Ring SILVER BASICS Silver,_SV,Silver,Jewellery,Rings,Band Ring,Cork; Zinc,Rodhium,,4.99,/242/52/226931_SV_1,,info,IMG_FILE_MISSING;SALES_MISSING,,,,
226942_GD,226942,Set of Bracelets Golden Basics Gold,_GD,Gold,Jewellery,Bracelets,Elastic Bracelet,Cork; Steel,Golden,,12.99,/242/52/226942_GD_1,,info,IMG_FILE_MISSING,,,,
226972_DB,226972,Ring GALÁPAGOS Dark Brown,_DB,Dark Brown,Jewellery,Rings,Fantasy,Cork; Thermoplastic Polyurethane,Antik Golden,,7.99,/242/52/226972_DB_1,,info,IMG_FILE_MISSING,,,,
226978_DM,226978,Earring GALÁPAGOS Dark Multicolor,_DM,Dark Multicolor,Jewellery,Earrings,Stud,Cork; Stone; Zinc; Resin; Iron,Antik Golden,,7.99,/242/52/226978_DM_1,,info,IMG_FILE_MISSING,,,,
226999_BL,226999,Bracelet QUADROS Blue,_BL,Blue,Jewellery,Bracelets,Cuff,Cork; Resin; Zinc; Iron,Rodhium,,23.99,/242/52/226999_BL_1,,info,IMG_FILE_MISSING,,,,
226999_BU,226999,Bracelet QUADROS Burgundy,_BU,Burgundy,Jewellery,Bracelets,Cuff,Cork; Resin; Zinc; Iron,Rodhium,,23.99,/242/52/226999_BU_1,,info,IMG_FILE_MISSING,,,,
227003_BK,227003,Earring QUADROS Black,_BK,Black,Jewellery,Earrings,Hoop Earrings,Cork; Copper; Resin; Iron,Rodhium,,17.99,/242/52/227003_BK_1,,info,IMG_FILE_MISSING,,,,
227022_DM,227022,Necklace GALÁPAGOS Dark Multicolor,_DM,Dark Multicolor,Jewellery,Necklaces,Chain,Cork; Acrylic; Thermoplastic Polyurethane; Zinc; Resin; Iron; Stone,,,10.99,/242/52/227022_DM_1,,info,IMG_FILE_MISSING,,,,
227028_OG,227028,Earring GALÁPAGOS Old Gold,_OG,Old Gold,Jewellery,Earrings,Hoop Earrings,Copper; Iron; Thermoplastic Polyurethane; Zinc; Cork,Antik Golden,,7.99,/242/52/227028_OG_1,,info,IMG_FILE_MISSING,,,,
227034_DB,227034,Earring GALÁPAGOS Dark Brown,_DB,Dark Brown,Jewellery,Earrings,Stud,Cork; Stone; Zinc,Antik Golden,,5.99,/242/52/227034_DB_1,,info,IMG_FILE_MISSING,,,,
227109_DM,227109,Earring NEOPOP Dark Multicolor,_DM,Dark Multicolor,Jewellery,Earrings,Clip Earrings,Glass; Zinc,Black Nikel,,5.99,/242/52/227109_DM_1,,info,IMG_FILE_MISSING,,,,
227118_GD,227118,Earring WESTERNP Gold,_GD,Gold,Jewellery,Earrings,Hoop Earrings,Iron; Cork,,,7.99,/242/52/227118_GD_1,,info,IMG_FILE_MISSING,,,,
227162_DM,227162,Necklace NEOPOP Dark Multicolor,_DM,Dark Multicolor,Jewellery,Necklaces,Beaded Necklace,Iron; Zinc; Resin; Cork,Black Nikel,,12.99,/242/52/227162_DM_1,,info,IMG_FILE_MISSING,,,,
227172_DM,227172,Earring NEOPOP Dark Multicolor,_DM,Dark Multicolor,Jewellery,Earrings,Dangle,Zinc; Glass; Cork,,,9.99,/242/52/227172_DM_1,,info,IMG_FILE_MISSING,,,,
227182_FU,227182,Earring NEOPOP Fuchsia,_FU,Fuchsia,Jewellery,Earrings,Hoop Earrings,Zinc; Glass; Cork,Black Nikel,,7.99,/242/52/227182_FU_1,,info,IMG_FILE_MISSING,,,,
227182_MI,227182,Earring NEOPOP Midnight Blue,_MI,Midnight Blue,Jewellery,Earrings,Hoop Earrings,Zinc; Glass; Cork,Black Nikel,,7.99,/242/52/227182_MI_1,,info,IMG_FILE_MISSING,,,,
227186_DM,227186,Earring NEOPOP Dark Multicolor,_DM,Dark Multicolor,Jewellery,Earrings,Stud,Enamel; Glass; Zinc; Cork,Black Nikel,,5.99,/242/52/227186_DM_1,,info,IMG_FILE_MISSING,,,,
227196_DM,227196,Earring NEOPOP Dark Multicolor,_DM,Dark Multicolor,Jewellery,Earrings,Hoop Earrings,Glass; Zinc; Cork,Black Nikel,,5.99,/242/52/227196_DM_1,,info,IMG_FILE_MISSING,,,,
227219_FU,227219,Earring NEOPOP Fuchsia,_FU,Fuchsia,Jewellery,Earrings,Stud,Glass; Zinc; Brass; Polymer; Acrylic,,,9.99,/242/52/227219_FU_1,,info,IMG_FILE_MISSING,,,,
227559_GD,227559,Bracelet TREND Gold,_GD,Gold,Jewellery,Bracelets,Cuff,Brass,Golden,,15.99,/242/52/227559_GD_1,,info,IMG_FILE_MISSING,,,,
227999_SV,227999,Earring SILVER BASICS Silver,_SV,Silver,Jewellery,Earrings,Clip Earrings,Brass; Zinc,Rodhium,,7.99,/242/52/227999_SV_1,,info,IMG_FILE_MISSING,,,,
228004_GD,228004,Earring Golden Basics Gold,_GD,Gold,Jewellery,Earrings,Clip Earrings,Brass; Iron; Zinc,Golden,,7.99,/242/52/228004_GD_1,,info,IMG_FILE_MISSING,,,,
228013_BK,228013,Bracelet Milagro Black,_BK,Black,Jewellery,Bracelets,Elastic Bracelet,Cork; Zinc; Elastane; Glass,Golden,,6.99,/242/52/228013_BK_1,,info,IMG_FILE_MISSING;SALES_MISSING,,,,
228684_GD,228684,Set of Rings Golden Basics Gold,_GD,Gold,Jewellery,Rings,Band Ring,Zinc,Golden,,7.99,/242/52/228684_GD_1,,info,IMG_FILE_MISSING,,,,
229458_BM,229458,Set of Necklaces FUNNY COLLECTION Bright Multicolor,_BM,Bright Multicolor,Jewellery,Necklaces,Beaded Necklace,Cork; Acrylic; Glass; Steel; Stone,Golden,,59.99,/242/52/229458_BM_1,,info,IMG_FILE_MISSING;SALES_MISSING,,,,
229559_RD,229559,Necklace FUNNY COLLECTION Red,_RD,Red,Jewellery,Necklaces,Pendant,Glass; Iron; Acrylic; Nylon; Pearl; Brass,Golden,,39.99,/242/52/229559_RD_1,,info,IMG_FILE_MISSING;SALES_MISSING,,,,
214556_BK,214556,Wallet gina Black,_BK,Black,Wallet,Wallet,Plain PU,Polyester; Polyurethane; Polyurethane,,,17.99,/232/62/214556_BK_2y,,info,IMG_FILE_MISSING,,,,
214556_EC,214556,Wallet gina Ecru,_EC,Ecru,Wallet,Wallet,Plain PU,Polyester; Polyurethane; Polyurethane,,,17.99,/232/62/214556_EC_1,,info,IMG_FILE_MISSING,,,,
214612_KK,214612,Wallet CAMI 1 Khaki,_KK,Khaki,Wallet,Wallet,Printed PU,Polyester; Polyurethane; Polyurethane; Thermoplastic Polyurethane,,,15.99,/241/62/214612_KK_1,,info,IMG_FILE_MISSING,,,,
222539_BG,222539,Wallet MARTHA Beige,_BG,Beige,Wallet,Wallet,Plain PU,Polyester; Polyurethane; Polyurethane,,,15.99,/242/62/222539_BG_1,222539_BG_1.jpg,info,SALES_MISSING,,,,
222539_WT,222539,Wallet MARTHA White,_WT,White,Wallet,Wallet,Plain PU,Polyester; Polyurethane; Polyurethane,,,15.99,/242/62/222539_WT_1,222539_WT_1.jpg,info,SALES_MISSING,,,,
225074_BL,225074,Card Holder SCOTS3 Blue,_BL,Blue,Wallet,Card Holder,Fantasy PU,Iron; Copper; Polyvinyl Chloride; Aluminium; Polyester; Polyurethane,,,12.99,/242/62/225074_BL_1,,info,IMG_FILE_MISSING,,,,
225074_SV,225074,Card Holder SCOTS3 Silver,_SV,Silver,Wallet,Card Holder,Fantasy PU,Iron; Polyvinyl Chloride; Aluminium; Copper; Polyurethane; Polyester,,,12.99,/242/62/225074_SV_1,,info,IMG_FILE_MISSING,,,,
225074_YL,225074,Card Holder SCOTS3 Yellow,_YL,Yellow,Wallet,Card Holder,Fantasy PU,Polyvinyl Chloride; Aluminium; Iron; Copper; Polyurethane; Polyester,,,12.99,/242/62/225074_YL_1,,info,IMG_FILE_MISSING,,,,
225818_BK,225818,Wallet GLORIA Black,_BK,Black,Wallet,Wallet,Real Fur,Cow Leather; Polyurethane; Thermoplastic Polyurethane; Polyester,,,23.99,/242/62/225818_BK_1,,info,IMG_FILE_MISSING;SALES_MISSING,,,,
226557_BL,226557,Coin Purse COLLAGE3 Blue,_BL,Blue,Wallet,Coin Purse,Fake Fur,Polyester; Polyester; Polyurethane,,,12.99,/242/62/226557_BL_1,,info,IMG_FILE_MISSING,,,,
206362_BU,206362,Sweatshirt PRIESTLY Burgundy,_BU,Burgundy,Apparel,Sweatshirt,Circular,Elastane; Modal; Polyester,,Modal,27.99,/231/64/206362_BU_1,206362_BU_1.jpg,none,,,,,
207865_BM,207865,Vest REPEAT Bright Multicolor,_BM,Bright Multicolor,Apparel,Vest,Woven,Cotton,,Cotton,29.99,/231/64/207865_BM_1,207865_BM_1.jpg,none,,,,,
208558_BK,208558,Shirt BLACKWHITE Black,_BK,Black,Apparel,Shirt,Woven,Cotton,,Cotton,19.99,/232/64/208558_BK_1,208558_BK_1.jpg,none,,,,,
208558_WT,208558,Shirt BLACKWHITE White,_WT,White,Apparel,Shirt,Woven,Cotton,,Cotton,19.99,/232/64/208558_WT_1,208558_WT_1.jpg,none,,,,,
208203_EC,208952,T-shirt ESSENTIALS T DISPLAY 1 Ecru,_EC,Ecru,Apparel,T-shirt,Circular,Elastane; Polyester; Viscose,,Viscose,19.99,/231/64/208952_EC_1,208952_EC_1.jpg,none,,,,,
208952_BL,208952,T-shirt ESSENTIALS T DISPLAY 1 Blue,_BL,Blue,Apparel,T-shirt,Circular,Elastane; Polyester; Viscose,,Viscose,19.99,/231/64/208952_BL_1,208952_BL_1.jpg,none,,,,,
208952_LM,208952,T-shirt ESSENTIALS T DISPLAY 1 Lime,_LM,Lime,Apparel,T-shirt,Circular,Elastane; Polyester; Viscose,,Viscose,19.99,/231/64/208952_LM_1,208952_LM_1.jpg,none,,,,,
209383_DM,209383,Dress ESSENTIALS T DISPLAY 1 Dark Multicolor,_DM,Dark Multicolor,Apparel,Dress,Woven,Viscose,,Viscose,35.99,/232/64/209383_DM_1,209383_DM_1.jpg,none,,,,,
209638_BK,209638,Dress BLACKWHITE Black,_BK,Black,Apparel,Dress,Woven,Lyocell,,Lyocell,32.99,/232/64/209638_BK_1,209638_BK_1.jpg,none,,,,,
209638_BN,209638,Dress ESSENTIALS T DISPLAY 1 Brown,_BN,Brown,Apparel,Dress,Woven,Lyocell,,Lyocell,32.99,/232/64/209638_BN_1,209638_BN_1.jpg,none,,,,,
209638_FU,209638,Dress ESSENTIALS T DISPLAY 1 Fuchsia,_FU,Fuchsia,Apparel,Dress,Woven,Lyocell,,Lyocell,32.99,/232/64/209638_FU_1,209638_FU_1.jpg,none,,,,,
209638_TQ,209638,Dress ESSENTIALS T DISPLAY 1 Turquoise,_TQ,Turquoise,Apparel,Dress,Woven,Lyocell,,Lyocell,32.99,/232/64/209638_TQ_1,209638_TQ_1.jpg,none,,,,,
209638_WT,209638,Dress BLACKWHITE White,_WT,White,Apparel,Dress,Woven,Lyocell,,Lyocell,32.99,/232/64/209638_WT_1,209638_WT_1.jpg,none,,,,,
209789_BM,209789,Skirt VIMBA Bright Multicolor,_BM,Bright Multicolor,Apparel,Skirt,Woven,Viscose,,Viscose,29.99,/232/64/209789_BM_1,209789_BM_1.jpg,none,,,,,
209826_BM,209826,Shirt LOVEBOX4 Bright Multicolor,_BM,Bright Multicolor,Apparel,Shirt,Woven,Cotton,,Cotton,22.99,/232/64/209826_BM_1,209826_BM_1.jpg,none,,,,,
209847_BG,209847,Dress LOVEBOX4 Beige,_BG,Beige,Apparel,Dress,Woven,Lyocell,,Lyocell,32.99,/232/64/209847_BG_1,209847_BG_1.jpg,none,,,,,
209965_BM,209965,Shirt SKALLI Bright Multicolor,_BM,Bright Multicolor,Apparel,Shirt,Woven,Cotton,,Cotton,22.99,/232/64/209965_BM_1,209965_BM_1.jpg,none,,,,,
210200_BM,210200,Kimono SKALLI Bright Multicolor,_BM,Bright Multicolor,Apparel,Kimono,Woven,Modal,,Modal,25.99,/232/64/210200_BM_1,210200_BM_1.jpg,none,,,,,
210458_BM,210458,Dress LOVEBOX4 Bright Multicolor,_BM,Bright Multicolor,Apparel,Dress,Woven,Linen,,Linen,45.99,/232/64/210458_BM_1,210458_BM_1.jpg,none,,,,,
210508_BM,210508,Shirt LOVEBOX2 Bright Multicolor,_BM,Bright Multicolor,Apparel,Shirt,Woven,Cotton,,Cotton,22.99,/232/64/210508_BM_1,210508_BM_1.jpg,none,,,,,
210511_BM,210511,Trousers ESSENTIALS T DISPLAY 1 Bright Multicolor,_BM,Bright Multicolor,Apparel,Trousers,Woven,Viscose,,Viscose,25.99,/232/64/210511_BM_1,210511_BM_1.jpg,none,,,,,
210511_DM,210511,Trousers ESSENTIALS T DISPLAY 1 Dark Multicolor,_DM,Dark Multicolor,Apparel,Trousers,Woven,Viscose,,Viscose,25.99,/232/64/210511_DM_1,210511_DM_1.jpg,none,,,,,
210834_EC,210834,Top LAB JUNHO Ecru,_EC,Ecru,Apparel,Top,Woven,Modal,,Modal,29.99,/232/64/210834_EC_1,210834_EC_1.jpg,none,,,,,
210885_BM,210885,Bathing Suit SKALLI Bright Multicolor,_BM,Bright Multicolor,Apparel,Bath Suit,Circular,Elastane; Elastane; Polyester; Polyester,,Polyester,25.99,/232/64/210885_BM_1,210885_BM_1.jpg,none,,,,,
210921_BM,210921,Kimono TORANJA Bright Multicolor,_BM,Bright Multicolor,Apparel,Kimono,Woven,Viscose,,Viscose,29.99,/232/64/210921_BM_1,210921_BM_1.jpg,none,,,,,
210958_KK,210958,Dress SKALLI Khaki,_KK,Khaki,Apparel,Dress,Woven,Metallic Fiber; Modal,,Modal,32.99,/232/64/210958_KK_1,210958_KK_1.jpg,none,,,,,
211146_BM,211146,Dress LOVEBOX3 Bright Multicolor,_BM,Bright Multicolor,Apparel,Dress,Woven,Cotton,,Cotton,45.99,/232/64/211146_BM_1,211146_BM_1.jpg,none,,,,,
211309_BK,211309,Dress SUMMER BW CAPSULE Black,_BK,Black,Apparel,Dress,Woven,Viscose,,Viscose,35.99,/232/64/211309_BK_1,211309_BK_1.jpg,none,,,,,
211309_BM,211309,Dress SUMMER BW CAPSULE Bright Multicolor,_BM,Bright Multicolor,Apparel,Dress,Woven,Viscose,,Viscose,35.99,/232/64/211309_BM_1,211309_BM_1.jpg,none,,,,,
211309_DM,211309,Dress SummercapsuleJul Dark Multicolor,_DM,Dark Multicolor,Apparel,Dress,Woven,Viscose,,Viscose,35.99,/232/64/211309_DM_1,211309_DM_1.jpg,none,,,,,
211309_OR,211309,Dress SUMMER BW CAPSULE Orange,_OR,Orange,Apparel,Dress,Woven,Viscose,,Viscose,35.99,/232/64/211309_OR_1,211309_OR_1.jpg,none,,,,,
211351_DM,211351,Dress SUMMER BW CAPSULE Dark Multicolor,_DM,Dark Multicolor,Apparel,Dress,Woven,Viscose,,Viscose,27.99,/232/64/211351_DM_1,211351_DM_1.jpg,none,,,,,
211427_BM,211427,Dress TORANJA Bright Multicolor,_BM,Bright Multicolor,Apparel,Dress,Woven,Cotton,,Cotton,25.99,/232/64/211427_BM_1,211427_BM_1.jpg,none,,,,,
211450_BG,211450,Coat LAB JUNHO Beige,_BG,Beige,Apparel,Coat,Woven,Polyamide; Polyamide; Lyocell; Lyocell,,Lyocell,39.99,/232/64/211450_BG_1,211450_BG_1.jpg,none,,,,,
211450_BK,211450,Coat TALLEY Black,_BK,Black,Apparel,Coat,Woven,Lyocell; Lyocell; Polyamide; Polyamide,,Lyocell,39.99,/232/64/211450_BK_1,211450_BK_1.jpg,none,,,,,
211464_DM,211464,Shirt NOTO Dark Multicolor,_DM,Dark Multicolor,Apparel,Shirt,Woven,Polyamide; Lyocell,,Lyocell,27.99,/232/64/211464_DM_1,211464_DM_1.jpg,none,,,,,
211500_BM,211500,Dress KATELL Bright Multicolor,_BM,Bright Multicolor,Apparel,Dress,Circular,Cotton,,Cotton,27.99,/232/64/211500_BM_1,211500_BM_1.jpg,none,,,,,
211562_PK,211562,Coat Capri Pink,_PK,Pink,Apparel,Coat,Woven,Cotton,,Cotton,35.99,/232/64/211562_PK_1,211562_PK_1.jpg,none,,,,,
211609_BK,211609,Shorts TALLEY Black,_BK,Black,Apparel,Shorts,Woven,Elastane; Polyamide; Viscose,,Viscose,12.99,/232/64/211609_BK_1,211609_BK_1.jpg,none,,,,,
211704_GN,211704,Dress LAB JUNHO Green,_GN,Green,Apparel,Dress,Woven,Viscose,,Viscose,49.99,/232/64/211704_GN_1,211704_GN_1.jpg,none,,,,,
211791_SV,211791,Trousers TALLEY Silver,_SV,Silver,Apparel,Trousers,Woven,Cotton; Cotton; Pearl,,Cotton,35.99,/232/64/211791_SV_1,211791_SV_1.jpg,none,,,,,
211920_BK,211920,Vest LAB JULHO Black,_BK,Black,Apparel,Vest,Woven,Polyester; Viscose; Wool; Organic Cotton,,Polyester,35.99,/232/64/211920_BK_1,211920_BK_1.jpg,none,,,,,
211920_GY,211920,Vest LAB JULHO Grey,_GY,Grey,Apparel,Vest,Woven,Polyester; Viscose; Wool; Organic Cotton,,Polyester,35.99,/232/64/211920_GY_1y,211920_GY_1y.jpg,none,,,,,
212039_WT,212039,Jeans CAPRI 2 White,_WT,White,Apparel,Jeans,Knit,Cotton,,Cotton,35.99,/232/64/212039_WT_1,212039_WT_1.jpg,none,,,,,
212125_BK,212125,Top TUSCA Black,_BK,Black,Apparel,Top,Woven,Lyocell,,Lyocell,23.99,/232/64/212125_BK_1,212125_BK_1.jpg,none,,,,,
212125_FU,212125,Top TUSCA Fuchsia,_FU,Fuchsia,Apparel,Top,Woven,Lyocell,,Lyocell,23.99,/232/64/212125_FU_1,212125_FU_1.jpg,none,,,,,
212135_BL,212135,Jeans NOTO Blue,_BL,Blue,Apparel,Jeans,Woven,Cotton,,Cotton,35.99,/232/64/212135_BL_1,212135_BL_1.jpg,none,,,,,
212183_BN,212183,Shirt CAPRI 2 Brown,_BN,Brown,Apparel,Shirt,Woven,Polyester,,Polyester,32.99,/232/64/212183_BN_1,212183_BN_1.jpg,none,,,,,
212195_GN,212195,Skirt TAOR Green,_GN,Green,Apparel,Skirt,Woven,Cotton,,Cotton,35.99,/232/64/212195_GN_1,212195_GN_1.jpg,none,,,,,
212226_BG,212226,Shirt MAXI MAIO Beige,_BG,Beige,Apparel,Shirt,Woven,Polyamide; Viscose,,Viscose,32.99,/232/64/212226_BG_1,212226_BG_1.jpg,none,,,,,
212226_BK,212226,Shirt MAXI MAIO Black,_BK,Black,Apparel,Shirt,Woven,Polyamide; Viscose,,Viscose,32.99,/232/64/212226_BK_1,212226_BK_1.jpg,none,,,,,
212226_KK,212226,Shirt MAXI MAIO Khaki,_KK,Khaki,Apparel,Shirt,Woven,Polyamide; Viscose,,Viscose,32.99,/232/64/212226_KK_1,212226_KK_1.jpg,none,,,,,
212226_RD,212226,Shirt MAXI MAIO Red,_RD,Red,Apparel,Shirt,Woven,Polyamide; Viscose,,Viscose,32.99,/232/64/212226_RD_1,212226_RD_1.jpg,none,,,,,
212226_WT,212226,Shirt MAXI MAIO White,_WT,White,Apparel,Shirt,Woven,Polyamide; Viscose,,Viscose,32.99,/232/64/212226_WT_1,212226_WT_1.jpg,none,,,,,
212229_BK,212229,Dress SummercapsuleJul Black,_BK,Black,Apparel,Dress,Woven,Viscose,,Viscose,19.99,/232/64/212229_BK_1,212229_BK_1.jpg,none,,,,,
212229_BM,212229,Dress SummercapsuleJul Bright Multicolor,_BM,Bright Multicolor,Apparel,Dress,Woven,Viscose,,Viscose,22.99,/232/64/212229_BM_1,212229_BM_1.jpg,none,,,,,
212229_OR,212229,Dress SummercapsuleJul Orange,_OR,Orange,Apparel,Dress,Woven,Viscose,,Viscose,19.99,/232/64/212229_OR_1,212229_OR_1.jpg,none,,,,,
212247_GY,212247,Sweater Capri Grey,_GY,Grey,Apparel,Sweater,Knit,Acrylic; Polyester; Wool,,Polyester,35.99,/232/64/212247_GY_1,212247_GY_1.jpg,none,,,,,
212355_KK,212355,Sweater ANDIE Khaki,_KK,Khaki,Apparel,Sweater,Knit,Acrylic; Elastane; Polyamide; Wool,,Polyamide,29.99,/232/64/212355_KK_1,212355_KK_1.jpg,none,,,,,
212355_PU,212355,Sweater NOTO Purple,_PU,Purple,Apparel,Sweater,Knit,Acrylic; Elastane; Polyamide; Wool,,Polyamide,29.99,/232/64/212355_PU_1,212355_PU_1.jpg,none,,,,,
212361_BM,212361,Dress ESSENTIALS T DISPLAY 1 Bright Multicolor,_BM,Bright Multicolor,Apparel,Dress,Woven,Viscose,,Viscose,29.99,/232/64/212361_BM_1,212361_BM_1.jpg,none,,,,,
212507_BM,212507,Kimono Luna Bright Multicolor,_BM,Bright Multicolor,Apparel,Kimono,Woven,Viscose,,Viscose,32.99,/232/64/212507_BM_1,212507_BM_1.jpg,none,,,,,
212523_BM,212523,Dress Luna Bright Multicolor,_BM,Bright Multicolor,Apparel,Dress,Woven,Modal,,Modal,27.99,/232/64/212523_BM_1,212523_BM_1.jpg,none,,,,,
212523_FU,212523,Dress Luna Fuchsia,_FU,Fuchsia,Apparel,Dress,Woven,Modal,,Modal,27.99,/232/64/212523_FU_1,212523_FU_1.jpg,none,,,,,
212523_PU,212523,Dress Luna Purple,_PU,Purple,Apparel,Dress,Woven,Modal,,Modal,27.99,/232/64/212523_PU_1,212523_PU_1.jpg,none,,,,,
212600_BM,212600,Kimono LAB JULHO Bright Multicolor,_BM,Bright Multicolor,Apparel,Kimono,Woven,Cotton,,Cotton,89.99,/232/64/212600_BM_1,212600_BM_1.jpg,none,,,,,
212624_BL,212624,Shirt VICHY Blue,_BL,Blue,Apparel,Shirt,Woven,Viscose; Lyocell,,Lyocell,32.99,/232/64/212624_BL_1,212624_BL_1.jpg,none,,,,,
212624_GN,212624,Shirt VICHY Green,_GN,Green,Apparel,Shirt,Woven,Viscose; Lyocell,,Lyocell,32.99,/232/64/212624_GN_1,212624_GN_1.jpg,none,,,,,
212635_YL,212635,T-shirt LOVEBOX2 Yellow,_YL,Yellow,Apparel,T-shirt,Circular,Cotton,,Cotton,22.99,/232/64/212635_YL_1,212635_YL_1.jpg,none,,,,,
212700_BK,212700,Sweater ANDIE Black,_BK,Black,Apparel,Sweater,Knit,Acrylic; Polyamide; Polyester; Wool,,Polyester,27.99,/232/64/212700_BK_1,212700_BK_1.jpg,none,,,,,
212700_FU,212700,Sweater ONLINE EXCLUSIVE Fuchsia,_FU,Fuchsia,Apparel,Sweater,Knit,Acrylic; Polyamide; Polyester; Wool,,Polyester,27.99,/232/64/212700_FU_1,212700_FU_1.jpg,none,,,,,
212700_GY,212700,Sweater ONLINE EXCLUSIVE Grey,_GY,Grey,Apparel,Sweater,Knit,Acrylic; Polyamide; Polyester; Wool,,Polyester,27.99,/232/64/212700_GY_1,212700_GY_1.jpg,none,,,,,
212700_LM,212700,Sweater ANDIE Lime,_LM,Lime,Apparel,Sweater,Knit,Polyamide; Polyester; Wool; Acrylic,,Polyester,27.99,/232/64/212700_LM_1,212700_LM_1.jpg,none,,,,,
212779_AN,212779,Trousers PRIESTLY Anthracite,_AN,Anthracite,Apparel,Trousers,Knit,Cashmere,,Cashmere,89.99,/232/64/212779_AN_1,212779_AN_1.jpg,none,,,,,
212779_GY,212779,Trousers PRIESTLY Grey,_GY,Grey,Apparel,Trousers,Knit,Cashmere,,Cashmere,89.99,/232/64/212779_GY_1,212779_GY_1.jpg,none,,,,,
212781_GY,212781,Sweater PRIESTLY Grey,_GY,Grey,Apparel,Sweater,Knit,Cashmere,,Cashmere,99.99,/232/64/212781_GY_1,212781_GY_1.jpg,none,,,,,
212781_LM,212781,Sweater PRIESTLY Lime,_LM,Lime,Apparel,Sweater,Knit,Cashmere,,Cashmere,99.99,/232/64/212781_LM_1,212781_LM_1.jpg,none,,,,,
212781_PU,212781,Sweater PRIESTLY Purple,_PU,Purple,Apparel,Sweater,Knit,Cashmere,,Cashmere,99.99,/232/64/212781_PU_1,212781_PU_1.jpg,none,,,,,
212838_GY,212838,Cardigan HOLT4 Grey,_GY,Grey,Apparel,Cardigan,Knit,Acrylic; Elastane; Wool; recycled polyester,,Acrylic,27.99,/232/64/212838_GY_1,212838_GY_1.jpg,none,,,,,
212916_BL,212916,Sweatshirt TUSCA Blue,_BL,Blue,Apparel,Sweatshirt,Circular,Cotton; Polyester,,Cotton,29.99,/232/64/212916_BL_1,212916_BL_1.jpg,none,,,,,
213260_BM,213260,Dress LAB AGOSTO Bright Multicolor,_BM,Bright Multicolor,Apparel,Dress,Woven,Cotton; Polyester; Viscose; Lyocell; Elastodieno,,Cotton,27.99,/232/64/213260_BM_1,213260_BM_1.jpg,none,,,,,
213445_GY,213445,Skirt PICASSO Grey,_GY,Grey,Apparel,Skirt,Woven,Polyester; Polyester; Viscose,,Polyester,45.99,/232/64/213445_GY_1,213445_GY_1.jpg,none,,,,,
213480_GN,213480,Trousers HOT Green,_GN,Green,Apparel,Trousers,Woven,Viscose; Lyocell,,,32.99,/241/64/213480_GN_1,213480_GN_1.jpg,none,,,,,
213614_BK,213614,Coat ESSENTIALS T DISPLAY 1 Black,_BK,Black,Apparel,Coat,Woven,Polyamide; Polyester,,Polyamide,59.99,/232/64/213614_BK_1,213614_BK_1.jpg,none,,,,,
213614_LM,213614,Coat ESSENTIALS T DISPLAY 1 Lime,_LM,Lime,Apparel,Coat,Woven,Polyamide; Polyester,,Polyamide,59.99,/232/64/213614_LM_1,213614_LM_1.jpg,none,,,,,
213645_PK,213645,Kaftan Luna Pink,_PK,Pink,Apparel,Kaftan,Woven,Cotton,,Cotton,23.99,/232/64/213645_PK_1,213645_PK_1.jpg,none,,,,,
213666_BM,213666,Kimono TORANJA Bright Multicolor,_BM,Bright Multicolor,Apparel,Kimono,Woven,Linen; Viscose (LENZING TM ECOVERO TM),,Viscose,35.99,/232/64/213666_BM_1,213666_BM_1.jpg,none,,,,,
213724_EC,213724,Coat VAN GOGH Ecru,_EC,Ecru,Apparel,Coat,Woven,Polyester,,Polyester,59.99,/232/64/213724_EC_1,213724_EC_1.jpg,none,,,,,
213724_GN,213724,Coat VAN GOGH Green,_GN,Green,Apparel,Coat,Woven,Polyester,,Polyester,59.99,/232/64/213724_GN_1,213724_GN_1.jpg,none,,,,,
213847_GY,213847,Skirt PICASSO Grey,_GY,Grey,Apparel,Skirt,Knit,Acrylic; Elastane; Polyester,,Acrylic,29.99,/232/64/213847_GY_1,213847_GY_1.jpg,none,,,,,
213928_BM,213928,Cardigan ESSENTIALS T DISPLAY 1 Bright Multicolor,_BM,Bright Multicolor,Apparel,Cardigan,Knit,Polyamide; Polyester; Viscose,,Viscose,39.99,/232/64/213928_BM_1,213928_BM_1.jpg,none,,,,,
213970_BK,213970,Cardigan LAB OUTUBRO Black,_BK,Black,Apparel,Cardigan,Knit,Alpaca; Polyamide; Polyester; Wool,,Polyester,39.99,/232/64/213970_BK_1,213970_BK_1.jpg,none,,,,,
213970_BU,213970,Cardigan Holt 3 Burgundy,_BU,Burgundy,Apparel,Cardigan,Knit,Alpaca; Polyamide; Polyester; Wool,,Polyester,39.99,/232/64/213970_BU_1,213970_BU_1.jpg,none,,,,,
213970_GN,213970,Cardigan LAB OUTUBRO Green,_GN,Green,Apparel,Cardigan,Knit,Alpaca; Polyamide; Polyester; Wool,,Polyester,39.99,/232/64/213970_GN_1,213970_GN_1.jpg,none,,,,,
213970_WT,213970,Cardigan LAB OUTUBRO White,_WT,White,Apparel,Cardigan,Knit,Alpaca; Polyamide; Polyester; Wool,,Polyester,39.99,/232/64/213970_WT_1,213970_WT_1.jpg,none,,,,,
214032_BG,214032,Sweater MIRÓ 2 Beige,_BG,Beige,Apparel,Sweater,Knit,Cotton; Mohair; Polyamide; Wool,,Polyamide,32.99,/232/64/214032_BG_1,214032_BG_1.jpg,none,,,,,
214092_BM,214092,Dress MAXI AGOSTO Bright Multicolor,_BM,Bright Multicolor,Apparel,Dress,Woven,Viscose,,Viscose,39.99,/232/64/214092_BM_1,214092_BM_1.jpg,none,,,,,
214092_KK,214092,Dress MAXI AGOSTO Khaki,_KK,Khaki,Apparel,Dress,Woven,Viscose,,Viscose,39.99,/232/64/214092_KK_1,214092_KK_1.jpg,none,,,,,
214095_BU,214095,Trousers MAXI AGOSTO Burgundy,_BU,Burgundy,Apparel,Trousers,Woven,Linen,,Linen,45.99,/232/64/214095_BU_1,214095_BU_1.jpg,none,,,,,
214095_EC,214095,Trousers MAXI AGOSTO Ecru,_EC,Ecru,Apparel,Trousers,Woven,Linen,,Linen,45.99,/232/64/214095_EC_1,214095_EC_1.jpg,none,,,,,
214095_PK,214095,Trousers MAXI AGOSTO Pink,_PK,Pink,Apparel,Trousers,Woven,Linen,,Linen,45.99,/232/64/214095_PK_1,214095_PK_1.jpg,none,,,,,
214256_BK,214256,Trousers ESSENTIALS T DISPLAY 1 Black,_BK,Black,Apparel,Trousers,Woven,Polyester; Viscose,,Viscose,29.99,/232/64/214256_BK_1,214256_BK_1.jpg,none,,,,,
214380_NV,214380,Trousers MONET Navy,_NV,Navy,Apparel,Trousers,Knit,Polyamide; Polyester; Viscose,,Viscose,32.99,/232/64/214380_NV_1,214380_NV_1.jpg,none,,,,,
214410_BK,214410,Dress LATTO Black,_BK,Black,Apparel,Dress,Woven,Polyamide; Polyester; Viscose,,Polyester,49.99,/232/64/214410_BK_1,214410_BK_1.jpg,none,,,,,
214441_AN,214441,Sweater VAN GOGH Anthracite,_AN,Anthracite,Apparel,Sweater,Knit,Polyamide; Polyester; Viscose,,Viscose,32.99,/232/64/214441_AN_1,214441_AN_1.jpg,none,,,,,
214441_BL,214441,Sweater VAN GOGH Blue,_BL,Blue,Apparel,Sweater,Knit,Viscose; Polyamide; Polyester,,Viscose,32.99,/232/64/214441_BL_1,214441_BL_1.jpg,none,,,,,
214452_GY,214452,Coat MATISSE Grey,_GY,Grey,Apparel,Coat,Woven,Wool; Acrylic; Polyamide; Polyester,,Polyester,119.99,/232/64/214452_GY_1,214452_GY_1.jpg,none,,,,,
214538_KK,214538,Sweatshirt MIRO 3 Khaki,_KK,Khaki,Apparel,Sweatshirt,Circular,Cotton; Polyester,,Polyester,27.99,/232/64/214538_KK_1,214538_KK_1.jpg,none,,,,,
214713_BM,214713,Sweatshirt CANICHE CAMPAIGN Bright Multicolor,_BM,Bright Multicolor,Apparel,Sweatshirt,Circular,Acrylic; Cotton; Polyamide; Polyester,,Polyester,32.99,/232/64/214713_BM_1,214713_BM_1.jpg,none,,,,,
214788_BG,214788,Raincoat WCN Beige,_BG,Beige,Apparel,Raincoat,Woven,Polyester; Polyester; Polyurethane,,Polyester,59.99,/232/64/214788_BG_1,214788_BG_1.jpg,none,,,,,
214788_BK,214788,Raincoat WinterCapsuleOutubro Black,_BK,Black,Apparel,Raincoat,Woven,Polyester; Polyester; Polyurethane,,Polyester,59.99,/232/64/214788_BK_1,214788_BK_1.jpg,none,,,,,
214821_BM,214821,Sweatshirt BRAT Bright Multicolor,_BM,Bright Multicolor,Apparel,Sweatshirt,Circular,Cotton; Polyester; Polyester,,Cotton,39.99,/232/64/214821_BM_1,214821_BM_1.jpg,none,,,,,
214870_BK,214870,Coat Hallo Black,_BK,Black,Apparel,Coat,Woven,Polyester; Polyurethane,,Polyurethane,99.99,/232/64/214870_BK_1,214870_BK_1.jpg,none,,,,,
214891_BL,214891,Jeans REMY 4 Blue,_BL,Blue,Apparel,Jeans,Woven,Cotton; Polyester,,Cotton,39.99,/232/64/214891_BL_1,214891_BL_1.jpg,none,,,,,
214926_BK,214926,Trousers T1 ESSENTIALS Black,_BK,Black,Apparel,Trousers,Knit,Polyamide; Polyester; Viscose,,,29.99,/241/64/214926_BK_1,214926_BK_1.jpg,none,,,,,
214926_GN,214926,Trousers Neptune Green,_GN,Green,Apparel,Trousers,Knit,Polyamide; Polyester; Viscose,,,29.99,/241/64/214926_GN_1,214926_GN_1.jpg,none,,,,,
214926_GY,214926,Trousers Neptune Grey,_GY,Grey,Apparel,Trousers,Knit,Polyamide; Polyester; Viscose,,,29.99,/241/64/214926_GY_1,214926_GY_1.jpg,none,,,,,
214926_OW,214926,Trousers Neptune Off White,_OW,Off White,Apparel,Trousers,Knit,Polyamide; Polyester; Viscose,,,29.99,/241/64/214926_OW_1,214926_OW_1.jpg,none,,,,,
214938_BL,214938,Shirt MAXI 27/09 Blue,_BL,Blue,Apparel,Shirt,Woven,Cotton,,Viscose,29.99,/232/64/214938_BL_1,214938_BL_1.jpg,none,,,,,
214938_BM,214938,Shirt MAXI 27/09 Bright Multicolor,_BM,Bright Multicolor,Apparel,Shirt,Woven,Cotton,,Viscose,29.99,/232/64/214938_BM_1,214938_BM_1.jpg,none,,,,,
214938_GY,214938,Shirt MAXI 27/09 Grey,_GY,Grey,Apparel,Shirt,Woven,Cotton,,Viscose,29.99,/232/64/214938_GY_1,214938_GY_1.jpg,none,,,,,
214938_WT,214938,Shirt MAXI 27/09 White,_WT,White,Apparel,Shirt,Woven,Cotton,,Viscose,29.99,/232/64/214938_WT_1,214938_WT_1.jpg,none,,,,,
214942_DG,214942,Coat BRAT Dark Grey,_DG,Dark Grey,Apparel,Coat,Woven,Cotton; Polyester,,Cotton,39.99,/232/64/214942_DG_1,214942_DG_1.jpg,none,,,,,
215009_GY,215009,Blazer CANICHE CAMPAIGN Grey,_GY,Grey,Apparel,Blazer,Woven,Polyester; Sheep leather,,Leather,119.99,/232/64/215009_GY_1,215009_GY_1.jpg,none,,,,,
215039_EC,215039,Shirt Maxi nov Ecru,_EC,Ecru,Apparel,Shirt,Woven,Polyester; Lyocell,,,27.99,/241/64/215039_EC_1,215039_EC_1.jpg,none,,,,,
215041_BL,215041,Dress HOT Blue,_BL,Blue,Apparel,Dress,Woven,Viscose,,,29.99,/241/64/215041_BL_1,215041_BL_1.jpg,none,,,,,
215041_PK,215041,Dress HOT Pink,_PK,Pink,Apparel,Dress,Woven,Viscose,,,29.99,/241/64/215041_PK_1,215041_PK_1.jpg,none,,,,,
215041_YL,215041,Dress Hot Yellow,_YL,Yellow,Apparel,Dress,Woven,Viscose,,,29.99,/241/64/215041_YL_1,215041_YL_1.jpg,none,,,,,
215065_DG,215065,Skirt HOLT4 Dark Grey,_DG,Dark Grey,Apparel,Skirt,Woven,Cotton; Elastane,,Cotton,32.99,/232/64/215065_DG_1,215065_DG_1.jpg,none,,,,,
215097_BM,215097,Shirt JO Bright Multicolor,_BM,Bright Multicolor,Apparel,Shirt,Woven,Polyamide; Lyocell,,,27.99,/241/64/215097_BM_1,215097_BM_1.jpg,none,,,,,
215097_DM,215097,Shirt JO Dark Multicolor,_DM,Dark Multicolor,Apparel,Shirt,Woven,Polyamide; Lyocell,,,27.99,/241/64/215097_DM_1,215097_DM_1.jpg,none,,,,,
215196_BK,215196,Dress LATTO Black,_BK,Black,Apparel,Dress,Woven,Polyester; Polyester,,Polyester,49.99,/232/64/215196_BK_1,215196_BK_1.jpg,none,,,,,
215357_OR,215357,Cardigan WinterCapsuleOutubro Orange,_OR,Orange,Apparel,Cardigan,Knit,Acrylic; Polyamide; Polyester,,Polyamide,49.99,/232/64/215357_OR_1,215357_OR_1.jpg,none,,,,,
215435_BG,215435,Sweater REMY 4 Beige,_BG,Beige,Apparel,Sweater,Knit,Acrylic; Polyester; Wool,,Polyester,39.99,/232/64/215435_BG_1,215435_BG_1.jpg,none,,,,,
215522_GN,215522,Sweater SATURN 1 Green,_GN,Green,Apparel,Sweater,Knit,Acrylic; Polyamide; Wool; recycled polyester,,,29.99,/241/64/215522_GN_1,215522_GN_1.jpg,none,,,,,
215522_LL,215522,Sweater MERCURY Lilac,_LL,Lilac,Apparel,Sweater,Knit,Acrylic; Polyamide; Wool; recycled polyester,,,29.99,/241/64/215522_LL_1,215522_LL_1.jpg,none,,,,,
215522_PU,215522,Sweater WCN Purple,_PU,Purple,Apparel,Sweater,Knit,Acrylic; Polyamide; Wool; recycled polyester,,Acrylic,29.99,/232/64/215522_PU_1,215522_PU_1.jpg,none,,,,,
215630_BK,215630,Cardigan ESSENTIALS T DISPLAY 1 Black,_BK,Black,Apparel,Cardigan,Knit,Acrylic; Cotton; Polyester,,Acrylic,39.99,/241/64/215630_BK_1,215630_BK_1.jpg,none,,,,,
215631_GN,215631,T-shirt T1 ESSENTIALS Green,_GN,Green,Apparel,T-shirt,Circular,Elastane; Polyester; Viscose,,,23.99,/241/64/215631_GN_1,215631_GN_1.jpg,none,,,,,
215631_LL,215631,T-shirt ESSENTIALS T DISPLAY 1 Lilac,_LL,Lilac,Apparel,T-shirt,Circular,Elastane; Polyester; Viscose,,Viscose,23.99,/241/64/215631_LL_1,215631_LL_1.jpg,none,,,,,
215834_BN,215834,Sweater SATURN 3 Brown,_BN,Brown,Apparel,Sweater,Knit,Acrylic; Mohair; Polyamide; Wool,,,35.99,/241/64/215834_BN_1,215834_BN_1.jpg,none,,,,,
215979_PU,215979,Top CANICHE CAMPAIGN Purple,_PU,Purple,Apparel,Top,Woven,Cotton; Polyester,,Polyester,19.99,/232/64/215979_PU_1,215979_PU_1.jpg,none,,,,,
216055_BG,216055,Jeans SATURN 1 Beige,_BG,Beige,Apparel,Jeans,Woven,Cotton,,,35.99,/241/64/216055_BG_1,216055_BG_1.jpg,none,,,,,
216196_BM,216196,Coat CANICHE CAMPAIGN Bright Multicolor,_BM,Bright Multicolor,Apparel,Coat,Woven,Cotton; Polyamide; Polyester,,Cotton,59.99,/232/64/216196_BM_1,216196_BM_1.jpg,none,,,,,
216277_BG,216277,Shirt AMI Beige,_BG,Beige,Apparel,Shirt,Woven,Polyamide; Lyocell,,,27.99,/241/64/216277_BG_1,216277_BG_1.jpg,none,,,,,
216277_BL,216277,Shirt AMI Blue,_BL,Blue,Apparel,Shirt,Woven,Polyamide; Lyocell,,,27.99,/241/64/216277_BL_1,216277_BL_1.jpg,none,,,,,
216342_PU,216342,Coat meg Purple,_PU,Purple,Apparel,Coat,Woven,Polyester; Polyester,,Polyester,59.99,/241/64/216342_PU_1,216342_PU_1.jpg,none,,,,,
216377_GY,216377,Sweater WINTERJA Grey,_GY,Grey,Apparel,Sweater,Knit,Acrylic; Elastane; Polyamide; recycled polyester,,,32.99,/241/64/216377_GY_1,216377_GY_1.jpg,none,,,,,
216400_BM,216400,Trousers LAB OUTUBRO Bright Multicolor,_BM,Bright Multicolor,Apparel,Trousers,Woven,Cotton,,Cotton,42.99,/232/64/216400_BM_1,216400_BM_1.jpg,none,,,,,
216413_BG,216413,Sweater WCN Beige,_BG,Beige,Apparel,Sweater,Knit,Acrylic; Elastane; Polyamide; Wool,,Acrylic,29.99,/232/64/216413_BG_1,216413_BG_1.jpg,none,,,,,
216420_GY,216420,Trousers WINTERJA Grey,_GY,Grey,Apparel,Trousers,Knit,Polyamide; Polyester; Viscose,,,35.99,/241/64/216420_GY_1,216420_GY_1.jpg,none,,,,,
216451_BM,216451,Shirt meg Bright Multicolor,_BM,Bright Multicolor,Apparel,Shirt,Woven,Modal; Polyester,,,32.99,/241/64/216451_BM_1,216451_BM_1.jpg,none,,,,,
216466_BM,216466,Sweater meg Bright Multicolor,_BM,Bright Multicolor,Apparel,Sweater,Knit,Polyester; Wool; Acrylic; Alpaca; Elastane,,,35.99,/241/64/216466_BM_1,216466_BM_1.jpg,none,,,,,
216527_BK,216527,Top PartycapsuleNovembro Black,_BK,Black,Apparel,Top,Woven,Elastane; Polyester,,Polyester,29.99,/232/64/216527_BK_1,216527_BK_1.jpg,none,,,,,
216527_GN,216527,Top Maxi nov Green,_GN,Green,Apparel,Top,Woven,Elastane; Polyester,,,29.99,/241/64/216527_GN_1,216527_GN_1.jpg,none,,,,,
216527_YL,216527,Top Maxi nov Yellow,_YL,Yellow,Apparel,Top,Woven,Elastane; Polyester,,,29.99,/241/64/216527_YL_1,216527_YL_1.jpg,none,,,,,
216603_BM,216603,Trousers LAURIE Bright Multicolor,_BM,Bright Multicolor,Apparel,Trousers,Woven,Modal; Polyester,,,32.99,/241/64/216603_BM_1,216603_BM_1.jpg,none,,,,,
216743_BK,216743,Blazer Halloween capsula Black,_BK,Black,Apparel,Blazer,Woven,Polyester; Polyester,,Polyester,59.99,/232/64/216743_BK_1,216743_BK_1.jpg,none,,,,,
216743_RD,216743,Blazer Halloween capsula Red,_RD,Red,Apparel,Blazer,Woven,Polyester; Polyester,,Polyester,59.99,/232/64/216743_RD_1,216743_RD_1.jpg,none,,,,,
216786_FU,216786,Cardigan LAURIE Fuchsia,_FU,Fuchsia,Apparel,Cardigan,Knit,Polyamide,,,42.99,/241/64/216786_FU_1,216786_FU_1.jpg,none,,,,,
216806_GN,216806,Trousers Jo Green,_GN,Green,Apparel,Trousers,Woven,Viscose,,,32.99,/241/64/216806_GN_1,216806_GN_1.jpg,none,,,,,
216853_WT,216853,Top SALVADOR 3 White,_WT,White,Apparel,Top,Woven,Cotton,,,39.99,/241/64/216853_WT_1,216853_WT_1.jpg,none,,,,,
216960_BM,216960,Shirt VAN GOGH Bright Multicolor,_BM,Bright Multicolor,Apparel,Shirt,Woven,Viscose,,Viscose,25.99,/232/64/216960_BM_1,216960_BM_1.jpg,none,,,,,
217007_BK,217007,Sweater PLUS CLOSET DEZ Black,_BK,Black,Apparel,Sweater,Knit,Acrylic; Polyamide; Polyester; Wool,,,32.99,/241/64/217007_BK_1,217007_BK_1.jpg,none,,,,,
217007_BL,217007,Sweater PLUS CLOSET DEZ Blue,_BL,Blue,Apparel,Sweater,Knit,Acrylic; Polyamide; Polyester; Wool,,,32.99,/241/64/217007_BL_1,217007_BL_1.jpg,none,,,,,
217007_GY,217007,Sweater PLUS CLOSET DEZ Grey,_GY,Grey,Apparel,Sweater,Knit,Acrylic; Polyamide; Polyester; Wool,,,32.99,/241/64/217007_GY_1,217007_GY_1.jpg,none,,,,,
217007_KK,217007,Sweater PLUS CLOSET DEZ Khaki,_KK,Khaki,Apparel,Sweater,Knit,Acrylic; Polyamide; Polyester; Wool,,,32.99,/241/64/217007_KK_1,217007_KK_1.jpg,none,,,,,
217044_PK,217044,Trousers meg Pink,_PK,Pink,Apparel,Trousers,Knit,Acrylic; Polyamide; Polyester,,,32.99,/241/64/217044_PK_1,217044_PK_1.jpg,none,,,,,
217230_BG,217230,Shirt SUMMERCAP Beige,_BG,Beige,Apparel,Shirt,Woven,Modal; Polyester,,,32.99,/241/64/217230_BG_1,217230_BG_1.jpg,none,,,,,
217230_GY,217230,Shirt RIO Grey,_GY,Grey,Apparel,Shirt,Woven,Modal; Polyester,,,32.99,/241/64/217230_GY_1,217230_GY_1.jpg,none,,,,,
217230_OR,217230,Shirt RIO Orange,_OR,Orange,Apparel,Shirt,Woven,Modal; Polyester,,,32.99,/241/64/217230_OR_1,217230_OR_1.jpg,none,,,,,
217303_GN,217303,Sweater Jo Green,_GN,Green,Apparel,Sweater,Knit,Cotton,,,29.99,/241/64/217303_GN_1,217303_GN_1.jpg,none,,,,,
217303_LL,217303,Sweater Jo Lilac,_LL,Lilac,Apparel,Sweater,Knit,Cotton,,,29.99,/241/64/217303_LL_1,217303_LL_1.jpg,none,,,,,
217346_BR,217346,Trousers SALVADOR Brick Red,_BR,Brick Red,Apparel,Trousers,Woven,Lyocell,,,29.99,/241/64/217346_BR_1,217346_BR_1.jpg,none,,,,,
217616_BM,217616,Shirt JO Bright Multicolor,_BM,Bright Multicolor,Apparel,Shirt,Woven,Modal; Polyester,,,32.99,/241/64/217616_BM_1,217616_BM_1.jpg,none,,,,,
217825_BM,217825,Skirt CALM 1 Bright Multicolor,_BM,Bright Multicolor,Apparel,Skirt,Woven,Viscose,,,32.99,/241/64/217825_BM_1,217825_BM_1.jpg,none,,,,,
217919_BM,217919,Shirt CALM 2 Bright Multicolor,_BM,Bright Multicolor,Apparel,Shirt,Woven,Viscose,,,29.99,/241/64/217919_BM_1,217919_BM_1.jpg,none,,,,,
217967_RD,217967,T-shirt CALM 1 Red,_RD,Red,Apparel,T-shirt,Circular,Cotton,,Cotton,15.99,/241/64/217967_RD_1,217967_RD_1.jpg,none,,,,,
218001_BM,218001,Shirt SALVADOR Bright Multicolor,_BM,Bright Multicolor,Apparel,Shirt,Woven,Polyamide; Lyocell,,,27.99,/241/64/218001_BM_1,218001_BM_1.jpg,none,,,,,
218032_BL,218032,Shirt LAPA Blue,_BL,Blue,Apparel,Shirt,Woven,Ramie; Lyocell,,,27.99,/241/64/218032_BL_1,218032_BL_1.jpg,none,,,,,
218032_FU,218032,Shirt LAPA Fuchsia,_FU,Fuchsia,Apparel,Shirt,Woven,Lyocell; Ramie,,,27.99,/241/64/218032_FU_1,218032_FU_1.jpg,none,,,,,
218034_BM,218034,Dress LAPA Bright Multicolor,_BM,Bright Multicolor,Apparel,Dress,Woven,Viscose,,,32.99,/241/64/218034_BM_1,218034_BM_1.jpg,none,,,,,
218090_BM,218090,Sweatshirt CALM 2 Bright Multicolor,_BM,Bright Multicolor,Apparel,Sweatshirt,Circular,Cotton,,,29.99,/241/64/218090_BM_1,218090_BM_1.jpg,none,,,,,
218261_BU,218261,Trousers T1 ESSENTIALS Burgundy,_BU,Burgundy,Apparel,Trousers,Knit,Polyamide; Polyester; Viscose,,,32.99,/241/64/218261_BU_1,218261_BU_1.jpg,none,,,,,
218261_GN,218261,Trousers RR Green,_GN,Green,Apparel,Trousers,Knit,Viscose; Polyester; Polyamide,,Viscose,32.99,/242/64/218261_GN_1,218261_GN_1.jpg,none,,,,,
218261_GY,218261,Trousers RR Grey,_GY,Grey,Apparel,Trousers,Knit,Viscose; Polyamide; Polyester,,Viscose,32.99,/242/64/218261_GY_1,218261_GY_1.jpg,none,,,,,
218288_BM,218288,Cardigan DELULU Bright Multicolor,_BM,Bright Multicolor,Apparel,Cardigan,Knit,Polyamide; Viscose,,,35.99,/241/64/218288_BM_1,218288_BM_1.jpg,none,,,,,
218460_EC,218460,Top T1 ESSENTIALS Ecru,_EC,Ecru,Apparel,Top,Woven,Lyocell,,,19.99,/241/64/218460_EC_1,218460_EC_1.jpg,none,,,,,
218460_KK,218460,Top T1 ESSENTIALS Khaki,_KK,Khaki,Apparel,Top,Woven,Lyocell,,Lyocell,19.99,/241/64/218460_KK_1,218460_KK_1.jpg,none,,,,,
218515_BM,218515,Dress MINAS Bright Multicolor,_BM,Bright Multicolor,Apparel,Dress,Woven,Viscose,,,29.99,/241/64/218515_BM_1,218515_BM_1.jpg,none,,,,,
218609_RD,218609,Top CUPID Red,_RD,Red,Apparel,Top,Woven,Cotton,,,23.99,/241/64/218609_RD_1,218609_RD_1.jpg,none,,,,,
218658_BM,218658,Sweatshirt RIO Bright Multicolor,_BM,Bright Multicolor,Apparel,Sweatshirt,Circular,Cotton; Polyester,,,32.99,/241/64/218658_BM_1,218658_BM_1.jpg,none,,,,,
218664_BU,218664,Dress PLUS Burgundy,_BU,Burgundy,Apparel,Dress,Circular,Cotton; Elastane,,Cotton,25.99,/241/64/218664_BU_1,218664_BU_1.jpg,none,,,,,
218664_KK,218664,Dress PLUS Khaki,_KK,Khaki,Apparel,Dress,Circular,Cotton; Elastane,,Cotton,25.99,/241/64/218664_KK_1,218664_KK_1.jpg,none,,,,,
218706_DM,218706,Raincoat PLUS Dark Multicolor,_DM,Dark Multicolor,Apparel,Raincoat,Woven,Polyester,,Polyester,49.99,/241/64/218706_DM_1,218706_DM_1.jpg,none,,,,,
218775_GN,218775,Trousers RECIFE Green,_GN,Green,Apparel,Trousers,Knit,Polyamide; Viscose,,Viscose,29.99,/241/64/218775_GN_1,218775_GN_1.jpg,none,,,,,
218775_NV,218775,Trousers T1 ESSENTIALS Navy,_NV,Navy,Apparel,Trousers,Knit,Polyamide; Viscose,,Viscose,29.99,/241/64/218775_NV_1,218775_NV_1.jpg,none,,,,,
218775_WT,218775,Trousers T1 ESSENTIALS White,_WT,White,Apparel,Trousers,Knit,Polyamide; Viscose,,,29.99,/242/64/218775_WT_1,218775_WT_1.jpg,none,,,,,
218794_BG,218794,Cardigan MINAS Beige,_BG,Beige,Apparel,Cardigan,Knit,Cotton; Polyamide,,,32.99,/241/64/218794_BG_1,218794_BG_1.jpg,none,,,,,
218847_BM,218847,Dress KIW Bright Multicolor,_BM,Bright Multicolor,Apparel,Dress,Woven,Cotton; Viscose,,,32.99,/241/64/218847_BM_1,218847_BM_1.jpg,none,,,,,
218890_BG,218890,Trousers SALVAD Beige,_BG,Beige,Apparel,Trousers,Knit,Polyamide; Polyester; Viscose,,Viscose,32.99,/241/64/218890_BG_1,218890_BG_1.jpg,none,,,,,
218890_BL,218890,Trousers SALVAD Blue,_BL,Blue,Apparel,Trousers,Knit,Polyamide; Polyester; Viscose,,Viscose,32.99,/241/64/218890_BL_1,218890_BL_1.jpg,none,,,,,
218964_BM,218964,Dress SUMERABRIL Bright Multicolor,_BM,Bright Multicolor,Apparel,Dress,Woven,Viscose,,,35.99,/241/64/218964_BM_1,218964_BM_1.jpg,none,,,,,
219040_BL,219040,Jeans MAXI Blue,_BL,Blue,Apparel,Jeans,Woven,Cotton; Elastane,,Cotton,39.99,/241/64/219040_BL_1,219040_BL_1.jpg,none,,,,,
219040_GD,219040,Jeans BETS Gold,_GD,Gold,Apparel,Jeans,Woven,Cotton; Elastane,,,39.99,/241/64/219040_GD_1,219040_GD_1.jpg,none,,,,,
219040_YL,219040,Jeans MAXI Yellow,_YL,Yellow,Apparel,Jeans,Woven,Cotton; Elastane,,Cotton,39.99,/241/64/219040_YL_1,219040_YL_1.jpg,none,,,,,
219124_BM,219124,Dress LAPA Bright Multicolor,_BM,Bright Multicolor,Apparel,Dress,Woven,Viscose,,,32.99,/241/64/219124_BM_1,219124_BM_1.jpg,none,,,,,
219182_BM,219182,Dress SUMMERCAP Bright Multicolor,_BM,Bright Multicolor,Apparel,Dress,Woven,Cotton,,,35.99,/241/64/219182_BM_1,219182_BM_1.jpg,none,,,,,
219220_RD,219220,Coat MADEIRA Red,_RD,Red,Apparel,Coat,Woven,Cotton,,,49.99,/241/64/219220_RD_1,219220_RD_1.jpg,none,,,,,
219335_BM,219335,Kaftan PAPAYA Bright Multicolor,_BM,Bright Multicolor,Apparel,Kaftan,Woven,Cotton,,Cotton,23.99,/242/64/219335_BM_1,219335_BM_1.jpg,none,,,,,
219335_DM,219335,Kaftan T1 ESSENTIALS Dark Multicolor,_DM,Dark Multicolor,Apparel,Kaftan,Woven,Cotton,,Cotton,23.99,/242/64/219335_DM_1,219335_DM_1.jpg,none,,,,,
219345_RD,219345,Sweater MADEIRA Red,_RD,Red,Apparel,Sweater,Knit,Cotton,,,32.99,/241/64/219345_RD_1,219345_RD_1.jpg,none,,,,,
219438_KK,219438,Coat SUMMERCAP Khaki,_KK,Khaki,Apparel,Coat,Woven,Cotton,,,42.99,/241/64/219438_KK_1,219438_KK_1.jpg,none,,,,,
219469_BM,219469,Shirt LAPA 3 Bright Multicolor,_BM,Bright Multicolor,Apparel,Shirt,Woven,Linen,,,39.99,/241/64/219469_BM_1,219469_BM_1.jpg,none,,,,,
219513_EC,219513,Shirt CLOSETS Ecru,_EC,Ecru,Apparel,Shirt,Woven,Cotton,,,35.99,/241/64/219513_EC_1,219513_EC_1.jpg,none,,,,,
219513_GY,219513,Shirt CLOSETS Grey,_GY,Grey,Apparel,Shirt,Woven,Cotton,,,35.99,/241/64/219513_GY_1,219513_GY_1.jpg,none,,,,,
219523_BM,219523,Shirt PAPAYA 3 Bright Multicolor,_BM,Bright Multicolor,Apparel,Shirt,Woven,Cotton,,,27.99,/241/64/219523_BM_1,219523_BM_1.jpg,none,,,,,
219662_BG,219662,Trousers MARQUES Beige,_BG,Beige,Apparel,Trousers,Circular,Cotton,,,29.99,/241/64/219662_BG_1,219662_BG_1.jpg,none,,,,,
219710_BM,219710,Dress luci Bright Multicolor,_BM,Bright Multicolor,Apparel,Dress,Woven,Viscose,,,29.99,/242/64/219710_BM_1,219710_BM_1.jpg,none,,,,,
219723_BL,219723,Trousers KIW Blue,_BL,Blue,Apparel,Trousers,Woven,Linen; Polyester; Lyocell,,,39.99,/242/64/219723_BL_1,219723_BL_1.jpg,none,,,,,
219723_WT,219723,Trousers KIW White,_WT,White,Apparel,Trousers,Woven,Linen; Polyester; Lyocell,,,39.99,/242/64/219723_WT_1,219723_WT_1.jpg,none,,,,,
219744_WT,219744,Shirt KIW White,_WT,White,Apparel,Shirt,Woven,Cotton,,,29.99,/241/64/219744_WT_1,219744_WT_1.jpg,none,,,,,
219882_EC,219882,Vest MADEIRA Ecru,_EC,Ecru,Apparel,Vest,Woven,Cotton,,Cotton,49.99,/241/64/219882_EC_1,219882_EC_1.jpg,none,,,,,
219899_BM,219899,Dress SAO P Bright Multicolor,_BM,Bright Multicolor,Apparel,Dress,Woven,Polyester,,Polyester,45.99,/241/64/219899_BM_1,219899_BM_1.jpg,none,,,,,
219967_BL,219967,Dress BETS Blue,_BL,Blue,Apparel,Dress,Woven,Cotton; Linen,,,29.99,/242/64/219967_BL_1,219967_BL_1.jpg,none,,,,,
219967_EC,219967,Dress NH Ecru,_EC,Ecru,Apparel,Dress,Woven,Cotton; Linen,,,29.99,/242/64/219967_EC_1,219967_EC_1.jpg,none,,,,,
219967_KK,219967,Dress NH Khaki,_KK,Khaki,Apparel,Dress,Woven,Cotton; Linen,,,29.99,/242/64/219967_KK_1,219967_KK_1.jpg,none,,,,,
219967_YL,219967,Dress NH Yellow,_YL,Yellow,Apparel,Dress,Woven,Cotton; Linen,,,29.99,/242/64/219967_YL_1,219967_YL_1.jpg,none,,,,,
219999_GY,219999,Dress MORANGO Grey,_GY,Grey,Apparel,Dress,Woven,Viscose,,,35.99,/241/64/219999_GY_1,219999_GY_1.jpg,none,,,,,
220001_GN,220001,Trousers PLUS Green,_GN,Green,Apparel,Trousers,Woven,Modal; Polyester,,,29.99,/241/64/220001_GN_1,220001_GN_1.jpg,none,,,,,
220001_LL,220001,Trousers CLOSETS Lilac,_LL,Lilac,Apparel,Trousers,Woven,Modal; Polyester,,,29.99,/241/64/220001_LL_1,220001_LL_1.jpg,none,,,,,
220001_YL,220001,Trousers CLOSETS Yellow,_YL,Yellow,Apparel,Trousers,Woven,Modal; Polyester,,,29.99,/241/64/220001_YL_1,220001_YL_1.jpg,none,,,,,
220344_KK,220344,Shorts LAPA 4 Khaki,_KK,Khaki,Apparel,Shorts,Woven,Cotton,,,39.99,/241/64/220344_KK_1,220344_KK_1.jpg,none,,,,,
220413_BM,220413,Dress T1 ESSENTIALS Bright Multicolor,_BM,Bright Multicolor,Apparel,Dress,Woven,Cotton,,Cotton,25.99,/241/64/220413_BM_1,220413_BM_1.jpg,none,,,,,
220506_BL,220506,Shirt BANANA Blue,_BL,Blue,Apparel,Shirt,Woven,Cotton,,Cotton,23.99,/241/64/220506_BL_1,220506_BL_1.jpg,none,,,,,
220511_WT,220511,Dress P4JUN White,_WT,White,Apparel,Dress,Woven,Viscose,,,32.99,/242/64/220511_WT_1,220511_WT_1.jpg,none,,,,,
220511_YL,220511,Dress P4JUN Yellow,_YL,Yellow,Apparel,Dress,Woven,Viscose,,,32.99,/242/64/220511_YL_1,220511_YL_1.jpg,none,,,,,
220589_BM,220589,Dress KIW Bright Multicolor,_BM,Bright Multicolor,Apparel,Dress,Woven,Viscose,,,29.99,/241/64/220589_BM_1,220589_BM_1.jpg,none,,,,,
220590_BL,220590,T-shirt T1 ESSENTIALS Blue,_BL,Blue,Apparel,T-shirt,Circular,Cotton,,Cotton,12.99,/241/64/220590_BL_1,220590_BL_1.jpg,none,,,,,
220590_FU,220590,T-shirt T1 ESSENTIALS Fuchsia,_FU,Fuchsia,Apparel,T-shirt,Circular,Cotton,,Cotton,12.99,/241/64/220590_FU_1,220590_FU_1.jpg,none,,,,,
220590_GY,220590,T-shirt T1 ESSENTIALS Grey,_GY,Grey,Apparel,T-shirt,Circular,Cotton,,Cotton,12.99,/241/64/220590_GY_1,220590_GY_1.jpg,none,,,,,
220590_WT,220590,T-shirt T1 ESSENTIALS White,_WT,White,Apparel,T-shirt,Circular,Cotton,,Cotton,12.99,/241/64/220590_WT_1,220590_WT_1.jpg,none,,,,,
220681_BM,220681,Dress SUMMERCAP Bright Multicolor,_BM,Bright Multicolor,Apparel,Dress,Circular,Cotton,,,32.99,/241/64/220681_BM_1,220681_BM_1.jpg,none,,,,,
220758_BM,220758,Sweater PLUS Bright Multicolor,_BM,Bright Multicolor,Apparel,Sweater,Knit,Polyamide; Viscose,,,32.99,/241/64/220758_BM_1,220758_BM_1.jpg,none,,,,,
220935_BM,220935,Shirt C1 Bright Multicolor,_BM,Bright Multicolor,Apparel,Shirt,Woven,Cotton,,Cotton,23.99,/242/64/220935_BM_1,220935_BM_1.jpg,none,,,,,
220966_BM,220966,Dress NO Bright Multicolor,_BM,Bright Multicolor,Apparel,Dress,Woven,Viscose,,,35.99,/241/64/220966_BM_1,220966_BM_1.jpg,none,,,,,
221008_BK,221008,Trousers EXCLUSIVE Black,_BK,Black,Apparel,Trousers,Knit,Viscose; Cotton,,,32.99,/241/64/221008_BK_1,221008_BK_1.jpg,none,,,,,
221008_EC,221008,Trousers ESTRELA Ecru,_EC,Ecru,Apparel,Trousers,Knit,Cotton; Viscose,,,32.99,/241/64/221008_EC_1,221008_EC_1.jpg,none,,,,,
221013_BM,221013,Dress CHIADO Bright Multicolor,_BM,Bright Multicolor,Apparel,Dress,Woven,Cotton,,,29.99,/241/64/221013_BM_1,221013_BM_1.jpg,none,,,,,
221224_BG,221224,Trousers SALVADOR Beige,_BG,Beige,Apparel,Trousers,Circular,Cotton; Elastane,,,29.99,/241/64/221224_BG_1,221224_BG_1.jpg,none,,,,,
221340_BM,221340,Shirt CHIADO Bright Multicolor,_BM,Bright Multicolor,Apparel,Shirt,Woven,Polyamide; Lyocell,,,27.99,/241/64/221340_BM_1,221340_BM_1.jpg,none,,,,,
221400_BG,221400,Kimono SEJ Beige,_BG,Beige,Apparel,Kimono,Woven,Cotton,,,29.99,/242/64/221400_BG_1,221400_BG_1.jpg,none,,,,,
221400_EC,221400,Kimono SEJ Ecru,_EC,Ecru,Apparel,Kimono,Woven,Cotton,,,29.99,/242/64/221400_EC_1,221400_EC_1.jpg,none,,,,,
221475_BM,221475,Dress AL Bright Multicolor,_BM,Bright Multicolor,Apparel,Dress,Woven,Viscose,,,32.99,/242/64/221475_BM_1,221475_BM_1.jpg,none,,,,,
221635_BM,221635,Trousers GI Bright Multicolor,_BM,Bright Multicolor,Apparel,Trousers,Woven,Viscose,,,29.99,/242/64/221635_BM_1,221635_BM_1.jpg,none,,,,,
221681_BK,221681,Dress BETS Black,_BK,Black,Apparel,Dress,Woven,Polyester; Viscose,,,29.99,/242/64/221681_BK_1,221681_BK_1.jpg,none,,,,,
221681_EC,221681,Dress C7 Ecru,_EC,Ecru,Apparel,Dress,Woven,Polyester; Viscose,,,29.99,/242/64/221681_EC_1,221681_EC_1.jpg,none,,,,,
221681_RD,221681,Dress C7 Red,_RD,Red,Apparel,Dress,Woven,Polyester; Viscose,,,29.99,/242/64/221681_RD_1,221681_RD_1.jpg,none,,,,,
221744_BL,221744,Dress BANANA Blue,_BL,Blue,Apparel,Dress,Woven,Cotton; Elastane,,Cotton,29.99,/241/64/221744_BL_1,221744_BL_1.jpg,none,,,,,
221746_BK,221746,Dress T1 ESSENTIALS Black,_BK,Black,Apparel,Dress,Circular,Polyamide; Viscose,,Viscose,23.99,/242/64/221746_BK_1,221746_BK_1.jpg,none,,,,,
221746_CA,221746,Dress BETS Camel,_CA,Camel,Apparel,Dress,Circular,Polyamide; Viscose,,Viscose,23.99,/242/64/221746_CA_1,221746_CA_1.jpg,none,,,,,
221746_FU,221746,Dress BETS Fuchsia,_FU,Fuchsia,Apparel,Dress,Circular,Viscose; Polyamide,,Viscose,23.99,/242/64/221746_FU_1,221746_FU_1.jpg,none,,,,,
221746_KK,221746,Dress T1 ESSENTIALS Khaki,_KK,Khaki,Apparel,Dress,Circular,Polyamide; Viscose,,Viscose,23.99,/242/64/221746_KK_1,221746_KK_1.jpg,none,,,,,
221746_LM,221746,Dress T1 ESSENTIALS Lime,_LM,Lime,Apparel,Dress,Circular,Polyamide; Viscose,,Viscose,23.99,/242/64/221746_LM_1,221746_LM_1.jpg,none,,,,,
221791_BU,221791,Trousers CM Burgundy,_BU,Burgundy,Apparel,Trousers,Woven,Cotton; Linen; Cotton; Polyester,,Linen,35.99,/242/64/221791_BU_1,221791_BU_1.jpg,none,,,,,
221841_BL,221841,Dress PAPAYA Blue,_BL,Blue,Apparel,Dress,Woven,Cotton; Cotton,,,27.99,/242/64/221841_BL_1,221841_BL_1.jpg,none,,,,,
221841_KK,221841,Dress PAPAYA Khaki,_KK,Khaki,Apparel,Dress,Woven,Cotton; Cotton,,,27.99,/242/64/221841_KK_1,221841_KK_1.jpg,none,,,,,
221875_BM,221875,Shirt T1 ESSENTIALS Bright Multicolor,_BM,Bright Multicolor,Apparel,Shirt,Woven,Cotton,,Cotton,23.99,/242/64/221875_BM_1,221875_BM_1.jpg,none,,,,,
221912_PK,221912,Shirt LAGO Pink,_PK,Pink,Apparel,Shirt,Woven,Lyocell,,Lyocell,25.99,/242/64/221912_PK_1,221912_PK_1.jpg,none,,,,,
222035_BU,222035,Trousers JJ Burgundy,_BU,Burgundy,Apparel,Trousers,Woven,Viscose,,,29.99,/242/64/222035_BU_1,222035_BU_1.jpg,none,,,,,
222035_GN,222035,Trousers JJ Green,_GN,Green,Apparel,Trousers,Woven,Viscose,,,29.99,/242/64/222035_GN_1,222035_GN_1.jpg,none,,,,,
222104_WT,222104,Top 55 White,_WT,White,Apparel,Top,Woven,Viscose,,,39.99,/241/64/222104_WT_1,222104_WT_1.jpg,none,,,,,
222230_BL,222230,Dress UVA Blue,_BL,Blue,Apparel,Dress,Woven,Cotton; Cotton,,,39.99,/241/64/222230_BL_1,222230_BL_1.jpg,none,,,,,
222256_BM,222256,Jumpsuit C4 Bright Multicolor,_BM,Bright Multicolor,Apparel,Jumpsuit,Woven,Viscose,,,35.99,/242/64/222256_BM_1,222256_BM_1.jpg,none,,,,,
222320_BK,222320,Kimono tigr Black,_BK,Black,Apparel,Kimono,Knit,Polyester; Viscose; Polyamide,,Polyester,59.99,/241/64/222320_BK_1,222320_BK_1.jpg,none,,,,,
222342_BK,222342,Jumpsuit NH Black,_BK,Black,Apparel,Jumpsuit,Circular,Elastane; Polyester,,Polyester,23.99,/242/64/222342_BK_1,222342_BK_1.jpg,none,,,,,
222342_GN,222342,Jumpsuit NH Green,_GN,Green,Apparel,Jumpsuit,Circular,Elastane; Polyester,,Polyester,23.99,/242/64/222342_GN_1,222342_GN_1.jpg,none,,,,,
222342_NM,222342,Jumpsuit NH Neutral Multicolor,_NM,Neutral Multicolor,Apparel,Jumpsuit,Circular,Elastane; Polyester,,Polyester,23.99,/242/64/222342_NM_1,222342_NM_1.jpg,none,,,,,
222374_BM,222374,Vest MARQUES Bright Multicolor,_BM,Bright Multicolor,Apparel,Vest,Woven,Cotton; Linen; Viscose,,,29.99,/241/64/222374_BM_1,222374_BM_1.jpg,none,,,,,
222392_BN,222392,Sweater C7 Brown,_BN,Brown,Apparel,Sweater,Knit,Polyester,,Polyester,23.99,/242/64/222392_BN_1,222392_BN_1.jpg,none,,,,,
222392_EC,222392,Sweater C7 Ecru,_EC,Ecru,Apparel,Sweater,Knit,Polyester,,Polyester,23.99,/242/64/222392_EC_1,222392_EC_1.jpg,none,,,,,
222432_BM,222432,Sweater luci Bright Multicolor,_BM,Bright Multicolor,Apparel,Sweater,Knit,Cotton,,,35.99,/242/64/222432_BM_1,222432_BM_1.jpg,none,,,,,
222478_BG,222478,Shorts C2 Beige,_BG,Beige,Apparel,Shorts,Woven,Polyamide; Viscose; Lyocell,,,27.99,/242/64/222478_BG_1,222478_BG_1.jpg,none,,,,,
222530_DM,222530,Shirt 66 Dark Multicolor,_DM,Dark Multicolor,Apparel,Shirt,Woven,Cotton,,Cotton,23.99,/242/64/222530_DM_1,222530_DM_1.jpg,none,,,,,
222563_BG,222563,T-shirt T1 ESSENTIALS Beige,_BG,Beige,Apparel,T-shirt,Circular,Polyester; Modal,,Cotton,12.99,/242/64/222563_BG_1,222563_BG_1.jpg,none,,,,,
222563_GY,222563,T-shirt T1 ESSENTIALS Grey,_GY,Grey,Apparel,T-shirt,Circular,Modal; Polyester,,Cotton,12.99,/241/64/222563_GY_1,222563_GY_1.jpg,none,,,,,
222563_KK,222563,T-shirt T1 ESSENTIALS Khaki,_KK,Khaki,Apparel,T-shirt,Circular,Modal; Polyester,,Cotton,12.99,/241/64/222563_KK_1,222563_KK_1.jpg,none,,,,,
222563_NV,222563,T-shirt T1 ESSENTIALS Navy,_NV,Navy,Apparel,T-shirt,Circular,Modal; Polyester,,Cotton,12.99,/241/64/222563_NV_1,222563_NV_1.jpg,none,,,,,
222563_PK,222563,T-shirt T1 ESSENTIALS Pink,_PK,Pink,Apparel,T-shirt,Circular,Modal; Polyester,,Cotton,12.99,/241/64/222563_PK_1,222563_PK_1.jpg,none,,,,,
223376_GY,222563,T-shirt T1 ESSENTIALS Grey,_GY,Grey,Apparel,T-shirt,Circular,Modal; Polyester,,Cotton,12.99,/241/64/222563_GY_1,222563_GY_1.jpg,none,,,,,
223376_KK,222563,T-shirt T1 ESSENTIALS Khaki,_KK,Khaki,Apparel,T-shirt,Circular,Modal; Polyester,,Cotton,12.99,/241/64/222563_KK_1,222563_KK_1.jpg,none,,,,,
223376_PK,222563,T-shirt T1 ESSENTIALS Pink,_PK,Pink,Apparel,T-shirt,Circular,Modal; Polyester,,Cotton,12.99,/241/64/222563_PK_1,222563_PK_1.jpg,none,,,,,
222587_EC,222587,Dress MA Ecru,_EC,Ecru,Apparel,Dress,Woven,Elastane; Polyamide,,,39.99,/242/64/222587_EC_1,222587_EC_1.jpg,none,,,,,
222587_OR,222587,Dress MA Orange,_OR,Orange,Apparel,Dress,Woven,Elastane; Polyamide,,,39.99,/242/64/222587_OR_1,222587_OR_1.jpg,none,,,,,
222630_BL,222630,Kimono NO Blue,_BL,Blue,Apparel,Kimono,Woven,Cotton; Viscose,,Cotton,89.99,/242/64/222630_BL_1,222630_BL_1.jpg,none,,,,,
222670_WT,222670,T-shirt T1 ESSENTIALS White,_WT,White,Apparel,T-shirt,Circular,Cotton,,Cotton,12.99,/241/64/222670_WT_1,222670_WT_1.jpg,none,,,,,
222673_BK,222673,Trousers 66 Black,_BK,Black,Apparel,Trousers,Woven,Polyamide; Elastane,,,29.99,/242/64/222673_BK_1,222673_BK_1.jpg,none,,,,,
222673_EC,222673,Trousers 66 Ecru,_EC,Ecru,Apparel,Trousers,Woven,Elastane; Polyamide,,,29.99,/242/64/222673_EC_1,222673_EC_1.jpg,none,,,,,
222673_YL,222673,Trousers 66 Yellow,_YL,Yellow,Apparel,Trousers,Woven,Elastane; Polyamide,,,29.99,/242/64/222673_YL_1,222673_YL_1.jpg,none,,,,,
222682_BK,222682,T-shirt TRENDY Black,_BK,Black,Apparel,T-shirt,Circular,Polyester; Cotton; Elastane; Modal,,Cotton,15.99,/241/64/222682_BK_1,222682_BK_1.jpg,none,,,,,
222682_WT,222682,T-shirt MORANGO White,_WT,White,Apparel,T-shirt,Circular,Polyester; Modal; Cotton; Elastane,,Cotton,15.99,/241/64/222682_WT_1,222682_WT_1.jpg,none,,,,,
222693_BM,222693,Cardigan SEJ Bright Multicolor,_BM,Bright Multicolor,Apparel,Cardigan,Knit,Polyester; RECYCLED COTTON,,,39.99,/242/64/222693_BM_1,222693_BM_1.jpg,none,,,,,
222705_BN,222705,Skirt CC Brown,_BN,Brown,Apparel,Skirt,Woven,Linen,,,39.99,/242/64/222705_BN_1,222705_BN_1.jpg,none,,,,,
222707_BK,222707,Dress T1 ESSENTIALS Black,_BK,Black,Apparel,Dress,Knit,Polyamide; Polyester; Viscose,,,39.99,/241/64/222707_BK_1,222707_BK_1.jpg,none,,,,,
222707_RD,222707,Dress T1 ESSENTIALS Red,_RD,Red,Apparel,Dress,Knit,Polyamide; Polyester; Viscose,,,39.99,/241/64/222707_RD_1,222707_RD_1.jpg,none,,,,,
222783_GN,222783,Trousers 55 Green,_GN,Green,Apparel,Trousers,Woven,Cotton,,,35.99,/242/64/222783_GN_1,222783_GN_1.jpg,none,,,,,
222783_WT,222783,Trousers 55 White,_WT,White,Apparel,Trousers,Woven,Cotton; Linen; Viscose,,,35.99,/242/64/222783_WT_1,222783_WT_1.jpg,none,,,,,
222812_BM,222812,Top MADEIRA Bright Multicolor,_BM,Bright Multicolor,Apparel,Top,Woven,Cotton,,Cotton,69.99,/241/64/222812_BM_1,222812_BM_1.jpg,none,,,,,
222872_KK,222872,Dress LAGO Khaki,_KK,Khaki,Apparel,Dress,Circular,Polyamide; Viscose,,Cotton,27.99,/242/64/222872_KK_1,222872_KK_1.jpg,none,,,,,
222872_WT,222872,Dress LAGO White,_WT,White,Apparel,Dress,Circular,Polyamide; Viscose,,Cotton,27.99,/242/64/222872_WT_1,222872_WT_1.jpg,none,,,,,
223169_WT,223169,Shirt C2 White,_WT,White,Apparel,Shirt,Woven,Cotton,,,29.99,/242/64/223169_WT_1,223169_WT_1.jpg,none,,,,,
223194_KK,223194,Sweater 00 Khaki,_KK,Khaki,Apparel,Sweater,Knit,Viscose; Polyamide,,Viscose,29.99,/242/64/223194_KK_1,223194_KK_1.jpg,none,,,,,
223194_WT,223194,Sweater B3 White,_WT,White,Apparel,Sweater,Knit,Polyamide; Viscose,,Viscose,29.99,/242/64/223194_WT_1,223194_WT_1.jpg,none,,,,,
223233_LG,223233,Shirt KAT Light Grey,_LG,Light Grey,Apparel,Shirt,Woven,Polyamide; Cotton,,Cotton,32.99,/242/64/223233_LG_1,223233_LG_1.jpg,none,,,,,
223351_GN,223351,Jumpsuit TA Green,_GN,Green,Apparel,Jumpsuit,Woven,Modal; Polyester,,Modal,49.99,/242/64/223351_GN_1,223351_GN_1.jpg,none,,,,,
223351_GY,223351,Jumpsuit TA Grey,_GY,Grey,Apparel,Jumpsuit,Woven,Modal; Polyester,,Modal,49.99,/242/64/223351_GY_1,223351_GY_1.jpg,none,,,,,
223384_BM,223384,Trousers BETS Bright Multicolor,_BM,Bright Multicolor,Apparel,Trousers,Woven,Viscose,,Viscose,29.99,/242/64/223384_BM_1,223384_BM_1.jpg,none,,,,,
223433_BM,223433,Dress AL Bright Multicolor,_BM,Bright Multicolor,Apparel,Dress,Circular,Polyester; Elastane,,,27.99,/242/64/223433_BM_1,223433_BM_1.jpg,none,,,,,
223455_BM,223455,Shirt cindy Bright Multicolor,_BM,Bright Multicolor,Apparel,Shirt,Woven,Lyocell,,Lyocell,29.99,/242/64/223455_BM_1,223455_BM_1.jpg,none,,,,,
223466_BM,223466,Shorts TRENDY Bright Multicolor,_BM,Bright Multicolor,Apparel,Shorts,Woven,Cotton,,Cotton,23.99,/242/64/223466_BM_1,223466_BM_1.jpg,none,,,,,
223537_LN,223537,Skirt TT Light Green,_LN,Light Green,Apparel,Skirt,Woven,Acetate,,,39.99,/242/64/223537_LN_1,223537_LN_1.jpg,none,,,,,
223541_BN,223541,Jumpsuit BETS Brown,_BN,Brown,Apparel,Jumpsuit,Woven,Cotton; Cotton,,,32.99,/242/64/223541_BN_1,223541_BN_1.jpg,none,,,,,
223541_EC,223541,Jumpsuit BETS Ecru,_EC,Ecru,Apparel,Jumpsuit,Woven,Cotton; Cotton,,,32.99,/242/64/223541_EC_1,223541_EC_1.jpg,none,,,,,
223569_BK,223569,Dress EXCLUSIVE Black,_BK,Black,Apparel,Dress,Woven,Cotton; Linen,,,35.99,/242/64/223569_BK_1,223569_BK_1.jpg,none,,,,,
223631_BK,223631,Skirt MA Black,_BK,Black,Apparel,Skirt,Knit,Viscose; Polyamide,,,27.99,/242/64/223631_BK_1,223631_BK_1.jpg,none,,,,,
223658_BM,223658,Skirt TRENDY Bright Multicolor,_BM,Bright Multicolor,Apparel,Skirt,Circular,Elastane; Polyester,,Polyester,25.99,/242/64/223658_BM_1,223658_BM_1.jpg,none,,,,,
223668_AN,223668,Top OO Anthracite,_AN,Anthracite,Apparel,Top,Woven,Lyocell; Polyamide,,Lyocell,29.99,/242/64/223668_AN_1,223668_AN_1.jpg,none,,,,,
223668_PK,223668,Top OO Pink,_PK,Pink,Apparel,Top,Woven,Lyocell; Polyamide,,,29.99,/242/64/223668_PK_1,223668_PK_1.jpg,none,,,,,
223807_BM,223807,Dress BETS Bright Multicolor,_BM,Bright Multicolor,Apparel,Dress,Woven,Cotton,,Cotton,25.99,/242/64/223807_BM_1,223807_BM_1.jpg,none,,,,,
223926_LK,223926,Sweatshirt C2 Light Pink,_LK,Light Pink,Apparel,Sweatshirt,Circular,Cotton,,,32.99,/242/64/223926_LK_1,223926_LK_1.jpg,none,,,,,
223932_AN,223932,Dress B4 Anthracite,_AN,Anthracite,Apparel,Dress,Circular,Viscose; Modal; Polyester,,Modal,35.99,/242/64/223932_AN_1,223932_AN_1.jpg,none,,,,,
223932_LK,223932,Dress B4 Light Pink,_LK,Light Pink,Apparel,Dress,Circular,Viscose; Polyester; Modal,,Modal,35.99,/242/64/223932_LK_1,223932_LK_1.jpg,none,,,,,
223932_OW,223932,Dress B4 Off White,_OW,Off White,Apparel,Dress,Circular,Viscose; Polyester; Modal,,Modal,35.99,/242/64/223932_OW_1,223932_OW_1.jpg,none,,,,,
224000_NM,224000,Skirt BRIDAL CAPSULE Neutral Multicolor,_NM,Neutral Multicolor,Apparel,Skirt,Woven,Cotton,,Cotton,89.99,/242/64/224000_NM_1,224000_NM_1.jpg,none,,,,,
224055_EC,224055,Dress BRIDAL CAPSULE Ecru,_EC,Ecru,Apparel,Dress,Knit,Polyamide; Viscose,,Viscose,45.99,/242/64/224055_EC_1,224055_EC_1.jpg,none,,,,,
224088_BU,224088,Dress BETS Burgundy,_BU,Burgundy,Apparel,Dress,Woven,Polyamide; Viscose,,,42.99,/242/64/224088_BU_1,224088_BU_1.jpg,none,,,,,
224088_KK,224088,Dress NO Khaki,_KK,Khaki,Apparel,Dress,Woven,Viscose; Polyamide,,Viscose,42.99,/242/64/224088_KK_1,224088_KK_1.jpg,none,,,,,
224128_BM,224128,Dress CS1 Bright Multicolor,_BM,Bright Multicolor,Apparel,Dress,Circular,Polyamide; Elastane; Polyester; Elastane,,,29.99,/242/64/224128_BM_1,224128_BM_1.jpg,none,,,,,
224137_BL,224137,Dress TRENDY Blue,_BL,Blue,Apparel,Dress,Woven,Cotton,,,39.99,/242/64/224137_BL_1,224137_BL_1.jpg,none,,,,,
224137_WT,224137,Dress TRENDY White,_WT,White,Apparel,Dress,Woven,Cotton,,,39.99,/242/64/224137_WT_1,224137_WT_1.jpg,none,,,,,
224203_BK,224203,T-shirt 66 Black,_BK,Black,Apparel,T-shirt,Circular,Viscose; Polyamide; Elastane,,Viscose,29.99,/242/64/224203_BK_1,224203_BK_1.jpg,none,,,,,
224236_GN,224236,Trousers TRENDY Green,_GN,Green,Apparel,Trousers,Woven,Cotton,,,32.99,/242/64/224236_GN_1,224236_GN_1.jpg,none,,,,,
224288_EC,224288,Vest AL Ecru,_EC,Ecru,Apparel,Vest,Woven,Cotton; Linen; Viscose,,,29.99,/242/64/224288_EC_1,224288_EC_1.jpg,none,,,,,
224330_NM,224330,T-shirt GI Neutral Multicolor,_NM,Neutral Multicolor,Apparel,T-shirt,Circular,Cotton,,Cotton,19.99,/242/64/224330_NM_1,224330_NM_1.jpg,none,,,,,
224431_NM,224431,Top CA Neutral Multicolor,_NM,Neutral Multicolor,Apparel,Top,Woven,Elastane; Cotton,,,35.99,/242/64/224431_NM_1,224431_NM_1.jpg,none,,,,,
224442_BM,224442,Dress KAT Bright Multicolor,_BM,Bright Multicolor,Apparel,Dress,Circular,Elastane; Polyamide; Viscose,,,27.99,/242/64/224442_BM_1,224442_BM_1.jpg,none,,,,,
224442_BU,224442,Dress BB Burgundy,_BU,Burgundy,Apparel,Dress,Circular,Polyamide; Viscose,,,27.99,/242/64/224442_BU_1,224442_BU_1.jpg,none,,,,,
224442_DM,224442,Dress TRENDY Dark Multicolor,_DM,Dark Multicolor,Apparel,Dress,Circular,Viscose; Polyamide,,Viscose,27.99,/242/64/224442_DM_1,224442_DM_1.jpg,none,,,,,
224442_NM,224442,Dress BB Neutral Multicolor,_NM,Neutral Multicolor,Apparel,Dress,Circular,Viscose; Polyamide,,,27.99,/242/64/224442_NM_1,224442_NM_1.jpg,none,,,,,
224451_BM,224451,Coat 22 Bright Multicolor,_BM,Bright Multicolor,Apparel,Coat,Woven,Polyester; Polyester,,Polyester,89.99,/242/64/224451_BM_1,224451_BM_1.jpg,none,,,,,
224455_BN,224455,Top TRENDY Brown,_BN,Brown,Apparel,Top,Woven,Cotton,,,32.99,/242/64/224455_BN_1,224455_BN_1.jpg,none,,,,,
224455_EC,224455,Top TRENDY Ecru,_EC,Ecru,Apparel,Top,Woven,Cotton,,,32.99,/242/64/224455_EC_1,224455_EC_1.jpg,none,,,,,
224492_WT,224492,Shorts TT White,_WT,White,Apparel,Shorts,Circular,Cotton,,Cotton,23.99,/242/64/224492_WT_1,224492_WT_1.jpg,none,,,,,
224696_IC,224696,Raincoat KAT Ice,_IC,Ice,Apparel,Raincoat,Woven,Polyamide; Polyester; Cotton,,Cotton,59.99,/242/64/224696_IC_1,224696_IC_1.jpg,none,,,,,
224781_BG,224781,Trousers RB Beige,_BG,Beige,Apparel,Trousers,Woven,Viscose; Lyocell,,,39.99,/242/64/224781_BG_1,224781_BG_1.jpg,none,,,,,
224781_BK,224781,Trousers RB Black,_BK,Black,Apparel,Trousers,Woven,Lyocell; Viscose,,,39.99,/242/64/224781_BK_1,224781_BK_1.jpg,none,,,,,
224849_BK,224849,Skirt OO Black,_BK,Black,Apparel,Skirt,Circular,Elastane; Viscose,,Viscose,23.99,/242/64/224849_BK_1,224849_BK_1.jpg,none,,,,,
224849_WT,224849,Skirt BB White,_WT,White,Apparel,Skirt,Circular,Elastane; Viscose,,Viscose,23.99,/242/64/224849_WT_1,224849_WT_1.jpg,none,,,,,
224861_BK,224861,Jeans C4 SET Black,_BK,Black,Apparel,Jeans,Woven,Polyester; Cotton,,,42.99,/242/64/224861_BK_1,224861_BK_1.jpg,none,,,,,
224880_GN,224880,Jeans KAT Green,_GN,Green,Apparel,Jeans,Woven,Cotton,,,39.99,/242/64/224880_GN_1,224880_GN_1.jpg,none,,,,,
224889_CA,224889,Coat CS1 Camel,_CA,Camel,Apparel,Coat,Woven,Suede,,Suede,99.99,/242/64/224889_CA_1,224889_CA_1.jpg,none,,,,,
224910_BK,224910,Vest OO Black,_BK,Black,Apparel,Vest,Circular,Elastane; Polyamide; Polyester; Viscose,,,27.99,/242/64/224910_BK_1,224910_BK_1.jpg,none,,,,,
224911_CL,224911,Shorts TRENDY Coral,_CL,Coral,Apparel,Shorts,Woven,Cotton,,,27.99,/242/64/224911_CL_1,224911_CL_1.jpg,none,,,,,
224911_WT,224911,Shorts TRENDY White,_WT,White,Apparel,Shorts,Woven,Cotton,,,27.99,/242/64/224911_WT_1,224911_WT_1.jpg,none,,,,,
224942_LM,224942,Sweatshirt SCUBA Lime,_LM,Lime,Apparel,Sweatshirt,Circular,Elastane; Modal; Polyester,,,27.99,/242/64/224942_LM_1,224942_LM_1.jpg,none,,,,,
224942_WT,224942,Sweatshirt SCUBA White,_WT,White,Apparel,Sweatshirt,Circular,Elastane; Polyester; Modal,,,27.99,/242/64/224942_WT_1,224942_WT_1.jpg,none,,,,,
224955_BN,224955,Vest JJ Brown,_BN,Brown,Apparel,Vest,Knit,Viscose; Polyester,,Viscose,19.99,/242/64/224955_BN_1,224955_BN_1.jpg,none,,,,,
224955_KK,224955,Vest JJ Khaki,_KK,Khaki,Apparel,Vest,Knit,Polyester; Viscose,,Viscose,19.99,/242/64/224955_KK_1,224955_KK_1.jpg,none,,,,,
225005_BM,225005,Blazer C4 SET Bright Multicolor,_BM,Bright Multicolor,Apparel,Blazer,Woven,Wool; Viscose; Polyester; Viscose; Elastane; Polyester,,,69.99,/242/64/225005_BM_1,225005_BM_1.jpg,none,,,,,
206577_GD,206577,High Heel Sandals GOLD HEEL SANDAL Gold,_GD,Gold,Footwear,High Heel Sandals,PU,Polyester; Polyurethane; Polyurethane; Rubber,,,29.99,/231/53/206577_GD_1,206577_GD_1.jpg,none,,,,,
206577_NU,206577,High Heel Sandals NUDE PARTY SANDAL Nude,_NU,Nude,Footwear,High Heel Sandals,PU,Polyester; Polyurethane; Polyurethane; Rubber,,,29.99,/232/53/206577_NU_1,206577_NU_1.jpg,none,,,,,
206577_SV,206577,High Heel Sandals SILVER PARTY SANDAL Silver,_SV,Silver,Footwear,High Heel Sandals,PU,Rubber; Polyester; Polyurethane; Polyurethane,,,29.99,/232/53/206577_SV_1,206577_SV_1.jpg,none,,,,,
207102_WT,207102,Trainer Shoes RUNNING WHITE & BEIGE White,_WT,White,Footwear,Trainers,Textile,Polyester; Polyester; Polyester; Polyurethane; Rubber,,,29.99,/231/53/207102_WT_1,207102_WT_1.jpg,none,,,,,
207972_DM,207972,Ballerinas NYLON PRINT Dark Multicolor,_DM,Dark Multicolor,Footwear,Ballerinas,PU,Polyester; Polyester; Polyurethane; Polyurethane; Rubber,,,25.99,/232/53/207972_DM_1,207972_DM_1.jpg,none,,,,,
207972_NU,207972,Ballerinas ELASTIC BALLERINA Nude,_NU,Nude,Footwear,Ballerinas,PU,Polyurethane; Polyurethane; Polyurethane; Rubber; Polyester,,,25.99,/232/53/207972_NU_1,207972_NU_1.jpg,none,,,,,
207972_PK,207972,Ballerinas ELASTIC BALLERINA Pink,_PK,Pink,Footwear,Ballerinas,PU,Polyurethane; Rubber; Polyester; Polyurethane; Polyurethane,,,25.99,/232/53/207972_PK_1y,207972_PK_1y.jpg,none,,,,,
207972_YL,207972,Ballerinas ELASTIC BALLERINA Yellow,_YL,Yellow,Footwear,Ballerinas,PU,Polyester; Polyurethane; Polyurethane; Polyurethane; Rubber,,,25.99,/232/53/207972_YL_1,207972_YL_1.jpg,none,,,,,
208230_GD,208230,Ballerinas POINTED BICOLOR BALLERINA Gold,_GD,Gold,Footwear,Ballerinas,PU,Polyester; Polyester; Polyurethane; Polyurethane; Polyurethane; Rubber,,,23.99,/232/53/208230_GD_1,208230_GD_1.jpg,none,,,,,
208230_NU,208230,Ballerinas POINTED BICOLOR BALLERINA Nude,_NU,Nude,Footwear,Ballerinas,PU,Polyester; Polyester; Polyurethane; Polyurethane; Polyurethane; Rubber,,,23.99,/232/53/208230_NU_1,208230_NU_1.jpg,none,,,,,
2082661FU,208266,Flat Sandals FUSCHIA STRAPPED SANDAL Fuchsia,1FU,Fuchsia,Footwear,Flat Sandals,Textile,Polyurethane; Polyurethane; Polyurethane; Rubber,,,25.99,/232/53/2082661FU_1,2082661FU_1.jpg,none,,,,,
209820_BM,209820,Trainer Shoes RUNNING MULTICOLOR Bright Multicolor,_BM,Bright Multicolor,Footwear,Trainers,Textile,Polyester; Polyester; Polyester; Polyurethane; Rubber,,,39.99,/232/53/209820_BM_1,209820_BM_1.jpg,none,,,,,
209820_TU,209820,Trainer Shoes RUNNING TAUPE & BLACK Taupe,_TU,Taupe,Footwear,Trainers,Textile,Polyester; Polyester; Polyester; Polyurethane; Rubber,,,39.99,/232/53/209820_TU_1,209820_TU_1.jpg,none,,,,,
2104561BK,210456,Boots COWBOY PATCHWORK Black,1BK,Black,Footwear,Boots,PU,Polyester; Polyurethane; Polyurethane; Polyurethane; Rubber,,,55.99,/232/53/2104561BK_1,2104561BK_1.jpg,none,,,,,
210456_BK,210456,Boots COWBOY PATCHWORK Black,_BK,Black,Footwear,Boots,PU,Polyester; Polyurethane; Polyurethane; Polyurethane; Rubber,,,55.99,/232/53/210456_BK_1,210456_BK_1.jpg,none,,,,,
210457_BK,210457,Boots BASIC ELASTIC BOOT Black,_BK,Black,Footwear,Boots,PU,Polyester; Polyester; Polyurethane; Polyurethane; Polyurethane; Rubber,,,39.99,/232/53/210457_BK_1,210457_BK_1.jpg,none,,,,,
210725_BK,210725,Boots MILITAR BOOT Black,_BK,Black,Footwear,Boots,PU,Polyester; Polyurethane; Polyurethane; Polyurethane; Rubber,,,45.99,/232/53/210725_BK_1,210725_BK_1.jpg,none,,,,,
210726_BK,210726,Ankle Boots ZIPPER ANKLE BOOT Black,_BK,Black,Footwear,Ankle Boots,PU,Polyester; Polyester; Polyurethane; Polyurethane; Polyurethane; Rubber,,,39.99,/232/53/210726_BK_1,210726_BK_1.jpg,none,,,,,
210726_KK,210726,Ankle Boots ZIPPER ANKLE BOOT Khaki,_KK,Khaki,Footwear,Ankle Boots,PU,Polyester; Polyester; Polyurethane; Polyurethane; Polyurethane; Rubber,,,39.99,/232/53/210726_KK_1,210726_KK_1.jpg,none,,,,,
211298_PM,211298,Trainer Shoes TRAINER COLORS SOFT Pastel Multicolor,_PM,Pastel Multicolor,Footwear,Trainers,Textile,Polyester; Polyurethane; Rubber; Polyester; Polyester,,,35.99,/232/53/211298_PM_1,211298_PM_1.jpg,none,,,,,
211452_BK,211452,Ankle Boots FLYKNIT BASIC ANKLE BOOT Black,_BK,Black,Footwear,Ankle Boots,Textile,Polyester; Polyester; Polyurethane; Polyurethane; Rubber,,,35.99,/232/53/211452_BK_1,211452_BK_1.jpg,none,,,,,
212049_BK,212049,Ballerinas PATENT BALLERINA BUCKLES Black,_BK,Black,Footwear,Ballerinas,PU,Polyester; Polyurethane; Polyurethane; Polyurethane; Rubber,,,32.99,/232/53/212049_BK_1,212049_BK_1.jpg,none,,,,,
212049_RD,212049,Ballerinas PATENT BALLERINA BUCKLES Red,_RD,Red,Footwear,Ballerinas,PU,Polyester; Polyurethane; Polyurethane; Polyurethane; Rubber,,,32.99,/232/53/212049_RD_1,212049_RD_1.jpg,none,,,,,
212055_BK,212055,Boots BLACK LEATHER BOOT Black,_BK,Black,Footwear,Boots,Leather,Cow Leather; Cow Leather; Cow Leather; Rubber,,,129.99,/232/53/212055_BK_1,212055_BK_1.jpg,none,,,,,
213858_BK,213858,Ankle Boots COWBOY BOOT Black,_BK,Black,Footwear,Ankle Boots,PU,Polyester; Polyurethane; Polyurethane; Polyurethane; Rubber,,,39.99,/232/53/213858_BK_1,213858_BK_1.jpg,none,,,,,
214476_BK,214476,Ankle Boots ANKLE BOOT KITTEN Black,_BK,Black,Footwear,Ankle Boots,PU,Polyester; Polyurethane; Polyurethane; Polyurethane; Rubber,,,39.99,/232/53/214476_BK_1,214476_BK_1.jpg,none,,,,,
214476_RD,214476,Ankle Boots ANKLE BOOT KITTEN Red,_RD,Red,Footwear,Ankle Boots,PU,Polyester; Polyurethane; Polyurethane; Polyurethane; Rubber,,,39.99,/241/53/214476_RD_1,214476_RD_1.jpg,none,,,,,
214486_BG,214486,Ankle Boots COWBOY LEATHER Beige,_BG,Beige,Footwear,Ankle Boots,Leather,Cow Suede Leather; Polyester; Polyurethane; Polyurethane; Rubber,,,59.99,/241/53/214486_BG_1,214486_BG_1.jpg,none,,,,,
215241_BK,215241,Ballerinas CANICHE CAMPAIGN Black,_BK,Black,Footwear,Ballerinas,Textile,Polyester; Polyurethane; Polyurethane; Rubber; Polyester,,,29.99,/232/53/215241_BK_1,215241_BK_1.jpg,none,,,,,
215241_CA,215241,Ballerinas CANICHE CAMPAIGN Camel,_CA,Camel,Footwear,Ballerinas,Textile,Polyurethane; Polyurethane; Rubber; Polyester; Polyester,,,29.99,/232/53/215241_CA_1,215241_CA_1.jpg,none,,,,,
215241_KK,215241,Ballerinas CANICHE CAMPAIGN Khaki,_KK,Khaki,Footwear,Ballerinas,Textile,Polyester; Polyester; Polyurethane; Polyurethane; Rubber,,,29.99,/232/53/215241_KK_1,215241_KK_1.jpg,none,,,,,
215337_BK,215337,Trainer Shoes RUNNING BLACK Black,_BK,Black,Footwear,Trainers,PU,Polyester; Polyester; Polyester; Polyurethane; Rubber,,,35.99,/241/53/215337_BK_1,215337_BK_1.jpg,none,,,,,
215589_BK,215589,Ankle Boots MILITAR LACES BOOT Black,_BK,Black,Footwear,Ankle Boots,PU,Polyester; Polyurethane; Polyurethane; Polyurethane; Rubber,,,39.99,/241/53/215589_BK_1,215589_BK_1.jpg,none,,,,,
216058_GD,216058,Trainer Shoes RUNNING GOLD Gold,_GD,Gold,Footwear,Trainers,PU,Polyester; Polyester; Polyurethane; Rubber; Polyester,,,35.99,/241/53/216058_GD_1,216058_GD_1.jpg,none,,,,,
217143_NU,217143,High Heel Shoes EMAN Nude,_NU,Nude,Footwear,High Heel Shoes,PU,Polyurethane; Polyurethane; Polyurethane; Rubber; Thermoplastic Polyurethane,,,39.99,/241/53/217143_NU_1,217143_NU_1.jpg,none,,,,,
217187_BG,217187,Trainer Shoes RUNNING NYLON BEIGE Beige,_BG,Beige,Footwear,Trainers,PU,Polyester; Polyester; Polyester; Polyurethane; Rubber,,,32.99,/241/53/217187_BG_1,217187_BG_1.jpg,none,,,,,
217187_BK,217187,Trainer Shoes NYLON BLACK Black,_BK,Black,Footwear,Trainers,PU,Polyester; Polyester; Polyester; Polyurethane; Rubber,,,32.99,/241/53/217187_BK_1,217187_BK_1.jpg,none,,,,,
217235_GD,217235,Flat Heel Shoes EMAN Gold,_GD,Gold,Footwear,Flat Shoes,Flat Heel,Polyester; Polyester; Polyurethane; Polyurethane; Polyurethane; Rubber,,,29.99,/241/53/217235_GD_1,217235_GD_1.jpg,none,,,,,
218036_SV,218036,Flat Shoes JUTE BICOLOR Silver,_SV,Silver,Footwear,Flat Shoes,Textile,Cotton; Cotton; Polyester; Polyurethane; Polyurethane; Polyurethane; Rubber; Jute,,,23.99,/241/53/218036_SV_1,218036_SV_1.jpg,none,,,,,
218063_GD,218063,Flat Shoes JUTE BICOLOR Gold,_GD,Gold,Footwear,Flat Shoes,Textile,Cotton; Cotton; Linen; Polyester; Polyurethane; Polyurethane; Polyurethane; Rubber; Jute,,,23.99,/241/53/218063_GD_1,218063_GD_1.jpg,none,,,,,
218093_BK,218093,Ballerinas BALLERINA LEATHER Black,_BK,Black,Footwear,Ballerinas,Leather,Cow Leather; Cow Leather; Polyurethane; Polyurethane; Rubber,,,39.99,/241/53/218093_BK_1,218093_BK_1.jpg,none,,,,,
218093_SV,218093,Ballerinas BALLERINA LEATHER Silver,_SV,Silver,Footwear,Ballerinas,Leather,Cow Leather; Cow Leather; Cow Leather; Rubber,,,39.99,/241/53/218093_SV_1,218093_SV_1.jpg,none,,,,,
218257_GD,218257,Flat Sandals FLAT SANDAL KNOTS Gold,_GD,Gold,Footwear,Flat Sandals,PU,Polyurethane; Polyurethane; Polyurethane; Rubber,,,25.99,/241/53/218257_GD_1,218257_GD_1.jpg,none,,,,,
218257_SV,218257,Flat Sandals FLAT SANDAL KNOTS Silver,_SV,Silver,Footwear,Flat Sandals,PU,Polyurethane; Rubber; Polyurethane; Polyurethane,,,25.99,/241/53/218257_SV_1,218257_SV_1.jpg,none,,,,,
218290_SV,218290,Ballerinas BALLERINA MARY-JANE SILVE Silver,_SV,Silver,Footwear,Ballerinas,PU,Polyester; Polyurethane; Polyurethane; Polyurethane; Rubber,,,25.99,/241/53/218290_SV_1,218290_SV_1.jpg,none,,,,,
218497_BG,218497,High Heel Sandals WEDGE JUTE Beige,_BG,Beige,Footwear,High Heel Sandals,Textile,Polyester; Polyester; Polyester; Polyurethane; Rubber,,,35.99,/241/53/218497_BG_1,218497_BG_1.jpg,none,,,,,
218497_CA,218497,High Heel Sandals WEDGE JUTE Camel,_CA,Camel,Footwear,High Heel Sandals,Textile,Polyester; Polyester; Polyester; Polyurethane; Rubber,,,35.99,/241/53/218497_CA_1,218497_CA_1.jpg,none,,,,,
218622_GD,218622,Flat Sandals CANGREJERA Gold,_GD,Gold,Footwear,Flat Sandals,PU,Polyurethane; Polyurethane; Polyurethane; Rubber,,,25.99,/241/53/218622_GD_1,218622_GD_1.jpg,none,,,,,
218841_BK,218841,Flat Sandals BASIC FLAT SANDALS Black,_BK,Black,Footwear,Flat Sandals,PU,Polyurethane; Polyurethane; Thermoplastic Polyurethane; Thermoplastic Polyurethane; Thermoplastic Polyurethane,,,17.99,/241/53/218841_BK_1,218841_BK_1.jpg,none,,,,,
218841_CA,218841,Flat Sandals BASIC FLAT SANDALS Camel,_CA,Camel,Footwear,Flat Sandals,PU,Polyurethane; Polyurethane; Thermoplastic Polyurethane; Thermoplastic Polyurethane; Thermoplastic Polyurethane,,,17.99,/241/53/218841_CA_1,218841_CA_1.jpg,none,,,,,
218841_OW,218841,Flat Sandals BASIC FLAT SANDALS Off White,_OW,Off White,Footwear,Flat Sandals,PU,Polyurethane; Polyurethane; Thermoplastic Polyurethane; Thermoplastic Polyurethane; Thermoplastic Polyurethane,,,17.99,/241/53/218841_OW_1,218841_OW_1.jpg,none,,,,,
218888_EC,218888,Flat Sandals SANDALS SPECIAL PRICE Ecru,_EC,Ecru,Footwear,Flat Sandals,PU,Polyurethane; Polyurethane; Thermoplastic Polyurethane; Thermoplastic Polyurethane; Thermoplastic Polyurethane,,,15.99,/241/53/218888_EC_1,218888_EC_1.jpg,none,,,,,
218888_FU,218888,Flat Sandals SANDALS SPECIAL PRICE Fuchsia,_FU,Fuchsia,Footwear,Flat Sandals,PU,Polyurethane; Polyurethane; Thermoplastic Polyurethane; Thermoplastic Polyurethane; Thermoplastic Polyurethane,,,15.99,/241/53/218888_FU_1,218888_FU_1.jpg,none,,,,,
218888_GD,218888,Flat Sandals SANDALS SPECIAL PRICE Gold,_GD,Gold,Footwear,Flat Sandals,PU,Polyurethane; Polyurethane; Thermoplastic Polyurethane; Thermoplastic Polyurethane; Thermoplastic Polyurethane,,,15.99,/241/53/218888_GD_1,218888_GD_1.jpg,none,,,,,
218888_OR,218888,Flat Sandals SANDALS SPECIAL PRICE Orange,_OR,Orange,Footwear,Flat Sandals,PU,Polyurethane; Polyurethane; Thermoplastic Polyurethane; Thermoplastic Polyurethane; Thermoplastic Polyurethane,,,15.99,/241/53/218888_OR_1,218888_OR_1.jpg,none,,,,,
219437_SV,219437,Trainer Shoes MADEIRA Silver,_SV,Silver,Footwear,Trainers,PU,Polyester; Polyester; Polyester; Polyurethane; Rubber,,,39.99,/241/53/219437_SV_1,219437_SV_1.jpg,none,,,,,
219716_GD,219716,Flat Sandals SANDAL LACE-UP Gold,_GD,Gold,Footwear,Flat Sandals,PU,Polyurethane; Polyurethane; Polyurethane; Rubber,,,19.99,/241/53/219716_GD_1,219716_GD_1.jpg,none,,,,,
219753_BK,219753,High Heel Sandals SANDAL BUCKLES Black,_BK,Black,Footwear,High Heel Sandals,PU,Polyurethane; Polyurethane; Polyurethane; Rubber,,,32.99,/242/53/219753_BK_1,219753_BK_1.jpg,none,,,,,
219753_SV,219753,High Heel Sandals SANDAL BUCKLES Silver,_SV,Silver,Footwear,High Heel Sandals,PU,Polyurethane; Polyurethane; Polyurethane; Rubber,,,32.99,/242/53/219753_SV_1,219753_SV_1.jpg,none,,,,,
220353_BK,220353,Flat Sandals FLATFORM SANDAL Black,_BK,Black,Footwear,Flat Sandals,PU,Polyurethane; Polyurethane; Polyurethane; Rubber,,,29.99,/241/53/220353_BK_1,220353_BK_1.jpg,none,,,,,
220354_BK,220354,Flat Sandals BASIC FLAT SANDALS Black,_BK,Black,Footwear,Flat Sandals,PU,Polyurethane; Polyurethane; Polyurethane; Rubber,,,19.99,/242/53/220354_BK_1,220354_BK_1.jpg,none,,,,,
220354_CA,220354,Flat Sandals BASIC FLAT SANDALS Camel,_CA,Camel,Footwear,Flat Sandals,PU,Polyurethane; Polyurethane; Polyurethane; Rubber,,,19.99,/242/53/220354_CA_1,220354_CA_1.jpg,none,,,,,
220760_CA,220760,High Heel Sandals SANDAL HEEL Camel,_CA,Camel,Footwear,High Heel Sandals,PU,Polyurethane; Polyurethane; Polyurethane; Rubber,,,39.99,/242/53/220760_CA_1,220760_CA_1.jpg,none,,,,,
221484_BK,221484,High Heel Sandals WEDGE JUTE BLACK Black,_BK,Black,Footwear,High Heel Sandals,Textile,Cotton; Cotton; Cotton; Linen; Linen; Linen; Polyurethane; Polyurethane; Polyurethane; Rubber,,,35.99,/242/53/221484_BK_1,221484_BK_1.jpg,none,,,,,
221906_EC,221906,Flat Sandals SNAKE FLAT SANDAL Ecru,_EC,Ecru,Footwear,Flat Sandals,PU,Polyurethane; Polyurethane; Thermoplastic Polyurethane; Thermoplastic Polyurethane; Thermoplastic Polyurethane,,,19.99,/242/53/221906_EC_1,221906_EC_1.jpg,none,,,,,
221906_RD,221906,Flat Sandals SNAKE FLAT SANDAL Red,_RD,Red,Footwear,Flat Sandals,PU,Polyurethane; Polyurethane; Thermoplastic Polyurethane; Thermoplastic Polyurethane; Thermoplastic Polyurethane,,,19.99,/242/53/221906_RD_1,221906_RD_1.jpg,none,,,,,
222479_EC,222479,Flat Shoes BALLERINA SLINGBACK Ecru,_EC,Ecru,Footwear,Flat Shoes,PU,Polyester; Polyurethane; Polyurethane; Polyurethane; Rubber,,,25.99,/242/53/222479_EC_1,222479_EC_1.jpg,none,,,,,
222479_SV,222479,Flat Shoes BALLERINA SLINGBACK Silver,_SV,Silver,Footwear,Flat Shoes,PU,Polyester; Polyurethane; Polyurethane; Polyurethane; Rubber,,,25.99,/242/53/222479_SV_1,222479_SV_1.jpg,none,,,,,
222524_BG,222524,Ballerinas BALLERINA SNAKE Beige,_BG,Beige,Footwear,Ballerinas,PU,Thermoplastic Polyurethane; Polyester; Polyurethane; Polyurethane; Polyurethane,,,25.99,/242/53/222524_BG_1,222524_BG_1.jpg,none,,,,,
222727_BG,222727,Flat Shoes LEATHER MOCASSIN Beige,_BG,Beige,Footwear,Flat Shoes,Leather,Cow Suede Leather; Polyester; Polyurethane; Polyurethane; Rubber,,,39.99,/242/53/222727_BG_1,222727_BG_1.jpg,none,,,,,
222837_GD,222837,Ballerinas SLINGBACK LEATHER Gold,_GD,Gold,Footwear,Ballerinas,Leather,Cow Leather; Polyester; Polyurethane; Polyurethane; Thermoplastic Polyurethane,,,35.99,/242/53/222837_GD_1,222837_GD_1.jpg,none,,,,,
222837_RD,222837,Ballerinas SLINGBACK LEATHER Red,_RD,Red,Footwear,Ballerinas,Leather,Thermoplastic Polyurethane; Cow Leather; Polyester; Polyurethane; Polyurethane,,,35.99,/242/53/222837_RD_1,222837_RD_1.jpg,none,,,,,
222929_GD,222929,Flat Shoes LEATHER MOCASSIN Gold,_GD,Gold,Footwear,Flat Shoes,Leather,Cow Leather; Cow Leather; Polyester; Polyurethane; Polyurethane; Rubber,,,45.99,/242/53/222929_GD_1,222929_GD_1.jpg,none,,,,,
223555_BK,223555,Ballerinas BALLERINA MARY-JANE BLACK Black,_BK,Black,Footwear,Ballerinas,PU,Polyurethane; Polyurethane; Rubber; Polyester; Polyurethane,,,25.99,/242/53/223555_BK_1,223555_BK_1.jpg,none,,,,,
223555_EC,223555,Ballerinas BALLERINA MARY-JANE NUDE Ecru,_EC,Ecru,Footwear,Ballerinas,PU,Polyurethane; Polyurethane; Polyurethane; Polyester; Rubber,,,25.99,/242/53/223555_EC_1,223555_EC_1.jpg,none,,,,,
223638_BK,223638,Ankle Boots STRETCH ANKLE BOOT Black,_BK,Black,Footwear,Ankle Boots,PU,Polyurethane; Rubber; Polyester; Polyurethane; Polyurethane,,,35.99,/242/53/223638_BK_1,223638_BK_1.jpg,none,,,,,
223664_BU,223664,Ankle Boots BUCKLE ANKLE BOOT Burgundy,_BU,Burgundy,Footwear,Ankle Boots,Leather,Polyurethane; Polyurethane; Cow Leather; Polyester; Rubber,,,59.99,/242/53/223664_BU_1,223664_BU_1.jpg,none,,,,,
223873_BK,223873,Ballerinas STUDS BALLERINA Black,_BK,Black,Footwear,Ballerinas,PU,Polyurethane; Rubber; Polyurethane; Polyester; Polyurethane,,,35.99,/242/53/223873_BK_1,223873_BK_1.jpg,none,,,,,
223873_TU,223873,Ballerinas STUDS BALLERINA Taupe,_TU,Taupe,Footwear,Ballerinas,PU,Rubber; Polyester; Polyurethane; Polyurethane; Polyurethane,,,35.99,/242/53/223873_TU_1,223873_TU_1.jpg,none,,,,,
224458_BG,224458,Flat Sandals SNAKE FLAT SANDAL Beige,_BG,Beige,Footwear,Flat Sandals,PU,Polyurethane; Rubber; Polyurethane; Polyurethane,,,25.99,/242/53/224458_BG_1,224458_BG_1.jpg,none,,,,,
224534_GD,224534,Flat Sandals GOLD FLAT SANDAL Gold,_GD,Gold,Footwear,Flat Sandals,PU,Polyurethane; Polyurethane; Rubber; Polyurethane,,,29.99,/242/53/224534_GD_1,224534_GD_1.jpg,none,,,,,
207649_JN,207649,Tote Bag MARGARET Blue Jeans,_JN,Blue Jeans,Hand Bag,Tote,Denim,Cotton; Cotton; Polyester; Polyester; Polyester; Polyurethane; Polyurethane,,,23.99,/232/54/207649_JN_1,207649_JN_1.jpg,none,,,,,
208531_WT,208531,Shoulder Bag JOLY1 White,_WT,White,Hand Bag,Shoulder Bag,Padded Pu,Polyester; Polyurethane; Polyurethane,,,25.99,/232/54/208531_WT_1,208531_WT_1.jpg,none,,,,,
208687_EC,208687,Crossbody Bag JOLY3 Ecru,_EC,Ecru,Hand Bag,Cross,Padded Peach PU,Polyester; Polyurethane; Polyurethane,,,25.99,/232/54/208687_EC_1,208687_EC_1.jpg,none,,,,,
208687_TU,208687,Crossbody Bag JOLY3 Taupe,_TU,Taupe,Hand Bag,Cross,Padded Peach PU,Polyester; Polyurethane; Polyurethane,,,25.99,/232/54/208687_TU_1,208687_TU_1.jpg,none,,,,,
209049_SV,209049,Envelope Bag JOLY2 Silver,_SV,Silver,Hand Bag,Envelope,Printed PU,Polyester; Polyurethane; Polyurethane,,,23.99,/232/54/209049_SV_1,209049_SV_1.jpg,none,,,,,
209441_SW,209441,Crossbody Bag SOLAR Straw,_SW,Straw,Hand Bag,Cross,Paper straw,Linen; Paper; Polyurethane; Polyurethane,,,23.99,/232/54/209441_SW_1,209441_SW_1.jpg,none,,,,,
209508_SW,209508,Tote Bag BLANCA Straw,_SW,Straw,Hand Bag,Tote,Paper straw,Cotton; Iron; Linen; Paper; Polyester; Polyurethane; Polyurethane; Wood,,,23.99,/232/54/209508_SW_1,209508_SW_1.jpg,none,,,,,
209553_WT,209553,Crossbody Bag GLICINIA White,_WT,White,Hand Bag,Cross,Plain PU,Polyurethane; Polyurethane; Polyester,,,25.99,/232/54/209553_WT_1,209553_WT_1.jpg,none,,,,,
209617_BK,209617,Crossbody Bag NET1 Black,_BK,Black,Hand Bag,Cross,Nylon,Aluminium; Polyester; Polyester; Polyester; Polyurethane; Thermoplastic Polyurethane,,,27.99,/232/54/209617_BK_1,209617_BK_1.jpg,none,,,,,
209617_YL,209617,Crossbody Bag NET1 Yellow,_YL,Yellow,Hand Bag,Cross,Nylon,Aluminium; Polyester; Polyester; Polyester; Polyurethane; Thermoplastic Polyurethane,,,27.99,/232/54/209617_YL_1,209617_YL_1.jpg,none,,,,,
209722_KK,209722,Shoulder Bag NET2 Khaki,_KK,Khaki,Hand Bag,Shoulder Bag,Nylon,Polyester; Polyester; Polyurethane; Polyurethane,,,25.99,/232/54/209722_KK_1,209722_KK_1.jpg,none,,,,,
209722_LM,209722,Shoulder Bag NET2 Lime,_LM,Lime,Hand Bag,Shoulder Bag,Nylon,Polyamide; Polyester; Polyurethane; Polyurethane,,,25.99,/232/54/209722_LM_1,209722_LM_1.jpg,none,,,,,
209722_WT,209722,Shoulder Bag NET2 White,_WT,White,Hand Bag,Shoulder Bag,Nylon,Polyamide; Polyester; Polyurethane; Polyurethane,,,25.99,/232/54/209722_WT_1,209722_WT_1.jpg,none,,,,,
209730_EC,209730,Shoulder Bag NET2 Ecru,_EC,Ecru,Hand Bag,Shoulder Bag,Padded Peach PU,Polyester; Polyurethane; Polyurethane,,,27.99,/232/54/209730_EC_1,209730_EC_1.jpg,none,,,,,
210028_GN,210028,Shopper Bag NET2 Green,_GN,Green,Hand Bag,Shopper,Fantasy Fabric,Polyester; Polypropylene; Polyethylene,,,19.99,/232/54/210028_GN_1,210028_GN_1.jpg,none,,,,,
210403_BK,210403,Shoulder Bag LAPELE Black,_BK,Black,Hand Bag,Shoulder Bag,Leather,Cow Leather,,,49.99,/232/54/210403_BK_1,210403_BK_1.jpg,none,,,,,
210403_EC,210403,Shoulder Bag LAPELE Ecru,_EC,Ecru,Hand Bag,Shoulder Bag,Leather,Cow Leather,,,49.99,/232/54/210403_EC_1,210403_EC_1.jpg,none,,,,,
210403_KK,210403,Shoulder Bag LAPELE Khaki,_KK,Khaki,Hand Bag,Shoulder Bag,Leather,Cow Leather,,,49.99,/232/54/210403_KK_1,210403_KK_1.jpg,none,,,,,
210403_LM,210403,Shoulder Bag LAPELE Lime,_LM,Lime,Hand Bag,Shoulder Bag,Leather,Cow Leather,,,49.99,/232/54/210403_LM_1,210403_LM_1.jpg,none,,,,,
210403_SV,210403,Shoulder Bag LAPELE Silver,_SV,Silver,Hand Bag,Shoulder Bag,Leather,Cow Leather,,,49.99,/232/54/210403_SV_1,210403_SV_1.jpg,none,,,,,
210547_BK,210547,Tote Bag NET2 Black,_BK,Black,Hand Bag,Tote,Peach PU,Polyester; Polyurethane; Polyurethane,,,25.99,/232/54/210547_BK_1,210547_BK_1.jpg,none,,,,,
210547_EC,210547,Tote Bag NET2 Ecru,_EC,Ecru,Hand Bag,Tote,Peach PU,Polyester; Polyurethane; Polyurethane,,,25.99,/232/54/210547_EC_1,210547_EC_1.jpg,none,,,,,
210547_KK,210547,Tote Bag NET2 Khaki,_KK,Khaki,Hand Bag,Tote,Peach PU,Polyester; Polyurethane; Polyurethane,,,25.99,/232/54/210547_KK_1,210547_KK_1.jpg,none,,,,,
210600_CA,210600,Crossbody Bag FLECOS Camel,_CA,Camel,Hand Bag,Cross,Real Suede,Cotton; Cow Leather,,,22.99,/231/54/210600_CA_1,210600_CA_1.jpg,none,,,,,
210600_PU,210600,Crossbody Bag FLECOS Purple,_PU,Purple,Hand Bag,Cross,Real Suede,Cotton; Cow Leather,,,22.99,/231/54/210600_PU_1,210600_PU_1.jpg,none,,,,,
210793_NV,210793,Sac SURFING Navy,_NV,Navy,Hand Bag,Sac,Printed Nylon,Polyester; Polyester; Polyurethane,,,25.99,/232/54/210793_NV_1,210793_NV_1.jpg,none,,,,,
210804_BL,210804,Crossbody Bag SURFING Blue,_BL,Blue,Hand Bag,Cross,Peach PU,Polyurethane; Polyurethane; Polyester,,,23.99,/232/54/210804_BL_1,210804_BL_1.jpg,none,,,,,
210804_CA,210804,Crossbody Bag SURFING Camel,_CA,Camel,Hand Bag,Cross,Peach PU,Polyester; Polyurethane; Polyurethane,,,23.99,/232/54/210804_CA_1,210804_CA_1.jpg,none,,,,,
210804_EC,210804,Crossbody Bag SURFING Ecru,_EC,Ecru,Hand Bag,Cross,Peach PU,Polyester; Polyurethane; Polyurethane,,,23.99,/232/54/210804_EC_1,210804_EC_1.jpg,none,,,,,
210884_BK,210884,Shopper Bag AUGUSTO1 Black,_BK,Black,Hand Bag,Shopper,Fantasy PU,Acrylic; Polyester; Polyester; Polyester; Polyurethane,,,23.99,/232/54/210884_BK_1,210884_BK_1.jpg,none,,,,,
210884_BL,210884,Shopper Bag AUGUSTO1 Blue,_BL,Blue,Hand Bag,Shopper,Fantasy PU,Acrylic; Polyester; Polyester; Polyester; Polyurethane,,,23.99,/232/54/210884_BL_1,210884_BL_1.jpg,none,,,,,
210884_KK,210884,Shopper Bag AUGUSTO1 Khaki,_KK,Khaki,Hand Bag,Shopper,Fantasy PU,Acrylic; Polyester; Polyester; Polyester; Polyurethane,,,23.99,/232/54/210884_KK_1,210884_KK_1.jpg,none,,,,,
210884_PU,210884,Shopper Bag AUGUSTO1 Purple,_PU,Purple,Hand Bag,Shopper,Fantasy PU,Polyester; Polyester; Polyurethane; Acrylic; Polyester,,,23.99,/232/54/210884_PU_1,210884_PU_1.jpg,none,,,,,
210930_BL,210930,Backpack AUBREY 2 Blue,_BL,Blue,Hand Bag,Backpack,Printed PU,Polyester; Polyester; Polyester; Polyurethane; Polyurethane; Zinc,,,23.99,/232/54/210930_BL_1,210930_BL_1.jpg,none,,,,,
210952_BK,210952,Crossbody Bag AUBREY 2 Black,_BK,Black,Hand Bag,Cross,Fake Nylon,Polyester; Polyester; Polyurethane,,,25.99,/232/54/210952_BK_1,210952_BK_1.jpg,none,,,,,
210952_EC,210952,Crossbody Bag AUBREY 2 Ecru,_EC,Ecru,Hand Bag,Cross,Fake Nylon,Polyester; Polyester; Polyurethane,,,25.99,/232/54/210952_EC_1,210952_EC_1.jpg,none,,,,,
211220_EC,211220,Backpack BLOOMING Ecru,_EC,Ecru,Hand Bag,Backpack,Color Block,Polyester; Polyester; Polyurethane; Polyurethane,,,27.99,/232/54/211220_EC_1,211220_EC_1.jpg,none,,,,,
211234_EC,211234,Crossbody Bag BLOOMING Ecru,_EC,Ecru,Hand Bag,Cross,Plain PU,Polyester; Polyester; Polyurethane; Polyurethane,,,25.99,/232/54/211234_EC_1,211234_EC_1.jpg,none,,,,,
211306_GN,211306,Crossbody Bag MAXI MAY Green,_GN,Green,Hand Bag,Cross,Crochet,Polyester,,,29.99,/231/54/211306_GN_1,211306_GN_1.jpg,none,,,,,
211306_YL,211306,Crossbody Bag MAXI MAY Yellow,_YL,Yellow,Hand Bag,Cross,Crochet,Polyester,,,29.99,/231/54/211306_YL_1,211306_YL_1.jpg,none,,,,,
211331_BM,211331,Shopper Bag MAXI MAY Bright Multicolor,_BM,Bright Multicolor,Hand Bag,Shopper,Printed Fabric,Acrylic; Aluminium; Cotton; Cotton; Polyester,,,25.99,/231/54/211331_BM_1,211331_BM_1.jpg,none,,,,,
211358_BK,211358,Sac MAXI MAY Black,_BK,Black,Hand Bag,Sac,Fantasy Fabric,Polyester,,,19.99,/231/54/211358_BK_1,211358_BK_1.jpg,none,,,,,
211358_KK,211358,Sac MAXI MAY Khaki,_KK,Khaki,Hand Bag,Sac,Fantasy Fabric,Polyester,,,19.99,/231/54/211358_KK_1,211358_KK_1.jpg,none,,,,,
211358_YL,211358,Sac MAXI MAY Yellow,_YL,Yellow,Hand Bag,Sac,Fantasy Fabric,Polyester,,,19.99,/231/54/211358_YL_1,211358_YL_1.jpg,none,,,,,
211431_DG,211431,Tote Bag STELLA Dark Grey,_DG,Dark Grey,Hand Bag,Tote,Fake Nylon,Polyester; Polyester; Polyurethane,,,27.99,/232/54/211431_DG_1,211431_DG_1.jpg,none,,,,,
211431_EC,211431,Tote Bag STELLA Ecru,_EC,Ecru,Hand Bag,Tote,Fake Nylon,Polyester; Polyester; Polyurethane,,,27.99,/232/54/211431_EC_1,211431_EC_1.jpg,none,,,,,
211480_BK,211480,Tote Bag TIGER1 Black,_BK,Black,Hand Bag,Tote,Plain PU,Polyester; Polyurethane; Polyurethane,,,27.99,/232/54/211480_BK_1,211480_BK_1.jpg,none,,,,,
211480_TU,211480,Tote Bag TIGER1 Taupe,_TU,Taupe,Hand Bag,Tote,Plain PU,Polyester; Polyurethane; Polyurethane,,,27.99,/232/54/211480_TU_1,211480_TU_1.jpg,none,,,,,
211528_YL,211528,Crossbody Bag PETSJUNO CAPSULE Yellow,_YL,Yellow,Hand Bag,Cross,Nylon,Polyester; Polyester; Polyurethane,,,12.99,/232/54/211528_YL_1,211528_YL_1.jpg,none,,,,,
211804_BK,211804,Crossbody Bag TIGER1 Black,_BK,Black,Hand Bag,Cross,Nylon,Aluminium; Polyester; Polyester; Polyester; Polyurethane; Polyurethane,,,25.99,/232/54/211804_BK_1,211804_BK_1.jpg,none,,,,,
211820_BK,211820,Tote Bag MARIGOLD 2 Black,_BK,Black,Hand Bag,Tote,Nylon,Polyester; Polyester; Polyester; Polyurethane; Polyurethane; Thermoplastic Polyurethane,,,25.99,/232/54/211820_BK_1,211820_BK_1.jpg,none,,,,,
211820_BL,211820,Tote Bag MARIGOLD 1 Blue,_BL,Blue,Hand Bag,Tote,Nylon,Polyurethane; Polyester; Polyester; Polyester; Polyurethane; Thermoplastic Polyurethane,,,25.99,/232/54/211820_BL_1,211820_BL_1.jpg,none,,,,,
211838_BK,211838,Crossbody Bag MARIGOLD 2 Black,_BK,Black,Hand Bag,Cross,Nylon,Polyester; Polyester; Polyurethane; Polyurethane,,,25.99,/232/54/211838_BK_1,211838_BK_1.jpg,none,,,,,
211838_EC,211838,Crossbody Bag MARIGOLD 1 Ecru,_EC,Ecru,Hand Bag,Cross,Nylon,Polyester; Polyester; Polyurethane; Polyurethane,,,25.99,/232/54/211838_EC_1,211838_EC_1.jpg,none,,,,,
211838_KK,211838,Crossbody Bag MARIGOLD 2 Khaki,_KK,Khaki,Hand Bag,Cross,Nylon,Polyester; Polyester; Polyurethane; Polyurethane,,,25.99,/232/54/211838_KK_1,211838_KK_1.jpg,none,,,,,
211846_EC,211846,Sac NINA Ecru,_EC,Ecru,Hand Bag,Sac,Real Suede,Cow Suede Leather; Iron; Polyester; Polyurethane; Polyurethane,,,32.99,/232/54/211846_EC_1,211846_EC_1.jpg,none,,,,,
211925_YL,211925,Sac MAXI MAY Yellow,_YL,Yellow,Hand Bag,Sac,Nylon,Polyester; Polyester; Polyester; Polyester; Polyurethane,,,35.99,/231/54/211925_YL_1,211925_YL_1.jpg,none,,,,,
212095_BK,212095,Shopper Bag TIGER2 Black,_BK,Black,Hand Bag,Shopper,Nylon,Polyester; Polyester; Polyurethane; Polyurethane; Silicone,,,19.99,/232/54/212095_BK_1,212095_BK_1.jpg,none,,,,,
212095_KK,212095,Shopper Bag TIGER2 Khaki,_KK,Khaki,Hand Bag,Shopper,Nylon,Polyester; Polyester; Polyurethane; Polyurethane; Silicone,,,19.99,/232/54/212095_KK_1,212095_KK_1.jpg,none,,,,,
212106_BK,212106,Crossbody Bag TIGER3 Black,_BK,Black,Hand Bag,Cross,Plain PU,Polyurethane; Polyurethane; Polyester; Polyester,,,25.99,/232/54/212106_BK_1,212106_BK_1.jpg,none,,,,,
212106_KK,212106,Crossbody Bag TIGER3 Khaki,_KK,Khaki,Hand Bag,Cross,Plain PU,Polyester; Polyester; Polyurethane; Polyurethane,,,25.99,/232/54/212106_KK_1,212106_KK_1.jpg,none,,,,,
212106_TU,212106,Crossbody Bag TIGER3 Taupe,_TU,Taupe,Hand Bag,Cross,Plain PU,Polyester; Polyester; Polyurethane; Polyurethane,,,25.99,/232/54/212106_TU_1,212106_TU_1.jpg,none,,,,,
212120_BK,212120,Shopper Bag TIGER2 Black,_BK,Black,Hand Bag,Shopper,Nylon,Polyester; Polyester; Polyester; Polyester; Polyurethane,,,32.99,/232/54/212120_BK_1,212120_BK_1.jpg,none,,,,,
212120_CA,212120,Shopper Bag TIGER2 Camel,_CA,Camel,Hand Bag,Shopper,Nylon,Polyester; Polyester; Polyester; Polyester; Polyurethane,,,32.99,/232/54/212120_CA_1,212120_CA_1.jpg,none,,,,,
212122_SK,212122,Lunch Bag PANSY Skin,_SK,Skin,Hand Bag,Lunch Bag,Printed Fake Nylon,Polyester; Polyester; Polyethylene Terephthalate; Polyurethane,,,19.99,/232/54/212122_SK_1,212122_SK_1.jpg,none,,,,,
212133_BK,212133,Tote Bag HAND BAG PROVISION Black,_BK,Black,Hand Bag,Tote,Nylon,Polyester; Polyester; Polyester; Polyester; Polyurethane; Polyurethane,Light Golden,,25.99,/232/54/212133_BK_1,212133_BK_1.jpg,none,,,,,
212133_CA,212133,Tote Bag HAND BAG PROVISION Camel,_CA,Camel,Hand Bag,Tote,Nylon,Polyester; Polyester; Polyester; Polyester; Polyurethane; Polyurethane,Light Golden,,25.99,/232/54/212133_CA_1,212133_CA_1.jpg,none,,,,,
212133_KK,212133,Tote Bag HAND BAG PROVISION Khaki,_KK,Khaki,Hand Bag,Tote,Nylon,Polyester; Polyester; Polyester; Polyester; Polyurethane; Polyurethane,Light Golden,,25.99,/232/54/212133_KK_1,212133_KK_1.jpg,none,,,,,
212308_BK,212308,Shoulder Bag CRUELLA3 Black,_BK,Black,Hand Bag,Shoulder Bag,Padded Pu,Polyester; Polyurethane; Polyurethane,,,29.99,/232/54/212308_BK_1,212308_BK_1.jpg,none,,,,,
212308_EC,212308,Shoulder Bag CRUELLA3 Ecru,_EC,Ecru,Hand Bag,Shoulder Bag,Padded Pu,Polyester; Polyurethane; Polyurethane,,,29.99,/232/54/212308_EC_1,212308_EC_1.jpg,none,,,,,
212308_TU,212308,Shoulder Bag CRUELLA3 Taupe,_TU,Taupe,Hand Bag,Shoulder Bag,Padded Pu,Polyester; Polyurethane; Polyurethane,,,29.99,/232/54/212308_TU_1,212308_TU_1.jpg,none,,,,,
212349_DM,212349,Shoulder Bag CRUELLA Dark Multicolor,_DM,Dark Multicolor,Hand Bag,Shoulder Bag,Fantasy Fabric,Polyamide; Polyester; Thermoplastic Polyurethane,,,29.99,/232/54/212349_DM_1,212349_DM_1.jpg,none,,,,,
212407_DM,212407,Shoulder Bag CRUELLA3 Dark Multicolor,_DM,Dark Multicolor,Hand Bag,Shoulder Bag,Printed Fabric,Polyester; Polyester; Polyurethane,,,25.99,/232/54/212407_DM_1,212407_DM_1.jpg,none,,,,,
212408_LM,212408,Sac CRUELLA2 Lime,_LM,Lime,Hand Bag,Sac,Fantasy Fabric,Polyester; Polyester; Polyurethane,,,23.99,/232/54/212408_LM_1,212408_LM_1.jpg,none,,,,,
212408_PU,212408,Sac CRUELLA2 Purple,_PU,Purple,Hand Bag,Sac,Fantasy Fabric,Polyester; Polyester; Polyurethane,,,23.99,/232/54/212408_PU_1,212408_PU_1.jpg,none,,,,,
212717_GY,212717,Tote Bag OLIVE Grey,_GY,Grey,Hand Bag,Tote,Printed PU,Polyester; Polyester; Polyurethane; Polyurethane,,,25.99,/232/54/212717_GY_1,212717_GY_1.jpg,none,,,,,
212728_BK,212728,Backpack OLIVE Black,_BK,Black,Hand Bag,Backpack,Plain PU,Polyester; Polyester; Polyurethane; Polyurethane,,,27.99,/232/54/212728_BK_1,212728_BK_1.jpg,none,,,,,
212728_GY,212728,Backpack OLIVE Grey,_GY,Grey,Hand Bag,Backpack,Plain PU,Polyester; Polyester; Polyurethane; Polyurethane,,,27.99,/232/54/212728_GY_1,212728_GY_1.jpg,none,,,,,
212818_WT,212818,Lunch Bag BILLIE White,_WT,White,Hand Bag,Lunch Bag,Printed Fake Nylon,Polyester; Polyethylene Terephthalate; Polyurethane; Polyester,,,19.99,/232/54/212818_WT_1,212818_WT_1.jpg,none,,,,,
213187_BG,213187,Tote Bag RANIA Beige,_BG,Beige,Hand Bag,Tote,Plain PU,Polyester; Polyester; Polyester; Polyurethane; Polyurethane; Polyurethane; Polyurethane,,,25.99,/232/54/213187_BG_1,213187_BG_1.jpg,none,,,,,
213187_BK,213187,Tote Bag RANIA Black,_BK,Black,Hand Bag,Tote,Plain PU,Polyester; Polyester; Polyester; Polyurethane; Polyurethane; Polyurethane; Polyurethane,,,25.99,/232/54/213187_BK_1,213187_BK_1.jpg,none,,,,,
213187_CP,213187,Tote Bag RANIA Champagne,_CP,Champagne,Hand Bag,Tote,Plain PU,Polyester; Polyester; Polyester; Polyurethane; Polyurethane; Polyurethane; Polyurethane,,,25.99,/232/54/213187_CP_1,213187_CP_1.jpg,none,,,,,
213187_GN,213187,Tote Bag RANIA Green,_GN,Green,Hand Bag,Tote,Plain PU,Polyester; Polyester; Polyester; Polyurethane; Polyurethane; Polyurethane; Polyurethane,,,25.99,/232/54/213187_GN_1,213187_GN_1.jpg,none,,,,,
213187_GY,213187,Tote Bag RANIA Grey,_GY,Grey,Hand Bag,Tote,Plain PU,Polyester; Polyester; Polyester; Polyurethane; Polyurethane; Polyurethane; Polyurethane,,,25.99,/232/54/213187_GY_1,213187_GY_1.jpg,none,,,,,
213187_PK,213187,Tote Bag RANIA Pink,_PK,Pink,Hand Bag,Tote,Plain PU,Polyurethane; Polyurethane; Polyester; Polyester; Polyester; Polyurethane; Polyurethane,,,25.99,/232/54/213187_PK_1,213187_PK_1.jpg,none,,,,,
213188_BG,213188,Crossbody Bag RANIA Beige,_BG,Beige,Hand Bag,Cross,Plain PU,Polyester; Polyester; Polyester; Polyurethane; Polyurethane; Polyurethane,,,25.99,/232/54/213188_BG_1,213188_BG_1.jpg,none,,,,,
213188_BK,213188,Crossbody Bag RANIA Black,_BK,Black,Hand Bag,Cross,Plain PU,Polyester; Polyester; Polyester; Polyurethane; Polyurethane; Polyurethane,,,25.99,/232/54/213188_BK_1,213188_BK_1.jpg,none,,,,,
213188_CP,213188,Crossbody Bag RANIA Champagne,_CP,Champagne,Hand Bag,Cross,Plain PU,Polyester; Polyester; Polyester; Polyurethane; Polyurethane; Polyurethane,,,25.99,/232/54/213188_CP_1,213188_CP_1.jpg,none,,,,,
213188_GN,213188,Crossbody Bag RANIA Green,_GN,Green,Hand Bag,Cross,Plain PU,Polyester; Polyester; Polyester; Polyurethane; Polyurethane; Polyurethane,,,25.99,/232/54/213188_GN_1,213188_GN_1.jpg,none,,,,,
213189_BK,213189,Backpack VILLAGE 1 Black,_BK,Black,Hand Bag,Backpack,Fake Nylon,Polyester; Polyester; Polyester; Polyester; Polyurethane; Polyurethane; Polyurethane,,,27.99,/232/54/213189_BK_1,213189_BK_1.jpg,none,,,,,
213189_TE,213189,Backpack VILLAGE 1 Pastel Grey,_TE,Pastel Grey,Hand Bag,Backpack,Fake Nylon,Polyester; Polyester; Polyester; Polyester; Polyurethane; Polyurethane; Polyurethane,,,27.99,/232/54/213189_TE_1,213189_TE_1.jpg,none,,,,,
213207_BK,213207,Crossbody Bag VILLAGE 2 Black,_BK,Black,Hand Bag,Cross,Plain PU,Polyester; Polyurethane; Polyurethane,,,23.99,/232/54/213207_BK_1,213207_BK_1.jpg,none,,,,,
213207_PK,213207,Crossbody Bag VILLAGE 2 Pink,_PK,Pink,Hand Bag,Cross,Plain PU,Polyester; Polyurethane; Polyurethane,,,23.99,/232/54/213207_PK_1,213207_PK_1.jpg,none,,,,,
213211_GY,213211,Lunch Bag VILLAGE 2 Grey,_GY,Grey,Hand Bag,Lunch Bag,Printed Fake Nylon,Polyester; Polyester; Polyethylene Terephthalate; Polyurethane,,,19.99,/232/54/213211_GY_1,213211_GY_1.jpg,none,,,,,
213257_BK,213257,Crossbody Bag CAMO2 Black,_BK,Black,Hand Bag,Cross,Padded Pu,Polyester; Polyester; Polyurethane; Polyurethane; Polyurethane,,,27.99,/232/54/213257_BK_1,213257_BK_1.jpg,none,,,,,
213257_EC,213257,Crossbody Bag CAMO2 Ecru,_EC,Ecru,Hand Bag,Cross,Padded Pu,Polyester; Polyester; Polyester; Polyurethane; Polyurethane; Polyurethane; Polyurethane,,,27.99,/232/54/213257_EC_1,213257_EC_1.jpg,none,,,,,
213257_GN,213257,Crossbody Bag CAMO2 Green,_GN,Green,Hand Bag,Cross,Padded Pu,Polyester; Polyester; Polyester; Polyurethane; Polyurethane; Polyurethane; Polyurethane,,,27.99,/232/54/213257_GN_1,213257_GN_1.jpg,none,,,,,
213469_SV,213469,Shopper Bag MAXI JULLIET Silver,_SV,Silver,Hand Bag,Shopper,Fantasy PU,Polyamide; Polyester; Polyurethane; Polyurethane,,,29.99,/232/54/213469_SV_1,213469_SV_1.jpg,none,,,,,
213596_BK,213596,Tote Bag ROCK3 Black,_BK,Black,Hand Bag,Tote,Fantasy PU,Crystal Glass; Iron; Polyester; Polyurethane; Polyurethane; Polyurethane,,,25.99,/232/54/213596_BK_1,213596_BK_1.jpg,none,,,,,
213830_BK,213830,Backpack ANIME2 Black,_BK,Black,Hand Bag,Backpack,Nylon,Aluminium; Polyester; Polyester; Polyester; Polyurethane; Zinc; Polyethylene,,,27.99,/232/54/213830_BK_1,213830_BK_1.jpg,none,,,,,
213830_GY,213830,Backpack ANIME2 Grey,_GY,Grey,Hand Bag,Backpack,Nylon,Aluminium; Polyester; Polyester; Polyester; Polyurethane; Zinc; Polyethylene,,,27.99,/232/54/213830_GY_1,213830_GY_1.jpg,none,,,,,
213832_BK,213832,Tote Bag ANIME3 Black,_BK,Black,Hand Bag,Tote,Peach PU,Polyester; Polyurethane; Polyurethane,,,25.99,/232/54/213832_BK_2y,213832_BK_2y.jpg,none,,,,,
213832_EC,213832,Tote Bag ANIME3 Ecru,_EC,Ecru,Hand Bag,Tote,Peach PU,Polyester; Polyurethane; Polyurethane,,,25.99,/232/54/213832_EC_1y,213832_EC_1y.jpg,none,,,,,
213832_KK,213832,Tote Bag ANIME3 Khaki,_KK,Khaki,Hand Bag,Tote,Peach PU,Polyester; Polyurethane; Polyurethane,,,25.99,/232/54/213832_KK_2y,213832_KK_2y.jpg,none,,,,,
214038_WT,214038,Shoulder Bag NET1 White,_WT,White,Hand Bag,Shoulder Bag,Nylon,Polyester; Polyester; Polyurethane,,,29.99,/232/54/214038_WT_1,214038_WT_1.jpg,none,,,,,
214242_EC,214242,Crossbody Bag EARLYBIRD Ecru,_EC,Ecru,Hand Bag,Cross,Printed PU,Polyester; Polyurethane; Polyurethane,,,25.99,/241/54/214242_EC_1,214242_EC_1.jpg,none,,,,,
214248_EC,214248,Crossbody Bag EARLYBIRD Ecru,_EC,Ecru,Hand Bag,Cross,Plain PU,Polyester; Polyurethane; Polyurethane,,,25.99,/241/54/214248_EC_1,214248_EC_1.jpg,none,,,,,
214248_TU,214248,Crossbody Bag EARLYBIRD Taupe,_TU,Taupe,Hand Bag,Cross,Plain PU,Polyester; Polyurethane; Polyurethane,,,25.99,/241/54/214248_TU_1,214248_TU_1.jpg,none,,,,,
214253_BK,214253,Shoulder Bag BOOMER2 Black,_BK,Black,Hand Bag,Shoulder Bag,Padded Pu,Polyester; Polyurethane; Polyurethane,,,27.99,/232/54/214253_BK_1,214253_BK_1.jpg,none,,,,,
214253_CA,214253,Shoulder Bag BOOMER2 Camel,_CA,Camel,Hand Bag,Shoulder Bag,Padded Pu,Polyester; Polyurethane; Polyurethane,,,27.99,/232/54/214253_CA_1,214253_CA_1.jpg,none,,,,,
214253_EC,214253,Shoulder Bag BOOMER2 Ecru,_EC,Ecru,Hand Bag,Shoulder Bag,Padded Pu,Polyester; Polyurethane; Polyurethane,,,27.99,/232/54/214253_EC_1,214253_EC_1.jpg,none,,,,,
214425_BM,214425,Shopper Bag BOOMER1 Bright Multicolor,_BM,Bright Multicolor,Hand Bag,Shopper,Printed PU,Polyurethane; Polyurethane,,,27.99,/232/54/214425_BM_1,214425_BM_1.jpg,none,,,,,
214451_BM,214451,Tote Bag ANIME2 Bright Multicolor,_BM,Bright Multicolor,Hand Bag,Tote,Printed Nylon,Polyester; Polyester; Polyethylene Terephthalate; Polyurethane,,,29.99,/232/54/214451_BM_1,214451_BM_1.jpg,none,,,,,
214498_BK,214498,Crossbody Bag CAROLINE Black,_BK,Black,Hand Bag,Cross,Plain PU,Polyester; Polyurethane; Polyurethane,,,23.99,/241/54/214498_BK_1,214498_BK_1.jpg,none,,,,,
214498_EC,214498,Crossbody Bag CAROLINE Ecru,_EC,Ecru,Hand Bag,Cross,Plain PU,Polyurethane; Polyester; Polyurethane,,,23.99,/241/54/214498_EC_1,214498_EC_1.jpg,none,,,,,
214498_KK,214498,Crossbody Bag CAROLINE Khaki,_KK,Khaki,Hand Bag,Cross,Plain PU,Polyester; Polyurethane; Polyurethane,,,23.99,/241/54/214498_KK_1,214498_KK_1.jpg,none,,,,,
214695_BK,214695,Shopper Bag SILVERSURFER2 Black,_BK,Black,Hand Bag,Shopper,Plain PU,Polyester; Polyurethane; Polyurethane,,,32.99,/241/54/214695_BK_1,214695_BK_1.jpg,none,,,,,
214709_BK,214709,Crossbody Bag SILVERSURFER3 Black,_BK,Black,Hand Bag,Cross,Plain PU,Polyester; Polyester; Polyurethane; Polyurethane,,,25.99,/232/54/214709_BK_1y,214709_BK_1y.jpg,none,,,,,
214709_TU,214709,Crossbody Bag SILVERSURFER3 Taupe,_TU,Taupe,Hand Bag,Cross,Plain PU,Polyester; Polyester; Polyurethane; Polyurethane,,,25.99,/232/54/214709_TU_2y,214709_TU_2y.jpg,none,,,,,
215032_BK,215032,Crossbody Bag MILITARY2 Black,_BK,Black,Hand Bag,Cross,Plain PU,Polyester; Polyester; Polyurethane; Polyurethane; Polyurethane,,,23.99,/232/54/215032_BK_1,215032_BK_1.jpg,none,,,,,
215032_BL,215032,Crossbody Bag MILITARY2 Blue,_BL,Blue,Hand Bag,Cross,Plain PU,Polyester; Polyester; Polyurethane; Polyurethane; Polyurethane,,,23.99,/232/54/215032_BL_1,215032_BL_1.jpg,none,,,,,
215032_EC,215032,Crossbody Bag MILITARY2 Ecru,_EC,Ecru,Hand Bag,Cross,Plain PU,Polyester; Polyester; Polyurethane; Polyurethane; Polyurethane,,,23.99,/232/54/215032_EC_1,215032_EC_1.jpg,none,,,,,
215159_MI,215159,Crossbody Bag SILVERSURFER2 Midnight Blue,_MI,Midnight Blue,Hand Bag,Cross,Fantasy PU,Polyester; Polyester; Polyurethane; Polyurethane,,,25.99,/232/54/215159_MI_1y,215159_MI_1y.jpg,none,,,,,
215219_BK,215219,Belt Bag TRECKING CAPSULE Black,_BK,Black,Hand Bag,Belt Bag,Nylon,Polyester; Polyester; Polyurethane; Recycled Polyamide,,,25.99,/232/54/215219_BK_1,215219_BK_1.jpg,none,,,,,
215219_BM,215219,Belt Bag TRECKING CAPSULE Bright Multicolor,_BM,Bright Multicolor,Hand Bag,Belt Bag,Nylon,Polyester; Polyester; Polyurethane; Recycled Polyamide,,,25.99,/232/54/215219_BM_1,215219_BM_1.jpg,none,,,,,
215221_SV,215221,Belt Bag TRECKING CAPSULE Silver,_SV,Silver,Hand Bag,Belt Bag,Fantasy Fabric,Polyester; Polyester; Polyurethane; Recycled Polyamide,,,25.99,/232/54/215221_SV_1,215221_SV_1.jpg,none,,,,,
215530_BK,215530,Tote Bag NYT Black,_BK,Black,Hand Bag,Tote,Nylon,Cotton; Polyester; Polyester; Polyester; Polyurethane; Polyurethane; Zinc,,,27.99,/241/54/215530_BK_1,215530_BK_1.jpg,none,,,,,
215530_CA,215530,Tote Bag NYT Camel,_CA,Camel,Hand Bag,Tote,Nylon,Cotton; Polyester; Polyester; Polyester; Polyurethane; Polyurethane; Zinc,,,27.99,/241/54/215530_CA_1,215530_CA_1.jpg,none,,,,,
215530_KK,215530,Tote Bag NYT Khaki,_KK,Khaki,Hand Bag,Tote,Nylon,Cotton; Polyester; Polyester; Polyester; Polyurethane; Polyurethane; Zinc,,,27.99,/241/54/215530_KK_1,215530_KK_1.jpg,none,,,,,
216176_DM,216176,Crossbody Bag MANHATAN2 Dark Multicolor,_DM,Dark Multicolor,Hand Bag,Cross,Real Fur,Polyurethane; Cow Leather; Polyester; Polyurethane,Light Golden,,29.99,/241/54/216176_DM_1,216176_DM_1.jpg,none,,,,,
216265_BK,216265,Computer Hand Bag MANHATAN3 Black,_BK,Black,Hand Bag,Computer Hand Bag,Plain PU,Polyester; Polyester; Polyurethane; Polyurethane; Polyurethane; Cow Leather,Light Golden,,35.99,/241/54/216265_BK_1,216265_BK_1.jpg,none,,,,,
216265_TU,216265,Computer Hand Bag MANHATAN3 Taupe,_TU,Taupe,Hand Bag,Computer Hand Bag,Plain PU,Cow Leather; Polyester; Polyester; Polyurethane; Polyurethane; Polyurethane,Light Golden,,35.99,/241/54/216265_TU_1,216265_TU_1.jpg,none,,,,,
216306_BK,216306,Briefcase MAGIK Black,_BK,Black,Hand Bag,Briefcase,Fake Nylon,Polyester; Polyester; Polyurethane; Polyurethane; Polyurethane; Zinc,Silver,,35.99,/241/54/216306_BK_1,216306_BK_1.jpg,none,,,,,
216306_EC,216306,Briefcase MAGIK Ecru,_EC,Ecru,Hand Bag,Briefcase,Fake Nylon,Polyester; Polyester; Polyurethane; Polyurethane; Polyurethane; Zinc,Silver,,35.99,/241/54/216306_EC_1,216306_EC_1.jpg,none,,,,,
216306_TU,216306,Briefcase MAGIK Taupe,_TU,Taupe,Hand Bag,Briefcase,Fake Nylon,Polyester; Polyester; Polyurethane; Polyurethane; Polyurethane; Zinc,Silver,,35.99,/241/54/216306_TU_1,216306_TU_1.jpg,none,,,,,
216309_BK,216309,Crossbody Bag MAGIK Black,_BK,Black,Hand Bag,Cross,Fake Nylon,Polyester; Polyester; Polyurethane; Polyurethane; Polyurethane; Zinc,Silver,,25.99,/241/54/216309_BK_1,216309_BK_1.jpg,none,,,,,
216309_BL,216309,Crossbody Bag MAGIK Blue,_BL,Blue,Hand Bag,Cross,Fake Nylon,Polyester; Polyester; Polyurethane; Polyurethane; Polyurethane; Zinc,Silver,,25.99,/241/54/216309_BL_1,216309_BL_1.jpg,none,,,,,
216309_EC,216309,Crossbody Bag MAGIK Ecru,_EC,Ecru,Hand Bag,Cross,Fake Nylon,Polyester; Polyester; Polyurethane; Polyurethane; Polyurethane; Zinc,Silver,,25.99,/241/54/216309_EC_1,216309_EC_1.jpg,none,,,,,
216309_TU,216309,Crossbody Bag MAGIK Taupe,_TU,Taupe,Hand Bag,Cross,Fake Nylon,Polyester; Polyester; Polyurethane; Polyurethane; Polyurethane; Zinc,Silver,,25.99,/241/54/216309_TU_1,216309_TU_1.jpg,none,,,,,
216356_BK,216356,Backpack MAGIK LOVE Black,_BK,Black,Hand Bag,Backpack,Nylon,Polyester; Polyester; Polyurethane; Polyurethane; Zinc,,,25.99,/241/54/216356_BK_1,216356_BK_1.jpg,none,,,,,
216356_BL,216356,Backpack MAGIK LOVE Blue,_BL,Blue,Hand Bag,Backpack,Nylon,Polyester; Polyester; Polyurethane; Polyurethane; Zinc,,,25.99,/241/54/216356_BL_1,216356_BL_1.jpg,none,,,,,
216356_EC,216356,Backpack MAGIK LOVE Ecru,_EC,Ecru,Hand Bag,Backpack,Nylon,Zinc; Polyester; Polyester; Polyurethane; Polyurethane,,,25.99,/241/54/216356_EC_1,216356_EC_1.jpg,none,,,,,
216356_FU,216356,Backpack MAGIK LOVE Fuchsia,_FU,Fuchsia,Hand Bag,Backpack,Nylon,Polyester; Polyester; Polyurethane; Polyurethane; Zinc,,,25.99,/241/54/216356_FU_1,216356_FU_1.jpg,none,,,,,
216356_TU,216356,Backpack MAGIK LOVE Taupe,_TU,Taupe,Hand Bag,Backpack,Nylon,Polyester; Polyester; Polyurethane; Polyurethane; Zinc,,,25.99,/241/54/216356_TU_1,216356_TU_1.jpg,none,,,,,
216478_BK,216478,Tote Bag ESSENTIALS3 Black,_BK,Black,Hand Bag,Tote,Plain PU,Polyester; Polyester; Polyurethane; Polyurethane; Polyurethane,Light Golden,,35.99,/241/54/216478_BK_1,216478_BK_1.jpg,none,,,,,
216478_KK,216478,Tote Bag ESSENTIALS3 Khaki,_KK,Khaki,Hand Bag,Tote,Plain PU,Polyester; Polyester; Polyurethane; Polyurethane; Polyurethane,Light Golden,,35.99,/241/54/216478_KK_1,216478_KK_1.jpg,none,,,,,
216478_TU,216478,Tote Bag ESSENTIALS3 Taupe,_TU,Taupe,Hand Bag,Tote,Plain PU,Polyurethane; Polyurethane; Polyurethane; Polyester; Polyester,Light Golden,,35.99,/241/54/216478_TU_1,216478_TU_1.jpg,none,,,,,
216480_BK,216480,Computer Hand Bag MILITARY1 Black,_BK,Black,Hand Bag,Computer Hand Bag,Plain PU,Polyester; Polyester; Polyester; Polyurethane; Polyurethane,Silver,,35.99,/241/54/216480_BK_2y,216480_BK_2y.jpg,none,,,,,
216480_TU,216480,Computer Hand Bag MILITARY1 Taupe,_TU,Taupe,Hand Bag,Computer Hand Bag,Plain PU,Polyester; Polyester; Polyester; Polyurethane; Polyurethane,Silver,,35.99,/241/54/216480_TU_2y,216480_TU_2y.jpg,none,,,,,
216575_BK,216575,Tote Bag PICASSO3 Black,_BK,Black,Hand Bag,Tote,Plain PU,Polyester; Polyurethane; Polyurethane,Light Golden,,29.99,/241/54/216575_BK_1,216575_BK_1.jpg,none,,,,,
216575_KK,216575,Tote Bag PICASSO3 Khaki,_KK,Khaki,Hand Bag,Tote,Plain PU,Polyester; Polyurethane; Polyurethane,Light Golden,,29.99,/241/54/216575_KK_1,216575_KK_1.jpg,none,,,,,
216575_TU,216575,Tote Bag PICASSO3 Taupe,_TU,Taupe,Hand Bag,Tote,Plain PU,Polyester; Polyurethane; Polyurethane,Light Golden,,29.99,/241/54/216575_TU_1,216575_TU_1.jpg,none,,,,,
216587_BK,216587,Tote Bag FIRE2 Black,_BK,Black,Hand Bag,Tote,Nylon,Polyester; Polyester; Polyester; Polyester; Polyurethane,Silver,,25.99,/241/54/216587_BK_1,216587_BK_1.jpg,none,,,,,
216587_TU,216587,Tote Bag FIRE2 Taupe,_TU,Taupe,Hand Bag,Tote,Nylon,Polyester; Polyurethane; Polyester; Polyester; Polyester,Silver,,25.99,/241/54/216587_TU_2y,216587_TU_2y.jpg,none,,,,,
216593_CA,216593,Shoulder Bag MILITARY1 Camel,_CA,Camel,Hand Bag,Shoulder Bag,Fake Suede,Polyester; Polyester; Polyurethane,,,27.99,/241/54/216593_CA_1,216593_CA_1.jpg,none,,,,,
216633_BK,216633,Tote Bag MAXI DOTTS Black,_BK,Black,Hand Bag,Tote,Real Fur,Cow Leather; Polyester; Polyurethane; Polyurethane,,,29.99,/241/54/216633_BK_1,216633_BK_1.jpg,none,,,,,
216758_BK,216758,Crossbody Bag JUNGLE LEATHER Black,_BK,Black,Hand Bag,Cross,Leather,Cow Leather; Cotton,Silver,,29.99,/241/54/216758_BK_1,216758_BK_1.jpg,none,,,,,
216758_EC,216758,Crossbody Bag JUNGLE LEATHER Ecru,_EC,Ecru,Hand Bag,Cross,Leather,Cotton; Cow Leather,Antik Silver,,29.99,/241/54/216758_EC_1,216758_EC_1.jpg,none,,,,,
216758_OR,216758,Crossbody Bag JUNGLE LEATHER Orange,_OR,Orange,Hand Bag,Cross,Leather,Cotton; Cow Leather,Silver,,29.99,/241/54/216758_OR_1,216758_OR_1.jpg,none,,,,,
216762_BK,216762,Shoulder Bag JUNGLE LEATHER Black,_BK,Black,Hand Bag,Shoulder Bag,Leather,Cotton; Cow Leather,Silver,,49.99,/241/54/216762_BK_1,216762_BK_1.jpg,none,,,,,
216762_EC,216762,Shoulder Bag JUNGLE LEATHER Ecru,_EC,Ecru,Hand Bag,Shoulder Bag,Leather,Cotton; Cow Leather,Antik Silver,,49.99,/241/54/216762_EC_1,216762_EC_1.jpg,none,,,,,
216762_KK,216762,Shoulder Bag JUNGLE LEATHER Khaki,_KK,Khaki,Hand Bag,Shoulder Bag,Leather,Cotton; Cow Leather,Silver,,49.99,/241/54/216762_KK_1,216762_KK_1.jpg,none,,,,,
216762_SV,216762,Shoulder Bag JUNGLE LEATHER Silver,_SV,Silver,Hand Bag,Shoulder Bag,Leather,Cotton; Cow Leather,Antik Silver,,49.99,/241/54/216762_SV_1,216762_SV_1.jpg,none,,,,,
216868_BK,216868,Tote Bag PICASSO2 Black,_BK,Black,Hand Bag,Tote,Peach PU,Polyester; Polyurethane; Polyurethane,Silver,,29.99,/241/54/216868_BK_1,216868_BK_1.jpg,none,,,,,
216868_CA,216868,Tote Bag PICASSO2 Camel,_CA,Camel,Hand Bag,Tote,Peach PU,Polyester; Polyurethane; Polyurethane,Silver,,29.99,/241/54/216868_CA_1,216868_CA_1.jpg,none,,,,,
216868_EC,216868,Tote Bag PICASSO2 Ecru,_EC,Ecru,Hand Bag,Tote,Peach PU,Polyester; Polyurethane; Polyurethane,Silver,,29.99,/241/54/216868_EC_1,216868_EC_1.jpg,none,,,,,
216876_BK,216876,Shoulder Bag SPLASH2 Black,_BK,Black,Hand Bag,Shoulder Bag,Plain PU,Polyester; Polyester; Polyurethane; Polyurethane,,,27.99,/241/54/216876_BK_1,216876_BK_1.jpg,none,,,,,
216876_EC,216876,Shoulder Bag SPLASH2 Ecru,_EC,Ecru,Hand Bag,Shoulder Bag,Plain PU,Polyester; Polyester; Polyurethane; Polyurethane,,,27.99,/241/54/216876_EC_1,216876_EC_1.jpg,none,,,,,
216877_LM,216877,Shoulder Bag SPLASH2 Lime,_LM,Lime,Hand Bag,Shoulder Bag,Plain PU,Polyester; Polyester; Polyurethane; Polyurethane,Silver,,25.99,/241/54/216877_LM_1,216877_LM_1.jpg,none,,,,,
216908_BK,216908,Shoulder Bag SPLASH1 Black,_BK,Black,Hand Bag,Shoulder Bag,Padded Pu,Polyester; Polyurethane; Polyurethane,Silver,,23.99,/241/54/216908_BK_1,216908_BK_1.jpg,none,,,,,
217008_NU,217008,Shoulder Bag EMAN Nude,_NU,Nude,Hand Bag,Shoulder Bag,Padded Pu,Polyester; Polyurethane; Polyurethane,Light Golden,,23.99,/241/54/217008_NU_1,217008_NU_1.jpg,none,,,,,
217026_BG,217026,Backpack GEORGIA Beige,_BG,Beige,Hand Bag,Backpack,Canvas,Cotton; Polyester; Polyester; Polyurethane; Polyurethane,Light Golden,,25.99,/241/54/217026_BG_1,217026_BG_1.jpg,none,,,,,
217026_KK,217026,Backpack GEORGIA Khaki,_KK,Khaki,Hand Bag,Backpack,Canvas,Cotton; Polyester; Polyester; Polyurethane; Polyurethane,Light Golden,,25.99,/241/54/217026_KK_1,217026_KK_1.jpg,none,,,,,
217229_EC,217229,Tote Bag EMAN Ecru,_EC,Ecru,Hand Bag,Tote,Plain PU,Polyester; Polyester; Polyurethane; Polyurethane; Polyurethane; Zinc,,,27.99,/241/54/217229_EC_1,217229_EC_1.jpg,none,,,,,
217232_BK,217232,Crossbody Bag ZOO2 Black,_BK,Black,Hand Bag,Cross,Plain PU,Polyester; Polyurethane; Polyurethane,,,27.99,/241/54/217232_BK_1,217232_BK_1.jpg,none,,,,,
217232_EC,217232,Crossbody Bag ZOO2 Ecru,_EC,Ecru,Hand Bag,Cross,Plain PU,Polyester; Polyurethane; Polyurethane,,,27.99,/241/54/217232_EC_1,217232_EC_1.jpg,none,,,,,
217232_KK,217232,Crossbody Bag ZOO2 Khaki,_KK,Khaki,Hand Bag,Cross,Plain PU,Polyester; Polyurethane; Polyurethane,,,27.99,/241/54/217232_KK_1,217232_KK_1.jpg,none,,,,,
217361_CA,217361,Crossbody Bag FLEUR Camel,_CA,Camel,Hand Bag,Cross,Fantasy PU,Polyester; Polyurethane; Polyurethane,Light Golden,,23.99,/241/54/217361_CA_1,217361_CA_1.jpg,none,,,,,
217550_BK,217550,Tote Bag TROPICO Black,_BK,Black,Hand Bag,Tote,Plain PU,Polyester; Polyester; Polyurethane; Polyurethane; Stone; Wood; Zinc,Light Golden,,25.99,/241/54/217550_BK_1,217550_BK_1.jpg,none,,,,,
217550_EC,217550,Tote Bag TROPICO Ecru,_EC,Ecru,Hand Bag,Tote,Plain PU,Polyester; Polyester; Polyurethane; Polyurethane; Stone; Wood; Zinc,Light Golden,,25.99,/241/54/217550_EC_1,217550_EC_1.jpg,none,,,,,
217552_CL,217552,Crossbody Bag TROPICO Coral,_CL,Coral,Hand Bag,Cross,Color Block,Polyester; Polyurethane; Polyurethane,Light Golden,,25.99,/241/54/217552_CL_1,217552_CL_1.jpg,none,,,,,
217797_PK,217797,Shopper Bag CUPID Pink,_PK,Pink,Hand Bag,Shopper,Denim,Cotton; Polyester; Polyurethane,Silver,,29.99,/241/54/217797_PK_1,217797_PK_1.jpg,none,,,,,
2178661TU,217866,Tote Bag STRIPES1 Taupe,1TU,Taupe,Hand Bag,Tote,Peach PU,Polyester; Polyurethane; Polyurethane,Silver,,25.99,/241/54/2178661TU_1,2178661TU_1.jpg,none,,,,,
217866_BK,217866,Tote Bag STRIPES1 Black,_BK,Black,Hand Bag,Tote,Peach PU,Polyester; Polyurethane; Polyurethane,Silver,,25.99,/241/54/217866_BK_1,217866_BK_1.jpg,none,,,,,
217881_BK,217881,Crossbody Bag STREET Black,_BK,Black,Hand Bag,Cross,Fake Nylon,Polyester; Polyester; Polyurethane,Silver,,25.99,/241/54/217881_BK_1,217881_BK_1.jpg,none,,,,,
217881_EC,217881,Crossbody Bag STREET Ecru,_EC,Ecru,Hand Bag,Cross,Fake Nylon,Polyester; Polyester; Polyurethane,Silver,,25.99,/241/54/217881_EC_1,217881_EC_1.jpg,none,,,,,
217881_KK,217881,Crossbody Bag STREET Khaki,_KK,Khaki,Hand Bag,Cross,Fake Nylon,Polyester; Polyester; Polyurethane,Silver,,25.99,/241/54/217881_KK_1,217881_KK_1.jpg,none,,,,,
217982_BL,217982,Backpack SMILE Blue,_BL,Blue,Hand Bag,Backpack,Printed PU,Polyester; Polyurethane; Polyurethane,Silver,,19.99,/241/54/217982_BL_1,217982_BL_1.jpg,none,,,,,
218021_BK,218021,Backpack PICASSO3 Black,_BK,Black,Hand Bag,Backpack,Nylon,Aluminium; Polyester; Polyester; Polyester; Polyurethane; Silicone; Zinc,Silver,,29.99,/241/54/218021_BK_1,218021_BK_1.jpg,none,,,,,
218170_BK,218170,Tote Bag BRIGITTE Black,_BK,Black,Hand Bag,Tote,Plain PU,Polyester; Polyester; Polyurethane; Polyurethane; Shell; Zinc,Silver,,23.99,/241/54/218170_BK_1,218170_BK_1.jpg,none,,,,,
218170_BL,218170,Tote Bag BRIGITTE Blue,_BL,Blue,Hand Bag,Tote,Plain PU,Polyester; Polyester; Polyurethane; Polyurethane; Shell; Zinc,Silver,,23.99,/241/54/218170_BL_1,218170_BL_1.jpg,none,,,,,
218170_CA,218170,Tote Bag BRIGITTE Camel,_CA,Camel,Hand Bag,Tote,Plain PU,Polyester; Polyester; Polyurethane; Polyurethane; Shell; Zinc,Silver,,23.99,/241/54/218170_CA_1,218170_CA_1.jpg,none,,,,,
218170_CL,218170,Tote Bag BRIGITTE Coral,_CL,Coral,Hand Bag,Tote,Plain PU,Polyester; Polyester; Polyurethane; Polyurethane; Shell; Zinc,Silver,,23.99,/241/54/218170_CL_1,218170_CL_1.jpg,none,,,,,
218170_EC,218170,Tote Bag BRIGITTE Ecru,_EC,Ecru,Hand Bag,Tote,Plain PU,Polyester; Polyester; Polyurethane; Polyurethane; Shell; Zinc,Silver,,23.99,/241/54/218170_EC_1,218170_EC_1.jpg,none,,,,,
218170_NV,218170,Tote Bag BRIGITTE Navy,_NV,Navy,Hand Bag,Tote,Plain PU,Polyester; Polyester; Polyurethane; Polyurethane; Shell; Zinc,Light Golden,,23.99,/241/54/218170_NV_1,218170_NV_1.jpg,none,,,,,
218265_BK,218265,Shopper Bag FLOWER PATCH Black,_BK,Black,Hand Bag,Shopper,Plain PU,Polyester; Polyurethane; Polyurethane,Light Golden,,25.99,/241/54/218265_BK_1,218265_BK_1.jpg,none,,,,,
218265_CA,218265,Shopper Bag FLOWER PATCH Camel,_CA,Camel,Hand Bag,Shopper,Plain PU,Polyester; Polyurethane; Polyurethane,Light Golden,,25.99,/241/54/218265_CA_1,218265_CA_1.jpg,none,,,,,
218265_EC,218265,Shopper Bag FLOWER PATCH Ecru,_EC,Ecru,Hand Bag,Shopper,Plain PU,Polyester; Polyurethane; Polyurethane,Light Golden,,25.99,/241/54/218265_EC_1,218265_EC_1.jpg,none,,,,,
218265_NV,218265,Shopper Bag FLOWER PATCH Navy,_NV,Navy,Hand Bag,Shopper,Plain PU,Polyurethane; Polyurethane; Polyester,Light Golden,,25.99,/241/54/218265_NV_1,218265_NV_1.jpg,none,,,,,
218269_EC,218269,Crossbody Bag FLOWER PATCH Ecru,_EC,Ecru,Hand Bag,Cross,Plain PU,Polyester; Polyurethane; Polyurethane,Silver,,25.99,/241/54/218269_EC_1,218269_EC_1.jpg,none,,,,,
218272_BL,218272,Crossbody Bag FLOWER PATCH Blue,_BL,Blue,Hand Bag,Cross,Color Block,Polyester; Polyurethane; Polyurethane,Silver,,23.99,/241/54/218272_BL_1,218272_BL_1.jpg,none,,,,,
218272_CL,218272,Crossbody Bag FLOWER PATCH Coral,_CL,Coral,Hand Bag,Cross,Color Block,Polyester; Polyurethane; Polyurethane,Light Golden,,23.99,/241/54/218272_CL_1,218272_CL_1.jpg,none,,,,,
218453NC,218453,Tote Bag ZOO2 Natural Color,NC,Natural Color,Hand Bag,Tote,Paper straw,Paper; Polyurethane,,,27.99,/241/54/218453NC_1,218453NC_1.jpg,none,,,,,
218631_EC,218631,Sac MADEIRA Ecru,_EC,Ecru,Hand Bag,Sac,Crochet,Cotton; Cotton; Linen,,,39.99,/241/54/218631_EC_1,218631_EC_1.jpg,none,,,,,
218631_PU,218631,Sac MADEIRA Purple,_PU,Purple,Hand Bag,Sac,Crochet,Cotton; Cotton; Linen,,,39.99,/241/54/218631_PU_1,218631_PU_1.jpg,none,,,,,
218631_RD,218631,Sac MADEIRA Red,_RD,Red,Hand Bag,Sac,Crochet,Cotton; Cotton; Linen,,,39.99,/241/54/218631_RD_1,218631_RD_1.jpg,none,,,,,
218734NC,218734,Shopper Bag CURRY2 Natural Color,NC,Natural Color,Hand Bag,Shopper,Paper straw,Cotton; Linen; Paper; Polyester,Silver,,25.99,/241/54/218734NC_1,218734NC_1.jpg,none,,,,,
218871_CA,218871,Crossbody Bag MANAUS Camel,_CA,Camel,Hand Bag,Cross,Paper straw,Cotton; Paper; Polyester; Polyurethane; Polyurethane; Viscose,,,25.99,/241/54/218871_CA_1,218871_CA_1.jpg,none,,,,,
218912_PK,218912,Backpack MAMMINA Pink,_PK,Pink,Hand Bag,Backpack,Printed Fake Nylon,Polyester; Polyester; Polyester; Polyester; Polyurethane; Polyurethane,,,17.99,/241/54/218912_PK_1,218912_PK_1.jpg,none,,,,,
218956_BL,218956,Shopper Bag MAMMINA Blue,_BL,Blue,Hand Bag,Shopper,Denim,Cotton; Polyester; Polyester; Polyurethane; Polyurethane; Polyurethane; Polyester,Silver,,25.99,/241/54/218956_BL_1,218956_BL_1.jpg,none,,,,,
219034NC,219034,Tote Bag POPEYE2 Natural Color,NC,Natural Color,Hand Bag,Tote,Fake straw,Polyester; Polyester; Polypropylene; Polyurethane; Polyurethane,,,27.99,/241/54/219034NC_1,219034NC_1.jpg,none,,,,,
219311_GD,219311,Tote Bag SELVA2 Gold,_GD,Gold,Hand Bag,Tote,Fantasy Fabric,Cotton; Polyamide; Polyamide; Polyurethane; Polyurethane,Light Golden,,23.99,/241/54/219311_GD_1,219311_GD_1.jpg,none,,,,,
219314_CA,219314,Sac SELVA3 Camel,_CA,Camel,Hand Bag,Sac,Plain PU,Polyurethane; Polyurethane; Polyester; Polyester; Polyurethane; Polyurethane,,,25.99,/241/54/219314_CA_1,219314_CA_1.jpg,none,,,,,
219314_EC,219314,Sac SELVA3 Ecru,_EC,Ecru,Hand Bag,Sac,Plain PU,Polyester; Polyester; Polyurethane; Polyurethane; Polyurethane; Polyurethane,,,25.99,/241/54/219314_EC_1,219314_EC_1.jpg,none,,,,,
219475_BK,219475,Shoulder Strap for Bags ZOO1 Black,_BK,Black,Hand Bag,Shoulder Strap,Plain Fabric,Polyester; Zinc,Silver,,4.99,/241/54/219475_BK_1,219475_BK_1.jpg,none,,,,,
219475_EC,219475,Shoulder Strap for Bags ZOO1 Ecru,_EC,Ecru,Hand Bag,Shoulder Strap,Plain Fabric,Polyester; Zinc,Silver,,4.99,/241/54/219475_EC_1,219475_EC_1.jpg,none,,,,,
219475_TU,219475,Shoulder Strap for Bags ZOO1 Taupe,_TU,Taupe,Hand Bag,Shoulder Strap,Plain Fabric,Polyester; Zinc,Silver,,4.99,/241/54/219475_TU_1,219475_TU_1.jpg,none,,,,,
219542NC,219542,Shopper Bag BUZIOS SET Natural Color,NC,Natural Color,Hand Bag,Shopper,Straw,Cotton; Polyurethane; Jute,Silver,,25.99,/242/54/219542NC_1,219542NC_1.jpg,none,,,,,
219549NC,219549,Crossbody Bag CARIBE Natural Color,NC,Natural Color,Hand Bag,Cross,Straw,Straw; Viscose; Wood; Cotton; Cotton; Polyester; Polyester; Polyurethane,Light Golden,,23.99,/241/54/219549NC_1,219549NC_1.jpg,none,,,,,
219566NC,219566,Backpack BUZIOS Natural Color,NC,Natural Color,Hand Bag,Backpack,Paper straw,Cotton; Paper; Polyester; Polyurethane,Light Golden,,29.99,/241/54/219566NC_1,219566NC_1.jpg,none,,,,,
219602_CL,219602,Crossbody Bag PATTY Coral,_CL,Coral,Hand Bag,Cross,Fantasy Fabric,Polyester; Polyester; Polyurethane; Polyurethane,Silver,,25.99,/241/54/219602_CL_1,219602_CL_1.jpg,none,,,,,
219729_BK,219729,Crossbody Bag STRIPES3 Black,_BK,Black,Hand Bag,Cross,Peach PU,Polyester; Polyester; Polyurethane; Polyurethane,Silver,,25.99,/241/54/219729_BK_1,219729_BK_1.jpg,none,,,,,
219729_BL,219729,Crossbody Bag STRIPES3 Blue,_BL,Blue,Hand Bag,Cross,Peach PU,Polyester; Polyester; Polyurethane; Polyurethane,Silver,,25.99,/241/54/219729_BL_1,219729_BL_1.jpg,none,,,,,
219729_EC,219729,Crossbody Bag STRIPES3 Ecru,_EC,Ecru,Hand Bag,Cross,Peach PU,Polyester; Polyester; Polyurethane; Polyurethane,Silver,,25.99,/241/54/219729_EC_1,219729_EC_1.jpg,none,,,,,
219729_GN,219729,Crossbody Bag STRIPES3 Green,_GN,Green,Hand Bag,Cross,Peach PU,Polyester; Polyester; Polyurethane; Polyurethane,Silver,,25.99,/241/54/219729_GN_1,219729_GN_1.jpg,none,,,,,
219787NC,219787,Envelope Bag KOLKATA2 Natural Color,NC,Natural Color,Hand Bag,Envelope,Paper straw,Cotton; Iron; Linen; Paper; Polyester; Polyurethane,Light Golden,,19.99,/242/54/219787NC_1,219787NC_1.jpg,none,,,,,
219787_BL,219787,Envelope Bag CURRY2 Blue,_BL,Blue,Hand Bag,Envelope,Paper straw,Cotton; Iron; Linen; Paper; Polyester; Polyurethane,Light Golden,,19.99,/241/54/219787_BL_1,219787_BL_1.jpg,none,,,,,
219787_LM,219787,Envelope Bag CURRY2 Lime,_LM,Lime,Hand Bag,Envelope,Paper straw,Cotton; Iron; Linen; Paper; Polyester; Polyurethane,Light Golden,,19.99,/241/54/219787_LM_1,219787_LM_1.jpg,none,,,,,
219799_EC,219799,Shoulder Bag FRINGES CAPSULE Ecru,_EC,Ecru,Hand Bag,Shoulder Bag,Real Suede,Cotton; Cow Suede Leather,,,39.99,/242/54/219799_EC_1,219799_EC_1.jpg,none,,,,,
219799_PU,219799,Shoulder Bag FRINGES CAPSULE Purple,_PU,Purple,Hand Bag,Shoulder Bag,Real Suede,Cotton; Cow Suede Leather,,,39.99,/242/54/219799_PU_1,219799_PU_1.jpg,none,,,,,
220113NC,220113,Shopper Bag STRAWBERRY Natural Color,NC,Natural Color,Hand Bag,Shopper,Straw,Cotton; Cotton; Polyester; Polyester; Straw; Viscose; Wood; Jute,Silver,,25.99,/242/54/220113NC_1,220113NC_1.jpg,none,,,,,
220151_CL,220151,Lunch Bag SAHARA Coral,_CL,Coral,Hand Bag,Lunch Bag,Printed Fake Nylon,Polyester; Polyethylene Terephthalate; Polyester; Polyurethane,Silver,,19.99,/242/54/220151_CL_1,220151_CL_1.jpg,none,,,,,
220356_BK,220356,Sac POPEYE2 Black,_BK,Black,Hand Bag,Sac,Fantasy Fabric,Polyester; Polyester; Polyurethane; Polyurethane,Light Golden,,29.99,/241/54/220356_BK_1,220356_BK_1.jpg,none,,,,,
220400_EC,220400,Bucket Bag HONDURAS Ecru,_EC,Ecru,Hand Bag,Bucket,Crochet,Cotton; Cotton; Polyester; Polyester; Polyurethane,Light Golden,,23.99,/242/54/220400_EC_1,220400_EC_1.jpg,none,,,,,
220420NC,220420,Shopper Bag HONDURAS Natural Color,NC,Natural Color,Hand Bag,Shopper,Straw,Cotton; Linen; Polyester; Polyurethane; Jute,Light Golden,,25.99,/242/54/220420NC_1,220420NC_1.jpg,none,,,,,
220569_CA,220569,Crossbody Bag WOODY2 Camel,_CA,Camel,Hand Bag,Cross,Plain PU,Polyester; Polyurethane; Polyurethane,,,27.99,/241/54/220569_CA_1,220569_CA_1.jpg,none,,,,,
220569_EC,220569,Crossbody Bag WOODY2 Ecru,_EC,Ecru,Hand Bag,Cross,Plain PU,Polyester; Polyurethane; Polyurethane,,,27.99,/241/54/220569_EC_1,220569_EC_1.jpg,none,,,,,
220569_GN,220569,Crossbody Bag WOODY2 Green,_GN,Green,Hand Bag,Cross,Plain PU,Polyester; Polyurethane; Polyurethane,,,27.99,/241/54/220569_GN_1,220569_GN_1.jpg,none,,,,,
220571_JN,220571,Tote Bag STRAWBERRY Blue Jeans,_JN,Blue Jeans,Hand Bag,Tote,Denim,Cotton; Polyester; Viscose,Silver,,19.99,/242/54/220571_JN_1,220571_JN_1.jpg,none,,,,,
220671_CA,220671,Sac POPEYE2 Camel,_CA,Camel,Hand Bag,Sac,Plain PU,Polyester; Polyurethane; Polyurethane; Polyurethane; Polyurethane,,,27.99,/241/54/220671_CA_1,220671_CA_1.jpg,none,,,,,
220671_EC,220671,Sac POPEYE2 Ecru,_EC,Ecru,Hand Bag,Sac,Plain PU,Polyester; Polyurethane; Polyurethane; Polyurethane; Polyurethane,,,27.99,/241/54/220671_EC_1,220671_EC_1.jpg,none,,,,,
220902NC,220902,Bucket Bag KOLKATA1 Natural Color,NC,Natural Color,Hand Bag,Bucket,Jute,Cow Leather; Polyurethane; Jute,,,23.99,/242/54/220902NC_1,220902NC_1.jpg,none,,,,,
221063_BM,221063,Sac WOODY2 Bright Multicolor,_BM,Bright Multicolor,Hand Bag,Sac,Fantasy Fabric,Polyamide; Polyamide; Polyester; Polyester; Polyurethane,,,29.99,/241/54/221063_BM_1,221063_BM_1.jpg,none,,,,,
221069_BK,221069,Shoulder Bag PADDED NYLON CAPSULE Black,_BK,Black,Hand Bag,Shoulder Bag,Nylon,Polyester; Polyester; Polyurethane,,,19.99,/241/54/221069_BK_1,221069_BK_1.jpg,none,,,,,
221069_BL,221069,Shoulder Bag PADDED NYLON CAPSULE Blue,_BL,Blue,Hand Bag,Shoulder Bag,Nylon,Polyester; Polyester; Polyurethane,,,19.99,/241/54/221069_BL_1,221069_BL_1.jpg,none,,,,,
221069_EC,221069,Shoulder Bag PADDED NYLON CAPSULE Ecru,_EC,Ecru,Hand Bag,Shoulder Bag,Nylon,Polyester; Polyester; Polyurethane,,,19.99,/241/54/221069_EC_1,221069_EC_1.jpg,none,,,,,
221069_RD,221069,Shoulder Bag PADDED NYLON CAPSULE Red,_RD,Red,Hand Bag,Shoulder Bag,Nylon,Polyester; Polyester; Polyurethane,,,19.99,/241/54/221069_RD_1,221069_RD_1.jpg,none,,,,,
221220_EC,221220,Tote Bag MAORI3 Ecru,_EC,Ecru,Hand Bag,Tote,Peach PU,Polyester; Polyurethane; Polyurethane,Silver,,25.99,/242/54/221220_EC_1,221220_EC_1.jpg,none,,,,,
221220_TU,221220,Tote Bag MAORI3 Taupe,_TU,Taupe,Hand Bag,Tote,Peach PU,Polyester; Polyurethane; Polyurethane,Silver,,25.99,/242/54/221220_TU_1,221220_TU_1.jpg,none,,,,,
221230_BK,221230,Crossbody Bag NIZA2 Black,_BK,Black,Hand Bag,Cross,Fantasy Fabric,Polyester; Polypropylene; Polyurethane; Polyurethane; Polyethylene,Light Golden,,25.99,/242/54/221230_BK_1,221230_BK_1.jpg,none,,,,,
221432_CA,221432,Tote Bag ULLA Camel,_CA,Camel,Hand Bag,Tote,Fantasy PU,Polyester; Polyurethane; Polyurethane,,,27.99,/242/54/221432_CA_1,221432_CA_1.jpg,none,,,,,
221441_EC,221441,Crossbody Bag MAORI3 Ecru,_EC,Ecru,Hand Bag,Cross,Nylon,Polyester; Polyester; Polyester; Polyester; Polyester; Polyester; Polyurethane,Silver,,25.99,/242/54/221441_EC_1,221441_EC_1.jpg,none,,,,,
221593_BK,221593,Crossbody Bag AVA Black,_BK,Black,Hand Bag,Cross,Plain PU,Polyester; Polyurethane; Polyurethane,Light Golden,,19.99,/242/54/221593_BK_1,221593_BK_1.jpg,none,,,,,
221593_CA,221593,Crossbody Bag AVA Camel,_CA,Camel,Hand Bag,Cross,Plain PU,Polyester; Polyurethane; Polyurethane,Light Golden,,19.99,/242/54/221593_CA_1,221593_CA_1.jpg,none,,,,,
221593_EC,221593,Crossbody Bag AVA Ecru,_EC,Ecru,Hand Bag,Cross,Plain PU,Polyurethane; Polyurethane; Polyester,Light Golden,,19.99,/242/54/221593_EC_1,221593_EC_1.jpg,none,,,,,
221600_LM,221600,Handbag MAORI2 Lime,_LM,Lime,Hand Bag,Mini Bag,Peach PU,Polyester; Polyurethane; Polyurethane,Silver,,19.99,/242/54/221600_LM_1,221600_LM_1.jpg,none,,,,,
221600_PK,221600,Handbag MAORI2 Pink,_PK,Pink,Hand Bag,Mini Bag,Peach PU,Polyester; Polyurethane; Polyurethane,Silver,,19.99,/242/54/221600_PK_1,221600_PK_1.jpg,none,,,,,
221643_TU,221643,Backpack FLORA Taupe,_TU,Taupe,Hand Bag,Backpack,Color Block,Polyurethane; Polyurethane; Polyester,,,27.99,/242/54/221643_TU_1,221643_TU_1.jpg,none,,,,,
221711DNC,221711,Sac ULLA Dark Natural Color,DNC,Dark Natural Color,Hand Bag,Sac,Paper straw,Iron; Iron; Linen; Paper; Polyurethane; Polyurethane,Light Golden,,25.99,/242/54/221711DNC_1,221711DNC_1.jpg,none,,,,,
221756_CA,221756,Tote Bag STRAWBERRY Camel,_CA,Camel,Hand Bag,Tote,Fake straw,Cotton; Iron; Iron; Linen; Polyester; Polyurethane; Polyurethane,Light Golden,,23.99,/242/54/221756_CA_1,221756_CA_1.jpg,none,,,,,
221774NC,221774,Crossbody Bag ANASTASIA Natural Color,NC,Natural Color,Hand Bag,Cross,Paper straw,Polyurethane; Polyurethane; Iron; Iron; Linen; Paper,Light Golden,,25.99,/242/54/221774NC_1,221774NC_1.jpg,none,,,,,
221869_BU,221869,Shoulder Bag FRINGES CAPSULE Burgundy,_BU,Burgundy,Hand Bag,Shoulder Bag,Real Suede,Cotton; Cow Suede Leather,Silver,,35.99,/242/54/221869_BU_1,221869_BU_1.jpg,none,,,,,
221869_CA,221869,Shoulder Bag FRINGES CAPSULE Camel,_CA,Camel,Hand Bag,Shoulder Bag,Real Suede,Cotton; Cow Suede Leather,Silver,,35.99,/242/54/221869_CA_1,221869_CA_1.jpg,none,,,,,
221869_GN,221869,Shoulder Bag FRINGES CAPSULE Green,_GN,Green,Hand Bag,Shoulder Bag,Real Suede,Cotton; Cow Suede Leather,Silver,,35.99,/242/54/221869_GN_1,221869_GN_1.jpg,none,,,,,
221915NC,221915,Shopper Bag CURRY1 Natural Color,NC,Natural Color,Hand Bag,Shopper,Paper straw,Cotton; Cotton; Paper; Polyester; Polyurethane; glass bead,,,29.99,/241/54/221915NC_1,221915NC_1.jpg,none,,,,,
221922NC,221922,Shopper Bag CURRY1 Natural Color,NC,Natural Color,Hand Bag,Shopper,Paper straw,Cotton; Cotton; Paper; Polyester; Polyurethane; glass bead,,,25.99,/241/54/221922NC_1,221922NC_1.jpg,none,,,,,
221922_LM,221922,Shopper Bag CURRY1 Lime,_LM,Lime,Hand Bag,Shopper,Paper straw,Cotton; Cotton; Paper; Polyester; Polyurethane; glass bead,,,25.99,/241/54/221922_LM_1,221922_LM_1.jpg,none,,,,,
222011_BK,222011,Crossbody Bag GOLDEN BAY3 Black,_BK,Black,Hand Bag,Cross,Plain PU,Cotton; Polyurethane,Silver,,25.99,/242/54/222011_BK_1,222011_BK_1.jpg,none,,,,,
222011_EC,222011,Crossbody Bag GOLDEN BAY3 Ecru,_EC,Ecru,Hand Bag,Cross,Plain PU,Cotton; Polyurethane,Silver,,25.99,/242/54/222011_EC_1,222011_EC_1.jpg,none,,,,,
222011_TU,222011,Crossbody Bag GOLDEN BAY3 Taupe,_TU,Taupe,Hand Bag,Cross,Plain PU,Cotton; Polyurethane,Silver,,25.99,/242/54/222011_TU_1,222011_TU_1.jpg,none,,,,,
222229_OR,222229,Tote Bag GOLDEN BAY1 Orange,_OR,Orange,Hand Bag,Tote,Plain PU,Polyester; Polyurethane; Polyurethane,Silver,,25.99,/242/54/222229_OR_1,222229_OR_1.jpg,none,,,,,
222240_BG,222240,Backpack HASHTAG3 Beige,_BG,Beige,Hand Bag,Backpack,Plain PU,Polyester; Polyurethane; Polyurethane,Light Golden,,19.99,/242/54/222240_BG_1,222240_BG_1.jpg,none,,,,,
222240_BK,222240,Backpack HASHTAG2 Black,_BK,Black,Hand Bag,Backpack,Plain PU,Polyester; Polyurethane; Polyurethane,Light Golden,,19.99,/242/54/222240_BK_1,222240_BK_1.jpg,none,,,,,
222240_KK,222240,Backpack HASHTAG2 Khaki,_KK,Khaki,Hand Bag,Backpack,Plain PU,Polyester; Polyurethane; Polyurethane,Light Golden,,19.99,/242/54/222240_KK_1,222240_KK_1.jpg,none,,,,,
222240_NV,222240,Backpack HASHTAG3 Navy,_NV,Navy,Hand Bag,Backpack,Plain PU,Polyester; Polyurethane; Polyurethane,Light Golden,,19.99,/242/54/222240_NV_1,222240_NV_1.jpg,none,,,,,
222247NC,222247,Crossbody Bag KOLKATA1 Natural Color,NC,Natural Color,Hand Bag,Cross,Jute,Cotton; Cotton; Jute; glass bead,,,19.99,/242/54/222247NC_1,222247NC_1.jpg,none,,,,,
222262_EC,222262,Crossbody Bag PALMS Ecru,_EC,Ecru,Hand Bag,Cross,Plain PU,Polyester; Polyurethane; Polyurethane,Light Golden,,25.99,/242/54/222262_EC_1,222262_EC_1.jpg,none,,,,,
222262_NV,222262,Crossbody Bag PALMS Navy,_NV,Navy,Hand Bag,Cross,Plain PU,Polyurethane; Polyurethane; Polyester,Light Golden,,25.99,/242/54/222262_NV_1,222262_NV_1.jpg,none,,,,,
222264_NV,222264,Crossbody Bag PALMS Navy,_NV,Navy,Hand Bag,Cross,Printed PU,Polyester; Polyurethane; Polyurethane,Silver,,25.99,/242/54/222264_NV_1,222264_NV_1.jpg,none,,,,,
222337_BK,222337,Computer Hand Bag BARDOT Black,_BK,Black,Hand Bag,Computer Hand Bag,Plain PU,Polyester; Polyurethane; Polyester; Polyester; Polyurethane; Polyester; Polyester; Polyurethane; Polyurethane,Light Golden,,29.99,/242/54/222337_BK_1,222337_BK_1.jpg,none,,,,,
222337_CA,222337,Computer Hand Bag BARDOT Camel,_CA,Camel,Hand Bag,Computer Hand Bag,Plain PU,Polyester; Polyurethane; Polyester; Polyurethane; Polyurethane; Polyurethane; Polyester; Polyester; Polyester,Light Golden,,29.99,/242/54/222337_CA_1,222337_CA_1.jpg,none,,,,,
222337_EC,222337,Computer Hand Bag BARDOT Ecru,_EC,Ecru,Hand Bag,Computer Hand Bag,Plain PU,Polyester; Polyurethane; Polyurethane; Polyester; Polyester; Polyester; Polyurethane; Polyester; Polyurethane,Light Golden,,29.99,/242/54/222337_EC_1,222337_EC_1.jpg,none,,,,,
222361_TU,222361,Sac DAMERO2 Taupe,_TU,Taupe,Hand Bag,Sac,Plain PU,Cotton; Polyurethane; Polyurethane,Silver,,25.99,/242/54/222361_TU_1,222361_TU_1.jpg,none,,,,,
222361_WT,222361,Sac DAMERO2 White,_WT,White,Hand Bag,Sac,Plain PU,Cotton; Polyurethane; Polyurethane,Silver,,25.99,/242/54/222361_WT_1,222361_WT_1.jpg,none,,,,,
222368_BM,222368,Shopper Bag GOLDEN BAY3 Bright Multicolor,_BM,Bright Multicolor,Hand Bag,Shopper,Printed Nylon,Aluminium; Iron; Polyester; Polyester; Resin; Silicone,Silver,,29.99,/242/54/222368_BM_1,222368_BM_1.jpg,none,,,,,
222804NC,222804,Crossbody Bag GOLDEN BAY3 Natural Color,NC,Natural Color,Hand Bag,Cross,Fake straw,Cotton; Cotton; Polypropylene; Polyurethane,Silver,,25.99,/242/54/222804NC_1,222804NC_1.jpg,none,,,,,
222816_BK,222816,Crossbody Bag DALMATA2 Black,_BK,Black,Hand Bag,Cross,Peach PU,Cotton; Polyester; Polyurethane; Polyurethane,,,27.99,/242/54/222816_BK_1,222816_BK_1.jpg,none,,,,,
222816_BU,222816,Crossbody Bag DALMATA2 Burgundy,_BU,Burgundy,Hand Bag,Cross,Peach PU,Cotton; Polyester; Polyurethane; Polyurethane,,,27.99,/242/54/222816_BU_1,222816_BU_1.jpg,none,,,,,
222816_EC,222816,Crossbody Bag DALMATA2 Ecru,_EC,Ecru,Hand Bag,Cross,Peach PU,Cotton; Polyester; Polyurethane; Polyurethane,,,27.99,/242/54/222816_EC_1,222816_EC_1.jpg,none,,,,,
222892_GD,222892,Shopper Bag DAMERO1 Gold,_GD,Gold,Hand Bag,Shopper,Fantasy PU,Polyester; Polyurethane; Polyurethane; Polyurethane,,,27.99,/242/54/222892_GD_1,222892_GD_1.jpg,none,,,,,
222892_SV,222892,Shopper Bag DAMERO1 Silver,_SV,Silver,Hand Bag,Shopper,Fantasy PU,Polyester; Polyurethane; Polyurethane; Polyurethane,,,27.99,/242/54/222892_SV_1,222892_SV_1.jpg,none,,,,,
222896_BK,222896,Tote Bag DAMERO3 Black,_BK,Black,Hand Bag,Tote,Nylon,Polyurethane; Polyurethane; Polyurethane; Resin; Zinc; Polyester; Polyester; Polyester; Polyester; Polyester,Light Golden,,29.99,/242/54/222896_BK_1,222896_BK_1.jpg,none,,,,,
222896_EC,222896,Tote Bag DAMERO3 Ecru,_EC,Ecru,Hand Bag,Tote,Nylon,Polyester; Polyester; Polyester; Polyester; Polyester; Polyurethane; Polyurethane; Polyurethane; Resin; Zinc,Silver,,29.99,/242/54/222896_EC_1,222896_EC_1.jpg,none,,,,,
222896_TU,222896,Tote Bag DAMERO3 Taupe,_TU,Taupe,Hand Bag,Tote,Nylon,Polyester; Polyester; Polyester; Polyester; Polyester; Polyurethane; Polyurethane; Polyurethane; Resin; Zinc,Light Golden,,29.99,/242/54/222896_TU_1,222896_TU_1.jpg,none,,,,,
222937_CA,222937,Sac JOPLIN Camel,_CA,Camel,Hand Bag,Sac,Real Suede,Iron; Polyester; Polyurethane; Iron; Cow Suede Leather; Polyurethane,Light Golden,,35.99,/242/54/222937_CA_1,222937_CA_1.jpg,none,,,,,
222944_BK,222944,Sac DALMATA3 Black,_BK,Black,Hand Bag,Sac,Printed Fabric,Polyurethane; Polyester; Polyester,Silver,,23.99,/242/54/222944_BK_1,222944_BK_1.jpg,none,,,,,
222946_BK,222946,Tote Bag AVERY Black,_BK,Black,Hand Bag,Tote,Plain PU,Polyurethane; Polyester; Polyester; Polyurethane; Polyester; Polyurethane; Polyurethane; Polyurethane,Light Golden,,25.99,/242/54/222946_BK_1,222946_BK_1.jpg,none,,,,,
222946_BN,222946,Tote Bag AVERY Brown,_BN,Brown,Hand Bag,Tote,Plain PU,Polyurethane; Polyurethane; Polyester; Polyester; Polyurethane; Polyester; Polyurethane; Polyurethane,Light Golden,,25.99,/242/54/222946_BN_1,222946_BN_1.jpg,none,,,,,
222946_CA,222946,Tote Bag AVERY Camel,_CA,Camel,Hand Bag,Tote,Plain PU,Polyurethane; Polyester; Polyurethane; Polyester; Polyurethane; Polyester; Polyurethane; Polyurethane,Light Golden,,25.99,/242/54/222946_CA_1,222946_CA_1.jpg,none,,,,,
222946_EC,222946,Tote Bag AVERY Ecru,_EC,Ecru,Hand Bag,Tote,Plain PU,Polyurethane; Polyester; Polyurethane; Polyester; Polyurethane; Polyester; Polyurethane; Polyurethane,Light Golden,,25.99,/242/54/222946_EC_1,222946_EC_1.jpg,none,,,,,
222946_NV,222946,Tote Bag AVERY Navy,_NV,Navy,Hand Bag,Tote,Plain PU,Polyurethane; Polyester; Polyurethane; Polyester; Polyurethane; Polyester; Polyurethane; Polyurethane,Light Golden,,25.99,/242/54/222946_NV_1,222946_NV_1.jpg,none,,,,,
222950_BK,222950,Handbag JACKSON 1 Black,_BK,Black,Hand Bag,Computer Backpack,Nylon,Polyester; Polyurethane; Polyurethane; Zinc; Polyester; Polyester,,,32.99,/242/54/222950_BK_1,222950_BK_1.jpg,none,,,,,
222950_BL,222950,Handbag JACKSON 1 Blue,_BL,Blue,Hand Bag,Computer Backpack,Nylon,Polyester; Polyester; Polyurethane; Polyurethane; Zinc; Polyester,Silver,,32.99,/242/54/222950_BL_1,222950_BL_1.jpg,none,,,,,
222950_EC,222950,Handbag JACKSON 1 Ecru,_EC,Ecru,Hand Bag,Computer Backpack,Nylon,Polyester; Polyurethane; Zinc; Polyester; Polyurethane; Polyester,,,32.99,/242/54/222950_EC_1,222950_EC_1.jpg,none,,,,,
222950_KK,222950,Handbag JACKSON 1 Khaki,_KK,Khaki,Hand Bag,Computer Backpack,Nylon,Polyester; Zinc; Polyester; Polyurethane; Polyurethane; Polyester,,,32.99,/242/54/222950_KK_1,222950_KK_1.jpg,none,,,,,
223038_NV,223038,Tote Bag MAORI3 Navy,_NV,Navy,Hand Bag,Tote,Nylon,Polyester; Polyurethane; Polyurethane; Polyester; Polyester,Light Golden,,23.99,/242/54/223038_NV_1,223038_NV_1.jpg,none,,,,,
223052_BK,223052,Crossbody Bag ZIMBA2 Black,_BK,Black,Hand Bag,Cross,Plain PU,Polyester; Polyurethane; Polyurethane,Silver,,25.99,/242/54/223052_BK_1,223052_BK_1.jpg,none,,,,,
223052_EC,223052,Crossbody Bag ZIMBA2 Ecru,_EC,Ecru,Hand Bag,Cross,Plain PU,Polyester; Polyurethane; Polyurethane,Silver,,25.99,/242/54/223052_EC_1,223052_EC_1.jpg,none,,,,,
223127_BK,223127,Crossbody Bag ZIMBA2 Black,_BK,Black,Hand Bag,Cross,Plain PU,Polyester; Polyurethane; Polyurethane; Polyurethane; Polyester,,,27.99,/242/54/223127_BK_1,223127_BK_1.jpg,none,,,,,
223127_EC,223127,Crossbody Bag ZIMBA2 Ecru,_EC,Ecru,Hand Bag,Cross,Plain PU,Polyester; Polyurethane; Polyurethane; Polyurethane; Polyester,,,27.99,/242/54/223127_EC_1,223127_EC_1.jpg,none,,,,,
223127_TU,223127,Crossbody Bag ZIMBA2 Taupe,_TU,Taupe,Hand Bag,Cross,Plain PU,Polyester; Polyurethane; Polyurethane; Polyester; Polyurethane,,,27.99,/242/54/223127_TU_1,223127_TU_1.jpg,none,,,,,
223364_BM,223364,Shoulder Bag ZIMBA2 Bright Multicolor,_BM,Bright Multicolor,Hand Bag,Shoulder Bag,Real Fur,Polyurethane; Cow Leather; Polyester; Polyurethane,Light Golden,,35.99,/242/54/223364_BM_1,223364_BM_1.jpg,none,,,,,
223424_BG,223424,Tote Bag LOHAN Beige,_BG,Beige,Hand Bag,Tote,Plain PU,Polyurethane; Polyurethane; Polyurethane; Polyester; Polyester,Light Golden,,25.99,/242/54/223424_BG_1,223424_BG_1.jpg,none,,,,,
223424_BK,223424,Tote Bag LOHAN Black,_BK,Black,Hand Bag,Tote,Plain PU,Polyurethane; Polyester; Polyurethane; Polyester; Polyurethane,Light Golden,,25.99,/242/54/223424_BK_1,223424_BK_1.jpg,none,,,,,
223426_BK,223426,Crossbody Bag LOHAN Black,_BK,Black,Hand Bag,Cross,Jacquard,Polyurethane; Polyurethane; Polyester; Polyester,Light Golden,,25.99,/242/54/223426_BK_1,223426_BK_1.jpg,none,,,,,
223484_TU,223484,Shopper Bag SUEDE BALLS Taupe,_TU,Taupe,Hand Bag,Shopper,Real Suede,Cow Suede Leather; Cow Leather,Silver,,49.99,/242/54/223484_TU_1,223484_TU_1.jpg,none,,,,,
223596_BU,223596,Crossbody Bag LEO1 Burgundy,_BU,Burgundy,Hand Bag,Cross,Nylon,Polyester; Zinc; Polyurethane; Polyester; Polyurethane; Polyester,Silver,,25.99,/242/54/223596_BU_1,223596_BU_1.jpg,none,,,,,
223596_TU,223596,Crossbody Bag LEO1 Taupe,_TU,Taupe,Hand Bag,Cross,Nylon,Polyester; Zinc; Polyester; Polyester; Polyurethane; Polyurethane,Silver,,25.99,/242/54/223596_TU_1,223596_TU_1.jpg,none,,,,,
223616_CA,223616,Tote Bag LEO3 Camel,_CA,Camel,Hand Bag,Tote,Peach PU,Polyester; Polyurethane; Polyurethane; Polyester; Polyester,Silver,,29.99,/242/54/223616_CA_1,223616_CA_1.jpg,none,,,,,
223619_BK,223619,Crossbody Bag LEO2 Black,_BK,Black,Hand Bag,Cross,Nylon,Zinc; Polyester; Polyester; Polyester; Aluminium; Polyurethane,Silver,,25.99,/242/54/223619_BK_1,223619_BK_1.jpg,none,,,,,
223619_BL,223619,Crossbody Bag LEO2 Blue,_BL,Blue,Hand Bag,Cross,Nylon,Polyester; Polyester; Aluminium; Polyurethane; Polyester; Zinc,Silver,,25.99,/242/54/223619_BL_1,223619_BL_1.jpg,none,,,,,
223619_CA,223619,Crossbody Bag LEO2 Camel,_CA,Camel,Hand Bag,Cross,Nylon,Zinc; Polyester; Polyester; Aluminium; Polyester; Polyurethane,Silver,,25.99,/242/54/223619_CA_1,223619_CA_1.jpg,none,,,,,
223639_BK,223639,Shopper Bag NEW ESSENTIALS1 Black,_BK,Black,Hand Bag,Shopper,Plain PU,Polyester; Polyurethane; Polyurethane; Polyester; Polyurethane; Polyester,Light Golden,,37.99,/242/54/223639_BK_1,223639_BK_1.jpg,none,,,,,
223639_EC,223639,Shopper Bag NEW ESSENTIALS1 Ecru,_EC,Ecru,Hand Bag,Shopper,Plain PU,Polyurethane; Polyester; Polyurethane; Polyester; Polyester; Polyurethane,Light Golden,,37.99,/242/54/223639_EC_1,223639_EC_1.jpg,none,,,,,
223639_GY,223639,Shopper Bag NEW ESSENTIALS1 Grey,_GY,Grey,Hand Bag,Shopper,Plain PU,Polyurethane; Polyester; Polyester; Polyurethane; Polyester; Polyurethane,Light Golden,,37.99,/242/54/223639_GY_1,223639_GY_1.jpg,none,,,,,
223639_TU,223639,Shopper Bag NEW ESSENTIALS1 Taupe,_TU,Taupe,Hand Bag,Shopper,Plain PU,Polyurethane; Polyester; Polyurethane; Polyester; Polyester; Polyurethane,Light Golden,,37.99,/242/54/223639_TU_1,223639_TU_1.jpg,none,,,,,
223684_BM,223684,Shopper Bag LEO1 Bright Multicolor,_BM,Bright Multicolor,Hand Bag,Shopper,Printed Nylon,Polyester; Polyester; Iron; Aluminium; Polyester,Silver,,35.99,/242/54/223684_BM_1,223684_BM_1.jpg,none,,,,,
223929_BK,223929,Shopper Bag SPECIAL SET Black,_BK,Black,Hand Bag,Shopper,Plain PU,Polyurethane; Polyurethane; Polyester,,,27.99,/242/54/223929_BK_1,223929_BK_1.jpg,none,,,,,
223929_CA,223929,Shopper Bag SPECIAL SET Camel,_CA,Camel,Hand Bag,Shopper,Plain PU,Polyurethane; Polyurethane; Polyester,,,27.99,/242/54/223929_CA_1,223929_CA_1.jpg,none,,,,,
223988_BK,223988,Sac CORBATERO2 Black,_BK,Black,Hand Bag,Sac,Plain PU,Polyurethane; Polyurethane; Polyester,Silver,,25.99,/242/54/223988_BK_1,223988_BK_1.jpg,none,,,,,
223988_BU,223988,Sac CORBATERO2 Burgundy,_BU,Burgundy,Hand Bag,Sac,Plain PU,Polyurethane; Polyester; Polyurethane,Silver,,25.99,/242/54/223988_BU_1,223988_BU_1.jpg,none,,,,,
223988_GN,223988,Sac CORBATERO2 Green,_GN,Green,Hand Bag,Sac,Plain PU,Polyurethane; Polyurethane; Polyester,Silver,,25.99,/242/54/223988_GN_1,223988_GN_1.jpg,none,,,,,
224050_YL,224050,Tote Bag DALMATA2 Yellow,_YL,Yellow,Hand Bag,Tote,Fantasy PU,Polyurethane; Polyurethane; Polyester,Silver,,19.99,/242/54/224050_YL_1,224050_YL_1.jpg,none,,,,,
224089_BK,224089,Crossbody Bag LORETA Black,_BK,Black,Hand Bag,Cross,Real Suede,Polyester; Polyurethane; Polyurethane; Cow Suede Leather,Light Golden,,29.99,/242/54/224089_BK_1,224089_BK_1.jpg,none,,,,,
224089_CA,224089,Crossbody Bag LORETA Camel,_CA,Camel,Hand Bag,Cross,Real Suede,Polyurethane; Polyurethane; Cow Suede Leather; Polyester,Light Golden,,29.99,/242/54/224089_CA_1,224089_CA_1.jpg,none,,,,,
224286_BK,224286,Crossbody Bag PANTERA2 Black,_BK,Black,Hand Bag,Cross,Plain PU,Cow Leather; Polyurethane; Polyester; Polyester; Polyurethane; Cow Leather; Polyurethane; Polyester,,,27.99,/242/54/224286_BK_1,224286_BK_1.jpg,none,,,,,
224286_CA,224286,Crossbody Bag PANTERA2 Camel,_CA,Camel,Hand Bag,Cross,Plain PU,Polyurethane; Polyester; Cow Leather; Polyurethane; Cow Leather; Polyester; Polyurethane; Polyester,,,27.99,/242/54/224286_CA_1,224286_CA_1.jpg,none,,,,,
224436_BK,224436,Tote Bag CORBATERO3 Black,_BK,Black,Hand Bag,Tote,Printed Nylon,Polyester; Polyurethane; Polyester; Polyester; Polyester; Polyurethane; Polyurethane,Light Golden,,25.99,/242/54/224436_BK_1,224436_BK_1.jpg,none,,,,,
224436_BU,224436,Tote Bag CORBATERO3 Burgundy,_BU,Burgundy,Hand Bag,Tote,Printed Nylon,Polyurethane; Polyurethane; Polyurethane; Polyester; Polyester; Polyester; Polyester,Light Golden,,25.99,/242/54/224436_BU_1,224436_BU_1.jpg,none,,,,,
224436_CA,224436,Tote Bag CORBATERO3 Camel,_CA,Camel,Hand Bag,Tote,Printed Nylon,Polyester; Polyurethane; Polyurethane; Polyester; Polyester; Polyester; Polyurethane,Light Golden,,25.99,/242/54/224436_CA_1,224436_CA_1.jpg,none,,,,,
224436_KK,224436,Tote Bag CORBATERO3 Khaki,_KK,Khaki,Hand Bag,Tote,Printed Nylon,Polyurethane; Polyester; Polyurethane; Polyester; Polyester; Polyurethane; Polyester,Light Golden,,25.99,/242/54/224436_KK_1,224436_KK_1.jpg,none,,,,,
224486_BK,224486,Tote Bag PANTERA1 Black,_BK,Black,Hand Bag,Tote,Plain PU,Polyester; Cow Leather; Polyurethane; Polyurethane; Polyurethane; Polyester,,,32.99,/242/54/224486_BK_1,224486_BK_1.jpg,none,,,,,
224652_BN,224652,Shoulder Bag PANTERA3 Brown,_BN,Brown,Hand Bag,Shoulder Bag,Fake Suede,Polyester; Polyurethane; Polyurethane,Silver,,25.99,/242/54/224652_BN_1,224652_BN_1.jpg,none,,,,,
224719_BK,224719,Tote Bag CORBATERO2 Black,_BK,Black,Hand Bag,Tote,Plain PU,Polyurethane; Polyurethane; Polyester; Iron; Polyester; Zinc; Polyurethane,Silver,,29.99,/242/54/224719_BK_1,224719_BK_1.jpg,none,,,,,
224719_CA,224719,Tote Bag CORBATERO2 Camel,_CA,Camel,Hand Bag,Tote,Plain PU,Polyurethane; Polyurethane; Zinc; Polyester; Polyester; Polyurethane; Iron,Silver,,29.99,/242/54/224719_CA_1,224719_CA_1.jpg,none,,,,,
224719_EC,224719,Tote Bag CORBATERO2 Ecru,_EC,Ecru,Hand Bag,Tote,Plain PU,Polyester; Polyurethane; Zinc; Iron; Polyurethane; Polyester; Polyurethane,Silver,,29.99,/242/54/224719_EC_1,224719_EC_1.jpg,none,,,,,
224884_DM,224884,Crossbody Bag PANTERA3 Dark Multicolor,_DM,Dark Multicolor,Hand Bag,Cross,Printed PU,Polyurethane; Polyurethane; Polyester,Silver,,25.99,/242/54/224884_DM_1,224884_DM_1.jpg,none,,,,,
225029_BK,225029,Tote Bag SCOTS2 Black,_BK,Black,Hand Bag,Tote,Fantasy PU,Polyurethane; Polyurethane; Polyester,,,27.99,/242/54/225029_BK_1,225029_BK_1.jpg,none,,,,,
225029_RD,225029,Tote Bag SCOTS2 Red,_RD,Red,Hand Bag,Tote,Fantasy PU,Polyurethane; Polyurethane; Polyester,,,27.99,/242/54/225029_RD_1,225029_RD_1.jpg,none,,,,,
1404862PE,140486,Key Chain FASHION SUPPLEMENTS Pearl,2PE,Pearl,Jewellery,Key chains,Figures,Acrylic; Crystal Glass; Iron; Iron; Zinc,Rodhium,,12.99,/231/52/1404862PE_1,1404862PE_1.jpg,none,,,,,
140486_BM,140486,Key Chain FASHION SUPPLEMENTS Bright Multicolor,_BM,Bright Multicolor,Jewellery,Key chains,Figures,Acrylic; Crystal Glass; Iron; Iron; Zinc,Golden,,12.99,/232/52/140486_BM_1,140486_BM_1.jpg,none,,,,,
140486_HM,140486,Key Chain FASHION SUPPLEMENTS Halftone Multicolor,_HM,Halftone Multicolor,Jewellery,Key chains,Figures,Crystal Glass; Iron; Iron; Zinc,,,9.99,/232/52/140486_HM_1,140486_HM_1.jpg,none,,,,,
140486_NV,140486,Key Chain FASHION SUPPLEMENTS Navy,_NV,Navy,Jewellery,Key chains,Figures,Acrylic; Iron; Iron; Zinc,,,9.99,/241/52/140486_NV_1,140486_NV_1.jpg,none,,,,,
1521700HM,152170,Bracelet VENDREDI Halftone Multicolor,0HM,Halftone Multicolor,Jewellery,Bracelets,Non-Adjustable Bracelet,Thermoplastic Polyurethane; Zinc; Steel,Brushed Golden,,7.99,/241/52/1521700HM_1,1521700HM_1.jpg,none,,,,,
1573721BK,157372,Fan FASHION SUPPLEMENTS Black,1BK,Black,Jewellery,Other Jewellery,Fan,Bamboo; Iron; Polyester,Other,,12.99,/231/52/1573721BK_1,1573721BK_1.jpg,none,,,,,
157372_MA,157372,Fan FASHION SUPPLEMENTS Magenta,_MA,Magenta,Jewellery,Other Jewellery,Fan,Bamboo; Iron; Polyester,Other,,12.99,/231/52/157372_MA_1,157372_MA_1.jpg,none,,,,,
157372_VT,157372,Fan FASHION SUPPLEMENTS Violet,_VT,Violet,Jewellery,Other Jewellery,Fan,Bamboo; Iron; Polyester,Other,,12.99,/231/52/157372_VT_1,157372_VT_1.jpg,none,,,,,
1618479HM,161847,Earring BHLOTUS Halftone Multicolor,9HM,Halftone Multicolor,Jewellery,Earrings,Hoop Earrings,Crystal Glass; Iron,Golden,,4.99,/232/52/1618479HM_2y,1618479HM_2y.jpg,none,,,,,
1663591BU,166359,Fan FASHION SUPPLEMENTS Burgundy,1BU,Burgundy,Jewellery,Other Jewellery,Fan,Polyester; Bamboo; Iron,Other,,12.99,/231/52/1663591BU_1,1663591BU_1.jpg,none,,,,,
166359_SA,166359,Fan FASHION SUPPLEMENTS Salmon,_SA,Salmon,Jewellery,Other Jewellery,Fan,Bamboo; Iron; Polyester,Other,,12.99,/221/52/166359_SA_1,166359_SA_1.jpg,none,,,,,
166660_DM,166660,Earring IDENTITY Dark Multicolor,_DM,Dark Multicolor,Jewellery,Earrings,Stud,Glass; Iron; Zinc,Worn Gold,,5.99,/241/52/166660_DM_1,166660_DM_1.jpg,none,,,,,
1667301RO,166730,Earring VENDREDI Old Rose,1RO,Old Rose,Jewellery,Earrings,Hoop Earrings,Acrylic; Iron,Golden,,7.99,/241/52/1667301RO_1,1667301RO_1.jpg,none,,,,,
1667301TL,166730,Earring VENDREDI Teal,1TL,Teal,Jewellery,Earrings,Hoop Earrings,Acrylic; Iron,Golden,,7.99,/241/52/1667301TL_1,1667301TL_1.jpg,none,,,,,
1667302BK,166730,Earring ECLIPSE Black,2BK,Black,Jewellery,Earrings,Hoop Earrings,Acrylic; Iron,Golden,,7.99,/232/52/1667302BK_1,1667302BK_1.jpg,none,,,,,
166730_BR,166730,Earring FLORABUNDANCE Brick Red,_BR,Brick Red,Jewellery,Earrings,Hoop Earrings,Iron; Resin,Golden,,7.99,/232/52/166730_BR_1,166730_BR_1.jpg,none,,,,,
166730_FG,166730,Earring FLEURSDUMER Forest Green,_FG,Forest Green,Jewellery,Earrings,Hoop Earrings,Acrylic; Iron,Golden,,7.99,/241/52/166730_FG_1,166730_FG_1.jpg,none,,,,,
166730_IV,166730,Earring Golden Basics Extra Ivory,_IV,Ivory,Jewellery,Earrings,Hoop Earrings,Enamel; Iron,Golden,,7.99,/241/52/166730_IV_1,166730_IV_1.jpg,none,,,,,
166730_MI,166730,Earring Moonlight azure Midnight Blue,_MI,Midnight Blue,Jewellery,Earrings,Hoop Earrings,Iron; Resin,Golden,,7.99,/232/52/166730_MI_1,166730_MI_1.jpg,none,,,,,
166730_NV,166730,Earring STARRYNIGHT Navy,_NV,Navy,Jewellery,Earrings,Hoop Earrings,Iron; Resin,Black Nikel,,7.99,/232/52/166730_NV_1,166730_NV_1.jpg,none,,,,,
166730_OR,166730,Earring DEGRADE Orange,_OR,Orange,Jewellery,Earrings,Hoop Earrings,Iron; Resin,Golden,,7.99,/232/52/166730_OR_1,166730_OR_1.jpg,none,,,,,
168373_OR,168373,Earring DEGRADE Orange,_OR,Orange,Jewellery,Earrings,Hoop Earrings,Glass; Iron,Antik Silver,,5.99,/232/52/168373_OR_1,168373_OR_1.jpg,none,,,,,
170562_BU,170562,Earring Gipsy Garden Burgundy,_BU,Burgundy,Jewellery,Earrings,Stud,Iron; Resin,Worn Gold,,5.99,/241/52/170562_BU_1,170562_BU_1.jpg,none,,,,,
1707320HM,170732,Earring VENDREDI Halftone Multicolor,0HM,Halftone Multicolor,Jewellery,Earrings,Dangle,Resin; Zinc,Matte Golden,,7.99,/241/52/1707320HM_1,1707320HM_1.jpg,none,,,,,
1707321BM,170732,Earring EXPEDITION Bright Multicolor,1BM,Bright Multicolor,Jewellery,Earrings,Dangle,Resin; Zinc,Brushed Golden,,7.99,/232/52/1707321BM_1,1707321BM_1.jpg,none,,,,,
1707322HM,170732,Earring NOMADA Halftone Multicolor,2HM,Halftone Multicolor,Jewellery,Earrings,Dangle,Iron; Zinc; Resin,Golden,,7.99,/242/52/1707322HM_1,1707322HM_1.jpg,none,,,,,
170732_BL,170732,Earring ATMOSPHERE Blue,_BL,Blue,Jewellery,Earrings,Dangle,Resin; Iron; Zinc,Rodhium,,7.99,/242/52/170732_BL_1,170732_BL_1.jpg,none,,,,,
170732_DM,170732,Earring Gipsy Garden Dark Multicolor,_DM,Dark Multicolor,Jewellery,Earrings,Dangle,Resin; Zinc,Worn Gold,,7.99,/241/52/170732_DM_1,170732_DM_1.jpg,none,,,,,
170732_MI,170732,Earring Moonlight azure Midnight Blue,_MI,Midnight Blue,Jewellery,Earrings,Dangle,Resin; Zinc,Brushed Golden,,7.99,/232/52/170732_MI_1,170732_MI_1.jpg,none,,,,,
171467_NV,171467,Earring STARRYNIGHT Navy,_NV,Navy,Jewellery,Earrings,Dangle,Brass; Crystal Glass; Iron,Black Nikel,,9.99,/232/52/171467_NV_1,171467_NV_1.jpg,none,,,,,
176036_DN,176036,Earring FLEURSDUMER Dark Green,_DN,Dark Green,Jewellery,Earrings,Stud,Thermoplastic Polyurethane; Zinc,Brushed Golden,,5.99,/241/52/176036_DN_1,176036_DN_1.jpg,none,,,,,
176036_PH,176036,Earring ORPHIC Peach,_PH,Peach,Jewellery,Earrings,Stud,Thermoplastic Polyurethane; Zinc,Golden,,5.99,/232/52/176036_PH_1,176036_PH_1.jpg,none,,,,,
176036_TQ,176036,Earring SUNSET JUNCTION Turquoise,_TQ,Turquoise,Jewellery,Earrings,Stud,Stone; Zinc,Golden,,5.99,/241/52/176036_TQ_1,176036_TQ_1.jpg,none,,,,,
178757_BM,178757,Earring TROPICAL GEMS Bright Multicolor,_BM,Bright Multicolor,Jewellery,Earrings,Hoop Earrings,Cotton; Iron; Pearl,Golden,,4.99,/241/52/178757_BM_1,178757_BM_1.jpg,none,,,,,
179566_GD,179566,Set of Earrings KISS54 Gold,_GD,Gold,Jewellery,Earrings,Hoop Earrings,Brass; Zirconium,Golden,,5.99,/202/52/179566_GD_1,179566_GD_1.jpg,none,,,,,
179566_SV,179566,Set of Earrings KISS54 Silver,_SV,Silver,Jewellery,Earrings,Hoop Earrings,Brass; Zirconium,Golden,,5.99,/202/52/179566_SV_1,179566_SV_1.jpg,none,,,,,
1867360HM,186736,Earring KISS54 Halftone Multicolor,0HM,Halftone Multicolor,Jewellery,Earrings,Hoop Earrings,Brass; Zinc; Zirconium,Golden,,6.99,/232/52/1867360HM_1,1867360HM_1.jpg,none,,,,,
187622_BM,187622,Bracelet DEGRADE Bright Multicolor,_BM,Bright Multicolor,Jewellery,Bracelets,Anklet,Glass; Iron; Stone; Thermoplastic Polyurethane,Golden,,7.99,/232/52/187622_BM_1,187622_BM_1.jpg,none,,,,,
1886662HM,188666,Earring ORPHIC Halftone Multicolor,2HM,Halftone Multicolor,Jewellery,Earrings,Dangle,Acrylic; Iron; Thermoplastic Polyurethane,Brushed Golden,Shell,7.99,/232/52/1886662HM_1,1886662HM_1.jpg,none,,,,,
188666_PU,188666,Earring ULTRAVIO Purple,_PU,Purple,Jewellery,Earrings,Dangle,Acrylic; Iron; Thermoplastic Polyurethane,Worn Gold,Shell,7.99,/232/52/188666_PU_1,188666_PU_1.jpg,none,,,,,
1910582HM,191058,Bracelet ORPHIC Halftone Multicolor,2HM,Halftone Multicolor,Jewellery,Bracelets,Elastic Bracelet,Resin; Thermoplastic Polyurethane,Golden,,5.99,/232/52/1910582HM_1,1910582HM_1.jpg,none,,,,,
1910583HM,191058,Bracelet VENDREDI Halftone Multicolor,3HM,Halftone Multicolor,Jewellery,Bracelets,Elastic Bracelet,Resin; Thermoplastic Polyurethane,Golden,,5.99,/241/52/1910583HM_1,1910583HM_1.jpg,none,,,,,
191058_BL,191058,Bracelet ATMOSPHERE Blue,_BL,Blue,Jewellery,Bracelets,Elastic Bracelet,Thermoplastic Polyurethane; Resin,Rodhium,,5.99,/242/52/191058_BL_1,191058_BL_1.jpg,none,,,,,
191116_DM,191116,Set of Bracelets Gipsy Garden Dark Multicolor,_DM,Dark Multicolor,Jewellery,Bracelets,Elastic Bracelet,Acrylic; Glass; Thermoplastic Polyurethane; Zinc,,,9.99,/241/52/191116_DM_1,191116_DM_1.jpg,none,,,,,
1936220HM,193622,Set of Earrings KISS54 Halftone Multicolor,0HM,Halftone Multicolor,Jewellery,Earrings,Hoop Earrings,Brass; Enamel; Zirconium,Golden,,5.99,/232/52/1936220HM_1,1936220HM_1.jpg,none,,,,,
1940410HM,194041,Earring ORPHIC Halftone Multicolor,0HM,Halftone Multicolor,Jewellery,Earrings,Hoop Earrings,Iron; Resin,Golden,,7.99,/232/52/1940410HM_1,1940410HM_1.jpg,none,,,,,
1940571HM,194057,Earring COTTAGE BLUE Halftone Multicolor,1HM,Halftone Multicolor,Jewellery,Earrings,Hoop Earrings,Acrylic; Brass; Iron,Golden,,7.99,/232/52/1940571HM_1,1940571HM_1.jpg,none,,,,,
194057_DM,194057,Earring IDENTITY Dark Multicolor,_DM,Dark Multicolor,Jewellery,Earrings,Hoop Earrings,Acrylic; Iron,Golden,,7.99,/241/52/194057_DM_1,194057_DM_1.jpg,none,,,,,
1959052BM,195905,Bracelet SUNSET JUNCTION Bright Multicolor,2BM,Bright Multicolor,Jewellery,Bracelets,Elastic Bracelet,Acrylic; Stone; Thermoplastic Polyurethane,Golden,Beads,5.99,/241/52/1959052BM_1,1959052BM_1.jpg,none,,,,,
1965582BM,196558,Earring DOMINICA Bright Multicolor,2BM,Bright Multicolor,Jewellery,Earrings,Dangle,Acrylic; Iron; Wood; Metal and Cord,Brushed Golden,,5.99,/241/52/1965582BM_1,1965582BM_1.jpg,none,,,,,
1966531BL,196653,Earring TREND Blue,1BL,Blue,Jewellery,Earrings,Stud,Zinc,Golden,,7.99,/232/52/1966531BL_1,1966531BL_1.jpg,none,,,,,
1966531FU,196653,Earring TREND Fuchsia,1FU,Fuchsia,Jewellery,Earrings,Stud,Zinc,Golden,,7.99,/241/52/1966531FU_1,1966531FU_1.jpg,none,,,,,
1966531LL,196653,Earring TREND Lilac,1LL,Lilac,Jewellery,Earrings,Stud,Zinc,Golden,,7.99,/232/52/1966531LL_1,1966531LL_1.jpg,none,,,,,
196653_CL,196653,Earring TREND Coral,_CL,Coral,Jewellery,Earrings,Stud,Zinc,Golden,,7.99,/232/52/196653_CL_1,196653_CL_1.jpg,none,,,,,
196653_GD,196653,Earring TREND Gold,_GD,Gold,Jewellery,Earrings,Stud,Zinc,,,9.99,/242/52/196653_GD_1,196653_GD_1.jpg,none,,,,,
197724_GD,197724,Earring GOLDEN BASICS Gold,_GD,Gold,Jewellery,Earrings,Hoop Earrings,Zinc,Golden,,5.99,/222/52/197724_GD_1,197724_GD_1.jpg,none,,,,,
198274_BL,198274,Pin FASHION SUPPLEMENTS Blue,_BL,Blue,Jewellery,Pins,Romantic Brooche,Enamel; Zinc,Golden,,5.99,/241/52/198274_BL_2y,198274_BL_2y.jpg,none,,,,,
199935_PH,199935,Earring DEGRADE Peach,_PH,Peach,Jewellery,Earrings,Dangle,Enamel; Iron; Zinc,Golden,,5.99,/232/52/199935_PH_1,199935_PH_1.jpg,none,,,,,
200284_GD,200284,Necklace GOLDEN BASICS Gold,_GD,Gold,Jewellery,Necklaces,Pendant,Copper; Iron,Golden,,9.99,/222/52/200284_GD_1,200284_GD_1.jpg,none,,,,,
2004211CL,200421,Earring TREND Coral,1CL,Coral,Jewellery,Earrings,Stud,Acrylic; Copper; Iron; Thermoplastic Polyurethane,Golden,,9.99,/232/52/2004211CL_1,2004211CL_1.jpg,none,,,,,
200421_DN,200421,Earring TREND Dark Green,_DN,Dark Green,Jewellery,Earrings,Stud,Acrylic; Copper; Iron; Thermoplastic Polyurethane,,,9.99,/242/52/200421_DN_1,200421_DN_1.jpg,none,,,,,
200421_IV,200421,Earring TREND Ivory,_IV,Ivory,Jewellery,Earrings,Stud,Acrylic; Copper; Iron; Thermoplastic Polyurethane,,,9.99,/242/52/200421_IV_1,200421_IV_1.jpg,none,,,,,
200421_LL,200421,Earring TREND Lilac,_LL,Lilac,Jewellery,Earrings,Stud,Acrylic; Copper; Iron; Thermoplastic Polyurethane,Golden,,9.99,/232/52/200421_LL_1,200421_LL_1.jpg,none,,,,,
201147_HM,201147,Ring BHLOTUS Halftone Multicolor,_HM,Halftone Multicolor,Jewellery,Rings,Stone/Gem,Resin; Zinc,Golden,,5.99,/232/52/201147_HM_1,201147_HM_1.jpg,none,,,,,
201226_BK,201226,Bracelet ECLIPSE Black,_BK,Black,Jewellery,Bracelets,Elastic Bracelet,Thermoplastic Polyurethane; Zinc; Stone,Golden,Stone,5.99,/232/52/201226_BK_1,201226_BK_1.jpg,none,,,,,
201841_BK,201841,Earring ECLIPSE Black,_BK,Black,Jewellery,Earrings,Hoop Earrings,Enamel; Zinc,Golden,,7.99,/232/52/201841_BK_1,201841_BK_1.jpg,none,,,,,
201841_RY,201841,Earring SUNSET JUNCTION Raspberry,_RY,Raspberry,Jewellery,Earrings,Hoop Earrings,Resin; Zinc,Golden,,7.99,/241/52/201841_RY_1,201841_RY_1.jpg,none,,,,,
202032_HM,202032,Earring BHLOTUS Halftone Multicolor,_HM,Halftone Multicolor,Jewellery,Earrings,Hoop Earrings,Thermoplastic Polyurethane; Acrylic; Iron; Stone,Golden,,4.99,/232/52/202032_HM_1,202032_HM_1.jpg,none,,,,,
2024011HM,202401,Earring ORPHIC Halftone Multicolor,1HM,Halftone Multicolor,Jewellery,Earrings,Dangle,Iron; Resin; Zinc,Brushed Golden,,5.99,/232/52/2024011HM_1,2024011HM_1.jpg,none,,,,,
202646_GD,202646,Earring Golden Basics Gold,_GD,Gold,Jewellery,Earrings,Dangle,Iron,Golden,,5.99,/222/52/202646_GD_1,202646_GD_1.jpg,none,,,,,
203143_PU,203143,Ring ULTRAVIO Purple,_PU,Purple,Jewellery,Rings,Fantasy,Acrylic; Zinc,Golden,,6.99,/232/52/203143_PU_1,203143_PU_1.jpg,none,,,,,
203157_HM,203157,Earring TREND Halftone Multicolor,_HM,Halftone Multicolor,Jewellery,Earrings,Dangle,Acrylic; Glass; Iron; Zinc,,,9.99,/232/52/203157_HM_1,203157_HM_1.jpg,none,,,,,
203157_PM,203157,Earring TREND Pastel Multicolor,_PM,Pastel Multicolor,Jewellery,Earrings,Dangle,Acrylic; Glass; Iron; Zinc,Golden,,9.99,/232/52/203157_PM_1,203157_PM_1.jpg,none,,,,,
203825_SV,203825,Earring DEGRADE Silver,_SV,Silver,Jewellery,Earrings,Stud,Iron,Brushed Silver,,4.99,/231/52/203825_SV_1,203825_SV_1.jpg,none,,,,,
203837_GD,203837,Set of Earrings GOLDEN BASICS Gold,_GD,Gold,Jewellery,Earrings,Stud,Copper; Iron,Golden,,5.99,/222/52/203837_GD_1,203837_GD_1.jpg,none,,,,,
204482_GD,204482,Necklace GLDN DEL Gold,_GD,Gold,Jewellery,Necklaces,Beaded Necklace,Brass; Iron,Golden,,12.99,/231/52/204482_GD_1,204482_GD_1.jpg,none,,,,,
204765_PK,204765,Key Chain FASHION SUPPLEMENTS Pink,_PK,Pink,Jewellery,Key chains,Other Key-Chain,Acrylic; Iron; Iron; Rubber,Golden,,8.99,/242/52/204765_PK_1,204765_PK_1.jpg,none,,,,,
204790_BG,204790,Jewellery Box FASHION SUPPLEMENTS Beige,_BG,Beige,Jewellery,Other Jewellery,Jewellery Box,Polyester; Polyurethane; Polyurethane,Golden,,15.99,/232/52/204790_BG_1,204790_BG_1.jpg,none,,,,,
204790_LL,204790,Jewellery Box FASHION SUPPLEMENTS Lilac,_LL,Lilac,Jewellery,Other Jewellery,Jewellery Box,Polyester; Polyurethane; Polyurethane,Golden,,15.99,/231/52/204790_LL_1,204790_LL_1.jpg,none,,,,,
204790_PK,204790,Jewellery Box FASHION SUPPLEMENTS Pink,_PK,Pink,Jewellery,Other Jewellery,Jewellery Box,Polyester; Polyurethane; Polyurethane,Golden,,15.99,/232/52/204790_PK_1,204790_PK_1.jpg,none,,,,,
205182_LB,205182,Earring TREND Light Blue,_LB,Light Blue,Jewellery,Earrings,Drop,Copper; Crystal Glass,Silver,,15.99,/232/52/205182_LB_1,205182_LB_1.jpg,none,,,,,
205237_GD,205237,Bracelet GLDN DEL Gold,_GD,Gold,Jewellery,Bracelets,Non-Adjustable Bracelet,Glass; Iron,Golden,,6.99,/231/52/205237_GD_1,205237_GD_1.jpg,none,,,,,
205345_HM,205345,Earring GLDN DEL Halftone Multicolor,_HM,Halftone Multicolor,Jewellery,Earrings,Stud,Brass; Zirconium,Golden,,5.99,/241/52/205345_HM_2y,205345_HM_2y.jpg,none,,,,,
205524_HM,205524,Necklace GLDN DEL Halftone Multicolor,_HM,Halftone Multicolor,Jewellery,Necklaces,Y-Necklace,Brass; Zirconium,Golden,,12.99,/232/52/205524_HM_1,205524_HM_1.jpg,none,,,,,
205788_HM,205788,Ring VENDREDI Halftone Multicolor,_HM,Halftone Multicolor,Jewellery,Rings,Band Ring,Enamel; Zinc,Golden,,4.99,/241/52/205788_HM_1,205788_HM_1.jpg,none,,,,,
206153_NV,206153,Earring COTTAGE BLUE Navy,_NV,Navy,Jewellery,Earrings,Drop,Iron; Resin,Brushed Golden,,7.99,/232/52/206153_NV_1,206153_NV_1.jpg,none,,,,,
206268_HM,206268,Necklace ORPHIC Halftone Multicolor,_HM,Halftone Multicolor,Jewellery,Necklaces,Pendant,Acrylic; Brass; Iron; Resin; Stone; Thermoplastic Polyurethane,Golden,,12.99,/232/52/206268_HM_1,206268_HM_1.jpg,none,,,,,
206301_HM,206301,Necklace ORPHIC Halftone Multicolor,_HM,Halftone Multicolor,Jewellery,Necklaces,Beaded Necklace,Acrylic; Brass; Glass; Thermoplastic Polyurethane; Zinc,Golden,,10.99,/232/52/206301_HM_1,206301_HM_1.jpg,none,,,,,
206897_SV,206897,Bracelet SILVER D Silver,_SV,Silver,Jewellery,Bracelets,Adjustable Bracelet,Brass,Rodhium,,5.99,/231/52/206897_SV_1,206897_SV_1.jpg,none,,,,,
206910_GD,206910,Ring GLDN DEL Gold,_GD,Gold,Jewellery,Rings,Band Ring,Zinc,Golden,,5.99,/231/52/206910_GD_1,206910_GD_1.jpg,none,,,,,
206910_SV,206910,Ring SILVER D Silver,_SV,Silver,Jewellery,Rings,Band Ring,Zinc,Rodhium,,5.99,/231/52/206910_SV_1,206910_SV_1.jpg,none,,,,,
206916_GD,206916,Earring GLDN DEL Gold,_GD,Gold,Jewellery,Earrings,Hoop Earrings,Acrylic; Brass,Golden,,7.99,/231/52/206916_GD_1,206916_GD_1.jpg,none,,,,,
206916_SV,206916,Earring SILVER D Silver,_SV,Silver,Jewellery,Earrings,Hoop Earrings,Acrylic; Brass,Rodhium,,7.99,/231/52/206916_SV_1,206916_SV_1.jpg,none,,,,,
207014_FU,207014,Jewellery FASHION SUPPLEMENTS Fuchsia,_FU,Fuchsia,Jewellery,Cigarette Box,Regular,Thermoplastic Polyurethane; Zinc,Other,,5.99,/232/52/207014_FU_1,207014_FU_1.jpg,none,,,,,
207193_GD,207193,Earring GOLDEN BASICS Gold,_GD,Gold,Jewellery,Earrings,Stud,Iron,Golden,,3.99,/231/52/207193_GD_1,207193_GD_1.jpg,none,,,,,
207831_CL,207831,Necklace TREND Coral,_CL,Coral,Jewellery,Necklaces,Beaded Necklace,Glass; Iron,Golden,,17.99,/232/52/207831_CL_1,207831_CL_1.jpg,none,,,,,
207975_GD,207975,Earring GOLDEN BASICS Gold,_GD,Gold,Jewellery,Earrings,Hoop Earrings,Iron,Brushed Golden,,5.99,/231/52/207975_GD_1,207975_GD_1.jpg,none,,,,,
2084240BM,208424,Necklace TROPICAL GEMS Bright Multicolor,0BM,Bright Multicolor,Jewellery,Necklaces,Beaded Necklace,Glass; Iron; Zinc,Golden,,8.99,/241/52/2084240BM_1,2084240BM_1.jpg,none,,,,,
209001_GD,209001,Bracelet GOLDEN BASICS Gold,_GD,Gold,Jewellery,Bracelets,Elastic Bracelet,Shell; Zinc,Golden,,6.99,/232/52/209001_GD_1,209001_GD_1.jpg,none,,,,,
209007_GD,209007,Set of Necklaces GOLDEN BASICS Gold,_GD,Gold,Jewellery,Necklaces,Pendant,Iron; Pearl; Shell; Zinc,Golden,,12.99,/232/52/209007_GD_1,209007_GD_1.jpg,none,,,,,
209015_GD,209015,Earring GOLDEN BASICS Gold,_GD,Gold,Jewellery,Earrings,Dangle,Iron; Shell,Brushed Golden,,7.99,/232/52/209015_GD_1,209015_GD_1.jpg,none,,,,,
209060_GD,209060,Earring GOLDEN BASICS Gold,_GD,Gold,Jewellery,Earrings,Hoop Earrings,Shell; Steel,Golden,,8.99,/232/52/209060_GD_1,209060_GD_1.jpg,none,,,,,
209060_LK,209060,Earring FORMENTERA Light Pink,_LK,Light Pink,Jewellery,Earrings,Hoop Earrings,Shell; Steel,Golden,,8.99,/241/52/209060_LK_1,209060_LK_1.jpg,none,,,,,
209162_GD,209162,Necklace GOLDEN BASICS Gold,_GD,Gold,Jewellery,Necklaces,Pendant,Iron; Shell; Zinc,Golden,,9.99,/232/52/209162_GD_1,209162_GD_1.jpg,none,,,,,
209172_GD,209172,Ring GOLDEN BASICS Gold,_GD,Gold,Jewellery,Rings,Band Ring,Zinc,Golden,,5.99,/232/52/209172_GD_1,209172_GD_1.jpg,none,,,,,
209178_GD,209178,Bracelet GOLDEN BASICS Gold,_GD,Gold,Jewellery,Bracelets,Elastic Bracelet,Acrylic; Thermoplastic Polyurethane; Zinc,Golden,,5.99,/232/52/209178_GD_1,209178_GD_1.jpg,none,,,,,
209183_GD,209183,Necklace GOLDEN BASICS Gold,_GD,Gold,Jewellery,Necklaces,Pendant,Iron; Shell; Zinc,Golden,,10.99,/232/52/209183_GD_1,209183_GD_1.jpg,none,,,,,
209251_GD,209251,Ring GLDN DEL Gold,_GD,Gold,Jewellery,Rings,Fantasy,Zinc,Golden,,5.99,/232/52/209251_GD_1,209251_GD_1.jpg,none,,,,,
209251_SV,209251,Ring SILVER D Silver,_SV,Silver,Jewellery,Rings,Fantasy,Zinc,Golden,,5.99,/232/52/209251_SV_1,209251_SV_1.jpg,none,,,,,
209262_GD,209262,Ring GOLDEN BASICS Gold,_GD,Gold,Jewellery,Rings,Band Ring,Copper,Golden,,6.99,/232/52/209262_GD_1,209262_GD_1.jpg,none,,,,,
209265_BK,209265,Ring ECLIPSE Black,_BK,Black,Jewellery,Rings,Band Ring,Enamel; Zinc,Golden,,4.99,/232/52/209265_BK_1,209265_BK_1.jpg,none,,,,,
209265_GD,209265,Ring GOLDEN BASICS Gold,_GD,Gold,Jewellery,Rings,Band Ring,Enamel; Zinc,Golden,,4.99,/232/52/209265_GD_1,209265_GD_1.jpg,none,,,,,
209265_LB,209265,Ring GUARANI VIBES Light Blue,_LB,Light Blue,Jewellery,Rings,Band Ring,Enamel; Zinc,Golden,,4.99,/232/52/209265_LB_1,209265_LB_1.jpg,none,,,,,
209269_GD,209269,Necklace GOLDEN BASICS Gold,_GD,Gold,Jewellery,Necklaces,Pendant,Copper; Iron; Shell; Zinc,Golden,,9.99,/232/52/209269_GD_1,209269_GD_1.jpg,none,,,,,
209283_GD,209283,Earring GOLDEN BASICS Gold,_GD,Gold,Jewellery,Earrings,Hoop Earrings,Acrylic; Iron; Pearl; Zinc,Golden,,5.99,/232/52/209283_GD_1,209283_GD_1.jpg,none,,,,,
209302_GD,209302,Necklace GLDN DEL Gold,_GD,Gold,Jewellery,Necklaces,Pendant,Copper; Zirconium,,,10.99,/232/52/209302_GD_1,209302_GD_1.jpg,none,,,,,
209302_SV,209302,Necklace SILVER D Silver,_SV,Silver,Jewellery,Necklaces,Pendant,Copper; Zirconium,,,10.99,/232/52/209302_SV_1,209302_SV_1.jpg,none,,,,,
209307_GD,209307,Earring GLDN DEL Gold,_GD,Gold,Jewellery,Earrings,Dangle,Glass; Zinc,Golden,,5.99,/231/52/209307_GD_1,209307_GD_1.jpg,none,,,,,
209307_SV,209307,Earring SILVER D Silver,_SV,Silver,Jewellery,Earrings,Dangle,Glass; Zinc,Golden,,5.99,/232/52/209307_SV_1,209307_SV_1.jpg,none,,,,,
209315_GD,209315,Necklace GLDN DEL Gold,_GD,Gold,Jewellery,Necklaces,Y-Necklace,Brass; Glass,Golden,,10.99,/232/52/209315_GD_1,209315_GD_1.jpg,none,,,,,
209315_SV,209315,Necklace SILVER D Silver,_SV,Silver,Jewellery,Necklaces,Y-Necklace,Brass; Glass,Golden,,10.99,/232/52/209315_SV_1,209315_SV_1.jpg,none,,,,,
209321_GD,209321,Earring GLDN DEL Gold,_GD,Gold,Jewellery,Earrings,Stud,Glass; Iron,Golden,,4.99,/232/52/209321_GD_1,209321_GD_1.jpg,none,,,,,
209326_GD,209326,Necklace GLDN DEL Gold,_GD,Gold,Jewellery,Necklaces,Beaded Necklace,Brass; Iron,Golden,,9.99,/232/52/209326_GD_1,209326_GD_1.jpg,none,,,,,
209326_SV,209326,Necklace SILVER D Silver,_SV,Silver,Jewellery,Necklaces,Beaded Necklace,Brass; Iron,Golden,,9.99,/232/52/209326_SV_1,209326_SV_1.jpg,none,,,,,
209331_GD,209331,Bracelet GLDN DEL Gold,_GD,Gold,Jewellery,Bracelets,Adjustable Bracelet,Brass; Zirconium,Golden,,8.99,/232/52/209331_GD_1,209331_GD_1.jpg,none,,,,,
209331_SV,209331,Bracelet SILVER D Silver,_SV,Silver,Jewellery,Bracelets,Adjustable Bracelet,Brass; Zirconium,Golden,,8.99,/232/52/209331_SV_1,209331_SV_1.jpg,none,,,,,
209338_PE,209338,Earring GLDN DEL Pearl,_PE,Pearl,Jewellery,Earrings,Dangle,Brass; Iron; Pearl; Zinc,Golden,,9.99,/232/52/209338_PE_1,209338_PE_1.jpg,none,,,,,
209343_PE,209343,Earring GLDN DEL Pearl,_PE,Pearl,Jewellery,Earrings,Hoop Earrings,Acrylic; Zinc,Golden,,5.99,/232/52/209343_PE_1,209343_PE_1.jpg,none,,,,,
209344_GD,209344,Necklace GLDN DEL Gold,_GD,Gold,Jewellery,Necklaces,Beaded Necklace,Iron,,,10.99,/231/52/209344_GD_1,209344_GD_1.jpg,none,,,,,
209344_SV,209344,Necklace SILVER D Silver,_SV,Silver,Jewellery,Necklaces,Beaded Necklace,Iron,,,10.99,/231/52/209344_SV_1,209344_SV_1.jpg,none,,,,,
209349_GD,209349,Earring GLDN DEL Gold,_GD,Gold,Jewellery,Earrings,Hoop Earrings,Iron,Golden,,8.99,/232/52/209349_GD_1,209349_GD_1.jpg,none,,,,,
209606_GD,209606,Bracelet GOLDEN BASICS Gold,_GD,Gold,Jewellery,Bracelets,Elastic Bracelet,Zinc,Golden,,9.99,/231/52/209606_GD_1,209606_GD_1.jpg,none,,,,,
2096571BM,209657,Phone case FASHION SUPPLEMENTS Bright Multicolor,1BM,Bright Multicolor,Jewellery,Mobile Accessories,Mobile Cases,Iron; Thermoplastic Polyurethane,Other,,17.99,/232/52/2096571BM_1,2096571BM_1.jpg,none,,,,,
209657_BM,209657,Phone case FASHION SUPPLEMENTS Bright Multicolor,_BM,Bright Multicolor,Jewellery,Mobile Accessories,Mobile Cases,Iron; Thermoplastic Polyurethane,Other,,17.99,/232/52/209657_BM_1,209657_BM_1.jpg,none,,,,,
209663_BM,209663,Key Chain FASHION SUPPLEMENTS Bright Multicolor,_BM,Bright Multicolor,Jewellery,Key chains,Figures,Polyester; Thermoplastic Polyurethane; Zinc,Golden,,12.99,/232/52/209663_BM_1,209663_BM_1.jpg,none,,,,,
209673_BM,209673,Mobile Holder FASHION SUPPLEMENTS Bright Multicolor,_BM,Bright Multicolor,Jewellery,Mobile Accessories,Mobile Holder,Iron; Polyester,Other,,8.99,/232/52/209673_BM_1,209673_BM_1.jpg,none,,,,,
209680_PE,209680,Pin FASHION SUPPLEMENTS Pearl,_PE,Pearl,Jewellery,Pins,Lady Brooche,Acrylic; Brass; Zinc,Golden,,5.99,/232/52/209680_PE_1,209680_PE_1.jpg,none,,,,,
209692_BM,209692,Jewellery FASHION SUPPLEMENTS Bright Multicolor,_BM,Bright Multicolor,Jewellery,Cigarette Box,Regular,Thermoplastic Polyurethane; Zinc,Other,,6.99,/232/52/209692_BM_1,209692_BM_1.jpg,none,,,,,
209721_NV,209721,Fan FASHION SUPPLEMENTS Navy,_NV,Navy,Jewellery,Other Jewellery,Fan,Bamboo; Cotton; Iron,Other,,12.99,/231/52/209721_NV_1,209721_NV_1.jpg,none,,,,,
209770_BM,209770,Earring SPARKLING EARRINGS Bright Multicolor,_BM,Bright Multicolor,Jewellery,Earrings,Stud,Brass; Zirconium,Black Nikel,,25.99,/232/52/209770_BM_1,209770_BM_1.jpg,none,,,,,
209866_GD,209866,Bracelet GOLDEN BASICS Gold,_GD,Gold,Jewellery,Bracelets,Adjustable Bracelet,Brass; Thermoplastic Polyurethane,Brushed Golden,,6.99,/231/52/209866_GD_1,209866_GD_1.jpg,none,,,,,
209926_GD,209926,Earring GLDN DEL Gold,_GD,Gold,Jewellery,Earrings,Dangle,Brass; Iron,Golden,,5.99,/232/52/209926_GD_1,209926_GD_1.jpg,none,,,,,
209926_SV,209926,Earring SILVER D Silver,_SV,Silver,Jewellery,Earrings,Dangle,Brass; Iron,Golden,,5.99,/232/52/209926_SV_1,209926_SV_1.jpg,none,,,,,
210208_GD,210208,Earring GOLDEN BASICS Gold,_GD,Gold,Jewellery,Earrings,Hoop Earrings,Copper; Stone,Golden,,5.99,/232/52/210208_GD_1,210208_GD_1.jpg,none,,,,,
210233_GD,210233,Earring GOLDEN BASICS Gold,_GD,Gold,Jewellery,Earrings,Dangle,Iron; Shell; Zinc,Brushed Golden,,5.99,/232/52/210233_GD_1,210233_GD_1.jpg,none,,,,,
210296_LB,210296,Earring DEGRADE Light Blue,_LB,Light Blue,Jewellery,Earrings,Stud,Iron; Thermoplastic Polyurethane,Golden,,8.99,/232/52/210296_LB_1,210296_LB_1.jpg,none,,,,,
210305_LL,210305,Earring DEGRADE Lilac,_LL,Lilac,Jewellery,Earrings,Dangle,Glass; Iron; Polyester; Resin,Golden,,8.99,/232/52/210305_LL_1,210305_LL_1.jpg,none,,,,,
210321_LL,210321,Earring DEGRADE Lilac,_LL,Lilac,Jewellery,Earrings,Stud,Acrylic; Enamel; Zinc,Golden,,5.99,/232/52/210321_LL_1,210321_LL_1.jpg,none,,,,,
210330_WT,210330,Earring DEGRADE White,_WT,White,Jewellery,Earrings,Dangle,Acrylic; Glass; Iron; Resin,Silver,,9.99,/232/52/210330_WT_1,210330_WT_1.jpg,none,,,,,
210340_WT,210340,Bracelet DEGRADE White,_WT,White,Jewellery,Bracelets,Anklet,Brass; Iron; Shell; Zinc,Golden,,7.99,/232/52/210340_WT_1,210340_WT_1.jpg,none,,,,,
2103430HM,210343,Earring VENDREDI Halftone Multicolor,0HM,Halftone Multicolor,Jewellery,Earrings,Hoop Earrings,Iron; Stone,Golden,,5.99,/241/52/2103430HM_1,2103430HM_1.jpg,none,,,,,
210343_HM,210343,Earring ORPHIC Halftone Multicolor,_HM,Halftone Multicolor,Jewellery,Earrings,Hoop Earrings,Iron; Stone,Golden,,5.99,/232/52/210343_HM_1,210343_HM_1.jpg,none,,,,,
210343_LB,210343,Earring DEGRADE Light Blue,_LB,Light Blue,Jewellery,Earrings,Hoop Earrings,Iron; Stone,Golden,,5.99,/232/52/210343_LB_1,210343_LB_1.jpg,none,,,,,
210349_LL,210349,Earring DEGRADE Lilac,_LL,Lilac,Jewellery,Earrings,Stud,Cotton; Glass; Iron; Rattan,Golden,,8.99,/232/52/210349_LL_1,210349_LL_1.jpg,none,,,,,
210350_NV,210350,Earring DEGRADE Navy,_NV,Navy,Jewellery,Earrings,Dangle,Iron; Zinc,Golden,,9.99,/232/52/210350_NV_1,210350_NV_1.jpg,none,,,,,
210350_WT,210350,Earring DEGRADE White,_WT,White,Jewellery,Earrings,Dangle,Iron; Zinc,Golden,,9.99,/232/52/210350_WT_1,210350_WT_1.jpg,none,,,,,
210432_BL,210432,Phone case FASHION SUPPLEMENTS Blue,_BL,Blue,Jewellery,Mobile Accessories,Mobile Cases,Iron; Polyester; Thermoplastic Polyurethane,Other,,9.99,/232/52/210432_BL_1,210432_BL_1.jpg,none,,,,,
210432_FU,210432,Phone case FASHION SUPPLEMENTS Fuchsia,_FU,Fuchsia,Jewellery,Mobile Accessories,Mobile Cases,Iron; Polyester; Thermoplastic Polyurethane,Other,,9.99,/232/52/210432_FU_1,210432_FU_1.jpg,none,,,,,
210432_LL,210432,Phone case FASHION SUPPLEMENTS Lilac,_LL,Lilac,Jewellery,Mobile Accessories,Mobile Cases,Iron; Polyester; Thermoplastic Polyurethane,Other,,9.99,/232/52/210432_LL_1,210432_LL_1.jpg,none,,,,,
210432_OR,210432,Phone case FASHION SUPPLEMENTS Orange,_OR,Orange,Jewellery,Mobile Accessories,Mobile Cases,Polyester; Thermoplastic Polyurethane; Iron,Other,,9.99,/232/52/210432_OR_1,210432_OR_1.jpg,none,,,,,
210432_TB,210432,Phone case FASHION SUPPLEMENTS Pastel Blue,_TB,Pastel Blue,Jewellery,Mobile Accessories,Mobile Cases,Iron; Polyester; Thermoplastic Polyurethane,Other,,9.99,/232/52/210432_TB_2y,210432_TB_2y.jpg,none,,,,,
210438_BL,210438,Phone case FASHION SUPPLEMENTS Blue,_BL,Blue,Jewellery,Mobile Accessories,Mobile Cases,Iron; Polyester; Thermoplastic Polyurethane,Other,,9.99,/232/52/210438_BL_1,210438_BL_1.jpg,none,,,,,
210438_FU,210438,Phone case FASHION SUPPLEMENTS Fuchsia,_FU,Fuchsia,Jewellery,Mobile Accessories,Mobile Cases,Iron; Polyester; Thermoplastic Polyurethane,Other,,9.99,/232/52/210438_FU_1,210438_FU_1.jpg,none,,,,,
210438_LL,210438,Phone case FASHION SUPPLEMENTS Lilac,_LL,Lilac,Jewellery,Mobile Accessories,Mobile Cases,Iron; Polyester; Thermoplastic Polyurethane,Other,,9.99,/232/52/210438_LL_1,210438_LL_1.jpg,none,,,,,
210438_OR,210438,Phone case FASHION SUPPLEMENTS Orange,_OR,Orange,Jewellery,Mobile Accessories,Mobile Cases,Iron; Polyester; Thermoplastic Polyurethane,Other,,9.99,/232/52/210438_OR_1,210438_OR_1.jpg,none,,,,,
210438_TB,210438,Phone case FASHION SUPPLEMENTS Pastel Blue,_TB,Pastel Blue,Jewellery,Mobile Accessories,Mobile Cases,Iron; Polyester; Thermoplastic Polyurethane,Other,,9.99,/232/52/210438_TB_1,210438_TB_1.jpg,none,,,,,
210631_GD,210631,Earring FRANJAS Gold,_GD,Gold,Jewellery,Earrings,Drop,Brass; Pearl; Zinc,Golden,,17.99,/232/52/210631_GD_1,210631_GD_1.jpg,none,,,,,
210640_GD,210640,Necklace FRANJAS Gold,_GD,Gold,Jewellery,Necklaces,Pendant,Brass; Zinc,Worn Gold,,12.99,/232/52/210640_GD_1,210640_GD_1.jpg,none,,,,,
210647_BG,210647,Earring FRANJAS Beige,_BG,Beige,Jewellery,Earrings,Dangle,Copper; Pearl; Shell; Zinc,Golden,,19.99,/232/52/210647_BG_1,210647_BG_1.jpg,none,,,,,
210738_PK,210738,Earring GLDN DEL Pink,_PK,Pink,Jewellery,Earrings,Dangle,Brass; Zirconium,Golden,,9.99,/232/52/210738_PK_1,210738_PK_1.jpg,none,,,,,
210743_HM,210743,Necklace GLDN DEL Halftone Multicolor,_HM,Halftone Multicolor,Jewellery,Necklaces,Beaded Necklace,Zirconium; Brass,Golden,,10.99,/232/52/210743_HM_1,210743_HM_1.jpg,none,,,,,
210748_HM,210748,Necklace GLDN DEL Halftone Multicolor,_HM,Halftone Multicolor,Jewellery,Necklaces,Beaded Necklace,Brass; Zirconium,Golden,,12.99,/232/52/210748_HM_1,210748_HM_1.jpg,none,,,,,
210935_GD,210935,Earring SPARKLING EARRINGS Gold,_GD,Gold,Jewellery,Earrings,Drop,Brass; Pearl,Golden,,17.99,/232/52/210935_GD_1,210935_GD_1.jpg,none,,,,,
210953_GD,210953,Earring FRESH WATER PEARL COLLEC Gold,_GD,Gold,Jewellery,Earrings,Hoop Earrings,Pearl; Zinc,Golden,,15.99,/232/52/210953_GD_1,210953_GD_1.jpg,none,,,,,
210975_GD,210975,Earring LEAFS STORY Gold,_GD,Gold,Jewellery,Earrings,Hoop Earrings,Iron; Zinc,Golden,,9.99,/232/52/210975_GD_1,210975_GD_1.jpg,none,,,,,
211035_HM,211035,Earring COTTAGE BLUE Halftone Multicolor,_HM,Halftone Multicolor,Jewellery,Earrings,Dangle,Brass; Thermoplastic Polyurethane; Zinc,Burnish Golden,,8.99,/232/52/211035_HM_1,211035_HM_1.jpg,none,,,,,
211043_BL,211043,Earring COTTAGE BLUE Blue,_BL,Blue,Jewellery,Earrings,Hoop Earrings,Enamel; Iron,Golden,,5.99,/232/52/211043_BL_1,211043_BL_1.jpg,none,,,,,
211057_NV,211057,Necklace COTTAGE BLUE Navy,_NV,Navy,Jewellery,Necklaces,Pendant,Acrylic; Iron; Stone; Zinc,Brushed Golden,,10.99,/232/52/211057_NV_1,211057_NV_1.jpg,none,,,,,
211064_HM,211064,Set of Earrings KISS54 Halftone Multicolor,_HM,Halftone Multicolor,Jewellery,Earrings,Hoop Earrings,Brass; Enamel; Glass; Zinc,Golden,,6.99,/232/52/211064_HM_1,211064_HM_1.jpg,none,,,,,
211069_NV,211069,Earring COTTAGE BLUE Navy,_NV,Navy,Jewellery,Earrings,Dangle,Iron; Resin,Brushed Golden,,5.99,/232/52/211069_NV_2y,211069_NV_2y.jpg,none,,,,,
211076_GN,211076,Earring COLOMBIA EARRINGS Green,_GN,Green,Jewellery,Earrings,Dangle,Stone; Brass,Golden,,17.99,/232/52/211076_GN_1,211076_GN_1.jpg,none,,,,,
211082_HM,211082,Set of Earrings KISS54 Halftone Multicolor,_HM,Halftone Multicolor,Jewellery,Earrings,Hoop Earrings,Brass; Zirconium,Rodhium,,5.99,/232/52/211082_HM_1,211082_HM_1.jpg,none,,,,,
211091_HM,211091,Set of Earrings KISS54 Halftone Multicolor,_HM,Halftone Multicolor,Jewellery,Earrings,Hoop Earrings,Brass; Zirconium,Golden,,5.99,/232/52/211091_HM_1,211091_HM_1.jpg,none,,,,,
211110_HM,211110,Necklace COTTAGE BLUE Halftone Multicolor,_HM,Halftone Multicolor,Jewellery,Necklaces,Pendant,Acrylic; Brass; Stone; Thermoplastic Polyurethane; Zinc,Brushed Golden,,10.99,/232/52/211110_HM_1,211110_HM_1.jpg,none,,,,,
211118_HM,211118,Bracelet COTTAGE BLUE Halftone Multicolor,_HM,Halftone Multicolor,Jewellery,Bracelets,Elastic Bracelet,Pearl; Stone; Thermoplastic Polyurethane,Brushed Golden,,7.99,/232/52/211118_HM_1,211118_HM_1.jpg,none,,,,,
211132_HM,211132,Set of Necklaces COTTAGE BLUE Halftone Multicolor,_HM,Halftone Multicolor,Jewellery,Necklaces,Other Necklaces,Glass; Iron; Pearl; Resin; Stone; Zinc,Golden,,15.99,/232/52/211132_HM_1,211132_HM_1.jpg,none,,,,,
211157_MD,211157,Earring KISS54 Mustard,_MD,Mustard,Jewellery,Earrings,Ear Cuff,Brass,Golden,,4.99,/232/52/211157_MD_1,211157_MD_1.jpg,none,,,,,
211162_GD,211162,Set of Earrings KISS54 Gold,_GD,Gold,Jewellery,Earrings,Dangle,Zinc; Zirconium,Golden,,5.99,/232/52/211162_GD_1,211162_GD_1.jpg,none,,,,,
211173_HM,211173,Bracelet KISS54 Halftone Multicolor,_HM,Halftone Multicolor,Jewellery,Bracelets,Anklet,Brass; Enamel; Iron; Zirconium,Golden,,7.99,/232/52/211173_HM_1,211173_HM_1.jpg,none,,,,,
211180_HM,211180,Set of Earrings KISS54 Halftone Multicolor,_HM,Halftone Multicolor,Jewellery,Earrings,Hoop Earrings,Brass; Zirconium,Rodhium,,5.99,/232/52/211180_HM_1,211180_HM_1.jpg,none,,,,,
211187_HM,211187,Set of Earrings KISS54 Halftone Multicolor,_HM,Halftone Multicolor,Jewellery,Earrings,Hoop Earrings,Brass; Zinc; Zirconium,Golden,,6.99,/232/52/211187_HM_1,211187_HM_1.jpg,none,,,,,
211193_HM,211193,Bracelet KISS54 Halftone Multicolor,_HM,Halftone Multicolor,Jewellery,Bracelets,Anklet,Glass; Stone; Thermoplastic Polyurethane; Zinc,Golden,,7.99,/232/52/211193_HM_1,211193_HM_1.jpg,none,,,,,
211199_HM,211199,Bracelet KISS54 Halftone Multicolor,_HM,Halftone Multicolor,Jewellery,Bracelets,Anklet,Copper; Enamel; Glass; Iron; Zamac,Golden,,7.99,/232/52/211199_HM_1,211199_HM_1.jpg,none,,,,,
211207_HM,211207,Set of Earrings KISS54 Halftone Multicolor,_HM,Halftone Multicolor,Jewellery,Earrings,Hoop Earrings,Copper; Zirconium,Golden,,7.99,/232/52/211207_HM_1,211207_HM_1.jpg,none,,,,,
211242_JN,211242,Earring KISS54 Blue Jeans,_JN,Blue Jeans,Jewellery,Earrings,Ear Cuff,Thermoplastic Polyurethane,Other,,5.99,/232/52/211242_JN_1,211242_JN_1.jpg,none,,,,,
211252_HM,211252,Set of Necklaces KISS54 Halftone Multicolor,_HM,Halftone Multicolor,Jewellery,Necklaces,Chain,Enamel; Iron; Stone; Zirconium,Golden,,15.99,/232/52/211252_HM_1,211252_HM_1.jpg,none,,,,,
211258_HM,211258,Set of Earrings KISS54 Halftone Multicolor,_HM,Halftone Multicolor,Jewellery,Earrings,Hoop Earrings,Brass; Zinc; Zirconium,Golden,,6.99,/232/52/211258_HM_1,211258_HM_1.jpg,none,,,,,
211267_HM,211267,Set of Necklaces KISS54 Halftone Multicolor,_HM,Halftone Multicolor,Jewellery,Necklaces,Chain,Brass; Glass; Iron; Stone; Zirconium,Rodhium,,12.99,/232/52/211267_HM_1,211267_HM_1.jpg,none,,,,,
211272_HM,211272,Set of Earrings KISS54 Halftone Multicolor,_HM,Halftone Multicolor,Jewellery,Earrings,Hoop Earrings,Brass; Zinc; Zirconium,Rodhium,,8.99,/232/52/211272_HM_1,211272_HM_1.jpg,none,,,,,
211279_HM,211279,Set of Earrings KISS54 Halftone Multicolor,_HM,Halftone Multicolor,Jewellery,Earrings,Hoop Earrings,Brass; Zirconium,Rodhium,,5.99,/232/52/211279_HM_1,211279_HM_1.jpg,none,,,,,
211355_FU,211355,Earring KISS54 Fuchsia,_FU,Fuchsia,Jewellery,Earrings,Ear Cuff,Brass; Enamel; Zirconium,Golden,,5.99,/232/52/211355_FU_1,211355_FU_1.jpg,none,,,,,
211411_WT,211411,Necklace GOLDEN BASICS White,_WT,White,Jewellery,Necklaces,Beaded Necklace,Thermoplastic Polyurethane; Zinc; Iron; Shell,Golden,,12.99,/232/52/211411_WT_1,211411_WT_1.jpg,none,,,,,
211441_BM,211441,Jewellery FASHION SUPPLEMENTS Bright Multicolor,_BM,Bright Multicolor,Jewellery,Cigarette Box,Regular,Thermoplastic Polyurethane; Zinc,Golden,,6.99,/232/52/211441_BM_1,211441_BM_1.jpg,none,,,,,
211459_PK,211459,Key Chain FASHION SUPPLEMENTS Pink,_PK,Pink,Jewellery,Key chains,Figures,Iron; Resin; Rubber,Golden,,8.99,/232/52/211459_PK_1,211459_PK_1.jpg,none,,,,,
211467_GD,211467,Pin FASHION SUPPLEMENTS Gold,_GD,Gold,Jewellery,Pins,Romantic Brooche,Iron,Brushed Golden,,4.99,/232/52/211467_GD_1,211467_GD_1.jpg,none,,,,,
211467_SV,211467,Pin FASHION SUPPLEMENTS Silver,_SV,Silver,Jewellery,Pins,Romantic Brooche,Iron,Brushed Silver,,4.99,/241/52/211467_SV_1,211467_SV_1.jpg,none,,,,,
211611_GD,211611,Necklace GOLDEN BASICS Gold,_GD,Gold,Jewellery,Necklaces,Pendant,Iron; Zinc,Brushed Golden,,9.99,/232/52/211611_GD_1,211611_GD_1.jpg,none,,,,,
211619_GD,211619,Necklace GOLDEN BASICS Gold,_GD,Gold,Jewellery,Necklaces,Pendant,Iron; Thermoplastic Polyurethane,Golden,,10.99,/232/52/211619_GD_1,211619_GD_1.jpg,none,,,,,
211628_GD,211628,Earring GOLDEN BASICS Gold,_GD,Gold,Jewellery,Earrings,Hoop Earrings,Zinc,Brushed Golden,,5.99,/232/52/211628_GD_1,211628_GD_1.jpg,none,,,,,
211634_GD,211634,Earring GOLDEN BASICS Gold,_GD,Gold,Jewellery,Earrings,Stud,Zinc,Golden,,5.99,/232/52/211634_GD_1,211634_GD_1.jpg,none,,,,,
211645_GD,211645,Earring GOLDEN BASICS Gold,_GD,Gold,Jewellery,Earrings,Hoop Earrings,Iron,Golden,,7.99,/232/52/211645_GD_1,211645_GD_1.jpg,none,,,,,
2116620BM,211662,Earring FLORABUNDANCE Bright Multicolor,0BM,Bright Multicolor,Jewellery,Earrings,Hoop Earrings,Enamel; Zinc,Golden,,5.99,/232/52/2116620BM_1,2116620BM_1.jpg,none,,,,,
211662_HM,211662,Earring EXPEDITION Halftone Multicolor,_HM,Halftone Multicolor,Jewellery,Earrings,Hoop Earrings,Enamel; Zinc,Golden,,5.99,/232/52/211662_HM_1,211662_HM_1.jpg,none,,,,,
211667_GN,211667,Earring FLORABUNDANCE Green,_GN,Green,Jewellery,Earrings,Dangle,Enamel; Iron,Worn Gold,,5.99,/232/52/211667_GN_1,211667_GN_1.jpg,none,,,,,
211680_DM,211680,Necklace FLORABUNDANCE Dark Multicolor,_DM,Dark Multicolor,Jewellery,Necklaces,Beaded Necklace,Iron; Resin,Golden,,12.99,/232/52/211680_DM_1,211680_DM_1.jpg,none,,,,,
211687_DM,211687,Bracelet FLORABUNDANCE Dark Multicolor,_DM,Dark Multicolor,Jewellery,Bracelets,Elastic Bracelet,Zinc,Golden,,7.99,/232/52/211687_DM_1,211687_DM_1.jpg,none,,,,,
211722_DM,211722,Necklace FLORABUNDANCE Dark Multicolor,_DM,Dark Multicolor,Jewellery,Necklaces,Beaded Necklace,Brass; Resin; Zinc,Golden,,9.99,/232/52/211722_DM_1,211722_DM_1.jpg,none,,,,,
211729_GN,211729,Ring FLORABUNDANCE Green,_GN,Green,Jewellery,Rings,Band Ring,Enamel; Zinc,Golden,,5.99,/232/52/211729_GN_1,211729_GN_1.jpg,none,,,,,
211751_PK,211751,Ring FLORABUNDANCE Pink,_PK,Pink,Jewellery,Rings,Fantasy,Resin,Other,,8.99,/232/52/211751_PK_1,211751_PK_1.jpg,none,,,,,
211761_PK,211761,Earring FLORABUNDANCE Pink,_PK,Pink,Jewellery,Earrings,Dangle,Iron; Thermoplastic Polyurethane; Zinc,Worn Gold,,5.99,/232/52/211761_PK_1,211761_PK_1.jpg,none,,,,,
211769_DM,211769,Earring FLORABUNDANCE Dark Multicolor,_DM,Dark Multicolor,Jewellery,Earrings,Hoop Earrings,Enamel; Zinc,Golden,,5.99,/232/52/211769_DM_1,211769_DM_1.jpg,none,,,,,
211778_PE,211778,Earring GLDN DEL Pearl,_PE,Pearl,Jewellery,Earrings,Dangle,Iron; Zinc,Golden,,9.99,/232/52/211778_PE_1,211778_PE_1.jpg,none,,,,,
211780_GD,211780,Earring GLDN DEL Gold,_GD,Gold,Jewellery,Earrings,Dangle,Brass; Iron; Zirconium,Golden,,9.99,/232/52/211780_GD_1,211780_GD_1.jpg,none,,,,,
211780_SV,211780,Earring SILVER D Silver,_SV,Silver,Jewellery,Earrings,Dangle,Brass; Iron; Zirconium,Golden,,9.99,/232/52/211780_SV_1,211780_SV_1.jpg,none,,,,,
211800_GD,211800,Ring GLDN DEL Gold,_GD,Gold,Jewellery,Rings,Band Ring,Brass; Zinc,Golden,,5.99,/232/52/211800_GD_1,211800_GD_1.jpg,none,,,,,
211800_SV,211800,Ring SILVER D Silver,_SV,Silver,Jewellery,Rings,Band Ring,Brass; Zinc,Golden,,5.99,/232/52/211800_SV_1,211800_SV_1.jpg,none,,,,,
211884_BL,211884,Earring TREND Blue,_BL,Blue,Jewellery,Earrings,Stud,Acrylic; Glass; Zinc,,,12.99,/232/52/211884_BL_1,211884_BL_1.jpg,none,,,,,
211884_LL,211884,Earring TREND Lilac,_LL,Lilac,Jewellery,Earrings,Stud,Acrylic; Glass; Zinc,,,12.99,/232/52/211884_LL_1,211884_LL_1.jpg,none,,,,,
211889_IV,211889,Earring TREND Ivory,_IV,Ivory,Jewellery,Earrings,Dangle,Iron; Shell,Golden,,12.99,/232/52/211889_IV_1,211889_IV_1.jpg,none,,,,,
211900_LM,211900,Earring TREND Lime,_LM,Lime,Jewellery,Earrings,Dangle,Enamel; Iron; Resin; Shell,,,12.99,/232/52/211900_LM_1,211900_LM_1.jpg,none,,,,,
211905_LL,211905,Earring TREND Lilac,_LL,Lilac,Jewellery,Earrings,Dangle,Glass; Iron,Other,,12.99,/232/52/211905_LL_1,211905_LL_1.jpg,none,,,,,
211910_PM,211910,Earring TREND Pastel Multicolor,_PM,Pastel Multicolor,Jewellery,Earrings,Hoop Earrings,Glass; Zinc,,,9.99,/232/52/211910_PM_1,211910_PM_1.jpg,none,,,,,
211923_PK,211923,Earring TREND Pink,_PK,Pink,Jewellery,Earrings,Drop,Enamel; Iron; Zinc,Other,,9.99,/232/52/211923_PK_1,211923_PK_1.jpg,none,,,,,
211931_HM,211931,Necklace BHLOTUS Halftone Multicolor,_HM,Halftone Multicolor,Jewellery,Necklaces,Beaded Necklace,Iron; Resin; Stone; Zinc,Brushed Golden,,12.99,/232/52/211931_HM_1,211931_HM_1.jpg,none,,,,,
211937_HM,211937,Earring TREND Halftone Multicolor,_HM,Halftone Multicolor,Jewellery,Earrings,Dangle,Cotton; Glass; Iron; Zamac,Other,,17.99,/232/52/211937_HM_1,211937_HM_1.jpg,none,,,,,
211950_HM,211950,Earring BHLOTUS Halftone Multicolor,_HM,Halftone Multicolor,Jewellery,Earrings,Dangle,Stone; Zinc,Burnish Golden,,7.99,/232/52/211950_HM_1,211950_HM_1.jpg,none,,,,,
211957_BM,211957,Set of Bracelets TREND Bright Multicolor,_BM,Bright Multicolor,Jewellery,Bracelets,Adjustable Bracelet,Acrylic; Ceramic; Polyester; Resin; Zinc,Golden,,15.99,/232/52/211957_BM_1,211957_BM_1.jpg,none,,,,,
211962_HM,211962,Necklace BHLOTUS Halftone Multicolor,_HM,Halftone Multicolor,Jewellery,Necklaces,Beaded Necklace,Acrylic; Brass; Stone; Zinc,Brushed Golden,,12.99,/232/52/211962_HM_1,211962_HM_1.jpg,none,,,,,
211967_HM,211967,Earring BHLOTUS Halftone Multicolor,_HM,Halftone Multicolor,Jewellery,Earrings,Dangle,Iron; Stone,Golden,,7.99,/232/52/211967_HM_1,211967_HM_1.jpg,none,,,,,
211974_HM,211974,Bracelet BHLOTUS Halftone Multicolor,_HM,Halftone Multicolor,Jewellery,Bracelets,Elastic Bracelet,Acrylic; Brass; Cow Leather; Resin; Stone,Brushed Golden,,7.99,/232/52/211974_HM_1,211974_HM_1.jpg,none,,,,,
211979_PM,211979,Earring TREND Pastel Multicolor,_PM,Pastel Multicolor,Jewellery,Earrings,Dangle,Acrylic; Glass,Golden,,12.99,/232/52/211979_PM_1,211979_PM_1.jpg,none,,,,,
211985_PM,211985,Necklace TREND Pastel Multicolor,_PM,Pastel Multicolor,Jewellery,Necklaces,Beaded Necklace,Acrylic; Brass; Glass,Golden,,25.99,/232/52/211985_PM_1,211985_PM_1.jpg,none,,,,,
211991_HM,211991,Earring BHLOTUS Halftone Multicolor,_HM,Halftone Multicolor,Jewellery,Earrings,Stud,Enamel; Zinc,Golden,,5.99,/232/52/211991_HM_1,211991_HM_1.jpg,none,,,,,
211998_HM,211998,Bracelet BHLOTUS Halftone Multicolor,_HM,Halftone Multicolor,Jewellery,Bracelets,Adjustable Bracelet,Glass; Iron; Stone; Acrylic,Brushed Golden,,7.99,/232/52/211998_HM_1,211998_HM_1.jpg,none,,,,,
212004_HM,212004,Necklace BHLOTUS Halftone Multicolor,_HM,Halftone Multicolor,Jewellery,Necklaces,Beaded Necklace,Brass; Glass; Iron; Resin; Stone; Zinc,Golden,,10.99,/232/52/212004_HM_1,212004_HM_1.jpg,none,,,,,
212011_GD,212011,Bracelet GLDN DEL Gold,_GD,Gold,Jewellery,Bracelets,Adjustable Bracelet,Iron; Pearl; Zinc,Golden,,7.99,/232/52/212011_GD_1,212011_GD_1.jpg,none,,,,,
212011_SV,212011,Bracelet SILVER D Silver,_SV,Silver,Jewellery,Bracelets,Adjustable Bracelet,Iron; Pearl; Zinc,Rodhium,,7.99,/232/52/212011_SV_1,212011_SV_1.jpg,none,,,,,
212012_SV,212012,Earring SILVER D Silver,_SV,Silver,Jewellery,Earrings,Dangle,Pearl; Zinc,Rodhium,,5.99,/232/52/212012_SV_1,212012_SV_1.jpg,none,,,,,
212022_GD,212022,Earring GLDN DEL Gold,_GD,Gold,Jewellery,Earrings,Stud,Iron,Golden,,8.99,/232/52/212022_GD_1,212022_GD_1.jpg,none,,,,,
212024_GD,212024,Bracelet GLDN DEL Gold,_GD,Gold,Jewellery,Bracelets,Non-Adjustable Bracelet,Brass; Iron; Zinc,Golden,,6.99,/232/52/212024_GD_1,212024_GD_1.jpg,none,,,,,
212024_SV,212024,Bracelet SILVER D Silver,_SV,Silver,Jewellery,Bracelets,Non-Adjustable Bracelet,Brass; Iron; Zinc,Golden,,6.99,/232/52/212024_SV_1,212024_SV_1.jpg,none,,,,,
212084_FU,212084,Earring DEGRADE Fuchsia,_FU,Fuchsia,Jewellery,Earrings,Clip Earrings,Brass; Glass; Thermoplastic Polyurethane,Golden,,9.99,/232/52/212084_FU_1,212084_FU_1.jpg,none,,,,,
212231_PM,212231,Earring TREND Pastel Multicolor,_PM,Pastel Multicolor,Jewellery,Earrings,Dangle,Brass; Zirconium,Golden,,9.99,/232/52/212231_PM_1,212231_PM_1.jpg,none,,,,,
212245_BM,212245,Earring GUARANI VIBES Bright Multicolor,_BM,Bright Multicolor,Jewellery,Earrings,Drop,Acrylic; Iron; Pearl; Stone,Golden,,7.99,/232/52/212245_BM_1,212245_BM_1.jpg,none,,,,,
212253_BM,212253,Earring GUARANI VIBES Bright Multicolor,_BM,Bright Multicolor,Jewellery,Earrings,Drop,Enamel; Iron; Zinc,Brushed Golden,,5.99,/232/52/212253_BM_1,212253_BM_1.jpg,none,,,,,
212264_GN,212264,Ring GUARANI VIBES Green,_GN,Green,Jewellery,Rings,Fantasy,Stone; Zinc,Golden,,6.99,/232/52/212264_GN_1,212264_GN_1.jpg,none,,,,,
212278_BM,212278,Earring GUARANI VIBES Bright Multicolor,_BM,Bright Multicolor,Jewellery,Earrings,Drop,Iron; Resin,Golden,,5.99,/232/52/212278_BM_1,212278_BM_1.jpg,none,,,,,
212285_BM,212285,Earring GUARANI VIBES Bright Multicolor,_BM,Bright Multicolor,Jewellery,Earrings,Stud,Enamel; Iron; Thermoplastic Polyurethane; Zinc,Golden,,5.99,/232/52/212285_BM_1,212285_BM_1.jpg,none,,,,,
212295_BM,212295,Earring GUARANI VIBES Bright Multicolor,_BM,Bright Multicolor,Jewellery,Earrings,Hoop Earrings,Acrylic; Iron; Thermoplastic Polyurethane,Golden,,5.99,/232/52/212295_BM_1,212295_BM_1.jpg,none,,,,,
212301_GN,212301,Necklace GUARANI VIBES Green,_GN,Green,Jewellery,Necklaces,Pendant,Iron; Rubber,Brushed Golden,,10.99,/232/52/212301_GN_1,212301_GN_1.jpg,none,,,,,
212314_BL,212314,Necklace GUARANI VIBES Blue,_BL,Blue,Jewellery,Necklaces,Beaded Necklace,Iron; Pearl; Stone,Brushed Golden,,12.99,/232/52/212314_BL_1,212314_BL_1.jpg,none,,,,,
212320_BM,212320,Bracelet GUARANI VIBES Bright Multicolor,_BM,Bright Multicolor,Jewellery,Bracelets,Elastic Bracelet,Acrylic; Brass; Iron; Stone; Thermoplastic Polyurethane,Brushed Golden,,5.99,/232/52/212320_BM_1,212320_BM_1.jpg,none,,,,,
212391_SV,212391,Earring LAB JULHO Silver,_SV,Silver,Jewellery,Earrings,Dangle,Iron; Acrylic,Matte Silver,,15.99,/232/52/212391_SV_1,212391_SV_1.jpg,none,,,,,
212397_GD,212397,Earring GOLD PLATED COLLECTION Gold,_GD,Gold,Jewellery,Earrings,Dangle,Brass,Gold Plated,,23.99,/232/52/212397_GD_2y,212397_GD_2y.jpg,none,,,,,
212410_HM,212410,Earring SPARKLING EARRINGS Halftone Multicolor,_HM,Halftone Multicolor,Jewellery,Earrings,Hoop Earrings,Brass; Zirconium,Black Nikel,,25.99,/232/52/212410_HM_1,212410_HM_1.jpg,none,,,,,
212434_GD,212434,Ring ORPHIC Gold,_GD,Gold,Jewellery,Rings,Fantasy,Zinc,Golden,,7.99,/232/52/212434_GD_1,212434_GD_1.jpg,none,,,,,
212441_HM,212441,Earring ORPHIC Halftone Multicolor,_HM,Halftone Multicolor,Jewellery,Earrings,Hoop Earrings,Copper; Iron; Stone,Brushed Golden,,5.99,/232/52/212441_HM_1,212441_HM_1.jpg,none,,,,,
212473_HM,212473,Earring EXPEDITION Halftone Multicolor,_HM,Halftone Multicolor,Jewellery,Earrings,Hoop Earrings,Acrylic; Zinc,Golden,,7.99,/232/52/212473_HM_1,212473_HM_1.jpg,none,,,,,
212481_BM,212481,Earring EXPEDITION Bright Multicolor,_BM,Bright Multicolor,Jewellery,Earrings,Hoop Earrings,Iron; Resin,Golden,,8.99,/232/52/212481_BM_1,212481_BM_1.jpg,none,,,,,
212496_HM,212496,Earring ORPHIC Halftone Multicolor,_HM,Halftone Multicolor,Jewellery,Earrings,Drop,Acrylic; Glass; Iron; Resin,Golden,,7.99,/232/52/212496_HM_1,212496_HM_1.jpg,none,,,,,
212505_PK,212505,Bracelet ORPHIC Pink,_PK,Pink,Jewellery,Bracelets,Elastic Bracelet,Iron; Stone,Golden,,7.99,/232/52/212505_PK_1,212505_PK_1.jpg,none,,,,,
2125100HM,212510,Bracelet VENDREDI Halftone Multicolor,0HM,Halftone Multicolor,Jewellery,Bracelets,Elastic Bracelet,Stone; Thermoplastic Polyurethane; Zinc,Golden,,12.99,/241/52/2125100HM_1,2125100HM_1.jpg,none,,,,,
212510_HM,212510,Bracelet ORPHIC Halftone Multicolor,_HM,Halftone Multicolor,Jewellery,Bracelets,Elastic Bracelet,Acrylic; Stone; Thermoplastic Polyurethane; Zinc,Golden,,12.99,/232/52/212510_HM_1,212510_HM_1.jpg,none,,,,,
212520_HM,212520,Set of Earrings EXPEDITION Halftone Multicolor,_HM,Halftone Multicolor,Jewellery,Earrings,Hoop Earrings,Iron; Resin; Zinc,Golden,,8.99,/232/52/212520_HM_1,212520_HM_1.jpg,none,,,,,
212528_DN,212528,Earring EXPEDITION Dark Green,_DN,Dark Green,Jewellery,Earrings,Dangle,Resin; Zinc,Worn Gold,,8.99,/232/52/212528_DN_1,212528_DN_1.jpg,none,,,,,
212533_HM,212533,Earring EXPEDITION Halftone Multicolor,_HM,Halftone Multicolor,Jewellery,Earrings,Dangle,Acrylic; Iron,,,12.99,/232/52/212533_HM_1,212533_HM_1.jpg,none,,,,,
212545_HM,212545,Necklace EXPEDITION Halftone Multicolor,_HM,Halftone Multicolor,Jewellery,Necklaces,Beaded Necklace,Acrylic; Iron; Stone,Worn Gold,,15.99,/232/52/212545_HM_1,212545_HM_1.jpg,none,,,,,
212555_HM,212555,Necklace EXPEDITION Halftone Multicolor,_HM,Halftone Multicolor,Jewellery,Necklaces,Beaded Necklace,Iron; Resin,Golden,,10.99,/232/52/212555_HM_1,212555_HM_1.jpg,none,,,,,
212562_HM,212562,Bracelet EXPEDITION Halftone Multicolor,_HM,Halftone Multicolor,Jewellery,Bracelets,Elastic Bracelet,Acrylic; Zamac,Golden,,6.99,/232/52/212562_HM_1,212562_HM_1.jpg,none,,,,,
212571_HM,212571,Earring EXPEDITION Halftone Multicolor,_HM,Halftone Multicolor,Jewellery,Earrings,Dangle,Acrylic; Iron; Resin; Stone,Worn Gold,,7.99,/232/52/212571_HM_1,212571_HM_1.jpg,none,,,,,
212591_HM,212591,Set of Necklaces EXPEDITION Halftone Multicolor,_HM,Halftone Multicolor,Jewellery,Necklaces,Pendant,Acrylic; Brass; Iron; Zinc,Golden,,12.99,/232/52/212591_HM_1,212591_HM_1.jpg,none,,,,,
212598_IV,212598,Earring FLOWER BEADS Ivory,_IV,Ivory,Jewellery,Earrings,Drop,Glass; Iron; Zinc,Golden,,23.99,/232/52/212598_IV_1,212598_IV_1.jpg,none,,,,,
212598_PU,212598,Earring FLOWER BEADS Purple,_PU,Purple,Jewellery,Earrings,Drop,Glass; Iron; Zinc,Golden,,23.99,/232/52/212598_PU_1,212598_PU_1.jpg,none,,,,,
212598_YL,212598,Earring FLOWER BEADS Yellow,_YL,Yellow,Jewellery,Earrings,Drop,Glass; Iron; Zinc,Golden,,23.99,/232/52/212598_YL_1,212598_YL_1.jpg,none,,,,,
212608_BM,212608,Earring THE COUPLE Bright Multicolor,_BM,Bright Multicolor,Jewellery,Earrings,Hoop Earrings,Glass; Steel,Golden,,19.99,/232/52/212608_BM_1,212608_BM_1.jpg,none,,,,,
212646_HM,212646,Earring ORPHIC Halftone Multicolor,_HM,Halftone Multicolor,Jewellery,Earrings,Hoop Earrings,Iron; Resin,Golden,,5.99,/232/52/212646_HM_1,212646_HM_1.jpg,none,,,,,
212666_GD,212666,Necklace GOLDEN BASICS Gold,_GD,Gold,Jewellery,Necklaces,Chain,Iron,Golden,,10.99,/232/52/212666_GD_1,212666_GD_1.jpg,none,,,,,
212672_GD,212672,Earring Golden Basics Gold,_GD,Gold,Jewellery,Earrings,Dangle,Iron,Brushed Golden,,7.99,/232/52/212672_GD_1,212672_GD_1.jpg,none,,,,,
212682_GD,212682,Bracelet Golden Basics Gold,_GD,Gold,Jewellery,Bracelets,Bangle,Iron; Zinc,,,9.99,/232/52/212682_GD_1,212682_GD_1.jpg,none,,,,,
212687_HM,212687,Earring ORPHIC Halftone Multicolor,_HM,Halftone Multicolor,Jewellery,Earrings,Dangle,Glass; Iron; Resin; Thermoplastic Polyurethane; Zinc,Brushed Golden,,8.99,/232/52/212687_HM_1,212687_HM_1.jpg,none,,,,,
212713_HM,212713,Earring ORPHIC Halftone Multicolor,_HM,Halftone Multicolor,Jewellery,Earrings,Dangle,Acrylic; Iron; Stone,Burnish Golden,,5.99,/232/52/212713_HM_1,212713_HM_1.jpg,none,,,,,
212734_HM,212734,Bracelet ORPHIC Halftone Multicolor,_HM,Halftone Multicolor,Jewellery,Bracelets,Non-Adjustable Bracelet,Acrylic; Brass; Iron; Resin; Stone,Golden,,7.99,/232/52/212734_HM_1,212734_HM_1.jpg,none,,,,,
212828_BL,212828,Necklace COTTAGE BLUE Blue,_BL,Blue,Jewellery,Necklaces,Y-Necklace,Acrylic; Brass; Iron; Zinc,Golden,,12.99,/232/52/212828_BL_1,212828_BL_1.jpg,none,,,,,
212829_GD,212829,Earring GLDN DEL Gold,_GD,Gold,Jewellery,Earrings,Stud,Brass; Glass,Golden,,5.99,/232/52/212829_GD_1,212829_GD_1.jpg,none,,,,,
212829_SV,212829,Earring SILVER D Silver,_SV,Silver,Jewellery,Earrings,Stud,Brass; Glass,Golden,,5.99,/232/52/212829_SV_1,212829_SV_1.jpg,none,,,,,
212849_SV,212849,Earring SILVER D Silver,_SV,Silver,Jewellery,Earrings,Dangle,Copper; Glass,Rodhium,,7.99,/232/52/212849_SV_1,212849_SV_1.jpg,none,,,,,
212856_SV,212856,Ring SILVER D Silver,_SV,Silver,Jewellery,Rings,Band Ring,Brass; Zirconium,Rodhium,,5.99,/232/52/212856_SV_1,212856_SV_1.jpg,none,,,,,
212864_GD,212864,Earring GLDN DEL Gold,_GD,Gold,Jewellery,Earrings,Dangle,Brass,Golden,,7.99,/232/52/212864_GD_1,212864_GD_1.jpg,none,,,,,
212864_SV,212864,Earring SILVER D Silver,_SV,Silver,Jewellery,Earrings,Dangle,Brass,Golden,,7.99,/232/52/212864_SV_1,212864_SV_1.jpg,none,,,,,
212939_BK,212939,Earring ECLIPSE Black,_BK,Black,Jewellery,Earrings,Hoop Earrings,Acrylic; Glass; Iron,Golden,,7.99,/232/52/212939_BK_1,212939_BK_1.jpg,none,,,,,
212950_HM,212950,Bracelet mulstone Halftone Multicolor,_HM,Halftone Multicolor,Jewellery,Bracelets,Elastic Bracelet,Acrylic; Stone; Thermoplastic Polyurethane,Golden,,5.99,/232/52/212950_HM_1,212950_HM_1.jpg,none,,,,,
212961_BK,212961,Necklace ECLIPSE Black,_BK,Black,Jewellery,Necklaces,Beaded Necklace,Brass; Glass; Zinc,Brushed Golden,,10.99,/232/52/212961_BK_1,212961_BK_1.jpg,none,,,,,
212967_GD,212967,Earring ECLIPSE Gold,_GD,Gold,Jewellery,Earrings,Stud,Glass; Zinc,Brushed Golden,,7.99,/232/52/212967_GD_1,212967_GD_1.jpg,none,,,,,
212976_HM,212976,Necklace mulstone Halftone Multicolor,_HM,Halftone Multicolor,Jewellery,Necklaces,Pendant,Glass; Iron; Resin; Stone; Thermoplastic Polyurethane; Zinc,Golden,,12.99,/232/52/212976_HM_1,212976_HM_1.jpg,none,,,,,
212989_HM,212989,Set of Earrings mulstone Halftone Multicolor,_HM,Halftone Multicolor,Jewellery,Earrings,Dangle,Glass; Iron; Zinc,Golden,,9.99,/232/52/212989_HM_1,212989_HM_1.jpg,none,,,,,
212996_HM,212996,Bracelet mulstone Halftone Multicolor,_HM,Halftone Multicolor,Jewellery,Bracelets,Adjustable Bracelet,Acrylic; Copper; Glass; Stone,Golden,,6.99,/232/52/212996_HM_1,212996_HM_1.jpg,none,,,,,
213003_HM,213003,Earring mulstone Halftone Multicolor,_HM,Halftone Multicolor,Jewellery,Earrings,Hoop Earrings,Acrylic; Iron; Stone; Zinc,Golden,,8.99,/232/52/213003_HM_1,213003_HM_1.jpg,none,,,,,
213009_HM,213009,Set of Earrings mulstone Halftone Multicolor,_HM,Halftone Multicolor,Jewellery,Earrings,Hoop Earrings,Zirconium; Brass; Enamel; Glass,Golden,,8.99,/232/52/213009_HM_1,213009_HM_1.jpg,none,,,,,
213055_BK,213055,Necklace ECLIPSE Black,_BK,Black,Jewellery,Necklaces,Beaded Necklace,Glass; Iron; Pearl; Stone,Golden,,12.99,/232/52/213055_BK_1,213055_BK_1.jpg,none,,,,,
213075_BK,213075,Bracelet ECLIPSE Black,_BK,Black,Jewellery,Bracelets,Elastic Bracelet,Zinc; Acrylic; Glass; Iron,Golden,,5.99,/232/52/213075_BK_1,213075_BK_1.jpg,none,,,,,
213081_BK,213081,Earring ECLIPSE Black,_BK,Black,Jewellery,Earrings,Dangle,Glass; Zinc,Golden,,5.99,/232/52/213081_BK_1,213081_BK_1.jpg,none,,,,,
213088_BK,213088,Bracelet ECLIPSE Black,_BK,Black,Jewellery,Bracelets,Adjustable Bracelet,Brass; Glass; Iron,Golden,,7.99,/232/52/213088_BK_1,213088_BK_1.jpg,none,,,,,
213098_BK,213098,Ring ECLIPSE Black,_BK,Black,Jewellery,Rings,Stone/Gem,Glass; Zinc,Golden,,4.99,/232/52/213098_BK_1,213098_BK_1.jpg,none,,,,,
213108_BK,213108,Ring ECLIPSE Black,_BK,Black,Jewellery,Rings,Fantasy,Copper; Enamel; Glass,Golden,,5.99,/232/52/213108_BK_1,213108_BK_1.jpg,none,,,,,
213114_BK,213114,Earring ECLIPSE Black,_BK,Black,Jewellery,Earrings,Hoop Earrings,Brass; Thermoplastic Polyurethane,Brushed Golden,,5.99,/232/52/213114_BK_1,213114_BK_1.jpg,none,,,,,
213133_BK,213133,Set of Bracelets ECLIPSE Black,_BK,Black,Jewellery,Bracelets,Other Bracelets,Brass; Glass; Stone; Zinc,Golden,,7.99,/232/52/213133_BK_1,213133_BK_1.jpg,none,,,,,
213152_BK,213152,Ring ECLIPSE Black,_BK,Black,Jewellery,Rings,Band Ring,Brass; Zirconium,Golden,,4.99,/232/52/213152_BK_1,213152_BK_1.jpg,none,,,,,
213711_BK,213711,Earring ECLIPSE Black,_BK,Black,Jewellery,Earrings,Hoop Earrings,Acrylic,Golden,,5.99,/232/52/213711_BK_1,213711_BK_1.jpg,none,,,,,
213741_GD,213741,Earring TREND Gold,_GD,Gold,Jewellery,Earrings,Stud,Zinc,Worn Gold,,9.99,/232/52/213741_GD_1,213741_GD_1.jpg,none,,,,,
213748_GD,213748,Earring TREND Gold,_GD,Gold,Jewellery,Earrings,Stud,Copper,Golden,,9.99,/232/52/213748_GD_1,213748_GD_1.jpg,none,,,,,
213755_GD,213755,Earring TREND Gold,_GD,Gold,Jewellery,Earrings,Hoop Earrings,Zinc,Worn Gold,,12.99,/232/52/213755_GD_1,213755_GD_1.jpg,none,,,,,
213806_PU,213806,Earring ULTRAVIO Purple,_PU,Purple,Jewellery,Earrings,Stud,Acrylic; Iron,Worn Gold,,9.99,/232/52/213806_PU_1,213806_PU_1.jpg,none,,,,,
213814_HM,213814,Earring ULTRAVIO Halftone Multicolor,_HM,Halftone Multicolor,Jewellery,Earrings,Dangle,Iron; Resin,Worn Gold,,5.99,/232/52/213814_HM_1,213814_HM_1.jpg,none,,,,,
213821_HM,213821,Earring ULTRAVIO Halftone Multicolor,_HM,Halftone Multicolor,Jewellery,Earrings,Hoop Earrings,Acrylic; Copper; Glass,Worn Gold,,5.99,/232/52/213821_HM_1,213821_HM_1.jpg,none,,,,,
213826_HM,213826,Necklace ULTRAVIO Halftone Multicolor,_HM,Halftone Multicolor,Jewellery,Necklaces,Beaded Necklace,Acrylic; Iron,Worn Gold,,10.99,/232/52/213826_HM_1,213826_HM_1.jpg,none,,,,,
213837_OR,213837,Ring ULTRAVIO Orange,_OR,Orange,Jewellery,Rings,Fantasy,Resin; Thermoplastic Polyurethane,Worn Gold,,6.99,/232/52/213837_OR_1,213837_OR_1.jpg,none,,,,,
213837_PU,213837,Ring ULTRAVIO Purple,_PU,Purple,Jewellery,Rings,Fantasy,Resin; Thermoplastic Polyurethane,Worn Gold,,6.99,/232/52/213837_PU_1,213837_PU_1.jpg,none,,,,,
213837_RY,213837,Ring SUNSET JUNCTION Raspberry,_RY,Raspberry,Jewellery,Rings,Fantasy,Resin; Thermoplastic Polyurethane,Worn Gold,,6.99,/241/52/213837_RY_1,213837_RY_1.jpg,none,,,,,
213884_HM,213884,Set of Earrings KISS MIX&MATCH Halftone Multicolor,_HM,Halftone Multicolor,Jewellery,Earrings,Hoop Earrings,Enamel; Zinc,Golden,,9.99,/232/52/213884_HM_1,213884_HM_1.jpg,none,,,,,
213896_HM,213896,Set of Earrings KISS MIX&MATCH Halftone Multicolor,_HM,Halftone Multicolor,Jewellery,Earrings,Hoop Earrings,Brass; Zirconium,Golden,,9.99,/232/52/213896_HM_1,213896_HM_1.jpg,none,,,,,
213907_HM,213907,Set of Earrings KISS MIX&MATCH Halftone Multicolor,_HM,Halftone Multicolor,Jewellery,Earrings,Hoop Earrings,Copper; Enamel; Iron; Zamac; Zirconium,Golden,,9.99,/232/52/213907_HM_1,213907_HM_1.jpg,none,,,,,
213914_PU,213914,Earring FLORABUNDANCE Purple,_PU,Purple,Jewellery,Earrings,Hoop Earrings,Enamel; Zinc,Golden,,5.99,/232/52/213914_PU_1,213914_PU_1.jpg,none,,,,,
213921_JN,213921,Earring FLORABUNDANCE Blue Jeans,_JN,Blue Jeans,Jewellery,Earrings,Hoop Earrings,Iron,Golden,,7.99,/232/52/213921_JN_1,213921_JN_1.jpg,none,,,,,
213933_BR,213933,Earring FLORABUNDANCE Brick Red,_BR,Brick Red,Jewellery,Earrings,Dangle,Iron; Resin,Golden,,5.99,/232/52/213933_BR_1,213933_BR_1.jpg,none,,,,,
213951_BM,213951,Bracelet GUARANI VIBES Bright Multicolor,_BM,Bright Multicolor,Jewellery,Bracelets,Elastic Bracelet,Enamel; Zinc,Golden,,7.99,/232/52/213951_BM_1,213951_BM_1.jpg,none,,,,,
213986_SW,213986,Earring KISS MIX&MATCH Straw,_SW,Straw,Jewellery,Earrings,Ear Cuff,Brass; Enamel,Golden,,4.99,/232/52/213986_SW_1,213986_SW_1.jpg,none,,,,,
213993_HM,213993,Set of Earrings KISS MIX&MATCH Halftone Multicolor,_HM,Halftone Multicolor,Jewellery,Earrings,Hoop Earrings,Enamel; Stone; Zinc; Zirconium,Golden,,9.99,/232/52/213993_HM_1,213993_HM_1.jpg,none,,,,,
214004_GD,214004,Necklace KISS MIX&MATCH Gold,_GD,Gold,Jewellery,Necklaces,Chain,Brass; Iron,Golden,,10.99,/232/52/214004_GD_1,214004_GD_1.jpg,none,,,,,
214010_HM,214010,Set of Earrings KISS MIX&MATCH Halftone Multicolor,_HM,Halftone Multicolor,Jewellery,Earrings,Hoop Earrings,Enamel; Zinc,Golden,,8.99,/232/52/214010_HM_1,214010_HM_1.jpg,none,,,,,
214017_BL,214017,Earring STARRYNIGHT Blue,_BL,Blue,Jewellery,Earrings,Dangle,Brass; Glass,Black Nikel,,9.99,/232/52/214017_BL_1,214017_BL_1.jpg,none,,,,,
214044_BM,214044,Necklace STARRYNIGHT Bright Multicolor,_BM,Bright Multicolor,Jewellery,Necklaces,Choker,Glass; Iron; Zinc,Black Nikel,,10.99,/232/52/214044_BM_1,214044_BM_1.jpg,none,,,,,
214055_NV,214055,Earring STARRYNIGHT Navy,_NV,Navy,Jewellery,Earrings,Hoop Earrings,Crystal Glass; Iron,Black Nikel,,8.99,/232/52/214055_NV_1,214055_NV_1.jpg,none,,,,,
214064_BM,214064,Earring STARRYNIGHT Bright Multicolor,_BM,Bright Multicolor,Jewellery,Earrings,Dangle,Acrylic; Iron,Black Plating,,12.99,/232/52/214064_BM_1,214064_BM_1.jpg,none,,,,,
214115_BM,214115,Earring GUMMY PARTY Bright Multicolor,_BM,Bright Multicolor,Jewellery,Earrings,Hoop Earrings,Brass; Glass; Iron; Thermoplastic Polyurethane,Golden,,5.99,/232/52/214115_BM_1,214115_BM_1.jpg,none,,,,,
214115_MI,214115,Earring NEPTUNE Midnight Blue,_MI,Midnight Blue,Jewellery,Earrings,Hoop Earrings,Thermoplastic Polyurethane; Glass; Iron; Brass,Black Nikel,,5.99,/242/52/214115_MI_1,214115_MI_1.jpg,none,,,,,
214118_BM,214118,Ring GUMMY PARTY Bright Multicolor,_BM,Bright Multicolor,Jewellery,Rings,Band Ring,Brass; Zirconium,Golden,,6.99,/232/52/214118_BM_1,214118_BM_1.jpg,none,,,,,
214124_GN,214124,Necklace GUMMY PARTY Green,_GN,Green,Jewellery,Necklaces,Pendant,Glass; Iron,Golden,,9.99,/232/52/214124_GN_1,214124_GN_1.jpg,none,,,,,
214135_FU,214135,Earring GUMMY PARTY Fuchsia,_FU,Fuchsia,Jewellery,Earrings,Stud,Glass; Zinc; Polymer,Brushed Golden,,5.99,/232/52/214135_FU_1,214135_FU_1.jpg,none,,,,,
214137_BL,214137,Earring GUMMY PARTY Blue,_BL,Blue,Jewellery,Earrings,Hoop Earrings,Glass; Iron; Polymer,Black Nikel,,8.99,/232/52/214137_BL_1,214137_BL_1.jpg,none,,,,,
214137_GN,214137,Earring NEOPOP Green,_GN,Green,Jewellery,Earrings,Hoop Earrings,Zinc; Iron; Glass; Polymer,Black Nikel,,8.99,/242/52/214137_GN_1,214137_GN_1.jpg,none,,,,,
214145_BK,214145,Earring GUMMY PARTY Black,_BK,Black,Jewellery,Earrings,Hoop Earrings,Iron; Thermoplastic Polyurethane,Golden,,5.99,/232/52/214145_BK_1,214145_BK_1.jpg,none,,,,,
214145_BL,214145,Earring GUMMY PARTY Blue,_BL,Blue,Jewellery,Earrings,Hoop Earrings,Iron; Thermoplastic Polyurethane,Golden,,5.99,/232/52/214145_BL_1,214145_BL_1.jpg,none,,,,,
214145_GY,214145,Earring NEOPOP Grey,_GY,Grey,Jewellery,Earrings,Hoop Earrings,Iron; Thermoplastic Polyurethane,Black Nikel,,5.99,/242/52/214145_GY_1,214145_GY_1.jpg,none,,,,,
214145_MI,214145,Earring NEPTUNE Midnight Blue,_MI,Midnight Blue,Jewellery,Earrings,Hoop Earrings,Thermoplastic Polyurethane; Iron,Black Nikel,,5.99,/242/52/214145_MI_1,214145_MI_1.jpg,none,,,,,
214153_BG,214153,Jewellery Box FASHION SUPPLEMENTS Beige,_BG,Beige,Jewellery,Other Jewellery,Jewellery Box,Polyester; Polyurethane; Zinc; MDF,Golden,,35.99,/232/52/214153_BG_1,214153_BG_1.jpg,none,,,,,
214159_BM,214159,Earring ORPHIC Bright Multicolor,_BM,Bright Multicolor,Jewellery,Earrings,Dangle,Acrylic; Brass; Iron,Golden,,7.99,/232/52/214159_BM_1,214159_BM_1.jpg,none,,,,,
214166_HM,214166,Earring ORPHIC Halftone Multicolor,_HM,Halftone Multicolor,Jewellery,Earrings,Hoop Earrings,Iron; Resin,Golden,,5.99,/232/52/214166_HM_1,214166_HM_1.jpg,none,,,,,
214183_PU,214183,Necklace mulstone Purple,_PU,Purple,Jewellery,Necklaces,Pendant,Glass; Pearl; Stone,Golden,,10.99,/232/52/214183_PU_1,214183_PU_1.jpg,none,,,,,
214200_HM,214200,Necklace mulstone Halftone Multicolor,_HM,Halftone Multicolor,Jewellery,Necklaces,Beaded Necklace,Copper; Iron; Polyester; Stone,Golden,,10.99,/232/52/214200_HM_1,214200_HM_1.jpg,none,,,,,
214211_HM,214211,Necklace mulstone Halftone Multicolor,_HM,Halftone Multicolor,Jewellery,Necklaces,Pendant,Acrylic; Iron; Resin; Zinc,Golden,,10.99,/232/52/214211_HM_1,214211_HM_1.jpg,none,,,,,
214237_BM,214237,Earring STARRYNIGHT Bright Multicolor,_BM,Bright Multicolor,Jewellery,Earrings,Dangle,Acrylic; Iron,Black Plating,,7.99,/232/52/214237_BM_1,214237_BM_1.jpg,none,,,,,
214391_HM,214391,Necklace Moonlight azure Halftone Multicolor,_HM,Halftone Multicolor,Jewellery,Necklaces,Pendant,Glass; Iron; Stone; Thermoplastic Polyurethane,Golden,,12.99,/232/52/214391_HM_1,214391_HM_1.jpg,none,,,,,
214404_HM,214404,Necklace Moonlight azure Halftone Multicolor,_HM,Halftone Multicolor,Jewellery,Necklaces,Beaded Necklace,Iron; Stone; Thermoplastic Polyurethane,Golden,,10.99,/232/52/214404_HM_1,214404_HM_1.jpg,none,,,,,
214467_PU,214467,Necklace CANICHE CAMPAIGN Purple,_PU,Purple,Jewellery,Necklaces,Beaded Necklace,Glass; Iron,Golden,,29.99,/232/52/214467_PU_1,214467_PU_1.jpg,none,,,,,
214526_MI,214526,Earring Moonlight azure Midnight Blue,_MI,Midnight Blue,Jewellery,Earrings,Stud,Acrylic; Brass; Glass,Other,,9.99,/232/52/214526_MI_1,214526_MI_1.jpg,none,,,,,
214531_MI,214531,Earring Moonlight azure Midnight Blue,_MI,Midnight Blue,Jewellery,Earrings,Dangle,Glass; Iron; Velvet,Other,,9.99,/232/52/214531_MI_1,214531_MI_1.jpg,none,,,,,
214678_BM,214678,Earring TREND Bright Multicolor,_BM,Bright Multicolor,Jewellery,Earrings,Dangle,Acrylic; Glass; Pearl,Black Nikel,,19.99,/232/52/214678_BM_1,214678_BM_1.jpg,none,,,,,
214912_SV,214912,Earring Hallo Silver,_SV,Silver,Jewellery,Earrings,Dangle,Glass; Iron; Zinc,Silver,,19.99,/232/52/214912_SV_1,214912_SV_1.jpg,none,,,,,
214922_SV,214922,Bracelet Halloween capsula Silver,_SV,Silver,Jewellery,Bracelets,Non-Adjustable Bracelet,Acrylic; Iron; Zinc,Silver,,23.99,/232/52/214922_SV_1,214922_SV_1.jpg,none,,,,,
215017_BK,215017,Key Chain FASHION SUPPLEMENTS Black,_BK,Black,Jewellery,Key chains,Figures,Glass; Iron; Resin,Golden,,12.99,/232/52/215017_BK_1,215017_BK_1.jpg,none,,,,,
215112_TL,215112,Earring STARRYNIGHT Teal,_TL,Teal,Jewellery,Earrings,Dangle,Enamel; Zinc,Black Plating,,8.99,/232/52/215112_TL_1,215112_TL_1.jpg,none,,,,,
215136_GD,215136,Earring GOLDEN BASICS Gold,_GD,Gold,Jewellery,Earrings,Hoop Earrings,Copper,Golden,,7.99,/232/52/215136_GD_1,215136_GD_1.jpg,none,,,,,
215480_SV,215480,Necklace Hallo Silver,_SV,Silver,Jewellery,Necklaces,Beaded Necklace,Glass; Iron,Silver,,27.99,/232/52/215480_SV_1,215480_SV_1.jpg,none,,,,,
215499_HM,215499,Earring GLDN DEL Halftone Multicolor,_HM,Halftone Multicolor,Jewellery,Earrings,Stud,Brass; Zirconium,Golden,,5.99,/241/52/215499_HM_1,215499_HM_1.jpg,none,,,,,
215504_GD,215504,Earring GLDN DEL Gold,_GD,Gold,Jewellery,Earrings,Stud,Zinc; Zirconium,,,5.99,/241/52/215504_GD_1,215504_GD_1.jpg,none,,,,,
215504_HM,215504,Earring GLDN DEL Halftone Multicolor,_HM,Halftone Multicolor,Jewellery,Earrings,Stud,Zinc; Zirconium,Golden,,5.99,/242/52/215504_HM_1,215504_HM_1.jpg,none,,,,,
215504_SV,215504,Earring SILVER D Silver,_SV,Silver,Jewellery,Earrings,Stud,Zinc; Zirconium,Golden,,5.99,/241/52/215504_SV_2y,215504_SV_2y.jpg,none,,,,,
215511_GD,215511,Earring GLDN DEL Gold,_GD,Gold,Jewellery,Earrings,Stud,Zinc,Golden,,5.99,/241/52/215511_GD_1,215511_GD_1.jpg,none,,,,,
215511_SV,215511,Earring SILVER D Silver,_SV,Silver,Jewellery,Earrings,Stud,Zinc,Golden,,5.99,/241/52/215511_SV_1,215511_SV_1.jpg,none,,,,,
215515_SV,215515,Earring SILVER D Silver,_SV,Silver,Jewellery,Earrings,Dangle,Glass; Iron,,,9.99,/241/52/215515_SV_1,215515_SV_1.jpg,none,,,,,
215528_GD,215528,Ring EYE COLLECTION Gold,_GD,Gold,Jewellery,Rings,Cocktail,Zinc,Worn Gold,,9.99,/232/52/215528_GD_1,215528_GD_1.jpg,none,,,,,
215544_GD,215544,Ring GLDN DEL Gold,_GD,Gold,Jewellery,Rings,Cocktail,Brass; Pearl,Golden,,6.99,/241/52/215544_GD_1,215544_GD_1.jpg,none,,,,,
215544_SV,215544,Ring SILVER D Silver,_SV,Silver,Jewellery,Rings,Cocktail,Brass; Pearl,Golden,,6.99,/241/52/215544_SV_1,215544_SV_1.jpg,none,,,,,
215545_GD,215545,Necklace GLDN DEL Gold,_GD,Gold,Jewellery,Necklaces,Y-Necklace,Copper; Zirconium,Golden,,12.99,/241/52/215545_GD_2y,215545_GD_2y.jpg,none,,,,,
215561_GD,215561,Earring GLDN DEL Gold,_GD,Gold,Jewellery,Earrings,Dangle,Brass; Pearl; Zirconium,Golden,,7.99,/241/52/215561_GD_1,215561_GD_1.jpg,none,,,,,
215561_SV,215561,Earring SILVER D Silver,_SV,Silver,Jewellery,Earrings,Dangle,Brass; Pearl; Zirconium,Rodhium,,7.99,/241/52/215561_SV_1,215561_SV_1.jpg,none,,,,,
215562_HM,215562,Earring GLDN DEL Halftone Multicolor,_HM,Halftone Multicolor,Jewellery,Earrings,Hoop Earrings,Brass; Zirconium,Golden,,7.99,/241/52/215562_HM_1,215562_HM_1.jpg,none,,,,,
215576_HM,215576,Earring GLDN DEL Halftone Multicolor,_HM,Halftone Multicolor,Jewellery,Earrings,Hoop Earrings,Brass; Pearl; Zirconium,,,9.99,/241/52/215576_HM_1,215576_HM_1.jpg,none,,,,,
215578_GD,215578,Earring GLDN DEL Gold,_GD,Gold,Jewellery,Earrings,Hoop Earrings,Iron,,,7.99,/241/52/215578_GD_1,215578_GD_1.jpg,none,,,,,
215578_SV,215578,Earring SILVER D Silver,_SV,Silver,Jewellery,Earrings,Hoop Earrings,Iron,,,7.99,/241/52/215578_SV_1,215578_SV_1.jpg,none,,,,,
215583_GD,215583,Ring GLDN DEL Gold,_GD,Gold,Jewellery,Rings,Band Ring,Zamac,Golden,,6.99,/241/52/215583_GD_1,215583_GD_1.jpg,none,,,,,
215604_HM,215604,Bracelet GLDN DEL Halftone Multicolor,_HM,Halftone Multicolor,Jewellery,Bracelets,Non-Adjustable Bracelet,Glass; Iron; Pearl,Golden,,6.99,/241/52/215604_HM_1,215604_HM_1.jpg,none,,,,,
215608_GD,215608,Necklace GLDN DEL Gold,_GD,Gold,Jewellery,Necklaces,Pendant,Brass; Zirconium,Golden,,12.99,/241/52/215608_GD_1,215608_GD_1.jpg,none,,,,,
215608_SV,215608,Necklace SILVER D Silver,_SV,Silver,Jewellery,Necklaces,Pendant,Brass; Zirconium,Golden,,12.99,/241/52/215608_SV_1,215608_SV_1.jpg,none,,,,,
215616_GD,215616,Necklace GLDN DEL Gold,_GD,Gold,Jewellery,Necklaces,Pendant,Brass; Pearl; Thermoplastic Polyurethane,Golden,,12.99,/241/52/215616_GD_1,215616_GD_1.jpg,none,,,,,
215622_GD,215622,Earring GLDN DEL Gold,_GD,Gold,Jewellery,Earrings,Hoop Earrings,Zinc,Golden,,5.99,/241/52/215622_GD_1,215622_GD_1.jpg,none,,,,,
215622_SV,215622,Earring SILVER D Silver,_SV,Silver,Jewellery,Earrings,Hoop Earrings,Zinc,Golden,,5.99,/241/52/215622_SV_1,215622_SV_1.jpg,none,,,,,
215645_GD,215645,Bracelet GLDN DEL Gold,_GD,Gold,Jewellery,Bracelets,Non-Adjustable Bracelet,Brass; Iron,Golden,,6.99,/241/52/215645_GD_1,215645_GD_1.jpg,none,,,,,
215645_SV,215645,Bracelet SILVER D Silver,_SV,Silver,Jewellery,Bracelets,Non-Adjustable Bracelet,Brass; Iron,Golden,,6.99,/241/52/215645_SV_1,215645_SV_1.jpg,none,,,,,
215649_GD,215649,Earring GLDN DEL Gold,_GD,Gold,Jewellery,Earrings,Dangle,Brass; Zirconium,Golden,,5.99,/241/52/215649_GD_1,215649_GD_1.jpg,none,,,,,
215884_IV,215884,Set of Rings Golden Basics Extra Ivory,_IV,Ivory,Jewellery,Rings,Band Ring,Enamel; Iron; Zinc,Golden,,7.99,/241/52/215884_IV_1,215884_IV_1.jpg,none,,,,,
215894_IV,215894,Earring Golden Basics Extra Ivory,_IV,Ivory,Jewellery,Earrings,Drop,Iron,Golden,,7.99,/241/52/215894_IV_1,215894_IV_1.jpg,none,,,,,
2158960BM,215896,Earring WATERMELON PARTY Bright Multicolor,0BM,Bright Multicolor,Jewellery,Earrings,Hoop Earrings,Enamel; Zinc,Golden,,5.99,/242/52/2158960BM_1,2158960BM_1.jpg,none,,,,,
2158960HM,215896,Earring MODERN STONES Halftone Multicolor,0HM,Halftone Multicolor,Jewellery,Earrings,Hoop Earrings,Enamel; Zinc,Golden,,5.99,/242/52/2158960HM_1,2158960HM_1.jpg,none,,,,,
215896_BK,215896,Earring Milagro Black,_BK,Black,Jewellery,Earrings,Hoop Earrings,Enamel; Zinc,Golden,,5.99,/242/52/215896_BK_1,215896_BK_1.jpg,none,,,,,
215896_BL,215896,Earring ATMOSPHERE Blue,_BL,Blue,Jewellery,Earrings,Hoop Earrings,Zinc; Enamel,Golden,,5.99,/242/52/215896_BL_1,215896_BL_1.jpg,none,,,,,
215896_BM,215896,Earring SUNSET JUNCTION Bright Multicolor,_BM,Bright Multicolor,Jewellery,Earrings,Hoop Earrings,Enamel; Zinc,Golden,,5.99,/241/52/215896_BM_1,215896_BM_1.jpg,none,,,,,
215896_HM,215896,Earring MONETT Halftone Multicolor,_HM,Halftone Multicolor,Jewellery,Earrings,Hoop Earrings,Enamel; Zinc,Golden,,5.99,/242/52/215896_HM_1,215896_HM_1.jpg,none,,,,,
215896_IV,215896,Earring PERMANENT - SUSPENDED FR Ivory,_IV,Ivory,Jewellery,Earrings,Hoop Earrings,Enamel; Zinc,,,5.99,/241/52/215896_IV_1,215896_IV_1.jpg,none,,,,,
215896_TQ,215896,Earring WATERMELON PARTY Turquoise,_TQ,Turquoise,Jewellery,Earrings,Hoop Earrings,Enamel; Zinc,Golden,,5.99,/242/52/215896_TQ_1,215896_TQ_1.jpg,none,,,,,
215900_BK,215900,Necklace Milagro Black,_BK,Black,Jewellery,Necklaces,Beaded Necklace,Acrylic; Iron; Enamel; Brass,Golden,,12.99,/242/52/215900_BK_1,215900_BK_1.jpg,none,,,,,
215900_IV,215900,Necklace Golden Basics Extra Ivory,_IV,Ivory,Jewellery,Necklaces,Beaded Necklace,Brass; Enamel,Golden,,12.99,/241/52/215900_IV_1,215900_IV_1.jpg,none,,,,,
215903_IV,215903,Earring Golden Basics Extra Ivory,_IV,Ivory,Jewellery,Earrings,Dangle,Enamel; Iron,Golden,,7.99,/241/52/215903_IV_1,215903_IV_1.jpg,none,,,,,
215913_IV,215913,Earring Golden Basics Extra Ivory,_IV,Ivory,Jewellery,Earrings,Dangle,Brass; Enamel; Zinc,,,9.99,/241/52/215913_IV_1,215913_IV_1.jpg,none,,,,,
215924_IV,215924,Earring Golden Basics Extra Ivory,_IV,Ivory,Jewellery,Earrings,Stud,Zinc; Enamel,Golden,,5.99,/241/52/215924_IV_1,215924_IV_1.jpg,none,,,,,
215930_IV,215930,Earring Golden Basics Extra Ivory,_IV,Ivory,Jewellery,Earrings,Dangle,Feather; Zinc,Golden,,12.99,/241/52/215930_IV_1,215930_IV_1.jpg,none,,,,,
215937_GD,215937,Necklace Golden Basics Gold,_GD,Gold,Jewellery,Necklaces,Beaded Necklace,Zinc; Brass; Iron,,,10.99,/241/52/215937_GD_1,215937_GD_1.jpg,none,,,,,
215937_SV,215937,Necklace silver basics EXTRA Silver,_SV,Silver,Jewellery,Necklaces,Beaded Necklace,Brass; Iron; Zinc,,,10.99,/242/52/215937_SV_1,215937_SV_1.jpg,none,,,,,
215943_GD,215943,Set of Rings Golden Basics Gold,_GD,Gold,Jewellery,Rings,Band Ring,Iron; Zinc,Golden,,7.99,/241/52/215943_GD_1,215943_GD_1.jpg,none,,,,,
215950_GD,215950,Earring Golden Basics Gold,_GD,Gold,Jewellery,Earrings,Dangle,Iron,,,9.99,/241/52/215950_GD_1,215950_GD_1.jpg,none,,,,,
215959_GD,215959,Necklace Golden Basics Gold,_GD,Gold,Jewellery,Necklaces,Bib Necklace,Iron; Zinc,Golden,,15.99,/241/52/215959_GD_1,215959_GD_1.jpg,none,,,,,
215988_MI,215988,Earring mulstone Midnight Blue,_MI,Midnight Blue,Jewellery,Earrings,Dangle,Resin; Zinc,Golden,,5.99,/232/52/215988_MI_1,215988_MI_1.jpg,none,,,,,
215995_IV,215995,Earring Golden Basics Extra Ivory,_IV,Ivory,Jewellery,Earrings,Drop,Iron; Zinc,Brushed Golden,,8.99,/241/52/215995_IV_1,215995_IV_1.jpg,none,,,,,
216005_BM,216005,Ring STAR WARS Bright Multicolor,_BM,Bright Multicolor,Jewellery,Rings,Cocktail,Enamel; Glass; Zinc,Golden,,12.99,/232/52/216005_BM_1,216005_BM_1.jpg,none,,,,,
216011_PK,216011,Earring STAR WARS Pink,_PK,Pink,Jewellery,Earrings,Stud,Enamel; Glass; Zinc,Golden,,9.99,/232/52/216011_PK_1,216011_PK_1.jpg,none,,,,,
216069_GD,216069,Set of Bracelets Golden Basics Gold,_GD,Gold,Jewellery,Bracelets,Non-Adjustable Bracelet,Iron,Golden,,8.99,/241/52/216069_GD_1,216069_GD_1.jpg,none,,,,,
216090_IV,216090,Earring Golden Basics Extra Ivory,_IV,Ivory,Jewellery,Earrings,Dangle,Enamel; Zinc,Brushed Golden,,5.99,/241/52/216090_IV_1,216090_IV_1.jpg,none,,,,,
216109_GD,216109,Necklace Golden Basics Gold,_GD,Gold,Jewellery,Necklaces,Pendant,Iron; Thermoplastic Rubber,,,10.99,/232/52/216109_GD_1,216109_GD_1.jpg,none,,,,,
216114_GD,216114,Earring Golden Basics Gold,_GD,Gold,Jewellery,Earrings,Dangle,Zinc,,,5.99,/241/52/216114_GD_2y,216114_GD_2y.jpg,none,,,,,
216207_GD,216207,Earring Golden Basics Gold,_GD,Gold,Jewellery,Earrings,Dangle,Steel,Burnish Golden,,7.99,/241/52/216207_GD_1,216207_GD_1.jpg,none,,,,,
216214_GD,216214,Necklace Golden Basics Gold,_GD,Gold,Jewellery,Necklaces,Bib Necklace,Iron,,,10.99,/241/52/216214_GD_1,216214_GD_1.jpg,none,,,,,
216220_GD,216220,Earring Golden Basics Gold,_GD,Gold,Jewellery,Earrings,Dangle,Iron,,,9.99,/241/52/216220_GD_1,216220_GD_1.jpg,none,,,,,
216227_GD,216227,Necklace Golden Basics Gold,_GD,Gold,Jewellery,Necklaces,Bib Necklace,Iron,Multifinishing,,15.99,/241/52/216227_GD_1,216227_GD_1.jpg,none,,,,,
216237_GD,216237,Ring Golden Basics Gold,_GD,Gold,Jewellery,Rings,Fantasy,Zinc,Golden,,5.99,/241/52/216237_GD_1,216237_GD_1.jpg,none,,,,,
216243_IV,216243,Necklace Golden Basics Extra Ivory,_IV,Ivory,Jewellery,Necklaces,Beaded Necklace,Brass; Enamel; Thermoplastic Polyurethane; Zinc,Golden,,12.99,/241/52/216243_IV_1,216243_IV_1.jpg,none,,,,,
216248_GD,216248,Necklace Golden Basics Gold,_GD,Gold,Jewellery,Necklaces,Pendant,Cork; Iron; Zinc,,,10.99,/242/52/216248_GD_1,216248_GD_1.jpg,none,,,,,
216248_IV,216248,Necklace Golden Basics Extra Ivory,_IV,Ivory,Jewellery,Necklaces,Pendant,Enamel; Iron; Zinc,,,10.99,/241/52/216248_IV_1,216248_IV_1.jpg,none,,,,,
216250_IV,216250,Necklace Golden Basics Extra Ivory,_IV,Ivory,Jewellery,Necklaces,Pendant,Enamel; Iron; Zinc,,,10.99,/241/52/216250_IV_1,216250_IV_1.jpg,none,,,,,
216269_BM,216269,Key Chain FASHION SUPPLEMENTS Bright Multicolor,_BM,Bright Multicolor,Jewellery,Key chains,Other Key-Chain,Acrylic; Thermoplastic Polyurethane; Zinc; Zinc,Golden,,8.99,/241/52/216269_BM_1,216269_BM_1.jpg,none,,,,,
216281_BM,216281,Key Chain FASHION SUPPLEMENTS Bright Multicolor,_BM,Bright Multicolor,Jewellery,Key chains,Figures,Enamel; Glass; Iron; Polyester; Resin; Zinc; Zinc,Golden,,12.99,/241/52/216281_BM_1,216281_BM_1.jpg,none,,,,,
216296_WT,216296,Pin FASHION SUPPLEMENTS White,_WT,White,Jewellery,Pins,Pin,Feather; Iron,,,9.99,/241/52/216296_WT_1,216296_WT_1.jpg,none,,,,,
216314_IV,216314,Earring Golden Basics Extra Ivory,_IV,Ivory,Jewellery,Earrings,Dangle,Brass; Enamel; Iron,Golden,,7.99,/241/52/216314_IV_1,216314_IV_1.jpg,none,,,,,
216326_IV,216326,Bracelet Golden Basics Extra Ivory,_IV,Ivory,Jewellery,Bracelets,Elastic Bracelet,Enamel; Zinc,Brushed Golden,,8.99,/241/52/216326_IV_1,216326_IV_1.jpg,none,,,,,
216381_GD,216381,Earring Golden Basics Gold,_GD,Gold,Jewellery,Earrings,Stud,Iron,Multifinishing,,5.99,/241/52/216381_GD_1,216381_GD_1.jpg,none,,,,,
216428_GD,216428,Earring REAL PEARLS Gold,_GD,Gold,Jewellery,Earrings,Dangle,Pearl; Zinc,Worn Gold,,15.99,/232/52/216428_GD_1,216428_GD_1.jpg,none,,,,,
216433_GD,216433,Necklace REAL PEARLS Gold,_GD,Gold,Jewellery,Necklaces,Beaded Necklace,Pearl; Zinc,Worn Gold,,95.99,/232/52/216433_GD_1,216433_GD_1.jpg,none,,,,,
216469_GD,216469,Earring GOLDEN BASICS Gold,_GD,Gold,Jewellery,Earrings,Ear Cuff,Brass; Iron,Golden,,12.99,/232/52/216469_GD_1,216469_GD_1.jpg,none,,,,,
216666_BU,216666,Earring Gipsy Garden Burgundy,_BU,Burgundy,Jewellery,Earrings,Stud,Enamel; Zinc,Worn Gold,,5.99,/241/52/216666_BU_1,216666_BU_1.jpg,none,,,,,
216673_RO,216673,Earring Gipsy Garden Old Rose,_RO,Old Rose,Jewellery,Earrings,Dangle,Thermoplastic Polyurethane; Zinc,Worn Gold,,5.99,/241/52/216673_RO_1,216673_RO_1.jpg,none,,,,,
216683_DM,216683,Earring Gipsy Garden Dark Multicolor,_DM,Dark Multicolor,Jewellery,Earrings,Dangle,Iron; Zamac; Acrylic,Worn Gold,,5.99,/241/52/216683_DM_1,216683_DM_1.jpg,none,,,,,
216693_DM,216693,Necklace Gipsy Garden Dark Multicolor,_DM,Dark Multicolor,Jewellery,Necklaces,Beaded Necklace,Acrylic; Brass; Resin; Thermoplastic Polyurethane; Zinc,Worn Gold,,12.99,/241/52/216693_DM_1,216693_DM_1.jpg,none,,,,,
216701_GD,216701,Earring Golden Basics Gold,_GD,Gold,Jewellery,Earrings,Dangle,Iron,Golden,,7.99,/232/52/216701_GD_1,216701_GD_1.jpg,none,,,,,
216709_DM,216709,Earring Gipsy Garden Dark Multicolor,_DM,Dark Multicolor,Jewellery,Earrings,Dangle,Thermoplastic Polyurethane; Zinc; Acrylic; Brass,Worn Gold,,8.99,/241/52/216709_DM_1,216709_DM_1.jpg,none,,,,,
216720_DM,216720,Bracelet Gipsy Garden Dark Multicolor,_DM,Dark Multicolor,Jewellery,Bracelets,Non-Adjustable Bracelet,Brass; Resin; Zinc,,,9.99,/241/52/216720_DM_1,216720_DM_1.jpg,none,,,,,
216744_WI,216744,Necklace Gipsy Garden Wine,_WI,Wine,Jewellery,Necklaces,Pendant,Steel; Thermoplastic Polyurethane; Zinc,,,10.99,/241/52/216744_WI_1,216744_WI_1.jpg,none,,,,,
216752_DM,216752,Bracelet Gipsy Garden Dark Multicolor,_DM,Dark Multicolor,Jewellery,Bracelets,Elastic Bracelet,Acrylic; Thermoplastic Polyurethane; Zinc,,,9.99,/241/52/216752_DM_1,216752_DM_1.jpg,none,,,,,
216835_HM,216835,Bracelet VENDREDI Halftone Multicolor,_HM,Halftone Multicolor,Jewellery,Bracelets,Adjustable Bracelet,Acrylic; Stone; Thermoplastic Polyurethane; Zinc; Metal and Plastic,,,9.99,/241/52/216835_HM_1,216835_HM_1.jpg,none,,,,,
216845_HM,216845,Bracelet NILE Halftone Multicolor,_HM,Halftone Multicolor,Jewellery,Bracelets,Elastic Bracelet,Acrylic; Resin; Thermoplastic Polyurethane; Zinc,,,9.99,/241/52/216845_HM_1,216845_HM_1.jpg,none,,,,,
216886_HM,216886,Earring VENDREDI Halftone Multicolor,_HM,Halftone Multicolor,Jewellery,Earrings,Clip Earrings,Iron,,,9.99,/241/52/216886_HM_1,216886_HM_1.jpg,none,,,,,
216900_HM,216900,Earring VENDREDI Halftone Multicolor,_HM,Halftone Multicolor,Jewellery,Earrings,Hoop Earrings,Acrylic; Brass; Iron; Thermoplastic Polyurethane,Golden,,7.99,/241/52/216900_HM_1,216900_HM_1.jpg,none,,,,,
216912_TL,216912,Earring VENDREDI Teal,_TL,Teal,Jewellery,Earrings,Hoop Earrings,Iron; Resin; Rubber,Worn Gold,,7.99,/241/52/216912_TL_2y,216912_TL_2y.jpg,none,,,,,
216922_HM,216922,Earring VENDREDI Halftone Multicolor,_HM,Halftone Multicolor,Jewellery,Earrings,Dangle,Steel; Thermoplastic Polyurethane,Brushed Golden,,8.99,/241/52/216922_HM_1,216922_HM_1.jpg,none,,,,,
216928_HM,216928,Earring VENDREDI Halftone Multicolor,_HM,Halftone Multicolor,Jewellery,Earrings,Drop,Iron; Thermoplastic Polyurethane,Brushed Golden,,7.99,/241/52/216928_HM_1,216928_HM_1.jpg,none,,,,,
216973_GD,216973,Necklace GOLDEN PEARLS Gold,_GD,Gold,Jewellery,Necklaces,Beaded Necklace,Acrylic; Brass,,,10.99,/241/52/216973_GD_1,216973_GD_1.jpg,none,,,,,
216978_GD,216978,Bracelet GOLDEN PEARLS Gold,_GD,Gold,Jewellery,Bracelets,Non-Adjustable Bracelet,Thermoplastic Polyurethane; Zinc,Golden,,7.99,/241/52/216978_GD_1,216978_GD_1.jpg,none,,,,,
216983_GD,216983,Earring GOLDEN PEARLS Gold,_GD,Gold,Jewellery,Earrings,Hoop Earrings,Acrylic; Zinc,Golden,,4.99,/241/52/216983_GD_1,216983_GD_1.jpg,none,,,,,
216988_GD,216988,Earring GOLDEN PEARLS Gold,_GD,Gold,Jewellery,Earrings,Stud,Acrylic; Zinc,Golden,,4.99,/241/52/216988_GD_1,216988_GD_1.jpg,none,,,,,
216994_BM,216994,Bracelet ARM LOVERS Bright Multicolor,_BM,Bright Multicolor,Jewellery,Bracelets,Adjustable Bracelet,Copper; Polyester; Zirconium,Golden,,5.99,/241/52/216994_BM_2y,216994_BM_2y.jpg,none,,,,,
216999_BG,216999,Bracelet Arm Sand Beige,_BG,Beige,Jewellery,Bracelets,Adjustable Bracelet,Brass; Polyester; Zirconium,Golden,,5.99,/242/52/216999_BG_1,216999_BG_1.jpg,none,,,,,
216999_BL,216999,Bracelet ARM NIGHT Blue,_BL,Blue,Jewellery,Bracelets,Adjustable Bracelet,Brass; Polyester; Zirconium,Golden,,5.99,/241/52/216999_BL_1,216999_BL_1.jpg,none,,,,,
217000_BL,217000,Bracelet ARM NIGHT Blue,_BL,Blue,Jewellery,Bracelets,Non-Adjustable Bracelet,Brass; Glass; Iron,Golden,,7.99,/241/52/217000_BL_1,217000_BL_1.jpg,none,,,,,
217054_DM,217054,Set of Bracelets Moonlight azure Dark Multicolor,_DM,Dark Multicolor,Jewellery,Bracelets,Elastic Bracelet,Glass; Thermoplastic Polyurethane; Brass,Golden,,7.99,/232/52/217054_DM_1,217054_DM_1.jpg,none,,,,,
217130_HM,217130,Key Chain FASHION SUPPLEMENTS Halftone Multicolor,_HM,Halftone Multicolor,Jewellery,Key chains,Figures,Acrylic; Acrylic; Brass; Crystal Glass; Zinc,Golden,,12.99,/241/52/217130_HM_1,217130_HM_1.jpg,none,,,,,
2171551GD,217155,Earring GLDN DEL Gold,1GD,Gold,Jewellery,Earrings,Stud,Zinc,Golden,,4.99,/242/52/2171551GD_1,2171551GD_1.jpg,none,,,,,
217155_GD,217155,Earring Golden Basics Gold,_GD,Gold,Jewellery,Earrings,Stud,Zinc,,,3.99,/241/52/217155_GD_1,217155_GD_1.jpg,none,,,,,
217155_SV,217155,Earring SILVER D Silver,_SV,Silver,Jewellery,Earrings,Stud,Zinc,Golden,,4.99,/242/52/217155_SV_1,217155_SV_1.jpg,none,,,,,
217158_HM,217158,Set of Bracelets mulstone Halftone Multicolor,_HM,Halftone Multicolor,Jewellery,Bracelets,Elastic Bracelet,Acrylic; Glass; Thermoplastic Polyurethane,Worn Gold,,7.99,/232/52/217158_HM_2y,217158_HM_2y.jpg,none,,,,,
217191_HM,217191,Bracelet VENDREDI Halftone Multicolor,_HM,Halftone Multicolor,Jewellery,Bracelets,Elastic Bracelet,Copper; Elastane; Resin; Stone; Thermoplastic Polyurethane,Golden,,6.99,/241/52/217191_HM_1,217191_HM_1.jpg,none,,,,,
217203_BM,217203,Ring CUPID Bright Multicolor,_BM,Bright Multicolor,Jewellery,Rings,Fantasy,Acrylic; Enamel; Zinc,Other,,12.99,/241/52/217203_BM_1,217203_BM_1.jpg,none,,,,,
217297_SV,217297,Earring SHADES OF COOL Silver,_SV,Silver,Jewellery,Earrings,Stud,Zinc,Silver,,7.99,/241/52/217297_SV_1,217297_SV_1.jpg,none,,,,,
217305_SV,217305,Earring SHADES OF COOL Silver,_SV,Silver,Jewellery,Earrings,Dangle,Iron; Pearl; Zinc,,,9.99,/241/52/217305_SV_1,217305_SV_1.jpg,none,,,,,
217310_SV,217310,Earring SHADES OF COOL Silver,_SV,Silver,Jewellery,Earrings,Hoop Earrings,Acrylic; Copper; Glass,Rodhium,,7.99,/241/52/217310_SV_1,217310_SV_1.jpg,none,,,,,
217318_SV,217318,Necklace SHADES OF COOL Silver,_SV,Silver,Jewellery,Necklaces,Chain,Iron; Zinc,,,10.99,/241/52/217318_SV_1,217318_SV_1.jpg,none,,,,,
217326_SV,217326,Earring SHADES OF COOL Silver,_SV,Silver,Jewellery,Earrings,Hoop Earrings,Zinc,Rodhium,,5.99,/241/52/217326_SV_1,217326_SV_1.jpg,none,,,,,
217348_SV,217348,Earring SHADES OF COOL Silver,_SV,Silver,Jewellery,Earrings,Hoop Earrings,Copper; Iron; Zamac,Rodhium,,5.99,/241/52/217348_SV_1,217348_SV_1.jpg,none,,,,,
217370_SV,217370,Earring SILVER BASICS Silver,_SV,Silver,Jewellery,Earrings,Stud,Zinc,Rodhium,,5.99,/241/52/217370_SV_1,217370_SV_1.jpg,none,,,,,
217376_SV,217376,Necklace SHADES OF COOL Silver,_SV,Silver,Jewellery,Necklaces,Chain,Iron; Zinc,Rodhium,,15.99,/241/52/217376_SV_1,217376_SV_1.jpg,none,,,,,
217385_SV,217385,Earring SHADES OF COOL Silver,_SV,Silver,Jewellery,Earrings,Hoop Earrings,Thermoplastic Polyurethane; Zinc; Brass; Glass; Iron,Rodhium,,7.99,/241/52/217385_SV_1,217385_SV_1.jpg,none,,,,,
217389_RD,217389,Necklace SILVER BASICS Red,_RD,Red,Jewellery,Necklaces,Y-Necklace,Pig leather; Nylon; Copper; Zinc; Iron; Cow Leather,,,10.99,/242/52/217389_RD_1,217389_RD_1.jpg,none,,,,,
217389_SV,217389,Necklace SHADES OF COOL Silver,_SV,Silver,Jewellery,Necklaces,Y-Necklace,Copper; Iron; Nylon; Zinc,,,10.99,/241/52/217389_SV_1,217389_SV_1.jpg,none,,,,,
217393_SV,217393,Earring SHADES OF COOL Silver,_SV,Silver,Jewellery,Earrings,Stud,Acrylic,Rodhium,,5.99,/241/52/217393_SV_1,217393_SV_1.jpg,none,,,,,
217399_SV,217399,Earring SHADES OF COOL Silver,_SV,Silver,Jewellery,Earrings,Stud,Iron; Zinc,Brushed Rhodium,,5.99,/241/52/217399_SV_1,217399_SV_1.jpg,none,,,,,
217414_HM,217414,Earring VENDREDI Halftone Multicolor,_HM,Halftone Multicolor,Jewellery,Earrings,Dangle,Acrylic; Iron,Golden,,7.99,/241/52/217414_HM_1,217414_HM_1.jpg,none,,,,,
217422_HM,217422,Earring FLEURSDUMER Halftone Multicolor,_HM,Halftone Multicolor,Jewellery,Earrings,Hoop Earrings,Acrylic; Brass; Glass; Iron,Golden,,5.99,/241/52/217422_HM_1,217422_HM_1.jpg,none,,,,,
217433_SV,217433,Earring SHADES OF COOL Silver,_SV,Silver,Jewellery,Earrings,Hoop Earrings,Iron; Thermoplastic Polyurethane,Rodhium,,5.99,/232/52/217433_SV_1,217433_SV_1.jpg,none,,,,,
217450_HM,217450,Bracelet FLEURSDUMER Halftone Multicolor,_HM,Halftone Multicolor,Jewellery,Bracelets,Elastic Bracelet,Acrylic; Glass,Brushed Golden,,6.99,/241/52/217450_HM_1,217450_HM_1.jpg,none,,,,,
217457_HM,217457,Necklace FLEURSDUMER Halftone Multicolor,_HM,Halftone Multicolor,Jewellery,Necklaces,Bib Necklace,Iron; Resin,Brushed Golden,,12.99,/241/52/217457_HM_1,217457_HM_1.jpg,none,,,,,
217465_HM,217465,Earring FLEURSDUMER Halftone Multicolor,_HM,Halftone Multicolor,Jewellery,Earrings,Hoop Earrings,Enamel; Zinc,Golden,,7.99,/241/52/217465_HM_1,217465_HM_1.jpg,none,,,,,
217486_HM,217486,Necklace FLEURSDUMER Halftone Multicolor,_HM,Halftone Multicolor,Jewellery,Necklaces,Pendant,Brass; Iron; Resin; Thermoplastic Polyurethane,Worn Gold,,12.99,/241/52/217486_HM_1,217486_HM_1.jpg,none,,,,,
217520_SV,217520,Ring SHADES OF COOL Silver,_SV,Silver,Jewellery,Rings,Cocktail,Brass,Silver,,5.99,/232/52/217520_SV_1,217520_SV_1.jpg,none,,,,,
217526_SV,217526,Necklace SHADES OF COOL Silver,_SV,Silver,Jewellery,Necklaces,Pendant,Iron; Zinc,,,10.99,/241/52/217526_SV_1,217526_SV_1.jpg,none,,,,,
217540_SV,217540,Earring SHADES OF COOL Silver,_SV,Silver,Jewellery,Earrings,Dangle,Brass; Zinc,Rodhium,,8.99,/241/52/217540_SV_1,217540_SV_1.jpg,none,,,,,
217548_BM,217548,Key Chain FASHION SUPPLEMENTS Bright Multicolor,_BM,Bright Multicolor,Jewellery,Key chains,Charms,Acrylic; Iron; Iron; Zinc,Golden,,12.99,/241/52/217548_BM_1,217548_BM_1.jpg,none,,,,,
217632_GD,217632,Earring GLDN DEL Gold,_GD,Gold,Jewellery,Earrings,Hoop Earrings,Brass; Zirconium,Rodhium,,7.99,/241/52/217632_GD_1,217632_GD_1.jpg,none,,,,,
217632_SV,217632,Earring SILVER D Silver,_SV,Silver,Jewellery,Earrings,Hoop Earrings,Brass; Zirconium,Rodhium,,7.99,/241/52/217632_SV_1,217632_SV_1.jpg,none,,,,,
217637_SV,217637,Earring SILVER D Silver,_SV,Silver,Jewellery,Earrings,Hoop Earrings,Acrylic; Iron; Zinc,Rodhium,,5.99,/241/52/217637_SV_2y,217637_SV_2y.jpg,none,,,,,
217644_GD,217644,Ring GLDN DEL Gold,_GD,Gold,Jewellery,Rings,Fantasy,Brass; Glass,Golden,,6.99,/241/52/217644_GD_1,217644_GD_1.jpg,none,,,,,
217659_GD,217659,Necklace GLDN DEL Gold,_GD,Gold,Jewellery,Necklaces,Pendant,Brass; Zinc,,,10.99,/241/52/217659_GD_1,217659_GD_1.jpg,none,,,,,
217659_SV,217659,Necklace SILVER D Silver,_SV,Silver,Jewellery,Necklaces,Pendant,Brass; Zinc,,,10.99,/241/52/217659_SV_1,217659_SV_1.jpg,none,,,,,
217673_GD,217673,Earring Golden Basics Gold,_GD,Gold,Jewellery,Earrings,Stud,Zinc,Brushed Golden,,5.99,/241/52/217673_GD_1,217673_GD_1.jpg,none,,,,,
217681_GD,217681,Set of Earrings Golden Basics Gold,_GD,Gold,Jewellery,Earrings,Hoop Earrings,Iron; Zinc,Golden,,7.99,/241/52/217681_GD_1,217681_GD_1.jpg,none,,,,,
217688_GD,217688,Earring Golden Basics Gold,_GD,Gold,Jewellery,Earrings,Stud,Iron,Brushed Golden,,4.99,/241/52/217688_GD_1,217688_GD_1.jpg,none,,,,,
217694_GD,217694,Bracelet Golden Basics Gold,_GD,Gold,Jewellery,Bracelets,Cuff,Zinc,,,9.99,/241/52/217694_GD_1,217694_GD_1.jpg,none,,,,,
218258_BM,218258,Mobile Holder FASHION SUPPLEMENTS Bright Multicolor,_BM,Bright Multicolor,Jewellery,Mobile Accessories,Mobile Holder,Polyester; Zinc,Other,,8.99,/241/52/218258_BM_1,218258_BM_1.jpg,none,,,,,
218300_HM,218300,Earring ETHNICS Halftone Multicolor,_HM,Halftone Multicolor,Jewellery,Earrings,Dangle,Iron; Thermoplastic Polyurethane; Zinc,Worn Gold,,7.99,/241/52/218300_HM_1,218300_HM_1.jpg,none,,,,,
218310_RO,218310,Bracelet ETHNICS Old Rose,_RO,Old Rose,Jewellery,Bracelets,Non-Adjustable Bracelet,Iron; Polyurethane; Zinc,Worn Gold,,5.99,/241/52/218310_RO_2y,218310_RO_2y.jpg,none,,,,,
218316_GD,218316,Set of Earrings ETHNICS Gold,_GD,Gold,Jewellery,Earrings,Hoop Earrings,Zinc,Worn Gold,,7.99,/241/52/218316_GD_1,218316_GD_1.jpg,none,,,,,
218325_HM,218325,Ring ETHNICS Halftone Multicolor,_HM,Halftone Multicolor,Jewellery,Rings,Band Ring,Iron; Resin,Worn Gold,,5.99,/241/52/218325_HM_1,218325_HM_1.jpg,none,,,,,
218332_HM,218332,Necklace ETHNICS Halftone Multicolor,_HM,Halftone Multicolor,Jewellery,Necklaces,Pendant,Brass; Thermoplastic Polyurethane,,,10.99,/241/52/218332_HM_1,218332_HM_1.jpg,none,,,,,
218342_HM,218342,Earring ETHNICS Halftone Multicolor,_HM,Halftone Multicolor,Jewellery,Earrings,Hoop Earrings,Iron; Stone,Golden,,7.99,/241/52/218342_HM_1,218342_HM_1.jpg,none,,,,,
218348_BM,218348,Earring SUNSET JUNCTION Bright Multicolor,_BM,Bright Multicolor,Jewellery,Earrings,Clip Earrings,Acrylic; Iron; Stone; Zinc,Brushed Golden,,12.99,/241/52/218348_BM_1,218348_BM_1.jpg,none,,,,,
218364_HM,218364,Earring ETHNICS Halftone Multicolor,_HM,Halftone Multicolor,Jewellery,Earrings,Dangle,Thermoplastic Polyurethane; Zinc,Worn Gold,,7.99,/241/52/218364_HM_1,218364_HM_1.jpg,none,,,,,
218371_HM,218371,Bracelet ETHNICS Halftone Multicolor,_HM,Halftone Multicolor,Jewellery,Bracelets,Non-Adjustable Bracelet,Polyurethane; Resin; Zinc,Golden,,8.99,/241/52/218371_HM_1,218371_HM_1.jpg,none,,,,,
218380_IV,218380,Bracelet ETHNICS Ivory,_IV,Ivory,Jewellery,Bracelets,Non-Adjustable Bracelet,Brass; Cotton; Iron; Zinc,,,9.99,/241/52/218380_IV_1,218380_IV_1.jpg,none,,,,,
218386_GD,218386,Earring ETHNICS Gold,_GD,Gold,Jewellery,Earrings,Stud,Zinc,Worn Gold,,5.99,/241/52/218386_GD_1,218386_GD_1.jpg,none,,,,,
218474_DG,218474,Earring SUNSET JUNCTION Dark Grey,_DG,Dark Grey,Jewellery,Earrings,Stud,Stone; Zinc,Brushed Golden,,7.99,/241/52/218474_DG_1,218474_DG_1.jpg,none,,,,,
218484_BM,218484,Earring SUNSET JUNCTION Bright Multicolor,_BM,Bright Multicolor,Jewellery,Earrings,Hoop Earrings,Acrylic,Other,,5.99,/241/52/218484_BM_1,218484_BM_1.jpg,none,,,,,
218499_OR,218499,Earring SUNSET JUNCTION Orange,_OR,Orange,Jewellery,Earrings,Dangle,Iron; Stone,Golden,,8.99,/241/52/218499_OR_1,218499_OR_1.jpg,none,,,,,
218521_HM,218521,Necklace SUNSET JUNCTION Halftone Multicolor,_HM,Halftone Multicolor,Jewellery,Necklaces,Pendant,Acrylic; Brass; Iron; Stone; Thermoplastic Polyurethane,Golden,,12.99,/241/52/218521_HM_1,218521_HM_1.jpg,none,,,,,
218533_GD,218533,Ring GLDN DEL Gold,_GD,Gold,Jewellery,Rings,Fantasy,Zinc,Golden,,5.99,/241/52/218533_GD_1,218533_GD_1.jpg,none,,,,,
218546_GD,218546,Ring GLDN DEL Gold,_GD,Gold,Jewellery,Rings,Cocktail,Copper; Zirconium,Golden,,6.99,/241/52/218546_GD_1,218546_GD_1.jpg,none,,,,,
218546_SV,218546,Ring SILVER D Silver,_SV,Silver,Jewellery,Rings,Cocktail,Copper; Zirconium,Golden,,6.99,/241/52/218546_SV_1,218546_SV_1.jpg,none,,,,,
218552_GD,218552,Ring GLDN DEL Gold,_GD,Gold,Jewellery,Rings,Cocktail,Brass; Glass,Golden,,6.99,/241/52/218552_GD_1,218552_GD_1.jpg,none,,,,,
218563_GD,218563,Earring GLDN DEL Gold,_GD,Gold,Jewellery,Earrings,Stud,Acrylic; Brass; Zirconium,Golden,,5.99,/241/52/218563_GD_1,218563_GD_1.jpg,none,,,,,
218574_SV,218574,Earring SILVER D Silver,_SV,Silver,Jewellery,Earrings,Dangle,Acrylic; Iron; Pearl; Zinc; Zirconium,Rodhium,,7.99,/241/52/218574_SV_1,218574_SV_1.jpg,none,,,,,
218580_GD,218580,Earring GLDN DEL Gold,_GD,Gold,Jewellery,Earrings,Dangle,Acrylic; Brass,Golden,,7.99,/241/52/218580_GD_1,218580_GD_1.jpg,none,,,,,
218586_GD,218586,Bracelet GLDN DEL Gold,_GD,Gold,Jewellery,Bracelets,Adjustable Bracelet,Zinc; Zirconium,Golden,,7.99,/241/52/218586_GD_1,218586_GD_1.jpg,none,,,,,
218591_GD,218591,Bracelet GLDN DEL Gold,_GD,Gold,Jewellery,Bracelets,Adjustable Bracelet,Brass; Iron,Golden,,8.99,/241/52/218591_GD_2,218591_GD_2.jpg,none,,,,,
218591_SV,218591,Bracelet SILVER D Silver,_SV,Silver,Jewellery,Bracelets,Adjustable Bracelet,Brass; Iron,Golden,,8.99,/242/52/218591_SV_1,218591_SV_1.jpg,none,,,,,
218593_HM,218593,Earring GLDN DEL Halftone Multicolor,_HM,Halftone Multicolor,Jewellery,Earrings,Hoop Earrings,Brass; Zirconium,Golden,,7.99,/241/52/218593_HM_1,218593_HM_1.jpg,none,,,,,
218616_BM,218616,Earring SUNSET JUNCTION Bright Multicolor,_BM,Bright Multicolor,Jewellery,Earrings,Dangle,Acrylic; Iron; Stone; Thermoplastic Polyurethane,Brushed Golden,,7.99,/241/52/218616_BM_1,218616_BM_1.jpg,none,,,,,
218675_BM,218675,Necklace SUNSET JUNCTION Bright Multicolor,_BM,Bright Multicolor,Jewellery,Necklaces,Pendant,Iron; Thermoplastic Polyurethane,,,10.99,/241/52/218675_BM_1,218675_BM_1.jpg,none,,,,,
218835_BL,218835,Ring NILE Blue,_BL,Blue,Jewellery,Rings,Stone/Gem,Stone; Zinc,Worn Gold,,7.99,/241/52/218835_BL_1,218835_BL_1.jpg,none,,,,,
218869_DM,218869,Bracelet NILE Dark Multicolor,_DM,Dark Multicolor,Jewellery,Bracelets,Elastic Bracelet,Acrylic; Elastane; Thermoplastic Polyurethane,Worn Silver,,6.99,/241/52/218869_DM_1,218869_DM_1.jpg,none,,,,,
218898_GN,218898,Necklace NILE Green,_GN,Green,Jewellery,Necklaces,Pendant,Glass; Resin; Stone; Thermoplastic Polyurethane; Zinc,Worn Gold,,15.99,/241/52/218898_GN_1,218898_GN_1.jpg,none,,,,,
218906_HM,218906,Earring NILE Halftone Multicolor,_HM,Halftone Multicolor,Jewellery,Earrings,Dangle,Iron; Resin; Zinc,Worn Gold,,5.99,/241/52/218906_HM_1,218906_HM_1.jpg,none,,,,,
218923_BL,218923,Earring NILE Blue,_BL,Blue,Jewellery,Earrings,Dangle,Stone; Zinc,Worn Silver,,8.99,/241/52/218923_BL_1,218923_BL_1.jpg,none,,,,,
218935_GN,218935,Earring NILE Green,_GN,Green,Jewellery,Earrings,Stud,Stone; Zinc,Golden,,7.99,/241/52/218935_GN_1,218935_GN_1.jpg,none,,,,,
218941_GN,218941,Earring NILE Green,_GN,Green,Jewellery,Earrings,Dangle,Stone; Zinc,Worn Gold,,7.99,/241/52/218941_GN_2y,218941_GN_2y.jpg,none,,,,,
218951_HM,218951,Earring NILE Halftone Multicolor,_HM,Halftone Multicolor,Jewellery,Earrings,Dangle,Iron; Resin; Stone,Worn Gold,,5.99,/241/52/218951_HM_1,218951_HM_1.jpg,none,,,,,
219004_HM,219004,Earring NILE Halftone Multicolor,_HM,Halftone Multicolor,Jewellery,Earrings,Hoop Earrings,Brass; Steel; Thermoplastic Polyurethane,Worn Gold,,7.99,/241/52/219004_HM_1,219004_HM_1.jpg,none,,,,,
219025_BL,219025,Bracelet NILE Blue,_BL,Blue,Jewellery,Bracelets,Non-Adjustable Bracelet,Brass; Steel; Stone; Zinc,Worn Gold,,6.99,/241/52/219025_BL_1,219025_BL_1.jpg,none,,,,,
219053_BM,219053,Key Chain FASHION SUPPLEMENTS Bright Multicolor,_BM,Bright Multicolor,Jewellery,Key chains,Figures,Acrylic; Iron; Iron; Polyester; Zinc,,,9.99,/241/52/219053_BM_1,219053_BM_1.jpg,none,,,,,
219066_SV,219066,Pin FASHION SUPPLEMENTS Silver,_SV,Silver,Jewellery,Pins,Pin,Zinc,Silver,,5.99,/241/52/219066_SV_1,219066_SV_1.jpg,none,,,,,
219068_BK,219068,Bracelet Milagro Black,_BK,Black,Jewellery,Bracelets,Non-Adjustable Bracelet,Zinc; Polyurethane,Golden,,8.99,/242/52/219068_BK_1,219068_BK_1.jpg,none,,,,,
219068_DB,219068,Bracelet Classy Field Dark Brown,_DB,Dark Brown,Jewellery,Bracelets,Non-Adjustable Bracelet,Polyurethane; Zinc,Rodhium,,8.99,/241/52/219068_DB_1,219068_DB_1.jpg,none,,,,,
219093_SV,219093,Earring Classy Field Silver,_SV,Silver,Jewellery,Earrings,Hoop Earrings,Thermoplastic Polyurethane,Worn Rhodium,,5.99,/241/52/219093_SV_1,219093_SV_1.jpg,none,,,,,
219103_GY,219103,Earring Classy Field Grey,_GY,Grey,Jewellery,Earrings,Stud,Stone; Zinc,Worn Rhodium,,5.99,/241/52/219103_GY_1,219103_GY_1.jpg,none,,,,,
219110_SV,219110,Ring Classy Field Silver,_SV,Silver,Jewellery,Rings,Band Ring,Zinc,Rodhium,,5.99,/241/52/219110_SV_1,219110_SV_1.jpg,none,,,,,
219150_SV,219150,Earring Classy Field Silver,_SV,Silver,Jewellery,Earrings,Dangle,Iron,,,9.99,/241/52/219150_SV_1,219150_SV_1.jpg,none,,,,,
219161_SV,219161,Bracelet Classy Field Silver,_SV,Silver,Jewellery,Bracelets,Elastic Bracelet,Zinc,,,9.99,/241/52/219161_SV_1,219161_SV_1.jpg,none,,,,,
219170_BM,219170,Set of Earrings KISSSJAM Bright Multicolor,_BM,Bright Multicolor,Jewellery,Earrings,Hoop Earrings,Brass; Zinc; Zirconium,Silver,,5.99,/241/52/219170_BM_1,219170_BM_1.jpg,none,,,,,
219179_BM,219179,Set of Earrings KISSSJAM Bright Multicolor,_BM,Bright Multicolor,Jewellery,Earrings,Hoop Earrings,Brass; Enamel; Zirconium,Golden,,5.99,/241/52/219179_BM_1,219179_BM_1.jpg,none,,,,,
219189_BM,219189,Earring KISSSJAM Bright Multicolor,_BM,Bright Multicolor,Jewellery,Earrings,Hoop Earrings,Brass; Zirconium,Golden,,6.99,/241/52/219189_BM_1,219189_BM_1.jpg,none,,,,,
219194_GD,219194,Earring KISSSJAM Gold,_GD,Gold,Jewellery,Earrings,Ear Cuff,Zinc,Golden,,4.99,/241/52/219194_GD_1,219194_GD_1.jpg,none,,,,,
219202_BM,219202,Set of Earrings KISSSJAM Bright Multicolor,_BM,Bright Multicolor,Jewellery,Earrings,Hoop Earrings,Brass; Enamel; Zinc; Zirconium,Other,,6.99,/241/52/219202_BM_1,219202_BM_1.jpg,none,,,,,
219213_BM,219213,Necklace KISSSJAM Bright Multicolor,_BM,Bright Multicolor,Jewellery,Necklaces,Beaded Necklace,Brass; Glass; Shell; Stone; Zinc,,,10.99,/241/52/219213_BM_1,219213_BM_1.jpg,none,,,,,
219219_SV,219219,Earring Classy Field Silver,_SV,Silver,Jewellery,Earrings,Hoop Earrings,Zinc,Worn Rhodium,,5.99,/241/52/219219_SV_1,219219_SV_1.jpg,none,,,,,
219230_BM,219230,Bracelet KISSSJAM Bright Multicolor,_BM,Bright Multicolor,Jewellery,Bracelets,Anklet,Resin; Steel; Zinc,Golden,,7.99,/241/52/219230_BM_2y,219230_BM_2y.jpg,none,,,,,
219241_SV,219241,Earring KISSSJAM Silver,_SV,Silver,Jewellery,Earrings,Ear Cuff,Copper; Zirconium,Silver,,5.99,/241/52/219241_SV_1,219241_SV_1.jpg,none,,,,,
219249_SV,219249,Earring Classy Field Silver,_SV,Silver,Jewellery,Earrings,Drop,Zinc,Worn Rhodium,,7.99,/241/52/219249_SV_1,219249_SV_1.jpg,none,,,,,
219263_DM,219263,Earring IDENTITY Dark Multicolor,_DM,Dark Multicolor,Jewellery,Earrings,Stud,Brass; Thermoplastic Polyurethane,,,9.99,/241/52/219263_DM_1,219263_DM_1.jpg,none,,,,,
219271_DM,219271,Set of Necklaces IDENTITY Dark Multicolor,_DM,Dark Multicolor,Jewellery,Necklaces,Pendant,Acrylic; Glass; Iron; Thermoplastic Polyurethane,Golden,,12.99,/241/52/219271_DM_2y,219271_DM_2y.jpg,none,,,,,
219278_BL,219278,Earring IDENTITY Blue,_BL,Blue,Jewellery,Earrings,Stud,Resin; Zinc,Worn Gold,,7.99,/241/52/219278_BL_1,219278_BL_1.jpg,none,,,,,
219280_GN,219280,Ring IDENTITY Green,_GN,Green,Jewellery,Rings,Cocktail,Thermoplastic Polyurethane,Golden,,8.99,/241/52/219280_GN_1,219280_GN_1.jpg,none,,,,,
219280_SV,219280,Ring SILVER BASICS Silver,_SV,Silver,Jewellery,Rings,Cocktail,Thermoplastic Polyurethane,Rodhium,,8.99,/242/52/219280_SV_1,219280_SV_1.jpg,none,,,,,
219287_DM,219287,Necklace IDENTITY Dark Multicolor,_DM,Dark Multicolor,Jewellery,Necklaces,Pendant,Glass; Iron; Nylon; Zinc,Golden,,12.99,/241/52/219287_DM_1,219287_DM_1.jpg,none,,,,,
219297_DM,219297,Bracelet IDENTITY Dark Multicolor,_DM,Dark Multicolor,Jewellery,Bracelets,Elastic Bracelet,Enamel; Zinc,Worn Gold,,7.99,/241/52/219297_DM_1,219297_DM_1.jpg,none,,,,,
219304_BM,219304,Necklace IDENTITY Bright Multicolor,_BM,Bright Multicolor,Jewellery,Necklaces,Beaded Necklace,Clay; Glass; Iron,,,10.99,/241/52/219304_BM_1,219304_BM_1.jpg,none,,,,,
219316_BM,219316,Earring MADEIRA Bright Multicolor,_BM,Bright Multicolor,Jewellery,Earrings,Stud,Enamel; Zinc,,,9.99,/241/52/219316_BM_1,219316_BM_1.jpg,none,,,,,
219323_RD,219323,Necklace MADEIRA Red,_RD,Red,Jewellery,Necklaces,Beaded Necklace,Brass; Iron; Polyester; Resin,Silver,,25.99,/241/52/219323_RD_1,219323_RD_1.jpg,none,,,,,
219334_SV,219334,Necklace MADEIRA Silver,_SV,Silver,Jewellery,Necklaces,Choker,Acrylic; Resin; Zinc,Silver,,23.99,/241/52/219334_SV_1,219334_SV_1.jpg,none,,,,,
219344_BM,219344,Earring IDENTITY Bright Multicolor,_BM,Bright Multicolor,Jewellery,Earrings,Dangle,Glass; Zinc,Worn Gold,,7.99,/241/52/219344_BM_1,219344_BM_1.jpg,none,,,,,
219363_DM,219363,Necklace IDENTITY Dark Multicolor,_DM,Dark Multicolor,Jewellery,Necklaces,Beaded Necklace,Acrylic; Brass; Ceramic; Glass; Thermoplastic Polyurethane; Zinc,,,10.99,/241/52/219363_DM_1,219363_DM_1.jpg,none,,,,,
219373_GD,219373,Set of Earrings KISSSJAM Gold,_GD,Gold,Jewellery,Earrings,Stud,Zinc; Zirconium,Golden,,4.99,/241/52/219373_GD_1,219373_GD_1.jpg,none,,,,,
219379_BM,219379,Set of Earrings KISSSJAM Bright Multicolor,_BM,Bright Multicolor,Jewellery,Earrings,Hoop Earrings,Acrylic; Brass; Zinc; Zirconium,Golden,,7.99,/241/52/219379_BM_1,219379_BM_1.jpg,none,,,,,
219384_BM,219384,Set of Earrings KISSSJAM Bright Multicolor,_BM,Bright Multicolor,Jewellery,Earrings,Hoop Earrings,Brass; Zinc,Golden,,6.99,/241/52/219384_BM_1,219384_BM_1.jpg,none,,,,,
219392_GD,219392,Set of Earrings KISSSJAM Gold,_GD,Gold,Jewellery,Earrings,Hoop Earrings,Brass; Zirconium,Golden,,5.99,/241/52/219392_GD_1,219392_GD_1.jpg,none,,,,,
219397_BM,219397,Set of Earrings KISSSJAM Bright Multicolor,_BM,Bright Multicolor,Jewellery,Earrings,Hoop Earrings,Brass; Zinc; Zirconium,Golden,,7.99,/241/52/219397_BM_1,219397_BM_1.jpg,none,,,,,
219403_BM,219403,Set of Earrings KISSSJAM Bright Multicolor,_BM,Bright Multicolor,Jewellery,Earrings,Hoop Earrings,Brass; Enamel; Zinc,Golden,,5.99,/241/52/219403_BM_1,219403_BM_1.jpg,none,,,,,
219409_BM,219409,Set of Earrings KISSSJAM Bright Multicolor,_BM,Bright Multicolor,Jewellery,Earrings,Stud,Glass; Iron; Zinc,Golden,,4.99,/241/52/219409_BM_1,219409_BM_1.jpg,none,,,,,
219526_BM,219526,Necklace FABRIC COLLECTION Bright Multicolor,_BM,Bright Multicolor,Jewellery,Necklaces,Pendant,Iron; Wood; RECYCLED COTTON,Golden,,17.99,/241/52/219526_BM_1,219526_BM_1.jpg,none,,,,,
219531_BM,219531,Earring FABRIC COLLECTION Bright Multicolor,_BM,Bright Multicolor,Jewellery,Earrings,Drop,Iron; Wood; RECYCLED COTTON; glass bead,Golden,,23.99,/241/52/219531_BM_1,219531_BM_1.jpg,none,,,,,
219766_IV,219766,Ring Golden Basics Extra Ivory,_IV,Ivory,Jewellery,Rings,Cocktail,Enamel; Zinc,Golden,,5.99,/241/52/219766_IV_1,219766_IV_1.jpg,none,,,,,
219772_GD,219772,Earring Golden Basics Gold,_GD,Gold,Jewellery,Earrings,Dangle,Steel,Multifinishing,,5.99,/241/52/219772_GD_1,219772_GD_1.jpg,none,,,,,
219847_BM,219847,Earring KISSSJAM Bright Multicolor,_BM,Bright Multicolor,Jewellery,Earrings,Hoop Earrings,Acrylic; Enamel; Iron; Shell,,,9.99,/241/52/219847_BM_1,219847_BM_1.jpg,none,,,,,
219864_PU,219864,Bracelet ARM PURPLE Purple,_PU,Purple,Jewellery,Bracelets,Adjustable Bracelet,Brass; Enamel; Polyester; Zinc,Golden,,5.99,/241/52/219864_PU_1,219864_PU_1.jpg,none,,,,,
219972_BL,219972,Earring DOMINICA Blue,_BL,Blue,Jewellery,Earrings,Dangle,Acrylic; Iron,Brushed Golden,,5.99,/241/52/219972_BL_1,219972_BL_1.jpg,none,,,,,
219977_BM,219977,Necklace DOMINICA Bright Multicolor,_BM,Bright Multicolor,Jewellery,Necklaces,Pendant,Acrylic; Iron; Shell; Stone; Thermoplastic Polyurethane; Wood; Zinc,Brushed Golden,,12.99,/241/52/219977_BM_1,219977_BM_1.jpg,none,,,,,
219983_BL,219983,Ring DOMINICA Blue,_BL,Blue,Jewellery,Rings,Fantasy,Enamel; Zinc,Golden,,6.99,/241/52/219983_BL_1,219983_BL_1.jpg,none,,,,,
220016_BL,220016,Earring DOMINICA Blue,_BL,Blue,Jewellery,Earrings,Hoop Earrings,Raffia; Zinc,Burnish Golden,,5.99,/241/52/220016_BL_1,220016_BL_1.jpg,none,,,,,
220033_BM,220033,Earring DOMINICA Bright Multicolor,_BM,Bright Multicolor,Jewellery,Earrings,Hoop Earrings,Acrylic; Iron; Thermoplastic Polyurethane; Wood,Brushed Golden,,5.99,/241/52/220033_BM_1,220033_BM_1.jpg,none,,,,,
220297_BM,220297,Earring DOMINICA Bright Multicolor,_BM,Bright Multicolor,Jewellery,Earrings,Dangle,Iron; Polyester,,,9.99,/241/52/220297_BM_1,220297_BM_1.jpg,none,,,,,
220303_GD,220303,Ring DOMINICA Gold,_GD,Gold,Jewellery,Rings,Fantasy,Zinc,Golden,,5.99,/241/52/220303_GD_1,220303_GD_1.jpg,none,,,,,
2203131BM,220313,Necklace DOMINICA Bright Multicolor,1BM,Bright Multicolor,Jewellery,Necklaces,Pendant,Glass; Iron,Brushed Golden,,8.99,/241/52/2203131BM_1,2203131BM_1.jpg,none,,,,,
220313_BM,220313,Necklace DOMINICA Bright Multicolor,_BM,Bright Multicolor,Jewellery,Necklaces,Pendant,Glass; Iron,Brushed Golden,,8.99,/241/52/220313_BM_1,220313_BM_1.jpg,none,,,,,
220314_PU,220314,Earring DOMINICA Purple,_PU,Purple,Jewellery,Earrings,Dangle,Iron; Resin; Straw,Brushed Golden,,5.99,/241/52/220314_PU_1,220314_PU_1.jpg,none,,,,,
220320_BM,220320,Earring DOMINICA Bright Multicolor,_BM,Bright Multicolor,Jewellery,Earrings,Stud,Enamel; Iron; Zinc,Golden,,5.99,/241/52/220320_BM_1,220320_BM_1.jpg,none,,,,,
220326_BM,220326,Earring TREND Bright Multicolor,_BM,Bright Multicolor,Jewellery,Earrings,Dangle,Glass; Iron; Polyester,Worn Gold,,12.99,/241/52/220326_BM_1,220326_BM_1.jpg,none,,,,,
220333_GD,220333,Earring TREND Gold,_GD,Gold,Jewellery,Earrings,Dangle,Iron; Resin; Zinc,Worn Gold,,12.99,/241/52/220333_GD_1,220333_GD_1.jpg,none,,,,,
220339_GD,220339,Earring TREND Gold,_GD,Gold,Jewellery,Earrings,Dangle,Zinc; Iron; Resin,,,9.99,/241/52/220339_GD_1,220339_GD_1.jpg,none,,,,,
220376_GD,220376,Earring TREND Gold,_GD,Gold,Jewellery,Earrings,Dangle,Cotton; Glass; Polyurethane; Metal Fitting,Other,,12.99,/241/52/220376_GD_1,220376_GD_1.jpg,none,,,,,
220383_BL,220383,Earring TREND Blue,_BL,Blue,Jewellery,Earrings,Dangle,Cotton; Glass; Iron,Worn Gold,,15.99,/241/52/220383_BL_1,220383_BL_1.jpg,none,,,,,
220396_BL,220396,Earring TREND Blue,_BL,Blue,Jewellery,Earrings,Dangle,Brass; Iron,Golden,,12.99,/241/52/220396_BL_1,220396_BL_1.jpg,none,,,,,
220428_GD,220428,Necklace TREND Gold,_GD,Gold,Jewellery,Necklaces,Chain,Steel,Worn Gold,,19.99,/241/52/220428_GD_1,220428_GD_1.jpg,none,,,,,
220436_BM,220436,Earring TREND Bright Multicolor,_BM,Bright Multicolor,Jewellery,Earrings,Dangle,Cotton; Glass; Iron,Golden,,12.99,/241/52/220436_BM_1,220436_BM_1.jpg,none,,,,,
220462_OR,220462,Earring SUNSET JUNCTION Orange,_OR,Orange,Jewellery,Earrings,Dangle,Acrylic; Iron,Brushed Golden,,5.99,/241/52/220462_OR_1,220462_OR_1.jpg,none,,,,,
220488_PU,220488,Earring SUNSET JUNCTION Purple,_PU,Purple,Jewellery,Earrings,Dangle,Iron; Stone,Golden,,5.99,/241/52/220488_PU_1,220488_PU_1.jpg,none,,,,,
220614_BM,220614,Necklace FORMENTERA Bright Multicolor,_BM,Bright Multicolor,Jewellery,Necklaces,Collar,Acrylic; Iron,,,10.99,/241/52/220614_BM_1,220614_BM_1.jpg,none,,,,,
220619_PK,220619,Earring FORMENTERA Pink,_PK,Pink,Jewellery,Earrings,Dangle,Ceramic; Iron,Worn Gold,,5.99,/241/52/220619_PK_1,220619_PK_1.jpg,none,,,,,
220720_PM,220720,Necklace FORMENTERA Pastel Multicolor,_PM,Pastel Multicolor,Jewellery,Necklaces,Beaded Necklace,Brass; Ceramic; Iron; Wood,Golden,,12.99,/241/52/220720_PM_1,220720_PM_1.jpg,none,,,,,
220736_PM,220736,Necklace FORMENTERA Pastel Multicolor,_PM,Pastel Multicolor,Jewellery,Necklaces,Beaded Necklace,Brass; Ceramic; Iron; Thermoplastic Polyurethane; Wood,,,10.99,/241/52/220736_PM_1,220736_PM_1.jpg,none,,,,,
220741_BM,220741,Earring FORMENTERA Bright Multicolor,_BM,Bright Multicolor,Jewellery,Earrings,Hoop Earrings,Iron; Wood; Zinc,Worn Gold,,5.99,/241/52/220741_BM_1,220741_BM_1.jpg,none,,,,,
220775_LB,220775,Set of Bracelets FORMENTERA Light Blue,_LB,Light Blue,Jewellery,Bracelets,Elastic Bracelet,Brass; Resin; Thermoplastic Polyurethane; Zinc,,,9.99,/241/52/220775_LB_1,220775_LB_1.jpg,none,,,,,
220780_GD,220780,Ring FORMENTERA Gold,_GD,Gold,Jewellery,Rings,Band Ring,Brass,Worn Gold,,6.99,/241/52/220780_GD_1,220780_GD_1.jpg,none,,,,,
220786_BM,220786,Earring IDENTITY Bright Multicolor,_BM,Bright Multicolor,Jewellery,Earrings,Dangle,Clay; Glass; Zinc,Worn Gold,,5.99,/241/52/220786_BM_1,220786_BM_1.jpg,none,,,,,
220796_WT,220796,Earring Golden Basics White,_WT,White,Jewellery,Earrings,Dangle,Iron; Shell,Brushed Golden,,5.99,/242/52/220796_WT_1,220796_WT_1.jpg,none,,,,,
220806_WT,220806,Set of Bracelets Golden Basics White,_WT,White,Jewellery,Bracelets,Elastic Bracelet,Elastane; Rubber; Shell; Thermoplastic Polyurethane; Zinc,Golden,,8.99,/242/52/220806_WT_1,220806_WT_1.jpg,none,,,,,
220814_WT,220814,Bracelet Golden Basics White,_WT,White,Jewellery,Bracelets,Elastic Bracelet,Elastane; Rubber; Shell; Thermoplastic Polyurethane; Zinc,Golden,,5.99,/242/52/220814_WT_1,220814_WT_1.jpg,none,,,,,
220822_WT,220822,Necklace Golden Basics White,_WT,White,Jewellery,Necklaces,Pendant,Shell; Thermoplastic Polyurethane; Zinc,,,10.99,/242/52/220822_WT_1,220822_WT_1.jpg,none,,,,,
220832_WT,220832,Earring Golden Basics White,_WT,White,Jewellery,Earrings,Hoop Earrings,Iron; Shell; Zinc,Golden,,7.99,/242/52/220832_WT_1,220832_WT_1.jpg,none,,,,,
220838_WT,220838,Earring Golden Basics White,_WT,White,Jewellery,Earrings,Hoop Earrings,Shell; Thermoplastic Polyurethane; Brass,Golden,,5.99,/241/52/220838_WT_1,220838_WT_1.jpg,none,,,,,
220844_WT,220844,Earring Golden Basics White,_WT,White,Jewellery,Earrings,Dangle,Iron; Shell,Golden,,7.99,/242/52/220844_WT_1,220844_WT_1.jpg,none,,,,,
220851_WT,220851,Earring Golden Basics White,_WT,White,Jewellery,Earrings,Hoop Earrings,Iron; Thermoplastic Polyurethane,Golden,,5.99,/242/52/220851_WT_1,220851_WT_1.jpg,none,,,,,
220858_WT,220858,Set of Necklaces Golden Basics White,_WT,White,Jewellery,Necklaces,Chain,Brass; Iron; Resin; Shell,Golden,,12.99,/242/52/220858_WT_1,220858_WT_1.jpg,none,,,,,
220867_WT,220867,Necklace Golden Basics White,_WT,White,Jewellery,Necklaces,Pendant,Brass; Thermoplastic Polyurethane; Zinc,,,10.99,/242/52/220867_WT_1,220867_WT_1.jpg,none,,,,,
220869_PM,220869,Bracelet MODERN STONES Pastel Multicolor,_PM,Pastel Multicolor,Jewellery,Bracelets,Elastic Bracelet,Thermoplastic Polyurethane; Stone; Brass; Cork,Golden,,7.99,/242/52/220869_PM_1,220869_PM_1.jpg,none,,,,,
220869_WT,220869,Bracelet Golden Basics White,_WT,White,Jewellery,Bracelets,Elastic Bracelet,Brass; Shell,Golden,,7.99,/242/52/220869_WT_1,220869_WT_1.jpg,none,,,,,
220874_IV,220874,Necklace Golden Basics Extra Ivory,_IV,Ivory,Jewellery,Necklaces,Pendant,Enamel; Iron; Zinc,,,10.99,/241/52/220874_IV_1,220874_IV_1.jpg,none,,,,,
220890_SV,220890,Necklace MADEIRA Silver,_SV,Silver,Jewellery,Necklaces,Beaded Necklace,Zinc,Silver,,23.99,/241/52/220890_SV_1,220890_SV_1.jpg,none,,,,,
220913_GD,220913,Ring Golden Basics Gold,_GD,Gold,Jewellery,Rings,Fantasy,Zinc,Golden,,5.99,/242/52/220913_GD_1,220913_GD_1.jpg,none,,,,,
220920_GD,220920,Set of Earrings Golden Basics Gold,_GD,Gold,Jewellery,Earrings,Hoop Earrings,Zinc,Golden,,7.99,/242/52/220920_GD_1,220920_GD_1.jpg,none,,,,,
221014_IV,221014,Necklace Golden Basics Extra Ivory,_IV,Ivory,Jewellery,Necklaces,Beaded Necklace,Zinc; Brass; Thermoplastic Polyurethane,,,10.99,/241/52/221014_IV_1,221014_IV_1.jpg,none,,,,,
221021_WT,221021,Necklace Golden Basics White,_WT,White,Jewellery,Necklaces,Pendant,Iron; Shell; Zinc,,,10.99,/241/52/221021_WT_1,221021_WT_1.jpg,none,,,,,
221028_IV,221028,Earring Golden Basics Extra Ivory,_IV,Ivory,Jewellery,Earrings,Hoop Earrings,Enamel; Zinc,Golden,,5.99,/241/52/221028_IV_1,221028_IV_1.jpg,none,,,,,
221037_WT,221037,Earring Golden Basics White,_WT,White,Jewellery,Earrings,Dangle,Iron; Shell,Brushed Golden,,5.99,/242/52/221037_WT_1,221037_WT_1.jpg,none,,,,,
221044_WT,221044,Earring Golden Basics White,_WT,White,Jewellery,Earrings,Hoop Earrings,Iron; Shell,Golden,,7.99,/242/52/221044_WT_1,221044_WT_1.jpg,none,,,,,
221050_WT,221050,Necklace Golden Basics White,_WT,White,Jewellery,Necklaces,Bib Necklace,Iron; Shell; Zinc,Golden,,17.99,/241/52/221050_WT_1,221050_WT_1.jpg,none,,,,,
221083_GD,221083,Set of Earrings GLDN DEL Gold,_GD,Gold,Jewellery,Earrings,Stud,Brass; Glass; Steel,Golden,,5.99,/242/52/221083_GD_1,221083_GD_1.jpg,none,,,,,
221089_GD,221089,Bracelet GLDN DEL Gold,_GD,Gold,Jewellery,Bracelets,Non-Adjustable Bracelet,Brass; Iron,Golden,,8.99,/242/52/221089_GD_1,221089_GD_1.jpg,none,,,,,
221089_SV,221089,Bracelet SILVER D Silver,_SV,Silver,Jewellery,Bracelets,Non-Adjustable Bracelet,Brass; Iron,Golden,,8.99,/242/52/221089_SV_1,221089_SV_1.jpg,none,,,,,
221093_SV,221093,Earring SILVER D Silver,_SV,Silver,Jewellery,Earrings,Dangle,Brass,Rodhium,,7.99,/242/52/221093_SV_1,221093_SV_1.jpg,none,,,,,
221098_GD,221098,Bracelet GLDN DEL Gold,_GD,Gold,Jewellery,Bracelets,Non-Adjustable Bracelet,Brass,Golden,,5.99,/242/52/221098_GD_1,221098_GD_1.jpg,none,,,,,
221098_SV,221098,Bracelet SILVER D Silver,_SV,Silver,Jewellery,Bracelets,Non-Adjustable Bracelet,Brass,Silver,,5.99,/242/52/221098_SV_1,221098_SV_1.jpg,none,,,,,
221106_GD,221106,Ring GLDN DEL Gold,_GD,Gold,Jewellery,Rings,Fantasy,Brass; Zirconium,Golden,,6.99,/242/52/221106_GD_1,221106_GD_1.jpg,none,,,,,
221106_SV,221106,Ring SILVER D Silver,_SV,Silver,Jewellery,Rings,Fantasy,Brass; Zirconium,Golden,,6.99,/242/52/221106_SV_1,221106_SV_1.jpg,none,,,,,
221110_GD,221110,Earring GLDN DEL Gold,_GD,Gold,Jewellery,Earrings,Stud,Brass,Golden,,7.99,/242/52/221110_GD_1,221110_GD_1.jpg,none,,,,,
221117_GD,221117,Necklace GLDN DEL Gold,_GD,Gold,Jewellery,Necklaces,Beaded Necklace,Acrylic; Iron; Pearl; Zinc,,,10.99,/242/52/221117_GD_1,221117_GD_1.jpg,none,,,,,
221117_SV,221117,Necklace SILVER D Silver,_SV,Silver,Jewellery,Necklaces,Beaded Necklace,Acrylic; Iron; Pearl; Zinc,,,10.99,/242/52/221117_SV_1,221117_SV_1.jpg,none,,,,,
221122_GD,221122,Necklace GLDN DEL Gold,_GD,Gold,Jewellery,Necklaces,Beaded Necklace,Iron; Zinc,Golden,,17.99,/242/52/221122_GD_1,221122_GD_1.jpg,none,,,,,
221146_BM,221146,Earring TROPICAL GEMS Bright Multicolor,_BM,Bright Multicolor,Jewellery,Earrings,Hoop Earrings,Cotton; Glass; Iron,Golden,,7.99,/241/52/221146_BM_1,221146_BM_1.jpg,none,,,,,
221160_BM,221160,Earring TROPICAL GEMS Bright Multicolor,_BM,Bright Multicolor,Jewellery,Earrings,Dangle,Iron; Shell; Zinc,Golden,,7.99,/241/52/221160_BM_1,221160_BM_1.jpg,none,,,,,
221180_IV,221180,Earring Golden Basics Extra Ivory,_IV,Ivory,Jewellery,Earrings,Hoop Earrings,Enamel; Iron,Golden,,5.99,/241/52/221180_IV_1,221180_IV_1.jpg,none,,,,,
221180_LK,221180,Earring MODERN STONES Light Pink,_LK,Light Pink,Jewellery,Earrings,Hoop Earrings,Iron; Enamel,Golden,,5.99,/242/52/221180_LK_1,221180_LK_1.jpg,none,,,,,
221182_IV,221182,Earring Golden Basics Extra Ivory,_IV,Ivory,Jewellery,Earrings,Dangle,Enamel; Iron,Brushed Golden,,5.99,/241/52/221182_IV_1,221182_IV_1.jpg,none,,,,,
221241_BM,221241,Earring TROPICAL GEMS Bright Multicolor,_BM,Bright Multicolor,Jewellery,Earrings,Hoop Earrings,Glass; Iron,Golden,,5.99,/241/52/221241_BM_1,221241_BM_1.jpg,none,,,,,
221248_BM,221248,Bracelet TROPICAL GEMS Bright Multicolor,_BM,Bright Multicolor,Jewellery,Bracelets,Anklet,Brass; Glass; Shell,Golden,,7.99,/241/52/221248_BM_1,221248_BM_1.jpg,none,,,,,
221254_BM,221254,Set of Earrings TROPICAL GEMS Bright Multicolor,_BM,Bright Multicolor,Jewellery,Earrings,Hoop Earrings,Brass; Enamel; Glass; Shell; Zinc,Golden,,8.99,/241/52/221254_BM_1,221254_BM_1.jpg,none,,,,,
221263_BM,221263,Earring TROPICAL GEMS Bright Multicolor,_BM,Bright Multicolor,Jewellery,Earrings,Dangle,Acrylic; Glass; Iron; Shell; Zinc,Golden,,7.99,/241/52/221263_BM_1,221263_BM_1.jpg,none,,,,,
221273_GD,221273,Earring GLDN DEL Gold,_GD,Gold,Jewellery,Earrings,Stud,Brass; Iron,Golden,,4.99,/242/52/221273_GD_1,221273_GD_1.jpg,none,,,,,
221279_BM,221279,Earring TROPICAL GEMS Bright Multicolor,_BM,Bright Multicolor,Jewellery,Earrings,Hoop Earrings,Acrylic; Glass; Iron; Rubber; Thermoplastic Polyurethane,Golden,,7.99,/241/52/221279_BM_1,221279_BM_1.jpg,none,,,,,
221282_GD,221282,Earring GLDN DEL Gold,_GD,Gold,Jewellery,Earrings,Dangle,Acrylic; Brass; Zirconium,Golden,,7.99,/242/52/221282_GD_1,221282_GD_1.jpg,none,,,,,
221282_SV,221282,Earring SILVER D Silver,_SV,Silver,Jewellery,Earrings,Dangle,Zirconium; Acrylic; Brass,Golden,,7.99,/242/52/221282_SV_1,221282_SV_1.jpg,none,,,,,
221290_BM,221290,Necklace TROPICAL GEMS Bright Multicolor,_BM,Bright Multicolor,Jewellery,Necklaces,Beaded Necklace,Glass; Shell,Golden,,12.99,/241/52/221290_BM_1,221290_BM_1.jpg,none,,,,,
221298_BM,221298,Ring TROPICAL GEMS Bright Multicolor,_BM,Bright Multicolor,Jewellery,Rings,Band Ring,Thermoplastic Polyurethane; Zinc,Golden,,6.99,/241/52/221298_BM_1,221298_BM_1.jpg,none,,,,,
221450_BM,221450,Key Chain FASHION SUPPLEMENTS Bright Multicolor,_BM,Bright Multicolor,Jewellery,Key chains,Charms,Cotton; Iron; Zinc; Zinc; PROPIONIC ACID,Golden,,12.99,/242/52/221450_BM_1,221450_BM_1.jpg,none,,,,,
221477_PU,221477,Bracelet Arm Sand Purple,_PU,Purple,Jewellery,Bracelets,Adjustable Bracelet,Brass; Polyester; Thermoplastic Polyurethane,Golden,,5.99,/242/52/221477_PU_1,221477_PU_1.jpg,none,,,,,
221500_BL,221500,Bracelet Arm Sea Blue,_BL,Blue,Jewellery,Bracelets,Adjustable Bracelet,Brass; Polyester; Zinc; Zirconium,Golden,,5.99,/242/52/221500_BL_1,221500_BL_1.jpg,none,,,,,
221511_PU,221511,Bracelet Arm Sand Purple,_PU,Purple,Jewellery,Bracelets,Non-Adjustable Bracelet,Glass; Pearl; Polyester; Zinc,Golden,,7.99,/242/52/221511_PU_1,221511_PU_1.jpg,none,,,,,
221519_BG,221519,Bracelet Arm Sand Beige,_BG,Beige,Jewellery,Bracelets,Adjustable Bracelet,Copper; Iron; Pearl; Polyester,Golden,,7.99,/242/52/221519_BG_1,221519_BG_1.jpg,none,,,,,
221536_WT,221536,Pin FASHION SUPPLEMENTS White,_WT,White,Jewellery,Pins,Pin,Brass; Thermoplastic Polyurethane; Zinc,Golden,,5.99,/242/52/221536_WT_2y,221536_WT_2y.jpg,none,,,,,
221547_IV,221547,Pin FASHION SUPPLEMENTS Ivory,_IV,Ivory,Jewellery,Pins,Flower,Iron; Stone; Zinc,Golden,,5.99,/242/52/221547_IV_1,221547_IV_1.jpg,none,,,,,
221553_GD,221553,Pin FASHION SUPPLEMENTS Gold,_GD,Gold,Jewellery,Pins,Other Pins,Zinc,Golden,,5.99,/242/52/221553_GD_2y,221553_GD_2y.jpg,none,,,,,
221553_SV,221553,Pin FASHION SUPPLEMENTS Silver,_SV,Silver,Jewellery,Pins,Other Pins,Zinc,Golden,,5.99,/242/52/221553_SV_2y,221553_SV_2y.jpg,none,,,,,
221563_BM,221563,Key Chain FASHION SUPPLEMENTS Bright Multicolor,_BM,Bright Multicolor,Jewellery,Key chains,Other Key-Chain,Iron; Nylon; Zinc; Zinc,,,9.99,/242/52/221563_BM_1,221563_BM_1.jpg,none,,,,,
221573_GD,221573,Pin FASHION SUPPLEMENTS Gold,_GD,Gold,Jewellery,Pins,Pin,Iron; Zinc,Worn Gold,,5.99,/242/52/221573_GD_1,221573_GD_1.jpg,none,,,,,
221613_HM,221613,Necklace GLDN DEL Halftone Multicolor,_HM,Halftone Multicolor,Jewellery,Necklaces,Beaded Necklace,Brass; Zirconium,,,10.99,/242/52/221613_HM_1,221613_HM_1.jpg,none,,,,,
221618_HM,221618,Necklace GLDN DEL Halftone Multicolor,_HM,Halftone Multicolor,Jewellery,Necklaces,Y-Necklace,Zirconium; Brass,Golden,,12.99,/242/52/221618_HM_1,221618_HM_1.jpg,none,,,,,
221628_HM,221628,Earring GLDN DEL Halftone Multicolor,_HM,Halftone Multicolor,Jewellery,Earrings,Hoop Earrings,Brass; Zirconium,Golden,,7.99,/242/52/221628_HM_1,221628_HM_1.jpg,none,,,,,
221634_HM,221634,Bracelet GLDN DEL Halftone Multicolor,_HM,Halftone Multicolor,Jewellery,Bracelets,Non-Adjustable Bracelet,Brass; Zirconium,Golden,,7.99,/242/52/221634_HM_1,221634_HM_1.jpg,none,,,,,
221816_CL,221816,Necklace WATERMELON PARTY Coral,_CL,Coral,Jewellery,Necklaces,Beaded Necklace,Acrylic; Iron; Shell; Zinc,,,10.99,/242/52/221816_CL_1,221816_CL_1.jpg,none,,,,,
221825_CL,221825,Bracelet WATERMELON PARTY Coral,_CL,Coral,Jewellery,Bracelets,Anklet,Iron; Pearl; Resin; Zinc,Golden,,7.99,/242/52/221825_CL_1,221825_CL_1.jpg,none,,,,,
221832_CL,221832,Earring WATERMELON PARTY Coral,_CL,Coral,Jewellery,Earrings,Dangle,Brass; Iron; Shell,Brushed Golden,,8.99,/242/52/221832_CL_1,221832_CL_1.jpg,none,,,,,
221840_BM,221840,Set of Necklaces WATERMELON PARTY Bright Multicolor,_BM,Bright Multicolor,Jewellery,Necklaces,Chain,Iron; Shell; Zinc,Golden,,12.99,/242/52/221840_BM_1,221840_BM_1.jpg,none,,,,,
221883_BM,221883,Earring WATERMELON PARTY Bright Multicolor,_BM,Bright Multicolor,Jewellery,Earrings,Hoop Earrings,Acrylic; Iron; Shell,Golden,,7.99,/242/52/221883_BM_1,221883_BM_1.jpg,none,,,,,
221917_TG,221917,Earring WATERMELON PARTY Pastel Green,_TG,Pastel Green,Jewellery,Earrings,Hoop Earrings,Acrylic; Iron; Shell; Zinc,Golden,,5.99,/242/52/221917_TG_1,221917_TG_1.jpg,none,,,,,
221986_TG,221986,Earring WATERMELON PARTY Pastel Green,_TG,Pastel Green,Jewellery,Earrings,Dangle,Iron; Shell,Golden,,5.99,/242/52/221986_TG_1,221986_TG_1.jpg,none,,,,,
222007_OX,222007,Earring WATERMELON PARTY Oxford Blue,_OX,Oxford Blue,Jewellery,Earrings,Dangle,Iron; Shell,Golden,,7.99,/242/52/222007_OX_1,222007_OX_1.jpg,none,,,,,
222059_TG,222059,Earring WATERMELON PARTY Pastel Green,_TG,Pastel Green,Jewellery,Earrings,Dangle,Iron; Shell,Golden,,5.99,/242/52/222059_TG_1,222059_TG_1.jpg,none,,,,,
222075_BM,222075,Earring WATERMELON PARTY Bright Multicolor,_BM,Bright Multicolor,Jewellery,Earrings,Hoop Earrings,Acrylic; Iron; Shell,Golden,,7.99,/242/52/222075_BM_1,222075_BM_1.jpg,none,,,,,
222083_BM,222083,Earring WATERMELON PARTY Bright Multicolor,_BM,Bright Multicolor,Jewellery,Earrings,Dangle,Iron; Shell; Metal and Plastic,Brushed Golden,,7.99,/242/52/222083_BM_1,222083_BM_1.jpg,none,,,,,
222607_CL,222607,Earring WATERMELON PARTY Coral,_CL,Coral,Jewellery,Earrings,Dangle,Acrylic; Zinc,Golden,,7.99,/242/52/222607_CL_1,222607_CL_1.jpg,none,,,,,
222988_IV,222988,Necklace LOOM BEADS Ivory,_IV,Ivory,Jewellery,Necklaces,Beaded Necklace,Iron; Cotton; Glass,,,10.99,/242/52/222988_IV_1,222988_IV_1.jpg,none,,,,,
2229890BM,222989,Ring LOOM BEADS Bright Multicolor,0BM,Bright Multicolor,Jewellery,Rings,Fantasy,Thermoplastic Polyurethane; Glass,Other,,7.99,/242/52/2229890BM_1,2229890BM_1.jpg,none,,,,,
222989_BM,222989,Ring LOOM BEADS Bright Multicolor,_BM,Bright Multicolor,Jewellery,Rings,Fantasy,Glass; Thermoplastic Polyurethane,Other,,7.99,/242/52/222989_BM_1,222989_BM_1.jpg,none,,,,,
222989_HM,222989,Ring LOOM BEADS Halftone Multicolor,_HM,Halftone Multicolor,Jewellery,Rings,Fantasy,Glass; Thermoplastic Polyurethane,Other,,7.99,/242/52/222989_HM_1,222989_HM_1.jpg,none,,,,,
223005_PE,223005,Earring NEW CLASSIC Pearl,_PE,Pearl,Jewellery,Earrings,Stud,Acrylic,Golden,,5.99,/242/52/223005_PE_1,223005_PE_1.jpg,none,,,,,
223012_PM,223012,Earring SPIRIT Pastel Multicolor,_PM,Pastel Multicolor,Jewellery,Earrings,Dangle,Cork; Stone; Zinc; Acrylic; Iron,Matte Golden,,7.99,/242/52/223012_PM_1,223012_PM_1.jpg,none,,,,,
223020_PM,223020,Earring SPIRIT Pastel Multicolor,_PM,Pastel Multicolor,Jewellery,Earrings,Drop,Cork; Acrylic; Stone; Brass; Iron,Golden,,7.99,/242/52/223020_PM_1,223020_PM_1.jpg,none,,,,,
223055_GD,223055,Ring SPIRIT Gold,_GD,Gold,Jewellery,Rings,Cocktail,Zinc,Matte Golden,,5.99,/242/52/223055_GD_1,223055_GD_1.jpg,none,,,,,
223062_PM,223062,Necklace SPIRIT Pastel Multicolor,_PM,Pastel Multicolor,Jewellery,Necklaces,Chain,Brass; Resin; Stone; Thermoplastic Polyurethane; Zinc,Matte Golden,,12.99,/242/52/223062_PM_1,223062_PM_1.jpg,none,,,,,
223073_GD,223073,Ring SPIRIT Gold,_GD,Gold,Jewellery,Rings,Band Ring,Copper; Glass,Matte Golden,,4.99,/242/52/223073_GD_1,223073_GD_1.jpg,none,,,,,
223118_PM,223118,Ring SPIRIT Pastel Multicolor,_PM,Pastel Multicolor,Jewellery,Rings,Band Ring,Zinc; Zirconium,Matte Golden,,6.99,/242/52/223118_PM_1,223118_PM_1.jpg,none,,,,,
223121_TG,223121,Earring SPIRIT Pastel Green,_TG,Pastel Green,Jewellery,Earrings,Hoop Earrings,Brass; Thermoplastic Polyurethane; Zinc,Matte Golden,,5.99,/242/52/223121_TG_1,223121_TG_1.jpg,none,,,,,
223208_BM,223208,Earring MARBLEMANIA Bright Multicolor,_BM,Bright Multicolor,Jewellery,Earrings,Stud,Polyester; Resin; Zinc,Other,,7.99,/242/52/223208_BM_1,223208_BM_1.jpg,none,,,,,
223216_GD,223216,Pin FASHION SUPPLEMENTS Gold,_GD,Gold,Jewellery,Pins,Pin,Zinc; Brass,Golden,,4.99,/242/52/223216_GD_1,223216_GD_1.jpg,none,,,,,
223232_BM,223232,Necklace MARBLEMANIA Bright Multicolor,_BM,Bright Multicolor,Jewellery,Necklaces,Pendant,Iron; Suede; Acrylic; Copper; Cork,,,10.99,/242/52/223232_BM_1,223232_BM_1.jpg,none,,,,,
223254_GD,223254,Bracelet TREND Gold,_GD,Gold,Jewellery,Bracelets,Cuff,Brass; Cork,Golden,,15.99,/242/52/223254_GD_1,223254_GD_1.jpg,none,,,,,
223261_HM,223261,Necklace MARBLEMANIA Halftone Multicolor,_HM,Halftone Multicolor,Jewellery,Necklaces,Beaded Necklace,Cork; Resin; Zinc; Acrylic; Iron,Golden,,12.99,/242/52/223261_HM_1,223261_HM_1.jpg,none,,,,,
223269_GD,223269,Earring TREND Gold,_GD,Gold,Jewellery,Earrings,Hoop Earrings,Metal Fitting,Worn Gold,,12.99,/242/52/223269_GD_1,223269_GD_1.jpg,none,,,,,
223281_GD,223281,Earring TREND Gold,_GD,Gold,Jewellery,Earrings,Stud,Iron; Zinc,,,9.99,/242/52/223281_GD_1,223281_GD_1.jpg,none,,,,,
223292_BM,223292,Earring MARBLEMANIA Bright Multicolor,_BM,Bright Multicolor,Jewellery,Earrings,Dangle,Steel; Thermoplastic Polyurethane,Other,,8.99,/242/52/223292_BM_1,223292_BM_1.jpg,none,,,,,
223316_BG,223316,Earring TREND Beige,_BG,Beige,Jewellery,Earrings,Hoop Earrings,Iron; Raffia; Shell; Zinc,Worn Gold,,7.99,/242/52/223316_BG_1,223316_BG_1.jpg,none,,,,,
223323_FU,223323,Earring MARBLEMANIA Fuchsia,_FU,Fuchsia,Jewellery,Earrings,Dangle,Steel; Thermoplastic Polyurethane,Other,,7.99,/242/52/223323_FU_1,223323_FU_1.jpg,none,,,,,
223349_DN,223349,Earring TREND Dark Green,_DN,Dark Green,Jewellery,Earrings,Dangle,Iron; Glass,Worn Gold,,15.99,/242/52/223349_DN_1,223349_DN_1.jpg,none,,,,,
223358_OR,223358,Earring TREND Orange,_OR,Orange,Jewellery,Earrings,Dangle,Cork; Iron; Resin,Other,,12.99,/242/52/223358_OR_1,223358_OR_1.jpg,none,,,,,
223370_BM,223370,Earring TREND Bright Multicolor,_BM,Bright Multicolor,Jewellery,Earrings,Dangle,Steel; Cotton; Brass; Thermoplastic Polyurethane; Cork,Worn Gold,,15.99,/242/52/223370_BM_1,223370_BM_1.jpg,none,,,,,
223416_DM,223416,Bracelet TREND Dark Multicolor,_DM,Dark Multicolor,Jewellery,Bracelets,Bangle,Cork; Resin; Brass; Buffalo Bone,Other,,17.99,/242/52/223416_DM_1,223416_DM_1.jpg,none,,,,,
223572_IV,223572,Earring EXCLUSIVE Ivory,_IV,Ivory,Jewellery,Earrings,Stud,Cork; Zinc; Resin,Golden,,7.99,/241/52/223572_IV_1,223572_IV_1.jpg,none,,,,,
223575_GD,223575,Earring EXCLUSIVE Gold,_GD,Gold,Jewellery,Earrings,Stud,Cork; Thermoplastic Polyurethane,Golden,,5.99,/241/52/223575_GD_1,223575_GD_1.jpg,none,,,,,
223575_SV,223575,Earring EXCLUSIVE Silver,_SV,Silver,Jewellery,Earrings,Stud,Thermoplastic Polyurethane; Cork,Golden,,5.99,/241/52/223575_SV_1,223575_SV_1.jpg,none,,,,,
223685_TU,223685,Earring MUSTANG Taupe,_TU,Taupe,Jewellery,Earrings,Hoop Earrings,Cork; Iron; Copper; Stone,Antik Golden,,7.99,/242/52/223685_TU_1,223685_TU_1.jpg,none,,,,,
223694_GD,223694,Set of Bracelets MUSTANG Gold,_GD,Gold,Jewellery,Bracelets,Elastic Bracelet,Cork; Acrylic; Iron,Antik Golden,,8.99,/242/52/223694_GD_1,223694_GD_1.jpg,none,,,,,
223704_LB,223704,Earring MUSTANG Light Blue,_LB,Light Blue,Jewellery,Earrings,Hoop Earrings,Acrylic; Zinc,Antik Golden,,7.99,/242/52/223704_LB_1,223704_LB_1.jpg,none,,,,,
223730_GD,223730,Pin FASHION SUPPLEMENTS Gold,_GD,Gold,Jewellery,Pins,Lady Brooche,Cork; Zinc,Golden,,5.99,/242/52/223730_GD_1,223730_GD_1.jpg,none,,,,,
223743_SV,223743,Earring silver basics EXTRA Silver,_SV,Silver,Jewellery,Earrings,Hoop Earrings,Cork; Zinc,Rodhium,,5.99,/242/52/223743_SV_1,223743_SV_1.jpg,none,,,,,
223750_HM,223750,Necklace MUSTANG Halftone Multicolor,_HM,Halftone Multicolor,Jewellery,Necklaces,Pendant,Cork; Brass; Stone; Resin,Antik Golden,,12.99,/242/52/223750_HM_1,223750_HM_1.jpg,none,,,,,
223755_LB,223755,Earring MUSTANG Light Blue,_LB,Light Blue,Jewellery,Earrings,Hoop Earrings,Cork; Zinc; Acrylic,Antik Golden,,5.99,/242/52/223755_LB_1,223755_LB_1.jpg,none,,,,,
223771_HM,223771,Earring MUSTANG Halftone Multicolor,_HM,Halftone Multicolor,Jewellery,Earrings,Hoop Earrings,Cork; Resin; Iron,Antik Golden,,5.99,/242/52/223771_HM_1,223771_HM_1.jpg,none,,,,,
223777_HM,223777,Necklace MUSTANG Halftone Multicolor,_HM,Halftone Multicolor,Jewellery,Necklaces,Pendant,Cork; Resin; Zinc; Iron,,,10.99,/242/52/223777_HM_1,223777_HM_1.jpg,none,,,,,
223785_HM,223785,Earring MUSTANG Halftone Multicolor,_HM,Halftone Multicolor,Jewellery,Earrings,Drop,Cork; Thermoplastic Polyurethane; Steel,Other,,7.99,/242/52/223785_HM_1,223785_HM_1.jpg,none,,,,,
223792_SV,223792,Earring silver basics EXTRA Silver,_SV,Silver,Jewellery,Earrings,Ear Jacket,Zinc,Rodhium,,7.99,/242/52/223792_SV_1,223792_SV_1.jpg,none,,,,,
223801_SV,223801,Necklace silver basics EXTRA Silver,_SV,Silver,Jewellery,Necklaces,Bib Necklace,Cork; Zinc; Thermoplastic Polyurethane,Rodhium,,12.99,/242/52/223801_SV_1,223801_SV_1.jpg,none,,,,,
223808_HM,223808,Earring MUSTANG Halftone Multicolor,_HM,Halftone Multicolor,Jewellery,Earrings,Dangle,Cork; Resin; Zinc,Antik Golden,,7.99,/242/52/223808_HM_1,223808_HM_1.jpg,none,,,,,
223814_SV,223814,Earring silver basics EXTRA Silver,_SV,Silver,Jewellery,Earrings,Dangle,Cork; Iron,Rodhium,,7.99,/242/52/223814_SV_1,223814_SV_1.jpg,none,,,,,
223820_SV,223820,Necklace silver basics EXTRA Silver,_SV,Silver,Jewellery,Necklaces,Beaded Necklace,Cork; Thermoplastic Polyurethane; Zinc; Brass,Rodhium,,12.99,/242/52/223820_SV_1,223820_SV_1.jpg,none,,,,,
223826_SV,223826,Earring silver basics EXTRA Silver,_SV,Silver,Jewellery,Earrings,Dangle,Iron; Thermoplastic Polyurethane,Rodhium,,5.99,/242/52/223826_SV_1,223826_SV_1.jpg,none,,,,,
223835_SV,223835,Earring SILVER BASICS Silver,_SV,Silver,Jewellery,Earrings,Hoop Earrings,Cork; Thermoplastic Polyurethane,Rodhium,,5.99,/242/52/223835_SV_1,223835_SV_1.jpg,none,,,,,
223841_RD,223841,Bracelet SILVER BASICS Red,_RD,Red,Jewellery,Bracelets,Bangle,Cork; Iron; Resin,Rodhium,,12.99,/242/52/223841_RD_1,223841_RD_1.jpg,none,,,,,
223848_SV,223848,Set of Earrings SILVER BASICS Silver,_SV,Silver,Jewellery,Earrings,Hoop Earrings,Cork; Zinc,Rodhium,,5.99,/242/52/223848_SV_1,223848_SV_1.jpg,none,,,,,
223855_RD,223855,Ring SILVER BASICS Red,_RD,Red,Jewellery,Rings,Cocktail,Cork; Zinc; Enamel,Rodhium,,4.99,/242/52/223855_RD_1,223855_RD_1.jpg,none,,,,,
223861_SV,223861,Necklace SILVER BASICS Silver,_SV,Silver,Jewellery,Necklaces,Other Necklaces,Cork; Brass; Iron,Rodhium,,12.99,/242/52/223861_SV_1,223861_SV_1.jpg,none,,,,,
223867_SV,223867,Earring SILVER BASICS Silver,_SV,Silver,Jewellery,Earrings,Stud,Zinc,Rodhium,,7.99,/242/52/223867_SV_1,223867_SV_1.jpg,none,,,,,
223885_SV,223885,Earring SILVER BASICS Silver,_SV,Silver,Jewellery,Earrings,Stud,Zinc,Rodhium,,7.99,/242/52/223885_SV_1,223885_SV_1.jpg,none,,,,,
223898_RD,223898,Necklace SILVER BASICS Red,_RD,Red,Jewellery,Necklaces,Other Necklaces,Cork; Zinc; Polyamide,Rodhium,,12.99,/242/52/223898_RD_1,223898_RD_1.jpg,none,,,,,
223904_RD,223904,Ring SILVER BASICS Red,_RD,Red,Jewellery,Rings,Band Ring,Zinc; Enamel,Rodhium,,5.99,/242/52/223904_RD_1,223904_RD_1.jpg,none,,,,,
223910_RD,223910,Necklace SILVER BASICS Red,_RD,Red,Jewellery,Necklaces,Beaded Necklace,Iron; Zinc; Acrylic,,,10.99,/242/52/223910_RD_1,223910_RD_1.jpg,none,,,,,
223941_HM,223941,Set of Rings MUSTANG Halftone Multicolor,_HM,Halftone Multicolor,Jewellery,Rings,Cocktail,Zinc; Thermoplastic Polyurethane; Cork,Antik Golden,,8.99,/242/52/223941_HM_1,223941_HM_1.jpg,none,,,,,
223956_GD,223956,Earring GLDN DEL Gold,_GD,Gold,Jewellery,Earrings,Dangle,Brass; Zinc; Pearl,Golden,,8.99,/242/52/223956_GD_1,223956_GD_1.jpg,none,,,,,
224163_GD,224163,Earring TREND Gold,_GD,Gold,Jewellery,Earrings,Dangle,Cork; Zinc,,,9.99,/242/52/224163_GD_1,224163_GD_1.jpg,none,,,,,
224272_LL,224272,Earring MONETT Lilac,_LL,Lilac,Jewellery,Earrings,Dangle,Resin; Iron,Golden,,5.99,/242/52/224272_LL_1,224272_LL_1.jpg,none,,,,,
224302_HM,224302,Necklace MONETT Halftone Multicolor,_HM,Halftone Multicolor,Jewellery,Necklaces,Beaded Necklace,Cork; Glass; Iron; Zinc; Acrylic; Resin,Golden,,12.99,/242/52/224302_HM_1,224302_HM_1.jpg,none,,,,,
224307_BU,224307,Ring MONETT Burgundy,_BU,Burgundy,Jewellery,Rings,Cocktail,Resin; Zinc,Golden,,5.99,/242/52/224307_BU_1,224307_BU_1.jpg,none,,,,,
224313_GN,224313,Bracelet MONETT Green,_GN,Green,Jewellery,Bracelets,Bangle,Thermoplastic Polyurethane,Other,,12.99,/242/52/224313_GN_1,224313_GN_1.jpg,none,,,,,
224335_HM,224335,Necklace MONETT Halftone Multicolor,_HM,Halftone Multicolor,Jewellery,Necklaces,Pendant,Cotton; Zinc; Resin; Brass; Thermoplastic Polyurethane,Golden,,12.99,/242/52/224335_HM_1,224335_HM_1.jpg,none,,,,,
224342_HM,224342,Necklace MONETT Halftone Multicolor,_HM,Halftone Multicolor,Jewellery,Necklaces,Beaded Necklace,Resin; Iron,Golden,,12.99,/242/52/224342_HM_1,224342_HM_1.jpg,none,,,,,
224385_BU,224385,Earring MONETT Burgundy,_BU,Burgundy,Jewellery,Earrings,Dangle,Resin; Enamel; Iron,Golden,,5.99,/242/52/224385_BU_1,224385_BU_1.jpg,none,,,,,
224394_HM,224394,Set of Bracelets MONETT Halftone Multicolor,_HM,Halftone Multicolor,Jewellery,Bracelets,Elastic Bracelet,Resin; Zinc; Stone,Golden,,7.99,/242/52/224394_HM_1,224394_HM_1.jpg,none,,,,,
224400_HM,224400,Bracelet MONETT Halftone Multicolor,_HM,Halftone Multicolor,Jewellery,Bracelets,Elastic Bracelet,Acrylic; Zinc; Stone; Cork,Golden,,7.99,/242/52/224400_HM_1,224400_HM_1.jpg,none,,,,,
224403_BU,224403,Earring MONETT Burgundy,_BU,Burgundy,Jewellery,Earrings,Hoop Earrings,Acrylic; Cork,Golden,,7.99,/242/52/224403_BU_1,224403_BU_1.jpg,none,,,,,
224403_DN,224403,Earring MODERN STONES Dark Green,_DN,Dark Green,Jewellery,Earrings,Hoop Earrings,Acrylic,Other,,7.99,/242/52/224403_DN_1,224403_DN_1.jpg,none,,,,,
224403_OR,224403,Earring MONETT Orange,_OR,Orange,Jewellery,Earrings,Hoop Earrings,Acrylic; Cork,Golden,,7.99,/242/52/224403_OR_1,224403_OR_1.jpg,none,,,,,
224516_SV,224516,Ring SILVER D Silver,_SV,Silver,Jewellery,Rings,Band Ring,Thermoplastic Polyurethane; Brass; Zirconium,Golden,,5.99,/242/52/224516_SV_1,224516_SV_1.jpg,none,,,,,
224527_CG,224527,Bracelet EXCLUSIVE Cognac,_CG,Cognac,Jewellery,Bracelets,Bangle,Resin; Brass,,,9.99,/242/52/224527_CG_1,224527_CG_1.jpg,none,,,,,
224566_GD,224566,Earring Milagro Gold,_GD,Gold,Jewellery,Earrings,Stud,Copper; Glass,Golden,,5.99,/242/52/224566_GD_1,224566_GD_1.jpg,none,,,,,
224572_BK,224572,Earring Milagro Black,_BK,Black,Jewellery,Earrings,Dangle,Zinc; Brass; Resin,Golden,,8.99,/242/52/224572_BK_1,224572_BK_1.jpg,none,,,,,
224584_BK,224584,Earring Milagro Black,_BK,Black,Jewellery,Earrings,Hoop Earrings,Cork; Zinc; Enamel,Golden,,7.99,/242/52/224584_BK_1,224584_BK_1.jpg,none,,,,,
224591_BK,224591,Set of Earrings Milagro Black,_BK,Black,Jewellery,Earrings,Hoop Earrings,Cork; Glass; Zinc,Golden,,8.99,/242/52/224591_BK_1,224591_BK_1.jpg,none,,,,,
224598_BK,224598,Set of Bracelets Milagro Black,_BK,Black,Jewellery,Bracelets,Elastic Bracelet,Cork; Acrylic; Thermoplastic Polyurethane,Golden,,8.99,/242/52/224598_BK_1,224598_BK_1.jpg,none,,,,,
224605_BK,224605,Set of Earrings Milagro Black,_BK,Black,Jewellery,Earrings,Stud,Cork; Zinc; Iron; Glass,,,9.99,/242/52/224605_BK_1,224605_BK_1.jpg,none,,,,,
224613_BK,224613,Necklace Milagro Black,_BK,Black,Jewellery,Necklaces,Pendant,Zinc; Iron; Polyurethane,,,10.99,/242/52/224613_BK_1,224613_BK_1.jpg,none,,,,,
224627_BK,224627,Necklace Milagro Black,_BK,Black,Jewellery,Necklaces,Beaded Necklace,Cork; Glass; Iron; Zinc; Brass,,,12.99,/242/52/224627_BK_1,224627_BK_1.jpg,none,,,,,
224633_BK,224633,Bracelet Milagro Black,_BK,Black,Jewellery,Bracelets,Elastic Bracelet,Cork; Zinc; Glass,Golden,,5.99,/242/52/224633_BK_1,224633_BK_1.jpg,none,,,,,
224640_BK,224640,Necklace Milagro Black,_BK,Black,Jewellery,Necklaces,Beaded Necklace,Brass; Resin; Thermoplastic Polyurethane,,,10.99,/242/52/224640_BK_1,224640_BK_1.jpg,none,,,,,
224654_GD,224654,Ring Golden Basics Gold,_GD,Gold,Jewellery,Rings,Cocktail,Zinc,Golden,,5.99,/242/52/224654_GD_1,224654_GD_1.jpg,none,,,,,
224660_GD,224660,Set of Rings Golden Basics Gold,_GD,Gold,Jewellery,Rings,Band Ring,Zinc,Golden,,7.99,/242/52/224660_GD_1,224660_GD_1.jpg,none,,,,,
224667_GD,224667,Set of Bracelets Golden Basics Gold,_GD,Gold,Jewellery,Bracelets,Elastic Bracelet,Cork; Zinc,Golden,,7.99,/242/52/224667_GD_1,224667_GD_1.jpg,none,,,,,
224675_GD,224675,Necklace Golden Basics Gold,_GD,Gold,Jewellery,Necklaces,Pendant,Cork; Zinc; Iron,Golden,,10.99,/242/52/224675_GD_1,224675_GD_1.jpg,none,,,,,
224681_GD,224681,Earring Golden Basics Gold,_GD,Gold,Jewellery,Earrings,Clip Earrings,Iron; Copper,Golden,,5.99,/242/52/224681_GD_1,224681_GD_1.jpg,none,,,,,
224688_GD,224688,Earring Golden Basics Gold,_GD,Gold,Jewellery,Earrings,Hoop Earrings,Zinc,Golden,,5.99,/242/52/224688_GD_1,224688_GD_1.jpg,none,,,,,
224727_HM,224727,Bracelet NOMADA Halftone Multicolor,_HM,Halftone Multicolor,Jewellery,Bracelets,Bangle,Cork; Resin; Zinc,,,9.99,/242/52/224727_HM_2y,224727_HM_2y.jpg,none,,,,,
224734_TB,224734,Ring NOMADA Pastel Blue,_TB,Pastel Blue,Jewellery,Rings,Cocktail,Cork; Zinc; Resin,Golden,,6.99,/242/52/224734_TB_1,224734_TB_1.jpg,none,,,,,
224750_TL,224750,Earring NOMADA Teal,_TL,Teal,Jewellery,Earrings,Hoop Earrings,Cork; Resin; Iron,Golden,,5.99,/242/52/224750_TL_1,224750_TL_1.jpg,none,,,,,
224758_HM,224758,Earring NOMADA Halftone Multicolor,_HM,Halftone Multicolor,Jewellery,Earrings,Hoop Earrings,Cork; Stone; Resin; Zinc; Polyester; Iron,Golden,,7.99,/242/52/224758_HM_1,224758_HM_1.jpg,none,,,,,
224777_LB,224777,Earring NOMADA Light Blue,_LB,Light Blue,Jewellery,Earrings,Hoop Earrings,Cotton; Stone; Brass,Golden,,8.99,/242/52/224777_LB_1,224777_LB_1.jpg,none,,,,,
224794_TQ,224794,Bracelet NOMADA Turquoise,_TQ,Turquoise,Jewellery,Bracelets,Arm Bangle,Acrylic; Iron; Stone; Zinc,Golden,,8.99,/242/52/224794_TQ_2y,224794_TQ_2y.jpg,none,,,,,
224800_HM,224800,Bracelet NOMADA Halftone Multicolor,_HM,Halftone Multicolor,Jewellery,Bracelets,Elastic Bracelet,Pearl; Elastane; Thermoplastic Polyurethane; Cork; Acrylic,Golden,,5.99,/242/52/224800_HM_1,224800_HM_1.jpg,none,,,,,
224807_HM,224807,Necklace NOMADA Halftone Multicolor,_HM,Halftone Multicolor,Jewellery,Necklaces,Beaded Necklace,Stone; Zinc; Acrylic; Cork,Golden,,12.99,/242/52/224807_HM_1,224807_HM_1.jpg,none,,,,,
224814_HM,224814,Earring NOMADA Halftone Multicolor,_HM,Halftone Multicolor,Jewellery,Earrings,Dangle,Iron; Zinc; Stone; Cork,Golden,,8.99,/242/52/224814_HM_1,224814_HM_1.jpg,none,,,,,
224821_HM,224821,Earring NOMADA Halftone Multicolor,_HM,Halftone Multicolor,Jewellery,Earrings,Clip Earrings,Cork; Stone; Resin; Pearl; Brass; Zinc,Golden,,12.99,/242/52/224821_HM_1,224821_HM_1.jpg,none,,,,,
224930_GD,224930,Ring BULKY GOLD PLATED Gold,_GD,Gold,Jewellery,Rings,Cocktail,Brass,Gold Plated,,23.99,/242/52/224930_GD_1,224930_GD_1.jpg,none,,,,,
224983_BL,224983,Earring ATMOSPHERE Blue,_BL,Blue,Jewellery,Earrings,Stud,Thermoplastic Polyurethane,Rodhium,,5.99,/242/52/224983_BL_1,224983_BL_1.jpg,none,,,,,
224989_BL,224989,Necklace ATMOSPHERE Blue,_BL,Blue,Jewellery,Necklaces,Pendant,Cork; Thermoplastic Polyurethane; Glass; Suede,Rodhium,,10.99,/242/52/224989_BL_1,224989_BL_1.jpg,none,,,,,
224997_BL,224997,Earring ATMOSPHERE Blue,_BL,Blue,Jewellery,Earrings,Dangle,Brass; Polyester; Zinc,Rodhium,,7.99,/242/52/224997_BL_1,224997_BL_1.jpg,none,,,,,
225016_GD,225016,Earring GOLD PLATED COLLECTION Gold,_GD,Gold,Jewellery,Earrings,Stud,Stone; Brass,Gold Plated,,35.99,/242/52/225016_GD_1,225016_GD_1.jpg,none,,,,,
225026_GD,225026,Jewellery GOLD PLATED COLLECTION Gold,_GD,Gold,Jewellery,Charms,Symbol,Stone; Brass,Gold Plated,,15.99,/242/52/225026_GD_1,225026_GD_1.jpg,none,,,,,
225032_GD,225032,Necklace GOLD PLATED COLLECTION Gold,_GD,Gold,Jewellery,Necklaces,Chain,Brass,Gold Plated,,25.99,/242/52/225032_GD_1,225032_GD_1.jpg,none,,,,,
225041_BL,225041,Earring ATMOSPHERE Blue,_BL,Blue,Jewellery,Earrings,Dangle,Acrylic; Zinc,Rodhium,,5.99,/242/52/225041_BL_1,225041_BL_1.jpg,none,,,,,
206046_EC,206046,Multipurpose Purse BRENDA Ecru,_EC,Ecru,Wallet,Multipurpose Purse,Knit,Cotton; Cotton,,,15.99,/232/62/206046_EC_1,206046_EC_1.jpg,none,,,,,
207917_BL,207917,Phone Holder CHER Blue,_BL,Blue,Wallet,Phone Holder,Beads,Fiberglass,,,22.99,/232/62/207917_BL_1,207917_BL_1.jpg,none,,,,,
208015_EC,208015,Card Holder SAMANTHA Ecru,_EC,Ecru,Wallet,Card Holder,Printed PU,Polyester; Polyurethane; Polyurethane,,,9.99,/232/62/208015_EC_1,208015_EC_1.jpg,none,,,,,
208053_OR,208053,Wallet BRENDA Orange,_OR,Orange,Wallet,Wallet,Plain PU,Polyester; Polyurethane; Polyurethane,,,17.99,/232/62/208053_OR_1,208053_OR_1.jpg,none,,,,,
208078_GN,208078,Card Holder BASIC LAURINDA Green,_GN,Green,Wallet,Card Holder,Plain PU,Polyester; Polyurethane,,,7.99,/232/62/208078_GN_1,208078_GN_1.jpg,none,,,,,
208078_OR,208078,Card Holder BASIC LAURINDA Orange,_OR,Orange,Wallet,Card Holder,Plain PU,Polyester; Polyurethane,,,7.99,/232/62/208078_OR_1,208078_OR_1.jpg,none,,,,,
208211_WT,208211,Coin Purse SAMANTHA White,_WT,White,Wallet,Coin Purse,Nylon,Polyester; Polyester; Polyethylene Terephthalate,,,12.99,/232/62/208211_WT_1,208211_WT_1.jpg,none,,,,,
208721_PK,208721,Wallet SOFIA Pink,_PK,Pink,Wallet,Wallet,Plain PU,Polyester; Polyurethane; Polyurethane,,,15.99,/232/62/208721_PK_1,208721_PK_1.jpg,none,,,,,
208722_BL,208722,Wallet SOFIA Blue,_BL,Blue,Wallet,Wallet,Plain PU,Polyester; Polyurethane; Polyurethane,,,12.99,/232/62/208722_BL_1,208722_BL_1.jpg,none,,,,,
208722_WT,208722,Wallet SOFIA White,_WT,White,Wallet,Wallet,Plain PU,Polyester; Polyurethane; Polyurethane,,,12.99,/232/62/208722_WT_1,208722_WT_1.jpg,none,,,,,
208731_EC,208731,Card Holder BASIC LAURINDA Ecru,_EC,Ecru,Wallet,Card Holder,Printed PU,Polyester; Polyurethane,,,7.99,/232/62/208731_EC_1,208731_EC_1.jpg,none,,,,,
209077_BL,209077,Phone Holder GARDEN Blue,_BL,Blue,Wallet,Phone Holder,Printed PU,Polyester; Polyester; Polyurethane; Polyurethane,,,17.99,/232/62/209077_BL_1,209077_BL_1.jpg,none,,,,,
209564_GN,209564,Wallet GLICINIA Green,_GN,Green,Wallet,Wallet,Color Block,Polyester; Polyester; Polyurethane; Polyurethane; Polyurethane,,,17.99,/232/62/209564_GN_1,209564_GN_1.jpg,none,,,,,
209760_WT,209760,Card Holder CHER White,_WT,White,Wallet,Card Holder,Plain PU,Polyester; Polyurethane,,,9.99,/232/62/209760_WT_1,209760_WT_1.jpg,none,,,,,
209760_YL,209760,Card Holder CHER Yellow,_YL,Yellow,Wallet,Card Holder,Plain PU,Polyester; Polyurethane,,,9.99,/232/62/209760_YL_1,209760_YL_1.jpg,none,,,,,
209764_OR,209764,Coin Purse CHER Orange,_OR,Orange,Wallet,Coin Purse,Plain PU,Polyester; Polyurethane; Polyurethane,,,7.99,/232/62/209764_OR_1,209764_OR_1.jpg,none,,,,,
209971_EC,209971,Wallet tilda Ecru,_EC,Ecru,Wallet,Wallet,Printed PU,Polyester; Polyurethane; Polyurethane,,,17.99,/232/62/209971_EC_1,209971_EC_1.jpg,none,,,,,
210156_EC,210156,Wallet mirabel Ecru,_EC,Ecru,Wallet,Wallet,Printed PU,Polyester; Polyurethane; Polyurethane,,,15.99,/232/62/210156_EC_1,210156_EC_1.jpg,none,,,,,
210176_LL,210176,Tablet Case manolita Lilac,_LL,Lilac,Wallet,Others,Tablet Case,Polyester; Polyester; Polyurethane,,,12.99,/232/62/210176_LL_1,210176_LL_1.jpg,none,,,,,
210202_YL,210202,Wallet manolita Yellow,_YL,Yellow,Wallet,Wallet,Plain PU,Polyurethane; Polyester; Polyurethane,,,12.99,/232/62/210202_YL_1,210202_YL_1.jpg,none,,,,,
210203_PK,210203,Card Holder manolita Pink,_PK,Pink,Wallet,Card Holder,Plain PU,Polyester; Polyurethane,,,9.99,/232/62/210203_PK_1,210203_PK_1.jpg,none,,,,,
210203_SV,210203,Card Holder manolita Silver,_SV,Silver,Wallet,Card Holder,Plain PU,Polyester; Polyurethane,,,9.99,/232/62/210203_SV_1,210203_SV_1.jpg,none,,,,,
210243_GN,210243,Wallet mirabel Green,_GN,Green,Wallet,Wallet,Plain PU,Polyester; Polyurethane; Polyurethane,,,12.99,/232/62/210243_GN_1,210243_GN_1.jpg,none,,,,,
210243_SK,210243,Wallet mirabel Skin,_SK,Skin,Wallet,Wallet,Plain PU,Polyester; Polyurethane; Polyurethane,,,12.99,/232/62/210243_SK_1,210243_SK_1.jpg,none,,,,,
210251_SK,210251,Card Holder mirabel Skin,_SK,Skin,Wallet,Card Holder,Plain PU,Polyester; Polyurethane,,,12.99,/232/62/210251_SK_1,210251_SK_1.jpg,none,,,,,
210587_BK,210587,Phone Holder KLEEE Black,_BK,Black,Wallet,Phone Holder,Nylon,Polyester; Polyester,,,15.99,/232/62/210587_BK_1,210587_BK_1.jpg,none,,,,,
210587_CA,210587,Phone Holder KLEEE Camel,_CA,Camel,Wallet,Phone Holder,Nylon,Polyester; Polyester,,,15.99,/232/62/210587_CA_1,210587_CA_1.jpg,none,,,,,
210587_KK,210587,Phone Holder KLEEE Khaki,_KK,Khaki,Wallet,Phone Holder,Nylon,Polyester; Polyester,,,15.99,/232/62/210587_KK_1,210587_KK_1.jpg,none,,,,,
210587_OR,210587,Phone Holder KLEEE Orange,_OR,Orange,Wallet,Phone Holder,Nylon,Polyester; Polyester,,,15.99,/232/62/210587_OR_1,210587_OR_1.jpg,none,,,,,
210850_AU,210850,Wallet Elle Aubergine,_AU,Aubergine,Wallet,Wallet,Plain PU,Polyester; Polyurethane; Polyurethane,,,12.99,/232/62/210850_AU_1,210850_AU_1.jpg,none,,,,,
210857_AU,210857,Card Holder Elle Aubergine,_AU,Aubergine,Wallet,Card Holder,Plain PU,Polyurethane; Polyester,,,5.99,/232/62/210857_AU_1,210857_AU_1.jpg,none,,,,,
210869_HM,210869,Multipurpose Purse lara Halftone Multicolor,_HM,Halftone Multicolor,Wallet,Multipurpose Purse,Printed Nylon,Polyester; Polyester,,,9.99,/232/62/210869_HM_1,210869_HM_1.jpg,none,,,,,
210965_DM,210965,Phone Holder bjork Dark Multicolor,_DM,Dark Multicolor,Wallet,Phone Holder,Plastic,Polyurethane; Thermoplastic Polyurethane,,,15.99,/232/62/210965_DM_1,210965_DM_1.jpg,none,,,,,
211101_DM,211101,Multipurpose Purse Pam Dark Multicolor,_DM,Dark Multicolor,Wallet,Multipurpose Purse,Printed Nylon,Polyester; Polyester,,,12.99,/232/62/211101_DM_1,211101_DM_1.jpg,none,,,,,
211102_BK,211102,Wallet Pam Black,_BK,Black,Wallet,Wallet,Plain PU,Polyester; Polyurethane; Polyurethane,,,15.99,/232/62/211102_BK_1,211102_BK_1.jpg,none,,,,,
211102_GN,211102,Wallet Pam Green,_GN,Green,Wallet,Wallet,Plain PU,Polyurethane; Polyurethane; Polyester,,,15.99,/232/62/211102_GN_1,211102_GN_1.jpg,none,,,,,
211236_NV,211236,Wallet BLOOMING Navy,_NV,Navy,Wallet,Wallet,Printed PU,Polyester; Polyurethane; Polyurethane; Polyester,,,15.99,/232/62/211236_NV_1,211236_NV_1.jpg,none,,,,,
211300_BK,211300,Phone Holder POWER Black,_BK,Black,Wallet,Phone Holder,Padded PU,Polyester; Polyurethane; Polyurethane; Thermoplastic Polyurethane,,,19.99,/232/62/211300_BK_1,211300_BK_1.jpg,none,,,,,
211300_IV,211300,Phone Holder POWER Ivory,_IV,Ivory,Wallet,Phone Holder,Padded PU,Polyester; Polyurethane; Polyurethane; Thermoplastic Polyurethane,,,19.99,/232/62/211300_IV_1,211300_IV_1.jpg,none,,,,,
211359_EC,211359,Wallet irene Ecru,_EC,Ecru,Wallet,Wallet,Plain PU,Polyester; Polyurethane; Polyurethane,,,15.99,/232/62/211359_EC_1,211359_EC_1.jpg,none,,,,,
2113652BM,211365,Pencil Case irene Bright Multicolor,2BM,Bright Multicolor,Wallet,Pencil Case,Printed Nylon,Polyester; Polyester,,,12.99,/232/62/2113652BM_1,2113652BM_1.jpg,none,,,,,
211436_DG,211436,Wallet STELLA Dark Grey,_DG,Dark Grey,Wallet,Wallet,Fake Nylon,Polyester; Polyurethane; Polyurethane,,,12.99,/232/62/211436_DG_1,211436_DG_1.jpg,none,,,,,
211436_EC,211436,Wallet STELLA Ecru,_EC,Ecru,Wallet,Wallet,Fake Nylon,Polyester; Polyurethane; Polyurethane,,,12.99,/232/62/211436_EC_1,211436_EC_1.jpg,none,,,,,
211436_PU,211436,Wallet STELLA Purple,_PU,Purple,Wallet,Wallet,Fake Nylon,Polyester; Polyurethane; Polyurethane,,,12.99,/232/62/211436_PU_1,211436_PU_1.jpg,none,,,,,
211514_DM,211514,Wallet lara Dark Multicolor,_DM,Dark Multicolor,Wallet,Wallet,Printed PU,Polyester; Polyurethane; Polyurethane,,,12.99,/232/62/211514_DM_1,211514_DM_1.jpg,none,,,,,
211541_BM,211541,Wallet Portia Bright Multicolor,_BM,Bright Multicolor,Wallet,Wallet,Printed PU,Polyester; Polyurethane; Polyurethane,,,12.99,/232/62/211541_BM_1,211541_BM_1.jpg,none,,,,,
211547_BM,211547,Card Holder Portia Bright Multicolor,_BM,Bright Multicolor,Wallet,Card Holder,Printed PU,Polyester; Polyurethane,,,7.99,/232/62/211547_BM_1,211547_BM_1.jpg,none,,,,,
211555_BU,211555,Card Holder Basic Portia Burgundy,_BU,Burgundy,Wallet,Card Holder,Plain PU,Polyester; Polyurethane,,,7.99,/232/62/211555_BU_1,211555_BU_1.jpg,none,,,,,
211555_LL,211555,Card Holder Basic Portia Lilac,_LL,Lilac,Wallet,Card Holder,Plain PU,Polyester; Polyurethane,,,7.99,/232/62/211555_LL_1,211555_LL_1.jpg,none,,,,,
211557_BL,211557,Coin Purse Basic Portia Blue,_BL,Blue,Wallet,Coin Purse,Plain PU,Polyester; Polyurethane,,,7.99,/232/62/211557_BL_1,211557_BL_1.jpg,none,,,,,
211821_SK,211821,Wallet MARIGOLD 1 Skin,_SK,Skin,Wallet,Wallet,Printed Fake Nylon,Polyester; Polyester; Polyurethane; Polyurethane; Polyurethane; Polyurethane; Thermoplastic Polyurethane,,,17.99,/232/62/211821_SK_1,211821_SK_1.jpg,none,,,,,
212042_DM,212042,Multipurpose Purse kimmy Dark Multicolor,_DM,Dark Multicolor,Wallet,Multipurpose Purse,Printed Nylon,Polyester; Polyester; Silicone,,,17.99,/232/62/212042_DM_1,212042_DM_1.jpg,none,,,,,
212054_BK,212054,Phone Holder kimmy Black,_BK,Black,Wallet,Phone Holder,Nylon,Polyester; Polyester; Polyurethane,,,15.99,/232/62/212054_BK_1,212054_BK_1.jpg,none,,,,,
212380_EC,212380,Phone Holder WOOLY Ecru,_EC,Ecru,Wallet,Phone Holder,Felt,Polyester; Polyester; Polyurethane,,,17.99,/232/62/212380_EC_1,212380_EC_1.jpg,none,,,,,
212380_GY,212380,Phone Holder WOOLY Grey,_GY,Grey,Wallet,Phone Holder,Felt,Polyester; Polyester; Polyurethane,,,17.99,/232/62/212380_GY_1,212380_GY_1.jpg,none,,,,,
212380_LL,212380,Phone Holder WOOLY Lilac,_LL,Lilac,Wallet,Phone Holder,Felt,Polyester; Polyester; Polyurethane,,,17.99,/232/62/212380_LL_1,212380_LL_1.jpg,none,,,,,
212651_DM,212651,Wallet TIGER2 Dark Multicolor M,_DM,Dark Multicolor,Wallet,Wallet,Printed Nylon,Polyester; Polyester,,,17.99,/232/62/212651_DM_1,212651_DM_1.jpg,none,,,,,
212742_BK,212742,Phone Holder OLIVE Black,_BK,Black,Wallet,Phone Holder,Plain PU,Polyester; Polyester; Polyurethane; Polyurethane; Thermoplastic Polyurethane,,,17.99,/232/62/212742_BK_1,212742_BK_1.jpg,none,,,,,
212797_BK,212797,Wallet SAVANA1 Black,_BK,Black,Wallet,Wallet,Real Fur,Polyurethane; Polyurethane; Cow Leather; Polyester,,,19.99,/232/62/212797_BK_1,212797_BK_1.jpg,none,,,,,
212803_BM,212803,Notebook irene Bright Multicolor,_BM,Bright Multicolor,Wallet,Others,Notebook,Paper; Paper,,,17.99,/232/62/212803_BM_1,212803_BM_1.jpg,none,,,,,
212803_DM,212803,Notebook kimmy Dark Multicolor,_DM,Dark Multicolor,Wallet,Others,Notebook,Paper; Paper,,,17.99,/232/62/212803_DM_1,212803_DM_1.jpg,none,,,,,
212821_WT,212821,Wallet BILLIE White,_WT,White,Wallet,Wallet,Printed PU,Polyester; Polyurethane; Polyurethane,,,15.99,/232/62/212821_WT_1,212821_WT_1.jpg,none,,,,,
213210_GY,213210,Wallet VILLAGE 2 Grey,_GY,Grey,Wallet,Wallet,Printed Fake Nylon,Polyester; Polyurethane; Polyurethane,,,12.99,/232/62/213210_GY_1,213210_GY_1.jpg,none,,,,,
213428_KK,213428,Notebook Lara Stationery Khaki,_KK,Khaki,Wallet,Others,Notebook,Paper; Paper,,,9.99,/232/62/213428_KK_1,213428_KK_1.jpg,none,,,,,
213428_LL,213428,Notebook Lara Stationery Lilac,_LL,Lilac,Wallet,Others,Notebook,Paper; Paper,,,9.99,/232/62/213428_LL_1,213428_LL_1.jpg,none,,,,,
213437_BM,213437,Wallet Basic Mia Bright Multicolor,_BM,Bright Multicolor,Wallet,Wallet,Printed PU,Polyester; Polyurethane; Polyurethane,,,12.99,/232/62/213437_BM_1,213437_BM_1.jpg,none,,,,,
213470_SV,213470,Multipurpose Purse MAXI JULLIET Silver,_SV,Silver,Wallet,Multipurpose Purse,Fantasy PU,Polyamide; Polyester; Polyurethane; Polyurethane,,,17.99,/232/62/213470_SV_1,213470_SV_1.jpg,none,,,,,
213721_DM,213721,Card Holder Mia Dark Multicolor,_DM,Dark Multicolor,Wallet,Card Holder,Printed PU,Polyester; Polyurethane,,,7.99,/232/62/213721_DM_1,213721_DM_1.jpg,none,,,,,
213730_BK,213730,Multipurpose Purse Anime Black,_BK,Black,Wallet,Multipurpose Purse,Printed Nylon,Polyamide; Polyester,,,15.99,/232/62/213730_BK_1,213730_BK_1.jpg,none,,,,,
213890_BG,213890,Wallet Anime Beige,_BG,Beige,Wallet,Wallet,Plain PU,Polyester; Polyurethane; Polyurethane,,,15.99,/232/62/213890_BG_1,213890_BG_1.jpg,none,,,,,
213890_FU,213890,Wallet Anime Fuchsia,_FU,Fuchsia,Wallet,Wallet,Plain PU,Polyurethane; Polyurethane; Polyester,,,15.99,/232/62/213890_FU_1,213890_FU_1.jpg,none,,,,,
213983_DN,213983,Wallet CAMO3 Dark Green,_DN,Dark Green,Wallet,Wallet,Printed PU,Polyester; Polyurethane; Polyurethane,,,15.99,/232/62/213983_DN_1,213983_DN_1.jpg,none,,,,,
214105_BK,214105,Wallet PILAR Black,_BK,Black,Wallet,Wallet,Plain PU,Polyester; Polyurethane; Polyurethane,,,12.99,/232/62/214105_BK_1,214105_BK_1.jpg,none,,,,,
214105_LM,214105,Wallet PILAR Lime,_LM,Lime,Wallet,Wallet,Plain PU,Polyurethane; Polyurethane; Polyester,,,12.99,/232/62/214105_LM_1,214105_LM_1.jpg,none,,,,,
214204_DM,214204,Coin Purse Avril Dark Multicolor,_DM,Dark Multicolor,Wallet,Coin Purse,Fake Fur,Polyester; Polyester,,,9.99,/232/62/214204_DM_1,214204_DM_1.jpg,none,,,,,
214204_WT,214204,Coin Purse Avril White,_WT,White,Wallet,Coin Purse,Fake Fur,Polyester; Polyester,,,9.99,/232/62/214204_WT_1,214204_WT_1.jpg,none,,,,,
214205_DM,214205,Phone Holder Avril Dark Multicolor,_DM,Dark Multicolor,Wallet,Phone Holder,Fake Fur,Polyester; Polyester; Polyurethane; Polyurethane,,,15.99,/232/62/214205_DM_1,214205_DM_1.jpg,none,,,,,
214251_EC,214251,Phone Holder EARLYBIRD Ecru,_EC,Ecru,Wallet,Phone Holder,Printed PU,Polyester; Polyurethane; Polyurethane,Silver,,17.99,/241/62/214251_EC_1,214251_EC_1.jpg,none,,,,,
214309_BK,214309,Phone Holder doja Black,_BK,Black,Wallet,Phone Holder,Nylon,Polyamide; Polyester,,,15.99,/241/62/214309_BK_1,214309_BK_1.jpg,none,,,,,
214309_MD,214309,Phone Holder doja Mustard,_MD,Mustard,Wallet,Phone Holder,Nylon,Polyamide; Polyester,,,15.99,/241/62/214309_MD_1,214309_MD_1.jpg,none,,,,,
214311_PK,214311,Multipurpose Purse doja Pink,_PK,Pink,Wallet,Multipurpose Purse,Nylon,Polyamide; Polyester; Polyurethane,,,15.99,/241/62/214311_PK_1,214311_PK_1.jpg,none,,,,,
214342_BG,214342,Wallet doja Beige,_BG,Beige,Wallet,Wallet,Peach PU,Polyester; Polyurethane; Polyurethane,,,15.99,/232/62/214342_BG_1,214342_BG_1.jpg,none,,,,,
214342_BK,214342,Wallet doja Black,_BK,Black,Wallet,Wallet,Peach PU,Polyester; Polyurethane; Polyurethane,,,15.99,/232/62/214342_BK_2y,214342_BK_2y.jpg,none,,,,,
214342_MD,214342,Wallet doja Mustard,_MD,Mustard,Wallet,Wallet,Peach PU,Polyester; Polyurethane; Polyurethane,,,15.99,/232/62/214342_MD_1,214342_MD_1.jpg,none,,,,,
214491_DM,214491,Phone Holder BOOMER3 Dark Multicolor,_DM,Dark Multicolor,Wallet,Phone Holder,Printed PU,Polyester; Polyurethane; Polyurethane,,,15.99,/232/62/214491_DM_1,214491_DM_1.jpg,none,,,,,
214772_DP,214772,Wallet Basic maude Dark Pink,_DP,Dark Pink,Wallet,Wallet,Plain PU,Polyester; Polyurethane; Polyurethane,,,10.99,/232/62/214772_DP_1,214772_DP_1.jpg,none,,,,,
214833_BM,214833,Coin Purse Basic maude Bright Multicolor,_BM,Bright Multicolor,Wallet,Coin Purse,Printed PU,Polyester; Polyurethane,,,7.99,/232/62/214833_BM_2y,214833_BM_2y.jpg,none,,,,,
215150_BK,215150,Phone Holder gina Black,_BK,Black,Wallet,Phone Holder,Real Fur,Cow Leather; Polyester; Polyurethane; Polyurethane,,,27.99,/232/62/215150_BK_1,215150_BK_1.jpg,none,,,,,
215150_DM,215150,Phone Holder gina Dark Multicolor,_DM,Dark Multicolor,Wallet,Phone Holder,Real Fur,Cow Leather; Polyester; Polyurethane; Polyurethane,,,27.99,/232/62/215150_DM_2y,215150_DM_2y.jpg,none,,,,,
215175_PK,215175,Wallet BASIC SIDNEY Pink,_PK,Pink,Wallet,Wallet,Plain PU,Polyester; Polyurethane; Polyurethane,,,10.99,/241/62/215175_PK_1,215175_PK_1.jpg,none,,,,,
215178_AQ,215178,Card Holder BASIC SIDNEY Aquamarine,_AQ,Aquamarine,Wallet,Card Holder,Plain PU,Polyester; Polyurethane,,,7.99,/241/62/215178_AQ_1,215178_AQ_1.jpg,none,,,,,
215178_EC,215178,Card Holder BASIC SIDNEY Ecru,_EC,Ecru,Wallet,Card Holder,Plain PU,Polyester; Polyurethane,,,7.99,/241/62/215178_EC_1,215178_EC_1.jpg,none,,,,,
215217_GY,215217,Wallet MISCHA Grey,_GY,Grey,Wallet,Wallet,Real Suede,Copper; Cow Leather; Polyester; Polyurethane; Zinc,,Leather,17.99,/241/62/215217_GY_2y,215217_GY_2y.jpg,none,,,,,
215246_PM,215246,Coin Purse SIDNEY Pastel Multicolor,_PM,Pastel Multicolor,Wallet,Coin Purse,Printed PU,Polyester; Polyurethane,,,7.99,/241/62/215246_PM_2y,215246_PM_2y.jpg,none,,,,,
215458_BL,215458,Wallet AUBERY Blue,_BL,Blue,Wallet,Wallet,Peach PU,Polyester; Polyurethane; Polyurethane; Thermoplastic Polyurethane,,,15.99,/241/62/215458_BL_1,215458_BL_1.jpg,none,,,,,
215481_DM,215481,Card Holder AUBERY Dark Multicolor,_DM,Dark Multicolor,Wallet,Card Holder,Printed PU,Polyester; Polyurethane; Polyurethane; Thermoplastic Polyurethane,,,9.99,/241/62/215481_DM_2y,215481_DM_2y.jpg,none,,,,,
215482_EC,215482,Card Holder AUBERY Ecru,_EC,Ecru,Wallet,Card Holder,Peach PU,Polyester; Polyurethane; Thermoplastic Polyurethane,,,7.99,/241/62/215482_EC_1,215482_EC_1.jpg,none,,,,,
215482_PK,215482,Card Holder AUBERY Pink,_PK,Pink,Wallet,Card Holder,Peach PU,Polyester; Polyurethane; Thermoplastic Polyurethane,,,7.99,/241/62/215482_PK_1,215482_PK_1.jpg,none,,,,,
215862_EC,215862,Wallet MISCHA Ecru,_EC,Ecru,Wallet,Wallet,Plain PU,Polyester; Polyurethane; Polyurethane,,,12.99,/241/62/215862_EC_1,215862_EC_1.jpg,none,,,,,
216049_BM,216049,Card Holder BASIC SIDNEY Bright Multicolor,_BM,Bright Multicolor,Wallet,Card Holder,Printed PU,Polyester; Polyurethane; Polyurethane; Thermoplastic Polyurethane,,,9.99,/241/62/216049_BM_1,216049_BM_1.jpg,none,,,,,
216120_PK,216120,Wallet ELLIOT Pink,_PK,Pink,Wallet,Wallet,Animal Embossed PU,Polyester; Polyurethane; Polyurethane; Thermoplastic Polyurethane,,,12.99,/241/62/216120_PK_1,216120_PK_1.jpg,none,,,,,
216348_BM,216348,Wallet ELLIOT Bright Multicolor,_BM,Bright Multicolor,Wallet,Wallet,Printed PU,Polyester; Polyurethane; Polyurethane; Thermoplastic Polyurethane,,,12.99,/241/62/216348_BM_1,216348_BM_1.jpg,none,,,,,
216363_FU,216363,Wallet MAGIK LOVE Fuchsia,_FU,Fuchsia,Wallet,Wallet,Printed PU,Polyester; Polyester; Polyurethane; Polyurethane; Polyurethane,,,12.99,/241/62/216363_FU_1,216363_FU_1.jpg,none,,,,,
216549_BL,216549,Wallet ROY Blue,_BL,Blue,Wallet,Wallet,Color Block,Polyester; Polyurethane; Polyurethane; Thermoplastic Polyurethane,Silver,,17.99,/241/62/216549_BL_1,216549_BL_1.jpg,none,,,,,
216549_CA,216549,Wallet ROY Camel,_CA,Camel,Wallet,Wallet,Color Block,Polyester; Polyurethane; Polyurethane; Thermoplastic Polyurethane,Silver,,17.99,/241/62/216549_CA_1,216549_CA_1.jpg,none,,,,,
216553_FU,216553,Wallet ROY Fuchsia,_FU,Fuchsia,Wallet,Wallet,Printed PU,Polyester; Polyester; Polyurethane; Polyurethane; Polyurethane; Thermoplastic Polyurethane,,,12.99,/241/62/216553_FU_1,216553_FU_1.jpg,none,,,,,
216580_BM,216580,Coin Purse TETE Bright Multicolor,_BM,Bright Multicolor,Wallet,Coin Purse,Printed PU,Polyester; Polyurethane,,,7.99,/241/62/216580_BM_1,216580_BM_1.jpg,none,,,,,
216600_BK,216600,Phone Holder FIRE2 Black,_BK,Black,Wallet,Phone Holder,Nylon,Aluminium; Polyester; Polyester; Polyester; Polyurethane; Silicone,,,17.99,/241/62/216600_BK_2y,216600_BK_2y.jpg,none,,,,,
216600_GN,216600,Phone Holder FIRE2 Green,_GN,Green,Wallet,Phone Holder,Nylon,Aluminium; Polyester; Polyester; Polyester; Polyurethane; Silicone,,,17.99,/241/62/216600_GN_1,216600_GN_1.jpg,none,,,,,
216601_GN,216601,Coin Purse FIRE2 Green,_GN,Green,Wallet,Coin Purse,Nylon,Polyester; Polyester; Polyurethane,,,12.99,/241/62/216601_GN_2y,216601_GN_2y.jpg,none,,,,,
216610_EC,216610,Wallet JACKIE Ecru,_EC,Ecru,Wallet,Wallet,Printed PU,Polyester; Polyurethane; Polyurethane,,,12.99,/241/62/216610_EC_1,216610_EC_1.jpg,none,,,,,
216619_PK,216619,Multipurpose Purse JACKIE Pink,_PK,Pink,Wallet,Multipurpose Purse,Printed PU,Polyester; Polyester; Polyethylene; Polyethylene,,,12.99,/241/62/216619_PK_1,216619_PK_1.jpg,none,,,,,
216767_PK,216767,Jewellery Case AUBERY Pink,_PK,Pink,Wallet,Others,Jewellery Case,Polyester; Polyurethane; Polyurethane,,,15.99,/241/62/216767_PK_1,216767_PK_1.jpg,none,,,,,
216871_BM,216871,Wallet BASIC JULIETA Bright Multicolor,_BM,Bright Multicolor,Wallet,Wallet,Printed PU,Polyester; Polyurethane; Polyurethane,,,10.99,/241/62/216871_BM_1,216871_BM_1.jpg,none,,,,,
216882_LK,216882,Coin Purse BASIC JULIETA Light Pink,_LK,Light Pink,Wallet,Coin Purse,Plain PU,Polyester; Polyurethane,,,7.99,/241/62/216882_LK_1,216882_LK_1.jpg,none,,,,,
217035_BG,217035,Wallet GEORGIA Beige,_BG,Beige,Wallet,Wallet,Fake straw,Polyester; Polypropylene; Polyurethane; Polyurethane; Thermoplastic Polyurethane,,,15.99,/241/62/217035_BG_1,217035_BG_1.jpg,none,,,,,
217035_KK,217035,Wallet GEORGIA Khaki,_KK,Khaki,Wallet,Wallet,Fake straw,Polyester; Polypropylene; Polyurethane; Polyurethane; Thermoplastic Polyurethane,,,15.99,/241/62/217035_KK_1,217035_KK_1.jpg,none,,,,,
217057_SV,217057,Coin Purse SILVERSURFER2 Silver,_SV,Silver,Wallet,Coin Purse,Fantasy PU,Polyester; Polyurethane,,,5.99,/241/62/217057_SV_1,217057_SV_1.jpg,none,,,,,
217089_BK,217089,Wallet HIVE Black,_BK,Black,Wallet,Wallet,Fantasy PU,Polyester; Polyurethane; Polyurethane,,,12.99,/241/62/217089_BK_1,217089_BK_1.jpg,none,,,,,
217089_CA,217089,Wallet HIVE Camel,_CA,Camel,Wallet,Wallet,Fantasy PU,Polyester; Polyurethane; Polyurethane,,,12.99,/241/62/217089_CA_1,217089_CA_1.jpg,none,,,,,
217089_OW,217089,Wallet HIVE Off White,_OW,Off White,Wallet,Wallet,Fantasy PU,Polyester; Polyurethane; Polyurethane,,,12.99,/241/62/217089_OW_1,217089_OW_1.jpg,none,,,,,
217173_BM,217173,Wallet celia Bright Multicolor,_BM,Bright Multicolor,Wallet,Wallet,Printed PU,Polyester; Polyurethane; Polyurethane; Thermoplastic Polyurethane,,,15.99,/241/62/217173_BM_1,217173_BM_1.jpg,none,,,,,
217183_EC,217183,Phone Holder celia Ecru,_EC,Ecru,Wallet,Phone Holder,Peach PU,Polyester; Polyurethane; Polyurethane,,,17.99,/241/62/217183_EC_1,217183_EC_1.jpg,none,,,,,
217253_PK,217253,Notebook venus Pink,_PK,Pink,Wallet,Others,Notebook,Paper; Polyethylene,,,17.99,/241/62/217253_PK_1,217253_PK_1.jpg,none,,,,,
217270_BG,217270,Wallet venus Beige,_BG,Beige,Wallet,Wallet,Peach PU,Polycarbonate; Polyester; Polyester; Polyurethane; Polyurethane; Polyurethane,,,15.99,/241/62/217270_BG_1,217270_BG_1.jpg,none,,,,,
217270_PK,217270,Wallet venus Pink,_PK,Pink,Wallet,Wallet,Peach PU,Polyurethane; Polyurethane; Polycarbonate; Polyester; Polyester; Polyurethane,,,15.99,/241/62/217270_PK_1,217270_PK_1.jpg,none,,,,,
217279_AQ,217279,Coin Purse venus Aquamarine,_AQ,Aquamarine,Wallet,Coin Purse,Nylon,Polyester; Polyester; Resin,,,7.99,/241/62/217279_AQ_1,217279_AQ_1.jpg,none,,,,,
217409_GN,217409,Wallet FLEUR Green,_GN,Green,Wallet,Wallet,Printed PU,Polyester; Polyurethane; Polyurethane,,,12.99,/241/62/217409_GN_1,217409_GN_1.jpg,none,,,,,
217892_BM,217892,Wallet LIV Bright Multicolor,_BM,Bright Multicolor,Wallet,Wallet,Embroidery,Polyester; Polyester; Polymethylmethacrylate; Polyurethane; Polyurethane,,,17.99,/241/62/217892_BM_1,217892_BM_1.jpg,none,,,,,
217898_BM,217898,Wallet LIV Bright Multicolor,_BM,Bright Multicolor,Wallet,Wallet,Embroidery,Polyester; Polyester; Polyurethane; Polyurethane; Thermoplastic Polyurethane,,,15.99,/241/62/217898_BM_1,217898_BM_1.jpg,none,,,,,
217927_DM,217927,Wallet FLORENCE Dark Multicolor,_DM,Dark Multicolor,Wallet,Wallet,Printed PU,Polyester; Polyurethane; Polyurethane,,,10.99,/241/62/217927_DM_1,217927_DM_1.jpg,none,,,,,
217942_KK,217942,Coin Purse BASIC JOANINHA Khaki,_KK,Khaki,Wallet,Coin Purse,Plain PU,Polyester; Polyurethane,,,7.99,/242/62/217942_KK_1,217942_KK_1.jpg,none,,,,,
217953_LM,217953,Card Holder BASIC FLORENCE Lime,_LM,Lime,Wallet,Card Holder,Plain PU,Polyester; Polyurethane,,,7.99,/241/62/217953_LM_1,217953_LM_1.jpg,none,,,,,
217953_WT,217953,Card Holder BASIC FLORENCE White,_WT,White,Wallet,Card Holder,Plain PU,Polyester; Polyurethane,,,7.99,/241/62/217953_WT_1,217953_WT_1.jpg,none,,,,,
217958_PM,217958,Coin Purse BASIC FLORENCE Pastel Multicolor,_PM,Pastel Multicolor,Wallet,Coin Purse,Printed PU,Polyester; Polyurethane,,,7.99,/241/62/217958_PM_1,217958_PM_1.jpg,none,,,,,
217990_BL,217990,Phone Holder SMILE Blue,_BL,Blue,Wallet,Phone Holder,Denim,Polyester; Polyester; Polyurethane; Polyurethane,,,15.99,/241/62/217990_BL_1,217990_BL_1.jpg,none,,,,,
218008_OR,218008,Wallet MONICA Orange,_OR,Orange,Wallet,Wallet,Plain PU,Polyester; Polyurethane; Polyurethane,,,10.99,/241/62/218008_OR_1,218008_OR_1.jpg,none,,,,,
218128_BM,218128,Wallet MADEIRA Bright Multicolor,_BM,Bright Multicolor,Wallet,Wallet,Printed PU,Polyester; Polyurethane; Polyurethane,,,12.99,/241/62/218128_BM_1,218128_BM_1.jpg,none,,,,,
218133_BM,218133,Card Holder MADEIRA Bright Multicolor,_BM,Bright Multicolor,Wallet,Card Holder,Printed PU,Polyester; Polyurethane,,,9.99,/241/62/218133_BM_1,218133_BM_1.jpg,none,,,,,
218154_EC,218154,Card Holder LE SUD Ecru,_EC,Ecru,Wallet,Card Holder,Plain PU,Polyester; Polyurethane; Silicone,,,7.99,/241/62/218154_EC_1,218154_EC_1.jpg,none,,,,,
218154_KK,218154,Card Holder LE SUD Khaki,_KK,Khaki,Wallet,Card Holder,Plain PU,Polyester; Polyurethane; Silicone,,,7.99,/241/62/218154_KK_1,218154_KK_1.jpg,none,,,,,
218154_TQ,218154,Card Holder LE SUD Turquoise,_TQ,Turquoise,Wallet,Card Holder,Plain PU,Polyester; Polyurethane; Silicone,,,7.99,/241/62/218154_TQ_1,218154_TQ_1.jpg,none,,,,,
218157_PM,218157,Multipurpose Purse LE SUD Pastel Multicolor,_PM,Pastel Multicolor,Wallet,Multipurpose Purse,Printed Nylon,Polyamide; Polyester; Silicone,,,15.99,/241/62/218157_PM_1,218157_PM_1.jpg,none,,,,,
218163_PK,218163,Wallet LE SUD Pink,_PK,Pink,Wallet,Wallet,Plain PU,Polyester; Polyurethane; Polyurethane,,,12.99,/241/62/218163_PK_1,218163_PK_1.jpg,none,,,,,
218277_CL,218277,Phone Holder FLOWER PATCH Coral,_CL,Coral,Wallet,Phone Holder,Color Block,Polyester; Polyurethane; Polyurethane,Light Golden,,17.99,/241/62/218277_CL_1,218277_CL_1.jpg,none,,,,,
218406_GN,218406,Computer Case CUPIDO2 Green,_GN,Green,Wallet,Others,Computer Case,Polyester; Polyurethane,Light Golden,,17.99,/241/62/218406_GN_1,218406_GN_1.jpg,none,,,,,
218406_OR,218406,Computer Case CUPIDO2 Orange,_OR,Orange,Wallet,Others,Computer Case,Polyester; Polyurethane,Light Golden,,17.99,/241/62/218406_OR_1,218406_OR_1.jpg,none,,,,,
218528_SV,218528,Coin Purse PICASSO2 Silver,_SV,Silver,Wallet,Coin Purse,Fantasy Fabric,Polyamide; Polyester,,,12.99,/241/62/218528_SV_1,218528_SV_1.jpg,none,,,,,
218839_PK,218839,Card Holder BASIC JOANINHA Pink,_PK,Pink,Wallet,Card Holder,Plain PU,Polyester; Polystyrene,,,7.99,/242/62/218839_PK_1,218839_PK_1.jpg,none,,,,,
218924_PK,218924,Wallet MAMMINA Pink,_PK,Pink,Wallet,Wallet,Printed Fake Nylon,Polyester; Polyester; Polyurethane; Polyurethane,,,15.99,/241/62/218924_PK_1,218924_PK_1.jpg,none,,,,,
219461_CA,219461,Wallet ROSANA Camel,_CA,Camel,Wallet,Wallet,Plain PU,Polyester; Polyurethane; Polyurethane; Thermoplastic Polyurethane,,,17.99,/242/62/219461_CA_1,219461_CA_1.jpg,none,,,,,
219555_TL,219555,Wallet TAYLOR Teal,_TL,Teal,Wallet,Wallet,Animal Embossed PU,Polyester; Polyurethane; Polyurethane,,,15.99,/241/62/219555_TL_1,219555_TL_1.jpg,none,,,,,
219559_EC,219559,Wallet TAYLOR Ecru,_EC,Ecru,Wallet,Wallet,Animal Embossed PU,Polyester; Polyurethane; Polyurethane,,,15.99,/241/62/219559_EC_1,219559_EC_1.jpg,none,,,,,
219559_YL,219559,Wallet TAYLOR Yellow,_YL,Yellow,Wallet,Wallet,Animal Embossed PU,Polyester; Polyurethane; Polyurethane,,,15.99,/241/62/219559_YL_1,219559_YL_1.jpg,none,,,,,
219583_BL,219583,Phone Holder CARIBE Blue,_BL,Blue,Wallet,Phone Holder,Patchwork,Cotton; Polyester; Polyester; Polyurethane; Polyurethane; Thermoplastic Polyurethane,Silver,,17.99,/241/62/219583_BL_1,219583_BL_1.jpg,none,,,,,
219606_CA,219606,Wallet PATTY Camel,_CA,Camel,Wallet,Wallet,Fake straw,Polyester; Polyester; Polyester; Polyester; Polypropylene; Polyurethane; Polyurethane; Polyethylene,,,12.99,/241/62/219606_CA_1,219606_CA_1.jpg,none,,,,,
219749_BM,219749,Phone Holder ROSANA Bright Multicolor,_BM,Bright Multicolor,Wallet,Phone Holder,Paper straw,Cotton; Cotton; Nylon; Paper; Polyester; Polyurethane; Viscose,,,17.99,/242/62/219749_BM_1,219749_BM_1.jpg,none,,,,,
219846_LB,219846,Multipurpose Purse SELMA Light Blue,_LB,Light Blue,Wallet,Multipurpose Purse,Nylon,Polyamide; Polyamide,,,15.99,/241/62/219846_LB_1,219846_LB_1.jpg,none,,,,,
220136_WT,220136,Phone Holder STRAWBERRY White,_WT,White,Wallet,Phone Holder,Printed PU,Polyester; Polyurethane; Polyurethane,Silver,,17.99,/242/62/220136_WT_1,220136_WT_1.jpg,none,,,,,
220307_BM,220307,Wallet loretta Bright Multicolor,_BM,Bright Multicolor,Wallet,Wallet,Printed PU,Polyester; Polyurethane; Polyurethane; Thermoplastic Polyurethane,,,17.99,/242/62/220307_BM_1,220307_BM_1.jpg,none,,,,,
220442_PK,220442,Multipurpose Purse HILTON Pink,_PK,Pink,Wallet,Multipurpose Purse,Nylon,Polyester; Polyester,,,17.99,/241/62/220442_PK_1,220442_PK_1.jpg,none,,,,,
220444_BG,220444,Multipurpose Purse HILTON Beige,_BG,Beige,Wallet,Multipurpose Purse,Nylon,Polyester; Silicone; Polyamide,,,17.99,/241/62/220444_BG_1,220444_BG_1.jpg,none,,,,,
220444_BK,220444,Multipurpose Purse HILTON Black,_BK,Black,Wallet,Multipurpose Purse,Nylon,Polyamide; Polyester; Polyester,,,17.99,/241/62/220444_BK_1,220444_BK_1.jpg,none,,,,,
220941_BG,220941,Wallet BASIC DANI Beige,_BG,Beige,Wallet,Wallet,Plain PU,Polyester; Polyurethane; Polyurethane; Thermoplastic Polyurethane,,,17.99,/242/62/220941_BG_1,220941_BG_1.jpg,none,,,,,
220947_LL,220947,Card Holder loretta Lilac,_LL,Lilac,Wallet,Card Holder,Plain PU,Polyurethane; Polyester,,,7.99,/242/62/220947_LL_1,220947_LL_1.jpg,none,,,,,
220947_YL,220947,Card Holder BASIC DANI Yellow,_YL,Yellow,Wallet,Card Holder,Plain PU,Polyester; Polyurethane,,,7.99,/242/62/220947_YL_2y,220947_YL_2y.jpg,none,,,,,
221141_BK,221141,Phone Holder BLOW Black,_BK,Black,Wallet,Phone Holder,Plain PU,Polyester; Polyurethane; Polyurethane,Light Golden,,17.99,/242/62/221141_BK_1,221141_BK_1.jpg,none,,,,,
221141_EC,221141,Phone Holder BLOW Ecru,_EC,Ecru,Wallet,Phone Holder,Plain PU,Polyester; Polyurethane; Polyurethane,Light Golden,,17.99,/242/62/221141_EC_1,221141_EC_1.jpg,none,,,,,
221141_SV,221141,Phone Holder BLOW Silver,_SV,Silver,Wallet,Phone Holder,Plain PU,Polyester; Polyurethane; Polyurethane,Light Golden,,17.99,/242/62/221141_SV_1,221141_SV_1.jpg,none,,,,,
221175NC,221175,Phone Holder WOODY3 Natural Color,NC,Natural Color,Wallet,Phone Holder,Fake straw,Cotton; Polyester; Polyester; Polypropylene; Polyurethane; Polyurethane,,,19.99,/242/62/221175NC_1,221175NC_1.jpg,none,,,,,
221201_BM,221201,Phone Holder CONSUELO Bright Multicolor,_BM,Bright Multicolor,Wallet,Phone Holder,Knit,Polyester; Polyester; Polyurethane; Silicone,,,19.99,/242/62/221201_BM_1,221201_BM_1.jpg,none,,,,,
221234_BM,221234,Phone Holder BASIC DIANA Bright Multicolor,_BM,Bright Multicolor,Wallet,Phone Holder,Printed PU,Polyester; Polyurethane; Polyurethane; Thermoplastic Polyurethane,,,17.99,/242/62/221234_BM_1,221234_BM_1.jpg,none,,,,,
221434_CA,221434,Wallet ULLA Camel,_CA,Camel,Wallet,Wallet,Fantasy PU,Polyester; Polyurethane; Polyurethane; Thermoplastic Polyurethane,,,15.99,/242/62/221434_CA_1,221434_CA_1.jpg,none,,,,,
221584_GD,221584,Coin Purse SELVA2 Gold,_GD,Gold,Wallet,Coin Purse,Fantasy Fabric,Polyamide; Polyester; Polyurethane,,,12.99,/241/62/221584_GD_1,221584_GD_1.jpg,none,,,,,
221678_GN,221678,Phone Holder FLORA Green,_GN,Green,Wallet,Phone Holder,Color Block,Polyester; Polyurethane; Polyurethane,Silver,,17.99,/242/62/221678_GN_1,221678_GN_1.jpg,none,,,,,
221678_PK,221678,Phone Holder FLORA Pink,_PK,Pink,Wallet,Phone Holder,Color Block,Polyester; Polyurethane; Polyurethane,Silver,,17.99,/242/62/221678_PK_1,221678_PK_1.jpg,none,,,,,
221688_GN,221688,Card Holder FLORA Green,_GN,Green,Wallet,Card Holder,Printed PU,Polyester; Polyurethane; Polyurethane,Silver,,9.99,/242/62/221688_GN_1,221688_GN_1.jpg,none,,,,,
221737_PK,221737,Card Holder MARTHA Pink,_PK,Pink,Wallet,Card Holder,Plain PU,Polyester; Polyurethane; Polyurethane,,,9.99,/242/62/221737_PK_1,221737_PK_1.jpg,none,,,,,
221802_PM,221802,Multipurpose Purse MARTHA Pastel Multicolor,_PM,Pastel Multicolor,Wallet,Multipurpose Purse,Nylon,Polyamide; Polyester; Polyester; Polyurethane,,,15.99,/242/62/221802_PM_1,221802_PM_1.jpg,none,,,,,
221858_BG,221858,Phone Holder NATALIA Beige,_BG,Beige,Wallet,Phone Holder,Fake Nylon,Polyester; Polyurethane; Polyurethane,,,15.99,/242/62/221858_BG_1,221858_BG_1.jpg,none,,,,,
221858_EC,221858,Phone Holder NATALIA Ecru,_EC,Ecru,Wallet,Phone Holder,Fake Nylon,Polyester; Polyurethane; Polyurethane,,,15.99,/242/62/221858_EC_1,221858_EC_1.jpg,none,,,,,
222187_BM,222187,Multipurpose Purse OMARA Bright Multicolor,_BM,Bright Multicolor,Wallet,Multipurpose Purse,Printed Nylon,Polyester; Polyester; Polyurethane,,,12.99,/242/62/222187_BM_1,222187_BM_1.jpg,none,,,,,
222268_NV,222268,Phone Holder PALMS Navy,_NV,Navy,Wallet,Phone Holder,Printed PU,Polyester; Polyurethane; Polyurethane; Thermoplastic Polyurethane; Thermoplastic Polyurethane,Silver,,17.99,/242/62/222268_NV_1,222268_NV_1.jpg,none,,,,,
222286_EC,222286,Card Holder OMARA Ecru,_EC,Ecru,Wallet,Card Holder,Plain PU,Polyurethane; Thermoplastic Polyurethane; Polyester; Polyurethane,,,12.99,/242/62/222286_EC_1,222286_EC_1.jpg,none,,,,,
222286_PK,222286,Card Holder OMARA Pink,_PK,Pink,Wallet,Card Holder,Plain PU,Polyester; Polyurethane; Polyurethane; Thermoplastic Polyurethane,,,12.99,/242/62/222286_PK_1,222286_PK_1.jpg,none,,,,,
222289_BL,222289,Phone Holder OMARA Blue,_BL,Blue,Wallet,Phone Holder,Plain PU,Polyester; Polyurethane; Polyurethane,,,19.99,/242/62/222289_BL_1,222289_BL_1.jpg,none,,,,,
222294_BM,222294,Phone Holder OMARA Bright Multicolor,_BM,Bright Multicolor,Wallet,Phone Holder,Printed Nylon,Polyester; Polyester,,,17.99,/242/62/222294_BM_1,222294_BM_1.jpg,none,,,,,
222423_PK,222423,Multipurpose Purse MARTINA Pink,_PK,Pink,Wallet,Multipurpose Purse,Nylon,Polyester; Polyester,,,12.99,/242/62/222423_PK_1,222423_PK_1.jpg,none,,,,,
222427_CA,222427,Wallet MARTINA Camel,_CA,Camel,Wallet,Wallet,Peach PU,Polyester; Polyester; Polyurethane; Polyurethane; Polyurethane; Thermoplastic Polyurethane; Thermoplastic Polyurethane,,,15.99,/242/62/222427_CA_1,222427_CA_1.jpg,none,,,,,
222427_EC,222427,Wallet MARTINA Ecru,_EC,Ecru,Wallet,Wallet,Peach PU,Polyester; Polyester; Polyurethane; Polyurethane; Polyurethane; Thermoplastic Polyurethane; Thermoplastic Polyurethane,,,15.99,/242/62/222427_EC_1,222427_EC_1.jpg,none,,,,,
222439_BM,222439,Multipurpose Purse ALEK Bright Multicolor,_BM,Bright Multicolor,Wallet,Multipurpose Purse,Printed Nylon,Polyester; Polyurethane; Thermoplastic Polyurethane; Polyester,,,19.99,/242/62/222439_BM_1,222439_BM_1.jpg,none,,,,,
222447_DM,222447,Wallet ALEK Dark Multicolor,_DM,Dark Multicolor,Wallet,Wallet,Printed PU,Polyester; Polyurethane; Polyurethane,,,12.99,/242/62/222447_DM_1,222447_DM_1.jpg,none,,,,,
222455_BM,222455,Card Holder ALEK Bright Multicolor,_BM,Bright Multicolor,Wallet,Card Holder,Printed Nylon,Polyester; Polyester,,,9.99,/242/62/222455_BM_1,222455_BM_1.jpg,none,,,,,
222455_DM,222455,Card Holder ALEK Dark Multicolor,_DM,Dark Multicolor,Wallet,Card Holder,Printed Nylon,Polyester; Polyester,,,9.99,/242/62/222455_DM_1,222455_DM_1.jpg,none,,,,,
222459_BK,222459,Computer Case ALEK Black,_BK,Black,Wallet,Others,Computer Case,Polyester; Polyester,,,22.99,/242/62/222459_BK_1,222459_BK_1.jpg,none,,,,,
222569_KK,222569,Wallet GRACE Khaki,_KK,Khaki,Wallet,Wallet,Plain PU,Polyurethane; Thermoplastic Polyurethane; Polyester; Polyurethane,,,15.99,/242/62/222569_KK_1,222569_KK_1.jpg,none,,,,,
222576_KK,222576,Phone Holder GRACE Khaki,_KK,Khaki,Wallet,Phone Holder,Plain PU,Polyester; Polyurethane,,,17.99,/242/62/222576_KK_1,222576_KK_1.jpg,none,,,,,
222581_DM,222581,Card Holder GRACE Dark Multicolor,_DM,Dark Multicolor,Wallet,Card Holder,Printed PU,Polyester; Polyurethane,,,7.99,/242/62/222581_DM_1,222581_DM_1.jpg,none,,,,,
222849_BM,222849,Coin Purse MARTINA Bright Multicolor,_BM,Bright Multicolor,Wallet,Coin Purse,Printed Nylon,Polyester; Polyester; Polyurethane,,,12.99,/242/62/222849_BM_1,222849_BM_1.jpg,none,,,,,
222958_BK,222958,Phone Holder JACKSON 2 Black,_BK,Black,Wallet,Phone Holder,Nylon,Polyurethane; Polyester; Polyester,,,15.99,/242/62/222958_BK_1,222958_BK_1.jpg,none,,,,,
222958_TU,222958,Phone Holder JACKSON 2 Taupe,_TU,Taupe,Wallet,Phone Holder,Nylon,Polyurethane; Polyester; Polyester,,,15.99,/242/62/222958_TU_1,222958_TU_1.jpg,none,,,,,
223171_BU,223171,Wallet BASIC DIANA Burgundy,_BU,Burgundy,Wallet,Wallet,Plain PU,Polyester; Polyurethane; Polyurethane; Thermoplastic Polyurethane,,,15.99,/242/62/223171_BU_1,223171_BU_1.jpg,none,,,,,
223214_WT,223214,Card Holder DALMATA2 White,_WT,White,Wallet,Card Holder,Printed Nylon,Cotton; Polyester; Polyurethane,,,12.99,/242/62/223214_WT_1,223214_WT_1.jpg,none,,,,,
223368_BM,223368,Card Holder ZIMBA3 Bright Multicolor,_BM,Bright Multicolor,Wallet,Card Holder,Real Fur,Polyester; Cow Leather; Polyurethane; Polyurethane,,,15.99,/242/62/223368_BM_1,223368_BM_1.jpg,none,,,,,
223428_BK,223428,Phone Holder LOHAN Black,_BK,Black,Wallet,Phone Holder,Plain PU,Polyurethane; Polyurethane; Polyester,Light Golden,,17.99,/242/62/223428_BK_1,223428_BK_1.jpg,none,,,,,
223428_EC,223428,Phone Holder LOHAN Ecru,_EC,Ecru,Wallet,Phone Holder,Plain PU,Polyurethane; Polyurethane; Polyester,Light Golden,,17.99,/242/62/223428_EC_1,223428_EC_1.jpg,none,,,,,
223628_BK,223628,Phone Holder LEO2 Black,_BK,Black,Wallet,Phone Holder,Nylon,Polyester; Polyester; Polyurethane,Silver,,17.99,/242/62/223628_BK_1,223628_BK_1.jpg,none,,,,,
224005_BK,224005,Wallet CORDY Black,_BK,Black,Wallet,Wallet,Knit,Polyurethane; Polyurethane; Polyester; Polyester,,,15.99,/242/62/224005_BK_1,224005_BK_1.jpg,none,,,,,
224005_BL,224005,Wallet CORDY Blue,_BL,Blue,Wallet,Wallet,Knit,Polyurethane; Polyurethane; Polyester; Polyester,Light Golden,,15.99,/242/62/224005_BL_1,224005_BL_1.jpg,none,,,,,
224005_CA,224005,Wallet CORDY Camel,_CA,Camel,Wallet,Wallet,Knit,Polyurethane; Polyester; Polyester; Polyurethane,,,15.99,/242/62/224005_CA_1,224005_CA_1.jpg,none,,,,,
224044_GY,224044,Wallet CORDY Grey,_GY,Grey,Wallet,Wallet,Printed Fake Nylon,Polyester; Thermoplastic Polyurethane; Polyurethane; Polyurethane; Polyester; Polyurethane,,,15.99,/242/62/224044_GY_1,224044_GY_1.jpg,none,,,,,
224462_CA,224462,Wallet MELBY Camel,_CA,Camel,Wallet,Wallet,Real Fur,Polyurethane; Thermoplastic Polyurethane; Cow Leather; Polyester,,,15.99,/242/62/224462_CA_1,224462_CA_1.jpg,none,,,,,
224477_BU,224477,Coin Purse MELBY Burgundy,_BU,Burgundy,Wallet,Coin Purse,Fake Fur,Polyester; Polyester,,,12.99,/242/62/224477_BU_1,224477_BU_1.jpg,none,,,,,
224477_GN,224477,Coin Purse MELBY Green,_GN,Green,Wallet,Coin Purse,Fake Fur,Polyester; Polyester,,,12.99,/242/62/224477_GN_1,224477_GN_1.jpg,none,,,,,
224537_BK,224537,Wallet SIENNA Black,_BK,Black,Wallet,Wallet,Fantasy PU,Polyurethane; Polyurethane; Polyester,,,17.99,/242/62/224537_BK_1,224537_BK_1.jpg,none,,,,,
224542_BK,224542,Coin Purse SIENNA Black,_BK,Black,Wallet,Coin Purse,Fantasy Fabric,Polyester; Polyurethane; Polyester; Polyurethane; Polyurethane; Polyester; Polyurethane; Polyester; Polyurethane; Polyurethane; Polyurethane; Polyurethane; Polyester; Polyurethane; Polyurethane; Polyester; Polyurethane; Polyurethane; Polyurethane,,,9.99,/242/62/224542_BK_1,224542_BK_1.jpg,none,,,,,
224542_DM,224542,Coin Purse SIENNA Dark Multicolor,_DM,Dark Multicolor,Wallet,Coin Purse,Fantasy Fabric,Polyester; Polyurethane; Polyester; Polyester; Polyurethane,,,9.99,/242/62/224542_DM_1,224542_DM_1.jpg,none,,,,,
224547_KK,224547,Card Holder SIENNA Khaki,_KK,Khaki,Wallet,Card Holder,Real Suede,Polyester; Cow Suede Leather,,,15.99,/242/62/224547_KK_1,224547_KK_1.jpg,none,,,,,
224557_KK,224557,Wallet FLAGE Khaki,_KK,Khaki,Wallet,Wallet,Printed Nylon,Polyurethane; Polyurethane; Polyester; Polyester,,,12.99,/242/62/224557_KK_1,224557_KK_1.jpg,none,,,,,
224711_BM,224711,Notebook SHILLOH Bright Multicolor,_BM,Bright Multicolor,Wallet,Others,Notebook,Paper; Paper,,,17.99,/242/62/224711_BM_1,224711_BM_1.jpg,none,,,,,
224739_BU,224739,Computer Case SHILLOH Burgundy,_BU,Burgundy,Wallet,Others,Computer Case,Polyester; Polyurethane,,,17.99,/242/62/224739_BU_1,224739_BU_1.jpg,none,,,,,
224739_LB,224739,Computer Case SHILLOH Light Blue,_LB,Light Blue,Wallet,Others,Computer Case,Polyurethane; Polyester,,,17.99,/242/62/224739_LB_1,224739_LB_1.jpg,none,,,,,
224765_BK,224765,Card Holder SHILLOH Black,_BK,Black,Wallet,Card Holder,Peach PU,Polyurethane; Polyurethane; Polyester,,,12.99,/242/62/224765_BK_1,224765_BK_1.jpg,none,,,,,
224787_DM,224787,Multipurpose Purse SHILLOH Dark Multicolor,_DM,Dark Multicolor,Wallet,Multipurpose Purse,Printed Nylon,Polyamide; Polyamide; Polyester; Polyester,,,10.99,/242/62/224787_DM_1,224787_DM_1.jpg,none,,,,,
224843_BK,224843,Wallet PANTERA2 Black,_BK,Black,Wallet,Wallet,Plain PU,Polyurethane; Polyurethane; Polyester,,,12.99,/242/62/224843_BK_1,224843_BK_1.jpg,none,,,,,
224903_SK,224903,Coin Purse BASIC OCTOBER Skin,_SK,Skin,Wallet,Coin Purse,Plain PU,Polyurethane; Polyester,,,7.99,/242/62/224903_SK_1,224903_SK_1.jpg,none,,,,,
224962_DM,224962,Wallet KENDALL Dark Multicolor,_DM,Dark Multicolor,Wallet,Wallet,Real Suede,Polyurethane; Cow Suede Leather; Polyester; Polyurethane,,,25.99,/242/62/224962_DM_1,224962_DM_1.jpg,none,,,,,
224969_DM,224969,Card Holder KENDALL Dark Multicolor,_DM,Dark Multicolor,Wallet,Card Holder,Real Suede,Polyester; Cow Suede Leather; Polyurethane,,,15.99,/242/62/224969_DM_1,224969_DM_1.jpg,none,,,,,
224969_EC,224969,Card Holder KENDALL Ecru,_EC,Ecru,Wallet,Card Holder,Real Suede,Cow Suede Leather; Polyurethane; Polyester,,,15.99,/242/62/224969_EC_1,224969_EC_1.jpg,none,,,,,
224972_KK,224972,Multipurpose Purse KENDALL Khaki,_KK,Khaki,Wallet,Multipurpose Purse,Nylon,Polyester; Cow Suede Leather; Polyester,,,17.99,/242/62/224972_KK_1,224972_KK_1.jpg,none,,,,,
