PROD_CLR_EQUIV,PROD_REF,PROD_DES_BASE,CLR_COD,CLR_DES,CAT_DES_EN,GFA_DES_EN,GFS_DES_EN,COMPOSITION,FINISHING,MATERIAL,PRICE_BASE_W_VAT,PROG_IMAGE,img_file,priority,issues,sku_conflicts,review_status,fixes,reviewer,notes
212653_WT,212653,T-shirt T1 ESSENTIALS White,_EC,Ecru,Apparel,T-shirt,Circular,Elastane; Polyester; Viscose,,,23.99,/212/64/192346_EC_1,192346_EC_1.jpg,high,TAB_KEY_INCONSISTENT;CLR_CONFLICT_DESC;SKU_ATTR_CONFLICT,CLR_COD|CLR_DES|PROG_IMAGE,,,,
207269_EC,207269,Dress NOTO Ecru,_EC,Ecru,Apparel,Dress,Woven,Polyester,,Polyester,39.99,/232/64/207269_EC_1,207269_EC_1.jpg,medium,SKU_ATTR_CONFLICT,THEME,,,,
209850_EC,209850,Cardigan ONLINE EXCLUSIVE Ecru,_EC,Ecru,Apparel,Cardigan,Knit,Cashmere,,Cotton,99.99,/232/64/209850_EC_1,209850_EC_1.jpg,medium,SKU_ATTR_CONFLICT,CATEGORY_MATRIX|THEME|FASHIONTYPE,,,,
209850_FU,209850,Cardigan ONLINE EXCLUSIVE Fuchsia,_FU,Fuchsia,Apparel,Cardigan,Knit,Cashmere,,Cotton,99.99,/232/64/209850_FU_1,209850_FU_1.jpg,medium,SKU_ATTR_CONFLICT,CATEGORY_MATRIX|THEME|FASHIONTYPE,,,,
209850_PK,209850,Cardigan ONLINE EXCLUSIVE Pink,_PK,Pink,Apparel,Cardigan,Knit,Cashmere,,Cotton,99.99,/232/64/209850_PK_1,209850_PK_1.jpg,medium,SKU_ATTR_CONFLICT,CATEGORY_MATRIX|THEME|FASHIONTYPE,,,,
209850_PU,209850,Cardigan LAB MAIO Purple,_PU,Purple,Apparel,Cardigan,Knit,Cashmere,,Cotton,99.99,/232/64/209850_PU_1,209850_PU_1.jpg,medium,SKU_ATTR_CONFLICT,CATEGORY_MATRIX,,,,
211712_GN,211712,Dress ESSENTIALS T DISPLAY 1 Green,_GN,Green,Apparel,Dress,Woven,Polyamide; Viscose,,Viscose,22.99,/232/64/211712_1,211712_1.jpg,medium,IMG_GENERIC;SALES_MISSING,,,,,
212525_EC,212525,Dress LAB AGOSTO Ecru,_EC,Ecru,Apparel,Dress,Woven,Polyester,,Polyester,32.99,/232/64/212525_EC_1,212525_EC_1.jpg,medium,SKU_ATTR_CONFLICT,CATEGORY_MATRIX,,,,
212525_FU,212525,Dress LAB AGOSTO Fuchsia,_FU,Fuchsia,Apparel,Dress,Woven,Polyester,,Polyester,32.99,/232/64/212525_FU_1,212525_FU_1.jpg,medium,SKU_ATTR_CONFLICT,CATEGORY_MATRIX,,,,
212654_BL,212654,Sweater PRIESTLY Blue,_BL,Blue,Apparel,Sweater,Knit,Acrylic; Alpaca; Elastane; Polyamide; Wool,,Nylon,29.99,/232/64/212654_BL_1,212654_BL_1.jpg,medium,SKU_ATTR_CONFLICT,CATEGORY_MATRIX|FASHIONTYPE,,,,
212654_BU,212654,Sweater PRIESTLY Burgundy,_BU,Burgundy,Apparel,Sweater,Knit,Acrylic; Alpaca; Elastane; Polyamide; Wool,,Nylon,29.99,/232/64/212654_BU_1,212654_BU_1.jpg,medium,SKU_ATTR_CONFLICT,CATEGORY_MATRIX|FASHIONTYPE,,,,
212654_PU,212654,Sweater PRIESTLY Purple,_PU,Purple,Apparel,Sweater,Knit,Acrylic; Alpaca; Elastane; Polyamide; Wool,,Nylon,29.99,/232/64/212654_PU_1,212654_PU_1.jpg,medium,SKU_ATTR_CONFLICT,CATEGORY_MATRIX|FASHIONTYPE,,,,
214887_BK,214887,Coat REMY 3 Black,_BK,Black,Apparel,Coat,Woven,Cotton; Polyester,,Cotton,45.99,/232/64/214887_BK_1,214887_BK_1.jpg,medium,SKU_ATTR_CONFLICT,CATEGORY_MATRIX,,,,
215315_MD,215315,Dress SATURN 2 Mustard,_MD,Mustard,Apparel,Dress,Knit,Polyamide,,Polyamide,35.99,/232/64/215315_MDXS-S_3,215315_MDXS-S_3.jpg,medium,IMG_GENERIC;SALES_MISSING;SKU_ATTR_CONFLICT,MATERIAL,,,,
217668_BK,217668,Sweater WINTERDZ Black,_BK,Black,Apparel,Sweater,Knit,Polyester; Viscose,,Viscose,32.99,/241/64/217668_BK_1,217668_BK_1.jpg,medium,SKU_ATTR_CONFLICT,CATEGORY_MATRIX|MATERIAL|THEME,,,,
218771_GN,218771,Sweater RECIFE Green,_GN,Green,Apparel,Sweater,Knit,Polyamide; Viscose,,,27.99,/241/64/218771_GN_1,218771_GN_1.jpg,medium,SKU_ATTR_CONFLICT,MATERIAL,,,,
218771_NV,218771,Sweater T1 ESSENTIALS Navy,_NV,Navy,Apparel,Sweater,Knit,Polyamide; Viscose,,,27.99,/241/64/218771_NV_1,218771_NV_1.jpg,medium,SKU_ATTR_CONFLICT,MATERIAL|THEME,,,,
218878_BM,218878,Sweater RIO Bright Multicolor,_BM,Bright Multicolor,Apparel,Sweater,Knit,Polyamide; Viscose,,,32.99,/241/64/218878_BM_1,218878_BM_1.jpg,medium,SKU_ATTR_CONFLICT,MATERIAL|THEME|FASHIONTYPE,,,,
220416_BL,220416,Dress BETS Blue,_BL,Blue,Apparel,Dress,Woven,Lyocell,,,29.99,/242/64/220416_BL_1,220416_BL_1.jpg,medium,SKU_ATTR_CONFLICT,MATERIAL|PRINT_TYPE|PROD_SEG,,,,
222656_BG,222656,Skirt CM Beige,_BG,Beige,Apparel,Skirt,Woven,Linen; Lyocell,,Lyocell,32.99,/242/64/222656_BG_1,222656_BG_1.jpg,medium,SKU_ATTR_CONFLICT,CATEGORY_MATRIX|FASHIONTYPE,,,,
222695_BM,222695,Dress CC Bright Multicolor,_BM,Bright Multicolor,Apparel,Dress,Woven,Linen; Lyocell,,,39.99,/242/64/222695_BM_1,222695_BM_1.jpg,medium,SKU_ATTR_CONFLICT,MATERIAL,,,,
223255_BM,223255,Shirt C2 Bright Multicolor,_BM,Bright Multicolor,Apparel,Shirt,Woven,Lyocell; Polyamide; Viscose,,,29.99,/242/64/223255_BM_1,223255_BM_1.jpg,medium,SKU_ATTR_CONFLICT,COMPOSITION,,,,
223457_BM,223457,Trousers cindy Bright Multicolor,_BM,Bright Multicolor,Apparel,Trousers,Woven,Lyocell,,,29.99,/242/64/223457_BM_1,223457_BM_1.jpg,medium,SKU_ATTR_CONFLICT,MATERIAL,,,,
223459_BG,223459,Dress T1 ESSENTIALS Beige,_BG,Beige,Apparel,Dress,Woven,Polyester,,Polyester,25.99,/242/64/223459_BG_1,223459_BG_1.jpg,medium,SKU_ATTR_CONFLICT,CATEGORY_MATRIX|THEME|FASHIONTYPE,,,,
223459_BK,223459,Dress P1 SET Black,_BK,Black,Apparel,Dress,Woven,Polyester,,Polyester,25.99,/242/64/223459_BK_1,223459_BK_1.jpg,medium,SKU_ATTR_CONFLICT,CATEGORY_MATRIX|THEME|FASHIONTYPE,,,,
226533_BK,226533,Sweater BETS Black,_BK,Black,Apparel,Sweater,Knit,Acrylic; Polyamide; Wool,,Polyamide,32.99,/242/64/226533_1,,medium,IMG_FILE_MISSING;IMG_GENERIC;IMG_SHARED;SALES_MISSING,,,,,
226533_BU,226533,Sweater BETS Burgundy,_BU,Burgundy,Apparel,Sweater,Knit,Acrylic; Polyamide; Wool,,Polyamide,32.99,/242/64/226533_1,,medium,IMG_FILE_MISSING;IMG_GENERIC;IMG_SHARED;SALES_MISSING,,,,,
227414_KK,227414,Raincoat B4NOV Khaki,_KK,Khaki,Apparel,Raincoat,Woven,Polyamide; Polyester,,Polyamide,69.99,/242/64/227414_1,,medium,IMG_FILE_MISSING;IMG_GENERIC;SALES_MISSING,,,,,
228160_KK,228160,Raincoat P1 NOVEMBRO Khaki,_KK,Khaki,Apparel,Raincoat,Woven,Polyamide; Polyester,,Polyamide,59.99,/242/64/228160_1,,medium,IMG_FILE_MISSING;IMG_GENERIC;IMG_SHARED;SALES_MISSING,,,,,
228160_NV,228160,Raincoat P1 NOVEMBRO Navy,_NV,Navy,Apparel,Raincoat,Woven,Polyamide; Polyester,,Polyamide,59.99,/242/64/228160_1,,medium,IMG_FILE_MISSING;IMG_GENERIC;IMG_SHARED;SALES_MISSING,,,,,
230255_BM,230255,Coat TRENDY Bright Multicolor,_BM,Bright Multicolor,Apparel,Coat,Woven,Polyester,,Polyester,69.99,/242/64/230255_1,,medium,IMG_FILE_MISSING;IMG_GENERIC;SALES_MISSING,,,,,
210702_BG,210702,Medium Heel Ankle Boots LADY ANKLE BOOT SNAKE Beige,_BG,Beige,Footwear,Ankle Boots,PU,Polyester; Polyurethane; Rubber,,,35.99,/232/53/210702_2,210702_2.jpg,medium,IMG_GENERIC,,,,,
211314_GY,211314,Trainer Shoes TRAINER FLYKNIT GREY Grey,_GY,Grey,Footwear,Trainers,Textile,Polyester; Rubber,,,39.99,/232/53/211314_GY_1,211314_GY_1.jpg,medium,SKU_ATTR_CONFLICT,PROG_IMAGE,,,,
217193_EC,217193,Crossbody Bag EMAN Ecru,_EC,Ecru,Hand Bag,Cross,Padded Pu,Polyester; Polyurethane,,,25.99,/241/55/217193_EC_1,217193_EC_1.jpg,medium,IMG_CAT_MISMATCH,,,,,
217553_GN,217553,Crossbody Bag SPLASH3 Green,_GN,Green,Hand Bag,Cross,Padded Pu,Polyester; Polyurethane,Silver,,25.99,/241/54/217553_1,217553_1.jpg,medium,IMG_GENERIC,,,,,
221976_BK,221976,Tote Bag NEVERA HBPROVISION Black,_BK,Black,Hand Bag,Tote,Plain PU,Polyester; Polyurethane,Light Golden,,25.99,/242/54/221976_1,221976_1.jpg,medium,IMG_GENERIC;IMG_SHARED;SALES_MISSING,,,,,
221976_EC,221976,Tote Bag NEVERA HBPROVISION Ecru,_EC,Ecru,Hand Bag,Tote,Plain PU,Polyester; Polyurethane,Light Golden,,25.99,/242/54/221976_1,221976_1.jpg,medium,IMG_GENERIC;IMG_SHARED;SALES_MISSING,,,,,
221976_TU,221976,Tote Bag NEVERA HBPROVISION Taupe,_TU,Taupe,Hand Bag,Tote,Plain PU,Polyester; Polyurethane,Light Golden,,25.99,/242/54/221976_1,221976_1.jpg,medium,IMG_GENERIC;IMG_SHARED;SALES_MISSING,,,,,
1930091BM,193009,Phone case FASHION SUPPLEMENTS Bright Multicolor,1BM,Bright Multicolor,Jewellery,Mobile Accessories,Mobile Cases,Iron; Polyester; Thermoplastic Polyurethane,Other,,9.99,/232/52/1930091BM_1,1930091BM_1.jpg,medium,IMG_SHARED,,,,,
1930092BM,193009,Phone case FASHION SUPPLEMENTS Bright Multicolor,2BM,Bright Multicolor,Jewellery,Mobile Accessories,Mobile Cases,Iron; Polyester; Thermoplastic Polyurethane,Other,,9.99,/232/52/1930092BM_1,1930092BM_1.jpg,medium,IMG_SHARED,,,,,
209003_GD,209003,Earring GOLDEN BASICS Gold,_GD,Gold,Jewellery,Earrings,Drop,Iron; Shell; Zinc,Brushed Golden,,7.99,/232/52/209003_GD_1,209003_GD_1.jpg,medium,IMG_SHARED,,,,,
209003_WT,209003,Earring Golden Basics White,_WT,White,Jewellery,Earrings,Drop,Copper; Iron; Shell,Brushed Golden,,7.99,/242/52/209003_WT_1,209003_WT_1.jpg,medium,IMG_SHARED,,,,,
2096911BM,209691,Phone case FASHION SUPPLEMENTS Bright Multicolor,1BM,Bright Multicolor,Jewellery,Mobile Accessories,Mobile Cases,Thermoplastic Polyurethane,Other,,8.99,/232/52/2096911BM_1,2096911BM_1.jpg,medium,IMG_SHARED,,,,,
209691_BM,209691,Phone case FASHION SUPPLEMENTS Bright Multicolor,_BM,Bright Multicolor,Jewellery,Mobile Accessories,Mobile Cases,Thermoplastic Polyurethane,Other,,8.99,/232/52/209691_BM_1,209691_BM_1.jpg,medium,IMG_SHARED,,,,,
209928_SV,209928,Earring SILVER D Silver,_SV,Silver,Jewellery,Earrings,Dangle,Cork,Golden,,7.99,/231/52/209928_1,,medium,IMG_FILE_MISSING;IMG_GENERIC,,,,,
211737_PK,211737,Ring FLORABUNDANCE Pink,_PK,Pink,Jewellery,Rings,Fantasy,Acrylic; Zinc,Worn Gold,,5.99,/232/52/211737_1.,211737_1.jpeg,medium,IMG_GENERIC,,,,,
212477_BK,212477,Necklace EXPEDITION Black,_BK,Black,Jewellery,Necklaces,Pendant,Cork,Golden,,10.99,/232/52/212477_1,212477_1.jpg,medium,IMG_GENERIC,,,,,
212499_HM,212499,Earring ORPHIC Halftone Multicolor,_HM,Halftone Multicolor,Jewellery,Earrings,Stud,Cork,Golden,,8.99,/232/52/212499_1,212499_1.jpg,medium,IMG_GENERIC,,,,,
212535_HM,212535,Earring EXPEDITION Halftone Multicolor,_HM,Halftone Multicolor,Jewellery,Earrings,Dangle,Acrylic; Brass; Iron; Zinc,Worn Gold,,8.99,/232/52/212535_1,,medium,IMG_FILE_MISSING;IMG_GENERIC,,,,,
212676_GD,212676,Earring GOLDEN BASICS Gold,_GD,Gold,Jewellery,Earrings,Hoop Earrings,Zinc,Golden,,7.99,/232/52/212676_1,212676_1.jpg,medium,IMG_GENERIC,,,,,
213318_GD,213318,Bracelet GOLDEN BASICS Gold,_GD,Gold,Jewellery,Bracelets,Adjustable Bracelet,Brass; Thermoplastic Polyurethane,Golden,,6.99,/232/52/213318_1,213318_1.jpg,medium,IMG_GENERIC,,,,,
213336_GD,213336,Necklace GLDN DEL Gold,_GD,Gold,Jewellery,Necklaces,Beaded Necklace,Brass; Pearl,Golden,,9.99,/232/52/213336_1,213336_1.jpg,medium,IMG_GENERIC;SALES_MISSING,,,,,
213356_GD,213356,Ring GLDN DEL Gold,_GD,Gold,Jewellery,Rings,Fantasy,Acrylic; Copper,Golden,,6.99,/232/52/213356_1,213356_1.jpg,medium,IMG_GENERIC;SALES_MISSING,,,,,
213839_OR,213839,Ring ULTRAVIO Orange,_OR,Orange,Jewellery,Rings,Band Ring,Resin; Zinc,Worn Gold,,4.99,/232/52/213839_1,213839_1.jpg,medium,IMG_GENERIC,,,,,
213937_JN,213937,Necklace FLORABUNDANCE Blue Jeans,_JN,Blue Jeans,Jewellery,Necklaces,Pendant,Iron; Resin,Golden,,12.99,/232/52/213937_1,,medium,IMG_FILE_MISSING;IMG_GENERIC,,,,,
213956_BM,213956,Earring GUARANI VIBES Bright Multicolor,_BM,Bright Multicolor,Jewellery,Earrings,Hoop Earrings,Cork,Golden,,7.99,/232/52/213956_1,213956_1.jpg,medium,IMG_GENERIC,,,,,
2141261FU,214126,Earring GUMMY PARTY,1FU,Fuchsia,Jewellery,Earrings,Stud,Acrylic; Glass; Resin,Black Nikel,,5.99,/232/52/214126_1.,214126_1.jpeg,medium,IMG_GENERIC;CLR_NOT_IN_DESC,,,,,
214129_BL,214129,Earring GUMMY PARTY Blue,_BL,Blue,Jewellery,Earrings,Dangle,Cork,Golden,,9.99,/232/52/214129_1.,214129_1.jpeg,medium,IMG_GENERIC;SALES_MISSING,,,,,
214627_MM,214627,Earring TREND Metallic Multicolor,_MM,Metallic Multicolor,Jewellery,Earrings,Dangle,Cork,Golden,,12.99,/232/52/214627_1,,medium,IMG_FILE_MISSING;IMG_GENERIC,,,,,
2203361GD,220336,Necklace TREND Gold,1GD,Gold,Jewellery,Necklaces,Y-Necklace,Brass,Worn Gold,,17.99,/242/52/2203361GD_1,2203361GD_1.jpg,medium,IMG_SHARED,,,,,
220336_GD,220336,Necklace TREND Gold,_GD,Gold,Jewellery,Necklaces,Y-Necklace,Brass,Worn Gold,,17.99,/241/52/220336_GD_1,220336_GD_1.jpg,medium,IMG_SHARED,,,,,
221266_SV,221266,Earring GLDN DEL,_SV,Silver,Jewellery,Earrings,Stud,Zinc,,,3.99,/242/52/221266_1,221266_1.jpg,medium,IMG_GENERIC;CLR_NOT_IN_DESC;SALES_MISSING,,,,,
223773_HM,223773,Ring MUSTANG Halftone Multicolor,_HM,Halftone Multicolor,Jewellery,Rings,Cocktail,Cork; Iron; Resin,Antik Golden,,6.99,/242/52/223773_HM_1,223773_HM_1.jpg,medium,SKU_ATTR_CONFLICT,FINISHING,,,,
223888_BK,223888,Set of Bracelets SILVER BASICS,_BK,Black,Jewellery,Bracelets,Elastic Bracelet,Acrylic; Iron,Golden,,9.99,/242/52/223888_BK_1,223888_BK_1.jpg,medium,CLR_NOT_IN_DESC;SALES_MISSING,,,,,
225665_HM,225665,Necklace MODERN STONES Halftone Multicolor,_HM,Halftone Multicolor,Jewellery,Necklaces,Pendant,Acrylic; Brass; Cork; Iron; Resin; Stone,Golden,,12.99,/242/52/225665_1,,medium,IMG_FILE_MISSING;IMG_GENERIC;SALES_MISSING,,,,,
226222_PE,226222,Ring NEW CLASSIC Pearl,_PE,Pearl,Jewellery,Rings,Fantasy,Acrylic; Cork; Zinc,Golden,,5.99,/242/52/226222_1,,medium,IMG_FILE_MISSING;IMG_GENERIC,,,,,
208619_CA,208619,Phone Holder GRACE Camel,_CA,Camel,Wallet,Phone Holder,Plain PU,Polyester; Polyurethane,,,17.99,/232/54/208619_1,208619_1.jpg,medium,IMG_CAT_MISMATCH;IMG_GENERIC,,,,,
211511_BG,211511,Wallet lara Beige,_BG,Beige,Wallet,Wallet,Peach PU,Polyester; Polyurethane,,,12.99,/232/62/211511_1,211511_1.jpg,medium,IMG_GENERIC,,,,,
226739_NM,226739,Dress BRIDAL CAPSULE Neutral Multicolor,_NM,Neutral Multicolor,Apparel,Dress,Woven,Cotton,,,170.0,/242/64/226739_NM_1y,,low,IMG_FILE_MISSING;SALES_ZERO_QTY,,,,,
214609_BM,214609,Trousers Hot Bright Multicolor,_BM,Bright Multicolor,Apparel,Trousers,Woven,Viscose,,,32.99,/241/64/214609_BM_1,,info,IMG_FILE_MISSING,,,,,
214661_BM,214661,Dress PICASSO Bright Multicolor,_BM,Bright Multicolor,Apparel,Dress,Woven,Viscose,,Viscose,39.99,/232/64/214661_BM_1,,info,IMG_FILE_MISSING,,,,,
224421_BK,224421,Shorts TRENDY Black,_BK,Black,Apparel,Shorts,Woven,Cotton,,,29.99,/242/64/224421_BK_1,,info,IMG_FILE_MISSING,,,,,
224938_RD,224938,Raincoat P1 SET Red,_RD,Red,Apparel,Raincoat,Woven,Polyester,,Polyester,49.99,/242/64/224938_RD_1,224938_RD_1.jpg,info,SALES_MISSING,,,,,
225140_BM,225140,Top 33 Bright Multicolor,_BM,Bright Multicolor,Apparel,Top,Woven,Lyocell,,Lyocell,25.99,/242/64/225140_BM_1,,info,IMG_FILE_MISSING,,,,,
225141_KK,225141,Top 55 Khaki,_KK,Khaki,Apparel,Top,Woven,Polyester,,Polyester,25.99,/242/64/225141_KK_1,,info,IMG_FILE_MISSING,,,,,
225141_WT,225141,Top 55 White,_WT,White,Apparel,Top,Woven,Polyester,,Polyester,25.99,/242/64/225141_WT_1,,info,IMG_FILE_MISSING,,,,,
225198_BL,225198,Shirt B4 Blue,_BL,Blue,Apparel,Shirt,Woven,Polyamide; Viscose,,,27.99,/242/64/225198_BL_1,,info,IMG_FILE_MISSING,,,,,
225304_BL,225304,Top CC Blue,_BL,Blue,Apparel,Top,Woven,Linen,,,35.99,/242/64/225304_BL_1,,info,IMG_FILE_MISSING,,,,,
225326_BG,225326,Skirt 00 Beige,_BG,Beige,Apparel,Skirt,Woven,Elastane; Polyester; Viscose,,Polyester,39.99,/242/64/225326_BG_1,,info,IMG_FILE_MISSING,,,,,
225326_GY,225326,Skirt 00 Grey,_GY,Grey,Apparel,Skirt,Woven,Elastane; Polyester; Viscose,,Polyester,39.99,/242/64/225326_GY_1,,info,IMG_FILE_MISSING,,,,,
225498_BU,225498,Dress TRENDY Burgundy,_BU,Burgundy,Apparel,Dress,Knit,Polyamide; Viscose,,,35.99,/242/64/225498_BU_1,,info,IMG_FILE_MISSING,,,,,
225498_GN,225498,Dress TRENDY Green,_GN,Green,Apparel,Dress,Knit,Polyamide; Viscose,,,35.99,/242/64/225498_GN_1,,info,IMG_FILE_MISSING,,,,,
225498_NV,225498,Dress TRENDY Navy,_NV,Navy,Apparel,Dress,Knit,Polyamide; Viscose,,,35.99,/242/64/225498_NV_1,,info,IMG_FILE_MISSING,,,,,
225520_KK,225520,Raincoat NO Khaki,_KK,Khaki,Apparel,Raincoat,Woven,Polyamide,,Polyamide,59.99,/242/64/225520_KK_1,,info,IMG_FILE_MISSING,,,,,
225701_BK,225701,Coat bro Black,_BK,Black,Apparel,Coat,Woven,Cotton; Polyester; Wool,,Cotton,69.99,/242/64/225701_BK_1,,info,IMG_FILE_MISSING,,,,,
225701_CA,225701,Coat 77 Camel,_CA,Camel,Apparel,Coat,Woven,Cotton; Polyester; Wool,,,69.99,/242/64/225701_CA_1,,info,IMG_FILE_MISSING,,,,,
225701_NV,225701,Coat CN Navy,_NV,Navy,Apparel,Coat,Woven,Cotton; Polyester; Wool,,,69.99,/242/64/225701_NV_1y,,info,IMG_FILE_MISSING;SALES_MISSING,,,,,
226207_BL,226207,Dress TRENDY Blue,_BL,Blue,Apparel,Dress,Knit,Polyamide; Viscose,,,35.99,/242/64/226207_BL_1,,info,IMG_FILE_MISSING,,,,,
226207_GN,226207,Dress TRENDY Green,_GN,Green,Apparel,Dress,Knit,Polyamide; Viscose,,,35.99,/242/64/226207_GN_1,,info,IMG_FILE_MISSING,,,,,
226234_BM,226234,Dress outu Bright Multicolor,_BM,Bright Multicolor,Apparel,Dress,Woven,Viscose,,Viscose,45.99,/242/64/226234_BM_1,,info,IMG_FILE_MISSING,,,,,
226533_GY,226533,Sweater 77 Grey,_GY,Grey,Apparel,Sweater,Knit,Acrylic; Polyamide; Polyester; Wool,,Polyamide,32.99,/242/64/226533_GY_1,,info,IMG_FILE_MISSING,,,,,
226533_OW,226533,Sweater 77 Off White,_OW,Off White,Apparel,Sweater,Knit,Acrylic; Polyamide; Polyester; Wool,,Polyamide,32.99,/242/64/226533_OW_1,,info,IMG_FILE_MISSING,,,,,
226587_GY,226587,Sweatshirt 22 Grey,_GY,Grey,Apparel,Sweatshirt,Circular,Cotton; Polyester,,,27.99,/242/64/226587_GY_1,,info,IMG_FILE_MISSING,,,,,
226600_GN,226600,Sweater RR Green,_GN,Green,Apparel,Sweater,Knit,Acrylic; Polyamide; Polyester; Wool,,Polyester,32.99,/242/64/226600_GN_1,,info,IMG_FILE_MISSING,,,,,
226600_GY,226600,Sweater RR Grey,_GY,Grey,Apparel,Sweater,Knit,Acrylic; Polyamide; Polyester; Wool,,Polyester,32.99,/242/64/226600_GY_1,,info,IMG_FILE_MISSING,,,,,
226759_BU,226759,Trousers M1S Burgundy,_BU,Burgundy,Apparel,Trousers,Woven,Linen,,Linen,39.99,/242/64/226759_BU_1,,info,IMG_FILE_MISSING,,,,,
226778_BM,226778,Trousers ARABE Bright Multicolor,_BM,Bright Multicolor,Apparel,Trousers,Woven,Viscose,,,35.99,/242/64/226778_BM_1,,info,IMG_FILE_MISSING,,,,,
226798_BM,226798,Shirt outu Bright Multicolor,_BM,Bright Multicolor,Apparel,Shirt,Woven,Elastane; Viscose,,,32.99,/242/64/226798_BM_1,,info,IMG_FILE_MISSING,,,,,
226824_GY,226824,Dress M1S Grey,_GY,Grey,Apparel,Dress,Woven,Lyocell,,,39.99,/242/64/226824_GY_1,,info,IMG_FILE_MISSING,,,,,
226857_BM,226857,Sweatshirt 77 Bright Multicolor,_BM,Bright Multicolor,Apparel,Sweatshirt,Circular,Cotton; Polyester,,,29.99,/242/64/226857_BM_1,,info,IMG_FILE_MISSING,,,,,
226857_GY,226857,Sweatshirt 77 Grey,_GY,Grey,Apparel,Sweatshirt,Circular,Cotton; Polyester,,,29.99,/242/64/226857_GY_1,,info,IMG_FILE_MISSING,,,,,
226967_BK,226967,Coat BETS Black,_BK,Black,Apparel,Coat,Woven,Acrylic; Polyamide; Polyester; Viscose; Wool,,Wool,139.99,/242/64/226967_BK_1,,info,IMG_FILE_MISSING;SALES_MISSING,,,,,
226967_CA,226967,Coat BETS Camel,_CA,Camel,Apparel,Coat,Woven,Acrylic; Polyamide; Polyester; Viscose; Wool,,Wool,139.99,/242/64/226967_CA_2y,,info,IMG_FILE_MISSING;SALES_MISSING,,,,,
226967_GY,226967,Coat C3 NOV Grey,_GY,Grey,Apparel,Coat,Woven,Acrylic; Lyocell; Polyamide; Polyester; Viscose; Wool,,Wool,139.99,/242/64/226967_GY_1,,info,IMG_FILE_MISSING;SALES_MISSING,,,,,
227010_BN,227010,Dress VERONA OUTUBRO Brown,_BN,Brown,Apparel,Dress,Knit,Acrylic; Elastane; Polyamide; Polyester; Wool,,,35.99,/242/64/227010_BN_1,,info,IMG_FILE_MISSING,,,,,
227010_KK,227010,Dress VERONA OUTUBRO Khaki,_KK,Khaki,Apparel,Dress,Knit,Acrylic; Elastane; Polyamide; Polyester; Wool,,,35.99,/242/64/227010_KK_1,,info,IMG_FILE_MISSING,,,,,
227056_BK,227056,Dress outu Black,_BK,Black,Apparel,Dress,Knit,Polyester; Viscose,,Polyester,35.99,/242/64/227056_BK_1,,info,IMG_FILE_MISSING,,,,,
227089_AN,227089,Sweater LL Anthracite,_AN,Anthracite,Apparel,Sweater,Knit,Acrylic; Elastane; Polyamide; Polyester; Wool,,,35.99,/242/64/227089_AN_1,,info,IMG_FILE_MISSING;SALES_MISSING,,,,,
227089_OW,227089,Sweater LL Off White,_OW,Off White,Apparel,Sweater,Knit,Acrylic; Elastane; Polyamide; Polyester; Wool,,,35.99,/242/64/227089_OW_1,,info,IMG_FILE_MISSING;SALES_MISSING,,,,,
227130_BU,227130,Top QUADROS Burgundy,_BU,Burgundy,Apparel,Top,Knit,Acrylic; Polyamide; Wool,,Acrylic,25.99,/242/64/227130_BU_1,,info,IMG_FILE_MISSING,,,,,
227288_EC,227288,Trousers CN Ecru,_EC,Ecru,Apparel,Trousers,Woven,Polyester; Wool,,Polyester,39.99,/242/64/227288_EC_1,,info,IMG_FILE_MISSING;SALES_MISSING,,,,,
227288_NV,227288,Trousers CN Navy,_NV,Navy,Apparel,Trousers,Woven,Polyester; Wool,,Polyester,39.99,/242/64/227288_NV_1,,info,IMG_FILE_MISSING;SALES_MISSING,,,,,
227290_BG,227290,Body QUADROS Beige,_BG,Beige,Apparel,Bodys,Knit,Polyamide; Wool,,,35.99,/242/64/227290_BG_1,,info,IMG_FILE_MISSING,,,,,
227320_BM,227320,Cardigan UU Bright Multicolor,_BM,Bright Multicolor,Apparel,Cardigan,Knit,Polyamide; Viscose,,,35.99,/242/64/227320_BM_1,,info,IMG_FILE_MISSING,,,,,
227320_BN,227320,Cardigan BETS Brown,_BN,Brown,Apparel,Cardigan,Knit,Polyamide; Viscose,,Viscose,35.99,/242/64/227320_BN_1,,info,IMG_FILE_MISSING,,,,,
227488_BU,227488,Skirt QUADROS Burgundy,_BU,Burgundy,Apparel,Skirt,Woven,Goat Leather; Polyester,,Leather,99.99,/242/64/227488_BU_1,,info,IMG_FILE_MISSING,,,,,
227617_GY,227617,Shorts QUADROS Grey,_GY,Grey,Apparel,Shorts,Woven,Polyester; Wool,,,39.99,/242/64/227617_GY_1,,info,IMG_FILE_MISSING,,,,,
227632_BK,227632,Trousers UB Black,_BK,Black,Apparel,Trousers,Knit,Polyamide; Viscose,,Viscose,35.99,/242/64/227632_BK_1,,info,IMG_FILE_MISSING,,,,,
227632_BU,227632,Trousers UB Burgundy,_BU,Burgundy,Apparel,Trousers,Knit,Polyamide; Viscose,,Viscose,35.99,/242/64/227632_BU_1,,info,IMG_FILE_MISSING,,,,,
227683_BL,227683,Sweater QUADROS Blue,_BL,Blue,Apparel,Sweater,Knit,Wool,,,32.99,/242/64/227683_BL_1,,info,IMG_FILE_MISSING,,,,,
227683_OW,227683,Sweater QUADROS Off White,_OW,Off White,Apparel,Sweater,Knit,Wool,,Wool,32.99,/242/64/227683_OW_1,,info,IMG_FILE_MISSING,,,,,
227683_RD,227683,Sweater QUADROS Red,_RD,Red,Apparel,Sweater,Knit,Wool,,,32.99,/242/64/227683_RD_1,,info,IMG_FILE_MISSING,,,,,
227773_BK,227773,Cardigan B3 NOVEMBRO Black,_BK,Black,Apparel,Cardigan,Knit,Acrylic; Cotton; Polyester,,Acrylic,69.99,/242/64/227773_BK_1,,info,IMG_FILE_MISSING;SALES_MISSING,,,,,
227886_BK,227886,Trousers TUBR Black,_BK,Black,Apparel,Trousers,Knit,Polyamide; Viscose,,,35.99,/242/64/227886_BK_1,,info,IMG_FILE_MISSING,,,,,
227886_BM,227886,Trousers TUBR Bright Multicolor,_BM,Bright Multicolor,Apparel,Trousers,Knit,Polyamide; Viscose,,,35.99,/242/64/227886_BM_1,,info,IMG_FILE_MISSING,,,,,
227922_BU,227922,Raincoat BETS Burgundy,_BU,Burgundy,Apparel,Raincoat,Woven,Cotton; Polyester,,Polyester,59.99,/242/64/227922_BU_1,,info,IMG_FILE_MISSING;SALES_MISSING,,,,,
228074_BK,228074,Skirt B6NOVE Black,_BK,Black,Apparel,Skirt,Woven,Cotton; Elastane; Polyester,,Polyester,39.99,/242/64/228074_BK_1,,info,IMG_FILE_MISSING;SALES_MISSING,,,,,
228074_BU,228074,Skirt B6NOVE Burgundy,_BU,Burgundy,Apparel,Skirt,Woven,Cotton; Elastane; Polyester,,Polyester,39.99,/242/64/228074_BU_1,,info,IMG_FILE_MISSING;SALES_MISSING,,,,,
228074_WT,228074,Skirt B6NOVE White,_WT,White,Apparel,Skirt,Woven,Cotton; Elastane; Polyester,,Polyester,39.99,/242/64/228074_WT_1,,info,IMG_FILE_MISSING;SALES_MISSING,,,,,
228170_BM,228170,T-shirt C3 NOV Bright Multicolor,_BM,Bright Multicolor,Apparel,T-shirt,Circular,Elastane; Polyester,,Polyester,23.99,/242/64/228170_BM_1,,info,IMG_FILE_MISSING;SALES_MISSING,,,,,
228653_BK,228653,Coat TREND Black,_BK,Black,Apparel,Coat,Woven,Polyester; Polyurethane; Viscose,,Viscose,59.99,/242/64/228653_BK_1,,info,IMG_FILE_MISSING,,,,,
228749_BM,228749,Dress C2 NOVEMBRO Bright Multicolor,_BM,Bright Multicolor,Apparel,Dress,Woven,Polyester; Viscose,,Viscose,49.99,/242/64/228749_BM_1,,info,IMG_FILE_MISSING;SALES_MISSING,,,,,
229244_BU,229244,T-shirt COWBOY Burgundy,_BU,Burgundy,Apparel,T-shirt,Circular,Elastane; Polyester; Viscose,,Polyester,15.99,/242/64/229244_BU_1,,info,IMG_FILE_MISSING,,,,,
229244_OW,229244,T-shirt COWBOY Off White,_OW,Off White,Apparel,T-shirt,Circular,Elastane; Polyester; Viscose,,Polyester,15.99,/242/64/229244_OW_1,,info,IMG_FILE_MISSING;SALES_MISSING,,,,,
229257_BN,229257,Dress BETS Brown,_BN,Brown,Apparel,Dress,Knit,Acrylic; Polyamide,,Acrylic,39.99,/242/64/229257_BN_1,,info,IMG_FILE_MISSING;SALES_MISSING,,,,,
229257_BU,229257,Dress BETS Burgundy,_BU,Burgundy,Apparel,Dress,Knit,Acrylic; Polyamide,,Acrylic,39.99,/242/64/229257_BU_1,,info,IMG_FILE_MISSING;SALES_MISSING,,,,,
229257_KK,229257,Dress BETS Khaki,_KK,Khaki,Apparel,Dress,Knit,Acrylic; Polyamide,,Acrylic,39.99,/242/64/229257_KK_1,,info,IMG_FILE_MISSING;SALES_MISSING,,,,,
229484_BK,229484,Skirt BETS Black,_BK,Black,Apparel,Skirt,Woven,Polyester,,Polyester,39.99,/242/64/229484_BK_1,,info,IMG_FILE_MISSING;SALES_MISSING,,,,,
229913_BK,229913,Top TRENDY Black,_BK,Black,Apparel,Top,Circular,Elastane; Polyamide; Viscose,,Viscose,23.99,/242/64/229913_BK_1,,info,IMG_FILE_MISSING;SALES_MISSING,,,,,
226936_BU,226936,Ankle Boots MILITAR LACES BOOT Burgundy,_BU,Burgundy,Footwear,Ankle Boots,PU,Polyester; Polyurethane; Rubber,,,39.99,/242/53/226936_BU_1,,info,IMG_FILE_MISSING;SALES_MISSING,,,,,
214657_BL,214657,Shoulder Bag SILVERSURFER2 Blue,_BL,Blue,Hand Bag,Shoulder Bag,Crochet,Fiberglass; Polyester; Polyethylene Terephthalate,,,35.99,/232/54/214657_BL_1,,info,IMG_FILE_MISSING,,,,,
214665_BG,214665,Sac CAMI 1 Beige,_BG,Beige,Hand Bag,Sac,Real Suede,Cow Suede Leather; Polyester; Polyurethane,,,32.99,/241/54/214665_BG_1,,info,IMG_FILE_MISSING,,,,,
214665_BK,214665,Sac CAMI 2 Black,_BK,Black,Hand Bag,Sac,Real Suede,Cow Suede Leather; Polyester; Polyurethane,,,32.99,/241/54/214665_BK_1,,info,IMG_FILE_MISSING,,,,,
214670_BK,214670,Backpack VIVIAN Black,_BK,Black,Hand Bag,Backpack,Nylon,Polyester; Polyurethane,,,25.99,/241/54/214670_BK_1,,info,IMG_FILE_MISSING,,,,,
214670_KK,214670,Backpack VIVIAN Khaki,_KK,Khaki,Hand Bag,Backpack,Nylon,Polyester; Polyurethane,,,25.99,/241/54/214670_KK_1,,info,IMG_FILE_MISSING,,,,,
214670_LL,214670,Backpack VIVIAN Lilac,_LL,Lilac,Hand Bag,Backpack,Nylon,Polyester; Polyurethane,,,25.99,/241/54/214670_LL_1,,info,IMG_FILE_MISSING,,,,,
214670_TU,214670,Backpack VIVIAN Taupe,_TU,Taupe,Hand Bag,Backpack,Nylon,Polyester; Polyurethane,,,25.99,/241/54/214670_TU_1,,info,IMG_FILE_MISSING,,,,,
225077_BL,225077,Sac SCOTS3 Blue,_BL,Blue,Hand Bag,Sac,Fantasy Fabric,Polyester,Silver,,39.99,/242/54/225077_BL_1,,info,IMG_FILE_MISSING,,,,,
225077_YL,225077,Sac SCOTS3 Yellow,_YL,Yellow,Hand Bag,Sac,Fantasy Fabric,Polyester,Silver,,39.99,/242/54/225077_YL_1,,info,IMG_FILE_MISSING,,,,,
225125_BN,225125,Sac LEOPARD CAPSULE Brown,_BN,Brown,Hand Bag,Sac,Printed Nylon,Polyester; Polyurethane,Silver,,25.99,/242/54/225125_BN_1,,info,IMG_FILE_MISSING,,,,,
225502_BK,225502,Crossbody Bag WESTERN3 Black,_BK,Black,Hand Bag,Cross,Fantasy PU,Polyester; Polyurethane,,,27.99,/242/54/225502_BK_1,,info,IMG_FILE_MISSING;SALES_MISSING,,,,,
225502_KK,225502,Crossbody Bag WESTERN3 Khaki,_KK,Khaki,Hand Bag,Cross,Fantasy PU,Polyester; Polyurethane,,,27.99,/242/54/225502_KK_1,,info,IMG_FILE_MISSING;SALES_MISSING,,,,,
225502_TU,225502,Crossbody Bag WESTERN3 Taupe,_TU,Taupe,Hand Bag,Cross,Fantasy PU,Polyester; Polyurethane,,,27.99,/242/54/225502_TU_1,,info,IMG_FILE_MISSING;SALES_MISSING,,,,,
225645_BU,225645,Shoulder Bag COLLAGE3 Burgundy,_BU,Burgundy,Hand Bag,Shoulder Bag,Fantasy Fabric,Polyester; Polyurethane,,,23.99,/242/54/225645_BU_1,,info,IMG_FILE_MISSING,,,,,
225645_GN,225645,Shoulder Bag COLLAGE3 Green,_GN,Green,Hand Bag,Shoulder Bag,Fantasy Fabric,Polyester; Polyurethane,,,23.99,/242/54/225645_GN_1,,info,IMG_FILE_MISSING,,,,,
225660_DM,225660,Sac COLLAGE2 Dark Multicolor,_DM,Dark Multicolor,Hand Bag,Sac,Printed Nylon,Aluminium; Polyester; Polyurethane; Rubber,,,35.99,/242/54/225660_DM_1,,info,IMG_FILE_MISSING,,,,,
226291_BK,226291,Crossbody Bag BROOKE Black,_BK,Black,Hand Bag,Cross,Plain PU,Polyester; Polyurethane,,,27.99,/242/54/226291_BK_1,,info,IMG_FILE_MISSING,,,,,
226291_EC,226291,Crossbody Bag BROOKE Ecru,_EC,Ecru,Hand Bag,Cross,Plain PU,Polyester; Polyurethane,,,27.99,/242/54/226291_EC_1,,info,IMG_FILE_MISSING,,,,,
226291_KK,226291,Crossbody Bag BROOKE Khaki,_KK,Khaki,Hand Bag,Cross,Plain PU,Polyester; Polyurethane,,,27.99,/242/54/226291_KK_1,,info,IMG_FILE_MISSING,,,,,
226310_PK,226310,Crossbody Bag BROOKE Pink,_PK,Pink,Hand Bag,Cross,Jacquard,Polyester; Polyurethane,,,25.99,/242/54/226310_PK_1,,info,IMG_FILE_MISSING,,,,,
226445_RD,226445,Sac SCOTS3 Red,_RD,Red,Hand Bag,Sac,Fantasy PU,Polyurethane,Silver,,25.99,/242/54/226445_RD_1,,info,IMG_FILE_MISSING,,,,,
226454_BK,226454,Sac CORBATERO3 Black,_BK,Black,Hand Bag,Sac,Fantasy PU,Polyester; Polyurethane,Silver,,25.99,/242/54/226454_BK_1,,info,IMG_FILE_MISSING,,,,,
226454_BN,226454,Sac CORBATERO3 Brown,_BN,Brown,Hand Bag,Sac,Fantasy PU,Polyester; Polyurethane,Silver,,25.99,/242/54/226454_BN_1,,info,IMG_FILE_MISSING,,,,,
226454_EC,226454,Sac CORBATERO3 Ecru,_EC,Ecru,Hand Bag,Sac,Fantasy PU,Polyester; Polyurethane,Silver,,25.99,/242/54/226454_EC_1,,info,IMG_FILE_MISSING,,,,,
226454_GN,226454,Sac CORBATERO3 Green,_GN,Green,Hand Bag,Sac,Fantasy PU,Polyester; Polyurethane,Silver,,25.99,/242/54/226454_GN_1,,info,IMG_FILE_MISSING,,,,,
226454_PK,226454,Sac CORBATERO3 Pink,_PK,Pink,Hand Bag,Sac,Fantasy PU,Polyester; Polyurethane,Silver,,25.99,/242/54/226454_PK_1,,info,IMG_FILE_MISSING,,,,,
226515_BG,226515,Tote Bag BUKLEY Beige,_BG,Beige,Hand Bag,Tote,Plain PU,Polyester; Polyurethane; Zinc,,,25.99,/242/54/226515_BG_1,,info,IMG_FILE_MISSING,,,,,
226515_BK,226515,Tote Bag BUKLEY Black,_BK,Black,Hand Bag,Tote,Plain PU,Polyester; Polyurethane; Zinc,,,25.99,/242/54/226515_BK_1,,info,IMG_FILE_MISSING;SALES_MISSING,,,,,
226515_EC,226515,Tote Bag BUKLEY Ecru,_EC,Ecru,Hand Bag,Tote,Plain PU,Polyester; Polyurethane; Zinc,,,25.99,/242/54/226515_EC_1,,info,IMG_FILE_MISSING;SALES_MISSING,,,,,
226688_BK,226688,Tote Bag WESTERN3 Black,_BK,Black,Hand Bag,Tote,Plain PU,Polyester; Polyurethane,Light Golden,,29.99,/242/54/226688_BK_1,,info,IMG_FILE_MISSING;SALES_MISSING,,,,,
226688_TU,226688,Tote Bag WESTERN3 Taupe,_TU,Taupe,Hand Bag,Tote,Plain PU,Polyester; Polyurethane,Light Golden,,29.99,/242/54/226688_TU_1,,info,IMG_FILE_MISSING,,,,,
226917_BU,226917,Backpack LEO3 Burgundy,_BU,Burgundy,Hand Bag,Backpack,Fantasy Fabric,Cotton; Polyester; Thermoplastic Polyurethane,,,59.99,/242/54/226917_BU_1,,info,IMG_FILE_MISSING,,,,,
229316_OR,229316,Shopper Bag BRAIDED LEATHER Orange,_OR,Orange,Hand Bag,Shopper,Leather,Cotton; Cow Leather,Silver,,69.99,/242/54/229316_OR_1,,info,IMG_FILE_MISSING;SALES_MISSING,,,,,
214555_BK,214555,Bracelet ECLIPSE Black,_BK,Black,Jewellery,Bracelets,Elastic Bracelet,Glass; Thermoplastic Polyurethane; Zinc,Golden,,7.99,/232/52/214555_BK_1,,info,IMG_FILE_MISSING,,,,,
214571_BK,214571,Ring ECLIPSE Black,_BK,Black,Jewellery,Rings,Fantasy,Resin; Zinc,Golden,,6.99,/232/52/214571_BK_1,,info,IMG_FILE_MISSING,,,,,
214582_MI,214582,Earring Moonlight azure Midnight Blue,_MI,Midnight Blue,Jewellery,Earrings,Hoop Earrings,Glass; Iron,Other,,5.99,/232/52/214582_MI_1,,info,IMG_FILE_MISSING,,,,,
214600_MI,214600,Earring Moonlight azure Midnight Blue,_MI,Midnight Blue,Jewellery,Earrings,Dangle,Acrylic; Cotton; Glass; Thermoplastic Polyurethane,Other,,12.99,/232/52/214600_MI_1,,info,IMG_FILE_MISSING,,,,,
214638_BM,214638,Earring TREND Bright Multicolor,_BM,Bright Multicolor,Jewellery,Earrings,Dangle,Brass; Glass,Black Nikel,,12.99,/232/52/214638_BM_1,,info,IMG_FILE_MISSING,,,,,
214649_SV,214649,Earring TREND Silver,_SV,Silver,Jewellery,Earrings,Dangle,Brass; Glass,Black Nikel,,12.99,/232/52/214649_SV_1,,info,IMG_FILE_MISSING,,,,,
214672_HM,214672,Earring TREND Halftone Multicolor,_HM,Halftone Multicolor,Jewellery,Earrings,Stud,Acrylic; Iron,Black Nikel,,12.99,/232/52/214672_HM_1,,info,IMG_FILE_MISSING,,,,,
216729_GD,216729,Ring GOLD PLATED COLLECTION Gold,_GD,Gold,Jewellery,Rings,Band Ring,Copper; Zirconium,Gold Plated,,17.99,/241/52/216729_GD_1,,info,IMG_FILE_MISSING,,,,,
216739_GD,216739,Jewellery WEDGE JUTE GOLD Gold,_GD,Gold,Jewellery,Charms,Symbol,Brass,Gold Plated,,12.99,/241/52/216739_GD_1,,info,IMG_FILE_MISSING,,,,,
221266_GD,221266,Earring GLDN DEL Gold,_GD,Gold,Jewellery,Earrings,Stud,Zinc,,,3.99,/242/52/221266_GD_1,221266_GD_1.jpg,info,SALES_MISSING,,,,,
224637_BK,224637,Earring Milagro Black,_BK,Black,Jewellery,Earrings,Dangle,Resin; Zinc,,,5.99,/242/52/224637_BK_1,224637_BK_1.jpg,info,SALES_MISSING,,,,,
224796_BL,224796,Earring NOMADA Blue,_BL,Blue,Jewellery,Earrings,Hoop Earrings,Acrylic; Cork; Zinc,Golden,,5.99,/242/52/224796_BL_1,224796_BL_1.jpg,info,SALES_MISSING,,,,,
225067_BL,225067,Earring ATMOSPHERE Blue,_BL,Blue,Jewellery,Earrings,Hoop Earrings,Acrylic; Cork; Iron; Zinc,Rodhium,,7.99,/242/52/225067_BL_1,,info,IMG_FILE_MISSING,,,,,
225172_SV,225172,Ring SILVER BASICS Silver,_SV,Silver,Jewellery,Rings,Cocktail,Cork; Zinc,Rodhium,,7.99,/242/52/225172_SV_1,,info,IMG_FILE_MISSING,,,,,
225189_SV,225189,Necklace SILVER BASICS Silver,_SV,Silver,Jewellery,Necklaces,Pendant,Iron; Zinc,Rodhium,,10.99,/242/52/225189_SV_1,,info,IMG_FILE_MISSING,,,,,
225230_GD,225230,Earring NEW CLASSIC Gold,_GD,Gold,Jewellery,Earrings,Hoop Earrings,Acrylic; Zinc,Golden,,5.99,/242/52/225230_GD_1,,info,IMG_FILE_MISSING,,,,,
225239_WT,225239,Necklace NEW CLASSIC White,_WT,White,Jewellery,Necklaces,Choker,Cork; Iron; Thermoplastic Polyurethane,Golden,,15.99,/242/52/225239_WT_1,,info,IMG_FILE_MISSING,,,,,
225245_WT,225245,Set of Bracelets NEW CLASSIC White,_WT,White,Jewellery,Bracelets,Elastic Bracelet,Acrylic; Thermoplastic Polyurethane,Golden,,7.99,/242/52/225245_WT_1,,info,IMG_FILE_MISSING,,,,,
225251_PE,225251,Earring NEW CLASSIC Pearl,_PE,Pearl,Jewellery,Earrings,Hoop Earrings,Acrylic; Cork; Iron,Golden,,5.99,/242/52/225251_PE_1,,info,IMG_FILE_MISSING,,,,,
225261_PE,225261,Bracelet NEW CLASSIC Pearl,_PE,Pearl,Jewellery,Bracelets,Elastic Bracelet,Acrylic; Cork; Elastane; Zinc,Golden,,5.99,/242/52/225261_PE_1,,info,IMG_FILE_MISSING,,,,,
225268_WT,225268,Set of Bracelets NEW CLASSIC White,_WT,White,Jewellery,Bracelets,Elastic Bracelet,Acrylic; Copper; Cork; Iron; Thermoplastic Polyurethane,Golden,,7.99,/242/52/225268_WT_1,,info,IMG_FILE_MISSING,,,,,
225279_WT,225279,Necklace NEW CLASSIC White,_WT,White,Jewellery,Necklaces,Beaded Necklace,Acrylic; Cork; Zinc,Other,,15.99,/242/52/225279_WT_1,,info,IMG_FILE_MISSING,,,,,
225504_PE,225504,Earring NEW CLASSIC Pearl,_PE,Pearl,Jewellery,Earrings,Hoop Earrings,Brass; Cork; Steel; Thermoplastic Polyurethane,Golden,,5.99,/242/52/225504_PE_1,,info,IMG_FILE_MISSING,,,,,
225511_GD,225511,Earring NEW CLASSIC Gold,_GD,Gold,Jewellery,Earrings,Stud,Cork; Thermoplastic Polyurethane; Zinc,Golden,,5.99,/242/52/225511_GD_1,,info,IMG_FILE_MISSING,,,,,
225536_GD,225536,Ring Golden Basics Gold,_GD,Gold,Jewellery,Rings,Cocktail,Cork; Zinc,Golden,,5.99,/242/52/225536_GD_1,,info,IMG_FILE_MISSING,,,,,
225596_HM,225596,Necklace MODERN STONES Halftone Multicolor,_HM,Halftone Multicolor,Jewellery,Necklaces,Beaded Necklace,Cork; Iron; Resin; Stone; Thermoplastic Polyurethane; Zinc,Golden,,12.99,/242/52/225596_HM_1,,info,IMG_FILE_MISSING,,,,,
225671_PK,225671,Set of Bracelets MODERN STONES Pink,_PK,Pink,Jewellery,Bracelets,Adjustable Bracelet,Cork; Iron; Resin; Stone; Thermoplastic Polyurethane; Zinc,Golden,,8.99,/242/52/225671_PK_1,,info,IMG_FILE_MISSING,,,,,
225677_HM,225677,Set of Earrings MODERN STONES Halftone Multicolor,_HM,Halftone Multicolor,Jewellery,Earrings,Hoop Earrings,Cork; Enamel; Stone; Thermoplastic Polyurethane; Zinc,Golden,,8.99,/242/52/225677_HM_1,,info,IMG_FILE_MISSING,,,,,
226208_HM,226208,Necklace MODERN STONES Halftone Multicolor,_HM,Halftone Multicolor,Jewellery,Necklaces,Pendant,Cork; Steel; Stone; Thermoplastic Polyurethane; Zinc,,,10.99,/242/52/226208_HM_1,,info,IMG_FILE_MISSING,,,,,
226217_BG,226217,Necklace MODERN STONES Beige,_BG,Beige,Jewellery,Necklaces,Pendant,Brass; Cork; Steel; Thermoplastic Polyurethane; Zinc,,,10.99,/242/52/226217_BG_1,,info,IMG_FILE_MISSING,,,,,
226228_BL,226228,Bracelet MODERN STONES Blue,_BL,Blue,Jewellery,Bracelets,Cuff,Cork; Stone; Zinc,Golden,,6.99,/242/52/226228_BL_1,,info,IMG_FILE_MISSING,,,,,
226231_LK,226231,Bracelet MODERN STONES Light Pink,_LK,Light Pink,Jewellery,Bracelets,Bangle,Brass; Cork; Glass; Thermoplastic Polyurethane,,,9.99,/242/52/226231_LK_1,,info,IMG_FILE_MISSING,,,,,
226231_LN,226231,Bracelet MODERN STONES Light Green,_LN,Light Green,Jewellery,Bracelets,Bangle,Brass; Cork; Glass; Thermoplastic Polyurethane,,,9.99,/242/52/226231_LN_1,,info,IMG_FILE_MISSING,,,,,
226289_HM,226289,Earring MODERN STONES Halftone Multicolor,_HM,Halftone Multicolor,Jewellery,Earrings,Dangle,Brass; Cork; Resin; Stone; Zinc,Golden,,7.99,/242/52/226289_HM_1,,info,IMG_FILE_MISSING,,,,,
226296_HM,226296,Earring MODERN STONES Halftone Multicolor,_HM,Halftone Multicolor,Jewellery,Earrings,Other Earrings,Acrylic; Cork; Iron; Stone,Golden,,7.99,/242/52/226296_HM_1,,info,IMG_FILE_MISSING,,,,,
226345_BU,226345,Earring WESTERNP Burgundy,_BU,Burgundy,Jewellery,Earrings,Stud,Acrylic; Brass; Cork; Zinc,Worn Gold,,7.99,/242/52/226345_BU_1,,info,IMG_FILE_MISSING,,,,,
226353_BU,226353,Necklace WESTERNP Burgundy,_BU,Burgundy,Jewellery,Necklaces,Pendant,Cork; Iron; Stone; Zinc,Worn Gold,,12.99,/242/52/226353_BU_1,,info,IMG_FILE_MISSING,,,,,
226360_SV,226360,Ring LIGHTNING BOLD Silver,_SV,Silver,Jewellery,Rings,Cocktail,Brass; Cork; Zirconium,,,12.99,/242/52/226360_SV_1,,info,IMG_FILE_MISSING,,,,,
226371_GD,226371,Ring LIGHTNING BOLD Gold,_GD,Gold,Jewellery,Rings,Fantasy,Brass; Cork; Glass,Golden,,15.99,/242/52/226371_GD_1,,info,IMG_FILE_MISSING,,,,,
226377_MI,226377,Ring NEPTUNE Midnight Blue,_MI,Midnight Blue,Jewellery,Rings,Cocktail,Thermoplastic Polyurethane,Other,,5.99,/242/52/226377_MI_1,,info,IMG_FILE_MISSING,,,,,
226384_MI,226384,Earring NEPTUNE Midnight Blue,_MI,Midnight Blue,Jewellery,Earrings,Hoop Earrings,Acrylic; Cork; Stainless Steel; Zinc,Black Nikel,,7.99,/242/52/226384_MI_1,,info,IMG_FILE_MISSING;SALES_MISSING,,,,,
226392_BU,226392,Necklace WESTERNP Burgundy,_BU,Burgundy,Jewellery,Necklaces,Pendant,Copper; Cork; Iron; Suede; Thermoplastic Polyurethane; Zinc,Worn Gold,,10.99,/242/52/226392_BU_1,,info,IMG_FILE_MISSING,,,,,
226397_BU,226397,Earring WESTERNP Burgundy,_BU,Burgundy,Jewellery,Earrings,Drop,Cork; Enamel; Zinc,Worn Gold,,8.99,/242/52/226397_BU_1,,info,IMG_FILE_MISSING,,,,,
226403_BU,226403,Ring WESTERNP Burgundy,_BU,Burgundy,Jewellery,Rings,Fantasy,Cork; Enamel; Zinc,Worn Gold,,6.99,/242/52/226403_BU_1,,info,IMG_FILE_MISSING,,,,,
226425_BU,226425,Earring WESTERNP Burgundy,_BU,Burgundy,Jewellery,Earrings,Hoop Earrings,Enamel; Zinc,Worn Gold,,7.99,/242/52/226425_BU_1,,info,IMG_FILE_MISSING,,,,,
226431_BU,226431,Earring WESTERNP Burgundy,_BU,Burgundy,Jewellery,Earrings,Dangle,Cork; Glass; Iron; Resin; Stone; Zinc,Worn Gold,,8.99,/242/52/226431_BU_1,,info,IMG_FILE_MISSING,,,,,
226444_BU,226444,Earring WESTERNP Burgundy,_BU,Burgundy,Jewellery,Earrings,Stud,Copper; Cork; Resin,Worn Gold,,7.99,/242/52/226444_BU_1,,info,IMG_FILE_MISSING,,,,,
226477_GD,226477,Earring LIGHTNING BOLD Gold,_GD,Gold,Jewellery,Earrings,Hoop Earrings,Bronze; Cork; Glass,Golden,,7.99,/242/52/226477_GD_1,,info,IMG_FILE_MISSING,,,,,
226484_SV,226484,Ring LIGHTNING BOLD Silver,_SV,Silver,Jewellery,Rings,Cocktail,Acrylic; Brass; Zirconium,Silver,,7.99,/242/52/226484_SV_1,,info,IMG_FILE_MISSING,,,,,
226492_SV,226492,Earring LIGHTNING BOLD Silver,_SV,Silver,Jewellery,Earrings,Stud,Brass; Cork; Zirconium,,,8.99,/242/52/226492_SV_1,,info,IMG_FILE_MISSING,,,,,
226498_GD,226498,Earring LIGHTNING BOLD Gold,_GD,Gold,Jewellery,Earrings,Hoop Earrings,Brass; Cork; Zirconium,Golden,,8.99,/242/52/226498_GD_1,,info,IMG_FILE_MISSING,,,,,
226504_MI,226504,Earring NEPTUNE Midnight Blue,_MI,Midnight Blue,Jewellery,Earrings,Hoop Earrings,Glass; Zinc,Black Nikel,,7.99,/242/52/226504_MI_1,,info,IMG_FILE_MISSING,,,,,
226519_SV,226519,Necklace LIGHTNING BOLD Silver,_SV,Silver,Jewellery,Necklaces,Chain,Brass; Cork; Glass; Iron,Silver,,12.99,/242/52/226519_SV_1,,info,IMG_FILE_MISSING,,,,,
226527_SV,226527,Earring LIGHTNING BOLD Silver,_SV,Silver,Jewellery,Earrings,Stud,Acrylic; Brass; Zirconium,Silver,,7.99,/242/52/226527_SV_1,,info,IMG_FILE_MISSING,,,,,
226532_GD,226532,Necklace LIGHTNING BOLD Gold,_GD,Gold,Jewellery,Necklaces,Collar,Brass; Cork; Iron; Zirconium,Golden,,29.99,/242/52/226532_GD_1,,info,IMG_FILE_MISSING,,,,,
226581_MI,226581,Earring NEPTUNE Midnight Blue,_MI,Midnight Blue,Jewellery,Earrings,Stud,Cork; Glass; Zinc,Black Nikel,,5.99,/242/52/226581_MI_1,,info,IMG_FILE_MISSING,,,,,
226645_MI,226645,Earring NEPTUNE Midnight Blue,_MI,Midnight Blue,Jewellery,Earrings,Hoop Earrings,Glass; Zinc,,,7.99,/242/52/226645_MI_1,,info,IMG_FILE_MISSING,,,,,
226670_BL,226670,Bracelet ARM MATERA Blue,_BL,Blue,Jewellery,Bracelets,Elastic Bracelet,Brass; Pearl; Stone; Zinc,Golden,,7.99,/242/52/226670_BL_1,,info,IMG_FILE_MISSING,,,,,
226681_BL,226681,Bracelet ARM MATERA Blue,_BL,Blue,Jewellery,Bracelets,Adjustable Bracelet,Nylon; Zinc,Golden,,5.99,/242/52/226681_BL_1,,info,IMG_FILE_MISSING,,,,,
226697_MI,226697,Ring NEPTUNE Midnight Blue,_MI,Midnight Blue,Jewellery,Rings,Cocktail,Cork; Glass; Resin; Zinc,Black Nikel,,6.99,/242/52/226697_MI_1,,info,IMG_FILE_MISSING;SALES_MISSING,,,,,
226705_SV,226705,Necklace NEPTUNE Silver,_SV,Silver,Jewellery,Necklaces,Y-Necklace,Copper; Cork; Glass,Black Nikel,,12.99,/242/52/226705_SV_1,,info,IMG_FILE_MISSING,,,,,
226711_MI,226711,Set of Necklaces NEPTUNE Midnight Blue,_MI,Midnight Blue,Jewellery,Necklaces,Beaded Necklace,Brass; Cork; Glass; Iron; Resin; Zirconium,Black Nikel,,15.99,/242/52/226711_MI_1,,info,IMG_FILE_MISSING,,,,,
226715_GN,226715,Earring NEOPOP Green,_GN,Green,Jewellery,Earrings,Drop,Acrylic; Glass; Rubber,Black Nikel,,8.99,/242/52/226715_GN_1,,info,IMG_FILE_MISSING,,,,,
226715_MI,226715,Earring NEPTUNE Midnight Blue,_MI,Midnight Blue,Jewellery,Earrings,Drop,Acrylic; Glass; Rubber,Black Nikel,,8.99,/242/52/226715_MI_1,,info,IMG_FILE_MISSING,,,,,
226715_RO,226715,Earring NEOPOP Old Rose,_RO,Old Rose,Jewellery,Earrings,Drop,Acrylic; Glass; Rubber,Black Nikel,,8.99,/242/52/226715_RO_1,,info,IMG_FILE_MISSING,,,,,
226871_GD,226871,Earring Golden Basics Gold,_GD,Gold,Jewellery,Earrings,Clip Earrings,Brass; Cork; Zinc,Golden,,5.99,/242/52/226871_GD_1,,info,IMG_FILE_MISSING,,,,,
226882_DM,226882,Necklace GALÁPAGOS Dark Multicolor,_DM,Dark Multicolor,Jewellery,Necklaces,Beaded Necklace,Cork; Iron; Resin; Stone,Antik Golden,,15.99,/242/52/226882_DM_1,,info,IMG_FILE_MISSING,,,,,
226892_DB,226892,Earring GALÁPAGOS Dark Brown,_DB,Dark Brown,Jewellery,Earrings,Stud,Acrylic; Cork; Thermoplastic Polyurethane; Zinc,Antik Golden,,7.99,/242/52/226892_DB_1,,info,IMG_FILE_MISSING,,,,,
226898_DM,226898,Necklace GALÁPAGOS Dark Multicolor,_DM,Dark Multicolor,Jewellery,Necklaces,Collar,Acrylic; Cork; Iron; Stone; Zinc,Antik Golden,,15.99,/242/52/226898_DM_1,,info,IMG_FILE_MISSING,,,,,
226934_SV,226934,Bracelet SILVER BASICS Silver,_SV,Silver,Jewellery,Bracelets,Elastic Bracelet,Brass; Cork,Rodhium,,7.99,/242/52/226934_SV_1,,info,IMG_FILE_MISSING,,,,,
226968_FG,226968,Earring GALÁPAGOS Forest Green,_FG,Forest Green,Jewellery,Earrings,Hoop Earrings,Cork; Steel; Thermoplastic Polyurethane; Zinc,Antik Golden,,8.99,/242/52/226968_FG_1,,info,IMG_FILE_MISSING,,,,,
226974_FG,226974,Earring GALÁPAGOS Forest Green,_FG,Forest Green,Jewellery,Earrings,Dangle,Cork; Thermoplastic Polyurethane; Zinc,Antik Golden,,5.99,/242/52/226974_FG_1,,info,IMG_FILE_MISSING,,,,,
226980_DM,226980,Necklace GALÁPAGOS Dark Multicolor,_DM,Dark Multicolor,Jewellery,Necklaces,Chain,Cork; Iron; Resin; Stone,Antik Golden,,17.99,/242/52/226980_DM_1,,info,IMG_FILE_MISSING,,,,,
227002_BL,227002,Necklace QUADROS Blue,_BL,Blue,Jewellery,Necklaces,Collar,Cork; Iron; Resin; Zinc,Rodhium,,32.99,/242/52/227002_BL_1,,info,IMG_FILE_MISSING,,,,,
227002_BU,227002,Necklace QUADROS Burgundy,_BU,Burgundy,Jewellery,Necklaces,Collar,Cork; Iron; Resin; Zinc,Rodhium,,32.99,/242/52/227002_BU_1,,info,IMG_FILE_MISSING,,,,,
2270071SV,227007,Ring QUADROS Silver,1SV,Silver,Jewellery,Rings,Cocktail,Brass; Zinc,Rodhium,,15.99,/242/52/2270071SV_1,,info,IMG_FILE_MISSING,,,,,
227024_DB,227024,Ring GALÁPAGOS Dark Brown,_DB,Dark Brown,Jewellery,Rings,Band Ring,Cork; Resin; Zinc,Antik Golden,,6.99,/242/52/227024_DB_1,,info,IMG_FILE_MISSING,,,,,
227030_DB,227030,Earring GALÁPAGOS Dark Brown,_DB,Dark Brown,Jewellery,Earrings,Stud,Cork; Resin; Zinc,Antik Golden,,5.99,/242/52/227030_DB_1,,info,IMG_FILE_MISSING,,,,,
227037_DM,227037,Earring GALÁPAGOS Dark Multicolor,_DM,Dark Multicolor,Jewellery,Earrings,Hoop Earrings,Cork; Iron; Stone,,,9.99,/242/52/227037_DM_1,,info,IMG_FILE_MISSING,,,,,
227043_DB,227043,Earring GALÁPAGOS Dark Brown,_DB,Dark Brown,Jewellery,Earrings,Stud,Cork; Resin; Zinc,Antik Golden,,5.99,/242/52/227043_DB_1,,info,IMG_FILE_MISSING,,,,,
227083_PE,227083,Earring NEW CLASSIC Pearl,_PE,Pearl,Jewellery,Earrings,Stud,Acrylic; Cork,Other,,8.99,/242/52/227083_PE_1,,info,IMG_FILE_MISSING,,,,,
227113_DM,227113,Earring NEOPOP Dark Multicolor,_DM,Dark Multicolor,Jewellery,Earrings,Hoop Earrings,Glass; Resin,Black Nikel,,8.99,/242/52/227113_DM_1,,info,IMG_FILE_MISSING,,,,,
227153_DM,227153,Ring NEOPOP Dark Multicolor,_DM,Dark Multicolor,Jewellery,Rings,Fantasy,Brass; Cork; Glass,Rodhium,,6.99,/242/52/227153_DM_1,,info,IMG_FILE_MISSING,,,,,
227167_DM,227167,Necklace NEOPOP Dark Multicolor,_DM,Dark Multicolor,Jewellery,Necklaces,Beaded Necklace,Brass; Cork; Glass; Iron; Resin; Zinc,,,17.99,/242/52/227167_DM_1,,info,IMG_FILE_MISSING,,,,,
227174_RO,227174,Earring NEOPOP Old Rose,_RO,Old Rose,Jewellery,Earrings,Hoop Earrings,Cork; Glass; Zinc,Black Nikel,,8.99,/242/52/227174_RO_1,,info,IMG_FILE_MISSING,,,,,
227191_DM,227191,Earring NEOPOP Dark Multicolor,_DM,Dark Multicolor,Jewellery,Earrings,Clip Earrings,Cork; Glass; Resin,Black Nikel,,5.99,/242/52/227191_DM_1,,info,IMG_FILE_MISSING,,,,,
227202_DM,227202,Earring NEOPOP Dark Multicolor,_DM,Dark Multicolor,Jewellery,Earrings,Clip Earrings,Copper; Cork; Iron; Resin,,,9.99,/242/52/227202_DM_1,,info,IMG_FILE_MISSING,,,,,
227207_GN,227207,Earring NEOPOP Green,_GN,Green,Jewellery,Earrings,Hoop Earrings,Cork; Enamel; Glass; Zinc,,,9.99,/242/52/227207_GN_1,,info,IMG_FILE_MISSING,,,,,
227207_RO,227207,Earring NEOPOP Old Rose,_RO,Old Rose,Jewellery,Earrings,Hoop Earrings,Cork; Enamel; Glass; Zinc,,,9.99,/242/52/227207_RO_1,,info,IMG_FILE_MISSING,,,,,
227247_GD,227247,Set of Necklaces PERMANENT - SUSPENDED FR Gold,_GD,Gold,Jewellery,Necklaces,Pendant,Acrylic; Copper; Zinc,,,12.99,/242/52/227247_GD_1,,info,IMG_FILE_MISSING,,,,,
227995_MI,227995,Earring NEPTUNE Midnight Blue,_MI,Midnight Blue,Jewellery,Earrings,Clip Earrings,Brass; Cork; Enamel; Zinc,Black Nikel,,5.99,/242/52/227995_MI_1,,info,IMG_FILE_MISSING;SALES_MISSING,,,,,
228001_GD,228001,Earring Golden Basics Gold,_GD,Gold,Jewellery,Earrings,Clip Earrings,Brass; Zinc,Golden,,5.99,/242/52/228001_GD_1,,info,IMG_FILE_MISSING;SALES_MISSING,,,,,
228009_BK,228009,Earring Milagro Black,_BK,Black,Jewellery,Earrings,Clip Earrings,Brass; Cork; Thermoplastic Polyurethane; Zinc,Golden,,5.99,/242/52/228009_BK_1,,info,IMG_FILE_MISSING,,,,,
228020_BK,228020,Bracelet Milagro Black,_BK,Black,Jewellery,Bracelets,Cuff,Cork; Steel; Thermoplastic Polyurethane,Golden,,6.99,/242/52/228020_BK_1,,info,IMG_FILE_MISSING;SALES_MISSING,,,,,
229396_SV,229396,Necklace COWBOY Silver,_SV,Silver,Jewellery,Necklaces,Collar,Acrylic; Cork; Iron,Silver,,32.99,/242/52/229396_SV_1,,info,IMG_FILE_MISSING;SALES_MISSING,,,,,
229460_BM,229460,Necklace FUNNY COLLECTION Bright Multicolor,_BM,Bright Multicolor,Jewellery,Necklaces,Pendant,Cork; Glass; Iron; Stone,Golden,,29.99,/242/52/229460_BM_1,,info,IMG_FILE_MISSING;SALES_MISSING,,,,,
214561_AQ,214561,Card Holder gina Aquamarine,_AQ,Aquamarine,Wallet,Card Holder,Plain PU,Polyester; Polyurethane; Thermoplastic Polyurethane,,,9.99,/232/62/214561_AQ_1,,info,IMG_FILE_MISSING,,,,,
214561_EC,214561,Card Holder gina Ecru,_EC,Ecru,Wallet,Card Holder,Plain PU,Polyester; Polyurethane; Thermoplastic Polyurethane,,,9.99,/232/62/214561_EC_1,,info,IMG_FILE_MISSING,,,,,
214616_BK,214616,Wallet CAMI 2 Black,_BK,Black,Wallet,Wallet,Animal Embossed PU,Polyester; Polyurethane,Silver,,17.99,/241/62/214616_BK_1,,info,IMG_FILE_MISSING,,,,,
225076_RD,225076,Wallet SCOTS3 Red,_RD,Red,Wallet,Wallet,Fantasy PU,Polyester; Polyurethane,,,15.99,/242/62/225076_RD_1,,info,IMG_FILE_MISSING,,,,,
225867_CA,225867,Wallet GLORIA Camel,_CA,Camel,Wallet,Wallet,Real Fur,Cow Leather; Polyester; Polyurethane,,,17.99,/242/62/225867_CA_1,,info,IMG_FILE_MISSING;SALES_MISSING,,,,,
226319_BK,226319,Phone Holder BROOKE Black,_BK,Black,Wallet,Phone Holder,Jacquard,Polyester; Polyurethane,Light Golden,,17.99,/242/62/226319_BK_1,,info,IMG_FILE_MISSING,,,,,
226624_BK,226624,Phone Holder DOLLY Black,_BK,Black,Wallet,Phone Holder,Nylon,Polyamide; Polyester,,,17.99,/242/62/226624_BK_1,,info,IMG_FILE_MISSING;SALES_MISSING,,,,,
227018_CA,227018,Phone Holder PARKER Camel,_CA,Camel,Wallet,Phone Holder,Nylon,Polyester; Polyurethane,,,17.99,/242/62/227018_CA_1,,info,IMG_FILE_MISSING,,,,,
227018_EC,227018,Phone Holder PARKER Ecru,_EC,Ecru,Wallet,Phone Holder,Nylon,Polyester; Polyurethane,,,17.99,/242/62/227018_EC_1,,info,IMG_FILE_MISSING;SALES_MISSING,,,,,
227518_DM,227518,Multipurpose Purse DOLLY Dark Multicolor,_DM,Dark Multicolor,Wallet,Multipurpose Purse,Printed Nylon,Polyester,,,17.99,/242/62/227518_DM_1,,info,IMG_FILE_MISSING;SALES_MISSING,,,,,
203729_OL,203729,Trousers ESSENTIALS T DISPLAY 1 Olive,_OL,Olive,Apparel,Trousers,Woven,Polyamide; Polyester; Viscose,,Viscose,29.99,/231/64/203729_OL_1,203729_OL_1.jpg,none,,,,,,
206648_BM,206648,Kimono REPEAT Bright Multicolor,_BM,Bright Multicolor,Apparel,Kimono,Woven,Viscose,,Viscose,32.99,/231/64/206648_BM_1,206648_BM_1.jpg,none,,,,,,
207269_KK,207269,Dress TAOR Khaki,_KK,Khaki,Apparel,Dress,Woven,Polyester,,Polyester,39.99,/232/64/207269_KK_1,207269_KK_1.jpg,none,,,,,,
207648_BK,207648,T-shirt BLACKWHITE Black,_BK,Black,Apparel,T-shirt,Circular,Cotton; Polyester; Viscose,,Viscose,15.99,/232/64/207648_BK_1,207648_BK_1.jpg,none,,,,,,
207648_FU,207648,T-shirt BILL Fuchsia,_FU,Fuchsia,Apparel,T-shirt,Circular,Cotton; Polyester; Viscose,,Viscose,15.99,/232/64/207648_FU_1,207648_FU_1.jpg,none,,,,,,
207648_WT,207648,T-shirt ESSENTIALS T DISPLAY 1 White,_WT,White,Apparel,T-shirt,Circular,Cotton; Polyester; Viscose,,Viscose,15.99,/232/64/207648_WT_1,207648_WT_1.jpg,none,,,,,,
208146_BM,208146,Shirt REPEAT Bright Multicolor,_BM,Bright Multicolor,Apparel,Shirt,Woven,Cotton,,Cotton,22.99,/231/64/208146_BM_1,208146_BM_1.jpg,none,,,,,,
209628_TQ,209628,Shirt VIMBA Turquoise,_TQ,Turquoise,Apparel,Shirt,Woven,Cotton,,Cotton,19.99,/232/64/209628_TQ_1,209628_TQ_1.jpg,none,,,,,,
209823_BM,209823,Shirt PAULINE Bright Multicolor,_BM,Bright Multicolor,Apparel,Shirt,Woven,Viscose,,Viscose,25.99,/232/64/209823_BM_1,209823_BM_1.jpg,none,,,,,,
209830_BM,209830,Dress PAULINE Bright Multicolor,_BM,Bright Multicolor,Apparel,Dress,Woven,Viscose,,Viscose,32.99,/232/64/209830_BM_1,209830_BM_1.jpg,none,,,,,,
209853_BG,209853,Dress VIMBA Beige,_BG,Beige,Apparel,Dress,Woven,Linen,,Linen,45.99,/232/64/209853_BG_1,209853_BG_1.jpg,none,,,,,,
209884_BM,209884,Dress QUAN Bright Multicolor,_BM,Bright Multicolor,Apparel,Dress,Woven,Cotton,,Cotton,32.99,/232/64/209884_BM_1,209884_BM_1.jpg,none,,,,,,
209884_NM,209884,Dress QUAN Neutral Multicolor,_NM,Neutral Multicolor,Apparel,Dress,Woven,Cotton,,Cotton,32.99,/232/64/209884_NM_1,209884_NM_1.jpg,none,,,,,,
210113_LN,210113,Jumpsuit LOVEBOX3 Light Green,_LN,Light Green,Apparel,Jumpsuit,Woven,Lyocell,,Lyocell,32.99,/232/64/210113_LN_1,210113_LN_1.jpg,none,,,,,,
210256_BM,210256,Dress SKALLI Bright Multicolor,_BM,Bright Multicolor,Apparel,Dress,Woven,Modal,,Modal,27.99,/232/64/210256_BM_1,210256_BM_1.jpg,none,,,,,,
210485_BM,210485,Dress ESSENTIALS T DISPLAY 1 Bright Multicolor,_BM,Bright Multicolor,Apparel,Dress,Woven,Cotton,,Cotton,25.99,/232/64/210485_BM_1,210485_BM_1.jpg,none,,,,,,
210794_BM,210794,Dress LOVEBOX4 Bright Multicolor,_BM,Bright Multicolor,Apparel,Dress,Woven,Cotton,,Cotton,25.99,/232/64/210794_BM_1,210794_BM_1.jpg,none,,,,,,
210837_BM,210837,Kaftan SKALLI Bright Multicolor,_BM,Bright Multicolor,Apparel,Kaftan,Woven,Cotton; Elastodieno; Modal,,Cotton,29.99,/232/64/210837_BM_1,210837_BM_1.jpg,none,,,,,,
210892_BU,210892,Kaftan ESSENTIALS T DISPLAY 1 Burgundy,_BU,Burgundy,Apparel,Kaftan,Woven,Polyester; Viscose,,Polyester,22.99,/232/64/210892_BU_1,210892_BU_1.jpg,none,,,,,,
210892_OR,210892,Kaftan ESSENTIALS T DISPLAY 1 Orange,_OR,Orange,Apparel,Kaftan,Woven,Polyester; Viscose,,Polyester,22.99,/232/64/210892_OR_1,210892_OR_1.jpg,none,,,,,,
210903_BM,210903,Shirt KATELL Bright Multicolor,_BM,Bright Multicolor,Apparel,Shirt,Woven,Cotton,,Cotton,22.99,/232/64/210903_BM_1,210903_BM_1.jpg,none,,,,,,
210925_WT,210925,Sweatshirt NOTO White,_WT,White,Apparel,Sweatshirt,Circular,Cotton; Polyester,,Cotton,32.99,/232/64/210925_WT_1,210925_WT_1.jpg,none,,,,,,
210984_BM,210984,Shirt LAB JUNHO Bright Multicolor,_BM,Bright Multicolor,Apparel,Shirt,Woven,Lyocell; Polyamide,,Lyocell,32.99,/232/64/210984_BM_1,210984_BM_1.jpg,none,,,,,,
211265_BK,211265,Jumpsuit QUAN Black,_BK,Black,Apparel,Jumpsuit,Circular,Elastane; Polyester,,Polyester,22.99,/232/64/211265_BK_1,211265_BK_1.jpg,none,,,,,,
211265_KK,211265,Jumpsuit QUAN Khaki,_KK,Khaki,Apparel,Jumpsuit,Circular,Elastane; Polyester,,Polyester,22.99,/232/64/211265_KK_1,211265_KK_1.jpg,none,,,,,,
211265_RD,211265,Jumpsuit QUAN Red,_RD,Red,Apparel,Jumpsuit,Circular,Elastane; Polyester,,Polyester,22.99,/232/64/211265_RD_1,211265_RD_1.jpg,none,,,,,,
211303_KK,211303,Dress LOVEBOX Khaki,_KK,Khaki,Apparel,Dress,Woven,Cotton; Lyocell; Polyamide,,Lyocell,39.99,/232/64/211303_KK_1,211303_KK_1.jpg,none,,,,,,
211377_BM,211377,Kimono ESSENTIALS T DISPLAY 1 Bright Multicolor,_BM,Bright Multicolor,Apparel,Kimono,Woven,Viscose,,Viscose,29.99,/232/64/211377_BM_1,211377_BM_1.jpg,none,,,,,,
211448_DM,211448,Dress NOTO Dark Multicolor,_DM,Dark Multicolor,Apparel,Dress,Woven,Viscose,,Viscose,27.99,/232/64/211448_DM_1,211448_DM_1.jpg,none,,,,,,
211488_BM,211488,Dress TORANJA Bright Multicolor,_BM,Bright Multicolor,Apparel,Dress,Woven,Modal,,Modal,25.99,/232/64/211488_BM_1,211488_BM_1.jpg,none,,,,,,
211503_BM,211503,Shirt LAB JUNHO Bright Multicolor,_BM,Bright Multicolor,Apparel,Shirt,Woven,Ramie,,Linen,39.99,/232/64/211503_BM_1,211503_BM_1.jpg,none,,,,,,
211579_BM,211579,Dress CAPRI 2 Bright Multicolor,_BM,Bright Multicolor,Apparel,Dress,Woven,Elastane; Polyester,,Polyester,29.99,/232/64/211579_BM_1,211579_BM_1.jpg,none,,,,,,
211651_WT,211651,Shirt LAB JULHO White,_WT,White,Apparel,Shirt,Woven,Cotton,,Cotton,39.99,/232/64/211651_WT_1,211651_WT_1.jpg,none,,,,,,
211912_BM,211912,Dress TUSCA Bright Multicolor,_BM,Bright Multicolor,Apparel,Dress,Woven,Viscose,,Viscose,29.99,/232/64/211912_BM_1,211912_BM_1.jpg,none,,,,,,
212062_BL,212062,Trousers LAB AGOSTO Blue,_BL,Blue,Apparel,Trousers,Woven,Polyamide,,Polyamide,29.99,/232/64/212062_BL_1,212062_BL_1.jpg,none,,,,,,
212062_SV,212062,Trousers LAB AGOSTO Silver,_SV,Silver,Apparel,Trousers,Woven,Polyamide,,Polyamide,29.99,/232/64/212062_SV_1,212062_SV_1.jpg,none,,,,,,
212079_KK,212079,Dress LAB JUNHO Khaki,_KK,Khaki,Apparel,Dress,Woven,Cotton; Lyocell; Polyamide,,Lyocell,49.99,/232/64/212079_KK_1,212079_KK_1.jpg,none,,,,,,
212174_EC,212174,Trousers LAB JUNHO Ecru,_EC,Ecru,Apparel,Trousers,Woven,Linen,,Linen,39.99,/232/64/212174_EC_1,212174_EC_1.jpg,none,,,,,,
212185_BM,212185,Top TAOR Bright Multicolor,_BM,Bright Multicolor,Apparel,Top,Woven,Elastane; Polyester,,Polyester,15.99,/232/64/212185_BM_1,212185_BM_1.jpg,none,,,,,,
212191_BN,212191,Top MAXI MAIO Brown,_BN,Brown,Apparel,Top,Woven,Cotton,,Cotton,22.99,/232/64/212191_BN_1,212191_BN_1.jpg,none,,,,,,
212191_WT,212191,Top MAXI MAIO White,_WT,White,Apparel,Top,Woven,Cotton,,Cotton,22.99,/232/64/212191_WT_1,212191_WT_1.jpg,none,,,,,,
212199_BM,212199,Shirt NOTO Bright Multicolor,_BM,Bright Multicolor,Apparel,Shirt,Woven,Cotton,,Cotton,23.99,/232/64/212199_BM_1,212199_BM_1.jpg,none,,,,,,
212221_KK,212221,Jumpsuit MAXI MAIO Khaki,_KK,Khaki,Apparel,Jumpsuit,Woven,Linen,,Linen,39.99,/232/64/212221_KK_1,212221_KK_1.jpg,none,,,,,,
212221_OR,212221,Jumpsuit MAXI MAIO Orange,_OR,Orange,Apparel,Jumpsuit,Woven,Linen,,Linen,39.99,/232/64/212221_OR_1,212221_OR_1.jpg,none,,,,,,
212221_RD,212221,Jumpsuit MAXI MAIO Red,_RD,Red,Apparel,Jumpsuit,Woven,Linen,,Linen,39.99,/232/64/212221_RD_1,212221_RD_1.jpg,none,,,,,,
212225_BG,212225,Trousers MAXI MAIO Beige,_BG,Beige,Apparel,Trousers,Woven,Polyamide; Viscose,,Viscose,35.99,/232/64/212225_BG_1,212225_BG_1.jpg,none,,,,,,
212225_BK,212225,Trousers MAXI MAIO Black,_BK,Black,Apparel,Trousers,Woven,Polyamide; Viscose,,Viscose,35.99,/232/64/212225_BK_1,212225_BK_1.jpg,none,,,,,,
212225_KK,212225,Trousers MAXI MAIO Khaki,_KK,Khaki,Apparel,Trousers,Woven,Polyamide; Viscose,,Viscose,35.99,/232/64/212225_KK_1,212225_KK_1.jpg,none,,,,,,
212225_RD,212225,Trousers MAXI MAIO Red,_RD,Red,Apparel,Trousers,Woven,Polyamide; Viscose,,Viscose,35.99,/232/64/212225_RD_1,212225_RD_1.jpg,none,,,,,,
212225_WT,212225,Trousers MAXI MAIO White,_WT,White,Apparel,Trousers,Woven,Polyamide; Viscose,,Viscose,35.99,/232/64/212225_WT_1,212225_WT_1.jpg,none,,,,,,
212281_BM,212281,Shirt LAB JUNHO Bright Multicolor,_BM,Bright Multicolor,Apparel,Shirt,Woven,Cotton,,Cotton,29.99,/232/64/212281_BM_1,212281_BM_1.jpg,none,,,,,,
212413_SV,212413,Shirt LAB AGOSTO Silver,_SV,Silver,Apparel,Shirt,Woven,Cotton; Elastodieno,,Cotton,32.99,/232/64/212413_SV_1,212413_SV_1.jpg,none,,,,,,
212458_BM,212458,Dress Luna Bright Multicolor,_BM,Bright Multicolor,Apparel,Dress,Woven,Cotton,,Cotton,25.99,/232/64/212458_BM_1,212458_BM_1.jpg,none,,,,,,
212458_RD,212458,Dress Luna Red,_RD,Red,Apparel,Dress,Woven,Cotton,,Cotton,23.99,/232/64/212458_RD_1,212458_RD_1.jpg,none,,,,,,
212458_WT,212458,Dress Luna White,_WT,White,Apparel,Dress,Woven,Cotton,,Cotton,23.99,/232/64/212458_WT_1,212458_WT_1.jpg,none,,,,,,
212537_FU,212537,Sweater Capri Fuchsia,_FU,Fuchsia,Apparel,Sweater,Knit,Acrylic; Polyamide; Wool; recycled polyester,,Acrylic,35.99,/232/64/212537_FU_1,212537_FU_1.jpg,none,,,,,,
212617_KK,212617,Trousers Luna Khaki,_KK,Khaki,Apparel,Trousers,Woven,Viscose,,Viscose,27.99,/232/64/212617_KK_1,212617_KK_1.jpg,none,,,,,,
212653_GY,212653,T-shirt TWINS Grey,_GY,Grey,Apparel,T-shirt,Circular,Elastane; Polyester; Viscose,,Viscose,23.99,/232/64/212653_GY_1,212653_GY_1.jpg,none,,,,,,
212653_RD,212653,T-shirt TWINS Red,_RD,Red,Apparel,T-shirt,Circular,Elastane; Polyester; Viscose,,Viscose,23.99,/232/64/212653_RD_1,212653_RD_1.jpg,none,,,,,,
212654_RD,212654,Sweater PRIESTLY Red,_RD,Red,Apparel,Sweater,Knit,Acrylic; Alpaca; Elastane; Polyamide; Wool,,Nylon,29.99,/232/64/212654_RD_1,212654_RD_1.jpg,none,,,,,,
212703_EC,212703,Sweater LAB AGOSTO Ecru,_EC,Ecru,Apparel,Sweater,Knit,Polyamide; Polyester; Viscose,,Polyamide,35.99,/232/64/212703_EC_1,212703_EC_1.jpg,none,,,,,,
212703_FU,212703,Sweater LAB AGOSTO Fuchsia,_FU,Fuchsia,Apparel,Sweater,Knit,Polyamide; Polyester; Viscose,,Polyamide,35.99,/232/64/212703_FU_1,212703_FU_1.jpg,none,,,,,,
212746_BL,212746,Top KATELL Blue,_BL,Blue,Apparel,Top,Knit,Polyamide,,Polyamide,17.99,/232/64/212746_BL_1,212746_BL_1.jpg,none,,,,,,
212846_BM,212846,Trousers Holt 3 Bright Multicolor,_BM,Bright Multicolor,Apparel,Trousers,Woven,Viscose,,Viscose,32.99,/232/64/212846_BM_1,212846_BM_1.jpg,none,,,,,,
213056_PK,213056,Dress Capri Pink,_PK,Pink,Apparel,Dress,Woven,Elastane; Polyamide; Polyester,,Polyester,35.99,/232/64/213056_PK_1,213056_PK_1.jpg,none,,,,,,
213360_YL,213360,Vest PICASSO Yellow,_YL,Yellow,Apparel,Vest,Woven,Polyamide; Polyester,,Polyester,29.99,/232/64/213360_YL_1,213360_YL_1.jpg,none,,,,,,
213429_BL,213429,Dress LAB OUTUBRO Blue,_BL,Blue,Apparel,Dress,Woven,Polyester,,Polyester,39.99,/232/64/213429_BL_1,213429_BL_1.jpg,none,,,,,,
213429_GY,213429,Dress LAB OUTUBRO Grey,_GY,Grey,Apparel,Dress,Woven,Polyester,,Polyester,39.99,/232/64/213429_GY_1,213429_GY_1.jpg,none,,,,,,
213474_BU,213474,Shirt MIRÓ 2 Burgundy,_BU,Burgundy,Apparel,Shirt,Woven,Lyocell; Viscose,,Lyocell,35.99,/232/64/213474_BU_1,213474_BU_1.jpg,none,,,,,,
213474_EC,213474,Shirt HOT Ecru,_EC,Ecru,Apparel,Shirt,Woven,Lyocell; Viscose,,,35.99,/241/64/213474_EC_1,213474_EC_1.jpg,none,,,,,,
213474_GN,213474,Shirt HOT Green,_GN,Green,Apparel,Shirt,Woven,Lyocell; Viscose,,,35.99,/241/64/213474_GN_1,213474_GN_1.jpg,none,,,,,,
213551_BM,213551,Shirt PICASSO Bright Multicolor,_BM,Bright Multicolor,Apparel,Shirt,Woven,Viscose,,Viscose,29.99,/232/64/213551_BM_1,213551_BM_1.jpg,none,,,,,,
213655_NV,213655,Shirt NIGEL Navy,_NV,Navy,Apparel,Shirt,Woven,Viscose,,Viscose,35.99,/232/64/213655_NV_1,213655_NV_1.jpg,none,,,,,,
213669_BG,213669,Shirt MIRÓ 2 Beige,_BG,Beige,Apparel,Shirt,Woven,Cupro; Viscose,,Viscose,39.99,/232/64/213669_BG_1,213669_BG_1.jpg,none,,,,,,
213669_KK,213669,Shirt MIRÓ 1 Khaki,_KK,Khaki,Apparel,Shirt,Woven,Cupro; Viscose,,Viscose,39.99,/232/64/213669_KK_1,213669_KK_1.jpg,none,,,,,,
213691_GN,213691,Sweater ESSENTIALS T DISPLAY 1 Green,_GN,Green,Apparel,Sweater,Knit,Acrylic; Alpaca; Elastane; Polyamide; Polyester; Wool,,Acrylic,32.99,/232/64/213691_GN_1,213691_GN_1.jpg,none,,,,,,
213691_GY,213691,Sweater ESSENTIALS T DISPLAY 1 Grey,_GY,Grey,Apparel,Sweater,Knit,Acrylic; Alpaca; Elastane; Polyamide; Polyester; Wool,,Acrylic,32.99,/232/64/213691_GY_1,213691_GY_1.jpg,none,,,,,,
213691_LM,213691,Sweater ESSENTIALS T DISPLAY 1 Lime,_LM,Lime,Apparel,Sweater,Knit,Acrylic; Alpaca; Elastane; Polyamide; Polyester; Wool,,Acrylic,32.99,/232/64/213691_LM_1,213691_LM_1.jpg,none,,,,,,
213691_RD,213691,Sweater WINTERDZ Red,_RD,Red,Apparel,Sweater,Knit,Acrylic; Alpaca; Elastane; Polyamide; Polyester; Wool,,,32.99,/241/64/213691_RD_1,213691_RD_1.jpg,none,,,,,,
213705_AN,213705,Trousers T1 ESSENTIALS Anthracite,_AN,Anthracite,Apparel,Trousers,Circular,Elastane; Modal; Polyester,,,27.99,/241/64/213705_AN_1,213705_AN_1.jpg,none,,,,,,
213705_BL,213705,Trousers T1 ESSENTIALS Blue,_BL,Blue,Apparel,Trousers,Circular,Elastane; Modal; Polyester,,,27.99,/241/64/213705_BL_1,213705_BL_1.jpg,none,,,,,,
213705_BM,213705,Trousers PRIESTLY Bright Multicolor,_BM,Bright Multicolor,Apparel,Trousers,Circular,Elastane; Modal; Polyester,,Modal,27.99,/232/64/213705_BM_1,213705_BM_1.jpg,none,,,,,,
213705_IG,213705,Trousers T1 ESSENTIALS Indigo,_IG,Indigo,Apparel,Trousers,Circular,Elastane; Modal; Polyester,,Modal,27.99,/242/64/213705_IG_1,213705_IG_1.jpg,none,,,,,,
213705_KK,213705,Trousers T1 ESSENTIALS Khaki,_KK,Khaki,Apparel,Trousers,Circular,Elastane; Modal; Polyester,,,27.99,/232/64/213705_KK_1,213705_KK_1.jpg,none,,,,,,
213705_WT,213705,Trousers T1 ESSENTIALS White,_WT,White,Apparel,Trousers,Circular,Elastane; Modal; Polyester,,,27.99,/241/64/213705_WT_1,213705_WT_1.jpg,none,,,,,,
213785_BU,213785,Top NIGEL Burgundy,_BU,Burgundy,Apparel,Top,Woven,Viscose,,Viscose,35.99,/232/64/213785_BU_1,213785_BU_1.jpg,none,,,,,,
213865_BM,213865,Cardigan ESSENTIALS T DISPLAY 1 Bright Multicolor,_BM,Bright Multicolor,Apparel,Cardigan,Knit,Polyamide; Polyester; Viscose,,Viscose,39.99,/232/64/213865_BM_1,213865_BM_1.jpg,none,,,,,,
213965_DM,213965,Sweater MIRÓ 4 Dark Multicolor,_DM,Dark Multicolor,Apparel,Sweater,Knit,Acrylic; Elastane; Polyamide; Polyester; Wool,,Acrylic,35.99,/232/64/213965_DM_1,213965_DM_1.jpg,none,,,,,,
213977_OR,213977,Poncho SummercapsuleSET Orange,_OR,Orange,Apparel,Poncho,Woven,Polyamide; Polyester; Viscose,,Viscose,35.99,/232/64/213977_OR_1,213977_OR_1.jpg,none,,,,,,
213977_PU,213977,Poncho SummercapsuleSET Purple,_PU,Purple,Apparel,Poncho,Woven,Polyamide; Polyester; Viscose,,Viscose,35.99,/232/64/213977_PU_1,213977_PU_1.jpg,none,,,,,,
214006_BG,214006,Sweater MAXI 27/09 Beige,_BG,Beige,Apparel,Sweater,Knit,Acrylic; Polyamide; Wool,,Polyamide,32.99,/232/64/214006_BG_1,214006_BG_1.jpg,none,,,,,,
214006_CA,214006,Sweater MAXI 27/09 Camel,_CA,Camel,Apparel,Sweater,Knit,Acrylic; Polyamide; Wool,,Polyamide,32.99,/232/64/214006_CA_1,214006_CA_1.jpg,none,,,,,,
214006_GY,214006,Sweater MONET Grey,_GY,Grey,Apparel,Sweater,Knit,Acrylic; Polyamide; Wool,,Polyamide,32.99,/232/64/214006_GY_1,214006_GY_1.jpg,none,,,,,,
214006_PK,214006,Sweater PICASSO Pink,_PK,Pink,Apparel,Sweater,Knit,Acrylic; Polyamide; Wool,,Polyamide,32.99,/232/64/214006_PK_1,214006_PK_1.jpg,none,,,,,,
214006_PU,214006,Sweater MAXI 13/09 Purple,_PU,Purple,Apparel,Sweater,Knit,Acrylic; Polyamide; Wool,,Polyamide,32.99,/232/64/214006_PU_1,214006_PU_1.jpg,none,,,,,,
214089_CA,214089,Trousers AMI Camel,_CA,Camel,Apparel,Trousers,Knit,Acrylic; Elastane; Wool; recycled polyester,,,29.99,/232/64/214089_CA_1,214089_CA_1.jpg,none,,,,,,
214094_BU,214094,Shirt MAXI AGOSTO Burgundy,_BU,Burgundy,Apparel,Shirt,Woven,Linen,,Linen,39.99,/232/64/214094_BU_1,214094_BU_1.jpg,none,,,,,,
214094_EC,214094,Shirt MAXI AGOSTO Ecru,_EC,Ecru,Apparel,Shirt,Woven,Linen,,Linen,39.99,/232/64/214094_EC_1,214094_EC_1.jpg,none,,,,,,
214094_PK,214094,Shirt MAXI AGOSTO Pink,_PK,Pink,Apparel,Shirt,Woven,Linen,,Linen,39.99,/232/64/214094_PK_1,214094_PK_1.jpg,none,,,,,,
214322_BK,214322,Skirt PartycapsuleNovembro Black,_BK,Black,Apparel,Skirt,Woven,Elastane; Polyester,,Polyester,39.99,/232/64/214322_BK_1,214322_BK_1.jpg,none,,,,,,
214322_BM,214322,Skirt REMY Bright Multicolor,_BM,Bright Multicolor,Apparel,Skirt,Woven,Elastane; Polyester,,Polyester,39.99,/232/64/214322_BM_1,214322_BM_1.jpg,none,,,,,,
214350_KK,214350,Dress MIRÓ 4 Khaki,_KK,Khaki,Apparel,Dress,Circular,Cotton,,Cotton,35.99,/232/64/214350_KK_1,214350_KK_1.jpg,none,,,,,,
214393_DM,214393,Dress LAB OUTUBRO Dark Multicolor,_DM,Dark Multicolor,Apparel,Dress,Woven,Polyamide; Polyester; Viscose,,Polyester,59.99,/232/64/214393_DM_1,214393_DM_1.jpg,none,,,,,,
214430_GN,214430,Shirt BRAT Green,_GN,Green,Apparel,Shirt,Woven,Lyocell,,Lyocell,35.99,/232/64/214430_GN_1,214430_GN_1.jpg,none,,,,,,
214453_BK,214453,Coat ESSENTIALS T DISPLAY 1 Black,_BK,Black,Apparel,Coat,Woven,Acrylic; Polyester; Wool,,Polyester,119.99,/232/64/214453_BK_1,214453_BK_1.jpg,none,,,,,,
214453_BU,214453,Coat ESSENTIALS T DISPLAY 1 Burgundy,_BU,Burgundy,Apparel,Coat,Woven,Acrylic; Polyester; Wool,,Polyester,119.99,/241/64/214453_BU_1,214453_BU_1.jpg,none,,,,,,
214453_GN,214453,Coat ESSENTIALS T DISPLAY 1 Green,_GN,Green,Apparel,Coat,Woven,Acrylic; Polyamide; Polyester; Viscose; Wool,,Polyester,119.99,/232/64/214453_GN_1,214453_GN_1.jpg,none,,,,,,
214453_WT,214453,Coat LAB OUTUBRO White,_WT,White,Apparel,Coat,Woven,Polyester; Wool,,Polyester,119.99,/232/64/214453_WT_1,214453_WT_1.jpg,none,,,,,,
214464_BL,214464,Sweater MISSY Blue,_BL,Blue,Apparel,Sweater,Knit,Acrylic; Elastane; Polyamide; recycled polyester,,Polyester,32.99,/232/64/214464_BL_1,214464_BL_1.jpg,none,,,,,,
214464_GN,214464,Sweater ESSENTIALS2 Green,_GN,Green,Apparel,Sweater,Knit,Acrylic; Elastane; Polyamide; recycled polyester,,Polyester,32.99,/232/64/214464_GN_1,214464_GN_1.jpg,none,,,,,,
214464_LL,214464,Sweater MISSY Lilac,_LL,Lilac,Apparel,Sweater,Knit,Acrylic; Elastane; Polyamide; recycled polyester,,Polyester,32.99,/232/64/214464_LL_1,214464_LL_1.jpg,none,,,,,,
214518_GY,214518,Blazer REMY Grey,_GY,Grey,Apparel,Blazer,Woven,Acrylic; Polyamide; Polyester; Wool,,Wool,69.99,/232/64/214518_GY_1,214518_GY_1.jpg,none,,,,,,
214521_DM,214521,Trousers MIRO 3 Dark Multicolor,_DM,Dark Multicolor,Apparel,Trousers,Knit,Polyamide; Viscose,,Viscose,32.99,/232/64/214521_DM_1,214521_DM_1.jpg,none,,,,,,
214521_GN,214521,Trousers LAB OUTUBRO Green,_GN,Green,Apparel,Trousers,Knit,Polyamide; Viscose,,Viscose,32.99,/232/64/214521_GN_1,214521_GN_1.jpg,none,,,,,,
214543_BM,214543,Trousers MISSY Bright Multicolor,_BM,Bright Multicolor,Apparel,Trousers,Woven,Viscose,,Viscose,29.99,/232/64/214543_BM_1,214543_BM_1.jpg,none,,,,,,
214720_EC,214720,Sweater WinterCapsuleOutubro Ecru,_EC,Ecru,Apparel,Sweater,Knit,Acrylic; Polyamide; Wool; recycled polyester,,Acrylic,35.99,/232/64/214720_EC_1,214720_EC_1.jpg,none,,,,,,
214827_BK,214827,Top Halloween capsula Black,_BK,Black,Apparel,Top,Circular,Polyester,,Polyester,32.99,/232/64/214827_BK_1,214827_BK_1.jpg,none,,,,,,
214935_BK,214935,Top Halloween capsula Black,_BK,Black,Apparel,Top,Woven,Elastane; Polyester,,Polyester,29.99,/232/64/214935_BK_1,214935_BK_1.jpg,none,,,,,,
214939_PU,214939,Shirt MAXI 27/09 Purple,_PU,Purple,Apparel,Shirt,Woven,Viscose,,Cotton,29.99,/232/64/214939_PU_1,214939_PU_1.jpg,none,,,,,,
214939_RD,214939,Shirt MAXI 27/09 Red,_RD,Red,Apparel,Shirt,Woven,Viscose,,Cotton,29.99,/232/64/214939_RD_1,214939_RD_1.jpg,none,,,,,,
214979_BN,214979,Jeans APPAREL PROVISION Brown,_BN,Brown,Apparel,Jeans,Woven,Cotton,,Cotton,32.99,/232/64/214979_BN_1,214979_BN_1.jpg,none,,,,,,
215011_GY,215011,Trousers CANICHE CAMPAIGN Grey,_GY,Grey,Apparel,Trousers,Woven,Polyester; Sheep leather,,Leather,89.99,/232/64/215011_GY_1,215011_GY_1.jpg,none,,,,,,
215045_BN,215045,Kimono Maxi nov Brown,_BN,Brown,Apparel,Kimono,Woven,Brass; Glass; Polyester,,,99.99,/241/64/215045_BN_1,215045_BN_1.jpg,none,,,,,,
215146_BM,215146,Shirt Hot dez Bright Multicolor,_BM,Bright Multicolor,Apparel,Shirt,Woven,Viscose,,Viscose,25.99,/241/64/215146_BM_1,215146_BM_1.jpg,none,,,,,,
215203_BG,215203,Dress SATURN 3 Beige,_BG,Beige,Apparel,Dress,Woven,Viscose,,,35.99,/241/64/215203_BG_1,215203_BG_1.jpg,none,,,,,,
215315_BK,215315,Dress CANICHE CAMPAIGN Black,_BK,Black,Apparel,Dress,Knit,Polyamide,,Polyamide,35.99,/232/64/215315_BK_1,215315_BK_1.jpg,none,,,,,,
215315_OR,215315,Dress CANICHE CAMPAIGN Orange,_OR,Orange,Apparel,Dress,Knit,Polyamide,,Polyamide,35.99,/232/64/215315_OR_1,215315_OR_1.jpg,none,,,,,,
215361_BM,215361,Dress CANICHE CAMPAIGN Bright Multicolor,_BM,Bright Multicolor,Apparel,Dress,Woven,Cotton; Elastane,,Cotton,49.99,/232/64/215361_BM_1,215361_BM_1.jpg,none,,,,,,
215493_WT,215493,Cardigan REMY 3 White,_WT,White,Apparel,Cardigan,Knit,Acrylic; Cotton; Polyamide,,Polyamide,32.99,/232/64/215493_WT_1,215493_WT_1.jpg,none,,,,,,
215568_DG,215568,Cardigan T1 essentials Dark Grey,_DG,Dark Grey,Apparel,Cardigan,Knit,Acrylic; Cotton; Polyester,,,39.99,/241/64/215568_DG_1,215568_DG_1.jpg,none,,,,,,
215568_EC,215568,Cardigan T1 essentials Ecru,_EC,Ecru,Apparel,Cardigan,Knit,Acrylic; Cotton; Polyester,,,39.99,/241/64/215568_EC_1,215568_EC_1.jpg,none,,,,,,
215660_GN,215660,Raincoat Neptune Green,_GN,Green,Apparel,Raincoat,Woven,Polyester,,Polyamide,59.99,/241/64/215660_GN_1,215660_GN_1.jpg,none,,,,,,
215868_LM,215868,Sweatshirt SATURN 1 Lime,_LM,Lime,Apparel,Sweatshirt,Circular,Cotton; Polyester,,,32.99,/241/64/215868_LM_1,215868_LM_1.jpg,none,,,,,,
215962_BG,215962,Coat CANICHE CAMPAIGN Beige,_BG,Beige,Apparel,Coat,Woven,Polyester,,Polyester,79.99,/232/64/215962_BG_1,215962_BG_1.jpg,none,,,,,,
215962_BU,215962,Coat CANICHE CAMPAIGN Burgundy,_BU,Burgundy,Apparel,Coat,Woven,Polyester,,Polyester,79.99,/232/64/215962_BU_1,215962_BU_1.jpg,none,,,,,,
215984_GY,215984,Coat CANICHE CAMPAIGN Grey,_GY,Grey,Apparel,Coat,Woven,Polyester,,Polyester,79.99,/232/64/215984_GY_1,215984_GY_1.jpg,none,,,,,,
216138_BU,216138,Raincoat SATURN 1 Burgundy,_BU,Burgundy,Apparel,Raincoat,Woven,Polyamide; Polyester,,Polyamide,59.99,/241/64/216138_BU_1,216138_BU_1.jpg,none,,,,,,
216264_RD,216264,Top LATTO Red,_RD,Red,Apparel,Top,Knit,Polyamide; Viscose,,Viscose,19.99,/232/64/216264_RD_1,216264_RD_1.jpg,none,,,,,,
216339_BK,216339,Shirt T3 EARTH Black,_BK,Black,Apparel,Shirt,Woven,Viscose,,,29.99,/241/64/216339_BK_1,216339_BK_1.jpg,none,,,,,,
216339_EC,216339,Shirt T3 EARTH Ecru,_EC,Ecru,Apparel,Shirt,Woven,Viscose,,,29.99,/241/64/216339_EC_1,216339_EC_1.jpg,none,,,,,,
216339_GN,216339,Shirt T1 ESSENTIALS Green,_GN,Green,Apparel,Shirt,Woven,Viscose,,,29.99,/241/64/216339_GN_1,216339_GN_1.jpg,none,,,,,,
216339_PK,216339,Shirt T3 EARTH Pink,_PK,Pink,Apparel,Shirt,Woven,Viscose,,,29.99,/241/64/216339_PK_1,216339_PK_1.jpg,none,,,,,,
216358_MD,216358,Dress SATURN 2 Mustard,_MD,Mustard,Apparel,Dress,Circular,Polyamide,,,35.99,/241/64/216358_MD_1,216358_MD_1.jpg,none,,,,,,
216394_BM,216394,Top LAURIE Bright Multicolor,_BM,Bright Multicolor,Apparel,Top,Woven,Acrylic; Polyester,,,39.99,/241/64/216394_BM_1,216394_BM_1.jpg,none,,,,,,
216403_WT,216403,Coat EXCLUSIVE White,_WT,White,Apparel,Coat,Woven,Polyester,,,69.99,/241/64/216403_WT_1,216403_WT_1.jpg,none,,,,,,
216415_BK,216415,Dress LATTO Black,_BK,Black,Apparel,Dress,Knit,Polyamide; Polyester; Viscose,,Viscose,49.99,/232/64/216415_BK_1,216415_BK_1.jpg,none,,,,,,
216436_BM,216436,Dress Maxi nov Bright Multicolor,_BM,Bright Multicolor,Apparel,Dress,Woven,Polyamide; Viscose,,Viscose,45.99,/241/64/216436_BM_1,216436_BM_1.jpg,none,,,,,,
216457_WT,216457,Shirt LAURIE White,_WT,White,Apparel,Shirt,Woven,Cotton,,,29.99,/241/64/216457_WT_1,216457_WT_1.jpg,none,,,,,,
216470_BK,216470,Dress LATTO Black,_BK,Black,Apparel,Dress,Woven,Viscose,,Viscose,49.99,/232/64/216470_BK_1,216470_BK_1.jpg,none,,,,,,
216496_BN,216496,Shirt Maxi nov Brown,_BN,Brown,Apparel,Shirt,Woven,Polyester,,,35.99,/241/64/216496_BN_1,216496_BN_1.jpg,none,,,,,,
216496_BU,216496,Shirt Maxi nov Burgundy,_BU,Burgundy,Apparel,Shirt,Woven,Polyester,,,35.99,/241/64/216496_BU_1,216496_BU_1.jpg,none,,,,,,
216496_GN,216496,Shirt Maxi nov Green,_GN,Green,Apparel,Shirt,Woven,Polyester,,,35.99,/241/64/216496_GN_1,216496_GN_1.jpg,none,,,,,,
216591_BN,216591,Trousers HOT Brown,_BN,Brown,Apparel,Trousers,Woven,Viscose,,,39.99,/241/64/216591_BN_1,216591_BN_1.jpg,none,,,,,,
216591_GN,216591,Trousers MERCURY Green,_GN,Green,Apparel,Trousers,Woven,Viscose,,,39.99,/241/64/216591_GN_1,216591_GN_1.jpg,none,,,,,,
216626_BM,216626,Dress CANICHE CAMPAIGN Bright Multicolor,_BM,Bright Multicolor,Apparel,Dress,Circular,Polyamide; Polyester,,Polyamide,35.99,/232/64/216626_BM_1,216626_BM_1.jpg,none,,,,,,
216791_PK,216791,Cardigan meg Pink,_PK,Pink,Apparel,Cardigan,Knit,Acrylic; Polyamide; Polyester,,,32.99,/241/64/216791_PK_1,216791_PK_1.jpg,none,,,,,,
216813_BM,216813,Shirt Tiffany Bright Multicolor,_BM,Bright Multicolor,Apparel,Shirt,Woven,Polyester,,,32.99,/241/64/216813_BM_1,216813_BM_1.jpg,none,,,,,,
216927_BL,216927,Shirt MAXI Blue,_BL,Blue,Apparel,Shirt,Woven,Ramie,,,27.99,/241/64/216927_BL_1,216927_BL_1.jpg,none,,,,,,
216927_PK,216927,Shirt MAXI Pink,_PK,Pink,Apparel,Shirt,Woven,Ramie,,,27.99,/241/64/216927_PK_1,216927_PK_1.jpg,none,,,,,,
216935_BG,216935,Coat Maxi nov Beige,_BG,Beige,Apparel,Coat,Woven,Cotton; Polyamide,,Polyamide,59.99,/241/64/216935_BG_1,216935_BG_1.jpg,none,,,,,,
217028_DG,217028,Dress Maxi nov Dark Grey,_DG,Dark Grey,Apparel,Dress,Circular,Polyester,,,35.99,/241/64/217028_DG_1,217028_DG_1.jpg,none,,,,,,
217178_BK,217178,Vest PLUS CLOSET DEZ Black,_BK,Black,Apparel,Vest,Knit,Cotton; Polyamide,,Cotton,25.99,/241/64/217178_BK_1,217178_BK_1.jpg,none,,,,,,
217178_CA,217178,Vest PLUS CLOSET DEZ Camel,_CA,Camel,Apparel,Vest,Knit,Cotton; Polyamide,,Cotton,25.99,/241/64/217178_CA_1,217178_CA_1.jpg,none,,,,,,
217178_GN,217178,Vest PLUS CLOSET DEZ Green,_GN,Green,Apparel,Vest,Knit,Cotton; Polyamide,,Cotton,25.99,/241/64/217178_GN_1,217178_GN_1.jpg,none,,,,,,
217246_BM,217246,Shirt RIO Bright Multicolor,_BM,Bright Multicolor,Apparel,Shirt,Woven,Modal; Polyester,,,35.99,/241/64/217246_BM_1,217246_BM_1.jpg,none,,,,,,
217557_EC,217557,Top MARQUES Ecru,_EC,Ecru,Apparel,Top,Woven,Cotton,,,39.99,/241/64/217557_EC_1,217557_EC_1.jpg,none,,,,,,
217852_BM,217852,Shirt SALVADOR 3 Bright Multicolor,_BM,Bright Multicolor,Apparel,Shirt,Woven,Viscose,,,27.99,/241/64/217852_BM_1,217852_BM_1.jpg,none,,,,,,
217924_BU,217924,Shirt SALVAD Burgundy,_BU,Burgundy,Apparel,Shirt,Woven,Viscose,,,29.99,/241/64/217924_BU_1,217924_BU_1.jpg,none,,,,,,
217924_GN,217924,Shirt SALVAD Green,_GN,Green,Apparel,Shirt,Woven,Viscose,,,29.99,/241/64/217924_GN_1,217924_GN_1.jpg,none,,,,,,
217931_EC,217931,Sweatshirt Tiffany Ecru,_EC,Ecru,Apparel,Sweatshirt,Circular,Cotton,,,32.99,/241/64/217931_EC_1,217931_EC_1.jpg,none,,,,,,
217972_DM,217972,Sweater T1 ESSENTIALS Dark Multicolor,_DM,Dark Multicolor,Apparel,Sweater,Knit,Acrylic; Polyamide; Polyester; Wool,,,35.99,/241/64/217972_DM_1,217972_DM_1.jpg,none,,,,,,
218016_WT,218016,T-shirt CUPID White,_WT,White,Apparel,T-shirt,Circular,Cotton,,Cotton,15.99,/241/64/218016_WT_1,218016_WT_1.jpg,none,,,,,,
218046_BK,218046,Blazer EXCLUSIVE Black,_BK,Black,Apparel,Blazer,Woven,Elastane; Polyester; Viscose,,,35.99,/241/64/218046_BK_1,218046_BK_1.jpg,none,,,,,,
218114_DN,218114,Trousers JO Dark Green,_DN,Dark Green,Apparel,Trousers,Circular,Elastane; Polyester; Viscose,,,29.99,/241/64/218114_DN_1,218114_DN_1.jpg,none,,,,,,
218114_PU,218114,Trousers JO Purple,_PU,Purple,Apparel,Trousers,Circular,Elastane; Polyester; Viscose,,,29.99,/241/64/218114_PU_1,218114_PU_1.jpg,none,,,,,,
218144_BM,218144,Cardigan AMI Bright Multicolor,_BM,Bright Multicolor,Apparel,Cardigan,Knit,Polyamide; Polyester; Viscose,,,39.99,/241/64/218144_BM_1,218144_BM_1.jpg,none,,,,,,
218260_BU,218260,Sweater T1 ESSENTIALS Burgundy,_BU,Burgundy,Apparel,Sweater,Knit,Polyamide; Polyester; Viscose,,,35.99,/241/64/218260_BU_1,218260_BU_1.jpg,none,,,,,,
218260_GN,218260,Sweater RR Green,_GN,Green,Apparel,Sweater,Knit,Polyamide; Polyester; Viscose,,Viscose,35.99,/242/64/218260_GN_1,218260_GN_1.jpg,none,,,,,,
218260_GY,218260,Sweater RR Grey,_GY,Grey,Apparel,Sweater,Knit,Polyamide; Polyester; Viscose,,Viscose,35.99,/242/64/218260_GY_1,218260_GY_1.jpg,none,,,,,,
218356_EC,218356,Shirt SALVADOR Ecru,_EC,Ecru,Apparel,Shirt,Woven,Cotton; Polyamide; Polyester,,,39.99,/241/64/218356_EC_1,218356_EC_1.jpg,none,,,,,,
218459_BL,218459,Shirt T1 ESSENTIALS Blue,_BL,Blue,Apparel,Shirt,Woven,Viscose,,Viscose,23.99,/241/64/218459_BL_1,218459_BL_1.jpg,none,,,,,,
218459_GY,218459,Shirt T1 ESSENTIALS Grey,_GY,Grey,Apparel,Shirt,Woven,Viscose,,Viscose,23.99,/241/64/218459_GY_1,218459_GY_1.jpg,none,,,,,,
218459_LL,218459,Shirt T1 ESSENTIALS Lilac,_LL,Lilac,Apparel,Shirt,Woven,Viscose,,Viscose,23.99,/241/64/218459_LL_1,218459_LL_1.jpg,none,,,,,,
218459_WT,218459,Shirt T1 ESSENTIALS White,_WT,White,Apparel,Shirt,Woven,Viscose,,Viscose,23.99,/241/64/218459_WT_1,218459_WT_1.jpg,none,,,,,,
218537_WT,218537,Sweater CUPID White,_WT,White,Apparel,Sweater,Circular,Cotton; Elastane,,Cotton,12.99,/241/64/218537_WT_1,218537_WT_1.jpg,none,,,,,,
218613_RD,218613,Sweatshirt CUPID Red,_RD,Red,Apparel,Sweatshirt,Circular,Cotton,,,39.99,/241/64/218613_RD_1,218613_RD_1.jpg,none,,,,,,
218621_BL,218621,Trousers CHIADO Blue,_BL,Blue,Apparel,Trousers,Woven,Lyocell,,,27.99,/241/64/218621_BL_1,218621_BL_1.jpg,none,,,,,,
218621_BR,218621,Trousers CHIADO Brick Red,_BR,Brick Red,Apparel,Trousers,Woven,Lyocell,,,27.99,/241/64/218621_BR_1,218621_BR_1.jpg,none,,,,,,
218670_BM,218670,Jeans MINAS Bright Multicolor,_BM,Bright Multicolor,Apparel,Jeans,Woven,Cotton,,,42.99,/241/64/218670_BM_1,218670_BM_1.jpg,none,,,,,,
218754_BG,218754,Dress LAPA 4 Beige,_BG,Beige,Apparel,Dress,Woven,Polyamide; Viscose,,,39.99,/241/64/218754_BG_1,218754_BG_1.jpg,none,,,,,,
218771_WT,218771,Sweater T1 ESSENTIALS White,_WT,White,Apparel,Sweater,Knit,Polyamide; Viscose,,,27.99,/242/64/218771_WT_1,218771_WT_1.jpg,none,,,,,,
218832_BG,218832,Raincoat WINTERJA Beige,_BG,Beige,Apparel,Raincoat,Woven,Polyester,,Polyester,49.99,/241/64/218832_BG_1,218832_BG_1.jpg,none,,,,,,
218840_EC,218840,Raincoat CHIADO Ecru,_EC,Ecru,Apparel,Raincoat,Woven,Polyester,,Polyester,49.99,/241/64/218840_EC_1,218840_EC_1.jpg,none,,,,,,
218840_MI,218840,Raincoat CHIADO Midnight Blue,_MI,Midnight Blue,Apparel,Raincoat,Woven,Polyester,,Polyester,49.99,/241/64/218840_MI_1,218840_MI_1.jpg,none,,,,,,
219030_BG,219030,Trousers PLUS Beige,_BG,Beige,Apparel,Trousers,Circular,Elastane; Polyamide; Viscose,,,29.99,/241/64/219030_BG_1,219030_BG_1.jpg,none,,,,,,
219030_KK,219030,Trousers PLUS Khaki,_KK,Khaki,Apparel,Trousers,Circular,Elastane; Polyamide; Viscose,,,29.99,/241/64/219030_KK_1,219030_KK_1.jpg,none,,,,,,
219030_RD,219030,Trousers PLUS Red,_RD,Red,Apparel,Trousers,Circular,Elastane; Polyamide; Viscose,,,29.99,/241/64/219030_RD_1,219030_RD_1.jpg,none,,,,,,
219050_EC,219050,Sweater MADEIRA Ecru,_EC,Ecru,Apparel,Sweater,Knit,Cotton; Polyamide,,,15.99,/241/64/219050_EC_1,219050_EC_1.jpg,none,,,,,,
219125_BK,219125,Jumpsuit SUMERABRIL Black,_BK,Black,Apparel,Jumpsuit,Woven,Viscose,,Viscose,45.99,/241/64/219125_BK_1,219125_BK_1.jpg,none,,,,,,
219125_BL,219125,Jumpsuit LAPA Blue,_BL,Blue,Apparel,Jumpsuit,Woven,Viscose,,Viscose,45.99,/241/64/219125_BL_1,219125_BL_1.jpg,none,,,,,,
219138_EC,219138,Dress MADEIRA Ecru,_EC,Ecru,Apparel,Dress,Knit,Cotton,,Cotton,45.99,/241/64/219138_EC_1,219138_EC_1.jpg,none,,,,,,
219195_RD,219195,Coat SALVADOR 3 Red,_RD,Red,Apparel,Coat,Woven,Cotton,,,35.99,/241/64/219195_RD_1,219195_RD_1.jpg,none,,,,,,
219327_BN,219327,Dress SAO P Brown,_BN,Brown,Apparel,Dress,Circular,Elastane; Polyamide; Viscose,,,27.99,/241/64/219327_BN_1,219327_BN_1.jpg,none,,,,,,
219366_EC,219366,Dress PAPAP Ecru,_EC,Ecru,Apparel,Dress,Woven,Cotton; Metallic Fiber,,,39.99,/241/64/219366_EC_1,219366_EC_1.jpg,none,,,,,,
219439_PK,219439,Trousers LAPA Pink,_PK,Pink,Apparel,Trousers,Woven,Linen,,,39.99,/241/64/219439_PK_1,219439_PK_1.jpg,none,,,,,,
219439_WT,219439,Trousers LAPA White,_WT,White,Apparel,Trousers,Woven,Linen,,,39.99,/241/64/219439_WT_1,219439_WT_1.jpg,none,,,,,,
219450_LM,219450,Top PAPAYA 3 Lime,_LM,Lime,Apparel,Top,Woven,Cotton,,,29.99,/241/64/219450_LM_1,219450_LM_1.jpg,none,,,,,,
219485_BK,219485,Shirt SUMMERCAP Black,_BK,Black,Apparel,Shirt,Woven,Lyocell; Viscose,,,32.99,/241/64/219485_BK_1,219485_BK_1.jpg,none,,,,,,
219557_BR,219557,Sweatshirt MARQUES Brick Red,_BR,Brick Red,Apparel,Sweatshirt,Circular,Cotton; Elastane,,Cotton,25.99,/241/64/219557_BR_1,219557_BR_1.jpg,none,,,,,,
219667_BM,219667,Dress MORANGO Bright Multicolor,_BM,Bright Multicolor,Apparel,Dress,Woven,Lyocell; Polyamide,,,39.99,/241/64/219667_BM_1,219667_BM_1.jpg,none,,,,,,
219712_WT,219712,Shorts MADEIRA White,_WT,White,Apparel,Shorts,Woven,Polyester,,Polyester,15.99,/241/64/219712_WT_1,219712_WT_1.jpg,none,,,,,,
219714_BK,219714,Dress MADEIRA Black,_BK,Black,Apparel,Dress,Knit,Cotton,,,39.99,/241/64/219714_BK_1,219714_BK_1.jpg,none,,,,,,
219714_RD,219714,Dress MADEIRA Red,_RD,Red,Apparel,Dress,Knit,Cotton,,,39.99,/241/64/219714_RD_1,219714_RD_1.jpg,none,,,,,,
219782_GY,219782,Trousers KIW Grey,_GY,Grey,Apparel,Trousers,Woven,Linen; Lyocell; Viscose,,,35.99,/241/64/219782_GY_1,219782_GY_1.jpg,none,,,,,,
219888_BM,219888,Skirt SEJ Bright Multicolor,_BM,Bright Multicolor,Apparel,Skirt,Woven,Lyocell,,,32.99,/241/64/219888_BM_1,219888_BM_1.jpg,none,,,,,,
219954_GN,219954,Shirt PAPAYA Green,_GN,Green,Apparel,Shirt,Woven,Linen,,,39.99,/241/64/219954_GN_1,219954_GN_1.jpg,none,,,,,,
219959_EC,219959,Top MADEIRA Ecru,_EC,Ecru,Apparel,Top,Woven,Cotton,,,29.99,/241/64/219959_EC_1,219959_EC_1.jpg,none,,,,,,
219959_RD,219959,Top MADEIRA Red,_RD,Red,Apparel,Top,Woven,Cotton,,,29.99,/241/64/219959_RD_1,219959_RD_1.jpg,none,,,,,,
220000_GN,220000,Shirt PLUS Green,_GN,Green,Apparel,Shirt,Woven,Modal; Polyester,,,32.99,/241/64/220000_GN_1,220000_GN_1.jpg,none,,,,,,
220000_LL,220000,Shirt CLOSETS Lilac,_LL,Lilac,Apparel,Shirt,Woven,Modal; Polyester,,,32.99,/241/64/220000_LL_1,220000_LL_1.jpg,none,,,,,,
220000_YL,220000,Shirt CLOSETS Yellow,_YL,Yellow,Apparel,Shirt,Woven,Modal; Polyester,,,32.99,/241/64/220000_YL_1,220000_YL_1.jpg,none,,,,,,
220008_AN,220008,Skirt C1 Anthracite,_AN,Anthracite,Apparel,Skirt,Woven,Lyocell,,Lyocell,27.99,/242/64/220008_AN_1,220008_AN_1.jpg,none,,,,,,
220008_BL,220008,Skirt PAPAYA Blue,_BL,Blue,Apparel,Skirt,Woven,Lyocell,,,27.99,/241/64/220008_BL_1,220008_BL_1.jpg,none,,,,,,
220008_KK,220008,Skirt AL Khaki,_KK,Khaki,Apparel,Skirt,Woven,Lyocell,,Lyocell,27.99,/242/64/220008_KK_1,220008_KK_1.jpg,none,,,,,,
220008_MI,220008,Skirt NH Midnight Blue,_MI,Midnight Blue,Apparel,Skirt,Woven,Lyocell,,Lyocell,27.99,/242/64/220008_MI_1,220008_MI_1.jpg,none,,,,,,
220008_WT,220008,Skirt NH White,_WT,White,Apparel,Skirt,Woven,Lyocell,,Lyocell,27.99,/242/64/220008_WT_1,220008_WT_1.jpg,none,,,,,,
220053_BM,220053,Top GA Bright Multicolor,_BM,Bright Multicolor,Apparel,Top,Woven,Cotton,,Cotton,23.99,/242/64/220053_BM_1,220053_BM_1.jpg,none,,,,,,
220403_BM,220403,Dress T1 ESSENTIALS Bright Multicolor,_BM,Bright Multicolor,Apparel,Dress,Woven,Cotton,,Cotton,25.99,/241/64/220403_BM_1,220403_BM_1.jpg,none,,,,,,
220416_BK,220416,Dress T1 ESSENTIALS Black,_BK,Black,Apparel,Dress,Woven,Lyocell,,,29.99,/241/64/220416_BK_1,220416_BK_1.jpg,none,,,,,,
220416_FU,220416,Dress T1 ESSENTIALS Fuchsia,_FU,Fuchsia,Apparel,Dress,Woven,Lyocell,,,29.99,/241/64/220416_FU_1,220416_FU_1.jpg,none,,,,,,
220416_YL,220416,Dress T1 ESSENTIALS Yellow,_YL,Yellow,Apparel,Dress,Woven,Lyocell,,,29.99,/241/64/220416_YL_1,220416_YL_1.jpg,none,,,,,,
220421_WT,220421,Sweatshirt SALVADOR 3 White,_WT,White,Apparel,Sweatshirt,Circular,Cotton,,,29.99,/241/64/220421_WT_1,220421_WT_1.jpg,none,,,,,,
220570_BL,220570,Dress PENDING Blue,_BL,Blue,Apparel,Dress,Woven,Cotton; Elastane; Polyester,,,39.99,/241/64/220570_BL_1,220570_BL_1.jpg,none,,,,,,
220650_WT,220650,Shirt C1 White,_WT,White,Apparel,Shirt,Woven,Cotton; Linen,,,27.99,/242/64/220650_WT_1,220650_WT_1.jpg,none,,,,,,
220709_EC,220709,Dress SUMMERCAP Ecru,_EC,Ecru,Apparel,Dress,Circular,Cotton; Elastane,,,29.99,/241/64/220709_EC_1,220709_EC_1.jpg,none,,,,,,
220886_BK,220886,Dress BANANA Black,_BK,Black,Apparel,Dress,Woven,Cotton; Rayon; Viscose,,,32.99,/242/64/220886_BK_1,220886_BK_1.jpg,none,,,,,,
220886_GN,220886,Dress BETS Green,_GN,Green,Apparel,Dress,Woven,Cotton; Rayon; Viscose,,,32.99,/242/64/220886_GN_1,220886_GN_1.jpg,none,,,,,,
220887_BG,220887,Raincoat MARQUES Beige,_BG,Beige,Apparel,Raincoat,Woven,Polyamide,,,29.99,/241/64/220887_BG_1,220887_BG_1.jpg,none,,,,,,
220937_EC,220937,Trousers luci Ecru,_EC,Ecru,Apparel,Trousers,Woven,Linen,,,39.99,/242/64/220937_EC_1,220937_EC_1.jpg,none,,,,,,
220972_GN,220972,Raincoat LAPA 3 Green,_GN,Green,Apparel,Raincoat,Woven,Polyamide,,,32.99,/241/64/220972_GN_1,220972_GN_1.jpg,none,,,,,,
221165_LN,221165,Cardigan BANANA Light Green,_LN,Light Green,Apparel,Cardigan,Knit,Polyester,,,32.99,/241/64/221165_LN_1,221165_LN_1.jpg,none,,,,,,
221174_BN,221174,T-shirt MAXI Brown,_BN,Brown,Apparel,T-shirt,Circular,Elastane; Polyester,,Polyester,23.99,/241/64/221174_BN_1,221174_BN_1.jpg,none,,,,,,
221174_PK,221174,T-shirt MAXI Pink,_PK,Pink,Apparel,T-shirt,Circular,Elastane; Polyester,,Polyester,23.99,/241/64/221174_PK_1,221174_PK_1.jpg,none,,,,,,
221306_BM,221306,Shorts LAPA 4 Bright Multicolor,_BM,Bright Multicolor,Apparel,Shorts,Woven,Cotton,,,17.99,/242/64/221306_BM_1,221306_BM_1.jpg,none,,,,,,
221347_EC,221347,Bathing Suit LAPA 4 Ecru,_EC,Ecru,Apparel,Bath Suit,Circular,Elastane; Polyester,,,27.99,/242/64/221347_EC_1,221347_EC_1.jpg,none,,,,,,
221480_YL,221480,Dress C1 Yellow,_YL,Yellow,Apparel,Dress,Woven,Cotton,,,29.99,/242/64/221480_YL_1,221480_YL_1.jpg,none,,,,,,
221624_BG,221624,Dress SEJ Beige,_BG,Beige,Apparel,Dress,Woven,Polyamide; Viscose,,,27.99,/242/64/221624_BG_1,221624_BG_1.jpg,none,,,,,,
221624_BL,221624,Dress SEJ Blue,_BL,Blue,Apparel,Dress,Woven,Polyamide; Viscose,,,27.99,/242/64/221624_BL_1,221624_BL_1.jpg,none,,,,,,
221624_OR,221624,Dress SEJ Orange,_OR,Orange,Apparel,Dress,Woven,Polyamide; Viscose,,,27.99,/242/64/221624_OR_1,221624_OR_1.jpg,none,,,,,,
221724_BM,221724,Shirt MARQUES Bright Multicolor,_BM,Bright Multicolor,Apparel,Shirt,Woven,Cotton,,,29.99,/241/64/221724_BM_1,221724_BM_1.jpg,none,,,,,,
221778_BL,221778,Top P3 Blue,_BL,Blue,Apparel,Top,Woven,Cotton,,Cotton,25.99,/242/64/221778_BL_1,221778_BL_1.jpg,none,,,,,,
221778_WT,221778,Top P3 White,_WT,White,Apparel,Top,Woven,Cotton,,Cotton,25.99,/242/64/221778_WT_1,221778_WT_1.jpg,none,,,,,,
221780_BL,221780,Trousers P3 Blue,_BL,Blue,Apparel,Trousers,Woven,Cotton,,,32.99,/242/64/221780_BL_1,221780_BL_1.jpg,none,,,,,,
221798_BM,221798,Dress C4 Bright Multicolor,_BM,Bright Multicolor,Apparel,Dress,Woven,Viscose,,,32.99,/242/64/221798_BM_1,221798_BM_1.jpg,none,,,,,,
221892_BL,221892,Jeans MADEIRA Blue,_BL,Blue,Apparel,Jeans,Woven,Cotton; RECYCLED COTTON,,,32.99,/241/64/221892_BL_1,221892_BL_1.jpg,none,,,,,,
221970_BN,221970,Skirt C7 Brown,_BN,Brown,Apparel,Skirt,Woven,Viscose,,Viscose,29.99,/242/64/221970_BN_1,221970_BN_1.jpg,none,,,,,,
221970_RD,221970,Skirt C7 Red,_RD,Red,Apparel,Skirt,Woven,Viscose,,Viscose,29.99,/242/64/221970_RD_1,221970_RD_1.jpg,none,,,,,,
222027_BM,222027,Dress PAPAP Bright Multicolor,_BM,Bright Multicolor,Apparel,Dress,Circular,Cotton,,,29.99,/241/64/222027_BM_1,222027_BM_1.jpg,none,,,,,,
222180_BM,222180,Shirt CC Bright Multicolor,_BM,Bright Multicolor,Apparel,Shirt,Woven,Lyocell; Polyamide,,,27.99,/242/64/222180_BM_1,222180_BM_1.jpg,none,,,,,,
222253_BM,222253,Trousers C7 Bright Multicolor,_BM,Bright Multicolor,Apparel,Trousers,Woven,Viscose,,,35.99,/242/64/222253_BM_1,222253_BM_1.jpg,none,,,,,,
222281_BK,222281,Dress GI Black,_BK,Black,Apparel,Dress,Circular,Cotton,,,32.99,/242/64/222281_BK_1,222281_BK_1.jpg,none,,,,,,
222281_RD,222281,Dress BETS Red,_RD,Red,Apparel,Dress,Circular,Cotton,,,32.99,/242/64/222281_RD_1,222281_RD_1.jpg,none,,,,,,
222281_WT,222281,Dress GI White,_WT,White,Apparel,Dress,Circular,Cotton,,,32.99,/242/64/222281_WT_1,222281_WT_1.jpg,none,,,,,,
222287_BM,222287,Dress NH Bright Multicolor,_BM,Bright Multicolor,Apparel,Dress,Woven,Cotton,,,27.99,/242/64/222287_BM_1,222287_BM_1.jpg,none,,,,,,
222311_BN,222311,Jumpsuit BETS Brown,_BN,Brown,Apparel,Jumpsuit,Circular,Elastane; Modal; Polyamide,,,32.99,/242/64/222311_BN_1,222311_BN_1.jpg,none,,,,,,
222311_OW,222311,Jumpsuit AL Off White,_OW,Off White,Apparel,Jumpsuit,Circular,Elastane; Modal; Polyamide,,,32.99,/242/64/222311_OW_1,222311_OW_1.jpg,none,,,,,,
222348_WT,222348,Sweater P3 White,_WT,White,Apparel,Sweater,Knit,Cotton; Polyamide,,,32.99,/242/64/222348_WT_1,222348_WT_1.jpg,none,,,,,,
222408_BM,222408,Dress C4 Bright Multicolor,_BM,Bright Multicolor,Apparel,Dress,Knit,Metallic Fiber; Polyester; Viscose,,,39.99,/242/64/222408_BM_1,222408_BM_1.jpg,none,,,,,,
222471_WT,222471,Trousers LAGO White,_WT,White,Apparel,Trousers,Circular,Elastane; Modal; Polyamide,,Modal,27.99,/242/64/222471_WT_1,222471_WT_1.jpg,none,,,,,,
222472_BL,222472,T-shirt LAGO Blue,_BL,Blue,Apparel,T-shirt,Circular,Elastane; Modal; Polyamide,,Modal,25.99,/242/64/222472_BL_1,222472_BL_1.jpg,none,,,,,,
222472_WT,222472,T-shirt LAGO White,_WT,White,Apparel,T-shirt,Circular,Elastane; Modal; Polyamide,,Modal,25.99,/242/64/222472_WT_1,222472_WT_1.jpg,none,,,,,,
222527_BM,222527,Dress AL Bright Multicolor,_BM,Bright Multicolor,Apparel,Dress,Circular,Modal; Polyester,,,32.99,/242/64/222527_BM_1,222527_BM_1.jpg,none,,,,,,
222593_EC,222593,Top C4 Ecru,_EC,Ecru,Apparel,Top,Woven,Cotton,,,32.99,/242/64/222593_EC_1,222593_EC_1.jpg,none,,,,,,
222653_BK,222653,Dress CA Black,_BK,Black,Apparel,Dress,Woven,Elastane; Viscose,,,35.99,/242/64/222653_BK_1,222653_BK_1.jpg,none,,,,,,
222656_BL,222656,Skirt CM Blue,_BL,Blue,Apparel,Skirt,Woven,Linen; Lyocell,,Lyocell,32.99,/242/64/222656_BL_1,222656_BL_1.jpg,none,,,,,,
222672_BK,222672,Top 66 Black,_BK,Black,Apparel,Top,Woven,Elastane; Polyamide,,Polyamide,25.99,/242/64/222672_BK_1,222672_BK_1.jpg,none,,,,,,
222672_EC,222672,Top 66 Ecru,_EC,Ecru,Apparel,Top,Woven,Elastane; Polyamide,,Polyamide,25.99,/242/64/222672_EC_1,222672_EC_1.jpg,none,,,,,,
222672_YL,222672,Top 66 Yellow,_YL,Yellow,Apparel,Top,Woven,Elastane; Polyamide,,Polyamide,25.99,/242/64/222672_YL_1,222672_YL_1.jpg,none,,,,,,
222681_BM,222681,Dress GI Bright Multicolor,_BM,Bright Multicolor,Apparel,Dress,Woven,Viscose,,,29.99,/242/64/222681_BM_1,222681_BM_1.jpg,none,,,,,,
222692_BL,222692,Trousers B4 Blue,_BL,Blue,Apparel,Trousers,Knit,Polyamide; Viscose,,Polyamide,29.99,/242/64/222692_BL_1,222692_BL_1.jpg,none,,,,,,
222692_WT,222692,Trousers B4 White,_WT,White,Apparel,Trousers,Knit,Polyamide; Viscose,,Polyamide,29.99,/242/64/222692_WT_1,222692_WT_1.jpg,none,,,,,,
222714_BK,222714,Skirt MORANGO Black,_BK,Black,Apparel,Skirt,Knit,Polyamide; Polyester; RECYCLED COTTON,,Polyester,23.99,/242/64/222714_BK_1,222714_BK_1.jpg,none,,,,,,
222714_EC,222714,Skirt MORANGO Ecru,_EC,Ecru,Apparel,Skirt,Knit,Polyamide; Polyester; RECYCLED COTTON,,Polyester,23.99,/242/64/222714_EC_1,222714_EC_1.jpg,none,,,,,,
222779_BM,222779,Jumpsuit C7 Bright Multicolor,_BM,Bright Multicolor,Apparel,Jumpsuit,Woven,Modal; Polyester,,Modal,45.99,/242/64/222779_BM_1,222779_BM_1.jpg,none,,,,,,
222815_BG,222815,Kimono T1 ESSENTIALS Beige,_BG,Beige,Apparel,Kimono,Woven,Cotton,,,29.99,/242/64/222815_BG_1,222815_BG_1.jpg,none,,,,,,
222815_BU,222815,Kimono T1 ESSENTIALS Burgundy,_BU,Burgundy,Apparel,Kimono,Woven,Cotton,,,29.99,/242/64/222815_BU_1,222815_BU_1.jpg,none,,,,,,
222889_WT,222889,Kimono C3 White,_WT,White,Apparel,Kimono,Woven,Cotton,,Cotton,59.99,/242/64/222889_WT_1,222889_WT_1.jpg,none,,,,,,
222949_BG,222949,T-shirt T1 ESSENTIALS Beige,_BG,Beige,Apparel,T-shirt,Circular,Elastane; Polyamide; Viscose,,Viscose,23.99,/242/64/222949_BG_1,222949_BG_1.jpg,none,,,,,,
222949_RD,222949,T-shirt T1 ESSENTIALS Red,_RD,Red,Apparel,T-shirt,Circular,Elastane; Polyamide; Viscose,,Viscose,23.99,/242/64/222949_RD_1,222949_RD_1.jpg,none,,,,,,
223180_BL,223180,Shirt B5 Blue,_BL,Blue,Apparel,Shirt,Woven,Cotton,,,27.99,/242/64/223180_BL_1,223180_BL_1.jpg,none,,,,,,
223329_AN,223329,Dress TT Anthracite,_AN,Anthracite,Apparel,Dress,Woven,Modal; Polyester,,,39.99,/242/64/223329_AN_1,223329_AN_1.jpg,none,,,,,,
223329_EC,223329,Dress TT Ecru,_EC,Ecru,Apparel,Dress,Woven,Modal; Polyester,,,39.99,/242/64/223329_EC_1,223329_EC_1.jpg,none,,,,,,
223409_WT,223409,Dress CC White,_WT,White,Apparel,Dress,Woven,Linen,,Linen,49.99,/242/64/223409_WT_1,223409_WT_1.jpg,none,,,,,,
223449_BM,223449,Dress TRENDY Bright Multicolor,_BM,Bright Multicolor,Apparel,Dress,Woven,Cotton,,,32.99,/242/64/223449_BM_1,223449_BM_1.jpg,none,,,,,,
223532_EC,223532,Top TT Ecru,_EC,Ecru,Apparel,Top,Woven,Acetate,,,29.99,/242/64/223532_EC_1,223532_EC_1.jpg,none,,,,,,
223540_BM,223540,Top T1 ESSENTIALS Bright Multicolor,_BM,Bright Multicolor,Apparel,Top,Woven,Lyocell,,Lyocell,23.99,/242/64/223540_BM_1,223540_BM_1.jpg,none,,,,,,
223585_KK,223585,Dress C2 Khaki,_KK,Khaki,Apparel,Dress,Woven,Polyester,,Polyester,35.99,/242/64/223585_KK_1,223585_KK_1.jpg,none,,,,,,
223585_TU,223585,Dress C2 Taupe,_TU,Taupe,Apparel,Dress,Woven,Polyester,,Polyester,35.99,/242/64/223585_TU_1,223585_TU_1.jpg,none,,,,,,
223605_BM,223605,Jeans 22 Bright Multicolor,_BM,Bright Multicolor,Apparel,Jeans,Woven,Cotton,,Cotton,32.99,/242/64/223605_BM_1,223605_BM_1.jpg,none,,,,,,
223643_BN,223643,T-shirt CC Brown,_BN,Brown,Apparel,T-shirt,Circular,Cotton,,Cotton,15.99,/242/64/223643_BN_1,223643_BN_1.jpg,none,,,,,,
223665_BL,223665,Dress 55 Blue,_BL,Blue,Apparel,Dress,Woven,Linen,,Linen,49.99,/242/64/223665_BL_1,223665_BL_1.jpg,none,,,,,,
223665_BN,223665,Dress 55 Brown,_BN,Brown,Apparel,Dress,Woven,Linen,,Linen,49.99,/242/64/223665_BN_1,223665_BN_1.jpg,none,,,,,,
223665_WT,223665,Dress 55 White,_WT,White,Apparel,Dress,Woven,Linen,,Linen,49.99,/242/64/223665_WT_1,223665_WT_1.jpg,none,,,,,,
223669_BM,223669,Bathing Suit T1 ESSENTIALS Bright Multicolor,_BM,Bright Multicolor,Apparel,Bath Suit,Circular,Elastane; Polyester,,Polyester,25.99,/241/64/223669_BM_1,223669_BM_1.jpg,none,,,,,,
223870_BM,223870,Dress CA Bright Multicolor,_BM,Bright Multicolor,Apparel,Dress,Circular,Elastane; Viscose,,,29.99,/242/64/223870_BM_1,223870_BM_1.jpg,none,,,,,,
223980_BM,223980,Skirt CS1 Bright Multicolor,_BM,Bright Multicolor,Apparel,Skirt,Woven,Polyester; Viscose,,,35.99,/242/64/223980_BM_1,223980_BM_1.jpg,none,,,,,,
224014_BN,224014,Dress BETS Brown,_BN,Brown,Apparel,Dress,Woven,Cotton; Linen,,,39.99,/242/64/224014_BN_1,224014_BN_1.jpg,none,,,,,,
224014_EC,224014,Dress BETS Ecru,_EC,Ecru,Apparel,Dress,Woven,Cotton; Linen,,,39.99,/242/64/224014_EC_1,224014_EC_1.jpg,none,,,,,,
224052_EC,224052,Body BRIDAL CAPSULE Ecru,_EC,Ecru,Apparel,Bodys,Knit,Polyamide; Viscose,,,29.99,/242/64/224052_EC_1,224052_EC_1.jpg,none,,,,,,
224106_GN,224106,Vest KAT Green,_GN,Green,Apparel,Vest,Knit,Acrylic; Elastane; Polyamide; Polyester; Wool,,,29.99,/242/64/224106_GN_1,224106_GN_1.jpg,none,,,,,,
224129_EC,224129,T-shirt 00 Ecru,_EC,Ecru,Apparel,T-shirt,Circular,Elastane; Polyamide; Viscose,,Viscose,25.99,/242/64/224129_EC_1,224129_EC_1.jpg,none,,,,,,
224129_NV,224129,T-shirt 00 Navy,_NV,Navy,Apparel,T-shirt,Circular,Elastane; Polyamide; Viscose,,Viscose,25.99,/242/64/224129_NV_1,224129_NV_1.jpg,none,,,,,,
224140_BM,224140,Dress TRENDY Bright Multicolor,_BM,Bright Multicolor,Apparel,Dress,Woven,Polyester,,,39.99,/242/64/224140_BM_1,224140_BM_1.jpg,none,,,,,,
224206_BK,224206,Trousers 66 Black,_BK,Black,Apparel,Trousers,Circular,Elastane; Polyamide; Viscose,,Viscose,29.99,/242/64/224206_BK_1,224206_BK_1.jpg,none,,,,,,
224206_EC,224206,Trousers 66 Ecru,_EC,Ecru,Apparel,Trousers,Circular,Elastane; Polyamide; Viscose,,Viscose,29.99,/242/64/224206_EC_1,224206_EC_1.jpg,none,,,,,,
224206_IG,224206,Trousers BETS Indigo,_IG,Indigo,Apparel,Trousers,Circular,Elastane; Polyamide; Viscose,,,29.99,/242/64/224206_IG_1,224206_IG_1.jpg,none,,,,,,
224206_KK,224206,Trousers BETS Khaki,_KK,Khaki,Apparel,Trousers,Circular,Elastane; Polyamide; Viscose,,,29.99,/242/64/224206_KK_1,224206_KK_1.jpg,none,,,,,,
224222_WT,224222,Skirt BRIDAL CAPSULE White,_WT,White,Apparel,Skirt,Woven,Elastane; Polyamide; Polyester,,,35.99,/242/64/224222_WT_1,224222_WT_1.jpg,none,,,,,,
224278_GY,224278,Coat IE Grey,_GY,Grey,Apparel,Coat,Woven,Polyester; Wool,,Polyester,59.99,/242/64/224278_GY_1,224278_GY_1.jpg,none,,,,,,
224297_DM,224297,Bathing Suit TRENDY Dark Multicolor,_DM,Dark Multicolor,Apparel,Bath Suit,Circular,Elastane; Polyester,,Polyester,25.99,/242/64/224297_DM_1,224297_DM_1.jpg,none,,,,,,
224441_AN,224441,Dress TT Anthracite,_AN,Anthracite,Apparel,Dress,Circular,Modal; Polyester,,Modal,29.99,/242/64/224441_AN_1,224441_AN_1.jpg,none,,,,,,
224441_GN,224441,Dress TT Green,_GN,Green,Apparel,Dress,Circular,Modal; Polyester,,Modal,29.99,/242/64/224441_GN_1,224441_GN_1.jpg,none,,,,,,
224446_PK,224446,Sweater KAT Pink,_PK,Pink,Apparel,Sweater,Knit,Acrylic; Polyamide; Wool,,,32.99,/242/64/224446_PK_1,224446_PK_1.jpg,none,,,,,,
224456_KK,224456,Raincoat C2 Khaki,_KK,Khaki,Apparel,Raincoat,Woven,Cotton; Polyamide; Polyester,,,69.99,/242/64/224456_KK_1,224456_KK_1.jpg,none,,,,,,
224489_GN,224489,Sweatshirt TT Green,_GN,Green,Apparel,Sweatshirt,Circular,Cotton,,Cotton,29.99,/242/64/224489_GN_1,224489_GN_1.jpg,none,,,,,,
224489_WT,224489,Sweatshirt TT White,_WT,White,Apparel,Sweatshirt,Circular,Cotton,,Cotton,29.99,/242/64/224489_WT_1,224489_WT_1.jpg,none,,,,,,
224567_BL,224567,Vest CS1 Blue,_BL,Blue,Apparel,Vest,Knit,Acrylic; Elastane; Polyester; Wool,,,32.99,/242/64/224567_BL_1,224567_BL_1.jpg,none,,,,,,
224720_EC,224720,Sweater NO Ecru,_EC,Ecru,Apparel,Sweater,Knit,Acrylic; Mohair; Polyamide; Wool,,,35.99,/242/64/224720_EC_1,224720_EC_1.jpg,none,,,,,,
224720_GY,224720,Sweater C4 SET Grey,_GY,Grey,Apparel,Sweater,Knit,Acrylic; Mohair; Polyamide; Wool,,,35.99,/242/64/224720_GY_1,224720_GY_1.jpg,none,,,,,,
224720_PK,224720,Sweater C4 SET Pink,_PK,Pink,Apparel,Sweater,Knit,Acrylic; Mohair; Polyamide; Wool,,,35.99,/242/64/224720_PK_1,224720_PK_1.jpg,none,,,,,,
224737_BM,224737,Jeans 33 Bright Multicolor,_BM,Bright Multicolor,Apparel,Jeans,Woven,Cotton; Elastane,,,42.99,/242/64/224737_BM_1,224737_BM_1.jpg,none,,,,,,
224836_BN,224836,Sweatshirt M1S Brown,_BN,Brown,Apparel,Sweatshirt,Circular,Cotton,,Cotton,35.99,/242/64/224836_BN_1,224836_BN_1.jpg,none,,,,,,
224836_GY,224836,Sweatshirt CG Grey,_GY,Grey,Apparel,Sweatshirt,Circular,Cotton,,Cotton,35.99,/242/64/224836_GY_1,224836_GY_1.jpg,none,,,,,,
224859_BL,224859,Sweatshirt BETS Blue,_BL,Blue,Apparel,Sweatshirt,Circular,Elastane; Modal; Polyester,,,29.99,/242/64/224859_BL_1,224859_BL_1.jpg,none,,,,,,
224859_BN,224859,Sweatshirt SCUBA Brown,_BN,Brown,Apparel,Sweatshirt,Circular,Elastane; Modal; Polyester,,,29.99,/242/64/224859_BN_1,224859_BN_1.jpg,none,,,,,,
224859_NV,224859,Sweatshirt SCUBA Navy,_NV,Navy,Apparel,Sweatshirt,Circular,Elastane; Modal; Polyester,,,29.99,/242/64/224859_NV_1,224859_NV_1.jpg,none,,,,,,
224859_RD,224859,Sweatshirt BETS Red,_RD,Red,Apparel,Sweatshirt,Circular,Elastane; Modal; Polyester,,,29.99,/242/64/224859_RD_1,224859_RD_1.jpg,none,,,,,,
224859_SA,224859,Sweatshirt SCUBA Salmon,_SA,Salmon,Apparel,Sweatshirt,Circular,Elastane; Modal; Polyester,,Modal,29.99,/242/64/224859_SA_1,224859_SA_1.jpg,none,,,,,,
224859_WT,224859,Sweatshirt SCUBA White,_WT,White,Apparel,Sweatshirt,Circular,Elastane; Modal; Polyester,,,29.99,/242/64/224859_WT_1,224859_WT_1.jpg,none,,,,,,
224874_CA,224874,Dress RB Camel,_CA,Camel,Apparel,Dress,Woven,Cotton,,,39.99,/242/64/224874_CA_1,224874_CA_1.jpg,none,,,,,,
224885_BM,224885,Trousers CC Bright Multicolor,_BM,Bright Multicolor,Apparel,Trousers,Woven,Cotton; Elastane; Polyamide,,,39.99,/242/64/224885_BM_1,224885_BM_1.jpg,none,,,,,,
224894_BK,224894,Raincoat BETS Black,_BK,Black,Apparel,Raincoat,Woven,Cotton; Polyamide; Polyester,,Cotton,49.99,/242/64/224894_BK_1,224894_BK_1.jpg,none,,,,,,
224894_BM,224894,Raincoat BETS Bright Multicolor,_BM,Bright Multicolor,Apparel,Raincoat,Woven,Cotton; Polyamide; Polyester,,Cotton,49.99,/242/64/224894_BM_1,224894_BM_1.jpg,none,,,,,,
224915_WT,224915,Top BRIDAL CAPSULE White,_WT,White,Apparel,Top,Woven,Cotton; Elastane; Polyamide,,Cotton,25.99,/242/64/224915_WT_1,224915_WT_1.jpg,none,,,,,,
224938_BG,224938,Raincoat P1 SET Beige,_BG,Beige,Apparel,Raincoat,Woven,Polyester,,,49.99,/242/64/224938_BG_1,224938_BG_1.jpg,none,,,,,,
224945_BL,224945,Trousers P2 Blue,_BL,Blue,Apparel,Trousers,Circular,Elastane; Polyamide; Viscose,,Viscose,29.99,/242/64/224945_BL_1,224945_BL_1.jpg,none,,,,,,
224945_OW,224945,Trousers P2 Off White,_OW,Off White,Apparel,Trousers,Circular,Elastane; Polyamide; Viscose,,Viscose,29.99,/242/64/224945_OW_1,224945_OW_1.jpg,none,,,,,,
225058_BL,225058,Dress TRENDY Blue,_BL,Blue,Apparel,Dress,Knit,Polyamide; Viscose,,,35.99,/242/64/225058_BL_1,225058_BL_1.jpg,none,,,,,,
225058_WT,225058,Dress TRENDY White,_WT,White,Apparel,Dress,Knit,Polyamide; Viscose,,,35.99,/242/64/225058_WT_1,225058_WT_1.jpg,none,,,,,,
204965_GD,204965,Flat Shoes JUTE BICOLOR Gold,_GD,Gold,Footwear,Flat Shoes,Textile,Jute; Polyester; Polyurethane; Rubber,,,19.99,/231/53/204965_GD_1,204965_GD_1.jpg,none,,,,,,
206791_BK,206791,High Heel Sandals BLACK SANDAL HEEL Black,_BK,Black,Footwear,High Heel Sandals,PU,Polyurethane; Rubber,,,29.99,/231/53/206791_BK_1,206791_BK_1.jpg,none,,,,,,
206791_SV,206791,High Heel Sandals SILVER SANDAL HEEL Silver,_SV,Silver,Footwear,High Heel Sandals,PU,Polyurethane; Rubber,,,29.99,/232/53/206791_SV_1,206791_SV_1.jpg,none,,,,,,
207994_BK,207994,Flat Sandals TUBULAR LACE-UP SANDAL Black,_BK,Black,Footwear,Flat Sandals,PU,Polyurethane; Rubber,,,22.99,/232/53/207994_BK_1,207994_BK_1.jpg,none,,,,,,
209458_BK,209458,Flat Shoes BASIC MOCASSIN Black,_BK,Black,Footwear,Flat Shoes,PU,Polyurethane; Rubber,,,35.99,/232/53/209458_BK_1,209458_BK_1.jpg,none,,,,,,
209458_SV,209458,Flat Shoes MOCASSIN SILVER Silver,_SV,Silver,Footwear,Flat Shoes,PU,Polyurethane; Rubber,,,35.99,/232/53/209458_SV_1,209458_SV_1.jpg,none,,,,,,
209530_BK,209530,Ballerinas BALLERINA FLYKNIT Black,_BK,Black,Footwear,Ballerinas,Textile,Polyester; Polyurethane; Rubber,,,25.99,/232/53/209530_BK_1,209530_BK_1.jpg,none,,,,,,
209817_TU,209817,Trainer Shoes RUNNING TAUPE Taupe,_TU,Taupe,Footwear,Trainers,Textile,Polyester; Polyurethane; Rubber,,,35.99,/232/53/209817_TU_1,209817_TU_1.jpg,none,,,,,,
210344_BK,210344,Boots BLACK RUBBER BOOT Black,_BK,Black,Footwear,Boots,PU,Polyester; Polyurethane; Rubber,,,55.99,/232/53/210344_BK_1,210344_BK_1.jpg,none,,,,,,
210344_KK,210344,Boots KHAKI RUBBER BOOT Khaki,_KK,Khaki,Footwear,Boots,PU,Polyester; Polyurethane; Rubber,,,55.99,/232/53/210344_KK_1,210344_KK_1.jpg,none,,,,,,
210632_BK,210632,Boots BASIC HIGH BOOT Black,_BK,Black,Footwear,Boots,PU,Polyester; Polyurethane; Rubber,,,59.99,/232/53/210632_BK_1,210632_BK_1.jpg,none,,,,,,
210639_BK,210639,Ballerinas BALLERINA MARY-JANE BLACK Black,_BK,Black,Footwear,Ballerinas,PU,Polyester; Polyurethane; Rubber,,,25.99,/232/53/210639_BK_1,210639_BK_1.jpg,none,,,,,,
210639_NU,210639,Ballerinas BALLERINA MARY-JANE NUDE Nude,_NU,Nude,Footwear,Ballerinas,PU,Polyester; Polyurethane; Rubber,,,25.99,/232/53/210639_NU_1,210639_NU_1.jpg,none,,,,,,
210639_SV,210639,Ballerinas BALLERINA MARY-JANE SILVE Silver,_SV,Silver,Footwear,Ballerinas,PU,Polyester; Polyurethane; Rubber,,,25.99,/232/53/210639_SV_1,210639_SV_1.jpg,none,,,,,,
210702_BK,210702,Ankle Boots LADY ANKLE BOOT BLACK Black,_BK,Black,Footwear,Ankle Boots,PU,Polyester; Polyurethane; Rubber,,,35.99,/232/53/210702_BK_1,210702_BK_1.jpg,none,,,,,,
210787_BK,210787,High Heel Shoes SLINGBACK KITTEN BLACK Black,_BK,Black,Footwear,High Heel Shoes,PU,Polyester; Polyurethane; Rubber,,,29.99,/232/53/210787_BK_1,210787_BK_1.jpg,none,,,,,,
211603_BK,211603,Ankle Boots FLYKNIT BOOT Black,_BK,Black,Footwear,Ankle Boots,Textile,Polyester; Polyurethane; Rubber,,,39.99,/232/53/211603_BK_1,211603_BK_1.jpg,none,,,,,,
211793_BK,211793,Ballerinas POINTED BALLERINA W EYELE Black,_BK,Black,Footwear,Ballerinas,PU,Polyester; Polyurethane; Rubber,,,35.99,/232/53/211793_BK_1,211793_BK_1.jpg,none,,,,,,
211793_OW,211793,Ballerinas POINTED BALLERINA W EYELE Off White,_OW,Off White,Footwear,Ballerinas,PU,Polyester; Polyurethane; Rubber,,,35.99,/232/53/211793_OW_1,211793_OW_1.jpg,none,,,,,,
212090_BK,212090,Ballerinas ZEBRA POINTED BALLERINA Black,_BK,Black,Footwear,Ballerinas,Leather,Cow Leather; Polyester; Polyurethane; Rubber,,,45.99,/232/53/212090_BK_1,212090_BK_1.jpg,none,,,,,,
214057_BG,214057,Ankle Boots LADY ANKLE BOOT SNAKE Beige,_BG,Beige,Footwear,Ankle Boots,PU,Polyester; Polyurethane; Rubber,,,39.99,/232/53/214057_BG_2y,214057_BG_2y.jpg,none,,,,,,
214180_BK,214180,Flat Shoes MOCASSIN PU CERCO Black,_BK,Black,Footwear,Flat Shoes,PU,Polyester; Polyurethane; Rubber,,,39.99,/232/53/214180_BK_1,214180_BK_1.jpg,none,,,,,,
214180_RD,214180,Flat Shoes MOCASSIN PU CERCO Red,_RD,Red,Footwear,Flat Shoes,PU,Polyester; Polyurethane; Rubber,,,39.99,/232/53/214180_RD_1,214180_RD_1.jpg,none,,,,,,
214504_BK,214504,Flat Shoes LEATHER MOCASSIN Black,_BK,Black,Footwear,Flat Shoes,Leather,Cow Leather; Polyester; Polyurethane; Rubber,,,45.99,/241/53/214504_BK_1,214504_BK_1.jpg,none,,,,,,
215548_SV,215548,Ankle Boots LADY ANKLE BOOT Silver,_SV,Silver,Footwear,Ankle Boots,PU,Polyester; Polyurethane; Rubber,,,39.99,/241/53/215548_SV_1,215548_SV_1.jpg,none,,,,,,
215675_BK,215675,Trainer Shoes NYLON BLACK Black,_BK,Black,Footwear,Trainers,Textile,Polyester; Polyurethane; Rubber,,,32.99,/241/53/215675_BK_1,215675_BK_1.jpg,none,,,,,,
216080_BK,216080,Ankle Boots FAKE SUEDE ANKLE BOOT Black,_BK,Black,Footwear,Ankle Boots,Textile,Polyester; Polyurethane; Rubber,,,39.99,/241/53/216080_BK_1,216080_BK_1.jpg,none,,,,,,
216769_BK,216769,Ankle Boots LYCRA ANKLE BOOT Black,_BK,Black,Footwear,Ankle Boots,Textile,Polyester; Polyurethane; Rubber,,,35.99,/241/53/216769_BK_1,216769_BK_1.jpg,none,,,,,,
216769_TU,216769,Ankle Boots LYCRA ANKLE BOOT Taupe,_TU,Taupe,Footwear,Ankle Boots,Textile,Polyester; Polyurethane; Rubber,,,35.99,/241/53/216769_TU_1,216769_TU_1.jpg,none,,,,,,
217145_BG,217145,High Heel Shoes SOCA Beige,_BG,Beige,Footwear,High Heel Shoes,Leather,Cow Suede Leather; Polyester; Polyurethane; Rubber,,,45.99,/241/53/217145_BG_1,217145_BG_1.jpg,none,,,,,,
217547_BG,217547,Trainer Shoes TRAINER BEIGE&LIME Beige,_BG,Beige,Footwear,Trainers,Textile,Polyester; Polyurethane; Rubber,,,32.99,/241/53/217547_BG_1,217547_BG_1.jpg,none,,,,,,
217547_SV,217547,Trainer Shoes TRAINER SOFT SILVER Silver,_SV,Silver,Footwear,Trainers,Textile,Polyester; Polyurethane; Rubber,,,32.99,/241/53/217547_SV_1,217547_SV_1.jpg,none,,,,,,
217662_DG,217662,Ankle Boots BIKER Dark Grey,_DG,Dark Grey,Footwear,Ankle Boots,PU,Polyester; Polyurethane; Rubber,,,49.99,/241/53/217662_DG_1,217662_DG_1.jpg,none,,,,,,
218050_KK,218050,Flat Shoes LEATHER FLAT JUTE Khaki,_KK,Khaki,Footwear,Flat Shoes,Leather,Cotton; Cow Suede Leather; Jute; Polyester; Polyurethane; Rubber,,,32.99,/241/53/218050_KK_1,218050_KK_1.jpg,none,,,,,,
218186_EC,218186,High Heel Sandals ROPE WEDGE SANDAL Ecru,_EC,Ecru,Footwear,High Heel Sandals,PU,Cotton; Linen; Polyester; Polyurethane; Rubber,,,35.99,/241/53/218186_EC_1,218186_EC_1.jpg,none,,,,,,
218223_BG,218223,Flat Shoes SOCA LEATHER Beige,_BG,Beige,Footwear,Flat Shoes,Leather,Cow Suede Leather; Polyester; Polyurethane; Rubber,,,45.99,/241/53/218223_BG_1,218223_BG_1.jpg,none,,,,,,
218223_GY,218223,Flat Shoes SOCA LEATHER Grey,_GY,Grey,Footwear,Flat Shoes,Leather,Cow Suede Leather; Polyester; Polyurethane; Rubber,,,45.99,/241/53/218223_GY_1,218223_GY_1.jpg,none,,,,,,
218473_BK,218473,High Heel Sandals BLACK WEDGE JUTE Black,_BK,Black,Footwear,High Heel Sandals,PU,Polyurethane; Rubber,,,35.99,/241/53/218473_BK_1,218473_BK_1.jpg,none,,,,,,
218473_CA,218473,High Heel Sandals CAMEL WEDGE JUTE Camel,_CA,Camel,Footwear,High Heel Sandals,PU,Polyurethane; Rubber,,,35.99,/241/53/218473_CA_1,218473_CA_1.jpg,none,,,,,,
218501_TU,218501,Flat Shoes LEATHER MOCASSIN Taupe,_TU,Taupe,Footwear,Flat Shoes,Leather,Cow Suede Leather; Polyester; Polyurethane; Rubber,,,39.99,/241/53/218501_TU_1,218501_TU_1.jpg,none,,,,,,
218511_BG,218511,Ballerinas BALLERINA LEATHER Beige,_BG,Beige,Footwear,Ballerinas,Leather,Cow Leather; Rubber,,,39.99,/241/53/218511_BG_1,218511_BG_1.jpg,none,,,,,,
218511_CA,218511,Ballerinas BALLERINA LEATHER Camel,_CA,Camel,Footwear,Ballerinas,Leather,Cow Leather; Rubber,,,39.99,/242/53/218511_CA_1,218511_CA_1.jpg,none,,,,,,
218511_CH,218511,Ballerinas BALLERINA LEATHER Chocolate,_CH,Chocolate,Footwear,Ballerinas,Leather,Cow Leather; Rubber,,,39.99,/242/53/218511_CH_1,218511_CH_1.jpg,none,,,,,,
218511_GN,218511,Ballerinas BALLERINA LEATHER Green,_GN,Green,Footwear,Ballerinas,Leather,Cow Leather; Rubber,,,39.99,/241/53/218511_GN_1,218511_GN_1.jpg,none,,,,,,
218511_KK,218511,Ballerinas BALLERINA LEATHER Khaki,_KK,Khaki,Footwear,Ballerinas,Leather,Cow Leather; Rubber,,,39.99,/242/53/218511_KK_1,218511_KK_1.jpg,none,,,,,,
218511_LL,218511,Ballerinas BALLERINA LEATHER Lilac,_LL,Lilac,Footwear,Ballerinas,Leather,Cow Leather; Rubber,,,39.99,/241/53/218511_LL_1,218511_LL_1.jpg,none,,,,,,
218511_RD,218511,Ballerinas BALLERINA LEATHER Red,_RD,Red,Footwear,Ballerinas,Leather,Cow Leather; Rubber,,,39.99,/242/53/218511_RD_1,218511_RD_1.jpg,none,,,,,,
218689_BG,218689,Flat Sandals TWO-BUCKLES FLAT SANDAL Beige,_BG,Beige,Footwear,Flat Sandals,PU,Polyester; Polyurethane; Rubber,,,29.99,/241/53/218689_BG_1,218689_BG_1.jpg,none,,,,,,
218689_GD,218689,Flat Sandals TWO-BUCKLES FLAT SANDAL Gold,_GD,Gold,Footwear,Flat Sandals,PU,Polyester; Polyurethane; Rubber,,,29.99,/241/53/218689_GD_1,218689_GD_1.jpg,none,,,,,,
218689_KK,218689,Flat Sandals TWO-BUCKLES FLAT SANDAL Khaki,_KK,Khaki,Footwear,Flat Sandals,PU,Polyester; Polyurethane; Rubber,,,29.99,/241/53/218689_KK_1,218689_KK_1.jpg,none,,,,,,
219320_WI,219320,Flat Sandals MADEIRA Wine,_WI,Wine,Footwear,Flat Sandals,PU,Polyurethane; Rubber,,,29.99,/241/53/219320_WI_1,219320_WI_1.jpg,none,,,,,,
219502_BK,219502,Ballerinas MESH BALLERINA Black,_BK,Black,Footwear,Ballerinas,Textile,Polyester; Polyurethane; Rubber,,,29.99,/241/53/219502_BK_1,219502_BK_1.jpg,none,,,,,,
219502_NU,219502,Ballerinas MESH BALLERINA Nude,_NU,Nude,Footwear,Ballerinas,Textile,Polyester; Polyurethane; Rubber,,,29.99,/241/53/219502_NU_1,219502_NU_1.jpg,none,,,,,,
219522_EC,219522,Ballerinas MADEIRA Ecru,_EC,Ecru,Footwear,Ballerinas,Textile,Cotton; Polyester; Rubber,,,35.99,/241/53/219522_EC_1,219522_EC_1.jpg,none,,,,,,
219945_BK,219945,Flat Sandals SANDAL EYELETS Black,_BK,Black,Footwear,Flat Sandals,PU,Polyurethane; Rubber,,,29.99,/241/53/219945_BK_1,219945_BK_1.jpg,none,,,,,,
220189_BG,220189,Ballerinas MADEIRA Beige,_BG,Beige,Footwear,Ballerinas,Leather,Cow Leather; Cow Suede Leather; Rubber,,,39.99,/241/53/220189_BG_1,220189_BG_1.jpg,none,,,,,,
220189_RD,220189,Ballerinas MADEIRA Red,_RD,Red,Footwear,Ballerinas,Leather,Cow Leather; Cow Suede Leather; Rubber,,,39.99,/241/53/220189_RD_1,220189_RD_1.jpg,none,,,,,,
220568_BG,220568,Flat Sandals TWO-BUCKLES FLAT SANDAL Beige,_BG,Beige,Footwear,Flat Sandals,PU,Polyester; Polyurethane; Rubber,,,32.99,/242/53/220568_BG_1,220568_BG_1.jpg,none,,,,,,
220568_LK,220568,Flat Sandals TWO-BUCKLES FLAT SANDAL Light Pink,_LK,Light Pink,Footwear,Flat Sandals,PU,Polyester; Polyurethane; Rubber,,,32.99,/242/53/220568_LK_1,220568_LK_1.jpg,none,,,,,,
220687_KK,220687,Flat Shoes MULE JUTE Khaki,_KK,Khaki,Footwear,Flat Shoes,PU,Cotton; Jute; Polyurethane; Rubber,,,29.99,/242/53/220687_KK_1,220687_KK_1.jpg,none,,,,,,
220898_GD,220898,Flat Sandals CANGREJERA Gold,_GD,Gold,Footwear,Flat Sandals,PU,Jute; Polyurethane; Rubber,,,29.99,/242/53/220898_GD_1,220898_GD_1.jpg,none,,,,,,
222373_BG,222373,Trainer Shoes RUNNING BEIGE Beige,_BG,Beige,Footwear,Trainers,Textile,Polyester; Polyurethane; Rubber,,,32.99,/242/53/222373_BG_1,222373_BG_1.jpg,none,,,,,,
222435_BU,222435,Trainer Shoes NYLON BURGUNDY Burgundy,_BU,Burgundy,Footwear,Trainers,Textile,Polyester; Polyurethane; Thermoplastic Rubber,,,32.99,/242/53/222435_BU_1,222435_BU_1.jpg,none,,,,,,
222435_KK,222435,Trainer Shoes NYLON KHAKI Khaki,_KK,Khaki,Footwear,Trainers,Textile,Polyester; Polyurethane; Thermoplastic Rubber,,,32.99,/242/53/222435_KK_1,222435_KK_1.jpg,none,,,,,,
222493_BU,222493,Trainer Shoes RUNNING MULTICOLOR Burgundy,_BU,Burgundy,Footwear,Trainers,Textile,Polyester; Polyurethane; Thermoplastic Rubber,,,39.99,/242/53/222493_BU_1,222493_BU_1.jpg,none,,,,,,
222493_PU,222493,Trainer Shoes RUNNING MULTICOLOR Purple,_PU,Purple,Footwear,Trainers,Textile,Polyester; Polyurethane; Thermoplastic Rubber,,,39.99,/242/53/222493_PU_1,222493_PU_1.jpg,none,,,,,,
222687_BG,222687,Trainer Shoes RUNNING FASHION NYLON Beige,_BG,Beige,Footwear,Trainers,Textile,Polyester; Polyurethane; Thermoplastic Rubber,,,35.99,/242/53/222687_BG_1,222687_BG_1.jpg,none,,,,,,
222687_BK,222687,Trainer Shoes NYLON BLACK Black,_BK,Black,Footwear,Trainers,Textile,Polyester; Polyurethane; Thermoplastic Rubber,,,35.99,/242/53/222687_BK_1,222687_BK_1.jpg,none,,,,,,
222687_PK,222687,Trainer Shoes NYLON PINK Pink,_PK,Pink,Footwear,Trainers,Textile,Polyester; Polyurethane; Thermoplastic Rubber,,,35.99,/242/53/222687_PK_1,222687_PK_1.jpg,none,,,,,,
222702_TU,222702,Ballerinas STUDS LEATHER BALLERINA Taupe,_TU,Taupe,Footwear,Ballerinas,Leather,Cow Suede Leather; Polyester; Polyurethane; Rubber,,,49.99,/242/53/222702_TU_1,222702_TU_1.jpg,none,,,,,,
222829_BK,222829,Flat Sandals FLOWER SANDAL Black,_BK,Black,Footwear,Flat Sandals,PU,Polyurethane; Rubber,,,25.99,/242/53/222829_BK_1,222829_BK_1.jpg,none,,,,,,
223587_TU,223587,Ankle Boots BASIC ANKLE BOOT TAUPE Taupe,_TU,Taupe,Footwear,Ankle Boots,Textile,Polyester; Polyurethane; Rubber,,,35.99,/242/53/223587_TU_1,223587_TU_1.jpg,none,,,,,,
223635_BK,223635,Ballerinas VELVET BALLERINA Black,_BK,Black,Footwear,Ballerinas,Textile,Polyester; Rubber,,,29.99,/242/53/223635_BK_1,223635_BK_1.jpg,none,,,,,,
223635_BN,223635,Ballerinas VELVET BALLERINA Brown,_BN,Brown,Footwear,Ballerinas,Textile,Polyester; Rubber,,,29.99,/242/53/223635_BN_1,223635_BN_1.jpg,none,,,,,,
223635_GY,223635,Ballerinas VELVET BALLERINA Grey,_GY,Grey,Footwear,Ballerinas,Textile,Polyester; Rubber,,,29.99,/242/53/223635_GY_1,223635_GY_1.jpg,none,,,,,,
223635_NV,223635,Ballerinas VELVET BALLERINA Navy,_NV,Navy,Footwear,Ballerinas,Textile,Polyester; Rubber,,,29.99,/242/53/223635_NV_1,223635_NV_1.jpg,none,,,,,,
223648_CA,223648,Ankle Boots FUR BOOTIE Camel,_CA,Camel,Footwear,Ankle Boots,Textile,Polyester; Rubber,,,29.99,/242/53/223648_CA_1,223648_CA_1.jpg,none,,,,,,
223671_BK,223671,Ankle Boots LEATHER BOOTIE Black,_BK,Black,Footwear,Ankle Boots,Leather,Cow Suede Leather; Polyester; Polyurethane; Rubber,,,59.99,/242/53/223671_BK_1,223671_BK_1.jpg,none,,,,,,
223671_TU,223671,Ankle Boots LEATHER BOOTIE Taupe,_TU,Taupe,Footwear,Ankle Boots,Leather,Cow Suede Leather; Polyester; Polyurethane; Rubber,,,59.99,/242/53/223671_TU_1,223671_TU_1.jpg,none,,,,,,
223713_BK,223713,Ankle Boots ZIPPER ANKLE BOOT Black,_BK,Black,Footwear,Ankle Boots,PU,Polyester; Polyurethane; Rubber,,,39.99,/242/53/223713_BK_1,223713_BK_1.jpg,none,,,,,,
223963_DM,223963,Flat Shoes MOCASSIN LEOPARD Dark Multicolor,_DM,Dark Multicolor,Footwear,Flat Shoes,Leather,Cow Leather; Polyester; Polyurethane; Rubber,,,45.99,/242/53/223963_DM_1,223963_DM_1.jpg,none,,,,,,
224238_BK,224238,Trainer Shoes BLACK RUNNING Black,_BK,Black,Footwear,Trainers,PU,Polyester; Polyurethane; Rubber,,,35.99,/242/53/224238_BK_1,224238_BK_1.jpg,none,,,,,,
224238_OW,224238,Trainer Shoes WHITE RUNNING Off White,_OW,Off White,Footwear,Trainers,PU,Polyester; Polyurethane; Rubber,,,35.99,/242/53/224238_OW_1,224238_OW_1.jpg,none,,,,,,
224464_DM,224464,Ballerinas ZEBRA BALLERINA Dark Multicolor,_DM,Dark Multicolor,Footwear,Ballerinas,Leather,Cow Leather; Polyester; Polyurethane; Rubber,,,45.99,/242/53/224464_DM_1,224464_DM_1.jpg,none,,,,,,
198247_BK,198247,Computer Hand Bag GEORGE Black,_BK,Black,Hand Bag,Computer Hand Bag,Plain PU,Polyester; Polyurethane,,,35.99,/222/54/198247_BK_1,198247_BK_1.jpg,none,,,,,,
206395_BG,206395,Crossbody Bag PEPPER Beige,_BG,Beige,Hand Bag,Cross,Fantasy Fabric,Cotton; Polyester; Polyurethane,,,25.99,/231/54/206395_BG_1,206395_BG_1.jpg,none,,,,,,
206395_CL,206395,Crossbody Bag PEPPER Coral,_CL,Coral,Hand Bag,Cross,Fantasy Fabric,Cotton; Polyester; Polyurethane,,,25.99,/231/54/206395_CL_1,206395_CL_1.jpg,none,,,,,,
208066_EC,208066,Shopper Bag BUKARA3 Ecru,_EC,Ecru,Hand Bag,Shopper,Jute,Cotton; Jute; Metal and Plastic,,,23.99,/232/54/208066_EC_1,208066_EC_1.jpg,none,,,,,,
208532_BK,208532,Shoulder Bag JOLY1 Black,_BK,Black,Hand Bag,Shoulder Bag,Padded Pu,Polyester; Polyurethane,,,23.99,/232/54/208532_BK_1,208532_BK_1.jpg,none,,,,,,
208532_GN,208532,Shoulder Bag JOLY1 Green,_GN,Green,Hand Bag,Shoulder Bag,Padded Pu,Polyester; Polyurethane,,,23.99,/232/54/208532_GN_1,208532_GN_1.jpg,none,,,,,,
208532_WT,208532,Shoulder Bag JOLY1 White,_WT,White,Hand Bag,Shoulder Bag,Padded Pu,Polyester; Polyurethane,,,23.99,/232/54/208532_WT_1,208532_WT_1.jpg,none,,,,,,
208691_WT,208691,Shoulder Bag JOLY2 White,_WT,White,Hand Bag,Shoulder Bag,Fantasy PU,Polyester; Polyurethane,,,27.99,/232/54/208691_WT_1,208691_WT_1.jpg,none,,,,,,
208708_GN,208708,Shopper Bag JOLY1 Green,_GN,Green,Hand Bag,Shopper,Plastic,Polyester; Polyurethane; Thermoplastic Polyurethane,,,27.99,/232/54/208708_GN_1,208708_GN_1.jpg,none,,,,,,
208708_WT,208708,Shopper Bag JOLY1 White,_WT,White,Hand Bag,Shopper,Plastic,Polyester; Polyurethane; Thermoplastic Polyurethane,,,27.99,/232/54/208708_WT_1,208708_WT_1.jpg,none,,,,,,
209066_BL,209066,Crossbody Bag GARDEN Blue,_BL,Blue,Hand Bag,Cross,Printed PU,Polyester; Polyurethane,,,25.99,/232/54/209066_BL_1,209066_BL_1.jpg,none,,,,,,
209219_OR,209219,Shoulder Bag NET3 Orange,_OR,Orange,Hand Bag,Shoulder Bag,Leather,Cotton; Sheep leather,,,49.99,/232/54/209219_OR_1,209219_OR_1.jpg,none,,,,,,
209219_PU,209219,Shoulder Bag NET3 Purple,_PU,Purple,Hand Bag,Shoulder Bag,Leather,Cotton; Sheep leather,,,49.99,/232/54/209219_PU_1,209219_PU_1.jpg,none,,,,,,
209219_SV,209219,Shoulder Bag NET3 Silver,_SV,Silver,Hand Bag,Shoulder Bag,Leather,Cotton; Sheep leather,,,49.99,/232/54/209219_SV_1,209219_SV_1.jpg,none,,,,,,
209479_EC,209479,Crossbody Bag SOLAR Ecru,_EC,Ecru,Hand Bag,Cross,Crochet,Cotton; Polyester; Polyurethane,,,23.99,/232/54/209479_EC_1,209479_EC_1.jpg,none,,,,,,
209518_SW,209518,Crossbody Bag BLANCA Straw,_SW,Straw,Hand Bag,Cross,Paper straw,Linen; Paper; Polyester; Polyurethane,,,25.99,/232/54/209518_SW_1,209518_SW_1.jpg,none,,,,,,
209558_GN,209558,Crossbody Bag GLICINIA Green,_GN,Green,Hand Bag,Cross,Plain PU,Polyester; Polyurethane,,,23.99,/232/54/209558_GN_1,209558_GN_1.jpg,none,,,,,,
209729_BK,209729,Tote Bag NET3 Black,_BK,Black,Hand Bag,Tote,Plain PU,Polyester; Polyurethane,,,27.99,/232/54/209729_BK_1,209729_BK_1.jpg,none,,,,,,
209729_WT,209729,Tote Bag NET3 White,_WT,White,Hand Bag,Tote,Plain PU,Polyester; Polyurethane,,,27.99,/232/54/209729_WT_1,209729_WT_1.jpg,none,,,,,,
209733_BK,209733,Tote Bag NET1 Black,_BK,Black,Hand Bag,Tote,Peach PU,Aluminium; Polyester; Polyurethane; Thermoplastic Polyurethane,,,29.99,/232/54/209733_BK_1,209733_BK_1.jpg,none,,,,,,
210027_BK,210027,Crossbody Bag DIANA Black,_BK,Black,Hand Bag,Cross,Plain PU,Polyester; Polyurethane,,,19.99,/232/54/210027_BK_1,210027_BK_1.jpg,none,,,,,,
210027_CA,210027,Crossbody Bag DIANA Camel,_CA,Camel,Hand Bag,Cross,Plain PU,Polyester; Polyurethane,,,19.99,/232/54/210027_CA_1,210027_CA_1.jpg,none,,,,,,
210027_EC,210027,Crossbody Bag DIANA Ecru,_EC,Ecru,Hand Bag,Cross,Plain PU,Polyester; Polyurethane,,,19.99,/232/54/210027_EC_1,210027_EC_1.jpg,none,,,,,,
210031_OR,210031,Envelope Bag NET2 Orange,_OR,Orange,Hand Bag,Envelope,Fantasy Fabric,Polyester; Polyethylene; Polypropylene,,,12.99,/232/54/210031_OR_1,210031_OR_1.jpg,none,,,,,,
210443_BK,210443,Sac LAPELE Black,_BK,Black,Hand Bag,Sac,Leather,Cow Leather; Polyester,,,79.99,/232/54/210443_BK_1,210443_BK_1.jpg,none,,,,,,
210443_CA,210443,Sac LAPELE Camel,_CA,Camel,Hand Bag,Sac,Leather,Cow Leather; Polyester,,,79.99,/232/54/210443_CA_1,210443_CA_1.jpg,none,,,,,,
210443_EC,210443,Sac LAPELE Ecru,_EC,Ecru,Hand Bag,Sac,Leather,Cow Leather; Polyester,,,79.99,/232/54/210443_EC_1,210443_EC_1.jpg,none,,,,,,
210443_LM,210443,Sac LAPELE Lime,_LM,Lime,Hand Bag,Sac,Leather,Cow Leather; Polyester,,,79.99,/232/54/210443_LM_1,210443_LM_1.jpg,none,,,,,,
210443_SV,210443,Sac LAPELE Silver,_SV,Silver,Hand Bag,Sac,Leather,Cow Leather; Polyester,,,79.99,/232/54/210443_SV_1,210443_SV_1.jpg,none,,,,,,
210597_CA,210597,Sac FLECOS Camel,_CA,Camel,Hand Bag,Sac,Real Suede,Cotton; Cow Leather,,,39.99,/231/54/210597_CA_1,210597_CA_1.jpg,none,,,,,,
210597_GN,210597,Sac FLECOS Green,_GN,Green,Hand Bag,Sac,Real Suede,Cotton; Cow Leather,,,39.99,/231/54/210597_GN_1,210597_GN_1.jpg,none,,,,,,
210597_PU,210597,Sac FLECOS Purple,_PU,Purple,Hand Bag,Sac,Real Suede,Cotton; Cow Leather,,,39.99,/231/54/210597_PU_1,210597_PU_1.jpg,none,,,,,,
210886_BK,210886,Backpack AUGUSTO1 Black,_BK,Black,Hand Bag,Backpack,Nylon,Aluminium; Polyester; Polyurethane; Thermoplastic Polyurethane,,,27.99,/232/54/210886_BK_1,210886_BK_1.jpg,none,,,,,,
210886_DM,210886,Backpack AUGUSTO1 Dark Multicolor,_DM,Dark Multicolor,Hand Bag,Backpack,Nylon,Aluminium; Polyester; Polyurethane; Thermoplastic Polyurethane,,,27.99,/232/54/210886_DM_1,210886_DM_1.jpg,none,,,,,,
210889_BM,210889,Shopper Bag AUGUSTO1 Bright Multicolor,_BM,Bright Multicolor,Hand Bag,Shopper,Printed Nylon,Polyester; Polyurethane,,,29.99,/232/54/210889_BM_1,210889_BM_1.jpg,none,,,,,,
210924_BK,210924,Backpack AUBREY 1 Black,_BK,Black,Hand Bag,Backpack,Nylon,Acrylic; Cotton; Polyester; Polyurethane; Zinc,,,25.99,/232/54/210924_BK_1,210924_BK_1.jpg,none,,,,,,
210924_EC,210924,Backpack AUBREY 1 Ecru,_EC,Ecru,Hand Bag,Backpack,Nylon,Acrylic; Cotton; Polyester; Polyurethane; Zinc,,,25.99,/232/54/210924_EC_1,210924_EC_1.jpg,none,,,,,,
210924_KK,210924,Backpack AUBREY 1 Khaki,_KK,Khaki,Hand Bag,Backpack,Nylon,Acrylic; Cotton; Polyester; Polyurethane; Zinc,,,25.99,/232/54/210924_KK_1,210924_KK_1.jpg,none,,,,,,
210931_BK,210931,Briefcase AUBREY 2 Black,_BK,Black,Hand Bag,Briefcase,Fake Nylon,Polyester; Polyurethane; Zinc,,,35.99,/232/54/210931_BK_1,210931_BK_1.jpg,none,,,,,,
210931_EC,210931,Briefcase AUBREY 2 Ecru,_EC,Ecru,Hand Bag,Briefcase,Fake Nylon,Polyester; Polyurethane; Zinc,,,35.99,/232/54/210931_EC_1,210931_EC_1.jpg,none,,,,,,
210931_PU,210931,Briefcase AUBREY 1 Purple,_PU,Purple,Hand Bag,Briefcase,Fake Nylon,Polyester; Polyurethane; Zinc,,,35.99,/232/54/210931_PU_1,210931_PU_1.jpg,none,,,,,,
210931_TU,210931,Briefcase AUBREY 1 Taupe,_TU,Taupe,Hand Bag,Briefcase,Fake Nylon,Polyester; Polyurethane; Zinc,,,35.99,/232/54/210931_TU_1,210931_TU_1.jpg,none,,,,,,
210971_PU,210971,Lunch Bag AUBREY 1 Purple,_PU,Purple,Hand Bag,Lunch Bag,Nylon,Polyester; Polyurethane; Thermoplastic Polyurethane,,,19.99,/232/54/210971_PU_1,210971_PU_1.jpg,none,,,,,,
211226_NV,211226,Backpack BLOOMING Navy,_NV,Navy,Hand Bag,Backpack,Printed PU,Polyester; Polyurethane,,,25.99,/232/54/211226_NV_1,211226_NV_1.jpg,none,,,,,,
211295_BK,211295,Tote Bag POWER Black,_BK,Black,Hand Bag,Tote,Padded Pu,Polyester; Polyurethane,,,29.99,/232/54/211295_BK_1,211295_BK_1.jpg,none,,,,,,
211295_IV,211295,Tote Bag POWER Ivory,_IV,Ivory,Hand Bag,Tote,Padded Pu,Polyester; Polyurethane,,,29.99,/232/54/211295_IV_1,211295_IV_1.jpg,none,,,,,,
211305_BK,211305,Briefcase POWER Black,_BK,Black,Hand Bag,Briefcase,Animal Embossed PU,Polyester; Polyurethane; Thermoplastic Polyurethane,,,35.99,/232/54/211305_BK_1,211305_BK_1.jpg,none,,,,,,
211335_KK,211335,Sac MAXI MAY Khaki,_KK,Khaki,Hand Bag,Sac,Nylon,Lyocell; Polyester; Polyurethane,,,35.99,/231/54/211335_KK_1,211335_KK_1.jpg,none,,,,,,
211428_BK,211428,Shoulder Bag FARM1 Black,_BK,Black,Hand Bag,Shoulder Bag,Padded Pu,Polyester; Polyurethane,,,29.99,/232/54/211428_BK_1,211428_BK_1.jpg,none,,,,,,
211428_EC,211428,Shoulder Bag FARM1 Ecru,_EC,Ecru,Hand Bag,Shoulder Bag,Padded Pu,Polyester; Polyurethane,,,29.99,/232/54/211428_EC_1,211428_EC_1.jpg,none,,,,,,
211433_BK,211433,Crossbody Bag FARM2 Black,_BK,Black,Hand Bag,Cross,Plain PU,Polyester; Polyurethane,,,25.99,/232/54/211433_BK_1,211433_BK_1.jpg,none,,,,,,
211433_TU,211433,Crossbody Bag FARM2 Taupe,_TU,Taupe,Hand Bag,Cross,Plain PU,Polyester; Polyurethane,,,25.99,/232/54/211433_TU_1,211433_TU_1.jpg,none,,,,,,
211692_DM,211692,Crossbody Bag FARM2 Dark Multicolor,_DM,Dark Multicolor,Hand Bag,Cross,Real Fur,Cow Leather; Polyester; Polyurethane,,,27.99,/232/54/211692_DM_1,211692_DM_1.jpg,none,,,,,,
211694_KK,211694,Crossbody Bag FARM2 Khaki,_KK,Khaki,Hand Bag,Cross,Real Fur,Cow Leather; Polyester; Polyurethane,,,49.99,/232/54/211694_KK_1,211694_KK_1.jpg,none,,,,,,
211694_LM,211694,Crossbody Bag FARM2 Lime,_LM,Lime,Hand Bag,Cross,Real Fur,Cow Leather; Polyester; Polyurethane,,,49.99,/232/54/211694_LM_1,211694_LM_1.jpg,none,,,,,,
211694_PK,211694,Crossbody Bag FARM2 Pink,_PK,Pink,Hand Bag,Cross,Real Fur,Cow Leather; Polyester; Polyurethane,,,49.99,/232/54/211694_PK_1,211694_PK_1.jpg,none,,,,,,
211698_BK,211698,Sac FARM2 Black,_BK,Black,Hand Bag,Sac,Plain PU,Polyester; Polyurethane,,,27.99,/232/54/211698_BK_1,211698_BK_1.jpg,none,,,,,,
211698_TU,211698,Sac FARM2 Taupe,_TU,Taupe,Hand Bag,Sac,Plain PU,Polyester; Polyurethane,,,27.99,/232/54/211698_TU_1,211698_TU_1.jpg,none,,,,,,
211815_SK,211815,Crossbody Bag MARIGOLD 1 Skin,_SK,Skin,Hand Bag,Cross,Printed Fake Nylon,Polyester; Polyurethane,,,25.99,/232/54/211815_SK_1,211815_SK_1.jpg,none,,,,,,
211849_DM,211849,Sac FARM2 Dark Multicolor,_DM,Dark Multicolor,Hand Bag,Sac,Real Fur,Cow Leather; Polyester; Polyurethane,,,69.99,/232/54/211849_DM_1,211849_DM_1.jpg,none,,,,,,
211852_CA,211852,Crossbody Bag NINA Camel,_CA,Camel,Hand Bag,Cross,Real Suede,Cow Suede Leather; Iron; Polyester; Polyurethane,,,29.99,/232/54/211852_CA_1,211852_CA_1.jpg,none,,,,,,
211852_EC,211852,Crossbody Bag NINA Ecru,_EC,Ecru,Hand Bag,Cross,Real Suede,Cow Suede Leather; Iron; Polyester; Polyurethane,,,29.99,/232/54/211852_EC_1,211852_EC_1.jpg,none,,,,,,
212029_BK,212029,Shoulder Bag TIGER1 Black,_BK,Black,Hand Bag,Shoulder Bag,Nylon,Polyester; Polyurethane,,,27.99,/232/54/212029_BK_1,212029_BK_1.jpg,none,,,,,,
212029_EC,212029,Shoulder Bag TIGER1 Ecru,_EC,Ecru,Hand Bag,Shoulder Bag,Nylon,Polyester; Polyurethane,,,27.99,/232/54/212029_EC_1,212029_EC_1.jpg,none,,,,,,
212029_LM,212029,Shoulder Bag TIGER1 Lime,_LM,Lime,Hand Bag,Shoulder Bag,Nylon,Polyester; Polyurethane,,,27.99,/232/54/212029_LM_1,212029_LM_1.jpg,none,,,,,,
212107_BK,212107,Backpack TIGER2 Black,_BK,Black,Hand Bag,Backpack,Nylon,Polyester; Polyurethane,,,27.99,/232/54/212107_BK_1,212107_BK_1.jpg,none,,,,,,
212107_KK,212107,Backpack TIGER2 Khaki,_KK,Khaki,Hand Bag,Backpack,Nylon,Polyester; Polyurethane,,,27.99,/232/54/212107_KK_1,212107_KK_1.jpg,none,,,,,,
212114_BL,212114,Lunch Bag AUBREY 1 Blue,_BL,Blue,Hand Bag,Lunch Bag,Printed Fake Nylon,Polyester; Polyethylene Terephthalate; Polyurethane,,,19.99,/232/54/212114_BL_1,212114_BL_1.jpg,none,,,,,,
212123_BK,212123,Crossbody Bag TIGER2 Black,_BK,Black,Hand Bag,Cross,Nylon,Polyester; Polyurethane,,,27.99,/232/54/212123_BK_1,212123_BK_1.jpg,none,,,,,,
212123_NM,212123,Crossbody Bag TIGER2 Neutral Multicolor,_NM,Neutral Multicolor,Hand Bag,Cross,Nylon,Polyester; Polyurethane,,,27.99,/232/54/212123_NM_1,212123_NM_1.jpg,none,,,,,,
212123_YL,212123,Crossbody Bag TIGER2 Yellow,_YL,Yellow,Hand Bag,Cross,Nylon,Polyester; Polyurethane,,,27.99,/232/54/212123_YL_1,212123_YL_1.jpg,none,,,,,,
212209_DM,212209,Crossbody Bag FARM2 Dark Multicolor,_DM,Dark Multicolor,Hand Bag,Cross,Animal Embossed PU,Polyester; Polyurethane,,,25.99,/232/54/212209_DM_1,212209_DM_1.jpg,none,,,,,,
212236_BK,212236,Gym Bag SUSTAINABLE CAPSULE Black,_BK,Black,Hand Bag,Gym Bag,Nylon,Polyester; Recycled Polyamide,,,39.99,/232/54/212236_BK_1,212236_BK_1.jpg,none,,,,,,
212236_GY,212236,Gym Bag SUSTAINABLE CAPSULE Grey,_GY,Grey,Hand Bag,Gym Bag,Nylon,Polyester; Recycled Polyamide,,,39.99,/232/54/212236_GY_1,212236_GY_1.jpg,none,,,,,,
212236_KK,212236,Gym Bag SUSTAINABLE CAPSULE Khaki,_KK,Khaki,Hand Bag,Gym Bag,Nylon,Polyester; Recycled Polyamide,,,39.99,/232/54/212236_KK_1,212236_KK_1.jpg,none,,,,,,
212307_BK,212307,Shoulder Bag CRUELLA3 Black,_BK,Black,Hand Bag,Shoulder Bag,Plain PU,Polyester; Polyurethane,,,27.99,/232/54/212307_BK_1,212307_BK_1.jpg,none,,,,,,
212307_BN,212307,Shoulder Bag CRUELLA3 Brown,_BN,Brown,Hand Bag,Shoulder Bag,Plain PU,Polyester; Polyurethane,,,27.99,/232/54/212307_BN_1,212307_BN_1.jpg,none,,,,,,
212374_GY,212374,Computer Hand Bag WOOLY Grey,_GY,Grey,Hand Bag,Computer Hand Bag,Felt,Polyester; Polyurethane,,,32.99,/232/54/212374_GY_1,212374_GY_1.jpg,none,,,,,,
212540_BK,212540,Computer Hand Bag CRUELLA1 Black,_BK,Black,Hand Bag,Computer Hand Bag,Plain PU,Polyester; Polyurethane,,,35.99,/232/54/212540_BK_1,212540_BK_1.jpg,none,,,,,,
212540_GY,212540,Computer Hand Bag CRUELLA1 Grey,_GY,Grey,Hand Bag,Computer Hand Bag,Plain PU,Polyester; Polyurethane,,,35.99,/232/54/212540_GY_1,212540_GY_1.jpg,none,,,,,,
212627_DM,212627,Crossbody Bag CRUELLA2 Dark Multicolor,_DM,Dark Multicolor,Hand Bag,Cross,Fantasy Fabric,Polyamide; Polyester; Thermoplastic Polyurethane,,,23.99,/232/54/212627_DM_1,212627_DM_1.jpg,none,,,,,,
212736_GY,212736,Crossbody Bag OLIVE Grey,_GY,Grey,Hand Bag,Cross,Printed PU,Polyester; Polyurethane,,,25.99,/232/54/212736_GY_1,212736_GY_1.jpg,none,,,,,,
212787_KK,212787,Crossbody Bag SAVANA2 Khaki,_KK,Khaki,Hand Bag,Cross,Real Fur,Cow Leather; Polyester; Polyurethane,,,29.99,/232/54/212787_KK_1,212787_KK_1.jpg,none,,,,,,
212787_OR,212787,Crossbody Bag SAVANA2 Orange,_OR,Orange,Hand Bag,Cross,Real Fur,Cow Leather; Polyester; Polyurethane,,,29.99,/232/54/212787_OR_1,212787_OR_1.jpg,none,,,,,,
212788_BK,212788,Crossbody Bag SAVANA2 Black,_BK,Black,Hand Bag,Cross,Plain PU,Polyester; Polyurethane,,,25.99,/232/54/212788_BK_1,212788_BK_1.jpg,none,,,,,,
212788_EC,212788,Crossbody Bag SAVANA Ecru,_EC,Ecru,Hand Bag,Cross,Plain PU,Polyester; Polyurethane,,,25.99,/232/54/212788_EC_1,212788_EC_1.jpg,none,,,,,,
212788_KK,212788,Crossbody Bag SAVANA1 Khaki,_KK,Khaki,Hand Bag,Cross,Plain PU,Polyester; Polyurethane,,,25.99,/232/54/212788_KK_1,212788_KK_1.jpg,none,,,,,,
212823_BK,212823,Backpack BILLIE Black,_BK,Black,Hand Bag,Backpack,Plain PU,Polyester; Polyurethane; Zinc,,,23.99,/232/54/212823_BK_1,212823_BK_1.jpg,none,,,,,,
212823_BL,212823,Backpack BILLIE Blue,_BL,Blue,Hand Bag,Backpack,Plain PU,Polyester; Polyurethane; Zinc,,,23.99,/232/54/212823_BL_1,212823_BL_1.jpg,none,,,,,,
212823_CL,212823,Backpack BILLIE Coral,_CL,Coral,Hand Bag,Backpack,Plain PU,Polyester; Polyurethane; Zinc,,,23.99,/232/54/212823_CL_1,212823_CL_1.jpg,none,,,,,,
212823_GN,212823,Backpack BILLIE Green,_GN,Green,Hand Bag,Backpack,Plain PU,Polyester; Polyurethane; Zinc,,,23.99,/232/54/212823_GN_1,212823_GN_1.jpg,none,,,,,,
212823_LL,212823,Backpack BILLIE Lilac,_LL,Lilac,Hand Bag,Backpack,Plain PU,Polyester; Polyurethane; Zinc,,,23.99,/232/54/212823_LL_1,212823_LL_1.jpg,none,,,,,,
212823_NV,212823,Backpack BILLIE Navy,_NV,Navy,Hand Bag,Backpack,Plain PU,Polyester; Polyurethane; Zinc,,,23.99,/232/54/212823_NV_1,212823_NV_1.jpg,none,,,,,,
212823_TU,212823,Backpack BILLIE Taupe,_TU,Taupe,Hand Bag,Backpack,Plain PU,Polyester; Polyurethane; Zinc,,,23.99,/232/54/212823_TU_1,212823_TU_1.jpg,none,,,,,,
212823_YL,212823,Backpack BILLIE Yellow,_YL,Yellow,Hand Bag,Backpack,Plain PU,Polyester; Polyurethane; Zinc,,,23.99,/232/54/212823_YL_1,212823_YL_1.jpg,none,,,,,,
213191_BK,213191,Shopper Bag SAVANA1 Black,_BK,Black,Hand Bag,Shopper,Plain PU,Polyester; Polyurethane,,,27.99,/232/54/213191_BK_1,213191_BK_1.jpg,none,,,,,,
213191_EC,213191,Shopper Bag SAVANA1 Ecru,_EC,Ecru,Hand Bag,Shopper,Plain PU,Polyester; Polyurethane,,,27.99,/232/54/213191_EC_1,213191_EC_1.jpg,none,,,,,,
213196_BM,213196,Crossbody Bag JOLY2 Bright Multicolor,_BM,Bright Multicolor,Hand Bag,Cross,Sequins,Polyester; Polyethylene Terephthalate,,,25.99,/232/54/213196_BM_1,213196_BM_1.jpg,none,,,,,,
213254_DN,213254,Shopper Bag CAMO2 Dark Green,_DN,Dark Green,Hand Bag,Shopper,Printed Nylon,Polyester; Polyurethane,,,32.99,/232/54/213254_DN_1,213254_DN_1.jpg,none,,,,,,
213570_BK,213570,Crossbody Bag CAMO2 Black,_BK,Black,Hand Bag,Cross,Plain PU,Polyester; Polyurethane,,,25.99,/232/54/213570_BK_1,213570_BK_1.jpg,none,,,,,,
213570_EC,213570,Crossbody Bag CAMO2 Ecru,_EC,Ecru,Hand Bag,Cross,Plain PU,Polyester; Polyurethane,,,25.99,/232/54/213570_EC_1,213570_EC_1.jpg,none,,,,,,
213590_BK,213590,Shoulder Bag ROCK1 Black,_BK,Black,Hand Bag,Shoulder Bag,Fantasy PU,Polyester; Polyurethane,,,29.99,/232/54/213590_BK_1y,213590_BK_1y.jpg,none,,,,,,
213600_RD,213600,Tote Bag ROCK2 Red,_RD,Red,Hand Bag,Tote,Fantasy PU,Crystal Glass; Iron; Polyester; Polyurethane,,,25.99,/232/54/213600_RD_2y,213600_RD_2y.jpg,none,,,,,,
213782_BK,213782,Crossbody Bag ANIME3 Black,_BK,Black,Hand Bag,Cross,Peach PU,Polyester; Polyurethane,,,23.99,/232/54/213782_BK_1,213782_BK_1.jpg,none,,,,,,
213782_EC,213782,Crossbody Bag ANIME3 Ecru,_EC,Ecru,Hand Bag,Cross,Peach PU,Polyester; Polyurethane,,,23.99,/232/54/213782_EC_2y,213782_EC_2y.jpg,none,,,,,,
213782_TU,213782,Crossbody Bag ANIME3 Taupe,_TU,Taupe,Hand Bag,Cross,Peach PU,Polyester; Polyurethane,,,23.99,/232/54/213782_TU_2y,213782_TU_2y.jpg,none,,,,,,
213783_BK,213783,Crossbody Bag ANIME3 Black,_BK,Black,Hand Bag,Cross,Nylon,Polyester; Polyurethane,,,23.99,/232/54/213783_BK_2y,213783_BK_2y.jpg,none,,,,,,
213783_EC,213783,Crossbody Bag ANIME3 Ecru,_EC,Ecru,Hand Bag,Cross,Nylon,Polyester; Polyurethane,,,23.99,/232/54/213783_EC_2y,213783_EC_2y.jpg,none,,,,,,
213783_LL,213783,Crossbody Bag ANIME3 Lilac,_LL,Lilac,Hand Bag,Cross,Nylon,Polyester; Polyurethane,,,23.99,/232/54/213783_LL_1y,213783_LL_1y.jpg,none,,,,,,
213783_TU,213783,Crossbody Bag ANIME3 Taupe,_TU,Taupe,Hand Bag,Cross,Nylon,Polyester; Polyurethane,,,23.99,/232/54/213783_TU_2y,213783_TU_2y.jpg,none,,,,,,
214220_BK,214220,Shoulder Bag ANIME2 Black,_BK,Black,Hand Bag,Shoulder Bag,Peach PU,Polyester; Polyurethane,,,29.99,/232/54/214220_BK_1,214220_BK_1.jpg,none,,,,,,
214220_TU,214220,Shoulder Bag ANIME2 Taupe,_TU,Taupe,Hand Bag,Shoulder Bag,Peach PU,Polyester; Polyurethane,,,29.99,/232/54/214220_TU_1,214220_TU_1.jpg,none,,,,,,
214221_AQ,214221,Tote Bag INEZ Aquamarine,_AQ,Aquamarine,Hand Bag,Tote,Plain PU,Polyester; Polyurethane; Zinc,,,25.99,/241/54/214221_AQ_1,214221_AQ_1.jpg,none,,,,,,
214221_BK,214221,Tote Bag INEZ Black,_BK,Black,Hand Bag,Tote,Plain PU,Polyester; Polyurethane; Zinc,,,25.99,/241/54/214221_BK_1,214221_BK_1.jpg,none,,,,,,
214221_EC,214221,Tote Bag INEZ Ecru,_EC,Ecru,Hand Bag,Tote,Plain PU,Polyester; Polyurethane; Zinc,,,25.99,/241/54/214221_EC_1,214221_EC_1.jpg,none,,,,,,
214229_LL,214229,Shopper Bag ANIME3 Lilac,_LL,Lilac,Hand Bag,Shopper,Fake Fur,Polyester; Polyurethane,,,29.99,/232/54/214229_LL_1,214229_LL_1.jpg,none,,,,,,
214267_BG,214267,Backpack STACEY Beige,_BG,Beige,Hand Bag,Backpack,Patchwork,Polyester; Polyurethane,,,27.99,/241/54/214267_BG_1,214267_BG_1.jpg,none,,,,,,
214267_BK,214267,Backpack STACEY Black,_BK,Black,Hand Bag,Backpack,Patchwork,Polyester; Polyurethane,,,27.99,/241/54/214267_BK_1,214267_BK_1.jpg,none,,,,,,
214268_BK,214268,Crossbody Bag STACEY Black,_BK,Black,Hand Bag,Cross,Patchwork,Polyester; Polyurethane,Light Golden,,25.99,/241/54/214268_BK_1,214268_BK_1.jpg,none,,,,,,
214422_BK,214422,Tote Bag MAXI JULLIET Black,_BK,Black,Hand Bag,Tote,Plain PU,Polyester; Polyurethane,,,25.99,/232/54/214422_BK_1,214422_BK_1.jpg,none,,,,,,
214422_EC,214422,Tote Bag MAXI JULLIET Ecru,_EC,Ecru,Hand Bag,Tote,Plain PU,Polyester; Polyurethane,,,25.99,/232/54/214422_EC_1,214422_EC_1.jpg,none,,,,,,
214422_PK,214422,Tote Bag MAXI JULLIET Pink,_PK,Pink,Hand Bag,Tote,Plain PU,Polyester; Polyurethane,,,25.99,/232/54/214422_PK_1,214422_PK_1.jpg,none,,,,,,
214447_BM,214447,Crossbody Bag CANICHE CAMPAIGN Bright Multicolor,_BM,Bright Multicolor,Hand Bag,Cross,Printed Nylon,Polyamide; Polyester; Polyurethane,,,29.99,/232/54/214447_BM_1,214447_BM_1.jpg,none,,,,,,
214482_BZ,214482,Shopper Bag CANICHE CAMPAIGN Bronze,_BZ,Bronze,Hand Bag,Shopper,Fantasy Fabric,Polyamide; Polyester; Polyurethane,,,49.99,/232/54/214482_BZ_1,214482_BZ_1.jpg,none,,,,,,
214499_BG,214499,Tote Bag CAROLINE Beige,_BG,Beige,Hand Bag,Tote,Plain PU,Polyester; Polyurethane,,,25.99,/241/54/214499_BG_2y,214499_BG_2y.jpg,none,,,,,,
214499_BK,214499,Tote Bag CAROLINE Black,_BK,Black,Hand Bag,Tote,Plain PU,Polyester; Polyurethane,,,25.99,/241/54/214499_BK_1,214499_BK_1.jpg,none,,,,,,
214499_EC,214499,Tote Bag CAROLINE Ecru,_EC,Ecru,Hand Bag,Tote,Plain PU,Polyester; Polyurethane,,,25.99,/241/54/214499_EC_1,214499_EC_1.jpg,none,,,,,,
214499_KK,214499,Tote Bag CAROLINE Khaki,_KK,Khaki,Hand Bag,Tote,Plain PU,Polyester; Polyurethane,,,25.99,/241/54/214499_KK_2y,214499_KK_2y.jpg,none,,,,,,
214499_LM,214499,Tote Bag CAROLINE Lime,_LM,Lime,Hand Bag,Tote,Plain PU,Polyester; Polyurethane,,,25.99,/241/54/214499_LM_1,214499_LM_1.jpg,none,,,,,,
214499_PK,214499,Tote Bag CAROLINE Pink,_PK,Pink,Hand Bag,Tote,Plain PU,Polyester; Polyurethane,,,25.99,/241/54/214499_PK_1,214499_PK_1.jpg,none,,,,,,
214884_BK,214884,Crossbody Bag CUPIDO3 Black,_BK,Black,Hand Bag,Cross,Plain PU,Polyester; Polyurethane,,,27.99,/232/54/214884_BK_1,214884_BK_1.jpg,none,,,,,,
214884_BN,214884,Crossbody Bag CUPIDO3 Brown,_BN,Brown,Hand Bag,Cross,Plain PU,Polyester; Polyurethane,,,27.99,/232/54/214884_BN_2y,214884_BN_2y.jpg,none,,,,,,
214884_EC,214884,Crossbody Bag CUPIDO3 Ecru,_EC,Ecru,Hand Bag,Cross,Plain PU,Polyester; Polyurethane,,,27.99,/232/54/214884_EC_2y,214884_EC_2y.jpg,none,,,,,,
214885_BK,214885,Shoulder Bag SILVERSURFER3 Black,_BK,Black,Hand Bag,Shoulder Bag,Padded Pu,Polyester; Polyurethane,,,25.99,/232/54/214885_BK_1,214885_BK_1.jpg,none,,,,,,
215014_KK,215014,Sac FLECOS WINTER Khaki,_KK,Khaki,Hand Bag,Sac,Real Suede,Cotton; Cow Leather,,,49.99,/232/54/215014_KK_1,215014_KK_1.jpg,none,,,,,,
215014_PU,215014,Sac FLECOS WINTER Purple,_PU,Purple,Hand Bag,Sac,Real Suede,Cotton; Cow Leather,,,49.99,/232/54/215014_PU_1,215014_PU_1.jpg,none,,,,,,
215212_BK,215212,Sac TRECKING CAPSULE Black,_BK,Black,Hand Bag,Sac,Nylon,Polyester; Polyurethane; recycled polyester,,,29.99,/232/54/215212_BK_1,215212_BK_1.jpg,none,,,,,,
215441_BK,215441,Tote Bag FIRE3 Black,_BK,Black,Hand Bag,Tote,Nylon,Aluminium; Polyester; Polyurethane; Silicone,Light Golden,,25.99,/241/54/215441_BK_1,215441_BK_1.jpg,none,,,,,,
215441_KK,215441,Tote Bag FIRE3 Khaki,_KK,Khaki,Hand Bag,Tote,Nylon,Aluminium; Polyester; Polyurethane; Silicone,Light Golden,,25.99,/241/54/215441_KK_1,215441_KK_1.jpg,none,,,,,,
215441_TU,215441,Tote Bag FIRE3 Taupe,_TU,Taupe,Hand Bag,Tote,Nylon,Aluminium; Polyester; Polyurethane; Silicone,Light Golden,,25.99,/241/54/215441_TU_1,215441_TU_1.jpg,none,,,,,,
216060_BK,216060,Shopper Bag SILVERSURFER1 Black,_BK,Black,Hand Bag,Shopper,Plain PU,Polyester; Polyurethane,Light Golden,,27.99,/232/54/216060_BK_1,216060_BK_1.jpg,none,,,,,,
216060_EC,216060,Shopper Bag SILVERSURFER1 Ecru,_EC,Ecru,Hand Bag,Shopper,Plain PU,Polyester; Polyurethane,Light Golden,,27.99,/232/54/216060_EC_1,216060_EC_1.jpg,none,,,,,,
216076_BK,216076,Crossbody Bag SPICES PROVISION Black,_BK,Black,Hand Bag,Cross,Plain PU,Polyester; Polyurethane,,,25.99,/241/54/216076_BK_1,216076_BK_1.jpg,none,,,,,,
216076_EC,216076,Crossbody Bag SPICES PROVISION Ecru,_EC,Ecru,Hand Bag,Cross,Plain PU,Polyester; Polyurethane,Light Golden,,25.99,/241/54/216076_EC_1,216076_EC_1.jpg,none,,,,,,
216076_TU,216076,Crossbody Bag SPICES PROVISION Taupe,_TU,Taupe,Hand Bag,Cross,Plain PU,Polyester; Polyurethane,,,25.99,/241/54/216076_TU_1,216076_TU_1.jpg,none,,,,,,
216173_BK,216173,Briefcase MANHATAN2 Black,_BK,Black,Hand Bag,Briefcase,Plain PU,Polyester; Polyurethane,,,39.99,/241/54/216173_BK_1,216173_BK_1.jpg,none,,,,,,
216347_BK,216347,Backpack MAGIK LOVE Black,_BK,Black,Hand Bag,Backpack,Plain PU,Polyester; Polyurethane,,,23.99,/241/54/216347_BK_1,216347_BK_1.jpg,none,,,,,,
216347_BL,216347,Backpack MAGIK LOVE Blue,_BL,Blue,Hand Bag,Backpack,Plain PU,Polyester; Polyurethane,,,23.99,/241/54/216347_BL_1,216347_BL_1.jpg,none,,,,,,
216347_EC,216347,Backpack MAGIK LOVE Ecru,_EC,Ecru,Hand Bag,Backpack,Plain PU,Polyester; Polyurethane,,,23.99,/241/54/216347_EC_1,216347_EC_1.jpg,none,,,,,,
216347_FU,216347,Backpack MAGIK LOVE Fuchsia,_FU,Fuchsia,Hand Bag,Backpack,Plain PU,Polyester; Polyurethane,,,23.99,/241/54/216347_FU_1,216347_FU_1.jpg,none,,,,,,
216355_BK,216355,Backpack FIRE3 Black,_BK,Black,Hand Bag,Backpack,Nylon,Polyester; Polyurethane,,,27.99,/241/54/216355_BK_1,216355_BK_1.jpg,none,,,,,,
216355_GN,216355,Backpack FIRE3 Green,_GN,Green,Hand Bag,Backpack,Nylon,Polyester; Polyurethane,,,27.99,/241/54/216355_GN_1,216355_GN_1.jpg,none,,,,,,
216379_FU,216379,Lunch Bag MAGIK LOVE Fuchsia,_FU,Fuchsia,Hand Bag,Lunch Bag,Printed Fake Nylon,Polyester; Polyethylene Terephthalate; Polyurethane,Silver,,19.99,/241/54/216379_FU_1,216379_FU_1.jpg,none,,,,,,
216443_BK,216443,Tote Bag ZOO3 Black,_BK,Black,Hand Bag,Tote,Plain PU,Polyester; Polyurethane,Light Golden,,25.99,/241/54/216443_BK_1,216443_BK_1.jpg,none,,,,,,
216443_EC,216443,Tote Bag ZOO3 Ecru,_EC,Ecru,Hand Bag,Tote,Plain PU,Polyester; Polyurethane,Light Golden,,25.99,/241/54/216443_EC_1,216443_EC_1.jpg,none,,,,,,
216443_TU,216443,Tote Bag ZOO3 Taupe,_TU,Taupe,Hand Bag,Tote,Plain PU,Polyester; Polyurethane,Light Golden,,25.99,/241/54/216443_TU_1,216443_TU_1.jpg,none,,,,,,
216481_BK,216481,Shoulder Bag ZOO2 Black,_BK,Black,Hand Bag,Shoulder Bag,Padded Pu,Polyester; Polyurethane,Silver,,27.99,/241/54/216481_BK_1,216481_BK_1.jpg,none,,,,,,
216481_EC,216481,Shoulder Bag ZOO2 Ecru,_EC,Ecru,Hand Bag,Shoulder Bag,Padded Pu,Polyester; Polyurethane,Light Golden,,27.99,/241/54/216481_EC_1,216481_EC_1.jpg,none,,,,,,
216481_TU,216481,Shoulder Bag ZOO2 Taupe,_TU,Taupe,Hand Bag,Shoulder Bag,Padded Pu,Polyester; Polyurethane,Light Golden,,27.99,/241/54/216481_TU_1,216481_TU_1.jpg,none,,,,,,
216557_FU,216557,Crossbody Bag ROY Fuchsia,_FU,Fuchsia,Hand Bag,Cross,Printed PU,Polyester; Polyurethane,Silver,,25.99,/241/54/216557_FU_1,216557_FU_1.jpg,none,,,,,,
216559_BK,216559,Backpack JENNIE Black,_BK,Black,Hand Bag,Backpack,Fake Nylon,Polyester; Polyurethane; Zinc,,,27.99,/241/54/216559_BK_1,216559_BK_1.jpg,none,,,,,,
216559_EC,216559,Backpack JENNIE Ecru,_EC,Ecru,Hand Bag,Backpack,Fake Nylon,Polyester; Polyurethane; Zinc,,,27.99,/241/54/216559_EC_1,216559_EC_1.jpg,none,,,,,,
216611_BL,216611,Tote Bag MILITARY2 Blue,_BL,Blue,Hand Bag,Tote,Plain PU,Polyester; Polyurethane,Silver,,25.99,/241/54/216611_BL_1,216611_BL_1.jpg,none,,,,,,
216611_EC,216611,Tote Bag MILITARY2 Ecru,_EC,Ecru,Hand Bag,Tote,Plain PU,Polyester; Polyurethane,Silver,,25.99,/241/54/216611_EC_1,216611_EC_1.jpg,none,,,,,,
216629_BK,216629,Shoulder Bag MAXI DOTTS Black,_BK,Black,Hand Bag,Shoulder Bag,Real Fur,Cow Leather; Polyester; Polyurethane,,,35.99,/241/54/216629_BK_1,216629_BK_1.jpg,none,,,,,,
216635_BK,216635,Crossbody Bag MAXI DOTTS Black,_BK,Black,Hand Bag,Cross,Real Fur,Cow Leather; Polyester; Polyurethane,,,29.99,/241/54/216635_BK_1,216635_BK_1.jpg,none,,,,,,
216661_BK,216661,Shoulder Bag SPLASH1 Black,_BK,Black,Hand Bag,Shoulder Bag,Padded Pu,Polyester; Polyurethane,Silver,,25.99,/241/54/216661_BK_1,216661_BK_1.jpg,none,,,,,,
216661_EC,216661,Shoulder Bag SPLASH1 Ecru,_EC,Ecru,Hand Bag,Shoulder Bag,Padded Pu,Polyester; Polyurethane,Light Golden,,25.99,/241/54/216661_EC_1,216661_EC_1.jpg,none,,,,,,
216661_TU,216661,Shoulder Bag SPLASH1 Taupe,_TU,Taupe,Hand Bag,Shoulder Bag,Padded Pu,Polyester; Polyurethane,Light Golden,,25.99,/241/54/216661_TU_1,216661_TU_1.jpg,none,,,,,,
216875_BK,216875,Crossbody Bag SPLASH2 Black,_BK,Black,Hand Bag,Cross,Nylon,Polyester; Polyurethane,Silver,,23.99,/241/54/216875_BK_1,216875_BK_1.jpg,none,,,,,,
216875_FU,216875,Crossbody Bag SPLASH2 Fuchsia,_FU,Fuchsia,Hand Bag,Cross,Nylon,Polyester; Polyurethane,Silver,,23.99,/241/54/216875_FU_1,216875_FU_1.jpg,none,,,,,,
216875_KK,216875,Crossbody Bag SPLASH2 Khaki,_KK,Khaki,Hand Bag,Cross,Nylon,Polyester; Polyurethane,Silver,,23.99,/241/54/216875_KK_1,216875_KK_1.jpg,none,,,,,,
216875_LG,216875,Crossbody Bag SPLASH2 Light Grey,_LG,Light Grey,Hand Bag,Cross,Nylon,Polyester; Polyurethane,Silver,,23.99,/241/54/216875_LG_1,216875_LG_1.jpg,none,,,,,,
216895NC,216895,Tote Bag TAVIRA Natural Color,NC,Natural Color,Hand Bag,Tote,Paper straw,Ceramic; Cotton; Iron; Paper; Polyester; Polyurethane; Stone; Wood; Zinc,Silver,,25.99,/241/54/216895NC_1,216895NC_1.jpg,none,,,,,,
216943_BM,216943,Shopper Bag SPLASH2 Bright Multicolor,_BM,Bright Multicolor,Hand Bag,Shopper,Patchwork,Acrylic; Aluminium; Polyester; Polyurethane,Silver,,29.99,/241/54/216943_BM_1,216943_BM_1.jpg,none,,,,,,
216961_CA,216961,Tote Bag TAVIRA Camel,_CA,Camel,Hand Bag,Tote,Fantasy PU,Polyester; Polyurethane,Light Golden,,25.99,/241/54/216961_CA_1,216961_CA_1.jpg,none,,,,,,
216961_EC,216961,Tote Bag TAVIRA Ecru,_EC,Ecru,Hand Bag,Tote,Fantasy PU,Polyester; Polyurethane,Light Golden,,25.99,/241/54/216961_EC_1,216961_EC_1.jpg,none,,,,,,
217018_BK,217018,Tote Bag BIRKIN Black,_BK,Black,Hand Bag,Tote,Plain PU,Polyester; Polyurethane,,,25.99,/241/54/217018_BK_1,217018_BK_1.jpg,none,,,,,,
217018_EC,217018,Tote Bag BIRKIN Ecru,_EC,Ecru,Hand Bag,Tote,Plain PU,Polyester; Polyurethane,,,25.99,/241/54/217018_EC_1,217018_EC_1.jpg,none,,,,,,
217018_KK,217018,Tote Bag BIRKIN Khaki,_KK,Khaki,Hand Bag,Tote,Plain PU,Polyester; Polyurethane,,,25.99,/241/54/217018_KK_1,217018_KK_1.jpg,none,,,,,,
217018_NV,217018,Tote Bag BIRKIN Navy,_NV,Navy,Hand Bag,Tote,Plain PU,Polyester; Polyurethane,,,25.99,/241/54/217018_NV_1,217018_NV_1.jpg,none,,,,,,
217018_TU,217018,Tote Bag BIRKIN Taupe,_TU,Taupe,Hand Bag,Tote,Plain PU,Polyester; Polyurethane,,,25.99,/241/54/217018_TU_1,217018_TU_1.jpg,none,,,,,,
217030_BG,217030,Crossbody Bag GEORGIA Beige,_BG,Beige,Hand Bag,Cross,Fake straw,Polyester; Polypropylene; Polyurethane,Light Golden,,25.99,/241/54/217030_BG_1,217030_BG_1.jpg,none,,,,,,
217030_KK,217030,Crossbody Bag GEORGIA Khaki,_KK,Khaki,Hand Bag,Cross,Fake straw,Polyester; Polypropylene; Polyurethane,Light Golden,,25.99,/241/54/217030_KK_1,217030_KK_1.jpg,none,,,,,,
217059_BK,217059,Backpack HIVE Black,_BK,Black,Hand Bag,Backpack,Fantasy PU,Polyester; Polyurethane; Zinc,Light Golden,,25.99,/241/54/217059_BK_1,217059_BK_1.jpg,none,,,,,,
217059_CA,217059,Backpack HIVE Camel,_CA,Camel,Hand Bag,Backpack,Fantasy PU,Polyester; Polyurethane; Zinc,Light Golden,,25.99,/241/54/217059_CA_1,217059_CA_1.jpg,none,,,,,,
217059_OW,217059,Backpack HIVE Off White,_OW,Off White,Hand Bag,Backpack,Fantasy PU,Polyester; Polyurethane; Zinc,Silver,,25.99,/241/54/217059_OW_1,217059_OW_1.jpg,none,,,,,,
217240_YL,217240,Tote Bag EMAN Yellow,_YL,Yellow,Hand Bag,Tote,Plain PU,Polyester; Polyurethane; Zinc,Light Golden,,25.99,/241/54/217240_YL_1,217240_YL_1.jpg,none,,,,,,
217366_AQ,217366,Backpack FLEUR Aquamarine,_AQ,Aquamarine,Hand Bag,Backpack,Fantasy PU,Polyester; Polyurethane,Light Golden,,25.99,/241/54/217366_AQ_1,217366_AQ_1.jpg,none,,,,,,
217553_BK,217553,Crossbody Bag ZOO2 Black,_BK,Black,Hand Bag,Cross,Padded Pu,Polyester; Polyurethane,Silver,,25.99,/241/54/217553_BK_1,217553_BK_1.jpg,none,,,,,,
217553_TU,217553,Crossbody Bag ZOO2 Taupe,_TU,Taupe,Hand Bag,Cross,Padded Pu,Polyester; Polyurethane,Silver,,25.99,/241/54/217553_TU_1,217553_TU_1.jpg,none,,,,,,
217555_GN,217555,Backpack TROPICO Green,_GN,Green,Hand Bag,Backpack,Printed PU,Polyester; Polyurethane,Silver,,25.99,/241/54/217555_GN_1,217555_GN_1.jpg,none,,,,,,
217702_BK,217702,Sac CUPIDO2 Black,_BK,Black,Hand Bag,Sac,Plain PU,Polyester; Polyurethane,,,27.99,/241/54/217702_BK_1,217702_BK_1.jpg,none,,,,,,
217702_EC,217702,Sac CUPIDO2 Ecru,_EC,Ecru,Hand Bag,Sac,Plain PU,Polyester; Polyurethane,,,27.99,/241/54/217702_EC_1,217702_EC_1.jpg,none,,,,,,
217916_OR,217916,Shopper Bag PICASSO1 Orange,_OR,Orange,Hand Bag,Shopper,Nylon,Polyester; Polyurethane,Silver,,23.99,/241/54/217916_OR_1,217916_OR_1.jpg,none,,,,,,
217916_TU,217916,Shopper Bag PICASSO1 Taupe,_TU,Taupe,Hand Bag,Shopper,Nylon,Polyester; Polyurethane,Silver,,23.99,/241/54/217916_TU_1,217916_TU_1.jpg,none,,,,,,
217934_BK,217934,Sac FLAME2 Black,_BK,Black,Hand Bag,Sac,Fantasy Fabric,Polyester; Polyurethane,,,27.99,/241/54/217934_BK_1,217934_BK_1.jpg,none,,,,,,
217984_JN,217984,Crossbody Bag SMILE Blue Jeans,_JN,Blue Jeans,Hand Bag,Cross,Denim,Cotton; Iron; Polyester; Polyurethane,Silver,,23.99,/241/54/217984_JN_1,217984_JN_1.jpg,none,,,,,,
218037_SV,218037,Shopper Bag PICASSO2 Silver,_SV,Silver,Hand Bag,Shopper,Fantasy Fabric,Polyamide; Polyester; Polyurethane,Silver,,29.99,/241/54/218037_SV_1,218037_SV_1.jpg,none,,,,,,
218053_BK,218053,Tote Bag CUPIDO3 Black,_BK,Black,Hand Bag,Tote,Plain PU,Polyester; Polyurethane,Silver,,25.99,/241/54/218053_BK_1,218053_BK_1.jpg,none,,,,,,
218053_CA,218053,Tote Bag CUPIDO3 Camel,_CA,Camel,Hand Bag,Tote,Plain PU,Polyester; Polyurethane,Light Golden,,25.99,/241/54/218053_CA_1,218053_CA_1.jpg,none,,,,,,
218053_EC,218053,Tote Bag CUPIDO3 Ecru,_EC,Ecru,Hand Bag,Tote,Plain PU,Polyester; Polyurethane,Light Golden,,25.99,/241/54/218053_EC_1,218053_EC_1.jpg,none,,,,,,
218285_EC,218285,Shopper Bag PICASSO2 Ecru,_EC,Ecru,Hand Bag,Shopper,Printed Fabric,Cotton; Polyester; Polyurethane,Silver,,35.99,/241/54/218285_EC_1,218285_EC_1.jpg,none,,,,,,
218458NC,218458,Crossbody Bag ZOO2 Natural Color,NC,Natural Color,Hand Bag,Cross,Paper straw,Cotton; Linen; Paper; Polyester; Polyurethane,Light Golden,,23.99,/241/54/218458NC_1,218458NC_1.jpg,none,,,,,,
218702_BK,218702,Tote Bag POPEYE3 Black,_BK,Black,Hand Bag,Tote,Plain PU,Polyurethane,Light Golden,,25.99,/241/54/218702_BK_1,218702_BK_1.jpg,none,,,,,,
218702_EC,218702,Tote Bag POPEYE3 Ecru,_EC,Ecru,Hand Bag,Tote,Plain PU,Polyurethane,Light Golden,,25.99,/241/54/218702_EC_1,218702_EC_1.jpg,none,,,,,,
218702_KK,218702,Tote Bag POPEYE3 Khaki,_KK,Khaki,Hand Bag,Tote,Plain PU,Polyurethane,Light Golden,,25.99,/241/54/218702_KK_1,218702_KK_1.jpg,none,,,,,,
218863NC,218863,Tote Bag MANAUS Natural Color,NC,Natural Color,Hand Bag,Tote,Paper straw,Cotton; Paper; Polyester; Polyurethane; Shell; Wood,Light Golden,,29.99,/241/54/218863NC_1,218863NC_1.jpg,none,,,,,,
218874NC,218874,Tote Bag MANAUS Natural Color,NC,Natural Color,Hand Bag,Tote,Paper straw,Cotton; Paper; Polyester; Polyurethane; Shell; Wood; Zinc,Light Golden,,25.99,/241/54/218874NC_1,218874NC_1.jpg,none,,,,,,
218894_BL,218894,Handbag ZOO2 Blue,_BL,Blue,Hand Bag,Mini Bag,Peach PU,Polyester; Polyurethane,Silver,,19.99,/241/54/218894_BL_1,218894_BL_1.jpg,none,,,,,,
218894_OR,218894,Handbag ZOO2 Orange,_OR,Orange,Hand Bag,Mini Bag,Peach PU,Polyester; Polyurethane,Silver,,19.99,/241/54/218894_OR_1,218894_OR_1.jpg,none,,,,,,
218918_PK,218918,Lunch Bag MAMMINA Pink,_PK,Pink,Hand Bag,Lunch Bag,Printed Fake Nylon,Polyester; Polyurethane; Thermoplastic Polyurethane,Silver,,19.99,/241/54/218918_PK_1,218918_PK_1.jpg,none,,,,,,
218954_BK,218954,Shopper Bag ZOO1 Black,_BK,Black,Hand Bag,Shopper,Plain PU,Cotton; Linen; Polyester; Polyurethane,Silver,,29.99,/241/54/218954_BK_1,218954_BK_1.jpg,none,,,,,,
218954_BL,218954,Shopper Bag ZOO1 Blue,_BL,Blue,Hand Bag,Shopper,Plain PU,Cotton; Linen; Polyester; Polyurethane,Silver,,29.99,/241/54/218954_BL_1,218954_BL_1.jpg,none,,,,,,
218954_EC,218954,Shopper Bag ZOO1 Ecru,_EC,Ecru,Hand Bag,Shopper,Plain PU,Cotton; Linen; Polyester; Polyurethane,Silver,,29.99,/241/54/218954_EC_1,218954_EC_1.jpg,none,,,,,,
218954_NV,218954,Shopper Bag ZOO1 Navy,_NV,Navy,Hand Bag,Shopper,Plain PU,Cotton; Linen; Polyester; Polyurethane,Silver,,29.99,/241/54/218954_NV_1,218954_NV_1.jpg,none,,,,,,
219026NC,219026,Bucket Bag WOODY3 Natural Color,NC,Natural Color,Hand Bag,Bucket,Fake straw,Polyester; Polypropylene; Polyurethane,,,23.99,/241/54/219026NC_1,219026NC_1.jpg,none,,,,,,
219091NC,219091,Bucket Bag POPEYE1 Natural Color,NC,Natural Color,Hand Bag,Bucket,Paper straw,Cotton; Iron; Linen; Paper; Polyester; Polyurethane,Silver,,23.99,/241/54/219091NC_1,219091NC_1.jpg,none,,,,,,
219418_EC,219418,Crossbody Bag SELVA2 Ecru,_EC,Ecru,Hand Bag,Cross,Plain PU,Polyester; Polyurethane,,,27.99,/241/54/219418_EC_1,219418_EC_1.jpg,none,,,,,,
219544NC,219544,Shopper Bag BUZIOS Natural Color,NC,Natural Color,Hand Bag,Shopper,Jute,Cotton; Jute; Linen; Polyurethane; Shell,Light Golden,,25.99,/241/54/219544NC_1,219544NC_1.jpg,none,,,,,,
219552NC,219552,Shopper Bag CARIBE Natural Color,NC,Natural Color,Hand Bag,Shopper,Plain Fabric,Cotton; Jute; Polyester; Viscose,Light Golden,,25.99,/241/54/219552NC_1,219552NC_1.jpg,none,,,,,,
219572_BL,219572,Backpack CARIBE Blue,_BL,Blue,Hand Bag,Backpack,Patchwork,Cotton; Polyester; Polyurethane,,,27.99,/241/54/219572_BL_1,219572_BL_1.jpg,none,,,,,,
219600_BG,219600,Backpack PATTY Beige,_BG,Beige,Hand Bag,Backpack,Fantasy Fabric,Cotton; Linen; Polyester; Polyurethane; Zinc,,,27.99,/241/54/219600_BG_1,219600_BG_1.jpg,none,,,,,,
219600_CL,219600,Backpack PATTY Coral,_CL,Coral,Hand Bag,Backpack,Fantasy Fabric,Cotton; Polyester; Polyurethane; Zinc,,,27.99,/241/54/219600_CL_1,219600_CL_1.jpg,none,,,,,,
219608_BK,219608,Tote Bag SELVA3 Black,_BK,Black,Hand Bag,Tote,Plain PU,Polyurethane,,,27.99,/241/54/219608_BK_1,219608_BK_1.jpg,none,,,,,,
219608_CA,219608,Tote Bag SELVA3 Camel,_CA,Camel,Hand Bag,Tote,Plain PU,Polyurethane,,,27.99,/241/54/219608_CA_1,219608_CA_1.jpg,none,,,,,,
219608_EC,219608,Tote Bag SELVA3 Ecru,_EC,Ecru,Hand Bag,Tote,Plain PU,Polyurethane,,,27.99,/241/54/219608_EC_1,219608_EC_1.jpg,none,,,,,,
219708NC,219708,Crossbody Bag CURRY2 Natural Color,NC,Natural Color,Hand Bag,Cross,Paper straw,Paper; Polyester; Polyurethane,Silver,,23.99,/241/54/219708NC_1,219708NC_1.jpg,none,,,,,,
220132_WT,220132,Backpack STRAWBERRY White,_WT,White,Hand Bag,Backpack,Printed PU,Polyester; Polyurethane,Silver,,25.99,/242/54/220132_WT_1,220132_WT_1.jpg,none,,,,,,
220147_BK,220147,Backpack SAHARA Black,_BK,Black,Hand Bag,Backpack,Plain PU,Polyester; Polyurethane; Zinc,Light Golden,,19.99,/242/54/220147_BK_1,220147_BK_1.jpg,none,,,,,,
220147_EC,220147,Backpack SAHARA Ecru,_EC,Ecru,Hand Bag,Backpack,Plain PU,Polyester; Polyurethane; Zinc,Light Golden,,19.99,/242/54/220147_EC_1,220147_EC_1.jpg,none,,,,,,
220147_NV,220147,Backpack SAHARA Navy,_NV,Navy,Hand Bag,Backpack,Plain PU,Polyester; Polyurethane; Zinc,Light Golden,,19.99,/242/54/220147_NV_1,220147_NV_1.jpg,none,,,,,,
220345NC,220345,Shoulder Bag CURRY3 Natural Color,NC,Natural Color,Hand Bag,Shoulder Bag,Paper straw,Polyester; Polyethylene; Polypropylene; Polyurethane,Light Golden,,23.99,/241/54/220345NC_1,220345NC_1.jpg,none,,,,,,
220388_WT,220388,Crossbody Bag STRAWBERRY White,_WT,White,Hand Bag,Cross,Paper straw,Iron; Linen; Paper; Polyurethane,Light Golden,,23.99,/242/54/220388_WT_1,220388_WT_1.jpg,none,,,,,,
220411DNC,220411,Tote Bag HONDURAS Dark Natural Color,DNC,Dark Natural Color,Hand Bag,Tote,Paper straw,Cotton; Paper; Polyester; Polyurethane,,,27.99,/242/54/220411DNC_1,220411DNC_1.jpg,none,,,,,,
220423_CA,220423,Shoulder Bag MAORI2 Camel,_CA,Camel,Hand Bag,Shoulder Bag,Plain PU,Polyester; Polyurethane,Light Golden,,19.99,/242/54/220423_CA_1,220423_CA_1.jpg,none,,,,,,
220509_EC,220509,Tote Bag STRIPES1 Ecru,_EC,Ecru,Hand Bag,Tote,Peach PU,Polyester; Polyurethane,Silver,,25.99,/241/54/220509_EC_1,220509_EC_1.jpg,none,,,,,,
220509_GN,220509,Tote Bag STRIPES1 Green,_GN,Green,Hand Bag,Tote,Peach PU,Polyester; Polyurethane,Silver,,25.99,/241/54/220509_GN_1,220509_GN_1.jpg,none,,,,,,
220524_BK,220524,Crossbody Bag PICASSO3 Black,_BK,Black,Hand Bag,Cross,Fantasy Fabric,Polyester; Polyurethane,,,17.99,/241/54/220524_BK_1,220524_BK_1.jpg,none,,,,,,
220524_EC,220524,Crossbody Bag PICASSO3 Ecru,_EC,Ecru,Hand Bag,Cross,Fantasy Fabric,Polyester; Polyurethane,,,17.99,/241/54/220524_EC_1,220524_EC_1.jpg,none,,,,,,
220524_OR,220524,Crossbody Bag PICASSO3 Orange,_OR,Orange,Hand Bag,Cross,Fantasy Fabric,Polyester; Polyurethane,,,17.99,/241/54/220524_OR_1,220524_OR_1.jpg,none,,,,,,
220524_SV,220524,Crossbody Bag PICASSO3 Silver,_SV,Silver,Hand Bag,Cross,Fantasy Fabric,Polyester; Polyurethane,,,17.99,/241/54/220524_SV_1,220524_SV_1.jpg,none,,,,,,
220565_BK,220565,Sac BLOW Black,_BK,Black,Hand Bag,Sac,Plain PU,Polyester; Polyurethane,Light Golden,,23.99,/242/54/220565_BK_1,220565_BK_1.jpg,none,,,,,,
220565_CA,220565,Sac BLOW Camel,_CA,Camel,Hand Bag,Sac,Plain PU,Polyester; Polyurethane,Light Golden,,23.99,/242/54/220565_CA_1,220565_CA_1.jpg,none,,,,,,
220565_EC,220565,Sac BLOW Ecru,_EC,Ecru,Hand Bag,Sac,Plain PU,Polyester; Polyurethane,Light Golden,,23.99,/242/54/220565_EC_1,220565_EC_1.jpg,none,,,,,,
220565_GN,220565,Sac BLOW Green,_GN,Green,Hand Bag,Sac,Plain PU,Polyester; Polyurethane,Light Golden,,23.99,/242/54/220565_GN_1,220565_GN_1.jpg,none,,,,,,
220565_NV,220565,Sac BLOW Navy,_NV,Navy,Hand Bag,Sac,Plain PU,Polyester; Polyurethane,Light Golden,,23.99,/242/54/220565_NV_1,220565_NV_1.jpg,none,,,,,,
220565_SV,220565,Sac BLOW Silver,_SV,Silver,Hand Bag,Sac,Plain PU,Polyester; Polyurethane,Light Golden,,23.99,/242/54/220565_SV_1,220565_SV_1.jpg,none,,,,,,
220891_BL,220891,Shopper Bag WOODY1 Blue,_BL,Blue,Hand Bag,Shopper,Plain PU,Cotton; Polyester; Polyurethane,,,27.99,/241/54/220891_BL_1,220891_BL_1.jpg,none,,,,,,
220891_EC,220891,Shopper Bag WOODY1 Ecru,_EC,Ecru,Hand Bag,Shopper,Plain PU,Cotton; Polyester; Polyurethane,,,27.99,/241/54/220891_EC_1,220891_EC_1.jpg,none,,,,,,
220891_KK,220891,Shopper Bag WOODY1 Khaki,_KK,Khaki,Hand Bag,Shopper,Plain PU,Cotton; Polyester; Polyurethane,,,27.99,/241/54/220891_KK_1,220891_KK_1.jpg,none,,,,,,
220896NC,220896,Shopper Bag KOLKATA1 Natural Color,NC,Natural Color,Hand Bag,Shopper,Jute,Jute,,,25.99,/242/54/220896NC_1,220896NC_1.jpg,none,,,,,,
220938NC,220938,Shoulder Bag CURRY3 Natural Color,NC,Natural Color,Hand Bag,Shoulder Bag,Fake straw,Cotton; Polyester; Polypropylene; Polyurethane,Light Golden,,25.99,/241/54/220938NC_1,220938NC_1.jpg,none,,,,,,
221058_BK,221058,Sac BRAIDED PU CAPSULE Black,_BK,Black,Hand Bag,Sac,Interlaced,Polyurethane,,,39.99,/241/54/221058_BK_1,221058_BK_1.jpg,none,,,,,,
221058_TU,221058,Sac BRAIDED PU CAPSULE Taupe,_TU,Taupe,Hand Bag,Sac,Interlaced,Polyurethane,,,39.99,/241/54/221058_TU_1,221058_TU_1.jpg,none,,,,,,
221074_EC,221074,Sac PADDED NYLON CAPSULE Ecru,_EC,Ecru,Hand Bag,Sac,Nylon,Polyester; Polyurethane,,,25.99,/241/54/221074_EC_1,221074_EC_1.jpg,none,,,,,,
221133_BK,221133,Shopper Bag BRAIDED LEATHER Black,_BK,Black,Hand Bag,Shopper,Leather,Cow Leather,,,79.99,/241/54/221133_BK_1,221133_BK_1.jpg,none,,,,,,
221133_EC,221133,Shopper Bag BRAIDED LEATHER Ecru,_EC,Ecru,Hand Bag,Shopper,Leather,Cow Leather,,,79.99,/241/54/221133_EC_1,221133_EC_1.jpg,none,,,,,,
221133_GN,221133,Shopper Bag BRAIDED LEATHER Green,_GN,Green,Hand Bag,Shopper,Leather,Cow Leather,,,79.99,/241/54/221133_GN_1,221133_GN_1.jpg,none,,,,,,
221133_OR,221133,Shopper Bag BRAIDED LEATHER Orange,_OR,Orange,Hand Bag,Shopper,Leather,Cow Leather,,,79.99,/241/54/221133_OR_1,221133_OR_1.jpg,none,,,,,,
221309_CA,221309,Tote Bag MAORI1 Camel,_CA,Camel,Hand Bag,Tote,Plain PU,Polyester; Polyurethane,Silver,,25.99,/242/54/221309_CA_1,221309_CA_1.jpg,none,,,,,,
221309_WT,221309,Tote Bag MAORI1 White,_WT,White,Hand Bag,Tote,Plain PU,Polyester; Polyurethane,Silver,,25.99,/242/54/221309_WT_1,221309_WT_1.jpg,none,,,,,,
221329_GD,221329,Tote Bag KOLKATA3 Gold,_GD,Gold,Hand Bag,Tote,Fantasy Fabric,Polyester; Polyethylene; Polypropylene; Polyurethane,,,27.99,/242/54/221329_GD_1,221329_GD_1.jpg,none,,,,,,
221437NC,221437,Shopper Bag KOLKATA3 Natural Color,NC,Natural Color,Hand Bag,Shopper,Straw,Cotton; Linen; Polyester; Polyurethane; Straw,,,32.99,/242/54/221437NC_1,221437NC_1.jpg,none,,,,,,
221608_BK,221608,Tote Bag NIZA2 Black,_BK,Black,Hand Bag,Tote,Fantasy Fabric,Polyester; Polypropylene; Polyurethane,Silver,,23.99,/242/54/221608_BK_1,221608_BK_1.jpg,none,,,,,,
221646_WT,221646,Crossbody Bag FLORA White,_WT,White,Hand Bag,Cross,Plain PU,Polyester; Polyurethane,Silver,,25.99,/242/54/221646_WT_1,221646_WT_1.jpg,none,,,,,,
221647_GN,221647,Crossbody Bag FLORA Green,_GN,Green,Hand Bag,Cross,Color Block,Polyester; Polyurethane,Silver,,23.99,/242/54/221647_GN_1,221647_GN_1.jpg,none,,,,,,
221647_PK,221647,Crossbody Bag FLORA Pink,_PK,Pink,Hand Bag,Cross,Color Block,Polyester; Polyurethane,Silver,,23.99,/242/54/221647_PK_1,221647_PK_1.jpg,none,,,,,,
221704_BL,221704,Shopper Bag MAORI1 Blue,_BL,Blue,Hand Bag,Shopper,Plain PU,Cotton; Polyester; Polyurethane,Light Golden,,29.99,/242/54/221704_BL_1,221704_BL_1.jpg,none,,,,,,
221704_CA,221704,Shopper Bag MAORI1 Camel,_CA,Camel,Hand Bag,Shopper,Plain PU,Cotton; Polyester; Polyurethane,Light Golden,,29.99,/242/54/221704_CA_1,221704_CA_1.jpg,none,,,,,,
221704_WT,221704,Shopper Bag MAORI1 White,_WT,White,Hand Bag,Shopper,Plain PU,Cotton; Polyester; Polyurethane,Light Golden,,29.99,/242/54/221704_WT_1,221704_WT_1.jpg,none,,,,,,
221716DNC,221716,Tote Bag ULLA Dark Natural Color,DNC,Dark Natural Color,Hand Bag,Tote,Paper straw,Cotton; Iron; Linen; Paper; Polyurethane; Wood,Light Golden,,29.99,/242/54/221716DNC_1,221716DNC_1.jpg,none,,,,,,
221762NC,221762,Sac ANASTASIA Natural Color,NC,Natural Color,Hand Bag,Sac,Paper straw,Iron; Linen; Paper; Polyurethane,Light Golden,,25.99,/242/54/221762NC_1,221762NC_1.jpg,none,,,,,,
221777NC,221777,Crossbody Bag ANASTASIA Natural Color,NC,Natural Color,Hand Bag,Cross,Paper straw,Cotton; Iron; Linen; Paper; Polyurethane,Light Golden,,23.99,/242/54/221777NC_1,221777NC_1.jpg,none,,,,,,
222024_GN,222024,Shoulder Bag GOLDEN BAY3 Green,_GN,Green,Hand Bag,Shoulder Bag,Plain PU,Polyester; Polyurethane,Silver,,23.99,/242/54/222024_GN_1,222024_GN_1.jpg,none,,,,,,
222024_WT,222024,Shoulder Bag GOLDEN BAY3 White,_WT,White,Hand Bag,Shoulder Bag,Plain PU,Polyester; Polyurethane,Silver,,23.99,/242/54/222024_WT_1,222024_WT_1.jpg,none,,,,,,
222079_BM,222079,Shopper Bag GOLDEN BAY3 Bright Multicolor,_BM,Bright Multicolor,Hand Bag,Shopper,Mesh,Polyester,,,12.99,/242/54/222079_BM_1,222079_BM_1.jpg,none,,,,,,
222126_CA,222126,Crossbody Bag GOLDEN BAY3 Camel,_CA,Camel,Hand Bag,Cross,Peach PU,Aluminium; Polyester; Polyurethane; Resin; Zinc,Silver,,25.99,/242/54/222126_CA_1,222126_CA_1.jpg,none,,,,,,
222126_EC,222126,Crossbody Bag GOLDEN BAY3 Ecru,_EC,Ecru,Hand Bag,Cross,Peach PU,Aluminium; Polyester; Polyurethane; Resin; Zinc,Silver,,25.99,/242/54/222126_EC_1,222126_EC_1.jpg,none,,,,,,
222126_PK,222126,Crossbody Bag GOLDEN BAY3 Pink,_PK,Pink,Hand Bag,Cross,Peach PU,Aluminium; Polyester; Polyurethane; Resin; Zinc,Silver,,25.99,/242/54/222126_PK_1,222126_PK_1.jpg,none,,,,,,
222235_BG,222235,Crossbody Bag HASHTAG1 Beige,_BG,Beige,Hand Bag,Cross,Fake Nylon,Polyester; Polyurethane,Light Golden,,25.99,/242/54/222235_BG_1,222235_BG_1.jpg,none,,,,,,
222235_BK,222235,Crossbody Bag HASHTAG1 Black,_BK,Black,Hand Bag,Cross,Fake Nylon,Polyester; Polyurethane,Light Golden,,25.99,/242/54/222235_BK_1,222235_BK_1.jpg,none,,,,,,
222235_MD,222235,Crossbody Bag HASHTAG3 Mustard,_MD,Mustard,Hand Bag,Cross,Fake Nylon,Polyester; Polyurethane,Silver,,25.99,/242/54/222235_MD_1,222235_MD_1.jpg,none,,,,,,
222243NC,222243,Shopper Bag KOLKATA1 Natural Color,NC,Natural Color,Hand Bag,Shopper,Jute,Cotton; Jute; glass bead,,,25.99,/242/54/222243NC_1,222243NC_1.jpg,none,,,,,,
222258_NV,222258,Backpack PALMS Navy,_NV,Navy,Hand Bag,Backpack,Color Block,Polyester; Polyurethane,,,27.99,/242/54/222258_NV_1,222258_NV_1.jpg,none,,,,,,
222276_NV,222276,Lunch Bag PALMS Navy,_NV,Navy,Hand Bag,Lunch Bag,Fake Nylon,Polyester; Polyethylene Terephthalate; Polyurethane,Silver,,19.99,/242/54/222276_NV_1,222276_NV_1.jpg,none,,,,,,
222328_BK,222328,Handbag BARDOT Black,_BK,Black,Hand Bag,Computer Backpack,Animal Embossed PU,Polyester; Polyurethane,,,32.99,/242/54/222328_BK_1,222328_BK_1.jpg,none,,,,,,
222328_CA,222328,Handbag BARDOT Camel,_CA,Camel,Hand Bag,Computer Backpack,Animal Embossed PU,Polyester; Polyurethane,,,32.99,/242/54/222328_CA_1,222328_CA_1.jpg,none,,,,,,
222340_BK,222340,Tote Bag DAMERO2 Black,_BK,Black,Hand Bag,Tote,Plain PU,Polyester; Polyurethane,Silver,,25.99,/242/54/222340_BK_1,222340_BK_1.jpg,none,,,,,,
222340_TU,222340,Tote Bag DAMERO2 Taupe,_TU,Taupe,Hand Bag,Tote,Plain PU,Polyester; Polyurethane,Silver,,25.99,/242/54/222340_TU_1,222340_TU_1.jpg,none,,,,,,
222340_WT,222340,Tote Bag DAMERO2 White,_WT,White,Hand Bag,Tote,Plain PU,Polyester; Polyurethane,Silver,,25.99,/242/54/222340_WT_1,222340_WT_1.jpg,none,,,,,,
222350_BK,222350,Crossbody Bag DAMERO3 Black,_BK,Black,Hand Bag,Cross,Plain PU,Polyester; Polyurethane,Silver,,25.99,/242/54/222350_BK_1,222350_BK_1.jpg,none,,,,,,
222350_LM,222350,Crossbody Bag DAMERO3 Lime,_LM,Lime,Hand Bag,Cross,Plain PU,Polyester; Polyurethane,Silver,,25.99,/242/54/222350_LM_1,222350_LM_1.jpg,none,,,,,,
222350_TU,222350,Crossbody Bag DAMERO3 Taupe,_TU,Taupe,Hand Bag,Cross,Plain PU,Polyester; Polyurethane,Silver,,25.99,/242/54/222350_TU_1,222350_TU_1.jpg,none,,,,,,
222350_WT,222350,Crossbody Bag DAMERO3 White,_WT,White,Hand Bag,Cross,Plain PU,Polyester; Polyurethane,Silver,,25.99,/242/54/222350_WT_1,222350_WT_1.jpg,none,,,,,,
222398_RD,222398,Shopper Bag KOLKATA2 Red,_RD,Red,Hand Bag,Shopper,Fantasy Fabric,Cotton; Polyester,,,35.99,/242/54/222398_RD_1,222398_RD_1.jpg,none,,,,,,
222398_YL,222398,Shopper Bag KOLKATA2 Yellow,_YL,Yellow,Hand Bag,Shopper,Fantasy Fabric,Cotton; Polyester,,,35.99,/242/54/222398_YL_1,222398_YL_1.jpg,none,,,,,,
222464_BK,222464,Shopper Bag DAMERO2 Black,_BK,Black,Hand Bag,Shopper,Crochet,Cotton; Fiberglass,,,39.99,/242/54/222464_BK_1,222464_BK_1.jpg,none,,,,,,
222730NC,222730,Tote Bag KOLKATA3 Natural Color,NC,Natural Color,Hand Bag,Tote,Fake straw,Polyester; Polypropylene; Polyurethane,Light Golden,,29.99,/242/54/222730NC_1,222730NC_1.jpg,none,,,,,,
222871_BN,222871,Shopper Bag SUEDE STUDS Brown,_BN,Brown,Hand Bag,Shopper,Real Suede,Cow Leather; Cow Suede Leather,Silver,,59.99,/242/54/222871_BN_1,222871_BN_1.jpg,none,,,,,,
222871_BU,222871,Shopper Bag SUEDE STUDS Burgundy,_BU,Burgundy,Hand Bag,Shopper,Real Suede,Cow Leather; Cow Suede Leather,Silver,,59.99,/242/54/222871_BU_1,222871_BU_1.jpg,none,,,,,,
222871_CA,222871,Shopper Bag SUEDE STUDS Camel,_CA,Camel,Hand Bag,Shopper,Real Suede,Cow Leather; Cow Suede Leather,Silver,,59.99,/242/54/222871_CA_1,222871_CA_1.jpg,none,,,,,,
222893_WT,222893,Shoulder Bag DAMERO2 White,_WT,White,Hand Bag,Shoulder Bag,Crochet,Fiberglass; Nylon; Polyethylene,,,35.99,/242/54/222893_WT_1,222893_WT_1.jpg,none,,,,,,
222934_BN,222934,Crossbody Bag JOPLIN Brown,_BN,Brown,Hand Bag,Cross,Real Suede,Cow Suede Leather; Iron; Polyester; Polyurethane,Light Golden,,29.99,/242/54/222934_BN_1,222934_BN_1.jpg,none,,,,,,
222934_CA,222934,Crossbody Bag JOPLIN Camel,_CA,Camel,Hand Bag,Cross,Real Suede,Cow Suede Leather; Iron; Polyester; Polyurethane,Light Golden,,29.99,/242/54/222934_CA_1,222934_CA_1.jpg,none,,,,,,
222952_BK,222952,Tote Bag JACKSON 1 Black,_BK,Black,Hand Bag,Tote,Nylon,Polyester; Polyurethane; Zinc,,,27.99,/242/54/222952_BK_1,222952_BK_1.jpg,none,,,,,,
222952_BL,222952,Tote Bag JACKSON 2 Blue,_BL,Blue,Hand Bag,Tote,Nylon,Polyester; Polyurethane; Zinc,Silver,,27.99,/242/54/222952_BL_1,222952_BL_1.jpg,none,,,,,,
222952_EC,222952,Tote Bag JACKSON 1 Ecru,_EC,Ecru,Hand Bag,Tote,Nylon,Polyester; Polyurethane; Zinc,,,27.99,/242/54/222952_EC_1,222952_EC_1.jpg,none,,,,,,
222952_KK,222952,Tote Bag JACKSON 1 Khaki,_KK,Khaki,Hand Bag,Tote,Nylon,Polyester; Polyurethane; Zinc,,,27.99,/242/54/222952_KK_1,222952_KK_1.jpg,none,,,,,,
222953_BK,222953,Crossbody Bag JACKSON 1 Black,_BK,Black,Hand Bag,Cross,Nylon,Polyester; Polyurethane,Silver,,25.99,/242/54/222953_BK_1,222953_BK_1.jpg,none,,,,,,
222953_BL,222953,Crossbody Bag JACKSON 2 Blue,_BL,Blue,Hand Bag,Cross,Nylon,Polyester; Polyurethane,Silver,,25.99,/242/54/222953_BL_1,222953_BL_1.jpg,none,,,,,,
222953_TU,222953,Crossbody Bag JACKSON 2 Taupe,_TU,Taupe,Hand Bag,Cross,Nylon,Polyester; Polyurethane,Silver,,25.99,/242/54/222953_TU_1,222953_TU_1.jpg,none,,,,,,
222954_EC,222954,Crossbody Bag JACKSON 1 Ecru,_EC,Ecru,Hand Bag,Cross,Nylon,Polyester; Polyurethane,Silver,,25.99,/242/54/222954_EC_1,222954_EC_1.jpg,none,,,,,,
222954_KK,222954,Crossbody Bag JACKSON 1 Khaki,_KK,Khaki,Hand Bag,Cross,Nylon,Polyester; Polyurethane,Silver,,25.99,/242/54/222954_KK_1,222954_KK_1.jpg,none,,,,,,
222959_BL,222959,Lunch Bag JACKSON 2 Blue,_BL,Blue,Hand Bag,Lunch Bag,Nylon,Polyester; Polyurethane; Thermoplastic Polyurethane,Silver,,19.99,/242/54/222959_BL_1,222959_BL_1.jpg,none,,,,,,
223167_BK,223167,Computer Hand Bag DALMATA3 Black,_BK,Black,Hand Bag,Computer Hand Bag,Peach PU,Polyester; Polyurethane,Silver,,35.99,/242/54/223167_BK_1,223167_BK_1.jpg,none,,,,,,
223167_EC,223167,Computer Hand Bag DALMATA3 Ecru,_EC,Ecru,Hand Bag,Computer Hand Bag,Peach PU,Polyester; Polyurethane,Silver,,35.99,/242/54/223167_EC_1,223167_EC_1.jpg,none,,,,,,
223308_CA,223308,Briefcase ZIMBA3 Camel,_CA,Camel,Hand Bag,Briefcase,Animal Embossed PU,Polyester; Polyurethane,,,39.99,/242/54/223308_CA_1,223308_CA_1.jpg,none,,,,,,
223380_WT,223380,Crossbody Bag ZIMBA3 White,_WT,White,Hand Bag,Cross,Real Fur,Cow Leather; Polyester; Polyurethane,,,39.99,/242/54/223380_WT_1,223380_WT_1.jpg,none,,,,,,
223427_BK,223427,Backpack LOHAN Black,_BK,Black,Hand Bag,Backpack,Plain PU,Polyester; Polyurethane,,,27.99,/242/54/223427_BK_1,223427_BK_1.jpg,none,,,,,,
223427_EC,223427,Backpack LOHAN Ecru,_EC,Ecru,Hand Bag,Backpack,Plain PU,Polyester; Polyurethane,,,27.99,/242/54/223427_EC_1,223427_EC_1.jpg,none,,,,,,
223447_BM,223447,Sac ZIMBA3 Bright Multicolor,_BM,Bright Multicolor,Hand Bag,Sac,Patchwork,Polyester; Polyurethane,,,39.99,/242/54/223447_BM_1,223447_BM_1.jpg,none,,,,,,
223546_CA,223546,Sac ZIMBA3 Camel,_CA,Camel,Hand Bag,Sac,Real Suede,Cow Leather; Polyester; Polyurethane,,,32.99,/242/54/223546_CA_1,223546_CA_1.jpg,none,,,,,,
223610_BK,223610,Shopper Bag LEO1 Black,_BK,Black,Hand Bag,Shopper,Plain PU,Polyester; Polyurethane,Silver,,29.99,/242/54/223610_BK_1,223610_BK_1.jpg,none,,,,,,
223610_BU,223610,Shopper Bag LEO1 Burgundy,_BU,Burgundy,Hand Bag,Shopper,Plain PU,Polyester; Polyurethane,Silver,,29.99,/242/54/223610_BU_1,223610_BU_1.jpg,none,,,,,,
223610_EC,223610,Shopper Bag LEO1 Ecru,_EC,Ecru,Hand Bag,Shopper,Plain PU,Polyester; Polyurethane,Silver,,29.99,/242/54/223610_EC_1,223610_EC_1.jpg,none,,,,,,
223618_CA,223618,Tote Bag LEO3 Camel,_CA,Camel,Hand Bag,Tote,Peach PU,Polyester; Polyurethane; Zinc,Silver,,25.99,/242/54/223618_CA_1,223618_CA_1.jpg,none,,,,,,
223622_BK,223622,Tote Bag LEO3 Black,_BK,Black,Hand Bag,Tote,Nylon,Polyester; Polyurethane,Silver,,29.99,/242/54/223622_BK_1,223622_BK_1.jpg,none,,,,,,
223622_CA,223622,Tote Bag LEO3 Camel,_CA,Camel,Hand Bag,Tote,Nylon,Polyester; Polyurethane,Silver,,29.99,/242/54/223622_CA_1,223622_CA_1.jpg,none,,,,,,
223642_BK,223642,Tote Bag NEW ESSENTIALS2 Black,_BK,Black,Hand Bag,Tote,Plain PU,Polyester; Polyurethane,Light Golden,,35.99,/242/54/223642_BK_1,223642_BK_1.jpg,none,,,,,,
223642_CA,223642,Tote Bag NEW ESSENTIALS2 Camel,_CA,Camel,Hand Bag,Tote,Plain PU,Polyester; Polyurethane,Light Golden,,35.99,/242/54/223642_CA_1,223642_CA_1.jpg,none,,,,,,
223642_EC,223642,Tote Bag NEW ESSENTIALS2 Ecru,_EC,Ecru,Hand Bag,Tote,Plain PU,Polyester; Polyurethane,Light Golden,,35.99,/242/54/223642_EC_1,223642_EC_1.jpg,none,,,,,,
223644_BK,223644,Crossbody Bag NEW ESSENTIALS3 Black,_BK,Black,Hand Bag,Cross,Plain PU,Polyester; Polyurethane,,,32.99,/242/54/223644_BK_1,223644_BK_1.jpg,none,,,,,,
223644_BM,223644,Crossbody Bag NEW ESSENTIALS3 Bright Multicolor,_BM,Bright Multicolor,Hand Bag,Cross,Plain PU,Polyester; Polyurethane,,,32.99,/242/54/223644_BM_1,223644_BM_1.jpg,none,,,,,,
223644_BN,223644,Crossbody Bag NEW ESSENTIALS3 Brown,_BN,Brown,Hand Bag,Cross,Plain PU,Polyester; Polyurethane,,,32.99,/242/54/223644_BN_1,223644_BN_1.jpg,none,,,,,,
223644_TU,223644,Crossbody Bag NEW ESSENTIALS3 Taupe,_TU,Taupe,Hand Bag,Cross,Plain PU,Polyester; Polyurethane,,,32.99,/242/54/223644_TU_1,223644_TU_1.jpg,none,,,,,,
223996_BK,223996,Backpack CORDY Black,_BK,Black,Hand Bag,Backpack,Plain PU,Acrylic; Polyester; Polyurethane,,,27.99,/242/54/223996_BK_1,223996_BK_1.jpg,none,,,,,,
223996_CA,223996,Backpack CORDY Camel,_CA,Camel,Hand Bag,Backpack,Plain PU,Acrylic; Polyester; Polyurethane,,,27.99,/242/54/223996_CA_1,223996_CA_1.jpg,none,,,,,,
224009_GY,224009,Tote Bag CORDY Grey,_GY,Grey,Hand Bag,Tote,Printed Fake Nylon,Polyester; Polyurethane,Silver,,27.99,/242/54/224009_GY_1,224009_GY_1.jpg,none,,,,,,
224094_CA,224094,Crossbody Bag LORETA Camel,_CA,Camel,Hand Bag,Cross,Real Suede,Cow Suede Leather; Polyester; Polyurethane,,,27.99,/242/54/224094_CA_1,224094_CA_1.jpg,none,,,,,,
224094_KK,224094,Crossbody Bag LORETA Khaki,_KK,Khaki,Hand Bag,Cross,Real Suede,Cow Suede Leather; Polyester; Polyurethane,,,27.99,/242/54/224094_KK_1,224094_KK_1.jpg,none,,,,,,
224306_BN,224306,Computer Hand Bag PANTERA1 Brown,_BN,Brown,Hand Bag,Computer Hand Bag,Fake Suede,Polyester; Polyurethane,,,32.99,/242/54/224306_BN_1,224306_BN_1.jpg,none,,,,,,
224439_BL,224439,Shoulder Bag PANTERA3 Blue,_BL,Blue,Hand Bag,Shoulder Bag,Real Suede,Cow Suede Leather; Polyester; Polyurethane,,,39.99,/242/54/224439_BL_1,224439_BL_1.jpg,none,,,,,,
224439_CA,224439,Shoulder Bag PANTERA3 Camel,_CA,Camel,Hand Bag,Shoulder Bag,Real Suede,Cow Suede Leather; Polyester; Polyurethane,,,39.99,/242/54/224439_CA_1,224439_CA_1.jpg,none,,,,,,
224459_BK,224459,Tote Bag CORBATERO3 Black,_BK,Black,Hand Bag,Tote,Printed PU,Polyester; Polyurethane,Light Golden,,25.99,/242/54/224459_BK_1,224459_BK_1.jpg,none,,,,,,
224459_CA,224459,Tote Bag CORBATERO3 Camel,_CA,Camel,Hand Bag,Tote,Printed PU,Polyester; Polyurethane,Light Golden,,25.99,/242/54/224459_CA_1,224459_CA_1.jpg,none,,,,,,
224459_KK,224459,Tote Bag CORBATERO3 Khaki,_KK,Khaki,Hand Bag,Tote,Printed PU,Polyester; Polyurethane,Light Golden,,25.99,/242/54/224459_KK_1,224459_KK_1.jpg,none,,,,,,
224459_PK,224459,Tote Bag CORBATERO3 Pink,_PK,Pink,Hand Bag,Tote,Printed PU,Polyester; Polyurethane,Light Golden,,25.99,/242/54/224459_PK_1,224459_PK_1.jpg,none,,,,,,
224533_KK,224533,Backpack FLAGE Khaki,_KK,Khaki,Hand Bag,Backpack,Printed Nylon,Polyester; Polyurethane,Light Golden,,25.99,/242/54/224533_KK_1,224533_KK_1.jpg,none,,,,,,
224555_BK,224555,Crossbody Bag PANTERA2 Black,_BK,Black,Hand Bag,Cross,Plain PU,Polyester; Polyurethane,Silver,,25.99,/242/54/224555_BK_1,224555_BK_1.jpg,none,,,,,,
224555_BN,224555,Crossbody Bag PANTERA2 Brown,_BN,Brown,Hand Bag,Cross,Plain PU,Polyester; Polyurethane,Silver,,25.99,/242/54/224555_BN_1,224555_BN_1.jpg,none,,,,,,
224555_MD,224555,Crossbody Bag PANTERA2 Mustard,_MD,Mustard,Hand Bag,Cross,Plain PU,Polyester; Polyurethane,Silver,,25.99,/242/54/224555_MD_1,224555_MD_1.jpg,none,,,,,,
224700_BN,224700,Tote Bag PANTERA2 Brown,_BN,Brown,Hand Bag,Tote,Real Fur,Cow Leather; Polyester; Polyurethane,,,32.99,/242/54/224700_BN_2y,224700_BN_2y.jpg,none,,,,,,
224906_BN,224906,Tote Bag ZIMBA1 Brown,_BN,Brown,Hand Bag,Tote,Fake Suede,Polyester; Polyurethane,,,27.99,/242/54/224906_BN_1,224906_BN_1.jpg,none,,,,,,
224970_BK,224970,Sac SCOTS3 Black,_BK,Black,Hand Bag,Sac,Fantasy PU,Polyurethane,,,27.99,/242/54/224970_BK_1,224970_BK_1.jpg,none,,,,,,
224970_BU,224970,Sac SCOTS3 Burgundy,_BU,Burgundy,Hand Bag,Sac,Fantasy PU,Polyurethane,,,27.99,/242/54/224970_BU_1,224970_BU_1.jpg,none,,,,,,
224970_EC,224970,Sac SCOTS3 Ecru,_EC,Ecru,Hand Bag,Sac,Fantasy PU,Polyurethane,,,27.99,/242/54/224970_EC_1,224970_EC_1.jpg,none,,,,,,
149404_DM,149404,Earring IDENTITY Dark Multicolor,_DM,Dark Multicolor,Jewellery,Earrings,Stud,Thermoplastic Polyurethane; Zinc,Golden,,5.99,/241/52/149404_DM_1,149404_DM_1.jpg,none,,,,,,
156605_DM,156605,Bracelet NILE Dark Multicolor,_DM,Dark Multicolor,Jewellery,Bracelets,Elastic Bracelet,Acrylic; Elastane; Thermoplastic Polyurethane,Worn Gold,,5.99,/241/52/156605_DM_1,156605_DM_1.jpg,none,,,,,,
1586851BL,158685,Earring GUARANI VIBES Blue,1BL,Blue,Jewellery,Earrings,Dangle,Stone; Zinc,Brushed Golden,,4.99,/232/52/1586851BL_1,1586851BL_1.jpg,none,,,,,,
1586852BL,158685,Earring GUMMY PARTY Blue,2BL,Blue,Jewellery,Earrings,Dangle,Clay; Glass; Zinc,Brushed Golden,,4.99,/232/52/1586852BL_1,1586852BL_1.jpg,none,,,,,,
1586852FU,158685,Earring TROPICAL GEMS Fuchsia,2FU,Fuchsia,Jewellery,Earrings,Dangle,Stone; Zinc,Brushed Golden,,4.99,/241/52/1586852FU_1,1586852FU_1.jpg,none,,,,,,
1586852MI,158685,Earring Moonlight azure Midnight Blue,2MI,Midnight Blue,Jewellery,Earrings,Dangle,Stone; Zinc,Brushed Golden,,4.99,/232/52/1586852MI_1,1586852MI_1.jpg,none,,,,,,
1586852NV,158685,Earring COTTAGE BLUE Navy,2NV,Navy,Jewellery,Earrings,Dangle,Stone; Zinc,Brushed Golden,,4.99,/232/52/1586852NV_1,1586852NV_1.jpg,none,,,,,,
1586853DM,158685,Earring MONETT Dark Multicolor,3DM,Dark Multicolor,Jewellery,Earrings,Dangle,Enamel; Iron; Stone,Brushed Golden,,5.99,/242/52/1586853DM_1,1586853DM_1.jpg,none,,,,,,
158685_MT,158685,Earring SUNSET JUNCTION Mint,_MT,Mint,Jewellery,Earrings,Dangle,Stone; Zinc,Brushed Golden,,4.99,/241/52/158685_MT_1,158685_MT_1.jpg,none,,,,,,
158685_OX,158685,Earring NEPTUNE Oxford Blue,_OX,Oxford Blue,Jewellery,Earrings,Dangle,Stone; Zinc,Black Nikel,,5.99,/242/52/158685_OX_1,158685_OX_1.jpg,none,,,,,,
1633181WT,163318,Earring DEGRADE White,1WT,White,Jewellery,Earrings,Stud,Crystal Glass; Zinc,Worn Gold,,5.99,/232/52/1633181WT_1,1633181WT_1.jpg,none,,,,,,
1674883HM,167488,Earring ULTRAVIO Halftone Multicolor,3HM,Halftone Multicolor,Jewellery,Earrings,Hoop Earrings,Acrylic; Copper; Iron; Stone,Worn Gold,Enamel,5.99,/232/52/1674883HM_1,1674883HM_1.jpg,none,,,,,,
1682862HM,168286,Earring BHLOTUS Halftone Multicolor,2HM,Halftone Multicolor,Jewellery,Earrings,Hoop Earrings,Brass; Enamel; Iron,Golden,,5.99,/232/52/1682862HM_1,1682862HM_1.jpg,none,,,,,,
1682863BM,168286,Earring SUNSET JUNCTION Bright Multicolor,3BM,Bright Multicolor,Jewellery,Earrings,Hoop Earrings,Brass; Enamel; Iron,Golden,,5.99,/241/52/1682863BM_1,1682863BM_1.jpg,none,,,,,,
169628_PH,169628,Earring DEGRADE Peach,_PH,Peach,Jewellery,Earrings,Dangle,Iron; Zinc,Other,,7.99,/232/52/169628_PH_1,169628_PH_1.jpg,none,,,,,,
1699942HM,169994,Ring ORPHIC Halftone Multicolor,2HM,Halftone Multicolor,Jewellery,Rings,Band Ring,Enamel; Zinc,Golden,,4.99,/232/52/1699942HM_1,1699942HM_1.jpg,none,,,,,,
1699943BM,169994,Ring SUNSET JUNCTION Bright Multicolor,3BM,Bright Multicolor,Jewellery,Rings,Band Ring,Enamel; Zinc,Golden,,4.99,/241/52/1699943BM_1,1699943BM_1.jpg,none,,,,,,
1699943HM,169994,Ring MONETT Halftone Multicolor,3HM,Halftone Multicolor,Jewellery,Rings,Band Ring,Enamel; Zinc,Golden,,4.99,/242/52/1699943HM_1,1699943HM_1.jpg,none,,,,,,
1699944BM,169994,Ring TROPICAL GEMS Bright Multicolor,4BM,Bright Multicolor,Jewellery,Rings,Band Ring,Enamel; Zinc,Golden,,4.99,/241/52/1699944BM_1,1699944BM_1.jpg,none,,,,,,
1716131BK,171613,Earring ECLIPSE Black,1BK,Black,Jewellery,Earrings,Hoop Earrings,Crystal Glass; Iron,Golden,,5.99,/232/52/1716131BK_1,1716131BK_1.jpg,none,,,,,,
1716131HM,171613,Earring ULTRAVIO Halftone Multicolor,1HM,Halftone Multicolor,Jewellery,Earrings,Hoop Earrings,Acrylic; Glass; Iron,Worn Gold,,5.99,/232/52/1716131HM_1,1716131HM_1.jpg,none,,,,,,
171613_DM,171613,Earring IDENTITY Dark Multicolor,_DM,Dark Multicolor,Jewellery,Earrings,Hoop Earrings,Crystal Glass; Iron,Golden,,5.99,/241/52/171613_DM_2y,171613_DM_2y.jpg,none,,,,,,
1742023BM,174202,Bracelet GUARANI VIBES Bright Multicolor,3BM,Bright Multicolor,Jewellery,Bracelets,Elastic Bracelet,Enamel; Zinc,Golden,,9.99,/232/52/1742023BM_1,1742023BM_1.jpg,none,,,,,,
174202_HM,174202,Bracelet VENDREDI Halftone Multicolor,_HM,Halftone Multicolor,Jewellery,Bracelets,Elastic Bracelet,Enamel; Zinc,,,9.99,/241/52/174202_HM_1,174202_HM_1.jpg,none,,,,,,
1764650HM,176465,Earring VENDREDI Halftone Multicolor,0HM,Halftone Multicolor,Jewellery,Earrings,Hoop Earrings,Acrylic; Iron,Brushed Golden,,5.99,/241/52/1764650HM_1,1764650HM_1.jpg,none,,,,,,
180460_NV,180460,Earring STARRYNIGHT Navy,_NV,Navy,Jewellery,Earrings,Dangle,Copper; Glass,Black Nikel,Strass,9.99,/232/52/180460_NV_1,180460_NV_1.jpg,none,,,,,,
181666_BL,181666,Earring GUMMY PARTY Blue,_BL,Blue,Jewellery,Earrings,Hoop Earrings,Glass; Iron; Thermoplastic Polyurethane,Golden,Strass,8.99,/232/52/181666_BL_1,181666_BL_1.jpg,none,,,,,,
181666_MI,181666,Earring NEPTUNE Midnight Blue,_MI,Midnight Blue,Jewellery,Earrings,Hoop Earrings,Glass; Iron; Thermoplastic Polyurethane,Black Nikel,Strass,8.99,/242/52/181666_MI_1,181666_MI_1.jpg,none,,,,,,
181666_RO,181666,Earring NEOPOP Old Rose,_RO,Old Rose,Jewellery,Earrings,Hoop Earrings,Glass; Iron; Thermoplastic Polyurethane,Black Nikel,Strass,8.99,/242/52/181666_RO_1,181666_RO_1.jpg,none,,,,,,
1870180HM,187018,Set of Earrings KISS54 Halftone Multicolor,0HM,Halftone Multicolor,Jewellery,Earrings,Hoop Earrings,Enamel; Zinc,Golden,,6.99,/232/52/1870180HM_1,1870180HM_1.jpg,none,,,,,,
187895_HM,187895,Earring KISS54 Halftone Multicolor,_HM,Halftone Multicolor,Jewellery,Earrings,Hoop Earrings,Brass; Zirconium,Golden,,6.99,/221/52/187895_HM_1,187895_HM_1.jpg,none,,,,,,
1879985BM,187998,Earring DOMINICA Bright Multicolor,5BM,Bright Multicolor,Jewellery,Earrings,Hoop Earrings,Brass; Iron,Rose Gold,Enamel,5.99,/241/52/1879985BM_1,1879985BM_1.jpg,none,,,,,,
187998_DM,187998,Earring FLORABUNDANCE Dark Multicolor,_DM,Dark Multicolor,Jewellery,Earrings,Hoop Earrings,Brass; Iron,Golden,Enamel,4.99,/232/52/187998_DM_1,187998_DM_1.jpg,none,,,,,,
192473_BL,192473,Earring STARRYNIGHT Blue,_BL,Blue,Jewellery,Earrings,Stud,Acrylic; Brass; Glass; Iron,Golden,,7.99,/232/52/192473_BL_1,192473_BL_1.jpg,none,,,,,,
1936432HM,193643,Ring EXPEDITION Halftone Multicolor,2HM,Halftone Multicolor,Jewellery,Rings,Fantasy,Zinc,Golden,,7.99,/232/52/1936432HM_1,1936432HM_1.jpg,none,,,,,,
1953431GD,195343,Pin FASHION SUPPLEMENTS Gold,1GD,Gold,Jewellery,Pins,Romantic Brooche,Iron; Zinc,Golden,,5.99,/241/52/1953431GD_1,1953431GD_1.jpg,none,,,,,,
1960381HM,196038,Earring FLEURSDUMER Halftone Multicolor,1HM,Halftone Multicolor,Jewellery,Earrings,Dangle,Acrylic; Iron; Stone; Zamac,Brushed Golden,Stone,5.99,/241/52/1960381HM_1,1960381HM_1.jpg,none,,,,,,
1965881BK,196588,Earring ECLIPSE Black,1BK,Black,Jewellery,Earrings,Dangle,Glass; Iron; Resin; Rubber; Wood,Golden,,5.99,/232/52/1965881BK_1,1965881BK_1.jpg,none,,,,,,
1965881BM,196588,Earring DOMINICA Bright Multicolor,1BM,Bright Multicolor,Jewellery,Earrings,Dangle,Glass; Iron; Resin; Rubber; Wood,Brushed Golden,,5.99,/241/52/1965881BM_1,1965881BM_1.jpg,none,,,,,,
197557_HM,197557,Earring SPARKLING EARRINGS Halftone Multicolor,_HM,Halftone Multicolor,Jewellery,Earrings,Dangle,Brass; Zirconium,Black Nikel,Zirconia,27.99,/231/52/197557_HM_1,197557_HM_1.jpg,none,,,,,,
197826_SV,197826,Necklace SHADES OF COOL Silver,_SV,Silver,Jewellery,Necklaces,Pendant,Brass; Zinc; Zirconium,,,10.99,/222/52/197826_SV_1,197826_SV_1.jpg,none,,,,,,
198667_GD,198667,Bracelet GLDN DEL Gold,_GD,Gold,Jewellery,Bracelets,Adjustable Bracelet,Brass,Golden,,6.99,/222/52/198667_GD_1,198667_GD_1.jpg,none,,,,,,
200366_IV,200366,Earring TREND Ivory,_IV,Ivory,Jewellery,Earrings,Stud,Zinc,Golden,,9.99,/231/52/200366_IV_1,200366_IV_1.jpg,none,,,,,,
2011650HM,201165,Earring FLEURSDUMER Halftone Multicolor,0HM,Halftone Multicolor,Jewellery,Earrings,Hoop Earrings,Iron; Stone; Thermoplastic Polyurethane,Golden,Stone,7.99,/241/52/2011650HM_1,2011650HM_1.jpg,none,,,,,,
201165_HM,201165,Earring BHLOTUS Halftone Multicolor,_HM,Halftone Multicolor,Jewellery,Earrings,Hoop Earrings,Iron; Stone; Thermoplastic Polyurethane,Golden,Stone,7.99,/232/52/201165_HM_1,201165_HM_1.jpg,none,,,,,,
2011800HM,201180,Earring mulstone Halftone Multicolor,0HM,Halftone Multicolor,Jewellery,Earrings,Dangle,Acrylic; Glass; Shell; Stone; Thermoplastic Polyurethane; Zinc,Golden,,7.99,/232/52/2011800HM_1,2011800HM_1.jpg,none,,,,,,
2012551GD,201255,Earring Golden Basics Gold,1GD,Gold,Jewellery,Earrings,Stud,Zinc,Golden,Other,5.99,/241/52/2012551GD_1,2012551GD_1.jpg,none,,,,,,
2012551MI,201255,Earring Moonlight azure Midnight Blue,1MI,Midnight Blue,Jewellery,Earrings,Stud,Iron; Stone,Golden,Stone,7.99,/232/52/2012551MI_1,2012551MI_1.jpg,none,,,,,,
201255_AM,201255,Earring VENDREDI Amethyst,_AM,Amethyst,Jewellery,Earrings,Stud,Iron; Stone,Golden,Stone,7.99,/241/52/201255_AM_1,201255_AM_1.jpg,none,,,,,,
201255_IV,201255,Earring Golden Basics Extra Ivory,_IV,Ivory,Jewellery,Earrings,Stud,Enamel; Iron,Golden,Stone,5.99,/241/52/201255_IV_1,201255_IV_1.jpg,none,,,,,,
201255_LL,201255,Earring DEGRADE Lilac,_LL,Lilac,Jewellery,Earrings,Stud,Iron; Stone,Golden,Stone,7.99,/232/52/201255_LL_1,201255_LL_1.jpg,none,,,,,,
201255_MN,201255,Earring Gipsy Garden Maroon,_MN,Maroon,Jewellery,Earrings,Stud,Acrylic; Enamel; Iron,Worn Gold,Other,5.99,/241/52/201255_MN_1,201255_MN_1.jpg,none,,,,,,
201255_NV,201255,Earring SUNSET JUNCTION Navy,_NV,Navy,Jewellery,Earrings,Stud,Iron; Stone,Golden,Stone,7.99,/241/52/201255_NV_1,201255_NV_1.jpg,none,,,,,,
201255_PU,201255,Earring ULTRAVIO Purple,_PU,Purple,Jewellery,Earrings,Stud,Iron; Stone,Worn Gold,Stone,7.99,/232/52/201255_PU_1,201255_PU_1.jpg,none,,,,,,
201255_TG,201255,Earring mulstone Pastel Green,_TG,Pastel Green,Jewellery,Earrings,Stud,Iron; Stone,Golden,Stone,7.99,/232/52/201255_TG_1,201255_TG_1.jpg,none,,,,,,
201844_PU,201844,Earring ULTRAVIO Purple,_PU,Purple,Jewellery,Earrings,Stud,Enamel; Iron,Worn Gold,,5.99,/232/52/201844_PU_1,201844_PU_1.jpg,none,,,,,,
2020471HM,202047,Bracelet ULTRAVIO Halftone Multicolor,1HM,Halftone Multicolor,Jewellery,Bracelets,Non-Adjustable Bracelet,Iron; Resin; Stone; Thermoplastic Polyurethane,Worn Gold,,7.99,/232/52/2020471HM_1,2020471HM_1.jpg,none,,,,,,
202047_DM,202047,Bracelet FLORABUNDANCE Dark Multicolor,_DM,Dark Multicolor,Jewellery,Bracelets,Non-Adjustable Bracelet,Acrylic; Iron; Stone; Thermoplastic Polyurethane,Golden,,7.99,/232/52/202047_DM_1,202047_DM_1.jpg,none,,,,,,
202047_HM,202047,Bracelet ORPHIC Halftone Multicolor,_HM,Halftone Multicolor,Jewellery,Bracelets,Non-Adjustable Bracelet,Acrylic; Iron; Stone; Zinc,Brushed Golden,,7.99,/232/52/202047_HM_1,202047_HM_1.jpg,none,,,,,,
202076_BM,202076,Earring GUARANI VIBES Bright Multicolor,_BM,Bright Multicolor,Jewellery,Earrings,Dangle,Brass; Iron; Resin; Thermoplastic Polyurethane; Zinc,Golden,,7.99,/232/52/202076_BM_1,202076_BM_1.jpg,none,,,,,,
202304_DM,202304,Earring Moonlight azure Dark Multicolor,_DM,Dark Multicolor,Jewellery,Earrings,Hoop Earrings,Glass; Zinc,Golden,,5.99,/232/52/202304_DM_1,202304_DM_1.jpg,none,,,,,,
202304_HM,202304,Earring FORMENTERA Halftone Multicolor,_HM,Halftone Multicolor,Jewellery,Earrings,Hoop Earrings,Glass; Zinc,Golden,,5.99,/241/52/202304_HM_1,202304_HM_1.jpg,none,,,,,,
202636_GD,202636,Earring Golden Basics Gold,_GD,Gold,Jewellery,Earrings,Stud,Iron,Brushed Golden,,4.99,/222/52/202636_GD_1,202636_GD_1.jpg,none,,,,,,
202689_GD,202689,Earring GOLDEN BASICS Gold,_GD,Gold,Jewellery,Earrings,Dangle,Iron,Brushed Golden,,5.99,/222/52/202689_GD_1,202689_GD_1.jpg,none,,,,,,
203374_NV,203374,Earring STARRYNIGHT Navy,_NV,Navy,Jewellery,Earrings,Stud,Enamel; Glass; Zinc,Golden,,8.99,/232/52/203374_NV_1,203374_NV_1.jpg,none,,,,,,
203830_SV,203830,Set of Earrings SHADES OF COOL Silver,_SV,Silver,Jewellery,Earrings,Stud,Acrylic; Iron; Zinc,Silver,,5.99,/231/52/203830_SV_1,203830_SV_1.jpg,none,,,,,,
204474_GD,204474,Necklace GLDN DEL Gold,_GD,Gold,Jewellery,Necklaces,Chain,Copper; Pearl; Zinc,,,10.99,/231/52/204474_GD_1,204474_GD_1.jpg,none,,,,,,
204711_SV,204711,Necklace SILVER BASICS Silver,_SV,Silver,Jewellery,Necklaces,Pendant,Iron; Zinc,Silver,,10.99,/231/52/204711_SV_1,204711_SV_1.jpg,none,,,,,,
204814_SV,204814,Earring SILVER BASICS Silver,_SV,Silver,Jewellery,Earrings,Dangle,Iron,Brushed Silver,,7.99,/231/52/204814_SV_1,204814_SV_1.jpg,none,,,,,,
204972_BU,204972,Key Chain FASHION SUPPLEMENTS Burgundy,_BU,Burgundy,Jewellery,Key chains,Figures,Glass; Zinc,,,9.99,/242/52/204972_BU_1,204972_BU_1.jpg,none,,,,,,
204972_LK,204972,Key Chain FASHION SUPPLEMENTS Light Pink,_LK,Light Pink,Jewellery,Key chains,Figures,Glass; Zinc,,,9.99,/232/52/204972_LK_1,204972_LK_1.jpg,none,,,,,,
204972_PU,204972,Key Chain FASHION SUPPLEMENTS Purple,_PU,Purple,Jewellery,Key chains,Figures,Glass; Zinc,Golden,,9.99,/231/52/204972_PU_1,204972_PU_1.jpg,none,,,,,,
205232_BM,205232,Earring STARRYNIGHT Bright Multicolor,_BM,Bright Multicolor,Jewellery,Earrings,Hoop Earrings,Brass; Iron; Zirconium,Black Nikel,,7.99,/232/52/205232_BM_1,205232_BM_1.jpg,none,,,,,,
205254_GN,205254,Earring TREND Green,_GN,Green,Jewellery,Earrings,Dangle,Glass; Zinc,,,12.99,/232/52/205254_GN_1,205254_GN_1.jpg,none,,,,,,
205426_HM,205426,Earring GLDN DEL Halftone Multicolor,_HM,Halftone Multicolor,Jewellery,Earrings,Drop,Zinc; Zirconium,Golden,,8.99,/241/52/205426_HM_2y,205426_HM_2y.jpg,none,,,,,,
2055261HM,205526,Earring GLDN DEL Halftone Multicolor,1HM,Halftone Multicolor,Jewellery,Earrings,Hoop Earrings,Brass; Zirconium,Rodhium,,7.99,/241/52/2055261HM_1,2055261HM_1.jpg,none,,,,,,
205526_HM,205526,Earring GLDN DEL Halftone Multicolor,_HM,Halftone Multicolor,Jewellery,Earrings,Hoop Earrings,Brass; Zirconium,Golden,,7.99,/232/52/205526_HM_1,205526_HM_1.jpg,none,,,,,,
205757_GD,205757,Earring GLDN DEL Gold,_GD,Gold,Jewellery,Earrings,Hoop Earrings,Brass,Golden,,4.99,/231/52/205757_GD_2y,205757_GD_2y.jpg,none,,,,,,
205820_MI,205820,Earring Gipsy Garden Midnight Blue,_MI,Midnight Blue,Jewellery,Earrings,Stud,Enamel; Zinc,Worn Gold,,5.99,/241/52/205820_MI_1,205820_MI_1.jpg,none,,,,,,
2062120HM,206212,Earring mulstone Halftone Multicolor,0HM,Halftone Multicolor,Jewellery,Earrings,Stud,Iron; Resin,Golden,,5.99,/232/52/2062120HM_1,2062120HM_1.jpg,none,,,,,,
2062121HM,206212,Earring EXPEDITION Halftone Multicolor,1HM,Halftone Multicolor,Jewellery,Earrings,Stud,Iron; Resin,Golden,,5.99,/232/52/2062121HM_1,2062121HM_1.jpg,none,,,,,,
2062122HM,206212,Earring ORPHIC Halftone Multicolor,2HM,Halftone Multicolor,Jewellery,Earrings,Stud,Iron; Resin,Golden,,5.99,/232/52/2062122HM_1,2062122HM_1.jpg,none,,,,,,
2062123HM,206212,Earring FLEURSDUMER Halftone Multicolor,3HM,Halftone Multicolor,Jewellery,Earrings,Stud,Iron; Resin,Golden,,5.99,/241/52/2062123HM_1,2062123HM_1.jpg,none,,,,,,
2062124HM,206212,Earring MONETT Halftone Multicolor,4HM,Halftone Multicolor,Jewellery,Earrings,Stud,Iron; Resin,Golden,,5.99,/242/52/2062124HM_1,2062124HM_1.jpg,none,,,,,,
206212_BM,206212,Earring TROPICAL GEMS Bright Multicolor,_BM,Bright Multicolor,Jewellery,Earrings,Stud,Iron; Resin,Golden,,5.99,/241/52/206212_BM_1,206212_BM_1.jpg,none,,,,,,
206212_HM,206212,Earring BHLOTUS Halftone Multicolor,_HM,Halftone Multicolor,Jewellery,Earrings,Stud,Iron; Resin,Golden,,5.99,/232/52/206212_HM_1,206212_HM_1.jpg,none,,,,,,
206249_DM,206249,Necklace ORPHIC Dark Multicolor,_DM,Dark Multicolor,Jewellery,Necklaces,Beaded Necklace,Acrylic; Iron; Resin; Stone,Brushed Golden,,12.99,/232/52/206249_DM_1,206249_DM_1.jpg,none,,,,,,
206411_PM,206411,Earring SPARKLING EARRINGS Pastel Multicolor,_PM,Pastel Multicolor,Jewellery,Earrings,Drop,Brass; Stone; Zirconium,Black Nikel,,39.99,/231/52/206411_PM_1,206411_PM_1.jpg,none,,,,,,
206894_GD,206894,Earring GLDN DEL Gold,_GD,Gold,Jewellery,Earrings,Hoop Earrings,Acrylic; Zinc,Golden,,5.99,/231/52/206894_GD_1,206894_GD_1.jpg,none,,,,,,
206894_SV,206894,Earring SILVER D Silver,_SV,Silver,Jewellery,Earrings,Hoop Earrings,Acrylic; Zinc,Golden,,5.99,/231/52/206894_SV_1,206894_SV_1.jpg,none,,,,,,
206907_SV,206907,Earring SILVER D Silver,_SV,Silver,Jewellery,Earrings,Dangle,Brass; Iron,Rodhium,,5.99,/231/52/206907_SV_1,206907_SV_1.jpg,none,,,,,,
206913_GD,206913,Ring GLDN DEL Gold,_GD,Gold,Jewellery,Rings,Fantasy,Acrylic; Copper,Golden,,6.99,/231/52/206913_GD_1,206913_GD_1.jpg,none,,,,,,
206913_SV,206913,Ring SILVER D Silver,_SV,Silver,Jewellery,Rings,Fantasy,Acrylic; Copper,Rodhium,,6.99,/231/52/206913_SV_1,206913_SV_1.jpg,none,,,,,,
207042_BM,207042,Earring SUNSET JUNCTION Bright Multicolor,_BM,Bright Multicolor,Jewellery,Earrings,Dangle,Acrylic; Iron; Shell,Golden,,7.99,/241/52/207042_BM_1,207042_BM_1.jpg,none,,,,,,
2074880HM,207488,Earring COTTAGE BLUE Halftone Multicolor,0HM,Halftone Multicolor,Jewellery,Earrings,Dangle,Acrylic; Iron; Stone,Brushed Golden,,7.99,/232/52/2074880HM_1,2074880HM_1.jpg,none,,,,,,
207808_AU,207808,Ring VENDREDI Aubergine,_AU,Aubergine,Jewellery,Rings,Band Ring,Enamel; Zinc,Golden,,5.99,/241/52/207808_AU_1,207808_AU_1.jpg,none,,,,,,
207808_PK,207808,Ring SUNSET JUNCTION Pink,_PK,Pink,Jewellery,Rings,Band Ring,Enamel; Zinc,Golden,,5.99,/241/52/207808_PK_1,207808_PK_1.jpg,none,,,,,,
207859_LB,207859,Earring GUARANI VIBES Light Blue,_LB,Light Blue,Jewellery,Earrings,Stud,Resin; Zinc,Golden,,4.99,/232/52/207859_LB_1,207859_LB_1.jpg,none,,,,,,
208293_DM,208293,Earring IDENTITY Dark Multicolor,_DM,Dark Multicolor,Jewellery,Earrings,Hoop Earrings,Enamel; Zinc,Golden,,7.99,/241/52/208293_DM_1,208293_DM_1.jpg,none,,,,,,
208749_GD,208749,Necklace GOLDEN BASICS Gold,_GD,Gold,Jewellery,Necklaces,Pendant,Iron; Zinc,Golden,,9.99,/231/52/208749_GD_1,208749_GD_1.jpg,none,,,,,,
2090031GD,209003,Earring Golden Basics Gold,1GD,Gold,Jewellery,Earrings,Drop,Iron; Shell; Zinc,Brushed Golden,,7.99,/232/52/2090031GD_1,2090031GD_1.jpg,none,,,,,,
209003_TG,209003,Earring WATERMELON PARTY Pastel Green,_TG,Pastel Green,Jewellery,Earrings,Drop,Copper; Iron; Shell,Brushed Golden,,7.99,/242/52/209003_TG_1,209003_TG_1.jpg,none,,,,,,
209004_GD,209004,Earring GOLDEN BASICS Gold,_GD,Gold,Jewellery,Earrings,Stud,Shell; Zinc,Golden,,4.99,/232/52/209004_GD_1,209004_GD_1.jpg,none,,,,,,
209012_GD,209012,Ring GOLDEN BASICS Gold,_GD,Gold,Jewellery,Rings,Band Ring,Zinc,Golden,,4.99,/232/52/209012_GD_1,209012_GD_1.jpg,none,,,,,,
209057_GD,209057,Earring GOLDEN BASICS Gold,_GD,Gold,Jewellery,Earrings,Hoop Earrings,Iron,Golden,,7.99,/231/52/209057_GD_1,209057_GD_1.jpg,none,,,,,,
209169_GD,209169,Bracelet GOLDEN BASICS Gold,_GD,Gold,Jewellery,Bracelets,Non-Adjustable Bracelet,Iron; Shell,Golden,,7.99,/232/52/209169_GD_1,209169_GD_1.jpg,none,,,,,,
209173_CL,209173,Earring WATERMELON PARTY Coral,_CL,Coral,Jewellery,Earrings,Hoop Earrings,Iron; Shell,Golden,,5.99,/242/52/209173_CL_1,209173_CL_1.jpg,none,,,,,,
209173_GD,209173,Earring GOLDEN BASICS Gold,_GD,Gold,Jewellery,Earrings,Hoop Earrings,Iron; Shell,Golden,,5.99,/232/52/209173_GD_1,209173_GD_1.jpg,none,,,,,,
209175_GD,209175,Earring GOLDEN BASICS Gold,_GD,Gold,Jewellery,Earrings,Stud,Zinc,Golden,,5.99,/232/52/209175_GD_1,209175_GD_1.jpg,none,,,,,,
209180_GD,209180,Necklace GOLDEN BASICS Gold,_GD,Gold,Jewellery,Necklaces,Beaded Necklace,Shell; Thermoplastic Polyurethane,Golden,,10.99,/232/52/209180_GD_1,209180_GD_1.jpg,none,,,,,,
209259_GD,209259,Earring GOLDEN BASICS Gold,_GD,Gold,Jewellery,Earrings,Dangle,Iron; Shell,Golden,,5.99,/232/52/209259_GD_1,209259_GD_1.jpg,none,,,,,,
209264_GD,209264,Earring GOLDEN BASICS Gold,_GD,Gold,Jewellery,Earrings,Stud,Iron; Shell; Zinc,Golden,,5.99,/232/52/209264_GD_1,209264_GD_1.jpg,none,,,,,,
209280_GD,209280,Earring GOLDEN BASICS Gold,_GD,Gold,Jewellery,Earrings,Dangle,Brass; Shell; Stainless Steel,Golden,,7.99,/232/52/209280_GD_1,209280_GD_1.jpg,none,,,,,,
209284_GD,209284,Earring GOLDEN BASICS Gold,_GD,Gold,Jewellery,Earrings,Dangle,Iron; Pearl; Shell; Thermoplastic Polyurethane; Zinc,Golden,,7.99,/232/52/209284_GD_1,209284_GD_1.jpg,none,,,,,,
209284_HM,209284,Earring mulstone Halftone Multicolor,_HM,Halftone Multicolor,Jewellery,Earrings,Dangle,Acrylic; Iron; Stone,Golden,,7.99,/232/52/209284_HM_1,209284_HM_1.jpg,none,,,,,,
209286_GD,209286,Set of Bracelets GOLDEN BASICS Gold,_GD,Gold,Jewellery,Bracelets,Non-Adjustable Bracelet,Cotton; Iron; Shell; Zinc,Golden,,7.99,/232/52/209286_GD_1,209286_GD_1.jpg,none,,,,,,
2093041SV,209304,Earring SILVER D Silver,1SV,Silver,Jewellery,Earrings,Stud,Copper; Zirconium,Golden,,5.99,/232/52/2093041SV_1,2093041SV_1.jpg,none,,,,,,
209304_GD,209304,Earring GLDN DEL Gold,_GD,Gold,Jewellery,Earrings,Stud,Copper; Zirconium,Golden,,5.99,/232/52/209304_GD_1,209304_GD_1.jpg,none,,,,,,
209310_GD,209310,Bracelet GLDN DEL Gold,_GD,Gold,Jewellery,Bracelets,Non-Adjustable Bracelet,Glass; Iron,Golden,,7.99,/232/52/209310_GD_1,209310_GD_1.jpg,none,,,,,,
209310_SV,209310,Bracelet SILVER D Silver,_SV,Silver,Jewellery,Bracelets,Non-Adjustable Bracelet,Glass; Iron,Golden,,7.99,/232/52/209310_SV_1,209310_SV_1.jpg,none,,,,,,
209317_GD,209317,Earring GLDN DEL Gold,_GD,Gold,Jewellery,Earrings,Hoop Earrings,Glass; Iron; Thermoplastic Polyurethane,Gold Plated,,5.99,/231/52/209317_GD_1,209317_GD_1.jpg,none,,,,,,
209317_SV,209317,Earring SILVER D Silver,_SV,Silver,Jewellery,Earrings,Hoop Earrings,Glass; Iron; Thermoplastic Polyurethane,Gold Plated,,5.99,/232/52/209317_SV_1,209317_SV_1.jpg,none,,,,,,
209323_GD,209323,Earring GLDN DEL Gold,_GD,Gold,Jewellery,Earrings,Hoop Earrings,Glass; Iron,Golden,,7.99,/232/52/209323_GD_1,209323_GD_1.jpg,none,,,,,,
209323_SV,209323,Earring SILVER D Silver,_SV,Silver,Jewellery,Earrings,Hoop Earrings,Glass; Iron,Golden,,7.99,/232/52/209323_SV_1,209323_SV_1.jpg,none,,,,,,
209328_GD,209328,Earring GLDN DEL Gold,_GD,Gold,Jewellery,Earrings,Hoop Earrings,Iron,Golden,,5.99,/232/52/209328_GD_1,209328_GD_1.jpg,none,,,,,,
209328_SV,209328,Earring SILVER D Silver,_SV,Silver,Jewellery,Earrings,Hoop Earrings,Iron,Golden,,5.99,/232/52/209328_SV_1,209328_SV_1.jpg,none,,,,,,
209333_GD,209333,Necklace GLDN DEL Gold,_GD,Gold,Jewellery,Necklaces,Y-Necklace,Brass; Zirconium,Golden,,12.99,/232/52/209333_GD_1,209333_GD_1.jpg,none,,,,,,
209333_SV,209333,Necklace SILVER D Silver,_SV,Silver,Jewellery,Necklaces,Y-Necklace,Brass; Zirconium,Golden,,12.99,/232/52/209333_SV_1,209333_SV_1.jpg,none,,,,,,
209340_PE,209340,Earring GLDN DEL Pearl,_PE,Pearl,Jewellery,Earrings,Hoop Earrings,Iron; Pearl,Golden,,12.99,/232/52/209340_PE_1,209340_PE_1.jpg,none,,,,,,
209346_PE,209346,Earring GLDN DEL Pearl,_PE,Pearl,Jewellery,Earrings,Dangle,Brass; Thermoplastic Polyurethane; Zinc,Golden,,15.99,/232/52/209346_PE_1,209346_PE_1.jpg,none,,,,,,
209423_GD,209423,Earring GOLDEN BASICS Gold,_GD,Gold,Jewellery,Earrings,Dangle,Iron,Brushed Golden,,5.99,/231/52/209423_GD_1,209423_GD_1.jpg,none,,,,,,
209473_GD,209473,Ring GLDN DEL Gold,_GD,Gold,Jewellery,Rings,Fantasy,Acrylic; Glass; Zinc,Golden,,6.99,/232/52/209473_GD_1,209473_GD_1.jpg,none,,,,,,
209473_SV,209473,Ring SILVER D Silver,_SV,Silver,Jewellery,Rings,Fantasy,Acrylic; Glass; Zinc,Golden,,6.99,/232/52/209473_SV_1,209473_SV_1.jpg,none,,,,,,
209650_PE,209650,Pin FASHION SUPPLEMENTS Pearl,_PE,Pearl,Jewellery,Pins,Flower,Acrylic; Brass; Zinc,Golden,,5.99,/232/52/209650_PE_1,209650_PE_1.jpg,none,,,,,,
209665_BM,209665,Mobile Holder FASHION SUPPLEMENTS Bright Multicolor,_BM,Bright Multicolor,Jewellery,Mobile Accessories,Mobile Holder,Polyester; Zinc,Other,,8.99,/232/52/209665_BM_1,209665_BM_1.jpg,none,,,,,,
209677_IV,209677,Pin FASHION SUPPLEMENTS Ivory,_IV,Ivory,Jewellery,Pins,Lady Brooche,Glass; Shell; Zinc,Golden,,5.99,/232/52/209677_IV_1,209677_IV_1.jpg,none,,,,,,
209683_BM,209683,Key Chain FASHION SUPPLEMENTS Bright Multicolor,_BM,Bright Multicolor,Jewellery,Key chains,Figures,Enamel; Iron; Zinc,Golden,,8.99,/232/52/209683_BM_1,209683_BM_1.jpg,none,,,,,,
209705_HM,209705,Key Chain FASHION SUPPLEMENTS Halftone Multicolor,_HM,Halftone Multicolor,Jewellery,Key chains,Figures,Cotton; Iron; Zinc,Other,,9.99,/232/52/209705_HM_1,209705_HM_1.jpg,none,,,,,,
209717_GD,209717,Pin FASHION SUPPLEMENTS Gold,_GD,Gold,Jewellery,Pins,Other Pins,Iron; Zinc,Golden,,5.99,/232/52/209717_GD_1,209717_GD_1.jpg,none,,,,,,
209725_BB,209725,Fan FASHION SUPPLEMENTS Bright Blue,_BB,Bright Blue,Jewellery,Other Jewellery,Fan,Bamboo; Iron; Polyester,Other,,12.99,/231/52/209725_BB_1,209725_BB_1.jpg,none,,,,,,
209725_BK,209725,Fan FASHION SUPPLEMENTS Black,_BK,Black,Jewellery,Other Jewellery,Fan,Bamboo; Iron; Polyester,Other,,12.99,/231/52/209725_BK_1,209725_BK_1.jpg,none,,,,,,
209725_BU,209725,Fan FASHION SUPPLEMENTS Burgundy,_BU,Burgundy,Jewellery,Other Jewellery,Fan,Bamboo; Iron; Polyester,Other,,12.99,/231/52/209725_BU_1,209725_BU_1.jpg,none,,,,,,
209753_BM,209753,Earring SPARKLING EARRINGS Bright Multicolor,_BM,Bright Multicolor,Jewellery,Earrings,Drop,Brass; Iron; Zirconium,Black Nikel,,27.99,/232/52/209753_BM_1,209753_BM_1.jpg,none,,,,,,
209772_LL,209772,Earring SPARKLING EARRINGS Lilac,_LL,Lilac,Jewellery,Earrings,Dangle,Brass; Zirconium,Black Nikel,,29.99,/232/52/209772_LL_1,209772_LL_1.jpg,none,,,,,,
210224_GD,210224,Bracelet GOLDEN BASICS Gold,_GD,Gold,Jewellery,Bracelets,Elastic Bracelet,Acrylic; Copper; Shell,Golden,,5.99,/232/52/210224_GD_1,210224_GD_1.jpg,none,,,,,,
210238_GD,210238,Earring GOLDEN BASICS Gold,_GD,Gold,Jewellery,Earrings,Dangle,Iron; Shell,Golden,,5.99,/232/52/210238_GD_1,210238_GD_1.jpg,none,,,,,,
210299_BM,210299,Bracelet DEGRADE Bright Multicolor,_BM,Bright Multicolor,Jewellery,Bracelets,Anklet,Copper; Glass; Iron; Zinc,Golden,,7.99,/232/52/210299_BM_1,210299_BM_1.jpg,none,,,,,,
210315_WT,210315,Earring DEGRADE White,_WT,White,Jewellery,Earrings,Hoop Earrings,Enamel; Iron,Golden,,5.99,/232/52/210315_WT_1,210315_WT_1.jpg,none,,,,,,
210322_BL,210322,Earring DEGRADE Blue,_BL,Blue,Jewellery,Earrings,Hoop Earrings,Enamel; Zinc,Golden,,7.99,/232/52/210322_BL_1,210322_BL_1.jpg,none,,,,,,
210322_BM,210322,Earring TROPICAL GEMS Bright Multicolor,_BM,Bright Multicolor,Jewellery,Earrings,Hoop Earrings,Enamel; Zinc,Golden,,7.99,/241/52/210322_BM_1,210322_BM_1.jpg,none,,,,,,
210325_BM,210325,Bracelet DEGRADE Bright Multicolor,_BM,Bright Multicolor,Jewellery,Bracelets,Anklet,Glass; Iron; Shell,Golden,,7.99,/232/52/210325_BM_1,210325_BM_1.jpg,none,,,,,,
210336_BM,210336,Earring DEGRADE Bright Multicolor,_BM,Bright Multicolor,Jewellery,Earrings,Dangle,Resin,Golden,,7.99,/232/52/210336_BM_1,210336_BM_1.jpg,none,,,,,,
210342_BM,210342,Bracelet DEGRADE Bright Multicolor,_BM,Bright Multicolor,Jewellery,Bracelets,Anklet,Iron,Golden,,7.99,/232/52/210342_BM_1,210342_BM_1.jpg,none,,,,,,
210434_BL,210434,Phone case FASHION SUPPLEMENTS Blue,_BL,Blue,Jewellery,Mobile Accessories,Mobile Cases,Iron; Polyester; Thermoplastic Polyurethane,Other,,9.99,/232/52/210434_BL_1,210434_BL_1.jpg,none,,,,,,
210434_FU,210434,Phone case FASHION SUPPLEMENTS Fuchsia,_FU,Fuchsia,Jewellery,Mobile Accessories,Mobile Cases,Iron; Polyester; Thermoplastic Polyurethane,Other,,9.99,/232/52/210434_FU_1,210434_FU_1.jpg,none,,,,,,
210434_LL,210434,Phone case FASHION SUPPLEMENTS Lilac,_LL,Lilac,Jewellery,Mobile Accessories,Mobile Cases,Iron; Polyester; Thermoplastic Polyurethane,Other,,9.99,/232/52/210434_LL_1,210434_LL_1.jpg,none,,,,,,
210434_OR,210434,Phone case FASHION SUPPLEMENTS Orange,_OR,Orange,Jewellery,Mobile Accessories,Mobile Cases,Iron; Polyester; Thermoplastic Polyurethane,Other,,9.99,/232/52/210434_OR_1,210434_OR_1.jpg,none,,,,,,
210434_TB,210434,Phone case FASHION SUPPLEMENTS Pastel Blue,_TB,Pastel Blue,Jewellery,Mobile Accessories,Mobile Cases,Iron; Polyester; Thermoplastic Polyurethane,Other,,9.99,/232/52/210434_TB_1,210434_TB_1.jpg,none,,,,,,
210441_BL,210441,Phone case FASHION SUPPLEMENTS Blue,_BL,Blue,Jewellery,Mobile Accessories,Mobile Cases,Iron; Polyester; Thermoplastic Polyurethane,Other,,9.99,/232/52/210441_BL_1,210441_BL_1.jpg,none,,,,,,
210441_FU,210441,Phone case FASHION SUPPLEMENTS Fuchsia,_FU,Fuchsia,Jewellery,Mobile Accessories,Mobile Cases,Iron; Polyester; Thermoplastic Polyurethane,Other,,9.99,/232/52/210441_FU_1,210441_FU_1.jpg,none,,,,,,
210441_LL,210441,Phone case FASHION SUPPLEMENTS Lilac,_LL,Lilac,Jewellery,Mobile Accessories,Mobile Cases,Iron; Polyester; Thermoplastic Polyurethane,Other,,9.99,/232/52/210441_LL_1,210441_LL_1.jpg,none,,,,,,
210441_OR,210441,Phone case FASHION SUPPLEMENTS Orange,_OR,Orange,Jewellery,Mobile Accessories,Mobile Cases,Iron; Polyester; Thermoplastic Polyurethane,Other,,9.99,/232/52/210441_OR_1,210441_OR_1.jpg,none,,,,,,
210441_TB,210441,Phone case FASHION SUPPLEMENTS Pastel Blue,_TB,Pastel Blue,Jewellery,Mobile Accessories,Mobile Cases,Iron; Polyester; Thermoplastic Polyurethane,Other,,9.99,/232/52/210441_TB_1,210441_TB_1.jpg,none,,,,,,
2104721BK,210472,Necklace PERMANENT - SUSPENDED FR Black,1BK,Black,Jewellery,Necklaces,Pendant,Brass; Nylon; Polyester; Thermoplastic Polyurethane,,,10.99,/231/52/2104721BK_1,2104721BK_1.jpg,none,,,,,,
210634_GD,210634,Earring FRANJAS Gold,_GD,Gold,Jewellery,Earrings,Ear Cuff,Brass,Golden,,15.99,/232/52/210634_GD_1,210634_GD_1.jpg,none,,,,,,
210642_GD,210642,Necklace FRESH WATER PEARL COLLEC Gold,_GD,Gold,Jewellery,Necklaces,Beaded Necklace,Pearl,Golden,,95.99,/232/52/210642_GD_1,210642_GD_1.jpg,none,,,,,,
210729_FU,210729,Earring DEGRADE Fuchsia,_FU,Fuchsia,Jewellery,Earrings,Dangle,Iron; Shell; Zinc,Golden,,8.99,/232/52/210729_FU_1,210729_FU_1.jpg,none,,,,,,
210740_HM,210740,Earring GLDN DEL Halftone Multicolor,_HM,Halftone Multicolor,Jewellery,Earrings,Hoop Earrings,Brass; Zirconium,Golden,,5.99,/232/52/210740_HM_1,210740_HM_1.jpg,none,,,,,,
210745_HM,210745,Necklace GLDN DEL Halftone Multicolor,_HM,Halftone Multicolor,Jewellery,Necklaces,Beaded Necklace,Brass; Iron; Zirconium,Golden,,10.99,/232/52/210745_HM_1,210745_HM_1.jpg,none,,,,,,
210751_HM,210751,Earring GLDN DEL Halftone Multicolor,_HM,Halftone Multicolor,Jewellery,Earrings,Hoop Earrings,Brass; Zirconium,Golden,,7.99,/232/52/210751_HM_1,210751_HM_1.jpg,none,,,,,,
210943_GD,210943,Earring LEAFS STORY Gold,_GD,Gold,Jewellery,Earrings,Dangle,Brass; Iron,Golden,,22.99,/232/52/210943_GD_1,210943_GD_1.jpg,none,,,,,,
210962_GD,210962,Necklace FRESH WATER PEARL COLLEC Gold,_GD,Gold,Jewellery,Necklaces,Beaded Necklace,Pearl; Zinc,Golden,,25.99,/232/52/210962_GD_1,210962_GD_1.jpg,none,,,,,,
210977_BM,210977,Necklace LAB JUNHO Bright Multicolor,_BM,Bright Multicolor,Jewellery,Necklaces,Beaded Necklace,Brass; Resin,Golden,,19.99,/232/52/210977_BM_1,210977_BM_1.jpg,none,,,,,,
211038_HM,211038,Earring COTTAGE BLUE Halftone Multicolor,_HM,Halftone Multicolor,Jewellery,Earrings,Hoop Earrings,Acrylic; Glass; Iron; Stone,Golden,,4.99,/232/52/211038_HM_1,211038_HM_1.jpg,none,,,,,,
2110481NV,211048,Ring COTTAGE BLUE Navy,1NV,Navy,Jewellery,Rings,Band Ring,Enamel; Zinc,Golden,,4.99,/232/52/2110481NV_1,2110481NV_1.jpg,none,,,,,,
211059_BM,211059,Earring COLOMBIA EARRINGS Bright Multicolor,_BM,Bright Multicolor,Jewellery,Earrings,Dangle,Glass; Iron; Polyester; Stainless Steel,Golden,,25.99,/232/52/211059_BM_1,211059_BM_1.jpg,none,,,,,,
211066_HM,211066,Earring COTTAGE BLUE Halftone Multicolor,_HM,Halftone Multicolor,Jewellery,Earrings,Hoop Earrings,Acrylic; Iron,Golden,,5.99,/232/52/211066_HM_1,211066_HM_1.jpg,none,,,,,,
211071_PM,211071,Earring COLOMBIA EARRINGS Pastel Multicolor,_PM,Pastel Multicolor,Jewellery,Earrings,Dangle,Brass; Enamel; Glass; Polyester,Golden,,22.99,/232/52/211071_PM_1,211071_PM_1.jpg,none,,,,,,
211078_HM,211078,Set of Earrings KISS54 Halftone Multicolor,_HM,Halftone Multicolor,Jewellery,Earrings,Hoop Earrings,Enamel; Zinc; Zirconium,Golden,,6.99,/232/52/211078_HM_1,211078_HM_1.jpg,none,,,,,,
211088_HM,211088,Set of Earrings KISS54 Halftone Multicolor,_HM,Halftone Multicolor,Jewellery,Earrings,Hoop Earrings,Brass; Enamel; Zirconium,Golden,,5.99,/232/52/211088_HM_1,211088_HM_1.jpg,none,,,,,,
211095_BL,211095,Earring COTTAGE BLUE Blue,_BL,Blue,Jewellery,Earrings,Stud,Stone; Zinc,Brushed Golden,,5.99,/232/52/211095_BL_2y,211095_BL_2y.jpg,none,,,,,,
211107_BL,211107,Earring COTTAGE BLUE Blue,_BL,Blue,Jewellery,Earrings,Dangle,Iron; Stone; Zinc,Brushed Golden,,7.99,/232/52/211107_BL_1,211107_BL_1.jpg,none,,,,,,
211107_HM,211107,Earring MONETT Halftone Multicolor,_HM,Halftone Multicolor,Jewellery,Earrings,Dangle,Iron; Stone; Zinc,Brushed Golden,,7.99,/242/52/211107_HM_1,211107_HM_1.jpg,none,,,,,,
211107_RD,211107,Earring EXPEDITION Red,_RD,Red,Jewellery,Earrings,Dangle,Iron; Stone; Zinc,Brushed Golden,,7.99,/232/52/211107_RD_1,211107_RD_1.jpg,none,,,,,,
211113_HM,211113,Bracelet COTTAGE BLUE Halftone Multicolor,_HM,Halftone Multicolor,Jewellery,Bracelets,Elastic Bracelet,Acrylic; Iron; Stone; Zamac,Brushed Golden,,6.99,/232/52/211113_HM_2y,211113_HM_2y.jpg,none,,,,,,
211121_HM,211121,Necklace COTTAGE BLUE Halftone Multicolor,_HM,Halftone Multicolor,Jewellery,Necklaces,Beaded Necklace,Acrylic; Brass; Thermoplastic Polyurethane,Brushed Golden,,10.99,/232/52/211121_HM_2y,211121_HM_2y.jpg,none,,,,,,
211139_HM,211139,Set of Bracelets COTTAGE BLUE Halftone Multicolor,_HM,Halftone Multicolor,Jewellery,Bracelets,Elastic Bracelet,Acrylic; Glass; Thermoplastic Polyurethane; Zinc,Brushed Golden,,7.99,/232/52/211139_HM_1,211139_HM_1.jpg,none,,,,,,
211148_EC,211148,Earring TREND Ecru,_EC,Ecru,Jewellery,Earrings,Clip with Post,Glass; Iron; Thermoplastic Polyurethane; Zinc,Golden,,12.99,/242/52/211148_EC_1y,211148_EC_1y.jpg,none,,,,,,
211148_PU,211148,Earring TREND Purple,_PU,Purple,Jewellery,Earrings,Clip with Post,Glass; Iron,Golden,,12.99,/241/52/211148_PU_1,211148_PU_1.jpg,none,,,,,,
211159_GD,211159,Earring KISS54 Gold,_GD,Gold,Jewellery,Earrings,Ear Cuff,Brass,Golden,,3.99,/232/52/211159_GD_1,211159_GD_1.jpg,none,,,,,,
211170_TK,211170,Set of Earrings KISS54 Pastel Pink,_TK,Pastel Pink,Jewellery,Earrings,Hoop Earrings,Brass; Stone; Zirconium,Rodhium,,5.99,/232/52/211170_TK_1,211170_TK_1.jpg,none,,,,,,
211176_GD,211176,Earring KISS54 Gold,_GD,Gold,Jewellery,Earrings,Ear Cuff,Brass; Enamel,Golden,,5.99,/232/52/211176_GD_1,211176_GD_1.jpg,none,,,,,,
211182_HM,211182,Set of Earrings KISS54 Halftone Multicolor,_HM,Halftone Multicolor,Jewellery,Earrings,Hoop Earrings,Brass; Enamel; Zinc; Zirconium,Rodhium,,5.99,/232/52/211182_HM_1,211182_HM_1.jpg,none,,,,,,
211190_GD,211190,Set of Earrings KISS54 Gold,_GD,Gold,Jewellery,Earrings,Hoop Earrings,Brass; Zirconium,Golden,,5.99,/232/52/211190_GD_1,211190_GD_1.jpg,none,,,,,,
211195_HM,211195,Set of Earrings KISS54 Halftone Multicolor,_HM,Halftone Multicolor,Jewellery,Earrings,Hoop Earrings,Brass; Zinc,Golden,,6.99,/232/52/211195_HM_1,211195_HM_1.jpg,none,,,,,,
211201_HM,211201,Set of Earrings KISS54 Halftone Multicolor,_HM,Halftone Multicolor,Jewellery,Earrings,Hoop Earrings,Brass; Zirconium,Rodhium,,6.99,/232/52/211201_HM_1,211201_HM_1.jpg,none,,,,,,
211224_HM,211224,Set of Earrings KISS54 Halftone Multicolor,_HM,Halftone Multicolor,Jewellery,Earrings,Hoop Earrings,Brass; Stone; Zinc; Zirconium,Golden,,8.99,/232/52/211224_HM_1,211224_HM_1.jpg,none,,,,,,
211248_HM,211248,Necklace KISS54 Halftone Multicolor,_HM,Halftone Multicolor,Jewellery,Necklaces,Beaded Necklace,Brass; Glass; Stone; Thermoplastic Polyurethane; Zinc; Zirconium,Golden,,12.99,/232/52/211248_HM_1,211248_HM_1.jpg,none,,,,,,
211254_HM,211254,Set of Earrings KISS54 Halftone Multicolor,_HM,Halftone Multicolor,Jewellery,Earrings,Hoop Earrings,Brass; Iron; Zinc; Zirconium,Golden,,7.99,/232/52/211254_HM_1,211254_HM_1.jpg,none,,,,,,
211260_HM,211260,Set of Earrings KISS54 Halftone Multicolor,_HM,Halftone Multicolor,Jewellery,Earrings,Hoop Earrings,Brass; Zinc; Zirconium,Golden,,6.99,/232/52/211260_HM_1,211260_HM_1.jpg,none,,,,,,
211269_GD,211269,Earring KISS54 Gold,_GD,Gold,Jewellery,Earrings,Ear Cuff,Brass,Golden,,4.99,/232/52/211269_GD_1,211269_GD_1.jpg,none,,,,,,
211275_GD,211275,Set of Earrings KISS54 Gold,_GD,Gold,Jewellery,Earrings,Stud,Brass; Zirconium,Golden,,5.99,/232/52/211275_GD_1,211275_GD_1.jpg,none,,,,,,
211324_GD,211324,Earring GLDN DEL Gold,_GD,Gold,Jewellery,Earrings,Stud,Brass; Zirconium,Golden,,9.99,/232/52/211324_GD_1,211324_GD_1.jpg,none,,,,,,
211408_WT,211408,Earring GOLDEN BASICS White,_WT,White,Jewellery,Earrings,Hoop Earrings,Iron; Resin; Shell,Golden,,7.99,/232/52/211408_WT_1,211408_WT_1.jpg,none,,,,,,
211437_BM,211437,Key Chain FASHION SUPPLEMENTS Bright Multicolor,_BM,Bright Multicolor,Jewellery,Key chains,Charms,Acrylic; Iron; Shell; Zinc,Golden,,12.99,/232/52/211437_BM_1,211437_BM_1.jpg,none,,,,,,
211444_OR,211444,Jewellery FASHION SUPPLEMENTS Orange,_OR,Orange,Jewellery,Cigarette Box,Regular,Thermoplastic Polyurethane,Other,,5.99,/232/52/211444_OR_1,211444_OR_1.jpg,none,,,,,,
211462_BM,211462,Sunglass Holder FASHION SUPPLEMENTS Bright Multicolor,_BM,Bright Multicolor,Jewellery,Other Jewellery,Sunglass Holder,Enamel; Iron; Thermoplastic Polyurethane,Golden,,6.99,/232/52/211462_BM_1,211462_BM_1.jpg,none,,,,,,
211614_GD,211614,Ring GOLDEN BASICS Gold,_GD,Gold,Jewellery,Rings,Band Ring,Zinc,Golden,,6.99,/232/52/211614_GD_1,211614_GD_1.jpg,none,,,,,,
211623_GD,211623,Necklace GOLDEN BASICS Gold,_GD,Gold,Jewellery,Necklaces,Beaded Necklace,Brass; Iron,Brushed Golden,,10.99,/232/52/211623_GD_1,211623_GD_1.jpg,none,,,,,,
211630_GD,211630,Ring Golden Basics Gold,_GD,Gold,Jewellery,Rings,Band Ring,Zinc,Brushed Golden,,6.99,/232/52/211630_GD_1,211630_GD_1.jpg,none,,,,,,
211637_GD,211637,Earring GOLDEN BASICS Gold,_GD,Gold,Jewellery,Earrings,Hoop Earrings,Zinc,Golden,,5.99,/232/52/211637_GD_1,211637_GD_1.jpg,none,,,,,,
211638_GD,211638,Bracelet Golden Basics Gold,_GD,Gold,Jewellery,Bracelets,Elastic Bracelet,Thermoplastic Polyurethane; Zinc,Golden,,7.99,/232/52/211638_GD_1,211638_GD_1.jpg,none,,,,,,
211638_SV,211638,Bracelet SHADES OF COOL Silver,_SV,Silver,Jewellery,Bracelets,Elastic Bracelet,Zinc,Rodhium,,7.99,/232/52/211638_SV_1,211638_SV_1.jpg,none,,,,,,
211648_GD,211648,Necklace GOLDEN BASICS Gold,_GD,Gold,Jewellery,Necklaces,Chain,Brass; Iron; Zinc,Golden,,10.99,/232/52/211648_GD_1,211648_GD_1.jpg,none,,,,,,
211670_DM,211670,Bracelet FLORABUNDANCE Dark Multicolor,_DM,Dark Multicolor,Jewellery,Bracelets,Non-Adjustable Bracelet,Brass; Iron; Resin; Zinc,Golden,,5.99,/232/52/211670_DM_1,211670_DM_1.jpg,none,,,,,,
211676_DM,211676,Earring FLORABUNDANCE Dark Multicolor,_DM,Dark Multicolor,Jewellery,Earrings,Dangle,Enamel; Zinc,Golden,,5.99,/232/52/211676_DM_1,211676_DM_1.jpg,none,,,,,,
211683_DM,211683,Necklace FLORABUNDANCE Dark Multicolor,_DM,Dark Multicolor,Jewellery,Necklaces,Beaded Necklace,Acrylic; Brass; Resin; Thermoplastic Polyurethane,Golden,,12.99,/232/52/211683_DM_1,211683_DM_1.jpg,none,,,,,,
211716_DM,211716,Necklace FLORABUNDANCE Dark Multicolor,_DM,Dark Multicolor,Jewellery,Necklaces,Bib Necklace,Acrylic; Iron,Golden,,15.99,/232/52/211716_DM_1,211716_DM_1.jpg,none,,,,,,
211724_DM,211724,Earring FLORABUNDANCE Dark Multicolor,_DM,Dark Multicolor,Jewellery,Earrings,Hoop Earrings,Iron; Thermoplastic Polyurethane,Worn Gold,,5.99,/232/52/211724_DM_1,211724_DM_1.jpg,none,,,,,,
211735_PK,211735,Ring FLORABUNDANCE Pink,_PK,Pink,Jewellery,Rings,Fantasy,Enamel; Glass; Zinc,Other,,5.99,/232/52/211735_PK_1,211735_PK_1.jpg,none,,,,,,
211737_TQ,211737,Ring FLORABUNDANCE Turquoise,_TQ,Turquoise,Jewellery,Rings,Fantasy,Glass; Zinc,Worn Gold,,5.99,/232/52/211737_TQ_1,211737_TQ_1.jpg,none,,,,,,
211756_BL,211756,Earring FLORABUNDANCE Blue,_BL,Blue,Jewellery,Earrings,Stud,Thermoplastic Polyurethane; Zinc,Golden,,4.99,/232/52/211756_BL_1,211756_BL_1.jpg,none,,,,,,
211764_GN,211764,Earring FLORABUNDANCE Green,_GN,Green,Jewellery,Earrings,Dangle,Iron; Thermoplastic Polyurethane; Zinc,Worn Gold,,5.99,/232/52/211764_GN_1,211764_GN_1.jpg,none,,,,,,
211771_WT,211771,Necklace FLORABUNDANCE White,_WT,White,Jewellery,Necklaces,Bib Necklace,Iron; Resin; Thermoplastic Polyurethane,Golden,,15.99,/232/52/211771_WT_1,211771_WT_1.jpg,none,,,,,,
211783_GD,211783,Bracelet GLDN DEL Gold,_GD,Gold,Jewellery,Bracelets,Adjustable Bracelet,Brass; Iron; Zirconium,Golden,,7.99,/232/52/211783_GD_1,211783_GD_1.jpg,none,,,,,,
211783_SV,211783,Bracelet SILVER D Silver,_SV,Silver,Jewellery,Bracelets,Adjustable Bracelet,Brass; Iron; Zirconium,Golden,,7.99,/232/52/211783_SV_1,211783_SV_1.jpg,none,,,,,,
211869_GD,211869,Ring GLDN DEL Gold,_GD,Gold,Jewellery,Rings,Cocktail,Acrylic; Brass; Zirconium,Golden,,5.99,/232/52/211869_GD_1,211869_GD_1.jpg,none,,,,,,
211869_SV,211869,Ring SILVER D Silver,_SV,Silver,Jewellery,Rings,Cocktail,Acrylic; Brass; Zirconium,Golden,,5.99,/232/52/211869_SV_1,211869_SV_1.jpg,none,,,,,,
211878_SV,211878,Earring SILVER D Silver,_SV,Silver,Jewellery,Earrings,Hoop Earrings,Iron,Rodhium,,5.99,/232/52/211878_SV_1,211878_SV_1.jpg,none,,,,,,
211894_PM,211894,Necklace TREND Pastel Multicolor,_PM,Pastel Multicolor,Jewellery,Necklaces,Collar,Glass; Iron; Pearl; Zinc,Golden,,22.99,/232/52/211894_PM_1,211894_PM_1.jpg,none,,,,,,
211902_PE,211902,Earring TREND Pearl,_PE,Pearl,Jewellery,Earrings,Stud,Acrylic; Zinc,Scratched Gold,,9.99,/232/52/211902_PE_1,211902_PE_1.jpg,none,,,,,,
211907_GD,211907,Earring TREND Gold,_GD,Gold,Jewellery,Earrings,Dangle,Iron; Zinc,Worn Gold,,9.99,/232/52/211907_GD_1,211907_GD_1.jpg,none,,,,,,
211917_GD,211917,Earring TREND Gold,_GD,Gold,Jewellery,Earrings,Stud,Iron; Zinc,Golden,,9.99,/232/52/211917_GD_1,211917_GD_1.jpg,none,,,,,,
211927_HM,211927,Earring TREND Halftone Multicolor,_HM,Halftone Multicolor,Jewellery,Earrings,Hoop Earrings,Glass; Iron,Golden,,9.99,/232/52/211927_HM_1,211927_HM_1.jpg,none,,,,,,
211933_GD,211933,Earring TREND Gold,_GD,Gold,Jewellery,Earrings,Stud,Iron,Golden,,9.99,/232/52/211933_GD_1,211933_GD_1.jpg,none,,,,,,
211941_IV,211941,Earring TREND Ivory,_IV,Ivory,Jewellery,Earrings,Dangle,Iron; Shell; Zinc,Golden,,9.99,/232/52/211941_IV_1,211941_IV_1.jpg,none,,,,,,
211954_HM,211954,Necklace BHLOTUS Halftone Multicolor,_HM,Halftone Multicolor,Jewellery,Necklaces,Pendant,Iron; Stone; Thermoplastic Polyurethane; Zinc,Brushed Golden,,12.99,/232/52/211954_HM_1,211954_HM_1.jpg,none,,,,,,
211959_TL,211959,Earring TREND Teal,_TL,Teal,Jewellery,Earrings,Stud,Iron; Pearl,Golden,,7.99,/232/52/211959_TL_1,211959_TL_1.jpg,none,,,,,,
211964_CL,211964,Ring BHLOTUS Coral,_CL,Coral,Jewellery,Rings,Band Ring,Stone; Zinc,Golden,,4.99,/232/52/211964_CL_1,211964_CL_1.jpg,none,,,,,,
211970_HM,211970,Set of Earrings BHLOTUS Halftone Multicolor,_HM,Halftone Multicolor,Jewellery,Earrings,Hoop Earrings,Brass; Iron; Zinc,Golden,,9.99,/232/52/211970_HM_1,211970_HM_1.jpg,none,,,,,,
2119710HM,211971,Earring VENDREDI Halftone Multicolor,0HM,Halftone Multicolor,Jewellery,Earrings,Dangle,Acrylic; Brass; Iron,,,9.99,/241/52/2119710HM_1,2119710HM_1.jpg,none,,,,,,
211971_HM,211971,Earring BHLOTUS Halftone Multicolor,_HM,Halftone Multicolor,Jewellery,Earrings,Dangle,Brass; Iron; Resin; Stone,Brushed Golden,,9.99,/232/52/211971_HM_1,211971_HM_1.jpg,none,,,,,,
211976_HM,211976,Set of Necklaces BHLOTUS Halftone Multicolor,_HM,Halftone Multicolor,Jewellery,Necklaces,Pendant,Acrylic; Brass; Cotton; Iron; Thermoplastic Polyurethane,Golden,,12.99,/232/52/211976_HM_1,211976_HM_1.jpg,none,,,,,,
211981_HM,211981,Earring BHLOTUS Halftone Multicolor,_HM,Halftone Multicolor,Jewellery,Earrings,Hoop Earrings,Acrylic; Zinc,Golden,,7.99,/232/52/211981_HM_1,211981_HM_1.jpg,none,,,,,,
211987_HM,211987,Earring BHLOTUS Halftone Multicolor,_HM,Halftone Multicolor,Jewellery,Earrings,Stud,Acrylic; Iron,Golden,,5.99,/232/52/211987_HM_1,211987_HM_1.jpg,none,,,,,,
211995_HM,211995,Earring BHLOTUS Halftone Multicolor,_HM,Halftone Multicolor,Jewellery,Earrings,Hoop Earrings,Iron; Resin; Stone; Thermoplastic Polyurethane,Brushed Golden,,5.99,/232/52/211995_HM_1,211995_HM_1.jpg,none,,,,,,
212000_HM,212000,Necklace BHLOTUS Halftone Multicolor,_HM,Halftone Multicolor,Jewellery,Necklaces,Beaded Necklace,Iron; Resin; Stone; Thermoplastic Polyurethane,Golden,,10.99,/232/52/212000_HM_1,212000_HM_1.jpg,none,,,,,,
212006_GN,212006,Ring BHLOTUS Green,_GN,Green,Jewellery,Rings,Band Ring,Resin; Zinc,Golden,,4.99,/232/52/212006_GN_1,212006_GN_1.jpg,none,,,,,,
212015_GD,212015,Ring GLDN DEL Gold,_GD,Gold,Jewellery,Rings,Band Ring,Brass; Zirconium,Golden,,5.99,/232/52/212015_GD_1,212015_GD_1.jpg,none,,,,,,
212015_SV,212015,Ring SILVER D Silver,_SV,Silver,Jewellery,Rings,Band Ring,Brass; Zirconium,Golden,,5.99,/232/52/212015_SV_1,212015_SV_1.jpg,none,,,,,,
212016_PE,212016,Earring GLDN DEL Pearl,_PE,Pearl,Jewellery,Earrings,Dangle,Acrylic; Brass; Iron; Zinc,Golden,,12.99,/232/52/212016_PE_1,212016_PE_1.jpg,none,,,,,,
212025_GD,212025,Earring GLDN DEL Gold,_GD,Gold,Jewellery,Earrings,Hoop Earrings,Zinc,Golden,,5.99,/231/52/212025_GD_1,212025_GD_1.jpg,none,,,,,,
212086_PH,212086,Earring DEGRADE Peach,_PH,Peach,Jewellery,Earrings,Hoop Earrings,Glass; Zinc,Golden,,7.99,/232/52/212086_PH_1,212086_PH_1.jpg,none,,,,,,
212242_BM,212242,Earring GUARANI VIBES Bright Multicolor,_BM,Bright Multicolor,Jewellery,Earrings,Hoop Earrings,Acrylic; Iron,Golden,,5.99,/232/52/212242_BM_1,212242_BM_1.jpg,none,,,,,,
212248_BM,212248,Necklace GUARANI VIBES Bright Multicolor,_BM,Bright Multicolor,Jewellery,Necklaces,Pendant,Acrylic; Iron,Brushed Golden,,10.99,/232/52/212248_BM_1,212248_BM_1.jpg,none,,,,,,
212255_BM,212255,Necklace GUARANI VIBES Bright Multicolor,_BM,Bright Multicolor,Jewellery,Necklaces,Pendant,Iron; Resin; Stone; Zinc,Brushed Golden,,10.99,/232/52/212255_BM_1,212255_BM_1.jpg,none,,,,,,
212266_BM,212266,Earring GUARANI VIBES Bright Multicolor,_BM,Bright Multicolor,Jewellery,Earrings,Dangle,Steel; Thermoplastic Polyurethane; Zinc,Brushed Golden,,7.99,/232/52/212266_BM_1,212266_BM_1.jpg,none,,,,,,
212280_BM,212280,Bracelet GUARANI VIBES Bright Multicolor,_BM,Bright Multicolor,Jewellery,Bracelets,Elastic Bracelet,Enamel; Thermoplastic Polyurethane; Zinc,Brushed Golden,,5.99,/232/52/212280_BM_1,212280_BM_1.jpg,none,,,,,,
212284_BM,212284,Earring GUARANI VIBES Bright Multicolor,_BM,Bright Multicolor,Jewellery,Earrings,Stud,Resin; Zinc,Golden,,5.99,/232/52/212284_BM_1,212284_BM_1.jpg,none,,,,,,
212284_MI,212284,Earring Moonlight azure Midnight Blue,_MI,Midnight Blue,Jewellery,Earrings,Stud,Resin; Zinc,Golden,,5.99,/232/52/212284_MI_1,212284_MI_1.jpg,none,,,,,,
212292_BM,212292,Set of Necklaces GUARANI VIBES Bright Multicolor,_BM,Bright Multicolor,Jewellery,Necklaces,Pendant,Acrylic; Glass; Iron; Polyester; Resin; Rubber,Brushed Golden,,12.99,/232/52/212292_BM_2y,212292_BM_2y.jpg,none,,,,,,
212298_BM,212298,Earring GUARANI VIBES Bright Multicolor,_BM,Bright Multicolor,Jewellery,Earrings,Hoop Earrings,Enamel; Iron,Golden,,5.99,/232/52/212298_BM_1,212298_BM_1.jpg,none,,,,,,
212310_PE,212310,Ring GUARANI VIBES Pearl,_PE,Pearl,Jewellery,Rings,Fantasy,Acrylic; Zinc,Golden,,5.99,/232/52/212310_PE_1,212310_PE_1.jpg,none,,,,,,
212316_BM,212316,Earring GUARANI VIBES Bright Multicolor,_BM,Bright Multicolor,Jewellery,Earrings,Dangle,Acrylic; Iron; Pearl,Brushed Golden,,8.99,/232/52/212316_BM_1,212316_BM_1.jpg,none,,,,,,
212324_TO,212324,Ring GUARANI VIBES Pastel Orange,_TO,Pastel Orange,Jewellery,Rings,Fantasy,Enamel; Zinc,Brushed Golden,,4.99,/232/52/212324_TO_1,212324_TO_1.jpg,none,,,,,,
212393_GD,212393,Necklace GOLD PLATED COLLECTION Gold,_GD,Gold,Jewellery,Necklaces,Pendant,Brass,Gold Plated,,45.99,/232/52/212393_GD_1,212393_GD_1.jpg,none,,,,,,
212400_GD,212400,Earring GOLD PLATED COLLECTION Gold,_GD,Gold,Jewellery,Earrings,Dangle,Brass,Gold Plated,,23.99,/232/52/212400_GD_2y,212400_GD_2y.jpg,none,,,,,,
212415_BM,212415,Earring SPARKLING EARRINGS Bright Multicolor,_BM,Bright Multicolor,Jewellery,Earrings,Dangle,Brass; Zirconium,Black Nikel,,32.99,/232/52/212415_BM_1,212415_BM_1.jpg,none,,,,,,
212436_HM,212436,Earring ORPHIC Halftone Multicolor,_HM,Halftone Multicolor,Jewellery,Earrings,Dangle,Brass; Iron; Resin; Thermoplastic Polyurethane,Golden,,5.99,/232/52/212436_HM_1,212436_HM_1.jpg,none,,,,,,
212443_PP,212443,Earring ORPHIC Papaya,_PP,Papaya,Jewellery,Earrings,Stud,Resin; Zinc,Brushed Golden,,5.99,/232/52/212443_PP_1,212443_PP_1.jpg,none,,,,,,
212493_HM,212493,Necklace ORPHIC Halftone Multicolor,_HM,Halftone Multicolor,Jewellery,Necklaces,Beaded Necklace,Acrylic; Glass; Iron; Resin; Stone,Golden,,10.99,/232/52/212493_HM_1,212493_HM_1.jpg,none,,,,,,
212511_HM,212511,Necklace ORPHIC Halftone Multicolor,_HM,Halftone Multicolor,Jewellery,Necklaces,Pendant,Brass; Iron; Metal and Plastic; Resin; Stone,Golden,,12.99,/232/52/212511_HM_1,212511_HM_1.jpg,none,,,,,,
212522_HM,212522,Earring EXPEDITION Halftone Multicolor,_HM,Halftone Multicolor,Jewellery,Earrings,Hoop Earrings,Iron; Resin,Golden,,7.99,/232/52/212522_HM_1,212522_HM_1.jpg,none,,,,,,
212530_BM,212530,Set of Earrings EXPEDITION Bright Multicolor,_BM,Bright Multicolor,Jewellery,Earrings,Hoop Earrings,Zinc,Golden,,8.99,/232/52/212530_BM_1,212530_BM_1.jpg,none,,,,,,
212551_DN,212551,Earring EXPEDITION Dark Green,_DN,Dark Green,Jewellery,Earrings,Dangle,Acrylic; Iron; Stone; Thermoplastic Polyurethane; Zinc,Worn Gold,,5.99,/232/52/212551_DN_1,212551_DN_1.jpg,none,,,,,,
212557_RD,212557,Earring EXPEDITION Red,_RD,Red,Jewellery,Earrings,Hoop Earrings,Glass; Zinc,Golden,,5.99,/232/52/212557_RD_1,212557_RD_1.jpg,none,,,,,,
212564_HM,212564,Necklace EXPEDITION Halftone Multicolor,_HM,Halftone Multicolor,Jewellery,Necklaces,Beaded Necklace,Iron; Thermoplastic Polyurethane; Zinc,Worn Gold,,12.99,/232/52/212564_HM_1,212564_HM_1.jpg,none,,,,,,
212575_HM,212575,Earring EXPEDITION Halftone Multicolor,_HM,Halftone Multicolor,Jewellery,Earrings,Hoop Earrings,Acrylic; Resin; Rubber; Stone,Golden,,8.99,/232/52/212575_HM_1,212575_HM_1.jpg,none,,,,,,
212588_HM,212588,Earring EXPEDITION Halftone Multicolor,_HM,Halftone Multicolor,Jewellery,Earrings,Dangle,Iron; Resin,Worn Gold,,5.99,/232/52/212588_HM_1,212588_HM_1.jpg,none,,,,,,
212596_PU,212596,Necklace FLOWER BEADS Purple,_PU,Purple,Jewellery,Necklaces,Beaded Necklace,Glass; Iron; Zinc,Golden,,39.99,/232/52/212596_PU_1,212596_PU_1.jpg,none,,,,,,
212597_PU,212597,Earring FLOWER BEADS Purple,_PU,Purple,Jewellery,Earrings,Drop,Glass; Iron; Zinc,Golden,,25.99,/232/52/212597_PU_1,212597_PU_1.jpg,none,,,,,,
212597_YL,212597,Earring FLOWER BEADS Yellow,_YL,Yellow,Jewellery,Earrings,Drop,Glass; Iron; Zinc,Golden,,25.99,/232/52/212597_YL_1,212597_YL_1.jpg,none,,,,,,
212610_BM,212610,Earring THE COUPLE Bright Multicolor,_BM,Bright Multicolor,Jewellery,Earrings,Hoop Earrings,Glass; Steel,Golden,,15.99,/232/52/212610_BM_1,212610_BM_1.jpg,none,,,,,,
212662_GD,212662,Earring GOLDEN BASICS Gold,_GD,Gold,Jewellery,Earrings,Stud,Zinc,Golden,,8.99,/232/52/212662_GD_1,212662_GD_1.jpg,none,,,,,,
212669_GD,212669,Earring GOLDEN BASICS Gold,_GD,Gold,Jewellery,Earrings,Stud,Stainless Steel; Zinc,Golden,,8.99,/232/52/212669_GD_1,212669_GD_1.jpg,none,,,,,,
212675_GD,212675,Earring Golden Basics Gold,_GD,Gold,Jewellery,Earrings,Stud,Zinc,Golden,,5.99,/232/52/212675_GD_1,212675_GD_1.jpg,none,,,,,,
212675_KK,212675,Earring FLEURSDUMER Khaki,_KK,Khaki,Jewellery,Earrings,Stud,Enamel; Zinc,Golden,,5.99,/241/52/212675_KK_1,212675_KK_1.jpg,none,,,,,,
212675_SV,212675,Earring SHADES OF COOL Silver,_SV,Silver,Jewellery,Earrings,Stud,Zinc,Rodhium,,5.99,/241/52/212675_SV_1,212675_SV_1.jpg,none,,,,,,
212684_HM,212684,Necklace ORPHIC Halftone Multicolor,_HM,Halftone Multicolor,Jewellery,Necklaces,Beaded Necklace,Acrylic; Brass; Stone; Thermoplastic Polyurethane,Golden,,10.99,/232/52/212684_HM_1,212684_HM_1.jpg,none,,,,,,
212689_HM,212689,Earring ORPHIC Halftone Multicolor,_HM,Halftone Multicolor,Jewellery,Earrings,Dangle,Acrylic; Iron,Golden,,9.99,/232/52/212689_HM_1,212689_HM_1.jpg,none,,,,,,
212718_HM,212718,Earring ORPHIC Halftone Multicolor,_HM,Halftone Multicolor,Jewellery,Earrings,Dangle,Brass; Iron; Resin; Stone; Zinc,Brushed Golden,,7.99,/232/52/212718_HM_1,212718_HM_1.jpg,none,,,,,,
212825_BL,212825,Bracelet COTTAGE BLUE Blue,_BL,Blue,Jewellery,Bracelets,Elastic Bracelet,Acrylic; Stone; Thermoplastic Polyurethane,Golden,,7.99,/232/52/212825_BL_1,212825_BL_1.jpg,none,,,,,,
212832_SV,212832,Earring SILVER D Silver,_SV,Silver,Jewellery,Earrings,Dangle,Brass; Glass; Steel,Rodhium,,7.99,/232/52/212832_SV_1,212832_SV_1.jpg,none,,,,,,
212847_GD,212847,Earring GLDN DEL Gold,_GD,Gold,Jewellery,Earrings,Stud,Acrylic; Zinc,Golden,,4.99,/232/52/212847_GD_1,212847_GD_1.jpg,none,,,,,,
212847_SV,212847,Earring SILVER D Silver,_SV,Silver,Jewellery,Earrings,Stud,Acrylic; Zinc,Golden,,4.99,/232/52/212847_SV_1,212847_SV_1.jpg,none,,,,,,
212851_HM,212851,Earring GLDN DEL Halftone Multicolor,_HM,Halftone Multicolor,Jewellery,Earrings,Hoop Earrings,Brass; Zirconium,Golden,,7.99,/232/52/212851_HM_1,212851_HM_1.jpg,none,,,,,,
212860_GN,212860,Ring mulstone Green,_GN,Green,Jewellery,Rings,Band Ring,Glass; Stone; Zinc,Golden,,6.99,/232/52/212860_GN_1,212860_GN_1.jpg,none,,,,,,
212941_BK,212941,Necklace ECLIPSE Black,_BK,Black,Jewellery,Necklaces,Beaded Necklace,Acrylic; Iron; Resin; Zinc,Burnish Golden,,10.99,/232/52/212941_BK_1,212941_BK_1.jpg,none,,,,,,
212947_LK,212947,Ring mulstone Light Pink,_LK,Light Pink,Jewellery,Rings,Cocktail,Stone; Zinc,Golden,,6.99,/232/52/212947_LK_1,212947_LK_1.jpg,none,,,,,,
212953_HM,212953,Bracelet mulstone Halftone Multicolor,_HM,Halftone Multicolor,Jewellery,Bracelets,Elastic Bracelet,Acrylic; Glass; Pearl; Resin; Stone; Thermoplastic Polyurethane,Golden,,7.99,/232/52/212953_HM_1,212953_HM_1.jpg,none,,,,,,
212963_BK,212963,Set of Necklaces ECLIPSE Black,_BK,Black,Jewellery,Necklaces,Pendant,Acrylic; Brass; Enamel; Glass; Zinc,Golden,,15.99,/232/52/212963_BK_1,212963_BK_1.jpg,none,,,,,,
212970_MI,212970,Ring mulstone Midnight Blue,_MI,Midnight Blue,Jewellery,Rings,Fantasy,Enamel; Glass; Zinc,Golden,,4.99,/232/52/212970_MI_1,212970_MI_1.jpg,none,,,,,,
212979_HM,212979,Earring mulstone Halftone Multicolor,_HM,Halftone Multicolor,Jewellery,Earrings,Dangle,Acrylic; Iron; Resin; Zinc,Brushed Golden,,5.99,/232/52/212979_HM_1,212979_HM_1.jpg,none,,,,,,
212986_HM,212986,Necklace mulstone Halftone Multicolor,_HM,Halftone Multicolor,Jewellery,Necklaces,Pendant,Acrylic; Glass; Iron; Pearl; Resin; Stone; Zinc,Golden,,10.99,/232/52/212986_HM_1,212986_HM_1.jpg,none,,,,,,
212992_HM,212992,Necklace mulstone Halftone Multicolor,_HM,Halftone Multicolor,Jewellery,Necklaces,Pendant,Acrylic; Iron; Stone; Thermoplastic Polyurethane; Zinc,Golden,,12.99,/232/52/212992_HM_1,212992_HM_1.jpg,none,,,,,,
212997_GD,212997,Necklace GOLDEN BASICS Gold,_GD,Gold,Jewellery,Necklaces,Pendant,Acrylic; Copper; Iron; Zamac,Golden,,10.99,/232/52/212997_GD_1,212997_GD_1.jpg,none,,,,,,
212997_GN,212997,Necklace FLEURSDUMER Green,_GN,Green,Jewellery,Necklaces,Pendant,Copper; Iron; Stone; Zamac,,,10.99,/232/52/212997_GN_1,212997_GN_1.jpg,none,,,,,,
212997_ID,212997,Necklace NILE Indigo Dye,_ID,Indigo Dye,Jewellery,Necklaces,Pendant,Copper; Iron; Stone; Zamac,,,10.99,/241/52/212997_ID_1,212997_ID_1.jpg,none,,,,,,
212997_MI,212997,Necklace mulstone Midnight Blue,_MI,Midnight Blue,Jewellery,Necklaces,Pendant,Copper; Iron; Stone; Zamac,Golden,,10.99,/232/52/212997_MI_1,212997_MI_1.jpg,none,,,,,,
212997_PU,212997,Necklace mulstone Purple,_PU,Purple,Jewellery,Necklaces,Pendant,Copper; Iron; Stone; Zamac,Golden,,10.99,/232/52/212997_PU_1,212997_PU_1.jpg,none,,,,,,
212997_TQ,212997,Necklace mulstone Turquoise,_TQ,Turquoise,Jewellery,Necklaces,Pendant,Copper; Iron; Stone; Zamac,Golden,,10.99,/232/52/212997_TQ_1,212997_TQ_1.jpg,none,,,,,,
212999_HM,212999,Set of Earrings mulstone Halftone Multicolor,_HM,Halftone Multicolor,Jewellery,Earrings,Stud,Acrylic; Iron; Stone; Zinc,Golden,,9.99,/232/52/212999_HM_1,212999_HM_1.jpg,none,,,,,,
213005_HM,213005,Earring mulstone Halftone Multicolor,_HM,Halftone Multicolor,Jewellery,Earrings,Drop,Glass; Resin; Zinc,Golden,,8.99,/232/52/213005_HM_1,213005_HM_1.jpg,none,,,,,,
213012_HM,213012,Bracelet mulstone Halftone Multicolor,_HM,Halftone Multicolor,Jewellery,Bracelets,Non-Adjustable Bracelet,Acrylic; Glass; Iron; Pearl; Resin; Stone; Zinc,Golden,,7.99,/232/52/213012_HM_1,213012_HM_1.jpg,none,,,,,,
213071_BK,213071,Necklace ECLIPSE Black,_BK,Black,Jewellery,Necklaces,Beaded Necklace,Glass; Zinc,Golden,,10.99,/232/52/213071_BK_1,213071_BK_1.jpg,none,,,,,,
213077_BK,213077,Earring ECLIPSE Black,_BK,Black,Jewellery,Earrings,Dangle,Enamel; Iron,Golden,,5.99,/232/52/213077_BK_1,213077_BK_1.jpg,none,,,,,,
213083_BK,213083,Necklace ECLIPSE Black,_BK,Black,Jewellery,Necklaces,Chain,Brass; Glass; Iron,Golden,,12.99,/232/52/213083_BK_1,213083_BK_1.jpg,none,,,,,,
213094_BK,213094,Ring ECLIPSE Black,_BK,Black,Jewellery,Rings,Stone/Gem,Glass; Zinc,Golden,,5.99,/232/52/213094_BK_1,213094_BK_1.jpg,none,,,,,,
213102_BK,213102,Earring ECLIPSE Black,_BK,Black,Jewellery,Earrings,Hoop Earrings,Resin; Zinc,Golden,,4.99,/232/52/213102_BK_1,213102_BK_1.jpg,none,,,,,,
213111_BK,213111,Earring ECLIPSE Black,_BK,Black,Jewellery,Earrings,Hoop Earrings,Glass; Zinc,Golden,,5.99,/232/52/213111_BK_1,213111_BK_1.jpg,none,,,,,,
213130_BK,213130,Set of Earrings ECLIPSE Black,_BK,Black,Jewellery,Earrings,Stud,Brass; Glass; Zinc; Zirconium,Golden,,5.99,/232/52/213130_BK_1,213130_BK_1.jpg,none,,,,,,
213136_BK,213136,Bracelet ECLIPSE Black,_BK,Black,Jewellery,Bracelets,Elastic Bracelet,Thermoplastic Polyurethane,Brushed Golden,,6.99,/232/52/213136_BK_1,213136_BK_1.jpg,none,,,,,,
213146_BK,213146,Necklace ECLIPSE Black,_BK,Black,Jewellery,Necklaces,Pendant,Brass; Iron; Resin; Zinc,Brushed Golden,,10.99,/232/52/213146_BK_1,213146_BK_1.jpg,none,,,,,,
213155_BK,213155,Ring ECLIPSE Black,_BK,Black,Jewellery,Rings,Stone/Gem,Resin; Zinc,Golden,,6.99,/232/52/213155_BK_1,213155_BK_1.jpg,none,,,,,,
213733_GD,213733,Earring TREND Gold,_GD,Gold,Jewellery,Earrings,Dangle,Resin; Zinc,Worn Gold,,12.99,/232/52/213733_GD_1,213733_GD_1.jpg,none,,,,,,
213743_PE,213743,Necklace TREND Pearl,_PE,Pearl,Jewellery,Necklaces,Pendant,Acrylic; Pearl,Worn Gold,,17.99,/232/52/213743_PE_1,213743_PE_1.jpg,none,,,,,,
213752_GD,213752,Earring TREND Gold,_GD,Gold,Jewellery,Earrings,Dangle,Iron,Worn Gold,,12.99,/232/52/213752_GD_1,213752_GD_1.jpg,none,,,,,,
213757_GD,213757,Earring TREND Gold,_GD,Gold,Jewellery,Earrings,Drop,Zinc,Worn Gold,,12.99,/232/52/213757_GD_1,213757_GD_1.jpg,none,,,,,,
213803_HM,213803,Earring ULTRAVIO Halftone Multicolor,_HM,Halftone Multicolor,Jewellery,Earrings,Hoop Earrings,Enamel; Zinc,Worn Gold,,7.99,/232/52/213803_HM_1,213803_HM_1.jpg,none,,,,,,
213808_OR,213808,Earring ULTRAVIO Orange,_OR,Orange,Jewellery,Earrings,Hoop Earrings,Acrylic; Zinc,Worn Gold,,8.99,/232/52/213808_OR_1,213808_OR_1.jpg,none,,,,,,
213817_HM,213817,Earring ULTRAVIO Halftone Multicolor,_HM,Halftone Multicolor,Jewellery,Earrings,Hoop Earrings,Acrylic; Glass; Iron; Zinc,Worn Gold,,5.99,/232/52/213817_HM_1,213817_HM_1.jpg,none,,,,,,
213823_HM,213823,Earring ULTRAVIO Halftone Multicolor,_HM,Halftone Multicolor,Jewellery,Earrings,Hoop Earrings,Acrylic; Glass; Iron,Worn Gold,,5.99,/232/52/213823_HM_1,213823_HM_1.jpg,none,,,,,,
213836_HM,213836,Necklace ULTRAVIO Halftone Multicolor,_HM,Halftone Multicolor,Jewellery,Necklaces,Beaded Necklace,Iron; Resin,Worn Gold,,12.99,/232/52/213836_HM_1,213836_HM_1.jpg,none,,,,,,
213839_PU,213839,Ring ULTRAVIO Purple,_PU,Purple,Jewellery,Rings,Band Ring,Resin; Zinc,Worn Gold,,4.99,/232/52/213839_PU_1,213839_PU_1.jpg,none,,,,,,
213886_HM,213886,Necklace KISS MIX&MATCH Halftone Multicolor,_HM,Halftone Multicolor,Jewellery,Necklaces,Chain,Brass; Enamel; Zinc,Golden,,10.99,/232/52/213886_HM_1,213886_HM_1.jpg,none,,,,,,
213900_GD,213900,Earring KISS MIX&MATCH Gold,_GD,Gold,Jewellery,Earrings,Ear Cuff,Copper; Zirconium,Golden,,5.99,/232/52/213900_GD_1,213900_GD_1.jpg,none,,,,,,
213910_GD,213910,Jewellery KISS MIX&MATCH Gold,_GD,Gold,Jewellery,Charms,Symbol,Acrylic; Iron,Golden,,7.99,/232/52/213910_GD_1,213910_GD_1.jpg,none,,,,,,
213917_HM,213917,Set of Earrings KISS MIX&MATCH Halftone Multicolor,_HM,Halftone Multicolor,Jewellery,Earrings,Hoop Earrings,Copper; Enamel; Glass,Golden,,8.99,/232/52/213917_HM_1,213917_HM_1.jpg,none,,,,,,
213925_DM,213925,Earring FLORABUNDANCE Dark Multicolor,_DM,Dark Multicolor,Jewellery,Earrings,Drop,Iron,Brushed Golden,,7.99,/232/52/213925_DM_1,213925_DM_1.jpg,none,,,,,,
213981_HM,213981,Set of Earrings KISS MIX&MATCH Halftone Multicolor,_HM,Halftone Multicolor,Jewellery,Earrings,Hoop Earrings,Brass; Zirconium,Silver,,7.99,/232/52/213981_HM_1,213981_HM_1.jpg,none,,,,,,
213990_HM,213990,Earring KISS MIX&MATCH Halftone Multicolor,_HM,Halftone Multicolor,Jewellery,Earrings,Hoop Earrings,Enamel; Iron; Zinc,Golden,,5.99,/232/52/213990_HM_1,213990_HM_1.jpg,none,,,,,,
213995_HM,213995,Set of Earrings KISS MIX&MATCH Halftone Multicolor,_HM,Halftone Multicolor,Jewellery,Earrings,Hoop Earrings,Enamel; Glass; Iron; Zinc; Zirconium,Golden,,8.99,/232/52/213995_HM_1,213995_HM_1.jpg,none,,,,,,
214007_FU,214007,Earring KISS MIX&MATCH Fuchsia,_FU,Fuchsia,Jewellery,Earrings,Hoop Earrings,Enamel; Zinc,Golden,,7.99,/232/52/214007_FU_1,214007_FU_1.jpg,none,,,,,,
214012_HM,214012,Jewellery KISS MIX&MATCH Halftone Multicolor,_HM,Halftone Multicolor,Jewellery,Charms,Symbol,Enamel; Iron; Zinc,Golden,,5.99,/232/52/214012_HM_1,214012_HM_1.jpg,none,,,,,,
214020_BL,214020,Earring STARRYNIGHT Blue,_BL,Blue,Jewellery,Earrings,Hoop Earrings,Glass; Zinc,Black Plating,,5.99,/232/52/214020_BL_1,214020_BL_1.jpg,none,,,,,,
214049_BM,214049,Earring STARRYNIGHT Bright Multicolor,_BM,Bright Multicolor,Jewellery,Earrings,Stud,Acrylic; Enamel; Zinc,Golden,,5.99,/232/52/214049_BM_1,214049_BM_1.jpg,none,,,,,,
214060_BL,214060,Earring STARRYNIGHT Blue,_BL,Blue,Jewellery,Earrings,Dangle,Acrylic; Iron,Black Plating,,9.99,/232/52/214060_BL_1,214060_BL_1.jpg,none,,,,,,
214111_BM,214111,Ring GUMMY PARTY Bright Multicolor,_BM,Bright Multicolor,Jewellery,Rings,Stone/Gem,Brass; Zirconium,Golden,,4.99,/232/52/214111_BM_1,214111_BM_1.jpg,none,,,,,,
214120_FU,214120,Ring GUMMY PARTY Fuchsia,_FU,Fuchsia,Jewellery,Rings,Stone/Gem,Brass; Zirconium,Golden,,7.99,/232/52/214120_FU_1,214120_FU_1.jpg,none,,,,,,
214126_FU,214126,Earring GUMMY PARTY Fuchsia,_FU,Fuchsia,Jewellery,Earrings,Stud,Acrylic; Glass,Golden,,5.99,/232/52/214126_FU_1,214126_FU_1.jpg,none,,,,,,
214139_BK,214139,Earring GUMMY PARTY Black,_BK,Black,Jewellery,Earrings,Dangle,Brass; Glass; Polymer; Zinc,Golden,,12.99,/232/52/214139_BK_1,214139_BK_1.jpg,none,,,,,,
214141_FU,214141,Earring GUMMY PARTY Fuchsia,_FU,Fuchsia,Jewellery,Earrings,Drop,Glass; Resin; Zinc,Golden,,5.99,/232/52/214141_FU_1,214141_FU_1.jpg,none,,,,,,
214141_GN,214141,Earring NEOPOP Green,_GN,Green,Jewellery,Earrings,Drop,Glass; Resin; Zinc,Black Nikel,,5.99,/242/52/214141_GN_1,214141_GN_1.jpg,none,,,,,,
214141_MI,214141,Earring NEPTUNE Midnight Blue,_MI,Midnight Blue,Jewellery,Earrings,Drop,Glass; Resin; Zinc,Black Nikel,,5.99,/242/52/214141_MI_1,214141_MI_1.jpg,none,,,,,,
214147_BM,214147,Earring GUMMY PARTY Bright Multicolor,_BM,Bright Multicolor,Jewellery,Earrings,Dangle,Glass; Zinc,Golden,,7.99,/232/52/214147_BM_1,214147_BM_1.jpg,none,,,,,,
214147_DM,214147,Earring NEOPOP Dark Multicolor,_DM,Dark Multicolor,Jewellery,Earrings,Dangle,Glass; Zinc,,,8.99,/242/52/214147_DM_1,214147_DM_1.jpg,none,,,,,,
214148_BM,214148,Necklace GUMMY PARTY Bright Multicolor,_BM,Bright Multicolor,Jewellery,Necklaces,Choker,Clay; Glass; Suede,Golden,,12.99,/232/52/214148_BM_1,214148_BM_1.jpg,none,,,,,,
214156_BG,214156,Jewellery Box FASHION SUPPLEMENTS Beige,_BG,Beige,Jewellery,Other Jewellery,Jewellery Box,MDF; Polyester; Polyurethane,Golden,,15.99,/232/52/214156_BG_1,214156_BG_1.jpg,none,,,,,,
214162_HM,214162,Necklace ORPHIC Halftone Multicolor,_HM,Halftone Multicolor,Jewellery,Necklaces,Chain,Acrylic; Resin; Rubber; Stone,Golden,,12.99,/232/52/214162_HM_1,214162_HM_1.jpg,none,,,,,,
214169_HM,214169,Necklace ORPHIC Halftone Multicolor,_HM,Halftone Multicolor,Jewellery,Necklaces,Beaded Necklace,Acrylic; Brass; Iron; Thermoplastic Polyurethane,Golden,,10.99,/232/52/214169_HM_1,214169_HM_1.jpg,none,,,,,,
214187_DN,214187,Earring mulstone Dark Green,_DN,Dark Green,Jewellery,Earrings,Drop,Acrylic; Steel; Thermoplastic Polyurethane,Golden,,5.99,/232/52/214187_DN_1,214187_DN_1.jpg,none,,,,,,
214206_DP,214206,Earring mulstone Dark Pink,_DP,Dark Pink,Jewellery,Earrings,Drop,Acrylic; Iron; Thermoplastic Polyurethane,Golden,,5.99,/232/52/214206_DP_1,214206_DP_1.jpg,none,,,,,,
214214_DN,214214,Earring mulstone Dark Green,_DN,Dark Green,Jewellery,Earrings,Drop,Acrylic; Iron; Stone; Zinc,Golden,,7.99,/232/52/214214_DN_2,214214_DN_2.jpg,none,,,,,,
214247_DM,214247,Earring GUMMY PARTY Dark Multicolor,_DM,Dark Multicolor,Jewellery,Earrings,Stud,Glass; Resin,Golden,,8.99,/232/52/214247_DM_1,214247_DM_1.jpg,none,,,,,,
214398_DM,214398,Earring Moonlight azure Dark Multicolor,_DM,Dark Multicolor,Jewellery,Earrings,Dangle,Glass; Stone; Zinc,Golden,,7.99,/232/52/214398_DM_1,214398_DM_1.jpg,none,,,,,,
214407_MI,214407,Earring Moonlight azure Midnight Blue,_MI,Midnight Blue,Jewellery,Earrings,Stud,Glass; Zinc,Golden,,7.99,/232/52/214407_MI_1,214407_MI_1.jpg,none,,,,,,
214471_GN,214471,Earring GUMMY PARTY Green,_GN,Green,Jewellery,Earrings,Dangle,Clay; Glass; Iron; Zamac,Golden,,5.99,/232/52/214471_GN_1,214471_GN_1.jpg,none,,,,,,
214528_MI,214528,Earring Moonlight azure Midnight Blue,_MI,Midnight Blue,Jewellery,Earrings,Dangle,Brass; Glass; Iron; Thermoplastic Polyurethane,Golden,,17.99,/232/52/214528_MI_1,214528_MI_1.jpg,none,,,,,,
214534_MI,214534,Earring Moonlight azure Midnight Blue,_MI,Midnight Blue,Jewellery,Earrings,Stud,Enamel; Zinc,Golden,,9.99,/232/52/214534_MI_1,214534_MI_1.jpg,none,,,,,,
214718_SV,214718,Earring TREND Silver,_SV,Silver,Jewellery,Earrings,Dangle,Brass; Crystal Glass,Silver,,9.99,/232/52/214718_SV_1,214718_SV_1.jpg,none,,,,,,
214916_BK,214916,Necklace Hallo Black,_BK,Black,Jewellery,Necklaces,Beaded Necklace,Glass; Iron; Metal and Cord; Thermoplastic Polyurethane,Other,,29.99,/232/52/214916_BK_1,214916_BK_1.jpg,none,,,,,,
214924_MM,214924,Self-Adhesive Gems Halloween capsula Metallic Multicolor,_MM,Metallic Multicolor,Jewellery,Other Jewellery,Self-Adhesive Gems,Thermoplastic Polyurethane,Other,,9.99,/232/52/214924_MM_1,214924_MM_1.jpg,none,,,,,,
215108_BM,215108,Earring STARRYNIGHT Bright Multicolor,_BM,Bright Multicolor,Jewellery,Earrings,Hoop Earrings,Iron; Resin; Thermoplastic Polyurethane,Black Nikel,,9.99,/232/52/215108_BM_1,215108_BM_1.jpg,none,,,,,,
215132_GD,215132,Earring Golden Basics Gold,_GD,Gold,Jewellery,Earrings,Clip Earrings,Iron,Brushed Golden,,8.99,/232/52/215132_GD_1,215132_GD_1.jpg,none,,,,,,
215459_BK,215459,Masks Halloween capsula Black,_BK,Black,Jewellery,Other Jewellery,Masks,Acrylic; Feather; Thermoplastic Polyurethane,Silver,,29.99,/232/52/215459_BK_1,215459_BK_1.jpg,none,,,,,,
215485_GD,215485,Necklace Maxi nov Gold,_GD,Gold,Jewellery,Necklaces,Choker,Glass; Iron,Golden,,23.99,/232/52/215485_GD_1,215485_GD_1.jpg,none,,,,,,
215498_GD,215498,Set of Earrings GLDN DEL Gold,_GD,Gold,Jewellery,Earrings,Hoop Earrings,Acrylic; Zinc,Golden,,5.99,/241/52/215498_GD_2y,215498_GD_2y.jpg,none,,,,,,
215498_SV,215498,Set of Earrings SILVER D Silver,_SV,Silver,Jewellery,Earrings,Hoop Earrings,Acrylic; Zinc,Golden,,5.99,/241/52/215498_SV_1,215498_SV_1.jpg,none,,,,,,
215505_PE,215505,Earring GLDN DEL Pearl,_PE,Pearl,Jewellery,Earrings,Stud,Iron; Thermoplastic Polyurethane; Zinc,Gold Plated,,7.99,/241/52/215505_PE_1,215505_PE_1.jpg,none,,,,,,
215524_GD,215524,Earring EYE COLLECTION Gold,_GD,Gold,Jewellery,Earrings,Dangle,Zinc,Worn Gold,,15.99,/232/52/215524_GD_1,215524_GD_1.jpg,none,,,,,,
215531_GD,215531,Earring EYE COLLECTION Gold,_GD,Gold,Jewellery,Earrings,Drop,Zinc,Worn Gold,,12.99,/232/52/215531_GD_1,215531_GD_1.jpg,none,,,,,,
215541_GD,215541,Earring GLDN DEL Gold,_GD,Gold,Jewellery,Earrings,Dangle,Brass,Golden,,4.99,/241/52/215541_GD_1,215541_GD_1.jpg,none,,,,,,
215541_SV,215541,Earring SILVER D Silver,_SV,Silver,Jewellery,Earrings,Dangle,Brass,Golden,,4.99,/241/52/215541_SV_1,215541_SV_1.jpg,none,,,,,,
215549_GD,215549,Necklace GLDN DEL Gold,_GD,Gold,Jewellery,Necklaces,Pendant,Copper; Iron,Golden,,12.99,/241/52/215549_GD_1,215549_GD_1.jpg,none,,,,,,
215549_SV,215549,Necklace SILVER D Silver,_SV,Silver,Jewellery,Necklaces,Pendant,Copper; Iron,Golden,,12.99,/241/52/215549_SV_1,215549_SV_1.jpg,none,,,,,,
215550_GD,215550,Earring GLDN DEL Gold,_GD,Gold,Jewellery,Earrings,Dangle,Acrylic; Iron; Thermoplastic Polyurethane,Golden,,5.99,/241/52/215550_GD_1,215550_GD_1.jpg,none,,,,,,
215565_GD,215565,Set of Earrings GLDN DEL Gold,_GD,Gold,Jewellery,Earrings,Stud,Brass; Zirconium,,,4.99,/241/52/215565_GD_1,215565_GD_1.jpg,none,,,,,,
215565_SV,215565,Set of Earrings SILVER D Silver,_SV,Silver,Jewellery,Earrings,Stud,Brass; Zirconium,Golden,,4.99,/241/52/215565_SV_2y,215565_SV_2y.jpg,none,,,,,,
215573_HM,215573,Earring GLDN DEL Halftone Multicolor,_HM,Halftone Multicolor,Jewellery,Earrings,Dangle,Brass; Zirconium,,,9.99,/241/52/215573_HM_1y,215573_HM_1y.jpg,none,,,,,,
215579_GD,215579,Earring GLDN DEL Gold,_GD,Gold,Jewellery,Earrings,Stud,Zinc,Golden,,4.99,/241/52/215579_GD_1,215579_GD_1.jpg,none,,,,,,
215586_HM,215586,Ring GLDN DEL Halftone Multicolor,_HM,Halftone Multicolor,Jewellery,Rings,Cocktail,Glass; Zamac,Golden,,5.99,/241/52/215586_HM_1,215586_HM_1.jpg,none,,,,,,
215597_GD,215597,Earring GLDN DEL Gold,_GD,Gold,Jewellery,Earrings,Dangle,Acrylic; Copper; Iron,Golden,,7.99,/241/52/215597_GD_1,215597_GD_1.jpg,none,,,,,,
215597_SV,215597,Earring SILVER D Silver,_SV,Silver,Jewellery,Earrings,Dangle,Acrylic; Copper; Iron,Golden,,7.99,/241/52/215597_SV_2y,215597_SV_2y.jpg,none,,,,,,
215607_GD,215607,Earring GLDN DEL Gold,_GD,Gold,Jewellery,Earrings,Dangle,Brass; Zirconium,,,9.99,/241/52/215607_GD_1,215607_GD_1.jpg,none,,,,,,
215617_GD,215617,Necklace GLDN DEL Gold,_GD,Gold,Jewellery,Necklaces,Y-Necklace,Brass; Pearl; Zirconium,Golden,,12.99,/241/52/215617_GD_1,215617_GD_1.jpg,none,,,,,,
215617_SV,215617,Necklace SILVER D Silver,_SV,Silver,Jewellery,Necklaces,Y-Necklace,Brass; Pearl; Zirconium,Golden,,12.99,/241/52/215617_SV_1,215617_SV_1.jpg,none,,,,,,
215640_SV,215640,Earring SILVER D Silver,_SV,Silver,Jewellery,Earrings,Dangle,Brass; Zirconium,,,9.99,/241/52/215640_SV_1,215640_SV_1.jpg,none,,,,,,
2156411HM,215641,Earring GLDN DEL Halftone Multicolor,1HM,Halftone Multicolor,Jewellery,Earrings,Dangle,Brass; Zirconium,Golden,,7.99,/242/52/2156411HM_1,2156411HM_1.jpg,none,,,,,,
215641_HM,215641,Earring GLDN DEL Halftone Multicolor,_HM,Halftone Multicolor,Jewellery,Earrings,Dangle,Brass; Zirconium,Golden,,8.99,/241/52/215641_HM_1,215641_HM_1.jpg,none,,,,,,
215650_GD,215650,Earring GLDN DEL Gold,_GD,Gold,Jewellery,Earrings,Stud,Brass; Zirconium,Golden,,5.99,/241/52/215650_GD_1,215650_GD_1.jpg,none,,,,,,
215650_SV,215650,Earring SILVER D Silver,_SV,Silver,Jewellery,Earrings,Stud,Brass; Zirconium,Golden,,5.99,/241/52/215650_SV_2y,215650_SV_2y.jpg,none,,,,,,
215654_GD,215654,Earring GLDN DEL Gold,_GD,Gold,Jewellery,Earrings,Stud,Brass; Zirconium,Golden,,7.99,/241/52/215654_GD_1,215654_GD_1.jpg,none,,,,,,
215825_BL,215825,Ring CANICHE CAMPAIGN Blue,_BL,Blue,Jewellery,Rings,Fantasy,Zinc,Golden,,15.99,/232/52/215825_BL_1,215825_BL_1.jpg,none,,,,,,
215825_FU,215825,Ring CANICHE CAMPAIGN Fuchsia,_FU,Fuchsia,Jewellery,Rings,Fantasy,Zinc,Golden,,15.99,/232/52/215825_FU_1,215825_FU_1.jpg,none,,,,,,
215825_GN,215825,Ring CANICHE CAMPAIGN Green,_GN,Green,Jewellery,Rings,Fantasy,Zinc,Golden,,15.99,/232/52/215825_GN_1,215825_GN_1.jpg,none,,,,,,
215890_IV,215890,Necklace Golden Basics Extra Ivory,_IV,Ivory,Jewellery,Necklaces,Y-Necklace,Brass; Enamel; Stainless Steel; Zinc,Golden,,12.99,/241/52/215890_IV_1,215890_IV_1.jpg,none,,,,,,
215898_IV,215898,Bracelet Golden Basics Extra Ivory,_IV,Ivory,Jewellery,Bracelets,Adjustable Bracelet,Brass; Enamel; Thermoplastic Polyurethane,Golden,,6.99,/241/52/215898_IV_2y,215898_IV_2y.jpg,none,,,,,,
215906_IV,215906,Earring Golden Basics Extra Ivory,_IV,Ivory,Jewellery,Earrings,Dangle,Enamel; Iron; Zinc,Golden,,5.99,/241/52/215906_IV_1,215906_IV_1.jpg,none,,,,,,
215908_HM,215908,Earring ETHNICS Halftone Multicolor,_HM,Halftone Multicolor,Jewellery,Earrings,Stud,Iron; Thermoplastic Polyurethane,Worn Gold,,5.99,/241/52/215908_HM_1,215908_HM_1.jpg,none,,,,,,
215908_IV,215908,Earring Golden Basics Extra Ivory,_IV,Ivory,Jewellery,Earrings,Stud,Enamel; Iron,Golden,,5.99,/241/52/215908_IV_1,215908_IV_1.jpg,none,,,,,,
215916_IV,215916,Earring Golden Basics Extra Ivory,_IV,Ivory,Jewellery,Earrings,Stud,Brass; Enamel; Zinc,Golden,,8.99,/241/52/215916_IV_1y,215916_IV_1y.jpg,none,,,,,,
215927_IV,215927,Ring Golden Basics Extra Ivory,_IV,Ivory,Jewellery,Rings,Cocktail,Enamel; Zinc,Golden,,4.99,/241/52/215927_IV_2y,215927_IV_2y.jpg,none,,,,,,
215934_GD,215934,Earring Golden Basics Gold,_GD,Gold,Jewellery,Earrings,Stud,Iron,Brushed Golden,,5.99,/241/52/215934_GD_2y,215934_GD_2y.jpg,none,,,,,,
215946_GD,215946,Ring Golden Basics Gold,_GD,Gold,Jewellery,Rings,Band Ring,Zinc,Golden,,5.99,/241/52/215946_GD_1,215946_GD_1.jpg,none,,,,,,
215953_BK,215953,Earring Milagro Black,_BK,Black,Jewellery,Earrings,Hoop Earrings,Enamel; Metal and Plastic; Thermoplastic Polyurethane,Golden,,7.99,/242/52/215953_BK_1,215953_BK_1.jpg,none,,,,,,
215953_BU,215953,Earring MONETT Burgundy,_BU,Burgundy,Jewellery,Earrings,Hoop Earrings,Acrylic; Resin,Golden,,7.99,/242/52/215953_BU_1,215953_BU_1.jpg,none,,,,,,
215953_GD,215953,Earring Golden Basics Gold,_GD,Gold,Jewellery,Earrings,Hoop Earrings,Metal and Plastic; Thermoplastic Polyurethane,,,7.99,/241/52/215953_GD_1,215953_GD_1.jpg,none,,,,,,
215953_SV,215953,Earring SILVER BASICS Silver,_SV,Silver,Jewellery,Earrings,Hoop Earrings,Metal and Plastic; Thermoplastic Polyurethane,Rodhium,,7.99,/242/52/215953_SV_1,215953_SV_1.jpg,none,,,,,,
215955_GD,215955,Earring Golden Basics Gold,_GD,Gold,Jewellery,Earrings,Hoop Earrings,Iron; Thermoplastic Polyurethane,Golden,,5.99,/241/52/215955_GD_1,215955_GD_1.jpg,none,,,,,,
215964_GD,215964,Ring Golden Basics Gold,_GD,Gold,Jewellery,Rings,Band Ring,Zinc,Golden,,5.99,/241/52/215964_GD_1,215964_GD_1.jpg,none,,,,,,
215991_HM,215991,Earring mulstone Halftone Multicolor,_HM,Halftone Multicolor,Jewellery,Earrings,Dangle,Acrylic; Zinc,Brushed Golden,,8.99,/232/52/215991_HM_1,215991_HM_1.jpg,none,,,,,,
216002_BM,216002,Earring STAR WARS Bright Multicolor,_BM,Bright Multicolor,Jewellery,Earrings,Dangle,Glass; Thermoplastic Polyurethane; Zinc,Golden,,19.99,/232/52/216002_BM_1,216002_BM_1.jpg,none,,,,,,
216008_BM,216008,Ring STAR WARS Bright Multicolor,_BM,Bright Multicolor,Jewellery,Rings,Fantasy,Enamel; Glass; Thermoplastic Polyurethane; Zinc,Golden,,12.99,/232/52/216008_BM_1,216008_BM_1.jpg,none,,,,,,
216035_BM,216035,Earring LAB OUTUBRO Bright Multicolor,_BM,Bright Multicolor,Jewellery,Earrings,Hoop Earrings,Iron; Thermoplastic Polyurethane; Zinc,Worn Gold,,19.99,/232/52/216035_BM_1,216035_BM_1.jpg,none,,,,,,
216083_IV,216083,Necklace Golden Basics Extra Ivory,_IV,Ivory,Jewellery,Necklaces,Pendant,Enamel; Iron; Zinc,,,10.99,/241/52/216083_IV_1,216083_IV_1.jpg,none,,,,,,
216102_PE,216102,Pin FASHION SUPPLEMENTS Pearl,_PE,Pearl,Jewellery,Pins,Flower,Brass; Enamel; Zinc,Golden,,5.99,/241/52/216102_PE_1,216102_PE_1.jpg,none,,,,,,
216102_SV,216102,Pin FASHION SUPPLEMENTS Silver,_SV,Silver,Jewellery,Pins,Flower,Brass; Zinc,Rodhium,,5.99,/242/52/216102_SV_1,216102_SV_1.jpg,none,,,,,,
216103_GD,216103,Earring Golden Basics Gold,_GD,Gold,Jewellery,Earrings,Dangle,Iron; Zinc,Brushed Golden,,5.99,/241/52/216103_GD_1,216103_GD_1.jpg,none,,,,,,
216111_GD,216111,Bracelet Golden Basics Gold,_GD,Gold,Jewellery,Bracelets,Bangle,Iron,,,9.99,/241/52/216111_GD_2y,216111_GD_2y.jpg,none,,,,,,
216117_GD,216117,Ring Golden Basics Gold,_GD,Gold,Jewellery,Rings,Band Ring,Zinc,Golden,,4.99,/241/52/216117_GD_1,216117_GD_1.jpg,none,,,,,,
216211_GD,216211,Necklace Golden Basics Gold,_GD,Gold,Jewellery,Necklaces,Beaded Necklace,Copper; Steel; Thermoplastic Polyurethane; Zinc,,,10.99,/241/52/216211_GD_1,216211_GD_1.jpg,none,,,,,,
216216_GD,216216,Earring Golden Basics Gold,_GD,Gold,Jewellery,Earrings,Dangle,Iron,Multifinishing,,5.99,/241/52/216216_GD_1,216216_GD_1.jpg,none,,,,,,
216222_GD,216222,Earring Golden Basics Gold,_GD,Gold,Jewellery,Earrings,Dangle,Iron,,,9.99,/241/52/216222_GD_1,216222_GD_1.jpg,none,,,,,,
216230_GD,216230,Bracelet Golden Basics Gold,_GD,Gold,Jewellery,Bracelets,Elastic Bracelet,Zinc,Multifinishing,,8.99,/241/52/216230_GD_1,216230_GD_1.jpg,none,,,,,,
216239_GD,216239,Set of Necklaces Golden Basics Gold,_GD,Gold,Jewellery,Necklaces,Chain,Brass; Iron; Zinc,Golden,,12.99,/241/52/216239_GD_1,216239_GD_1.jpg,none,,,,,,
216245_IV,216245,Bracelet Golden Basics Extra Ivory,_IV,Ivory,Jewellery,Bracelets,Elastic Bracelet,Enamel; Policloroeteno (pvc),Golden,,6.99,/241/52/216245_IV_1,216245_IV_1.jpg,none,,,,,,
216254_IV,216254,Earring Golden Basics Extra Ivory,_IV,Ivory,Jewellery,Earrings,Hoop Earrings,Enamel; Iron,Golden,,7.99,/241/52/216254_IV_1,216254_IV_1.jpg,none,,,,,,
216275_GD,216275,Pin FASHION SUPPLEMENTS Gold,_GD,Gold,Jewellery,Pins,Pin,Brass; Glass; Zinc,Golden,,6.99,/241/52/216275_GD_1,216275_GD_1.jpg,none,,,,,,
216291_GD,216291,Pin FASHION SUPPLEMENTS Gold,_GD,Gold,Jewellery,Pins,Romantic Brooche,Iron; Zinc,Golden,,5.99,/241/52/216291_GD_1,216291_GD_1.jpg,none,,,,,,
216291_SV,216291,Pin FASHION SUPPLEMENTS Silver,_SV,Silver,Jewellery,Pins,Romantic Brooche,Iron; Zinc,Rodhium,,5.99,/242/52/216291_SV_2y,216291_SV_2y.jpg,none,,,,,,
216293_PE,216293,Pin FASHION SUPPLEMENTS Pearl,_PE,Pearl,Jewellery,Pins,Flower,Acrylic; Zinc,Golden,,6.99,/241/52/216293_PE_1,216293_PE_1.jpg,none,,,,,,
216298_GD,216298,Pin FASHION SUPPLEMENTS Gold,_GD,Gold,Jewellery,Pins,Flower,Acrylic; Zinc,Golden,,5.99,/241/52/216298_GD_1,216298_GD_1.jpg,none,,,,,,
216318_IV,216318,Bracelet Golden Basics Extra Ivory,_IV,Ivory,Jewellery,Bracelets,Bangle,Enamel; Glass; Zinc,Golden,,12.99,/241/52/216318_IV_1,216318_IV_1.jpg,none,,,,,,
216332_IV,216332,Bracelet Golden Basics Extra Ivory,_IV,Ivory,Jewellery,Bracelets,Cuff,Enamel; Iron; Zamac,Golden,,7.99,/241/52/216332_IV_1,216332_IV_1.jpg,none,,,,,,
216383_GD,216383,Earring Golden Basics Gold,_GD,Gold,Jewellery,Earrings,Dangle,Iron,Multifinishing,,7.99,/241/52/216383_GD_1,216383_GD_1.jpg,none,,,,,,
216430_GD,216430,Ring REAL PEARLS Gold,_GD,Gold,Jewellery,Rings,Cocktail,Brass; Pearl,Worn Gold,,19.99,/232/52/216430_GD_1,216430_GD_1.jpg,none,,,,,,
216439_GD,216439,Ring REAL PEARLS Gold,_GD,Gold,Jewellery,Rings,Fantasy,Brass; Pearl,Worn Gold,,23.99,/232/52/216439_GD_1,216439_GD_1.jpg,none,,,,,,
216653_LB,216653,Earring Moonlight azure Light Blue,_LB,Light Blue,Jewellery,Earrings,Stud,Acrylic; Glass; Iron,Other,,5.99,/232/52/216653_LB_1,216653_LB_1.jpg,none,,,,,,
2166681HM,216668,Bracelet Gipsy Garden Halftone Multicolor,1HM,Halftone Multicolor,Jewellery,Bracelets,Adjustable Bracelet,Iron; Resin,Worn Gold,,6.99,/241/52/2166681HM_1,2166681HM_1.jpg,none,,,,,,
216680_BU,216680,Earring Gipsy Garden Burgundy,_BU,Burgundy,Jewellery,Earrings,Dangle,Iron; Thermoplastic Polyurethane; Zinc,Worn Gold,,7.99,/241/52/216680_BU_1,216680_BU_1.jpg,none,,,,,,
216689_DM,216689,Ring Gipsy Garden Dark Multicolor,_DM,Dark Multicolor,Jewellery,Rings,Band Ring,Enamel; Zinc,Worn Gold,,5.99,/241/52/216689_DM_1,216689_DM_1.jpg,none,,,,,,
216697_DM,216697,Set of Bracelets Gipsy Garden Dark Multicolor,_DM,Dark Multicolor,Jewellery,Bracelets,Elastic Bracelet,Acrylic; Resin; Zinc,,,9.99,/241/52/216697_DM_1,216697_DM_1.jpg,none,,,,,,
216704_GD,216704,Ring Golden Basics Gold,_GD,Gold,Jewellery,Rings,Cocktail,Brass,Golden,,5.99,/232/52/216704_GD_1,216704_GD_1.jpg,none,,,,,,
216715_MI,216715,Earring Gipsy Garden Midnight Blue,_MI,Midnight Blue,Jewellery,Earrings,Hoop Earrings,Resin; Zinc,Worn Gold,,7.99,/241/52/216715_MI_1,216715_MI_1.jpg,none,,,,,,
216722_DM,216722,Earring Gipsy Garden Dark Multicolor,_DM,Dark Multicolor,Jewellery,Earrings,Dangle,Enamel; Zinc,Worn Gold,,8.99,/241/52/216722_DM_1,216722_DM_1.jpg,none,,,,,,
216748_RY,216748,Ring Gipsy Garden Raspberry,_RY,Raspberry,Jewellery,Rings,Fantasy,Thermoplastic Polyurethane; Zinc,Worn Gold,,5.99,/241/52/216748_RY_1,216748_RY_1.jpg,none,,,,,,
216831_HM,216831,Necklace VENDREDI Halftone Multicolor,_HM,Halftone Multicolor,Jewellery,Necklaces,Bib Necklace,Acrylic; Brass; Iron; Polyester; Polyurethane; Thermoplastic Polyurethane; Zinc,Golden,,15.99,/241/52/216831_HM_1,216831_HM_1.jpg,none,,,,,,
216837_HM,216837,Earring VENDREDI Halftone Multicolor,_HM,Halftone Multicolor,Jewellery,Earrings,Dangle,Brass; Stone; Zinc,Brushed Golden,,7.99,/241/52/216837_HM_1,216837_HM_1.jpg,none,,,,,,
216881_HM,216881,Earring VENDREDI Halftone Multicolor,_HM,Halftone Multicolor,Jewellery,Earrings,Dangle,Acrylic; Brass; Iron,Brushed Golden,,8.99,/241/52/216881_HM_1,216881_HM_1.jpg,none,,,,,,
216888_HM,216888,Bracelet VENDREDI Halftone Multicolor,_HM,Halftone Multicolor,Jewellery,Bracelets,Adjustable Bracelet,Acrylic; Brass; Iron; Thermoplastic Polyurethane; Zinc,Golden,,7.99,/241/52/216888_HM_1,216888_HM_1.jpg,none,,,,,,
216903_HM,216903,Earring VENDREDI Halftone Multicolor,_HM,Halftone Multicolor,Jewellery,Earrings,Dangle,Acrylic; Iron; Thermoplastic Polyurethane; Zinc,Golden,,5.99,/241/52/216903_HM_1,216903_HM_1.jpg,none,,,,,,
216918_GN,216918,Bracelet VENDREDI Green,_GN,Green,Jewellery,Bracelets,Elastic Bracelet,Glass; Thermoplastic Polyurethane,Golden,,7.99,/241/52/216918_GN_1,216918_GN_1.jpg,none,,,,,,
216924_HM,216924,Earring VENDREDI Halftone Multicolor,_HM,Halftone Multicolor,Jewellery,Earrings,Hoop Earrings,Acrylic; Iron; Thermoplastic Polyurethane,Golden,,5.99,/241/52/216924_HM_1,216924_HM_1.jpg,none,,,,,,
216933_HM,216933,Ring VENDREDI Halftone Multicolor,_HM,Halftone Multicolor,Jewellery,Rings,Fantasy,Enamel; Zamac,Golden,,5.99,/241/52/216933_HM_1,216933_HM_1.jpg,none,,,,,,
216975_GD,216975,Necklace GOLDEN PEARLS Gold,_GD,Gold,Jewellery,Necklaces,Pendant,Acrylic; Brass; Iron,Brushed Golden,,12.99,/241/52/216975_GD_1,216975_GD_1.jpg,none,,,,,,
216980_GD,216980,Necklace GOLDEN PEARLS Gold,_GD,Gold,Jewellery,Necklaces,Pendant,Iron; Thermoplastic Polyurethane,,,10.99,/241/52/216980_GD_2y,216980_GD_2y.jpg,none,,,,,,
216985_GD,216985,Earring GOLDEN PEARLS Gold,_GD,Gold,Jewellery,Earrings,Dangle,Acrylic; Zinc,Golden,,5.99,/241/52/216985_GD_2y,216985_GD_2y.jpg,none,,,,,,
216990_GD,216990,Set of Necklaces GOLDEN PEARLS Gold,_GD,Gold,Jewellery,Necklaces,Pendant,Acrylic; Copper; Zinc,Golden,,12.99,/241/52/216990_GD_1,216990_GD_1.jpg,none,,,,,,
216996_BM,216996,Bracelet ARM LOVERS Bright Multicolor,_BM,Bright Multicolor,Jewellery,Bracelets,Adjustable Bracelet,Brass; Enamel; Polyester; Zinc,Golden,,5.99,/241/52/216996_BM_2y,216996_BM_2y.jpg,none,,,,,,
217003_BL,217003,Bracelet ARM NIGHT Blue,_BL,Blue,Jewellery,Bracelets,Adjustable Bracelet,Copper; Glass; Polyester,Golden,,7.99,/241/52/217003_BL_2y,217003_BL_2y.jpg,none,,,,,,
217127_HM,217127,Key Chain FASHION SUPPLEMENTS Halftone Multicolor,_HM,Halftone Multicolor,Jewellery,Key chains,Charms,Enamel; Iron; Resin; Zinc,Golden,,12.99,/241/52/217127_HM_1,217127_HM_1.jpg,none,,,,,,
217151_GD,217151,Bracelet Golden Basics Gold,_GD,Gold,Jewellery,Bracelets,Elastic Bracelet,Thermoplastic Polyurethane; Zinc,Golden,,8.99,/232/52/217151_GD_1,217151_GD_1.jpg,none,,,,,,
217163_SV,217163,Ring SHADES OF COOL Silver,_SV,Silver,Jewellery,Rings,Band Ring,Zinc,Silver,,5.99,/232/52/217163_SV_1,217163_SV_1.jpg,none,,,,,,
217196_PK,217196,Earring CUPID Pink,_PK,Pink,Jewellery,Earrings,Dangle,Iron; Polyester,Other,,15.99,/241/52/217196_PK_1,217196_PK_1.jpg,none,,,,,,
217207_PE,217207,Necklace CUPID Pearl,_PE,Pearl,Jewellery,Necklaces,Beaded Necklace,Acrylic; Copper; Resin,Other,,15.99,/241/52/217207_PE_1,217207_PE_1.jpg,none,,,,,,
217213_RD,217213,Ring CUPID Red,_RD,Red,Jewellery,Rings,Fantasy,Resin,,,9.99,/241/52/217213_RD_1,217213_RD_1.jpg,none,,,,,,
217213_SN,217213,Ring CUPID Snow,_SN,Snow,Jewellery,Rings,Fantasy,Resin,,,9.99,/241/52/217213_SN_1,217213_SN_1.jpg,none,,,,,,
217301_HM,217301,Earring SPARKLING EARRINGS Halftone Multicolor,_HM,Halftone Multicolor,Jewellery,Earrings,Dangle,Brass; Pearl; Stone,Worn Gold,,25.99,/241/52/217301_HM_1,217301_HM_1.jpg,none,,,,,,
217307_TQ,217307,Earring SPARKLING EARRINGS Turquoise,_TQ,Turquoise,Jewellery,Earrings,Dangle,Brass; Stone,Worn Gold,,25.99,/241/52/217307_TQ_1,217307_TQ_1.jpg,none,,,,,,
217313_SV,217313,Earring SHADES OF COOL Silver,_SV,Silver,Jewellery,Earrings,Other Earrings,Brass,Rodhium,,5.99,/241/52/217313_SV_1,217313_SV_1.jpg,none,,,,,,
217321_SV,217321,Necklace SHADES OF COOL Silver,_SV,Silver,Jewellery,Necklaces,Pendant,Iron; Thermoplastic Polyurethane,,,10.99,/241/52/217321_SV_1,217321_SV_1.jpg,none,,,,,,
217338_PU,217338,Earring SPARKLING EARRINGS Purple,_PU,Purple,Jewellery,Earrings,Drop,Brass; Stone,Worn Gold,,23.99,/241/52/217338_PU_1,217338_PU_1.jpg,none,,,,,,
217355_SV,217355,Ring SHADES OF COOL Silver,_SV,Silver,Jewellery,Rings,Fantasy,Zinc,Rodhium,,5.99,/241/52/217355_SV_1,217355_SV_1.jpg,none,,,,,,
217372_SV,217372,Earring SILVER BASICS Silver,_SV,Silver,Jewellery,Earrings,Ear Cuff,Zinc,Rodhium,,5.99,/241/52/217372_SV_1,217372_SV_1.jpg,none,,,,,,
217379_SV,217379,Ring SHADES OF COOL Silver,_SV,Silver,Jewellery,Rings,Band Ring,Zinc,Rodhium,,4.99,/241/52/217379_SV_1,217379_SV_1.jpg,none,,,,,,
217387_SV,217387,Earring SHADES OF COOL Silver,_SV,Silver,Jewellery,Earrings,Stud,Zinc,Rodhium,,5.99,/241/52/217387_SV_1,217387_SV_1.jpg,none,,,,,,
217395_SV,217395,Earring SHADES OF COOL Silver,_SV,Silver,Jewellery,Earrings,Hoop Earrings,Iron; Thermoplastic Polyurethane; Zinc,Rodhium,,7.99,/241/52/217395_SV_1,217395_SV_1.jpg,none,,,,,,
217402_SV,217402,Set of Earrings SHADES OF COOL Silver,_SV,Silver,Jewellery,Earrings,Hoop Earrings,Iron; Thermoplastic Polyurethane; Zinc,Rodhium,,5.99,/241/52/217402_SV_1,217402_SV_1.jpg,none,,,,,,
217417_HM,217417,Earring VENDREDI Halftone Multicolor,_HM,Halftone Multicolor,Jewellery,Earrings,Dangle,Acrylic,Golden,,5.99,/241/52/217417_HM_1,217417_HM_1.jpg,none,,,,,,
217425_HM,217425,Earring FLEURSDUMER Halftone Multicolor,_HM,Halftone Multicolor,Jewellery,Earrings,Hoop Earrings,Glass; Iron; Stone; Thermoplastic Polyurethane,Golden,,5.99,/241/52/217425_HM_1,217425_HM_1.jpg,none,,,,,,
217446_HM,217446,Necklace FLEURSDUMER Halftone Multicolor,_HM,Halftone Multicolor,Jewellery,Necklaces,Beaded Necklace,Iron; Thermoplastic Polyurethane,,,10.99,/241/52/217446_HM_1,217446_HM_1.jpg,none,,,,,,
217452_HM,217452,Bracelet FLEURSDUMER Halftone Multicolor,_HM,Halftone Multicolor,Jewellery,Bracelets,Elastic Bracelet,Acrylic; Copper; Glass; Iron; Thermoplastic Polyurethane,Golden,,6.99,/241/52/217452_HM_1,217452_HM_1.jpg,none,,,,,,
217460_HM,217460,Necklace FLEURSDUMER Halftone Multicolor,_HM,Halftone Multicolor,Jewellery,Necklaces,Beaded Necklace,Brass; Iron; Resin; Zinc,Brushed Golden,,15.99,/241/52/217460_HM_1,217460_HM_1.jpg,none,,,,,,
217470_GN,217470,Necklace FLEURSDUMER Green,_GN,Green,Jewellery,Necklaces,Pendant,Copper; Iron; Resin,,,10.99,/241/52/217470_GN_1,217470_GN_1.jpg,none,,,,,,
217477_DN,217477,Earring FLEURSDUMER Dark Green,_DN,Dark Green,Jewellery,Earrings,Dangle,Steel; Thermoplastic Polyurethane; Zinc,Worn Gold,,8.99,/241/52/217477_DN_1,217477_DN_1.jpg,none,,,,,,
217477_KK,217477,Earring FLEURSDUMER Khaki,_KK,Khaki,Jewellery,Earrings,Dangle,Steel; Thermoplastic Polyurethane; Zinc,Worn Gold,,8.99,/241/52/217477_KK_1,217477_KK_1.jpg,none,,,,,,
217479_DN,217479,Earring FLEURSDUMER Dark Green,_DN,Dark Green,Jewellery,Earrings,Dangle,Brass; Steel; Thermoplastic Polyurethane,Golden,,7.99,/241/52/217479_DN_1,217479_DN_1.jpg,none,,,,,,
217479_FG,217479,Earring FLEURSDUMER Forest Green,_FG,Forest Green,Jewellery,Earrings,Dangle,Brass; Steel; Thermoplastic Polyurethane,Golden,,7.99,/241/52/217479_FG_1,217479_FG_1.jpg,none,,,,,,
217479_MV,217479,Earring FLEURSDUMER Mauve,_MV,Mauve,Jewellery,Earrings,Dangle,Brass; Steel; Thermoplastic Polyurethane,Golden,,7.99,/241/52/217479_MV_1,217479_MV_1.jpg,none,,,,,,
217489_HM,217489,Earring FLEURSDUMER Halftone Multicolor,_HM,Halftone Multicolor,Jewellery,Earrings,Hoop Earrings,Enamel; Zinc,Golden,,7.99,/241/52/217489_HM_1,217489_HM_1.jpg,none,,,,,,
217522_SV,217522,Earring SHADES OF COOL Silver,_SV,Silver,Jewellery,Earrings,Hoop Earrings,Brass; Zinc,Rodhium,,5.99,/241/52/217522_SV_1,217522_SV_1.jpg,none,,,,,,
217529_SV,217529,Set of Necklaces SHADES OF COOL Silver,_SV,Silver,Jewellery,Necklaces,Pendant,Iron; Thermoplastic Polyurethane,Silver,,12.99,/232/52/217529_SV_2y,217529_SV_2y.jpg,none,,,,,,
217543_SV,217543,Ring SHADES OF COOL Silver,_SV,Silver,Jewellery,Rings,Cocktail,Zinc,Rodhium,,6.99,/232/52/217543_SV_1,217543_SV_1.jpg,none,,,,,,
217633_GD,217633,Bracelet GLDN DEL Gold,_GD,Gold,Jewellery,Bracelets,Adjustable Bracelet,Copper; Iron; Zamac,Golden,,7.99,/241/52/217633_GD_1,217633_GD_1.jpg,none,,,,,,
217639_PK,217639,Earring GLDN DEL Pink,_PK,Pink,Jewellery,Earrings,Ear Cuff,Brass; Zirconium,,,9.99,/241/52/217639_PK_1,217639_PK_1.jpg,none,,,,,,
217640_GD,217640,Earring GLDN DEL Gold,_GD,Gold,Jewellery,Earrings,Hoop Earrings,Brass,Golden,,4.99,/241/52/217640_GD_2y,217640_GD_2y.jpg,none,,,,,,
217640_SV,217640,Earring SILVER D Silver,_SV,Silver,Jewellery,Earrings,Hoop Earrings,Brass,Golden,,4.99,/241/52/217640_SV_1,217640_SV_1.jpg,none,,,,,,
217660_GD,217660,Earring GLDN DEL Gold,_GD,Gold,Jewellery,Earrings,Hoop Earrings,Brass,Golden,,5.99,/241/52/217660_GD_1,217660_GD_1.jpg,none,,,,,,
217677_GD,217677,Earring Golden Basics Gold,_GD,Gold,Jewellery,Earrings,Hoop Earrings,Zinc,Golden,,4.99,/241/52/217677_GD_1,217677_GD_1.jpg,none,,,,,,
217683_GD,217683,Earring Golden Basics Gold,_GD,Gold,Jewellery,Earrings,Stud,Iron,Brushed Golden,,5.99,/241/52/217683_GD_1,217683_GD_1.jpg,none,,,,,,
217690_IV,217690,Earring Golden Basics Extra Ivory,_IV,Ivory,Jewellery,Earrings,Hoop Earrings,Copper; Enamel,Golden,,5.99,/241/52/217690_IV_1,217690_IV_1.jpg,none,,,,,,
217697_GD,217697,Bracelet Golden Basics Gold,_GD,Gold,Jewellery,Bracelets,Arm Bangle,Zinc,Golden,,8.99,/241/52/217697_GD_1,217697_GD_1.jpg,none,,,,,,
217974_GD,217974,Earring Golden Basics Gold,_GD,Gold,Jewellery,Earrings,Stud,Brass,Golden,,7.99,/241/52/217974_GD_1,217974_GD_1.jpg,none,,,,,,
217974_SV,217974,Earring SILVER BASICS Silver,_SV,Silver,Jewellery,Earrings,Stud,Brass,Rodhium,,7.99,/241/52/217974_SV_1,217974_SV_1.jpg,none,,,,,,
218294_RO,218294,Earring ETHNICS Old Rose,_RO,Old Rose,Jewellery,Earrings,Dangle,Iron; Resin,Worn Gold,,5.99,/241/52/218294_RO_1,218294_RO_1.jpg,none,,,,,,
218306_RO,218306,Earring ETHNICS Old Rose,_RO,Old Rose,Jewellery,Earrings,Hoop Earrings,Iron; Stone; Thermoplastic Polyurethane,Worn Gold,,5.99,/241/52/218306_RO_1,218306_RO_1.jpg,none,,,,,,
218312_RO,218312,Earring ETHNICS Old Rose,_RO,Old Rose,Jewellery,Earrings,Stud,Iron; Rubber; Zinc,Worn Gold,,5.99,/241/52/218312_RO_1,218312_RO_1.jpg,none,,,,,,
218321_BN,218321,Necklace ETHNICS Brown,_BN,Brown,Jewellery,Necklaces,Pendant,Polyamide; Zinc,,,10.99,/241/52/218321_BN_1,218321_BN_1.jpg,none,,,,,,
218327_RO,218327,Ring ETHNICS Old Rose,_RO,Old Rose,Jewellery,Rings,Band Ring,Brass; Enamel,Worn Gold,,4.99,/241/52/218327_RO_1,218327_RO_1.jpg,none,,,,,,
218337_HM,218337,Set of Bracelets ETHNICS Halftone Multicolor,_HM,Halftone Multicolor,Jewellery,Bracelets,Elastic Bracelet,Brass; Resin; Stone; Thermoplastic Polyurethane; Zinc,Worn Gold,,7.99,/241/52/218337_HM_1,218337_HM_1.jpg,none,,,,,,
218344_RO,218344,Earring ETHNICS Old Rose,_RO,Old Rose,Jewellery,Earrings,Hoop Earrings,Enamel; Zinc,Worn Gold,,5.99,/241/52/218344_RO_1,218344_RO_1.jpg,none,,,,,,
218359_BM,218359,Necklace SUNSET JUNCTION Bright Multicolor,_BM,Bright Multicolor,Jewellery,Necklaces,Beaded Necklace,Iron; Resin; Stone; Zinc,Brushed Golden,,12.99,/241/52/218359_BM_1,218359_BM_1.jpg,none,,,,,,
218367_BN,218367,Bracelet ETHNICS Brown,_BN,Brown,Jewellery,Bracelets,Non-Adjustable Bracelet,Brass; Polyurethane; Zinc,,,9.99,/241/52/218367_BN_2y,218367_BN_2y.jpg,none,,,,,,
218376_RO,218376,Necklace ETHNICS Old Rose,_RO,Old Rose,Jewellery,Necklaces,Pendant,Iron; Thermoplastic Polyurethane; Zinc,,,10.99,/241/52/218376_RO_1,218376_RO_1.jpg,none,,,,,,
218382_RO,218382,Earring ETHNICS Old Rose,_RO,Old Rose,Jewellery,Earrings,Drop,Acrylic; Iron; Zinc,Worn Gold,,7.99,/241/52/218382_RO_1,218382_RO_1.jpg,none,,,,,,
218425_HM,218425,Earring ETHNICS Halftone Multicolor,_HM,Halftone Multicolor,Jewellery,Earrings,Stud,Iron; Resin,Worn Gold,,5.99,/241/52/218425_HM_2y,218425_HM_2y.jpg,none,,,,,,
218478_AM,218478,Earring SUNSET JUNCTION Amethyst,_AM,Amethyst,Jewellery,Earrings,Dangle,Acrylic; Iron; Stone,Golden,,7.99,/241/52/218478_AM_1,218478_AM_1.jpg,none,,,,,,
218486_BM,218486,Earring SUNSET JUNCTION Bright Multicolor,_BM,Bright Multicolor,Jewellery,Earrings,Hoop Earrings,Iron; Stone,Golden,,7.99,/241/52/218486_BM_1,218486_BM_1.jpg,none,,,,,,
218517_HM,218517,Earring SUNSET JUNCTION Halftone Multicolor,_HM,Halftone Multicolor,Jewellery,Earrings,Dangle,Acrylic; Iron; Stone,Other,,7.99,/241/52/218517_HM_1,218517_HM_1.jpg,none,,,,,,
218523_OR,218523,Earring SUNSET JUNCTION Orange,_OR,Orange,Jewellery,Earrings,Hoop Earrings,Stone; Zinc,Golden,,5.99,/241/52/218523_OR_1,218523_OR_1.jpg,none,,,,,,
218538_GD,218538,Earring GLDN DEL Gold,_GD,Gold,Jewellery,Earrings,Stud,Brass,Golden,,4.99,/241/52/218538_GD_1,218538_GD_1.jpg,none,,,,,,
218555_GD,218555,Necklace GLDN DEL Gold,_GD,Gold,Jewellery,Necklaces,Beaded Necklace,Brass,,,10.99,/241/52/218555_GD_1,218555_GD_1.jpg,none,,,,,,
218555_SV,218555,Necklace SILVER D Silver,_SV,Silver,Jewellery,Necklaces,Beaded Necklace,Brass,,,10.99,/241/52/218555_SV_1,218555_SV_1.jpg,none,,,,,,
218556_GD,218556,Earring GLDN DEL Gold,_GD,Gold,Jewellery,Earrings,Hoop Earrings,Brass; Zirconium,,,9.99,/241/52/218556_GD_1,218556_GD_1.jpg,none,,,,,,
218569_SV,218569,Set of Earrings SILVER D Silver,_SV,Silver,Jewellery,Earrings,Hoop Earrings,Brass; Glass,Rodhium,,4.99,/241/52/218569_SV_1,218569_SV_1.jpg,none,,,,,,
218576_HM,218576,Ring GLDN DEL Halftone Multicolor,_HM,Halftone Multicolor,Jewellery,Rings,Cocktail,Brass; Glass,Golden,,5.99,/241/52/218576_HM_1,218576_HM_1.jpg,none,,,,,,
218583_GD,218583,Ring GLDN DEL Gold,_GD,Gold,Jewellery,Rings,Band Ring,Zinc,Golden,,5.99,/241/52/218583_GD_1,218583_GD_1.jpg,none,,,,,,
218588_HM,218588,Ring GLDN DEL Halftone Multicolor,_HM,Halftone Multicolor,Jewellery,Rings,Cocktail,Zinc; Zirconium,Golden,,5.99,/241/52/218588_HM_1,218588_HM_1.jpg,none,,,,,,
218602_HM,218602,Earring SUNSET JUNCTION Halftone Multicolor,_HM,Halftone Multicolor,Jewellery,Earrings,Dangle,Brass; Iron; Stone; Zinc,,,9.99,/241/52/218602_HM_1,218602_HM_1.jpg,none,,,,,,
218619_BM,218619,Earring SUNSET JUNCTION Bright Multicolor,_BM,Bright Multicolor,Jewellery,Earrings,Hoop Earrings,Acrylic; Iron; Stone; Thermoplastic Polyurethane,Golden,,7.99,/241/52/218619_BM_1,218619_BM_1.jpg,none,,,,,,
218826_LB,218826,Earring NILE Light Blue,_LB,Light Blue,Jewellery,Earrings,Stud,Thermoplastic Polyurethane; Zinc,Golden,,5.99,/241/52/218826_LB_1,218826_LB_1.jpg,none,,,,,,
218864_BL,218864,Earring NILE Blue,_BL,Blue,Jewellery,Earrings,Dangle,Resin; Zinc,Worn Gold,,5.99,/241/52/218864_BL_1,218864_BL_1.jpg,none,,,,,,
218891_CN,218891,Bracelet NILE Clinic,_CN,Clinic,Jewellery,Bracelets,Elastic Bracelet,Stone; Thermoplastic Polyurethane,Other,,6.99,/241/52/218891_CN_1,218891_CN_1.jpg,none,,,,,,
218902_BL,218902,Earring NILE Blue,_BL,Blue,Jewellery,Earrings,Hoop Earrings,Iron; Resin; Thermoplastic Polyurethane; Zinc,Worn Gold,,5.99,/241/52/218902_BL_1,218902_BL_1.jpg,none,,,,,,
218908_HM,218908,Earring NILE Halftone Multicolor,_HM,Halftone Multicolor,Jewellery,Earrings,Dangle,Acrylic; Brass; Cork; Resin; Thermoplastic Polyurethane,Worn Gold,,7.99,/241/52/218908_HM_1,218908_HM_1.jpg,none,,,,,,
218908_PM,218908,Earring MODERN STONES Pastel Multicolor,_PM,Pastel Multicolor,Jewellery,Earrings,Dangle,Acrylic; Brass; Resin; Thermoplastic Polyurethane,Golden,,7.99,/242/52/218908_PM_1,218908_PM_1.jpg,none,,,,,,
218913_GN,218913,Earring NILE Green,_GN,Green,Jewellery,Earrings,Stud,Acrylic; Steel; Zinc,Worn Gold,,5.99,/241/52/218913_GN_1,218913_GN_1.jpg,none,,,,,,
218931_HM,218931,Earring NILE Halftone Multicolor,_HM,Halftone Multicolor,Jewellery,Earrings,Dangle,Acrylic; Iron; Stone; Zinc,Worn Gold,,7.99,/241/52/218931_HM_1,218931_HM_1.jpg,none,,,,,,
218938_HM,218938,Earring NILE Halftone Multicolor,_HM,Halftone Multicolor,Jewellery,Earrings,Hoop Earrings,Acrylic; Stone; Zinc,Worn Gold,,5.99,/241/52/218938_HM_1,218938_HM_1.jpg,none,,,,,,
218945_HM,218945,Necklace NILE Halftone Multicolor,_HM,Halftone Multicolor,Jewellery,Necklaces,Beaded Necklace,Acrylic; Brass; Iron; Stone; Thermoplastic Polyurethane,,,10.99,/241/52/218945_HM_1,218945_HM_1.jpg,none,,,,,,
218993_GN,218993,Earring NILE Green,_GN,Green,Jewellery,Earrings,Dangle,Stone; Zinc,Worn Gold,,8.99,/241/52/218993_GN_1,218993_GN_1.jpg,none,,,,,,
219013_HM,219013,Set of Necklaces NILE Halftone Multicolor,_HM,Halftone Multicolor,Jewellery,Necklaces,Beaded Necklace,Brass; Glass; Polyester; Steel; Stone; Thermoplastic Polyurethane; Zinc,Worn Gold,,12.99,/241/52/219013_HM_1,219013_HM_1.jpg,none,,,,,,
219029_BL,219029,Ring NILE Blue,_BL,Blue,Jewellery,Rings,Stone/Gem,Stone; Zinc,Golden,,5.99,/241/52/219029_BL_1,219029_BL_1.jpg,none,,,,,,
219061_BM,219061,Key Chain FASHION SUPPLEMENTS Bright Multicolor,_BM,Bright Multicolor,Jewellery,Key chains,Figures,Iron; Thermoplastic Polyurethane; Zinc,,,9.99,/241/52/219061_BM_1,219061_BM_1.jpg,none,,,,,,
219081_HM,219081,Earring Classy Field Halftone Multicolor,_HM,Halftone Multicolor,Jewellery,Earrings,Stud,Stone; Thermoplastic Polyurethane; Zinc,Worn Rhodium,,7.99,/241/52/219081_HM_1,219081_HM_1.jpg,none,,,,,,
219097_HM,219097,Necklace Classy Field Halftone Multicolor,_HM,Halftone Multicolor,Jewellery,Necklaces,Pendant,Glass; Iron; Stone; Zinc,Rodhium,,12.99,/241/52/219097_HM_1,219097_HM_1.jpg,none,,,,,,
219106_BK,219106,Necklace SILVER BASICS Black,_BK,Black,Jewellery,Necklaces,Pendant,Suede; Thermoplastic Polyurethane; Zinc,Rodhium,,10.99,/242/52/219106_BK_1,219106_BK_1.jpg,none,,,,,,
219106_CF,219106,Necklace Classy Field Coffee,_CF,Coffee,Jewellery,Necklaces,Pendant,Suede; Thermoplastic Polyurethane; Zinc,,,10.99,/241/52/219106_CF_1,219106_CF_1.jpg,none,,,,,,
219107_SV,219107,Earring SILVER BASICS Silver,_SV,Silver,Jewellery,Earrings,Dangle,Zinc,Worn Rhodium,,5.99,/241/52/219107_SV_1,219107_SV_1.jpg,none,,,,,,
219144_HM,219144,Earring Classy Field Halftone Multicolor,_HM,Halftone Multicolor,Jewellery,Earrings,Hoop Earrings,Acrylic; Glass; Iron,Worn Rhodium,,5.99,/241/52/219144_HM_1,219144_HM_1.jpg,none,,,,,,
219154_HM,219154,Earring Classy Field Halftone Multicolor,_HM,Halftone Multicolor,Jewellery,Earrings,Hoop Earrings,Glass; Iron,Worn Rhodium,,5.99,/241/52/219154_HM_1,219154_HM_1.jpg,none,,,,,,
219164_SV,219164,Earring KISSSJAM Silver,_SV,Silver,Jewellery,Earrings,Ear Cuff,Brass; Zirconium,Silver,,5.99,/241/52/219164_SV_1,219164_SV_1.jpg,none,,,,,,
219176_SV,219176,Earring Classy Field Silver,_SV,Silver,Jewellery,Earrings,Dangle,Iron,Worn Rhodium,,7.99,/241/52/219176_SV_1,219176_SV_1.jpg,none,,,,,,
219184_BM,219184,Set of Earrings KISSSJAM Bright Multicolor,_BM,Bright Multicolor,Jewellery,Earrings,Hoop Earrings,Brass; Enamel; Zinc,Golden,,5.99,/241/52/219184_BM_1,219184_BM_1.jpg,none,,,,,,
219191_BM,219191,Set of Earrings KISSSJAM Bright Multicolor,_BM,Bright Multicolor,Jewellery,Earrings,Hoop Earrings,Brass; Enamel; Shell; Thermoplastic Polyurethane; Zinc; Zirconium,Golden,,5.99,/241/52/219191_BM_1,219191_BM_1.jpg,none,,,,,,
219198_BM,219198,Bracelet KISSSJAM Bright Multicolor,_BM,Bright Multicolor,Jewellery,Bracelets,Anklet,Acrylic; Brass; Pearl; Resin; Shell; Stone; Zinc,Golden,,7.99,/241/52/219198_BM_1,219198_BM_1.jpg,none,,,,,,
219205_BM,219205,Set of Earrings KISSSJAM Bright Multicolor,_BM,Bright Multicolor,Jewellery,Earrings,Hoop Earrings,Brass; Enamel; Iron; Zinc,Golden,,6.99,/241/52/219205_BM_1,219205_BM_1.jpg,none,,,,,,
219215_BM,219215,Set of Earrings KISSSJAM Bright Multicolor,_BM,Bright Multicolor,Jewellery,Earrings,Hoop Earrings,Brass; Enamel; Zinc; Zirconium,Golden,,6.99,/241/52/219215_BM_1,219215_BM_1.jpg,none,,,,,,
219223_GD,219223,Earring KISSSJAM Gold,_GD,Gold,Jewellery,Earrings,Ear Cuff,Brass,Golden,,4.99,/241/52/219223_GD_1,219223_GD_1.jpg,none,,,,,,
219235_GD,219235,Set of Earrings KISSSJAM Gold,_GD,Gold,Jewellery,Earrings,Hoop Earrings,Copper; Zirconium,Golden,,5.99,/241/52/219235_GD_1,219235_GD_1.jpg,none,,,,,,
219246_DB,219246,Necklace Classy Field Dark Brown,_DB,Dark Brown,Jewellery,Necklaces,Beaded Necklace,Polyamide; Zinc,Worn Rhodium,,12.99,/241/52/219246_DB_1,219246_DB_1.jpg,none,,,,,,
219251_SV,219251,Earring SILVER BASICS Silver,_SV,Silver,Jewellery,Earrings,Stud,Zinc,Worn Rhodium,,5.99,/241/52/219251_SV_1,219251_SV_1.jpg,none,,,,,,
219267_DM,219267,Earring IDENTITY Dark Multicolor,_DM,Dark Multicolor,Jewellery,Earrings,Stud,Thermoplastic Polyurethane; Zinc,Worn Gold,,7.99,/241/52/219267_DM_1,219267_DM_1.jpg,none,,,,,,
219275_DM,219275,Set of Necklaces IDENTITY Dark Multicolor,_DM,Dark Multicolor,Jewellery,Necklaces,Other Necklaces,Ceramic; Copper; Enamel; Glass; Iron; Polyacrylonitrile; Zinc,Golden,,12.99,/241/52/219275_DM_1,219275_DM_1.jpg,none,,,,,,
219283_RD,219283,Ring IDENTITY Red,_RD,Red,Jewellery,Rings,Cocktail,Stone; Zinc,Golden,,5.99,/241/52/219283_RD_1,219283_RD_1.jpg,none,,,,,,
219289_BK,219289,Ring IDENTITY Black,_BK,Black,Jewellery,Rings,Cocktail,Resin; Thermoplastic Polyurethane,Worn Gold,,6.99,/241/52/219289_BK_1,219289_BK_1.jpg,none,,,,,,
219300_BM,219300,Earring IDENTITY Bright Multicolor,_BM,Bright Multicolor,Jewellery,Earrings,Dangle,Clay; Iron; Zinc,Worn Gold,,7.99,/241/52/219300_BM_1,219300_BM_1.jpg,none,,,,,,
219307_BM,219307,Bracelet IDENTITY Bright Multicolor,_BM,Bright Multicolor,Jewellery,Bracelets,Adjustable Bracelet,Copper; Enamel; Polyamide; Polyethylene Terephthalate; Zinc,Golden,,5.99,/241/52/219307_BM_1,219307_BM_1.jpg,none,,,,,,
219319_BM,219319,Ring MADEIRA Bright Multicolor,_BM,Bright Multicolor,Jewellery,Rings,Cocktail,Enamel; Iron,Silver,,12.99,/241/52/219319_BM_1,219319_BM_1.jpg,none,,,,,,
219330_DM,219330,Necklace IDENTITY Dark Multicolor,_DM,Dark Multicolor,Jewellery,Necklaces,Pendant,Enamel; Iron; Zinc,,,10.99,/241/52/219330_DM_1,219330_DM_1.jpg,none,,,,,,
219338_RD,219338,Earring MADEIRA Red,_RD,Red,Jewellery,Earrings,Dangle,Acrylic; Brass; Iron; Resin,Silver,,25.99,/241/52/219338_RD_1,219338_RD_1.jpg,none,,,,,,
219340_BL,219340,Earring IDENTITY Blue,_BL,Blue,Jewellery,Earrings,Hoop Earrings,Acrylic; Silicone,Other,,7.99,/241/52/219340_BL_1y,219340_BL_1y.jpg,none,,,,,,
219340_PK,219340,Earring IDENTITY Pink,_PK,Pink,Jewellery,Earrings,Hoop Earrings,Acrylic; Silicone,Other,,7.99,/241/52/219340_PK_1,219340_PK_1.jpg,none,,,,,,
219358_DM,219358,Necklace IDENTITY Dark Multicolor,_DM,Dark Multicolor,Jewellery,Necklaces,Pendant,Cotton; Glass,,,10.99,/241/52/219358_DM_1,219358_DM_1.jpg,none,,,,,,
219368_DM,219368,Earring IDENTITY Dark Multicolor,_DM,Dark Multicolor,Jewellery,Earrings,Hoop Earrings,Acrylic; Glass; Iron; Stone,,,9.99,/241/52/219368_DM_1,219368_DM_1.jpg,none,,,,,,
219375_BM,219375,Necklace KISSSJAM Bright Multicolor,_BM,Bright Multicolor,Jewellery,Necklaces,Beaded Necklace,Acrylic; Glass; Stone; Zinc,,,10.99,/241/52/219375_BM_1,219375_BM_1.jpg,none,,,,,,
219381_BM,219381,Set of Earrings KISSSJAM Bright Multicolor,_BM,Bright Multicolor,Jewellery,Earrings,Hoop Earrings,Brass; Zinc,Golden,,5.99,/241/52/219381_BM_1,219381_BM_1.jpg,none,,,,,,
219387_BM,219387,Set of Necklaces KISSSJAM Bright Multicolor,_BM,Bright Multicolor,Jewellery,Necklaces,Chain,Acrylic; Enamel; Glass; Iron; Shell; Stone; Thermoplastic Polyurethane; Zinc; Zirconium,Golden,,12.99,/241/52/219387_BM_1,219387_BM_1.jpg,none,,,,,,
219394_BM,219394,Set of Earrings KISSSJAM Bright Multicolor,_BM,Bright Multicolor,Jewellery,Earrings,Hoop Earrings,Enamel; Zinc,Golden,,7.99,/241/52/219394_BM_1,219394_BM_1.jpg,none,,,,,,
219400_BM,219400,Set of Earrings KISSSJAM Bright Multicolor,_BM,Bright Multicolor,Jewellery,Earrings,Hoop Earrings,Brass; Enamel; Zirconium,Golden,,7.99,/241/52/219400_BM_1,219400_BM_1.jpg,none,,,,,,
219406_BM,219406,Set of Earrings KISSSJAM Bright Multicolor,_BM,Bright Multicolor,Jewellery,Earrings,Hoop Earrings,Enamel; Glass; Iron; Zinc; Zirconium,,,9.99,/241/52/219406_BM_1,219406_BM_1.jpg,none,,,,,,
219421_SV,219421,Earring Classy Field Silver,_SV,Silver,Jewellery,Earrings,Hoop Earrings,Zinc,Rodhium,,4.99,/241/52/219421_SV_1,219421_SV_1.jpg,none,,,,,,
219528_BM,219528,Earring FABRIC COLLECTION Bright Multicolor,_BM,Bright Multicolor,Jewellery,Earrings,Tassel Earring,Iron; RECYCLED COTTON; Thermoplastic Polyurethane; glass bead,Golden,,23.99,/241/52/219528_BM_1,219528_BM_1.jpg,none,,,,,,
219761_IV,219761,Set of Necklaces Golden Basics Extra Ivory,_IV,Ivory,Jewellery,Necklaces,Chain,Copper; Enamel; Zinc,Golden,,12.99,/241/52/219761_IV_1,219761_IV_1.jpg,none,,,,,,
219768_IV,219768,Earring Golden Basics Extra Ivory,_IV,Ivory,Jewellery,Earrings,Dangle,Enamel; Zinc,Golden,,5.99,/241/52/219768_IV_1,219768_IV_1.jpg,none,,,,,,
219775_GD,219775,Earring Golden Basics Gold,_GD,Gold,Jewellery,Earrings,Stud,Zinc,Brushed Golden,,4.99,/241/52/219775_GD_1,219775_GD_1.jpg,none,,,,,,
219858_PU,219858,Bracelet ARM PURPLE Purple,_PU,Purple,Jewellery,Bracelets,Adjustable Bracelet,Brass; Enamel; Silk; Zinc,Golden,,5.99,/241/52/219858_PU_1,219858_PU_1.jpg,none,,,,,,
219867_BM,219867,Bracelet ARM PURPLE Bright Multicolor,_BM,Bright Multicolor,Jewellery,Bracelets,Adjustable Bracelet,Acrylic; Brass; Glass,Golden,,7.99,/241/52/219867_BM_1,219867_BM_1.jpg,none,,,,,,
219974_BL,219974,Earring DOMINICA Blue,_BL,Blue,Jewellery,Earrings,Dangle,Acrylic; Iron,Brushed Golden,,5.99,/241/52/219974_BL_1,219974_BL_1.jpg,none,,,,,,
219979_BM,219979,Bracelet DOMINICA Bright Multicolor,_BM,Bright Multicolor,Jewellery,Bracelets,Elastic Bracelet,Glass; Shell; Stone; Thermoplastic Polyurethane; Wood; Zinc,,,9.99,/241/52/219979_BM_1,219979_BM_1.jpg,none,,,,,,
220005_BM,220005,Necklace DOMINICA Bright Multicolor,_BM,Bright Multicolor,Jewellery,Necklaces,Pendant,Acrylic; Glass; Iron; Raffia; Shell; Wood; Zinc,Brushed Golden,,12.99,/241/52/220005_BM_1,220005_BM_1.jpg,none,,,,,,
220021_BM,220021,Necklace DOMINICA Bright Multicolor,_BM,Bright Multicolor,Jewellery,Necklaces,Beaded Necklace,Metal Fitting; Raffia; Resin; Wood,Brushed Golden,,12.99,/241/52/220021_BM_1,220021_BM_1.jpg,none,,,,,,
220036_BM,220036,Earring DOMINICA Bright Multicolor,_BM,Bright Multicolor,Jewellery,Earrings,Dangle,Enamel; Raffia; Zinc,Golden,,5.99,/241/52/220036_BM_1,220036_BM_1.jpg,none,,,,,,
220300_PK,220300,Earring DOMINICA Pink,_PK,Pink,Jewellery,Earrings,Stud,Iron; Thermoplastic Polyurethane; Zinc,Golden,,5.99,/241/52/220300_PK_1,220300_PK_1.jpg,none,,,,,,
220309_BM,220309,Earring DOMINICA Bright Multicolor,_BM,Bright Multicolor,Jewellery,Earrings,Hoop Earrings,Enamel; Zinc,Golden,,7.99,/241/52/220309_BM_1,220309_BM_1.jpg,none,,,,,,
220317_BM,220317,Necklace DOMINICA Bright Multicolor,_BM,Bright Multicolor,Jewellery,Necklaces,Beaded Necklace,Brass; Iron; Resin; Thermoplastic Polyurethane; Zinc,Brushed Golden,,12.99,/241/52/220317_BM_1,220317_BM_1.jpg,none,,,,,,
220322_BM,220322,Necklace DOMINICA Bright Multicolor,_BM,Bright Multicolor,Jewellery,Necklaces,Pendant,Acrylic; Brass; Iron; Polyester; Thermoplastic Polyurethane; Wood; Zinc,,,10.99,/241/52/220322_BM_1,220322_BM_1.jpg,none,,,,,,
220329_GD,220329,Earring TREND Gold,_GD,Gold,Jewellery,Earrings,Dangle,Brass; Iron,,,9.99,/241/52/220329_GD_1,220329_GD_1.jpg,none,,,,,,
220335_BL,220335,Necklace TREND Blue,_BL,Blue,Jewellery,Necklaces,Pendant,Brass; Cotton; Enamel; Glass; Zinc,Worn Gold,,17.99,/241/52/220335_BL_1,220335_BL_1.jpg,none,,,,,,
220371_RD,220371,Necklace TREND Red,_RD,Red,Jewellery,Necklaces,Beaded Necklace,Cotton; Glass; Iron; Thermoplastic Polyurethane,Other,,23.99,/241/52/220371_RD_1,220371_RD_1.jpg,none,,,,,,
220380_BL,220380,Earring TREND Blue,_BL,Blue,Jewellery,Earrings,Dangle,Cotton; Glass; Iron; Zinc,Other,,12.99,/241/52/220380_BL_1,220380_BL_1.jpg,none,,,,,,
220390_GD,220390,Earring TREND Gold,_GD,Gold,Jewellery,Earrings,Drop,Zinc,Worn Gold,,7.99,/241/52/220390_GD_1,220390_GD_1.jpg,none,,,,,,
220402_GD,220402,Earring TREND Gold,_GD,Gold,Jewellery,Earrings,Dangle,Brass; Zinc,,,9.99,/241/52/220402_GD_1,220402_GD_1.jpg,none,,,,,,
220433_BL,220433,Earring TREND Blue,_BL,Blue,Jewellery,Earrings,Dangle,Iron; Steel; Thermoplastic Polyurethane; Zinc,,,9.99,/241/52/220433_BL_1,220433_BL_1.jpg,none,,,,,,
220438_BL,220438,Earring TREND Blue,_BL,Blue,Jewellery,Earrings,Hoop Earrings,Acrylic; Iron,,,9.99,/241/52/220438_BL_1,220438_BL_1.jpg,none,,,,,,
220484_BM,220484,Earring SUNSET JUNCTION Bright Multicolor,_BM,Bright Multicolor,Jewellery,Earrings,Dangle,Acrylic; Stone,Other,,7.99,/241/52/220484_BM_1,220484_BM_1.jpg,none,,,,,,
220490_BM,220490,Earring SUNSET JUNCTION Bright Multicolor,_BM,Bright Multicolor,Jewellery,Earrings,Stud,Acrylic,Other,,8.99,/241/52/220490_BM_1,220490_BM_1.jpg,none,,,,,,
220616_GD,220616,Earring FORMENTERA Gold,_GD,Gold,Jewellery,Earrings,Stud,Zinc,Worn Gold,,5.99,/241/52/220616_GD_1,220616_GD_1.jpg,none,,,,,,
220715_LB,220715,Necklace FORMENTERA Light Blue,_LB,Light Blue,Jewellery,Necklaces,Collar,Brass; Cotton; Iron; Zinc,Golden,,12.99,/241/52/220715_LB_1,220715_LB_1.jpg,none,,,,,,
220728_PK,220728,Earring FORMENTERA Pink,_PK,Pink,Jewellery,Earrings,Dangle,Ceramic; Iron,Golden,,5.99,/241/52/220728_PK_1,220728_PK_1.jpg,none,,,,,,
220738_GD,220738,Bracelet FORMENTERA Gold,_GD,Gold,Jewellery,Bracelets,Cuff,Brass,Worn Gold,,7.99,/241/52/220738_GD_1,220738_GD_1.jpg,none,,,,,,
220771_HM,220771,Earring FORMENTERA Halftone Multicolor,_HM,Halftone Multicolor,Jewellery,Earrings,Hoop Earrings,Ceramic; Copper; Thermoplastic Polyurethane,Golden,,5.99,/241/52/220771_HM_1,220771_HM_1.jpg,none,,,,,,
220777_GD,220777,Earring FORMENTERA Gold,_GD,Gold,Jewellery,Earrings,Dangle,Brass; Zinc,Worn Gold,,8.99,/241/52/220777_GD_1,220777_GD_1.jpg,none,,,,,,
220783_YL,220783,Earring IDENTITY Yellow,_YL,Yellow,Jewellery,Earrings,Hoop Earrings,Glass; Iron,Worn Gold,,7.99,/241/52/220783_YL_1,220783_YL_1.jpg,none,,,,,,
220788_GD,220788,Earring FORMENTERA Gold,_GD,Gold,Jewellery,Earrings,Dangle,Iron,Brushed Golden,,5.99,/241/52/220788_GD_1,220788_GD_1.jpg,none,,,,,,
220803_WT,220803,Earring Golden Basics White,_WT,White,Jewellery,Earrings,Dangle,Shell; Zinc,Brushed Golden,,4.99,/242/52/220803_WT_1,220803_WT_1.jpg,none,,,,,,
220809_GD,220809,Set of Bracelets Golden Basics Gold,_GD,Gold,Jewellery,Bracelets,Anklet,Copper; Shell; Zinc,Golden,,7.99,/242/52/220809_GD_1,220809_GD_1.jpg,none,,,,,,
220816_WT,220816,Necklace Golden Basics White,_WT,White,Jewellery,Necklaces,Pendant,Copper; Iron; Shell,,,10.99,/242/52/220816_WT_1,220816_WT_1.jpg,none,,,,,,
220825_WT,220825,Set of Necklaces Golden Basics White,_WT,White,Jewellery,Necklaces,Pendant,Copper; Shell; Zinc,Golden,,12.99,/242/52/220825_WT_1,220825_WT_1.jpg,none,,,,,,
220834_WT,220834,Set of Necklaces Golden Basics White,_WT,White,Jewellery,Necklaces,Pendant,Shell; Steel; Zinc,Golden,,12.99,/242/52/220834_WT_1,220834_WT_1.jpg,none,,,,,,
220840_WT,220840,Bracelet Golden Basics White,_WT,White,Jewellery,Bracelets,Anklet,Shell; Steel; Zinc,Golden,,7.99,/242/52/220840_WT_1,220840_WT_1.jpg,none,,,,,,
220846_WT,220846,Earring Golden Basics White,_WT,White,Jewellery,Earrings,Dangle,Iron; Shell,Golden,,5.99,/242/52/220846_WT_1,220846_WT_1.jpg,none,,,,,,
220854_WT,220854,Earring Golden Basics White,_WT,White,Jewellery,Earrings,Dangle,Iron; Shell,Golden,,5.99,/242/52/220854_WT_1,220854_WT_1.jpg,none,,,,,,
220861_GD,220861,Ring Golden Basics Gold,_GD,Gold,Jewellery,Rings,Band Ring,Zinc,Brushed Golden,,5.99,/241/52/220861_GD_1,220861_GD_1.jpg,none,,,,,,
220870_WT,220870,Bracelet Golden Basics White,_WT,White,Jewellery,Bracelets,Elastic Bracelet,Shell; Thermoplastic Polyurethane,Golden,,5.99,/242/52/220870_WT_1,220870_WT_1.jpg,none,,,,,,
220878_OR,220878,Bracelet MADEIRA Orange,_OR,Orange,Jewellery,Bracelets,Non-Adjustable Bracelet,Cotton; Wood,Golden,,17.99,/241/52/220878_OR_1,220878_OR_1.jpg,none,,,,,,
220909_WT,220909,Bracelet Golden Basics White,_WT,White,Jewellery,Bracelets,Non-Adjustable Bracelet,Iron; Shell,Golden,,7.99,/242/52/220909_WT_1,220909_WT_1.jpg,none,,,,,,
220916_GD,220916,Ring Golden Basics Gold,_GD,Gold,Jewellery,Rings,Cocktail,Zinc,Golden,,5.99,/242/52/220916_GD_1,220916_GD_1.jpg,none,,,,,,
220923_GD,220923,Earring Golden Basics Gold,_GD,Gold,Jewellery,Earrings,Stud,Zinc,Golden,,5.99,/242/52/220923_GD_1,220923_GD_1.jpg,none,,,,,,
221016_WT,221016,Earring Golden Basics White,_WT,White,Jewellery,Earrings,Dangle,Iron; Shell,Brushed Golden,,8.99,/242/52/221016_WT_1,221016_WT_1.jpg,none,,,,,,
221023_IV,221023,Necklace Golden Basics Extra Ivory,_IV,Ivory,Jewellery,Necklaces,Pendant,Copper; Enamel; Iron; Zinc,,,10.99,/241/52/221023_IV_1,221023_IV_1.jpg,none,,,,,,
221033_WT,221033,Bracelet Golden Basics White,_WT,White,Jewellery,Bracelets,Elastic Bracelet,Shell,Other,,12.99,/242/52/221033_WT_1,221033_WT_1.jpg,none,,,,,,
221041_WT,221041,Earring Golden Basics White,_WT,White,Jewellery,Earrings,Stud,Shell; Zinc,Golden,,7.99,/242/52/221041_WT_1,221041_WT_1.jpg,none,,,,,,
221046_WT,221046,Earring Golden Basics White,_WT,White,Jewellery,Earrings,Dangle,Iron; Shell,Golden,,5.99,/242/52/221046_WT_1,221046_WT_1.jpg,none,,,,,,
221053_WT,221053,Set of Bracelets Golden Basics White,_WT,White,Jewellery,Bracelets,Elastic Bracelet,Shell; Thermoplastic Polyurethane; Zinc,Golden,,8.99,/241/52/221053_WT_1,221053_WT_1.jpg,none,,,,,,
221082_GD,221082,Earring GLDN DEL Gold,_GD,Gold,Jewellery,Earrings,Hoop Earrings,Glass; Steel; Zinc,Golden,,5.99,/242/52/221082_GD_2y,221082_GD_2y.jpg,none,,,,,,
221082_SV,221082,Earring SILVER D Silver,_SV,Silver,Jewellery,Earrings,Hoop Earrings,Glass; Steel; Zinc,Golden,,5.99,/242/52/221082_SV_1,221082_SV_1.jpg,none,,,,,,
221085_GD,221085,Earring GLDN DEL Gold,_GD,Gold,Jewellery,Earrings,Dangle,Glass; Steel; Zinc,,,9.99,/242/52/221085_GD_1,221085_GD_1.jpg,none,,,,,,
221095_GD,221095,Ring GLDN DEL Gold,_GD,Gold,Jewellery,Rings,Cocktail,Acrylic; Brass; Zirconium,Golden,,6.99,/242/52/221095_GD_1,221095_GD_1.jpg,none,,,,,,
221095_SV,221095,Ring SILVER D Silver,_SV,Silver,Jewellery,Rings,Cocktail,Acrylic; Brass; Zirconium,Golden,,6.99,/242/52/221095_SV_1,221095_SV_1.jpg,none,,,,,,
221101_GD,221101,Earring GLDN DEL Gold,_GD,Gold,Jewellery,Earrings,Hoop Earrings,Brass,Golden,,7.99,/242/52/221101_GD_2y,221101_GD_2y.jpg,none,,,,,,
221101_SV,221101,Earring SILVER D Silver,_SV,Silver,Jewellery,Earrings,Hoop Earrings,Brass,Golden,,7.99,/242/52/221101_SV_1,221101_SV_1.jpg,none,,,,,,
221104_GD,221104,Bracelet GLDN DEL Gold,_GD,Gold,Jewellery,Bracelets,Non-Adjustable Bracelet,Brass; Iron,Golden,,7.99,/242/52/221104_GD_1,221104_GD_1.jpg,none,,,,,,
221111_GD,221111,Ring GLDN DEL Gold,_GD,Gold,Jewellery,Rings,Band Ring,Acrylic; Brass; Polyester; Rubber,Golden,,5.99,/242/52/221111_GD_1,221111_GD_1.jpg,none,,,,,,
221111_SV,221111,Ring SILVER D Silver,_SV,Silver,Jewellery,Rings,Band Ring,Acrylic; Brass; Polyester; Rubber,Golden,,5.99,/242/52/221111_SV_1,221111_SV_1.jpg,none,,,,,,
221113_GD,221113,Earring GLDN DEL Gold,_GD,Gold,Jewellery,Earrings,Hoop Earrings,Acrylic; Brass; Iron; Pearl,Golden,,7.99,/242/52/221113_GD_1,221113_GD_1.jpg,none,,,,,,
221120_GD,221120,Earring GLDN DEL Gold,_GD,Gold,Jewellery,Earrings,Dangle,Iron,Golden,,5.99,/242/52/221120_GD_1,221120_GD_1.jpg,none,,,,,,
221120_SV,221120,Earring SILVER D Silver,_SV,Silver,Jewellery,Earrings,Dangle,Iron,Golden,,5.99,/242/52/221120_SV_1,221120_SV_1.jpg,none,,,,,,
221124_GD,221124,Earring GLDN DEL Gold,_GD,Gold,Jewellery,Earrings,Dangle,Iron; Zinc,,,9.99,/242/52/221124_GD_1,221124_GD_1.jpg,none,,,,,,
221149_BM,221149,Necklace TROPICAL GEMS Bright Multicolor,_BM,Bright Multicolor,Jewellery,Necklaces,Beaded Necklace,Cotton; Glass; Iron; Pearl; Zinc,Golden,,15.99,/241/52/221149_BM_1,221149_BM_1.jpg,none,,,,,,
221164_BM,221164,Earring TROPICAL GEMS Bright Multicolor,_BM,Bright Multicolor,Jewellery,Earrings,Hoop Earrings,Glass; Iron; Shell,Golden,,5.99,/241/52/221164_BM_1,221164_BM_1.jpg,none,,,,,,
221238_BM,221238,Set of Necklaces TROPICAL GEMS Bright Multicolor,_BM,Bright Multicolor,Jewellery,Necklaces,Beaded Necklace,Brass; Glass; Shell; Zinc,Golden,,12.99,/241/52/221238_BM_1,221238_BM_1.jpg,none,,,,,,
221244_BM,221244,Bracelet TROPICAL GEMS Bright Multicolor,_BM,Bright Multicolor,Jewellery,Bracelets,Elastic Bracelet,Elastane; Enamel; Glass; Shell; Thermoplastic Polyurethane,Golden,,7.99,/241/52/221244_BM_1,221244_BM_1.jpg,none,,,,,,
221250_BM,221250,Necklace TROPICAL GEMS Bright Multicolor,_BM,Bright Multicolor,Jewellery,Necklaces,Chain,Acrylic; Glass; Iron; Shell,,,10.99,/241/52/221250_BM_1,221250_BM_1.jpg,none,,,,,,
221259_GD,221259,Ring TROPICAL GEMS Gold,_GD,Gold,Jewellery,Rings,Band Ring,Zinc,Golden,,4.99,/241/52/221259_GD_1,221259_GD_1.jpg,none,,,,,,
221267_SV,221267,Necklace SILVER D Silver,_SV,Silver,Jewellery,Necklaces,Y-Necklace,Brass; Iron; Pearl; Zirconium,,,10.99,/242/52/221267_SV_1,221267_SV_1.jpg,none,,,,,,
221276_GD,221276,Earring GLDN DEL Gold,_GD,Gold,Jewellery,Earrings,Dangle,Brass; Zirconium,Golden,,7.99,/242/52/221276_GD_1,221276_GD_1.jpg,none,,,,,,
221281_BM,221281,Earring TROPICAL GEMS Bright Multicolor,_BM,Bright Multicolor,Jewellery,Earrings,Dangle,Acrylic; Iron; Shell,Golden,,5.99,/241/52/221281_BM_1,221281_BM_1.jpg,none,,,,,,
221291_GD,221291,Earring GLDN DEL Gold,_GD,Gold,Jewellery,Earrings,Hoop Earrings,Acrylic; Brass,Golden,,5.99,/242/52/221291_GD_1,221291_GD_1.jpg,none,,,,,,
221291_SV,221291,Earring SILVER D Silver,_SV,Silver,Jewellery,Earrings,Hoop Earrings,Acrylic; Brass,Golden,,5.99,/242/52/221291_SV_1,221291_SV_1.jpg,none,,,,,,
221293_GD,221293,Necklace GLDN DEL Gold,_GD,Gold,Jewellery,Necklaces,Beaded Necklace,Acrylic; Brass; Pearl,Golden,,12.99,/242/52/221293_GD_1,221293_GD_1.jpg,none,,,,,,
221444_BL,221444,Bracelet Arm Sea Blue,_BL,Blue,Jewellery,Bracelets,Non-Adjustable Bracelet,Stone; Zinc; Zirconium,Other,,7.99,/242/52/221444_BL_1,221444_BL_1.jpg,none,,,,,,
221453_BM,221453,Key Chain FASHION SUPPLEMENTS Bright Multicolor,_BM,Bright Multicolor,Jewellery,Key chains,Figures,Glass; Iron,,,9.99,/242/52/221453_BM_1,221453_BM_1.jpg,none,,,,,,
221482_HM,221482,Bracelet Arm Sand Halftone Multicolor,_HM,Halftone Multicolor,Jewellery,Bracelets,Adjustable Bracelet,Acrylic; Brass; Iron; Polyester; Stone,Golden,,7.99,/242/52/221482_HM_1,221482_HM_1.jpg,none,,,,,,
221506_BG,221506,Bracelet Arm Sand Beige,_BG,Beige,Jewellery,Bracelets,Adjustable Bracelet,Polyester; Zinc,Golden,,7.99,/242/52/221506_BG_1,221506_BG_1.jpg,none,,,,,,
221516_BG,221516,Bracelet Arm Sand Beige,_BG,Beige,Jewellery,Bracelets,Adjustable Bracelet,Copper; Enamel; Pearl; Polyamide; Stone; Thermoplastic Polyurethane; Zinc,Golden,,5.99,/242/52/221516_BG_1,221516_BG_1.jpg,none,,,,,,
221524_IV,221524,Key Chain FASHION SUPPLEMENTS Ivory,_IV,Ivory,Jewellery,Key chains,Charms,Thermoplastic Polyurethane; Zinc,Golden,,8.99,/242/52/221524_IV_1,221524_IV_1.jpg,none,,,,,,
221544_GD,221544,Pin FASHION SUPPLEMENTS Gold,_GD,Gold,Jewellery,Pins,Flower,Iron; Pearl; Zinc,Golden,,6.99,/242/52/221544_GD_2y,221544_GD_2y.jpg,none,,,,,,
221559_BM,221559,Key Chain FASHION SUPPLEMENTS Bright Multicolor,_BM,Bright Multicolor,Jewellery,Key chains,Other Key-Chain,Aluminium; Iron; Polyester; Rubber; Zinc,Golden,,12.99,/242/52/221559_BM_1,221559_BM_1.jpg,none,,,,,,
221567_IV,221567,Pin FASHION SUPPLEMENTS Ivory,_IV,Ivory,Jewellery,Pins,Flower,Brass; Enamel; Zinc,Golden,,6.99,/242/52/221567_IV_2y,221567_IV_2y.jpg,none,,,,,,
221581_HM,221581,Earring GLDN DEL Halftone Multicolor,_HM,Halftone Multicolor,Jewellery,Earrings,Dangle,Resin; Zinc; Zirconium,Golden,,7.99,/242/52/221581_HM_1,221581_HM_1.jpg,none,,,,,,
221615_HM,221615,Ring GLDN DEL Halftone Multicolor,_HM,Halftone Multicolor,Jewellery,Rings,Cocktail,Brass; Zirconium,Golden,,6.99,/242/52/221615_HM_1,221615_HM_1.jpg,none,,,,,,
221620_HM,221620,Ring GLDN DEL Halftone Multicolor,_HM,Halftone Multicolor,Jewellery,Rings,Cocktail,Brass; Zirconium,Golden,,5.99,/242/52/221620_HM_1,221620_HM_1.jpg,none,,,,,,
221631_HM,221631,Ring GLDN DEL Halftone Multicolor,_HM,Halftone Multicolor,Jewellery,Rings,Cocktail,Brass; Zirconium,Golden,,6.99,/242/52/221631_HM_1,221631_HM_1.jpg,none,,,,,,
221809_AQ,221809,Earring WATERMELON PARTY Aquamarine,_AQ,Aquamarine,Jewellery,Earrings,Dangle,Iron; Shell,Golden,,5.99,/242/52/221809_AQ_1,221809_AQ_1.jpg,none,,,,,,
221819_BM,221819,Bracelet WATERMELON PARTY Bright Multicolor,_BM,Bright Multicolor,Jewellery,Bracelets,Anklet,Glass; Iron; Shell,Golden,,7.99,/242/52/221819_BM_1,221819_BM_1.jpg,none,,,,,,
221828_BM,221828,Bracelet WATERMELON PARTY Bright Multicolor,_BM,Bright Multicolor,Jewellery,Bracelets,Anklet,Brass; Iron; Shell,Golden,,7.99,/242/52/221828_BM_1,221828_BM_1.jpg,none,,,,,,
221837_BM,221837,Earring WATERMELON PARTY Bright Multicolor,_BM,Bright Multicolor,Jewellery,Earrings,Dangle,Iron; Shell,,,9.99,/242/52/221837_BM_1,221837_BM_1.jpg,none,,,,,,
221844_CL,221844,Earring WATERMELON PARTY Coral,_CL,Coral,Jewellery,Earrings,Dangle,Cotton; Glass; Iron; Polyurethane,,,9.99,/242/52/221844_CL_1,221844_CL_1.jpg,none,,,,,,
221884_CL,221884,Earring WATERMELON PARTY Coral,_CL,Coral,Jewellery,Earrings,Dangle,Iron; Shell; Zinc,Worn Gold,,5.99,/242/52/221884_CL_1,221884_CL_1.jpg,none,,,,,,
221884_TG,221884,Earring WATERMELON PARTY Pastel Green,_TG,Pastel Green,Jewellery,Earrings,Dangle,Iron; Shell; Zinc,Worn Gold,,5.99,/242/52/221884_TG_1,221884_TG_1.jpg,none,,,,,,
221903_AQ,221903,Earring WATERMELON PARTY Aquamarine,_AQ,Aquamarine,Jewellery,Earrings,Stud,Shell; Zinc,Golden,,5.99,/242/52/221903_AQ_1,221903_AQ_1.jpg,none,,,,,,
221923_AQ,221923,Earring WATERMELON PARTY Aquamarine,_AQ,Aquamarine,Jewellery,Earrings,Dangle,Iron; Shell,Brushed Golden,,5.99,/242/52/221923_AQ_1,221923_AQ_1.jpg,none,,,,,,
222001_OX,222001,Earring WATERMELON PARTY Oxford Blue,_OX,Oxford Blue,Jewellery,Earrings,Dangle,Iron; Shell,Golden,,5.99,/242/52/222001_OX_1,222001_OX_1.jpg,none,,,,,,
222050_BM,222050,Earring WATERMELON PARTY Bright Multicolor,_BM,Bright Multicolor,Jewellery,Earrings,Hoop Earrings,Brass; Shell,Golden,,5.99,/242/52/222050_BM_1,222050_BM_1.jpg,none,,,,,,
222064_BM,222064,Bracelet WATERMELON PARTY Bright Multicolor,_BM,Bright Multicolor,Jewellery,Bracelets,Anklet,Brass; Glass; Iron; Resin; Shell; Stone,Golden,,7.99,/242/52/222064_BM_1,222064_BM_1.jpg,none,,,,,,
222078_AQ,222078,Necklace WATERMELON PARTY Aquamarine,_AQ,Aquamarine,Jewellery,Necklaces,Beaded Necklace,Iron; Shell,,,10.99,/242/52/222078_AQ_1,222078_AQ_1.jpg,none,,,,,,
222085_BM,222085,Earring WATERMELON PARTY Bright Multicolor,_BM,Bright Multicolor,Jewellery,Earrings,Dangle,Brass; Iron; Shell,Brushed Golden,,7.99,/242/52/222085_BM_1,222085_BM_1.jpg,none,,,,,,
222610_TG,222610,Earring WATERMELON PARTY Pastel Green,_TG,Pastel Green,Jewellery,Earrings,Hoop Earrings,Glass; Zinc,Golden,,7.99,/242/52/222610_TG_1,222610_TG_1.jpg,none,,,,,,
223000_GD,223000,Bracelet SPIRIT Gold,_GD,Gold,Jewellery,Bracelets,Cuff,Zinc,,,9.99,/242/52/223000_GD_1,223000_GD_1.jpg,none,,,,,,
223007_PM,223007,Set of Necklaces SPIRIT Pastel Multicolor,_PM,Pastel Multicolor,Jewellery,Necklaces,Chain,Acrylic; Brass; Cork; Iron; Pearl; Stone; Zinc,Matte Golden,,15.99,/242/52/223007_PM_1,223007_PM_1.jpg,none,,,,,,
223015_PM,223015,Bracelet SPIRIT Pastel Multicolor,_PM,Pastel Multicolor,Jewellery,Bracelets,Elastic Bracelet,Acrylic; Brass; Cork; Glass; Pearl; Stone; Zinc,Matte Golden,,7.99,/242/52/223015_PM_1,223015_PM_1.jpg,none,,,,,,
223027_DN,223027,Bracelet SPIRIT Dark Green,_DN,Dark Green,Jewellery,Bracelets,Elastic Bracelet,Acrylic; Iron; Stone; Thermoplastic Polyurethane,Matte Golden,,7.99,/242/52/223027_DN_1,223027_DN_1.jpg,none,,,,,,
223059_GN,223059,Earring SPIRIT Green,_GN,Green,Jewellery,Earrings,Hoop Earrings,Acrylic; Zinc,Matte Golden,,5.99,/242/52/223059_GN_1,223059_GN_1.jpg,none,,,,,,
223068_TG,223068,Earring SPIRIT Pastel Green,_TG,Pastel Green,Jewellery,Earrings,Stud,Iron; Metal and Plastic; Resin; Zinc,Matte Golden,,5.99,/242/52/223068_TG_1,223068_TG_1.jpg,none,,,,,,
223116_PM,223116,Earring SPIRIT Pastel Multicolor,_PM,Pastel Multicolor,Jewellery,Earrings,Stud,Stone; Thermoplastic Polyurethane; Zinc,Matte Golden,,5.99,/242/52/223116_PM_1,223116_PM_1.jpg,none,,,,,,
223123_PM,223123,Set of Earrings SPIRIT Pastel Multicolor,_PM,Pastel Multicolor,Jewellery,Earrings,Hoop Earrings,Pearl; Steel; Thermoplastic Polyurethane; Zinc,Matte Golden,,7.99,/242/52/223123_PM_1,223123_PM_1.jpg,none,,,,,,
223210_BM,223210,Bracelet MARBLEMANIA Bright Multicolor,_BM,Bright Multicolor,Jewellery,Bracelets,Elastic Bracelet,Acrylic; Glass; Polyester,Other,,7.99,/242/52/223210_BM_1,223210_BM_1.jpg,none,,,,,,
223225_HM,223225,Bracelet MARBLEMANIA Halftone Multicolor,_HM,Halftone Multicolor,Jewellery,Bracelets,Elastic Bracelet,Acrylic; Cork,,,9.99,/242/52/223225_HM_1,223225_HM_1.jpg,none,,,,,,
223242_DN,223242,Earring TREND Dark Green,_DN,Dark Green,Jewellery,Earrings,Stud,Cork; Cotton; Glass; Iron; Thermoplastic Polyurethane,Other,,12.99,/242/52/223242_DN_1,223242_DN_1.jpg,none,,,,,,
223242_WT,223242,Earring TREND White,_WT,White,Jewellery,Earrings,Stud,Cork; Cotton; Glass; Iron; Thermoplastic Polyurethane,Other,,12.99,/242/52/223242_WT_1,223242_WT_1.jpg,none,,,,,,
223244_HM,223244,Earring MARBLEMANIA Halftone Multicolor,_HM,Halftone Multicolor,Jewellery,Earrings,Hoop Earrings,Acrylic; Cork; Iron,Other,,5.99,/242/52/223244_HM_1,223244_HM_1.jpg,none,,,,,,
223257_GD,223257,Earring TREND Gold,_GD,Gold,Jewellery,Earrings,Drop,Brass; Steel; Zinc,,,9.99,/242/52/223257_GD_1,223257_GD_1.jpg,none,,,,,,
223265_HM,223265,Set of Necklaces MARBLEMANIA Halftone Multicolor,_HM,Halftone Multicolor,Jewellery,Necklaces,Pendant,Cork; Cotton; Resin; Stone; Zinc,Other,,15.99,/242/52/223265_HM_1,223265_HM_1.jpg,none,,,,,,
223272_OR,223272,Earring TREND Orange,_OR,Orange,Jewellery,Earrings,Dangle,Metal Fitting; Resin,Worn Gold,,12.99,/242/52/223272_OR_1,223272_OR_1.jpg,none,,,,,,
223286_BM,223286,Ring MARBLEMANIA Bright Multicolor,_BM,Bright Multicolor,Jewellery,Rings,Band Ring,Iron; Thermoplastic Polyurethane,Other,,7.99,/242/52/223286_BM_1,223286_BM_1.jpg,none,,,,,,
223304_TQ,223304,Ring MARBLEMANIA Turquoise,_TQ,Turquoise,Jewellery,Rings,Band Ring,Thermoplastic Polyurethane,Other,,7.99,/242/52/223304_TQ_1,223304_TQ_1.jpg,none,,,,,,
223320_DN,223320,Earring TREND Dark Green,_DN,Dark Green,Jewellery,Earrings,Dangle,Iron; Metal Fitting; Raffia; Wood,Worn Gold,,15.99,/242/52/223320_DN_1,223320_DN_1.jpg,none,,,,,,
223325_BM,223325,Earring MARBLEMANIA Bright Multicolor,_BM,Bright Multicolor,Jewellery,Earrings,Tassel Earring,Copper; Polyester; Resin,,,9.99,/242/52/223325_BM_1,223325_BM_1.jpg,none,,,,,,
223353_GD,223353,Necklace TREND Gold,_GD,Gold,Jewellery,Necklaces,Pendant,Brass; Cork; Iron,Brushed Golden,,19.99,/242/52/223353_GD_1,223353_GD_1.jpg,none,,,,,,
223354_DN,223354,Earring TREND Dark Green,_DN,Dark Green,Jewellery,Earrings,Stud,Acrylic; Cork; Glass,,,9.99,/242/52/223354_DN_1,223354_DN_1.jpg,none,,,,,,
223354_OR,223354,Earring TREND Orange,_OR,Orange,Jewellery,Earrings,Stud,Acrylic; Glass,,,9.99,/242/52/223354_OR_1,223354_OR_1.jpg,none,,,,,,
223354_WT,223354,Earring TREND White,_WT,White,Jewellery,Earrings,Stud,Acrylic; Cork; Glass,,,9.99,/242/52/223354_WT_1,223354_WT_1.jpg,none,,,,,,
223360_GD,223360,Earring TREND Gold,_GD,Gold,Jewellery,Earrings,Stud,Cork; Zinc,Worn Gold,,12.99,/242/52/223360_GD_1,223360_GD_1.jpg,none,,,,,,
223373_GD,223373,Earring TREND Gold,_GD,Gold,Jewellery,Earrings,Dangle,Brass; Zinc,Golden,,15.99,/242/52/223373_GD_1,223373_GD_1.jpg,none,,,,,,
223419_WT,223419,Earring TREND White,_WT,White,Jewellery,Earrings,Dangle,Cork; Cotton; Glass; Iron,Other,,12.99,/242/52/223419_WT_1,223419_WT_1.jpg,none,,,,,,
2236401PU,223640,Fan FASHION SUPPLEMENTS Purple,1PU,Purple,Jewellery,Other Jewellery,Fan,Bamboo; Cork; Iron; Nylon,Other,,12.99,/242/52/2236401PU_1,2236401PU_1.jpg,none,,,,,,
223690_BR,223690,Earring MUSTANG Brick Red,_BR,Brick Red,Jewellery,Earrings,Hoop Earrings,Acrylic; Cork,Other,,7.99,/242/52/223690_BR_1,223690_BR_1.jpg,none,,,,,,
223700_GD,223700,Necklace MUSTANG Gold,_GD,Gold,Jewellery,Necklaces,Collar,Cork; Iron; Zinc,Antik Golden,,12.99,/242/52/223700_GD_1,223700_GD_1.jpg,none,,,,,,
223706_HM,223706,Earring MUSTANG Halftone Multicolor,_HM,Halftone Multicolor,Jewellery,Earrings,Dangle,Cork; Thermoplastic Polyurethane; Zinc,Antik Golden,,7.99,/242/52/223706_HM_1,223706_HM_1.jpg,none,,,,,,
223725_GN,223725,Key Chain FASHION SUPPLEMENTS Green,_GN,Green,Jewellery,Key chains,Figures,Clay; Cork; Crystal Glass; Zinc,Golden,,9.99,/242/52/223725_GN_1,223725_GN_1.jpg,none,,,,,,
223738_SV,223738,Necklace silver basics EXTRA Silver,_SV,Silver,Jewellery,Necklaces,Beaded Necklace,Brass; Cork; Thermoplastic Polyurethane; Zinc,Rodhium,,12.99,/242/52/223738_SV_1,223738_SV_1.jpg,none,,,,,,
223746_BR,223746,Necklace MUSTANG Brick Red,_BR,Brick Red,Jewellery,Necklaces,Pendant,Cork; Iron; Resin; Zinc,Antik Golden,,12.99,/242/52/223746_BR_1,223746_BR_1.jpg,none,,,,,,
223752_HM,223752,Ring MUSTANG Halftone Multicolor,_HM,Halftone Multicolor,Jewellery,Rings,Stone/Gem,Acrylic; Cork; Zinc,Antik Golden,,4.99,/242/52/223752_HM_1,223752_HM_1.jpg,none,,,,,,
223757_HM,223757,Earring MUSTANG Halftone Multicolor,_HM,Halftone Multicolor,Jewellery,Earrings,Hoop Earrings,Cork; Resin; Zinc,Antik Golden,,7.99,/242/52/223757_HM_1,223757_HM_1.jpg,none,,,,,,
223779_LB,223779,Bracelet MUSTANG Light Blue,_LB,Light Blue,Jewellery,Bracelets,Cuff,Cork; Iron; Thermoplastic Polyurethane,Antik Golden,,7.99,/242/52/223779_LB_1,223779_LB_1.jpg,none,,,,,,
223788_HM,223788,Earring MUSTANG Halftone Multicolor,_HM,Halftone Multicolor,Jewellery,Earrings,Drop,Cork; Steel; Thermoplastic Polyurethane,Other,,5.99,/242/52/223788_HM_1,223788_HM_1.jpg,none,,,,,,
223794_SV,223794,Ring silver basics EXTRA Silver,_SV,Silver,Jewellery,Rings,Band Ring,Zinc,Rodhium,,5.99,/242/52/223794_SV_1,223794_SV_1.jpg,none,,,,,,
223804_GY,223804,Earring MUSTANG Grey,_GY,Grey,Jewellery,Earrings,Dangle,Acrylic; Cork; Pearl; Resin; Zinc,Antik Golden,,15.99,/242/52/223804_GY_1,223804_GY_1.jpg,none,,,,,,
223810_HM,223810,Set of Bracelets MUSTANG Halftone Multicolor,_HM,Halftone Multicolor,Jewellery,Bracelets,Elastic Bracelet,Acrylic; Cork; Pearl; Stone; Thermoplastic Polyurethane,,,9.99,/242/52/223810_HM_1,223810_HM_1.jpg,none,,,,,,
223817_SV,223817,Necklace silver basics EXTRA Silver,_SV,Silver,Jewellery,Necklaces,Pendant,Copper; Zinc,,,10.99,/242/52/223817_SV_1,223817_SV_1.jpg,none,,,,,,
223823_SV,223823,Ring silver basics EXTRA Silver,_SV,Silver,Jewellery,Rings,Band Ring,Cork; Zinc,Rodhium,,5.99,/242/52/223823_SV_1,223823_SV_1.jpg,none,,,,,,
223832_SV,223832,Ring SILVER BASICS Silver,_SV,Silver,Jewellery,Rings,Band Ring,Cork; Zinc,Rodhium,,6.99,/242/52/223832_SV_1,223832_SV_1.jpg,none,,,,,,
223837_SV,223837,Earring SILVER BASICS Silver,_SV,Silver,Jewellery,Earrings,Hoop Earrings,Cork; Thermoplastic Polyurethane,Rodhium,,5.99,/242/52/223837_SV_1,223837_SV_1.jpg,none,,,,,,
223844_SV,223844,Earring SILVER BASICS Silver,_SV,Silver,Jewellery,Earrings,Stud,Cork; Zinc,Rodhium,,7.99,/242/52/223844_SV_1,223844_SV_1.jpg,none,,,,,,
223851_RD,223851,Set of Bracelets SILVER BASICS Red,_RD,Red,Jewellery,Bracelets,Elastic Bracelet,Acrylic; Cork; Elastane; Glass; Thermoplastic Polyurethane; Zinc,Rodhium,,7.99,/242/52/223851_RD_1,223851_RD_1.jpg,none,,,,,,
223858_SV,223858,Earring SILVER BASICS Silver,_SV,Silver,Jewellery,Earrings,Dangle,Cork; Zinc,Rodhium,,5.99,/242/52/223858_SV_1,223858_SV_1.jpg,none,,,,,,
223864_RD,223864,Set of Earrings SILVER BASICS Red,_RD,Red,Jewellery,Earrings,Ear Cuff,Cork; Zinc,Rodhium,,5.99,/242/52/223864_RD_1,223864_RD_1.jpg,none,,,,,,
223879_SV,223879,Earring SILVER BASICS Silver,_SV,Silver,Jewellery,Earrings,Stud,Zinc,Rodhium,,5.99,/242/52/223879_SV_1,223879_SV_1.jpg,none,,,,,,
223888_RD,223888,Set of Bracelets SILVER BASICS Red,_RD,Red,Jewellery,Bracelets,Elastic Bracelet,Acrylic; Iron,,,9.99,/242/52/223888_RD_1,223888_RD_1.jpg,none,,,,,,
223890_SV,223890,Bracelet SILVER BASICS Silver,_SV,Silver,Jewellery,Bracelets,Elastic Bracelet,Zinc,Rodhium,,8.99,/242/52/223890_SV_1,223890_SV_1.jpg,none,,,,,,
223900_SV,223900,Earring SILVER BASICS Silver,_SV,Silver,Jewellery,Earrings,Hoop Earrings,Cork; Zinc,Rodhium,,5.99,/242/52/223900_SV_1,223900_SV_1.jpg,none,,,,,,
223907_SV,223907,Earring SILVER BASICS Silver,_SV,Silver,Jewellery,Earrings,Ear Jacket,Zinc,Rodhium,,5.99,/242/52/223907_SV_1,223907_SV_1.jpg,none,,,,,,
223913_SV,223913,Earring SILVER BASICS Silver,_SV,Silver,Jewellery,Earrings,Stud,Stainless Steel; Zinc,Rodhium,,5.99,/242/52/223913_SV_1,223913_SV_1.jpg,none,,,,,,
223952_SV,223952,Earring SILVER D Silver,_SV,Silver,Jewellery,Earrings,Drop,Glass; Iron; Zinc,Rodhium,,8.99,/242/52/223952_SV_1,223952_SV_1.jpg,none,,,,,,
224058_SV,224058,Jewellery SILVER BASICS Silver,_SV,Silver,Jewellery,Charms,Letter,Cork; Zinc,,,3.99,/242/52/224058_SV_1,224058_SV_1.jpg,none,,,,,,
224265_DM,224265,Earring MONETT Dark Multicolor,_DM,Dark Multicolor,Jewellery,Earrings,Clip with Post,Iron; Resin,Golden,,7.99,/242/52/224265_DM_1,224265_DM_1.jpg,none,,,,,,
224299_HM,224299,Earring MONETT Halftone Multicolor,_HM,Halftone Multicolor,Jewellery,Earrings,Dangle,Cork; Iron; Resin,Brushed Golden,,5.99,/242/52/224299_HM_1,224299_HM_1.jpg,none,,,,,,
224304_GN,224304,Ring MONETT Green,_GN,Green,Jewellery,Rings,Cocktail,Enamel; Zinc,Golden,,4.99,/242/52/224304_GN_1,224304_GN_1.jpg,none,,,,,,
224316_HM,224316,Bracelet MONETT Halftone Multicolor,_HM,Halftone Multicolor,Jewellery,Bracelets,Elastic Bracelet,Thermoplastic Polyurethane,,,9.99,/242/52/224316_HM_1,224316_HM_1.jpg,none,,,,,,
224338_HM,224338,Earring MONETT Halftone Multicolor,_HM,Halftone Multicolor,Jewellery,Earrings,Dangle,Thermoplastic Polyurethane; Zinc,Brushed Golden,,7.99,/242/52/224338_HM_1,224338_HM_1.jpg,none,,,,,,
224380_HM,224380,Earring MONETT Halftone Multicolor,_HM,Halftone Multicolor,Jewellery,Earrings,Dangle,Resin; Zinc,Brushed Golden,,5.99,/242/52/224380_HM_1,224380_HM_1.jpg,none,,,,,,
224388_HM,224388,Earring MONETT Halftone Multicolor,_HM,Halftone Multicolor,Jewellery,Earrings,Hoop Earrings,Acrylic; Iron,Brushed Golden,,7.99,/242/52/224388_HM_1,224388_HM_1.jpg,none,,,,,,
224396_BU,224396,Bracelet MONETT Burgundy,_BU,Burgundy,Jewellery,Bracelets,Cuff,Enamel; Zinc,Golden,,12.99,/242/52/224396_BU_1,224396_BU_1.jpg,none,,,,,,
224405_HM,224405,Earring MONETT Halftone Multicolor,_HM,Halftone Multicolor,Jewellery,Earrings,Dangle,Acrylic; Cork; Iron,,,7.99,/242/52/224405_HM_1,224405_HM_1.jpg,none,,,,,,
224411_MT,224411,Earring MONETT Mint,_MT,Mint,Jewellery,Earrings,Hoop Earrings,Thermoplastic Polyurethane,Golden,,5.99,/242/52/224411_MT_1,224411_MT_1.jpg,none,,,,,,
224518_GD,224518,Ring GLDN DEL Gold,_GD,Gold,Jewellery,Rings,Cocktail,Brass; Glass; Zirconium,Golden,,5.99,/242/52/224518_GD_1,224518_GD_1.jpg,none,,,,,,
224519_GD,224519,Bracelet GLDN DEL Gold,_GD,Gold,Jewellery,Bracelets,Non-Adjustable Bracelet,Acrylic; Brass; Pearl; Zinc,Golden,,6.99,/242/52/224519_GD_1,224519_GD_1.jpg,none,,,,,,
224519_SV,224519,Bracelet SILVER D Silver,_SV,Silver,Jewellery,Bracelets,Non-Adjustable Bracelet,Acrylic; Brass; Pearl; Zinc,Silver,,6.99,/242/52/224519_SV_1,224519_SV_1.jpg,none,,,,,,
224561_BK,224561,Earring Milagro Black,_BK,Black,Jewellery,Earrings,Dangle,Cork; Glass; Iron; Zinc,Brushed Golden,,7.99,/242/52/224561_BK_1,224561_BK_1.jpg,none,,,,,,
224569_BK,224569,Earring Milagro Black,_BK,Black,Jewellery,Earrings,Stud,Zinc,Golden,,5.99,/242/52/224569_BK_1,224569_BK_1.jpg,none,,,,,,
224575_BK,224575,Necklace Milagro Black,_BK,Black,Jewellery,Necklaces,Pendant,Iron; Polyurethane; Thermoplastic Polyurethane; Zinc,,,10.99,/242/52/224575_BK_1,224575_BK_1.jpg,none,,,,,,
224587_GD,224587,Earring Milagro Gold,_GD,Gold,Jewellery,Earrings,Stud,Cork; Zinc,Golden,,4.99,/242/52/224587_GD_1,224587_GD_1.jpg,none,,,,,,
224594_BK,224594,Necklace Milagro Black,_BK,Black,Jewellery,Necklaces,Beaded Necklace,Cork; Iron; Resin; Zinc,Other,,15.99,/242/52/224594_BK_1,224594_BK_1.jpg,none,,,,,,
224602_GD,224602,Earring Milagro Gold,_GD,Gold,Jewellery,Earrings,Stud,Cork; Zinc,Golden,,5.99,/242/52/224602_GD_1,224602_GD_1.jpg,none,,,,,,
224607_BK,224607,Earring Milagro Black,_BK,Black,Jewellery,Earrings,Dangle,Glass; Zinc,Golden,,7.99,/242/52/224607_BK_1,224607_BK_1.jpg,none,,,,,,
224615_BK,224615,Ring Milagro Black,_BK,Black,Jewellery,Rings,Fantasy,Thermoplastic Polyurethane; Zinc,Golden,,5.99,/242/52/224615_BK_1,224615_BK_1.jpg,none,,,,,,
224624_BK,224624,Ring Milagro Black,_BK,Black,Jewellery,Rings,Fantasy,Thermoplastic Polyurethane; Zinc,Golden,,6.99,/242/52/224624_BK_1,224624_BK_1.jpg,none,,,,,,
224629_BK,224629,Earring Milagro Black,_BK,Black,Jewellery,Earrings,Stud,Cork; Stone; Zinc,Golden,,4.99,/242/52/224629_BK_1,224629_BK_1.jpg,none,,,,,,
224642_GD,224642,Earring Golden Basics Gold,_GD,Gold,Jewellery,Earrings,Hoop Earrings,Thermoplastic Polyurethane,Golden,,5.99,/242/52/224642_GD_1,224642_GD_1.jpg,none,,,,,,
224656_GD,224656,Ring Golden Basics Gold,_GD,Gold,Jewellery,Rings,Cocktail,Zinc,Golden,,5.99,/242/52/224656_GD_1,224656_GD_1.jpg,none,,,,,,
224662_GD,224662,Set of Necklaces Golden Basics Gold,_GD,Gold,Jewellery,Necklaces,Pendant,Iron; Zinc,Golden,,12.99,/242/52/224662_GD_1,224662_GD_1.jpg,none,,,,,,
224671_GD,224671,Necklace Golden Basics Gold,_GD,Gold,Jewellery,Necklaces,Beaded Necklace,Brass; Cork; Iron; Zinc,Golden,,12.99,/242/52/224671_GD_1,224671_GD_1.jpg,none,,,,,,
224677_GD,224677,Necklace Golden Basics Gold,_GD,Gold,Jewellery,Necklaces,Pendant,Iron,Golden,,12.99,/242/52/224677_GD_1,224677_GD_1.jpg,none,,,,,,
224684_GD,224684,Earring Golden Basics Gold,_GD,Gold,Jewellery,Earrings,Dangle,Steel,Golden,,5.99,/242/52/224684_GD_1,224684_GD_1.jpg,none,,,,,,
224723_HM,224723,Earring NOMADA Halftone Multicolor,_HM,Halftone Multicolor,Jewellery,Earrings,Dangle,Cork; Glass; Iron; Stone; Zinc,Golden,,7.99,/242/52/224723_HM_1,224723_HM_1.jpg,none,,,,,,
224730_TL,224730,Earring NOMADA Teal,_TL,Teal,Jewellery,Earrings,Dangle,Acrylic; Cork; Iron,Golden,,5.99,/242/52/224730_TL_1,224730_TL_1.jpg,none,,,,,,
224738_HM,224738,Bracelet NOMADA Halftone Multicolor,_HM,Halftone Multicolor,Jewellery,Bracelets,Elastic Bracelet,Acrylic; Elastane; Stone; Thermoplastic Polyurethane; Zinc,Golden,,7.99,/242/52/224738_HM_1,224738_HM_1.jpg,none,,,,,,
224753_LG,224753,Ring NOMADA Light Grey,_LG,Light Grey,Jewellery,Rings,Band Ring,Cork; Stone; Zinc,Golden,,4.99,/242/52/224753_LG_1,224753_LG_1.jpg,none,,,,,,
224769_HM,224769,Necklace NOMADA Halftone Multicolor,_HM,Halftone Multicolor,Jewellery,Necklaces,Pendant,Brass; Cork; Glass; Iron; Resin; Stone,Golden,,12.99,/242/52/224769_HM_1,224769_HM_1.jpg,none,,,,,,
224779_TL,224779,Earring NOMADA Teal,_TL,Teal,Jewellery,Earrings,Dangle,Cork; Thermoplastic Polyurethane; Zinc,Golden,,5.99,/242/52/224779_TL_1,224779_TL_1.jpg,none,,,,,,
224802_MM,224802,Earring NOMADA Metallic Multicolor,_MM,Metallic Multicolor,Jewellery,Earrings,Hoop Earrings,Iron; Zinc,Multifinishing,,5.99,/242/52/224802_MM_2y,224802_MM_2y.jpg,none,,,,,,
224810_IG,224810,Necklace NOMADA Indigo,_IG,Indigo,Jewellery,Necklaces,Chain,Cork; Iron; Stone; Zinc,,,10.99,/242/52/224810_IG_1,224810_IG_1.jpg,none,,,,,,
224818_MM,224818,Ring NOMADA Metallic Multicolor,_MM,Metallic Multicolor,Jewellery,Rings,Fantasy,Cork; Zinc,Multifinishing,,5.99,/242/52/224818_MM_1,224818_MM_1.jpg,none,,,,,,
224927_GD,224927,Ring BULKY GOLD PLATED Gold,_GD,Gold,Jewellery,Rings,Band Ring,Brass,Gold Plated,,25.99,/242/52/224927_GD_1,224927_GD_1.jpg,none,,,,,,
224932_GD,224932,Earring BULKY GOLD PLATED Gold,_GD,Gold,Jewellery,Earrings,Drop,Brass,Gold Plated,,25.99,/242/52/224932_GD_1,224932_GD_1.jpg,none,,,,,,
224985_BL,224985,Necklace ATMOSPHERE Blue,_BL,Blue,Jewellery,Necklaces,Bib Necklace,Brass; Thermoplastic Polyurethane,Rodhium,,15.99,/242/52/224985_BL_1,224985_BL_1.jpg,none,,,,,,
224992_BL,224992,Necklace ATMOSPHERE Blue,_BL,Blue,Jewellery,Necklaces,Beaded Necklace,Acrylic; Cork; Resin; Thermoplastic Polyurethane,Rodhium,,15.99,/242/52/224992_BL_1,224992_BL_1.jpg,none,,,,,,
225013_GD,225013,Ring GOLD PLATED COLLECTION Gold,_GD,Gold,Jewellery,Rings,Stone/Gem,Brass; Stone,Gold Plated,,19.99,/242/52/225013_GD_1,225013_GD_1.jpg,none,,,,,,
225023_GD,225023,Ring GOLD PLATED COLLECTION Gold,_GD,Gold,Jewellery,Rings,Cocktail,Brass; Stone,Gold Plated,,29.99,/242/52/225023_GD_1,225023_GD_1.jpg,none,,,,,,
225028_GD,225028,Jewellery GOLD PLATED COLLECTION Gold,_GD,Gold,Jewellery,Charms,Symbol,Brass; Stone,Gold Plated,,15.99,/242/52/225028_GD_1,225028_GD_1.jpg,none,,,,,,
225035_GD,225035,Jewellery GOLD PLATED COLLECTION Gold,_GD,Gold,Jewellery,Charms,Symbol,Brass; Stone,Gold Plated,,15.99,/242/52/225035_GD_1,225035_GD_1.jpg,none,,,,,,
225044_BL,225044,Earring ATMOSPHERE Blue,_BL,Blue,Jewellery,Earrings,Hoop Earrings,Enamel; Zinc,,,5.99,/242/52/225044_BL_1,225044_BL_1.jpg,none,,,,,,
205688_EC,205688,Wallet BASIC CINDY Ecru,_EC,Ecru,Wallet,Wallet,Plain PU,Polyester; Polyurethane,,,12.99,/231/62/205688_EC_1,205688_EC_1.jpg,none,,,,,,
207403_LB,207403,Wallet BASIC LOLITA Light Blue,_LB,Light Blue,Wallet,Wallet,Plain PU,Polyester; Polyurethane,,,9.99,/232/62/207403_LB_1,207403_LB_1.jpg,none,,,,,,
207920_BL,207920,Coin Purse CHER Blue,_BL,Blue,Wallet,Coin Purse,Beads,Cotton; Fiberglass,,,15.99,/232/62/207920_BL_1,207920_BL_1.jpg,none,,,,,,
208021_BL,208021,Wallet BASIC LOLITA Blue,_BL,Blue,Wallet,Wallet,Plain PU,Polyester; Polyurethane,,,15.99,/232/62/208021_BL_1,208021_BL_1.jpg,none,,,,,,
208061_EC,208061,Card Holder BRENDA Ecru,_EC,Ecru,Wallet,Card Holder,Plain PU,Polyester; Polyurethane,,,12.99,/232/62/208061_EC_1,208061_EC_1.jpg,none,,,,,,
208061_GN,208061,Card Holder BRENDA Green,_GN,Green,Wallet,Card Holder,Plain PU,Polyester; Polyurethane,,,12.99,/232/62/208061_GN_1,208061_GN_1.jpg,none,,,,,,
208062_EC,208062,Phone Holder BRENDA Ecru,_EC,Ecru,Wallet,Phone Holder,Plain PU,Polyester; Polyurethane,,,17.99,/232/62/208062_EC_1,208062_EC_1.jpg,none,,,,,,
208619_BK,208619,Phone Holder GRACE Black,_BK,Black,Wallet,Phone Holder,Plain PU,Polyester; Polyurethane,,,17.99,/232/62/208619_BK_1,208619_BK_1.jpg,none,,,,,,
208619_EC,208619,Phone Holder GRACE Ecru,_EC,Ecru,Wallet,Phone Holder,Plain PU,Polyester; Polyurethane,,,17.99,/232/62/208619_EC_1,208619_EC_1.jpg,none,,,,,,
208619_KK,208619,Phone Holder GRACE Khaki,_KK,Khaki,Wallet,Phone Holder,Plain PU,Polyester; Polyurethane,,,17.99,/232/62/208619_KK_1,208619_KK_1.jpg,none,,,,,,
208619_LL,208619,Phone Holder GRACE Lilac,_LL,Lilac,Wallet,Phone Holder,Plain PU,Polyester; Polyurethane,,,17.99,/232/62/208619_LL_1,208619_LL_1.jpg,none,,,,,,
208710_BU,208710,Wallet ROSALIA Burgundy,_BU,Burgundy,Wallet,Wallet,Plain PU,Polyester; Polyurethane,,,15.99,/232/62/208710_BU_1,208710_BU_1.jpg,none,,,,,,
208710_CA,208710,Wallet ROSALIA Camel,_CA,Camel,Wallet,Wallet,Plain PU,Polyester; Polyurethane,,,15.99,/232/62/208710_CA_1,208710_CA_1.jpg,none,,,,,,
208710_WT,208710,Wallet ROSALIA White,_WT,White,Wallet,Wallet,Plain PU,Polyester; Polyurethane,,,15.99,/232/62/208710_WT_1,208710_WT_1.jpg,none,,,,,,
208711_PU,208711,Wallet ROSALIA Purple,_PU,Purple,Wallet,Wallet,Plain PU,Polyester; Polyurethane,,,12.99,/232/62/208711_PU_1,208711_PU_1.jpg,none,,,,,,
208711_WT,208711,Wallet ROSALIA White,_WT,White,Wallet,Wallet,Plain PU,Polyester; Polyurethane,,,12.99,/232/62/208711_WT_1,208711_WT_1.jpg,none,,,,,,
208713_GN,208713,Wallet ROSALIA Green,_GN,Green,Wallet,Wallet,Plain PU,Polyester; Polyurethane,,,12.99,/232/62/208713_GN_1,208713_GN_1.jpg,none,,,,,,
208725_EC,208725,Wallet BASIC LAURINDA Ecru,_EC,Ecru,Wallet,Wallet,Printed PU,Polyester; Polyurethane,,,17.99,/232/62/208725_EC_1,208725_EC_1.jpg,none,,,,,,
208734_EC,208734,Wallet BASIC LAURINDA Ecru,_EC,Ecru,Wallet,Wallet,Plain PU,Polyester; Polyurethane,,,17.99,/232/62/208734_EC_1,208734_EC_1.jpg,none,,,,,,
208734_NV,208734,Wallet mirabel Navy,_NV,Navy,Wallet,Wallet,Plain PU,Polyester; Polyurethane,,,17.99,/232/62/208734_NV_1,208734_NV_1.jpg,none,,,,,,
209067_BL,209067,Wallet GARDEN Blue,_BL,Blue,Wallet,Wallet,Printed PU,Polyester; Polyurethane,,,19.99,/232/62/209067_BL_1,209067_BL_1.jpg,none,,,,,,
209414_BL,209414,Phone Holder BEACH Blue,_BL,Blue,Wallet,Phone Holder,Printed PU,Polyester; Polyurethane,,,17.99,/232/62/209414_BL_1,209414_BL_1.jpg,none,,,,,,
209567_GN,209567,Phone Holder GLICINIA Green,_GN,Green,Wallet,Phone Holder,Color Block,Polyester; Polyurethane; Thermoplastic Polyurethane,,,17.99,/232/62/209567_GN_1,209567_GN_1.jpg,none,,,,,,
209747_BK,209747,Phone Holder NET2 Black,_BK,Black,Wallet,Phone Holder,Nylon,Aluminium; Polyester; Polyurethane; Thermoplastic Polyurethane,,,17.99,/232/62/209747_BK_1,209747_BK_1.jpg,none,,,,,,
209747_EC,209747,Phone Holder NET2 Ecru,_EC,Ecru,Wallet,Phone Holder,Nylon,Aluminium; Polyester; Polyurethane; Thermoplastic Polyurethane,,,17.99,/232/62/209747_EC_1,209747_EC_1.jpg,none,,,,,,
209747_YL,209747,Phone Holder NET2 Yellow,_YL,Yellow,Wallet,Phone Holder,Nylon,Aluminium; Polyester; Polyurethane; Thermoplastic Polyurethane,,,17.99,/232/62/209747_YL_1,209747_YL_1.jpg,none,,,,,,
209767_OR,209767,Phone Holder CHER Orange,_OR,Orange,Wallet,Phone Holder,Plain PU,Polyester; Polyurethane,,,15.99,/232/62/209767_OR_1,209767_OR_1.jpg,none,,,,,,
209974_CA,209974,Phone Holder tilda Camel,_CA,Camel,Wallet,Phone Holder,Straw,Acrylic; Paper; Polyester; Polyurethane; Resin,,,19.99,/232/62/209974_CA_1,209974_CA_1.jpg,none,,,,,,
209977_EC,209977,Card Holder tilda Ecru,_EC,Ecru,Wallet,Card Holder,Plain PU,Polyester; Polyurethane,,,9.99,/232/62/209977_EC_1,209977_EC_1.jpg,none,,,,,,
209977_GN,209977,Card Holder tilda Green,_GN,Green,Wallet,Card Holder,Plain PU,Polyester; Polyurethane,,,9.99,/232/62/209977_GN_1,209977_GN_1.jpg,none,,,,,,
209981_EC,209981,Coin Purse tilda Ecru,_EC,Ecru,Wallet,Coin Purse,Printed PU,Acrylic; Polyester; Polyurethane; Resin,,,12.99,/232/62/209981_EC_1,209981_EC_1.jpg,none,,,,,,
210161_EC,210161,Card Holder mirabel Ecru,_EC,Ecru,Wallet,Card Holder,Printed PU,Polyester; Polyurethane,,,7.99,/232/62/210161_EC_1,210161_EC_1.jpg,none,,,,,,
210179_GN,210179,Multipurpose Purse manolita Green,_GN,Green,Wallet,Multipurpose Purse,Nylon,Polyamide; Polyester; Polyurethane,,,12.99,/232/62/210179_GN_1,210179_GN_1.jpg,none,,,,,,
210212_EC,210212,Wallet bjork Ecru,_EC,Ecru,Wallet,Wallet,Plain PU,Polyester; Polyurethane,,,15.99,/232/62/210212_EC_1,210212_EC_1.jpg,none,,,,,,
210212_GN,210212,Wallet bjork Green,_GN,Green,Wallet,Wallet,Plain PU,Polyester; Polyurethane,,,15.99,/232/62/210212_GN_1,210212_GN_1.jpg,none,,,,,,
210221_EC,210221,Coin Purse bjork Ecru,_EC,Ecru,Wallet,Coin Purse,Plain PU,Polyester; Polyurethane,,,5.99,/232/62/210221_EC_1,210221_EC_1.jpg,none,,,,,,
210248_GN,210248,Card Holder mirabel Green,_GN,Green,Wallet,Card Holder,Plain PU,Polyester; Polyurethane,,,7.99,/232/62/210248_GN_1,210248_GN_1.jpg,none,,,,,,
210248_PK,210248,Card Holder mirabel Pink,_PK,Pink,Wallet,Card Holder,Plain PU,Polyester; Polyurethane,,,7.99,/232/62/210248_PK_1,210248_PK_1.jpg,none,,,,,,
210280_PK,210280,Card Holder tilda Pink,_PK,Pink,Wallet,Card Holder,Plain PU,Polyester; Polyurethane,,,5.99,/232/62/210280_PK_1,210280_PK_1.jpg,none,,,,,,
210854_BM,210854,Wallet Elle Bright Multicolor,_BM,Bright Multicolor,Wallet,Wallet,Printed PU,Polyester; Polyurethane,,,10.99,/232/62/210854_BM_1,210854_BM_1.jpg,none,,,,,,
210861_BM,210861,Multipurpose Purse Elle Bright Multicolor,_BM,Bright Multicolor,Wallet,Multipurpose Purse,Plastic,Polyester; Polyurethane; Thermoplastic Polyurethane,,,17.99,/232/62/210861_BM_1,210861_BM_1.jpg,none,,,,,,
210955_DM,210955,Multipurpose Purse bjork Dark Multicolor,_DM,Dark Multicolor,Wallet,Multipurpose Purse,Plastic,Polyurethane; Thermoplastic Polyurethane,,,17.99,/232/62/210955_DM_1,210955_DM_1.jpg,none,,,,,,
211092_DM,211092,Wallet Pam Dark Multicolor,_DM,Dark Multicolor,Wallet,Wallet,Printed Nylon,Polyester,,,15.99,/232/62/211092_DM_1,211092_DM_1.jpg,none,,,,,,
211104_CL,211104,Card Holder Pam Coral,_CL,Coral,Wallet,Card Holder,Plain PU,Polyester; Polyurethane,,,9.99,/232/62/211104_CL_1,211104_CL_1.jpg,none,,,,,,
211104_GN,211104,Card Holder Pam Green,_GN,Green,Wallet,Card Holder,Plain PU,Polyester; Polyurethane,,,9.99,/232/62/211104_GN_1,211104_GN_1.jpg,none,,,,,,
211183_BM,211183,Wallet AUGUSTO1 Bright Multicolor,_BM,Bright Multicolor,Wallet,Wallet,Printed Nylon,Polyester; Polyurethane,,,15.99,/232/62/211183_BM_1,211183_BM_1.jpg,none,,,,,,
211241_NV,211241,Phone Holder BLOOMING Navy,_NV,Navy,Wallet,Phone Holder,Printed PU,Polyester; Polyurethane; Thermoplastic Polyurethane,,,17.99,/232/62/211241_NV_1,211241_NV_1.jpg,none,,,,,,
211361_PK,211361,Wallet irene Pink,_PK,Pink,Wallet,Wallet,Plain PU,Polyester; Polyurethane,,,12.99,/232/62/211361_PK_1,211361_PK_1.jpg,none,,,,,,
211367_BM,211367,Card Holder irene Bright Multicolor,_BM,Bright Multicolor,Wallet,Card Holder,Printed PU,Polyester; Polyurethane,,,12.99,/232/62/211367_BM_1,211367_BM_1.jpg,none,,,,,,
211511_KK,211511,Wallet lara Khaki,_KK,Khaki,Wallet,Wallet,Peach PU,Polyester; Polyurethane,,,12.99,/232/62/211511_KK_1,211511_KK_1.jpg,none,,,,,,
211511_LL,211511,Wallet lara Lilac,_LL,Lilac,Wallet,Wallet,Peach PU,Polyester; Polyurethane,,,12.99,/232/62/211511_LL_1,211511_LL_1.jpg,none,,,,,,
211515_BK,211515,Wallet lara Black,_BK,Black,Wallet,Wallet,Peach PU,Polyester; Polyurethane,,,10.99,/232/62/211515_BK_1,211515_BK_1.jpg,none,,,,,,
211515_OR,211515,Wallet lara Orange,_OR,Orange,Wallet,Wallet,Peach PU,Polyester; Polyurethane,,,10.99,/232/62/211515_OR_1,211515_OR_1.jpg,none,,,,,,
211536_BK,211536,Phone Holder lara Black,_BK,Black,Wallet,Phone Holder,Peach PU,Polyester; Polyurethane,,,17.99,/232/62/211536_BK_1,211536_BK_1.jpg,none,,,,,,
211543_BM,211543,Card Holder Basic Portia Bright Multicolor,_BM,Bright Multicolor,Wallet,Card Holder,Printed PU,Polyester; Polyurethane,,,9.99,/232/62/211543_BM_1,211543_BM_1.jpg,none,,,,,,
211551_BM,211551,Wallet Basic Portia Bright Multicolor,_BM,Bright Multicolor,Wallet,Wallet,Printed PU,Polyester; Polyurethane,,,17.99,/232/62/211551_BM_1,211551_BM_1.jpg,none,,,,,,
211701_DM,211701,Wallet FARM2 Dark Multicolor,_DM,Dark Multicolor,Wallet,Wallet,Real Fur,Cow Leather; Polyester; Polyurethane,,,19.99,/232/62/211701_DM_1,211701_DM_1.jpg,none,,,,,,
211703_BK,211703,Phone Holder FARM2 Black,_BK,Black,Wallet,Phone Holder,Plain PU,Polyester; Polyurethane,,,15.99,/232/62/211703_BK_1,211703_BK_1.jpg,none,,,,,,
211703_LM,211703,Phone Holder FARM2 Lime,_LM,Lime,Wallet,Phone Holder,Plain PU,Polyester; Polyurethane,,,15.99,/232/62/211703_LM_1,211703_LM_1.jpg,none,,,,,,
211831_SK,211831,Phone Holder MARIGOLD 1 Skin,_SK,Skin,Wallet,Phone Holder,Printed Fake Nylon,Polyester; Polyurethane,,,17.99,/232/62/211831_SK_1,211831_SK_1.jpg,none,,,,,,
212050_BK,212050,Computer Case kimmy Black,_BK,Black,Wallet,Others,Computer Case,Polyester,,,19.99,/232/62/212050_BK_1,212050_BK_1.jpg,none,,,,,,
212212_DM,212212,Multipurpose Purse TIGER2 Dark Multicolor,_DM,Dark Multicolor,Wallet,Multipurpose Purse,Printed Nylon,Polyester; Polyurethane,,,15.99,/232/62/212212_DM_1,212212_DM_1.jpg,none,,,,,,
212738_GY,212738,Wallet OLIVE Grey,_GY,Grey,Wallet,Wallet,Printed PU,Polyester; Polyurethane; Thermoplastic Polyurethane,,,17.99,/232/62/212738_GY_1,212738_GY_1.jpg,none,,,,,,
212793_BK,212793,Phone Holder SAVANA1 Black,_BK,Black,Wallet,Phone Holder,Real Fur,Cow Leather; Polyester; Polyurethane,,,23.99,/232/62/212793_BK_1,212793_BK_1.jpg,none,,,,,,
212808_PK,212808,Notebook kimmy Pink,_PK,Pink,Wallet,Others,Notebook,Polyester; Polyurethane,,,12.99,/232/62/212808_PK_1,212808_PK_1.jpg,none,,,,,,
213199_PK,213199,Wallet VILLAGE 2 Pink,_PK,Pink,Wallet,Wallet,Fake Fur,Polyester; Polyurethane; Thermoplastic Polyurethane,,,15.99,/232/62/213199_PK_1,213199_PK_1.jpg,none,,,,,,
213203_GY,213203,Phone Holder VILLAGE 1 Grey,_GY,Grey,Wallet,Phone Holder,Fake Fur,Polyester; Polyurethane; Thermoplastic Polyurethane,,,17.99,/232/62/213203_GY_2y,213203_GY_2y.jpg,none,,,,,,
213203_PK,213203,Phone Holder VILLAGE 1 Pink,_PK,Pink,Wallet,Phone Holder,Fake Fur,Polyester; Polyurethane; Thermoplastic Polyurethane,,,17.99,/232/62/213203_PK_2y,213203_PK_2y.jpg,none,,,,,,
213422_KK,213422,Passport Case Lara Stationery Khaki,_KK,Khaki,Wallet,Others,Passport Case,Polyester; Polyurethane,,,12.99,/232/62/213422_KK_2y,213422_KK_2y.jpg,none,,,,,,
213433_BG,213433,Wallet Basic Mia Beige,_BG,Beige,Wallet,Wallet,Plain PU,Polyester; Polyurethane,,,10.99,/232/62/213433_BG_1,213433_BG_1.jpg,none,,,,,,
213433_BL,213433,Wallet Basic Mia Blue,_BL,Blue,Wallet,Wallet,Plain PU,Polyester; Polyurethane,,,10.99,/232/62/213433_BL_1,213433_BL_1.jpg,none,,,,,,
213439_GN,213439,Card Holder Basic Mia Green,_GN,Green,Wallet,Card Holder,Plain PU,Polyester; Polyurethane,,,9.99,/232/62/213439_GN_1,213439_GN_1.jpg,none,,,,,,
213718_LM,213718,Wallet Mia Lime,_LM,Lime,Wallet,Wallet,Plain PU,Polyester; Polyurethane,,,12.99,/232/62/213718_LM_1,213718_LM_1.jpg,none,,,,,,
213723_DM,213723,Wallet Mia Dark Multicolor,_DM,Dark Multicolor,Wallet,Wallet,Printed PU,Polyester; Polyurethane,,,15.99,/232/62/213723_DM_1,213723_DM_1.jpg,none,,,,,,
213737_BK,213737,Card Holder Anime Black,_BK,Black,Wallet,Card Holder,Nylon,Polyamide; Polyurethane,,,7.99,/232/62/213737_BK_1,213737_BK_1.jpg,none,,,,,,
213739_BM,213739,Coin Purse PILAR Bright Multicolor,_BM,Bright Multicolor,Wallet,Coin Purse,Fake Fur,Polyamide,,,12.99,/232/62/213739_BM_1,213739_BM_1.jpg,none,,,,,,
213739_GN,213739,Coin Purse PILAR Green,_GN,Green,Wallet,Coin Purse,Fake Fur,Polyester; Polyurethane,,,12.99,/232/62/213739_GN_1,213739_GN_1.jpg,none,,,,,,
213739_PU,213739,Coin Purse PILAR Purple,_PU,Purple,Wallet,Coin Purse,Fake Fur,Polyester; Polyurethane,,,12.99,/232/62/213739_PU_1,213739_PU_1.jpg,none,,,,,,
213892_EC,213892,Wallet Anime Ecru,_EC,Ecru,Wallet,Wallet,Plain PU,Polyester; Polyurethane,,,10.99,/232/62/213892_EC_1,213892_EC_1.jpg,none,,,,,,
213892_PU,213892,Wallet Anime Purple,_PU,Purple,Wallet,Wallet,Plain PU,Polyester; Polyurethane,,,10.99,/232/62/213892_PU_1,213892_PU_1.jpg,none,,,,,,
214100_LB,214100,Wallet PILAR Light Blue,_LB,Light Blue,Wallet,Wallet,Plain PU,Polyester; Polyurethane,,,15.99,/232/62/214100_LB_1,214100_LB_1.jpg,none,,,,,,
214108_BK,214108,Phone Holder PILAR Black,_BK,Black,Wallet,Phone Holder,Plain PU,Polyester; Polyurethane,,,17.99,/232/62/214108_BK_1,214108_BK_1.jpg,none,,,,,,
214108_LB,214108,Phone Holder PILAR Light Blue,_LB,Light Blue,Wallet,Phone Holder,Plain PU,Polyester; Polyurethane,,,17.99,/232/62/214108_LB_1,214108_LB_1.jpg,none,,,,,,
214208_BK,214208,Multipurpose Purse Avril Black,_BK,Black,Wallet,Multipurpose Purse,Fake Fur,Polyester,,,15.99,/232/62/214208_BK_1,214208_BK_1.jpg,none,,,,,,
214275_BG,214275,Wallet STACEY Beige,_BG,Beige,Wallet,Wallet,Patchwork,Polyester; Polyurethane,Light Golden,,17.99,/241/62/214275_BG_1,214275_BG_1.jpg,none,,,,,,
214275_BK,214275,Wallet STACEY Black,_BK,Black,Wallet,Wallet,Patchwork,Polyester; Polyurethane,Light Golden,,17.99,/241/62/214275_BK_2y,214275_BK_2y.jpg,none,,,,,,
214280_AQ,214280,Phone Holder STACEY Aquamarine,_AQ,Aquamarine,Wallet,Phone Holder,Patchwork,Polyester; Polyurethane,Light Golden,,17.99,/241/62/214280_AQ_1,214280_AQ_1.jpg,none,,,,,,
214313_PK,214313,Coin Purse doja Pink,_PK,Pink,Wallet,Coin Purse,Nylon,Polyamide; Polyester; Polyurethane,,,9.99,/241/62/214313_PK_2y,214313_PK_2y.jpg,none,,,,,,
214344_BK,214344,Wallet doja Black,_BK,Black,Wallet,Wallet,Peach PU,Polyester; Polyurethane,,,10.99,/232/62/214344_BK_1,214344_BK_1.jpg,none,,,,,,
214344_MD,214344,Wallet doja Mustard,_MD,Mustard,Wallet,Wallet,Peach PU,Polyester; Polyurethane,,,10.99,/232/62/214344_MD_2y,214344_MD_2y.jpg,none,,,,,,
214548_HM,214548,Wallet gina Halftone Multicolor,_HM,Halftone Multicolor,Wallet,Wallet,Real Fur,Cow Leather; Polyester; Polyurethane; Thermoplastic Polyurethane,,,25.99,/232/62/214548_HM_1,214548_HM_1.jpg,none,,,,,,
214781_LK,214781,Card Holder Basic maude Light Pink,_LK,Light Pink,Wallet,Card Holder,Plain PU,Polyester; Polyurethane,,,7.99,/232/62/214781_LK_2y,214781_LK_2y.jpg,none,,,,,,
214781_NV,214781,Card Holder Basic maude Navy,_NV,Navy,Wallet,Card Holder,Plain PU,Polyester; Polyurethane,,,7.99,/232/62/214781_NV_2y,214781_NV_2y.jpg,none,,,,,,
214781_TU,214781,Card Holder Basic maude Taupe,_TU,Taupe,Wallet,Card Holder,Plain PU,Polyester; Polyurethane,,,7.99,/232/62/214781_TU_2y,214781_TU_2y.jpg,none,,,,,,
214794_TU,214794,Wallet Basic maude Taupe,_TU,Taupe,Wallet,Wallet,Plain PU,Polyester; Polyurethane; Thermoplastic Polyurethane,,,17.99,/232/62/214794_TU_2y,214794_TU_2y.jpg,none,,,,,,
214835_BM,214835,Wallet Basic maude Bright Multicolor,_BM,Bright Multicolor,Wallet,Wallet,Printed PU,Polyester; Polyurethane; Thermoplastic Polyurethane,,,17.99,/232/62/214835_BM_2y,214835_BM_2y.jpg,none,,,,,,
215165_LM,215165,Card Holder MISCHA Lime,_LM,Lime,Wallet,Card Holder,Plain PU,Polyester; Polyurethane; Thermoplastic Polyurethane,,,9.99,/241/62/215165_LM_1,215165_LM_1.jpg,none,,,,,,
215165_TU,215165,Card Holder MISCHA Taupe,_TU,Taupe,Wallet,Card Holder,Plain PU,Polyester; Polyurethane; Thermoplastic Polyurethane,,,9.99,/241/62/215165_TU_1,215165_TU_1.jpg,none,,,,,,
215206_BK,215206,Phone Holder AUBERY Black,_BK,Black,Wallet,Phone Holder,Padded PU,Polyester; Polyurethane,,,19.99,/241/62/215206_BK_1,215206_BK_1.jpg,none,,,,,,
215242_BL,215242,Card Holder SIDNEY Blue,_BL,Blue,Wallet,Card Holder,Plain PU,Ethylene vinyl acetate; Polyester; Polyurethane,,,12.99,/241/62/215242_BL_2y,215242_BL_2y.jpg,none,,,,,,
2152481PM,215248,Wallet SIDNEY Pastel Multicolor,1PM,Pastel Multicolor,Wallet,Wallet,Printed PU,Polyester; Polyurethane,,,10.99,/241/62/2152481PM_2y,2152481PM_2y.jpg,none,,,,,,
215456_BK,215456,Wallet AUBERY Black,_BK,Black,Wallet,Wallet,Padded Peach PU,Polyester; Polyurethane; Thermoplastic Polyurethane,,,17.99,/241/62/215456_BK_2y,215456_BK_2y.jpg,none,,,,,,
215456_EC,215456,Wallet AUBERY Ecru,_EC,Ecru,Wallet,Wallet,Padded Peach PU,Polyester; Polyurethane; Thermoplastic Polyurethane,,,17.99,/241/62/215456_EC_2y,215456_EC_2y.jpg,none,,,,,,
215473_BM,215473,Wallet AUBERY Bright Multicolor,_BM,Bright Multicolor,Wallet,Wallet,Printed PU,Polyester; Polyurethane,,,12.99,/241/62/215473_BM_2y,215473_BM_2y.jpg,none,,,,,,
215599_BK,215599,Multipurpose Purse AUBERY Black,_BK,Black,Wallet,Multipurpose Purse,Fantasy Fabric,Polyester,,,19.99,/241/62/215599_BK_1,215599_BK_1.jpg,none,,,,,,
216042_BK,216042,Multipurpose Purse MISCHA Black,_BK,Black,Wallet,Multipurpose Purse,Real Suede,Cow Leather; Iron; Polyester; Zinc,,,25.99,/241/62/216042_BK_1,216042_BK_1.jpg,none,,,,,,
216051_BM,216051,Wallet BASIC SIDNEY Bright Multicolor,_BM,Bright Multicolor,Wallet,Wallet,Printed PU,Polyester; Polyurethane; Thermoplastic Polyurethane,,,12.99,/241/62/216051_BM_1,216051_BM_1.jpg,none,,,,,,
216178_BN,216178,Coin Purse MANHATAN3 Brown,_BN,Brown,Wallet,Coin Purse,Real Fur,Cow Leather; Polyester; Polyurethane,,,15.99,/241/62/216178_BN_1,216178_BN_1.jpg,none,,,,,,
216349_GN,216349,Card Holder ELLIOT Green,_GN,Green,Wallet,Card Holder,Animal Embossed PU,Polyester; Polyurethane; Thermoplastic Polyurethane,,,7.99,/241/62/216349_GN_1,216349_GN_1.jpg,none,,,,,,
216349_YL,216349,Card Holder ELLIOT Yellow,_YL,Yellow,Wallet,Card Holder,Animal Embossed PU,Polyester; Polyurethane; Thermoplastic Polyurethane,,,7.99,/241/62/216349_YL_1,216349_YL_1.jpg,none,,,,,,
216353_BK,216353,Phone Holder ELLIOT Black,_BK,Black,Wallet,Phone Holder,Nylon,Polyester,,,15.99,/241/62/216353_BK_1,216353_BK_1.jpg,none,,,,,,
216371_FU,216371,Card Holder MAGIK LOVE Fuchsia,_FU,Fuchsia,Wallet,Card Holder,Printed PU,Polyester; Polyurethane,Silver,,9.99,/241/62/216371_FU_1,216371_FU_1.jpg,none,,,,,,
216568_BK,216568,Phone Holder JENNIE Black,_BK,Black,Wallet,Phone Holder,Fake Nylon,Polyester; Polyurethane,,,15.99,/241/62/216568_BK_1,216568_BK_1.jpg,none,,,,,,
216568_EC,216568,Phone Holder JENNIE Ecru,_EC,Ecru,Wallet,Phone Holder,Fake Nylon,Polyester; Polyurethane,,,15.99,/241/62/216568_EC_1,216568_EC_1.jpg,none,,,,,,
216571_BG,216571,Wallet TETE Beige,_BG,Beige,Wallet,Wallet,Plain PU,Polyester; Polyurethane; Thermoplastic Polyurethane,,,17.99,/241/62/216571_BG_1,216571_BG_1.jpg,none,,,,,,
216584_MT,216584,Card Holder TETE Mint,_MT,Mint,Wallet,Card Holder,Plain PU,Polyester; Polyurethane,,,9.99,/241/62/216584_MT_1,216584_MT_1.jpg,none,,,,,,
216606_BK,216606,Wallet JACKIE Black,_BK,Black,Wallet,Wallet,Animal Embossed PU,Polyester; Polyurethane,,,15.99,/241/62/216606_BK_1,216606_BK_1.jpg,none,,,,,,
216614_BK,216614,Coin Purse JACKIE Black,_BK,Black,Wallet,Coin Purse,Nylon,Polyester,,,7.99,/241/62/216614_BK_1,216614_BK_1.jpg,none,,,,,,
216614_GN,216614,Coin Purse JACKIE Green,_GN,Green,Wallet,Coin Purse,Nylon,Polyester,,,7.99,/241/62/216614_GN_1,216614_GN_1.jpg,none,,,,,,
216615_EC,216615,Card Holder JACKIE Ecru,_EC,Ecru,Wallet,Card Holder,Animal Embossed PU,Polyester; Polyurethane; Thermoplastic Polyurethane,,,12.99,/241/62/216615_EC_1,216615_EC_1.jpg,none,,,,,,
216624_EC,216624,Phone Holder JACKIE Ecru,_EC,Ecru,Wallet,Phone Holder,Printed PU,Polyester; Polyurethane; Thermoplastic Polyurethane,,,15.99,/241/62/216624_EC_1,216624_EC_1.jpg,none,,,,,,
216858_RD,216858,Card Holder RED Red,_RD,Red,Wallet,Card Holder,Plain PU,Polyester; Polyurethane,,,7.99,/241/62/216858_RD_1,216858_RD_1.jpg,none,,,,,,
216873_BM,216873,Card Holder BASIC JULIETA Bright Multicolor,_BM,Bright Multicolor,Wallet,Card Holder,Printed PU,Polyester; Polyurethane,,,7.99,/241/62/216873_BM_1,216873_BM_1.jpg,none,,,,,,
216917NC,216917,Phone Holder TAVIRA Natural Color,NC,Natural Color,Wallet,Phone Holder,Paper straw,Ceramic; Cotton; Iron; Paper; Polyester; Polyurethane; Stone; Wood; Zinc,Light Golden,,17.99,/241/62/216917NC_1,216917NC_1.jpg,none,,,,,,
217138_RD,217138,Multipurpose Purse TETE Red,_RD,Red,Wallet,Multipurpose Purse,Nylon,Polyamide; Polyester,,,12.99,/241/62/217138_RD_1,217138_RD_1.jpg,none,,,,,,
217175_AU,217175,Wallet celia Aubergine,_AU,Aubergine,Wallet,Wallet,Interlaced,Polyester; Polyurethane; Thermoplastic Polyurethane,,,12.99,/241/62/217175_AU_1,217175_AU_1.jpg,none,,,,,,
217175_EC,217175,Wallet celia Ecru,_EC,Ecru,Wallet,Wallet,Interlaced,Polyester; Polyurethane; Thermoplastic Polyurethane,,,12.99,/241/62/217175_EC_1,217175_EC_1.jpg,none,,,,,,
217179_CA,217179,Wallet celia Camel,_CA,Camel,Wallet,Wallet,Interlaced,Polyester; Polyurethane; Thermoplastic Polyurethane,,,17.99,/241/62/217179_CA_1,217179_CA_1.jpg,none,,,,,,
217244_PK,217244,Card Holder venus Pink,_PK,Pink,Wallet,Card Holder,Peach PU,Fiberglass; Polyester; Polyurethane,,,7.99,/241/62/217244_PK_1,217244_PK_1.jpg,none,,,,,,
217266_BK,217266,Wallet venus Black,_BK,Black,Wallet,Wallet,Peach PU,Polycarbonate; Polyester; Polyurethane; Resin,,,17.99,/241/62/217266_BK_1,217266_BK_1.jpg,none,,,,,,
217285_BM,217285,Card Holder venus Bright Multicolor,_BM,Bright Multicolor,Wallet,Card Holder,Printed PU,Polyester,,,7.99,/241/62/217285_BM_1,217285_BM_1.jpg,none,,,,,,
217563_GN,217563,Wallet TROPICO Green,_GN,Green,Wallet,Wallet,Printed PU,Polyester; Polyurethane,,,12.99,/241/62/217563_GN_1,217563_GN_1.jpg,none,,,,,,
217645_OR,217645,Pencil Case STATIONERY Orange,_OR,Orange,Wallet,Pencil Case,Peach PU,Polyester; Polyurethane,,,9.99,/241/62/217645_OR_2y,217645_OR_2y.jpg,none,,,,,,
217645_PK,217645,Pencil Case STATIONERY Pink,_PK,Pink,Wallet,Pencil Case,Peach PU,Polyester; Polyurethane,,,9.99,/241/62/217645_PK_2y,217645_PK_2y.jpg,none,,,,,,
217645_TL,217645,Pencil Case STATIONERY Teal,_TL,Teal,Wallet,Pencil Case,Peach PU,Polyester; Polyurethane,,,9.99,/241/62/217645_TL_2y,217645_TL_2y.jpg,none,,,,,,
217648_PK,217648,Computer Case STATIONERY Pink,_PK,Pink,Wallet,Others,Computer Case,Polyester; Polyurethane,,,17.99,/241/62/217648_PK_2y,217648_PK_2y.jpg,none,,,,,,
217648_TL,217648,Computer Case STATIONERY Teal,_TL,Teal,Wallet,Others,Computer Case,Polyester; Polyurethane,,,17.99,/241/62/217648_TL_2y,217648_TL_2y.jpg,none,,,,,,
217655_TK,217655,Notebook STATIONERY Pastel Pink,_TK,Pastel Pink,Wallet,Others,Notebook,Paper,,,17.99,/241/62/217655_TK_1,217655_TK_1.jpg,none,,,,,,
217894_BG,217894,Wallet LIV Beige,_BG,Beige,Wallet,Wallet,Plain PU,Polyester; Polymethylmethacrylate; Polyurethane,,,15.99,/241/62/217894_BG_1,217894_BG_1.jpg,none,,,,,,
217902_BM,217902,Coin Purse LIV Bright Multicolor,_BM,Bright Multicolor,Wallet,Coin Purse,Embroidery,Polyester; Polyurethane,,,7.99,/241/62/217902_BM_1,217902_BM_1.jpg,none,,,,,,
217930_RD,217930,Wallet FLORENCE Red,_RD,Red,Wallet,Wallet,Peach PU,Polyester; Polyurethane; Thermoplastic Polyurethane,,,15.99,/241/62/217930_RD_1,217930_RD_1.jpg,none,,,,,,
217949_LB,217949,Wallet BASIC FLORENCE Light Blue,_LB,Light Blue,Wallet,Wallet,Plain PU,Polyester; Polyurethane; Thermoplastic Polyurethane,,,17.99,/241/62/217949_LB_1,217949_LB_1.jpg,none,,,,,,
217963_WT,217963,Wallet BASIC FLORENCE White,_WT,White,Wallet,Wallet,Plain PU,Polyester; Polyurethane; Thermoplastic Polyurethane,,,12.99,/241/62/217963_WT_1,217963_WT_1.jpg,none,,,,,,
217998_BU,217998,Wallet MONICA Burgundy,_BU,Burgundy,Wallet,Wallet,Plain PU,Polyester; Polyurethane; Thermoplastic Polyurethane,,,15.99,/241/62/217998_BU_1,217998_BU_1.jpg,none,,,,,,
218122_BG,218122,Wallet MADEIRA Beige,_BG,Beige,Wallet,Wallet,Peach PU,Polyester; Polyurethane; Thermoplastic Polyurethane,,,17.99,/241/62/218122_BG_1,218122_BG_1.jpg,none,,,,,,
218130_GN,218130,Pencil Case MADEIRA Green,_GN,Green,Wallet,Pencil Case,Peach PU,Polyester; Polyurethane,,,9.99,/241/62/218130_GN_1,218130_GN_1.jpg,none,,,,,,
218134_BG,218134,Phone Holder MADEIRA Beige,_BG,Beige,Wallet,Phone Holder,Peach PU,Polyester; Polyurethane,,,17.99,/241/62/218134_BG_1,218134_BG_1.jpg,none,,,,,,
218134_BK,218134,Phone Holder MADEIRA Black,_BK,Black,Wallet,Phone Holder,Peach PU,Polyester; Polyurethane,,,17.99,/241/62/218134_BK_1,218134_BK_1.jpg,none,,,,,,
218136_SV,218136,Multipurpose Purse MADEIRA Silver,_SV,Silver,Wallet,Multipurpose Purse,Fantasy Fabric,Cotton; Polyamide; Polyester; Polyurethane,,,17.99,/241/62/218136_SV_1,218136_SV_1.jpg,none,,,,,,
218159_KK,218159,Phone Holder LE SUD Khaki,_KK,Khaki,Wallet,Phone Holder,Fake Nylon,Polyester; Polyurethane; Silicone; Thermoplastic Polyurethane,,,17.99,/241/62/218159_KK_1,218159_KK_1.jpg,none,,,,,,
218246_DP,218246,Wallet MADEIRA Dark Pink,_DP,Dark Pink,Wallet,Wallet,Peach PU,Polyester; Polyurethane; Thermoplastic Polyurethane,,,12.99,/241/62/218246_DP_1,218246_DP_1.jpg,none,,,,,,
218280_CL,218280,Wallet FLOWER PATCH Coral,_CL,Coral,Wallet,Wallet,Color Block,Polyester; Polyurethane; Thermoplastic Polyurethane,,,12.99,/241/62/218280_CL_1,218280_CL_1.jpg,none,,,,,,
218681_EC,218681,Phone Holder MONICA Ecru,_EC,Ecru,Wallet,Phone Holder,Plain PU,Polyester; Polyurethane; Thermoplastic Polyurethane,,,17.99,/241/62/218681_EC_1,218681_EC_1.jpg,none,,,,,,
218846_PK,218846,Coin Purse BASIC JOANINHA Pink,_PK,Pink,Wallet,Coin Purse,Plain PU,Polyester; Polyurethane,,,7.99,/242/62/218846_PK_1,218846_PK_1.jpg,none,,,,,,
218928_PK,218928,Card Holder MAMMINA Pink,_PK,Pink,Wallet,Card Holder,Printed Fake Nylon,Polyester; Polyurethane,Silver,,9.99,/241/62/218928_PK_2y,218928_PK_2y.jpg,none,,,,,,
218937_CL,218937,Coin Purse MAMMINA Coral,_CL,Coral,Wallet,Coin Purse,Fake Nylon,Polyester; Polyurethane,,,12.99,/241/62/218937_CL_1,218937_CL_1.jpg,none,,,,,,
218937_YL,218937,Coin Purse MAMMINA Yellow,_YL,Yellow,Wallet,Coin Purse,Fake Nylon,Polyester; Polyurethane,,,12.99,/241/62/218937_YL_1,218937_YL_1.jpg,none,,,,,,
219465_OR,219465,Card Holder ROSANA Orange,_OR,Orange,Wallet,Card Holder,Plain PU,Polyester; Polyurethane; Thermoplastic Polyurethane,,,12.99,/242/62/219465_OR_1,219465_OR_1.jpg,none,,,,,,
219465_RD,219465,Card Holder ROSANA Red,_RD,Red,Wallet,Card Holder,Plain PU,Polyamide; Polyester; Polyurethane; Thermoplastic Polyurethane,,,12.99,/242/62/219465_RD_1,219465_RD_1.jpg,none,,,,,,
219465_WT,219465,Card Holder ROSANA White,_WT,White,Wallet,Card Holder,Plain PU,Polyester; Polyurethane; Thermoplastic Polyurethane,,,12.99,/242/62/219465_WT_1,219465_WT_1.jpg,none,,,,,,
219481_BM,219481,Phone Holder BASIC JOANINHA Bright Multicolor,_BM,Bright Multicolor,Wallet,Phone Holder,Printed PU,Polyester; Polyurethane; Thermoplastic Polyurethane,,,17.99,/242/62/219481_BM_1,219481_BM_1.jpg,none,,,,,,
219562_LB,219562,Wallet TAYLOR Light Blue,_LB,Light Blue,Wallet,Wallet,Animal Embossed PU,Polyester; Polyurethane,,,12.99,/241/62/219562_LB_1,219562_LB_1.jpg,none,,,,,,
219598_EC,219598,Card Holder TAYLOR Ecru,_EC,Ecru,Wallet,Card Holder,Animal Embossed PU,Polyester; Polyurethane,,,12.99,/241/62/219598_EC_1,219598_EC_1.jpg,none,,,,,,
219607NC,219607,Phone Holder PATTY Natural Color,NC,Natural Color,Wallet,Phone Holder,Fake straw,Polyester; Polypropylene; Polyurethane,Light Golden,,17.99,/241/62/219607NC_1,219607NC_1.jpg,none,,,,,,
219607_CA,219607,Phone Holder PATTY Camel,_CA,Camel,Wallet,Phone Holder,Fake straw,Polyester; Polypropylene; Polyurethane,Light Golden,,17.99,/241/62/219607_CA_1,219607_CA_1.jpg,none,,,,,,
219610_CL,219610,Phone Holder PATTY Coral,_CL,Coral,Wallet,Phone Holder,Fantasy Fabric,Polyester; Polyurethane,Silver,,17.99,/241/62/219610_CL_1,219610_CL_1.jpg,none,,,,,,
219758_LM,219758,Card Holder SELMA Lime,_LM,Lime,Wallet,Card Holder,Plain PU,Polyester; Polyurethane; Thermoplastic Polyurethane,,,9.99,/241/62/219758_LM_1,219758_LM_1.jpg,none,,,,,,
219860_BL,219860,Phone Holder SELMA Blue,_BL,Blue,Wallet,Phone Holder,Plastic,Polyester; Silicone; Thermoplastic Polyurethane,,,15.99,/241/62/219860_BL_1,219860_BL_1.jpg,none,,,,,,
220140_WT,220140,Card Holder STRAWBERRY White,_WT,White,Wallet,Card Holder,Printed PU,Polyester; Polyurethane; Thermoplastic Polyurethane,Silver,,9.99,/242/62/220140_WT_1,220140_WT_1.jpg,none,,,,,,
220367_BM,220367,Card Holder loretta Bright Multicolor,_BM,Bright Multicolor,Wallet,Card Holder,Printed PU,Polyester; Polyurethane,,,7.99,/242/62/220367_BM_1,220367_BM_1.jpg,none,,,,,,
220446_PU,220446,Jewellery Case HILTON Purple,_PU,Purple,Wallet,Others,Jewellery Case,Polyamide; Polyurethane,,,15.99,/241/62/220446_PU_1,220446_PU_1.jpg,none,,,,,,
220826_BG,220826,Wallet MILEY Beige,_BG,Beige,Wallet,Wallet,Plain PU,Polyester; Polyurethane; Thermoplastic Polyurethane,,,12.99,/242/62/220826_BG_1,220826_BG_1.jpg,none,,,,,,
220826_LB,220826,Wallet MILEY Light Blue,_LB,Light Blue,Wallet,Wallet,Plain PU,Polyester; Polyurethane; Thermoplastic Polyurethane,,,12.99,/242/62/220826_LB_1,220826_LB_1.jpg,none,,,,,,
221065_BM,221065,Multipurpose Purse WOODY2 Bright Multicolor,_BM,Bright Multicolor,Wallet,Multipurpose Purse,Printed Nylon,Polyamide; Polyester; Polyurethane,,,17.99,/241/62/221065_BM_1,221065_BM_1.jpg,none,,,,,,
221195_BG,221195,Wallet CONSUELO Beige,_BG,Beige,Wallet,Wallet,Peach PU,Polyester; Polyurethane; Thermoplastic Polyurethane,,,15.99,/242/62/221195_BG_1,221195_BG_1.jpg,none,,,,,,
221195_BK,221195,Wallet CONSUELO Black,_BK,Black,Wallet,Wallet,Peach PU,Polyester; Polyurethane; Thermoplastic Polyurethane,,,15.99,/242/62/221195_BK_1,221195_BK_1.jpg,none,,,,,,
221198_EC,221198,Coin Purse CONSUELO Ecru,_EC,Ecru,Wallet,Coin Purse,Peach PU,Polyester; Polyurethane,,,12.99,/242/62/221198_EC_1,221198_EC_1.jpg,none,,,,,,
221229_BM,221229,Wallet BASIC DIANA Bright Multicolor,_BM,Bright Multicolor,Wallet,Wallet,Printed PU,Polyester; Polyurethane,,,12.99,/242/62/221229_BM_1,221229_BM_1.jpg,none,,,,,,
221236_OR,221236,Card Holder BASIC DIANA Orange,_OR,Orange,Wallet,Card Holder,Plain PU,Polyester; Polyurethane,,,7.99,/242/62/221236_OR_1,221236_OR_1.jpg,none,,,,,,
221525_LL,221525,Wallet WOODY2 Lilac,_LL,Lilac,Wallet,Wallet,Nylon,Polyester,,,12.99,/241/62/221525_LL_1,221525_LL_1.jpg,none,,,,,,
221651_CA,221651,Wallet FLORA Camel,_CA,Camel,Wallet,Wallet,Color Block,Polyester; Polyurethane; Thermoplastic Polyurethane,Silver,,17.99,/242/62/221651_CA_1,221651_CA_1.jpg,none,,,,,,
221728_DM,221728,Wallet MARTHA Dark Multicolor,_DM,Dark Multicolor,Wallet,Wallet,Printed PU,Polyester; Polyurethane; Thermoplastic Polyurethane,,,15.99,/242/62/221728_DM_1,221728_DM_1.jpg,none,,,,,,
221732_BL,221732,Wallet MARTHA Blue,_BL,Blue,Wallet,Wallet,Plain PU,Polyester; Polyurethane,,,12.99,/242/62/221732_BL_1,221732_BL_1.jpg,none,,,,,,
221732_WT,221732,Wallet MARTHA White,_WT,White,Wallet,Wallet,Plain PU,Polyester; Polyurethane,,,12.99,/242/62/221732_WT_1,221732_WT_1.jpg,none,,,,,,
221759_BM,221759,Multipurpose Purse MAORI3 Bright Multicolor,_BM,Bright Multicolor,Wallet,Multipurpose Purse,Printed Nylon,Polyester; Polyurethane,,,15.99,/242/62/221759_BM_1,221759_BM_1.jpg,none,,,,,,
222004_PK,222004,Wallet GOLDEN BAY2 Pink,_PK,Pink,Wallet,Wallet,Fantasy PU,Polyester; Polyurethane,,,12.99,/242/62/222004_PK_1,222004_PK_1.jpg,none,,,,,,
222188_AQ,222188,Card Holder OMARA Aquamarine,_AQ,Aquamarine,Wallet,Card Holder,Plain PU,Acrylic; Polyester; Polyurethane; Resin,,,12.99,/242/62/222188_AQ_1,222188_AQ_1.jpg,none,,,,,,
222188_EC,222188,Card Holder OMARA Ecru,_EC,Ecru,Wallet,Card Holder,Plain PU,Acrylic; Polyester; Polyurethane; Resin,,,12.99,/242/62/222188_EC_1,222188_EC_1.jpg,none,,,,,,
222191_BM,222191,Passport Case OMARA Bright Multicolor,_BM,Bright Multicolor,Wallet,Others,Passport Case,Polyester; Thermoplastic Polyurethane,,,12.99,/242/62/222191_BM_1,222191_BM_1.jpg,none,,,,,,
222237_BK,222237,Phone Holder HASHTAG2 Black,_BK,Black,Wallet,Phone Holder,Fake Nylon,Polyester; Polyurethane,Light Golden,,17.99,/242/62/222237_BK_1,222237_BK_1.jpg,none,,,,,,
222237_KK,222237,Phone Holder HASHTAG2 Khaki,_KK,Khaki,Wallet,Phone Holder,Fake Nylon,Polyester; Polyurethane,Light Golden,,17.99,/242/62/222237_KK_1,222237_KK_1.jpg,none,,,,,,
222237_MD,222237,Phone Holder HASHTAG3 Mustard,_MD,Mustard,Wallet,Phone Holder,Fake Nylon,Polyester; Polyurethane,Silver,,17.99,/242/62/222237_MD_1,222237_MD_1.jpg,none,,,,,,
222273_NV,222273,Wallet PALMS Navy,_NV,Navy,Wallet,Wallet,Color Block,Polyester; Polyurethane; Thermoplastic Polyurethane,Light Golden,,17.99,/242/62/222273_NV_1,222273_NV_1.jpg,none,,,,,,
222291NC,222291,Coin Purse OMARA Natural Color,NC,Natural Color,Wallet,Coin Purse,Fake straw,Acrylic; Paper; Polyester; Polyurethane; Resin,,,9.99,/242/62/222291NC_1,222291NC_1.jpg,none,,,,,,
222333_EC,222333,Phone Holder GOLDEN BAY3 Ecru,_EC,Ecru,Wallet,Phone Holder,Nylon,Polyester,,,19.99,/242/62/222333_EC_1,222333_EC_1.jpg,none,,,,,,
222336_BK,222336,Wallet BARDOT Black,_BK,Black,Wallet,Wallet,Animal Embossed PU,Polyester; Polyurethane; Thermoplastic Polyurethane,Light Golden,,17.99,/242/62/222336_BK_1,222336_BK_1.jpg,none,,,,,,
222336_CA,222336,Wallet BARDOT Camel,_CA,Camel,Wallet,Wallet,Animal Embossed PU,Polyester; Polyurethane; Thermoplastic Polyurethane,Light Golden,,17.99,/242/62/222336_CA_1,222336_CA_1.jpg,none,,,,,,
222436_DM,222436,Computer Case ALEK Dark Multicolor,_DM,Dark Multicolor,Wallet,Others,Computer Case,Polyester,,,22.99,/242/62/222436_DM_1,222436_DM_1.jpg,none,,,,,,
222443_PM,222443,Wallet ALEK Pastel Multicolor,_PM,Pastel Multicolor,Wallet,Wallet,Printed PU,Polyester; Polyurethane; Thermoplastic Polyurethane,,,15.99,/242/62/222443_PM_1,222443_PM_1.jpg,none,,,,,,
222445_BM,222445,Coin Purse ALEK Bright Multicolor,_BM,Bright Multicolor,Wallet,Coin Purse,Printed Nylon,Polyester,,,9.99,/242/62/222445_BM_1,222445_BM_1.jpg,none,,,,,,
222445_DM,222445,Coin Purse ALEK Dark Multicolor,_DM,Dark Multicolor,Wallet,Coin Purse,Printed Nylon,Polyester,,,9.99,/242/62/222445_DM_1,222445_DM_1.jpg,none,,,,,,
222453_PM,222453,Card Holder ALEK Pastel Multicolor,_PM,Pastel Multicolor,Wallet,Card Holder,Printed PU,Polyester; Polyurethane; Thermoplastic Polyurethane,,,9.99,/242/62/222453_PM_1,222453_PM_1.jpg,none,,,,,,
222541_CA,222541,Phone Holder MARTINA Camel,_CA,Camel,Wallet,Phone Holder,Peach PU,Polyester; Polyurethane,,,19.99,/242/62/222541_CA_1,222541_CA_1.jpg,none,,,,,,
222573_DM,222573,Wallet GRACE Dark Multicolor,_DM,Dark Multicolor,Wallet,Wallet,Printed PU,Polyester; Polyurethane,,,12.99,/242/62/222573_DM_1,222573_DM_1.jpg,none,,,,,,
222578_YL,222578,Coin Purse GRACE Yellow,_YL,Yellow,Wallet,Coin Purse,Plain PU,Polyester; Polyurethane,,,7.99,/242/62/222578_YL_1,222578_YL_1.jpg,none,,,,,,
222583_DM,222583,Multipurpose Purse GRACE Dark Multicolor,_DM,Dark Multicolor,Wallet,Multipurpose Purse,Printed Nylon,Polyester,,,17.99,/242/62/222583_DM_1,222583_DM_1.jpg,none,,,,,,
222869_BU,222869,Jewellery Case SHILLOH Burgundy,_BU,Burgundy,Wallet,Others,Jewellery Case,Polyester; Polyurethane,,,15.99,/242/62/222869_BU_1,222869_BU_1.jpg,none,,,,,,
222869_DM,222869,Jewellery Case ALEK Dark Multicolor,_DM,Dark Multicolor,Wallet,Others,Jewellery Case,Polyamide; Polyurethane,,,15.99,/242/62/222869_DM_1,222869_DM_1.jpg,none,,,,,,
222940_CA,222940,Wallet JOPLIN Camel,_CA,Camel,Wallet,Wallet,Patchwork,Cow Suede Leather; Iron; Polyester; Polyurethane; Thermoplastic Polyurethane,Light Golden,,17.99,/242/62/222940_CA_1,222940_CA_1.jpg,none,,,,,,
2231291EC,223129,Jewellery Case BASIC Ecru,1EC,Ecru,Wallet,Others,Jewellery Case,Polyester; Polyurethane,,,15.99,/242/62/2231291EC_1,2231291EC_1.jpg,none,,,,,,
223129_CA,223129,Jewellery Case BASIC Camel,_CA,Camel,Wallet,Others,Jewellery Case,Polyester; Polyurethane,,,15.99,/242/62/223129_CA_1,223129_CA_1.jpg,none,,,,,,
223175_BG,223175,Wallet BASIC DIANA Beige,_BG,Beige,Wallet,Wallet,Plain PU,Polyester; Polyurethane,,,17.99,/242/62/223175_BG_1,223175_BG_1.jpg,none,,,,,,
223219_WT,223219,Computer Case DALMATA3 White,_WT,White,Wallet,Others,Computer Case,Nylon; Polyamide; Polyester,Silver,,17.99,/242/62/223219_WT_1,223219_WT_1.jpg,none,,,,,,
223621_BM,223621,Coin Purse LEO2 Bright Multicolor,_BM,Bright Multicolor,Wallet,Coin Purse,Printed Nylon,Polyester; Polyurethane,,,12.99,/242/62/223621_BM_1,223621_BM_1.jpg,none,,,,,,
223699_BL,223699,Wallet LEO2 Blue,_BL,Blue,Wallet,Wallet,Nylon,Polyester,,,12.99,/242/62/223699_BL_1,223699_BL_1.jpg,none,,,,,,
223931_BK,223931,Wallet SPECIAL SET Black,_BK,Black,Wallet,Wallet,Plain PU,Polyester; Polyurethane,Light Golden,,17.99,/242/62/223931_BK_1,223931_BK_1.jpg,none,,,,,,
223931_CA,223931,Wallet SPECIAL SET Camel,_CA,Camel,Wallet,Wallet,Plain PU,Polyester; Polyurethane,Light Golden,,17.99,/242/62/223931_CA_1,223931_CA_1.jpg,none,,,,,,
224123_YL,224123,Multipurpose Purse DALMATA3 Yellow,_YL,Yellow,Wallet,Multipurpose Purse,Plain Fabric,Cotton; Polyester; Polyurethane,,,12.99,/242/62/224123_YL_1,224123_YL_1.jpg,none,,,,,,
224468_CA,224468,Wallet MELBY Camel,_CA,Camel,Wallet,Wallet,Plain PU,Polyester; Polyurethane; Thermoplastic Polyurethane,,,17.99,/242/62/224468_CA_1,224468_CA_1.jpg,none,,,,,,
224480_BK,224480,Card Holder MELBY Black,_BK,Black,Wallet,Card Holder,Plain PU,Polyester; Polyurethane,,,7.99,/242/62/224480_BK_1,224480_BK_1.jpg,none,,,,,,
224480_SV,224480,Card Holder MELBY Silver,_SV,Silver,Wallet,Card Holder,Plain PU,Polyester; Polyurethane,,,7.99,/242/62/224480_SV_1,224480_SV_1.jpg,none,,,,,,
224539_SK,224539,Wallet SIENNA Skin,_SK,Skin,Wallet,Wallet,Fantasy PU,Polyester; Polyurethane,,,15.99,/242/62/224539_SK_1,224539_SK_1.jpg,none,,,,,,
224546_OR,224546,Card Holder SIENNA Orange,_OR,Orange,Wallet,Card Holder,Fantasy PU,Polyester; Polyurethane,,,9.99,/242/62/224546_OR_1,224546_OR_1.jpg,none,,,,,,
224546_SV,224546,Card Holder SIENNA Silver,_SV,Silver,Wallet,Card Holder,Fantasy PU,Polyester; Polyurethane,,,9.99,/242/62/224546_SV_1,224546_SV_1.jpg,none,,,,,,
224550_LB,224550,Wallet SIENNA Light Blue,_LB,Light Blue,Wallet,Wallet,Real Suede,Cow Suede Leather; Polyester; Polyurethane,,,17.99,/242/62/224550_LB_1,224550_LB_1.jpg,none,,,,,,
224707_KK,224707,Computer Case SHILLOH Khaki,_KK,Khaki,Wallet,Others,Computer Case,Polyester; Polyurethane,,,19.99,/242/62/224707_KK_1,224707_KK_1.jpg,none,,,,,,
224717_LB,224717,Pencil Case SHILLOH Light Blue,_LB,Light Blue,Wallet,Pencil Case,Peach PU,Polyester; Polyurethane,,,12.99,/242/62/224717_LB_1,224717_LB_1.jpg,none,,,,,,
224742_BK,224742,Wallet SHILLOH Black,_BK,Black,Wallet,Wallet,Peach PU,Polyester; Polyurethane; Thermoplastic Polyurethane,,,17.99,/242/62/224742_BK_1,224742_BK_1.jpg,none,,,,,,
224742_KK,224742,Wallet SHILLOH Khaki,_KK,Khaki,Wallet,Wallet,Peach PU,Polyester; Polyurethane; Thermoplastic Polyurethane,,,17.99,/242/62/224742_KK_1,224742_KK_1.jpg,none,,,,,,
224751_BU,224751,Card Holder SHILLOH Burgundy,_BU,Burgundy,Wallet,Card Holder,Peach PU,Polyester; Polyurethane,,,9.99,/242/62/224751_BU_1,224751_BU_1.jpg,none,,,,,,
224751_LB,224751,Card Holder SHILLOH Light Blue,_LB,Light Blue,Wallet,Card Holder,Peach PU,Polyester; Polyurethane,,,9.99,/242/62/224751_LB_1,224751_LB_1.jpg,none,,,,,,
224751_PK,224751,Card Holder SHILLOH Pink,_PK,Pink,Wallet,Card Holder,Peach PU,Polyester; Polyurethane,,,9.99,/242/62/224751_PK_1,224751_PK_1.jpg,none,,,,,,
224767_BM,224767,Multipurpose Purse SHILLOH Bright Multicolor,_BM,Bright Multicolor,Wallet,Multipurpose Purse,Printed Nylon,Polyester,,,12.99,/242/62/224767_BM_1,224767_BM_1.jpg,none,,,,,,
224791_BM,224791,Wallet SHILLOH Bright Multicolor,_BM,Bright Multicolor,Wallet,Wallet,Printed PU,Polyamide; Polyester; Thermoplastic Polyurethane,,,15.99,/242/62/224791_BM_1,224791_BM_1.jpg,none,,,,,,
224845_BN,224845,Card Holder PANTERA2 Brown,_BN,Brown,Wallet,Card Holder,Plain PU,Polyester; Polyurethane,Silver,,9.99,/242/62/224845_BN_1,224845_BN_1.jpg,none,,,,,,
224949_DM,224949,Computer Case RATATUI Dark Multicolor,_DM,Dark Multicolor,Wallet,Others,Computer Case,Polyamide; Polyester,,,17.99,/242/62/224949_DM_1,224949_DM_1.jpg,none,,,,,,
224966_BR,224966,Wallet KENDALL Brick Red,_BR,Brick Red,Wallet,Wallet,Real Suede,Cow Suede Leather; Polyester; Polyurethane,,,15.99,/242/62/224966_BR_1,224966_BR_1.jpg,none,,,,,,
225053_BL,225053,Phone Holder SCOTS3 Blue,_BL,Blue,Wallet,Phone Holder,Fantasy PU,Polyester; Polyurethane,Silver,,17.99,/242/62/225053_BL_1,225053_BL_1.jpg,none,,,,,,
225053_SV,225053,Phone Holder SCOTS3 Silver,_SV,Silver,Wallet,Phone Holder,Fantasy PU,Polyester; Polyurethane,Silver,,17.99,/242/62/225053_SV_1,225053_SV_1.jpg,none,,,,,,
