PROD_CLR_EQUIV,PROD_REF,PROD_DES_BASE,CLR_COD,CLR_DES,CAT_DES_EN,GFA_DES_EN,GFS_DES_EN,COMPOSITION,FINISHING,MATERIAL,PRICE_BASE_W_VAT,PROG_IMAGE,img_file,priority,issues,review_status,fixes,reviewer,notes
220697_BK,220697,Sac WOODY1 Black,_BK,Black,Hand Bag,Tote,Plain PU,Polyurethane; Polyurethane,Light Golden,,25.99,/241/54/220697_BK_1,220697_BK_1.jpg,high,TYPE_CONFLICT_DESC,,,,
216726_DM,216726,Earring Gipsy Garden Dark Multicolor,_DM,Dark Multicolor,Jewellery,Earrings,Stud,Enamel; Zinc,Worn Gold,,7.99,/241/52/216726_DM_1,216726_DM_1.jpg,high,IMG_UNREADABLE,,,,
211381_YL,211381,Trousers VIMBA Yellow,_YL,Yellow,Apparel,Trousers,Woven,Linen,,Linen,39.99,/232/64/211381_1,211381_1.jpg,medium,IMG_GENERIC,,,,
211712_GN,211712,Dress ESSENTIALS T DISPLAY 1 Green,_GN,Green,Apparel,Dress,Woven,Polyamide; Viscose,,Viscose,22.99,/232/64/211712_1,211712_1.jpg,medium,IMG_GENERIC;SALES_MISSING,,,,
212384_EC,212384,Dress TAOR Ecru,_EC,Ecru,Apparel,Dress,Acessories,Polyester; Polyethylene Terephthalate,,Polyester,49.99,/232/64/212384_1,212384_1.jpg,medium,IMG_GENERIC;SALES_MISSING,,,,
213302_BU,213302,Trousers PRIESTLY Burgundy,_BU,Burgundy,Apparel,Trousers,Circular,Elastane; Modal; Polyester,,Modal,27.99,/232/64/213302_1,213302_1.jpg,medium,IMG_GENERIC,,,,
214938_BN,214938,Shirt MAXI 13/09 Brown,_BN,Brown,Apparel,Shirt,Woven,Viscose,,Viscose,29.99,/232/64/214938_BNM-L_2,214938_BNM-L_2.jpg,medium,IMG_GENERIC;SALES_MISSING,,,,
215398_DG,215398,Shirt MAXI AGOSTO Dark Grey,_DG,Dark Grey,Apparel,Shirt,Woven,Viscose,,Viscose,32.99,/232/64/215398_1,,medium,IMG_FILE_MISSING;IMG_GENERIC;IMG_SHARED,,,,
215398_GY,215398,Shirt MAXI AGOSTO Grey,_GY,Grey,Apparel,Shirt,Woven,Viscose,,Viscose,32.99,/232/64/215398_1,,medium,IMG_FILE_MISSING;IMG_GENERIC;IMG_SHARED,,,,
216201_NV,216201,Skirt Maxi nov Navy,_NV,Navy,Apparel,Skirt,Woven,Polyester,,Polyester,32.99,/241/64/216201_1,216201_1.jpg,medium,IMG_GENERIC;SALES_MISSING,,,,
216468_GN,216468,Trousers MERCURY Green,_GN,Green,Apparel,Trousers,Knit,Polyester; Viscose,,Viscose,39.99,/241/64/216468_1,216468_1.jpg,medium,IMG_GENERIC;SALES_MISSING,,,,
217936_GN,217936,Shirt PLUS Green,_GN,Green,Apparel,Shirt,Woven,Viscose; Polyamide,,,39.99,/241/64/217936_1,217936_1.jpg,medium,IMG_GENERIC;SALES_MISSING,,,,
219039_BL,219039,Top MAXI Blue,_BL,Blue,Apparel,Top,Woven,Cotton; Elastane,,,29.99,/241/64/219039_2,219039_2.jpg,medium,IMG_GENERIC;IMG_SHARED;SALES_MISSING,,,,
219039_YL,219039,Top MAXI Yellow,_YL,Yellow,Apparel,Top,Woven,Cotton; Elastane,,,29.99,/241/64/219039_2,219039_2.jpg,medium,IMG_GENERIC;IMG_SHARED;SALES_MISSING,,,,
226890_BK,226890,Trousers B6NOVE Black,_BK,Black,Apparel,Trousers,Woven,Polyester; Elastane,,,39.99,/242/64/226890_1,,medium,IMG_FILE_MISSING;IMG_GENERIC;IMG_SHARED;SALES_MISSING,,,,
226890_BU,226890,Trousers B6NOVE Burgundy,_BU,Burgundy,Apparel,Trousers,Woven,Elastane; Polyester,,,39.99,/242/64/226890_1,,medium,IMG_FILE_MISSING;IMG_GENERIC;IMG_SHARED;SALES_MISSING,,,,
227692_BK,227692,Trousers B3 NOVEMBRO Black,_BK,Black,Apparel,Trousers,Knit,Polyamide; Acrylic; Wool; Polyester,,Polyester,29.99,/242/64/227692_1,,medium,IMG_FILE_MISSING;IMG_GENERIC;IMG_SHARED;SALES_MISSING,,,,
227692_BU,227692,Trousers B3 NOVEMBRO Burgundy,_BU,Burgundy,Apparel,Trousers,Knit,Wool; Polyester; Acrylic; Polyamide,,Polyester,29.99,/242/64/227692_1,,medium,IMG_FILE_MISSING;IMG_GENERIC;IMG_SHARED;SALES_MISSING,,,,
227692_EC,227692,Trousers B3 NOVEMBRO Ecru,_EC,Ecru,Apparel,Trousers,Knit,Polyamide; Polyester; Wool; Acrylic,,Polyester,29.99,/242/64/227692_1,,medium,IMG_FILE_MISSING;IMG_GENERIC;IMG_SHARED;SALES_MISSING,,,,
227785_PK,227785,Dress TRENDY Pink,_PK,Pink,Apparel,Dress,Woven,Polyester; Polyester,,,39.99,/242/64/227785_1,,medium,IMG_FILE_MISSING;IMG_GENERIC;SALES_MISSING,,,,
227927_DG,227927,Cardigan C2 NOVEMBRO Dark Grey,_DG,Dark Grey,Apparel,Cardigan,Knit,Polyamide; Acrylic; Wool; Elastane; recycled polyester,,,32.99,/242/64/227927_1,,medium,IMG_FILE_MISSING;IMG_GENERIC;SALES_MISSING,,,,
228160_KK,228160,Raincoat P1 NOVEMBRO Khaki,_KK,Khaki,Apparel,Raincoat,Woven,Polyamide; Polyester; Polyamide,,Polyamide,59.99,/242/64/228160_1,,medium,IMG_FILE_MISSING;IMG_GENERIC;IMG_SHARED;SALES_MISSING,,,,
228160_NV,228160,Raincoat P1 NOVEMBRO Navy,_NV,Navy,Apparel,Raincoat,Woven,Polyamide; Polyester; Polyamide,,Polyamide,59.99,/242/64/228160_1,,medium,IMG_FILE_MISSING;IMG_GENERIC;IMG_SHARED;SALES_MISSING,,,,
228728_BN,228728,Sweater B5 NOVEMBRO Brown,_BN,Brown,Apparel,Sweater,Knit,Elastane; Wool; Polyester; Acrylic,,Polyester,32.99,/242/64/228728_1,,medium,IMG_FILE_MISSING;IMG_GENERIC;IMG_SHARED;SALES_MISSING,,,,
228728_EC,228728,Sweater B5 NOVEMBRO Ecru,_EC,Ecru,Apparel,Sweater,Knit,Polyester; Wool; Elastane; Acrylic,,Polyester,32.99,/242/64/228728_1,,medium,IMG_FILE_MISSING;IMG_GENERIC;IMG_SHARED;SALES_MISSING,,,,
228728_GY,228728,Sweater B5 NOVEMBRO Grey,_GY,Grey,Apparel,Sweater,Knit,Polyester; Elastane; Acrylic; Wool,,Polyester,32.99,/242/64/228728_1,,medium,IMG_FILE_MISSING;IMG_GENERIC;IMG_SHARED;SALES_MISSING,,,,
230087_EC,230087,Dress TRENDY Ecru,_EC,Ecru,Apparel,Dress,Circular,Elastodieno; Polyester; Elastane; Polyester; Polyamide; Metallic Fiber; Elastane,,Polyester,69.99,/242/64/230087_1,,medium,IMG_FILE_MISSING;IMG_GENERIC;SALES_MISSING,,,,
210702_BG,210702,Medium Heel Ankle Boots LADY ANKLE BOOT SNAKE Beige,_BG,Beige,Footwear,Ankle Boots,PU,Polyurethane; Polyurethane; Polyurethane; Rubber; Polyester,,,35.99,/232/53/210702_2,210702_2.jpg,medium,IMG_GENERIC,,,,
2127221GN,212722,Trainer Shoes GREEN BEIGE TRAINER Green,1GN,Green,Footwear,Trainers,Textile,Polyester; Polyester; Polyester; Polyurethane; Rubber,,,35.99,/232/53/212722_2,212722_2.jpg,medium,IMG_GENERIC;SALES_MISSING,,,,
2127221PK,212722,Trainer Shoes PINK BEIGE TRAINER Pink,1PK,Pink,Footwear,Trainers,Textile,Polyester; Polyester; Polyester; Polyurethane; Rubber,,,35.99,/232/53/212722_3,212722_3.jpg,medium,IMG_GENERIC;SALES_MISSING,,,,
224135_KK,224135,Boots RUBBER BOOT Khaki,_KK,Khaki,Footwear,Boots,PU,Polyurethane; Polyurethane; Rubber; Polyurethane; Polyester,,,55.99,/242/53/224135_2,224135_2.jpg,medium,IMG_GENERIC;SALES_MISSING,,,,
214516_BU,214516,Shoulder Bag BOOMER2 Burgundy,_BU,Burgundy,Hand Bag,Shoulder Bag,Plain PU,Polyester; Polyester; Polyurethane; Polyurethane,,,25.99,/232/54/214516_1,214516_1.jpg,medium,IMG_GENERIC,,,,
2167581GD,216758,Crossbody Bag JUNGLE LEATHER Gold,1GD,Gold,Hand Bag,Cross,Leather,Cotton; Cow Leather,Antik Silver,,29.99,/242/54/2167581GD_1,2167581GD_1.jpg,medium,IMG_SHARED,,,,
2167581SV,216758,Crossbody Bag JUNGLE LEATHER Silver,1SV,Silver,Hand Bag,Cross,Leather,Cow Leather; Cotton,Antik Silver,,29.99,/242/54/2167581SV_1,2167581SV_1.jpg,medium,IMG_SHARED,,,,
216758_GD,216758,Crossbody Bag JUNGLE LEATHER Gold,_GD,Gold,Hand Bag,Cross,Leather,Cotton; Cow Leather,Light Golden,,29.99,/241/54/216758_GD_1,216758_GD_1.jpg,medium,IMG_SHARED,,,,
216758_SV,216758,Crossbody Bag JUNGLE LEATHER Silver,_SV,Silver,Hand Bag,Cross,Leather,Cotton; Cow Leather,Silver,,29.99,/241/54/216758_SV_1,216758_SV_1.jpg,medium,IMG_SHARED,,,,
217553_GN,217553,Crossbody Bag SPLASH3 Green,_GN,Green,Hand Bag,Cross,Padded Pu,Polyester; Polyurethane; Polyurethane,Silver,,25.99,/241/54/217553_1,217553_1.jpg,medium,IMG_GENERIC,,,,
218954_CA,220601,Shopper Bag ZOO1 Camel,_CA,Camel,Hand Bag,Shopper,Plain PU,Cotton; Linen; Polyester; Polyester; Polyurethane; Polyurethane; Polyurethane,Silver,,27.99,/241/54/220601_1,220601_1.jpg,medium,IMG_GENERIC;IMG_SHARED,,,,
220601_BL,220601,Shopper Bag ZOO1 Blue,_BL,Blue,Hand Bag,Shopper,Plain PU,Polyurethane; Cotton; Linen; Polyester; Polyester; Polyurethane; Polyurethane,,,27.99,/241/54/220601_1,220601_1.jpg,medium,IMG_GENERIC;IMG_SHARED,,,,
221982_BK,221982,Shopper Bag NEVERA HBPROVISION Black,_BK,Black,Hand Bag,Shopper,Plain PU,Polyurethane; Polyurethane,Silver,,25.99,/242/54/221982_1,221982_1.jpg,medium,IMG_GENERIC;IMG_SHARED,,,,
221982_EC,221982,Shopper Bag NEVERA HBPROVISION Ecru,_EC,Ecru,Hand Bag,Shopper,Plain PU,Polyurethane; Polyurethane,Silver,,25.99,/242/54/221982_1,221982_1.jpg,medium,IMG_GENERIC;IMG_SHARED,,,,
221982_TU,221982,Shopper Bag NEVERA HBPROVISION Taupe,_TU,Taupe,Hand Bag,Shopper,Plain PU,Polyurethane; Polyurethane,Silver,,25.99,/242/54/221982_1,221982_1.jpg,medium,IMG_GENERIC;IMG_SHARED,,,,
222698_BK,222698,Tote Bag CUPIDO1 Black,_BK,Black,Hand Bag,Tote,Printed PU,Cotton; Linen; Polyurethane; Polyurethane,Light Golden,,23.99,/242/54/222698_BK_1,222698_BK_1.jpg,medium,IMG_SHARED,,,,
181831_BL,181831,Earring GOLDEN BASICS,_BL,Blue,Jewellery,Earrings,Dangle,Glass; Iron; Zinc,Golden,,7.99,/211/52/181831_1,181831_1.jpg,medium,IMG_GENERIC;CLR_NOT_IN_DESC,,,,
2097121LL,209712,Phone case FASHION SUPPLEMENTS Lilac,1LL,Lilac,Jewellery,Mobile Accessories,Mobile Cases,Iron; Thermoplastic Polyurethane,Golden,,8.99,/232/52/2097121LL_1,2097121LL_1.jpg,medium,IMG_SHARED,,,,
209712_LL,209712,Phone case FASHION SUPPLEMENTS Lilac,_LL,Lilac,Jewellery,Mobile Accessories,Mobile Cases,Iron; Thermoplastic Polyurethane,Golden,,8.99,/232/52/209712_LL_1,209712_LL_1.jpg,medium,IMG_SHARED,,,,
210301_BL,210301,Earring IDENTITY Blue,_BL,Blue,Jewellery,Earrings,Hoop Earrings,Enamel; Iron; Zinc,Golden,,5.99,/232/52/210301_1,210301_1.jpg,medium,IMG_GENERIC,,,,
210348_OR,210348,Earring DEGRADE Orange,_OR,Orange,Jewellery,Earrings,Stud,Acrylic; Glass; Iron; Polyester; Velvet,Golden,,9.99,/232/52/210348_1,210348_1.jpg,medium,IMG_GENERIC,,,,
212252_BM,212252,Ring GUARANI VIBES Bright Multicolor,_BM,Bright Multicolor,Jewellery,Rings,Fantasy,Stone; Zinc,Golden,,7.99,/232/52/212252_1,,medium,IMG_FILE_MISSING;IMG_GENERIC,,,,
212477_BK,212477,Necklace EXPEDITION Black,_BK,Black,Jewellery,Necklaces,Pendant,Cork,Golden,,10.99,/232/52/212477_1,212477_1.jpg,medium,IMG_GENERIC,,,,
212491_HM,212491,Necklace ORPHIC Halftone Multicolor,_HM,Halftone Multicolor,Jewellery,Necklaces,Other Necklaces,Acrylic; Glass; Iron; Resin,Golden,,19.99,/232/52/212491_1,,medium,IMG_FILE_MISSING;IMG_GENERIC,,,,
212676_GD,212676,Earring GOLDEN BASICS Gold,_GD,Gold,Jewellery,Earrings,Hoop Earrings,Zinc,Golden,,7.99,/232/52/212676_1,212676_1.jpg,medium,IMG_GENERIC,,,,
212983_HM,212983,Necklace mulstone Halftone Multicolor,_HM,Halftone Multicolor,Jewellery,Necklaces,Beaded Necklace,Acrylic; Glass; Iron; Resin; Stone; Zinc; Zirconium,Golden,,12.99,/232/52/212983_2,,medium,IMG_FILE_MISSING;IMG_GENERIC,,,,
212988_HM,212988,Necklace mulstone Halftone Multicolor,_HM,Halftone Multicolor,Jewellery,Necklaces,Beaded Necklace,Acrylic; Brass; Glass; Pearl; Stone; Thermoplastic Polyurethane,Golden,,12.99,/232/52/212988_1,,medium,IMG_FILE_MISSING;IMG_GENERIC,,,,
213316_GD,213316,Earring GOLDEN BASICS Gold,_GD,Gold,Jewellery,Earrings,Hoop Earrings,Zinc,Golden,,5.99,/232/52/213316_1,213316_1.jpg,medium,IMG_GENERIC,,,,
213333_GD,213333,Set of Earrings GOLDEN BASICS Gold,_GD,Gold,Jewellery,Earrings,Stud,Iron; Zinc,Golden,,5.99,/232/52/213333_1,213333_1.jpg,medium,IMG_GENERIC,,,,
213339_GD,213339,Earring GOLDEN BASICS Gold,_GD,Gold,Jewellery,Earrings,Stud,Zinc,Brushed Golden,,4.99,/232/52/213339_1,213339_1.jpg,medium,IMG_GENERIC;SALES_MISSING,,,,
213362_GD,213362,Ring GLDN DEL Gold,_GD,Gold,Jewellery,Rings,Cocktail,Brass; Glass,Golden,,5.99,/232/52/213362_1,213362_1.jpg,medium,IMG_GENERIC;SALES_MISSING,,,,
213949_BM,213949,Bracelet GUARANI VIBES Bright Multicolor,_BM,Bright Multicolor,Jewellery,Bracelets,Elastic Bracelet,Acrylic; Thermoplastic Polyurethane; Zinc,Matte Golden,,6.99,/232/52/213949_1,,medium,IMG_FILE_MISSING;IMG_GENERIC,,,,
213957_BM,213957,Earring GUARANI VIBES Bright Multicolor,_BM,Bright Multicolor,Jewellery,Earrings,Hoop Earrings,Acrylic; Steel; Thermoplastic Polyurethane,Golden,,5.99,/232/52/213957_1,,medium,IMG_FILE_MISSING;IMG_GENERIC,,,,
2141221BK,214122,Necklace NEOPOP Black,1BK,Black,Jewellery,Necklaces,Choker,Brass; Polyester; Glass,Black Nikel,,12.99,/242/52/2141221BK_1,2141221BK_1.jpg,medium,IMG_SHARED,,,,
214122_BK,214122,Necklace GUMMY PARTY Black,_BK,Black,Jewellery,Necklaces,Choker,Brass; Glass; Polyester,Golden,,12.99,/232/52/214122_BK_1,214122_BK_1.jpg,medium,IMG_SHARED,,,,
2141261FU,214126,Earring GUMMY PARTY,1FU,Fuchsia,Jewellery,Earrings,Stud,Glass; Acrylic; Resin,Black Nikel,,5.99,/232/52/214126_1.,214126_1.jpeg,medium,IMG_GENERIC;CLR_NOT_IN_DESC,,,,
214171_HM,214171,Earring ORPHIC Halftone Multicolor,_HM,Halftone Multicolor,Jewellery,Earrings,Dangle,Acrylic; Iron; Stone; Zamac,Brushed Golden,,7.99,/232/52/214171_1,214171_1.jpg,medium,IMG_GENERIC;SALES_MISSING,,,,
214651_PK,214651,Earring TREND Pink,_PK,Pink,Jewellery,Earrings,Dangle,Cork,Other,,9.99,/232/52/214651_1,,medium,IMG_FILE_MISSING;IMG_GENERIC;SALES_MISSING,,,,
2211440BM,221144,Earring TROPICAL GEMS,0BM,Bright Multicolor,Jewellery,Earrings,Dangle,Cotton; Glass; Iron,,,9.99,/241/52/221144_1,221144_1.jpg,medium,IMG_GENERIC;CLR_NOT_IN_DESC;SALES_MISSING,,,,
223118_BK,223118,Ring SPIRIT,_BK,Black,Jewellery,Rings,Band Ring,Thermoplastic Polyurethane; Zinc; Zirconium,Golden,,6.99,/242/52/223118_BK_1,223118_BK_1.jpg,medium,CLR_NOT_IN_DESC;SALES_MISSING,,,,
223721_BK,223721,Pin FASHION SUPPLEMENTS Black,_BK,Black,Jewellery,Pins,Lady Pin,Cork,Other,,6.99,/242/52/223721_1,223721_1.jpg,medium,IMG_GENERIC;SALES_MISSING,,,,
224621_SV,224621,Pin FASHION SUPPLEMENTS Silver,_SV,Silver,Jewellery,Pins,Lady Brooche,Cork,Other,,6.99,/242/52/224621_1,224621_1.jpg,medium,IMG_GENERIC;SALES_MISSING,,,,
224740_BK,224740,Earring NOMADA,_BK,Black,Jewellery,Earrings,Clip Earrings,Zinc; Thermoplastic Polyurethane; Steel,Golden,,5.99,/242/52/224740_BK_1,224740_BK_1.jpg,medium,CLR_NOT_IN_DESC;SALES_MISSING,,,,
224740_FG,224740,Earring NOMADA,_FG,Forest Green,Jewellery,Earrings,Clip Earrings,Steel; Zinc; Thermoplastic Polyurethane,Golden,,5.99,/242/52/224740_1,224740_1.jpg,medium,IMG_GENERIC;CLR_NOT_IN_DESC;SALES_MISSING,,,,
225665_HM,225665,Necklace MODERN STONES Halftone Multicolor,_HM,Halftone Multicolor,Jewellery,Necklaces,Pendant,Resin; Cork; Acrylic; Brass; Stone; Iron,Golden,,12.99,/242/52/225665_1,,medium,IMG_FILE_MISSING;IMG_GENERIC;SALES_MISSING,,,,
226427_BU,226427,Necklace WESTERNP Burgundy,_BU,Burgundy,Jewellery,Necklaces,Choker,Cork,Other,,12.99,/242/52/226427_1,,medium,IMG_FILE_MISSING;IMG_GENERIC;SALES_MISSING,,,,
226703_DM,226703,Earring NEPTUNE Dark Multicolor,_DM,Dark Multicolor,Jewellery,Earrings,Dangle,Cork,,,9.99,/242/52/226703_1,,medium,IMG_FILE_MISSING;IMG_GENERIC;SALES_MISSING,,,,
226713_KN,226713,Necklace NEPTUNE Black Nickel,_KN,Black Nickel,Jewellery,Necklaces,Chain,Cork,Black Nikel,,15.99,/242/52/226713_1,,medium,IMG_FILE_MISSING;IMG_GENERIC,,,,
226889_DB,226889,Earring GALÁPAGOS Dark Brown,_DB,Dark Brown,Jewellery,Earrings,Hoop Earrings,Cork; Zinc; Acrylic,Antik Golden,,7.99,/242/52/226889_1,,medium,IMG_FILE_MISSING;IMG_GENERIC;SALES_MISSING,,,,
211511_BG,211511,Wallet lara Beige,_BG,Beige,Wallet,Wallet,Peach PU,Polyester; Polyurethane; Polyurethane,,,12.99,/232/62/211511_1,211511_1.jpg,medium,IMG_GENERIC,,,,
212219_DM,212219,Phone Holder TIGER2 Dark Multicolor,_DM,Dark Multicolor,Wallet,Phone Holder,Printed Nylon,Polyester; Polyester; Polyurethane,,,17.99,/232/62/212219_1,,medium,IMG_FILE_MISSING;IMG_GENERIC,,,,
225776_BK,225776,Wallet GLORIA Black,_BK,Black,Wallet,Wallet,Real Fur,Cow Leather; Polyurethane; Polyester,,,25.99,/242/62/225776_1,,medium,IMG_FILE_MISSING;IMG_GENERIC;SALES_MISSING,,,,
225911_WT,225911,Card Holder GLORIA White,_WT,White,Wallet,Card Holder,Real Fur,Polyester; Polyurethane; Cow Leather,,,19.99,/242/62/225911_1,,medium,IMG_FILE_MISSING;IMG_GENERIC;SALES_MISSING,,,,
227517_PK,227517,Card Holder DOLLY Pink,_PK,Pink,Wallet,Card Holder,Peach PU,Polyurethane; Polyester,,,7.99,/242/62/227517_1,,medium,IMG_FILE_MISSING;IMG_GENERIC,,,,
223997_NM,223997,Dress BRIDAL CAPSULE Neutral Multicolor,_NM,Neutral Multicolor,Apparel,Dress,Woven,Cotton,,,220.0,/242/64/223997_NM_1,223997_NM_1.jpg,low,SALES_ZERO_QTY,,,,
214606_BM,214606,Shirt Hot Bright Multicolor,_BM,Bright Multicolor,Apparel,Shirt,Woven,Viscose,,,32.99,/241/64/214606_BM_1,,info,IMG_FILE_MISSING,,,,
214656_BM,214656,Trousers MIRÓ 1 Bright Multicolor,_BM,Bright Multicolor,Apparel,Trousers,Woven,Viscose; Lyocell,,Lyocell,35.99,/232/64/214656_BM_1,,info,IMG_FILE_MISSING,,,,
214668_BM,214668,Sweater KUSAMA Bright Multicolor,_BM,Bright Multicolor,Apparel,Sweater,Knit,Polyamide; Viscose,,Viscose,32.99,/232/64/214668_BM_1,,info,IMG_FILE_MISSING,,,,
224420_BK,224420,Shirt TRENDY Black,_BK,Black,Apparel,Shirt,Woven,Cotton,,,29.99,/242/64/224420_BK_1,,info,IMG_FILE_MISSING,,,,
225134_BK,225134,Raincoat BETS Black,_BK,Black,Apparel,Raincoat,Woven,Polyamide; Cotton; Polyester,,Cotton,59.99,/242/64/225134_BK_1,,info,IMG_FILE_MISSING,,,,
225137_BK,225137,Top CC Black,_BK,Black,Apparel,Top,Woven,Viscose; Lyocell,,Lyocell,19.99,/242/64/225137_BK_1,,info,IMG_FILE_MISSING,,,,
225137_WT,225137,Top CC White,_WT,White,Apparel,Top,Woven,Viscose; Lyocell,,Lyocell,19.99,/242/64/225137_WT_1,,info,IMG_FILE_MISSING,,,,
225167_BN,225167,Coat RB Brown,_BN,Brown,Apparel,Coat,Woven,Polyester; Cotton,,,69.99,/242/64/225167_BN_1,,info,IMG_FILE_MISSING,,,,
225203_BM,225203,Trousers B4 Bright Multicolor,_BM,Bright Multicolor,Apparel,Trousers,Woven,Polyamide; Viscose,,,29.99,/242/64/225203_BM_1,,info,IMG_FILE_MISSING,,,,
225207_BG,225207,Shirt 77 Beige,_BG,Beige,Apparel,Shirt,Woven,Cotton,,Cotton,32.99,/242/64/225207_BG_1,,info,IMG_FILE_MISSING,,,,
225207_WT,225207,Shirt gg White,_WT,White,Apparel,Shirt,Woven,Cotton,,Cotton,32.99,/242/64/225207_WT_1,,info,IMG_FILE_MISSING,,,,
225313_KK,225313,Coat UB Khaki,_KK,Khaki,Apparel,Coat,Woven,Cotton,,,69.99,/242/64/225313_KK_1,,info,IMG_FILE_MISSING,,,,
225520_KK,225520,Raincoat NO Khaki,_KK,Khaki,Apparel,Raincoat,Woven,Polyamide,,Polyamide,59.99,/242/64/225520_KK_1,,info,IMG_FILE_MISSING,,,,
225578_BN,225578,Cardigan CAXEMIRA Brown,_BN,Brown,Apparel,Cardigan,Knit,Cashmere,,,99.99,/242/64/225578_BN_1,,info,IMG_FILE_MISSING,,,,
225578_GY,225578,Cardigan CAXEMIRA Grey,_GY,Grey,Apparel,Cardigan,Knit,Cashmere,,,99.99,/242/64/225578_GY_1,,info,IMG_FILE_MISSING,,,,
225578_YL,225578,Cardigan CAXEMIRA Yellow,_YL,Yellow,Apparel,Cardigan,Knit,Cashmere,,,99.99,/242/64/225578_YL_1,,info,IMG_FILE_MISSING,,,,
225612_BN,225612,Skirt AN Brown,_BN,Brown,Apparel,Skirt,Knit,Wool; Acrylic; Polyamide; Polyester,,Polyester,32.99,/242/64/225612_BN_1,,info,IMG_FILE_MISSING,,,,
225612_GY,225612,Skirt AN Grey,_GY,Grey,Apparel,Skirt,Knit,Wool; Polyamide; Acrylic; Polyester,,Polyester,32.99,/242/64/225612_GY_1,,info,IMG_FILE_MISSING,,,,
225699_BM,225699,Shirt CN Bright Multicolor,_BM,Bright Multicolor,Apparel,Shirt,Woven,Viscose,,,29.99,/242/64/225699_BM_1y,,info,IMG_FILE_MISSING,,,,
225701_BK,225701,Coat bro Black,_BK,Black,Apparel,Coat,Woven,Cotton; Polyester; Polyester; Wool,,Cotton,69.99,/242/64/225701_BK_1,,info,IMG_FILE_MISSING,,,,
225701_CA,225701,Coat 77 Camel,_CA,Camel,Apparel,Coat,Woven,Cotton; Polyester; Polyester; Wool,,,69.99,/242/64/225701_CA_1,,info,IMG_FILE_MISSING,,,,
225701_NV,225701,Coat CN Navy,_NV,Navy,Apparel,Coat,Woven,Cotton; Wool; Polyester; Polyester,,,69.99,/242/64/225701_NV_1y,,info,IMG_FILE_MISSING;SALES_MISSING,,,,
226388_BM,226388,Cardigan 22 Bright Multicolor,_BM,Bright Multicolor,Apparel,Cardigan,Knit,Polyamide,,,32.99,/242/64/226388_BM_1,,info,IMG_FILE_MISSING,,,,
226416_AN,226416,Sweater bro Anthracite,_AN,Anthracite,Apparel,Sweater,Knit,Wool; Elastane; recycled polyester; Polyester; Polyamide,,Recycled Polyester,29.99,/242/64/226416_AN_1,,info,IMG_FILE_MISSING,,,,
226416_BL,226416,Sweater outu Blue,_BL,Blue,Apparel,Sweater,Knit,Wool; Elastane; Polyamide; recycled polyester; Polyester,,Recycled Polyester,29.99,/242/64/226416_BL_1,,info,IMG_FILE_MISSING,,,,
226591_GY,226591,Cardigan outu Grey,_GY,Grey,Apparel,Cardigan,Knit,Polyester; Acrylic; Elastane; Wool,,Polyester,39.99,/242/64/226591_GY_1,,info,IMG_FILE_MISSING,,,,
226600_GN,226600,Sweater RR Green,_GN,Green,Apparel,Sweater,Knit,Polyamide; Polyester; Wool; Acrylic,,Polyester,32.99,/242/64/226600_GN_1,,info,IMG_FILE_MISSING,,,,
226600_GY,226600,Sweater RR Grey,_GY,Grey,Apparel,Sweater,Knit,Polyester; Polyamide; Acrylic; Wool,,Polyester,32.99,/242/64/226600_GY_1,,info,IMG_FILE_MISSING,,,,
226740_NM,226740,Dress BRIDAL CAPSULE Neutral Multicolor,_NM,Neutral Multicolor,Apparel,Dress,Woven,Cotton,,,220.0,/242/64/226740_NM_1,,info,IMG_FILE_MISSING,,,,
226759_BU,226759,Trousers M1S Burgundy,_BU,Burgundy,Apparel,Trousers,Woven,Linen,,Linen,39.99,/242/64/226759_BU_1,,info,IMG_FILE_MISSING,,,,
226777_BM,226777,Shirt ARABE Bright Multicolor,_BM,Bright Multicolor,Apparel,Shirt,Woven,Viscose; Viscose (LENZING TM ECOVERO TM),,,35.99,/242/64/226777_BM_1,,info,IMG_FILE_MISSING,,,,
226791_BL,226791,Coat M1S Blue,_BL,Blue,Apparel,Coat,Woven,Lyocell; Cotton,,Cotton,42.99,/242/64/226791_BL_1,,info,IMG_FILE_MISSING,,,,
226802_BN,226802,Trousers OU Brown,_BN,Brown,Apparel,Trousers,Woven,elastomultiéster; Polyester,,,35.99,/242/64/226802_BN_1,,info,IMG_FILE_MISSING,,,,
226848_DG,226848,Sweater CAXEMIRA Dark Grey,_DG,Dark Grey,Apparel,Sweater,Knit,Cashmere,,,99.99,/242/64/226848_DG_1,,info,IMG_FILE_MISSING,,,,
226848_PK,226848,Sweater CAXEMIRA Pink,_PK,Pink,Apparel,Sweater,Knit,Cashmere,,,99.99,/242/64/226848_PK_1,,info,IMG_FILE_MISSING,,,,
226886_BM,226886,Skirt bro Bright Multicolor,_BM,Bright Multicolor,Apparel,Skirt,Woven,Polyester; Viscose; Elastane,,,39.99,/242/64/226886_BM_1,,info,IMG_FILE_MISSING,,,,
226890_WT,226890,Trousers B6NOVE White,_WT,White,Apparel,Trousers,Woven,Polyester; Elastane,,,39.99,/242/64/226890_WT_1,,info,IMG_FILE_MISSING;SALES_MISSING,,,,
226912_AN,226912,Trousers UU Anthracite,_AN,Anthracite,Apparel,Trousers,Circular,Polyamide; Viscose; Elastane; Polyester,,Viscose,27.99,/242/64/226912_AN_1,,info,IMG_FILE_MISSING,,,,
226912_EC,226912,Trousers UU Ecru,_EC,Ecru,Apparel,Trousers,Circular,Viscose; Polyamide; Polyester; Elastane,,Viscose,27.99,/242/64/226912_EC_1,,info,IMG_FILE_MISSING,,,,
227056_BK,227056,Dress outu Black,_BK,Black,Apparel,Dress,Knit,Viscose; Polyester,,Polyester,35.99,/242/64/227056_BK_1,,info,IMG_FILE_MISSING,,,,
227060_BL,227060,Jeans QUADROS Blue,_BL,Blue,Apparel,Jeans,Woven,Cotton,,,42.99,/242/64/227060_BL_1,,info,IMG_FILE_MISSING,,,,
227060_WT,227060,Jeans QUADROS White,_WT,White,Apparel,Jeans,Woven,Cotton,,,42.99,/242/64/227060_WT_1,,info,IMG_FILE_MISSING,,,,
227104_NV,227104,Trousers 22 Navy,_NV,Navy,Apparel,Trousers,Circular,Cotton,,,32.99,/242/64/227104_NV_1,,info,IMG_FILE_MISSING,,,,
227140_BK,227140,Poncho T1 ESSENTIALS Black,_BK,Black,Apparel,Poncho,Knit,Viscose; Polyamide,,,35.99,/242/64/227140_BK_1,,info,IMG_FILE_MISSING,,,,
227140_WT,227140,Poncho T1 ESSENTIALS White,_WT,White,Apparel,Poncho,Knit,Viscose; Polyamide,,,35.99,/242/64/227140_WT_1,,info,IMG_FILE_MISSING,,,,
227234_BK,227234,Coat LL Black,_BK,Black,Apparel,Coat,Woven,Polyester; Polyester; Polyester,,,69.99,/242/64/227234_BK_1,,info,IMG_FILE_MISSING,,,,
227234_DN,227234,Coat BETS Dark Green,_DN,Dark Green,Apparel,Coat,Woven,Polyester,,Polyester,69.99,/242/64/227234_DN_1,,info,IMG_FILE_MISSING,,,,
227234_OW,227234,Coat LL Off White,_OW,Off White,Apparel,Coat,Woven,Polyester; Polyester; Polyester,,,69.99,/242/64/227234_OW_1,,info,IMG_FILE_MISSING,,,,
227265_BK,227265,T-shirt 33 Black,_BK,Black,Apparel,T-shirt,Circular,Cotton,,Cotton,23.99,/242/64/227265_BK_1,,info,IMG_FILE_MISSING,,,,
227288_EC,227288,Trousers CN Ecru,_EC,Ecru,Apparel,Trousers,Woven,Wool; Polyester,,Polyester,39.99,/242/64/227288_EC_1,,info,IMG_FILE_MISSING;SALES_MISSING,,,,
227288_NV,227288,Trousers CN Navy,_NV,Navy,Apparel,Trousers,Woven,Polyester; Wool,,Polyester,39.99,/242/64/227288_NV_1,,info,IMG_FILE_MISSING;SALES_MISSING,,,,
227297_OW,227297,Sweater MY Off White,_OW,Off White,Apparel,Sweater,Knit,Alpaca; Acrylic; Polyester; Wool; Polyamide,,,35.99,/242/64/227297_OW_1,,info,IMG_FILE_MISSING,,,,
227316_BL,227316,Skirt QUADROS Blue,_BL,Blue,Apparel,Skirt,Woven,Cotton,,,35.99,/242/64/227316_BL_1,,info,IMG_FILE_MISSING,,,,
227316_WT,227316,Skirt QUADROS White,_WT,White,Apparel,Skirt,Woven,Cotton,,,35.99,/242/64/227316_WT_1,,info,IMG_FILE_MISSING,,,,
227411_BL,227411,Shirt LL Blue,_BL,Blue,Apparel,Shirt,Woven,Elastane; Viscose,,,32.99,/242/64/227411_BL_1,,info,IMG_FILE_MISSING;SALES_MISSING,,,,
227411_EC,227411,Shirt LL Ecru,_EC,Ecru,Apparel,Shirt,Woven,Elastane; Viscose,,,32.99,/242/64/227411_EC_1,,info,IMG_FILE_MISSING;SALES_MISSING,,,,
227448_BL,227448,T-shirt IE Blue,_BL,Blue,Apparel,T-shirt,Circular,Cotton; Viscose; Polyester,,Polyester,17.99,/242/64/227448_BL_1,,info,IMG_FILE_MISSING;SALES_MISSING,,,,
227488_BU,227488,Skirt QUADROS Burgundy,_BU,Burgundy,Apparel,Skirt,Woven,Goat Leather; Polyester,,Leather,99.99,/242/64/227488_BU_1,,info,IMG_FILE_MISSING,,,,
227615_GY,227615,Sweatshirt gg Grey,_GY,Grey,Apparel,Sweatshirt,Circular,Polyamide; Acrylic; Wool; Viscose,,Wool,39.99,/242/64/227615_GY_1,,info,IMG_FILE_MISSING,,,,
227677_BN,227677,Coat B5 NOVEMBRO Brown,_BN,Brown,Apparel,Coat,Woven,Polyester; Polyester; Polyamide,,Polyester,69.99,/242/64/227677_BN_1,,info,IMG_FILE_MISSING;SALES_MISSING,,,,
227677_KK,227677,Coat B5 NOVEMBRO Khaki,_KK,Khaki,Apparel,Coat,Woven,Polyester; Polyester; Polyamide,,Polyester,69.99,/242/64/227677_KK_1,,info,IMG_FILE_MISSING;SALES_MISSING,,,,
227714_OR,227714,Coat CN Orange,_OR,Orange,Apparel,Coat,Woven,Polyamide; Polyurethane; Polyester,,Polyurethane,59.99,/242/64/227714_OR_1,,info,IMG_FILE_MISSING;SALES_MISSING,,,,
227972_BN,227972,Shirt VERONA OUTUBRO Brown,_BN,Brown,Apparel,Shirt,Woven,Polyester,,,32.99,/242/64/227972_BN_1,,info,IMG_FILE_MISSING,,,,
227972_GN,227972,Shirt VERONA OUTUBRO Green,_GN,Green,Apparel,Shirt,Woven,Polyester,,,32.99,/242/64/227972_GN_1,,info,IMG_FILE_MISSING,,,,
228170_BM,228170,T-shirt C3 NOV Bright Multicolor,_BM,Bright Multicolor,Apparel,T-shirt,Circular,Polyester; Elastane,,Polyester,23.99,/242/64/228170_BM_1,,info,IMG_FILE_MISSING;SALES_MISSING,,,,
228440_GY,228440,T-shirt 22 Grey,_GY,Grey,Apparel,T-shirt,Circular,Cotton,,Cotton,19.99,/242/64/228440_GY_1,,info,IMG_FILE_MISSING,,,,
228715_AN,228715,Dress VERONOV Anthracite,_AN,Anthracite,Apparel,Dress,Knit,Wool; Viscose; Acrylic; Polyamide; Polyester,,,35.99,/242/64/228715_AN_1,,info,IMG_FILE_MISSING;SALES_MISSING,,,,
228715_EC,228715,Dress BETS Ecru,_EC,Ecru,Apparel,Dress,Knit,Polyamide; Wool; Viscose; Acrylic; Polyester,,Polyamide,35.99,/242/64/228715_EC_1,,info,IMG_FILE_MISSING;SALES_MISSING,,,,
228718_AN,228718,Skirt VERONOV Anthracite,_AN,Anthracite,Apparel,Skirt,Knit,Wool; Polyamide; Polyester; Acrylic; Viscose,,,29.99,/242/64/228718_AN_1,,info,IMG_FILE_MISSING;SALES_MISSING,,,,
228911_BM,228911,Top UU Bright Multicolor,_BM,Bright Multicolor,Apparel,Top,Knit,Viscose; Polyamide,,Viscose,27.99,/242/64/228911_BM_1,,info,IMG_FILE_MISSING,,,,
229257_BN,229257,Dress BETS Brown,_BN,Brown,Apparel,Dress,Knit,Polyamide; Acrylic,,Acrylic,39.99,/242/64/229257_BN_1,,info,IMG_FILE_MISSING;SALES_MISSING,,,,
229257_BU,229257,Dress BETS Burgundy,_BU,Burgundy,Apparel,Dress,Knit,Polyamide; Acrylic,,Acrylic,39.99,/242/64/229257_BU_1,,info,IMG_FILE_MISSING;SALES_MISSING,,,,
229257_KK,229257,Dress BETS Khaki,_KK,Khaki,Apparel,Dress,Knit,Acrylic; Polyamide,,Acrylic,39.99,/242/64/229257_KK_1,,info,IMG_FILE_MISSING;SALES_MISSING,,,,
229485_GY,229485,Skirt BETS Grey,_GY,Grey,Apparel,Skirt,Woven,Polyester; Wool; Polyester,,Polyester,39.99,/242/64/229485_GY_1,,info,IMG_FILE_MISSING;SALES_MISSING,,,,
229913_BK,229913,Top TRENDY Black,_BK,Black,Apparel,Top,Circular,Polyamide; Elastane; Viscose,,Viscose,23.99,/242/64/229913_BK_1,,info,IMG_FILE_MISSING;SALES_MISSING,,,,
230521_BK,230521,Shirt TRENDY Black,_BK,Black,Apparel,Shirt,Woven,Cotton,,Cotton,29.99,/242/64/230521_BK_1,,info,IMG_FILE_MISSING;SALES_MISSING,,,,
223875_BK,223875,Ankle Boots FAKE SUEDE ANKLE BOOT Black,_BK,Black,Footwear,Ankle Boots,Textile,Polyurethane; Rubber; Polyurethane; Polyester; Polyester,,,39.99,/242/53/223875_BK_1,223875_BK_1.jpg,info,SALES_MISSING,,,,
226936_BU,226936,Ankle Boots MILITAR LACES BOOT Burgundy,_BU,Burgundy,Footwear,Ankle Boots,PU,Polyurethane; Polyester; Polyurethane; Polyurethane; Rubber,,,39.99,/242/53/226936_BU_1,,info,IMG_FILE_MISSING;SALES_MISSING,,,,
227744_CA,227744,Flat Shoes QUADROS Camel,_CA,Camel,Footwear,Flat Shoes,Leather,Polyurethane; Rubber; Cow Suede Leather; Polyester; Polyurethane,,,49.99,/242/53/227744_CA_1,,info,IMG_FILE_MISSING,,,,
214657_BL,214657,Shoulder Bag SILVERSURFER2 Blue,_BL,Blue,Hand Bag,Shoulder Bag,Crochet,Fiberglass; Polyester; Polyethylene Terephthalate,,,35.99,/232/54/214657_BL_1,,info,IMG_FILE_MISSING,,,,
214666_BG,214666,Crossbody Bag CAMI 1 Beige,_BG,Beige,Hand Bag,Cross,Real Suede,Polyurethane; Cow Suede Leather; Polyester; Polyurethane,Light Golden,,29.99,/241/54/214666_BG_1,,info,IMG_FILE_MISSING,,,,
214666_BK,214666,Crossbody Bag CAMI 2 Black,_BK,Black,Hand Bag,Cross,Real Suede,Cow Suede Leather; Polyester; Polyurethane; Polyurethane,Light Golden,,29.99,/241/54/214666_BK_1,,info,IMG_FILE_MISSING,,,,
225121_BN,225121,Crossbody Bag LEOPARD CAPSULE Brown,_BN,Brown,Hand Bag,Cross,Printed Nylon,Polyester; Polyurethane; Polyester,Silver,,23.99,/242/54/225121_BN_1,,info,IMG_FILE_MISSING,,,,
225229_BK,225229,Backpack COLLAGE3 Black,_BK,Black,Hand Bag,Backpack,Nylon,Polyester; Polyester; Polyester; Polyurethane; Polyester,Silver,,29.99,/242/54/225229_BK_1,,info,IMG_FILE_MISSING,,,,
225229_TU,225229,Backpack COLLAGE3 Taupe,_TU,Taupe,Hand Bag,Backpack,Nylon,Polyester; Polyester; Polyurethane; Polyester; Polyester,Silver,,29.99,/242/54/225229_TU_1,,info,IMG_FILE_MISSING,,,,
225287_BK,225287,Shoulder Bag WESTERN2 Black,_BK,Black,Hand Bag,Shoulder Bag,Plain PU,Polyester; Polyurethane; Polyurethane,,,27.99,/242/54/225287_BK_1,,info,IMG_FILE_MISSING,,,,
225287_BN,225287,Shoulder Bag WESTERN2 Brown,_BN,Brown,Hand Bag,Shoulder Bag,Plain PU,Polyester; Polyurethane; Polyurethane,,,27.99,/242/54/225287_BN_1,,info,IMG_FILE_MISSING,,,,
225287_KK,225287,Shoulder Bag WESTERN2 Khaki,_KK,Khaki,Hand Bag,Shoulder Bag,Plain PU,Polyurethane; Polyester; Polyurethane,,,27.99,/242/54/225287_KK_1,,info,IMG_FILE_MISSING;SALES_MISSING,,,,
225500_BU,225500,Sac WESTERN2 Burgundy,_BU,Burgundy,Hand Bag,Sac,Real Suede,Cow Suede Leather,Silver,,69.99,/242/54/225500_BU_1,,info,IMG_FILE_MISSING;SALES_MISSING,,,,
225662_BK,225662,Crossbody Bag COLLAGE2 Black,_BK,Black,Hand Bag,Cross,Peach PU,Polyurethane; Polyester; Polyester; Polyurethane,,,27.99,/242/54/225662_BK_1,,info,IMG_FILE_MISSING,,,,
225662_TU,225662,Crossbody Bag COLLAGE2 Taupe,_TU,Taupe,Hand Bag,Cross,Peach PU,Polyurethane; Polyester; Polyester; Polyurethane,,,27.99,/242/54/225662_TU_1,,info,IMG_FILE_MISSING,,,,
225663_OR,225663,Crossbody Bag COLLAGE2 Orange,_OR,Orange,Hand Bag,Cross,Fantasy PU,Polyurethane; Polyester; Polyester; Polyurethane,Silver,,25.99,/242/54/225663_OR_1,,info,IMG_FILE_MISSING,,,,
225694_BK,225694,Crossbody Bag COLLAGE3 Black,_BK,Black,Hand Bag,Cross,Nylon,Polyurethane; Polyester; Polyester; Polyurethane,Silver,,25.99,/242/54/225694_BK_1,,info,IMG_FILE_MISSING,,,,
225694_KK,225694,Crossbody Bag COLLAGE3 Khaki,_KK,Khaki,Hand Bag,Cross,Nylon,Polyurethane; Polyester; Polyester; Polyurethane,Silver,,25.99,/242/54/225694_KK_1,,info,IMG_FILE_MISSING;SALES_MISSING,,,,
225694_TU,225694,Crossbody Bag COLLAGE3 Taupe,_TU,Taupe,Hand Bag,Cross,Nylon,Polyurethane; Polyester; Polyurethane; Polyester,Silver,,25.99,/242/54/225694_TU_1,,info,IMG_FILE_MISSING,,,,
226310_PK,226310,Crossbody Bag BROOKE Pink,_PK,Pink,Hand Bag,Cross,Jacquard,Polyester; Polyester; Polyurethane,,,25.99,/242/54/226310_PK_1,,info,IMG_FILE_MISSING,,,,
226369_BK,226369,Bucket Bag COLLAGE3 Black,_BK,Black,Hand Bag,Bucket,Plain PU,Polyurethane; Polyurethane,Silver,,25.99,/242/54/226369_BK_1,,info,IMG_FILE_MISSING,,,,
226369_BU,226369,Bucket Bag COLLAGE3 Burgundy,_BU,Burgundy,Hand Bag,Bucket,Plain PU,Polyurethane; Polyurethane,Silver,,25.99,/242/54/226369_BU_1,,info,IMG_FILE_MISSING,,,,
226369_TU,226369,Bucket Bag COLLAGE3 Taupe,_TU,Taupe,Hand Bag,Bucket,Plain PU,Polyurethane; Polyurethane,Silver,,25.99,/242/54/226369_TU_1,,info,IMG_FILE_MISSING,,,,
226411_WT,226411,Envelope Bag LEOPOLDO CAPSULE White,_WT,White,Hand Bag,Envelope,Printed Nylon,Polyester; Polyurethane; Polyester,Silver,,17.99,/242/54/226411_WT_1,,info,IMG_FILE_MISSING,,,,
226688_BK,226688,Tote Bag WESTERN3 Black,_BK,Black,Hand Bag,Tote,Plain PU,Polyester; Polyurethane; Polyurethane,Light Golden,,29.99,/242/54/226688_BK_1,,info,IMG_FILE_MISSING;SALES_MISSING,,,,
226688_TU,226688,Tote Bag WESTERN3 Taupe,_TU,Taupe,Hand Bag,Tote,Plain PU,Polyurethane; Polyurethane; Polyester,Light Golden,,29.99,/242/54/226688_TU_1,,info,IMG_FILE_MISSING,,,,
226693_BK,226693,Sac WESTERN3 Black,_BK,Black,Hand Bag,Sac,Plain PU,Polyurethane; Polyester; Polyester; Polyurethane; Polyurethane,,,27.99,/242/54/226693_BK_1,,info,IMG_FILE_MISSING;SALES_MISSING,,,,
226693_BN,226693,Sac WESTERN3 Brown,_BN,Brown,Hand Bag,Sac,Plain PU,Polyurethane; Polyester; Polyurethane; Polyester; Polyurethane,,,27.99,/242/54/226693_BN_1,,info,IMG_FILE_MISSING,,,,
226693_KK,226693,Sac WESTERN3 Khaki,_KK,Khaki,Hand Bag,Sac,Plain PU,Polyester; Polyurethane; Polyester; Polyurethane; Polyurethane,,,27.99,/242/54/226693_KK_1,,info,IMG_FILE_MISSING,,,,
226752_BN,226752,Shopper Bag WESTERN3 Brown,_BN,Brown,Hand Bag,Shopper,Fantasy Fabric,Polyester; Chenille; Polyurethane; Chenille; Polyester,Silver,,25.99,/242/54/226752_BN_1,,info,IMG_FILE_MISSING;SALES_MISSING,,,,
227096_TU,227096,Lunch Bag PARKER Taupe,_TU,Taupe,Hand Bag,Lunch Bag,Nylon,Polyethylene Terephthalate; Polyester; Polyester; Polyurethane,,,19.99,/242/54/227096_TU_1,,info,IMG_FILE_MISSING,,,,
227697_BK,227697,Shoulder Bag COWBOY Black,_BK,Black,Hand Bag,Shoulder Bag,Leather,Cow Leather; Cow Leather; Sheep leather; Cotton,Silver,,69.99,/242/54/227697_BK_1,,info,IMG_FILE_MISSING;SALES_MISSING,,,,
227697_BU,227697,Shoulder Bag COWBOY Burgundy,_BU,Burgundy,Hand Bag,Shoulder Bag,Leather,Cow Leather; Cow Leather; Sheep leather; Cotton,Silver,,69.99,/242/54/227697_BU_1,,info,IMG_FILE_MISSING;SALES_MISSING,,,,
227757_BK,227757,Shopper Bag BRAIDED LEATHER Black,_BK,Black,Hand Bag,Shopper,Leather,Cotton; Cow Leather; Cotton,,,69.99,/242/54/227757_BK_1,,info,IMG_FILE_MISSING;SALES_MISSING,,,,
227757_BN,227757,Shopper Bag BRAIDED LEATHER Brown,_BN,Brown,Hand Bag,Shopper,Leather,Cow Leather; Cotton; Cotton,,,69.99,/242/54/227757_BN_1,,info,IMG_FILE_MISSING;SALES_MISSING,,,,
227757_BU,227757,Shopper Bag BRAIDED LEATHER Burgundy,_BU,Burgundy,Hand Bag,Shopper,Leather,Cotton; Cow Leather; Cotton,,,69.99,/242/54/227757_BU_1,,info,IMG_FILE_MISSING;SALES_MISSING,,,,
227757_GN,227757,Shopper Bag BRAIDED LEATHER Green,_GN,Green,Hand Bag,Shopper,Leather,Cotton; Cow Leather; Cotton,,,69.99,/242/54/227757_GN_1,,info,IMG_FILE_MISSING;SALES_MISSING,,,,
177043_MM,177043,Necklace GOLDEN PROVISION Metallic Multicolor,_MM,Metallic Multicolor,Jewellery,Necklaces,Pendant,Iron; Shell; Zinc,Brushed Golden,Enamel,9.99,/202/52/177043_MM_1,177043_MM_1.jpg,info,SALES_MISSING,,,,
181831_RO,181831,Earring NEOPOP Old Rose,_RO,Old Rose,Jewellery,Earrings,Dangle,Glass; Iron; Zinc,Black Nikel,,8.99,/242/52/181831_RO_1,181831_RO_1.jpg,info,SALES_MISSING,,,,
214553_BK,214553,Earring ECLIPSE Black,_BK,Black,Jewellery,Earrings,Hoop Earrings,Enamel; Zinc,Golden,,5.99,/232/52/214553_BK_1,,info,IMG_FILE_MISSING,,,,
214569_BK,214569,Earring ECLIPSE Black,_BK,Black,Jewellery,Earrings,Hoop Earrings,Glass; Zinc,Brushed Golden,,4.99,/232/52/214569_BK_1,,info,IMG_FILE_MISSING,,,,
214574_BK,214574,Bracelet ECLIPSE Black,_BK,Black,Jewellery,Bracelets,Elastic Bracelet,Glass; Zinc; Metal and Cord,Brushed Golden,,9.99,/232/52/214574_BK_1,,info,IMG_FILE_MISSING,,,,
214589_MI,214589,Earring Moonlight azure Midnight Blue,_MI,Midnight Blue,Jewellery,Earrings,Dangle,Glass; Iron; Wool; Metal and Cord,Other,,12.99,/232/52/214589_MI_1,,info,IMG_FILE_MISSING,,,,
214600_MI,214600,Earring Moonlight azure Midnight Blue,_MI,Midnight Blue,Jewellery,Earrings,Dangle,Acrylic; Cotton; Glass; Thermoplastic Polyurethane,Other,,12.99,/232/52/214600_MI_1,,info,IMG_FILE_MISSING,,,,
214625_KN,214625,Earring TREND Black Nickel,_KN,Black Nickel,Jewellery,Earrings,Dangle,Brass; Glass,Other,,15.99,/232/52/214625_KN_1,,info,IMG_FILE_MISSING,,,,
214634_SV,214634,Earring TREND Silver,_SV,Silver,Jewellery,Earrings,Dangle,Glass; Iron,Silver,,12.99,/232/52/214634_SV_1,,info,IMG_FILE_MISSING,,,,
214637_BL,214637,Necklace CANICHE CAMPAIGN Blue,_BL,Blue,Jewellery,Necklaces,Choker,Polyester; Thermoplastic Polyurethane,Silver,,19.99,/232/52/214637_BL_1,,info,IMG_FILE_MISSING,,,,
214637_PU,214637,Necklace CANICHE CAMPAIGN Purple,_PU,Purple,Jewellery,Necklaces,Choker,Polyester; Thermoplastic Polyurethane,Silver,,19.99,/232/52/214637_PU_1,,info,IMG_FILE_MISSING,,,,
214641_HM,214641,Necklace TREND Halftone Multicolor,_HM,Halftone Multicolor,Jewellery,Necklaces,Collar,Glass; Iron; Thermoplastic Polyurethane; Zinc,Black Nikel,,35.99,/232/52/214641_HM_1,,info,IMG_FILE_MISSING,,,,
214672_HM,214672,Earring TREND Halftone Multicolor,_HM,Halftone Multicolor,Jewellery,Earrings,Stud,Acrylic; Iron,Black Nikel,,12.99,/232/52/214672_HM_1,,info,IMG_FILE_MISSING,,,,
216734_GD,216734,Necklace GOLD PLATED COLLECTION Gold,_GD,Gold,Jewellery,Necklaces,Pendant,Brass,Gold Plated,,45.99,/241/52/216734_GD_1,,info,IMG_FILE_MISSING,,,,
224637_BK,224637,Earring Milagro Black,_BK,Black,Jewellery,Earrings,Dangle,Zinc; Resin,,,5.99,/242/52/224637_BK_1,224637_BK_1.jpg,info,SALES_MISSING,,,,
225065_BL,225065,Ring ATMOSPHERE Blue,_BL,Blue,Jewellery,Rings,Fantasy,Acrylic,Other,,5.99,/242/52/225065_BL_1,,info,IMG_FILE_MISSING,,,,
225069_BL,225069,Bracelet ATMOSPHERE Blue,_BL,Blue,Jewellery,Bracelets,Elastic Bracelet,Cork; Acrylic; Thermoplastic Polyurethane,Rodhium,,5.99,/242/52/225069_BL_1,,info,IMG_FILE_MISSING,,,,
225174_SV,225174,Bracelet SILVER BASICS Silver,_SV,Silver,Jewellery,Bracelets,Cuff,Cork; Zinc,Rodhium,,7.99,/242/52/225174_SV_1,,info,IMG_FILE_MISSING,,,,
225189_SV,225189,Necklace SILVER BASICS Silver,_SV,Silver,Jewellery,Necklaces,Pendant,Zinc; Iron,Rodhium,,10.99,/242/52/225189_SV_1,,info,IMG_FILE_MISSING,,,,
225228_GD,225228,Earring NEW CLASSIC Gold,_GD,Gold,Jewellery,Earrings,Hoop Earrings,Zinc; Acrylic,Golden,,5.99,/242/52/225228_GD_1,,info,IMG_FILE_MISSING,,,,
225235_WT,225235,Necklace NEW CLASSIC White,_WT,White,Jewellery,Necklaces,Beaded Necklace,Acrylic; Brass; Iron; Zinc; Cork,,,17.99,/242/52/225235_WT_1,,info,IMG_FILE_MISSING,,,,
225242_WT,225242,Bracelet NEW CLASSIC White,_WT,White,Jewellery,Bracelets,Non-Adjustable Bracelet,Cork; Iron; Thermoplastic Polyurethane; Zinc,,,9.99,/242/52/225242_WT_1,,info,IMG_FILE_MISSING,,,,
225246_WT,225246,Earring NEW CLASSIC White,_WT,White,Jewellery,Earrings,Stud,Zinc; Acrylic; Cork,Golden,,5.99,/242/52/225246_WT_1,,info,IMG_FILE_MISSING,,,,
225251_PE,225251,Earring NEW CLASSIC Pearl,_PE,Pearl,Jewellery,Earrings,Hoop Earrings,Cork; Iron; Acrylic,Golden,,5.99,/242/52/225251_PE_1,,info,IMG_FILE_MISSING,,,,
225260_PE,225260,Necklace NEW CLASSIC Pearl,_PE,Pearl,Jewellery,Necklaces,Beaded Necklace,Cork; Acrylic; Brass,Golden,,12.99,/242/52/225260_PE_1,,info,IMG_FILE_MISSING,,,,
225266_WT,225266,Earring NEW CLASSIC White,_WT,White,Jewellery,Earrings,Clip Earrings,Brass; Iron; Acrylic; Cork,Golden,,5.99,/242/52/225266_WT_1,,info,IMG_FILE_MISSING,,,,
225273_WT,225273,Bracelet NEW CLASSIC White,_WT,White,Jewellery,Bracelets,Elastic Bracelet,Cork; Iron; Acrylic,Golden,,7.99,/242/52/225273_WT_1,,info,IMG_FILE_MISSING,,,,
225280_WT,225280,Ring NEW CLASSIC White,_WT,White,Jewellery,Rings,Cocktail,Cork; Glass,Golden,,4.99,/242/52/225280_WT_1,,info,IMG_FILE_MISSING,,,,
225504_PE,225504,Earring NEW CLASSIC Pearl,_PE,Pearl,Jewellery,Earrings,Hoop Earrings,Thermoplastic Polyurethane; Steel; Brass; Cork,Golden,,5.99,/242/52/225504_PE_1,,info,IMG_FILE_MISSING,,,,
225510_PE,225510,Earring NEW CLASSIC Pearl,_PE,Pearl,Jewellery,Earrings,Dangle,Copper; Cork; Acrylic,Golden,,7.99,/242/52/225510_PE_1,,info,IMG_FILE_MISSING,,,,
225515_GD,225515,Set of Necklaces NEW CLASSIC Gold,_GD,Gold,Jewellery,Necklaces,Pendant,Iron; Copper; Cork; Acrylic,Golden,,12.99,/242/52/225515_GD_1,,info,IMG_FILE_MISSING,,,,
225591_LB,225591,Bracelet MODERN STONES Light Blue,_LB,Light Blue,Jewellery,Bracelets,Elastic Bracelet,Zinc; Acrylic,Golden,,7.99,/242/52/225591_LB_1,,info,IMG_FILE_MISSING,,,,
225597_PM,225597,Ring MODERN STONES Pastel Multicolor,_PM,Pastel Multicolor,Jewellery,Rings,Stone/Gem,Stone; Brass,Golden,,7.99,/242/52/225597_PM_1,,info,IMG_FILE_MISSING,,,,
225670_LB,225670,Earring MODERN STONES Light Blue,_LB,Light Blue,Jewellery,Earrings,Dangle,Glass; Zinc; Stone; Cork,Brushed Golden,,7.99,/242/52/225670_LB_1,,info,IMG_FILE_MISSING,,,,
225675_HM,225675,Bracelet MODERN STONES Halftone Multicolor,_HM,Halftone Multicolor,Jewellery,Bracelets,Non-Adjustable Bracelet,Brass; Enamel; Cork,Golden,,8.99,/242/52/225675_HM_1,,info,IMG_FILE_MISSING,,,,
225680_BL,225680,Earring MODERN STONES Blue,_BL,Blue,Jewellery,Earrings,Hoop Earrings,Brass; Stone; Thermoplastic Polyurethane; Cork,Golden,,7.99,/242/52/225680_BL_1,,info,IMG_FILE_MISSING,,,,
226209_LB,226209,Earring MODERN STONES Light Blue,_LB,Light Blue,Jewellery,Earrings,Hoop Earrings,Cork; Thermoplastic Polyurethane; Brass,Golden,,5.99,/242/52/226209_LB_1,,info,IMG_FILE_MISSING,,,,
226213_BL,226213,Ring MODERN STONES Blue,_BL,Blue,Jewellery,Rings,Fantasy,Cork; Steel; Thermoplastic Polyurethane; Brass,Golden,,6.99,/242/52/226213_BL_1,,info,IMG_FILE_MISSING,,,,
226213_PK,226213,Ring MODERN STONES Pink,_PK,Pink,Jewellery,Rings,Fantasy,Cork; Thermoplastic Polyurethane; Brass; Steel,Golden,,6.99,/242/52/226213_PK_1,,info,IMG_FILE_MISSING,,,,
226217_BG,226217,Necklace MODERN STONES Beige,_BG,Beige,Jewellery,Necklaces,Pendant,Cork; Thermoplastic Polyurethane; Zinc; Steel; Brass,,,10.99,/242/52/226217_BG_1,,info,IMG_FILE_MISSING,,,,
226221_HM,226221,Necklace MODERN STONES Halftone Multicolor,_HM,Halftone Multicolor,Jewellery,Necklaces,Beaded Necklace,Cork; Glass; Thermoplastic Polyurethane; Stone; Iron; Resin; Copper,Golden,,12.99,/242/52/226221_HM_1,,info,IMG_FILE_MISSING,,,,
226225_LN,226225,Ring MODERN STONES Light Green,_LN,Light Green,Jewellery,Rings,Stone/Gem,Cork; Brass; Zinc; Stone,Golden,,5.99,/242/52/226225_LN_1,,info,IMG_FILE_MISSING,,,,
226230_HM,226230,Earring MODERN STONES Halftone Multicolor,_HM,Halftone Multicolor,Jewellery,Earrings,Ear Jacket,Cork; Zinc; Stone,Golden,,5.99,/242/52/226230_HM_1,,info,IMG_FILE_MISSING,,,,
226290_PK,226290,Earring MODERN STONES Pink,_PK,Pink,Jewellery,Earrings,Dangle,Cork; Thermoplastic Polyurethane; Stone; Acrylic; Pearl; Iron,Golden,,8.99,/242/52/226290_PK_1,,info,IMG_FILE_MISSING,,,,
226296_HM,226296,Earring MODERN STONES Halftone Multicolor,_HM,Halftone Multicolor,Jewellery,Earrings,Other Earrings,Cork; Iron; Acrylic; Stone,Golden,,7.99,/242/52/226296_HM_1,,info,IMG_FILE_MISSING,,,,
226344_HM,226344,Earring WESTERNP Halftone Multicolor,_HM,Halftone Multicolor,Jewellery,Earrings,Clip Earrings,Acrylic; Zinc; Cork,Worn Gold,,7.99,/242/52/226344_HM_1,,info,IMG_FILE_MISSING,,,,
226350_BU,226350,Necklace WESTERNP Burgundy,_BU,Burgundy,Jewellery,Necklaces,Pendant,Zinc; Iron; Cork,Worn Gold,,12.99,/242/52/226350_BU_1,,info,IMG_FILE_MISSING,,,,
226357_SV,226357,Earring LIGHTNING BOLD Silver,_SV,Silver,Jewellery,Earrings,Dangle,Cork; Brass; Zirconium,,,8.99,/242/52/226357_SV_1,,info,IMG_FILE_MISSING,,,,
226361_GD,226361,Ring LIGHTNING BOLD Gold,_GD,Gold,Jewellery,Rings,Band Ring,Brass; Zirconium; Cork,Golden,,6.99,/242/52/226361_GD_1,,info,IMG_FILE_MISSING,,,,
226371_GD,226371,Ring LIGHTNING BOLD Gold,_GD,Gold,Jewellery,Rings,Fantasy,Cork; Brass; Glass,Golden,,15.99,/242/52/226371_GD_1,,info,IMG_FILE_MISSING,,,,
226375_MI,226375,Earring NEPTUNE Midnight Blue,_MI,Midnight Blue,Jewellery,Earrings,Dangle,Brass; Thermoplastic Polyurethane,Black Nikel,,7.99,/242/52/226375_MI_1,,info,IMG_FILE_MISSING,,,,
226382_GD,226382,Earring LIGHTNING BOLD Gold,_GD,Gold,Jewellery,Earrings,Stud,Thermoplastic Polyurethane; Iron; Cork; Glass,Golden,,7.99,/242/52/226382_GD_1,,info,IMG_FILE_MISSING,,,,
226389_BU,226389,Bracelet WESTERNP Burgundy,_BU,Burgundy,Jewellery,Bracelets,Non-Adjustable Bracelet,Brass; Zinc; Magnet; Cork; Polyester,Worn Gold,,8.99,/242/52/226389_BU_1,,info,IMG_FILE_MISSING,,,,
226393_BU,226393,Bracelet WESTERNP Burgundy,_BU,Burgundy,Jewellery,Bracelets,Elastic Bracelet,Cork; Thermoplastic Polyurethane; Glass; Zinc; Acrylic,Worn Gold,,8.99,/242/52/226393_BU_1,,info,IMG_FILE_MISSING,,,,
226397_BU,226397,Earring WESTERNP Burgundy,_BU,Burgundy,Jewellery,Earrings,Drop,Enamel; Zinc; Cork,Worn Gold,,8.99,/242/52/226397_BU_1,,info,IMG_FILE_MISSING,,,,
226402_BU,226402,Bracelet WESTERNP Burgundy,_BU,Burgundy,Jewellery,Bracelets,Elastic Bracelet,Thermoplastic Polyurethane; Resin; Brass; Cork,,,9.99,/242/52/226402_BU_1,,info,IMG_FILE_MISSING,,,,
226408_BU,226408,Earring WESTERNP Burgundy,_BU,Burgundy,Jewellery,Earrings,Clip Earrings,Enamel; Zinc; Glass,Worn Gold,,12.99,/242/52/226408_BU_1,,info,IMG_FILE_MISSING,,,,
226432_GD,226432,Ring WESTERNP Gold,_GD,Gold,Jewellery,Rings,Band Ring,Zinc,Worn Gold,,5.99,/242/52/226432_GD_1,,info,IMG_FILE_MISSING,,,,
226444_BU,226444,Earring WESTERNP Burgundy,_BU,Burgundy,Jewellery,Earrings,Stud,Cork; Copper; Resin,Worn Gold,,7.99,/242/52/226444_BU_1,,info,IMG_FILE_MISSING,,,,
226476_GD,226476,Earring LIGHTNING BOLD Gold,_GD,Gold,Jewellery,Earrings,Hoop Earrings,Cork; Zirconium; Zinc,Golden,,12.99,/242/52/226476_GD_1,,info,IMG_FILE_MISSING,,,,
226481_GD,226481,Ring LIGHTNING BOLD Gold,_GD,Gold,Jewellery,Rings,Cocktail,Zirconium; Copper; Acrylic,Golden,,9.99,/242/52/226481_GD_1,,info,IMG_FILE_MISSING,,,,
226486_GD,226486,Earring LIGHTNING BOLD Gold,_GD,Gold,Jewellery,Earrings,Hoop Earrings,Cork; Zirconium; Brass,,,7.99,/242/52/226486_GD_1,,info,IMG_FILE_MISSING,,,,
226493_GD,226493,Earring LIGHTNING BOLD Gold,_GD,Gold,Jewellery,Earrings,Clip Earrings,Cork; Zinc; Glass,Golden,,7.99,/242/52/226493_GD_1,,info,IMG_FILE_MISSING,,,,
226498_GD,226498,Earring LIGHTNING BOLD Gold,_GD,Gold,Jewellery,Earrings,Hoop Earrings,Cork; Brass; Zirconium,Golden,,8.99,/242/52/226498_GD_1,,info,IMG_FILE_MISSING,,,,
226503_MI,226503,Earring NEPTUNE Midnight Blue,_MI,Midnight Blue,Jewellery,Earrings,Clip Earrings,Zinc; Copper; Glass,Black Nikel,,7.99,/242/52/226503_MI_1,,info,IMG_FILE_MISSING,,,,
226516_GD,226516,Set of Necklaces LIGHTNING BOLD Gold,_GD,Gold,Jewellery,Necklaces,Chain,Zirconium; Cork; Iron; Zinc,Golden,,12.99,/242/52/226516_GD_1,,info,IMG_FILE_MISSING,,,,
226523_GD,226523,Earring LIGHTNING BOLD Gold,_GD,Gold,Jewellery,Earrings,Dangle,Zirconium; Brass; Cork,Golden,,12.99,/242/52/226523_GD_1,,info,IMG_FILE_MISSING,,,,
226528_GD,226528,Earring LIGHTNING BOLD Gold,_GD,Gold,Jewellery,Earrings,Stud,Brass; Zirconium; Cork,Golden,,7.99,/242/52/226528_GD_1,,info,IMG_FILE_MISSING,,,,
226532_GD,226532,Necklace LIGHTNING BOLD Gold,_GD,Gold,Jewellery,Necklaces,Collar,Cork; Brass; Iron; Zirconium,Golden,,29.99,/242/52/226532_GD_1,,info,IMG_FILE_MISSING,,,,
226579_MI,226579,Ring NEPTUNE Midnight Blue,_MI,Midnight Blue,Jewellery,Rings,Cocktail,Copper; Glass; Cork,Black Nikel,,6.99,/242/52/226579_MI_1,,info,IMG_FILE_MISSING,,,,
226585_BL,226585,Necklace NEPTUNE Blue,_BL,Blue,Jewellery,Necklaces,Beaded Necklace,Cork; Thermoplastic Polyurethane; Iron; Glass,Black Nikel,,12.99,/242/52/226585_BL_1,,info,IMG_FILE_MISSING,,,,
226648_MI,226648,Necklace NEPTUNE Midnight Blue,_MI,Midnight Blue,Jewellery,Necklaces,Pendant,Glass; Resin; Brass; Iron; Zinc,Black Nikel,,12.99,/242/52/226648_MI_1,,info,IMG_FILE_MISSING,,,,
226675_BM,226675,Bracelet ARM MATERA Bright Multicolor,_BM,Bright Multicolor,Jewellery,Bracelets,Adjustable Bracelet,Polyester; Brass,Golden,,7.99,/242/52/226675_BM_1,,info,IMG_FILE_MISSING,,,,
226681_BL,226681,Bracelet ARM MATERA Blue,_BL,Blue,Jewellery,Bracelets,Adjustable Bracelet,Nylon; Zinc,Golden,,5.99,/242/52/226681_BL_1,,info,IMG_FILE_MISSING,,,,
226696_MI,226696,Earring NEPTUNE Midnight Blue,_MI,Midnight Blue,Jewellery,Earrings,Hoop Earrings,Zinc; Glass; Cork; Resin,Black Nikel,,7.99,/242/52/226696_MI_1,,info,IMG_FILE_MISSING,,,,
226708_SV,226708,Earring NEPTUNE Silver,_SV,Silver,Jewellery,Earrings,Stud,Zinc; Thermoplastic Polyurethane; Iron; Glass; Cork,,,15.99,/242/52/226708_SV_1,,info,IMG_FILE_MISSING;SALES_MISSING,,,,
226871_GD,226871,Earring Golden Basics Gold,_GD,Gold,Jewellery,Earrings,Clip Earrings,Zinc; Brass; Cork,Golden,,5.99,/242/52/226871_GD_1,,info,IMG_FILE_MISSING,,,,
226881_DM,226881,Necklace GALÁPAGOS Dark Multicolor,_DM,Dark Multicolor,Jewellery,Necklaces,Beaded Necklace,Cork; Stone; Resin; Brass; Zinc,Antik Golden,,12.99,/242/52/226881_DM_1,,info,IMG_FILE_MISSING,,,,
226894_GD,226894,Earring GALÁPAGOS Gold,_GD,Gold,Jewellery,Earrings,Stud,Zinc; Cork,Antik Golden,,5.99,/242/52/226894_GD_1,,info,IMG_FILE_MISSING,,,,
226899_FG,226899,Necklace GALÁPAGOS Forest Green,_FG,Forest Green,Jewellery,Necklaces,Chain,Zinc; Stone; Iron; Cork,Antik Golden,,12.99,/242/52/226899_FG_1,,info,IMG_FILE_MISSING,,,,
226934_SV,226934,Bracelet SILVER BASICS Silver,_SV,Silver,Jewellery,Bracelets,Elastic Bracelet,Brass; Cork,Rodhium,,7.99,/242/52/226934_SV_1,,info,IMG_FILE_MISSING,,,,
226944_GD,226944,Bracelet Golden Basics Gold,_GD,Gold,Jewellery,Bracelets,Elastic Bracelet,Cork; Zinc,,,9.99,/242/52/226944_GD_1,,info,IMG_FILE_MISSING;SALES_MISSING,,,,
226972_DB,226972,Ring GALÁPAGOS Dark Brown,_DB,Dark Brown,Jewellery,Rings,Fantasy,Cork; Thermoplastic Polyurethane,Antik Golden,,7.99,/242/52/226972_DB_1,,info,IMG_FILE_MISSING,,,,
226977_DM,226977,Bracelet GALÁPAGOS Dark Multicolor,_DM,Dark Multicolor,Jewellery,Bracelets,Elastic Bracelet,Cork; Thermoplastic Polyurethane,Antik Golden,,7.99,/242/52/226977_DM_1,,info,IMG_FILE_MISSING,,,,
226994_BK,226994,Earring QUADROS Black,_BK,Black,Jewellery,Earrings,Dangle,Zinc; Iron; Cork; Polyester,Rodhium,,19.99,/242/52/226994_BK_1,,info,IMG_FILE_MISSING,,,,
226999_BL,226999,Bracelet QUADROS Blue,_BL,Blue,Jewellery,Bracelets,Cuff,Cork; Resin; Zinc; Iron,Rodhium,,23.99,/242/52/226999_BL_1,,info,IMG_FILE_MISSING,,,,
226999_BU,226999,Bracelet QUADROS Burgundy,_BU,Burgundy,Jewellery,Bracelets,Cuff,Cork; Resin; Zinc; Iron,Rodhium,,23.99,/242/52/226999_BU_1,,info,IMG_FILE_MISSING,,,,
2270071SV,227007,Ring QUADROS Silver,1SV,Silver,Jewellery,Rings,Cocktail,Brass; Zinc,Rodhium,,15.99,/242/52/2270071SV_1,,info,IMG_FILE_MISSING,,,,
227023_DM,227023,Ring GALÁPAGOS Dark Multicolor,_DM,Dark Multicolor,Jewellery,Rings,Cocktail,Cotton; Stone; Zinc; Resin,Antik Golden,,7.99,/242/52/227023_DM_1,,info,IMG_FILE_MISSING,,,,
227028_OG,227028,Earring GALÁPAGOS Old Gold,_OG,Old Gold,Jewellery,Earrings,Hoop Earrings,Copper; Iron; Thermoplastic Polyurethane; Zinc; Cork,Antik Golden,,7.99,/242/52/227028_OG_1,,info,IMG_FILE_MISSING,,,,
227033_DM,227033,Necklace GALÁPAGOS Dark Multicolor,_DM,Dark Multicolor,Jewellery,Necklaces,Chain,Cork; Stone; Resin; Iron,Antik Golden,,15.99,/242/52/227033_DM_1,,info,IMG_FILE_MISSING,,,,
227038_DB,227038,Earring GALÁPAGOS Dark Brown,_DB,Dark Brown,Jewellery,Earrings,Hoop Earrings,Resin; Brass; Cork,Antik Golden,,5.99,/242/52/227038_DB_1,,info,IMG_FILE_MISSING,,,,
227043_DB,227043,Earring GALÁPAGOS Dark Brown,_DB,Dark Brown,Jewellery,Earrings,Stud,Cork; Zinc; Resin,Antik Golden,,5.99,/242/52/227043_DB_1,,info,IMG_FILE_MISSING,,,,
227070_GD,227070,Necklace GOLD PLATED COLLECTION Gold,_GD,Gold,Jewellery,Necklaces,Pendant,Stone; Brass,Gold Plated,,27.99,/242/52/227070_GD_1,,info,IMG_FILE_MISSING,,,,
227109_DM,227109,Earring NEOPOP Dark Multicolor,_DM,Dark Multicolor,Jewellery,Earrings,Clip Earrings,Glass; Zinc,Black Nikel,,5.99,/242/52/227109_DM_1,,info,IMG_FILE_MISSING,,,,
227115_DM,227115,Earring NEOPOP Dark Multicolor,_DM,Dark Multicolor,Jewellery,Earrings,Stud,Resin; Glass; Zinc,,,9.99,/242/52/227115_DM_1,,info,IMG_FILE_MISSING,,,,
227148_GN,227148,Earring NEOPOP Green,_GN,Green,Jewellery,Earrings,Stud,Zinc; Glass,,,12.99,/242/52/227148_GN_1,,info,IMG_FILE_MISSING,,,,
227148_RO,227148,Earring NEOPOP Old Rose,_RO,Old Rose,Jewellery,Earrings,Stud,Zinc; Glass,,,12.99,/242/52/227148_RO_1,,info,IMG_FILE_MISSING,,,,
227156_DM,227156,Ring NEOPOP Dark Multicolor,_DM,Dark Multicolor,Jewellery,Rings,Fantasy,Enamel; Brass; Glass; Cork; Zinc; Resin,Black Nikel,,6.99,/242/52/227156_DM_1,,info,IMG_FILE_MISSING,,,,
227167_DM,227167,Necklace NEOPOP Dark Multicolor,_DM,Dark Multicolor,Jewellery,Necklaces,Beaded Necklace,Resin; Iron; Brass; Zinc; Glass; Cork,,,17.99,/242/52/227167_DM_1,,info,IMG_FILE_MISSING,,,,
227173_DM,227173,Earring NEOPOP Dark Multicolor,_DM,Dark Multicolor,Jewellery,Earrings,Ear Jacket,Zinc; Glass; Cork,Black Nikel,,5.99,/242/52/227173_DM_1,,info,IMG_FILE_MISSING,,,,
227186_DM,227186,Earring NEOPOP Dark Multicolor,_DM,Dark Multicolor,Jewellery,Earrings,Stud,Enamel; Glass; Zinc; Cork,Black Nikel,,5.99,/242/52/227186_DM_1,,info,IMG_FILE_MISSING,,,,
227195_BM,227195,Earring NEOPOP Bright Multicolor,_BM,Bright Multicolor,Jewellery,Earrings,Hoop Earrings,Acrylic; Glass; Cork,,,9.99,/242/52/227195_BM_1,,info,IMG_FILE_MISSING,,,,
227203_DM,227203,Ring NEOPOP Dark Multicolor,_DM,Dark Multicolor,Jewellery,Rings,Fantasy,Glass; Resin; Cork,Other,,6.99,/242/52/227203_DM_1,,info,IMG_FILE_MISSING,,,,
227247_GD,227247,Set of Necklaces PERMANENT - SUSPENDED FR Gold,_GD,Gold,Jewellery,Necklaces,Pendant,Acrylic; Zinc; Copper,,,12.99,/242/52/227247_GD_1,,info,IMG_FILE_MISSING,,,,
227561_GD,227561,Bracelet TREND Gold,_GD,Gold,Jewellery,Bracelets,Cuff,Cork; Brass,Golden,,12.99,/242/52/227561_GD_1,,info,IMG_FILE_MISSING,,,,
227999_SV,227999,Earring SILVER BASICS Silver,_SV,Silver,Jewellery,Earrings,Clip Earrings,Brass; Zinc,Rodhium,,7.99,/242/52/227999_SV_1,,info,IMG_FILE_MISSING,,,,
228003_SV,228003,Earring SILVER BASICS Silver,_SV,Silver,Jewellery,Earrings,Clip Earrings,Cork; Iron,Rodhium,,5.99,/242/52/228003_SV_1,,info,IMG_FILE_MISSING,,,,
228005_GD,228005,Earring Golden Basics Gold,_GD,Gold,Jewellery,Earrings,Clip Earrings,Cork; Zinc; Brass,Golden,,5.99,/242/52/228005_GD_1,,info,IMG_FILE_MISSING,,,,
228005_SV,228005,Earring SILVER BASICS Silver,_SV,Silver,Jewellery,Earrings,Clip Earrings,Cork; Brass; Zinc,Golden,,5.99,/242/52/228005_SV_1,,info,IMG_FILE_MISSING,,,,
228010_BK,228010,Earring Milagro Black,_BK,Black,Jewellery,Earrings,Clip Earrings,Cork; Zinc; Glass,Golden,,5.99,/242/52/228010_BK_1,,info,IMG_FILE_MISSING,,,,
228020_BK,228020,Bracelet Milagro Black,_BK,Black,Jewellery,Bracelets,Cuff,Cork; Steel; Thermoplastic Polyurethane,Golden,,6.99,/242/52/228020_BK_1,,info,IMG_FILE_MISSING;SALES_MISSING,,,,
229090_SV,229090,Earring SILVER BASICS Silver,_SV,Silver,Jewellery,Earrings,Clip Earrings,Cork; Zinc; Iron,Rodhium,,5.99,/242/52/229090_SV_1,,info,IMG_FILE_MISSING,,,,
229458_BM,229458,Set of Necklaces FUNNY COLLECTION Bright Multicolor,_BM,Bright Multicolor,Jewellery,Necklaces,Beaded Necklace,Cork; Acrylic; Glass; Steel; Stone,Golden,,59.99,/242/52/229458_BM_1,,info,IMG_FILE_MISSING;SALES_MISSING,,,,
229532_RD,229532,Necklace FUNNY COLLECTION Red,_RD,Red,Jewellery,Necklaces,Pendant,Resin; Pearl; Cork,Golden,,69.99,/242/52/229532_RD_1,,info,IMG_FILE_MISSING;SALES_MISSING,,,,
214561_AQ,214561,Card Holder gina Aquamarine,_AQ,Aquamarine,Wallet,Card Holder,Plain PU,Thermoplastic Polyurethane; Polyester; Polyurethane; Polyurethane,,,9.99,/232/62/214561_AQ_1,,info,IMG_FILE_MISSING,,,,
214561_EC,214561,Card Holder gina Ecru,_EC,Ecru,Wallet,Card Holder,Plain PU,Polyester; Polyurethane; Polyurethane; Thermoplastic Polyurethane,,,9.99,/232/62/214561_EC_1,,info,IMG_FILE_MISSING,,,,
214613_KK,214613,Phone Holder CAMI 1 Khaki,_KK,Khaki,Wallet,Phone Holder,Printed PU,Polyester; Polyurethane; Polyurethane; Thermoplastic Polyurethane,Silver,,17.99,/241/62/214613_KK_1,,info,IMG_FILE_MISSING,,,,
223174_GN,223174,Wallet BASIC DIANA Green,_GN,Green,Wallet,Wallet,Plain PU,Thermoplastic Polyurethane; Polyurethane; Polyurethane; Polyester,,,10.99,/242/62/223174_GN_1,223174_GN_1.jpg,info,SALES_MISSING,,,,
225776_CA,225776,Wallet GLORIA Camel,_CA,Camel,Wallet,Wallet,Real Fur,Cow Leather; Polyurethane; Polyester,,,25.99,/242/62/225776_CA_1,,info,IMG_FILE_MISSING;SALES_MISSING,,,,
225818_BK,225818,Wallet GLORIA Black,_BK,Black,Wallet,Wallet,Real Fur,Cow Leather; Polyurethane; Thermoplastic Polyurethane; Polyester,,,23.99,/242/62/225818_BK_1,,info,IMG_FILE_MISSING;SALES_MISSING,,,,
226320_KK,226320,Wallet BROOKE Khaki,_KK,Khaki,Wallet,Wallet,Jacquard,Polyester; Polyurethane; Polyurethane; Polyester,,,15.99,/242/62/226320_KK_1,,info,IMG_FILE_MISSING,,,,
226624_BK,226624,Phone Holder DOLLY Black,_BK,Black,Wallet,Phone Holder,Nylon,Polyester; Polyamide; Polyester,,,17.99,/242/62/226624_BK_1,,info,IMG_FILE_MISSING;SALES_MISSING,,,,
227018_CA,227018,Phone Holder PARKER Camel,_CA,Camel,Wallet,Phone Holder,Nylon,Polyurethane; Polyester; Polyester,,,17.99,/242/62/227018_CA_1,,info,IMG_FILE_MISSING,,,,
227018_EC,227018,Phone Holder PARKER Ecru,_EC,Ecru,Wallet,Phone Holder,Nylon,Polyester; Polyester; Polyurethane,,,17.99,/242/62/227018_EC_1,,info,IMG_FILE_MISSING;SALES_MISSING,,,,
227520_BM,227520,Jewellery Case DOLLY Bright Multicolor,_BM,Bright Multicolor,Wallet,Others,Jewellery Case,Polyester; Polyamide; Polyamide; Polyamide; Polyester,,,15.99,/242/62/227520_BM_1,,info,IMG_FILE_MISSING;SALES_MISSING,,,,
227520_DM,227520,Jewellery Case DOLLY Dark Multicolor,_DM,Dark Multicolor,Wallet,Others,Jewellery Case,Polyamide; Polyester; Polyamide; Polyester; Polyamide,,,15.99,/242/62/227520_DM_1,,info,IMG_FILE_MISSING;SALES_MISSING,,,,
212653_BK,192346,T-shirt ESSENTIALS T DISPLAY 1 Black,_BK,Black,Apparel,T-shirt,Circular,Elastane; Polyester; Viscose,,Viscose,23.99,/212/64/192346_BK_1,192346_BK_1.jpg,none,,,,,
195325_BB,195325,Shirt ESSENTIALS T DISPLAY 1 Bright Blue,_BB,Bright Blue,Apparel,Shirt,Woven,Viscose,,Viscose,22.99,/231/64/195325_BB_1,195325_BB_1.jpg,none,,,,,
195325_FU,195325,Shirt ESSENTIALS T DISPLAY 1 Fuchsia,_FU,Fuchsia,Apparel,Shirt,Woven,Viscose,,Viscose,22.99,/231/64/195325_FU_1,195325_FU_1.jpg,none,,,,,
195325_GN,195325,Shirt ESSENTIALS T DISPLAY 1 Green,_GN,Green,Apparel,Shirt,Woven,Viscose,,Viscose,22.99,/232/64/195325_GN_1,195325_GN_1.jpg,none,,,,,
206259_OL,206259,Sweater REPEAT Olive,_OL,Olive,Apparel,Sweater,Knit,Polyamide; Polyester; Viscose,,Viscose,29.99,/231/64/206259_OL_1,206259_OL_1.jpg,none,,,,,
206548_BN,206548,T-shirt MAXI MAIO Brown,_BN,Brown,Apparel,T-shirt,Circular,Cotton,,Cotton,15.99,/232/64/206548_BN_1,206548_BN_1.jpg,none,,,,,
206548_PU,206548,T-shirt MAXI MAIO Purple,_PU,Purple,Apparel,T-shirt,Circular,Cotton,,Cotton,15.99,/232/64/206548_PU_1,206548_PU_1.jpg,none,,,,,
206548_RD,206548,T-shirt MAXI MAIO Red,_RD,Red,Apparel,T-shirt,Circular,Cotton,,Cotton,15.99,/232/64/206548_RD_1,206548_RD_1.jpg,none,,,,,
206548_WT,206548,T-shirt PAULINE White,_WT,White,Apparel,T-shirt,Circular,Cotton,,Cotton,15.99,/232/64/206548_WT_1,206548_WT_1.jpg,none,,,,,
206664_NV,206664,Shirt SKALLI Navy,_NV,Navy,Apparel,Shirt,Woven,Linen; Viscose,,,25.99,/231/64/206664_NV_1,206664_NV_1.jpg,none,,,,,
206936_BK,206936,Shirt BLACKWHITE Black,_BK,Black,Apparel,Shirt,Woven,Polyester,,Polyester,39.99,/232/64/206936_BK_1,206936_BK_1.jpg,none,,,,,
206936_EC,206936,Shirt BLACKWHITE Ecru,_EC,Ecru,Apparel,Shirt,Woven,Polyester,,Polyester,39.99,/232/64/206936_EC_1,206936_EC_1.jpg,none,,,,,
207560_BK,207560,Top BLACKWHITE Black,_BK,Black,Apparel,Top,Woven,Lyocell,,Lyocell,19.99,/232/64/207560_BK_1,207560_BK_1.jpg,none,,,,,
207560_BL,207560,Top SEJ Blue,_BL,Blue,Apparel,Top,Woven,Lyocell,,Lyocell,19.99,/241/64/207560_BL_1,207560_BL_1.jpg,none,,,,,
207560_EC,207560,Top REPEAT Ecru,_EC,Ecru,Apparel,Top,Woven,Lyocell,,Lyocell,19.99,/231/64/207560_EC_1,207560_EC_1.jpg,none,,,,,
207560_FU,207560,Top T1 ESSENTIALS Fuchsia,_FU,Fuchsia,Apparel,Top,Woven,Lyocell,,Lyocell,19.99,/242/64/207560_FU_1,207560_FU_1.jpg,none,,,,,
207560_NV,207560,Top JJ Navy,_NV,Navy,Apparel,Top,Woven,Lyocell,,Lyocell,19.99,/242/64/207560_NV_1,207560_NV_1.jpg,none,,,,,
207560_PU,207560,Top KATELL Purple,_PU,Purple,Apparel,Top,Woven,Lyocell,,Lyocell,19.99,/232/64/207560_PU_1,207560_PU_1.jpg,none,,,,,
207560_RD,207560,Top KATELL Red,_RD,Red,Apparel,Top,Woven,Lyocell,,Lyocell,19.99,/232/64/207560_RD_1,207560_RD_1.jpg,none,,,,,
207560_WT,207560,Top VIMBA White,_WT,White,Apparel,Top,Woven,Lyocell,,Lyocell,19.99,/232/64/207560_WT_1,207560_WT_1.jpg,none,,,,,
208146_BM,208146,Shirt REPEAT Bright Multicolor,_BM,Bright Multicolor,Apparel,Shirt,Woven,Cotton,,Cotton,22.99,/231/64/208146_BM_1,208146_BM_1.jpg,none,,,,,
208203_EC,208952,T-shirt ESSENTIALS T DISPLAY 1 Ecru,_EC,Ecru,Apparel,T-shirt,Circular,Elastane; Polyester; Viscose,,Viscose,19.99,/231/64/208952_EC_1,208952_EC_1.jpg,none,,,,,
208952_BL,208952,T-shirt ESSENTIALS T DISPLAY 1 Blue,_BL,Blue,Apparel,T-shirt,Circular,Elastane; Polyester; Viscose,,Viscose,19.99,/231/64/208952_BL_1,208952_BL_1.jpg,none,,,,,
208952_LM,208952,T-shirt ESSENTIALS T DISPLAY 1 Lime,_LM,Lime,Apparel,T-shirt,Circular,Elastane; Polyester; Viscose,,Viscose,19.99,/231/64/208952_LM_1,208952_LM_1.jpg,none,,,,,
209501_EC,209501,Dress PAULINE Ecru,_EC,Ecru,Apparel,Dress,Woven,Linen,,Linen,39.99,/232/64/209501_EC_1,209501_EC_1.jpg,none,,,,,
209697_FU,209697,Shirt PAULINE Fuchsia,_FU,Fuchsia,Apparel,Shirt,Woven,Lyocell,,Lyocell,22.99,/232/64/209697_FU_1,209697_FU_1.jpg,none,,,,,
209697_LM,209697,Shirt LAB JUNHO Lime,_LM,Lime,Apparel,Shirt,Woven,Lyocell,,Lyocell,22.99,/232/64/209697_LM_1,209697_LM_1.jpg,none,,,,,
209789_BM,209789,Skirt VIMBA Bright Multicolor,_BM,Bright Multicolor,Apparel,Skirt,Woven,Viscose,,Viscose,29.99,/232/64/209789_BM_1,209789_BM_1.jpg,none,,,,,
209825_BM,209825,Dress LOVEBOX2 Bright Multicolor,_BM,Bright Multicolor,Apparel,Dress,Woven,Cotton; Cotton,,Cotton,29.99,/232/64/209825_BM_1,209825_BM_1.jpg,none,,,,,
209834_BM,209834,Dress VIMBA Bright Multicolor,_BM,Bright Multicolor,Apparel,Dress,Woven,Polyester; Polyester,,Polyester,29.99,/232/64/209834_BM_1,209834_BM_1.jpg,none,,,,,
209853_BG,209853,Dress VIMBA Beige,_BG,Beige,Apparel,Dress,Woven,Linen,,Linen,45.99,/232/64/209853_BG_1,209853_BG_1.jpg,none,,,,,
209966_BM,209966,Jumpsuit SKALLI Bright Multicolor,_BM,Bright Multicolor,Apparel,Jumpsuit,Woven,Modal,,Modal,32.99,/232/64/209966_BM_1,209966_BM_1.jpg,none,,,,,
210200_BM,210200,Kimono SKALLI Bright Multicolor,_BM,Bright Multicolor,Apparel,Kimono,Woven,Modal,,Modal,25.99,/232/64/210200_BM_1,210200_BM_1.jpg,none,,,,,
210407_BL,210407,Shorts LOVEBOX2 Blue,_BL,Blue,Apparel,Shorts,Woven,Cotton,,Cotton,25.99,/232/64/210407_BL_1,210407_BL_1.jpg,none,,,,,
210496_KK,210496,Kaftan ESSENTIALS T DISPLAY 1 Khaki,_KK,Khaki,Apparel,Kaftan,Woven,Polyamide; Polyester; Viscose,,Polyester,19.99,/231/64/210496_KK_1,210496_KK_1.jpg,none,,,,,
210511_BM,210511,Trousers ESSENTIALS T DISPLAY 1 Bright Multicolor,_BM,Bright Multicolor,Apparel,Trousers,Woven,Viscose,,Viscose,25.99,/232/64/210511_BM_1,210511_BM_1.jpg,none,,,,,
210511_DM,210511,Trousers ESSENTIALS T DISPLAY 1 Dark Multicolor,_DM,Dark Multicolor,Apparel,Trousers,Woven,Viscose,,Viscose,25.99,/232/64/210511_DM_1,210511_DM_1.jpg,none,,,,,
210794_BM,210794,Dress LOVEBOX4 Bright Multicolor,_BM,Bright Multicolor,Apparel,Dress,Woven,Cotton,,Cotton,25.99,/232/64/210794_BM_1,210794_BM_1.jpg,none,,,,,
210836_BM,210836,Skirt SKALLI Bright Multicolor,_BM,Bright Multicolor,Apparel,Skirt,Woven,Cotton; Metallic Fiber,,Cotton,19.99,/232/64/210836_BM_1,210836_BM_1.jpg,none,,,,,
210885_BM,210885,Bathing Suit SKALLI Bright Multicolor,_BM,Bright Multicolor,Apparel,Bath Suit,Circular,Elastane; Elastane; Polyester; Polyester,,Polyester,25.99,/232/64/210885_BM_1,210885_BM_1.jpg,none,,,,,
210917_EC,210917,Trousers LAB JUNHO Ecru,_EC,Ecru,Apparel,Trousers,Knit,Polyamide; Polyester; Viscose,,Viscose,35.99,/232/64/210917_EC_1,210917_EC_1.jpg,none,,,,,
210927_GN,210927,Dress LAB JUNHO Green,_GN,Green,Apparel,Dress,Woven,Polyamide; Polyester,,Polyamide,39.99,/232/64/210927_GN_1,210927_GN_1.jpg,none,,,,,
210984_BM,210984,Shirt LAB JUNHO Bright Multicolor,_BM,Bright Multicolor,Apparel,Shirt,Woven,Polyamide; Lyocell,,Lyocell,32.99,/232/64/210984_BM_1,210984_BM_1.jpg,none,,,,,
211239_EC,211239,Skirt LAB JUNHO Ecru,_EC,Ecru,Apparel,Skirt,Woven,Polyamide; Polyamide; Lyocell; Lyocell,,Lyocell,35.99,/232/64/211239_EC_1,211239_EC_1.jpg,none,,,,,
211265_BK,211265,Jumpsuit QUAN Black,_BK,Black,Apparel,Jumpsuit,Circular,Elastane; Polyester,,Polyester,22.99,/232/64/211265_BK_1,211265_BK_1.jpg,none,,,,,
211265_KK,211265,Jumpsuit QUAN Khaki,_KK,Khaki,Apparel,Jumpsuit,Circular,Elastane; Polyester,,Polyester,22.99,/232/64/211265_KK_1,211265_KK_1.jpg,none,,,,,
211265_RD,211265,Jumpsuit QUAN Red,_RD,Red,Apparel,Jumpsuit,Circular,Elastane; Polyester,,Polyester,22.99,/232/64/211265_RD_1,211265_RD_1.jpg,none,,,,,
211351_DM,211351,Dress SUMMER BW CAPSULE Dark Multicolor,_DM,Dark Multicolor,Apparel,Dress,Woven,Viscose,,Viscose,27.99,/232/64/211351_DM_1,211351_DM_1.jpg,none,,,,,
211381_EC,211381,Trousers VIMBA Ecru,_EC,Ecru,Apparel,Trousers,Woven,Linen,,Linen,39.99,/232/64/211381_EC_1,211381_EC_1.jpg,none,,,,,
211415_GN,211415,Vest LAB JUNHO Green,_GN,Green,Apparel,Vest,Knit,Cotton; Polyester,,Cotton,27.99,/232/64/211415_GN_1,211415_GN_1.jpg,none,,,,,
211451_BM,211451,Bathing Suit TORANJA Bright Multicolor,_BM,Bright Multicolor,Apparel,Bath Suit,Circular,Elastane; Elastane; Polyester; Polyester,,Polyester,25.99,/232/64/211451_BM_1,211451_BM_1.jpg,none,,,,,
211488_BM,211488,Dress TORANJA Bright Multicolor,_BM,Bright Multicolor,Apparel,Dress,Woven,Modal,,Modal,25.99,/232/64/211488_BM_1,211488_BM_1.jpg,none,,,,,
211501_BK,211501,Dress SUMMER BW CAPSULE Black,_BK,Black,Apparel,Dress,Circular,Elastane; Viscose,,Viscose,32.99,/232/64/211501_BK_1,211501_BK_1.jpg,none,,,,,
211562_PK,211562,Coat Capri Pink,_PK,Pink,Apparel,Coat,Woven,Cotton,,Cotton,35.99,/232/64/211562_PK_1,211562_PK_1.jpg,none,,,,,
211602_BM,211602,Dress TUSCA Bright Multicolor,_BM,Bright Multicolor,Apparel,Dress,Circular,Viscose,,Viscose,29.99,/232/64/211602_BM_1,211602_BM_1.jpg,none,,,,,
211690_SV,211690,Skirt LAB AGOSTO Silver,_SV,Silver,Apparel,Skirt,Knit,Polyester; Viscose,,Viscose,27.99,/232/64/211690_SV_1,211690_SV_1.jpg,none,,,,,
211845_BK,211845,Trousers ESSENTIALS T DISPLAY 1 Black,_BK,Black,Apparel,Trousers,Knit,Polyamide; Viscose,,,29.99,/232/64/211845_BK_1,211845_BK_1.jpg,none,,,,,
211914_BL,211914,Trousers BILL Blue,_BL,Blue,Apparel,Trousers,Circular,Elastane; Polyester; Viscose,,Polyester,25.99,/232/64/211914_BL_1,211914_BL_1.jpg,none,,,,,
211914_DG,211914,Trousers SummercapsuleJul Dark Grey,_DG,Dark Grey,Apparel,Trousers,Circular,Elastane; Polyester; Viscose,,Polyester,25.99,/232/64/211914_DG_1,211914_DG_1.jpg,none,,,,,
211914_EC,211914,Trousers SummercapsuleJul Ecru,_EC,Ecru,Apparel,Trousers,Circular,Elastane; Polyester; Viscose,,Polyester,25.99,/232/64/211914_EC_1,211914_EC_1.jpg,none,,,,,
211914_FU,211914,Trousers BILL Fuchsia,_FU,Fuchsia,Apparel,Trousers,Circular,Elastane; Polyester; Viscose,,Polyester,25.99,/232/64/211914_FU_1,211914_FU_1.jpg,none,,,,,
211914_KK,211914,Trousers BILL Khaki,_KK,Khaki,Apparel,Trousers,Circular,Elastane; Polyester; Viscose,,Polyester,25.99,/232/64/211914_KK_1,211914_KK_1.jpg,none,,,,,
212039_WT,212039,Jeans CAPRI 2 White,_WT,White,Apparel,Jeans,Knit,Cotton,,Cotton,35.99,/232/64/212039_WT_1,212039_WT_1.jpg,none,,,,,
212062_BL,212062,Trousers LAB AGOSTO Blue,_BL,Blue,Apparel,Trousers,Woven,Polyamide,,Polyamide,29.99,/232/64/212062_BL_1,212062_BL_1.jpg,none,,,,,
212062_SV,212062,Trousers LAB AGOSTO Silver,_SV,Silver,Apparel,Trousers,Woven,Polyamide,,Polyamide,29.99,/232/64/212062_SV_1,212062_SV_1.jpg,none,,,,,
212134_GN,212134,Skirt TALLEY Green,_GN,Green,Apparel,Skirt,Woven,Polyester; Polyester,,Polyester,29.99,/232/64/212134_GN_1,212134_GN_1.jpg,none,,,,,
212153_EC,212153,Trousers MAXI MAIO Ecru,_EC,Ecru,Apparel,Trousers,Woven,Linen; Viscose,,Viscose,35.99,/232/64/212153_EC_1,212153_EC_1.jpg,none,,,,,
212153_FU,212153,Trousers MAXI MAIO Fuchsia,_FU,Fuchsia,Apparel,Trousers,Woven,Linen; Viscose,,Viscose,35.99,/232/64/212153_FU_1,212153_FU_1.jpg,none,,,,,
212153_KK,212153,Trousers MAXI MAIO Khaki,_KK,Khaki,Apparel,Trousers,Woven,Linen; Viscose,,Viscose,35.99,/232/64/212153_KK_1,212153_KK_1.jpg,none,,,,,
212179_BK,212179,Top LAB JUNHO Black,_BK,Black,Apparel,Top,Woven,Polyester; Polyester,,Polyester,25.99,/232/64/212179_BK_1,212179_BK_1.jpg,none,,,,,
212185_BM,212185,Top TAOR Bright Multicolor,_BM,Bright Multicolor,Apparel,Top,Woven,Elastane; Polyester,,Polyester,15.99,/232/64/212185_BM_1,212185_BM_1.jpg,none,,,,,
212190_BN,212190,Trousers MAXI MAIO Brown,_BN,Brown,Apparel,Trousers,Woven,Cotton,,Cotton,27.99,/232/64/212190_BN_1,212190_BN_1.jpg,none,,,,,
212190_WT,212190,Trousers MAXI MAIO White,_WT,White,Apparel,Trousers,Woven,Cotton,,Cotton,27.99,/232/64/212190_WT_1,212190_WT_1.jpg,none,,,,,
212196_WT,212196,T-shirt Capri White,_WT,White,Apparel,T-shirt,Circular,Cotton,,Cotton,19.99,/232/64/212196_WT_1,212196_WT_1.jpg,none,,,,,
212224_BG,212224,Dress MAXI MAIO Beige,_BG,Beige,Apparel,Dress,Woven,Linen,,Linen,45.99,/232/64/212224_BG_1,212224_BG_1.jpg,none,,,,,
212224_KK,212224,Dress MAXI MAIO Khaki,_KK,Khaki,Apparel,Dress,Woven,Linen,,Linen,45.99,/232/64/212224_KK_1,212224_KK_1.jpg,none,,,,,
212224_RD,212224,Dress MAXI MAIO Red,_RD,Red,Apparel,Dress,Woven,Linen,,Linen,45.99,/232/64/212224_RD_1,212224_RD_1.jpg,none,,,,,
212224_WT,212224,Dress MAXI MAIO White,_WT,White,Apparel,Dress,Woven,Linen,,Linen,45.99,/232/64/212224_WT_1,212224_WT_1.jpg,none,,,,,
212247_GY,212247,Sweater Capri Grey,_GY,Grey,Apparel,Sweater,Knit,Acrylic; Polyester; Wool,,Polyester,35.99,/232/64/212247_GY_1,212247_GY_1.jpg,none,,,,,
212354_BK,212354,Dress TALLEY Black,_BK,Black,Apparel,Dress,Acessories,Iron; Polyethylene Terephthalate,,Polyurethane,49.99,/232/64/212354_BK_1,212354_BK_1.jpg,none,,,,,
212384_GY,212384,Dress TAOR Grey,_GY,Grey,Apparel,Dress,Acessories,Polyester; Polyethylene Terephthalate,,Polyester,49.99,/232/64/212384_GY_1,212384_GY_1.jpg,none,,,,,
212430_BM,212430,Trousers ANDIE Bright Multicolor,_BM,Bright Multicolor,Apparel,Trousers,Woven,Lyocell,,Lyocell,29.99,/232/64/212430_BM_1,212430_BM_1.jpg,none,,,,,
212430_BR,212430,Trousers MAXI 27/09 Brick Red,_BR,Brick Red,Apparel,Trousers,Woven,Lyocell,,Lyocell,29.99,/232/64/212430_BR_1,212430_BR_1.jpg,none,,,,,
212430_GY,212430,Trousers MAXI 27/09 Grey,_GY,Grey,Apparel,Trousers,Woven,Lyocell,,Lyocell,29.99,/232/64/212430_GY_1,212430_GY_1.jpg,none,,,,,
212456_OW,212456,Dress LAB AGOSTO Off White,_OW,Off White,Apparel,Dress,Woven,Metallic Fiber; Cotton,,Cotton,39.99,/232/64/212456_OW_1,212456_OW_1.jpg,none,,,,,
212537_FU,212537,Sweater Capri Fuchsia,_FU,Fuchsia,Apparel,Sweater,Knit,Acrylic; Polyamide; Wool; recycled polyester,,Acrylic,35.99,/232/64/212537_FU_1,212537_FU_1.jpg,none,,,,,
212566_BK,212566,Sweater ESSENTIALS T DISPLAY 1 Black,_BK,Black,Apparel,Sweater,Knit,Polyamide; Polyester; Viscose,,Viscose,29.99,/232/64/212566_BK_1,212566_BK_1.jpg,none,,,,,
212566_CA,212566,Sweater ESSENTIALS T DISPLAY 1 Camel,_CA,Camel,Apparel,Sweater,Knit,Polyamide; Polyester; Viscose,,Viscose,29.99,/232/64/212566_CA_1,212566_CA_1.jpg,none,,,,,
212566_TU,212566,Sweater ESSENTIALS T DISPLAY 1 Taupe,_TU,Taupe,Apparel,Sweater,Knit,Polyamide; Polyester; Viscose,,Viscose,29.99,/232/64/212566_TU_1,212566_TU_1.jpg,none,,,,,
212616_KK,212616,Shirt Luna Khaki,_KK,Khaki,Apparel,Shirt,Woven,Viscose,,Viscose,25.99,/232/64/212616_KK_1,212616_KK_1.jpg,none,,,,,
212624_BL,212624,Shirt VICHY Blue,_BL,Blue,Apparel,Shirt,Woven,Viscose; Lyocell,,Lyocell,32.99,/232/64/212624_BL_1,212624_BL_1.jpg,none,,,,,
212624_GN,212624,Shirt VICHY Green,_GN,Green,Apparel,Shirt,Woven,Viscose; Lyocell,,Lyocell,32.99,/232/64/212624_GN_1,212624_GN_1.jpg,none,,,,,
212635_YL,212635,T-shirt LOVEBOX2 Yellow,_YL,Yellow,Apparel,T-shirt,Circular,Cotton,,Cotton,22.99,/232/64/212635_YL_1,212635_YL_1.jpg,none,,,,,
212645_FU,212645,Poncho ESSENTIALS T DISPLAY 1 Fuchsia,_FU,Fuchsia,Apparel,Poncho,Knit,Polyamide; Polyester; Viscose,,Viscose,35.99,/232/64/212645_FU_1,212645_FU_1.jpg,none,,,,,
212645_LM,212645,Poncho ESSENTIALS T DISPLAY 1 Lime,_LM,Lime,Apparel,Poncho,Knit,Polyamide; Polyester; Viscose,,Viscose,35.99,/232/64/212645_LM_1,212645_LM_1.jpg,none,,,,,
212645_PU,212645,Poncho ESSENTIALS T DISPLAY 1 Purple,_PU,Purple,Apparel,Poncho,Knit,Polyamide; Polyester; Viscose,,Viscose,35.99,/232/64/212645_PU_1,212645_PU_1.jpg,none,,,,,
212645_RD,212645,Poncho ESSENTIALS T DISPLAY 1 Red,_RD,Red,Apparel,Poncho,Knit,Polyamide; Polyester; Viscose,,Viscose,35.99,/232/64/212645_RD_1,212645_RD_1.jpg,none,,,,,
212645_TU,212645,Poncho ESSENTIALS T DISPLAY 1 Taupe,_TU,Taupe,Apparel,Poncho,Knit,Polyamide; Polyester; Viscose,,Viscose,35.99,/232/64/212645_TU_1,212645_TU_1.jpg,none,,,,,
212761_BG,212761,Vest Holt Beige,_BG,Beige,Apparel,Vest,Knit,Polyamide; Wool,,Polyamide,27.99,/232/64/212761_BG_1,212761_BG_1.jpg,none,,,,,
212761_PU,212761,Vest HOLT 2 Purple,_PU,Purple,Apparel,Vest,Knit,Polyamide; Wool,,Polyamide,27.99,/232/64/212761_PU_1,212761_PU_1.jpg,none,,,,,
212781_GY,212781,Sweater PRIESTLY Grey,_GY,Grey,Apparel,Sweater,Knit,Cashmere,,Cashmere,99.99,/232/64/212781_GY_1,212781_GY_1.jpg,none,,,,,
212781_LM,212781,Sweater PRIESTLY Lime,_LM,Lime,Apparel,Sweater,Knit,Cashmere,,Cashmere,99.99,/232/64/212781_LM_1,212781_LM_1.jpg,none,,,,,
212781_PU,212781,Sweater PRIESTLY Purple,_PU,Purple,Apparel,Sweater,Knit,Cashmere,,Cashmere,99.99,/232/64/212781_PU_1,212781_PU_1.jpg,none,,,,,
212792_AN,212792,Sweater PRIESTLY Anthracite,_AN,Anthracite,Apparel,Sweater,Knit,Cashmere,,Cashmere,99.99,/232/64/212792_AN_1,212792_AN_1.jpg,none,,,,,
212792_BG,212792,Sweater PRIESTLY Beige,_BG,Beige,Apparel,Sweater,Knit,Cashmere,,Cashmere,99.99,/232/64/212792_BG_1,212792_BG_1.jpg,none,,,,,
212792_BL,212792,Sweater PRIESTLY Blue,_BL,Blue,Apparel,Sweater,Knit,Cashmere,,Cashmere,99.99,/232/64/212792_BL_1,212792_BL_1.jpg,none,,,,,
212792_OR,212792,Sweater PRIESTLY Orange,_OR,Orange,Apparel,Sweater,Knit,Cashmere,,Cashmere,99.99,/232/64/212792_OR_1,212792_OR_1.jpg,none,,,,,
212810_BL,212810,Sweater MOTOMAMI CAPSULE Blue,_BL,Blue,Apparel,Sweater,Circular,Cotton; Elastane,,Cotton,32.99,/232/64/212810_BL_1,212810_BL_1.jpg,none,,,,,
212884_BM,212884,Dress Holt 3 Bright Multicolor,_BM,Bright Multicolor,Apparel,Dress,Woven,Viscose,,Viscose,45.99,/232/64/212884_BM_1,212884_BM_1.jpg,none,,,,,
213056_PK,213056,Dress Capri Pink,_PK,Pink,Apparel,Dress,Woven,Elastane; Polyamide; Polyester,,Polyester,35.99,/232/64/213056_PK_1,213056_PK_1.jpg,none,,,,,
213429_BL,213429,Dress LAB OUTUBRO Blue,_BL,Blue,Apparel,Dress,Woven,Polyester,,Polyester,39.99,/232/64/213429_BL_1,213429_BL_1.jpg,none,,,,,
213429_GY,213429,Dress LAB OUTUBRO Grey,_GY,Grey,Apparel,Dress,Woven,Polyester,,Polyester,39.99,/232/64/213429_GY_1,213429_GY_1.jpg,none,,,,,
213445_GY,213445,Skirt PICASSO Grey,_GY,Grey,Apparel,Skirt,Woven,Polyester; Polyester; Viscose,,Polyester,45.99,/232/64/213445_GY_1,213445_GY_1.jpg,none,,,,,
213474_BU,213474,Shirt MIRÓ 2 Burgundy,_BU,Burgundy,Apparel,Shirt,Woven,Viscose; Lyocell,,Lyocell,35.99,/232/64/213474_BU_1,213474_BU_1.jpg,none,,,,,
213474_EC,213474,Shirt HOT Ecru,_EC,Ecru,Apparel,Shirt,Woven,Viscose; Lyocell,,,35.99,/241/64/213474_EC_1,213474_EC_1.jpg,none,,,,,
213474_GN,213474,Shirt HOT Green,_GN,Green,Apparel,Shirt,Woven,Viscose; Lyocell,,,35.99,/241/64/213474_GN_1,213474_GN_1.jpg,none,,,,,
213643_BM,213643,Dress ESSENTIALS T DISPLAY 1 Bright Multicolor,_BM,Bright Multicolor,Apparel,Dress,Woven,Viscose,,Viscose,32.99,/232/64/213643_BM_1,213643_BM_1.jpg,none,,,,,
213656_NV,213656,Trousers NIGEL Navy,_NV,Navy,Apparel,Trousers,Woven,Viscose,,Viscose,35.99,/232/64/213656_NV_1,213656_NV_1.jpg,none,,,,,
213665_CA,213665,Poncho ROTHKO Camel,_CA,Camel,Apparel,Poncho,Knit,Cotton; Polyester,,Cotton,39.99,/232/64/213665_CA_1,213665_CA_1.jpg,none,,,,,
213665_GY,213665,Poncho ROTHKO Grey,_GY,Grey,Apparel,Poncho,Knit,Cotton; Polyester,,Cotton,39.99,/232/64/213665_GY_1,213665_GY_1.jpg,none,,,,,
213785_BU,213785,Top NIGEL Burgundy,_BU,Burgundy,Apparel,Top,Woven,Viscose,,Viscose,35.99,/232/64/213785_BU_1,213785_BU_1.jpg,none,,,,,
213848_BK,213848,Sweater LAB OUTUBRO Black,_BK,Black,Apparel,Sweater,Knit,Acrylic; Elastane; Polyester,,Acrylic,25.99,/232/64/213848_BK_1,213848_BK_1.jpg,none,,,,,
213848_BL,213848,Sweater LAB OUTUBRO Blue,_BL,Blue,Apparel,Sweater,Knit,Acrylic; Elastane; Polyester,,Acrylic,25.99,/232/64/213848_BL_1,213848_BL_1.jpg,none,,,,,
213848_GY,213848,Sweater PICASSO Grey,_GY,Grey,Apparel,Sweater,Knit,Acrylic; Elastane; Polyester,,Acrylic,25.99,/232/64/213848_GY_1,213848_GY_1.jpg,none,,,,,
213864_PK,213864,Jeans Holt Pink,_PK,Pink,Apparel,Jeans,Woven,Cotton,,Cotton,32.99,/232/64/213864_PK_1,213864_PK_1.jpg,none,,,,,
213874_BK,213874,Coat CANICHE CAMPAIGN Black,_BK,Black,Apparel,Coat,Woven,Polyamide; Polyester,,Polyamide,59.99,/232/64/213874_BK_1,213874_BK_1.jpg,none,,,,,
213874_TU,213874,Coat MIRO 3 Taupe,_TU,Taupe,Apparel,Coat,Woven,Polyamide; Polyester,,Polyamide,59.99,/232/64/213874_TU_1,213874_TU_1.jpg,none,,,,,
213928_BM,213928,Cardigan ESSENTIALS T DISPLAY 1 Bright Multicolor,_BM,Bright Multicolor,Apparel,Cardigan,Knit,Polyamide; Polyester; Viscose,,Viscose,39.99,/232/64/213928_BM_1,213928_BM_1.jpg,none,,,,,
213970_BK,213970,Cardigan LAB OUTUBRO Black,_BK,Black,Apparel,Cardigan,Knit,Alpaca; Polyamide; Polyester; Wool,,Polyester,39.99,/232/64/213970_BK_1,213970_BK_1.jpg,none,,,,,
213970_BU,213970,Cardigan Holt 3 Burgundy,_BU,Burgundy,Apparel,Cardigan,Knit,Alpaca; Polyamide; Polyester; Wool,,Polyester,39.99,/232/64/213970_BU_1,213970_BU_1.jpg,none,,,,,
213970_GN,213970,Cardigan LAB OUTUBRO Green,_GN,Green,Apparel,Cardigan,Knit,Alpaca; Polyamide; Polyester; Wool,,Polyester,39.99,/232/64/213970_GN_1,213970_GN_1.jpg,none,,,,,
213970_WT,213970,Cardigan LAB OUTUBRO White,_WT,White,Apparel,Cardigan,Knit,Alpaca; Polyamide; Polyester; Wool,,Polyester,39.99,/232/64/213970_WT_1,213970_WT_1.jpg,none,,,,,
214027_BU,214027,Skirt HOLT4 Burgundy,_BU,Burgundy,Apparel,Skirt,Knit,Viscose; Polyamide,,Viscose,32.99,/232/64/214027_BU_1,214027_BU_1.jpg,none,,,,,
214092_BM,214092,Dress MAXI AGOSTO Bright Multicolor,_BM,Bright Multicolor,Apparel,Dress,Woven,Viscose,,Viscose,39.99,/232/64/214092_BM_1,214092_BM_1.jpg,none,,,,,
214092_KK,214092,Dress MAXI AGOSTO Khaki,_KK,Khaki,Apparel,Dress,Woven,Viscose,,Viscose,39.99,/232/64/214092_KK_1,214092_KK_1.jpg,none,,,,,
214097_BM,214097,Shirt MAXI AGOSTO Bright Multicolor,_BM,Bright Multicolor,Apparel,Shirt,Woven,Viscose,,Viscose,39.99,/232/64/214097_BM_1,214097_BM_1.jpg,none,,,,,
214097_BU,214097,Shirt MAXI AGOSTO Burgundy,_BU,Burgundy,Apparel,Shirt,Woven,Viscose,,Viscose,39.99,/232/64/214097_BU_1,214097_BU_1.jpg,none,,,,,
214097_KK,214097,Shirt MAXI AGOSTO Khaki,_KK,Khaki,Apparel,Shirt,Woven,Viscose,,Viscose,39.99,/232/64/214097_KK_1,214097_KK_1.jpg,none,,,,,
214215_BM,214215,Coat HOLT4 Bright Multicolor,_BM,Bright Multicolor,Apparel,Coat,Woven,Cotton; Elastane,,Cotton,39.99,/232/64/214215_BM_1,214215_BM_1.jpg,none,,,,,
214346_BL,214346,Sweater HOLT 2 Blue,_BL,Blue,Apparel,Sweater,Knit,Cotton; Polyamide,,Cotton,29.99,/232/64/214346_BL_1,214346_BL_1.jpg,none,,,,,
214346_PU,214346,Sweater Holt Purple,_PU,Purple,Apparel,Sweater,Knit,Cotton; Polyamide,,Cotton,29.99,/232/64/214346_PU_1,214346_PU_1.jpg,none,,,,,
214350_KK,214350,Dress MIRÓ 4 Khaki,_KK,Khaki,Apparel,Dress,Circular,Cotton,,Cotton,35.99,/232/64/214350_KK_1,214350_KK_1.jpg,none,,,,,
214388_DM,214388,Kimono LAB OUTUBRO Dark Multicolor,_DM,Dark Multicolor,Apparel,Kimono,Woven,Polyamide; Viscose,,Viscose,89.99,/232/64/214388_DM_1,214388_DM_1.jpg,none,,,,,
214410_BK,214410,Dress LATTO Black,_BK,Black,Apparel,Dress,Woven,Polyamide; Polyester; Viscose,,Polyester,49.99,/232/64/214410_BK_1,214410_BK_1.jpg,none,,,,,
214449_BM,214449,Shirt SATURN 1 Bright Multicolor,_BM,Bright Multicolor,Apparel,Shirt,Woven,Polyamide; Lyocell,,,27.99,/241/64/214449_BM_1,214449_BM_1.jpg,none,,,,,
214453_BK,214453,Coat ESSENTIALS T DISPLAY 1 Black,_BK,Black,Apparel,Coat,Woven,Acrylic; Polyester; Wool,,Polyester,119.99,/232/64/214453_BK_1,214453_BK_1.jpg,none,,,,,
214453_BU,214453,Coat ESSENTIALS T DISPLAY 1 Burgundy,_BU,Burgundy,Apparel,Coat,Woven,Acrylic; Polyester; Wool,,Polyester,119.99,/241/64/214453_BU_1,214453_BU_1.jpg,none,,,,,
214453_GN,214453,Coat ESSENTIALS T DISPLAY 1 Green,_GN,Green,Apparel,Coat,Woven,Acrylic; Polyamide; Polyester; Viscose; Wool,,Polyester,119.99,/232/64/214453_GN_1,214453_GN_1.jpg,none,,,,,
214453_WT,214453,Coat LAB OUTUBRO White,_WT,White,Apparel,Coat,Woven,Wool; Polyester,,Polyester,119.99,/232/64/214453_WT_1,214453_WT_1.jpg,none,,,,,
214520_DM,214520,Shirt HOLT 2 Dark Multicolor,_DM,Dark Multicolor,Apparel,Shirt,Woven,Cotton; Elastane,,Cotton,32.99,/232/64/214520_DM_1,214520_DM_1.jpg,none,,,,,
214521_DM,214521,Trousers MIRO 3 Dark Multicolor,_DM,Dark Multicolor,Apparel,Trousers,Knit,Polyamide; Viscose,,Viscose,32.99,/232/64/214521_DM_1,214521_DM_1.jpg,none,,,,,
214521_GN,214521,Trousers LAB OUTUBRO Green,_GN,Green,Apparel,Trousers,Knit,Polyamide; Viscose,,Viscose,32.99,/232/64/214521_GN_1,214521_GN_1.jpg,none,,,,,
214543_BM,214543,Trousers MISSY Bright Multicolor,_BM,Bright Multicolor,Apparel,Trousers,Woven,Viscose,,Viscose,29.99,/232/64/214543_BM_1,214543_BM_1.jpg,none,,,,,
214740_BM,214740,Cardigan KUSAMA Bright Multicolor,_BM,Bright Multicolor,Apparel,Cardigan,Knit,Polyamide; Viscose,,Viscose,39.99,/232/64/214740_BM_1,214740_BM_1.jpg,none,,,,,
214827_BK,214827,Top Halloween capsula Black,_BK,Black,Apparel,Top,Circular,Polyester,,Polyester,32.99,/232/64/214827_BK_1,214827_BK_1.jpg,none,,,,,
214883_BG,214883,Poncho KUSAMA Beige,_BG,Beige,Apparel,Poncho,Knit,Acrylic; Polyamide; Wool,,Polyamide,49.99,/232/64/214883_BG_1,214883_BG_1.jpg,none,,,,,
214891_BL,214891,Jeans REMY 4 Blue,_BL,Blue,Apparel,Jeans,Woven,Cotton; Polyester,,Cotton,39.99,/232/64/214891_BL_1,214891_BL_1.jpg,none,,,,,
214934_GY,214934,Cardigan Neptune Grey,_GY,Grey,Apparel,Cardigan,Knit,Polyamide; Polyester; Viscose,,,35.99,/241/64/214934_GY_1,214934_GY_1.jpg,none,,,,,
214934_OW,214934,Cardigan Neptune Off White,_OW,Off White,Apparel,Cardigan,Knit,Polyamide; Polyester; Viscose,,,35.99,/241/64/214934_OW_1,214934_OW_1.jpg,none,,,,,
214938_BL,214938,Shirt MAXI 27/09 Blue,_BL,Blue,Apparel,Shirt,Woven,Cotton,,Viscose,29.99,/232/64/214938_BL_1,214938_BL_1.jpg,none,,,,,
214938_BM,214938,Shirt MAXI 27/09 Bright Multicolor,_BM,Bright Multicolor,Apparel,Shirt,Woven,Cotton,,Viscose,29.99,/232/64/214938_BM_1,214938_BM_1.jpg,none,,,,,
214938_GY,214938,Shirt MAXI 27/09 Grey,_GY,Grey,Apparel,Shirt,Woven,Cotton,,Viscose,29.99,/232/64/214938_GY_1,214938_GY_1.jpg,none,,,,,
214938_WT,214938,Shirt MAXI 27/09 White,_WT,White,Apparel,Shirt,Woven,Cotton,,Viscose,29.99,/232/64/214938_WT_1,214938_WT_1.jpg,none,,,,,
214941_BG,214941,Coat MISSY Beige,_BG,Beige,Apparel,Coat,Woven,Polyester; Polyester,,Polyester,69.99,/232/64/214941_BG_1,214941_BG_1.jpg,none,,,,,
214980_EC,214980,Jeans APP PRO Ecru,_EC,Ecru,Apparel,Jeans,Woven,Cotton,,,35.99,/232/64/214980_EC_1,214980_EC_1.jpg,none,,,,,
215011_GY,215011,Trousers CANICHE CAMPAIGN Grey,_GY,Grey,Apparel,Trousers,Woven,Polyester; Sheep leather,,Leather,89.99,/232/64/215011_GY_1,215011_GY_1.jpg,none,,,,,
215044_BM,215044,Sweater Neptune Bright Multicolor,_BM,Bright Multicolor,Apparel,Sweater,Knit,Acrylic; Polyamide; Wool; recycled polyester,,,35.99,/241/64/215044_BM_1,215044_BM_1.jpg,none,,,,,
215065_DG,215065,Skirt HOLT4 Dark Grey,_DG,Dark Grey,Apparel,Skirt,Woven,Cotton; Elastane,,Cotton,32.99,/232/64/215065_DG_1,215065_DG_1.jpg,none,,,,,
215115_GN,215115,Poncho T1 ESSENTIALS Green,_GN,Green,Apparel,Poncho,Knit,Polyamide; Polyester; Viscose,,,35.99,/241/64/215115_GN_1,215115_GN_1.jpg,none,,,,,
215115_GY,215115,Poncho PENDING Grey,_GY,Grey,Apparel,Poncho,Knit,Polyamide; Polyester; Viscose,,,35.99,/241/64/215115_GY_1,215115_GY_1.jpg,none,,,,,
215115_LL,215115,Poncho PENDING Lilac,_LL,Lilac,Apparel,Poncho,Knit,Polyamide; Polyester; Viscose,,,35.99,/241/64/215115_LL_1,215115_LL_1.jpg,none,,,,,
215172_BG,215172,Sweater SATURN 3 Beige,_BG,Beige,Apparel,Sweater,Knit,Polyester; Polyester,,,35.99,/241/64/215172_BG_1,215172_BG_1.jpg,none,,,,,
215231_PK,215231,Dress Hot Pink,_PK,Pink,Apparel,Dress,Woven,Viscose,,Viscose,25.99,/241/64/215231_PK_1,215231_PK_1.jpg,none,,,,,
215361_BM,215361,Dress CANICHE CAMPAIGN Bright Multicolor,_BM,Bright Multicolor,Apparel,Dress,Woven,Cotton; Elastane,,Cotton,49.99,/232/64/215361_BM_1,215361_BM_1.jpg,none,,,,,
215475_BK,215475,Raincoat SUSTAINABLE CAPSULE Black,_BK,Black,Apparel,Raincoat,Woven,Polyamide,,Polyamide,39.99,/232/64/215475_BK_1,215475_BK_1.jpg,none,,,,,
215522_GN,215522,Sweater SATURN 1 Green,_GN,Green,Apparel,Sweater,Knit,Acrylic; Polyamide; Wool; recycled polyester,,,29.99,/241/64/215522_GN_1,215522_GN_1.jpg,none,,,,,
215522_LL,215522,Sweater MERCURY Lilac,_LL,Lilac,Apparel,Sweater,Knit,Acrylic; Polyamide; Wool; recycled polyester,,,29.99,/241/64/215522_LL_1,215522_LL_1.jpg,none,,,,,
215522_PU,215522,Sweater WCN Purple,_PU,Purple,Apparel,Sweater,Knit,Acrylic; Polyamide; Wool; recycled polyester,,Acrylic,29.99,/232/64/215522_PU_1,215522_PU_1.jpg,none,,,,,
215630_BK,215630,Cardigan ESSENTIALS T DISPLAY 1 Black,_BK,Black,Apparel,Cardigan,Knit,Acrylic; Cotton; Polyester,,Acrylic,39.99,/241/64/215630_BK_1,215630_BK_1.jpg,none,,,,,
215631_GN,215631,T-shirt T1 ESSENTIALS Green,_GN,Green,Apparel,T-shirt,Circular,Elastane; Polyester; Viscose,,,23.99,/241/64/215631_GN_1,215631_GN_1.jpg,none,,,,,
215631_LL,215631,T-shirt ESSENTIALS T DISPLAY 1 Lilac,_LL,Lilac,Apparel,T-shirt,Circular,Elastane; Polyester; Viscose,,Viscose,23.99,/241/64/215631_LL_1,215631_LL_1.jpg,none,,,,,
215820_BK,215820,Top JUPITER Black,_BK,Black,Apparel,Top,Woven,Polyester,,Polyester,25.99,/241/64/215820_BK_1,215820_BK_1.jpg,none,,,,,
215966_BM,215966,Shirt SATURN 2 Bright Multicolor,_BM,Bright Multicolor,Apparel,Shirt,Woven,Viscose,,,29.99,/241/64/215966_BM_1,215966_BM_1.jpg,none,,,,,
215984_GY,215984,Coat CANICHE CAMPAIGN Grey,_GY,Grey,Apparel,Coat,Woven,Polyester; Polyester,,Polyester,79.99,/232/64/215984_GY_1,215984_GY_1.jpg,none,,,,,
215999_KK,215999,Jeans SATURN 4 Khaki,_KK,Khaki,Apparel,Jeans,Woven,Cotton,,,39.99,/241/64/215999_KK_1,215999_KK_1.jpg,none,,,,,
215999_WT,215999,Jeans BETS White,_WT,White,Apparel,Jeans,Woven,Cotton,,,39.99,/241/64/215999_WT_1,215999_WT_1.jpg,none,,,,,
216016_AN,216016,Cardigan T3 EARTH Anthracite,_AN,Anthracite,Apparel,Cardigan,Knit,Polyamide; Polyester; Viscose; Elastodieno,,,39.99,/241/64/216016_AN_1,216016_AN_1.jpg,none,,,,,
216016_BG,216016,Cardigan T3 EARTH Beige,_BG,Beige,Apparel,Cardigan,Knit,Polyamide; Polyester; Viscose; Elastodieno,,,39.99,/241/64/216016_BG_1,216016_BG_1.jpg,none,,,,,
216016_LN,216016,Cardigan EMAN Light Green,_LN,Light Green,Apparel,Cardigan,Knit,Polyamide; Polyester; Viscose; Elastodieno,,,39.99,/241/64/216016_LN_1,216016_LN_1.jpg,none,,,,,
216016_PK,216016,Cardigan EMAN Pink,_PK,Pink,Apparel,Cardigan,Knit,Polyamide; Polyester; Viscose; Elastodieno,,,39.99,/241/64/216016_PK_1,216016_PK_1.jpg,none,,,,,
216065_DM,216065,Sweater CANICHE CAMPAIGN Dark Multicolor,_DM,Dark Multicolor,Apparel,Sweater,Knit,Acrylic; Polyamide; Polyester,,Acrylic,32.99,/232/64/216065_DM_1,216065_DM_1.jpg,none,,,,,
216196_BM,216196,Coat CANICHE CAMPAIGN Bright Multicolor,_BM,Bright Multicolor,Apparel,Coat,Woven,Cotton; Polyamide; Polyester,,Cotton,59.99,/232/64/216196_BM_1,216196_BM_1.jpg,none,,,,,
216201_BK,216201,Skirt brasilia Black,_BK,Black,Apparel,Skirt,Woven,Polyester,,Polyester,32.99,/241/64/216201_BK_1,216201_BK_1.jpg,none,,,,,
216201_BL,216201,Skirt brasilia Blue,_BL,Blue,Apparel,Skirt,Woven,Polyester,,Polyester,32.99,/241/64/216201_BL_1,216201_BL_1.jpg,none,,,,,
216201_GY,216201,Skirt PLUS CLOSET DEZ Grey,_GY,Grey,Apparel,Skirt,Woven,Polyester,,Polyester,32.99,/241/64/216201_GY_1,216201_GY_1.jpg,none,,,,,
216201_MI,216201,Skirt brasilia Midnight Blue,_MI,Midnight Blue,Apparel,Skirt,Woven,Polyester,,,29.99,/241/64/216201_MI_1,216201_MI_1.jpg,none,,,,,
216201_YL,216201,Skirt PLUS CLOSET DEZ Yellow,_YL,Yellow,Apparel,Skirt,Woven,Polyester,,Polyester,32.99,/241/64/216201_YL_1,216201_YL_1.jpg,none,,,,,
216302_DM,216302,Poncho WINTERDZ Dark Multicolor,_DM,Dark Multicolor,Apparel,Poncho,Knit,Polyamide; Polyester; Viscose,,,39.99,/241/64/216302_DM_1,216302_DM_1.jpg,none,,,,,
216367_GY,216367,Sweater SATURN 1 Grey,_GY,Grey,Apparel,Sweater,Knit,Polyamide; Viscose,,,32.99,/241/64/216367_GY_1,216367_GY_1.jpg,none,,,,,
216394_BM,216394,Top LAURIE Bright Multicolor,_BM,Bright Multicolor,Apparel,Top,Woven,Acrylic; Polyester,,,39.99,/241/64/216394_BM_1,216394_BM_1.jpg,none,,,,,
216401_BK,216401,Dress JUPITER Black,_BK,Black,Apparel,Dress,Circular,Elastane; Polyester; Viscose,,,32.99,/241/64/216401_BK_1,216401_BK_1.jpg,none,,,,,
216413_BG,216413,Sweater WCN Beige,_BG,Beige,Apparel,Sweater,Knit,Acrylic; Elastane; Polyamide; Wool,,Acrylic,29.99,/232/64/216413_BG_1,216413_BG_1.jpg,none,,,,,
216418_GY,216418,Sweater WCN Grey,_GY,Grey,Apparel,Sweater,Knit,Polyester; Viscose; Polyamide,,Viscose,32.99,/241/64/216418_GY_1,216418_GY_1.jpg,none,,,,,
216437_GD,216437,Dress Maxi nov Gold,_GD,Gold,Apparel,Dress,Woven,Polyester; Viscose,,,39.99,/241/64/216437_GD_1,216437_GD_1.jpg,none,,,,,
216457_WT,216457,Shirt LAURIE White,_WT,White,Apparel,Shirt,Woven,Cotton,,,29.99,/241/64/216457_WT_1,216457_WT_1.jpg,none,,,,,
216496_BN,216496,Shirt Maxi nov Brown,_BN,Brown,Apparel,Shirt,Woven,Polyester,,,35.99,/241/64/216496_BN_1,216496_BN_1.jpg,none,,,,,
216496_BU,216496,Shirt Maxi nov Burgundy,_BU,Burgundy,Apparel,Shirt,Woven,Polyester,,,35.99,/241/64/216496_BU_1,216496_BU_1.jpg,none,,,,,
216496_GN,216496,Shirt Maxi nov Green,_GN,Green,Apparel,Shirt,Woven,Polyester,,,35.99,/241/64/216496_GN_1,216496_GN_1.jpg,none,,,,,
216591_BN,216591,Trousers HOT Brown,_BN,Brown,Apparel,Trousers,Woven,Viscose,,,39.99,/241/64/216591_BN_1,216591_BN_1.jpg,none,,,,,
216591_GN,216591,Trousers MERCURY Green,_GN,Green,Apparel,Trousers,Woven,Viscose,,,39.99,/241/64/216591_GN_1,216591_GN_1.jpg,none,,,,,
216603_BM,216603,Trousers LAURIE Bright Multicolor,_BM,Bright Multicolor,Apparel,Trousers,Woven,Modal; Polyester,,,32.99,/241/64/216603_BM_1,216603_BM_1.jpg,none,,,,,
216780_FU,216780,Sweater JO Fuchsia,_FU,Fuchsia,Apparel,Sweater,Knit,Acrylic; Polyamide; Polyester; Wool,,,32.99,/241/64/216780_FU_1,216780_FU_1.jpg,none,,,,,
216780_GN,216780,Sweater JO Green,_GN,Green,Apparel,Sweater,Knit,Acrylic; Polyamide; Polyester; Wool,,,32.99,/241/64/216780_GN_1,216780_GN_1.jpg,none,,,,,
216784_DM,216784,Dress JUPITER Dark Multicolor,_DM,Dark Multicolor,Apparel,Dress,Circular,Polyester,,,39.99,/241/64/216784_DM_1,216784_DM_1.jpg,none,,,,,
216802_BG,216802,Cardigan AMI Beige,_BG,Beige,Apparel,Cardigan,Knit,Acrylic; Elastane; Polyester,,,39.99,/241/64/216802_BG_1,216802_BG_1.jpg,none,,,,,
216813_BM,216813,Shirt Tiffany Bright Multicolor,_BM,Bright Multicolor,Apparel,Shirt,Woven,Polyester,,,32.99,/241/64/216813_BM_1,216813_BM_1.jpg,none,,,,,
216855_KK,216855,Coat JO Khaki,_KK,Khaki,Apparel,Coat,Woven,Polyester; Polyester,,,69.99,/241/64/216855_KK_1,216855_KK_1.jpg,none,,,,,
216960_BM,216960,Shirt VAN GOGH Bright Multicolor,_BM,Bright Multicolor,Apparel,Shirt,Woven,Viscose,,Viscose,25.99,/232/64/216960_BM_1,216960_BM_1.jpg,none,,,,,
217036_DG,217036,Trousers Maxi nov Dark Grey,_DG,Dark Grey,Apparel,Trousers,Circular,Polyester,,,32.99,/241/64/217036_DG_1,217036_DG_1.jpg,none,,,,,
217168_BK,217168,Apparel T1 ESSENTIALS Black,_BK,Black,Apparel,Cape,Knit,Acrylic; Polyamide; Wool; recycled acrylic,,,22.99,/241/64/217168_BK_1,217168_BK_1.jpg,none,,,,,
217168_BN,217168,Apparel T1 ESSENTIALS Brown,_BN,Brown,Apparel,Cape,Knit,Acrylic; Polyamide; Wool; recycled acrylic,,,22.99,/241/64/217168_BN_1,217168_BN_1.jpg,none,,,,,
217168_OW,217168,Apparel T1 ESSENTIALS Off White,_OW,Off White,Apparel,Cape,Knit,Acrylic; Polyamide; Wool; recycled acrylic,,,22.99,/241/64/217168_OW_1,217168_OW_1.jpg,none,,,,,
217238_BM,217238,Trousers TRENDY Bright Multicolor,_BM,Bright Multicolor,Apparel,Trousers,Woven,Lyocell,,,29.99,/242/64/217238_BM_1,217238_BM_1.jpg,none,,,,,
217238_BU,217238,Trousers T1 ESSENTIALS Burgundy,_BU,Burgundy,Apparel,Trousers,Woven,Lyocell,,Lyocell,29.99,/242/64/217238_BU_1,217238_BU_1.jpg,none,,,,,
217238_KK,217238,Trousers T1 ESSENTIALS Khaki,_KK,Khaki,Apparel,Trousers,Woven,Lyocell,,Lyocell,29.99,/241/64/217238_KK_1,217238_KK_1.jpg,none,,,,,
217238_NV,217238,Trousers T1 ESSENTIALS Navy,_NV,Navy,Apparel,Trousers,Woven,Lyocell,,Lyocell,29.99,/241/64/217238_NV_1,217238_NV_1.jpg,none,,,,,
217249_BM,217249,Trousers RIO Bright Multicolor,_BM,Bright Multicolor,Apparel,Trousers,Woven,Modal; Polyester,,,35.99,/241/64/217249_BM_1,217249_BM_1.jpg,none,,,,,
217426_EC,217426,Top LAB 14 Ecru,_EC,Ecru,Apparel,Top,Woven,Viscose,,Viscose,32.99,/241/64/217426_EC_1,217426_EC_1.jpg,none,,,,,
217426_KK,217426,Top LAB 14 Khaki,_KK,Khaki,Apparel,Top,Woven,Viscose,,Viscose,32.99,/241/64/217426_KK_1,217426_KK_1.jpg,none,,,,,
217557_EC,217557,Top MARQUES Ecru,_EC,Ecru,Apparel,Top,Woven,Cotton,,,39.99,/241/64/217557_EC_1,217557_EC_1.jpg,none,,,,,
217624_BM,217624,Trousers JO Bright Multicolor,_BM,Bright Multicolor,Apparel,Trousers,Woven,Modal; Polyester,,,32.99,/241/64/217624_BM_1,217624_BM_1.jpg,none,,,,,
217825_BM,217825,Skirt CALM 1 Bright Multicolor,_BM,Bright Multicolor,Apparel,Skirt,Woven,Viscose,,,32.99,/241/64/217825_BM_1,217825_BM_1.jpg,none,,,,,
217887_PK,217887,T-shirt Tiffany Pink,_PK,Pink,Apparel,T-shirt,Circular,Cotton,,Cotton,15.99,/241/64/217887_PK_1,217887_PK_1.jpg,none,,,,,
217972_DM,217972,Sweater T1 ESSENTIALS Dark Multicolor,_DM,Dark Multicolor,Apparel,Sweater,Knit,Wool; Acrylic; Polyamide; Polyester,,,35.99,/241/64/217972_DM_1,217972_DM_1.jpg,none,,,,,
218004_BM,218004,Shirt SAO P Bright Multicolor,_BM,Bright Multicolor,Apparel,Shirt,Woven,Cotton,,,29.99,/241/64/218004_BM_1,218004_BM_1.jpg,none,,,,,
218032_BL,218032,Shirt LAPA Blue,_BL,Blue,Apparel,Shirt,Woven,Ramie; Lyocell,,,27.99,/241/64/218032_BL_1,218032_BL_1.jpg,none,,,,,
218032_FU,218032,Shirt LAPA Fuchsia,_FU,Fuchsia,Apparel,Shirt,Woven,Lyocell; Ramie,,,27.99,/241/64/218032_FU_1,218032_FU_1.jpg,none,,,,,
218034_BM,218034,Dress LAPA Bright Multicolor,_BM,Bright Multicolor,Apparel,Dress,Woven,Viscose,,,32.99,/241/64/218034_BM_1,218034_BM_1.jpg,none,,,,,
218070_BM,218070,Sweatshirt T1 ESSENTIALS Bright Multicolor,_BM,Bright Multicolor,Apparel,Sweatshirt,Circular,Cotton; Polyester,,,29.99,/241/64/218070_BM_1,218070_BM_1.jpg,none,,,,,
218156_BL,218156,Shorts MADEIRA Blue,_BL,Blue,Apparel,Shorts,Woven,Cotton,,,35.99,/241/64/218156_BL_1,218156_BL_1.jpg,none,,,,,
218156_RD,218156,Shorts MADEIRA Red,_RD,Red,Apparel,Shorts,Woven,Cotton,,,35.99,/241/64/218156_RD_1,218156_RD_1.jpg,none,,,,,
218166_BK,218166,Blazer PLUS CLOSET DEZ Black,_BK,Black,Apparel,Blazer,Woven,Polyester; Polyester; Viscose; Wool,,,69.99,/241/64/218166_BK_1,218166_BK_1.jpg,none,,,,,
218166_BL,218166,Blazer PLUS CLOSET DEZ Blue,_BL,Blue,Apparel,Blazer,Woven,Polyester; Polyester; Viscose; Wool,,,69.99,/241/64/218166_BL_1,218166_BL_1.jpg,none,,,,,
218166_BN,218166,Blazer PLUS CLOSET DEZ Brown,_BN,Brown,Apparel,Blazer,Woven,Polyester; Polyester; Viscose; Wool,,,69.99,/241/64/218166_BN_1,218166_BN_1.jpg,none,,,,,
218220_EC,218220,Top EMAN Ecru,_EC,Ecru,Apparel,Top,Woven,Polyester; Viscose,,,29.99,/241/64/218220_EC_1,218220_EC_1.jpg,none,,,,,
218356_EC,218356,Shirt SALVADOR Ecru,_EC,Ecru,Apparel,Shirt,Woven,Cotton; Polyamide; Polyester,,,39.99,/241/64/218356_EC_1,218356_EC_1.jpg,none,,,,,
218536_RD,218536,T-shirt CUPID Red,_RD,Red,Apparel,T-shirt,Circular,Cotton; Elastane,,Cotton,12.99,/241/64/218536_RD_1,218536_RD_1.jpg,none,,,,,
218609_RD,218609,Top CUPID Red,_RD,Red,Apparel,Top,Woven,Cotton,,,23.99,/241/64/218609_RD_1,218609_RD_1.jpg,none,,,,,
218621_BL,218621,Trousers CHIADO Blue,_BL,Blue,Apparel,Trousers,Woven,Lyocell,,,27.99,/241/64/218621_BL_1,218621_BL_1.jpg,none,,,,,
218621_BR,218621,Trousers CHIADO Brick Red,_BR,Brick Red,Apparel,Trousers,Woven,Lyocell,,,27.99,/241/64/218621_BR_1,218621_BR_1.jpg,none,,,,,
218635_BL,218635,Dress brasilia Blue,_BL,Blue,Apparel,Dress,Woven,Lyocell,,,35.99,/241/64/218635_BL_1,218635_BL_1.jpg,none,,,,,
218635_BN,218635,Dress brasilia Brown,_BN,Brown,Apparel,Dress,Woven,Lyocell,,,35.99,/241/64/218635_BN_1,218635_BN_1.jpg,none,,,,,
218635_DG,218635,Dress brasilia Dark Grey,_DG,Dark Grey,Apparel,Dress,Woven,Lyocell,,,35.99,/241/64/218635_DG_1,218635_DG_1.jpg,none,,,,,
218645_BM,218645,Shirt LAPA Bright Multicolor,_BM,Bright Multicolor,Apparel,Shirt,Woven,Cotton,,Cotton,23.99,/241/64/218645_BM_1,218645_BM_1.jpg,none,,,,,
218672_BM,218672,Jeans SAO P Bright Multicolor,_BM,Bright Multicolor,Apparel,Jeans,Woven,Cotton,,,42.99,/241/64/218672_BM_1,218672_BM_1.jpg,none,,,,,
218751_BL,218751,Trousers CALM 2 Blue,_BL,Blue,Apparel,Trousers,Woven,Viscose; Acetate,,,35.99,/241/64/218751_BL_1,218751_BL_1.jpg,none,,,,,
218751_PK,218751,Trousers CALM 1 Pink,_PK,Pink,Apparel,Trousers,Woven,Viscose; Acetate,,,35.99,/241/64/218751_PK_1,218751_PK_1.jpg,none,,,,,
218754_BG,218754,Dress LAPA 4 Beige,_BG,Beige,Apparel,Dress,Woven,Polyamide; Viscose,,,39.99,/241/64/218754_BG_1,218754_BG_1.jpg,none,,,,,
218775_GN,218775,Trousers RECIFE Green,_GN,Green,Apparel,Trousers,Knit,Polyamide; Viscose,,Viscose,29.99,/241/64/218775_GN_1,218775_GN_1.jpg,none,,,,,
218775_NV,218775,Trousers T1 ESSENTIALS Navy,_NV,Navy,Apparel,Trousers,Knit,Polyamide; Viscose,,Viscose,29.99,/241/64/218775_NV_1,218775_NV_1.jpg,none,,,,,
218775_WT,218775,Trousers T1 ESSENTIALS White,_WT,White,Apparel,Trousers,Knit,Polyamide; Viscose,,,29.99,/242/64/218775_WT_1,218775_WT_1.jpg,none,,,,,
218823_EC,218823,Shirt HOT Ecru,_EC,Ecru,Apparel,Shirt,Woven,Cotton,,,29.99,/241/64/218823_EC_1,218823_EC_1.jpg,none,,,,,
218847_BM,218847,Dress KIW Bright Multicolor,_BM,Bright Multicolor,Apparel,Dress,Woven,Cotton; Viscose,,,32.99,/241/64/218847_BM_1,218847_BM_1.jpg,none,,,,,
218961_EC,218961,Shirt PAPAYA Ecru,_EC,Ecru,Apparel,Shirt,Woven,Cotton; Metallic Fiber,,,27.99,/241/64/218961_EC_1,218961_EC_1.jpg,none,,,,,
219030_BG,219030,Trousers PLUS Beige,_BG,Beige,Apparel,Trousers,Circular,Elastane; Polyamide; Viscose,,,29.99,/241/64/219030_BG_1,219030_BG_1.jpg,none,,,,,
219030_KK,219030,Trousers PLUS Khaki,_KK,Khaki,Apparel,Trousers,Circular,Elastane; Polyamide; Viscose,,,29.99,/241/64/219030_KK_1,219030_KK_1.jpg,none,,,,,
219030_RD,219030,Trousers PLUS Red,_RD,Red,Apparel,Trousers,Circular,Elastane; Polyamide; Viscose,,,29.99,/241/64/219030_RD_1,219030_RD_1.jpg,none,,,,,
219054_EC,219054,Trousers MADEIRA Ecru,_EC,Ecru,Apparel,Trousers,Knit,Cotton; Polyamide,,,15.99,/241/64/219054_EC_1,219054_EC_1.jpg,none,,,,,
219138_EC,219138,Dress MADEIRA Ecru,_EC,Ecru,Apparel,Dress,Knit,Cotton,,Cotton,45.99,/241/64/219138_EC_1,219138_EC_1.jpg,none,,,,,
219185_BL,219185,Jeans SALVADOR Blue,_BL,Blue,Apparel,Jeans,Woven,Cotton,,,39.99,/241/64/219185_BL_1,219185_BL_1.jpg,none,,,,,
219220_RD,219220,Coat MADEIRA Red,_RD,Red,Apparel,Coat,Woven,Cotton,,,49.99,/241/64/219220_RD_1,219220_RD_1.jpg,none,,,,,
219332_BG,219332,Sweater MADEIRA Beige,_BG,Beige,Apparel,Sweater,Knit,Polyester,,Polyester,25.99,/241/64/219332_BG_1,219332_BG_1.jpg,none,,,,,
219335_BM,219335,Kaftan PAPAYA Bright Multicolor,_BM,Bright Multicolor,Apparel,Kaftan,Woven,Cotton,,Cotton,23.99,/242/64/219335_BM_1,219335_BM_1.jpg,none,,,,,
219335_DM,219335,Kaftan T1 ESSENTIALS Dark Multicolor,_DM,Dark Multicolor,Apparel,Kaftan,Woven,Cotton,,Cotton,23.99,/242/64/219335_DM_1,219335_DM_1.jpg,none,,,,,
219423_WT,219423,T-shirt MADEIRA White,_WT,White,Apparel,T-shirt,Circular,Polyester; Viscose; Cotton,,Viscose,15.99,/241/64/219423_WT_1,219423_WT_1.jpg,none,,,,,
219441_GY,219441,Sweatshirt SUMMERCAP Grey,_GY,Grey,Apparel,Sweatshirt,Circular,Cotton; Polyester,,,29.99,/241/64/219441_GY_1,219441_GY_1.jpg,none,,,,,
219441_LL,219441,Sweatshirt SUMMERCAP Lilac,_LL,Lilac,Apparel,Sweatshirt,Circular,Cotton; Polyester,,,29.99,/241/64/219441_LL_1,219441_LL_1.jpg,none,,,,,
219450_LM,219450,Top PAPAYA 3 Lime,_LM,Lime,Apparel,Top,Woven,Cotton,,,29.99,/241/64/219450_LM_1,219450_LM_1.jpg,none,,,,,
219470_BM,219470,Trousers LAPA 3 Bright Multicolor,_BM,Bright Multicolor,Apparel,Trousers,Woven,Linen,,,39.99,/241/64/219470_BM_1,219470_BM_1.jpg,none,,,,,
219523_BM,219523,Shirt PAPAYA 3 Bright Multicolor,_BM,Bright Multicolor,Apparel,Shirt,Woven,Cotton,,,27.99,/241/64/219523_BM_1,219523_BM_1.jpg,none,,,,,
219596_DG,219596,Dress PENDING Dark Grey,_DG,Dark Grey,Apparel,Dress,Circular,Elastane; Polyamide; Viscose,,,27.99,/241/64/219596_DG_1,219596_DG_1.jpg,none,,,,,
219596_KK,219596,Dress ALFAMA Khaki,_KK,Khaki,Apparel,Dress,Circular,Elastane; Polyamide; Viscose,,,27.99,/241/64/219596_KK_1,219596_KK_1.jpg,none,,,,,
219596_LM,219596,Dress ALFAMA Lime,_LM,Lime,Apparel,Dress,Circular,Elastane; Polyamide; Viscose,,,27.99,/241/64/219596_LM_1,219596_LM_1.jpg,none,,,,,
219651_KK,219651,Dress LAPA 3 Khaki,_KK,Khaki,Apparel,Dress,Knit,Polyamide; Viscose,,,32.99,/241/64/219651_KK_1,219651_KK_1.jpg,none,,,,,
219671_GY,219671,Dress LAPA 4 Grey,_GY,Grey,Apparel,Dress,Circular,Cotton,,,29.99,/241/64/219671_GY_1,219671_GY_1.jpg,none,,,,,
219712_WT,219712,Shorts MADEIRA White,_WT,White,Apparel,Shorts,Woven,Polyester,,Polyester,15.99,/241/64/219712_WT_1,219712_WT_1.jpg,none,,,,,
219714_BK,219714,Dress MADEIRA Black,_BK,Black,Apparel,Dress,Knit,Cotton,,,39.99,/241/64/219714_BK_1,219714_BK_1.jpg,none,,,,,
219714_RD,219714,Dress MADEIRA Red,_RD,Red,Apparel,Dress,Knit,Cotton,,,39.99,/241/64/219714_RD_1,219714_RD_1.jpg,none,,,,,
219781_GY,219781,Shirt KIW Grey,_GY,Grey,Apparel,Shirt,Woven,Linen; Viscose; Lyocell,,,35.99,/241/64/219781_GY_1,219781_GY_1.jpg,none,,,,,
219880_EC,219880,Trousers MADEIRA Ecru,_EC,Ecru,Apparel,Trousers,Woven,Cotton,,,39.99,/241/64/219880_EC_1,219880_EC_1.jpg,none,,,,,
219880_OR,219880,Trousers MADEIRA Orange,_OR,Orange,Apparel,Trousers,Woven,Cotton,,,39.99,/241/64/219880_OR_1,219880_OR_1.jpg,none,,,,,
219882_EC,219882,Vest MADEIRA Ecru,_EC,Ecru,Apparel,Vest,Woven,Cotton,,Cotton,49.99,/241/64/219882_EC_1,219882_EC_1.jpg,none,,,,,
219893_GN,219893,Dress LAPA 3 Green,_GN,Green,Apparel,Dress,Woven,Cotton,,Cotton,49.99,/241/64/219893_GN_1,219893_GN_1.jpg,none,,,,,
219955_GN,219955,Trousers PAPAYA Green,_GN,Green,Apparel,Trousers,Woven,Linen,,,39.99,/241/64/219955_GN_1,219955_GN_1.jpg,none,,,,,
220008_AN,220008,Skirt C1 Anthracite,_AN,Anthracite,Apparel,Skirt,Woven,Lyocell,,Lyocell,27.99,/242/64/220008_AN_1,220008_AN_1.jpg,none,,,,,
220008_BL,220008,Skirt PAPAYA Blue,_BL,Blue,Apparel,Skirt,Woven,Lyocell,,,27.99,/241/64/220008_BL_1,220008_BL_1.jpg,none,,,,,
220008_KK,220008,Skirt AL Khaki,_KK,Khaki,Apparel,Skirt,Woven,Lyocell,,Lyocell,27.99,/242/64/220008_KK_1,220008_KK_1.jpg,none,,,,,
220008_MI,220008,Skirt NH Midnight Blue,_MI,Midnight Blue,Apparel,Skirt,Woven,Lyocell,,Lyocell,27.99,/242/64/220008_MI_1,220008_MI_1.jpg,none,,,,,
220008_WT,220008,Skirt NH White,_WT,White,Apparel,Skirt,Woven,Lyocell,,Lyocell,27.99,/242/64/220008_WT_1,220008_WT_1.jpg,none,,,,,
220048_CA,220048,Dress T1 ESSENTIALS Camel,_CA,Camel,Apparel,Dress,Woven,Lyocell,,Lyocell,32.99,/242/64/220048_CA_1,220048_CA_1.jpg,none,,,,,
220048_LL,220048,Dress T1 ESSENTIALS Lilac,_LL,Lilac,Apparel,Dress,Woven,Lyocell,,Lyocell,32.99,/242/64/220048_LL_1,220048_LL_1.jpg,none,,,,,
220048_NV,220048,Dress T1 ESSENTIALS Navy,_NV,Navy,Apparel,Dress,Woven,Lyocell,,Lyocell,32.99,/241/64/220048_NV_1,220048_NV_1.jpg,none,,,,,
220048_YL,220048,Dress T1 ESSENTIALS Yellow,_YL,Yellow,Apparel,Dress,Woven,Lyocell,,Lyocell,32.99,/242/64/220048_YL_1,220048_YL_1.jpg,none,,,,,
220053_BM,220053,Top GA Bright Multicolor,_BM,Bright Multicolor,Apparel,Top,Woven,Cotton,,Cotton,23.99,/242/64/220053_BM_1,220053_BM_1.jpg,none,,,,,
220372_GN,220372,Dress BANANA Green,_GN,Green,Apparel,Dress,Woven,Linen,,Linen,49.99,/241/64/220372_GN_1,220372_GN_1.jpg,none,,,,,
220413_BM,220413,Dress T1 ESSENTIALS Bright Multicolor,_BM,Bright Multicolor,Apparel,Dress,Woven,Cotton,,Cotton,25.99,/241/64/220413_BM_1,220413_BM_1.jpg,none,,,,,
220504_EC,220504,Jumpsuit luci Ecru,_EC,Ecru,Apparel,Jumpsuit,Woven,Linen; Lyocell,,,39.99,/242/64/220504_EC_1,220504_EC_1.jpg,none,,,,,
220586_BM,220586,Shirt KIW Bright Multicolor,_BM,Bright Multicolor,Apparel,Shirt,Woven,Cotton; Modal,,Cotton,25.99,/241/64/220586_BM_1,220586_BM_1.jpg,none,,,,,
220590_BL,220590,T-shirt T1 ESSENTIALS Blue,_BL,Blue,Apparel,T-shirt,Circular,Cotton,,Cotton,12.99,/241/64/220590_BL_1,220590_BL_1.jpg,none,,,,,
220590_FU,220590,T-shirt T1 ESSENTIALS Fuchsia,_FU,Fuchsia,Apparel,T-shirt,Circular,Cotton,,Cotton,12.99,/241/64/220590_FU_1,220590_FU_1.jpg,none,,,,,
220590_GY,220590,T-shirt T1 ESSENTIALS Grey,_GY,Grey,Apparel,T-shirt,Circular,Cotton,,Cotton,12.99,/241/64/220590_GY_1,220590_GY_1.jpg,none,,,,,
220590_WT,220590,T-shirt T1 ESSENTIALS White,_WT,White,Apparel,T-shirt,Circular,Cotton,,Cotton,12.99,/241/64/220590_WT_1,220590_WT_1.jpg,none,,,,,
220602_BN,220602,Sweater P1 SET Brown,_BN,Brown,Apparel,Sweater,Knit,Cotton,,Cotton,25.99,/241/64/220602_BN_1,220602_BN_1.jpg,none,,,,,
220602_GY,220602,Sweater P1 SET Grey,_GY,Grey,Apparel,Sweater,Knit,Cotton,,Cotton,25.99,/241/64/220602_GY_1,220602_GY_1.jpg,none,,,,,
220650_WT,220650,Shirt C1 White,_WT,White,Apparel,Shirt,Woven,Cotton; Linen,,,27.99,/242/64/220650_WT_1,220650_WT_1.jpg,none,,,,,
220702_BK,220702,Dress SUMMERCAP Black,_BK,Black,Apparel,Dress,Woven,Cotton; Elastane,,,29.99,/241/64/220702_BK_1,220702_BK_1.jpg,none,,,,,
220758_BM,220758,Sweater PLUS Bright Multicolor,_BM,Bright Multicolor,Apparel,Sweater,Knit,Polyamide; Viscose,,,32.99,/241/64/220758_BM_1,220758_BM_1.jpg,none,,,,,
220933_BL,220933,Coat MADEIRA Blue,_BL,Blue,Apparel,Coat,Woven,Cotton; RECYCLED COTTON,,,39.99,/241/64/220933_BL_1,220933_BL_1.jpg,none,,,,,
220939_BM,220939,Dress LAGO Bright Multicolor,_BM,Bright Multicolor,Apparel,Dress,Woven,Viscose,,,29.99,/242/64/220939_BM_1,220939_BM_1.jpg,none,,,,,
220939_BU,220939,Dress BETS Burgundy,_BU,Burgundy,Apparel,Dress,Woven,Viscose,,,29.99,/242/64/220939_BU_1,220939_BU_1.jpg,none,,,,,
220939_DM,220939,Dress LAGO Dark Multicolor,_DM,Dark Multicolor,Apparel,Dress,Woven,Viscose,,,29.99,/242/64/220939_DM_1,220939_DM_1.jpg,none,,,,,
220952_EC,220952,Dress EXCLUSIVE Ecru,_EC,Ecru,Apparel,Dress,Woven,Cotton,,,35.99,/241/64/220952_EC_1,220952_EC_1.jpg,none,,,,,
220972_GN,220972,Raincoat LAPA 3 Green,_GN,Green,Apparel,Raincoat,Woven,Polyamide,,,32.99,/241/64/220972_GN_1,220972_GN_1.jpg,none,,,,,
221008_BK,221008,Trousers EXCLUSIVE Black,_BK,Black,Apparel,Trousers,Knit,Viscose; Cotton,,,32.99,/241/64/221008_BK_1,221008_BK_1.jpg,none,,,,,
221008_EC,221008,Trousers ESTRELA Ecru,_EC,Ecru,Apparel,Trousers,Knit,Cotton; Viscose,,,32.99,/241/64/221008_EC_1,221008_EC_1.jpg,none,,,,,
221158_BM,221158,Sweater BANANA Bright Multicolor,_BM,Bright Multicolor,Apparel,Sweater,Knit,Cotton; Polyester,,Cotton,25.99,/241/64/221158_BM_1,221158_BM_1.jpg,none,,,,,
221224_BG,221224,Trousers SALVADOR Beige,_BG,Beige,Apparel,Trousers,Circular,Cotton; Elastane,,,29.99,/241/64/221224_BG_1,221224_BG_1.jpg,none,,,,,
221285_WT,221285,Dress P3 White,_WT,White,Apparel,Dress,Woven,Cotton,,Cotton,29.99,/242/64/221285_WT_1,221285_WT_1.jpg,none,,,,,
221285_YL,221285,Dress P3 Yellow,_YL,Yellow,Apparel,Dress,Woven,Cotton,,Cotton,29.99,/242/64/221285_YL_1,221285_YL_1.jpg,none,,,,,
221333_BM,221333,Dress T1 ESSENTIALS Bright Multicolor,_BM,Bright Multicolor,Apparel,Dress,Woven,Lyocell,,,29.99,/241/64/221333_BM_1,221333_BM_1.jpg,none,,,,,
221351_BM,221351,Bathing Suit PAPAYA Bright Multicolor,_BM,Bright Multicolor,Apparel,Bath Suit,Circular,Elastane; Elastane; Polyester; Polyester,,Polyester,25.99,/242/64/221351_BM_1,221351_BM_1.jpg,none,,,,,
221480_YL,221480,Dress C1 Yellow,_YL,Yellow,Apparel,Dress,Woven,Cotton,,,29.99,/242/64/221480_YL_1,221480_YL_1.jpg,none,,,,,
221710_BM,221710,Dress C2 Bright Multicolor,_BM,Bright Multicolor,Apparel,Dress,Woven,Cotton,,,27.99,/242/64/221710_BM_1,221710_BM_1.jpg,none,,,,,
221744_BL,221744,Dress BANANA Blue,_BL,Blue,Apparel,Dress,Woven,Cotton; Elastane,,Cotton,29.99,/241/64/221744_BL_1,221744_BL_1.jpg,none,,,,,
221778_BL,221778,Top P3 Blue,_BL,Blue,Apparel,Top,Woven,Cotton,,Cotton,25.99,/242/64/221778_BL_1,221778_BL_1.jpg,none,,,,,
221778_WT,221778,Top P3 White,_WT,White,Apparel,Top,Woven,Cotton,,Cotton,25.99,/242/64/221778_WT_1,221778_WT_1.jpg,none,,,,,
221782_BG,221782,Top SEJ Beige,_BG,Beige,Apparel,Top,Woven,Cotton,,,27.99,/242/64/221782_BG_1,221782_BG_1.jpg,none,,,,,
221782_BL,221782,Top SEJ Blue,_BL,Blue,Apparel,Top,Woven,Cotton,,,27.99,/242/64/221782_BL_1,221782_BL_1.jpg,none,,,,,
221782_WT,221782,Top BETS White,_WT,White,Apparel,Top,Woven,Cotton,,,27.99,/242/64/221782_WT_1,221782_WT_1.jpg,none,,,,,
221790_BU,221790,Shirt CM Burgundy,_BU,Burgundy,Apparel,Shirt,Woven,Cotton; Linen,,Linen,29.99,/242/64/221790_BU_1,221790_BU_1.jpg,none,,,,,
221811_FU,221811,Shirt C3 Fuchsia,_FU,Fuchsia,Apparel,Shirt,Woven,Cotton,,Cotton,23.99,/242/64/221811_FU_1,221811_FU_1.jpg,none,,,,,
221892_BL,221892,Jeans MADEIRA Blue,_BL,Blue,Apparel,Jeans,Woven,Cotton; RECYCLED COTTON,,,32.99,/241/64/221892_BL_1,221892_BL_1.jpg,none,,,,,
221926_AN,221926,T-shirt T1 ESSENTIALS Anthracite,_AN,Anthracite,Apparel,T-shirt,Circular,Elastane; Modal; Polyamide,,,17.99,/241/64/221926_AN_1,221926_AN_1.jpg,none,,,,,
221926_EC,221926,T-shirt T1 ESSENTIALS Ecru,_EC,Ecru,Apparel,T-shirt,Circular,Elastane; Modal; Polyamide,,,17.99,/241/64/221926_EC_1,221926_EC_1.jpg,none,,,,,
221971_BM,221971,Skirt C7 Bright Multicolor,_BM,Bright Multicolor,Apparel,Skirt,Woven,Viscose,,,32.99,/242/64/221971_BM_1,221971_BM_1.jpg,none,,,,,
222101_EC,222101,Dress SEJ Ecru,_EC,Ecru,Apparel,Dress,Woven,Modal,,,27.99,/242/64/222101_EC_1,222101_EC_1.jpg,none,,,,,
222101_KK,222101,Dress SEJ Khaki,_KK,Khaki,Apparel,Dress,Woven,Modal,,,27.99,/242/64/222101_KK_1,222101_KK_1.jpg,none,,,,,
222104_WT,222104,Top 55 White,_WT,White,Apparel,Top,Woven,Viscose,,,39.99,/241/64/222104_WT_1,222104_WT_1.jpg,none,,,,,
222184_EC,222184,Vest C3 Ecru,_EC,Ecru,Apparel,Vest,Woven,Cotton; Cotton,,,39.99,/241/64/222184_EC_1,222184_EC_1.jpg,none,,,,,
222254_BM,222254,Kimono TRENDY Bright Multicolor,_BM,Bright Multicolor,Apparel,Kimono,Woven,Viscose,,,39.99,/242/64/222254_BM_1,222254_BM_1.jpg,none,,,,,
222287_BM,222287,Dress NH Bright Multicolor,_BM,Bright Multicolor,Apparel,Dress,Woven,Cotton,,,27.99,/242/64/222287_BM_1,222287_BM_1.jpg,none,,,,,
222342_BK,222342,Jumpsuit NH Black,_BK,Black,Apparel,Jumpsuit,Circular,Elastane; Polyester,,Polyester,23.99,/242/64/222342_BK_1,222342_BK_1.jpg,none,,,,,
222342_GN,222342,Jumpsuit NH Green,_GN,Green,Apparel,Jumpsuit,Circular,Elastane; Polyester,,Polyester,23.99,/242/64/222342_GN_1,222342_GN_1.jpg,none,,,,,
222342_NM,222342,Jumpsuit NH Neutral Multicolor,_NM,Neutral Multicolor,Apparel,Jumpsuit,Circular,Elastane; Polyester,,Polyester,23.99,/242/64/222342_NM_1,222342_NM_1.jpg,none,,,,,
222346_KK,222346,Cardigan P3 Khaki,_KK,Khaki,Apparel,Cardigan,Knit,Cotton; Polyamide,,,35.99,/242/64/222346_KK_1,222346_KK_1.jpg,none,,,,,
222374_BM,222374,Vest MARQUES Bright Multicolor,_BM,Bright Multicolor,Apparel,Vest,Woven,Cotton; Linen; Viscose,,,29.99,/241/64/222374_BM_1,222374_BM_1.jpg,none,,,,,
222392_BN,222392,Sweater C7 Brown,_BN,Brown,Apparel,Sweater,Knit,Polyester,,Polyester,23.99,/242/64/222392_BN_1,222392_BN_1.jpg,none,,,,,
222392_EC,222392,Sweater C7 Ecru,_EC,Ecru,Apparel,Sweater,Knit,Polyester,,Polyester,23.99,/242/64/222392_EC_1,222392_EC_1.jpg,none,,,,,
222418_DG,222418,Skirt B4 Dark Grey,_DG,Dark Grey,Apparel,Skirt,Knit,Cotton; Polyester,,,29.99,/242/64/222418_DG_1,222418_DG_1.jpg,none,,,,,
222474_BU,222474,Dress JJ Burgundy,_BU,Burgundy,Apparel,Dress,Circular,Elastane; Viscose,,,27.99,/242/64/222474_BU_1,222474_BU_1.jpg,none,,,,,
222474_GN,222474,Dress JJ Green,_GN,Green,Apparel,Dress,Circular,Elastane; Viscose,,,27.99,/242/64/222474_GN_1,222474_GN_1.jpg,none,,,,,
222475_GN,222475,T-shirt JJ Green,_GN,Green,Apparel,T-shirt,Circular,Elastane; Viscose,,,17.99,/242/64/222475_GN_1,222475_GN_1.jpg,none,,,,,
222527_BM,222527,Dress AL Bright Multicolor,_BM,Bright Multicolor,Apparel,Dress,Circular,Modal; Polyester,,,32.99,/242/64/222527_BM_1,222527_BM_1.jpg,none,,,,,
222538_BL,222538,Jeans APP PRO Blue,_BL,Blue,Apparel,Jeans,Woven,Cotton; RECYCLED COTTON,,,35.99,/241/64/222538_BL_1,222538_BL_1.jpg,none,,,,,
222630_BL,222630,Kimono NO Blue,_BL,Blue,Apparel,Kimono,Woven,Cotton; Viscose,,Cotton,89.99,/242/64/222630_BL_1,222630_BL_1.jpg,none,,,,,
222656_BG,222656,Skirt CM Beige,_BG,Beige,Apparel,Skirt,Woven,Linen; Lyocell,,Lyocell,32.99,/242/64/222656_BG_1,222656_BG_1.jpg,none,,,,,
222656_BL,222656,Skirt CM Blue,_BL,Blue,Apparel,Skirt,Woven,Linen; Lyocell,,Lyocell,32.99,/242/64/222656_BL_1,222656_BL_1.jpg,none,,,,,
222666_WT,222666,Jeans APP PRO White,_WT,White,Apparel,Jeans,Woven,Cotton,,,35.99,/241/64/222666_WT_1,222666_WT_1.jpg,none,,,,,
222672_BK,222672,Top 66 Black,_BK,Black,Apparel,Top,Woven,Polyamide; Elastane,,Polyamide,25.99,/242/64/222672_BK_1,222672_BK_1.jpg,none,,,,,
222672_EC,222672,Top 66 Ecru,_EC,Ecru,Apparel,Top,Woven,Elastane; Polyamide,,Polyamide,25.99,/242/64/222672_EC_1,222672_EC_1.jpg,none,,,,,
222672_YL,222672,Top 66 Yellow,_YL,Yellow,Apparel,Top,Woven,Elastane; Polyamide,,Polyamide,25.99,/242/64/222672_YL_1,222672_YL_1.jpg,none,,,,,
222685_BM,222685,Bathing Suit TRENDY Bright Multicolor,_BM,Bright Multicolor,Apparel,Bath Suit,Circular,Elastane; Elastane; Polyamide; Polyester; Polyester,,,29.99,/241/64/222685_BM_1,222685_BM_1.jpg,none,,,,,
222691_BL,222691,T-shirt B4 Blue,_BL,Blue,Apparel,T-shirt,Knit,Polyamide; Viscose,,Polyamide,23.99,/242/64/222691_BL_1,222691_BL_1.jpg,none,,,,,
222691_WT,222691,T-shirt B4 White,_WT,White,Apparel,T-shirt,Knit,Polyamide; Viscose,,Polyamide,23.99,/242/64/222691_WT_1,222691_WT_1.jpg,none,,,,,
222695_BM,222695,Dress CC Bright Multicolor,_BM,Bright Multicolor,Apparel,Dress,Woven,Linen; Lyocell,,Lyocell,39.99,/242/64/222695_BM_1,222695_BM_1.jpg,none,,,,,
222708_BK,222708,Sweater T1 ESSENTIALS Black,_BK,Black,Apparel,Sweater,Knit,Polyamide; Polyester; Viscose,,,32.99,/241/64/222708_BK_1,222708_BK_1.jpg,none,,,,,
222708_RD,222708,Sweater T1 ESSENTIALS Red,_RD,Red,Apparel,Sweater,Knit,Polyamide; Polyester; Viscose,,,32.99,/241/64/222708_RD_1,222708_RD_1.jpg,none,,,,,
222737_NV,222737,Sweatshirt T1 ESSENTIALS Navy,_NV,Navy,Apparel,Sweatshirt,Circular,Elastane; Polyester; Viscose,,,27.99,/241/64/222737_NV_1,222737_NV_1.jpg,none,,,,,
222783_GN,222783,Trousers 55 Green,_GN,Green,Apparel,Trousers,Woven,Cotton,,,35.99,/242/64/222783_GN_1,222783_GN_1.jpg,none,,,,,
222783_WT,222783,Trousers 55 White,_WT,White,Apparel,Trousers,Woven,Cotton; Linen; Viscose,,,35.99,/242/64/222783_WT_1,222783_WT_1.jpg,none,,,,,
222812_BM,222812,Top MADEIRA Bright Multicolor,_BM,Bright Multicolor,Apparel,Top,Woven,Cotton,,Cotton,69.99,/241/64/222812_BM_1,222812_BM_1.jpg,none,,,,,
222828_PK,222828,T-shirt CORI Pink,_PK,Pink,Apparel,T-shirt,Circular,Cotton,,Cotton,19.99,/242/64/222828_PK_1,222828_PK_1.jpg,none,,,,,
222828_WT,222828,T-shirt CORI White,_WT,White,Apparel,T-shirt,Circular,Cotton,,Cotton,19.99,/242/64/222828_WT_1,222828_WT_1.jpg,none,,,,,
222900_AN,222900,Skirt OO Anthracite,_AN,Anthracite,Apparel,Skirt,Circular,Viscose; Elastane; Polyester,,,17.99,/242/64/222900_AN_1,222900_AN_1.jpg,none,,,,,
222900_BG,222900,Skirt OO Beige,_BG,Beige,Apparel,Skirt,Circular,Elastane; Polyester; Viscose,,,17.99,/242/64/222900_BG_1,222900_BG_1.jpg,none,,,,,
222900_BL,222900,Skirt T1 ESSENTIALS Blue,_BL,Blue,Apparel,Skirt,Circular,Elastane; Polyester; Viscose,,,17.99,/241/64/222900_BL_1,222900_BL_1.jpg,none,,,,,
222949_BG,222949,T-shirt T1 ESSENTIALS Beige,_BG,Beige,Apparel,T-shirt,Circular,Elastane; Polyamide; Viscose,,Viscose,23.99,/242/64/222949_BG_1,222949_BG_1.jpg,none,,,,,
222949_RD,222949,T-shirt T1 ESSENTIALS Red,_RD,Red,Apparel,T-shirt,Circular,Elastane; Polyamide; Viscose,,Viscose,23.99,/242/64/222949_RD_1,222949_RD_1.jpg,none,,,,,
223102_BL,223102,Trousers CC Blue,_BL,Blue,Apparel,Trousers,Woven,Linen,,,39.99,/242/64/223102_BL_1,223102_BL_1.jpg,none,,,,,
223181_BL,223181,Trousers B5 Blue,_BL,Blue,Apparel,Trousers,Woven,Cotton,,,32.99,/242/64/223181_BL_1,223181_BL_1.jpg,none,,,,,
223255_BM,223255,Shirt C2 Bright Multicolor,_BM,Bright Multicolor,Apparel,Shirt,Woven,Polyamide; Viscose; Lyocell,,,29.99,/242/64/223255_BM_1,223255_BM_1.jpg,none,,,,,
223327_BM,223327,Jumpsuit TRENDY Bright Multicolor,_BM,Bright Multicolor,Apparel,Jumpsuit,Woven,Viscose,,,32.99,/242/64/223327_BM_1,223327_BM_1.jpg,none,,,,,
223327_EC,223327,Jumpsuit TRENDY Ecru,_EC,Ecru,Apparel,Jumpsuit,Woven,Viscose,,,32.99,/242/64/223327_EC_1,223327_EC_1.jpg,none,,,,,
223386_WT,223386,T-shirt C1 White,_WT,White,Apparel,T-shirt,Circular,Cotton,,Cotton,19.99,/242/64/223386_WT_1,223386_WT_1.jpg,none,,,,,
223389_BU,223389,Skirt M1S Burgundy,_BU,Burgundy,Apparel,Skirt,Woven,Lyocell,,Lyocell,32.99,/242/64/223389_BU_1,223389_BU_1.jpg,none,,,,,
223389_GY,223389,Skirt M1S Grey,_GY,Grey,Apparel,Skirt,Woven,Lyocell,,Lyocell,32.99,/242/64/223389_GY_1,223389_GY_1.jpg,none,,,,,
223433_BM,223433,Dress AL Bright Multicolor,_BM,Bright Multicolor,Apparel,Dress,Circular,Polyester; Elastane,,,27.99,/242/64/223433_BM_1,223433_BM_1.jpg,none,,,,,
223454_BK,223454,Shirt cindy Black,_BK,Black,Apparel,Shirt,Woven,Lyocell,,Lyocell,27.99,/242/64/223454_BK_1,223454_BK_1.jpg,none,,,,,
223464_BM,223464,Dress NH Bright Multicolor,_BM,Bright Multicolor,Apparel,Dress,Woven,Cotton,,,35.99,/242/64/223464_BM_1,223464_BM_1.jpg,none,,,,,
223532_EC,223532,Top TT Ecru,_EC,Ecru,Apparel,Top,Woven,Acetate,,,29.99,/242/64/223532_EC_1,223532_EC_1.jpg,none,,,,,
223538_BM,223538,Trousers T1 ESSENTIALS Bright Multicolor,_BM,Bright Multicolor,Apparel,Trousers,Woven,Lyocell,,,27.99,/242/64/223538_BM_1,223538_BM_1.jpg,none,,,,,
223541_BN,223541,Jumpsuit BETS Brown,_BN,Brown,Apparel,Jumpsuit,Woven,Cotton; Cotton,,,32.99,/242/64/223541_BN_1,223541_BN_1.jpg,none,,,,,
223541_EC,223541,Jumpsuit BETS Ecru,_EC,Ecru,Apparel,Jumpsuit,Woven,Cotton; Cotton,,,32.99,/242/64/223541_EC_1,223541_EC_1.jpg,none,,,,,
223569_BK,223569,Dress EXCLUSIVE Black,_BK,Black,Apparel,Dress,Woven,Cotton; Linen,,,35.99,/242/64/223569_BK_1,223569_BK_1.jpg,none,,,,,
223630_BK,223630,T-shirt MA Black,_BK,Black,Apparel,T-shirt,Knit,Polyamide; Viscose,,Viscose,23.99,/242/64/223630_BK_1,223630_BK_1.jpg,none,,,,,
223646_BM,223646,Skirt NH Bright Multicolor,_BM,Bright Multicolor,Apparel,Skirt,Woven,Viscose,,,29.99,/242/64/223646_BM_1,223646_BM_1.jpg,none,,,,,
223666_BK,223666,Top TRENDY Black,_BK,Black,Apparel,Top,Woven,Polyester,,,29.99,/242/64/223666_BK_1,223666_BK_1.jpg,none,,,,,
223666_PK,223666,Top TRENDY Pink,_PK,Pink,Apparel,Top,Woven,Polyester,,,29.99,/242/64/223666_PK_1,223666_PK_1.jpg,none,,,,,
223669_BM,223669,Bathing Suit T1 ESSENTIALS Bright Multicolor,_BM,Bright Multicolor,Apparel,Bath Suit,Circular,Elastane; Polyester; Polyester; Elastane,,Polyester,25.99,/241/64/223669_BM_1,223669_BM_1.jpg,none,,,,,
223869_LK,223869,Sweatshirt CA Light Pink,_LK,Light Pink,Apparel,Sweatshirt,Circular,Cotton; Polyester,,,29.99,/242/64/223869_LK_1,223869_LK_1.jpg,none,,,,,
223926_LK,223926,Sweatshirt C2 Light Pink,_LK,Light Pink,Apparel,Sweatshirt,Circular,Cotton,,,32.99,/242/64/223926_LK_1,223926_LK_1.jpg,none,,,,,
224007_BK,224007,Trousers BETS Black,_BK,Black,Apparel,Trousers,Woven,Polyester,,,27.99,/242/64/224007_BK_1,224007_BK_1.jpg,none,,,,,
224007_BL,224007,Trousers P2 Blue,_BL,Blue,Apparel,Trousers,Woven,Polyester,,Polyester,27.99,/242/64/224007_BL_1,224007_BL_1.jpg,none,,,,,
224007_KK,224007,Trousers P2 Khaki,_KK,Khaki,Apparel,Trousers,Woven,Polyester,,Polyester,27.99,/242/64/224007_KK_1,224007_KK_1.jpg,none,,,,,
224014_BN,224014,Dress BETS Brown,_BN,Brown,Apparel,Dress,Woven,Linen; Cotton,,,39.99,/242/64/224014_BN_1,224014_BN_1.jpg,none,,,,,
224014_EC,224014,Dress BETS Ecru,_EC,Ecru,Apparel,Dress,Woven,Cotton; Linen,,,39.99,/242/64/224014_EC_1,224014_EC_1.jpg,none,,,,,
224053_EC,224053,Top BRIDAL CAPSULE Ecru,_EC,Ecru,Apparel,Top,Knit,Viscose; Polyamide,,Viscose,23.99,/242/64/224053_EC_1,224053_EC_1.jpg,none,,,,,
224106_GN,224106,Vest KAT Green,_GN,Green,Apparel,Vest,Knit,Polyester; Elastane; Polyamide; Wool; Acrylic,,,29.99,/242/64/224106_GN_1,224106_GN_1.jpg,none,,,,,
224127_BG,224127,Shirt 00 Beige,_BG,Beige,Apparel,Shirt,Woven,Elastane; Polyamide; Cotton,,,32.99,/242/64/224127_BG_1,224127_BG_1.jpg,none,,,,,
224127_BM,224127,Shirt 00 Bright Multicolor,_BM,Bright Multicolor,Apparel,Shirt,Woven,Elastane; Polyamide; Cotton,,,32.99,/242/64/224127_BM_1,224127_BM_1.jpg,none,,,,,
224132_BM,224132,Shirt NH Bright Multicolor,_BM,Bright Multicolor,Apparel,Shirt,Woven,Viscose,,Viscose,23.99,/242/64/224132_BM_1,224132_BM_1.jpg,none,,,,,
224203_BK,224203,T-shirt 66 Black,_BK,Black,Apparel,T-shirt,Circular,Viscose; Polyamide; Elastane,,Viscose,29.99,/242/64/224203_BK_1,224203_BK_1.jpg,none,,,,,
224206_BK,224206,Trousers 66 Black,_BK,Black,Apparel,Trousers,Circular,Elastane; Polyamide; Viscose,,Viscose,29.99,/242/64/224206_BK_1,224206_BK_1.jpg,none,,,,,
224206_EC,224206,Trousers 66 Ecru,_EC,Ecru,Apparel,Trousers,Circular,Viscose; Polyamide; Elastane,,Viscose,29.99,/242/64/224206_EC_1,224206_EC_1.jpg,none,,,,,
224206_IG,224206,Trousers BETS Indigo,_IG,Indigo,Apparel,Trousers,Circular,Elastane; Polyamide; Viscose,,,29.99,/242/64/224206_IG_1,224206_IG_1.jpg,none,,,,,
224206_KK,224206,Trousers BETS Khaki,_KK,Khaki,Apparel,Trousers,Circular,Elastane; Polyamide; Viscose,,,29.99,/242/64/224206_KK_1,224206_KK_1.jpg,none,,,,,
224231_BL,224231,Shirt TRENDY Blue,_BL,Blue,Apparel,Shirt,Woven,Cotton,,,27.99,/242/64/224231_BL_1,224231_BL_1.jpg,none,,,,,
224284_BN,224284,Coat TU Brown,_BN,Brown,Apparel,Coat,Woven,Polyester; Polyurethane,,Polyurethane,69.99,/242/64/224284_BN_1,224284_BN_1.jpg,none,,,,,
224297_DM,224297,Bathing Suit TRENDY Dark Multicolor,_DM,Dark Multicolor,Apparel,Bath Suit,Circular,Elastane; Polyester; Polyester; Elastane,,Polyester,25.99,/242/64/224297_DM_1,224297_DM_1.jpg,none,,,,,
224416_BK,224416,Shirt OU Black,_BK,Black,Apparel,Shirt,Woven,elastomultiéster; Polyester,,,32.99,/242/64/224416_BK_1,224416_BK_1.jpg,none,,,,,
224416_EC,224416,Shirt OU Ecru,_EC,Ecru,Apparel,Shirt,Woven,elastomultiéster; Polyester,,,32.99,/242/64/224416_EC_1,224416_EC_1.jpg,none,,,,,
224431_NM,224431,Top CA Neutral Multicolor,_NM,Neutral Multicolor,Apparel,Top,Woven,Elastane; Cotton,,,35.99,/242/64/224431_NM_1,224431_NM_1.jpg,none,,,,,
224449_DG,224449,Dress C2 Dark Grey,_DG,Dark Grey,Apparel,Dress,Circular,Cotton; Polyester,,Polyester,25.99,/242/64/224449_DG_1,224449_DG_1.jpg,none,,,,,
224455_BN,224455,Top TRENDY Brown,_BN,Brown,Apparel,Top,Woven,Cotton,,,32.99,/242/64/224455_BN_1,224455_BN_1.jpg,none,,,,,
224455_EC,224455,Top TRENDY Ecru,_EC,Ecru,Apparel,Top,Woven,Cotton,,,32.99,/242/64/224455_EC_1,224455_EC_1.jpg,none,,,,,
224473_BG,224473,Coat 00 Beige,_BG,Beige,Apparel,Coat,Woven,Polyester; Viscose; Wool,,Wool,89.99,/242/64/224473_BG_1,224473_BG_1.jpg,none,,,,,
224567_BL,224567,Vest CS1 Blue,_BL,Blue,Apparel,Vest,Knit,Polyester; Acrylic; Wool; Elastane,,,32.99,/242/64/224567_BL_1,224567_BL_1.jpg,none,,,,,
224690_BK,224690,Poncho T1 ESSENTIALS Black,_BK,Black,Apparel,Poncho,Knit,Polyester; Viscose; Polyamide,,Viscose,35.99,/242/64/224690_BK_1,224690_BK_1.jpg,none,,,,,
224690_WT,224690,Poncho T1 ESSENTIALS White,_WT,White,Apparel,Poncho,Knit,Viscose; Polyamide; Polyester,,Viscose,35.99,/242/64/224690_WT_1,224690_WT_1.jpg,none,,,,,
224697_BM,224697,Kimono T1 ESSENTIALS Bright Multicolor,_BM,Bright Multicolor,Apparel,Kimono,Woven,Viscose,,,32.99,/242/64/224697_BM_1,224697_BM_1.jpg,none,,,,,
224836_BN,224836,Sweatshirt M1S Brown,_BN,Brown,Apparel,Sweatshirt,Circular,Cotton,,Cotton,35.99,/242/64/224836_BN_1,224836_BN_1.jpg,none,,,,,
224836_GY,224836,Sweatshirt CG Grey,_GY,Grey,Apparel,Sweatshirt,Circular,Cotton,,Cotton,35.99,/242/64/224836_GY_1,224836_GY_1.jpg,none,,,,,
224861_BK,224861,Jeans C4 SET Black,_BK,Black,Apparel,Jeans,Woven,Polyester; Cotton,,,42.99,/242/64/224861_BK_1,224861_BK_1.jpg,none,,,,,
224879_PK,224879,Trousers BETS Pink,_PK,Pink,Apparel,Trousers,Woven,Cotton,,,27.99,/242/64/224879_PK_1,224879_PK_1.jpg,none,,,,,
224891_BK,224891,Poncho T1 ESSENTIALS Black,_BK,Black,Apparel,Poncho,Knit,Polyamide; Viscose; Polyester,,Viscose,29.99,/242/64/224891_BK_1,224891_BK_1.jpg,none,,,,,
224891_EC,224891,Poncho T1 ESSENTIALS Ecru,_EC,Ecru,Apparel,Poncho,Knit,Polyester; Viscose; Polyamide,,,29.99,/242/64/224891_EC_1,224891_EC_1.jpg,none,,,,,
224892_BK,224892,Poncho RR Black,_BK,Black,Apparel,Poncho,Knit,Polyester; Polyamide; Viscose,,,39.99,/242/64/224892_BK_1,224892_BK_1.jpg,none,,,,,
224892_CA,224892,Poncho RR Camel,_CA,Camel,Apparel,Poncho,Knit,Viscose; Polyester; Polyamide,,,39.99,/242/64/224892_CA_1,224892_CA_1.jpg,none,,,,,
224892_NV,224892,Poncho RR Navy,_NV,Navy,Apparel,Poncho,Knit,Viscose; Polyamide; Polyester,,,39.99,/242/64/224892_NV_1,224892_NV_1.jpg,none,,,,,
224893_BM,224893,Dress TRENDY Bright Multicolor,_BM,Bright Multicolor,Apparel,Dress,Knit,Viscose; Polyamide,,,35.99,/242/64/224893_BM_1,224893_BM_1.jpg,none,,,,,
224915_WT,224915,Top BRIDAL CAPSULE White,_WT,White,Apparel,Top,Woven,Elastane; Cotton; Polyamide,,Cotton,25.99,/242/64/224915_WT_1,224915_WT_1.jpg,none,,,,,
224919_BL,224919,Shirt TU Blue,_BL,Blue,Apparel,Shirt,Woven,Cotton,,,29.99,/242/64/224919_BL_1,224919_BL_1.jpg,none,,,,,
224919_WT,224919,Shirt QUADROS White,_WT,White,Apparel,Shirt,Woven,Cotton,,Cotton,29.99,/242/64/224919_WT_1,224919_WT_1.jpg,none,,,,,
224937_BG,224937,Dress AN Beige,_BG,Beige,Apparel,Dress,Knit,Polyamide; Polyester; Acrylic; Wool,,Acrylic,35.99,/242/64/224937_BG_1,224937_BG_1.jpg,none,,,,,
224937_BK,224937,Dress TUBR Black,_BK,Black,Apparel,Dress,Knit,Polyester; Polyamide; Wool; Acrylic,,Acrylic,35.99,/242/64/224937_BK_1,224937_BK_1.jpg,none,,,,,
224937_GN,224937,Dress BETS Green,_GN,Green,Apparel,Dress,Knit,Wool; Polyester; Acrylic; Polyamide,,Acrylic,35.99,/242/64/224937_GN_1,224937_GN_1.jpg,none,,,,,
224937_GY,224937,Dress 77 Grey,_GY,Grey,Apparel,Dress,Knit,Wool; Polyester; Polyamide; Acrylic,,Acrylic,35.99,/242/64/224937_GY_1,224937_GY_1.jpg,none,,,,,
224942_LM,224942,Sweatshirt SCUBA Lime,_LM,Lime,Apparel,Sweatshirt,Circular,Elastane; Modal; Polyester,,,27.99,/242/64/224942_LM_1,224942_LM_1.jpg,none,,,,,
224942_WT,224942,Sweatshirt SCUBA White,_WT,White,Apparel,Sweatshirt,Circular,Elastane; Polyester; Modal,,,27.99,/242/64/224942_WT_1,224942_WT_1.jpg,none,,,,,
224947_BK,224947,Trousers outu Black,_BK,Black,Apparel,Trousers,Woven,Polyester; Wool; Elastane; Viscose,,Polyester,39.99,/242/64/224947_BK_1,224947_BK_1.jpg,none,,,,,
224947_BN,224947,Trousers TU Brown,_BN,Brown,Apparel,Trousers,Woven,Viscose; Elastane; Wool; Polyester,,,39.99,/242/64/224947_BN_1,224947_BN_1.jpg,none,,,,,
225058_BL,225058,Dress TRENDY Blue,_BL,Blue,Apparel,Dress,Knit,Polyamide; Viscose,,,35.99,/242/64/225058_BL_1,225058_BL_1.jpg,none,,,,,
225058_WT,225058,Dress TRENDY White,_WT,White,Apparel,Dress,Knit,Viscose; Polyamide,,,35.99,/242/64/225058_WT_1,225058_WT_1.jpg,none,,,,,
200819_CA,200819,Boots LEATHER COWBOY BOOT Camel,_CA,Camel,Footwear,Boots,Leather,Cow Suede Leather; Polyester; Polyurethane; Polyurethane; Rubber,,,55.99,/232/53/200819_CA_1,200819_CA_1.jpg,none,,,,,
204965_GD,204965,Flat Shoes JUTE BICOLOR Gold,_GD,Gold,Footwear,Flat Shoes,Textile,Polyester; Polyester; Polyurethane; Polyurethane; Polyurethane; Rubber; Jute,,,19.99,/231/53/204965_GD_1,204965_GD_1.jpg,none,,,,,
206791_BK,206791,High Heel Sandals BLACK SANDAL HEEL Black,_BK,Black,Footwear,High Heel Sandals,PU,Polyurethane; Polyurethane; Polyurethane; Rubber,,,29.99,/231/53/206791_BK_1,206791_BK_1.jpg,none,,,,,
206791_SV,206791,High Heel Sandals SILVER SANDAL HEEL Silver,_SV,Silver,Footwear,High Heel Sandals,PU,Polyurethane; Polyurethane; Polyurethane; Rubber,,,29.99,/232/53/206791_SV_1,206791_SV_1.jpg,none,,,,,
207858_GD,207858,Flat Sandals FLAT SANDAL 2 KNOTS Gold,_GD,Gold,Footwear,Flat Sandals,PU,Polyurethane; Polyurethane; Polyurethane; Rubber,,,25.99,/232/53/207858_GD_1,207858_GD_1.jpg,none,,,,,
207912_BG,207912,Trainer Shoes SOFT NYLON RUNNING Beige,_BG,Beige,Footwear,Trainers,Textile,Polyester; Polyester; Polyester; Polyurethane; Rubber,,,35.99,/232/53/207912_BG_1,207912_BG_1.jpg,none,,,,,
207912_BK,207912,Trainer Shoes RUNNING NYLON BLACK Black,_BK,Black,Footwear,Trainers,Textile,Rubber; Polyester; Polyester; Polyester; Polyurethane,,,35.99,/232/53/207912_BK_1,207912_BK_1.jpg,none,,,,,
207912_DM,207912,Trainer Shoes SOFT NYLON RUNNING Dark Multicolor,_DM,Dark Multicolor,Footwear,Trainers,Textile,Polyester; Polyester; Polyester; Polyurethane; Rubber,,,35.99,/232/53/207912_DM_1,207912_DM_1.jpg,none,,,,,
207912_NU,207912,Trainer Shoes RUNNING NUDE&BURGUNDY Nude,_NU,Nude,Footwear,Trainers,Textile,Polyester; Polyester; Polyester; Polyurethane; Rubber,,,35.99,/232/53/207912_NU_1,207912_NU_1.jpg,none,,,,,
2082661FU,208266,Flat Sandals FUSCHIA STRAPPED SANDAL Fuchsia,1FU,Fuchsia,Footwear,Flat Sandals,Textile,Polyurethane; Polyurethane; Polyurethane; Rubber,,,25.99,/232/53/2082661FU_1,2082661FU_1.jpg,none,,,,,
208361_BG,208361,Flat Shoes MULE JUTE Beige,_BG,Beige,Footwear,Flat Shoes,Textile,Polyester; Polyester; Polyurethane; Polyurethane; Rubber; Jute,,,25.99,/232/53/208361_BG_1,208361_BG_1.jpg,none,,,,,
208361_KK,208361,Flat Shoes MULE JUTE Khaki,_KK,Khaki,Footwear,Flat Shoes,Textile,Polyester; Polyester; Polyurethane; Polyurethane; Rubber; Jute,,,25.99,/232/53/208361_KK_1,208361_KK_1.jpg,none,,,,,
209597_BK,209597,Flat Shoes BALLERINA GLITTER Black,_BK,Black,Footwear,Flat Shoes,PU,Polyester; Polyester; Polyurethane; Polyurethane; Polyurethane; Rubber,,,29.99,/232/53/209597_BK_1,209597_BK_1.jpg,none,,,,,
209820_BM,209820,Trainer Shoes RUNNING MULTICOLOR Bright Multicolor,_BM,Bright Multicolor,Footwear,Trainers,Textile,Polyester; Polyester; Polyester; Polyurethane; Rubber,,,39.99,/232/53/209820_BM_1,209820_BM_1.jpg,none,,,,,
209820_TU,209820,Trainer Shoes RUNNING TAUPE & BLACK Taupe,_TU,Taupe,Footwear,Trainers,Textile,Polyester; Polyester; Polyester; Polyurethane; Rubber,,,39.99,/232/53/209820_TU_1,209820_TU_1.jpg,none,,,,,
209936_BK,209936,High Heel Sandals SANDAL CRYSTALS Black,_BK,Black,Footwear,High Heel Sandals,PU,Polyester; Polyester; Polyurethane; Polyurethane; Rubber,,,35.99,/232/53/209936_BK_1,209936_BK_1.jpg,none,,,,,
210306_BK,210306,Flat Shoes FLAT SLINGBACK BLACK Black,_BK,Black,Footwear,Flat Shoes,PU,Polyurethane; Polyurethane; Polyurethane; Rubber; Polyester,,,25.99,/232/53/210306_BK_1,210306_BK_1.jpg,none,,,,,
210306_LB,210306,Flat Shoes FLAT SLINGBACK LIGHT BLUE Light Blue,_LB,Light Blue,Footwear,Flat Shoes,PU,Polyester; Polyurethane; Polyurethane; Polyurethane; Rubber,,,25.99,/232/53/210306_LB_1,210306_LB_1.jpg,none,,,,,
210306_OW,210306,Flat Shoes FLAT SLINGBACK OFF WHITE Off White,_OW,Off White,Footwear,Flat Shoes,PU,Polyester; Polyurethane; Polyurethane; Polyurethane; Rubber,,,25.99,/232/53/210306_OW_1,210306_OW_1.jpg,none,,,,,
2104501GD,210450,Flat Sandals GOLD TUBULAR SANDAL Gold,1GD,Gold,Footwear,Flat Sandals,PU,Polyurethane; Polyurethane; Polyurethane; Rubber,,,25.99,/232/53/2104501GD_2y,2104501GD_2y.jpg,none,,,,,
210450_GD,210450,Flat Sandals GOLD TUBULAR SANDAL Gold,_GD,Gold,Footwear,Flat Sandals,PU,Polyurethane; Polyurethane; Polyurethane; Rubber,,,25.99,/232/53/210450_GD_1,210450_GD_1.jpg,none,,,,,
210632_BK,210632,Boots BASIC HIGH BOOT Black,_BK,Black,Footwear,Boots,PU,Polyester; Polyester; Polyurethane; Polyurethane; Polyurethane; Rubber,,,59.99,/232/53/210632_BK_1,210632_BK_1.jpg,none,,,,,
210702_BK,210702,Ankle Boots LADY ANKLE BOOT BLACK Black,_BK,Black,Footwear,Ankle Boots,PU,Polyurethane; Polyurethane; Rubber; Polyester; Polyurethane,,,35.99,/232/53/210702_BK_1,210702_BK_1.jpg,none,,,,,
210736_BK,210736,Ankle Boots ANKLE BOOT W/ELASTIC Black,_BK,Black,Footwear,Ankle Boots,PU,Elastane; Polyester; Polyurethane; Polyurethane; Polyurethane; Rubber,,,45.99,/232/53/210736_BK_1,210736_BK_1.jpg,none,,,,,
211298_PM,211298,Trainer Shoes TRAINER COLORS SOFT Pastel Multicolor,_PM,Pastel Multicolor,Footwear,Trainers,Textile,Polyester; Polyurethane; Rubber; Polyester; Polyester,,,35.99,/232/53/211298_PM_1,211298_PM_1.jpg,none,,,,,
211348_RD,211348,High Heel Sandals SANDAL HEEL RED Red,_RD,Red,Footwear,High Heel Sandals,PU,Polyurethane; Polyurethane; Rubber; Polyurethane,,,32.99,/232/53/211348_RD_1,211348_RD_1.jpg,none,,,,,
211655_BK,211655,Trainer Shoes NYLON BLACK Black,_BK,Black,Footwear,Trainers,Textile,Polyester; Polyester; Polyester; Polyurethane; Rubber,,,32.99,/232/53/211655_BK_1,211655_BK_1.jpg,none,,,,,
211655_WT,211655,Trainer Shoes NYLON WHITE White,_WT,White,Footwear,Trainers,Textile,Polyester; Polyester; Polyester; Polyurethane; Rubber,,,32.99,/232/53/211655_WT_1,211655_WT_1.jpg,none,,,,,
211710_BK,211710,Ankle Boots LEATHER ANKLE BOOT Black,_BK,Black,Footwear,Ankle Boots,Leather,Cow Leather; Polyester; Polyurethane; Polyurethane; Rubber,,,59.99,/232/53/211710_BK_1,211710_BK_1.jpg,none,,,,,
212081_NU,212081,Ballerinas NUDE BOW BALLERINA Nude,_NU,Nude,Footwear,Ballerinas,PU,Polyester; Polyurethane; Rubber; Polyurethane; Polyurethane,,,19.99,/232/53/212081_NU_1,212081_NU_1.jpg,none,,,,,
212081_RD,212081,Ballerinas RED BOW BALLERINA Red,_RD,Red,Footwear,Ballerinas,PU,Rubber; Polyester; Polyurethane; Polyurethane; Polyurethane,,,19.99,/232/53/212081_RD_1,212081_RD_1.jpg,none,,,,,
212090_BK,212090,Ballerinas ZEBRA POINTED BALLERINA Black,_BK,Black,Footwear,Ballerinas,Leather,Cow Leather; Polyester; Polyurethane; Polyurethane; Polyurethane; Rubber,,,45.99,/232/53/212090_BK_1,212090_BK_1.jpg,none,,,,,
212722_GN,212722,Trainer Shoes GREEN BEIGE TRAINER Green,_GN,Green,Footwear,Trainers,Textile,Polyester; Polyester; Polyester; Polyurethane; Rubber,,,35.99,/232/53/212722_GN_1,212722_GN_1.jpg,none,,,,,
212722_PK,212722,Trainer Shoes PINK BEIGE TRAINER Pink,_PK,Pink,Footwear,Trainers,Textile,Polyester; Polyester; Polyester; Polyurethane; Rubber,,,35.99,/232/53/212722_PK_1,212722_PK_1.jpg,none,,,,,
213998_BG,213998,Ballerinas SNAKE BOW BALLERINA Beige,_BG,Beige,Footwear,Ballerinas,PU,Polyester; Polyurethane; Polyurethane; Polyurethane; Rubber,,,22.99,/232/53/213998_BG_1,213998_BG_1.jpg,none,,,,,
214476_BK,214476,Ankle Boots ANKLE BOOT KITTEN Black,_BK,Black,Footwear,Ankle Boots,PU,Polyester; Polyurethane; Polyurethane; Polyurethane; Rubber,,,39.99,/232/53/214476_BK_1,214476_BK_1.jpg,none,,,,,
214476_RD,214476,Ankle Boots ANKLE BOOT KITTEN Red,_RD,Red,Footwear,Ankle Boots,PU,Polyester; Polyurethane; Polyurethane; Polyurethane; Rubber,,,39.99,/241/53/214476_RD_1,214476_RD_1.jpg,none,,,,,
214486_BG,214486,Ankle Boots COWBOY LEATHER Beige,_BG,Beige,Footwear,Ankle Boots,Leather,Cow Suede Leather; Polyester; Polyurethane; Polyurethane; Rubber,,,59.99,/241/53/214486_BG_1,214486_BG_1.jpg,none,,,,,
215317_GY,215317,Trainer Shoes RUNNING MULTICOLOR Grey,_GY,Grey,Footwear,Trainers,Textile,Polyester; Polyester; Polyester; Polyurethane; Rubber,,,39.99,/241/53/215317_GY_1,215317_GY_1.jpg,none,,,,,
215317_KK,215317,Trainer Shoes RUNNING KHAKI Khaki,_KK,Khaki,Footwear,Trainers,Textile,Polyester; Polyester; Polyester; Polyurethane; Rubber,,,39.99,/241/53/215317_KK_1,215317_KK_1.jpg,none,,,,,
215317_PU,215317,Trainer Shoes RUNNING MULTICOLOR Purple,_PU,Purple,Footwear,Trainers,Textile,Polyester; Polyester; Polyester; Polyurethane; Rubber,,,39.99,/241/53/215317_PU_1,215317_PU_1.jpg,none,,,,,
215332_BK,215332,Ankle Boots COWBOY LEATHER Black,_BK,Black,Footwear,Ankle Boots,Leather,Cow Leather; Polyester; Polyurethane; Polyurethane; Rubber,,,59.99,/241/53/215332_BK_1,215332_BK_1.jpg,none,,,,,
215566_BK,215566,Ankle Boots MILITAR LACES BOOT Black,_BK,Black,Footwear,Ankle Boots,PU,Polyester; Polyurethane; Polyurethane; Polyurethane; Rubber,,,45.99,/241/53/215566_BK_1,215566_BK_1.jpg,none,,,,,
215675_BK,215675,Trainer Shoes NYLON BLACK Black,_BK,Black,Footwear,Trainers,Textile,Polyester; Polyester; Polyester; Polyurethane; Rubber,,,32.99,/241/53/215675_BK_1,215675_BK_1.jpg,none,,,,,
216062_BK,216062,Trainer Shoes RUNNING NIGHT Black,_BK,Black,Footwear,Trainers,PU,Polyester; Polyurethane; Rubber; Polyester; Polyester,,,35.99,/241/53/216062_BK_1,216062_BK_1.jpg,none,,,,,
217134_BG,217134,Trainer Shoes TRAINER BEIGE Beige,_BG,Beige,Footwear,Trainers,PU,Polyester; Polyester; Polyurethane; Rubber,,,29.99,/241/53/217134_BG_1,217134_BG_1.jpg,none,,,,,
217134_WT,217134,Trainer Shoes TRAINER WHITE White,_WT,White,Footwear,Trainers,PU,Polyester; Polyester; Polyurethane; Rubber,,,29.99,/241/53/217134_WT_1,217134_WT_1.jpg,none,,,,,
217143_NU,217143,High Heel Shoes EMAN Nude,_NU,Nude,Footwear,High Heel Shoes,PU,Polyurethane; Polyurethane; Polyurethane; Rubber; Thermoplastic Polyurethane,,,39.99,/241/53/217143_NU_1,217143_NU_1.jpg,none,,,,,
217228_SV,217228,Flat Sandals EMAN Silver,_SV,Silver,Footwear,Flat Sandals,Textile,Polyester; Polyurethane; Polyurethane; Rubber,,,29.99,/241/53/217228_SV_1,217228_SV_1.jpg,none,,,,,
217547_BG,217547,Trainer Shoes TRAINER BEIGE&LIME Beige,_BG,Beige,Footwear,Trainers,Textile,Polyester; Polyester; Polyester; Polyurethane; Rubber,,,32.99,/241/53/217547_BG_1,217547_BG_1.jpg,none,,,,,
217547_SV,217547,Trainer Shoes TRAINER SOFT SILVER Silver,_SV,Silver,Footwear,Trainers,Textile,Polyester; Polyester; Polyester; Polyurethane; Rubber,,,32.99,/241/53/217547_SV_1,217547_SV_1.jpg,none,,,,,
218014_BK,218014,High Heel Sandals BLACK SANDAL HEEL Black,_BK,Black,Footwear,High Heel Sandals,PU,Polyurethane; Polyurethane; Polyurethane; Rubber,,,29.99,/241/53/218014_BK_1,218014_BK_1.jpg,none,,,,,
218050_KK,218050,Flat Shoes LEATHER FLAT JUTE Khaki,_KK,Khaki,Footwear,Flat Shoes,Leather,Cotton; Cow Suede Leather; Polyester; Polyurethane; Polyurethane; Rubber; Jute,,,32.99,/241/53/218050_KK_1,218050_KK_1.jpg,none,,,,,
218072_BG,218072,Flat Shoes LEATHER FLAT JUTE Beige,_BG,Beige,Footwear,Flat Shoes,Leather,Cotton; Cow Suede Leather; Polyurethane; Polyurethane; Polyurethane; Rubber; Jute,,,32.99,/241/53/218072_BG_1,218072_BG_1.jpg,none,,,,,
218171_BK,218171,High Heel Sandals WEDGE JUTE BLACK Black,_BK,Black,Footwear,High Heel Sandals,Textile,Polyurethane; Polyurethane; Polyurethane; Rubber; Cotton; Cotton; Linen; Linen,,,32.99,/241/53/218171_BK_1,218171_BK_1.jpg,none,,,,,
218171_GD,218171,High Heel Sandals WEDGE JUTE GOLD Gold,_GD,Gold,Footwear,High Heel Sandals,Textile,Cotton; Cotton; Linen; Linen; Polyester; Polyester; Polyurethane; Polyurethane; Polyurethane; Rubber,,,32.99,/241/53/218171_GD_1,218171_GD_1.jpg,none,,,,,
218281_BK,218281,Flat Sandals CANGREJERA Black,_BK,Black,Footwear,Flat Sandals,PU,Polyurethane; Polyurethane; Polyurethane; Rubber,,,29.99,/241/53/218281_BK_1,218281_BK_1.jpg,none,,,,,
218281_OW,218281,Flat Sandals CANGREJERA Off White,_OW,Off White,Footwear,Flat Sandals,PU,Rubber; Polyurethane; Polyurethane; Polyurethane,,,29.99,/241/53/218281_OW_1,218281_OW_1.jpg,none,,,,,
218290_SV,218290,Ballerinas BALLERINA MARY-JANE SILVE Silver,_SV,Silver,Footwear,Ballerinas,PU,Polyester; Polyurethane; Polyurethane; Polyurethane; Rubber,,,25.99,/241/53/218290_SV_1,218290_SV_1.jpg,none,,,,,
218497_BG,218497,High Heel Sandals WEDGE JUTE Beige,_BG,Beige,Footwear,High Heel Sandals,Textile,Polyester; Polyester; Polyester; Polyurethane; Rubber,,,35.99,/241/53/218497_BG_1,218497_BG_1.jpg,none,,,,,
218497_CA,218497,High Heel Sandals WEDGE JUTE Camel,_CA,Camel,Footwear,High Heel Sandals,Textile,Polyester; Polyester; Polyester; Polyurethane; Rubber,,,35.99,/241/53/218497_CA_1,218497_CA_1.jpg,none,,,,,
218599_CA,218599,High Heel Sandals CAMEL WEDGE JUTE Camel,_CA,Camel,Footwear,High Heel Sandals,PU,Polyurethane; Polyurethane; Polyurethane; Rubber,,,35.99,/241/53/218599_CA_1,218599_CA_1.jpg,none,,,,,
218841_BK,218841,Flat Sandals BASIC FLAT SANDALS Black,_BK,Black,Footwear,Flat Sandals,PU,Polyurethane; Polyurethane; Thermoplastic Polyurethane; Thermoplastic Polyurethane; Thermoplastic Polyurethane,,,17.99,/241/53/218841_BK_1,218841_BK_1.jpg,none,,,,,
218841_CA,218841,Flat Sandals BASIC FLAT SANDALS Camel,_CA,Camel,Footwear,Flat Sandals,PU,Polyurethane; Polyurethane; Thermoplastic Polyurethane; Thermoplastic Polyurethane; Thermoplastic Polyurethane,,,17.99,/241/53/218841_CA_1,218841_CA_1.jpg,none,,,,,
218841_OW,218841,Flat Sandals BASIC FLAT SANDALS Off White,_OW,Off White,Footwear,Flat Sandals,PU,Polyurethane; Polyurethane; Thermoplastic Polyurethane; Thermoplastic Polyurethane; Thermoplastic Polyurethane,,,17.99,/241/53/218841_OW_1,218841_OW_1.jpg,none,,,,,
219337_EC,219337,Flat Sandals MADEIRA Ecru,_EC,Ecru,Footwear,Flat Sandals,Textile,Cotton; Cotton; Cotton; Polyester; Polyester; Rubber,,,32.99,/241/53/219337_EC_1,219337_EC_1.jpg,none,,,,,
219522_EC,219522,Ballerinas MADEIRA Ecru,_EC,Ecru,Footwear,Ballerinas,Textile,Cotton; Cotton; Polyester; Polyester; Rubber,,,35.99,/241/53/219522_EC_1,219522_EC_1.jpg,none,,,,,
219738_GD,219738,High Heel Sandals SANDAL STRAPS Gold,_GD,Gold,Footwear,High Heel Sandals,PU,Polyurethane; Polyurethane; Polyurethane; Rubber,,,29.99,/241/53/219738_GD_1,219738_GD_1.jpg,none,,,,,
219738_PK,219738,High Heel Sandals SANDAL STRAPS Pink,_PK,Pink,Footwear,High Heel Sandals,PU,Polyurethane; Polyurethane; Polyurethane; Rubber,,,29.99,/241/53/219738_PK_1,219738_PK_1.jpg,none,,,,,
219798_CA,219798,Flat Sandals LEATHER SANDAL Camel,_CA,Camel,Footwear,Flat Sandals,Leather,Cow Leather; Polyurethane; Polyurethane; Rubber,,,32.99,/242/53/219798_CA_1,219798_CA_1.jpg,none,,,,,
220189_BG,220189,Ballerinas MADEIRA Beige,_BG,Beige,Footwear,Ballerinas,Leather,Cow Leather; Cow Leather; Cow Suede Leather; Rubber,,,39.99,/241/53/220189_BG_1,220189_BG_1.jpg,none,,,,,
220189_RD,220189,Ballerinas MADEIRA Red,_RD,Red,Footwear,Ballerinas,Leather,Cow Leather; Cow Leather; Cow Suede Leather; Rubber,,,39.99,/241/53/220189_RD_1,220189_RD_1.jpg,none,,,,,
220353_BK,220353,Flat Sandals FLATFORM SANDAL Black,_BK,Black,Footwear,Flat Sandals,PU,Polyurethane; Polyurethane; Polyurethane; Rubber,,,29.99,/241/53/220353_BK_1,220353_BK_1.jpg,none,,,,,
220419_BK,220419,High Heel Sandals WEDGE JUTE Black,_BK,Black,Footwear,High Heel Sandals,Textile,Cotton; Cotton; Linen; Linen; Polyurethane; Polyurethane; Polyurethane; Rubber,,,35.99,/242/53/220419_BK_1,220419_BK_1.jpg,none,,,,,
220419_GY,220419,High Heel Sandals WEDGE JUTE Grey,_GY,Grey,Footwear,High Heel Sandals,Textile,Cotton; Cotton; Linen; Linen; Polyurethane; Polyurethane; Polyurethane; Rubber,,,35.99,/242/53/220419_GY_1,220419_GY_1.jpg,none,,,,,
220752_BK,220752,High Heel Sandals BLACK WEDGE JUTE Black,_BK,Black,Footwear,High Heel Sandals,PU,Polyurethane; Polyurethane; Polyurethane; Thermoplastic Rubber,,,35.99,/242/53/220752_BK_1,220752_BK_1.jpg,none,,,,,
220927_TU,220927,Flat Shoes LACE-UP FLAT JUTE Taupe,_TU,Taupe,Footwear,Flat Shoes,Textile,Cotton; Cotton; Linen; Polyester; Polyurethane; Polyurethane; Jute; Thermoplastic Rubber,,,29.99,/242/53/220927_TU_1,220927_TU_1.jpg,none,,,,,
222299_GD,222299,Trainer Shoes RUNNING GOLD Gold,_GD,Gold,Footwear,Trainers,Textile,Polyester; Polyester; Polyester; Polyurethane; Rubber,,,32.99,/242/53/222299_GD_1,222299_GD_1.jpg,none,,,,,
222299_RG,222299,Trainer Shoes RUNNING ROSE GOLD Rose Gold,_RG,Rose Gold,Footwear,Trainers,Textile,Polyester; Polyester; Polyester; Polyurethane; Rubber,,,32.99,/242/53/222299_RG_1,222299_RG_1.jpg,none,,,,,
222373_BG,222373,Trainer Shoes RUNNING BEIGE Beige,_BG,Beige,Footwear,Trainers,Textile,Polyester; Polyester; Polyester; Polyurethane; Rubber,,,32.99,/242/53/222373_BG_1,222373_BG_1.jpg,none,,,,,
222479_EC,222479,Flat Shoes BALLERINA SLINGBACK Ecru,_EC,Ecru,Footwear,Flat Shoes,PU,Polyester; Polyurethane; Polyurethane; Polyurethane; Rubber,,,25.99,/242/53/222479_EC_1,222479_EC_1.jpg,none,,,,,
222479_SV,222479,Flat Shoes BALLERINA SLINGBACK Silver,_SV,Silver,Footwear,Flat Shoes,PU,Polyester; Polyurethane; Polyurethane; Polyurethane; Rubber,,,25.99,/242/53/222479_SV_1,222479_SV_1.jpg,none,,,,,
222701_EC,222701,Ballerinas SLINGBACK LEATHER Ecru,_EC,Ecru,Footwear,Ballerinas,Leather,Cow Leather; Polyester; Polyurethane; Polyurethane; Rubber,,,35.99,/242/53/222701_EC_1,222701_EC_1.jpg,none,,,,,
222727_BG,222727,Flat Shoes LEATHER MOCASSIN Beige,_BG,Beige,Footwear,Flat Shoes,Leather,Cow Suede Leather; Polyester; Polyurethane; Polyurethane; Rubber,,,39.99,/242/53/222727_BG_1,222727_BG_1.jpg,none,,,,,
222735_GN,222735,Trainer Shoes TRAINER WHITE Green,_GN,Green,Footwear,Trainers,PU,Cow Leather; Polyester; Polyurethane; Polyurethane; Polyurethane; Thermoplastic Rubber,,,39.99,/242/53/222735_GN_1,222735_GN_1.jpg,none,,,,,
222735_RD,222735,Trainer Shoes TRAINER WHITE Red,_RD,Red,Footwear,Trainers,PU,Cow Leather; Polyester; Polyurethane; Polyurethane; Polyurethane; Thermoplastic Rubber,,,39.99,/242/53/222735_RD_1,222735_RD_1.jpg,none,,,,,
222860_CH,222860,Ballerinas STUDS BALLERINA Chocolate,_CH,Chocolate,Footwear,Ballerinas,Leather,Cow Suede Leather; Polyester; Polyurethane; Polyurethane; Thermoplastic Polyurethane,,,39.99,/242/53/222860_CH_1,222860_CH_1.jpg,none,,,,,
223404_LL,223404,Trainer Shoes NYLON PASTEL Lilac,_LL,Lilac,Footwear,Trainers,Textile,Polyester; Polyester; Polyester; Polyurethane; Thermoplastic Rubber,,,35.99,/242/53/223404_LL_1,223404_LL_1.jpg,none,,,,,
223404_MT,223404,Trainer Shoes NYLON PASTEL Mint,_MT,Mint,Footwear,Trainers,Textile,Thermoplastic Rubber; Polyester; Polyester; Polyester; Polyurethane,,,35.99,/242/53/223404_MT_1,223404_MT_1.jpg,none,,,,,
223404_YL,223404,Trainer Shoes NYLON PASTEL Yellow,_YL,Yellow,Footwear,Trainers,Textile,Polyester; Polyester; Polyester; Polyurethane; Thermoplastic Rubber,,,35.99,/242/53/223404_YL_1,223404_YL_1.jpg,none,,,,,
223632_CA,223632,High Heel Sandals CAMEL WEDGE SANDAL Camel,_CA,Camel,Footwear,High Heel Sandals,Leather,Rubber; Polyurethane; Polyurethane; Cow Leather,,,45.99,/242/53/223632_CA_1,223632_CA_1.jpg,none,,,,,
223635_BK,223635,Ballerinas VELVET BALLERINA Black,_BK,Black,Footwear,Ballerinas,Textile,Polyester; Rubber; Polyester; Polyester,,,29.99,/242/53/223635_BK_1,223635_BK_1.jpg,none,,,,,
223635_BN,223635,Ballerinas VELVET BALLERINA Brown,_BN,Brown,Footwear,Ballerinas,Textile,Polyester; Polyester; Rubber; Polyester,,,29.99,/242/53/223635_BN_1,223635_BN_1.jpg,none,,,,,
223635_GY,223635,Ballerinas VELVET BALLERINA Grey,_GY,Grey,Footwear,Ballerinas,Textile,Polyester; Polyester; Polyester; Rubber,,,29.99,/242/53/223635_GY_1,223635_GY_1.jpg,none,,,,,
223635_NV,223635,Ballerinas VELVET BALLERINA Navy,_NV,Navy,Footwear,Ballerinas,Textile,Polyester; Rubber; Polyester; Polyester,,,29.99,/242/53/223635_NV_1,223635_NV_1.jpg,none,,,,,
223648_CA,223648,Ankle Boots FUR BOOTIE Camel,_CA,Camel,Footwear,Ankle Boots,Textile,Polyester; Polyester; Rubber; Polyester,,,29.99,/242/53/223648_CA_1,223648_CA_1.jpg,none,,,,,
223671_BK,223671,Ankle Boots LEATHER BOOTIE Black,_BK,Black,Footwear,Ankle Boots,Leather,Polyurethane; Cow Suede Leather; Rubber; Polyester; Polyurethane,,,59.99,/242/53/223671_BK_1,223671_BK_1.jpg,none,,,,,
223671_TU,223671,Ankle Boots LEATHER BOOTIE Taupe,_TU,Taupe,Footwear,Ankle Boots,Leather,Polyurethane; Polyester; Rubber; Cow Suede Leather; Polyurethane,,,59.99,/242/53/223671_TU_1,223671_TU_1.jpg,none,,,,,
223712_BK,223712,Boots LEATHER BOOT Black,_BK,Black,Footwear,Boots,Leather,Polyester; Rubber; Polyurethane; Polyurethane; Cow Leather,,,99.99,/242/53/223712_BK_1,223712_BK_1.jpg,none,,,,,
224135_BK,224135,Boots RUBBER BOOT Black,_BK,Black,Footwear,Boots,PU,Polyurethane; Polyester; Polyurethane; Polyurethane; Rubber,,,55.99,/242/53/224135_BK_1,224135_BK_1.jpg,none,,,,,
224422_BK,224422,Ankle Boots EYELETS ANKLE BOOT Black,_BK,Black,Footwear,Ankle Boots,PU,Rubber; Polyurethane; Polyurethane; Polyurethane; Polyester,,,49.99,/242/53/224422_BK_1,224422_BK_1.jpg,none,,,,,
224529_BK,224529,Ankle Boots BLACK COWBOY BOOT Black,_BK,Black,Footwear,Ankle Boots,PU,Polyurethane; Polyester; Polyurethane; Rubber; Polyurethane,,,45.99,/242/53/224529_BK_1,224529_BK_1.jpg,none,,,,,
206395_BG,206395,Crossbody Bag PEPPER Beige,_BG,Beige,Hand Bag,Cross,Fantasy Fabric,Cotton; Polyester; Polyester; Polyurethane; Polyurethane,,,25.99,/231/54/206395_BG_1,206395_BG_1.jpg,none,,,,,
206395_CL,206395,Crossbody Bag PEPPER Coral,_CL,Coral,Hand Bag,Cross,Fantasy Fabric,Cotton; Polyester; Polyester; Polyurethane; Polyurethane,,,25.99,/231/54/206395_CL_1,206395_CL_1.jpg,none,,,,,
208145_JN,208145,Backpack BEACH Blue Jeans,_JN,Blue Jeans,Hand Bag,Backpack,Denim,Cotton; Polyester; Polyurethane,,,19.99,/232/54/208145_JN_1,208145_JN_1.jpg,none,,,,,
208148_BK,208148,Backpack BEACH Black,_BK,Black,Hand Bag,Backpack,Plain PU,Acrylic; Polyester; Polyurethane; Thermoplastic Polyurethane; Zinc,,,23.99,/232/54/208148_BK_1,208148_BK_1.jpg,none,,,,,
208148_EC,208148,Backpack BEACH Ecru,_EC,Ecru,Hand Bag,Backpack,Plain PU,Acrylic; Polyester; Polyurethane; Thermoplastic Polyurethane; Zinc,,,23.99,/232/54/208148_EC_1,208148_EC_1.jpg,none,,,,,
208611_BK,208611,Sac GRACE Black,_BK,Black,Hand Bag,Sac,Plain PU,Linen; Polyester; Polyurethane; Polyurethane,,,23.99,/232/54/208611_BK_1,208611_BK_1.jpg,none,,,,,
208611_CA,208611,Sac GRACE Camel,_CA,Camel,Hand Bag,Sac,Plain PU,Linen; Polyester; Polyurethane; Polyurethane,,,23.99,/232/54/208611_CA_1,208611_CA_1.jpg,none,,,,,
208611_EC,208611,Sac GRACE Ecru,_EC,Ecru,Hand Bag,Sac,Plain PU,Polyester; Polyester; Polyurethane; Polyurethane,,,23.99,/232/54/208611_EC_1,208611_EC_1.jpg,none,,,,,
208611_KK,208611,Sac GRACE Khaki,_KK,Khaki,Hand Bag,Sac,Plain PU,Linen; Polyester; Polyurethane; Polyurethane,,,23.99,/232/54/208611_KK_1,208611_KK_1.jpg,none,,,,,
208611_LL,208611,Sac GRACE Lilac,_LL,Lilac,Hand Bag,Sac,Plain PU,Linen; Polyester; Polyurethane; Polyurethane,,,23.99,/232/54/208611_LL_1,208611_LL_1.jpg,none,,,,,
208611_NV,208611,Sac GRACE Navy,_NV,Navy,Hand Bag,Sac,Plain PU,Linen; Polyester; Polyurethane; Polyurethane,,,23.99,/232/54/208611_NV_1,208611_NV_1.jpg,none,,,,,
208691_WT,208691,Shoulder Bag JOLY2 White,_WT,White,Hand Bag,Shoulder Bag,Fantasy PU,Polyester; Polyurethane; Polyurethane,,,27.99,/232/54/208691_WT_1,208691_WT_1.jpg,none,,,,,
208709_GN,208709,Tote Bag JOLY1 Green,_GN,Green,Hand Bag,Tote,Fantasy PU,Polyester; Polyurethane; Polyurethane,,,19.99,/232/54/208709_GN_1,208709_GN_1.jpg,none,,,,,
208709_SV,208709,Tote Bag JOLY1 Silver,_SV,Silver,Hand Bag,Tote,Fantasy PU,Polyester; Polyurethane; Polyurethane,,,19.99,/232/54/208709_SV_1,208709_SV_1.jpg,none,,,,,
209065_BL,209065,Backpack GARDEN Blue,_BL,Blue,Hand Bag,Backpack,Printed PU,Polyurethane; Polyurethane; Polyester; Polyester,,,25.99,/232/54/209065_BL_1,209065_BL_1.jpg,none,,,,,
209441_SW,209441,Crossbody Bag SOLAR Straw,_SW,Straw,Hand Bag,Cross,Paper straw,Linen; Paper; Polyurethane; Polyurethane,,,23.99,/232/54/209441_SW_1,209441_SW_1.jpg,none,,,,,
209505_SW,209505,Tote Bag BLANCA Straw,_SW,Straw,Hand Bag,Tote,Paper straw,Cotton; Iron; Linen; Paper; Polyester; Polyurethane; Polyurethane; Wood,,,27.99,/232/54/209505_SW_1,209505_SW_1.jpg,none,,,,,
209525_WT,209525,Backpack GLICINIA White,_WT,White,Hand Bag,Backpack,Plain PU,Polyester; Polyurethane; Polyurethane,,,25.99,/232/54/209525_WT_1,209525_WT_1.jpg,none,,,,,
209558_GN,209558,Crossbody Bag GLICINIA Green,_GN,Green,Hand Bag,Cross,Plain PU,Polyester; Polyurethane; Polyurethane,,,23.99,/232/54/209558_GN_1,209558_GN_1.jpg,none,,,,,
209722_KK,209722,Shoulder Bag NET2 Khaki,_KK,Khaki,Hand Bag,Shoulder Bag,Nylon,Polyester; Polyester; Polyurethane; Polyurethane,,,25.99,/232/54/209722_KK_1,209722_KK_1.jpg,none,,,,,
209722_LM,209722,Shoulder Bag NET2 Lime,_LM,Lime,Hand Bag,Shoulder Bag,Nylon,Polyamide; Polyester; Polyurethane; Polyurethane,,,25.99,/232/54/209722_LM_1,209722_LM_1.jpg,none,,,,,
209722_WT,209722,Shoulder Bag NET2 White,_WT,White,Hand Bag,Shoulder Bag,Nylon,Polyamide; Polyester; Polyurethane; Polyurethane,,,25.99,/232/54/209722_WT_1,209722_WT_1.jpg,none,,,,,
209729_BK,209729,Tote Bag NET3 Black,_BK,Black,Hand Bag,Tote,Plain PU,Polyester; Polyurethane; Polyurethane,,,27.99,/232/54/209729_BK_1,209729_BK_1.jpg,none,,,,,
209729_WT,209729,Tote Bag NET3 White,_WT,White,Hand Bag,Tote,Plain PU,Polyester; Polyurethane; Polyurethane,,,27.99,/232/54/209729_WT_1,209729_WT_1.jpg,none,,,,,
209732_BK,209732,Crossbody Bag NET1 Black,_BK,Black,Hand Bag,Cross,Peach PU,Polyester; Polyurethane; Polyurethane; Thermoplastic Polyurethane; Aluminium; Polyester,,,27.99,/232/54/209732_BK_1,209732_BK_1.jpg,none,,,,,
210028_GN,210028,Shopper Bag NET2 Green,_GN,Green,Hand Bag,Shopper,Fantasy Fabric,Polyester; Polypropylene; Polyethylene,,,19.99,/232/54/210028_GN_1,210028_GN_1.jpg,none,,,,,
210054_CL,210054,Crossbody Bag MIK Coral,_CL,Coral,Hand Bag,Cross,Fake Nylon,Polyester; Polyester; Polyurethane,,,25.99,/232/54/210054_CL_1,210054_CL_1.jpg,none,,,,,
210054_EC,210054,Crossbody Bag MIK Ecru,_EC,Ecru,Hand Bag,Cross,Fake Nylon,Polyester; Polyester; Polyurethane,,,25.99,/232/54/210054_EC_1,210054_EC_1.jpg,none,,,,,
210054_TU,210054,Crossbody Bag MIK Taupe,_TU,Taupe,Hand Bag,Cross,Fake Nylon,Polyester; Polyester; Polyurethane,,,25.99,/232/54/210054_TU_1,210054_TU_1.jpg,none,,,,,
210443_BK,210443,Sac LAPELE Black,_BK,Black,Hand Bag,Sac,Leather,Cow Leather; Cow Leather; Polyester,,,79.99,/232/54/210443_BK_1,210443_BK_1.jpg,none,,,,,
210443_CA,210443,Sac LAPELE Camel,_CA,Camel,Hand Bag,Sac,Leather,Cow Leather; Cow Leather; Polyester,,,79.99,/232/54/210443_CA_1,210443_CA_1.jpg,none,,,,,
210443_EC,210443,Sac LAPELE Ecru,_EC,Ecru,Hand Bag,Sac,Leather,Cow Leather; Cow Leather; Polyester,,,79.99,/232/54/210443_EC_1,210443_EC_1.jpg,none,,,,,
210443_LM,210443,Sac LAPELE Lime,_LM,Lime,Hand Bag,Sac,Leather,Polyester; Cow Leather; Cow Leather,,,79.99,/232/54/210443_LM_1,210443_LM_1.jpg,none,,,,,
210443_SV,210443,Sac LAPELE Silver,_SV,Silver,Hand Bag,Sac,Leather,Cow Leather; Cow Leather; Polyester,,,79.99,/232/54/210443_SV_1,210443_SV_1.jpg,none,,,,,
210550_BK,210550,Shopper Bag DOVE2 Black,_BK,Black,Hand Bag,Shopper,Plain PU,Polyurethane; Polyurethane,,,25.99,/231/54/210550_BK_1,210550_BK_1.jpg,none,,,,,
210550_BL,210550,Shopper Bag DOVE2 Blue,_BL,Blue,Hand Bag,Shopper,Plain PU,Polyurethane; Polyurethane,,,25.99,/231/54/210550_BL_1,210550_BL_1.jpg,none,,,,,
210550_EC,210550,Shopper Bag DOVE2 Ecru,_EC,Ecru,Hand Bag,Shopper,Plain PU,Polyurethane; Polyurethane,,,25.99,/231/54/210550_EC_1,210550_EC_1.jpg,none,,,,,
210550_TU,210550,Shopper Bag DOVE2 Taupe,_TU,Taupe,Hand Bag,Shopper,Plain PU,Polyurethane; Polyurethane,,,25.99,/231/54/210550_TU_1,210550_TU_1.jpg,none,,,,,
210753_MM,210753,Crossbody Bag LACY Metallic Multicolor,_MM,Metallic Multicolor,Hand Bag,Cross,Mesh,Aluminium; Polyester,,,29.99,/232/54/210753_MM_1,210753_MM_1.jpg,none,,,,,
210788_CA,210788,Shoulder Bag SURFING Camel,_CA,Camel,Hand Bag,Shoulder Bag,Padded Peach PU,Polyester; Polyurethane; Polyurethane,,,25.99,/232/54/210788_CA_1,210788_CA_1.jpg,none,,,,,
210788_EC,210788,Shoulder Bag SURFING Ecru,_EC,Ecru,Hand Bag,Shoulder Bag,Padded Peach PU,Polyester; Polyurethane; Polyurethane,,,25.99,/232/54/210788_EC_1,210788_EC_1.jpg,none,,,,,
210788_KK,210788,Shoulder Bag SURFING Khaki,_KK,Khaki,Hand Bag,Shoulder Bag,Padded Peach PU,Polyester; Polyurethane; Polyurethane,,,25.99,/232/54/210788_KK_1,210788_KK_1.jpg,none,,,,,
210792_EC,210792,Sac SURFING Ecru,_EC,Ecru,Hand Bag,Sac,Printed Nylon,Polyester; Polyester; Polyurethane,,,32.99,/232/54/210792_EC_1,210792_EC_1.jpg,none,,,,,
210792_NV,210792,Sac SURFING Navy,_NV,Navy,Hand Bag,Sac,Printed Nylon,Polyester; Polyester; Polyurethane,,,32.99,/232/54/210792_NV_1,210792_NV_1.jpg,none,,,,,
210884_BK,210884,Shopper Bag AUGUSTO1 Black,_BK,Black,Hand Bag,Shopper,Fantasy PU,Acrylic; Polyester; Polyester; Polyester; Polyurethane,,,23.99,/232/54/210884_BK_1,210884_BK_1.jpg,none,,,,,
210884_BL,210884,Shopper Bag AUGUSTO1 Blue,_BL,Blue,Hand Bag,Shopper,Fantasy PU,Acrylic; Polyester; Polyester; Polyester; Polyurethane,,,23.99,/232/54/210884_BL_1,210884_BL_1.jpg,none,,,,,
210884_KK,210884,Shopper Bag AUGUSTO1 Khaki,_KK,Khaki,Hand Bag,Shopper,Fantasy PU,Acrylic; Polyester; Polyester; Polyester; Polyurethane,,,23.99,/232/54/210884_KK_1,210884_KK_1.jpg,none,,,,,
210884_PU,210884,Shopper Bag AUGUSTO1 Purple,_PU,Purple,Hand Bag,Shopper,Fantasy PU,Polyester; Polyester; Polyurethane; Acrylic; Polyester,,,23.99,/232/54/210884_PU_1,210884_PU_1.jpg,none,,,,,
210890_BM,210890,Crossbody Bag AUGUSTO1 Bright Multicolor,_BM,Bright Multicolor,Hand Bag,Cross,Printed Nylon,Polyester; Polyester; Polyurethane,,,27.99,/232/54/210890_BM_1,210890_BM_1.jpg,none,,,,,
210924_BK,210924,Backpack AUBREY 1 Black,_BK,Black,Hand Bag,Backpack,Nylon,Acrylic; Cotton; Polyester; Polyester; Polyurethane; Polyurethane; Zinc,,,25.99,/232/54/210924_BK_1,210924_BK_1.jpg,none,,,,,
210924_EC,210924,Backpack AUBREY 1 Ecru,_EC,Ecru,Hand Bag,Backpack,Nylon,Acrylic; Cotton; Polyester; Polyester; Polyurethane; Polyurethane; Zinc,,,25.99,/232/54/210924_EC_1,210924_EC_1.jpg,none,,,,,
210924_KK,210924,Backpack AUBREY 1 Khaki,_KK,Khaki,Hand Bag,Backpack,Nylon,Acrylic; Cotton; Polyester; Polyester; Polyurethane; Polyurethane; Zinc,,,25.99,/232/54/210924_KK_1,210924_KK_1.jpg,none,,,,,
210952_BK,210952,Crossbody Bag AUBREY 2 Black,_BK,Black,Hand Bag,Cross,Fake Nylon,Polyester; Polyester; Polyurethane,,,25.99,/232/54/210952_BK_1,210952_BK_1.jpg,none,,,,,
210952_EC,210952,Crossbody Bag AUBREY 2 Ecru,_EC,Ecru,Hand Bag,Cross,Fake Nylon,Polyester; Polyester; Polyurethane,,,25.99,/232/54/210952_EC_1,210952_EC_1.jpg,none,,,,,
210971_PU,210971,Lunch Bag AUBREY 1 Purple,_PU,Purple,Hand Bag,Lunch Bag,Nylon,Polyester; Polyester; Polyurethane; Thermoplastic Polyurethane,,,19.99,/232/54/210971_PU_1,210971_PU_1.jpg,none,,,,,
211225_RD,211225,Tote Bag BLOOMING Red,_RD,Red,Hand Bag,Tote,Plain PU,Polyester; Polyester; Polyurethane; Polyurethane,,,25.99,/232/54/211225_RD_1,211225_RD_1.jpg,none,,,,,
211234_EC,211234,Crossbody Bag BLOOMING Ecru,_EC,Ecru,Hand Bag,Cross,Plain PU,Polyester; Polyester; Polyurethane; Polyurethane,,,25.99,/232/54/211234_EC_1,211234_EC_1.jpg,none,,,,,
211297_BK,211297,Tote Bag POWER Black,_BK,Black,Hand Bag,Tote,Plain PU,Polyester; Polyester; Polyurethane; Polyurethane,,,23.99,/232/54/211297_BK_1,211297_BK_1.jpg,none,,,,,
211297_IV,211297,Tote Bag POWER Ivory,_IV,Ivory,Hand Bag,Tote,Plain PU,Polyester; Polyester; Polyurethane; Polyurethane,,,23.99,/232/54/211297_IV_1,211297_IV_1.jpg,none,,,,,
211330_NV,211330,Lunch Bag BLOOMING Navy,_NV,Navy,Hand Bag,Lunch Bag,Printed Fake Nylon,Polyester; Polyethylene Terephthalate; Polyurethane,,,19.99,/232/54/211330_NV_1,211330_NV_1.jpg,none,,,,,
211339_BM,211339,Sac MAXI MAY Bright Multicolor,_BM,Bright Multicolor,Hand Bag,Sac,Plain Fabric,Polyester; Silk,,,29.99,/231/54/211339_BM_1,211339_BM_1.jpg,none,,,,,
211429_FU,211429,Shoulder Bag FARM1 Fuchsia,_FU,Fuchsia,Hand Bag,Shoulder Bag,Padded Pu,Polyester; Polyurethane; Polyurethane,,,25.99,/232/54/211429_FU_1,211429_FU_1.jpg,none,,,,,
211429_TU,211429,Shoulder Bag FARM1 Taupe,_TU,Taupe,Hand Bag,Shoulder Bag,Padded Pu,Polyester; Polyurethane; Polyurethane,,,25.99,/232/54/211429_TU_1,211429_TU_1.jpg,none,,,,,
211433_BK,211433,Crossbody Bag FARM2 Black,_BK,Black,Hand Bag,Cross,Plain PU,Polyester; Polyurethane; Polyurethane,,,25.99,/232/54/211433_BK_1,211433_BK_1.jpg,none,,,,,
211433_TU,211433,Crossbody Bag FARM2 Taupe,_TU,Taupe,Hand Bag,Cross,Plain PU,Polyester; Polyurethane; Polyurethane,,,25.99,/232/54/211433_TU_1,211433_TU_1.jpg,none,,,,,
211601_BK,211601,Shoulder Bag FARM2 Black,_BK,Black,Hand Bag,Shoulder Bag,Plain PU,Polyester; Polyester; Polyurethane; Polyurethane,,,27.99,/232/54/211601_BK_1,211601_BK_1.jpg,none,,,,,
211601_TU,211601,Shoulder Bag FARM2 Taupe,_TU,Taupe,Hand Bag,Shoulder Bag,Plain PU,Polyester; Polyester; Polyurethane; Polyurethane,,,27.99,/232/54/211601_TU_1,211601_TU_1.jpg,none,,,,,
211601_YL,211601,Shoulder Bag FARM2 Yellow,_YL,Yellow,Hand Bag,Shoulder Bag,Plain PU,Polyester; Polyester; Polyurethane; Polyurethane,,,27.99,/232/54/211601_YL_1,211601_YL_1.jpg,none,,,,,
211692_DM,211692,Crossbody Bag FARM2 Dark Multicolor,_DM,Dark Multicolor,Hand Bag,Cross,Real Fur,Polyurethane; Polyurethane; Cow Leather; Polyester,,,27.99,/232/54/211692_DM_1,211692_DM_1.jpg,none,,,,,
211697_BK,211697,Computer Hand Bag FARM2 Black,_BK,Black,Hand Bag,Computer Hand Bag,Plain PU,Cow Leather; Polyester; Polyester; Polyester; Polyurethane; Polyurethane; Polyurethane; Polyurethane,,,39.99,/232/54/211697_BK_1,211697_BK_1.jpg,none,,,,,
211697_TU,211697,Computer Hand Bag FARM2 Taupe,_TU,Taupe,Hand Bag,Computer Hand Bag,Plain PU,Cow Leather; Polyester; Polyester; Polyester; Polyurethane; Polyurethane; Polyurethane; Polyurethane,,,39.99,/232/54/211697_TU_1,211697_TU_1.jpg,none,,,,,
211814_SK,211814,Backpack MARIGOLD 1 Skin,_SK,Skin,Hand Bag,Backpack,Printed Fake Nylon,Polyester; Polyester; Polyurethane; Polyurethane,,,25.99,/232/54/211814_SK_1,211814_SK_1.jpg,none,,,,,
211820_BK,211820,Tote Bag MARIGOLD 2 Black,_BK,Black,Hand Bag,Tote,Nylon,Polyester; Polyester; Polyester; Polyurethane; Polyurethane; Thermoplastic Polyurethane,,,25.99,/232/54/211820_BK_1,211820_BK_1.jpg,none,,,,,
211820_BL,211820,Tote Bag MARIGOLD 1 Blue,_BL,Blue,Hand Bag,Tote,Nylon,Polyurethane; Polyester; Polyester; Polyester; Polyurethane; Thermoplastic Polyurethane,,,25.99,/232/54/211820_BL_1,211820_BL_1.jpg,none,,,,,
211838_BK,211838,Crossbody Bag MARIGOLD 2 Black,_BK,Black,Hand Bag,Cross,Nylon,Polyester; Polyester; Polyurethane; Polyurethane,,,25.99,/232/54/211838_BK_1,211838_BK_1.jpg,none,,,,,
211838_EC,211838,Crossbody Bag MARIGOLD 1 Ecru,_EC,Ecru,Hand Bag,Cross,Nylon,Polyester; Polyester; Polyurethane; Polyurethane,,,25.99,/232/54/211838_EC_1,211838_EC_1.jpg,none,,,,,
211838_KK,211838,Crossbody Bag MARIGOLD 2 Khaki,_KK,Khaki,Hand Bag,Cross,Nylon,Polyester; Polyester; Polyurethane; Polyurethane,,,25.99,/232/54/211838_KK_1,211838_KK_1.jpg,none,,,,,
211846_EC,211846,Sac NINA Ecru,_EC,Ecru,Hand Bag,Sac,Real Suede,Cow Suede Leather; Iron; Polyester; Polyurethane; Polyurethane,,,32.99,/232/54/211846_EC_1,211846_EC_1.jpg,none,,,,,
211854_EC,211854,Crossbody Bag NINA Ecru,_EC,Ecru,Hand Bag,Cross,Real Suede,Cow Suede Leather; Iron; Polyester; Polyester; Polyurethane; Polyurethane,,,27.99,/232/54/211854_EC_1,211854_EC_1.jpg,none,,,,,
211874_BK,211874,Crossbody Bag THEO Black,_BK,Black,Hand Bag,Cross,Plain PU,Polyester; Polyurethane; Polyurethane,,,25.99,/232/54/211874_BK_1,211874_BK_1.jpg,none,,,,,
211874_EC,211874,Crossbody Bag THEO Ecru,_EC,Ecru,Hand Bag,Cross,Plain PU,Polyurethane; Polyester; Polyurethane,,,25.99,/232/54/211874_EC_1,211874_EC_1.jpg,none,,,,,
212102_BK,212102,Shoulder Bag STRIPES2 Black,_BK,Black,Hand Bag,Shoulder Bag,Padded Peach PU,Polyester; Polyurethane; Polyurethane,Silver,,22.99,/232/54/212102_BK_1,212102_BK_1.jpg,none,,,,,
212102_CA,212102,Shoulder Bag HAND BAG PROVISION Camel,_CA,Camel,Hand Bag,Shoulder Bag,Padded Peach PU,Polyester; Polyurethane; Polyurethane,,,22.99,/232/54/212102_CA_1,212102_CA_1.jpg,none,,,,,
212102_EC,212102,Shoulder Bag HAND BAG PROVISION Ecru,_EC,Ecru,Hand Bag,Shoulder Bag,Padded Peach PU,Polyester; Polyurethane; Polyurethane,,,22.99,/232/54/212102_EC_1,212102_EC_1.jpg,none,,,,,
212109_BK,212109,Tote Bag TIGER2 Black,_BK,Black,Hand Bag,Tote,Peach PU,Polyester; Polyurethane; Polyurethane,,,25.99,/232/54/212109_BK_1,212109_BK_1.jpg,none,,,,,
212109_KK,212109,Tote Bag TIGER2 Khaki,_KK,Khaki,Hand Bag,Tote,Peach PU,Polyurethane; Polyurethane; Polyester,,,25.99,/232/54/212109_KK_1,212109_KK_1.jpg,none,,,,,
212117_DM,212117,Shopper Bag TIGER3 Dark Multicolor,_DM,Dark Multicolor,Hand Bag,Shopper,Printed Nylon,Polyester; Polyester; Polyurethane,,,39.99,/232/54/212117_DM_1,212117_DM_1.jpg,none,,,,,
212128_BK,212128,Crossbody Bag HAND BAG PROVISION Black,_BK,Black,Hand Bag,Cross,Plain PU,Polyester; Polyurethane; Polyurethane,,,25.99,/232/54/212128_BK_1,212128_BK_1.jpg,none,,,,,
212128_EC,212128,Crossbody Bag HAND BAG PROVISION Ecru,_EC,Ecru,Hand Bag,Cross,Plain PU,Polyester; Polyurethane; Polyurethane,,,25.99,/232/54/212128_EC_1,212128_EC_1.jpg,none,,,,,
212128_TU,212128,Crossbody Bag HAND BAG PROVISION Taupe,_TU,Taupe,Hand Bag,Cross,Plain PU,Polyurethane; Polyurethane; Polyester,,,25.99,/232/54/212128_TU_1,212128_TU_1.jpg,none,,,,,
212209_DM,212209,Crossbody Bag FARM2 Dark Multicolor,_DM,Dark Multicolor,Hand Bag,Cross,Animal Embossed PU,Polyester; Polyurethane; Polyurethane,,,25.99,/232/54/212209_DM_1,212209_DM_1.jpg,none,,,,,
212236_BK,212236,Gym Bag SUSTAINABLE CAPSULE Black,_BK,Black,Hand Bag,Gym Bag,Nylon,Polyester; Polyester; Polyester; Recycled Polyamide,,,39.99,/232/54/212236_BK_1,212236_BK_1.jpg,none,,,,,
212236_GY,212236,Gym Bag SUSTAINABLE CAPSULE Grey,_GY,Grey,Hand Bag,Gym Bag,Nylon,Polyester; Polyester; Recycled Polyamide; Polyester,,,39.99,/232/54/212236_GY_1,212236_GY_1.jpg,none,,,,,
212236_KK,212236,Gym Bag SUSTAINABLE CAPSULE Khaki,_KK,Khaki,Hand Bag,Gym Bag,Nylon,Polyester; Polyester; Polyester; Recycled Polyamide,,,39.99,/232/54/212236_KK_1,212236_KK_1.jpg,none,,,,,
212307_BK,212307,Shoulder Bag CRUELLA3 Black,_BK,Black,Hand Bag,Shoulder Bag,Plain PU,Polyester; Polyurethane; Polyurethane,,,27.99,/232/54/212307_BK_1,212307_BK_1.jpg,none,,,,,
212307_BN,212307,Shoulder Bag CRUELLA3 Brown,_BN,Brown,Hand Bag,Shoulder Bag,Plain PU,Polyester; Polyurethane; Polyurethane,,,27.99,/232/54/212307_BN_1,212307_BN_1.jpg,none,,,,,
212359_BK,212359,Shopper Bag INGRID Black,_BK,Black,Hand Bag,Shopper,Plain PU,Polyester; Polyester; Polyester; Polyurethane; Polyurethane; Polyurethane,,,25.99,/232/54/212359_BK_1,212359_BK_1.jpg,none,,,,,
212376_EC,212376,Tote Bag WOOLY Ecru,_EC,Ecru,Hand Bag,Tote,Felt,Polyester; Polyester; Polyurethane; Polyurethane,,,25.99,/232/54/212376_EC_1,212376_EC_1.jpg,none,,,,,
212376_GY,212376,Tote Bag WOOLY Grey,_GY,Grey,Hand Bag,Tote,Felt,Polyurethane; Polyurethane; Polyester; Polyester,,,25.99,/232/54/212376_GY_1,212376_GY_1.jpg,none,,,,,
212376_LL,212376,Tote Bag WOOLY Lilac,_LL,Lilac,Hand Bag,Tote,Felt,Polyester; Polyester; Polyurethane; Polyurethane,,,25.99,/232/54/212376_LL_1,212376_LL_1.jpg,none,,,,,
212407_DM,212407,Shoulder Bag CRUELLA3 Dark Multicolor,_DM,Dark Multicolor,Hand Bag,Shoulder Bag,Printed Fabric,Polyester; Polyester; Polyurethane,,,25.99,/232/54/212407_DM_1,212407_DM_1.jpg,none,,,,,
212539_BK,212539,Sac CRUELLA3 Black,_BK,Black,Hand Bag,Sac,Plain PU,Polyester; Polyurethane; Polyurethane,,,32.99,/232/54/212539_BK_1,212539_BK_1.jpg,none,,,,,
212539_TU,212539,Sac CRUELLA3 Taupe,_TU,Taupe,Hand Bag,Sac,Plain PU,Polyester; Polyurethane; Polyurethane,,,32.99,/232/54/212539_TU_1,212539_TU_1.jpg,none,,,,,
212714_BK,212714,Tote Bag OLIVE Black,_BK,Black,Hand Bag,Tote,Printed PU,Polyester; Polyester; Polyurethane; Polyurethane,,,25.99,/232/54/212714_BK_1,212714_BK_1.jpg,none,,,,,
212728_BK,212728,Backpack OLIVE Black,_BK,Black,Hand Bag,Backpack,Plain PU,Polyester; Polyester; Polyurethane; Polyurethane,,,27.99,/232/54/212728_BK_1,212728_BK_1.jpg,none,,,,,
212728_GY,212728,Backpack OLIVE Grey,_GY,Grey,Hand Bag,Backpack,Plain PU,Polyester; Polyester; Polyurethane; Polyurethane,,,27.99,/232/54/212728_GY_1,212728_GY_1.jpg,none,,,,,
212789_DM,212789,Shoulder Bag SAVANA3 Dark Multicolor,_DM,Dark Multicolor,Hand Bag,Shoulder Bag,Real Fur,Cow Leather; Polyester; Polyurethane; Polyurethane,,,35.99,/232/54/212789_DM_1,212789_DM_1.jpg,none,,,,,
212812_BK,212812,Backpack BILLIE Black,_BK,Black,Hand Bag,Backpack,Nylon,Polyester; Polyester; Polyester; Polyester; Polyurethane; Polyurethane,,,25.99,/232/54/212812_BK_1,212812_BK_1.jpg,none,,,,,
212812_GN,212812,Backpack BILLIE Green,_GN,Green,Hand Bag,Backpack,Nylon,Polyester; Polyester; Polyester; Polyester; Polyurethane; Polyurethane,,,25.99,/232/54/212812_GN_1,212812_GN_1.jpg,none,,,,,
212812_NV,212812,Backpack BILLIE Navy,_NV,Navy,Hand Bag,Backpack,Nylon,Polyester; Polyester; Polyester; Polyester; Polyurethane; Polyurethane,,,25.99,/232/54/212812_NV_1,212812_NV_1.jpg,none,,,,,
212812_TU,212812,Backpack BILLIE Taupe,_TU,Taupe,Hand Bag,Backpack,Nylon,Polyester; Polyester; Polyester; Polyester; Polyurethane; Polyurethane,,,25.99,/232/54/212812_TU_1,212812_TU_1.jpg,none,,,,,
213014_BK,213014,Shoulder Bag CRUELLA2 Black,_BK,Black,Hand Bag,Shoulder Bag,Padded Pu,Polyester; Polyurethane; Polyurethane,,,25.99,/232/54/213014_BK_1,213014_BK_1.jpg,none,,,,,
213014_PU,213014,Shoulder Bag CRUELLA2 Purple,_PU,Purple,Hand Bag,Shoulder Bag,Padded Pu,Polyester; Polyurethane; Polyurethane,,,25.99,/232/54/213014_PU_1,213014_PU_1.jpg,none,,,,,
213192_BK,213192,Crossbody Bag VILLAGE 1 Black,_BK,Black,Hand Bag,Cross,Fake Nylon,Polyester; Polyester; Polyurethane; Polyurethane,,,25.99,/232/54/213192_BK_1,213192_BK_1.jpg,none,,,,,
213192_TE,213192,Crossbody Bag VILLAGE 1 Pastel Grey,_TE,Pastel Grey,Hand Bag,Cross,Fake Nylon,Polyester; Polyester; Polyurethane; Polyurethane,,,25.99,/232/54/213192_TE_1,213192_TE_1.jpg,none,,,,,
213196_BM,213196,Crossbody Bag JOLY2 Bright Multicolor,_BM,Bright Multicolor,Hand Bag,Cross,Sequins,Polyester; Polyester; Polyethylene Terephthalate,,,25.99,/232/54/213196_BM_1,213196_BM_1.jpg,none,,,,,
213251_DM,213251,Shopper Bag CAMO1 Dark Multicolor,_DM,Dark Multicolor,Hand Bag,Shopper,Printed PU,Polyurethane; Polyurethane,,,25.99,/232/54/213251_DM_1,213251_DM_1.jpg,none,,,,,
213257_BK,213257,Crossbody Bag CAMO2 Black,_BK,Black,Hand Bag,Cross,Padded Pu,Polyester; Polyester; Polyurethane; Polyurethane; Polyurethane,,,27.99,/232/54/213257_BK_1,213257_BK_1.jpg,none,,,,,
213257_EC,213257,Crossbody Bag CAMO2 Ecru,_EC,Ecru,Hand Bag,Cross,Padded Pu,Polyester; Polyester; Polyester; Polyurethane; Polyurethane; Polyurethane; Polyurethane,,,27.99,/232/54/213257_EC_1,213257_EC_1.jpg,none,,,,,
213257_GN,213257,Crossbody Bag CAMO2 Green,_GN,Green,Hand Bag,Cross,Padded Pu,Polyester; Polyester; Polyester; Polyurethane; Polyurethane; Polyurethane; Polyurethane,,,27.99,/232/54/213257_GN_1,213257_GN_1.jpg,none,,,,,
213469_SV,213469,Shopper Bag MAXI JULLIET Silver,_SV,Silver,Hand Bag,Shopper,Fantasy PU,Polyamide; Polyester; Polyurethane; Polyurethane,,,29.99,/232/54/213469_SV_1,213469_SV_1.jpg,none,,,,,
213570_BK,213570,Crossbody Bag CAMO2 Black,_BK,Black,Hand Bag,Cross,Plain PU,Polyester; Polyurethane; Polyurethane,,,25.99,/232/54/213570_BK_1,213570_BK_1.jpg,none,,,,,
213570_EC,213570,Crossbody Bag CAMO2 Ecru,_EC,Ecru,Hand Bag,Cross,Plain PU,Polyester; Polyurethane; Polyurethane,,,25.99,/232/54/213570_EC_1,213570_EC_1.jpg,none,,,,,
213595_BK,213595,Shopper Bag ROCK3 Black,_BK,Black,Hand Bag,Shopper,Fantasy PU,Polyurethane; Polyurethane; Polyurethane; Crystal Glass; Iron; Polyester,,,32.99,/232/54/213595_BK_1y,213595_BK_1y.jpg,none,,,,,
213601_OS,213601,Tote Bag ROCK2 Old Silver,_OS,Old Silver,Hand Bag,Tote,Fantasy PU,Crystal Glass; Iron; Polyester; Polyurethane; Polyurethane; Polyurethane,,,25.99,/232/54/213601_OS_2y,213601_OS_2y.jpg,none,,,,,
213831_BK,213831,Tote Bag ANIME3 Black,_BK,Black,Hand Bag,Tote,Peach PU,Polyester; Polyurethane; Polyurethane,,,29.99,/232/54/213831_BK_1y,213831_BK_1y.jpg,none,,,,,
213831_KK,213831,Tote Bag ANIME3 Khaki,_KK,Khaki,Hand Bag,Tote,Peach PU,Polyester; Polyurethane; Polyurethane,,,29.99,/232/54/213831_KK_2y,213831_KK_2y.jpg,none,,,,,
213831_TU,213831,Tote Bag ANIME3 Taupe,_TU,Taupe,Hand Bag,Tote,Peach PU,Polyester; Polyurethane; Polyurethane,,,29.99,/232/54/213831_TU_2y,213831_TU_2y.jpg,none,,,,,
214093_BK,214093,Crossbody Bag ROCK3 Black,_BK,Black,Hand Bag,Cross,Fantasy PU,Crystal Glass; Iron; Polyester; Polyurethane; Polyurethane; Polyurethane,,,23.99,/232/54/214093_BK_1y,214093_BK_1y.jpg,none,,,,,
214093_RD,214093,Crossbody Bag ROCK3 Red,_RD,Red,Hand Bag,Cross,Fantasy PU,Crystal Glass; Iron; Polyester; Polyurethane; Polyurethane; Polyurethane,,,23.99,/232/54/214093_RD_2y,214093_RD_2y.jpg,none,,,,,
214222_BK,214222,Tote Bag INEZ Black,_BK,Black,Hand Bag,Tote,Plain PU,Polyester; Polyester; Polyester; Polyurethane; Polyurethane; Polyurethane; Zinc,Silver,,23.99,/241/54/214222_BK_1,214222_BK_1.jpg,none,,,,,
214222_BL,214222,Tote Bag INEZ Blue,_BL,Blue,Hand Bag,Tote,Plain PU,Polyester; Polyester; Polyester; Polyurethane; Polyurethane; Polyurethane; Zinc,Silver,,23.99,/241/54/214222_BL_1,214222_BL_1.jpg,none,,,,,
214222_EC,214222,Tote Bag INEZ Ecru,_EC,Ecru,Hand Bag,Tote,Plain PU,Polyester; Polyester; Polyurethane; Polyurethane; Zinc,Silver,,23.99,/241/54/214222_EC_1,214222_EC_1.jpg,none,,,,,
214222_PK,214222,Tote Bag INEZ Pink,_PK,Pink,Hand Bag,Tote,Plain PU,Polyurethane; Polyurethane; Polyurethane; Zinc; Polyester; Polyester; Polyester,Silver,,23.99,/241/54/214222_PK_1,214222_PK_1.jpg,none,,,,,
214225_AQ,214225,Crossbody Bag INEZ Aquamarine,_AQ,Aquamarine,Hand Bag,Cross,Plain PU,Polyester; Polyurethane; Polyurethane,Silver,,19.99,/241/54/214225_AQ_1,214225_AQ_1.jpg,none,,,,,
214225_BK,214225,Crossbody Bag INEZ Black,_BK,Black,Hand Bag,Cross,Plain PU,Polyester; Polyurethane; Polyurethane,Silver,,19.99,/241/54/214225_BK_1,214225_BK_1.jpg,none,,,,,
214225_EC,214225,Crossbody Bag INEZ Ecru,_EC,Ecru,Hand Bag,Cross,Plain PU,Polyester; Polyurethane; Polyurethane,Silver,,19.99,/241/54/214225_EC_1,214225_EC_1.jpg,none,,,,,
214229_LL,214229,Shopper Bag ANIME3 Lilac,_LL,Lilac,Hand Bag,Shopper,Fake Fur,Polyester; Polyester; Polyurethane,,,29.99,/232/54/214229_LL_1,214229_LL_1.jpg,none,,,,,
214244_KK,214244,Backpack EARLYBIRD Khaki,_KK,Khaki,Hand Bag,Backpack,Printed PU,Polyurethane; Polyester; Polyurethane,,,27.99,/241/54/214244_KK_1,214244_KK_1.jpg,none,,,,,
214248_EC,214248,Crossbody Bag EARLYBIRD Ecru,_EC,Ecru,Hand Bag,Cross,Plain PU,Polyester; Polyurethane; Polyurethane,,,25.99,/241/54/214248_EC_1,214248_EC_1.jpg,none,,,,,
214248_TU,214248,Crossbody Bag EARLYBIRD Taupe,_TU,Taupe,Hand Bag,Cross,Plain PU,Polyester; Polyurethane; Polyurethane,,,25.99,/241/54/214248_TU_1,214248_TU_1.jpg,none,,,,,
214422_BK,214422,Tote Bag MAXI JULLIET Black,_BK,Black,Hand Bag,Tote,Plain PU,Polyester; Polyurethane; Polyurethane,,,25.99,/232/54/214422_BK_1,214422_BK_1.jpg,none,,,,,
214422_EC,214422,Tote Bag MAXI JULLIET Ecru,_EC,Ecru,Hand Bag,Tote,Plain PU,Polyester; Polyurethane; Polyurethane,,,25.99,/232/54/214422_EC_1,214422_EC_1.jpg,none,,,,,
214422_PK,214422,Tote Bag MAXI JULLIET Pink,_PK,Pink,Hand Bag,Tote,Plain PU,Polyester; Polyurethane; Polyurethane,,,25.99,/232/54/214422_PK_1,214422_PK_1.jpg,none,,,,,
214425_BM,214425,Shopper Bag BOOMER1 Bright Multicolor,_BM,Bright Multicolor,Hand Bag,Shopper,Printed PU,Polyurethane; Polyurethane,,,27.99,/232/54/214425_BM_1,214425_BM_1.jpg,none,,,,,
214427_BK,214427,Shopper Bag BOOMER3 Black,_BK,Black,Hand Bag,Shopper,Plain PU,Polyester; Polyester; Polyurethane; Polyurethane; Polyurethane; Polyurethane; Polyurethane,,,27.99,/232/54/214427_BK_1,214427_BK_1.jpg,none,,,,,
214427_KK,214427,Shopper Bag BOOMER3 Khaki,_KK,Khaki,Hand Bag,Shopper,Plain PU,Polyester; Polyester; Polyurethane; Polyurethane; Polyurethane; Polyurethane; Polyurethane,,,27.99,/232/54/214427_KK_1,214427_KK_1.jpg,none,,,,,
214450_BM,214450,Shopper Bag ANIME2 Bright Multicolor,_BM,Bright Multicolor,Hand Bag,Shopper,Printed Nylon,Polyester; Polyester; Polyethylene Terephthalate; Polyurethane,,,32.99,/232/54/214450_BM_1,214450_BM_1.jpg,none,,,,,
214508_PK,214508,Shoulder Bag MAXI JULLIET Pink,_PK,Pink,Hand Bag,Shoulder Bag,Fantasy Fabric,Crystal Glass; Polyester; Polyester,,,29.99,/232/54/214508_PK_1,214508_PK_1.jpg,none,,,,,
214516_BK,214516,Shoulder Bag BOOMER2 Black,_BK,Black,Hand Bag,Shoulder Bag,Plain PU,Polyester; Polyester; Polyurethane; Polyurethane,,,25.99,/232/54/214516_BK_1,214516_BK_1.jpg,none,,,,,
214516_KK,214516,Shoulder Bag BOOMER2 Khaki,_KK,Khaki,Hand Bag,Shoulder Bag,Plain PU,Polyester; Polyester; Polyurethane; Polyurethane,,,25.99,/232/54/214516_KK_1,214516_KK_1.jpg,none,,,,,
214699_KK,214699,Lunch Bag CAMI 1 Khaki,_KK,Khaki,Hand Bag,Lunch Bag,Printed PU,Polyester; Polyethylene Terephthalate; Polyurethane,Silver,,23.99,/241/54/214699_KK_1,214699_KK_1.jpg,none,,,,,
214703_BK,214703,Tote Bag BOOMER1 Black,_BK,Black,Hand Bag,Tote,Plain PU,Polyester; Polyurethane; Polyurethane,,,25.99,/232/54/214703_BK_1,214703_BK_1.jpg,none,,,,,
214703_CA,214703,Tote Bag BOOMER1 Camel,_CA,Camel,Hand Bag,Tote,Plain PU,Polyester; Polyurethane; Polyurethane,,,25.99,/232/54/214703_CA_1,214703_CA_1.jpg,none,,,,,
214703_EC,214703,Tote Bag BOOMER1 Ecru,_EC,Ecru,Hand Bag,Tote,Plain PU,Polyester; Polyurethane; Polyurethane,,,25.99,/232/54/214703_EC_1,214703_EC_1.jpg,none,,,,,
214703_GN,214703,Tote Bag BOOMER1 Green,_GN,Green,Hand Bag,Tote,Plain PU,Polyester; Polyurethane; Polyurethane,,,25.99,/232/54/214703_GN_1,214703_GN_1.jpg,none,,,,,
214811_BK,214811,Backpack VIVIAN Black,_BK,Black,Hand Bag,Backpack,Plain PU,Polyester; Polyurethane; Polyurethane; Polyurethane; Zinc,Light Golden,,23.99,/241/54/214811_BK_1,214811_BK_1.jpg,none,,,,,
214811_BL,214811,Backpack VIVIAN Blue,_BL,Blue,Hand Bag,Backpack,Plain PU,Polyester; Polyurethane; Polyurethane; Polyurethane; Zinc,,,23.99,/241/54/214811_BL_1,214811_BL_1.jpg,none,,,,,
214811_LL,214811,Backpack VIVIAN Lilac,_LL,Lilac,Hand Bag,Backpack,Plain PU,Polyester; Polyurethane; Polyurethane; Polyurethane; Zinc,Silver,,23.99,/241/54/214811_LL_1,214811_LL_1.jpg,none,,,,,
214811_NV,214811,Backpack VIVIAN Navy,_NV,Navy,Hand Bag,Backpack,Plain PU,Polyester; Polyurethane; Polyurethane; Polyurethane; Zinc,Silver,,23.99,/241/54/214811_NV_1,214811_NV_1.jpg,none,,,,,
214811_TU,214811,Backpack VIVIAN Taupe,_TU,Taupe,Hand Bag,Backpack,Plain PU,Polyester; Polyurethane; Polyurethane; Polyurethane; Zinc,Light Golden,,23.99,/241/54/214811_TU_1,214811_TU_1.jpg,none,,,,,
214811_YL,214811,Backpack VIVIAN Yellow,_YL,Yellow,Hand Bag,Backpack,Plain PU,Polyester; Polyurethane; Polyurethane; Polyurethane; Zinc,,,23.99,/241/54/214811_YL_1,214811_YL_1.jpg,none,,,,,
215014_KK,215014,Sac FLECOS WINTER Khaki,_KK,Khaki,Hand Bag,Sac,Real Suede,Cow Leather; Cotton,,,49.99,/232/54/215014_KK_1,215014_KK_1.jpg,none,,,,,
215014_PU,215014,Sac FLECOS WINTER Purple,_PU,Purple,Hand Bag,Sac,Real Suede,Cotton; Cow Leather,,,49.99,/232/54/215014_PU_1,215014_PU_1.jpg,none,,,,,
215032_BK,215032,Crossbody Bag MILITARY2 Black,_BK,Black,Hand Bag,Cross,Plain PU,Polyester; Polyester; Polyurethane; Polyurethane; Polyurethane,,,23.99,/232/54/215032_BK_1,215032_BK_1.jpg,none,,,,,
215032_BL,215032,Crossbody Bag MILITARY2 Blue,_BL,Blue,Hand Bag,Cross,Plain PU,Polyester; Polyester; Polyurethane; Polyurethane; Polyurethane,,,23.99,/232/54/215032_BL_1,215032_BL_1.jpg,none,,,,,
215032_EC,215032,Crossbody Bag MILITARY2 Ecru,_EC,Ecru,Hand Bag,Cross,Plain PU,Polyester; Polyester; Polyurethane; Polyurethane; Polyurethane,,,23.99,/232/54/215032_EC_1,215032_EC_1.jpg,none,,,,,
215159_MI,215159,Crossbody Bag SILVERSURFER2 Midnight Blue,_MI,Midnight Blue,Hand Bag,Cross,Fantasy PU,Polyester; Polyester; Polyurethane; Polyurethane,,,25.99,/232/54/215159_MI_1y,215159_MI_1y.jpg,none,,,,,
215218_BK,215218,Backpack TRECKING CAPSULE Black,_BK,Black,Hand Bag,Backpack,Nylon,Polyester; Polyester; Polyurethane; Recycled Polyamide,,,32.99,/232/54/215218_BK_1,215218_BK_1.jpg,none,,,,,
215444_BK,215444,Tote Bag FIRE3 Black,_BK,Black,Hand Bag,Tote,Nylon,Polyester; Polyurethane; Polyester,,,27.99,/241/54/215444_BK_1,215444_BK_1.jpg,none,,,,,
215444_KK,215444,Tote Bag FIRE3 Khaki,_KK,Khaki,Hand Bag,Tote,Nylon,Polyester; Polyester; Polyurethane,,,27.99,/241/54/215444_KK_1,215444_KK_1.jpg,none,,,,,
215444_LG,215444,Tote Bag FIRE3 Light Grey,_LG,Light Grey,Hand Bag,Tote,Nylon,Polyester; Polyester; Polyurethane,,,27.99,/241/54/215444_LG_1,215444_LG_1.jpg,none,,,,,
215534_BK,215534,Tote Bag NYT Black,_BK,Black,Hand Bag,Tote,Nylon,Cotton; Polyester; Polyester; Polyester; Polyester; Polyurethane; Polyurethane; Zinc,Silver,,25.99,/241/54/215534_BK_1,215534_BK_1.jpg,none,,,,,
215534_BR,215534,Tote Bag NYT Brick Red,_BR,Brick Red,Hand Bag,Tote,Nylon,Cotton; Polyester; Polyester; Polyester; Polyester; Polyurethane; Polyurethane; Zinc,Silver,,25.99,/241/54/215534_BR_1,215534_BR_1.jpg,none,,,,,
216097_BK,216097,Shoulder Bag ESSENTIALS1 Black,_BK,Black,Hand Bag,Shoulder Bag,Plain PU,Polyester; Polyester; Polyurethane; Polyurethane; Polyurethane,,,32.99,/241/54/216097_BK_1,216097_BK_1.jpg,none,,,,,
216097_BL,216097,Shoulder Bag ESSENTIALS1 Blue,_BL,Blue,Hand Bag,Shoulder Bag,Plain PU,Polyester; Polyester; Polyurethane; Polyurethane; Polyurethane,,,32.99,/241/54/216097_BL_1,216097_BL_1.jpg,none,,,,,
216097_EC,216097,Shoulder Bag ESSENTIALS1 Ecru,_EC,Ecru,Hand Bag,Shoulder Bag,Plain PU,Polyester; Polyester; Polyurethane; Polyurethane; Polyurethane,,,32.99,/241/54/216097_EC_1,216097_EC_1.jpg,none,,,,,
216174_DM,216174,Crossbody Bag MANHATAN1 Dark Multicolor,_DM,Dark Multicolor,Hand Bag,Cross,Real Fur,Cow Leather; Polyester; Polyurethane; Polyurethane,,,32.99,/241/54/216174_DM_1,216174_DM_1.jpg,none,,,,,
216265_BK,216265,Computer Hand Bag MANHATAN3 Black,_BK,Black,Hand Bag,Computer Hand Bag,Plain PU,Polyester; Polyester; Polyurethane; Polyurethane; Polyurethane; Cow Leather,Light Golden,,35.99,/241/54/216265_BK_1,216265_BK_1.jpg,none,,,,,
216265_TU,216265,Computer Hand Bag MANHATAN3 Taupe,_TU,Taupe,Hand Bag,Computer Hand Bag,Plain PU,Cow Leather; Polyester; Polyester; Polyurethane; Polyurethane; Polyurethane,Light Golden,,35.99,/241/54/216265_TU_1,216265_TU_1.jpg,none,,,,,
216347_BK,216347,Backpack MAGIK LOVE Black,_BK,Black,Hand Bag,Backpack,Plain PU,Polyester; Polyester; Polyurethane; Polyurethane; Polyurethane,,,23.99,/241/54/216347_BK_1,216347_BK_1.jpg,none,,,,,
216347_BL,216347,Backpack MAGIK LOVE Blue,_BL,Blue,Hand Bag,Backpack,Plain PU,Polyester; Polyester; Polyurethane; Polyurethane; Polyurethane,,,23.99,/241/54/216347_BL_1,216347_BL_1.jpg,none,,,,,
216347_EC,216347,Backpack MAGIK LOVE Ecru,_EC,Ecru,Hand Bag,Backpack,Plain PU,Polyester; Polyester; Polyurethane; Polyurethane; Polyurethane,,,23.99,/241/54/216347_EC_1,216347_EC_1.jpg,none,,,,,
216347_FU,216347,Backpack MAGIK LOVE Fuchsia,_FU,Fuchsia,Hand Bag,Backpack,Plain PU,Polyester; Polyester; Polyurethane; Polyurethane; Polyurethane,,,23.99,/241/54/216347_FU_1,216347_FU_1.jpg,none,,,,,
216356_BK,216356,Backpack MAGIK LOVE Black,_BK,Black,Hand Bag,Backpack,Nylon,Polyester; Polyester; Polyurethane; Polyurethane; Zinc,,,25.99,/241/54/216356_BK_1,216356_BK_1.jpg,none,,,,,
216356_BL,216356,Backpack MAGIK LOVE Blue,_BL,Blue,Hand Bag,Backpack,Nylon,Polyester; Polyester; Polyurethane; Polyurethane; Zinc,,,25.99,/241/54/216356_BL_1,216356_BL_1.jpg,none,,,,,
216356_EC,216356,Backpack MAGIK LOVE Ecru,_EC,Ecru,Hand Bag,Backpack,Nylon,Zinc; Polyester; Polyester; Polyurethane; Polyurethane,,,25.99,/241/54/216356_EC_1,216356_EC_1.jpg,none,,,,,
216356_FU,216356,Backpack MAGIK LOVE Fuchsia,_FU,Fuchsia,Hand Bag,Backpack,Nylon,Polyester; Polyester; Polyurethane; Polyurethane; Zinc,,,25.99,/241/54/216356_FU_1,216356_FU_1.jpg,none,,,,,
216356_TU,216356,Backpack MAGIK LOVE Taupe,_TU,Taupe,Hand Bag,Backpack,Nylon,Polyester; Polyester; Polyurethane; Polyurethane; Zinc,,,25.99,/241/54/216356_TU_1,216356_TU_1.jpg,none,,,,,
216379_FU,216379,Lunch Bag MAGIK LOVE Fuchsia,_FU,Fuchsia,Hand Bag,Lunch Bag,Printed Fake Nylon,Polyester; Polyethylene Terephthalate; Polyurethane,Silver,,19.99,/241/54/216379_FU_1,216379_FU_1.jpg,none,,,,,
216443_BK,216443,Tote Bag ZOO3 Black,_BK,Black,Hand Bag,Tote,Plain PU,Polyester; Polyurethane; Polyurethane,Light Golden,,25.99,/241/54/216443_BK_1,216443_BK_1.jpg,none,,,,,
216443_EC,216443,Tote Bag ZOO3 Ecru,_EC,Ecru,Hand Bag,Tote,Plain PU,Polyester; Polyurethane; Polyurethane,Light Golden,,25.99,/241/54/216443_EC_1,216443_EC_1.jpg,none,,,,,
216443_TU,216443,Tote Bag ZOO3 Taupe,_TU,Taupe,Hand Bag,Tote,Plain PU,Polyester; Polyurethane; Polyurethane,Light Golden,,25.99,/241/54/216443_TU_1,216443_TU_1.jpg,none,,,,,
216444_BK,216444,Tote Bag NEVERA HBPROVISION Black,_BK,Black,Hand Bag,Tote,Plain PU,Polyester; Polyurethane; Polyurethane,Light Golden,,25.99,/241/54/216444_BK_1,216444_BK_1.jpg,none,,,,,
216444_TU,216444,Tote Bag NEVERA HBPROVISION Taupe,_TU,Taupe,Hand Bag,Tote,Plain PU,Polyester; Polyurethane; Polyurethane,Light Golden,,25.99,/241/54/216444_TU_1,216444_TU_1.jpg,none,,,,,
216479_BK,216479,Shopper Bag MILITARY1 Black,_BK,Black,Hand Bag,Shopper,Plain PU,Polyester; Polyurethane; Polyurethane; Polyurethane,Silver,,25.99,/241/54/216479_BK_1,216479_BK_1.jpg,none,,,,,
216479_EC,216479,Shopper Bag MILITARY1 Ecru,_EC,Ecru,Hand Bag,Shopper,Plain PU,Polyester; Polyurethane; Polyurethane; Polyurethane,Silver,,25.99,/241/54/216479_EC_1,216479_EC_1.jpg,none,,,,,
216479_TU,216479,Shopper Bag MILITARY1 Taupe,_TU,Taupe,Hand Bag,Shopper,Plain PU,Polyester; Polyurethane; Polyurethane; Polyurethane,Silver,,25.99,/241/54/216479_TU_1,216479_TU_1.jpg,none,,,,,
216542_FU,216542,Backpack ROY Fuchsia,_FU,Fuchsia,Hand Bag,Backpack,Printed PU,Polyester; Polyurethane; Polyurethane,,,27.99,/241/54/216542_FU_1,216542_FU_1.jpg,none,,,,,
216575_BK,216575,Tote Bag PICASSO3 Black,_BK,Black,Hand Bag,Tote,Plain PU,Polyester; Polyurethane; Polyurethane,Light Golden,,29.99,/241/54/216575_BK_1,216575_BK_1.jpg,none,,,,,
216575_KK,216575,Tote Bag PICASSO3 Khaki,_KK,Khaki,Hand Bag,Tote,Plain PU,Polyester; Polyurethane; Polyurethane,Light Golden,,29.99,/241/54/216575_KK_1,216575_KK_1.jpg,none,,,,,
216575_TU,216575,Tote Bag PICASSO3 Taupe,_TU,Taupe,Hand Bag,Tote,Plain PU,Polyester; Polyurethane; Polyurethane,Light Golden,,29.99,/241/54/216575_TU_1,216575_TU_1.jpg,none,,,,,
216576_BK,216576,Tote Bag PICASSO3 Black,_BK,Black,Hand Bag,Tote,Plain PU,Polyester; Polyurethane; Polyurethane,Light Golden,,25.99,/241/54/216576_BK_1,216576_BK_1.jpg,none,,,,,
216576_TU,216576,Tote Bag PICASSO3 Taupe,_TU,Taupe,Hand Bag,Tote,Plain PU,Polyester; Polyurethane; Polyurethane,Light Golden,,25.99,/241/54/216576_TU_1,216576_TU_1.jpg,none,,,,,
216593_CA,216593,Shoulder Bag MILITARY1 Camel,_CA,Camel,Hand Bag,Shoulder Bag,Fake Suede,Polyester; Polyester; Polyurethane,,,27.99,/241/54/216593_CA_1,216593_CA_1.jpg,none,,,,,
216611_BL,216611,Tote Bag MILITARY2 Blue,_BL,Blue,Hand Bag,Tote,Plain PU,Polyester; Polyester; Polyurethane; Polyurethane; Polyurethane,Silver,,25.99,/241/54/216611_BL_1,216611_BL_1.jpg,none,,,,,
216611_EC,216611,Tote Bag MILITARY2 Ecru,_EC,Ecru,Hand Bag,Tote,Plain PU,Polyester; Polyester; Polyurethane; Polyurethane; Polyurethane,Silver,,25.99,/241/54/216611_EC_1,216611_EC_1.jpg,none,,,,,
216632_BK,216632,Shopper Bag MAXI DOTTS Black,_BK,Black,Hand Bag,Shopper,Plain PU,Cow Leather; Polyester; Polyester; Polyester; Polyurethane; Polyurethane; Polyurethane; Polyurethane,,,29.99,/241/54/216632_BK_1,216632_BK_1.jpg,none,,,,,
216690_PU,216690,Tote Bag FIRE2 Purple,_PU,Purple,Hand Bag,Tote,Printed Nylon,Polyamide; Polyester; Polyurethane,,,25.99,/241/54/216690_PU_1,216690_PU_1.jpg,none,,,,,
216758_BK,216758,Crossbody Bag JUNGLE LEATHER Black,_BK,Black,Hand Bag,Cross,Leather,Cow Leather; Cotton,Silver,,29.99,/241/54/216758_BK_1,216758_BK_1.jpg,none,,,,,
216758_EC,216758,Crossbody Bag JUNGLE LEATHER Ecru,_EC,Ecru,Hand Bag,Cross,Leather,Cotton; Cow Leather,Antik Silver,,29.99,/241/54/216758_EC_1,216758_EC_1.jpg,none,,,,,
216758_OR,216758,Crossbody Bag JUNGLE LEATHER Orange,_OR,Orange,Hand Bag,Cross,Leather,Cotton; Cow Leather,Silver,,29.99,/241/54/216758_OR_1,216758_OR_1.jpg,none,,,,,
216759_BK,216759,Shopper Bag JUNGLE LEATHER Black,_BK,Black,Hand Bag,Shopper,Leather,Cow Leather,Silver,,69.99,/241/54/216759_BK_1,216759_BK_1.jpg,none,,,,,
216759_EC,216759,Shopper Bag JUNGLE LEATHER Ecru,_EC,Ecru,Hand Bag,Shopper,Leather,Cow Leather,Silver,,69.99,/241/54/216759_EC_1,216759_EC_1.jpg,none,,,,,
216759_KK,216759,Shopper Bag JUNGLE LEATHER Khaki,_KK,Khaki,Hand Bag,Shopper,Leather,Cow Leather,Silver,,69.99,/241/54/216759_KK_1,216759_KK_1.jpg,none,,,,,
216762_BK,216762,Shoulder Bag JUNGLE LEATHER Black,_BK,Black,Hand Bag,Shoulder Bag,Leather,Cotton; Cow Leather,Silver,,49.99,/241/54/216762_BK_1,216762_BK_1.jpg,none,,,,,
216762_EC,216762,Shoulder Bag JUNGLE LEATHER Ecru,_EC,Ecru,Hand Bag,Shoulder Bag,Leather,Cotton; Cow Leather,Antik Silver,,49.99,/241/54/216762_EC_1,216762_EC_1.jpg,none,,,,,
216762_KK,216762,Shoulder Bag JUNGLE LEATHER Khaki,_KK,Khaki,Hand Bag,Shoulder Bag,Leather,Cotton; Cow Leather,Silver,,49.99,/241/54/216762_KK_1,216762_KK_1.jpg,none,,,,,
216762_SV,216762,Shoulder Bag JUNGLE LEATHER Silver,_SV,Silver,Hand Bag,Shoulder Bag,Leather,Cotton; Cow Leather,Antik Silver,,49.99,/241/54/216762_SV_1,216762_SV_1.jpg,none,,,,,
216895NC,216895,Tote Bag TAVIRA Natural Color,NC,Natural Color,Hand Bag,Tote,Paper straw,Wood; Zinc; Ceramic; Cotton; Iron; Paper; Polyester; Polyester; Polyurethane; Stone,Silver,,25.99,/241/54/216895NC_1,216895NC_1.jpg,none,,,,,
216909NC,216909,Tote Bag TAVIRA Natural Color,NC,Natural Color,Hand Bag,Tote,Paper straw,Ceramic; Cotton; Iron; Paper; Polyester; Polyester; Polyurethane; Stone; Wood; Zinc,Light Golden,,25.99,/241/54/216909NC_1,216909NC_1.jpg,none,,,,,
216931_EC,216931,Shopper Bag POPEYE1 Ecru,_EC,Ecru,Hand Bag,Shopper,Plain PU,Polyurethane; Polyurethane,Silver,,25.99,/241/54/216931_EC_1,216931_EC_1.jpg,none,,,,,
216931_TU,216931,Shopper Bag POPEYE1 Taupe,_TU,Taupe,Hand Bag,Shopper,Plain PU,Polyurethane; Polyurethane,Silver,,25.99,/241/54/216931_TU_1,216931_TU_1.jpg,none,,,,,
217008_NU,217008,Shoulder Bag EMAN Nude,_NU,Nude,Hand Bag,Shoulder Bag,Padded Pu,Polyester; Polyurethane; Polyurethane,Light Golden,,23.99,/241/54/217008_NU_1,217008_NU_1.jpg,none,,,,,
217026_BG,217026,Backpack GEORGIA Beige,_BG,Beige,Hand Bag,Backpack,Canvas,Cotton; Polyester; Polyester; Polyurethane; Polyurethane,Light Golden,,25.99,/241/54/217026_BG_1,217026_BG_1.jpg,none,,,,,
217026_KK,217026,Backpack GEORGIA Khaki,_KK,Khaki,Hand Bag,Backpack,Canvas,Cotton; Polyester; Polyester; Polyurethane; Polyurethane,Light Golden,,25.99,/241/54/217026_KK_1,217026_KK_1.jpg,none,,,,,
217087_BK,217087,Crossbody Bag HIVE Black,_BK,Black,Hand Bag,Cross,Fantasy PU,Polyester; Polyurethane; Polyurethane,Silver,,23.99,/241/54/217087_BK_1,217087_BK_1.jpg,none,,,,,
217087_CA,217087,Crossbody Bag HIVE Camel,_CA,Camel,Hand Bag,Cross,Fantasy PU,Polyester; Polyurethane; Polyurethane,Silver,,23.99,/241/54/217087_CA_1,217087_CA_1.jpg,none,,,,,
217087_OW,217087,Crossbody Bag HIVE Off White,_OW,Off White,Hand Bag,Cross,Fantasy PU,Polyester; Polyurethane; Polyurethane,Silver,,23.99,/241/54/217087_OW_1,217087_OW_1.jpg,none,,,,,
217226_BM,217226,Tote Bag MILITARY2 Bright Multicolor,_BM,Bright Multicolor,Hand Bag,Tote,Jacquard,Polyester; Polyester; Polyurethane; Polyurethane,Silver,,29.99,/241/54/217226_BM_1,217226_BM_1.jpg,none,,,,,
217357_GN,217357,Lunch Bag FLEUR Green,_GN,Green,Hand Bag,Lunch Bag,Printed PU,Polyester; Polyethylene Terephthalate; Polyurethane,Silver,,19.99,/241/54/217357_GN_1,217357_GN_1.jpg,none,,,,,
217359_AQ,217359,Tote Bag FLEUR Aquamarine,_AQ,Aquamarine,Hand Bag,Tote,Fantasy PU,Polyurethane; Polyurethane; Thermoplastic Polyurethane; Zinc; Polyester; Polyester,,,27.99,/241/54/217359_AQ_1,217359_AQ_1.jpg,none,,,,,
217359_CA,217359,Tote Bag FLEUR Camel,_CA,Camel,Hand Bag,Tote,Fantasy PU,Polyester; Polyester; Polyurethane; Polyurethane; Thermoplastic Polyurethane; Zinc,,,27.99,/241/54/217359_CA_1,217359_CA_1.jpg,none,,,,,
217366_AQ,217366,Backpack FLEUR Aquamarine,_AQ,Aquamarine,Hand Bag,Backpack,Fantasy PU,Polyester; Polyurethane; Polyurethane,Light Golden,,25.99,/241/54/217366_AQ_1,217366_AQ_1.jpg,none,,,,,
217553_BK,217553,Crossbody Bag ZOO2 Black,_BK,Black,Hand Bag,Cross,Padded Pu,Polyester; Polyurethane; Polyurethane,Silver,,25.99,/241/54/217553_BK_1,217553_BK_1.jpg,none,,,,,
217553_TU,217553,Crossbody Bag ZOO2 Taupe,_TU,Taupe,Hand Bag,Cross,Padded Pu,Polyurethane; Polyurethane; Polyester,Silver,,25.99,/241/54/217553_TU_1,217553_TU_1.jpg,none,,,,,
217554_EC,217554,Briefcase TROPICO Ecru,_EC,Ecru,Hand Bag,Briefcase,Plain PU,Cotton; Polyester; Polyurethane; Polyurethane; Wood,,,32.99,/241/54/217554_EC_1,217554_EC_1.jpg,none,,,,,
217796_BK,217796,Shoulder Bag CUPID Black,_BK,Black,Hand Bag,Shoulder Bag,Nylon,Fiberglass; Nylon; Polyester; Polyurethane,Silver,,19.99,/241/54/217796_BK_1,217796_BK_1.jpg,none,,,,,
217796_RD,217796,Shoulder Bag CUPID Red,_RD,Red,Hand Bag,Shoulder Bag,Nylon,Fiberglass; Nylon; Polyester; Polyurethane,Silver,,19.99,/241/54/217796_RD_1,217796_RD_1.jpg,none,,,,,
217797_PK,217797,Shopper Bag CUPID Pink,_PK,Pink,Hand Bag,Shopper,Denim,Cotton; Polyester; Polyurethane,Silver,,29.99,/241/54/217797_PK_1,217797_PK_1.jpg,none,,,,,
217916_OR,217916,Shopper Bag PICASSO1 Orange,_OR,Orange,Hand Bag,Shopper,Nylon,Polyester; Polyester; Polyester; Polyurethane; Polyurethane; Polyurethane,Silver,,23.99,/241/54/217916_OR_1,217916_OR_1.jpg,none,,,,,
217916_TU,217916,Shopper Bag PICASSO1 Taupe,_TU,Taupe,Hand Bag,Shopper,Nylon,Polyester; Polyester; Polyester; Polyurethane; Polyurethane; Polyurethane,Silver,,23.99,/241/54/217916_TU_1,217916_TU_1.jpg,none,,,,,
217978_GD,217978,Crossbody Bag SILVERSURFER3 Gold,_GD,Gold,Hand Bag,Cross,Fantasy PU,Polyester; Polyurethane; Polyurethane,Silver,,25.99,/241/54/217978_GD_1,217978_GD_1.jpg,none,,,,,
217986_BL,217986,Lunch Bag SMILE Blue,_BL,Blue,Hand Bag,Lunch Bag,Printed PU,Polyester; Polyester; Polyethylene Terephthalate; Polyurethane,Silver,,19.99,/241/54/217986_BL_1,217986_BL_1.jpg,none,,,,,
218037_SV,218037,Shopper Bag PICASSO2 Silver,_SV,Silver,Hand Bag,Shopper,Fantasy Fabric,Polyamide; Polyamide; Polyester; Polyester; Polyester; Polyurethane; Polyurethane,Silver,,29.99,/241/54/218037_SV_1,218037_SV_1.jpg,none,,,,,
218048_BK,218048,Tote Bag CUPIDO3 Black,_BK,Black,Hand Bag,Tote,Plain PU,Polyester; Polyester; Polyurethane; Polyurethane; Polyurethane,,,27.99,/241/54/218048_BK_1,218048_BK_1.jpg,none,,,,,
218048_CA,218048,Tote Bag CUPIDO3 Camel,_CA,Camel,Hand Bag,Tote,Plain PU,Polyurethane; Polyurethane; Polyester; Polyester; Polyurethane,,,27.99,/241/54/218048_CA_1,218048_CA_1.jpg,none,,,,,
218048_EC,218048,Tote Bag CUPIDO3 Ecru,_EC,Ecru,Hand Bag,Tote,Plain PU,Polyester; Polyester; Polyurethane; Polyurethane; Polyurethane,,,27.99,/241/54/218048_EC_1,218048_EC_1.jpg,none,,,,,
218177_CA,218177,Crossbody Bag BRIGITTE Camel,_CA,Camel,Hand Bag,Cross,Plain PU,Polyurethane; Polyurethane,Silver,,19.99,/241/54/218177_CA_1,218177_CA_1.jpg,none,,,,,
218177_CL,218177,Crossbody Bag BRIGITTE Coral,_CL,Coral,Hand Bag,Cross,Plain PU,Polyurethane; Polyurethane,Silver,,19.99,/241/54/218177_CL_1,218177_CL_1.jpg,none,,,,,
218177_EC,218177,Crossbody Bag BRIGITTE Ecru,_EC,Ecru,Hand Bag,Cross,Plain PU,Polyurethane; Polyurethane,Silver,,19.99,/241/54/218177_EC_1,218177_EC_1.jpg,none,,,,,
218177_YL,218177,Crossbody Bag BRIGITTE Yellow,_YL,Yellow,Hand Bag,Cross,Plain PU,Polyurethane; Polyurethane,Silver,,19.99,/241/54/218177_YL_1,218177_YL_1.jpg,none,,,,,
218282_CL,218282,Lunch Bag FLOWER PATCH Coral,_CL,Coral,Hand Bag,Lunch Bag,Printed PU,Polyester; Polyethylene Terephthalate; Polyurethane,Silver,,19.99,/241/54/218282_CL_1,218282_CL_1.jpg,none,,,,,
218453NC,218453,Tote Bag ZOO2 Natural Color,NC,Natural Color,Hand Bag,Tote,Paper straw,Paper; Polyurethane,,,27.99,/241/54/218453NC_1,218453NC_1.jpg,none,,,,,
218631_EC,218631,Sac MADEIRA Ecru,_EC,Ecru,Hand Bag,Sac,Crochet,Cotton; Cotton; Linen,,,39.99,/241/54/218631_EC_1,218631_EC_1.jpg,none,,,,,
218631_PU,218631,Sac MADEIRA Purple,_PU,Purple,Hand Bag,Sac,Crochet,Cotton; Cotton; Linen,,,39.99,/241/54/218631_PU_1,218631_PU_1.jpg,none,,,,,
218631_RD,218631,Sac MADEIRA Red,_RD,Red,Hand Bag,Sac,Crochet,Cotton; Cotton; Linen,,,39.99,/241/54/218631_RD_1,218631_RD_1.jpg,none,,,,,
218669NC,218669,Crossbody Bag SELVA1 Natural Color,NC,Natural Color,Hand Bag,Cross,Paper straw,Acrylic; Cotton; Elastane; Paper; Polyester; Polyurethane; Viscose,Light Golden,,23.99,/241/54/218669NC_1y,218669NC_1y.jpg,none,,,,,
218730_BU,218730,Envelope Bag KOLKATA2 Burgundy,_BU,Burgundy,Hand Bag,Envelope,Paper straw,Cotton; Iron; Linen; Paper; Polyester; Polyurethane,Silver,,19.99,/242/54/218730_BU_1,218730_BU_1.jpg,none,,,,,
218730_GN,218730,Envelope Bag KOLKATA2 Green,_GN,Green,Hand Bag,Envelope,Paper straw,Cotton; Iron; Linen; Paper; Polyester; Polyurethane,Silver,,19.99,/242/54/218730_GN_1,218730_GN_1.jpg,none,,,,,
218865NC,218865,Crossbody Bag MANAUS Natural Color,NC,Natural Color,Hand Bag,Cross,Paper straw,Cotton; Cotton; Paper; Polyester; Polyester; Polyurethane; Polyurethane; Shell; Wood,Light Golden,,25.99,/241/54/218865NC_1,218865NC_1.jpg,none,,,,,
218874NC,218874,Tote Bag MANAUS Natural Color,NC,Natural Color,Hand Bag,Tote,Paper straw,Cotton; Paper; Polyester; Polyester; Polyester; Polyurethane; Shell; Wood; Zinc; Zinc,Light Golden,,25.99,/241/54/218874NC_1,218874NC_1.jpg,none,,,,,
218914_PK,218914,Crossbody Bag MAMMINA Pink,_PK,Pink,Hand Bag,Cross,Printed Fake Nylon,Polyester; Polyester; Polyurethane,Silver,,19.99,/241/54/218914_PK_1,218914_PK_1.jpg,none,,,,,
218956_BL,218956,Shopper Bag MAMMINA Blue,_BL,Blue,Hand Bag,Shopper,Denim,Cotton; Polyester; Polyester; Polyurethane; Polyurethane; Polyurethane; Polyester,Silver,,25.99,/241/54/218956_BL_1,218956_BL_1.jpg,none,,,,,
219033NC,219033,Crossbody Bag SELVA3 Natural Color,NC,Natural Color,Hand Bag,Cross,Fake straw,Polyester; Polyester; Polypropylene; Polyurethane; Polyurethane,,,27.99,/241/54/219033NC_1,219033NC_1.jpg,none,,,,,
219098_WT,219098,Shopper Bag ZOO2 White,_WT,White,Hand Bag,Shopper,Printed Fabric,Cotton; Polyester; Polyester; Polyurethane,Silver,,29.99,/241/54/219098_WT_1,219098_WT_1.jpg,none,,,,,
219244_BK,219244,Tote Bag PICASSO3 Black,_BK,Black,Hand Bag,Tote,Nylon,Polyurethane; Silicone; Zinc; Aluminium; Polyester; Polyester; Polyester,Silver,,23.99,/241/54/219244_BK_1,219244_BK_1.jpg,none,,,,,
219244_EC,219244,Tote Bag PICASSO3 Ecru,_EC,Ecru,Hand Bag,Tote,Nylon,Aluminium; Polyester; Polyester; Polyester; Polyurethane; Silicone; Zinc,Silver,,23.99,/241/54/219244_EC_1,219244_EC_1.jpg,none,,,,,
219244_GN,219244,Tote Bag PICASSO3 Green,_GN,Green,Hand Bag,Tote,Nylon,Aluminium; Polyester; Polyester; Polyester; Polyurethane; Silicone; Zinc,Silver,,23.99,/241/54/219244_GN_1,219244_GN_1.jpg,none,,,,,
219244_TU,219244,Tote Bag PICASSO3 Taupe,_TU,Taupe,Hand Bag,Tote,Nylon,Aluminium; Polyester; Polyester; Polyester; Polyurethane; Silicone; Zinc,Silver,,23.99,/241/54/219244_TU_1,219244_TU_1.jpg,none,,,,,
219314_CA,219314,Sac SELVA3 Camel,_CA,Camel,Hand Bag,Sac,Plain PU,Polyurethane; Polyurethane; Polyester; Polyester; Polyurethane; Polyurethane,,,25.99,/241/54/219314_CA_1,219314_CA_1.jpg,none,,,,,
219314_EC,219314,Sac SELVA3 Ecru,_EC,Ecru,Hand Bag,Sac,Plain PU,Polyester; Polyester; Polyurethane; Polyurethane; Polyurethane; Polyurethane,,,25.99,/241/54/219314_EC_1,219314_EC_1.jpg,none,,,,,
219412_BK,219412,Shoulder Bag POPEYE3 Black,_BK,Black,Hand Bag,Shoulder Bag,Plain PU,Polyester; Polyurethane; Polyurethane,Silver,,29.99,/241/54/219412_BK_1,219412_BK_1.jpg,none,,,,,
219412_CA,219412,Shoulder Bag POPEYE3 Camel,_CA,Camel,Hand Bag,Shoulder Bag,Plain PU,Polyester; Polyurethane; Polyurethane,Silver,,29.99,/241/54/219412_CA_1,219412_CA_1.jpg,none,,,,,
219412_EC,219412,Shoulder Bag POPEYE3 Ecru,_EC,Ecru,Hand Bag,Shoulder Bag,Plain PU,Polyester; Polyurethane; Polyurethane,Silver,,29.99,/241/54/219412_EC_1,219412_EC_1.jpg,none,,,,,
219418_EC,219418,Crossbody Bag SELVA2 Ecru,_EC,Ecru,Hand Bag,Cross,Plain PU,Polyester; Polyurethane; Polyurethane,,,27.99,/241/54/219418_EC_1,219418_EC_1.jpg,none,,,,,
219543NC,219543,Crossbody Bag BUZIOS SET Natural Color,NC,Natural Color,Hand Bag,Cross,Straw,Cotton; Polyurethane; Jute,Light Golden,,23.99,/241/54/219543NC_1,219543NC_1.jpg,none,,,,,
219549NC,219549,Crossbody Bag CARIBE Natural Color,NC,Natural Color,Hand Bag,Cross,Straw,Straw; Viscose; Wood; Cotton; Cotton; Polyester; Polyester; Polyurethane,Light Golden,,23.99,/241/54/219549NC_1,219549NC_1.jpg,none,,,,,
219564NC,219564,Shopper Bag BUZIOS Natural Color,NC,Natural Color,Hand Bag,Shopper,Paper straw,Cotton; Paper; Polyester; Polyurethane,,,27.99,/241/54/219564NC_1,219564NC_1.jpg,none,,,,,
219574_BL,219574,Tote Bag CARIBE Blue,_BL,Blue,Hand Bag,Tote,Patchwork,Cotton; Polyester; Polyester; Polyurethane; Polyurethane,Silver,,25.99,/241/54/219574_BL_1,219574_BL_1.jpg,none,,,,,
219604NC,219604,Crossbody Bag PATTY Natural Color,NC,Natural Color,Hand Bag,Cross,Fake straw,Polyester; Polyester; Polypropylene; Polyurethane; Polyurethane; Zinc; Cotton; Polyester,Silver,,23.99,/241/54/219604NC_1,219604NC_1.jpg,none,,,,,
219604_CA,219604,Crossbody Bag PATTY Camel,_CA,Camel,Hand Bag,Cross,Fake straw,Cotton; Polyester; Polyester; Polyester; Polypropylene; Polyurethane; Polyurethane; Zinc,Silver,,23.99,/241/54/219604_CA_1,219604_CA_1.jpg,none,,,,,
219616_EC,219616,Tote Bag SELVA1 Ecru,_EC,Ecru,Hand Bag,Tote,Plain PU,Polyurethane; Polyurethane,Light Golden,,25.99,/241/54/219616_EC_1,219616_EC_1.jpg,none,,,,,
219616_KK,219616,Tote Bag SELVA1 Khaki,_KK,Khaki,Hand Bag,Tote,Plain PU,Polyurethane; Polyurethane,Light Golden,,25.99,/241/54/219616_KK_1,219616_KK_1.jpg,none,,,,,
219616_NV,219616,Tote Bag SELVA1 Navy,_NV,Navy,Hand Bag,Tote,Plain PU,Polyurethane; Polyurethane,Light Golden,,25.99,/241/54/219616_NV_1,219616_NV_1.jpg,none,,,,,
219708NC,219708,Crossbody Bag CURRY2 Natural Color,NC,Natural Color,Hand Bag,Cross,Paper straw,Paper; Polyester; Polyurethane,Silver,,23.99,/241/54/219708NC_1,219708NC_1.jpg,none,,,,,
220121NC,220121,Tote Bag STRAWBERRY Natural Color,NC,Natural Color,Hand Bag,Tote,Straw,Wood; Wood; Cotton; Cotton; Paper; Polyester; Polyester; Polyurethane; Straw; Viscose,Silver,,23.99,/242/54/220121NC_1,220121NC_1.jpg,none,,,,,
220147_BK,220147,Backpack SAHARA Black,_BK,Black,Hand Bag,Backpack,Plain PU,Polyester; Polyester; Polyurethane; Polyurethane; Zinc,Light Golden,,19.99,/242/54/220147_BK_1,220147_BK_1.jpg,none,,,,,
220147_EC,220147,Backpack SAHARA Ecru,_EC,Ecru,Hand Bag,Backpack,Plain PU,Polyester; Polyester; Polyurethane; Polyurethane; Zinc,Light Golden,,19.99,/242/54/220147_EC_1,220147_EC_1.jpg,none,,,,,
220147_NV,220147,Backpack SAHARA Navy,_NV,Navy,Hand Bag,Backpack,Plain PU,Polyester; Polyester; Polyurethane; Polyurethane; Zinc,Light Golden,,19.99,/242/54/220147_NV_1,220147_NV_1.jpg,none,,,,,
220151_CL,220151,Lunch Bag SAHARA Coral,_CL,Coral,Hand Bag,Lunch Bag,Printed Fake Nylon,Polyester; Polyethylene Terephthalate; Polyester; Polyurethane,Silver,,19.99,/242/54/220151_CL_1,220151_CL_1.jpg,none,,,,,
220348NC,220348,Shoulder Bag CURRY3 Natural Color,NC,Natural Color,Hand Bag,Shoulder Bag,Paper straw,Polyester; Polypropylene; Polyurethane; Polyurethane; Polyethylene,,,27.99,/241/54/220348NC_1,220348NC_1.jpg,none,,,,,
220392NC,220392,Crossbody Bag STRAWBERRY Natural Color,NC,Natural Color,Hand Bag,Cross,Paper straw,Iron; Iron; Linen; Paper; Polyurethane; Polyurethane,Light Golden,,25.99,/242/54/220392NC_1,220392NC_1.jpg,none,,,,,
220411DNC,220411,Tote Bag HONDURAS Dark Natural Color,DNC,Dark Natural Color,Hand Bag,Tote,Paper straw,Cotton; Polyester; Polyurethane; Paper,,,27.99,/242/54/220411DNC_1,220411DNC_1.jpg,none,,,,,
220422NC,220422,Crossbody Bag HONDURAS Natural Color,NC,Natural Color,Hand Bag,Cross,Paper straw,Cotton; Linen; Polyester; Polyurethane; Jute,Light Golden,,23.99,/242/54/220422NC_1,220422NC_1.jpg,none,,,,,
220565_BK,220565,Sac BLOW Black,_BK,Black,Hand Bag,Sac,Plain PU,Polyester; Polyurethane; Polyurethane,Light Golden,,23.99,/242/54/220565_BK_1,220565_BK_1.jpg,none,,,,,
220565_CA,220565,Sac BLOW Camel,_CA,Camel,Hand Bag,Sac,Plain PU,Polyester; Polyurethane; Polyurethane,Light Golden,,23.99,/242/54/220565_CA_1,220565_CA_1.jpg,none,,,,,
220565_EC,220565,Sac BLOW Ecru,_EC,Ecru,Hand Bag,Sac,Plain PU,Polyurethane; Polyester; Polyurethane,Light Golden,,23.99,/242/54/220565_EC_1,220565_EC_1.jpg,none,,,,,
220565_GN,220565,Sac BLOW Green,_GN,Green,Hand Bag,Sac,Plain PU,Polyurethane; Polyester; Polyurethane,Light Golden,,23.99,/242/54/220565_GN_1,220565_GN_1.jpg,none,,,,,
220565_NV,220565,Sac BLOW Navy,_NV,Navy,Hand Bag,Sac,Plain PU,Polyurethane; Polyester; Polyurethane,Light Golden,,23.99,/242/54/220565_NV_1,220565_NV_1.jpg,none,,,,,
220565_SV,220565,Sac BLOW Silver,_SV,Silver,Hand Bag,Sac,Plain PU,Polyurethane; Polyester; Polyurethane,Light Golden,,23.99,/242/54/220565_SV_1,220565_SV_1.jpg,none,,,,,
220571_JN,220571,Tote Bag STRAWBERRY Blue Jeans,_JN,Blue Jeans,Hand Bag,Tote,Denim,Cotton; Polyester; Viscose,Silver,,19.99,/242/54/220571_JN_1,220571_JN_1.jpg,none,,,,,
220697_CA,220697,Tote Bag WOODY1 Camel,_CA,Camel,Hand Bag,Tote,Plain PU,Polyurethane; Polyurethane,Light Golden,,25.99,/241/54/220697_CA_1,220697_CA_1.jpg,none,,,,,
220697_EC,220697,Tote Bag WOODY1 Ecru,_EC,Ecru,Hand Bag,Tote,Plain PU,Polyurethane; Polyurethane,Light Golden,,25.99,/241/54/220697_EC_1,220697_EC_1.jpg,none,,,,,
220697_KK,220697,Tote Bag WOODY1 Khaki,_KK,Khaki,Hand Bag,Tote,Plain PU,Polyurethane; Polyurethane,Light Golden,,25.99,/241/54/220697_KK_1,220697_KK_1.jpg,none,,,,,
220724_BL,220724,Sac WOODY3 Blue,_BL,Blue,Hand Bag,Sac,Plain PU,Polyester; Polyurethane; Polyurethane; Polyurethane,,,27.99,/241/54/220724_BL_1,220724_BL_1.jpg,none,,,,,
220724_CA,220724,Sac WOODY3 Camel,_CA,Camel,Hand Bag,Sac,Plain PU,Polyester; Polyurethane; Polyurethane; Polyurethane,,,27.99,/241/54/220724_CA_1,220724_CA_1.jpg,none,,,,,
220724_EC,220724,Sac WOODY3 Ecru,_EC,Ecru,Hand Bag,Sac,Plain PU,Polyester; Polyurethane; Polyurethane; Polyurethane,,,27.99,/241/54/220724_EC_1,220724_EC_1.jpg,none,,,,,
220900NC,220900,Envelope Bag KOLKATA1 Natural Color,NC,Natural Color,Hand Bag,Envelope,Jute,Jute; Jute,,,19.99,/242/54/220900NC_1,220900NC_1.jpg,none,,,,,
221002_SV,221002,Handbag STRIPES2 Silver,_SV,Silver,Hand Bag,Mini Bag,Fantasy PU,Polyester; Polyurethane; Polyurethane,,,19.99,/241/54/221002_SV_1,221002_SV_1.jpg,none,,,,,
221058_BK,221058,Sac BRAIDED PU CAPSULE Black,_BK,Black,Hand Bag,Sac,Interlaced,Polyurethane; Polyurethane,,,39.99,/241/54/221058_BK_1,221058_BK_1.jpg,none,,,,,
221058_TU,221058,Sac BRAIDED PU CAPSULE Taupe,_TU,Taupe,Hand Bag,Sac,Interlaced,Polyurethane; Polyurethane,,,39.99,/241/54/221058_TU_1,221058_TU_1.jpg,none,,,,,
221074_EC,221074,Sac PADDED NYLON CAPSULE Ecru,_EC,Ecru,Hand Bag,Sac,Nylon,Polyester; Polyester; Polyurethane,,,25.99,/241/54/221074_EC_1,221074_EC_1.jpg,none,,,,,
221133_BK,221133,Shopper Bag BRAIDED LEATHER Black,_BK,Black,Hand Bag,Shopper,Leather,Cow Leather,,,79.99,/241/54/221133_BK_1,221133_BK_1.jpg,none,,,,,
221133_EC,221133,Shopper Bag BRAIDED LEATHER Ecru,_EC,Ecru,Hand Bag,Shopper,Leather,Cow Leather,,,79.99,/241/54/221133_EC_1,221133_EC_1.jpg,none,,,,,
221133_GN,221133,Shopper Bag BRAIDED LEATHER Green,_GN,Green,Hand Bag,Shopper,Leather,Cow Leather; Cow Leather,,,79.99,/241/54/221133_GN_1,221133_GN_1.jpg,none,,,,,
221133_OR,221133,Shopper Bag BRAIDED LEATHER Orange,_OR,Orange,Hand Bag,Shopper,Leather,Cow Leather; Cow Leather,,,79.99,/241/54/221133_OR_1,221133_OR_1.jpg,none,,,,,
221307_WT,221307,Tote Bag MAORI1 White,_WT,White,Hand Bag,Tote,Plain PU,Polyurethane; Polyurethane; Polyester,Silver,,23.99,/242/54/221307_WT_1,221307_WT_1.jpg,none,,,,,
221307_YL,221307,Tote Bag MAORI1 Yellow,_YL,Yellow,Hand Bag,Tote,Plain PU,Polyester; Polyurethane; Polyurethane,Silver,,23.99,/242/54/221307_YL_1,221307_YL_1.jpg,none,,,,,
221326NC,221326,Tote Bag KOLKATA3 Natural Color,NC,Natural Color,Hand Bag,Tote,Fake straw,Polyester; Polyester; Polypropylene; Polyurethane; Polyurethane,Light Golden,,25.99,/242/54/221326NC_1,221326NC_1.jpg,none,,,,,
221432_CA,221432,Tote Bag ULLA Camel,_CA,Camel,Hand Bag,Tote,Fantasy PU,Polyester; Polyurethane; Polyurethane,,,27.99,/242/54/221432_CA_1,221432_CA_1.jpg,none,,,,,
221440_RD,221440,Envelope Bag KOLKATA2 Red,_RD,Red,Hand Bag,Envelope,Fantasy Fabric,Cotton; Glass; Polyester; Cotton; Cotton,,,19.99,/242/54/221440_RD_1,221440_RD_1.jpg,none,,,,,
221591_BK,221591,Shopper Bag AVA Black,_BK,Black,Hand Bag,Shopper,Plain PU,Polyester; Polyurethane; Polyurethane; Polyester,Light Golden,,25.99,/242/54/221591_BK_1,221591_BK_1.jpg,none,,,,,
221591_CA,221591,Shopper Bag AVA Camel,_CA,Camel,Hand Bag,Shopper,Plain PU,Polyester; Polyester; Polyurethane; Polyurethane,Light Golden,,25.99,/242/54/221591_CA_1,221591_CA_1.jpg,none,,,,,
221591_EC,221591,Shopper Bag AVA Ecru,_EC,Ecru,Hand Bag,Shopper,Plain PU,Polyester; Polyester; Polyurethane; Polyurethane,Light Golden,,25.99,/242/54/221591_EC_1,221591_EC_1.jpg,none,,,,,
221591_MD,221591,Shopper Bag AVA Mustard,_MD,Mustard,Hand Bag,Shopper,Plain PU,Polyester; Polyester; Polyurethane; Polyurethane,Light Golden,,25.99,/242/54/221591_MD_1,221591_MD_1.jpg,none,,,,,
221591_NV,221591,Shopper Bag AVA Navy,_NV,Navy,Hand Bag,Shopper,Plain PU,Polyester; Polyester; Polyurethane; Polyurethane,Light Golden,,25.99,/242/54/221591_NV_1,221591_NV_1.jpg,none,,,,,
221593_BK,221593,Crossbody Bag AVA Black,_BK,Black,Hand Bag,Cross,Plain PU,Polyester; Polyurethane; Polyurethane,Light Golden,,19.99,/242/54/221593_BK_1,221593_BK_1.jpg,none,,,,,
221593_CA,221593,Crossbody Bag AVA Camel,_CA,Camel,Hand Bag,Cross,Plain PU,Polyester; Polyurethane; Polyurethane,Light Golden,,19.99,/242/54/221593_CA_1,221593_CA_1.jpg,none,,,,,
221593_EC,221593,Crossbody Bag AVA Ecru,_EC,Ecru,Hand Bag,Cross,Plain PU,Polyurethane; Polyurethane; Polyester,Light Golden,,19.99,/242/54/221593_EC_1,221593_EC_1.jpg,none,,,,,
221600_LM,221600,Handbag MAORI2 Lime,_LM,Lime,Hand Bag,Mini Bag,Peach PU,Polyester; Polyurethane; Polyurethane,Silver,,19.99,/242/54/221600_LM_1,221600_LM_1.jpg,none,,,,,
221600_PK,221600,Handbag MAORI2 Pink,_PK,Pink,Hand Bag,Mini Bag,Peach PU,Polyester; Polyurethane; Polyurethane,Silver,,19.99,/242/54/221600_PK_1,221600_PK_1.jpg,none,,,,,
221639_BM,221639,Shopper Bag MAORI2 Bright Multicolor,_BM,Bright Multicolor,Hand Bag,Shopper,Printed Nylon,Polyurethane; Polyester; Polyester,Silver,,29.99,/242/54/221639_BM_1,221639_BM_1.jpg,none,,,,,
221646_WT,221646,Crossbody Bag FLORA White,_WT,White,Hand Bag,Cross,Plain PU,Polyester; Polyurethane; Polyurethane,Silver,,25.99,/242/54/221646_WT_1,221646_WT_1.jpg,none,,,,,
221714DNC,221714,Shopper Bag ULLA Dark Natural Color,DNC,Dark Natural Color,Hand Bag,Shopper,Paper straw,Cotton; Cotton; Iron; Iron; Linen; Paper; Polyurethane; Polyurethane; Wood,Light Golden,,25.99,/242/54/221714DNC_1,221714DNC_1.jpg,none,,,,,
221756_CA,221756,Tote Bag STRAWBERRY Camel,_CA,Camel,Hand Bag,Tote,Fake straw,Cotton; Iron; Iron; Linen; Polyester; Polyurethane; Polyurethane,Light Golden,,23.99,/242/54/221756_CA_1,221756_CA_1.jpg,none,,,,,
221771NC,221771,Tote Bag ANASTASIA Natural Color,NC,Natural Color,Hand Bag,Tote,Paper straw,Paper; Polyurethane; Polyurethane; Cotton; Cotton; Iron; Iron; Iron; Linen,Light Golden,,23.99,/242/54/221771NC_1,221771NC_1.jpg,none,,,,,
221854_BM,221854,Envelope Bag KOLKATA2 Bright Multicolor,_BM,Bright Multicolor,Hand Bag,Envelope,Fantasy Fabric,Cotton; Cotton; Fiberglass; Polyester,Silver,,25.99,/242/54/221854_BM_1,221854_BM_1.jpg,none,,,,,
221857_BG,221857,Crossbody Bag NATALIA Beige,_BG,Beige,Hand Bag,Cross,Fake Nylon,Polyurethane; Polyurethane; Polyester,Silver,,25.99,/242/54/221857_BG_1,221857_BG_1.jpg,none,,,,,
221857_EC,221857,Crossbody Bag NATALIA Ecru,_EC,Ecru,Hand Bag,Cross,Fake Nylon,Polyester; Polyurethane; Polyurethane,Silver,,25.99,/242/54/221857_EC_1,221857_EC_1.jpg,none,,,,,
221857_GN,221857,Crossbody Bag NATALIA Green,_GN,Green,Hand Bag,Cross,Fake Nylon,Polyester; Polyurethane; Polyurethane,Silver,,25.99,/242/54/221857_GN_1,221857_GN_1.jpg,none,,,,,
221872_GN,221872,Sac FRINGES CAPSULE Green,_GN,Green,Hand Bag,Sac,Real Suede,Cotton; Cow Suede Leather,Silver,,49.99,/242/54/221872_GN_1,221872_GN_1.jpg,none,,,,,
221872_TU,221872,Sac FRINGES CAPSULE Taupe,_TU,Taupe,Hand Bag,Sac,Real Suede,Cotton; Cow Suede Leather,Silver,,49.99,/242/54/221872_TU_1,221872_TU_1.jpg,none,,,,,
222079_BM,222079,Shopper Bag GOLDEN BAY3 Bright Multicolor,_BM,Bright Multicolor,Hand Bag,Shopper,Mesh,Polyester,,,12.99,/242/54/222079_BM_1,222079_BM_1.jpg,none,,,,,
222126_CA,222126,Crossbody Bag GOLDEN BAY3 Camel,_CA,Camel,Hand Bag,Cross,Peach PU,Aluminium; Polyester; Polyester; Polyurethane; Polyurethane; Polyurethane; Resin; Zinc,Silver,,25.99,/242/54/222126_CA_1,222126_CA_1.jpg,none,,,,,
222126_EC,222126,Crossbody Bag GOLDEN BAY3 Ecru,_EC,Ecru,Hand Bag,Cross,Peach PU,Aluminium; Polyester; Polyester; Polyurethane; Polyurethane; Polyurethane; Resin; Zinc,Silver,,25.99,/242/54/222126_EC_1,222126_EC_1.jpg,none,,,,,
222126_PK,222126,Crossbody Bag GOLDEN BAY3 Pink,_PK,Pink,Hand Bag,Cross,Peach PU,Polyester; Polyurethane; Polyurethane; Polyurethane; Resin; Zinc; Aluminium; Polyester,Silver,,25.99,/242/54/222126_PK_1,222126_PK_1.jpg,none,,,,,
222173_CA,222173,Sac GOLDEN BAY3 Camel,_CA,Camel,Hand Bag,Sac,Plain PU,Polyester; Polyurethane; Polyurethane,Light Golden,,25.99,/242/54/222173_CA_1,222173_CA_1.jpg,none,,,,,
222173_WT,222173,Sac GOLDEN BAY3 White,_WT,White,Hand Bag,Sac,Plain PU,Polyester; Polyurethane; Polyurethane,Light Golden,,25.99,/242/54/222173_WT_1,222173_WT_1.jpg,none,,,,,
222234_BK,222234,Backpack HASHTAG1 Black,_BK,Black,Hand Bag,Backpack,Nylon,Polyester; Polyurethane; Zinc; Polyester; Polyurethane; Polyester,Light Golden,,25.99,/242/54/222234_BK_1,222234_BK_1.jpg,none,,,,,
222234_EC,222234,Backpack HASHTAG3 Ecru,_EC,Ecru,Hand Bag,Backpack,Nylon,Polyester; Polyester; Polyester; Polyurethane; Polyurethane; Zinc,Silver,,25.99,/242/54/222234_EC_1,222234_EC_1.jpg,none,,,,,
222234_KK,222234,Backpack HASHTAG2 Khaki,_KK,Khaki,Hand Bag,Backpack,Nylon,Polyester; Polyester; Polyurethane; Polyurethane; Zinc; Polyester,Light Golden,,25.99,/242/54/222234_KK_1,222234_KK_1.jpg,none,,,,,
222238_KK,222238,Lunch Bag HASHTAG3 Khaki,_KK,Khaki,Hand Bag,Lunch Bag,Fake Nylon,Polyester; Polyester; Polyethylene Terephthalate; Polyurethane,Light Golden,,19.99,/242/54/222238_KK_1,222238_KK_1.jpg,none,,,,,
222240_BG,222240,Backpack HASHTAG3 Beige,_BG,Beige,Hand Bag,Backpack,Plain PU,Polyester; Polyurethane; Polyurethane,Light Golden,,19.99,/242/54/222240_BG_1,222240_BG_1.jpg,none,,,,,
222240_BK,222240,Backpack HASHTAG2 Black,_BK,Black,Hand Bag,Backpack,Plain PU,Polyester; Polyurethane; Polyurethane,Light Golden,,19.99,/242/54/222240_BK_1,222240_BK_1.jpg,none,,,,,
222240_KK,222240,Backpack HASHTAG2 Khaki,_KK,Khaki,Hand Bag,Backpack,Plain PU,Polyester; Polyurethane; Polyurethane,Light Golden,,19.99,/242/54/222240_KK_1,222240_KK_1.jpg,none,,,,,
222240_NV,222240,Backpack HASHTAG3 Navy,_NV,Navy,Hand Bag,Backpack,Plain PU,Polyester; Polyurethane; Polyurethane,Light Golden,,19.99,/242/54/222240_NV_1,222240_NV_1.jpg,none,,,,,
222247NC,222247,Crossbody Bag KOLKATA1 Natural Color,NC,Natural Color,Hand Bag,Cross,Jute,Cotton; Cotton; Jute; glass bead,,,19.99,/242/54/222247NC_1,222247NC_1.jpg,none,,,,,
222260_NV,222260,Crossbody Bag PALMS Navy,_NV,Navy,Hand Bag,Cross,Color Block,Polyester; Polyurethane; Polyurethane,Light Golden,,25.99,/242/54/222260_NV_1,222260_NV_1.jpg,none,,,,,
222325_BM,222325,Shopper Bag GOLDEN BAY2 Bright Multicolor,_BM,Bright Multicolor,Hand Bag,Shopper,Nylon,Aluminium; Iron; Polyester; Polyester; Polyurethane; Resin; Acrylic; Polyurethane; Polyester; Silicone,Silver,,35.99,/242/54/222325_BM_1,222325_BM_1.jpg,none,,,,,
222328_BK,222328,Handbag BARDOT Black,_BK,Black,Hand Bag,Computer Backpack,Animal Embossed PU,Polyester; Polyester; Polyester; Polyurethane; Polyurethane; Polyurethane,,,32.99,/242/54/222328_BK_1,222328_BK_1.jpg,none,,,,,
222328_CA,222328,Handbag BARDOT Camel,_CA,Camel,Hand Bag,Computer Backpack,Animal Embossed PU,Polyester; Polyester; Polyester; Polyurethane; Polyurethane; Polyurethane,,,32.99,/242/54/222328_CA_1,222328_CA_1.jpg,none,,,,,
222337_BK,222337,Computer Hand Bag BARDOT Black,_BK,Black,Hand Bag,Computer Hand Bag,Plain PU,Polyester; Polyurethane; Polyester; Polyester; Polyurethane; Polyester; Polyester; Polyurethane; Polyurethane,Light Golden,,29.99,/242/54/222337_BK_1,222337_BK_1.jpg,none,,,,,
222337_CA,222337,Computer Hand Bag BARDOT Camel,_CA,Camel,Hand Bag,Computer Hand Bag,Plain PU,Polyester; Polyurethane; Polyester; Polyurethane; Polyurethane; Polyurethane; Polyester; Polyester; Polyester,Light Golden,,29.99,/242/54/222337_CA_1,222337_CA_1.jpg,none,,,,,
222337_EC,222337,Computer Hand Bag BARDOT Ecru,_EC,Ecru,Hand Bag,Computer Hand Bag,Plain PU,Polyester; Polyurethane; Polyurethane; Polyester; Polyester; Polyester; Polyurethane; Polyester; Polyurethane,Light Golden,,29.99,/242/54/222337_EC_1,222337_EC_1.jpg,none,,,,,
222375_BK,222375,Shopper Bag SUEDE BALLS Black,_BK,Black,Hand Bag,Shopper,Leather,Cow Leather; Cow Leather,Silver,,69.99,/241/54/222375_BK_1,222375_BK_1.jpg,none,,,,,
222375_SV,222375,Shopper Bag SUEDE BALLS Silver,_SV,Silver,Hand Bag,Shopper,Leather,Cow Leather; Cow Leather,Silver,,69.99,/241/54/222375_SV_1,222375_SV_1.jpg,none,,,,,
222464_BK,222464,Shopper Bag DAMERO2 Black,_BK,Black,Hand Bag,Shopper,Crochet,Fiberglass; Cotton; Cotton,,,39.99,/242/54/222464_BK_1,222464_BK_1.jpg,none,,,,,
222709_BL,222709,Shoulder Bag DAMERO2 Blue,_BL,Blue,Hand Bag,Shoulder Bag,Plain PU,Cotton; Polyester; Polyurethane; Polyurethane,Silver,,23.99,/242/54/222709_BL_1,222709_BL_1.jpg,none,,,,,
222709_TU,222709,Shoulder Bag DAMERO2 Taupe,_TU,Taupe,Hand Bag,Shoulder Bag,Plain PU,Polyurethane; Cotton; Polyester; Polyurethane,Silver,,23.99,/242/54/222709_TU_1,222709_TU_1.jpg,none,,,,,
222709_WT,222709,Shoulder Bag DAMERO2 White,_WT,White,Hand Bag,Shoulder Bag,Plain PU,Cotton; Polyester; Polyurethane; Polyurethane,Silver,,23.99,/242/54/222709_WT_1,222709_WT_1.jpg,none,,,,,
222804NC,222804,Crossbody Bag GOLDEN BAY3 Natural Color,NC,Natural Color,Hand Bag,Cross,Fake straw,Cotton; Cotton; Polypropylene; Polyurethane,Silver,,25.99,/242/54/222804NC_1,222804NC_1.jpg,none,,,,,
222873_BU,222873,Sac SUEDE STUDS Burgundy,_BU,Burgundy,Hand Bag,Sac,Real Suede,Cotton; Cow Suede Leather; Cow Leather,Silver,,49.99,/242/54/222873_BU_1,222873_BU_1.jpg,none,,,,,
222873_PK,222873,Sac SUEDE STUDS Pink,_PK,Pink,Hand Bag,Sac,Real Suede,Cotton; Cow Suede Leather; Cow Suede Leather,Silver,,49.99,/242/54/222873_PK_1,222873_PK_1.jpg,none,,,,,
222873_TU,222873,Sac SUEDE STUDS Taupe,_TU,Taupe,Hand Bag,Sac,Real Suede,Cotton; Cow Suede Leather; Cow Suede Leather,Silver,,49.99,/242/54/222873_TU_1,222873_TU_1.jpg,none,,,,,
222875_BU,222875,Shoulder Bag SUEDE STUDS Burgundy,_BU,Burgundy,Hand Bag,Shoulder Bag,Real Suede,Cotton; Cow Suede Leather,Silver,,39.99,/242/54/222875_BU_1,222875_BU_1.jpg,none,,,,,
222875_CA,222875,Shoulder Bag SUEDE STUDS Camel,_CA,Camel,Hand Bag,Shoulder Bag,Real Suede,Cotton; Cow Suede Leather,Silver,,39.99,/242/54/222875_CA_1,222875_CA_1.jpg,none,,,,,
222875_GN,222875,Shoulder Bag SUEDE STUDS Green,_GN,Green,Hand Bag,Shoulder Bag,Real Suede,Cotton; Cow Suede Leather,Silver,,39.99,/242/54/222875_GN_1,222875_GN_1.jpg,none,,,,,
222875_TU,222875,Shoulder Bag SUEDE STUDS Taupe,_TU,Taupe,Hand Bag,Shoulder Bag,Real Suede,Cotton; Cow Suede Leather,Silver,,39.99,/242/54/222875_TU_1,222875_TU_1.jpg,none,,,,,
222892_GD,222892,Shopper Bag DAMERO1 Gold,_GD,Gold,Hand Bag,Shopper,Fantasy PU,Polyester; Polyurethane; Polyurethane; Polyurethane,,,27.99,/242/54/222892_GD_1,222892_GD_1.jpg,none,,,,,
222892_SV,222892,Shopper Bag DAMERO1 Silver,_SV,Silver,Hand Bag,Shopper,Fantasy PU,Polyester; Polyurethane; Polyurethane; Polyurethane,,,27.99,/242/54/222892_SV_1,222892_SV_1.jpg,none,,,,,
222936_BN,222936,Shoulder Bag JOPLIN Brown,_BN,Brown,Hand Bag,Shoulder Bag,Patchwork,Cow Suede Leather; Iron; Iron; Polyester; Polyurethane; Polyurethane,,,32.99,/242/54/222936_BN_1,222936_BN_1.jpg,none,,,,,
222936_CA,222936,Shoulder Bag JOPLIN Camel,_CA,Camel,Hand Bag,Shoulder Bag,Patchwork,Cow Suede Leather; Iron; Iron; Polyester; Polyurethane; Polyurethane,,,32.99,/242/54/222936_CA_1,222936_CA_1.jpg,none,,,,,
222939_BN,222939,Sac JOPLIN Brown,_BN,Brown,Hand Bag,Sac,Patchwork,Iron; Iron; Polyester; Polyurethane; Cow Suede Leather; Polyurethane,Light Golden,,35.99,/242/54/222939_BN_1,222939_BN_1.jpg,none,,,,,
222953_BK,222953,Crossbody Bag JACKSON 1 Black,_BK,Black,Hand Bag,Cross,Nylon,Polyester; Polyester; Polyurethane; Polyurethane,Silver,,25.99,/242/54/222953_BK_1,222953_BK_1.jpg,none,,,,,
222953_BL,222953,Crossbody Bag JACKSON 2 Blue,_BL,Blue,Hand Bag,Cross,Nylon,Polyester; Polyester; Polyurethane; Polyurethane,Silver,,25.99,/242/54/222953_BL_1,222953_BL_1.jpg,none,,,,,
222953_TU,222953,Crossbody Bag JACKSON 2 Taupe,_TU,Taupe,Hand Bag,Cross,Nylon,Polyester; Polyester; Polyurethane; Polyurethane,Silver,,25.99,/242/54/222953_TU_1,222953_TU_1.jpg,none,,,,,
222955_BK,222955,Shopper Bag JACKSON 1 Black,_BK,Black,Hand Bag,Shopper,Nylon,Polyester; Polyester; Polyurethane; Polyurethane; Polyurethane; Zinc; Polyester; Polyester,Silver,,29.99,/242/54/222955_BK_1,222955_BK_1.jpg,none,,,,,
222955_TU,222955,Shopper Bag JACKSON 2 Taupe,_TU,Taupe,Hand Bag,Shopper,Nylon,Polyester; Polyester; Polyester; Polyester; Polyurethane; Polyurethane; Polyurethane; Zinc,Silver,,29.99,/242/54/222955_TU_1,222955_TU_1.jpg,none,,,,,
223029_BK,223029,Tote Bag BAKER Black,_BK,Black,Hand Bag,Tote,Printed Fabric,Polyurethane; Polyurethane; Polyester; Polyester,Light Golden,,25.99,/242/54/223029_BK_1,223029_BK_1.jpg,none,,,,,
223167_BK,223167,Computer Hand Bag DALMATA3 Black,_BK,Black,Hand Bag,Computer Hand Bag,Peach PU,Polyurethane; Polyurethane; Polyurethane; Polyester; Polyester; Polyester; Polyester,Silver,,35.99,/242/54/223167_BK_1,223167_BK_1.jpg,none,,,,,
223167_EC,223167,Computer Hand Bag DALMATA3 Ecru,_EC,Ecru,Hand Bag,Computer Hand Bag,Peach PU,Polyester; Polyester; Polyester; Polyester; Polyurethane; Polyurethane; Polyurethane,Silver,,35.99,/242/54/223167_EC_1,223167_EC_1.jpg,none,,,,,
223249_BK,223249,Shopper Bag DALMATA1 Black,_BK,Black,Hand Bag,Shopper,Plain PU,Cotton; Polyurethane; Polyurethane; Polyurethane; Polyester,,,27.99,/242/54/223249_BK_1,223249_BK_1.jpg,none,,,,,
223249_EC,223249,Shopper Bag DALMATA1 Ecru,_EC,Ecru,Hand Bag,Shopper,Plain PU,Cotton; Polyurethane; Polyurethane; Polyester; Polyurethane,,,27.99,/242/54/223249_EC_1,223249_EC_1.jpg,none,,,,,
223249_TU,223249,Shopper Bag DALMATA1 Taupe,_TU,Taupe,Hand Bag,Shopper,Plain PU,Cotton; Polyurethane; Polyurethane; Polyester; Polyurethane,,,27.99,/242/54/223249_TU_1,223249_TU_1.jpg,none,,,,,
223308_CA,223308,Briefcase ZIMBA3 Camel,_CA,Camel,Hand Bag,Briefcase,Animal Embossed PU,Polyester; Polyester; Polyurethane; Polyurethane; Polyurethane,,,39.99,/242/54/223308_CA_1,223308_CA_1.jpg,none,,,,,
223365_BM,223365,Bucket Bag ZIMBA2 Bright Multicolor,_BM,Bright Multicolor,Hand Bag,Bucket,Real Fur,Cow Leather; Polyester; Polyurethane; Polyester; Polyurethane; Cow Leather; Polyester; Polyurethane; Polyurethane,,,39.99,/242/54/223365_BM_1,223365_BM_1.jpg,none,,,,,
223399_BK,223399,Shopper Bag ISABELA Black,_BK,Black,Hand Bag,Shopper,Plain PU,Cotton; Cotton; Linen; Linen; Polyurethane; Polyurethane; Polyurethane,Light Golden,,25.99,/242/54/223399_BK_1,223399_BK_1.jpg,none,,,,,
223399_BU,223399,Shopper Bag ISABELA Burgundy,_BU,Burgundy,Hand Bag,Shopper,Plain PU,Cotton; Cotton; Linen; Linen; Polyurethane; Polyurethane; Polyurethane,Light Golden,,25.99,/242/54/223399_BU_1,223399_BU_1.jpg,none,,,,,
223399_CA,223399,Shopper Bag ISABELA Camel,_CA,Camel,Hand Bag,Shopper,Plain PU,Cotton; Cotton; Linen; Linen; Polyurethane; Polyurethane; Polyurethane,Light Golden,,25.99,/242/54/223399_CA_1,223399_CA_1.jpg,none,,,,,
223399_KK,223399,Shopper Bag ISABELA Khaki,_KK,Khaki,Hand Bag,Shopper,Plain PU,Cotton; Cotton; Linen; Linen; Polyurethane; Polyurethane; Polyurethane,Light Golden,,25.99,/242/54/223399_KK_1,223399_KK_1.jpg,none,,,,,
223425_BK,223425,Crossbody Bag LOHAN Black,_BK,Black,Hand Bag,Cross,Plain PU,Polyurethane; Polyester; Polyurethane,Light Golden,,23.99,/242/54/223425_BK_1,223425_BK_1.jpg,none,,,,,
223425_EC,223425,Crossbody Bag LOHAN Ecru,_EC,Ecru,Hand Bag,Cross,Plain PU,Polyurethane; Polyurethane; Polyester,Light Golden,,23.99,/242/54/223425_EC_1,223425_EC_1.jpg,none,,,,,
223426_BK,223426,Crossbody Bag LOHAN Black,_BK,Black,Hand Bag,Cross,Jacquard,Polyurethane; Polyurethane; Polyester; Polyester,Light Golden,,25.99,/242/54/223426_BK_1,223426_BK_1.jpg,none,,,,,
223452_BM,223452,Shoulder Bag ZIMBA3 Bright Multicolor,_BM,Bright Multicolor,Hand Bag,Shoulder Bag,Patchwork,Polyurethane; Polyester,Light Golden,,29.99,/242/54/223452_BM_1,223452_BM_1.jpg,none,,,,,
223554_GN,223554,Tote Bag ZIMBA1 Green,_GN,Green,Hand Bag,Tote,Animal Embossed PU,Polyester; Polyurethane; Polyurethane,,,27.99,/242/54/223554_GN_1,223554_GN_1.jpg,none,,,,,
223596_BU,223596,Crossbody Bag LEO1 Burgundy,_BU,Burgundy,Hand Bag,Cross,Nylon,Polyester; Zinc; Polyurethane; Polyester; Polyurethane; Polyester,Silver,,25.99,/242/54/223596_BU_1,223596_BU_1.jpg,none,,,,,
223596_TU,223596,Crossbody Bag LEO1 Taupe,_TU,Taupe,Hand Bag,Cross,Nylon,Polyester; Zinc; Polyester; Polyester; Polyurethane; Polyurethane,Silver,,25.99,/242/54/223596_TU_1,223596_TU_1.jpg,none,,,,,
223618_CA,223618,Tote Bag LEO3 Camel,_CA,Camel,Hand Bag,Tote,Peach PU,Polyurethane; Polyurethane; Polyester; Zinc; Polyester,Silver,,25.99,/242/54/223618_CA_1,223618_CA_1.jpg,none,,,,,
223619_BK,223619,Crossbody Bag LEO2 Black,_BK,Black,Hand Bag,Cross,Nylon,Zinc; Polyester; Polyester; Polyester; Aluminium; Polyurethane,Silver,,25.99,/242/54/223619_BK_1,223619_BK_1.jpg,none,,,,,
223619_BL,223619,Crossbody Bag LEO2 Blue,_BL,Blue,Hand Bag,Cross,Nylon,Polyester; Polyester; Aluminium; Polyurethane; Polyester; Zinc,Silver,,25.99,/242/54/223619_BL_1,223619_BL_1.jpg,none,,,,,
223619_CA,223619,Crossbody Bag LEO2 Camel,_CA,Camel,Hand Bag,Cross,Nylon,Zinc; Polyester; Polyester; Aluminium; Polyester; Polyurethane,Silver,,25.99,/242/54/223619_CA_1,223619_CA_1.jpg,none,,,,,
223672_BK,223672,Shopper Bag LEO1 Black,_BK,Black,Hand Bag,Shopper,Nylon,Polyester; Polyester; Polyurethane; Aluminium; Iron; Polyester,,,27.99,/242/54/223672_BK_1,223672_BK_1.jpg,none,,,,,
223672_BU,223672,Shopper Bag LEO1 Burgundy,_BU,Burgundy,Hand Bag,Shopper,Nylon,Polyester; Polyester; Polyurethane; Aluminium; Iron; Polyester,Silver,,27.99,/242/54/223672_BU_1,223672_BU_1.jpg,none,,,,,
223831_BN,223831,Shoulder Bag NEW ESSENTIALS3 Brown,_BN,Brown,Hand Bag,Shoulder Bag,Real Fur,Cow Leather; Polyester; Polyurethane; Polyurethane; Polyester; Polyurethane,Light Golden,,35.99,/242/54/223831_BN_1,223831_BN_1.jpg,none,,,,,
223930_BK,223930,Tote Bag SPECIAL SET Black,_BK,Black,Hand Bag,Tote,Plain PU,Polyurethane; Polyester; Polyurethane; Polyester,Light Golden,,23.99,/242/54/223930_BK_1,223930_BK_1.jpg,none,,,,,
223930_BL,223930,Tote Bag SPECIAL SET Blue,_BL,Blue,Hand Bag,Tote,Plain PU,Polyester; Polyurethane; Polyurethane; Polyester,Light Golden,,23.99,/242/54/223930_BL_1,223930_BL_1.jpg,none,,,,,
223930_CA,223930,Tote Bag SPECIAL SET Camel,_CA,Camel,Hand Bag,Tote,Plain PU,Polyurethane; Polyester; Polyester; Polyurethane,Light Golden,,23.99,/242/54/223930_CA_1,223930_CA_1.jpg,none,,,,,
223930_EC,223930,Tote Bag SPECIAL SET Ecru,_EC,Ecru,Hand Bag,Tote,Plain PU,Polyurethane; Polyester; Polyester; Polyurethane,Light Golden,,23.99,/242/54/223930_EC_1,223930_EC_1.jpg,none,,,,,
223984_BK,223984,Shopper Bag CORBATERO1 Black,_BK,Black,Hand Bag,Shopper,Plain PU,Polyurethane; Polyester; Polyurethane,,,27.99,/242/54/223984_BK_1,223984_BK_1.jpg,none,,,,,
223984_BN,223984,Shopper Bag CORBATERO1 Brown,_BN,Brown,Hand Bag,Shopper,Plain PU,Polyester; Polyurethane; Polyurethane,,,27.99,/242/54/223984_BN_1,223984_BN_1.jpg,none,,,,,
223984_EC,223984,Shopper Bag CORBATERO1 Ecru,_EC,Ecru,Hand Bag,Shopper,Plain PU,Polyester; Polyurethane; Polyurethane,,,27.99,/242/54/223984_EC_1,223984_EC_1.jpg,none,,,,,
223998_BK,223998,Tote Bag CORDY Black,_BK,Black,Hand Bag,Tote,Plain PU,Polyurethane; Polyester; Polyurethane; Acrylic,,,27.99,/242/54/223998_BK_1,223998_BK_1.jpg,none,,,,,
223998_CA,223998,Tote Bag CORDY Camel,_CA,Camel,Hand Bag,Tote,Plain PU,Polyester; Polyurethane; Polyurethane; Acrylic,,,27.99,/242/54/223998_CA_1,223998_CA_1.jpg,none,,,,,
224050_YL,224050,Tote Bag DALMATA2 Yellow,_YL,Yellow,Hand Bag,Tote,Fantasy PU,Polyurethane; Polyurethane; Polyester,Silver,,19.99,/242/54/224050_YL_1,224050_YL_1.jpg,none,,,,,
224094_CA,224094,Crossbody Bag LORETA Camel,_CA,Camel,Hand Bag,Cross,Real Suede,Cow Suede Leather; Polyester; Polyurethane; Polyester; Polyurethane; Polyester,,,27.99,/242/54/224094_CA_1,224094_CA_1.jpg,none,,,,,
224094_KK,224094,Crossbody Bag LORETA Khaki,_KK,Khaki,Hand Bag,Cross,Real Suede,Polyester; Polyurethane; Cow Suede Leather; Polyester; Polyurethane; Polyester,,,27.99,/242/54/224094_KK_1,224094_KK_1.jpg,none,,,,,
224294_BK,224294,Computer Hand Bag PANTERA1 Black,_BK,Black,Hand Bag,Computer Hand Bag,Plain PU,Polyester; Polyurethane; Polyurethane; Cotton,,,32.99,/242/54/224294_BK_1,224294_BK_1.jpg,none,,,,,
224294_YL,224294,Computer Hand Bag PANTERA1 Yellow,_YL,Yellow,Hand Bag,Computer Hand Bag,Plain PU,Polyester; Cotton; Polyurethane; Polyurethane,,,32.99,/242/54/224294_YL_1,224294_YL_1.jpg,none,,,,,
224459_BK,224459,Tote Bag CORBATERO3 Black,_BK,Black,Hand Bag,Tote,Printed PU,Polyurethane; Polyurethane; Polyester; Polyester; Polyurethane,Light Golden,,25.99,/242/54/224459_BK_1,224459_BK_1.jpg,none,,,,,
224459_CA,224459,Tote Bag CORBATERO3 Camel,_CA,Camel,Hand Bag,Tote,Printed PU,Polyester; Polyurethane; Polyurethane; Polyester; Polyurethane,Light Golden,,25.99,/242/54/224459_CA_1,224459_CA_1.jpg,none,,,,,
224459_KK,224459,Tote Bag CORBATERO3 Khaki,_KK,Khaki,Hand Bag,Tote,Printed PU,Polyurethane; Polyester; Polyester; Polyurethane; Polyurethane,Light Golden,,25.99,/242/54/224459_KK_1,224459_KK_1.jpg,none,,,,,
224459_PK,224459,Tote Bag CORBATERO3 Pink,_PK,Pink,Hand Bag,Tote,Printed PU,Polyurethane; Polyester; Polyurethane; Polyurethane; Polyester,Light Golden,,25.99,/242/54/224459_PK_1,224459_PK_1.jpg,none,,,,,
224485_BM,224485,Tote Bag PANTERA1 Bright Multicolor,_BM,Bright Multicolor,Hand Bag,Tote,Real Fur,Polyester; Cow Leather; Polyurethane,Silver,,45.99,/242/54/224485_BM_1,224485_BM_1.jpg,none,,,,,
224556_BK,224556,Crossbody Bag FLAGE Black,_BK,Black,Hand Bag,Cross,Fake Nylon,Polyester; Polyurethane; Polyester,Light Golden,,19.99,/242/54/224556_BK_1,224556_BK_1.jpg,none,,,,,
224556_KK,224556,Crossbody Bag FLAGE Khaki,_KK,Khaki,Hand Bag,Cross,Fake Nylon,Polyester; Polyurethane; Polyester,Light Golden,,19.99,/242/54/224556_KK_1,224556_KK_1.jpg,none,,,,,
224556_PK,224556,Crossbody Bag FLAGE Pink,_PK,Pink,Hand Bag,Cross,Fake Nylon,Polyester; Polyurethane; Polyester,Light Golden,,19.99,/242/54/224556_PK_1,224556_PK_1.jpg,none,,,,,
224646_BN,224646,Shoulder Bag PANTERA3 Brown,_BN,Brown,Hand Bag,Shoulder Bag,Real Fur,Cow Leather; Polyurethane; Polyurethane; Polyester,Silver,,35.99,/242/54/224646_BN_1,224646_BN_1.jpg,none,,,,,
224700_BN,224700,Tote Bag PANTERA2 Brown,_BN,Brown,Hand Bag,Tote,Real Fur,Polyurethane; Polyester; Polyurethane; Cow Leather,,,32.99,/242/54/224700_BN_2y,224700_BN_2y.jpg,none,,,,,
224905_BN,224905,Shopper Bag ZIMBA1 Brown,_BN,Brown,Hand Bag,Shopper,Fake Suede,Polyurethane; Cotton; Polyurethane; Polyester; Polyurethane; Polyester,Light Golden,,29.99,/242/54/224905_BN_1,224905_BN_1.jpg,none,,,,,
224970_BK,224970,Sac SCOTS3 Black,_BK,Black,Hand Bag,Sac,Fantasy PU,Polyurethane; Polyurethane,,,27.99,/242/54/224970_BK_1,224970_BK_1.jpg,none,,,,,
224970_BU,224970,Sac SCOTS3 Burgundy,_BU,Burgundy,Hand Bag,Sac,Fantasy PU,Polyurethane; Polyurethane,,,27.99,/242/54/224970_BU_1,224970_BU_1.jpg,none,,,,,
224970_EC,224970,Sac SCOTS3 Ecru,_EC,Ecru,Hand Bag,Sac,Fantasy PU,Polyurethane; Polyurethane,,,27.99,/242/54/224970_EC_1,224970_EC_1.jpg,none,,,,,
225029_BK,225029,Tote Bag SCOTS2 Black,_BK,Black,Hand Bag,Tote,Fantasy PU,Polyurethane; Polyurethane; Polyester,,,27.99,/242/54/225029_BK_1,225029_BK_1.jpg,none,,,,,
225029_RD,225029,Tote Bag SCOTS2 Red,_RD,Red,Hand Bag,Tote,Fantasy PU,Polyurethane; Polyurethane; Polyester,,,27.99,/242/54/225029_RD_1,225029_RD_1.jpg,none,,,,,
150771_ID,150771,Earring BHLOTUS Indigo Dye,_ID,Indigo Dye,Jewellery,Earrings,Stud,Iron; Stone,Brushed Golden,,4.99,/232/52/150771_ID_1,150771_ID_1.jpg,none,,,,,
1518331BK,151833,Fan FASHION SUPPLEMENTS Black,1BK,Black,Jewellery,Other Jewellery,Fan,Bamboo; Iron; Polyester,,,12.99,/221/52/1518331BK_1,1518331BK_1.jpg,none,,,,,
151833_BL,151833,Fan FASHION SUPPLEMENTS Blue,_BL,Blue,Jewellery,Other Jewellery,Fan,Iron; Polyester; Bamboo,,,12.99,/202/52/151833_BL_1,151833_BL_1.jpg,none,,,,,
151833_LM,151833,Fan FASHION SUPPLEMENTS Lime,_LM,Lime,Jewellery,Other Jewellery,Fan,Bamboo; Iron; Polyester,Other,,12.99,/242/52/151833_LM_1,151833_LM_1.jpg,none,,,,,
151833_LU,151833,Fan FASHION SUPPLEMENTS Lust,_LU,Lust,Jewellery,Other Jewellery,Fan,Bamboo; Iron; Polyester,Other,,12.99,/242/52/151833_LU_1,151833_LU_1.jpg,none,,,,,
151833_PP,151833,Fan FASHION SUPPLEMENTS Papaya,_PP,Papaya,Jewellery,Other Jewellery,Fan,Bamboo; Iron; Polyester,Other,,12.99,/241/52/151833_PP_1,151833_PP_1.jpg,none,,,,,
151833_RO,151833,Fan FASHION SUPPLEMENTS Old Rose,_RO,Old Rose,Jewellery,Other Jewellery,Fan,Bamboo; Iron; Polyester,Other,,12.99,/242/52/151833_RO_1,151833_RO_1.jpg,none,,,,,
151833_TQ,151833,Fan FASHION SUPPLEMENTS Turquoise,_TQ,Turquoise,Jewellery,Other Jewellery,Fan,Bamboo; Iron; Polyester,Other,,12.99,/222/52/151833_TQ_1,151833_TQ_1.jpg,none,,,,,
158816_LN,158816,Earring VENDREDI Light Green,_LN,Light Green,Jewellery,Earrings,Stud,Resin; Zinc,Brushed Golden,Enamel,5.99,/241/52/158816_LN_1,158816_LN_1.jpg,none,,,,,
1633181WT,163318,Earring DEGRADE White,1WT,White,Jewellery,Earrings,Stud,Crystal Glass; Zinc,Worn Gold,,5.99,/232/52/1633181WT_1,1633181WT_1.jpg,none,,,,,
166354_ID,166354,Fan FASHION SUPPLEMENTS Indigo Dye,_ID,Indigo Dye,Jewellery,Other Jewellery,Fan,Bamboo; Iron; Polyester,Other,,12.99,/241/52/166354_ID_1,166354_ID_1.jpg,none,,,,,
166354_TG,166354,Fan FASHION SUPPLEMENTS Pastel Green,_TG,Pastel Green,Jewellery,Other Jewellery,Fan,Bamboo; Iron; Polyester,Other,,12.99,/241/52/166354_TG_1,166354_TG_1.jpg,none,,,,,
166912_SV,166912,Earring SILVER BASICS Silver,_SV,Silver,Jewellery,Earrings,Dangle,Iron,Brushed Silver,Strass,7.99,/191/52/166912_SV_1,166912_SV_1.jpg,none,,,,,
168373_OR,168373,Earring DEGRADE Orange,_OR,Orange,Jewellery,Earrings,Hoop Earrings,Glass; Iron,Antik Silver,,5.99,/232/52/168373_OR_1,168373_OR_1.jpg,none,,,,,
1687991RD,168799,Key Chain FASHION SUPPLEMENTS Red,1RD,Red,Jewellery,Key chains,Figures,Iron; Thermoplastic Polyurethane,,,9.99,/241/52/1687991RD_1,1687991RD_1.jpg,none,,,,,
168799_BM,168799,Key Chain FASHION SUPPLEMENTS Bright Multicolor,_BM,Bright Multicolor,Jewellery,Key chains,Figures,Zinc; Zinc; Iron; Thermoplastic Polyurethane,,,9.99,/242/52/168799_BM_1,168799_BM_1.jpg,none,,,,,
169597_FU,169597,Earring DEGRADE Fuchsia,_FU,Fuchsia,Jewellery,Earrings,Dangle,Crystal Glass; Iron; Polyester,Other,,5.99,/232/52/169597_FU_1,169597_FU_1.jpg,none,,,,,
169597_LL,169597,Earring DEGRADE Lilac,_LL,Lilac,Jewellery,Earrings,Dangle,Crystal Glass; Iron; Polyester,Other,,5.99,/232/52/169597_LL_1,169597_LL_1.jpg,none,,,,,
169597_TL,169597,Earring STARRYNIGHT Teal,_TL,Teal,Jewellery,Earrings,Dangle,Crystal Glass; Iron; Resin,Other,,5.99,/232/52/169597_TL_1,169597_TL_1.jpg,none,,,,,
1707320HM,170732,Earring VENDREDI Halftone Multicolor,0HM,Halftone Multicolor,Jewellery,Earrings,Dangle,Resin; Zinc,Matte Golden,,7.99,/241/52/1707320HM_1,1707320HM_1.jpg,none,,,,,
1707321BM,170732,Earring EXPEDITION Bright Multicolor,1BM,Bright Multicolor,Jewellery,Earrings,Dangle,Resin; Zinc,Brushed Golden,,7.99,/232/52/1707321BM_1,1707321BM_1.jpg,none,,,,,
1707322HM,170732,Earring NOMADA Halftone Multicolor,2HM,Halftone Multicolor,Jewellery,Earrings,Dangle,Iron; Zinc; Resin,Golden,,7.99,/242/52/1707322HM_1,1707322HM_1.jpg,none,,,,,
170732_BL,170732,Earring ATMOSPHERE Blue,_BL,Blue,Jewellery,Earrings,Dangle,Resin; Iron; Zinc,Rodhium,,7.99,/242/52/170732_BL_1,170732_BL_1.jpg,none,,,,,
170732_DM,170732,Earring Gipsy Garden Dark Multicolor,_DM,Dark Multicolor,Jewellery,Earrings,Dangle,Resin; Zinc,Worn Gold,,7.99,/241/52/170732_DM_1,170732_DM_1.jpg,none,,,,,
170732_MI,170732,Earring Moonlight azure Midnight Blue,_MI,Midnight Blue,Jewellery,Earrings,Dangle,Resin; Zinc,Brushed Golden,,7.99,/232/52/170732_MI_1,170732_MI_1.jpg,none,,,,,
1713311BU,171331,Earring STARRYNIGHT Burgundy,1BU,Burgundy,Jewellery,Earrings,Dangle,Acrylic; Iron; Zamac,Black Plating,,7.99,/232/52/1713311BU_1,1713311BU_1.jpg,none,,,,,
1735490HM,173549,Earring NOMADA Halftone Multicolor,0HM,Halftone Multicolor,Jewellery,Earrings,Stud,Resin; Iron; Glass; Glass; Glass; Glass,Black Nikel,,4.99,/242/52/1735490HM_1,1735490HM_1.jpg,none,,,,,
1735491PM,173549,Earring MODERN STONES Pastel Multicolor,1PM,Pastel Multicolor,Jewellery,Earrings,Stud,Resin; Iron; Glass,Golden,,4.99,/242/52/1735491PM_1,1735491PM_1.jpg,none,,,,,
1735492BM,173549,Earring SUNSET JUNCTION Bright Multicolor,2BM,Bright Multicolor,Jewellery,Earrings,Stud,Zinc; Glass; Resin,Black Nikel,,4.99,/241/52/1735492BM_1,1735492BM_1.jpg,none,,,,,
1742023BM,174202,Bracelet GUARANI VIBES Bright Multicolor,3BM,Bright Multicolor,Jewellery,Bracelets,Elastic Bracelet,Enamel; Zinc,Golden,,9.99,/232/52/1742023BM_1,1742023BM_1.jpg,none,,,,,
174202_HM,174202,Bracelet VENDREDI Halftone Multicolor,_HM,Halftone Multicolor,Jewellery,Bracelets,Elastic Bracelet,Enamel; Zinc,,,9.99,/241/52/174202_HM_1,174202_HM_1.jpg,none,,,,,
180460_NV,180460,Earring STARRYNIGHT Navy,_NV,Navy,Jewellery,Earrings,Dangle,Copper; Glass,Black Nikel,Strass,9.99,/232/52/180460_NV_1,180460_NV_1.jpg,none,,,,,
181831_GN,181831,Earring GUMMY PARTY Green,_GN,Green,Jewellery,Earrings,Dangle,Glass; Iron; Zinc,Golden,,7.99,/232/52/181831_GN_1,181831_GN_1.jpg,none,,,,,
186745_HM,186745,Set of Earrings KISS54 Halftone Multicolor,_HM,Halftone Multicolor,Jewellery,Earrings,Hoop Earrings,Copper; Enamel; Glass,Golden,,6.99,/232/52/186745_HM_1,186745_HM_1.jpg,none,,,,,
187622_BM,187622,Bracelet DEGRADE Bright Multicolor,_BM,Bright Multicolor,Jewellery,Bracelets,Anklet,Glass; Iron; Stone; Thermoplastic Polyurethane,Golden,,7.99,/232/52/187622_BM_1,187622_BM_1.jpg,none,,,,,
1878960HM,187896,Bracelet KISS54 Halftone Multicolor,0HM,Halftone Multicolor,Jewellery,Bracelets,Anklet,Enamel; Iron; Zinc,Golden,,7.99,/232/52/1878960HM_1,1878960HM_1.jpg,none,,,,,
187896_BM,187896,Bracelet DEGRADE Bright Multicolor,_BM,Bright Multicolor,Jewellery,Bracelets,Anklet,Enamel; Iron; Zinc,Rose Gold,,7.99,/232/52/187896_BM_1,187896_BM_1.jpg,none,,,,,
1886662HM,188666,Earring ORPHIC Halftone Multicolor,2HM,Halftone Multicolor,Jewellery,Earrings,Dangle,Acrylic; Iron; Thermoplastic Polyurethane,Brushed Golden,Shell,7.99,/232/52/1886662HM_1,1886662HM_1.jpg,none,,,,,
188666_PU,188666,Earring ULTRAVIO Purple,_PU,Purple,Jewellery,Earrings,Dangle,Acrylic; Iron; Thermoplastic Polyurethane,Worn Gold,Shell,7.99,/232/52/188666_PU_1,188666_PU_1.jpg,none,,,,,
189875_HM,189875,Set of Earrings KISS54 Halftone Multicolor,_HM,Halftone Multicolor,Jewellery,Earrings,Hoop Earrings,Brass; Zirconium,Golden,,5.99,/232/52/189875_HM_1,189875_HM_1.jpg,none,,,,,
192960_MM,192960,Necklace SILVER BASICS Metallic Multicolor,_MM,Metallic Multicolor,Jewellery,Necklaces,Pendant,Brass; Glass; Iron; Zinc,Multifinishing,Straw,9.99,/221/52/192960_MM_1,192960_MM_1.jpg,none,,,,,
1934670HM,193467,Earring mulstone Halftone Multicolor,0HM,Halftone Multicolor,Jewellery,Earrings,Dangle,Brass; Zirconium,Golden,Strass,7.99,/232/52/1934670HM_1,1934670HM_1.jpg,none,,,,,
1934671HM,193467,Earring GLDN DEL Halftone Multicolor,1HM,Halftone Multicolor,Jewellery,Earrings,Dangle,Brass; Zirconium,Golden,Strass,7.99,/232/52/1934671HM_1,1934671HM_1.jpg,none,,,,,
1936432HM,193643,Ring EXPEDITION Halftone Multicolor,2HM,Halftone Multicolor,Jewellery,Rings,Fantasy,Zinc,Golden,,7.99,/232/52/1936432HM_1,1936432HM_1.jpg,none,,,,,
194061_DM,194061,Necklace ULTRAVIO Dark Multicolor,_DM,Dark Multicolor,Jewellery,Necklaces,Beaded Necklace,Brass; Glass,Golden,,10.99,/232/52/194061_DM_1,194061_DM_1.jpg,none,,,,,
1953801LL,195380,Phone case FASHION SUPPLEMENTS Lilac,1LL,Lilac,Jewellery,Mobile Accessories,Mobile Cases,Iron; Polyester; Thermoplastic Polyurethane,Other,,9.99,/232/52/1953801LL_1,1953801LL_1.jpg,none,,,,,
1953801PK,195380,Phone case FASHION SUPPLEMENTS Pink,1PK,Pink,Jewellery,Mobile Accessories,Mobile Cases,Iron; Polyester; Thermoplastic Polyurethane,Other,,9.99,/232/52/1953801PK_1,1953801PK_1.jpg,none,,,,,
1953802LL,195380,Phone case FASHION SUPPLEMENTS Lilac,2LL,Lilac,Jewellery,Mobile Accessories,Mobile Cases,Iron; Polyester; Thermoplastic Polyurethane,Other,,9.99,/232/52/1953802LL_1,1953802LL_1.jpg,none,,,,,
195380_PK,195380,Phone case FASHION SUPPLEMENTS Pink,_PK,Pink,Jewellery,Mobile Accessories,Mobile Cases,Iron; Polyester; Thermoplastic Polyurethane,Other,,9.99,/232/52/195380_PK_1,195380_PK_1.jpg,none,,,,,
1959052BM,195905,Bracelet SUNSET JUNCTION Bright Multicolor,2BM,Bright Multicolor,Jewellery,Bracelets,Elastic Bracelet,Acrylic; Stone; Thermoplastic Polyurethane,Golden,Beads,5.99,/241/52/1959052BM_1,1959052BM_1.jpg,none,,,,,
196555_TQ,196555,Earring DOMINICA Turquoise,_TQ,Turquoise,Jewellery,Earrings,Dangle,Enamel; Shell; Zinc,Golden,,5.99,/241/52/196555_TQ_1,196555_TQ_1.jpg,none,,,,,
197600_JN,197600,Earring FLORABUNDANCE Blue Jeans,_JN,Blue Jeans,Jewellery,Earrings,Hoop Earrings,Resin; Zinc,Golden,,7.99,/232/52/197600_JN_1,197600_JN_1.jpg,none,,,,,
197623_JN,197623,Earring FLORABUNDANCE Blue Jeans,_JN,Blue Jeans,Jewellery,Earrings,Hoop Earrings,Iron,Golden,,5.99,/232/52/197623_JN_1,197623_JN_1.jpg,none,,,,,
197623_MI,197623,Earring Moonlight azure Midnight Blue,_MI,Midnight Blue,Jewellery,Earrings,Hoop Earrings,Zinc; Iron,Golden,,5.99,/232/52/197623_MI_1,197623_MI_1.jpg,none,,,,,
197623_MV,197623,Earring MONETT Mauve,_MV,Mauve,Jewellery,Earrings,Hoop Earrings,Acrylic; Iron; Shell,Brushed Golden,,5.99,/242/52/197623_MV_1,197623_MV_1.jpg,none,,,,,
197623_PU,197623,Earring ULTRAVIO Purple,_PU,Purple,Jewellery,Earrings,Hoop Earrings,Iron; Resin,Worn Gold,,5.99,/232/52/197623_PU_1,197623_PU_1.jpg,none,,,,,
197623_SV,197623,Earring SHADES OF COOL Silver,_SV,Silver,Jewellery,Earrings,Hoop Earrings,Iron,Brushed Rhodium,,5.99,/241/52/197623_SV_1,197623_SV_1.jpg,none,,,,,
197623_TK,197623,Earring BHLOTUS Pastel Pink,_TK,Pastel Pink,Jewellery,Earrings,Hoop Earrings,Iron; Zinc,Golden,,5.99,/232/52/197623_TK_1,197623_TK_1.jpg,none,,,,,
197623_TL,197623,Earring VENDREDI Teal,_TL,Teal,Jewellery,Earrings,Hoop Earrings,Iron; Zinc,Golden,,5.99,/241/52/197623_TL_1,197623_TL_1.jpg,none,,,,,
197826_SV,197826,Necklace SHADES OF COOL Silver,_SV,Silver,Jewellery,Necklaces,Pendant,Brass; Zinc; Zirconium,,,10.99,/222/52/197826_SV_1,197826_SV_1.jpg,none,,,,,
1983910BM,198391,Necklace TROPICAL GEMS Bright Multicolor,0BM,Bright Multicolor,Jewellery,Necklaces,Chain,Glass; Iron; Shell; Zinc,,,10.99,/241/52/1983910BM_1,1983910BM_1.jpg,none,,,,,
198391_GD,198391,Necklace GOLDEN BASICS Gold,_GD,Gold,Jewellery,Necklaces,Chain,Brass; Iron; Shell; Stone,Golden,Metal,9.99,/232/52/198391_GD_1,198391_GD_1.jpg,none,,,,,
1984142BM,198414,Earring TROPICAL GEMS Bright Multicolor,2BM,Bright Multicolor,Jewellery,Earrings,Hoop Earrings,Iron; Shell,Golden,Metal,7.99,/241/52/1984142BM_1,1984142BM_1.jpg,none,,,,,
200284_GD,200284,Necklace GOLDEN BASICS Gold,_GD,Gold,Jewellery,Necklaces,Pendant,Copper; Iron,Golden,,9.99,/222/52/200284_GD_1,200284_GD_1.jpg,none,,,,,
2011441HM,201144,Bracelet mulstone Halftone Multicolor,1HM,Halftone Multicolor,Jewellery,Bracelets,Elastic Bracelet,Iron; Stone,Golden,Stone,5.99,/232/52/2011441HM_1,2011441HM_1.jpg,none,,,,,
2011650HM,201165,Earring FLEURSDUMER Halftone Multicolor,0HM,Halftone Multicolor,Jewellery,Earrings,Hoop Earrings,Iron; Stone; Thermoplastic Polyurethane,Golden,Stone,7.99,/241/52/2011650HM_1,2011650HM_1.jpg,none,,,,,
201165_HM,201165,Earring BHLOTUS Halftone Multicolor,_HM,Halftone Multicolor,Jewellery,Earrings,Hoop Earrings,Iron; Stone; Thermoplastic Polyurethane,Golden,Stone,7.99,/232/52/201165_HM_1,201165_HM_1.jpg,none,,,,,
201181_HM,201181,Earring mulstone Halftone Multicolor,_HM,Halftone Multicolor,Jewellery,Earrings,Hoop Earrings,Brass; Thermoplastic Polyurethane,Golden,Stone,7.99,/232/52/201181_HM_1,201181_HM_1.jpg,none,,,,,
201844_PU,201844,Earring ULTRAVIO Purple,_PU,Purple,Jewellery,Earrings,Stud,Enamel; Iron,Worn Gold,,5.99,/232/52/201844_PU_1,201844_PU_1.jpg,none,,,,,
2020390BM,202039,Earring GUARANI VIBES Bright Multicolor,0BM,Bright Multicolor,Jewellery,Earrings,Dangle,Resin; Thermoplastic Polyurethane; Zinc,Brushed Golden,,7.99,/232/52/2020390BM_1,2020390BM_1.jpg,none,,,,,
2020471HM,202047,Bracelet ULTRAVIO Halftone Multicolor,1HM,Halftone Multicolor,Jewellery,Bracelets,Non-Adjustable Bracelet,Iron; Resin; Stone; Thermoplastic Polyurethane,Worn Gold,,7.99,/232/52/2020471HM_1,2020471HM_1.jpg,none,,,,,
202047_DM,202047,Bracelet FLORABUNDANCE Dark Multicolor,_DM,Dark Multicolor,Jewellery,Bracelets,Non-Adjustable Bracelet,Acrylic; Iron; Stone; Thermoplastic Polyurethane,Golden,,7.99,/232/52/202047_DM_1,202047_DM_1.jpg,none,,,,,
202047_HM,202047,Bracelet ORPHIC Halftone Multicolor,_HM,Halftone Multicolor,Jewellery,Bracelets,Non-Adjustable Bracelet,Acrylic; Iron; Stone; Zinc,Brushed Golden,,7.99,/232/52/202047_HM_1,202047_HM_1.jpg,none,,,,,
2020652BM,202065,Earring GUARANI VIBES Bright Multicolor,2BM,Bright Multicolor,Jewellery,Earrings,Hoop Earrings,Brass; Iron; Thermoplastic Polyurethane,Golden,,4.99,/232/52/2020652BM_1,2020652BM_1.jpg,none,,,,,
202065_HM,202065,Earring VENDREDI Halftone Multicolor,_HM,Halftone Multicolor,Jewellery,Earrings,Hoop Earrings,Brass; Iron; Thermoplastic Polyurethane,Golden,,5.99,/241/52/202065_HM_1,202065_HM_1.jpg,none,,,,,
2024011HM,202401,Earring ORPHIC Halftone Multicolor,1HM,Halftone Multicolor,Jewellery,Earrings,Dangle,Iron; Resin; Zinc,Brushed Golden,,5.99,/232/52/2024011HM_1,2024011HM_1.jpg,none,,,,,
202645_GD,202645,Earring Golden Basics Gold,_GD,Gold,Jewellery,Earrings,Dangle,Iron,Golden,,5.99,/222/52/202645_GD_1,202645_GD_1.jpg,none,,,,,
202702_BU,202702,Earring WESTERNP Burgundy,_BU,Burgundy,Jewellery,Earrings,Drop,Enamel; Zinc; Glass,Golden,,12.99,/242/52/202702_BU_1,202702_BU_1.jpg,none,,,,,
203157_HM,203157,Earring TREND Halftone Multicolor,_HM,Halftone Multicolor,Jewellery,Earrings,Dangle,Acrylic; Glass; Iron; Zinc,,,9.99,/232/52/203157_HM_1,203157_HM_1.jpg,none,,,,,
203157_PM,203157,Earring TREND Pastel Multicolor,_PM,Pastel Multicolor,Jewellery,Earrings,Dangle,Acrylic; Glass; Iron; Zinc,Golden,,9.99,/232/52/203157_PM_1,203157_PM_1.jpg,none,,,,,
203374_NV,203374,Earring STARRYNIGHT Navy,_NV,Navy,Jewellery,Earrings,Stud,Enamel; Glass; Zinc,Golden,,8.99,/232/52/203374_NV_1,203374_NV_1.jpg,none,,,,,
203826_SV,203826,Earring PERMANENT - SUSPENDED FR Silver,_SV,Silver,Jewellery,Earrings,Hoop Earrings,Zinc,,,5.99,/231/52/203826_SV_1,203826_SV_1.jpg,none,,,,,
203837_GD,203837,Set of Earrings GOLDEN BASICS Gold,_GD,Gold,Jewellery,Earrings,Stud,Copper; Iron,Golden,,5.99,/222/52/203837_GD_1,203837_GD_1.jpg,none,,,,,
204479_GD,204479,Bracelet GLDN DEL Gold,_GD,Gold,Jewellery,Bracelets,Non-Adjustable Bracelet,Brass; Iron,Golden,,8.99,/231/52/204479_GD_1,204479_GD_1.jpg,none,,,,,
204715_SV,204715,Earring SHADES OF COOL Silver,_SV,Silver,Jewellery,Earrings,Dangle,Iron; Zinc,Silver,,5.99,/231/52/204715_SV_1,204715_SV_1.jpg,none,,,,,
204814_SV,204814,Earring SILVER BASICS Silver,_SV,Silver,Jewellery,Earrings,Dangle,Iron,Brushed Silver,,7.99,/231/52/204814_SV_1,204814_SV_1.jpg,none,,,,,
204971_BL,204971,Key Chain FASHION SUPPLEMENTS Blue,_BL,Blue,Jewellery,Key chains,Figures,Glass; Zinc; Zinc,Golden,,9.99,/231/52/204971_BL_1,204971_BL_1.jpg,none,,,,,
204971_NK,204971,Key Chain FASHION SUPPLEMENTS Nickel,_NK,Nickel,Jewellery,Key chains,Figures,Glass; Zinc; Zinc,,,9.99,/232/52/204971_NK_1,204971_NK_1.jpg,none,,,,,
204971_OR,204971,Key Chain FASHION SUPPLEMENTS Orange,_OR,Orange,Jewellery,Key chains,Figures,Glass; Zinc; Zinc,,,9.99,/242/52/204971_OR_1,204971_OR_1.jpg,none,,,,,
205191_PK,205191,Earring TREND Pink,_PK,Pink,Jewellery,Earrings,Dangle,Brass; Glass,,,9.99,/232/52/205191_PK_1,205191_PK_1.jpg,none,,,,,
205237_GD,205237,Bracelet GLDN DEL Gold,_GD,Gold,Jewellery,Bracelets,Non-Adjustable Bracelet,Glass; Iron,Golden,,6.99,/231/52/205237_GD_1,205237_GD_1.jpg,none,,,,,
205335_BK,205335,Earring ECLIPSE Black,_BK,Black,Jewellery,Earrings,Hoop Earrings,Zinc; Zirconium,Golden,,7.99,/232/52/205335_BK_1,205335_BK_1.jpg,none,,,,,
205429_SV,205429,Necklace SILVER D Silver,_SV,Silver,Jewellery,Necklaces,Y-Necklace,Brass; Pearl,Golden,,9.99,/231/52/205429_SV_1,205429_SV_1.jpg,none,,,,,
205757_GD,205757,Earring GLDN DEL Gold,_GD,Gold,Jewellery,Earrings,Hoop Earrings,Brass,Golden,,4.99,/231/52/205757_GD_2y,205757_GD_2y.jpg,none,,,,,
205815_SV,205815,Necklace SILVER BASICS Silver,_SV,Silver,Jewellery,Necklaces,Pendant,Copper; Iron; Zinc,Silver,,10.99,/231/52/205815_SV_1,205815_SV_1.jpg,none,,,,,
205851_GD,205851,Necklace GLDN DEL Gold,_GD,Gold,Jewellery,Necklaces,Beaded Necklace,Brass; Zinc,Golden,,9.99,/231/52/205851_GD_1,205851_GD_1.jpg,none,,,,,
205851_SV,205851,Necklace SILVER D Silver,_SV,Silver,Jewellery,Necklaces,Beaded Necklace,Brass; Zinc,Golden,,9.99,/231/52/205851_SV_1,205851_SV_1.jpg,none,,,,,
206153_NV,206153,Earring COTTAGE BLUE Navy,_NV,Navy,Jewellery,Earrings,Drop,Iron; Resin,Brushed Golden,,7.99,/232/52/206153_NV_1,206153_NV_1.jpg,none,,,,,
206263_DM,206263,Necklace Gipsy Garden Dark Multicolor,_DM,Dark Multicolor,Jewellery,Necklaces,Pendant,Brass; Iron; Resin; Stone; Thermoplastic Polyurethane; Zinc,Worn Gold,,12.99,/241/52/206263_DM_1,206263_DM_1.jpg,none,,,,,
206296_BU,206296,Earring ORPHIC Burgundy,_BU,Burgundy,Jewellery,Earrings,Dangle,Iron; Resin,Brushed Golden,,5.99,/232/52/206296_BU_1,206296_BU_1.jpg,none,,,,,
206296_FG,206296,Earring FLEURSDUMER Forest Green,_FG,Forest Green,Jewellery,Earrings,Dangle,Iron; Resin,Brushed Golden,,5.99,/241/52/206296_FG_1,206296_FG_1.jpg,none,,,,,
206296_HM,206296,Earring VENDREDI Halftone Multicolor,_HM,Halftone Multicolor,Jewellery,Earrings,Dangle,Resin; Iron,Brushed Golden,,5.99,/241/52/206296_HM_1,206296_HM_1.jpg,none,,,,,
206296_ID,206296,Earring SUNSET JUNCTION Indigo Dye,_ID,Indigo Dye,Jewellery,Earrings,Dangle,Iron; Stone,Brushed Golden,,5.99,/241/52/206296_ID_1,206296_ID_1.jpg,none,,,,,
206296_NV,206296,Earring COTTAGE BLUE Navy,_NV,Navy,Jewellery,Earrings,Dangle,Iron; Resin,Brushed Golden,,5.99,/232/52/206296_NV_1,206296_NV_1.jpg,none,,,,,
206296_RD,206296,Earring EXPEDITION Red,_RD,Red,Jewellery,Earrings,Dangle,Iron; Resin,Brushed Golden,,5.99,/232/52/206296_RD_1,206296_RD_1.jpg,none,,,,,
206414_HM,206414,Earring SPARKLING EARRINGS Halftone Multicolor,_HM,Halftone Multicolor,Jewellery,Earrings,Dangle,Brass; Glass; Zirconium,Black Nikel,,25.99,/231/52/206414_HM_1y,206414_HM_1y.jpg,none,,,,,
206907_SV,206907,Earring SILVER D Silver,_SV,Silver,Jewellery,Earrings,Dangle,Brass; Iron,Rodhium,,5.99,/231/52/206907_SV_1,206907_SV_1.jpg,none,,,,,
206908_GD,206908,Necklace GLDN DEL Gold,_GD,Gold,Jewellery,Necklaces,Beaded Necklace,Brass; Pearl,Golden,,9.99,/231/52/206908_GD_2y,206908_GD_2y.jpg,none,,,,,
206908_SV,206908,Necklace SILVER D Silver,_SV,Silver,Jewellery,Necklaces,Beaded Necklace,Brass; Pearl,,,9.99,/231/52/206908_SV_2y,206908_SV_2y.jpg,none,,,,,
206913_GD,206913,Ring GLDN DEL Gold,_GD,Gold,Jewellery,Rings,Fantasy,Acrylic; Copper,Golden,,6.99,/231/52/206913_GD_1,206913_GD_1.jpg,none,,,,,
206913_SV,206913,Ring SILVER D Silver,_SV,Silver,Jewellery,Rings,Fantasy,Acrylic; Copper,Rodhium,,6.99,/231/52/206913_SV_1,206913_SV_1.jpg,none,,,,,
207035_NV,207035,Ring COTTAGE BLUE Navy,_NV,Navy,Jewellery,Rings,Fantasy,Resin; Zinc,Brushed Golden,,5.99,/232/52/207035_NV_1,207035_NV_1.jpg,none,,,,,
207193_GD,207193,Earring GOLDEN BASICS Gold,_GD,Gold,Jewellery,Earrings,Stud,Iron,Golden,,3.99,/231/52/207193_GD_1,207193_GD_1.jpg,none,,,,,
207791_FU,207791,Earring DEGRADE Fuchsia,_FU,Fuchsia,Jewellery,Earrings,Stud,Acrylic; Iron,Golden,,5.99,/232/52/207791_FU_1,207791_FU_1.jpg,none,,,,,
207791_LB,207791,Earring DEGRADE Light Blue,_LB,Light Blue,Jewellery,Earrings,Stud,Acrylic; Iron,Golden,,5.99,/232/52/207791_LB_1,207791_LB_1.jpg,none,,,,,
207822_HM,207822,Earring mulstone Halftone Multicolor,_HM,Halftone Multicolor,Jewellery,Earrings,Stud,Resin; Zinc,Golden,,5.99,/232/52/207822_HM_1,207822_HM_1.jpg,none,,,,,
207937_TK,207937,Earring BHLOTUS Pastel Pink,_TK,Pastel Pink,Jewellery,Earrings,Dangle,Iron,Brushed Golden,,5.99,/232/52/207937_TK_1,207937_TK_1.jpg,none,,,,,
208293_DM,208293,Earring IDENTITY Dark Multicolor,_DM,Dark Multicolor,Jewellery,Earrings,Hoop Earrings,Enamel; Zinc,Golden,,7.99,/241/52/208293_DM_1,208293_DM_1.jpg,none,,,,,
208434_HM,208434,Earring BHLOTUS Halftone Multicolor,_HM,Halftone Multicolor,Jewellery,Earrings,Hoop Earrings,Enamel; Zinc,Golden,,7.99,/232/52/208434_HM_1,208434_HM_1.jpg,none,,,,,
209001_GD,209001,Bracelet GOLDEN BASICS Gold,_GD,Gold,Jewellery,Bracelets,Elastic Bracelet,Shell; Zinc,Golden,,6.99,/232/52/209001_GD_1,209001_GD_1.jpg,none,,,,,
209006_GD,209006,Set of Necklaces GOLDEN BASICS Gold,_GD,Gold,Jewellery,Necklaces,Pendant,Acrylic; Iron; Shell; Zinc,Golden,,12.99,/232/52/209006_GD_1,209006_GD_1.jpg,none,,,,,
209013_GD,209013,Earring GOLDEN BASICS Gold,_GD,Gold,Jewellery,Earrings,Hoop Earrings,Enamel; Iron; Zinc,Golden,,4.99,/232/52/209013_GD_1,209013_GD_1.jpg,none,,,,,
209057_GD,209057,Earring GOLDEN BASICS Gold,_GD,Gold,Jewellery,Earrings,Hoop Earrings,Iron,Golden,,7.99,/231/52/209057_GD_1,209057_GD_1.jpg,none,,,,,
209060_GD,209060,Earring GOLDEN BASICS Gold,_GD,Gold,Jewellery,Earrings,Hoop Earrings,Shell; Steel,Golden,,8.99,/232/52/209060_GD_1,209060_GD_1.jpg,none,,,,,
209060_LK,209060,Earring FORMENTERA Light Pink,_LK,Light Pink,Jewellery,Earrings,Hoop Earrings,Shell; Steel,Golden,,8.99,/241/52/209060_LK_1,209060_LK_1.jpg,none,,,,,
209168_GD,209168,Necklace GOLDEN BASICS Gold,_GD,Gold,Jewellery,Necklaces,Pendant,Iron; Shell; Zinc,Golden,,12.99,/232/52/209168_GD_1,209168_GD_1.jpg,none,,,,,
209172_GD,209172,Ring GOLDEN BASICS Gold,_GD,Gold,Jewellery,Rings,Band Ring,Zinc,Golden,,5.99,/232/52/209172_GD_1,209172_GD_1.jpg,none,,,,,
209177_GD,209177,Bracelet GOLDEN BASICS Gold,_GD,Gold,Jewellery,Bracelets,Anklet,Iron; Shell,Golden,,8.99,/232/52/209177_GD_1,209177_GD_1.jpg,none,,,,,
209181_GD,209181,Bracelet GOLDEN BASICS Gold,_GD,Gold,Jewellery,Bracelets,Adjustable Bracelet,Shell; Thermoplastic Polyurethane,Golden,,7.99,/232/52/209181_GD_1,209181_GD_1.jpg,none,,,,,
209250_GD,209250,Earring GLDN DEL Gold,_GD,Gold,Jewellery,Earrings,Hoop Earrings,Brass; Zirconium,Golden,,5.99,/232/52/209250_GD_1,209250_GD_1.jpg,none,,,,,
209250_SV,209250,Earring SILVER D Silver,_SV,Silver,Jewellery,Earrings,Hoop Earrings,Brass; Zirconium,Golden,,5.99,/232/52/209250_SV_1,209250_SV_1.jpg,none,,,,,
209259_GD,209259,Earring GOLDEN BASICS Gold,_GD,Gold,Jewellery,Earrings,Dangle,Iron; Shell,Golden,,5.99,/232/52/209259_GD_1,209259_GD_1.jpg,none,,,,,
209263_GD,209263,Ring GOLDEN BASICS Gold,_GD,Gold,Jewellery,Rings,Band Ring,Zinc,Golden,,5.99,/232/52/209263_GD_1,209263_GD_1.jpg,none,,,,,
209265_BK,209265,Ring ECLIPSE Black,_BK,Black,Jewellery,Rings,Band Ring,Enamel; Zinc,Golden,,4.99,/232/52/209265_BK_1,209265_BK_1.jpg,none,,,,,
209265_GD,209265,Ring GOLDEN BASICS Gold,_GD,Gold,Jewellery,Rings,Band Ring,Enamel; Zinc,Golden,,4.99,/232/52/209265_GD_1,209265_GD_1.jpg,none,,,,,
209265_LB,209265,Ring GUARANI VIBES Light Blue,_LB,Light Blue,Jewellery,Rings,Band Ring,Enamel; Zinc,Golden,,4.99,/232/52/209265_LB_1,209265_LB_1.jpg,none,,,,,
209269_GD,209269,Necklace GOLDEN BASICS Gold,_GD,Gold,Jewellery,Necklaces,Pendant,Copper; Iron; Shell; Zinc,Golden,,9.99,/232/52/209269_GD_1,209269_GD_1.jpg,none,,,,,
209282_GD,209282,Earring GOLDEN BASICS Gold,_GD,Gold,Jewellery,Earrings,Hoop Earrings,Acrylic; Iron; Pearl; Zinc,Golden,,7.99,/232/52/209282_GD_1,209282_GD_1.jpg,none,,,,,
209299_GD,209299,Ring GLDN DEL Gold,_GD,Gold,Jewellery,Rings,Cocktail,Brass; Glass,Golden,,5.99,/231/52/209299_GD_1,209299_GD_1.jpg,none,,,,,
209299_SV,209299,Ring SILVER D Silver,_SV,Silver,Jewellery,Rings,Cocktail,Brass; Glass,Golden,,5.99,/231/52/209299_SV_1,209299_SV_1.jpg,none,,,,,
2093041SV,209304,Earring SILVER D Silver,1SV,Silver,Jewellery,Earrings,Stud,Copper; Zirconium,Golden,,5.99,/232/52/2093041SV_1,2093041SV_1.jpg,none,,,,,
209304_GD,209304,Earring GLDN DEL Gold,_GD,Gold,Jewellery,Earrings,Stud,Copper; Zirconium,Golden,,5.99,/232/52/209304_GD_1,209304_GD_1.jpg,none,,,,,
209309_GD,209309,Earring GLDN DEL Gold,_GD,Gold,Jewellery,Earrings,Hoop Earrings,Brass,Golden,,7.99,/232/52/209309_GD_1,209309_GD_1.jpg,none,,,,,
209309_SV,209309,Earring SILVER D Silver,_SV,Silver,Jewellery,Earrings,Hoop Earrings,Brass,Golden,,7.99,/232/52/209309_SV_1,209309_SV_1.jpg,none,,,,,
209315_GD,209315,Necklace GLDN DEL Gold,_GD,Gold,Jewellery,Necklaces,Y-Necklace,Brass; Glass,Golden,,10.99,/232/52/209315_GD_1,209315_GD_1.jpg,none,,,,,
209315_SV,209315,Necklace SILVER D Silver,_SV,Silver,Jewellery,Necklaces,Y-Necklace,Brass; Glass,Golden,,10.99,/232/52/209315_SV_1,209315_SV_1.jpg,none,,,,,
209320_GD,209320,Earring GLDN DEL Gold,_GD,Gold,Jewellery,Earrings,Hoop Earrings,Iron; Thermoplastic Polyurethane,Golden,,5.99,/232/52/209320_GD_1,209320_GD_1.jpg,none,,,,,
209320_SV,209320,Earring SILVER D Silver,_SV,Silver,Jewellery,Earrings,Hoop Earrings,Iron; Thermoplastic Polyurethane,Golden,,5.99,/232/52/209320_SV_1,209320_SV_1.jpg,none,,,,,
209324_GD,209324,Earring GLDN DEL Gold,_GD,Gold,Jewellery,Earrings,Hoop Earrings,Acrylic; Zinc,Golden,,5.99,/232/52/209324_GD_1,209324_GD_1.jpg,none,,,,,
209324_SV,209324,Earring SILVER D Silver,_SV,Silver,Jewellery,Earrings,Hoop Earrings,Acrylic; Zinc,Golden,,5.99,/232/52/209324_SV_1,209324_SV_1.jpg,none,,,,,
209328_GD,209328,Earring GLDN DEL Gold,_GD,Gold,Jewellery,Earrings,Hoop Earrings,Iron,Golden,,5.99,/232/52/209328_GD_1,209328_GD_1.jpg,none,,,,,
209328_SV,209328,Earring SILVER D Silver,_SV,Silver,Jewellery,Earrings,Hoop Earrings,Iron,Golden,,5.99,/232/52/209328_SV_1,209328_SV_1.jpg,none,,,,,
209332_GD,209332,Earring GLDN DEL Gold,_GD,Gold,Jewellery,Earrings,Dangle,Brass; Zirconium,,,9.99,/232/52/209332_GD_1,209332_GD_1.jpg,none,,,,,
209332_SV,209332,Earring SILVER D Silver,_SV,Silver,Jewellery,Earrings,Dangle,Brass; Zirconium,Golden,,9.99,/232/52/209332_SV_1,209332_SV_1.jpg,none,,,,,
209336_PE,209336,Earring GLDN DEL Pearl,_PE,Pearl,Jewellery,Earrings,Dangle,Brass; Iron; Pearl; Zinc,Golden,,8.99,/232/52/209336_PE_1,209336_PE_1.jpg,none,,,,,
209340_PE,209340,Earring GLDN DEL Pearl,_PE,Pearl,Jewellery,Earrings,Hoop Earrings,Iron; Pearl,Golden,,12.99,/232/52/209340_PE_1,209340_PE_1.jpg,none,,,,,
209344_GD,209344,Necklace GLDN DEL Gold,_GD,Gold,Jewellery,Necklaces,Beaded Necklace,Iron,,,10.99,/231/52/209344_GD_1,209344_GD_1.jpg,none,,,,,
209344_SV,209344,Necklace SILVER D Silver,_SV,Silver,Jewellery,Necklaces,Beaded Necklace,Iron,,,10.99,/231/52/209344_SV_1,209344_SV_1.jpg,none,,,,,
209345_GD,209345,Earring GLDN DEL Gold,_GD,Gold,Jewellery,Earrings,Stud,Zinc,Golden,,5.99,/232/52/209345_GD_1,209345_GD_1.jpg,none,,,,,
209349_GD,209349,Earring GLDN DEL Gold,_GD,Gold,Jewellery,Earrings,Hoop Earrings,Iron,Golden,,8.99,/232/52/209349_GD_1,209349_GD_1.jpg,none,,,,,
209605_GD,209605,Earring GOLDEN BASICS Gold,_GD,Gold,Jewellery,Earrings,Stud,Zinc,Brushed Golden,,5.99,/231/52/209605_GD_1,209605_GD_1.jpg,none,,,,,
209651_GD,209651,Pin FASHION SUPPLEMENTS Gold,_GD,Gold,Jewellery,Pins,Romantic Brooche,Brass; Zinc,Golden,,4.99,/232/52/209651_GD_1,209651_GD_1.jpg,none,,,,,
209651_SV,209651,Pin FASHION SUPPLEMENTS Silver,_SV,Silver,Jewellery,Pins,Romantic Brooche,Brass; Zinc,Rodhium,,5.99,/242/52/209651_SV_1,209651_SV_1.jpg,none,,,,,
209659_BM,209659,Key Chain FASHION SUPPLEMENTS Bright Multicolor,_BM,Bright Multicolor,Jewellery,Key chains,Figures,Enamel; Iron; Iron; Zamac,Golden,,8.99,/232/52/209659_BM_1,209659_BM_1.jpg,none,,,,,
209665_BM,209665,Mobile Holder FASHION SUPPLEMENTS Bright Multicolor,_BM,Bright Multicolor,Jewellery,Mobile Accessories,Mobile Holder,Polyester; Zinc,Other,,8.99,/232/52/209665_BM_1,209665_BM_1.jpg,none,,,,,
209674_BM,209674,Key Chain FASHION SUPPLEMENTS Bright Multicolor,_BM,Bright Multicolor,Jewellery,Key chains,Figures,Glass; Iron; Polyester; Resin; Zinc; Zinc,Golden,,9.99,/232/52/209674_BM_1,209674_BM_1.jpg,none,,,,,
209680_PE,209680,Pin FASHION SUPPLEMENTS Pearl,_PE,Pearl,Jewellery,Pins,Lady Brooche,Acrylic; Brass; Zinc,Golden,,5.99,/232/52/209680_PE_1,209680_PE_1.jpg,none,,,,,
209690_BM,209690,Mobile Holder FASHION SUPPLEMENTS Bright Multicolor,_BM,Bright Multicolor,Jewellery,Mobile Accessories,Mobile Holder,Polyester; Thermoplastic Polyurethane,Golden,,9.99,/232/52/209690_BM_1,209690_BM_1.jpg,none,,,,,
209706_GD,209706,Key Chain FASHION SUPPLEMENTS Gold,_GD,Gold,Jewellery,Key chains,Figures,Zinc; Zinc; Glass; Iron; Iron,Golden,,9.99,/232/52/209706_GD_1,209706_GD_1.jpg,none,,,,,
209717_GD,209717,Pin FASHION SUPPLEMENTS Gold,_GD,Gold,Jewellery,Pins,Other Pins,Iron; Zinc,Golden,,5.99,/232/52/209717_GD_1,209717_GD_1.jpg,none,,,,,
209726_LL,209726,Fan FASHION SUPPLEMENTS Lilac,_LL,Lilac,Jewellery,Other Jewellery,Fan,Bamboo; Iron; Polyester,Other,,12.99,/231/52/209726_LL_1,209726_LL_1.jpg,none,,,,,
209770_BM,209770,Earring SPARKLING EARRINGS Bright Multicolor,_BM,Bright Multicolor,Jewellery,Earrings,Stud,Brass; Zirconium,Black Nikel,,25.99,/232/52/209770_BM_1,209770_BM_1.jpg,none,,,,,
209865_GD,209865,Necklace Golden Basics Gold,_GD,Gold,Jewellery,Necklaces,Pendant,Copper; Iron; Zinc,,,10.99,/231/52/209865_GD_1,209865_GD_1.jpg,none,,,,,
209932_SV,209932,Earring SILVER D Silver,_SV,Silver,Jewellery,Earrings,Dangle,Copper; Glass; Iron,Rodhium,,7.99,/231/52/209932_SV_1,209932_SV_1.jpg,none,,,,,
210224_GD,210224,Bracelet GOLDEN BASICS Gold,_GD,Gold,Jewellery,Bracelets,Elastic Bracelet,Acrylic; Copper; Shell,Golden,,5.99,/232/52/210224_GD_1,210224_GD_1.jpg,none,,,,,
210234_GD,210234,Ring GOLDEN BASICS Gold,_GD,Gold,Jewellery,Rings,Fantasy,Brass,Golden,,6.99,/232/52/210234_GD_1,210234_GD_1.jpg,none,,,,,
210295_AQ,210295,Earring WATERMELON PARTY Aquamarine,_AQ,Aquamarine,Jewellery,Earrings,Dangle,Zinc,Golden,,5.99,/242/52/210295_AQ_1,210295_AQ_1.jpg,none,,,,,
210295_BK,210295,Earring ECLIPSE Black,_BK,Black,Jewellery,Earrings,Dangle,Zinc,Golden,,5.99,/232/52/210295_BK_1,210295_BK_1.jpg,none,,,,,
210295_BU,210295,Earring STARRYNIGHT Burgundy,_BU,Burgundy,Jewellery,Earrings,Dangle,Zinc,Black Plating,,5.99,/232/52/210295_BU_2y,210295_BU_2y.jpg,none,,,,,
210295_FU,210295,Earring DEGRADE Fuchsia,_FU,Fuchsia,Jewellery,Earrings,Dangle,Zinc,Golden,,5.99,/232/52/210295_FU_1,210295_FU_1.jpg,none,,,,,
210295_GD,210295,Earring Golden Basics Gold,_GD,Gold,Jewellery,Earrings,Dangle,Zinc,Golden,,5.99,/232/52/210295_GD_1,210295_GD_1.jpg,none,,,,,
210295_GN,210295,Earring IDENTITY Green,_GN,Green,Jewellery,Earrings,Dangle,Zinc,Golden,,5.99,/241/52/210295_GN_1,210295_GN_1.jpg,none,,,,,
210295_MI,210295,Earring Moonlight azure Midnight Blue,_MI,Midnight Blue,Jewellery,Earrings,Dangle,Zinc,Golden,,5.99,/232/52/210295_MI_1,210295_MI_1.jpg,none,,,,,
210295_OR,210295,Earring SUNSET JUNCTION Orange,_OR,Orange,Jewellery,Earrings,Dangle,Zinc,Golden,,5.99,/241/52/210295_OR_1,210295_OR_1.jpg,none,,,,,
210295_SV,210295,Earring SILVER BASICS Silver,_SV,Silver,Jewellery,Earrings,Dangle,Zinc,Rodhium,,5.99,/241/52/210295_SV_1,210295_SV_1.jpg,none,,,,,
210295_TL,210295,Earring VENDREDI Teal,_TL,Teal,Jewellery,Earrings,Dangle,Zinc,Golden,,5.99,/241/52/210295_TL_1,210295_TL_1.jpg,none,,,,,
210295_WI,210295,Earring Gipsy Garden Wine,_WI,Wine,Jewellery,Earrings,Dangle,Zinc; Enamel,Worn Gold,,5.99,/241/52/210295_WI_1,210295_WI_1.jpg,none,,,,,
210295_WT,210295,Earring DEGRADE White,_WT,White,Jewellery,Earrings,Dangle,Zinc,Golden,,5.99,/232/52/210295_WT_1,210295_WT_1.jpg,none,,,,,
210296_LB,210296,Earring DEGRADE Light Blue,_LB,Light Blue,Jewellery,Earrings,Stud,Iron; Thermoplastic Polyurethane,Golden,,8.99,/232/52/210296_LB_1,210296_LB_1.jpg,none,,,,,
210301_GN,210301,Earring IDENTITY Green,_GN,Green,Jewellery,Earrings,Hoop Earrings,Enamel; Iron; Zinc,Golden,,5.99,/241/52/210301_GN_1,210301_GN_1.jpg,none,,,,,
210301_LL,210301,Earring DEGRADE Lilac,_LL,Lilac,Jewellery,Earrings,Hoop Earrings,Enamel; Iron; Zinc,Golden,,5.99,/232/52/210301_LL_1,210301_LL_1.jpg,none,,,,,
210303_BM,210303,Earring FORMENTERA Bright Multicolor,_BM,Bright Multicolor,Jewellery,Earrings,Dangle,Cotton; Glass; Iron; Zinc,,,9.99,/241/52/210303_BM_1,210303_BM_1.jpg,none,,,,,
210303_FU,210303,Earring DEGRADE Fuchsia,_FU,Fuchsia,Jewellery,Earrings,Dangle,Glass; Iron; Polyester,Golden,,9.99,/232/52/210303_FU_1,210303_FU_1.jpg,none,,,,,
210303_NV,210303,Earring DEGRADE Navy,_NV,Navy,Jewellery,Earrings,Dangle,Glass; Iron; Polyester,Golden,,9.99,/232/52/210303_NV_1,210303_NV_1.jpg,none,,,,,
210303_TL,210303,Earring WATERMELON PARTY Teal,_TL,Teal,Jewellery,Earrings,Dangle,Cotton; Glass; Iron; Zinc,,,9.99,/242/52/210303_TL_1,210303_TL_1.jpg,none,,,,,
210304_WT,210304,Earring DEGRADE White,_WT,White,Jewellery,Earrings,Dangle,Glass; Iron; Polyester,Silver,,8.99,/232/52/210304_WT_1,210304_WT_1.jpg,none,,,,,
210319_NV,210319,Earring DEGRADE Navy,_NV,Navy,Jewellery,Earrings,Stud,Acrylic; Zinc,Golden,,5.99,/232/52/210319_NV_1,210319_NV_1.jpg,none,,,,,
210322_BL,210322,Earring DEGRADE Blue,_BL,Blue,Jewellery,Earrings,Hoop Earrings,Enamel; Zinc,Golden,,7.99,/232/52/210322_BL_1,210322_BL_1.jpg,none,,,,,
210322_BM,210322,Earring TROPICAL GEMS Bright Multicolor,_BM,Bright Multicolor,Jewellery,Earrings,Hoop Earrings,Enamel; Zinc,Golden,,7.99,/241/52/210322_BM_1,210322_BM_1.jpg,none,,,,,
210325_BM,210325,Bracelet DEGRADE Bright Multicolor,_BM,Bright Multicolor,Jewellery,Bracelets,Anklet,Glass; Iron; Shell,Golden,,7.99,/232/52/210325_BM_1,210325_BM_1.jpg,none,,,,,
210334_OR,210334,Earring DEGRADE Orange,_OR,Orange,Jewellery,Earrings,Dangle,Acrylic; Raffia; Shell; Zinc,Golden,,9.99,/232/52/210334_OR_1,210334_OR_1.jpg,none,,,,,
210340_WT,210340,Bracelet DEGRADE White,_WT,White,Jewellery,Bracelets,Anklet,Brass; Iron; Shell; Zinc,Golden,,7.99,/232/52/210340_WT_1,210340_WT_1.jpg,none,,,,,
210412_LB,210412,Earring COTTAGE BLUE Light Blue,_LB,Light Blue,Jewellery,Earrings,Dangle,Iron; Resin; Stone,Burnish Golden,,7.99,/232/52/210412_LB_1,210412_LB_1.jpg,none,,,,,
210412_MI,210412,Earring Moonlight azure Midnight Blue,_MI,Midnight Blue,Jewellery,Earrings,Dangle,Iron; Resin; Stone,Burnish Golden,,7.99,/232/52/210412_MI_1,210412_MI_1.jpg,none,,,,,
210432_BL,210432,Phone case FASHION SUPPLEMENTS Blue,_BL,Blue,Jewellery,Mobile Accessories,Mobile Cases,Iron; Polyester; Thermoplastic Polyurethane,Other,,9.99,/232/52/210432_BL_1,210432_BL_1.jpg,none,,,,,
210432_FU,210432,Phone case FASHION SUPPLEMENTS Fuchsia,_FU,Fuchsia,Jewellery,Mobile Accessories,Mobile Cases,Iron; Polyester; Thermoplastic Polyurethane,Other,,9.99,/232/52/210432_FU_1,210432_FU_1.jpg,none,,,,,
210432_LL,210432,Phone case FASHION SUPPLEMENTS Lilac,_LL,Lilac,Jewellery,Mobile Accessories,Mobile Cases,Iron; Polyester; Thermoplastic Polyurethane,Other,,9.99,/232/52/210432_LL_1,210432_LL_1.jpg,none,,,,,
210432_OR,210432,Phone case FASHION SUPPLEMENTS Orange,_OR,Orange,Jewellery,Mobile Accessories,Mobile Cases,Polyester; Thermoplastic Polyurethane; Iron,Other,,9.99,/232/52/210432_OR_1,210432_OR_1.jpg,none,,,,,
210432_TB,210432,Phone case FASHION SUPPLEMENTS Pastel Blue,_TB,Pastel Blue,Jewellery,Mobile Accessories,Mobile Cases,Iron; Polyester; Thermoplastic Polyurethane,Other,,9.99,/232/52/210432_TB_2y,210432_TB_2y.jpg,none,,,,,
210435_BL,210435,Phone case FASHION SUPPLEMENTS Blue,_BL,Blue,Jewellery,Mobile Accessories,Mobile Cases,Iron; Polyester; Thermoplastic Polyurethane,Other,,9.99,/232/52/210435_BL_1,210435_BL_1.jpg,none,,,,,
210435_FU,210435,Phone case FASHION SUPPLEMENTS Fuchsia,_FU,Fuchsia,Jewellery,Mobile Accessories,Mobile Cases,Iron; Polyester; Thermoplastic Polyurethane,Other,,9.99,/232/52/210435_FU_1,210435_FU_1.jpg,none,,,,,
210435_LL,210435,Phone case FASHION SUPPLEMENTS Lilac,_LL,Lilac,Jewellery,Mobile Accessories,Mobile Cases,Iron; Polyester; Thermoplastic Polyurethane,Other,,9.99,/232/52/210435_LL_1,210435_LL_1.jpg,none,,,,,
210435_OR,210435,Phone case FASHION SUPPLEMENTS Orange,_OR,Orange,Jewellery,Mobile Accessories,Mobile Cases,Iron; Polyester; Thermoplastic Polyurethane,Other,,9.99,/232/52/210435_OR_1,210435_OR_1.jpg,none,,,,,
210435_TB,210435,Phone case FASHION SUPPLEMENTS Pastel Blue,_TB,Pastel Blue,Jewellery,Mobile Accessories,Mobile Cases,Iron; Polyester; Thermoplastic Polyurethane,Other,,9.99,/232/52/210435_TB_1,210435_TB_1.jpg,none,,,,,
210442_BL,210442,Phone case FASHION SUPPLEMENTS Blue,_BL,Blue,Jewellery,Mobile Accessories,Mobile Cases,Iron; Polyester; Thermoplastic Polyurethane,Other,,9.99,/232/52/210442_BL_1,210442_BL_1.jpg,none,,,,,
210442_FU,210442,Phone case FASHION SUPPLEMENTS Fuchsia,_FU,Fuchsia,Jewellery,Mobile Accessories,Mobile Cases,Iron; Polyester; Thermoplastic Polyurethane,Other,,9.99,/232/52/210442_FU_1,210442_FU_1.jpg,none,,,,,
210442_LL,210442,Phone case FASHION SUPPLEMENTS Lilac,_LL,Lilac,Jewellery,Mobile Accessories,Mobile Cases,Iron; Polyester; Thermoplastic Polyurethane,Other,,9.99,/232/52/210442_LL_1,210442_LL_1.jpg,none,,,,,
210442_OR,210442,Phone case FASHION SUPPLEMENTS Orange,_OR,Orange,Jewellery,Mobile Accessories,Mobile Cases,Iron; Polyester; Thermoplastic Polyurethane,Other,,9.99,/232/52/210442_OR_1,210442_OR_1.jpg,none,,,,,
210442_TB,210442,Phone case FASHION SUPPLEMENTS Pastel Blue,_TB,Pastel Blue,Jewellery,Mobile Accessories,Mobile Cases,Iron; Polyester; Thermoplastic Polyurethane,Other,,9.99,/232/52/210442_TB_1,210442_TB_1.jpg,none,,,,,
210482_BK,210482,Necklace GOLDEN BASICS Black,_BK,Black,Jewellery,Necklaces,Pendant,Suede; Thermoplastic Polyurethane,Silver,,10.99,/231/52/210482_BK_1,210482_BK_1.jpg,none,,,,,
210634_GD,210634,Earring FRANJAS Gold,_GD,Gold,Jewellery,Earrings,Ear Cuff,Brass,Golden,,15.99,/232/52/210634_GD_1,210634_GD_1.jpg,none,,,,,
210641_GD,210641,Earring FRANJAS Gold,_GD,Gold,Jewellery,Earrings,Hoop Earrings,Brass; Zinc,Worn Gold,,15.99,/232/52/210641_GD_1,210641_GD_1.jpg,none,,,,,
210647_BG,210647,Earring FRANJAS Beige,_BG,Beige,Jewellery,Earrings,Dangle,Copper; Pearl; Shell; Zinc,Golden,,19.99,/232/52/210647_BG_1,210647_BG_1.jpg,none,,,,,
210737_HM,210737,Ring GLDN DEL Halftone Multicolor,_HM,Halftone Multicolor,Jewellery,Rings,Band Ring,Brass; Glass,Golden,,6.99,/232/52/210737_HM_1,210737_HM_1.jpg,none,,,,,
210741_HM,210741,Earring GLDN DEL Halftone Multicolor,_HM,Halftone Multicolor,Jewellery,Earrings,Dangle,Zinc; Zirconium,Golden,,9.99,/232/52/210741_HM_1,210741_HM_1.jpg,none,,,,,
210745_HM,210745,Necklace GLDN DEL Halftone Multicolor,_HM,Halftone Multicolor,Jewellery,Necklaces,Beaded Necklace,Brass; Iron; Zirconium,Golden,,10.99,/232/52/210745_HM_1,210745_HM_1.jpg,none,,,,,
210749_HM,210749,Earring GLDN DEL Halftone Multicolor,_HM,Halftone Multicolor,Jewellery,Earrings,Dangle,Brass; Zirconium,Golden,,7.99,/232/52/210749_HM_1,210749_HM_1.jpg,none,,,,,
210935_GD,210935,Earring SPARKLING EARRINGS Gold,_GD,Gold,Jewellery,Earrings,Drop,Brass; Pearl,Golden,,17.99,/232/52/210935_GD_1,210935_GD_1.jpg,none,,,,,
210951_GD,210951,Earring FRESH WATER PEARL COLLEC Gold,_GD,Gold,Jewellery,Earrings,Dangle,Zinc,Golden,,12.99,/232/52/210951_GD_1,210951_GD_1.jpg,none,,,,,
210967_GD,210967,Necklace FRESH WATER PEARL COLLEC Gold,_GD,Gold,Jewellery,Necklaces,Chain,Zinc,Golden,,15.99,/232/52/210967_GD_1,210967_GD_1.jpg,none,,,,,
210977_BM,210977,Necklace LAB JUNHO Bright Multicolor,_BM,Bright Multicolor,Jewellery,Necklaces,Beaded Necklace,Brass; Resin,Golden,,19.99,/232/52/210977_BM_1,210977_BM_1.jpg,none,,,,,
211037_HM,211037,Earring COTTAGE BLUE Halftone Multicolor,_HM,Halftone Multicolor,Jewellery,Earrings,Hoop Earrings,Acrylic; Iron; Thermoplastic Polyurethane,Golden,,5.99,/232/52/211037_HM_2y,211037_HM_2y.jpg,none,,,,,
211043_BL,211043,Earring COTTAGE BLUE Blue,_BL,Blue,Jewellery,Earrings,Hoop Earrings,Enamel; Iron,Golden,,5.99,/232/52/211043_BL_1,211043_BL_1.jpg,none,,,,,
211055_HM,211055,Ring COTTAGE BLUE Halftone Multicolor,_HM,Halftone Multicolor,Jewellery,Rings,Fantasy,Enamel; Zinc,Golden,,5.99,/232/52/211055_HM_2y,211055_HM_2y.jpg,none,,,,,
211061_BM,211061,Earring COLOMBIA EARRINGS Bright Multicolor,_BM,Bright Multicolor,Jewellery,Earrings,Dangle,Glass; Iron; Polyester; Stainless Steel,Golden,,25.99,/232/52/211061_BM_1,211061_BM_1.jpg,none,,,,,
211066_HM,211066,Earring COTTAGE BLUE Halftone Multicolor,_HM,Halftone Multicolor,Jewellery,Earrings,Hoop Earrings,Acrylic; Iron,Golden,,5.99,/232/52/211066_HM_1,211066_HM_1.jpg,none,,,,,
211070_HM,211070,Earring COTTAGE BLUE Halftone Multicolor,_HM,Halftone Multicolor,Jewellery,Earrings,Stud,Resin; Zinc,Brushed Golden,,7.99,/232/52/211070_HM_1,211070_HM_1.jpg,none,,,,,
211076_GN,211076,Earring COLOMBIA EARRINGS Green,_GN,Green,Jewellery,Earrings,Dangle,Stone; Brass,Golden,,17.99,/232/52/211076_GN_1,211076_GN_1.jpg,none,,,,,
211081_HM,211081,Set of Earrings KISS54 Halftone Multicolor,_HM,Halftone Multicolor,Jewellery,Earrings,Hoop Earrings,Brass; Zirconium,Rodhium,,5.99,/232/52/211081_HM_1,211081_HM_1.jpg,none,,,,,
211089_NV,211089,Necklace COTTAGE BLUE Navy,_NV,Navy,Jewellery,Necklaces,Pendant,Iron; Resin; Brass,Brushed Golden,,10.99,/232/52/211089_NV_1,211089_NV_1.jpg,none,,,,,
211095_BL,211095,Earring COTTAGE BLUE Blue,_BL,Blue,Jewellery,Earrings,Stud,Stone; Zinc,Brushed Golden,,5.99,/232/52/211095_BL_2y,211095_BL_2y.jpg,none,,,,,
211112_HM,211112,Necklace COTTAGE BLUE Halftone Multicolor,_HM,Halftone Multicolor,Jewellery,Necklaces,Pendant,Acrylic; Brass; Stone; Thermoplastic Polyurethane; Zinc,Brushed Golden,,12.99,/232/52/211112_HM_1,211112_HM_1.jpg,none,,,,,
211118_HM,211118,Bracelet COTTAGE BLUE Halftone Multicolor,_HM,Halftone Multicolor,Jewellery,Bracelets,Elastic Bracelet,Pearl; Stone; Thermoplastic Polyurethane,Brushed Golden,,7.99,/232/52/211118_HM_1,211118_HM_1.jpg,none,,,,,
211128_HM,211128,Set of Earrings COTTAGE BLUE Halftone Multicolor,_HM,Halftone Multicolor,Jewellery,Earrings,Other Earrings,Iron; Pearl; Thermoplastic Polyurethane; Zinc,Brushed Golden,,9.99,/232/52/211128_HM_1,211128_HM_1.jpg,none,,,,,
211141_HM,211141,Bracelet COTTAGE BLUE Halftone Multicolor,_HM,Halftone Multicolor,Jewellery,Bracelets,Elastic Bracelet,Acrylic; Stone; Zinc,Brushed Golden,,6.99,/232/52/211141_HM_1,211141_HM_1.jpg,none,,,,,
211159_GD,211159,Earring KISS54 Gold,_GD,Gold,Jewellery,Earrings,Ear Cuff,Brass,Golden,,3.99,/232/52/211159_GD_1,211159_GD_1.jpg,none,,,,,
211163_HM,211163,Set of Earrings KISS54 Halftone Multicolor,_HM,Halftone Multicolor,Jewellery,Earrings,Hoop Earrings,Brass; Enamel,Golden,,9.99,/232/52/211163_HM_1,211163_HM_1.jpg,none,,,,,
211173_HM,211173,Bracelet KISS54 Halftone Multicolor,_HM,Halftone Multicolor,Jewellery,Bracelets,Anklet,Brass; Enamel; Iron; Zirconium,Golden,,7.99,/232/52/211173_HM_1,211173_HM_1.jpg,none,,,,,
211178_HM,211178,Set of Earrings KISS54 Halftone Multicolor,_HM,Halftone Multicolor,Jewellery,Earrings,Hoop Earrings,Brass; Enamel; Zirconium,Golden,,6.99,/232/52/211178_HM_1,211178_HM_1.jpg,none,,,,,
211184_HM,211184,Set of Earrings KISS54 Halftone Multicolor,_HM,Halftone Multicolor,Jewellery,Earrings,Hoop Earrings,Brass; Enamel; Zirconium,Golden,,6.99,/232/52/211184_HM_1,211184_HM_1.jpg,none,,,,,
211190_GD,211190,Set of Earrings KISS54 Gold,_GD,Gold,Jewellery,Earrings,Hoop Earrings,Brass; Zirconium,Golden,,5.99,/232/52/211190_GD_1,211190_GD_1.jpg,none,,,,,
211194_HM,211194,Bracelet KISS54 Halftone Multicolor,_HM,Halftone Multicolor,Jewellery,Bracelets,Anklet,Brass; Stone; Zinc,Silver,,7.99,/232/52/211194_HM_1,211194_HM_1.jpg,none,,,,,
211199_HM,211199,Bracelet KISS54 Halftone Multicolor,_HM,Halftone Multicolor,Jewellery,Bracelets,Anklet,Copper; Enamel; Glass; Iron; Zamac,Golden,,7.99,/232/52/211199_HM_1,211199_HM_1.jpg,none,,,,,
211206_HM,211206,Set of Earrings KISS54 Halftone Multicolor,_HM,Halftone Multicolor,Jewellery,Earrings,Hoop Earrings,Copper; Zirconium,Golden,,6.99,/232/52/211206_HM_1,211206_HM_1.jpg,none,,,,,
211238_MT,211238,Earring KISS54 Mint,_MT,Mint,Jewellery,Earrings,Ear Cuff,Thermoplastic Polyurethane,Other,,7.99,/232/52/211238_MT_1,211238_MT_1.jpg,none,,,,,
211248_HM,211248,Necklace KISS54 Halftone Multicolor,_HM,Halftone Multicolor,Jewellery,Necklaces,Beaded Necklace,Thermoplastic Polyurethane; Zinc; Zirconium; Brass; Glass; Stone,Golden,,12.99,/232/52/211248_HM_1,211248_HM_1.jpg,none,,,,,
211253_HM,211253,Set of Earrings KISS54 Halftone Multicolor,_HM,Halftone Multicolor,Jewellery,Earrings,Hoop Earrings,Brass; Zinc; Zirconium,Golden,,7.99,/232/52/211253_HM_1,211253_HM_1.jpg,none,,,,,
211258_HM,211258,Set of Earrings KISS54 Halftone Multicolor,_HM,Halftone Multicolor,Jewellery,Earrings,Hoop Earrings,Brass; Zinc; Zirconium,Golden,,6.99,/232/52/211258_HM_1,211258_HM_1.jpg,none,,,,,
211266_HM,211266,Set of Earrings KISS54 Halftone Multicolor,_HM,Halftone Multicolor,Jewellery,Earrings,Hoop Earrings,Zinc,Golden,,6.99,/232/52/211266_HM_1,211266_HM_1.jpg,none,,,,,
211270_HM,211270,Earring KISS54 Halftone Multicolor,_HM,Halftone Multicolor,Jewellery,Earrings,Ear Cuff,Brass; Zirconium,Golden,,5.99,/232/52/211270_HM_1,211270_HM_1.jpg,none,,,,,
211275_GD,211275,Set of Earrings KISS54 Gold,_GD,Gold,Jewellery,Earrings,Stud,Brass; Zirconium,Golden,,5.99,/232/52/211275_GD_1,211275_GD_1.jpg,none,,,,,
211313_HM,211313,Earring KISS54 Halftone Multicolor,_HM,Halftone Multicolor,Jewellery,Earrings,Ear Cuff,Brass; Zirconium,Golden,,5.99,/232/52/211313_HM_1,211313_HM_1.jpg,none,,,,,
211355_FU,211355,Earring KISS54 Fuchsia,_FU,Fuchsia,Jewellery,Earrings,Ear Cuff,Brass; Enamel; Zirconium,Golden,,5.99,/232/52/211355_FU_1,211355_FU_1.jpg,none,,,,,
211410_WT,211410,Necklace GOLDEN BASICS White,_WT,White,Jewellery,Necklaces,Beaded Necklace,Acrylic; Copper; Iron; Shell,Golden,,12.99,/232/52/211410_WT_1,211410_WT_1.jpg,none,,,,,
211438_BM,211438,Phone case FASHION SUPPLEMENTS Bright Multicolor,_BM,Bright Multicolor,Jewellery,Mobile Accessories,Mobile Cases,Thermoplastic Polyurethane,Other,,8.99,/232/52/211438_BM_1,211438_BM_1.jpg,none,,,,,
211444_OR,211444,Jewellery FASHION SUPPLEMENTS Orange,_OR,Orange,Jewellery,Cigarette Box,Regular,Thermoplastic Polyurethane,Other,,5.99,/232/52/211444_OR_1,211444_OR_1.jpg,none,,,,,
211460_BM,211460,Sunglass Holder FASHION SUPPLEMENTS Bright Multicolor,_BM,Bright Multicolor,Jewellery,Other Jewellery,Sunglass Holder,Acrylic; Glass; Iron; Rubber,Golden,,6.99,/232/52/211460_BM_1,211460_BM_1.jpg,none,,,,,
211467_GD,211467,Pin FASHION SUPPLEMENTS Gold,_GD,Gold,Jewellery,Pins,Romantic Brooche,Iron,Brushed Golden,,4.99,/232/52/211467_GD_1,211467_GD_1.jpg,none,,,,,
211467_SV,211467,Pin FASHION SUPPLEMENTS Silver,_SV,Silver,Jewellery,Pins,Romantic Brooche,Iron,Brushed Silver,,4.99,/241/52/211467_SV_1,211467_SV_1.jpg,none,,,,,
211611_GD,211611,Necklace GOLDEN BASICS Gold,_GD,Gold,Jewellery,Necklaces,Pendant,Iron; Zinc,Brushed Golden,,9.99,/232/52/211611_GD_1,211611_GD_1.jpg,none,,,,,
211617_GD,211617,Earring GOLDEN BASICS Gold,_GD,Gold,Jewellery,Earrings,Stud,Zinc,Brushed Golden,,4.99,/232/52/211617_GD_1,211617_GD_1.jpg,none,,,,,
211625_GD,211625,Earring GOLDEN BASICS Gold,_GD,Gold,Jewellery,Earrings,Drop,Iron,Brushed Golden,,7.99,/232/52/211625_GD_1,211625_GD_1.jpg,none,,,,,
211630_GD,211630,Ring Golden Basics Gold,_GD,Gold,Jewellery,Rings,Band Ring,Zinc,Brushed Golden,,6.99,/232/52/211630_GD_1,211630_GD_1.jpg,none,,,,,
211635_GD,211635,Earring Golden Basics Gold,_GD,Gold,Jewellery,Earrings,Drop,Copper; Iron,Golden,,8.99,/232/52/211635_GD_1,211635_GD_1.jpg,none,,,,,
211643_GD,211643,Earring Golden Basics Gold,_GD,Gold,Jewellery,Earrings,Stud,Iron,Golden,,5.99,/232/52/211643_GD_1,211643_GD_1.jpg,none,,,,,
211643_SV,211643,Earring SHADES OF COOL Silver,_SV,Silver,Jewellery,Earrings,Stud,Iron,Golden,,5.99,/232/52/211643_SV_1,211643_SV_1.jpg,none,,,,,
211645_GD,211645,Earring GOLDEN BASICS Gold,_GD,Gold,Jewellery,Earrings,Hoop Earrings,Iron,Golden,,7.99,/232/52/211645_GD_1,211645_GD_1.jpg,none,,,,,
211666_PU,211666,Earring FLORABUNDANCE Purple,_PU,Purple,Jewellery,Earrings,Dangle,Enamel; Iron,Worn Gold,,7.99,/232/52/211666_PU_1,211666_PU_1.jpg,none,,,,,
211671_DM,211671,Bracelet FLORABUNDANCE Dark Multicolor,_DM,Dark Multicolor,Jewellery,Bracelets,Elastic Bracelet,Resin; Thermoplastic Polyurethane,Golden,,7.99,/232/52/211671_DM_1,211671_DM_1.jpg,none,,,,,
211676_DM,211676,Earring FLORABUNDANCE Dark Multicolor,_DM,Dark Multicolor,Jewellery,Earrings,Dangle,Enamel; Zinc,Golden,,5.99,/232/52/211676_DM_1,211676_DM_1.jpg,none,,,,,
211682_DM,211682,Earring FLORABUNDANCE Dark Multicolor,_DM,Dark Multicolor,Jewellery,Earrings,Hoop Earrings,Acrylic; Iron,Golden,,8.99,/232/52/211682_DM_1,211682_DM_1.jpg,none,,,,,
211687_DM,211687,Bracelet FLORABUNDANCE Dark Multicolor,_DM,Dark Multicolor,Jewellery,Bracelets,Elastic Bracelet,Zinc,Golden,,7.99,/232/52/211687_DM_1,211687_DM_1.jpg,none,,,,,
211721_DM,211721,Necklace FLORABUNDANCE Dark Multicolor,_DM,Dark Multicolor,Jewellery,Necklaces,Beaded Necklace,Brass; Resin; Thermoplastic Polyurethane; Zinc,Golden,,9.99,/232/52/211721_DM_1,211721_DM_1.jpg,none,,,,,
211727_DM,211727,Earring FLORABUNDANCE Dark Multicolor,_DM,Dark Multicolor,Jewellery,Earrings,Dangle,Resin; Zinc,Golden,,4.99,/232/52/211727_DM_1,211727_DM_1.jpg,none,,,,,
211735_PK,211735,Ring FLORABUNDANCE Pink,_PK,Pink,Jewellery,Rings,Fantasy,Enamel; Glass; Zinc,Other,,5.99,/232/52/211735_PK_1,211735_PK_1.jpg,none,,,,,
211754_GN,211754,Ring FLORABUNDANCE Green,_GN,Green,Jewellery,Rings,Fantasy,Resin,Other,,8.99,/232/52/211754_GN_1,211754_GN_1.jpg,none,,,,,
211761_PK,211761,Earring FLORABUNDANCE Pink,_PK,Pink,Jewellery,Earrings,Dangle,Iron; Thermoplastic Polyurethane; Zinc,Worn Gold,,5.99,/232/52/211761_PK_1,211761_PK_1.jpg,none,,,,,
211766_BL,211766,Ring FLORABUNDANCE Blue,_BL,Blue,Jewellery,Rings,Fantasy,Stone; Zinc,Golden,,7.99,/232/52/211766_BL_1,211766_BL_1.jpg,none,,,,,
211772_GD,211772,Bracelet Golden Basics Gold,_GD,Gold,Jewellery,Bracelets,Bangle,Zinc,,,10.99,/232/52/211772_GD_1,211772_GD_1.jpg,none,,,,,
211772_SV,211772,Bracelet SHADES OF COOL Silver,_SV,Silver,Jewellery,Bracelets,Bangle,Zinc,,,10.99,/232/52/211772_SV_1y,211772_SV_1y.jpg,none,,,,,
211774_GD,211774,Bracelet GOLDEN BASICS Gold,_GD,Gold,Jewellery,Bracelets,Bangle,Zinc,Golden,,9.99,/232/52/211774_GD_1,211774_GD_1.jpg,none,,,,,
211777_GD,211777,Earring GLDN DEL Gold,_GD,Gold,Jewellery,Earrings,Stud,Brass; Zirconium,Golden,,7.99,/232/52/211777_GD_1,211777_GD_1.jpg,none,,,,,
211777_HM,211777,Earring GLDN DEL Halftone Multicolor,_HM,Halftone Multicolor,Jewellery,Earrings,Stud,Brass; Zirconium,Golden,,7.99,/242/52/211777_HM_1,211777_HM_1.jpg,none,,,,,
211777_SV,211777,Earring SILVER D Silver,_SV,Silver,Jewellery,Earrings,Stud,Brass; Zirconium,Golden,,7.99,/232/52/211777_SV_1,211777_SV_1.jpg,none,,,,,
211783_GD,211783,Bracelet GLDN DEL Gold,_GD,Gold,Jewellery,Bracelets,Adjustable Bracelet,Brass; Iron; Zirconium,Golden,,7.99,/232/52/211783_GD_1,211783_GD_1.jpg,none,,,,,
211783_SV,211783,Bracelet SILVER D Silver,_SV,Silver,Jewellery,Bracelets,Adjustable Bracelet,Brass; Iron; Zirconium,Golden,,7.99,/232/52/211783_SV_1,211783_SV_1.jpg,none,,,,,
211802_GD,211802,Earring GLDN DEL Gold,_GD,Gold,Jewellery,Earrings,Stud,Zinc,Golden,,4.99,/232/52/211802_GD_1,211802_GD_1.jpg,none,,,,,
211802_SV,211802,Earring SILVER D Silver,_SV,Silver,Jewellery,Earrings,Stud,Zinc,Golden,,4.99,/232/52/211802_SV_1,211802_SV_1.jpg,none,,,,,
211878_SV,211878,Earring SILVER D Silver,_SV,Silver,Jewellery,Earrings,Hoop Earrings,Iron,Rodhium,,5.99,/232/52/211878_SV_1,211878_SV_1.jpg,none,,,,,
211884_BL,211884,Earring TREND Blue,_BL,Blue,Jewellery,Earrings,Stud,Acrylic; Glass; Zinc,,,12.99,/232/52/211884_BL_1,211884_BL_1.jpg,none,,,,,
211884_LL,211884,Earring TREND Lilac,_LL,Lilac,Jewellery,Earrings,Stud,Acrylic; Glass; Zinc,,,12.99,/232/52/211884_LL_1,211884_LL_1.jpg,none,,,,,
211891_CL,211891,Earring TREND Coral,_CL,Coral,Jewellery,Earrings,Dangle,Glass; Iron,Other,,12.99,/232/52/211891_CL_1y,211891_CL_1y.jpg,none,,,,,
211900_LM,211900,Earring TREND Lime,_LM,Lime,Jewellery,Earrings,Dangle,Enamel; Iron; Resin; Shell,,,12.99,/232/52/211900_LM_1,211900_LM_1.jpg,none,,,,,
211904_GD,211904,Earring TREND Gold,_GD,Gold,Jewellery,Earrings,Hoop Earrings,Zinc,Golden,,9.99,/232/52/211904_GD_1,211904_GD_1.jpg,none,,,,,
211908_GD,211908,Earring TREND Gold,_GD,Gold,Jewellery,Earrings,Drop,Zinc,Worn Gold,,9.99,/232/52/211908_GD_1,211908_GD_1.jpg,none,,,,,
211917_GD,211917,Earring TREND Gold,_GD,Gold,Jewellery,Earrings,Stud,Iron; Zinc,Golden,,9.99,/232/52/211917_GD_1,211917_GD_1.jpg,none,,,,,
211926_PE,211926,Necklace TREND Pearl,_PE,Pearl,Jewellery,Necklaces,Beaded Necklace,Acrylic; Brass; Iron,Golden,,15.99,/232/52/211926_PE_1,211926_PE_1.jpg,none,,,,,
211931_HM,211931,Necklace BHLOTUS Halftone Multicolor,_HM,Halftone Multicolor,Jewellery,Necklaces,Beaded Necklace,Iron; Resin; Stone; Zinc,Brushed Golden,,12.99,/232/52/211931_HM_1,211931_HM_1.jpg,none,,,,,
211935_BM,211935,Necklace LAB MAIO Bright Multicolor,_BM,Bright Multicolor,Jewellery,Necklaces,Pendant,Brass; Clay; Cotton; Glass; Iron; Shell; Thermoplastic Polyurethane; Zinc,Antik Golden,,22.99,/232/52/211935_BM_1,211935_BM_1.jpg,none,,,,,
211942_PE,211942,Earring TREND Pearl,_PE,Pearl,Jewellery,Earrings,Dangle,Acrylic; Brass; Pearl,Golden,,15.99,/232/52/211942_PE_1,211942_PE_1.jpg,none,,,,,
211954_HM,211954,Necklace BHLOTUS Halftone Multicolor,_HM,Halftone Multicolor,Jewellery,Necklaces,Pendant,Iron; Stone; Thermoplastic Polyurethane; Zinc,Brushed Golden,,12.99,/232/52/211954_HM_1,211954_HM_1.jpg,none,,,,,
211958_ID,211958,Earring BHLOTUS Indigo Dye,_ID,Indigo Dye,Jewellery,Earrings,Stud,Iron; Resin; Zinc,Golden,,5.99,/232/52/211958_ID_1,211958_ID_1.jpg,none,,,,,
211962_HM,211962,Necklace BHLOTUS Halftone Multicolor,_HM,Halftone Multicolor,Jewellery,Necklaces,Beaded Necklace,Acrylic; Brass; Stone; Zinc,Brushed Golden,,12.99,/232/52/211962_HM_1,211962_HM_1.jpg,none,,,,,
211966_HM,211966,Earring BHLOTUS Halftone Multicolor,_HM,Halftone Multicolor,Jewellery,Earrings,Hoop Earrings,Iron; Stone,Brushed Golden,,5.99,/232/52/211966_HM_1,211966_HM_1.jpg,none,,,,,
211972_HM,211972,Bracelet BHLOTUS Halftone Multicolor,_HM,Halftone Multicolor,Jewellery,Bracelets,Elastic Bracelet,Iron; Zinc,Brushed Golden,,9.99,/232/52/211972_HM_1,211972_HM_1.jpg,none,,,,,
211976_HM,211976,Set of Necklaces BHLOTUS Halftone Multicolor,_HM,Halftone Multicolor,Jewellery,Necklaces,Pendant,Acrylic; Brass; Cotton; Iron; Thermoplastic Polyurethane,Golden,,12.99,/232/52/211976_HM_1,211976_HM_1.jpg,none,,,,,
211980_GN,211980,Necklace BHLOTUS Green,_GN,Green,Jewellery,Necklaces,Pendant,Acrylic; Brass; Thermoplastic Polyurethane; Zinc,Matt Brushed Gold,,10.99,/232/52/211980_GN_1,211980_GN_1.jpg,none,,,,,
211985_PM,211985,Necklace TREND Pastel Multicolor,_PM,Pastel Multicolor,Jewellery,Necklaces,Beaded Necklace,Acrylic; Brass; Glass,Golden,,25.99,/232/52/211985_PM_1,211985_PM_1.jpg,none,,,,,
211990_ID,211990,Earring BHLOTUS Indigo Dye,_ID,Indigo Dye,Jewellery,Earrings,Hoop Earrings,Stone; Brass; Iron,Golden,,7.99,/232/52/211990_ID_1,211990_ID_1.jpg,none,,,,,
211996_HM,211996,Earring BHLOTUS Halftone Multicolor,_HM,Halftone Multicolor,Jewellery,Earrings,Stud,Iron; Resin; Stone; Thermoplastic Polyurethane,Brushed Golden,,5.99,/232/52/211996_HM_1,211996_HM_1.jpg,none,,,,,
212000_HM,212000,Necklace BHLOTUS Halftone Multicolor,_HM,Halftone Multicolor,Jewellery,Necklaces,Beaded Necklace,Iron; Resin; Stone; Thermoplastic Polyurethane,Golden,,10.99,/232/52/212000_HM_1,212000_HM_1.jpg,none,,,,,
212005_HM,212005,Earring BHLOTUS Halftone Multicolor,_HM,Halftone Multicolor,Jewellery,Earrings,Stud,Iron; Resin; Metal Fitting,Golden,,5.99,/232/52/212005_HM_1,212005_HM_1.jpg,none,,,,,
212010_GD,212010,Necklace GLDN DEL Gold,_GD,Gold,Jewellery,Necklaces,Pendant,Iron; Pearl; Zinc,,,9.99,/232/52/212010_GD_1,212010_GD_1.jpg,none,,,,,
212010_SV,212010,Necklace SILVER D Silver,_SV,Silver,Jewellery,Necklaces,Pendant,Iron; Pearl; Zinc,Golden,,9.99,/232/52/212010_SV_1,212010_SV_1.jpg,none,,,,,
212012_SV,212012,Earring SILVER D Silver,_SV,Silver,Jewellery,Earrings,Dangle,Pearl; Zinc,Rodhium,,5.99,/232/52/212012_SV_1,212012_SV_1.jpg,none,,,,,
212019_HM,212019,Earring GLDN DEL Halftone Multicolor,_HM,Halftone Multicolor,Jewellery,Earrings,Hoop Earrings,Copper; Zirconium,Golden,,5.99,/232/52/212019_HM_1,212019_HM_1.jpg,none,,,,,
212020_GD,212020,Earring GLDN DEL Gold,_GD,Gold,Jewellery,Earrings,Hoop Earrings,Copper; Zirconium,Golden,,5.99,/232/52/212020_GD_1,212020_GD_1.jpg,none,,,,,
212020_SV,212020,Earring SILVER D Silver,_SV,Silver,Jewellery,Earrings,Hoop Earrings,Copper; Zirconium,Golden,,5.99,/232/52/212020_SV_1,212020_SV_1.jpg,none,,,,,
212048_BM,212048,Necklace LAB MAIO Bright Multicolor,_BM,Bright Multicolor,Jewellery,Necklaces,Beaded Necklace,Glass; Wood; Zinc,Antik Golden,,25.99,/232/52/212048_BM_1,212048_BM_1.jpg,none,,,,,
212086_PH,212086,Earring DEGRADE Peach,_PH,Peach,Jewellery,Earrings,Hoop Earrings,Glass; Zinc,Golden,,7.99,/232/52/212086_PH_1,212086_PH_1.jpg,none,,,,,
212240_BM,212240,Earring GUARANI VIBES Bright Multicolor,_BM,Bright Multicolor,Jewellery,Earrings,Hoop Earrings,Acrylic; Iron,Golden,,7.99,/232/52/212240_BM_1,212240_BM_1.jpg,none,,,,,
212245_BM,212245,Earring GUARANI VIBES Bright Multicolor,_BM,Bright Multicolor,Jewellery,Earrings,Drop,Acrylic; Iron; Pearl; Stone,Golden,,7.99,/232/52/212245_BM_1,212245_BM_1.jpg,none,,,,,
212257_BL,212257,Earring GUARANI VIBES Blue,_BL,Blue,Jewellery,Earrings,Dangle,Iron; Resin,Brushed Golden,,5.99,/232/52/212257_BL_1,212257_BL_1.jpg,none,,,,,
212266_BM,212266,Earring GUARANI VIBES Bright Multicolor,_BM,Bright Multicolor,Jewellery,Earrings,Dangle,Steel; Thermoplastic Polyurethane; Zinc,Brushed Golden,,7.99,/232/52/212266_BM_1,212266_BM_1.jpg,none,,,,,
212279_HM,212279,Bracelet GUARANI VIBES Halftone Multicolor,_HM,Halftone Multicolor,Jewellery,Bracelets,Adjustable Bracelet,Brass; Resin; Zinc,Brushed Golden,,7.99,/232/52/212279_HM_1,212279_HM_1.jpg,none,,,,,
212284_BM,212284,Earring GUARANI VIBES Bright Multicolor,_BM,Bright Multicolor,Jewellery,Earrings,Stud,Resin; Zinc,Golden,,5.99,/232/52/212284_BM_1,212284_BM_1.jpg,none,,,,,
212284_MI,212284,Earring Moonlight azure Midnight Blue,_MI,Midnight Blue,Jewellery,Earrings,Stud,Resin; Zinc,Golden,,5.99,/232/52/212284_MI_1,212284_MI_1.jpg,none,,,,,
212285_BM,212285,Earring GUARANI VIBES Bright Multicolor,_BM,Bright Multicolor,Jewellery,Earrings,Stud,Enamel; Iron; Thermoplastic Polyurethane; Zinc,Golden,,5.99,/232/52/212285_BM_1,212285_BM_1.jpg,none,,,,,
212294_GN,212294,Earring GUARANI VIBES Green,_GN,Green,Jewellery,Earrings,Dangle,Iron; Rubber; Zinc,Brushed Golden,,5.99,/232/52/212294_GN_1,212294_GN_1.jpg,none,,,,,
212299_BL,212299,Earring GUARANI VIBES Blue,_BL,Blue,Jewellery,Earrings,Hoop Earrings,Iron; Resin,Brushed Golden,,7.99,/232/52/212299_BL_1,212299_BL_1.jpg,none,,,,,
212310_PE,212310,Ring GUARANI VIBES Pearl,_PE,Pearl,Jewellery,Rings,Fantasy,Acrylic; Zinc,Golden,,5.99,/232/52/212310_PE_1,212310_PE_1.jpg,none,,,,,
212315_TO,212315,Necklace GUARANI VIBES Pastel Orange,_TO,Pastel Orange,Jewellery,Necklaces,Pendant,Brass; Glass; Iron; Resin,Brushed Golden,,10.99,/232/52/212315_TO_1,212315_TO_1.jpg,none,,,,,
212320_BM,212320,Bracelet GUARANI VIBES Bright Multicolor,_BM,Bright Multicolor,Jewellery,Bracelets,Elastic Bracelet,Acrylic; Brass; Iron; Stone; Thermoplastic Polyurethane,Brushed Golden,,5.99,/232/52/212320_BM_1,212320_BM_1.jpg,none,,,,,
212390_BK,212390,Earring LAB JULHO Black,_BK,Black,Jewellery,Earrings,Dangle,Polyester; Polyethylene Terephthalate,Black Plating,,17.99,/232/52/212390_BK_1,212390_BK_1.jpg,none,,,,,
212394_GD,212394,Earring GOLD PLATED COLLECTION Gold,_GD,Gold,Jewellery,Earrings,Dangle,Brass,Gold Plated,,32.99,/232/52/212394_GD_1y,212394_GD_1y.jpg,none,,,,,
212400_GD,212400,Earring GOLD PLATED COLLECTION Gold,_GD,Gold,Jewellery,Earrings,Dangle,Brass,Gold Plated,,23.99,/232/52/212400_GD_2y,212400_GD_2y.jpg,none,,,,,
212414_PU,212414,Earring SPARKLING EARRINGS Purple,_PU,Purple,Jewellery,Earrings,Stud,Brass; Zirconium,Black Nikel,,19.99,/232/52/212414_PU_1,212414_PU_1.jpg,none,,,,,
212434_GD,212434,Ring ORPHIC Gold,_GD,Gold,Jewellery,Rings,Fantasy,Zinc,Golden,,7.99,/232/52/212434_GD_1,212434_GD_1.jpg,none,,,,,
212440_HM,212440,Necklace ORPHIC Halftone Multicolor,_HM,Halftone Multicolor,Jewellery,Necklaces,Pendant,Copper; Resin; Zinc,Golden,,10.99,/232/52/212440_HM_1,212440_HM_1.jpg,none,,,,,
212445_HM,212445,Earring ORPHIC Halftone Multicolor,_HM,Halftone Multicolor,Jewellery,Earrings,Hoop Earrings,Acrylic; Iron; Thermoplastic Polyurethane,Golden,,5.99,/232/52/212445_HM_1,212445_HM_1.jpg,none,,,,,
212496_HM,212496,Earring ORPHIC Halftone Multicolor,_HM,Halftone Multicolor,Jewellery,Earrings,Drop,Acrylic; Glass; Iron; Resin,Golden,,7.99,/232/52/212496_HM_1,212496_HM_1.jpg,none,,,,,
212504_PK,212504,Ring ORPHIC Pink,_PK,Pink,Jewellery,Rings,Cocktail,Stone; Zinc,Golden,,7.99,/232/52/212504_PK_1,212504_PK_1.jpg,none,,,,,
212517_HM,212517,Bracelet ORPHIC Halftone Multicolor,_HM,Halftone Multicolor,Jewellery,Bracelets,Elastic Bracelet,Iron; Resin; Thermoplastic Polyurethane,Brushed Golden,,6.99,/232/52/212517_HM_1,212517_HM_1.jpg,none,,,,,
212522_HM,212522,Earring EXPEDITION Halftone Multicolor,_HM,Halftone Multicolor,Jewellery,Earrings,Hoop Earrings,Iron; Resin,Golden,,7.99,/232/52/212522_HM_1,212522_HM_1.jpg,none,,,,,
212529_GN,212529,Earring EXPEDITION Green,_GN,Green,Jewellery,Earrings,Hoop Earrings,Glass; Zinc,Golden,,5.99,/232/52/212529_GN_1,212529_GN_1.jpg,none,,,,,
212533_HM,212533,Earring EXPEDITION Halftone Multicolor,_HM,Halftone Multicolor,Jewellery,Earrings,Dangle,Acrylic; Iron,,,12.99,/232/52/212533_HM_1,212533_HM_1.jpg,none,,,,,
212544_HM,212544,Necklace EXPEDITION Halftone Multicolor,_HM,Halftone Multicolor,Jewellery,Necklaces,Pendant,Acrylic; Iron; Zinc,Worn Gold,,12.99,/232/52/212544_HM_1,212544_HM_1.jpg,none,,,,,
2125490HM,212549,Necklace VENDREDI Halftone Multicolor,0HM,Halftone Multicolor,Jewellery,Necklaces,Beaded Necklace,Acrylic; Brass,,,10.99,/241/52/2125490HM_1,2125490HM_1.jpg,none,,,,,
212549_HM,212549,Necklace EXPEDITION Halftone Multicolor,_HM,Halftone Multicolor,Jewellery,Necklaces,Beaded Necklace,Acrylic; Brass,Golden,,10.99,/232/52/212549_HM_1,212549_HM_1.jpg,none,,,,,
212552_HM,212552,Bracelet EXPEDITION Halftone Multicolor,_HM,Halftone Multicolor,Jewellery,Bracelets,Elastic Bracelet,Acrylic; Thermoplastic Polyurethane,Golden,,5.99,/232/52/212552_HM_1,212552_HM_1.jpg,none,,,,,
212557_RD,212557,Earring EXPEDITION Red,_RD,Red,Jewellery,Earrings,Hoop Earrings,Glass; Zinc,Golden,,5.99,/232/52/212557_RD_1,212557_RD_1.jpg,none,,,,,
212563_GN,212563,Set of Earrings EXPEDITION Green,_GN,Green,Jewellery,Earrings,Hoop Earrings,Brass; Glass; Zinc,Golden,,5.99,/232/52/212563_GN_1,212563_GN_1.jpg,none,,,,,
212571_HM,212571,Earring EXPEDITION Halftone Multicolor,_HM,Halftone Multicolor,Jewellery,Earrings,Dangle,Acrylic; Iron; Resin; Stone,Worn Gold,,7.99,/232/52/212571_HM_1,212571_HM_1.jpg,none,,,,,
212584_RD,212584,Earring EXPEDITION Red,_RD,Red,Jewellery,Earrings,Hoop Earrings,Iron; Thermoplastic Polyurethane,Worn Gold,,5.99,/232/52/212584_RD_1,212584_RD_1.jpg,none,,,,,
212589_HM,212589,Set of Earrings EXPEDITION Halftone Multicolor,_HM,Halftone Multicolor,Jewellery,Earrings,Hoop Earrings,Acrylic; Brass; Iron; Thermoplastic Polyurethane; Zinc,Worn Gold,,8.99,/232/52/212589_HM_1,212589_HM_1.jpg,none,,,,,
212596_PU,212596,Necklace FLOWER BEADS Purple,_PU,Purple,Jewellery,Necklaces,Beaded Necklace,Glass; Iron; Zinc,Golden,,39.99,/232/52/212596_PU_1,212596_PU_1.jpg,none,,,,,
212609_BM,212609,Earring THE COUPLE Bright Multicolor,_BM,Bright Multicolor,Jewellery,Earrings,Dangle,Glass; Steel,Golden,,17.99,/232/52/212609_BM_1,212609_BM_1.jpg,none,,,,,
212646_HM,212646,Earring ORPHIC Halftone Multicolor,_HM,Halftone Multicolor,Jewellery,Earrings,Hoop Earrings,Iron; Resin,Golden,,5.99,/232/52/212646_HM_1,212646_HM_1.jpg,none,,,,,
212665_GD,212665,Ring Golden Basics Gold,_GD,Gold,Jewellery,Rings,Band Ring,Zinc,Golden,,7.99,/232/52/212665_GD_1,212665_GD_1.jpg,none,,,,,
212670_GD,212670,Necklace GOLDEN BASICS Gold,_GD,Gold,Jewellery,Necklaces,Other Necklaces,Brass; Iron,Golden,,10.99,/232/52/212670_GD_1,212670_GD_1.jpg,none,,,,,
212675_GD,212675,Earring Golden Basics Gold,_GD,Gold,Jewellery,Earrings,Stud,Zinc,Golden,,5.99,/232/52/212675_GD_1,212675_GD_1.jpg,none,,,,,
212675_KK,212675,Earring FLEURSDUMER Khaki,_KK,Khaki,Jewellery,Earrings,Stud,Enamel; Zinc,Golden,,5.99,/241/52/212675_KK_1,212675_KK_1.jpg,none,,,,,
212675_SV,212675,Earring SHADES OF COOL Silver,_SV,Silver,Jewellery,Earrings,Stud,Zinc,Rodhium,,5.99,/241/52/212675_SV_1,212675_SV_1.jpg,none,,,,,
212683_GD,212683,Ring Golden Basics Gold,_GD,Gold,Jewellery,Rings,Band Ring,Glass; Zinc,Golden,,5.99,/232/52/212683_GD_1,212683_GD_1.jpg,none,,,,,
212687_HM,212687,Earring ORPHIC Halftone Multicolor,_HM,Halftone Multicolor,Jewellery,Earrings,Dangle,Glass; Iron; Resin; Thermoplastic Polyurethane; Zinc,Brushed Golden,,8.99,/232/52/212687_HM_1,212687_HM_1.jpg,none,,,,,
212711_HM,212711,Earring ORPHIC Halftone Multicolor,_HM,Halftone Multicolor,Jewellery,Earrings,Dangle,Acrylic; Iron; Stone,Golden,,5.99,/232/52/212711_HM_1,212711_HM_1.jpg,none,,,,,
212719_PH,212719,Ring ORPHIC Peach,_PH,Peach,Jewellery,Rings,Stone/Gem,Stone; Zinc,Golden,,6.99,/232/52/212719_PH_1,212719_PH_1.jpg,none,,,,,
212825_BL,212825,Bracelet COTTAGE BLUE Blue,_BL,Blue,Jewellery,Bracelets,Elastic Bracelet,Acrylic; Stone; Thermoplastic Polyurethane,Golden,,7.99,/232/52/212825_BL_1,212825_BL_1.jpg,none,,,,,
212829_GD,212829,Earring GLDN DEL Gold,_GD,Gold,Jewellery,Earrings,Stud,Brass; Glass,Golden,,5.99,/232/52/212829_GD_1,212829_GD_1.jpg,none,,,,,
212829_SV,212829,Earring SILVER D Silver,_SV,Silver,Jewellery,Earrings,Stud,Brass; Glass,Golden,,5.99,/232/52/212829_SV_1,212829_SV_1.jpg,none,,,,,
212831_SV,212831,Earring SILVER D Silver,_SV,Silver,Jewellery,Earrings,Dangle,Brass; Iron,Silver,,4.99,/232/52/212831_SV_1,212831_SV_1.jpg,none,,,,,
212849_SV,212849,Earring SILVER D Silver,_SV,Silver,Jewellery,Earrings,Dangle,Copper; Glass,Rodhium,,7.99,/232/52/212849_SV_1,212849_SV_1.jpg,none,,,,,
212854_GD,212854,Earring GLDN DEL Gold,_GD,Gold,Jewellery,Earrings,Hoop Earrings,Acrylic; Brass; Zirconium,Golden,,5.99,/232/52/212854_GD_1,212854_GD_1.jpg,none,,,,,
212854_SV,212854,Earring SILVER D Silver,_SV,Silver,Jewellery,Earrings,Hoop Earrings,Acrylic; Brass; Zirconium,Golden,,5.99,/232/52/212854_SV_1,212854_SV_1.jpg,none,,,,,
212855_GD,212855,Earring GLDN DEL Gold,_GD,Gold,Jewellery,Earrings,Dangle,Brass; Zinc; Zirconium,Golden,,7.99,/232/52/212855_GD_1,212855_GD_1.jpg,none,,,,,
212868_SV,212868,Earring SILVER D Silver,_SV,Silver,Jewellery,Earrings,Dangle,Brass; Iron,Rodhium,,7.99,/232/52/212868_SV_1,212868_SV_1.jpg,none,,,,,
212941_BK,212941,Necklace ECLIPSE Black,_BK,Black,Jewellery,Necklaces,Beaded Necklace,Acrylic; Iron; Resin; Zinc,Burnish Golden,,10.99,/232/52/212941_BK_1,212941_BK_1.jpg,none,,,,,
212946_BK,212946,Set of Earrings ECLIPSE Black,_BK,Black,Jewellery,Earrings,Stud,Copper; Glass; Iron; Zamac,Golden,,9.99,/232/52/212946_BK_1,212946_BK_1.jpg,none,,,,,
212950_HM,212950,Bracelet mulstone Halftone Multicolor,_HM,Halftone Multicolor,Jewellery,Bracelets,Elastic Bracelet,Acrylic; Stone; Thermoplastic Polyurethane,Golden,,5.99,/232/52/212950_HM_1,212950_HM_1.jpg,none,,,,,
212960_BK,212960,Necklace ECLIPSE Black,_BK,Black,Jewellery,Necklaces,Pendant,Brass; Glass; Pearl; Resin; Zinc,Brushed Golden,,12.99,/232/52/212960_BK_1,212960_BK_1.jpg,none,,,,,
212964_BK,212964,Set of Necklaces ECLIPSE Black,_BK,Black,Jewellery,Necklaces,Pendant,Brass; Glass; Rubber; Thermoplastic Polyurethane; Zinc,Burnish Golden,,15.99,/232/52/212964_BK_1,212964_BK_1.jpg,none,,,,,
212970_MI,212970,Ring mulstone Midnight Blue,_MI,Midnight Blue,Jewellery,Rings,Fantasy,Enamel; Glass; Zinc,Golden,,4.99,/232/52/212970_MI_1,212970_MI_1.jpg,none,,,,,
212978_HM,212978,Earring mulstone Halftone Multicolor,_HM,Halftone Multicolor,Jewellery,Earrings,Dangle,Acrylic; Iron; Polyester; Resin; Stone,Golden,,8.99,/232/52/212978_HM_1,212978_HM_1.jpg,none,,,,,
212993_HM,212993,Necklace mulstone Halftone Multicolor,_HM,Halftone Multicolor,Jewellery,Necklaces,Beaded Necklace,Acrylic; Glass; Iron; Stone,Golden,,10.99,/232/52/212993_HM_1,212993_HM_1.jpg,none,,,,,
212999_HM,212999,Set of Earrings mulstone Halftone Multicolor,_HM,Halftone Multicolor,Jewellery,Earrings,Stud,Acrylic; Iron; Stone; Zinc,Golden,,9.99,/232/52/212999_HM_1,212999_HM_1.jpg,none,,,,,
213004_HM,213004,Earring mulstone Halftone Multicolor,_HM,Halftone Multicolor,Jewellery,Earrings,Hoop Earrings,Acrylic; Stone; Zinc,Golden,,7.99,/232/52/213004_HM_1,213004_HM_1.jpg,none,,,,,
213009_HM,213009,Set of Earrings mulstone Halftone Multicolor,_HM,Halftone Multicolor,Jewellery,Earrings,Hoop Earrings,Zirconium; Brass; Enamel; Glass,Golden,,8.99,/232/52/213009_HM_1,213009_HM_1.jpg,none,,,,,
213053_BK,213053,Bracelet ECLIPSE Black,_BK,Black,Jewellery,Bracelets,Adjustable Bracelet,Brass; Glass; Resin; Thermoplastic Polyurethane; Zinc,Golden,,6.99,/232/52/213053_BK_1,213053_BK_1.jpg,none,,,,,
213072_BK,213072,Earring ECLIPSE Black,_BK,Black,Jewellery,Earrings,Dangle,Resin; Zinc,Golden,,4.99,/232/52/213072_BK_1,213072_BK_1.jpg,none,,,,,
213077_BK,213077,Earring ECLIPSE Black,_BK,Black,Jewellery,Earrings,Dangle,Enamel; Iron,Golden,,5.99,/232/52/213077_BK_1,213077_BK_1.jpg,none,,,,,
213082_BK,213082,Earring ECLIPSE Black,_BK,Black,Jewellery,Earrings,Hoop Earrings,Resin; Iron,Golden,,5.99,/232/52/213082_BK_1,213082_BK_1.jpg,none,,,,,
213088_BK,213088,Bracelet ECLIPSE Black,_BK,Black,Jewellery,Bracelets,Adjustable Bracelet,Brass; Glass; Iron,Golden,,7.99,/232/52/213088_BK_1,213088_BK_1.jpg,none,,,,,
213096_BK,213096,Earring ECLIPSE Black,_BK,Black,Jewellery,Earrings,Hoop Earrings,Glass; Zinc,Golden,,5.99,/232/52/213096_BK_1,213096_BK_1.jpg,none,,,,,
213104_BK,213104,Earring ECLIPSE Black,_BK,Black,Jewellery,Earrings,Hoop Earrings,Enamel; Zinc,Golden,,5.99,/232/52/213104_BK_1,213104_BK_1.jpg,none,,,,,
213111_BK,213111,Earring ECLIPSE Black,_BK,Black,Jewellery,Earrings,Hoop Earrings,Glass; Zinc,Golden,,5.99,/232/52/213111_BK_1,213111_BK_1.jpg,none,,,,,
213115_BK,213115,Necklace ECLIPSE Black,_BK,Black,Jewellery,Necklaces,Beaded Necklace,Brass; Glass; Iron; Thermoplastic Polyurethane,Golden,,10.99,/232/52/213115_BK_1,213115_BK_1.jpg,none,,,,,
213133_BK,213133,Set of Bracelets ECLIPSE Black,_BK,Black,Jewellery,Bracelets,Other Bracelets,Brass; Glass; Stone; Zinc,Golden,,7.99,/232/52/213133_BK_1,213133_BK_1.jpg,none,,,,,
213138_BK,213138,Earring ECLIPSE Black,_BK,Black,Jewellery,Earrings,Dangle,Zinc; Zirconium,Brushed Golden,,8.99,/232/52/213138_BK_1,213138_BK_1.jpg,none,,,,,
213148_BK,213148,Ring ECLIPSE Black,_BK,Black,Jewellery,Rings,Stone/Gem,Brass; Resin,Golden,,5.99,/232/52/213148_BK_1,213148_BK_1.jpg,none,,,,,
213155_BK,213155,Ring ECLIPSE Black,_BK,Black,Jewellery,Rings,Stone/Gem,Resin; Zinc,Golden,,6.99,/232/52/213155_BK_1,213155_BK_1.jpg,none,,,,,
213733_GD,213733,Earring TREND Gold,_GD,Gold,Jewellery,Earrings,Dangle,Resin; Zinc,Worn Gold,,12.99,/232/52/213733_GD_1,213733_GD_1.jpg,none,,,,,
213742_PE,213742,Earring TREND Pearl,_PE,Pearl,Jewellery,Earrings,Hoop Earrings,Acrylic; Iron; Zinc,Worn Gold,,12.99,/232/52/213742_PE_1,213742_PE_1.jpg,none,,,,,
213748_GD,213748,Earring TREND Gold,_GD,Gold,Jewellery,Earrings,Stud,Copper,Golden,,9.99,/232/52/213748_GD_1,213748_GD_1.jpg,none,,,,,
213754_GD,213754,Earring TREND Gold,_GD,Gold,Jewellery,Earrings,Hoop Earrings,Brass; Iron; Thermoplastic Polyurethane; Zinc,Worn Gold,,9.99,/232/52/213754_GD_1,213754_GD_1.jpg,none,,,,,
213778_PU,213778,Earring ULTRAVIO Purple,_PU,Purple,Jewellery,Earrings,Dangle,Iron; Thermoplastic Polyurethane,Worn Gold,,9.99,/232/52/213778_PU_1,213778_PU_1.jpg,none,,,,,
213803_HM,213803,Earring ULTRAVIO Halftone Multicolor,_HM,Halftone Multicolor,Jewellery,Earrings,Hoop Earrings,Enamel; Zinc,Worn Gold,,7.99,/232/52/213803_HM_1,213803_HM_1.jpg,none,,,,,
213807_HM,213807,Earring ULTRAVIO Halftone Multicolor,_HM,Halftone Multicolor,Jewellery,Earrings,Dangle,Acrylic; Iron,Worn Gold,,8.99,/232/52/213807_HM_1,213807_HM_1.jpg,none,,,,,
213814_HM,213814,Earring ULTRAVIO Halftone Multicolor,_HM,Halftone Multicolor,Jewellery,Earrings,Dangle,Iron; Resin,Worn Gold,,5.99,/232/52/213814_HM_1,213814_HM_1.jpg,none,,,,,
213820_HM,213820,Necklace ULTRAVIO Halftone Multicolor,_HM,Halftone Multicolor,Jewellery,Necklaces,Pendant,Acrylic; Iron; Resin; Stone; Thermoplastic Polyurethane; Zinc,Worn Gold,,12.99,/232/52/213820_HM_1,213820_HM_1.jpg,none,,,,,
213824_HM,213824,Necklace ULTRAVIO Halftone Multicolor,_HM,Halftone Multicolor,Jewellery,Necklaces,Collar,Iron; Thermoplastic Polyurethane,Worn Gold,,12.99,/232/52/213824_HM_1,213824_HM_1.jpg,none,,,,,
213836_HM,213836,Necklace ULTRAVIO Halftone Multicolor,_HM,Halftone Multicolor,Jewellery,Necklaces,Beaded Necklace,Iron; Resin,Worn Gold,,12.99,/232/52/213836_HM_1,213836_HM_1.jpg,none,,,,,
213885_HM,213885,Set of Earrings KISS MIX&MATCH Halftone Multicolor,_HM,Halftone Multicolor,Jewellery,Earrings,Hoop Earrings,Enamel; Zinc,Golden,,7.99,/232/52/213885_HM_1,213885_HM_1.jpg,none,,,,,
213896_HM,213896,Set of Earrings KISS MIX&MATCH Halftone Multicolor,_HM,Halftone Multicolor,Jewellery,Earrings,Hoop Earrings,Brass; Zirconium,Golden,,9.99,/232/52/213896_HM_1,213896_HM_1.jpg,none,,,,,
213899_BM,213899,Earring KISSSJAM Bright Multicolor,_BM,Bright Multicolor,Jewellery,Earrings,Ear Cuff,Copper; Zirconium,Golden,,5.99,/241/52/213899_BM_1,213899_BM_1.jpg,none,,,,,
213899_HM,213899,Earring KISS MIX&MATCH Halftone Multicolor,_HM,Halftone Multicolor,Jewellery,Earrings,Ear Cuff,Brass; Zirconium,Silver,,5.99,/232/52/213899_HM_1,213899_HM_1.jpg,none,,,,,
213903_HM,213903,Set of Earrings KISS MIX&MATCH Halftone Multicolor,_HM,Halftone Multicolor,Jewellery,Earrings,Hoop Earrings,Copper; Enamel,Golden,,8.99,/232/52/213903_HM_1,213903_HM_1.jpg,none,,,,,
213911_JN,213911,Earring FLORABUNDANCE Blue Jeans,_JN,Blue Jeans,Jewellery,Earrings,Hoop Earrings,Iron,Golden,,5.99,/232/52/213911_JN_1,213911_JN_1.jpg,none,,,,,
213917_HM,213917,Set of Earrings KISS MIX&MATCH Halftone Multicolor,_HM,Halftone Multicolor,Jewellery,Earrings,Hoop Earrings,Copper; Enamel; Glass,Golden,,8.99,/232/52/213917_HM_1,213917_HM_1.jpg,none,,,,,
213922_HM,213922,Jewellery KISS MIX&MATCH Halftone Multicolor,_HM,Halftone Multicolor,Jewellery,Charms,Letter,Copper; Zirconium,Golden,,7.99,/232/52/213922_HM_1,213922_HM_1.jpg,none,,,,,
213933_BR,213933,Earring FLORABUNDANCE Brick Red,_BR,Brick Red,Jewellery,Earrings,Dangle,Iron; Resin,Golden,,5.99,/232/52/213933_BR_1,213933_BR_1.jpg,none,,,,,
213981_HM,213981,Set of Earrings KISS MIX&MATCH Halftone Multicolor,_HM,Halftone Multicolor,Jewellery,Earrings,Hoop Earrings,Brass; Zirconium,Silver,,7.99,/232/52/213981_HM_1,213981_HM_1.jpg,none,,,,,
213988_HM,213988,Set of Earrings KISS MIX&MATCH Halftone Multicolor,_HM,Halftone Multicolor,Jewellery,Earrings,Hoop Earrings,Brass; Enamel,Golden,,6.99,/232/52/213988_HM_1,213988_HM_1.jpg,none,,,,,
213993_HM,213993,Set of Earrings KISS MIX&MATCH Halftone Multicolor,_HM,Halftone Multicolor,Jewellery,Earrings,Hoop Earrings,Enamel; Stone; Zinc; Zirconium,Golden,,9.99,/232/52/213993_HM_1,213993_HM_1.jpg,none,,,,,
214000_BL,214000,Earring KISS MIX&MATCH Blue,_BL,Blue,Jewellery,Earrings,Stud,Brass; Enamel; Glass,Golden,,5.99,/232/52/214000_BL_1,214000_BL_1.jpg,none,,,,,
214008_HM,214008,Set of Earrings KISS MIX&MATCH Halftone Multicolor,_HM,Halftone Multicolor,Jewellery,Earrings,Hoop Earrings,Enamel; Zinc,Golden,,7.99,/232/52/214008_HM_1,214008_HM_1.jpg,none,,,,,
214012_HM,214012,Jewellery KISS MIX&MATCH Halftone Multicolor,_HM,Halftone Multicolor,Jewellery,Charms,Symbol,Enamel; Iron; Zinc,Golden,,5.99,/232/52/214012_HM_1,214012_HM_1.jpg,none,,,,,
214018_BL,214018,Earring STARRYNIGHT Blue,_BL,Blue,Jewellery,Earrings,Dangle,Iron; Thermoplastic Polyurethane; Zinc,Black Plating,,7.99,/232/52/214018_BL_1,214018_BL_1.jpg,none,,,,,
214044_BM,214044,Necklace STARRYNIGHT Bright Multicolor,_BM,Bright Multicolor,Jewellery,Necklaces,Choker,Glass; Iron; Zinc,Black Nikel,,10.99,/232/52/214044_BM_1,214044_BM_1.jpg,none,,,,,
214051_BM,214051,Earring STARRYNIGHT Bright Multicolor,_BM,Bright Multicolor,Jewellery,Earrings,Hoop Earrings,Zinc,Golden,,5.99,/232/52/214051_BM_1,214051_BM_1.jpg,none,,,,,
214062_BM,214062,Earring STARRYNIGHT Bright Multicolor,_BM,Bright Multicolor,Jewellery,Earrings,Stud,Acrylic; Iron,Black Plating,,5.99,/232/52/214062_BM_1,214062_BM_1.jpg,none,,,,,
214111_BM,214111,Ring GUMMY PARTY Bright Multicolor,_BM,Bright Multicolor,Jewellery,Rings,Stone/Gem,Brass; Zirconium,Golden,,4.99,/232/52/214111_BM_1,214111_BM_1.jpg,none,,,,,
214119_BL,214119,Ring GUMMY PARTY Blue,_BL,Blue,Jewellery,Rings,Stone/Gem,Brass; Zirconium,Golden,,6.99,/232/52/214119_BL_1,214119_BL_1.jpg,none,,,,,
214122_GN,214122,Necklace NEOPOP Green,_GN,Green,Jewellery,Necklaces,Choker,Polyester; Glass; Brass,Golden,,12.99,/242/52/214122_GN_1,214122_GN_1.jpg,none,,,,,
214124_GN,214124,Necklace GUMMY PARTY Green,_GN,Green,Jewellery,Necklaces,Pendant,Glass; Iron,Golden,,9.99,/232/52/214124_GN_1,214124_GN_1.jpg,none,,,,,
214126_FU,214126,Earring GUMMY PARTY Fuchsia,_FU,Fuchsia,Jewellery,Earrings,Stud,Acrylic; Glass,Golden,,5.99,/232/52/214126_FU_1,214126_FU_1.jpg,none,,,,,
214134_BM,214134,Earring GUMMY PARTY Bright Multicolor,_BM,Bright Multicolor,Jewellery,Earrings,Dangle,Glass; Iron; Polymer,Golden,,9.99,/232/52/214134_BM_1,214134_BM_1.jpg,none,,,,,
214140_BL,214140,Necklace GUMMY PARTY Blue,_BL,Blue,Jewellery,Necklaces,Pendant,Glass; Iron; Polyester; Thermoplastic Polyurethane,Golden,,15.99,/232/52/214140_BL_1,214140_BL_1.jpg,none,,,,,
214140_GN,214140,Necklace GUMMY PARTY Green,_GN,Green,Jewellery,Necklaces,Pendant,Glass; Iron; Polyester; Thermoplastic Polyurethane,Golden,,15.99,/232/52/214140_GN_1,214140_GN_1.jpg,none,,,,,
214142_BM,214142,Earring GUMMY PARTY Bright Multicolor,_BM,Bright Multicolor,Jewellery,Earrings,Hoop Earrings,Glass; Zinc,Golden,,5.99,/232/52/214142_BM_1,214142_BM_1.jpg,none,,,,,
214148_BM,214148,Necklace GUMMY PARTY Bright Multicolor,_BM,Bright Multicolor,Jewellery,Necklaces,Choker,Clay; Glass; Suede,Golden,,12.99,/232/52/214148_BM_1,214148_BM_1.jpg,none,,,,,
214154_BG,214154,Jewellery Box FASHION SUPPLEMENTS Beige,_BG,Beige,Jewellery,Other Jewellery,Jewellery Box,Polyester; Polyurethane; MDF,Golden,,15.99,/232/52/214154_BG_1,214154_BG_1.jpg,none,,,,,
214159_BM,214159,Earring ORPHIC Bright Multicolor,_BM,Bright Multicolor,Jewellery,Earrings,Dangle,Acrylic; Brass; Iron,Golden,,7.99,/232/52/214159_BM_1,214159_BM_1.jpg,none,,,,,
214165_HM,214165,Necklace ORPHIC Halftone Multicolor,_HM,Halftone Multicolor,Jewellery,Necklaces,Beaded Necklace,Enamel; Iron; Resin,Golden,,10.99,/232/52/214165_HM_1,214165_HM_1.jpg,none,,,,,
214187_DN,214187,Earring mulstone Dark Green,_DN,Dark Green,Jewellery,Earrings,Drop,Acrylic; Steel; Thermoplastic Polyurethane,Golden,,5.99,/232/52/214187_DN_1,214187_DN_1.jpg,none,,,,,
214202_MI,214202,Earring mulstone Midnight Blue,_MI,Midnight Blue,Jewellery,Earrings,Dangle,Stone; Zinc,Light Golden,,4.99,/232/52/214202_MI_1,214202_MI_1.jpg,none,,,,,
214211_HM,214211,Necklace mulstone Halftone Multicolor,_HM,Halftone Multicolor,Jewellery,Necklaces,Pendant,Acrylic; Iron; Resin; Zinc,Golden,,10.99,/232/52/214211_HM_1,214211_HM_1.jpg,none,,,,,
214234_BU,214234,Earring STARRYNIGHT Burgundy,_BU,Burgundy,Jewellery,Earrings,Dangle,Thermoplastic Polyurethane; Zinc,Black Plating,,7.99,/232/52/214234_BU_1,214234_BU_1.jpg,none,,,,,
214361_HM,214361,Necklace ORPHIC Halftone Multicolor,_HM,Halftone Multicolor,Jewellery,Necklaces,Beaded Necklace,Acrylic; Brass; Iron; Resin; Stone; Zinc,Golden,,12.99,/232/52/214361_HM_1,214361_HM_1.jpg,none,,,,,
214398_DM,214398,Earring Moonlight azure Dark Multicolor,_DM,Dark Multicolor,Jewellery,Earrings,Dangle,Glass; Stone; Zinc,Golden,,7.99,/232/52/214398_DM_1,214398_DM_1.jpg,none,,,,,
214405_MI,214405,Earring Moonlight azure Midnight Blue,_MI,Midnight Blue,Jewellery,Earrings,Hoop Earrings,Glass; Iron,Golden,,7.99,/232/52/214405_MI_1,214405_MI_1.jpg,none,,,,,
214467_PU,214467,Necklace CANICHE CAMPAIGN Purple,_PU,Purple,Jewellery,Necklaces,Beaded Necklace,Glass; Iron,Golden,,29.99,/232/52/214467_PU_1,214467_PU_1.jpg,none,,,,,
214525_MI,214525,Necklace Moonlight azure Midnight Blue,_MI,Midnight Blue,Jewellery,Necklaces,Collar,Glass,Other,,19.99,/232/52/214525_MI_1,214525_MI_1.jpg,none,,,,,
214529_MI,214529,Necklace Moonlight azure Midnight Blue,_MI,Midnight Blue,Jewellery,Necklaces,Beaded Necklace,Brass; Resin; Zinc,Golden,,10.99,/232/52/214529_MI_1,214529_MI_1.jpg,none,,,,,
214534_MI,214534,Earring Moonlight azure Midnight Blue,_MI,Midnight Blue,Jewellery,Earrings,Stud,Enamel; Zinc,Golden,,9.99,/232/52/214534_MI_1,214534_MI_1.jpg,none,,,,,
214716_HM,214716,Necklace TREND Halftone Multicolor,_HM,Halftone Multicolor,Jewellery,Necklaces,Collar,Enamel; Glass; Iron; Zinc,Golden,,22.99,/232/52/214716_HM_1,214716_HM_1.jpg,none,,,,,
214912_SV,214912,Earring Hallo Silver,_SV,Silver,Jewellery,Earrings,Dangle,Glass; Iron; Zinc,Silver,,19.99,/232/52/214912_SV_1,214912_SV_1.jpg,none,,,,,
214921_SV,214921,Necklace Hallo Silver,_SV,Silver,Jewellery,Necklaces,Collar,Acrylic; Iron; Zinc,Silver,,25.99,/232/52/214921_SV_1,214921_SV_1.jpg,none,,,,,
214949_GD,214949,Earring GLDN DEL Gold,_GD,Gold,Jewellery,Earrings,Dangle,Zinc,Golden,,8.99,/232/52/214949_GD_1,214949_GD_1.jpg,none,,,,,
215108_BM,215108,Earring STARRYNIGHT Bright Multicolor,_BM,Bright Multicolor,Jewellery,Earrings,Hoop Earrings,Iron; Resin; Thermoplastic Polyurethane,Black Nikel,,9.99,/232/52/215108_BM_1,215108_BM_1.jpg,none,,,,,
215113_BM,215113,Earring STARRYNIGHT Bright Multicolor,_BM,Bright Multicolor,Jewellery,Earrings,Dangle,Copper; Glass,Black Nikel,,12.99,/232/52/215113_BM_1,215113_BM_1.jpg,none,,,,,
215136_GD,215136,Earring GOLDEN BASICS Gold,_GD,Gold,Jewellery,Earrings,Hoop Earrings,Copper,Golden,,7.99,/232/52/215136_GD_1,215136_GD_1.jpg,none,,,,,
215478_SV,215478,Bracelet Hallo Silver,_SV,Silver,Jewellery,Bracelets,Anklet,Glass; Iron,Silver,,19.99,/232/52/215478_SV_1,215478_SV_1.jpg,none,,,,,
215486_SV,215486,Earring REMY Silver,_SV,Silver,Jewellery,Earrings,Dangle,Iron; Thermoplastic Polyurethane; Zinc,Silver,,17.99,/232/52/215486_SV_1,215486_SV_1.jpg,none,,,,,
215504_GD,215504,Earring GLDN DEL Gold,_GD,Gold,Jewellery,Earrings,Stud,Zinc; Zirconium,,,5.99,/241/52/215504_GD_1,215504_GD_1.jpg,none,,,,,
215504_HM,215504,Earring GLDN DEL Halftone Multicolor,_HM,Halftone Multicolor,Jewellery,Earrings,Stud,Zinc; Zirconium,Golden,,5.99,/242/52/215504_HM_1,215504_HM_1.jpg,none,,,,,
215504_SV,215504,Earring SILVER D Silver,_SV,Silver,Jewellery,Earrings,Stud,Zinc; Zirconium,Golden,,5.99,/241/52/215504_SV_2y,215504_SV_2y.jpg,none,,,,,
215505_PE,215505,Earring GLDN DEL Pearl,_PE,Pearl,Jewellery,Earrings,Stud,Iron; Thermoplastic Polyurethane; Zinc,Gold Plated,,7.99,/241/52/215505_PE_1,215505_PE_1.jpg,none,,,,,
215507_GD,215507,Earring GLDN DEL Gold,_GD,Gold,Jewellery,Earrings,Dangle,Brass; Iron,Golden,,5.99,/241/52/215507_GD_2y,215507_GD_2y.jpg,none,,,,,
215507_SV,215507,Earring SILVER D Silver,_SV,Silver,Jewellery,Earrings,Dangle,Brass; Iron,Golden,,5.99,/241/52/215507_SV_1,215507_SV_1.jpg,none,,,,,
215523_GD,215523,Ring EYE COLLECTION Gold,_GD,Gold,Jewellery,Rings,Fantasy,Zinc,Worn Gold,,12.99,/232/52/215523_GD_1,215523_GD_1.jpg,none,,,,,
215528_GD,215528,Ring EYE COLLECTION Gold,_GD,Gold,Jewellery,Rings,Cocktail,Zinc,Worn Gold,,9.99,/232/52/215528_GD_1,215528_GD_1.jpg,none,,,,,
215539_HM,215539,Necklace GLDN DEL Halftone Multicolor,_HM,Halftone Multicolor,Jewellery,Necklaces,Beaded Necklace,Glass; Iron; Pearl,,,10.99,/241/52/215539_HM_2y,215539_HM_2y.jpg,none,,,,,
215542_GD,215542,Earring GLDN DEL Gold,_GD,Gold,Jewellery,Earrings,Dangle,Glass; Iron; Pearl,Golden,,8.99,/241/52/215542_GD_1,215542_GD_1.jpg,none,,,,,
215542_SV,215542,Earring SILVER D Silver,_SV,Silver,Jewellery,Earrings,Dangle,Glass; Iron; Pearl,Golden,,8.99,/241/52/215542_SV_1,215542_SV_1.jpg,none,,,,,
215549_GD,215549,Necklace GLDN DEL Gold,_GD,Gold,Jewellery,Necklaces,Pendant,Copper; Iron,Golden,,12.99,/241/52/215549_GD_1,215549_GD_1.jpg,none,,,,,
215549_SV,215549,Necklace SILVER D Silver,_SV,Silver,Jewellery,Necklaces,Pendant,Copper; Iron,Golden,,12.99,/241/52/215549_SV_1,215549_SV_1.jpg,none,,,,,
215557_HM,215557,Necklace GLDN DEL Halftone Multicolor,_HM,Halftone Multicolor,Jewellery,Necklaces,Pendant,Brass; Iron; Zirconium,,,10.99,/241/52/215557_HM_1,215557_HM_1.jpg,none,,,,,
215564_GD,215564,Earring GLDN DEL Gold,_GD,Gold,Jewellery,Earrings,Hoop Earrings,Brass; Zirconium,Golden,,7.99,/241/52/215564_GD_1,215564_GD_1.jpg,none,,,,,
215564_SV,215564,Earring SILVER D Silver,_SV,Silver,Jewellery,Earrings,Hoop Earrings,Brass; Zirconium,Golden,,7.99,/241/52/215564_SV_1,215564_SV_1.jpg,none,,,,,
215573_HM,215573,Earring GLDN DEL Halftone Multicolor,_HM,Halftone Multicolor,Jewellery,Earrings,Dangle,Brass; Zirconium,,,9.99,/241/52/215573_HM_1y,215573_HM_1y.jpg,none,,,,,
215577_HM,215577,Necklace GLDN DEL Halftone Multicolor,_HM,Halftone Multicolor,Jewellery,Necklaces,Pendant,Brass; Pearl; Zirconium,Golden,,12.99,/241/52/215577_HM_1,215577_HM_1.jpg,none,,,,,
215578_GD,215578,Earring GLDN DEL Gold,_GD,Gold,Jewellery,Earrings,Hoop Earrings,Iron,,,7.99,/241/52/215578_GD_1,215578_GD_1.jpg,none,,,,,
215578_SV,215578,Earring SILVER D Silver,_SV,Silver,Jewellery,Earrings,Hoop Earrings,Iron,,,7.99,/241/52/215578_SV_1,215578_SV_1.jpg,none,,,,,
215583_GD,215583,Ring GLDN DEL Gold,_GD,Gold,Jewellery,Rings,Band Ring,Zamac,Golden,,6.99,/241/52/215583_GD_1,215583_GD_1.jpg,none,,,,,
215601_GD,215601,Bracelet GLDN DEL Gold,_GD,Gold,Jewellery,Bracelets,Non-Adjustable Bracelet,Copper; Pearl,Golden,,6.99,/241/52/215601_GD_1,215601_GD_1.jpg,none,,,,,
215601_SV,215601,Bracelet SILVER D Silver,_SV,Silver,Jewellery,Bracelets,Non-Adjustable Bracelet,Copper; Pearl,Golden,,6.99,/241/52/215601_SV_1,215601_SV_1.jpg,none,,,,,
215603_GD,215603,Bracelet GLDN DEL Gold,_GD,Gold,Jewellery,Bracelets,Non-Adjustable Bracelet,Copper; Iron,Golden,,7.99,/241/52/215603_GD_1,215603_GD_1.jpg,none,,,,,
215609_SV,215609,Bracelet SILVER D Silver,_SV,Silver,Jewellery,Bracelets,Non-Adjustable Bracelet,Brass; Zirconium,Rodhium,,6.99,/241/52/215609_SV_1,215609_SV_1.jpg,none,,,,,
215618_GD,215618,Bracelet GLDN DEL Gold,_GD,Gold,Jewellery,Bracelets,Non-Adjustable Bracelet,Brass; Pearl; Zirconium,Golden,,7.99,/241/52/215618_GD_1,215618_GD_1.jpg,none,,,,,
215618_SV,215618,Bracelet SILVER D Silver,_SV,Silver,Jewellery,Bracelets,Non-Adjustable Bracelet,Brass; Pearl; Zirconium,Golden,,7.99,/241/52/215618_SV_1,215618_SV_1.jpg,none,,,,,
215640_SV,215640,Earring SILVER D Silver,_SV,Silver,Jewellery,Earrings,Dangle,Brass; Zirconium,,,9.99,/241/52/215640_SV_1,215640_SV_1.jpg,none,,,,,
2156411HM,215641,Earring GLDN DEL Halftone Multicolor,1HM,Halftone Multicolor,Jewellery,Earrings,Dangle,Brass; Zirconium,Golden,,7.99,/242/52/2156411HM_1,2156411HM_1.jpg,none,,,,,
215641_HM,215641,Earring GLDN DEL Halftone Multicolor,_HM,Halftone Multicolor,Jewellery,Earrings,Dangle,Brass; Zirconium,Golden,,8.99,/241/52/215641_HM_1,215641_HM_1.jpg,none,,,,,
215647_GD,215647,Earring GLDN DEL Gold,_GD,Gold,Jewellery,Earrings,Hoop Earrings,Iron; Zinc,Golden,,7.99,/241/52/215647_GD_1,215647_GD_1.jpg,none,,,,,
215647_SV,215647,Earring SILVER D Silver,_SV,Silver,Jewellery,Earrings,Hoop Earrings,Iron; Zinc,Golden,,7.99,/241/52/215647_SV_1,215647_SV_1.jpg,none,,,,,
215652_SV,215652,Bracelet SILVER D Silver,_SV,Silver,Jewellery,Bracelets,Non-Adjustable Bracelet,Brass; Zinc,Rodhium,,5.99,/241/52/215652_SV_1,215652_SV_1.jpg,none,,,,,
215884_IV,215884,Set of Rings Golden Basics Extra Ivory,_IV,Ivory,Jewellery,Rings,Band Ring,Enamel; Iron; Zinc,Golden,,7.99,/241/52/215884_IV_1,215884_IV_1.jpg,none,,,,,
215892_IV,215892,Ring Golden Basics Extra Ivory,_IV,Ivory,Jewellery,Rings,Fantasy,Enamel; Zinc,Golden,,7.99,/241/52/215892_IV_2y,215892_IV_2y.jpg,none,,,,,
215899_IV,215899,Necklace Golden Basics Extra Ivory,_IV,Ivory,Jewellery,Necklaces,Pendant,Brass; Enamel; Iron; Zinc,Golden,,12.99,/241/52/215899_IV_1,215899_IV_1.jpg,none,,,,,
215900_BK,215900,Necklace Milagro Black,_BK,Black,Jewellery,Necklaces,Beaded Necklace,Acrylic; Iron; Enamel; Brass,Golden,,12.99,/242/52/215900_BK_1,215900_BK_1.jpg,none,,,,,
215900_IV,215900,Necklace Golden Basics Extra Ivory,_IV,Ivory,Jewellery,Necklaces,Beaded Necklace,Brass; Enamel,Golden,,12.99,/241/52/215900_IV_1,215900_IV_1.jpg,none,,,,,
215906_IV,215906,Earring Golden Basics Extra Ivory,_IV,Ivory,Jewellery,Earrings,Dangle,Enamel; Iron; Zinc,Golden,,5.99,/241/52/215906_IV_1,215906_IV_1.jpg,none,,,,,
215915_IV,215915,Ring Golden Basics Extra Ivory,_IV,Ivory,Jewellery,Rings,Cocktail,Enamel; Zinc,Golden,,5.99,/241/52/215915_IV_1,215915_IV_1.jpg,none,,,,,
215921_IV,215921,Earring Golden Basics Extra Ivory,_IV,Ivory,Jewellery,Earrings,Hoop Earrings,Enamel; Zinc,Golden,,5.99,/241/52/215921_IV_1,215921_IV_1.jpg,none,,,,,
215921_WT,215921,Earring Golden Basics White,_WT,White,Jewellery,Earrings,Hoop Earrings,Resin; Zinc,Golden,,5.99,/242/52/215921_WT_1,215921_WT_1.jpg,none,,,,,
215924_IV,215924,Earring Golden Basics Extra Ivory,_IV,Ivory,Jewellery,Earrings,Stud,Zinc; Enamel,Golden,,5.99,/241/52/215924_IV_1,215924_IV_1.jpg,none,,,,,
215929_IV,215929,Earring Golden Basics Extra Ivory,_IV,Ivory,Jewellery,Earrings,Hoop Earrings,Enamel; Zinc,Golden,,7.99,/241/52/215929_IV_1,215929_IV_1.jpg,none,,,,,
215935_GD,215935,Earring Golden Basics Gold,_GD,Gold,Jewellery,Earrings,Drop,Iron,,,9.99,/241/52/215935_GD_1y,215935_GD_1y.jpg,none,,,,,
215946_GD,215946,Ring Golden Basics Gold,_GD,Gold,Jewellery,Rings,Band Ring,Zinc,Golden,,5.99,/241/52/215946_GD_1,215946_GD_1.jpg,none,,,,,
215953_BK,215953,Earring Milagro Black,_BK,Black,Jewellery,Earrings,Hoop Earrings,Metal and Plastic; Enamel; Thermoplastic Polyurethane,Golden,,7.99,/242/52/215953_BK_1,215953_BK_1.jpg,none,,,,,
215953_BU,215953,Earring MONETT Burgundy,_BU,Burgundy,Jewellery,Earrings,Hoop Earrings,Resin; Acrylic,Golden,,7.99,/242/52/215953_BU_1,215953_BU_1.jpg,none,,,,,
215953_GD,215953,Earring Golden Basics Gold,_GD,Gold,Jewellery,Earrings,Hoop Earrings,Metal and Plastic; Thermoplastic Polyurethane,,,7.99,/241/52/215953_GD_1,215953_GD_1.jpg,none,,,,,
215953_SV,215953,Earring SILVER BASICS Silver,_SV,Silver,Jewellery,Earrings,Hoop Earrings,Metal and Plastic; Thermoplastic Polyurethane,Rodhium,,7.99,/242/52/215953_SV_1,215953_SV_1.jpg,none,,,,,
215954_GD,215954,Earring PERMANENT - ROTATIVE JEWE Gold,_GD,Gold,Jewellery,Earrings,Hoop Earrings,Iron; Zinc,,,5.99,/241/52/215954_GD_1,215954_GD_1.jpg,none,,,,,
215959_GD,215959,Necklace Golden Basics Gold,_GD,Gold,Jewellery,Necklaces,Bib Necklace,Iron; Zinc,Golden,,15.99,/241/52/215959_GD_1,215959_GD_1.jpg,none,,,,,
215987_MI,215987,Set of Rings mulstone Midnight Blue,_MI,Midnight Blue,Jewellery,Rings,Band Ring,Stone; Zinc,Golden,,7.99,/232/52/215987_MI_1,215987_MI_1.jpg,none,,,,,
215993_IV,215993,Earring Golden Basics Extra Ivory,_IV,Ivory,Jewellery,Earrings,Dangle,Enamel; Iron,Brushed Golden,,5.99,/241/52/215993_IV_1,215993_IV_1.jpg,none,,,,,
216002_BM,216002,Earring STAR WARS Bright Multicolor,_BM,Bright Multicolor,Jewellery,Earrings,Dangle,Glass; Thermoplastic Polyurethane; Zinc,Golden,,19.99,/232/52/216002_BM_1,216002_BM_1.jpg,none,,,,,
216006_BM,216006,Ring STAR WARS Bright Multicolor,_BM,Bright Multicolor,Jewellery,Rings,Fantasy,Enamel; Glass; Thermoplastic Polyurethane; Zinc,Golden,,12.99,/232/52/216006_BM_1,216006_BM_1.jpg,none,,,,,
216011_PK,216011,Earring STAR WARS Pink,_PK,Pink,Jewellery,Earrings,Stud,Enamel; Glass; Zinc,Golden,,9.99,/232/52/216011_PK_1,216011_PK_1.jpg,none,,,,,
216068_GD,216068,Set of Bracelets Golden Basics Gold,_GD,Gold,Jewellery,Bracelets,Elastic Bracelet,Thermoplastic Polyurethane,Golden,,7.99,/241/52/216068_GD_1,216068_GD_1.jpg,none,,,,,
216088_IV,216088,Necklace Golden Basics Extra Ivory,_IV,Ivory,Jewellery,Necklaces,Beaded Necklace,Brass; Enamel; Iron,,,10.99,/241/52/216088_IV_1,216088_IV_1.jpg,none,,,,,
216103_GD,216103,Earring Golden Basics Gold,_GD,Gold,Jewellery,Earrings,Dangle,Iron; Zinc,Brushed Golden,,5.99,/241/52/216103_GD_1,216103_GD_1.jpg,none,,,,,
216110_GD,216110,Ring Golden Basics Gold,_GD,Gold,Jewellery,Rings,Cocktail,Iron,Golden,,7.99,/241/52/216110_GD_1,216110_GD_1.jpg,none,,,,,
216114_GD,216114,Earring Golden Basics Gold,_GD,Gold,Jewellery,Earrings,Dangle,Zinc,,,5.99,/241/52/216114_GD_2y,216114_GD_2y.jpg,none,,,,,
216206_GD,216206,Earring Golden Basics Gold,_GD,Gold,Jewellery,Earrings,Stud,Steel,Golden,,5.99,/232/52/216206_GD_1,216206_GD_1.jpg,none,,,,,
216212_GD,216212,Bracelet Golden Basics Gold,_GD,Gold,Jewellery,Bracelets,Bangle,Zinc,Golden,,6.99,/241/52/216212_GD_1,216212_GD_1.jpg,none,,,,,
216216_GD,216216,Earring Golden Basics Gold,_GD,Gold,Jewellery,Earrings,Dangle,Iron,Multifinishing,,5.99,/241/52/216216_GD_1,216216_GD_1.jpg,none,,,,,
216221_GD,216221,Earring Golden Basics Gold,_GD,Gold,Jewellery,Earrings,Dangle,Iron,Brushed Golden,,8.99,/241/52/216221_GD_2y,216221_GD_2y.jpg,none,,,,,
216227_GD,216227,Necklace Golden Basics Gold,_GD,Gold,Jewellery,Necklaces,Bib Necklace,Iron,Multifinishing,,15.99,/241/52/216227_GD_1,216227_GD_1.jpg,none,,,,,
216233_GD,216233,Set of Necklaces PERMANENT - SUSPENDED FR Gold,_GD,Gold,Jewellery,Necklaces,Chain,Zamac; Zinc; Brass; Iron,,,12.99,/241/52/216233_GD_1,216233_GD_1.jpg,none,,,,,
216233_SV,216233,Set of Necklaces SILVER BASICS Silver,_SV,Silver,Jewellery,Necklaces,Chain,Cork; Brass; Zinc; Iron,Rodhium,,12.99,/242/52/216233_SV_1,216233_SV_1.jpg,none,,,,,
216234_GD,216234,Earring Golden Basics Gold,_GD,Gold,Jewellery,Earrings,Dangle,Iron; Zamac,Multifinishing,,7.99,/241/52/216234_GD_2y,216234_GD_2y.jpg,none,,,,,
216240_GD,216240,Earring Golden Basics Gold,_GD,Gold,Jewellery,Earrings,Drop,Iron,Golden,,7.99,/241/52/216240_GD_1,216240_GD_1.jpg,none,,,,,
216245_IV,216245,Bracelet Golden Basics Extra Ivory,_IV,Ivory,Jewellery,Bracelets,Elastic Bracelet,Enamel; Policloroeteno (pvc),Golden,,6.99,/241/52/216245_IV_1,216245_IV_1.jpg,none,,,,,
216253_IV,216253,Earring Golden Basics Extra Ivory,_IV,Ivory,Jewellery,Earrings,Hoop Earrings,Enamel; Iron,Golden,,5.99,/241/52/216253_IV_1,216253_IV_1.jpg,none,,,,,
216269_BM,216269,Key Chain FASHION SUPPLEMENTS Bright Multicolor,_BM,Bright Multicolor,Jewellery,Key chains,Other Key-Chain,Acrylic; Thermoplastic Polyurethane; Zinc; Zinc,Golden,,8.99,/241/52/216269_BM_1,216269_BM_1.jpg,none,,,,,
216279_BM,216279,Key Chain FASHION SUPPLEMENTS Bright Multicolor,_BM,Bright Multicolor,Jewellery,Key chains,Other Key-Chain,Acrylic; Enamel; Iron; Zinc,,,9.99,/241/52/216279_BM_1,216279_BM_1.jpg,none,,,,,
216291_GD,216291,Pin FASHION SUPPLEMENTS Gold,_GD,Gold,Jewellery,Pins,Romantic Brooche,Iron; Zinc,Golden,,5.99,/241/52/216291_GD_1,216291_GD_1.jpg,none,,,,,
216291_SV,216291,Pin FASHION SUPPLEMENTS Silver,_SV,Silver,Jewellery,Pins,Romantic Brooche,Iron; Zinc,Rodhium,,5.99,/242/52/216291_SV_2y,216291_SV_2y.jpg,none,,,,,
216294_BK,216294,Pin FASHION SUPPLEMENTS Black,_BK,Black,Jewellery,Pins,Flower,Iron; Polyester,Silver,,6.99,/241/52/216294_BK_1,216294_BK_1.jpg,none,,,,,
216298_GD,216298,Pin FASHION SUPPLEMENTS Gold,_GD,Gold,Jewellery,Pins,Flower,Acrylic; Zinc,Golden,,5.99,/241/52/216298_GD_1,216298_GD_1.jpg,none,,,,,
216317_IV,216317,Necklace Golden Basics Extra Ivory,_IV,Ivory,Jewellery,Necklaces,Pendant,Brass; Enamel; Iron,Brushed Golden,,12.99,/241/52/216317_IV_1,216317_IV_1.jpg,none,,,,,
216326_IV,216326,Bracelet Golden Basics Extra Ivory,_IV,Ivory,Jewellery,Bracelets,Elastic Bracelet,Enamel; Zinc,Brushed Golden,,8.99,/241/52/216326_IV_1,216326_IV_1.jpg,none,,,,,
216336_IV,216336,Earring Golden Basics Extra Ivory,_IV,Ivory,Jewellery,Earrings,Hoop Earrings,Enamel; Iron; Zamac,Golden,,5.99,/241/52/216336_IV_1,216336_IV_1.jpg,none,,,,,
216385_GD,216385,Earring Golden Basics Gold,_GD,Gold,Jewellery,Earrings,Hoop Earrings,Brass,Golden,,5.99,/241/52/216385_GD_1,216385_GD_1.jpg,none,,,,,
216430_GD,216430,Ring REAL PEARLS Gold,_GD,Gold,Jewellery,Rings,Cocktail,Brass; Pearl,Worn Gold,,19.99,/232/52/216430_GD_1,216430_GD_1.jpg,none,,,,,
216438_GD,216438,Necklace REAL PEARLS Gold,_GD,Gold,Jewellery,Necklaces,Beaded Necklace,Pearl; Zinc,Worn Gold,,49.99,/232/52/216438_GD_1,216438_GD_1.jpg,none,,,,,
216469_GD,216469,Earring GOLDEN BASICS Gold,_GD,Gold,Jewellery,Earrings,Ear Cuff,Brass; Iron,Golden,,12.99,/232/52/216469_GD_1,216469_GD_1.jpg,none,,,,,
216664_BU,216664,Bracelet Gipsy Garden Burgundy,_BU,Burgundy,Jewellery,Bracelets,Elastic Bracelet,Enamel; Zamac,,,9.99,/241/52/216664_BU_1,216664_BU_1.jpg,none,,,,,
216669_HM,216669,Bracelet Gipsy Garden Halftone Multicolor,_HM,Halftone Multicolor,Jewellery,Bracelets,Elastic Bracelet,Resin; Thermoplastic Polyurethane; Zinc,,,9.99,/241/52/216669_HM_1,216669_HM_1.jpg,none,,,,,
216680_BU,216680,Earring Gipsy Garden Burgundy,_BU,Burgundy,Jewellery,Earrings,Dangle,Iron; Thermoplastic Polyurethane; Zinc,Worn Gold,,7.99,/241/52/216680_BU_1,216680_BU_1.jpg,none,,,,,
216684_DM,216684,Earring Gipsy Garden Dark Multicolor,_DM,Dark Multicolor,Jewellery,Earrings,Dangle,Acrylic; Iron; Zamac,,,9.99,/241/52/216684_DM_1,216684_DM_1.jpg,none,,,,,
216693_DM,216693,Necklace Gipsy Garden Dark Multicolor,_DM,Dark Multicolor,Jewellery,Necklaces,Beaded Necklace,Acrylic; Brass; Resin; Thermoplastic Polyurethane; Zinc,Worn Gold,,12.99,/241/52/216693_DM_1,216693_DM_1.jpg,none,,,,,
216700_BU,216700,Earring Gipsy Garden Burgundy,_BU,Burgundy,Jewellery,Earrings,Hoop Earrings,Acrylic; Iron; Resin; Zinc,,,9.99,/241/52/216700_BU_1,216700_BU_1.jpg,none,,,,,
216706_DM,216706,Earring Gipsy Garden Dark Multicolor,_DM,Dark Multicolor,Jewellery,Earrings,Dangle,Acrylic; Zinc,Worn Gold,,7.99,/241/52/216706_DM_1,216706_DM_1.jpg,none,,,,,
216715_MI,216715,Earring Gipsy Garden Midnight Blue,_MI,Midnight Blue,Jewellery,Earrings,Hoop Earrings,Resin; Zinc,Worn Gold,,7.99,/241/52/216715_MI_1,216715_MI_1.jpg,none,,,,,
216721_WI,216721,Earring Gipsy Garden Wine,_WI,Wine,Jewellery,Earrings,Dangle,Enamel; Iron; Resin,Worn Gold,,7.99,/241/52/216721_WI_1,216721_WI_1.jpg,none,,,,,
216740_GD,216740,Set of Necklaces GOLD PLATED COLLECTION Gold,_GD,Gold,Jewellery,Necklaces,Pendant,Brass; Stone,Gold Plated,,39.99,/241/52/216740_GD_1,216740_GD_1.jpg,none,,,,,
216748_RY,216748,Ring Gipsy Garden Raspberry,_RY,Raspberry,Jewellery,Rings,Fantasy,Thermoplastic Polyurethane; Zinc,Worn Gold,,5.99,/241/52/216748_RY_1,216748_RY_1.jpg,none,,,,,
216753_DM,216753,Earring Gipsy Garden Dark Multicolor,_DM,Dark Multicolor,Jewellery,Earrings,Stud,Acrylic; Zinc,Worn Gold,,5.99,/241/52/216753_DM_1,216753_DM_1.jpg,none,,,,,
216835_HM,216835,Bracelet VENDREDI Halftone Multicolor,_HM,Halftone Multicolor,Jewellery,Bracelets,Adjustable Bracelet,Acrylic; Stone; Thermoplastic Polyurethane; Zinc; Metal and Plastic,,,9.99,/241/52/216835_HM_1,216835_HM_1.jpg,none,,,,,
216844_HM,216844,Bracelet mulstone Halftone Multicolor,_HM,Halftone Multicolor,Jewellery,Bracelets,Elastic Bracelet,Acrylic; Thermoplastic Polyurethane,Matte Golden,,6.99,/232/52/216844_HM_1,216844_HM_1.jpg,none,,,,,
216883_HM,216883,Necklace VENDREDI Halftone Multicolor,_HM,Halftone Multicolor,Jewellery,Necklaces,Chain,Acrylic; Brass; Zinc,Golden,,12.99,/241/52/216883_HM_1,216883_HM_1.jpg,none,,,,,
216888_HM,216888,Bracelet VENDREDI Halftone Multicolor,_HM,Halftone Multicolor,Jewellery,Bracelets,Adjustable Bracelet,Acrylic; Brass; Iron; Thermoplastic Polyurethane; Zinc,Golden,,7.99,/241/52/216888_HM_1,216888_HM_1.jpg,none,,,,,
216902_HM,216902,Earring VENDREDI Halftone Multicolor,_HM,Halftone Multicolor,Jewellery,Earrings,Stud,Acrylic; Iron; Thermoplastic Polyurethane,Brushed Golden,,5.99,/241/52/216902_HM_1y,216902_HM_1y.jpg,none,,,,,
216912_TL,216912,Earring VENDREDI Teal,_TL,Teal,Jewellery,Earrings,Hoop Earrings,Iron; Resin; Rubber,Worn Gold,,7.99,/241/52/216912_TL_2y,216912_TL_2y.jpg,none,,,,,
216920_HM,216920,Necklace VENDREDI Halftone Multicolor,_HM,Halftone Multicolor,Jewellery,Necklaces,Pendant,Brass; Steel; Thermoplastic Polyurethane,Golden,,12.99,/241/52/216920_HM_1,216920_HM_1.jpg,none,,,,,
216925_HM,216925,Earring VENDREDI Halftone Multicolor,_HM,Halftone Multicolor,Jewellery,Earrings,Hoop Earrings,Acrylic; Iron; Thermoplastic Polyurethane; Wood,Golden,,5.99,/241/52/216925_HM_1,216925_HM_1.jpg,none,,,,,
216933_HM,216933,Ring VENDREDI Halftone Multicolor,_HM,Halftone Multicolor,Jewellery,Rings,Fantasy,Enamel; Zamac,Golden,,5.99,/241/52/216933_HM_1,216933_HM_1.jpg,none,,,,,
216974_GD,216974,Necklace GOLDEN PEARLS Gold,_GD,Gold,Jewellery,Necklaces,Beaded Necklace,Acrylic; Brass; Zinc,,,10.99,/241/52/216974_GD_1,216974_GD_1.jpg,none,,,,,
216978_GD,216978,Bracelet GOLDEN PEARLS Gold,_GD,Gold,Jewellery,Bracelets,Non-Adjustable Bracelet,Thermoplastic Polyurethane; Zinc,Golden,,7.99,/241/52/216978_GD_1,216978_GD_1.jpg,none,,,,,
216982_GD,216982,Bracelet GOLDEN PEARLS Gold,_GD,Gold,Jewellery,Bracelets,Elastic Bracelet,Acrylic; Zinc,Golden,,7.99,/241/52/216982_GD_1,216982_GD_1.jpg,none,,,,,
216986_GD,216986,Earring GOLDEN PEARLS Gold,_GD,Gold,Jewellery,Earrings,Stud,Acrylic; Zinc,Golden,,4.99,/241/52/216986_GD_1,216986_GD_1.jpg,none,,,,,
216990_GD,216990,Set of Necklaces GOLDEN PEARLS Gold,_GD,Gold,Jewellery,Necklaces,Pendant,Zinc; Acrylic; Copper,Golden,,12.99,/241/52/216990_GD_1,216990_GD_1.jpg,none,,,,,
216995_BL,216995,Bracelet ARM NIGHT Blue,_BL,Blue,Jewellery,Bracelets,Adjustable Bracelet,Brass; Stone; Zinc,Golden,,7.99,/241/52/216995_BL_1,216995_BL_1.jpg,none,,,,,
217000_BL,217000,Bracelet ARM NIGHT Blue,_BL,Blue,Jewellery,Bracelets,Non-Adjustable Bracelet,Brass; Glass; Iron,Golden,,7.99,/241/52/217000_BL_1,217000_BL_1.jpg,none,,,,,
217002_BL,217002,Bracelet ARM NIGHT Blue,_BL,Blue,Jewellery,Bracelets,Adjustable Bracelet,Copper; Glass; Suede,Golden,,5.99,/241/52/217002_BL_1,217002_BL_1.jpg,none,,,,,
217002_PE,217002,Bracelet Arm Sand Pearl,_PE,Pearl,Jewellery,Bracelets,Adjustable Bracelet,Copper; Enamel; Glass; Polyester; Zirconium; Brass; Rubber; Nylon,Golden,,5.99,/242/52/217002_PE_1,217002_PE_1.jpg,none,,,,,
217002_PK,217002,Bracelet ARM LOVERS Pink,_PK,Pink,Jewellery,Bracelets,Adjustable Bracelet,Copper; Glass; Suede,Golden,,5.99,/241/52/217002_PK_2y,217002_PK_2y.jpg,none,,,,,
217053_DM,217053,Bracelet Moonlight azure Dark Multicolor,_DM,Dark Multicolor,Jewellery,Bracelets,Elastic Bracelet,Enamel; Thermoplastic Polyurethane; Zinc,Golden,,8.99,/232/52/217053_DM_1,217053_DM_1.jpg,none,,,,,
217128_HM,217128,Key Chain FASHION SUPPLEMENTS Halftone Multicolor,_HM,Halftone Multicolor,Jewellery,Key chains,Figures,Acrylic; Glass; Iron; Zinc,Golden,,12.99,/241/52/217128_HM_1,217128_HM_1.jpg,none,,,,,
217151_GD,217151,Bracelet Golden Basics Gold,_GD,Gold,Jewellery,Bracelets,Elastic Bracelet,Thermoplastic Polyurethane; Zinc,Golden,,8.99,/232/52/217151_GD_1,217151_GD_1.jpg,none,,,,,
217160_HM,217160,Bracelet mulstone Halftone Multicolor,_HM,Halftone Multicolor,Jewellery,Bracelets,Elastic Bracelet,Acrylic; Zinc,Golden,,6.99,/232/52/217160_HM_2y,217160_HM_2y.jpg,none,,,,,
217191_HM,217191,Bracelet VENDREDI Halftone Multicolor,_HM,Halftone Multicolor,Jewellery,Bracelets,Elastic Bracelet,Copper; Elastane; Resin; Stone; Thermoplastic Polyurethane,Golden,,6.99,/241/52/217191_HM_1,217191_HM_1.jpg,none,,,,,
217194_PK,217194,Necklace CUPID Pink,_PK,Pink,Jewellery,Necklaces,Pendant,Glass; Iron,,,10.99,/241/52/217194_PK_1,217194_PK_1.jpg,none,,,,,
217194_RD,217194,Necklace CUPID Red,_RD,Red,Jewellery,Necklaces,Pendant,Glass; Iron,,,10.99,/241/52/217194_RD_1,217194_RD_1.jpg,none,,,,,
217199_HM,217199,Bracelet VENDREDI Halftone Multicolor,_HM,Halftone Multicolor,Jewellery,Bracelets,Elastic Bracelet,Acrylic,Golden,,6.99,/241/52/217199_HM_1,217199_HM_1.jpg,none,,,,,
217212_PE,217212,Earring CUPID Pearl,_PE,Pearl,Jewellery,Earrings,Dangle,Acrylic; Iron; Resin,Golden,,12.99,/241/52/217212_PE_1,217212_PE_1.jpg,none,,,,,
217301_HM,217301,Earring SPARKLING EARRINGS Halftone Multicolor,_HM,Halftone Multicolor,Jewellery,Earrings,Dangle,Brass; Pearl; Stone,Worn Gold,,25.99,/241/52/217301_HM_1,217301_HM_1.jpg,none,,,,,
217306_VT,217306,Earring SPARKLING EARRINGS Violet,_VT,Violet,Jewellery,Earrings,Drop,Brass; Stone,Worn Gold,,12.99,/241/52/217306_VT_1,217306_VT_1.jpg,none,,,,,
217310_SV,217310,Earring SHADES OF COOL Silver,_SV,Silver,Jewellery,Earrings,Hoop Earrings,Acrylic; Copper; Glass,Rodhium,,7.99,/241/52/217310_SV_1,217310_SV_1.jpg,none,,,,,
217316_SV,217316,Ring SHADES OF COOL Silver,_SV,Silver,Jewellery,Rings,Band Ring,Zinc,Rodhium,,4.99,/241/52/217316_SV_1,217316_SV_1.jpg,none,,,,,
217324_MI,217324,Earring SPARKLING EARRINGS Midnight Blue,_MI,Midnight Blue,Jewellery,Earrings,Stud,Brass; Stone,Worn Gold,,17.99,/241/52/217324_MI_1,217324_MI_1.jpg,none,,,,,
217338_PU,217338,Earring SPARKLING EARRINGS Purple,_PU,Purple,Jewellery,Earrings,Drop,Brass; Stone,Worn Gold,,23.99,/241/52/217338_PU_1,217338_PU_1.jpg,none,,,,,
217351_SV,217351,Set of Earrings SHADES OF COOL Silver,_SV,Silver,Jewellery,Earrings,Hoop Earrings,Copper; Iron; Zamac,Rodhium,,7.99,/241/52/217351_SV_1,217351_SV_1.jpg,none,,,,,
217370_SV,217370,Earring SILVER BASICS Silver,_SV,Silver,Jewellery,Earrings,Stud,Zinc,Rodhium,,5.99,/241/52/217370_SV_1,217370_SV_1.jpg,none,,,,,
217375_SV,217375,Necklace SHADES OF COOL Silver,_SV,Silver,Jewellery,Necklaces,Chain,Iron; Zinc,Rodhium,,12.99,/241/52/217375_SV_1,217375_SV_1.jpg,none,,,,,
217381_SV,217381,Earring SHADES OF COOL Silver,_SV,Silver,Jewellery,Earrings,Hoop Earrings,Iron; Thermoplastic Polyurethane; Zinc,Rodhium,,5.99,/241/52/217381_SV_1,217381_SV_1.jpg,none,,,,,
217387_SV,217387,Earring SHADES OF COOL Silver,_SV,Silver,Jewellery,Earrings,Stud,Zinc,Rodhium,,5.99,/241/52/217387_SV_1,217387_SV_1.jpg,none,,,,,
217389_RD,217389,Necklace SILVER BASICS Red,_RD,Red,Jewellery,Necklaces,Y-Necklace,Pig leather; Nylon; Copper; Zinc; Iron; Cow Leather,,,10.99,/242/52/217389_RD_1,217389_RD_1.jpg,none,,,,,
217389_SV,217389,Necklace SHADES OF COOL Silver,_SV,Silver,Jewellery,Necklaces,Y-Necklace,Copper; Iron; Nylon; Zinc,,,10.99,/241/52/217389_SV_1,217389_SV_1.jpg,none,,,,,
217394_SV,217394,Earring SILVER BASICS Silver,_SV,Silver,Jewellery,Earrings,Hoop Earrings,Zinc,Rodhium,,5.99,/241/52/217394_SV_1,217394_SV_1.jpg,none,,,,,
217399_SV,217399,Earring SHADES OF COOL Silver,_SV,Silver,Jewellery,Earrings,Stud,Iron; Zinc,Brushed Rhodium,,5.99,/241/52/217399_SV_1,217399_SV_1.jpg,none,,,,,
217413_HM,217413,Earring VENDREDI Halftone Multicolor,_HM,Halftone Multicolor,Jewellery,Earrings,Dangle,Thermoplastic Polyurethane; Zinc,Brushed Golden,,7.99,/241/52/217413_HM_1,217413_HM_1.jpg,none,,,,,
217419_HM,217419,Bracelet FLEURSDUMER Halftone Multicolor,_HM,Halftone Multicolor,Jewellery,Bracelets,Elastic Bracelet,Brass; Glass; Thermoplastic Polyurethane,Worn Gold,,7.99,/241/52/217419_HM_1,217419_HM_1.jpg,none,,,,,
217425_HM,217425,Earring FLEURSDUMER Halftone Multicolor,_HM,Halftone Multicolor,Jewellery,Earrings,Hoop Earrings,Glass; Iron; Stone; Thermoplastic Polyurethane,Golden,,5.99,/241/52/217425_HM_1,217425_HM_1.jpg,none,,,,,
217434_SV,217434,Earring SHADES OF COOL Silver,_SV,Silver,Jewellery,Earrings,Dangle,Iron; Zinc,Rodhium,,7.99,/232/52/217434_SV_1,217434_SV_1.jpg,none,,,,,
217450_HM,217450,Bracelet FLEURSDUMER Halftone Multicolor,_HM,Halftone Multicolor,Jewellery,Bracelets,Elastic Bracelet,Acrylic; Glass,Brushed Golden,,6.99,/241/52/217450_HM_1,217450_HM_1.jpg,none,,,,,
217454_HM,217454,Earring FLEURSDUMER Halftone Multicolor,_HM,Halftone Multicolor,Jewellery,Earrings,Dangle,Iron; Resin; Zinc,Brushed Golden,,7.99,/241/52/217454_HM_1,217454_HM_1.jpg,none,,,,,
217461_HM,217461,Earring FLEURSDUMER Halftone Multicolor,_HM,Halftone Multicolor,Jewellery,Earrings,Hoop Earrings,Enamel; Zinc,Golden,,7.99,/241/52/217461_HM_1,217461_HM_1.jpg,none,,,,,
217470_GN,217470,Necklace FLEURSDUMER Green,_GN,Green,Jewellery,Necklaces,Pendant,Copper; Iron; Resin,,,10.99,/241/52/217470_GN_1,217470_GN_1.jpg,none,,,,,
217483_BM,217483,Earring SUNSET JUNCTION Bright Multicolor,_BM,Bright Multicolor,Jewellery,Earrings,Hoop Earrings,Brass; Iron; Stone,Brushed Golden,,7.99,/241/52/217483_BM_1,217483_BM_1.jpg,none,,,,,
217483_FG,217483,Earring FLEURSDUMER Forest Green,_FG,Forest Green,Jewellery,Earrings,Hoop Earrings,Iron; Stone,Brushed Golden,,7.99,/241/52/217483_FG_1,217483_FG_1.jpg,none,,,,,
217488_HM,217488,Set of Earrings FLEURSDUMER Halftone Multicolor,_HM,Halftone Multicolor,Jewellery,Earrings,Hoop Earrings,Acrylic; Brass; Stone; Zinc,,,9.99,/241/52/217488_HM_1,217488_HM_1.jpg,none,,,,,
217520_SV,217520,Ring SHADES OF COOL Silver,_SV,Silver,Jewellery,Rings,Cocktail,Brass,Silver,,5.99,/232/52/217520_SV_1,217520_SV_1.jpg,none,,,,,
217525_SV,217525,Set of Earrings SHADES OF COOL Silver,_SV,Silver,Jewellery,Earrings,Hoop Earrings,Zinc,Rodhium,,8.99,/241/52/217525_SV_1,217525_SV_1.jpg,none,,,,,
217530_SV,217530,Necklace SHADES OF COOL Silver,_SV,Silver,Jewellery,Necklaces,Pendant,Brass; Iron; Zinc,Rodhium,,15.99,/241/52/217530_SV_2y,217530_SV_2y.jpg,none,,,,,
217543_SV,217543,Ring SHADES OF COOL Silver,_SV,Silver,Jewellery,Rings,Cocktail,Zinc,Rodhium,,6.99,/232/52/217543_SV_1,217543_SV_1.jpg,none,,,,,
217631_GD,217631,Earring GLDN DEL Gold,_GD,Gold,Jewellery,Earrings,Hoop Earrings,Acrylic; Brass,Golden,,4.99,/241/52/217631_GD_1,217631_GD_1.jpg,none,,,,,
217637_SV,217637,Earring SILVER D Silver,_SV,Silver,Jewellery,Earrings,Hoop Earrings,Acrylic; Iron; Zinc,Rodhium,,5.99,/241/52/217637_SV_2y,217637_SV_2y.jpg,none,,,,,
217643_GD,217643,Earring GLDN DEL Gold,_GD,Gold,Jewellery,Earrings,Dangle,Brass; Glass,Golden,,8.99,/241/52/217643_GD_1,217643_GD_1.jpg,none,,,,,
217656_GD,217656,Earring GLDN DEL Gold,_GD,Gold,Jewellery,Earrings,Stud,Brass; Zirconium,Golden,,7.99,/241/52/217656_GD_1,217656_GD_1.jpg,none,,,,,
217656_SV,217656,Earring SILVER D Silver,_SV,Silver,Jewellery,Earrings,Stud,Brass; Zirconium,Golden,,7.99,/241/52/217656_SV_1,217656_SV_1.jpg,none,,,,,
217671_IV,217671,Earring Golden Basics Extra Ivory,_IV,Ivory,Jewellery,Earrings,Stud,Enamel; Zinc,Golden,,5.99,/241/52/217671_IV_1,217671_IV_1.jpg,none,,,,,
217677_GD,217677,Earring Golden Basics Gold,_GD,Gold,Jewellery,Earrings,Hoop Earrings,Zinc,Golden,,4.99,/241/52/217677_GD_1,217677_GD_1.jpg,none,,,,,
217682_GD,217682,Set of Earrings Golden Basics Gold,_GD,Gold,Jewellery,Earrings,Dangle,Zinc,Golden,,7.99,/241/52/217682_GD_1,217682_GD_1.jpg,none,,,,,
217688_GD,217688,Earring Golden Basics Gold,_GD,Gold,Jewellery,Earrings,Stud,Iron,Brushed Golden,,4.99,/241/52/217688_GD_1,217688_GD_1.jpg,none,,,,,
217693_IV,217693,Earring Golden Basics Extra Ivory,_IV,Ivory,Jewellery,Earrings,Stud,Enamel; Iron; Zinc,Brushed Golden,,5.99,/241/52/217693_IV_1,217693_IV_1.jpg,none,,,,,
217904_SV,217904,Earring SILVER BASICS Silver,_SV,Silver,Jewellery,Earrings,Dangle,Iron,Rodhium,,8.99,/241/52/217904_SV_1,217904_SV_1.jpg,none,,,,,
217974_GD,217974,Earring Golden Basics Gold,_GD,Gold,Jewellery,Earrings,Stud,Brass,Golden,,7.99,/241/52/217974_GD_1,217974_GD_1.jpg,none,,,,,
217974_SV,217974,Earring SILVER BASICS Silver,_SV,Silver,Jewellery,Earrings,Stud,Brass,Rodhium,,7.99,/241/52/217974_SV_1,217974_SV_1.jpg,none,,,,,
218294_RO,218294,Earring ETHNICS Old Rose,_RO,Old Rose,Jewellery,Earrings,Dangle,Iron; Resin,Worn Gold,,5.99,/241/52/218294_RO_1,218294_RO_1.jpg,none,,,,,
218303_HM,218303,Set of Earrings ETHNICS Halftone Multicolor,_HM,Halftone Multicolor,Jewellery,Earrings,Hoop Earrings,Iron; Thermoplastic Polyurethane,Worn Gold,,5.99,/241/52/218303_HM_1,218303_HM_1.jpg,none,,,,,
218310_RO,218310,Bracelet ETHNICS Old Rose,_RO,Old Rose,Jewellery,Bracelets,Non-Adjustable Bracelet,Iron; Polyurethane; Zinc,Worn Gold,,5.99,/241/52/218310_RO_2y,218310_RO_2y.jpg,none,,,,,
218315_HM,218315,Set of Earrings ETHNICS Halftone Multicolor,_HM,Halftone Multicolor,Jewellery,Earrings,Hoop Earrings,Iron; Resin; Rubber; Zinc,Worn Gold,,5.99,/241/52/218315_HM_1,218315_HM_1.jpg,none,,,,,
218322_BN,218322,Earring ETHNICS Brown,_BN,Brown,Jewellery,Earrings,Hoop Earrings,Iron; Polyamide; Zinc,Worn Gold,,8.99,/241/52/218322_BN_1,218322_BN_1.jpg,none,,,,,
218327_RO,218327,Ring ETHNICS Old Rose,_RO,Old Rose,Jewellery,Rings,Band Ring,Brass; Enamel,Worn Gold,,4.99,/241/52/218327_RO_1,218327_RO_1.jpg,none,,,,,
218334_HM,218334,Earring ETHNICS Halftone Multicolor,_HM,Halftone Multicolor,Jewellery,Earrings,Hoop Earrings,Iron; Resin; Shell; Zinc,Worn Gold,,5.99,/241/52/218334_HM_2y,218334_HM_2y.jpg,none,,,,,
218342_HM,218342,Earring ETHNICS Halftone Multicolor,_HM,Halftone Multicolor,Jewellery,Earrings,Hoop Earrings,Iron; Stone,Golden,,7.99,/241/52/218342_HM_1,218342_HM_1.jpg,none,,,,,
218347_BN,218347,Necklace ETHNICS Brown,_BN,Brown,Jewellery,Necklaces,Pendant,Polyester; Zinc,Worn Gold,,12.99,/241/52/218347_BN_1,218347_BN_1.jpg,none,,,,,
218361_BM,218361,Bracelet SUNSET JUNCTION Bright Multicolor,_BM,Bright Multicolor,Jewellery,Bracelets,Elastic Bracelet,Stone; Thermoplastic Polyurethane,Golden,,6.99,/241/52/218361_BM_1,218361_BM_1.jpg,none,,,,,
218367_BN,218367,Bracelet ETHNICS Brown,_BN,Brown,Jewellery,Bracelets,Non-Adjustable Bracelet,Brass; Polyurethane; Zinc,,,9.99,/241/52/218367_BN_2y,218367_BN_2y.jpg,none,,,,,
218374_HM,218374,Earring ETHNICS Halftone Multicolor,_HM,Halftone Multicolor,Jewellery,Earrings,Dangle,Iron; Resin,,,9.99,/241/52/218374_HM_1,218374_HM_1.jpg,none,,,,,
218380_IV,218380,Bracelet ETHNICS Ivory,_IV,Ivory,Jewellery,Bracelets,Non-Adjustable Bracelet,Brass; Cotton; Iron; Zinc,,,9.99,/241/52/218380_IV_1,218380_IV_1.jpg,none,,,,,
218385_RO,218385,Ring ETHNICS Old Rose,_RO,Old Rose,Jewellery,Rings,Cocktail,Resin,Other,,6.99,/241/52/218385_RO_1,218385_RO_1.jpg,none,,,,,
218465_FU,218465,Ring SUNSET JUNCTION Fuchsia,_FU,Fuchsia,Jewellery,Rings,Fantasy,Acrylic; Resin,Golden,,5.99,/241/52/218465_FU_1,218465_FU_1.jpg,none,,,,,
218478_AM,218478,Earring SUNSET JUNCTION Amethyst,_AM,Amethyst,Jewellery,Earrings,Dangle,Acrylic; Iron; Stone,Golden,,7.99,/241/52/218478_AM_1,218478_AM_1.jpg,none,,,,,
218485_PK,218485,Earring SUNSET JUNCTION Pink,_PK,Pink,Jewellery,Earrings,Hoop Earrings,Stone; Zinc,Golden,Stone,5.99,/241/52/218485_PK_1,218485_PK_1.jpg,none,,,,,
218499_OR,218499,Earring SUNSET JUNCTION Orange,_OR,Orange,Jewellery,Earrings,Dangle,Iron; Stone,Golden,,8.99,/241/52/218499_OR_1,218499_OR_1.jpg,none,,,,,
218519_HM,218519,Necklace SUNSET JUNCTION Halftone Multicolor,_HM,Halftone Multicolor,Jewellery,Necklaces,Beaded Necklace,Acrylic; Brass; Iron; Stone; Zinc,Golden,,12.99,/241/52/218519_HM_1,218519_HM_1.jpg,none,,,,,
218524_BM,218524,Bracelet SUNSET JUNCTION Bright Multicolor,_BM,Bright Multicolor,Jewellery,Bracelets,Adjustable Bracelet,Stone; Acrylic; Brass,Golden,,6.99,/241/52/218524_BM_1,218524_BM_1.jpg,none,,,,,
218538_GD,218538,Earring GLDN DEL Gold,_GD,Gold,Jewellery,Earrings,Stud,Brass,Golden,,4.99,/241/52/218538_GD_1,218538_GD_1.jpg,none,,,,,
218553_GD,218553,Ring GLDN DEL Gold,_GD,Gold,Jewellery,Rings,Band Ring,Brass,Golden,,6.99,/241/52/218553_GD_1,218553_GD_1.jpg,none,,,,,
218554_GD,218554,Earring GLDN DEL Gold,_GD,Gold,Jewellery,Earrings,Dangle,Brass,Golden,,7.99,/241/52/218554_GD_1,218554_GD_1.jpg,none,,,,,
218554_SV,218554,Earring SILVER D Silver,_SV,Silver,Jewellery,Earrings,Dangle,Brass,Golden,,7.99,/241/52/218554_SV_1,218554_SV_1.jpg,none,,,,,
218563_GD,218563,Earring GLDN DEL Gold,_GD,Gold,Jewellery,Earrings,Stud,Acrylic; Brass; Zirconium,Golden,,5.99,/241/52/218563_GD_1,218563_GD_1.jpg,none,,,,,
218572_GD,218572,Necklace GLDN DEL Gold,_GD,Gold,Jewellery,Necklaces,Beaded Necklace,Acrylic; Brass,,,10.99,/241/52/218572_GD_1,218572_GD_1.jpg,none,,,,,
218577_GD,218577,Ring GLDN DEL Gold,_GD,Gold,Jewellery,Rings,Cocktail,Acrylic; Zinc,Golden,,5.99,/241/52/218577_GD_1,218577_GD_1.jpg,none,,,,,
218583_GD,218583,Ring GLDN DEL Gold,_GD,Gold,Jewellery,Rings,Band Ring,Zinc,Golden,,5.99,/241/52/218583_GD_1,218583_GD_1.jpg,none,,,,,
218587_GD,218587,Earring GLDN DEL Gold,_GD,Gold,Jewellery,Earrings,Stud,Zirconium; Zinc,Golden,,4.99,/242/52/218587_GD_1,218587_GD_1.jpg,none,,,,,
218591_GD,218591,Bracelet GLDN DEL Gold,_GD,Gold,Jewellery,Bracelets,Adjustable Bracelet,Brass; Iron,Golden,,8.99,/241/52/218591_GD_2,218591_GD_2.jpg,none,,,,,
218591_SV,218591,Bracelet SILVER D Silver,_SV,Silver,Jewellery,Bracelets,Adjustable Bracelet,Brass; Iron,Golden,,8.99,/242/52/218591_SV_1,218591_SV_1.jpg,none,,,,,
218593_HM,218593,Earring GLDN DEL Halftone Multicolor,_HM,Halftone Multicolor,Jewellery,Earrings,Hoop Earrings,Brass; Zirconium,Golden,,7.99,/241/52/218593_HM_1,218593_HM_1.jpg,none,,,,,
218615_BM,218615,Bracelet SUNSET JUNCTION Bright Multicolor,_BM,Bright Multicolor,Jewellery,Bracelets,Elastic Bracelet,Acrylic; Stone; Thermoplastic Polyurethane; Zinc,Golden,,7.99,/241/52/218615_BM_1,218615_BM_1.jpg,none,,,,,
218624_BM,218624,Earring SUNSET JUNCTION Bright Multicolor,_BM,Bright Multicolor,Jewellery,Earrings,Hoop Earrings,Acrylic; Stone; Zinc,Golden,,5.99,/241/52/218624_BM_1,218624_BM_1.jpg,none,,,,,
218826_LB,218826,Earring NILE Light Blue,_LB,Light Blue,Jewellery,Earrings,Stud,Thermoplastic Polyurethane; Zinc,Golden,,5.99,/241/52/218826_LB_1,218826_LB_1.jpg,none,,,,,
218860_CN,218860,Set of Earrings NILE Clinic,_CN,Clinic,Jewellery,Earrings,Stud,Cork; Stone; Zinc,Golden,,5.99,/241/52/218860_CN_1,218860_CN_1.jpg,none,,,,,
218869_DM,218869,Bracelet NILE Dark Multicolor,_DM,Dark Multicolor,Jewellery,Bracelets,Elastic Bracelet,Acrylic; Elastane; Thermoplastic Polyurethane,Worn Silver,,6.99,/241/52/218869_DM_1,218869_DM_1.jpg,none,,,,,
218895_BL,218895,Necklace NILE Blue,_BL,Blue,Jewellery,Necklaces,Pendant,Stone; Thermoplastic Polyurethane; Zinc; Cork; Acrylic,Golden,,12.99,/241/52/218895_BL_1,218895_BL_1.jpg,none,,,,,
218903_BL,218903,Earring NILE Blue,_BL,Blue,Jewellery,Earrings,Dangle,Iron; Resin,Burnish Golden,,5.99,/241/52/218903_BL_1,218903_BL_1.jpg,none,,,,,
218913_GN,218913,Earring NILE Green,_GN,Green,Jewellery,Earrings,Stud,Acrylic; Steel; Zinc,Worn Gold,,5.99,/241/52/218913_GN_1,218913_GN_1.jpg,none,,,,,
218929_GN,218929,Earring NILE Green,_GN,Green,Jewellery,Earrings,Drop,Iron; Stone; Zinc,Worn Gold,,7.99,/241/52/218929_GN_1,218929_GN_1.jpg,none,,,,,
218935_GN,218935,Earring NILE Green,_GN,Green,Jewellery,Earrings,Stud,Stone; Zinc,Golden,,7.99,/241/52/218935_GN_1,218935_GN_1.jpg,none,,,,,
218940_BL,218940,Earring NILE Blue,_BL,Blue,Jewellery,Earrings,Dangle,Stone; Zinc,Worn Gold,,5.99,/241/52/218940_BL_1,218940_BL_1.jpg,none,,,,,
218947_GN,218947,Necklace NILE Green,_GN,Green,Jewellery,Necklaces,Y-Necklace,Zinc; Brass; Acrylic,,,10.99,/241/52/218947_GN_1,218947_GN_1.jpg,none,,,,,
218993_GN,218993,Earring NILE Green,_GN,Green,Jewellery,Earrings,Dangle,Stone; Zinc,Worn Gold,,8.99,/241/52/218993_GN_1,218993_GN_1.jpg,none,,,,,
219012_GN,219012,Earring NILE Green,_GN,Green,Jewellery,Earrings,Dangle,Brass; Glass; Stone; Zinc,Worn Gold,,7.99,/241/52/219012_GN_1,219012_GN_1.jpg,none,,,,,
219025_BL,219025,Bracelet NILE Blue,_BL,Blue,Jewellery,Bracelets,Non-Adjustable Bracelet,Brass; Steel; Stone; Zinc,Worn Gold,,6.99,/241/52/219025_BL_1,219025_BL_1.jpg,none,,,,,
219051_GD,219051,Key Chain FASHION SUPPLEMENTS Gold,_GD,Gold,Jewellery,Key chains,Figures,Clay; Iron; Zinc,Worn Gold,,12.99,/241/52/219051_GD_1,219051_GD_1.jpg,none,,,,,
219063_GD,219063,Pin FASHION SUPPLEMENTS Gold,_GD,Gold,Jewellery,Pins,Lady Brooche,Thermoplastic Polyurethane; Zinc,Golden,,5.99,/241/52/219063_GD_1,219063_GD_1.jpg,none,,,,,
219064_GD,219064,Pin FASHION SUPPLEMENTS Gold,_GD,Gold,Jewellery,Pins,Pin,Iron; Zinc,Golden,,5.99,/242/52/219064_GD_1,219064_GD_1.jpg,none,,,,,
219064_RD,219064,Pin FASHION SUPPLEMENTS Red,_RD,Red,Jewellery,Pins,Pin,Enamel; Zinc,Golden,,5.99,/241/52/219064_RD_1,219064_RD_1.jpg,none,,,,,
219081_HM,219081,Earring Classy Field Halftone Multicolor,_HM,Halftone Multicolor,Jewellery,Earrings,Stud,Stone; Thermoplastic Polyurethane; Zinc,Worn Rhodium,,7.99,/241/52/219081_HM_1,219081_HM_1.jpg,none,,,,,
219096_SV,219096,Ring Classy Field Silver,_SV,Silver,Jewellery,Rings,Fantasy,Brass,Rodhium,,5.99,/241/52/219096_SV_1,219096_SV_1.jpg,none,,,,,
219103_GY,219103,Earring Classy Field Grey,_GY,Grey,Jewellery,Earrings,Stud,Stone; Zinc,Worn Rhodium,,5.99,/241/52/219103_GY_1,219103_GY_1.jpg,none,,,,,
219109_SV,219109,Ring Classy Field Silver,_SV,Silver,Jewellery,Rings,Band Ring,Zinc,Worn Rhodium,,5.99,/241/52/219109_SV_1,219109_SV_1.jpg,none,,,,,
219147_SV,219147,Earring Classy Field Silver,_SV,Silver,Jewellery,Earrings,Stud,Iron,Worn Rhodium,,5.99,/241/52/219147_SV_1,219147_SV_1.jpg,none,,,,,
219154_HM,219154,Earring Classy Field Halftone Multicolor,_HM,Halftone Multicolor,Jewellery,Earrings,Hoop Earrings,Iron; Glass,Worn Rhodium,,5.99,/241/52/219154_HM_1,219154_HM_1.jpg,none,,,,,
219163_SV,219163,Bracelet Classy Field Silver,_SV,Silver,Jewellery,Bracelets,Cuff,Zinc,Worn Rhodium,,7.99,/241/52/219163_SV_1,219163_SV_1.jpg,none,,,,,
219170_BM,219170,Set of Earrings KISSSJAM Bright Multicolor,_BM,Bright Multicolor,Jewellery,Earrings,Hoop Earrings,Brass; Zinc; Zirconium,Silver,,5.99,/241/52/219170_BM_1,219170_BM_1.jpg,none,,,,,
219178_CF,219178,Necklace Classy Field Coffee,_CF,Coffee,Jewellery,Necklaces,Collar,Iron; Suede; Zinc,Worn Rhodium,,15.99,/241/52/219178_CF_1,219178_CF_1.jpg,none,,,,,
219187_HM,219187,Necklace Classy Field Halftone Multicolor,_HM,Halftone Multicolor,Jewellery,Necklaces,Pendant,Acrylic; Resin; Shell; Zinc,Rodhium,,12.99,/241/52/219187_HM_1,219187_HM_1.jpg,none,,,,,
219191_BM,219191,Set of Earrings KISSSJAM Bright Multicolor,_BM,Bright Multicolor,Jewellery,Earrings,Hoop Earrings,Brass; Enamel; Shell; Thermoplastic Polyurethane; Zinc; Zirconium,Golden,,5.99,/241/52/219191_BM_1,219191_BM_1.jpg,none,,,,,
219196_BM,219196,Necklace KISSSJAM Bright Multicolor,_BM,Bright Multicolor,Jewellery,Necklaces,Beaded Necklace,Resin; Steel; Zinc,,,10.99,/241/52/219196_BM_1,219196_BM_1.jpg,none,,,,,
219202_BM,219202,Set of Earrings KISSSJAM Bright Multicolor,_BM,Bright Multicolor,Jewellery,Earrings,Hoop Earrings,Brass; Enamel; Zinc; Zirconium,Other,,6.99,/241/52/219202_BM_1,219202_BM_1.jpg,none,,,,,
219210_HM,219210,Earring Classy Field Halftone Multicolor,_HM,Halftone Multicolor,Jewellery,Earrings,Hoop Earrings,Iron; Pearl; Stone; Zinc,Rodhium,,8.99,/241/52/219210_HM_1,219210_HM_1.jpg,none,,,,,
219216_GD,219216,Earring KISSSJAM Gold,_GD,Gold,Jewellery,Earrings,Ear Cuff,Brass,Golden,,5.99,/241/52/219216_GD_1,219216_GD_1.jpg,none,,,,,
219221_BK,219221,Bracelet Milagro Black,_BK,Black,Jewellery,Bracelets,Adjustable Bracelet,Cork; Polyurethane; Iron,Golden,,7.99,/242/52/219221_BK_1,219221_BK_1.jpg,none,,,,,
219221_CF,219221,Bracelet Classy Field Coffee,_CF,Coffee,Jewellery,Bracelets,Adjustable Bracelet,Iron; Suede,Rodhium,,7.99,/241/52/219221_CF_1,219221_CF_1.jpg,none,,,,,
219223_GD,219223,Earring KISSSJAM Gold,_GD,Gold,Jewellery,Earrings,Ear Cuff,Brass,Golden,,4.99,/241/52/219223_GD_1,219223_GD_1.jpg,none,,,,,
219232_BM,219232,Set of Earrings KISSSJAM Bright Multicolor,_BM,Bright Multicolor,Jewellery,Earrings,Hoop Earrings,Copper; Enamel; Zirconium,,,9.99,/241/52/219232_BM_1,219232_BM_1.jpg,none,,,,,
219241_SV,219241,Earring KISSSJAM Silver,_SV,Silver,Jewellery,Earrings,Ear Cuff,Copper; Zirconium,Silver,,5.99,/241/52/219241_SV_1,219241_SV_1.jpg,none,,,,,
219248_SV,219248,Earring Classy Field Silver,_SV,Silver,Jewellery,Earrings,Dangle,Zinc,Worn Rhodium,,5.99,/241/52/219248_SV_1,219248_SV_1.jpg,none,,,,,
219252_SV,219252,Earring Classy Field Silver,_SV,Silver,Jewellery,Earrings,Hoop Earrings,Zinc,Worn Rhodium,,7.99,/241/52/219252_SV_1,219252_SV_1.jpg,none,,,,,
219267_DM,219267,Earring IDENTITY Dark Multicolor,_DM,Dark Multicolor,Jewellery,Earrings,Stud,Thermoplastic Polyurethane; Zinc,Worn Gold,,7.99,/241/52/219267_DM_1,219267_DM_1.jpg,none,,,,,
2192721DN,219272,Earring IDENTITY Dark Green,1DN,Dark Green,Jewellery,Earrings,Hoop Earrings,Brass; Resin,Golden,,7.99,/241/52/2192721DN_1,2192721DN_1.jpg,none,,,,,
219278_BL,219278,Earring IDENTITY Blue,_BL,Blue,Jewellery,Earrings,Stud,Resin; Zinc,Worn Gold,,7.99,/241/52/219278_BL_1,219278_BL_1.jpg,none,,,,,
219286_OR,219286,Earring IDENTITY Orange,_OR,Orange,Jewellery,Earrings,Dangle,Enamel; Zinc,Worn Gold,,5.99,/241/52/219286_OR_1,219286_OR_1.jpg,none,,,,,
219293_DM,219293,Earring IDENTITY Dark Multicolor,_DM,Dark Multicolor,Jewellery,Earrings,Dangle,Enamel; Iron,Gold Plated,,8.99,/241/52/219293_DM_1,219293_DM_1.jpg,none,,,,,
219300_BM,219300,Earring IDENTITY Bright Multicolor,_BM,Bright Multicolor,Jewellery,Earrings,Dangle,Clay; Iron; Zinc,Worn Gold,,7.99,/241/52/219300_BM_1,219300_BM_1.jpg,none,,,,,
219306_BK,219306,Bracelet IDENTITY Black,_BK,Black,Jewellery,Bracelets,Elastic Bracelet,Acrylic,,,9.99,/241/52/219306_BK_1,219306_BK_1.jpg,none,,,,,
219316_BM,219316,Earring MADEIRA Bright Multicolor,_BM,Bright Multicolor,Jewellery,Earrings,Stud,Enamel; Zinc,,,9.99,/241/52/219316_BM_1,219316_BM_1.jpg,none,,,,,
219322_IC,219322,Bracelet MADEIRA Ice,_IC,Ice,Jewellery,Bracelets,Non-Adjustable Bracelet,Resin,Silver,,19.99,/241/52/219322_IC_1,219322_IC_1.jpg,none,,,,,
219331_DM,219331,Earring IDENTITY Dark Multicolor,_DM,Dark Multicolor,Jewellery,Earrings,Hoop Earrings,Acrylic; Glass; Iron; Zinc,Worn Gold,,7.99,/241/52/219331_DM_1,219331_DM_1.jpg,none,,,,,
219338_RD,219338,Earring MADEIRA Red,_RD,Red,Jewellery,Earrings,Dangle,Acrylic; Brass; Iron; Resin,Silver,,25.99,/241/52/219338_RD_1,219338_RD_1.jpg,none,,,,,
219340_BL,219340,Earring IDENTITY Blue,_BL,Blue,Jewellery,Earrings,Hoop Earrings,Acrylic; Silicone,Other,,7.99,/241/52/219340_BL_1y,219340_BL_1y.jpg,none,,,,,
219340_PK,219340,Earring IDENTITY Pink,_PK,Pink,Jewellery,Earrings,Hoop Earrings,Acrylic; Silicone,Other,,7.99,/241/52/219340_PK_1,219340_PK_1.jpg,none,,,,,
219346_DM,219346,Necklace IDENTITY Dark Multicolor,_DM,Dark Multicolor,Jewellery,Necklaces,Pendant,Cotton; Glass; Iron,Worn Gold,,15.99,/241/52/219346_DM_1,219346_DM_1.jpg,none,,,,,
219363_DM,219363,Necklace IDENTITY Dark Multicolor,_DM,Dark Multicolor,Jewellery,Necklaces,Beaded Necklace,Acrylic; Brass; Ceramic; Glass; Thermoplastic Polyurethane; Zinc,,,10.99,/241/52/219363_DM_1,219363_DM_1.jpg,none,,,,,
219372_DM,219372,Necklace IDENTITY Dark Multicolor,_DM,Dark Multicolor,Jewellery,Necklaces,Pendant,Copper; Enamel; Iron; Zinc,,,10.99,/241/52/219372_DM_1,219372_DM_1.jpg,none,,,,,
219376_BM,219376,Necklace KISSSJAM Bright Multicolor,_BM,Bright Multicolor,Jewellery,Necklaces,Chain,Brass; Iron; Zinc,,,10.99,/241/52/219376_BM_1,219376_BM_1.jpg,none,,,,,
219381_BM,219381,Set of Earrings KISSSJAM Bright Multicolor,_BM,Bright Multicolor,Jewellery,Earrings,Hoop Earrings,Zinc; Brass,Golden,,5.99,/241/52/219381_BM_1,219381_BM_1.jpg,none,,,,,
219385_BM,219385,Necklace KISSSJAM Bright Multicolor,_BM,Bright Multicolor,Jewellery,Necklaces,Beaded Necklace,Stone; Thermoplastic Polyurethane; Zirconium; Acrylic; Brass; Glass; Iron; Pearl; Shell,Golden,,12.99,/241/52/219385_BM_1,219385_BM_1.jpg,none,,,,,
219392_GD,219392,Set of Earrings KISSSJAM Gold,_GD,Gold,Jewellery,Earrings,Hoop Earrings,Brass; Zirconium,Golden,,5.99,/241/52/219392_GD_1,219392_GD_1.jpg,none,,,,,
219396_BM,219396,Set of Earrings KISSSJAM Bright Multicolor,_BM,Bright Multicolor,Jewellery,Earrings,Hoop Earrings,Enamel; Zinc,Golden,,7.99,/241/52/219396_BM_1,219396_BM_1.jpg,none,,,,,
219401_SV,219401,Earring KISSSJAM Silver,_SV,Silver,Jewellery,Earrings,Ear Cuff,Brass; Glass,Silver,,5.99,/241/52/219401_SV_1,219401_SV_1.jpg,none,,,,,
219406_BM,219406,Set of Earrings KISSSJAM Bright Multicolor,_BM,Bright Multicolor,Jewellery,Earrings,Hoop Earrings,Enamel; Glass; Iron; Zinc; Zirconium,,,9.99,/241/52/219406_BM_1,219406_BM_1.jpg,none,,,,,
219420_SV,219420,Earring SILVER BASICS Silver,_SV,Silver,Jewellery,Earrings,Hoop Earrings,Zinc,Rodhium,,4.99,/241/52/219420_SV_1,219420_SV_1.jpg,none,,,,,
219526_BM,219526,Necklace FABRIC COLLECTION Bright Multicolor,_BM,Bright Multicolor,Jewellery,Necklaces,Pendant,Iron; Wood; RECYCLED COTTON,Golden,,17.99,/241/52/219526_BM_1,219526_BM_1.jpg,none,,,,,
219530_BM,219530,Necklace FABRIC COLLECTION Bright Multicolor,_BM,Bright Multicolor,Jewellery,Necklaces,Beaded Necklace,Iron; Wood; RECYCLED COTTON; glass bead,Golden,,39.99,/241/52/219530_BM_1,219530_BM_1.jpg,none,,,,,
219762_GD,219762,Earring Golden Basics Gold,_GD,Gold,Jewellery,Earrings,Stud,Zinc,,,5.99,/241/52/219762_GD_1,219762_GD_1.jpg,none,,,,,
219768_IV,219768,Earring Golden Basics Extra Ivory,_IV,Ivory,Jewellery,Earrings,Dangle,Enamel; Zinc,Golden,,5.99,/241/52/219768_IV_1,219768_IV_1.jpg,none,,,,,
219773_GD,219773,Earring Golden Basics Gold,_GD,Gold,Jewellery,Earrings,Stud,Zinc,Brushed Golden,,4.99,/242/52/219773_GD_1,219773_GD_1.jpg,none,,,,,
219847_BM,219847,Earring KISSSJAM Bright Multicolor,_BM,Bright Multicolor,Jewellery,Earrings,Hoop Earrings,Acrylic; Enamel; Iron; Shell,,,9.99,/241/52/219847_BM_1,219847_BM_1.jpg,none,,,,,
219862_BL,219862,Bracelet ARM PURPLE Blue,_BL,Blue,Jewellery,Bracelets,Adjustable Bracelet,Brass; Silk; Zinc,Golden,,5.99,/241/52/219862_BL_1,219862_BL_1.jpg,none,,,,,
219970_GN,219970,Earring DOMINICA Green,_GN,Green,Jewellery,Earrings,Dangle,Acrylic; Iron,Brushed Golden,,7.99,/241/52/219970_GN_1,219970_GN_1.jpg,none,,,,,
219974_BL,219974,Earring DOMINICA Blue,_BL,Blue,Jewellery,Earrings,Dangle,Acrylic; Iron,Brushed Golden,,5.99,/241/52/219974_BL_1,219974_BL_1.jpg,none,,,,,
219978_BM,219978,Necklace DOMINICA Bright Multicolor,_BM,Bright Multicolor,Jewellery,Necklaces,Collar,Acrylic; Cotton; Iron; Resin; Wood; Zinc,Brushed Golden,,17.99,/241/52/219978_BM_1,219978_BM_1.jpg,none,,,,,
219983_BL,219983,Ring DOMINICA Blue,_BL,Blue,Jewellery,Rings,Fantasy,Enamel; Zinc,Golden,,6.99,/241/52/219983_BL_1,219983_BL_1.jpg,none,,,,,
220014_OR,220014,Earring DOMINICA Orange,_OR,Orange,Jewellery,Earrings,Hoop Earrings,Raffia; Zinc,Burnish Golden,,5.99,/241/52/220014_OR_1,220014_OR_1.jpg,none,,,,,
220026_OR,220026,Earring DOMINICA Orange,_OR,Orange,Jewellery,Earrings,Dangle,Glass; Polyester; Metal Fitting,Other,,7.99,/241/52/220026_OR_1,220026_OR_1.jpg,none,,,,,
220036_BM,220036,Earring DOMINICA Bright Multicolor,_BM,Bright Multicolor,Jewellery,Earrings,Dangle,Enamel; Raffia; Zinc,Golden,,5.99,/241/52/220036_BM_1,220036_BM_1.jpg,none,,,,,
220299_GD,220299,Ring DOMINICA Gold,_GD,Gold,Jewellery,Rings,Fantasy,Zinc,Brushed Golden,,5.99,/241/52/220299_GD_1,220299_GD_1.jpg,none,,,,,
220303_GD,220303,Ring DOMINICA Gold,_GD,Gold,Jewellery,Rings,Fantasy,Zinc,Golden,,5.99,/241/52/220303_GD_1,220303_GD_1.jpg,none,,,,,
220311_GN,220311,Earring DOMINICA Green,_GN,Green,Jewellery,Earrings,Dangle,Brass; Iron; Raffia; Thermoplastic Polyurethane; Wood; Zinc,Brushed Golden,,8.99,/241/52/220311_GN_1,220311_GN_1.jpg,none,,,,,
220318_BL,220318,Ring DOMINICA Blue,_BL,Blue,Jewellery,Rings,Fantasy,Resin; Zinc,Brushed Golden,,5.99,/241/52/220318_BL_1,220318_BL_1.jpg,none,,,,,
220322_BM,220322,Necklace DOMINICA Bright Multicolor,_BM,Bright Multicolor,Jewellery,Necklaces,Pendant,Acrylic; Brass; Iron; Polyester; Thermoplastic Polyurethane; Wood; Zinc,,,10.99,/241/52/220322_BM_1,220322_BM_1.jpg,none,,,,,
220327_BL,220327,Earring TREND Blue,_BL,Blue,Jewellery,Earrings,Dangle,Glass; Iron,Other,,12.99,/241/52/220327_BL_1,220327_BL_1.jpg,none,,,,,
220327_BM,220327,Earring TREND Bright Multicolor,_BM,Bright Multicolor,Jewellery,Earrings,Dangle,Glass; Iron,Other,,12.99,/241/52/220327_BM_1,220327_BM_1.jpg,none,,,,,
220328_BM,220328,Earring TREND Bright Multicolor,_BM,Bright Multicolor,Jewellery,Earrings,Dangle,Cotton; Glass; Iron; Resin; Rubber,Worn Gold,,15.99,/241/52/220328_BM_1,220328_BM_1.jpg,none,,,,,
220333_GD,220333,Earring TREND Gold,_GD,Gold,Jewellery,Earrings,Dangle,Iron; Resin; Zinc,Worn Gold,,12.99,/241/52/220333_GD_1,220333_GD_1.jpg,none,,,,,
220338_GD,220338,Bracelet TREND Gold,_GD,Gold,Jewellery,Bracelets,Cuff,Iron,,,9.99,/241/52/220338_GD_1,220338_GD_1.jpg,none,,,,,
220374_PU,220374,Earring TREND Purple,_PU,Purple,Jewellery,Earrings,Dangle,Glass; Iron; Polyurethane; Thermoplastic Polyurethane,Golden,,15.99,/241/52/220374_PU_1,220374_PU_1.jpg,none,,,,,
220380_BL,220380,Earring TREND Blue,_BL,Blue,Jewellery,Earrings,Dangle,Glass; Iron; Zinc; Cotton,Other,,12.99,/241/52/220380_BL_1,220380_BL_1.jpg,none,,,,,
220385_TQ,220385,Earring TREND Turquoise,_TQ,Turquoise,Jewellery,Earrings,Dangle,Glass; Iron; Organic Cotton,Golden,,12.99,/241/52/220385_TQ_1,220385_TQ_1.jpg,none,,,,,
220393_BL,220393,Earring TREND Blue,_BL,Blue,Jewellery,Earrings,Stud,Enamel; Zinc,,,9.99,/241/52/220393_BL_1,220393_BL_1.jpg,none,,,,,
220393_DN,220393,Earring TREND Dark Green,_DN,Dark Green,Jewellery,Earrings,Stud,Zinc; Enamel,,,9.99,/242/52/220393_DN_1,220393_DN_1.jpg,none,,,,,
220393_OR,220393,Earring TREND Orange,_OR,Orange,Jewellery,Earrings,Stud,Zinc; Enamel,,,9.99,/242/52/220393_OR_1,220393_OR_1.jpg,none,,,,,
220396_BL,220396,Earring TREND Blue,_BL,Blue,Jewellery,Earrings,Dangle,Brass; Iron,Golden,,12.99,/241/52/220396_BL_1,220396_BL_1.jpg,none,,,,,
220426_WT,220426,Earring TREND White,_WT,White,Jewellery,Earrings,Dangle,Iron; Shell,,,9.99,/241/52/220426_WT_1,220426_WT_1.jpg,none,,,,,
220434_GD,220434,Earring TREND Gold,_GD,Gold,Jewellery,Earrings,Stud,Iron,,,9.99,/241/52/220434_GD_1,220434_GD_1.jpg,none,,,,,
220438_BL,220438,Earring TREND Blue,_BL,Blue,Jewellery,Earrings,Hoop Earrings,Acrylic; Iron,,,9.99,/241/52/220438_BL_1,220438_BL_1.jpg,none,,,,,
220483_BM,220483,Bracelet SUNSET JUNCTION Bright Multicolor,_BM,Bright Multicolor,Jewellery,Bracelets,Elastic Bracelet,Acrylic; Stone; Thermoplastic Polyurethane,Brushed Golden,,6.99,/241/52/220483_BM_1,220483_BM_1.jpg,none,,,,,
220488_PU,220488,Earring SUNSET JUNCTION Purple,_PU,Purple,Jewellery,Earrings,Dangle,Iron; Stone,Golden,,5.99,/241/52/220488_PU_1,220488_PU_1.jpg,none,,,,,
220613_BM,220613,Earring FORMENTERA Bright Multicolor,_BM,Bright Multicolor,Jewellery,Earrings,Drop,Enamel; Iron,Worn Gold,,5.99,/241/52/220613_BM_1,220613_BM_1.jpg,none,,,,,
2206170BM,220617,Necklace FORMENTERA Bright Multicolor,0BM,Bright Multicolor,Jewellery,Necklaces,Collar,Acrylic; Ceramic; Copper; Iron; Zamac,Golden,,12.99,/241/52/2206170BM_1y,2206170BM_1y.jpg,none,,,,,
220715_LB,220715,Necklace FORMENTERA Light Blue,_LB,Light Blue,Jewellery,Necklaces,Collar,Brass; Cotton; Iron; Zinc,Golden,,12.99,/241/52/220715_LB_1,220715_LB_1.jpg,none,,,,,
220721_LB,220721,Earring FORMENTERA Light Blue,_LB,Light Blue,Jewellery,Earrings,Dangle,Iron; Stone; Zinc,Worn Gold,,7.99,/241/52/220721_LB_1,220721_LB_1.jpg,none,,,,,
220736_PM,220736,Necklace FORMENTERA Pastel Multicolor,_PM,Pastel Multicolor,Jewellery,Necklaces,Beaded Necklace,Brass; Ceramic; Iron; Thermoplastic Polyurethane; Wood,,,10.99,/241/52/220736_PM_1,220736_PM_1.jpg,none,,,,,
220740_HM,220740,Earring FORMENTERA Halftone Multicolor,_HM,Halftone Multicolor,Jewellery,Earrings,Hoop Earrings,Acrylic; Brass; Iron; Thermoplastic Polyurethane,Golden,,5.99,/241/52/220740_HM_2y,220740_HM_2y.jpg,none,,,,,
220772_HM,220772,Bracelet FORMENTERA Halftone Multicolor,_HM,Halftone Multicolor,Jewellery,Bracelets,Elastic Bracelet,Stone; Thermoplastic Polyurethane,Worn Gold,,5.99,/241/52/220772_HM_1,220772_HM_1.jpg,none,,,,,
220777_GD,220777,Earring FORMENTERA Gold,_GD,Gold,Jewellery,Earrings,Dangle,Brass; Zinc,Worn Gold,,8.99,/241/52/220777_GD_1,220777_GD_1.jpg,none,,,,,
220781_HM,220781,Bracelet FORMENTERA Halftone Multicolor,_HM,Halftone Multicolor,Jewellery,Bracelets,Non-Adjustable Bracelet,Ceramic; Iron; Thermoplastic Polyurethane; Wood; Zinc,,,9.99,/241/52/220781_HM_2y,220781_HM_2y.jpg,none,,,,,
220786_BM,220786,Earring IDENTITY Bright Multicolor,_BM,Bright Multicolor,Jewellery,Earrings,Dangle,Clay; Glass; Zinc,Worn Gold,,5.99,/241/52/220786_BM_1,220786_BM_1.jpg,none,,,,,
220794_BM,220794,Earring IDENTITY Bright Multicolor,_BM,Bright Multicolor,Jewellery,Earrings,Hoop Earrings,Acrylic; Cotton; Glass; Iron,,,9.99,/241/52/220794_BM_1,220794_BM_1.jpg,none,,,,,
220804_WT,220804,Bracelet Golden Basics White,_WT,White,Jewellery,Bracelets,Elastic Bracelet,Elastane; Shell; Thermoplastic Polyurethane; Zinc,Golden,,6.99,/242/52/220804_WT_1,220804_WT_1.jpg,none,,,,,
220809_GD,220809,Set of Bracelets Golden Basics Gold,_GD,Gold,Jewellery,Bracelets,Anklet,Copper; Shell; Zinc,Golden,,7.99,/242/52/220809_GD_1,220809_GD_1.jpg,none,,,,,
220815_WT,220815,Set of Bracelets Golden Basics White,_WT,White,Jewellery,Bracelets,Elastic Bracelet,Elastane; Pearl; Polyester; Shell; Thermoplastic Polyurethane; Zinc,Golden,,7.99,/242/52/220815_WT_1,220815_WT_1.jpg,none,,,,,
220822_WT,220822,Necklace Golden Basics White,_WT,White,Jewellery,Necklaces,Pendant,Shell; Thermoplastic Polyurethane; Zinc,,,10.99,/242/52/220822_WT_1,220822_WT_1.jpg,none,,,,,
220828_GD,220828,Earring Golden Basics Gold,_GD,Gold,Jewellery,Earrings,Dangle,Iron; Zinc,Golden,,5.99,/242/52/220828_GD_1,220828_GD_1.jpg,none,,,,,
220835_WT,220835,Necklace Golden Basics White,_WT,White,Jewellery,Necklaces,Pendant,Glass; Shell; Steel; Zinc,,,10.99,/242/52/220835_WT_1,220835_WT_1.jpg,none,,,,,
220840_WT,220840,Bracelet Golden Basics White,_WT,White,Jewellery,Bracelets,Anklet,Shell; Steel; Zinc,Golden,,7.99,/242/52/220840_WT_1,220840_WT_1.jpg,none,,,,,
220845_WT,220845,Necklace Golden Basics White,_WT,White,Jewellery,Necklaces,Pendant,Brass; Shell,,,10.99,/242/52/220845_WT_1,220845_WT_1.jpg,none,,,,,
220851_WT,220851,Earring Golden Basics White,_WT,White,Jewellery,Earrings,Hoop Earrings,Iron; Thermoplastic Polyurethane,Golden,,5.99,/242/52/220851_WT_1,220851_WT_1.jpg,none,,,,,
220856_WT,220856,Earring Golden Basics White,_WT,White,Jewellery,Earrings,Dangle,Iron; Shell,Brushed Golden,,5.99,/242/52/220856_WT_1,220856_WT_1.jpg,none,,,,,
220862_WT,220862,Ring Golden Basics White,_WT,White,Jewellery,Rings,Cocktail,Zinc; Shell,Golden,,6.99,/242/52/220862_WT_1,220862_WT_1.jpg,none,,,,,
220869_PM,220869,Bracelet MODERN STONES Pastel Multicolor,_PM,Pastel Multicolor,Jewellery,Bracelets,Elastic Bracelet,Thermoplastic Polyurethane; Stone; Brass; Cork,Golden,,7.99,/242/52/220869_PM_1,220869_PM_1.jpg,none,,,,,
220869_WT,220869,Bracelet Golden Basics White,_WT,White,Jewellery,Bracelets,Elastic Bracelet,Brass; Shell,Golden,,7.99,/242/52/220869_WT_1,220869_WT_1.jpg,none,,,,,
220870_WT,220870,Bracelet Golden Basics White,_WT,White,Jewellery,Bracelets,Elastic Bracelet,Shell; Thermoplastic Polyurethane,Golden,,5.99,/242/52/220870_WT_1,220870_WT_1.jpg,none,,,,,
220876_WT,220876,Bracelet Golden Basics White,_WT,White,Jewellery,Bracelets,Anklet,Copper; Shell,Golden,,6.99,/242/52/220876_WT_1,220876_WT_1.jpg,none,,,,,
220890_SV,220890,Necklace MADEIRA Silver,_SV,Silver,Jewellery,Necklaces,Beaded Necklace,Zinc,Silver,,23.99,/241/52/220890_SV_1,220890_SV_1.jpg,none,,,,,
220912_WT,220912,Necklace Golden Basics White,_WT,White,Jewellery,Necklaces,Pendant,Iron; Shell,,,10.99,/242/52/220912_WT_1,220912_WT_1.jpg,none,,,,,
220917_WT,220917,Earring Golden Basics White,_WT,White,Jewellery,Earrings,Hoop Earrings,Iron; Shell,Golden,,8.99,/241/52/220917_WT_1,220917_WT_1.jpg,none,,,,,
220923_GD,220923,Earring Golden Basics Gold,_GD,Gold,Jewellery,Earrings,Stud,Zinc,Golden,,5.99,/242/52/220923_GD_1,220923_GD_1.jpg,none,,,,,
221015_IV,221015,Bracelet Golden Basics Extra Ivory,_IV,Ivory,Jewellery,Bracelets,Elastic Bracelet,Elastane; Enamel; Thermoplastic Polyurethane; Zinc,,,9.99,/241/52/221015_IV_1,221015_IV_1.jpg,none,,,,,
221021_WT,221021,Necklace Golden Basics White,_WT,White,Jewellery,Necklaces,Pendant,Iron; Shell; Zinc,,,10.99,/241/52/221021_WT_1,221021_WT_1.jpg,none,,,,,
221027_IV,221027,Earring Golden Basics Extra Ivory,_IV,Ivory,Jewellery,Earrings,Dangle,Enamel; Zinc,Golden,,5.99,/241/52/221027_IV_1,221027_IV_1.jpg,none,,,,,
221035_WT,221035,Bracelet Golden Basics White,_WT,White,Jewellery,Bracelets,Elastic Bracelet,Shell; Thermoplastic Polyurethane,,,9.99,/242/52/221035_WT_1,221035_WT_1.jpg,none,,,,,
221041_WT,221041,Earring Golden Basics White,_WT,White,Jewellery,Earrings,Stud,Shell; Zinc,Golden,,7.99,/242/52/221041_WT_1,221041_WT_1.jpg,none,,,,,
221045_WT,221045,Earring Golden Basics White,_WT,White,Jewellery,Earrings,Drop,Iron; Shell,Golden,,7.99,/242/52/221045_WT_1,221045_WT_1.jpg,none,,,,,
221050_WT,221050,Necklace Golden Basics White,_WT,White,Jewellery,Necklaces,Bib Necklace,Iron; Shell; Zinc,Golden,,17.99,/241/52/221050_WT_1,221050_WT_1.jpg,none,,,,,
221055_WT,221055,Necklace Golden Basics White,_WT,White,Jewellery,Necklaces,Pendant,Polyester; Shell; Thermoplastic Polyurethane; Zinc,Golden,,12.99,/242/52/221055_WT_1,221055_WT_1.jpg,none,,,,,
221088_GD,221088,Necklace GLDN DEL Gold,_GD,Gold,Jewellery,Necklaces,Y-Necklace,Brass; Iron,Golden,,12.99,/242/52/221088_GD_1,221088_GD_1.jpg,none,,,,,
221088_SV,221088,Necklace SILVER D Silver,_SV,Silver,Jewellery,Necklaces,Y-Necklace,Iron; Brass,Golden,,12.99,/242/52/221088_SV_1,221088_SV_1.jpg,none,,,,,
221091_GD,221091,Earring GLDN DEL Gold,_GD,Gold,Jewellery,Earrings,Dangle,Brass,Golden,,5.99,/242/52/221091_GD_1,221091_GD_1.jpg,none,,,,,
221096_GD,221096,Earring GLDN DEL Gold,_GD,Gold,Jewellery,Earrings,Dangle,Brass,Golden,,7.99,/242/52/221096_GD_1,221096_GD_1.jpg,none,,,,,
221096_SV,221096,Earring SILVER D Silver,_SV,Silver,Jewellery,Earrings,Dangle,Brass,Golden,,7.99,/242/52/221096_SV_1,221096_SV_1.jpg,none,,,,,
221101_GD,221101,Earring GLDN DEL Gold,_GD,Gold,Jewellery,Earrings,Hoop Earrings,Brass,Golden,,7.99,/242/52/221101_GD_2y,221101_GD_2y.jpg,none,,,,,
221101_SV,221101,Earring SILVER D Silver,_SV,Silver,Jewellery,Earrings,Hoop Earrings,Brass,Golden,,7.99,/242/52/221101_SV_1,221101_SV_1.jpg,none,,,,,
221104_GD,221104,Bracelet GLDN DEL Gold,_GD,Gold,Jewellery,Bracelets,Non-Adjustable Bracelet,Brass; Iron,Golden,,7.99,/242/52/221104_GD_1,221104_GD_1.jpg,none,,,,,
221108_GD,221108,Ring GLDN DEL Gold,_GD,Gold,Jewellery,Rings,Cocktail,Brass; Zirconium,Golden,,6.99,/242/52/221108_GD_1,221108_GD_1.jpg,none,,,,,
221108_SV,221108,Ring SILVER D Silver,_SV,Silver,Jewellery,Rings,Cocktail,Brass; Zirconium,Golden,,6.99,/242/52/221108_SV_1,221108_SV_1.jpg,none,,,,,
221112_GD,221112,Earring GLDN DEL Gold,_GD,Gold,Jewellery,Earrings,Dangle,Pearl; Zinc,,,9.99,/242/52/221112_GD_1,221112_GD_1.jpg,none,,,,,
221117_GD,221117,Necklace GLDN DEL Gold,_GD,Gold,Jewellery,Necklaces,Beaded Necklace,Acrylic; Iron; Pearl; Zinc,,,10.99,/242/52/221117_GD_1,221117_GD_1.jpg,none,,,,,
221117_SV,221117,Necklace SILVER D Silver,_SV,Silver,Jewellery,Necklaces,Beaded Necklace,Acrylic; Iron; Pearl; Zinc,,,10.99,/242/52/221117_SV_1,221117_SV_1.jpg,none,,,,,
221122_GD,221122,Necklace GLDN DEL Gold,_GD,Gold,Jewellery,Necklaces,Beaded Necklace,Iron; Zinc,Golden,,17.99,/242/52/221122_GD_1,221122_GD_1.jpg,none,,,,,
221126_SV,221126,Earring SILVER D Silver,_SV,Silver,Jewellery,Earrings,Dangle,Brass; Zirconium,Rodhium,,5.99,/242/52/221126_SV_2y,221126_SV_2y.jpg,none,,,,,
221144_BM,221144,Earring TROPICAL GEMS Bright Multicolor,_BM,Bright Multicolor,Jewellery,Earrings,Dangle,Cotton; Glass; Iron,,,9.99,/241/52/221144_BM_1,221144_BM_1.jpg,none,,,,,
221150_BM,221150,Necklace TROPICAL GEMS Bright Multicolor,_BM,Bright Multicolor,Jewellery,Necklaces,Beaded Necklace,Cotton; Glass,Other,,8.99,/241/52/221150_BM_1,221150_BM_1.jpg,none,,,,,
221164_BM,221164,Earring TROPICAL GEMS Bright Multicolor,_BM,Bright Multicolor,Jewellery,Earrings,Hoop Earrings,Shell; Glass; Iron,Golden,,5.99,/241/52/221164_BM_1,221164_BM_1.jpg,none,,,,,
221237_BM,221237,Necklace TROPICAL GEMS Bright Multicolor,_BM,Bright Multicolor,Jewellery,Necklaces,Beaded Necklace,Acrylic; Glass; Zinc; Thermoplastic Polyurethane; Iron,Golden,,12.99,/241/52/221237_BM_1,221237_BM_1.jpg,none,,,,,
221241_BM,221241,Earring TROPICAL GEMS Bright Multicolor,_BM,Bright Multicolor,Jewellery,Earrings,Hoop Earrings,Glass; Iron,Golden,,5.99,/241/52/221241_BM_1,221241_BM_1.jpg,none,,,,,
221246_BM,221246,Ring TROPICAL GEMS Bright Multicolor,_BM,Bright Multicolor,Jewellery,Rings,Band Ring,Enamel; Zinc,Golden,,5.99,/241/52/221246_BM_1,221246_BM_1.jpg,none,,,,,
221251_BM,221251,Necklace TROPICAL GEMS Bright Multicolor,_BM,Bright Multicolor,Jewellery,Necklaces,Beaded Necklace,Ceramic; Glass; Iron; Shell; Zinc,,,10.99,/241/52/221251_BM_1,221251_BM_1.jpg,none,,,,,
221259_GD,221259,Ring TROPICAL GEMS Gold,_GD,Gold,Jewellery,Rings,Band Ring,Zinc,Golden,,4.99,/241/52/221259_GD_1,221259_GD_1.jpg,none,,,,,
221265_SV,221265,Earring SILVER D Silver,_SV,Silver,Jewellery,Earrings,Dangle,Copper; Thermoplastic Polyurethane,Rodhium,,8.99,/242/52/221265_SV_1,221265_SV_1.jpg,none,,,,,
221269_GD,221269,Necklace GLDN DEL Gold,_GD,Gold,Jewellery,Necklaces,Y-Necklace,Iron; Zinc; Zirconium; Brass,Golden,,12.99,/242/52/221269_GD_1,221269_GD_1.jpg,none,,,,,
221269_SV,221269,Necklace SILVER D Silver,_SV,Silver,Jewellery,Necklaces,Y-Necklace,Brass; Iron; Zinc; Zirconium,Golden,,12.99,/242/52/221269_SV_1,221269_SV_1.jpg,none,,,,,
221273_GD,221273,Earring GLDN DEL Gold,_GD,Gold,Jewellery,Earrings,Stud,Brass; Iron,Golden,,4.99,/242/52/221273_GD_1,221273_GD_1.jpg,none,,,,,
221278_SV,221278,Ring SILVER D Silver,_SV,Silver,Jewellery,Rings,Band Ring,Brass,Rodhium,,5.99,/242/52/221278_SV_1,221278_SV_1.jpg,none,,,,,
221284_BM,221284,Necklace TROPICAL GEMS Bright Multicolor,_BM,Bright Multicolor,Jewellery,Necklaces,Beaded Necklace,Glass; Shell; Zinc,Golden,,12.99,/241/52/221284_BM_1,221284_BM_1.jpg,none,,,,,
221291_GD,221291,Earring GLDN DEL Gold,_GD,Gold,Jewellery,Earrings,Hoop Earrings,Acrylic; Brass,Golden,,5.99,/242/52/221291_GD_1,221291_GD_1.jpg,none,,,,,
221291_SV,221291,Earring SILVER D Silver,_SV,Silver,Jewellery,Earrings,Hoop Earrings,Acrylic; Brass,Golden,,5.99,/242/52/221291_SV_1,221291_SV_1.jpg,none,,,,,
221293_GD,221293,Necklace GLDN DEL Gold,_GD,Gold,Jewellery,Necklaces,Beaded Necklace,Acrylic; Brass; Pearl,Golden,,12.99,/242/52/221293_GD_1,221293_GD_1.jpg,none,,,,,
221443_BL,221443,Bracelet Arm Sea Blue,_BL,Blue,Jewellery,Bracelets,Adjustable Bracelet,Brass; Enamel; Stone; Zinc,Golden,,7.99,/242/52/221443_BL_1,221443_BL_1.jpg,none,,,,,
221450_BM,221450,Key Chain FASHION SUPPLEMENTS Bright Multicolor,_BM,Bright Multicolor,Jewellery,Key chains,Charms,Cotton; Iron; Zinc; Zinc; PROPIONIC ACID,Golden,,12.99,/242/52/221450_BM_1,221450_BM_1.jpg,none,,,,,
221455_OR,221455,Key Chain FASHION SUPPLEMENTS Orange,_OR,Orange,Jewellery,Key chains,Figures,Iron; Polyester; Thermoplastic Polyurethane,,,9.99,/242/52/221455_OR_1,221455_OR_1.jpg,none,,,,,
221483_BL,221483,Bracelet Arm Sea Blue,_BL,Blue,Jewellery,Bracelets,Adjustable Bracelet,Brass; Enamel; Polyester; Zinc; Zirconium,Golden,,5.99,/242/52/221483_BL_1,221483_BL_1.jpg,none,,,,,
221506_BG,221506,Bracelet Arm Sand Beige,_BG,Beige,Jewellery,Bracelets,Adjustable Bracelet,Polyester; Zinc,Golden,,7.99,/242/52/221506_BG_1,221506_BG_1.jpg,none,,,,,
221512_BG,221512,Bracelet Arm Sand Beige,_BG,Beige,Jewellery,Bracelets,Adjustable Bracelet,Copper; Enamel; Polyamide; Zinc,Golden,,5.99,/242/52/221512_BG_1,221512_BG_1.jpg,none,,,,,
221519_BG,221519,Bracelet Arm Sand Beige,_BG,Beige,Jewellery,Bracelets,Adjustable Bracelet,Copper; Iron; Pearl; Polyester,Golden,,7.99,/242/52/221519_BG_1,221519_BG_1.jpg,none,,,,,
221535_AQ,221535,Key Chain FASHION SUPPLEMENTS Aquamarine,_AQ,Aquamarine,Jewellery,Key chains,Other Key-Chain,Iron; Thermoplastic Polyurethane,Golden,,8.99,/242/52/221535_AQ_1,221535_AQ_1.jpg,none,,,,,
221545_BM,221545,Key Chain FASHION SUPPLEMENTS Bright Multicolor,_BM,Bright Multicolor,Jewellery,Key chains,Figures,Iron; Resin; Zinc; Zinc,,,9.99,/242/52/221545_BM_1,221545_BM_1.jpg,none,,,,,
221559_BM,221559,Key Chain FASHION SUPPLEMENTS Bright Multicolor,_BM,Bright Multicolor,Jewellery,Key chains,Other Key-Chain,Aluminium; Iron; Polyester; Rubber; Zinc; Zinc,Golden,,12.99,/242/52/221559_BM_1,221559_BM_1.jpg,none,,,,,
221565_BM,221565,Key Chain FASHION SUPPLEMENTS Bright Multicolor,_BM,Bright Multicolor,Jewellery,Key chains,Other Key-Chain,Enamel; Silicone; Zinc; Thermoplastic Rubber,,,9.99,/242/52/221565_BM_1,221565_BM_1.jpg,none,,,,,
221573_GD,221573,Pin FASHION SUPPLEMENTS Gold,_GD,Gold,Jewellery,Pins,Pin,Iron; Zinc,Worn Gold,,5.99,/242/52/221573_GD_1,221573_GD_1.jpg,none,,,,,
221609_HM,221609,Earring GLDN DEL Halftone Multicolor,_HM,Halftone Multicolor,Jewellery,Earrings,Stud,Brass; Zirconium,Golden,,5.99,/242/52/221609_HM_1,221609_HM_1.jpg,none,,,,,
221616_HM,221616,Earring GLDN DEL Halftone Multicolor,_HM,Halftone Multicolor,Jewellery,Earrings,Hoop Earrings,Brass; Zirconium,Golden,,8.99,/242/52/221616_HM_1,221616_HM_1.jpg,none,,,,,
221620_HM,221620,Ring GLDN DEL Halftone Multicolor,_HM,Halftone Multicolor,Jewellery,Rings,Cocktail,Brass; Zirconium,Golden,,5.99,/242/52/221620_HM_1,221620_HM_1.jpg,none,,,,,
221630_HM,221630,Earring GLDN DEL Halftone Multicolor,_HM,Halftone Multicolor,Jewellery,Earrings,Stud,Brass; Zirconium,Golden,,7.99,/242/52/221630_HM_1,221630_HM_1.jpg,none,,,,,
221634_HM,221634,Bracelet GLDN DEL Halftone Multicolor,_HM,Halftone Multicolor,Jewellery,Bracelets,Non-Adjustable Bracelet,Brass; Zirconium,Golden,,7.99,/242/52/221634_HM_1,221634_HM_1.jpg,none,,,,,
221815_CL,221815,Earring WATERMELON PARTY Coral,_CL,Coral,Jewellery,Earrings,Dangle,Shell; Zinc,Golden,,7.99,/242/52/221815_CL_1,221815_CL_1.jpg,none,,,,,
221820_OL,221820,Earring WATERMELON PARTY Olive,_OL,Olive,Jewellery,Earrings,Hoop Earrings,Enamel; Zinc,Golden,,7.99,/242/52/221820_OL_1,221820_OL_1.jpg,none,,,,,
221828_BM,221828,Bracelet WATERMELON PARTY Bright Multicolor,_BM,Bright Multicolor,Jewellery,Bracelets,Anklet,Iron; Shell; Brass,Golden,,7.99,/242/52/221828_BM_1,221828_BM_1.jpg,none,,,,,
221833_TG,221833,Earring WATERMELON PARTY Pastel Green,_TG,Pastel Green,Jewellery,Earrings,Dangle,Iron; Shell,,,9.99,/242/52/221833_TG_1,221833_TG_1.jpg,none,,,,,
221834_BM,221834,Earring WATERMELON PARTY Bright Multicolor,_BM,Bright Multicolor,Jewellery,Earrings,Dangle,Iron; Shell,Golden,,8.99,/242/52/221834_BM_1,221834_BM_1.jpg,none,,,,,
221834_TG,221834,Earring WATERMELON PARTY Pastel Green,_TG,Pastel Green,Jewellery,Earrings,Dangle,Iron; Shell,Golden,,8.99,/242/52/221834_TG_1,221834_TG_1.jpg,none,,,,,
221840_BM,221840,Set of Necklaces WATERMELON PARTY Bright Multicolor,_BM,Bright Multicolor,Jewellery,Necklaces,Chain,Iron; Shell; Zinc,Golden,,12.99,/242/52/221840_BM_1,221840_BM_1.jpg,none,,,,,
221882_AQ,221882,Earring WATERMELON PARTY Aquamarine,_AQ,Aquamarine,Jewellery,Earrings,Dangle,Iron; Shell,Brushed Golden,,7.99,/242/52/221882_AQ_1,221882_AQ_1.jpg,none,,,,,
221904_BM,221904,Earring WATERMELON PARTY Bright Multicolor,_BM,Bright Multicolor,Jewellery,Earrings,Hoop Earrings,Iron; Shell; Acrylic,Golden,,5.99,/242/52/221904_BM_1,221904_BM_1.jpg,none,,,,,
221923_AQ,221923,Earring WATERMELON PARTY Aquamarine,_AQ,Aquamarine,Jewellery,Earrings,Dangle,Iron; Shell,Brushed Golden,,5.99,/242/52/221923_AQ_1,221923_AQ_1.jpg,none,,,,,
221987_BM,221987,Earring WATERMELON PARTY Bright Multicolor,_BM,Bright Multicolor,Jewellery,Earrings,Dangle,Iron; Shell,Golden,,7.99,/242/52/221987_BM_1,221987_BM_1.jpg,none,,,,,
222007_OX,222007,Earring WATERMELON PARTY Oxford Blue,_OX,Oxford Blue,Jewellery,Earrings,Dangle,Iron; Shell,Golden,,7.99,/242/52/222007_OX_1,222007_OX_1.jpg,none,,,,,
222056_BM,222056,Bracelet WATERMELON PARTY Bright Multicolor,_BM,Bright Multicolor,Jewellery,Bracelets,Anklet,Iron; Shell; Zinc,Golden,,7.99,/242/52/222056_BM_1,222056_BM_1.jpg,none,,,,,
222066_CL,222066,Bracelet WATERMELON PARTY Coral,_CL,Coral,Jewellery,Bracelets,Anklet,Iron; Shell; Thermoplastic Polyurethane,Golden,,7.99,/242/52/222066_CL_1,222066_CL_1.jpg,none,,,,,
222078_AQ,222078,Necklace WATERMELON PARTY Aquamarine,_AQ,Aquamarine,Jewellery,Necklaces,Beaded Necklace,Iron; Shell,,,10.99,/242/52/222078_AQ_1,222078_AQ_1.jpg,none,,,,,
222084_BM,222084,Earring WATERMELON PARTY Bright Multicolor,_BM,Bright Multicolor,Jewellery,Earrings,Dangle,Brass; Iron; Shell,,,9.99,/242/52/222084_BM_1,222084_BM_1.jpg,none,,,,,
222607_CL,222607,Earring WATERMELON PARTY Coral,_CL,Coral,Jewellery,Earrings,Dangle,Acrylic; Zinc,Golden,,7.99,/242/52/222607_CL_1,222607_CL_1.jpg,none,,,,,
222984_RD,222984,Necklace LOOM BEADS Red,_RD,Red,Jewellery,Necklaces,Beaded Necklace,Cotton; Glass; Iron,,,10.99,/242/52/222984_RD_1,222984_RD_1.jpg,none,,,,,
223001_TG,223001,Ring SPIRIT Pastel Green,_TG,Pastel Green,Jewellery,Rings,Cocktail,Brass; Glass,Matte Golden,,6.99,/242/52/223001_TG_1,223001_TG_1.jpg,none,,,,,
223007_PM,223007,Set of Necklaces SPIRIT Pastel Multicolor,_PM,Pastel Multicolor,Jewellery,Necklaces,Chain,Cork; Zinc; Stone; Acrylic; Iron; Pearl; Brass,Matte Golden,,15.99,/242/52/223007_PM_1,223007_PM_1.jpg,none,,,,,
223014_PM,223014,Necklace SPIRIT Pastel Multicolor,_PM,Pastel Multicolor,Jewellery,Necklaces,Chain,Cork; Brass; Iron; Acrylic; Stone; Zinc,Matte Golden,,12.99,/242/52/223014_PM_1,223014_PM_1.jpg,none,,,,,
223020_PM,223020,Earring SPIRIT Pastel Multicolor,_PM,Pastel Multicolor,Jewellery,Earrings,Drop,Cork; Acrylic; Stone; Brass; Iron,Golden,,7.99,/242/52/223020_PM_1,223020_PM_1.jpg,none,,,,,
223053_TG,223053,Ring SPIRIT Pastel Green,_TG,Pastel Green,Jewellery,Rings,Cocktail,Copper; Stone,Golden,,5.99,/242/52/223053_TG_1,223053_TG_1.jpg,none,,,,,
223060_GD,223060,Earring SPIRIT Gold,_GD,Gold,Jewellery,Earrings,Dangle,Iron,,,9.99,/242/52/223060_GD_1,223060_GD_1.jpg,none,,,,,
223068_TG,223068,Earring SPIRIT Pastel Green,_TG,Pastel Green,Jewellery,Earrings,Stud,Iron; Resin; Zinc; Metal and Plastic,Matte Golden,,5.99,/242/52/223068_TG_1,223068_TG_1.jpg,none,,,,,
223074_PM,223074,Bracelet SPIRIT Pastel Multicolor,_PM,Pastel Multicolor,Jewellery,Bracelets,Adjustable Bracelet,Glass; Zinc; Elastane; Pearl; Stone,Matte Golden,,5.99,/242/52/223074_PM_1,223074_PM_1.jpg,none,,,,,
223118_PM,223118,Ring SPIRIT Pastel Multicolor,_PM,Pastel Multicolor,Jewellery,Rings,Band Ring,Zinc; Zirconium,Matte Golden,,6.99,/242/52/223118_PM_1,223118_PM_1.jpg,none,,,,,
223121_TG,223121,Earring SPIRIT Pastel Green,_TG,Pastel Green,Jewellery,Earrings,Hoop Earrings,Brass; Thermoplastic Polyurethane; Zinc,Matte Golden,,5.99,/242/52/223121_TG_1,223121_TG_1.jpg,none,,,,,
223131_PM,223131,Necklace SPIRIT Pastel Multicolor,_PM,Pastel Multicolor,Jewellery,Necklaces,Beaded Necklace,Zinc; Glass; Stone; Cotton; Polyester; Cork,Matte Golden,,15.99,/242/52/223131_PM_1,223131_PM_1.jpg,none,,,,,
223212_BM,223212,Bracelet MARBLEMANIA Bright Multicolor,_BM,Bright Multicolor,Jewellery,Bracelets,Elastic Bracelet,Acrylic,,,9.99,/242/52/223212_BM_1,223212_BM_1.jpg,none,,,,,
223225_HM,223225,Bracelet MARBLEMANIA Halftone Multicolor,_HM,Halftone Multicolor,Jewellery,Bracelets,Elastic Bracelet,Acrylic; Cork,,,9.99,/242/52/223225_HM_1,223225_HM_1.jpg,none,,,,,
223241_WT,223241,Earring TREND White,_WT,White,Jewellery,Earrings,Dangle,Cork; Glass; Iron; Thermoplastic Polyurethane,Other,,12.99,/242/52/223241_WT_1,223241_WT_1.jpg,none,,,,,
223254_GD,223254,Bracelet TREND Gold,_GD,Gold,Jewellery,Bracelets,Cuff,Brass; Cork,Golden,,15.99,/242/52/223254_GD_1,223254_GD_1.jpg,none,,,,,
223260_GD,223260,Earring TREND Gold,_GD,Gold,Jewellery,Earrings,Dangle,Steel; Iron,Worn Gold,,12.99,/242/52/223260_GD_1,223260_GD_1.jpg,none,,,,,
223266_GD,223266,Necklace TREND Gold,_GD,Gold,Jewellery,Necklaces,Pendant,Metal Fitting; Brass,Worn Gold,,17.99,/242/52/223266_GD_1,223266_GD_1.jpg,none,,,,,
223272_OR,223272,Earring TREND Orange,_OR,Orange,Jewellery,Earrings,Dangle,Resin; Metal Fitting,Worn Gold,,12.99,/242/52/223272_OR_1,223272_OR_1.jpg,none,,,,,
223283_HM,223283,Earring MARBLEMANIA Halftone Multicolor,_HM,Halftone Multicolor,Jewellery,Earrings,Dangle,Iron; Thermoplastic Polyurethane,Other,,8.99,/242/52/223283_HM_1,223283_HM_1.jpg,none,,,,,
223292_BM,223292,Earring MARBLEMANIA Bright Multicolor,_BM,Bright Multicolor,Jewellery,Earrings,Dangle,Steel; Thermoplastic Polyurethane,Other,,8.99,/242/52/223292_BM_1,223292_BM_1.jpg,none,,,,,
223315_WT,223315,Necklace TREND White,_WT,White,Jewellery,Necklaces,Pendant,Cork; Metal Fitting; Cotton; Copper,Golden,,17.99,/242/52/223315_WT_1,223315_WT_1.jpg,none,,,,,
223321_WT,223321,Necklace TREND White,_WT,White,Jewellery,Necklaces,Pendant,Metal Fitting; Zinc; Enamel; Iron; Shell,Worn Gold,,17.99,/242/52/223321_WT_1,223321_WT_1.jpg,none,,,,,
223325_BM,223325,Earring MARBLEMANIA Bright Multicolor,_BM,Bright Multicolor,Jewellery,Earrings,Tassel Earring,Copper; Polyester; Resin,,,9.99,/242/52/223325_BM_1,223325_BM_1.jpg,none,,,,,
223352_WT,223352,Bracelet TREND White,_WT,White,Jewellery,Bracelets,Elastic Bracelet,Cork; Zinc; Resin; Enamel,Golden,,15.99,/242/52/223352_WT_1,223352_WT_1.jpg,none,,,,,
223354_DN,223354,Earring TREND Dark Green,_DN,Dark Green,Jewellery,Earrings,Stud,Cork; Glass; Acrylic,,,9.99,/242/52/223354_DN_1,223354_DN_1.jpg,none,,,,,
223354_OR,223354,Earring TREND Orange,_OR,Orange,Jewellery,Earrings,Stud,Acrylic; Glass,,,9.99,/242/52/223354_OR_1,223354_OR_1.jpg,none,,,,,
223354_WT,223354,Earring TREND White,_WT,White,Jewellery,Earrings,Stud,Cork; Acrylic; Glass,,,9.99,/242/52/223354_WT_1,223354_WT_1.jpg,none,,,,,
223358_OR,223358,Earring TREND Orange,_OR,Orange,Jewellery,Earrings,Dangle,Cork; Iron; Resin,Other,,12.99,/242/52/223358_OR_1,223358_OR_1.jpg,none,,,,,
223363_GD,223363,Earring TREND Gold,_GD,Gold,Jewellery,Earrings,Stud,Cork; Zinc,Golden,,12.99,/242/52/223363_GD_1,223363_GD_1.jpg,none,,,,,
223407_BM,223407,Set of Rings MARBLEMANIA Bright Multicolor,_BM,Bright Multicolor,Jewellery,Rings,Band Ring,Resin,Other,,7.99,/242/52/223407_BM_1,223407_BM_1.jpg,none,,,,,
223419_WT,223419,Earring TREND White,_WT,White,Jewellery,Earrings,Dangle,Cork; Iron; Cotton; Glass,Other,,12.99,/242/52/223419_WT_1,223419_WT_1.jpg,none,,,,,
223573_GD,223573,Earring EXCLUSIVE Gold,_GD,Gold,Jewellery,Earrings,Stud,Cork; Glass; Thermoplastic Polyurethane,Golden,,7.99,/241/52/223573_GD_1,223573_GD_1.jpg,none,,,,,
223573_WT,223573,Earring NEW CLASSIC White,_WT,White,Jewellery,Earrings,Stud,Thermoplastic Polyurethane; Acrylic,Golden,,7.99,/242/52/223573_WT_1,223573_WT_1.jpg,none,,,,,
223574_PM,223574,Earring EXCLUSIVE Pastel Multicolor,_PM,Pastel Multicolor,Jewellery,Earrings,Stud,Cork; Resin,Golden,,5.99,/242/52/223574_PM_1,223574_PM_1.jpg,none,,,,,
223685_TU,223685,Earring MUSTANG Taupe,_TU,Taupe,Jewellery,Earrings,Hoop Earrings,Cork; Iron; Copper; Stone,Antik Golden,,7.99,/242/52/223685_TU_1,223685_TU_1.jpg,none,,,,,
223693_BR,223693,Ring MUSTANG Brick Red,_BR,Brick Red,Jewellery,Rings,Cocktail,Cork; Acrylic; Resin; Iron,Antik Golden,,7.99,/242/52/223693_BR_1,223693_BR_1.jpg,none,,,,,
223702_HM,223702,Earring MUSTANG Halftone Multicolor,_HM,Halftone Multicolor,Jewellery,Earrings,Hoop Earrings,Cork; Pearl; Brass; Thermoplastic Polyurethane,,,5.99,/242/52/223702_HM_1,223702_HM_1.jpg,none,,,,,
223706_HM,223706,Earring MUSTANG Halftone Multicolor,_HM,Halftone Multicolor,Jewellery,Earrings,Dangle,Cork; Zinc; Thermoplastic Polyurethane,Antik Golden,,7.99,/242/52/223706_HM_1,223706_HM_1.jpg,none,,,,,
223730_GD,223730,Pin FASHION SUPPLEMENTS Gold,_GD,Gold,Jewellery,Pins,Lady Brooche,Cork; Zinc,Golden,,5.99,/242/52/223730_GD_1,223730_GD_1.jpg,none,,,,,
223742_GD,223742,Earring MUSTANG Gold,_GD,Gold,Jewellery,Earrings,Hoop Earrings,Cork; Zinc,Antik Golden,,7.99,/242/52/223742_GD_1,223742_GD_1.jpg,none,,,,,
223748_HM,223748,Bracelet MUSTANG Halftone Multicolor,_HM,Halftone Multicolor,Jewellery,Bracelets,Elastic Bracelet,Cork; Thermoplastic Polyurethane; Zinc; Elastane; Acrylic,Antik Golden,,5.99,/242/52/223748_HM_1,223748_HM_1.jpg,none,,,,,
223752_HM,223752,Ring MUSTANG Halftone Multicolor,_HM,Halftone Multicolor,Jewellery,Rings,Stone/Gem,Cork; Acrylic; Zinc,Antik Golden,,4.99,/242/52/223752_HM_1,223752_HM_1.jpg,none,,,,,
223756_GD,223756,Necklace TREND Gold,_GD,Gold,Jewellery,Necklaces,Pendant,Cork; Iron,Golden,,17.99,/242/52/223756_GD_1,223756_GD_1.jpg,none,,,,,
223771_HM,223771,Earring MUSTANG Halftone Multicolor,_HM,Halftone Multicolor,Jewellery,Earrings,Hoop Earrings,Cork; Resin; Iron,Antik Golden,,5.99,/242/52/223771_HM_1,223771_HM_1.jpg,none,,,,,
223776_HM,223776,Ring MUSTANG Halftone Multicolor,_HM,Halftone Multicolor,Jewellery,Rings,Cocktail,Cork; Resin; Zinc,,,5.99,/242/52/223776_HM_1,223776_HM_1.jpg,none,,,,,
223782_SV,223782,Set of Bracelets silver basics EXTRA Silver,_SV,Silver,Jewellery,Bracelets,Elastic Bracelet,Cork; Zinc; Iron; Thermoplastic Polyurethane,Rodhium,,7.99,/242/52/223782_SV_1,223782_SV_1.jpg,none,,,,,
223788_HM,223788,Earring MUSTANG Halftone Multicolor,_HM,Halftone Multicolor,Jewellery,Earrings,Drop,Cork; Thermoplastic Polyurethane; Steel,Other,,5.99,/242/52/223788_HM_1,223788_HM_1.jpg,none,,,,,
223793_SV,223793,Earring silver basics EXTRA Silver,_SV,Silver,Jewellery,Earrings,Hoop Earrings,Brass,Rodhium,,7.99,/242/52/223793_SV_1,223793_SV_1.jpg,none,,,,,
223801_SV,223801,Necklace silver basics EXTRA Silver,_SV,Silver,Jewellery,Necklaces,Bib Necklace,Cork; Zinc; Thermoplastic Polyurethane,Rodhium,,12.99,/242/52/223801_SV_1,223801_SV_1.jpg,none,,,,,
223806_GD,223806,Earring MUSTANG Gold,_GD,Gold,Jewellery,Earrings,Hoop Earrings,Cork; Zinc,Antik Golden,,7.99,/242/52/223806_GD_1,223806_GD_1.jpg,none,,,,,
223811_SV,223811,Set of Earrings silver basics EXTRA Silver,_SV,Silver,Jewellery,Earrings,Ear Cuff,Cork; Brass,Rodhium,,5.99,/242/52/223811_SV_1,223811_SV_1.jpg,none,,,,,
223817_SV,223817,Necklace silver basics EXTRA Silver,_SV,Silver,Jewellery,Necklaces,Pendant,Copper; Zinc,,,10.99,/242/52/223817_SV_1,223817_SV_1.jpg,none,,,,,
223822_SV,223822,Bracelet silver basics EXTRA Silver,_SV,Silver,Jewellery,Bracelets,Non-Adjustable Bracelet,Cork; Iron; Zinc,Rodhium,,6.99,/242/52/223822_SV_1,223822_SV_1.jpg,none,,,,,
223826_SV,223826,Earring silver basics EXTRA Silver,_SV,Silver,Jewellery,Earrings,Dangle,Iron; Thermoplastic Polyurethane,Rodhium,,5.99,/242/52/223826_SV_1,223826_SV_1.jpg,none,,,,,
223834_SV,223834,Earring SILVER BASICS Silver,_SV,Silver,Jewellery,Earrings,Hoop Earrings,Cork; Stainless Steel; Zinc,Rodhium,,7.99,/242/52/223834_SV_1,223834_SV_1.jpg,none,,,,,
223839_RD,223839,Earring SILVER BASICS Red,_RD,Red,Jewellery,Earrings,Stud,Cork; Thermoplastic Polyurethane,Rodhium,,5.99,/242/52/223839_RD_1,223839_RD_1.jpg,none,,,,,
223844_SV,223844,Earring SILVER BASICS Silver,_SV,Silver,Jewellery,Earrings,Stud,Cork; Zinc,Rodhium,,7.99,/242/52/223844_SV_1,223844_SV_1.jpg,none,,,,,
223849_RD,223849,Set of Earrings SILVER BASICS Red,_RD,Red,Jewellery,Earrings,Stud,Cork; Acrylic; Zinc,Rodhium,,5.99,/242/52/223849_RD_1,223849_RD_1.jpg,none,,,,,
223855_RD,223855,Ring SILVER BASICS Red,_RD,Red,Jewellery,Rings,Cocktail,Cork; Zinc; Enamel,Rodhium,,4.99,/242/52/223855_RD_1,223855_RD_1.jpg,none,,,,,
223860_SV,223860,Earring SILVER BASICS Silver,_SV,Silver,Jewellery,Earrings,Ear Jacket,Cork; Zinc,Rodhium,,7.99,/242/52/223860_SV_1,223860_SV_1.jpg,none,,,,,
223865_SV,223865,Earring SILVER BASICS Silver,_SV,Silver,Jewellery,Earrings,Clip Earrings,Cork; Brass,Rodhium,,7.99,/242/52/223865_SV_1,223865_SV_1.jpg,none,,,,,
223879_SV,223879,Earring SILVER BASICS Silver,_SV,Silver,Jewellery,Earrings,Stud,Zinc,Rodhium,,5.99,/242/52/223879_SV_1,223879_SV_1.jpg,none,,,,,
223887_SV,223887,Ring SILVER BASICS Silver,_SV,Silver,Jewellery,Rings,Band Ring,Zinc,Rodhium,,6.99,/242/52/223887_SV_1,223887_SV_1.jpg,none,,,,,
223898_RD,223898,Necklace SILVER BASICS Red,_RD,Red,Jewellery,Necklaces,Other Necklaces,Cork; Zinc; Polyamide,Rodhium,,12.99,/242/52/223898_RD_1,223898_RD_1.jpg,none,,,,,
223903_RD,223903,Ring SILVER BASICS Red,_RD,Red,Jewellery,Rings,Cocktail,Zinc; Resin,Rodhium,,7.99,/242/52/223903_RD_1,223903_RD_1.jpg,none,,,,,
223908_SV,223908,Earring SILVER BASICS Silver,_SV,Silver,Jewellery,Earrings,Hoop Earrings,Zinc; Steel,Rodhium,,7.99,/242/52/223908_SV_1,223908_SV_1.jpg,none,,,,,
223913_SV,223913,Earring SILVER BASICS Silver,_SV,Silver,Jewellery,Earrings,Stud,Stainless Steel; Zinc,Rodhium,,5.99,/242/52/223913_SV_1,223913_SV_1.jpg,none,,,,,
223951_GD,223951,Earring GLDN DEL Gold,_GD,Gold,Jewellery,Earrings,Clip Earrings,Glass; Pearl; Brass,Golden,,15.99,/242/52/223951_GD_1,223951_GD_1.jpg,none,,,,,
223953_GD,223953,Earring GLDN DEL Gold,_GD,Gold,Jewellery,Earrings,Drop,Brass; Glass; Zinc,,,9.99,/242/52/223953_GD_1,223953_GD_1.jpg,none,,,,,
223953_SV,223953,Earring SILVER D Silver,_SV,Silver,Jewellery,Earrings,Drop,Brass; Zinc; Glass,,,9.99,/242/52/223953_SV_1,223953_SV_1.jpg,none,,,,,
223956_GD,223956,Earring GLDN DEL Gold,_GD,Gold,Jewellery,Earrings,Dangle,Brass; Zinc; Pearl,Golden,,8.99,/242/52/223956_GD_1,223956_GD_1.jpg,none,,,,,
224162_GD,224162,Earring TREND Gold,_GD,Gold,Jewellery,Earrings,Stud,Cork; Zinc,Worn Gold,,12.99,/242/52/224162_GD_1,224162_GD_1.jpg,none,,,,,
224266_HM,224266,Earring MONETT Halftone Multicolor,_HM,Halftone Multicolor,Jewellery,Earrings,Dangle,Zinc; Resin; Iron,Golden,,7.99,/242/52/224266_HM_1,224266_HM_1.jpg,none,,,,,
224299_HM,224299,Earring MONETT Halftone Multicolor,_HM,Halftone Multicolor,Jewellery,Earrings,Dangle,Cork; Resin; Iron,Brushed Golden,,5.99,/242/52/224299_HM_1,224299_HM_1.jpg,none,,,,,
224303_HM,224303,Set of Rings MONETT Halftone Multicolor,_HM,Halftone Multicolor,Jewellery,Rings,Band Ring,Cork; Zinc; Enamel,Golden,,7.99,/242/52/224303_HM_1,224303_HM_1.jpg,none,,,,,
224313_GN,224313,Bracelet MONETT Green,_GN,Green,Jewellery,Bracelets,Bangle,Thermoplastic Polyurethane,Other,,12.99,/242/52/224313_GN_1,224313_GN_1.jpg,none,,,,,
224333_HM,224333,Bracelet MONETT Halftone Multicolor,_HM,Halftone Multicolor,Jewellery,Bracelets,Elastic Bracelet,Resin; Zinc; Stone,Golden,,7.99,/242/52/224333_HM_1,224333_HM_1.jpg,none,,,,,
224339_TG,224339,Earring MONETT Pastel Green,_TG,Pastel Green,Jewellery,Earrings,Clip Earrings,Resin; Polyester,Other,,8.99,/242/52/224339_TG_1,224339_TG_1.jpg,none,,,,,
224380_HM,224380,Earring MONETT Halftone Multicolor,_HM,Halftone Multicolor,Jewellery,Earrings,Dangle,Resin; Zinc,Brushed Golden,,5.99,/242/52/224380_HM_1,224380_HM_1.jpg,none,,,,,
224386_HM,224386,Earring MONETT Halftone Multicolor,_HM,Halftone Multicolor,Jewellery,Earrings,Dangle,Resin; Zinc,Brushed Golden,,5.99,/242/52/224386_HM_1,224386_HM_1.jpg,none,,,,,
224394_HM,224394,Set of Bracelets MONETT Halftone Multicolor,_HM,Halftone Multicolor,Jewellery,Bracelets,Elastic Bracelet,Resin; Zinc; Stone,Golden,,7.99,/242/52/224394_HM_1,224394_HM_1.jpg,none,,,,,
224399_HM,224399,Necklace MONETT Halftone Multicolor,_HM,Halftone Multicolor,Jewellery,Necklaces,Pendant,Iron; Brass; Resin; Zinc; Ceramic; Cork,,,10.99,/242/52/224399_HM_1,224399_HM_1.jpg,none,,,,,
224406_MV,224406,Earring MONETT Mauve,_MV,Mauve,Jewellery,Earrings,Dangle,Ceramic; Iron; Acrylic; Cork,Brushed Golden,,7.99,/242/52/224406_MV_1,224406_MV_1.jpg,none,,,,,
224411_MT,224411,Earring MONETT Mint,_MT,Mint,Jewellery,Earrings,Hoop Earrings,Thermoplastic Polyurethane,Golden,,5.99,/242/52/224411_MT_1,224411_MT_1.jpg,none,,,,,
224517_SV,224517,Ring SILVER D Silver,_SV,Silver,Jewellery,Rings,Band Ring,Brass,Silver,,5.99,/242/52/224517_SV_1,224517_SV_1.jpg,none,,,,,
224519_GD,224519,Bracelet GLDN DEL Gold,_GD,Gold,Jewellery,Bracelets,Non-Adjustable Bracelet,Zinc; Acrylic; Brass; Pearl,Golden,,6.99,/242/52/224519_GD_1,224519_GD_1.jpg,none,,,,,
224519_SV,224519,Bracelet SILVER D Silver,_SV,Silver,Jewellery,Bracelets,Non-Adjustable Bracelet,Zinc; Acrylic; Brass; Pearl,Silver,,6.99,/242/52/224519_SV_1,224519_SV_1.jpg,none,,,,,
224527_CG,224527,Bracelet EXCLUSIVE Cognac,_CG,Cognac,Jewellery,Bracelets,Bangle,Resin; Brass,,,9.99,/242/52/224527_CG_1,224527_CG_1.jpg,none,,,,,
224564_BK,224564,Necklace Milagro Black,_BK,Black,Jewellery,Necklaces,Pendant,Iron; Brass; Zinc; Stone; Cork,Golden,,10.99,/242/52/224564_BK_1,224564_BK_1.jpg,none,,,,,
224570_BK,224570,Ring Milagro Black,_BK,Black,Jewellery,Rings,Band Ring,Stone; Copper,Golden,,4.99,/242/52/224570_BK_1,224570_BK_1.jpg,none,,,,,
224575_BK,224575,Necklace Milagro Black,_BK,Black,Jewellery,Necklaces,Pendant,Thermoplastic Polyurethane; Iron; Zinc; Polyurethane,,,10.99,/242/52/224575_BK_1,224575_BK_1.jpg,none,,,,,
224586_BK,224586,Earring Milagro Black,_BK,Black,Jewellery,Earrings,Hoop Earrings,Cork; Zinc; Brass; Enamel,Golden,,5.99,/242/52/224586_BK_1,224586_BK_1.jpg,none,,,,,
224591_BK,224591,Set of Earrings Milagro Black,_BK,Black,Jewellery,Earrings,Hoop Earrings,Cork; Glass; Zinc,Golden,,8.99,/242/52/224591_BK_1,224591_BK_1.jpg,none,,,,,
224597_BK,224597,Necklace Milagro Black,_BK,Black,Jewellery,Necklaces,Chain,Cork; Polyurethane; Iron; Brass; Zinc; Thermoplastic Polyurethane; Cotton,Golden,,15.99,/242/52/224597_BK_1,224597_BK_1.jpg,none,,,,,
224603_BK,224603,Earring Milagro Black,_BK,Black,Jewellery,Earrings,Hoop Earrings,Cork; Glass; Zinc,Golden,,7.99,/242/52/224603_BK_1,224603_BK_1.jpg,none,,,,,
224607_BK,224607,Earring Milagro Black,_BK,Black,Jewellery,Earrings,Dangle,Zinc; Glass,Golden,,7.99,/242/52/224607_BK_1,224607_BK_1.jpg,none,,,,,
224614_BK,224614,Earring Milagro Black,_BK,Black,Jewellery,Earrings,Dangle,Steel; Thermoplastic Polyurethane,Brushed Golden,,5.99,/242/52/224614_BK_1,224614_BK_1.jpg,none,,,,,
224626_BK,224626,Set of Earrings Milagro Black,_BK,Black,Jewellery,Earrings,Hoop Earrings,Cork; Brass; Zirconium,,,9.99,/242/52/224626_BK_1,224626_BK_1.jpg,none,,,,,
224631_BK,224631,Earring Milagro Black,_BK,Black,Jewellery,Earrings,Dangle,Cork; Resin; Brass; Zinc,Golden,,7.99,/242/52/224631_BK_1,224631_BK_1.jpg,none,,,,,
224641_GD,224641,Earring Golden Basics Gold,_GD,Gold,Jewellery,Earrings,Hoop Earrings,Brass; Iron,Golden,,7.99,/242/52/224641_GD_1,224641_GD_1.jpg,none,,,,,
224654_GD,224654,Ring Golden Basics Gold,_GD,Gold,Jewellery,Rings,Cocktail,Zinc,Golden,,5.99,/242/52/224654_GD_1,224654_GD_1.jpg,none,,,,,
224658_GD,224658,Earring Golden Basics Gold,_GD,Gold,Jewellery,Earrings,Stud,Iron,Golden,,5.99,/242/52/224658_GD_1,224658_GD_1.jpg,none,,,,,
224665_GD,224665,Earring Golden Basics Gold,_GD,Gold,Jewellery,Earrings,Hoop Earrings,Cork; Iron; Zinc,Golden,,5.99,/242/52/224665_GD_1,224665_GD_1.jpg,none,,,,,
224671_GD,224671,Necklace Golden Basics Gold,_GD,Gold,Jewellery,Necklaces,Beaded Necklace,Cork; Iron; Zinc; Brass,Golden,,12.99,/242/52/224671_GD_1,224671_GD_1.jpg,none,,,,,
224676_GD,224676,Necklace Golden Basics Gold,_GD,Gold,Jewellery,Necklaces,Pendant,Cork; Zinc; Brass; Iron,Golden,,12.99,/242/52/224676_GD_1,224676_GD_1.jpg,none,,,,,
224681_GD,224681,Earring Golden Basics Gold,_GD,Gold,Jewellery,Earrings,Clip Earrings,Iron; Copper,Golden,,5.99,/242/52/224681_GD_1,224681_GD_1.jpg,none,,,,,
224686_GD,224686,Earring Golden Basics Gold,_GD,Gold,Jewellery,Earrings,Dangle,Steel; Brass,Golden,,7.99,/242/52/224686_GD_1,224686_GD_1.jpg,none,,,,,
224725_MM,224725,Necklace NOMADA Metallic Multicolor,_MM,Metallic Multicolor,Jewellery,Necklaces,Chain,Cork; Zinc; Iron,,,10.99,/242/52/224725_MM_2y,224725_MM_2y.jpg,none,,,,,
224730_TL,224730,Earring NOMADA Teal,_TL,Teal,Jewellery,Earrings,Dangle,Cork; Iron; Acrylic,Golden,,5.99,/242/52/224730_TL_1,224730_TL_1.jpg,none,,,,,
224736_HM,224736,Bracelet NOMADA Halftone Multicolor,_HM,Halftone Multicolor,Jewellery,Bracelets,Elastic Bracelet,Cork; Thermoplastic Polyurethane; Acrylic; Stone; Glass; Elastane; Zinc; Brass,Golden,,7.99,/242/52/224736_HM_1,224736_HM_1.jpg,none,,,,,
224740_BL,224740,Earring NOMADA Blue,_BL,Blue,Jewellery,Earrings,Clip Earrings,Cork; Steel; Thermoplastic Polyurethane; Zinc,Golden,,5.99,/242/52/224740_BL_1,224740_BL_1.jpg,none,,,,,
224750_TL,224750,Earring NOMADA Teal,_TL,Teal,Jewellery,Earrings,Hoop Earrings,Cork; Resin; Iron,Golden,,5.99,/242/52/224750_TL_1,224750_TL_1.jpg,none,,,,,
224757_TQ,224757,Ring NOMADA Turquoise,_TQ,Turquoise,Jewellery,Rings,Cocktail,Cork; Zinc; Stone,Golden,,5.99,/242/52/224757_TQ_1,224757_TQ_1.jpg,none,,,,,
224771_HM,224771,Earring NOMADA Halftone Multicolor,_HM,Halftone Multicolor,Jewellery,Earrings,Dangle,Cork; Brass; Zinc; Stone; Resin; Iron,Golden,,8.99,/242/52/224771_HM_1,224771_HM_1.jpg,none,,,,,
224779_TL,224779,Earring NOMADA Teal,_TL,Teal,Jewellery,Earrings,Dangle,Cork; Zinc; Thermoplastic Polyurethane,Golden,,5.99,/242/52/224779_TL_1,224779_TL_1.jpg,none,,,,,
224795_HM,224795,Necklace NOMADA Halftone Multicolor,_HM,Halftone Multicolor,Jewellery,Necklaces,Beaded Necklace,Cork; Resin; Brass; Stone; Iron,Golden,,12.99,/242/52/224795_HM_1,224795_HM_1.jpg,none,,,,,
224800_HM,224800,Bracelet NOMADA Halftone Multicolor,_HM,Halftone Multicolor,Jewellery,Bracelets,Elastic Bracelet,Pearl; Elastane; Thermoplastic Polyurethane; Cork; Acrylic,Golden,,5.99,/242/52/224800_HM_1,224800_HM_1.jpg,none,,,,,
224806_HM,224806,Necklace NOMADA Halftone Multicolor,_HM,Halftone Multicolor,Jewellery,Necklaces,Collar,Brass; Iron; Glass; Stone; Thermoplastic Polyurethane; Cotton; Acrylic; Zinc; Cork,Multifinishing,,19.99,/242/52/224806_HM_1,224806_HM_1.jpg,none,,,,,
224811_HM,224811,Necklace NOMADA Halftone Multicolor,_HM,Halftone Multicolor,Jewellery,Necklaces,Pendant,Iron; Zinc; Stone; Brass; Cork,Golden,,12.99,/242/52/224811_HM_1,224811_HM_1.jpg,none,,,,,
224818_MM,224818,Ring NOMADA Metallic Multicolor,_MM,Metallic Multicolor,Jewellery,Rings,Fantasy,Cork; Zinc,Multifinishing,,5.99,/242/52/224818_MM_1,224818_MM_1.jpg,none,,,,,
224926_GD,224926,Bracelet BULKY GOLD PLATED Gold,_GD,Gold,Jewellery,Bracelets,Non-Adjustable Bracelet,Brass,Gold Plated,,29.99,/242/52/224926_GD_1,224926_GD_1.jpg,none,,,,,
224930_GD,224930,Ring BULKY GOLD PLATED Gold,_GD,Gold,Jewellery,Rings,Cocktail,Brass,Gold Plated,,23.99,/242/52/224930_GD_1,224930_GD_1.jpg,none,,,,,
224982_BL,224982,Earring ATMOSPHERE Blue,_BL,Blue,Jewellery,Earrings,Clip Earrings,Zinc; Thermoplastic Polyurethane,Rodhium,,5.99,/242/52/224982_BL_1,224982_BL_1.jpg,none,,,,,
224987_BL,224987,Necklace ATMOSPHERE Blue,_BL,Blue,Jewellery,Necklaces,Beaded Necklace,Iron; Thermoplastic Polyurethane,Rodhium,,12.99,/242/52/224987_BL_1,224987_BL_1.jpg,none,,,,,
224992_BL,224992,Necklace ATMOSPHERE Blue,_BL,Blue,Jewellery,Necklaces,Beaded Necklace,Resin; Cork; Acrylic; Thermoplastic Polyurethane,Rodhium,,15.99,/242/52/224992_BL_1,224992_BL_1.jpg,none,,,,,
224998_BL,224998,Necklace ATMOSPHERE Blue,_BL,Blue,Jewellery,Necklaces,Beaded Necklace,Zinc; Thermoplastic Polyurethane; Brass,Rodhium,,10.99,/242/52/224998_BL_1,224998_BL_1.jpg,none,,,,,
225016_GD,225016,Earring GOLD PLATED COLLECTION Gold,_GD,Gold,Jewellery,Earrings,Stud,Stone; Brass,Gold Plated,,35.99,/242/52/225016_GD_1,225016_GD_1.jpg,none,,,,,
225025_GD,225025,Necklace GOLD PLATED COLLECTION Gold,_GD,Gold,Jewellery,Necklaces,Pendant,Stone; Brass,Gold Plated,,27.99,/242/52/225025_GD_1,225025_GD_1.jpg,none,,,,,
225030_BL,225030,Bracelet ATMOSPHERE Blue,_BL,Blue,Jewellery,Bracelets,Bangle,Thermoplastic Polyurethane; Steel,Rodhium,,12.99,/242/52/225030_BL_1,225030_BL_1.jpg,none,,,,,
225035_GD,225035,Jewellery GOLD PLATED COLLECTION Gold,_GD,Gold,Jewellery,Charms,Symbol,Stone; Brass,Gold Plated,,15.99,/242/52/225035_GD_1,225035_GD_1.jpg,none,,,,,
225042_BL,225042,Earring ATMOSPHERE Blue,_BL,Blue,Jewellery,Earrings,Hoop Earrings,Iron; Acrylic,,,7.99,/242/52/225042_BL_1,225042_BL_1.jpg,none,,,,,
207403_LB,207403,Wallet BASIC LOLITA Light Blue,_LB,Light Blue,Wallet,Wallet,Plain PU,Polyester; Polyurethane; Polyurethane,,,9.99,/232/62/207403_LB_1,207403_LB_1.jpg,none,,,,,
207919_BL,207919,Multipurpose Purse CHER Blue,_BL,Blue,Wallet,Multipurpose Purse,Beads,Cotton; Cotton; Fiberglass,,,17.99,/232/62/207919_BL_1,207919_BL_1.jpg,none,,,,,
208015_EC,208015,Card Holder SAMANTHA Ecru,_EC,Ecru,Wallet,Card Holder,Printed PU,Polyester; Polyurethane; Polyurethane,,,9.99,/232/62/208015_EC_1,208015_EC_1.jpg,none,,,,,
208032_BK,208032,Phone Holder SAMANTHA Black,_BK,Black,Wallet,Phone Holder,Nylon,Polyester; Polyester,,,17.99,/232/62/208032_BK_1,208032_BK_1.jpg,none,,,,,
208057_CA,208057,Wallet BRENDA Camel,_CA,Camel,Wallet,Wallet,Plain PU,Polyester; Polyurethane; Polyurethane,,,15.99,/232/62/208057_CA_1,208057_CA_1.jpg,none,,,,,
208057_OR,208057,Wallet BRENDA Orange,_OR,Orange,Wallet,Wallet,Plain PU,Polyester; Polyurethane; Polyurethane,,,15.99,/232/62/208057_OR_1,208057_OR_1.jpg,none,,,,,
208057_PK,208057,Wallet BRENDA Pink,_PK,Pink,Wallet,Wallet,Plain PU,Polyester; Polyurethane; Polyurethane,,,15.99,/232/62/208057_PK_1,208057_PK_1.jpg,none,,,,,
208070_LK,208070,Wallet SAMANTHA Light Pink,_LK,Light Pink,Wallet,Wallet,Plain PU,Polyester; Polyester; Polyurethane; Polyurethane; Polyurethane,,,15.99,/232/62/208070_LK_1,208070_LK_1.jpg,none,,,,,
208078_GN,208078,Card Holder BASIC LAURINDA Green,_GN,Green,Wallet,Card Holder,Plain PU,Polyester; Polyurethane,,,7.99,/232/62/208078_GN_1,208078_GN_1.jpg,none,,,,,
208078_OR,208078,Card Holder BASIC LAURINDA Orange,_OR,Orange,Wallet,Card Holder,Plain PU,Polyester; Polyurethane,,,7.99,/232/62/208078_OR_1,208078_OR_1.jpg,none,,,,,
208710_BU,208710,Wallet ROSALIA Burgundy,_BU,Burgundy,Wallet,Wallet,Plain PU,Polyester; Polyurethane; Polyurethane,,,15.99,/232/62/208710_BU_1,208710_BU_1.jpg,none,,,,,
208710_CA,208710,Wallet ROSALIA Camel,_CA,Camel,Wallet,Wallet,Plain PU,Polyester; Polyurethane; Polyurethane,,,15.99,/232/62/208710_CA_1,208710_CA_1.jpg,none,,,,,
208710_WT,208710,Wallet ROSALIA White,_WT,White,Wallet,Wallet,Plain PU,Polyester; Polyurethane; Polyurethane,,,15.99,/232/62/208710_WT_1,208710_WT_1.jpg,none,,,,,
208713_GN,208713,Wallet ROSALIA Green,_GN,Green,Wallet,Wallet,Plain PU,Polyester; Polyurethane; Polyurethane,,,12.99,/232/62/208713_GN_1,208713_GN_1.jpg,none,,,,,
208719_KK,208719,Wallet SOFIA Khaki,_KK,Khaki,Wallet,Wallet,Plain PU,Polyester; Polyurethane; Polyurethane,,,17.99,/232/62/208719_KK_1,208719_KK_1.jpg,none,,,,,
208719_WT,208719,Wallet SOFIA White,_WT,White,Wallet,Wallet,Plain PU,Polyester; Polyurethane; Polyurethane,,,17.99,/232/62/208719_WT_1,208719_WT_1.jpg,none,,,,,
208723_YL,208723,Card Holder SOFIA Yellow,_YL,Yellow,Wallet,Card Holder,Plain PU,Polyester; Polyurethane,,,9.99,/232/62/208723_YL_1,208723_YL_1.jpg,none,,,,,
208731_EC,208731,Card Holder BASIC LAURINDA Ecru,_EC,Ecru,Wallet,Card Holder,Printed PU,Polyester; Polyurethane,,,7.99,/232/62/208731_EC_1,208731_EC_1.jpg,none,,,,,
209072_BL,209072,Wallet GARDEN Blue,_BL,Blue,Wallet,Wallet,Printed PU,Polyester; Polyester; Polyurethane; Polyurethane; Thermoplastic Polyurethane,,,12.99,/232/62/209072_BL_1,209072_BL_1.jpg,none,,,,,
209442_SW,209442,Phone Holder SOLAR Straw,_SW,Straw,Wallet,Phone Holder,Paper straw,Linen; Paper; Polyurethane; Polyurethane,,,15.99,/232/62/209442_SW_1,209442_SW_1.jpg,none,,,,,
209567_GN,209567,Phone Holder GLICINIA Green,_GN,Green,Wallet,Phone Holder,Color Block,Polyester; Polyurethane; Polyurethane; Thermoplastic Polyurethane,,,17.99,/232/62/209567_GN_1,209567_GN_1.jpg,none,,,,,
209746_BL,209746,Wallet CHER Blue,_BL,Blue,Wallet,Wallet,Plain PU,Polyester; Polyurethane; Polyurethane,,,12.99,/232/62/209746_BL_1,209746_BL_1.jpg,none,,,,,
209746_WT,209746,Wallet CHER White,_WT,White,Wallet,Wallet,Plain PU,Polyester; Polyurethane; Polyurethane,,,12.99,/232/62/209746_WT_1,209746_WT_1.jpg,none,,,,,
209766_BL,209766,Multipurpose Purse CHER Blue,_BL,Blue,Wallet,Multipurpose Purse,Plain PU,Polyester; Polyurethane; Polyurethane,,,12.99,/232/62/209766_BL_1,209766_BL_1.jpg,none,,,,,
209971_EC,209971,Wallet tilda Ecru,_EC,Ecru,Wallet,Wallet,Printed PU,Polyester; Polyurethane; Polyurethane,,,17.99,/232/62/209971_EC_1,209971_EC_1.jpg,none,,,,,
209976_EC,209976,Wallet tilda Ecru,_EC,Ecru,Wallet,Wallet,Printed PU,Polyester; Polyurethane; Polyurethane,,,12.99,/232/62/209976_EC_1,209976_EC_1.jpg,none,,,,,
209977_EC,209977,Card Holder tilda Ecru,_EC,Ecru,Wallet,Card Holder,Plain PU,Polyester; Polyurethane; Polyurethane,,,9.99,/232/62/209977_EC_1,209977_EC_1.jpg,none,,,,,
209977_GN,209977,Card Holder tilda Green,_GN,Green,Wallet,Card Holder,Plain PU,Polyester; Polyurethane; Polyurethane,,,9.99,/232/62/209977_GN_1,209977_GN_1.jpg,none,,,,,
209982_PK,209982,Phone Holder tilda Pink,_PK,Pink,Wallet,Phone Holder,Beads,Fiberglass,,,22.99,/232/62/209982_PK_1,209982_PK_1.jpg,none,,,,,
210055_CL,210055,Phone Holder MIK Coral,_CL,Coral,Wallet,Phone Holder,Fake Nylon,Polyester; Polyester; Polyurethane; Polyurethane,,,17.99,/232/62/210055_CL_1,210055_CL_1.jpg,none,,,,,
210055_EC,210055,Phone Holder MIK Ecru,_EC,Ecru,Wallet,Phone Holder,Fake Nylon,Polyester; Polyester; Polyurethane; Polyurethane,,,17.99,/232/62/210055_EC_1,210055_EC_1.jpg,none,,,,,
210055_TU,210055,Phone Holder MIK Taupe,_TU,Taupe,Wallet,Phone Holder,Fake Nylon,Polyester; Polyester; Polyurethane; Polyurethane,,,17.99,/232/62/210055_TU_1,210055_TU_1.jpg,none,,,,,
210161_EC,210161,Card Holder mirabel Ecru,_EC,Ecru,Wallet,Card Holder,Printed PU,Polyester; Polyurethane,,,7.99,/232/62/210161_EC_1,210161_EC_1.jpg,none,,,,,
210178_NV,210178,Multipurpose Purse manolita Navy,_NV,Navy,Wallet,Multipurpose Purse,Printed Nylon,Polyester; Polyester; Polyurethane,,,12.99,/232/62/210178_NV_1,210178_NV_1.jpg,none,,,,,
210202_YL,210202,Wallet manolita Yellow,_YL,Yellow,Wallet,Wallet,Plain PU,Polyurethane; Polyester; Polyurethane,,,12.99,/232/62/210202_YL_1,210202_YL_1.jpg,none,,,,,
210204_PK,210204,Wallet manolita Pink,_PK,Pink,Wallet,Wallet,Plain PU,Polyester; Polyurethane; Polyurethane,,,12.99,/232/62/210204_PK_1,210204_PK_1.jpg,none,,,,,
210204_SV,210204,Wallet manolita Silver,_SV,Silver,Wallet,Wallet,Plain PU,Polyester; Polyurethane; Polyurethane,,,12.99,/232/62/210204_SV_1,210204_SV_1.jpg,none,,,,,
210240_PK,210240,Wallet mirabel Pink,_PK,Pink,Wallet,Wallet,Plain PU,Polyester; Polyurethane; Polyurethane; Thermoplastic Polyurethane,,,15.99,/232/62/210240_PK_1,210240_PK_1.jpg,none,,,,,
210243_GN,210243,Wallet mirabel Green,_GN,Green,Wallet,Wallet,Plain PU,Polyester; Polyurethane; Polyurethane,,,12.99,/232/62/210243_GN_1,210243_GN_1.jpg,none,,,,,
210243_SK,210243,Wallet mirabel Skin,_SK,Skin,Wallet,Wallet,Plain PU,Polyester; Polyurethane; Polyurethane,,,12.99,/232/62/210243_SK_1,210243_SK_1.jpg,none,,,,,
210775_BM,210775,Phone Holder Elle Bright Multicolor,_BM,Bright Multicolor,Wallet,Phone Holder,Plastic,Polyurethane; Silicone; Thermoplastic Polyurethane,,,17.99,/232/62/210775_BM_1,210775_BM_1.jpg,none,,,,,
210852_EC,210852,Wallet Elle Ecru,_EC,Ecru,Wallet,Wallet,Plain PU,Polyester; Polyurethane; Polyurethane,,,10.99,/232/62/210852_EC_1,210852_EC_1.jpg,none,,,,,
210852_OR,210852,Wallet Elle Orange,_OR,Orange,Wallet,Wallet,Plain PU,Polyester; Polyurethane; Polyurethane,,,10.99,/232/62/210852_OR_1,210852_OR_1.jpg,none,,,,,
210854_BM,210854,Wallet Elle Bright Multicolor,_BM,Bright Multicolor,Wallet,Wallet,Printed PU,Polyester; Polyurethane; Polyurethane,,,10.99,/232/62/210854_BM_1,210854_BM_1.jpg,none,,,,,
210858_GN,210858,Coin Purse Elle Green,_GN,Green,Wallet,Coin Purse,Plain PU,Polyester; Polyurethane,,,7.99,/232/62/210858_GN_1,210858_GN_1.jpg,none,,,,,
210869_HM,210869,Multipurpose Purse lara Halftone Multicolor,_HM,Halftone Multicolor,Wallet,Multipurpose Purse,Printed Nylon,Polyester; Polyester,,,9.99,/232/62/210869_HM_1,210869_HM_1.jpg,none,,,,,
210964_BL,210964,Wallet AUBREY 1 Blue,_BL,Blue,Wallet,Wallet,Printed PU,Polyester; Polyurethane; Polyurethane,,,12.99,/232/62/210964_BL_1,210964_BL_1.jpg,none,,,,,
211099_DM,211099,Coin Purse Pam Dark Multicolor,_DM,Dark Multicolor,Wallet,Coin Purse,Printed Nylon,Polyester; Polyester; Polyurethane,,,9.99,/232/62/211099_DM_1,211099_DM_1.jpg,none,,,,,
211106_BK,211106,Phone Holder Pam Black,_BK,Black,Wallet,Phone Holder,Plain PU,Polyester; Polyurethane,,,17.99,/232/62/211106_BK_1,211106_BK_1.jpg,none,,,,,
211106_EC,211106,Phone Holder Pam Ecru,_EC,Ecru,Wallet,Phone Holder,Plain PU,Polyester; Polyurethane,,,17.99,/232/62/211106_EC_1,211106_EC_1.jpg,none,,,,,
211183_BM,211183,Wallet AUGUSTO1 Bright Multicolor,_BM,Bright Multicolor,Wallet,Wallet,Printed Nylon,Polyester; Polyester; Polyurethane,,,15.99,/232/62/211183_BM_1,211183_BM_1.jpg,none,,,,,
211237_EC,211237,Phone Holder BLOOMING Ecru,_EC,Ecru,Wallet,Phone Holder,Color Block,Polyester; Polyester; Polyurethane; Polyurethane; Thermoplastic Polyurethane,,,17.99,/232/62/211237_EC_1,211237_EC_1.jpg,none,,,,,
211359_EC,211359,Wallet irene Ecru,_EC,Ecru,Wallet,Wallet,Plain PU,Polyester; Polyurethane; Polyurethane,,,15.99,/232/62/211359_EC_1,211359_EC_1.jpg,none,,,,,
211363_DM,211363,Multipurpose Purse irene Dark Multicolor,_DM,Dark Multicolor,Wallet,Multipurpose Purse,Printed Nylon,Polyester; Polyester,,,17.99,/232/62/211363_DM_1,211363_DM_1.jpg,none,,,,,
211368_DM,211368,Card Holder irene Dark Multicolor,_DM,Dark Multicolor,Wallet,Card Holder,Printed Nylon,Polyester; Polyester,,,7.99,/232/62/211368_DM_1,211368_DM_1.jpg,none,,,,,
211511_KK,211511,Wallet lara Khaki,_KK,Khaki,Wallet,Wallet,Peach PU,Polyester; Polyurethane; Polyurethane,,,12.99,/232/62/211511_KK_1,211511_KK_1.jpg,none,,,,,
211511_LL,211511,Wallet lara Lilac,_LL,Lilac,Wallet,Wallet,Peach PU,Polyester; Polyurethane; Polyurethane,,,12.99,/232/62/211511_LL_1,211511_LL_1.jpg,none,,,,,
211515_BK,211515,Wallet lara Black,_BK,Black,Wallet,Wallet,Peach PU,Polyester; Polyurethane; Polyurethane,,,10.99,/232/62/211515_BK_1,211515_BK_1.jpg,none,,,,,
211515_OR,211515,Wallet lara Orange,_OR,Orange,Wallet,Wallet,Peach PU,Polyester; Polyurethane; Polyurethane,,,10.99,/232/62/211515_OR_1,211515_OR_1.jpg,none,,,,,
211536_BK,211536,Phone Holder lara Black,_BK,Black,Wallet,Phone Holder,Peach PU,Polyester; Polyester; Polyurethane; Polyurethane,,,17.99,/232/62/211536_BK_1,211536_BK_1.jpg,none,,,,,
211542_BM,211542,Wallet Basic Portia Bright Multicolor,_BM,Bright Multicolor,Wallet,Wallet,Printed PU,Polyester; Polyurethane; Polyurethane,,,15.99,/232/62/211542_BM_1,211542_BM_1.jpg,none,,,,,
211547_BM,211547,Card Holder Portia Bright Multicolor,_BM,Bright Multicolor,Wallet,Card Holder,Printed PU,Polyester; Polyurethane,,,7.99,/232/62/211547_BM_1,211547_BM_1.jpg,none,,,,,
211554_BM,211554,Wallet Basic Portia Bright Multicolor,_BM,Bright Multicolor,Wallet,Wallet,Printed PU,Polyester; Polyurethane; Polyurethane,,,10.99,/232/62/211554_BM_1,211554_BM_1.jpg,none,,,,,
211699_DM,211699,Coin Purse FARM2 Dark Multicolor,_DM,Dark Multicolor,Wallet,Coin Purse,Real Fur,Cow Leather; Polyester; Polyurethane,,,12.99,/232/62/211699_DM_1,211699_DM_1.jpg,none,,,,,
211699_PK,211699,Coin Purse FARM2 Pink,_PK,Pink,Wallet,Coin Purse,Real Fur,Cow Leather; Polyester; Polyurethane,,,12.99,/232/62/211699_PK_1,211699_PK_1.jpg,none,,,,,
211702_DM,211702,Wallet FARM2 Dark Multicolor,_DM,Dark Multicolor,Wallet,Wallet,Real Fur,Cow Leather; Polyester; Polyurethane,,,15.99,/232/62/211702_DM_1,211702_DM_1.jpg,none,,,,,
211831_SK,211831,Phone Holder MARIGOLD 1 Skin,_SK,Skin,Wallet,Phone Holder,Printed Fake Nylon,Polyester; Polyester; Polyurethane; Polyurethane,,,17.99,/232/62/211831_SK_1,211831_SK_1.jpg,none,,,,,
212044_DM,212044,Multipurpose Purse kimmy Dark Multicolor,_DM,Dark Multicolor,Wallet,Multipurpose Purse,Printed Nylon,Polyester; Polyester; Silicone,,,12.99,/232/62/212044_DM_1,212044_DM_1.jpg,none,,,,,
212054_BK,212054,Phone Holder kimmy Black,_BK,Black,Wallet,Phone Holder,Nylon,Polyester; Polyester; Polyurethane,,,15.99,/232/62/212054_BK_1,212054_BK_1.jpg,none,,,,,
212577_BK,212577,Wallet INGRID Black,_BK,Black,Wallet,Wallet,Printed PU,Polyester; Polyester; Polyurethane; Polyurethane; Thermoplastic Polyurethane,,,15.99,/232/62/212577_BK_1,212577_BK_1.jpg,none,,,,,
212577_EC,212577,Wallet INGRID Ecru,_EC,Ecru,Wallet,Wallet,Printed PU,Polyester; Polyester; Polyurethane; Polyurethane; Thermoplastic Polyurethane,,,15.99,/232/62/212577_EC_1,212577_EC_1.jpg,none,,,,,
212577_TU,212577,Wallet INGRID Taupe,_TU,Taupe,Wallet,Wallet,Printed PU,Polyester; Polyester; Polyurethane; Polyurethane; Thermoplastic Polyurethane,,,15.99,/232/62/212577_TU_1,212577_TU_1.jpg,none,,,,,
212740_BK,212740,Wallet OLIVE Black,_BK,Black,Wallet,Wallet,Plain PU,Polyester; Polyester; Polyester; Polyurethane; Polyurethane; Polyurethane; Polyurethane; Thermoplastic Polyurethane; Thermoplastic Polyurethane; Thermoplastic Polyurethane,,,17.99,/232/62/212740_BK_1,212740_BK_1.jpg,none,,,,,
212793_BK,212793,Phone Holder SAVANA1 Black,_BK,Black,Wallet,Phone Holder,Real Fur,Cow Leather; Polyester; Polyester; Polyurethane; Polyurethane,,,23.99,/232/62/212793_BK_1,212793_BK_1.jpg,none,,,,,
212803_BM,212803,Notebook irene Bright Multicolor,_BM,Bright Multicolor,Wallet,Others,Notebook,Paper; Paper,,,17.99,/232/62/212803_BM_1,212803_BM_1.jpg,none,,,,,
212803_DM,212803,Notebook kimmy Dark Multicolor,_DM,Dark Multicolor,Wallet,Others,Notebook,Paper; Paper,,,17.99,/232/62/212803_DM_1,212803_DM_1.jpg,none,,,,,
212804_DM,212804,Notebook irene Dark Multicolor,_DM,Dark Multicolor,Wallet,Others,Notebook,Paper; Paper,,,12.99,/232/62/212804_DM_1,212804_DM_1.jpg,none,,,,,
212821_WT,212821,Wallet BILLIE White,_WT,White,Wallet,Wallet,Printed PU,Polyester; Polyurethane; Polyurethane,,,15.99,/232/62/212821_WT_1,212821_WT_1.jpg,none,,,,,
213208_GY,213208,Phone Holder VILLAGE 2 Grey,_GY,Grey,Wallet,Phone Holder,Printed Fake Nylon,Polyester; Polyurethane; Polyurethane,,,17.99,/232/62/213208_GY_2y,213208_GY_2y.jpg,none,,,,,
213424_KK,213424,Notebook Lara Stationery Khaki,_KK,Khaki,Wallet,Others,Notebook,Acrylonitrile Butadiene Styrene; Paper; Polyurethane,,,12.99,/232/62/213424_KK_1,213424_KK_1.jpg,none,,,,,
213424_LL,213424,Notebook Lara Stationery Lilac,_LL,Lilac,Wallet,Others,Notebook,Acrylonitrile Butadiene Styrene; Paper; Polyurethane,,,12.99,/232/62/213424_LL_1,213424_LL_1.jpg,none,,,,,
213431_OR,213431,Wallet Basic Mia Orange,_OR,Orange,Wallet,Wallet,Plain PU,Polyester; Polyurethane; Polyurethane,,,12.99,/232/62/213431_OR_1,213431_OR_1.jpg,none,,,,,
213436_BG,213436,Wallet Basic Mia Beige,_BG,Beige,Wallet,Wallet,Plain PU,Polyester; Polyurethane; Polyurethane,,,15.99,/232/62/213436_BG_1,213436_BG_1.jpg,none,,,,,
213436_BL,213436,Wallet Basic Mia Blue,_BL,Blue,Wallet,Wallet,Plain PU,Polyester; Polyurethane; Polyurethane,,,15.99,/232/62/213436_BL_1,213436_BL_1.jpg,none,,,,,
213439_GN,213439,Card Holder Basic Mia Green,_GN,Green,Wallet,Card Holder,Plain PU,Polyester; Polyurethane; Polyurethane,,,9.99,/232/62/213439_GN_1,213439_GN_1.jpg,none,,,,,
213578_BM,213578,Phone Holder Basic Portia Bright Multicolor,_BM,Bright Multicolor,Wallet,Phone Holder,Printed PU,Polyester; Polyurethane; Polyurethane,,,17.99,/232/62/213578_BM_1,213578_BM_1.jpg,none,,,,,
213721_DM,213721,Card Holder Mia Dark Multicolor,_DM,Dark Multicolor,Wallet,Card Holder,Printed PU,Polyester; Polyurethane,,,7.99,/232/62/213721_DM_1,213721_DM_1.jpg,none,,,,,
213728_OR,213728,Multipurpose Purse Anime Orange,_OR,Orange,Wallet,Multipurpose Purse,Nylon,Polyamide; Polyamide; Polyurethane; Silicone,,,15.99,/232/62/213728_OR_1,213728_OR_1.jpg,none,,,,,
213740_DM,213740,Phone Holder PILAR Dark Multicolor,_DM,Dark Multicolor,Wallet,Phone Holder,Fake Fur,Polyamide,,,17.99,/232/62/213740_DM_1,213740_DM_1.jpg,none,,,,,
213892_EC,213892,Wallet Anime Ecru,_EC,Ecru,Wallet,Wallet,Plain PU,Polyester; Polyurethane; Polyurethane,,,10.99,/232/62/213892_EC_1,213892_EC_1.jpg,none,,,,,
213892_PU,213892,Wallet Anime Purple,_PU,Purple,Wallet,Wallet,Plain PU,Polyester; Polyurethane; Polyurethane,,,10.99,/232/62/213892_PU_1,213892_PU_1.jpg,none,,,,,
214100_LB,214100,Wallet PILAR Light Blue,_LB,Light Blue,Wallet,Wallet,Plain PU,Polyester; Polyurethane; Polyurethane,,,15.99,/232/62/214100_LB_1,214100_LB_1.jpg,none,,,,,
214107_EC,214107,Wallet PILAR Ecru,_EC,Ecru,Wallet,Wallet,Plain PU,Polyester; Polyurethane; Polyurethane,,,12.99,/232/62/214107_EC_1,214107_EC_1.jpg,none,,,,,
214107_PU,214107,Wallet PILAR Purple,_PU,Purple,Wallet,Wallet,Plain PU,Polyester; Polyurethane; Polyurethane,,,12.99,/232/62/214107_PU_1,214107_PU_1.jpg,none,,,,,
214204_DM,214204,Coin Purse Avril Dark Multicolor,_DM,Dark Multicolor,Wallet,Coin Purse,Fake Fur,Polyester; Polyester,,,9.99,/232/62/214204_DM_1,214204_DM_1.jpg,none,,,,,
214204_WT,214204,Coin Purse Avril White,_WT,White,Wallet,Coin Purse,Fake Fur,Polyester; Polyester,,,9.99,/232/62/214204_WT_1,214204_WT_1.jpg,none,,,,,
214207_BK,214207,Phone Holder Avril Black,_BK,Black,Wallet,Phone Holder,Fake Fur,Polyester; Polyester; Polyurethane,,,17.99,/232/62/214207_BK_1,214207_BK_1.jpg,none,,,,,
214251_EC,214251,Phone Holder EARLYBIRD Ecru,_EC,Ecru,Wallet,Phone Holder,Printed PU,Polyester; Polyurethane; Polyurethane,Silver,,17.99,/241/62/214251_EC_1,214251_EC_1.jpg,none,,,,,
214279_BG,214279,Phone Holder STACEY Beige,_BG,Beige,Wallet,Phone Holder,Patchwork,Polyester; Polyurethane; Polyurethane,Light Golden,,17.99,/241/62/214279_BG_1,214279_BG_1.jpg,none,,,,,
214279_BK,214279,Phone Holder STACEY Black,_BK,Black,Wallet,Phone Holder,Patchwork,Polyester; Polyurethane; Polyurethane,Light Golden,,17.99,/241/62/214279_BK_1,214279_BK_1.jpg,none,,,,,
214310_PU,214310,Multipurpose Purse doja Purple,_PU,Purple,Wallet,Multipurpose Purse,Nylon,Polyamide; Polyester; Polyurethane,,,17.99,/241/62/214310_PU_2y,214310_PU_2y.jpg,none,,,,,
214342_BG,214342,Wallet doja Beige,_BG,Beige,Wallet,Wallet,Peach PU,Polyester; Polyurethane; Polyurethane,,,15.99,/232/62/214342_BG_1,214342_BG_1.jpg,none,,,,,
214342_BK,214342,Wallet doja Black,_BK,Black,Wallet,Wallet,Peach PU,Polyester; Polyurethane; Polyurethane,,,15.99,/232/62/214342_BK_2y,214342_BK_2y.jpg,none,,,,,
214342_MD,214342,Wallet doja Mustard,_MD,Mustard,Wallet,Wallet,Peach PU,Polyester; Polyurethane; Polyurethane,,,15.99,/232/62/214342_MD_1,214342_MD_1.jpg,none,,,,,
214345_PK,214345,Card Holder doja Pink,_PK,Pink,Wallet,Card Holder,Peach PU,Polyester; Polyurethane,,,5.99,/232/62/214345_PK_2y,214345_PK_2y.jpg,none,,,,,
214548_HM,214548,Wallet gina Halftone Multicolor,_HM,Halftone Multicolor,Wallet,Wallet,Real Fur,Cow Leather; Polyester; Polyurethane; Polyurethane; Thermoplastic Polyurethane,,,25.99,/232/62/214548_HM_1,214548_HM_1.jpg,none,,,,,
214549_AQ,214549,Wallet gina Aquamarine,_AQ,Aquamarine,Wallet,Wallet,Plain PU,Polyester; Polyurethane; Polyurethane; Thermoplastic Polyurethane,,,15.99,/232/62/214549_AQ_1,214549_AQ_1.jpg,none,,,,,
214549_CA,214549,Wallet gina Camel,_CA,Camel,Wallet,Wallet,Plain PU,Polyester; Polyurethane; Polyurethane; Thermoplastic Polyurethane,,,15.99,/232/62/214549_CA_1,214549_CA_1.jpg,none,,,,,
214772_DP,214772,Wallet Basic maude Dark Pink,_DP,Dark Pink,Wallet,Wallet,Plain PU,Polyester; Polyurethane; Polyurethane,,,10.99,/232/62/214772_DP_1,214772_DP_1.jpg,none,,,,,
214832_BM,214832,Wallet Basic maude Bright Multicolor,_BM,Bright Multicolor,Wallet,Wallet,Printed PU,Polyester; Polyurethane; Polyurethane,,,10.99,/232/62/214832_BM_2y,214832_BM_2y.jpg,none,,,,,
215031_DP,215031,Wallet gina Dark Pink,_DP,Dark Pink,Wallet,Wallet,Plain PU,Polyester; Polyurethane; Polyurethane,,,12.99,/232/62/215031_DP_1,215031_DP_1.jpg,none,,,,,
215162_BK,215162,Wallet MISCHA Black,_BK,Black,Wallet,Wallet,Plain PU,Polyester; Polyurethane; Polyurethane,,,12.99,/241/62/215162_BK_1,215162_BK_1.jpg,none,,,,,
215162_LL,215162,Wallet MISCHA Lilac,_LL,Lilac,Wallet,Wallet,Plain PU,Polyester; Polyurethane; Polyurethane,,,12.99,/241/62/215162_LL_1,215162_LL_1.jpg,none,,,,,
215178_AQ,215178,Card Holder BASIC SIDNEY Aquamarine,_AQ,Aquamarine,Wallet,Card Holder,Plain PU,Polyester; Polyurethane,,,7.99,/241/62/215178_AQ_1,215178_AQ_1.jpg,none,,,,,
215178_EC,215178,Card Holder BASIC SIDNEY Ecru,_EC,Ecru,Wallet,Card Holder,Plain PU,Polyester; Polyurethane,,,7.99,/241/62/215178_EC_1,215178_EC_1.jpg,none,,,,,
215206_BK,215206,Phone Holder AUBERY Black,_BK,Black,Wallet,Phone Holder,Padded PU,Polyester; Polyurethane; Polyurethane,,,19.99,/241/62/215206_BK_1,215206_BK_1.jpg,none,,,,,
215220_LM,215220,Wallet MISCHA Lime,_LM,Lime,Wallet,Wallet,Real Suede,Copper; Cow Leather; Polyester; Polyurethane; Zinc,,Leather,17.99,/241/62/215220_LM_1,215220_LM_1.jpg,none,,,,,
215246_PM,215246,Coin Purse SIDNEY Pastel Multicolor,_PM,Pastel Multicolor,Wallet,Coin Purse,Printed PU,Polyester; Polyurethane,,,7.99,/241/62/215246_PM_2y,215246_PM_2y.jpg,none,,,,,
215457_BM,215457,Wallet AUBERY Bright Multicolor,_BM,Bright Multicolor,Wallet,Wallet,Printed PU,Polyester; Polyurethane; Polyurethane; Thermoplastic Polyurethane,,,17.99,/241/62/215457_BM_2y,215457_BM_2y.jpg,none,,,,,
215467_BK,215467,Wallet AUBERY Black,_BK,Black,Wallet,Wallet,Padded Peach PU,Polyester; Polyurethane; Polyurethane,,,12.99,/241/62/215467_BK_1,215467_BK_1.jpg,none,,,,,
215467_TL,215467,Wallet AUBERY Teal,_TL,Teal,Wallet,Wallet,Padded Peach PU,Polyester; Polyurethane; Polyurethane,,,12.99,/241/62/215467_TL_2y,215467_TL_2y.jpg,none,,,,,
215476_BG,215476,Wallet AUBERY Beige,_BG,Beige,Wallet,Wallet,Peach PU,Polyester; Polyurethane; Polyurethane,,,12.99,/241/62/215476_BG_2y,215476_BG_2y.jpg,none,,,,,
215599_BK,215599,Multipurpose Purse AUBERY Black,_BK,Black,Wallet,Multipurpose Purse,Fantasy Fabric,Polyester; Polyester,,,19.99,/241/62/215599_BK_1,215599_BK_1.jpg,none,,,,,
216040_BK,216040,Phone Holder MISCHA Black,_BK,Black,Wallet,Phone Holder,Real Suede,Cow Leather; Iron; Polyester; Polyurethane; Zinc,,,27.99,/241/62/216040_BK_1,216040_BK_1.jpg,none,,,,,
216049_BM,216049,Card Holder BASIC SIDNEY Bright Multicolor,_BM,Bright Multicolor,Wallet,Card Holder,Printed PU,Polyester; Polyurethane; Polyurethane; Thermoplastic Polyurethane,,,9.99,/241/62/216049_BM_1,216049_BM_1.jpg,none,,,,,
216105_CA,216105,Wallet ELLIOT Camel,_CA,Camel,Wallet,Wallet,Plain PU,Polyester; Polyurethane; Polyurethane; Thermoplastic Polyurethane,,,15.99,/241/62/216105_CA_1,216105_CA_1.jpg,none,,,,,
216345_BM,216345,Wallet ELLIOT Bright Multicolor,_BM,Bright Multicolor,Wallet,Wallet,Printed PU,Polyester; Polyurethane; Polyurethane; Thermoplastic Polyurethane,,,15.99,/241/62/216345_BM_1,216345_BM_1.jpg,none,,,,,
216353_BK,216353,Phone Holder ELLIOT Black,_BK,Black,Wallet,Phone Holder,Nylon,Polyester; Polyester,,,15.99,/241/62/216353_BK_1,216353_BK_1.jpg,none,,,,,
216359_CA,216359,Coin Purse ELLIOT Camel,_CA,Camel,Wallet,Coin Purse,Nylon,Polyester; Polyester,,,9.99,/241/62/216359_CA_1,216359_CA_1.jpg,none,,,,,
216359_PK,216359,Coin Purse ELLIOT Pink,_PK,Pink,Wallet,Coin Purse,Nylon,Polyester; Polyester,,,9.99,/241/62/216359_PK_1,216359_PK_1.jpg,none,,,,,
216370_FU,216370,Phone Holder MAGIK LOVE Fuchsia,_FU,Fuchsia,Wallet,Phone Holder,Printed Fake Nylon,Polyurethane; Polyester; Polyester; Polyurethane,Silver,,17.99,/241/62/216370_FU_1,216370_FU_1.jpg,none,,,,,
216553_FU,216553,Wallet ROY Fuchsia,_FU,Fuchsia,Wallet,Wallet,Printed PU,Polyester; Polyester; Polyurethane; Polyurethane; Polyurethane; Thermoplastic Polyurethane,,,12.99,/241/62/216553_FU_1,216553_FU_1.jpg,none,,,,,
216568_BK,216568,Phone Holder JENNIE Black,_BK,Black,Wallet,Phone Holder,Fake Nylon,Polyurethane; Polyurethane; Polyester,,,15.99,/241/62/216568_BK_1,216568_BK_1.jpg,none,,,,,
216568_EC,216568,Phone Holder JENNIE Ecru,_EC,Ecru,Wallet,Phone Holder,Fake Nylon,Polyester; Polyurethane; Polyurethane,,,15.99,/241/62/216568_EC_1,216568_EC_1.jpg,none,,,,,
216574_MT,216574,Wallet TETE Mint,_MT,Mint,Wallet,Wallet,Plain PU,Polyester; Polyurethane; Polyurethane; Thermoplastic Polyurethane,,,15.99,/241/62/216574_MT_1,216574_MT_1.jpg,none,,,,,
216577_EC,216577,Wallet TETE Ecru,_EC,Ecru,Wallet,Wallet,Plain PU,Polyester; Polyurethane; Polyurethane; Thermoplastic Polyurethane,,,12.99,/241/62/216577_EC_1,216577_EC_1.jpg,none,,,,,
216577_LL,216577,Wallet TETE Lilac,_LL,Lilac,Wallet,Wallet,Plain PU,Polyester; Polyurethane; Polyurethane; Thermoplastic Polyurethane,,,12.99,/241/62/216577_LL_1,216577_LL_1.jpg,none,,,,,
216577_RD,216577,Wallet TETE Red,_RD,Red,Wallet,Wallet,Plain PU,Polyester; Polyurethane; Polyurethane; Thermoplastic Polyurethane,,,12.99,/241/62/216577_RD_1,216577_RD_1.jpg,none,,,,,
216585_RD,216585,Card Holder TETE Red,_RD,Red,Wallet,Card Holder,Plain PU,Polyester; Polyurethane,,,7.99,/241/62/216585_RD_1,216585_RD_1.jpg,none,,,,,
216605_BK,216605,Wallet JACKIE Black,_BK,Black,Wallet,Wallet,Animal Embossed PU,Polyester; Polyethylene Terephthalate; Polyurethane; Polyurethane,,,15.99,/241/62/216605_BK_1,216605_BK_1.jpg,none,,,,,
216605_CA,216605,Wallet JACKIE Camel,_CA,Camel,Wallet,Wallet,Animal Embossed PU,Polyester; Polyethylene Terephthalate; Polyurethane; Polyurethane,,,15.99,/241/62/216605_CA_1,216605_CA_1.jpg,none,,,,,
216606_BK,216606,Wallet JACKIE Black,_BK,Black,Wallet,Wallet,Animal Embossed PU,Polyester; Polyurethane; Polyurethane,,,15.99,/241/62/216606_BK_1,216606_BK_1.jpg,none,,,,,
216612_BK,216612,Phone Holder JACKIE Black,_BK,Black,Wallet,Phone Holder,Animal Embossed PU,Polyester; Polyurethane; Polyurethane; Thermoplastic Polyurethane,,,15.99,/241/62/216612_BK_1,216612_BK_1.jpg,none,,,,,
216619_PK,216619,Multipurpose Purse JACKIE Pink,_PK,Pink,Wallet,Multipurpose Purse,Printed PU,Polyester; Polyester; Polyethylene; Polyethylene,,,12.99,/241/62/216619_PK_1,216619_PK_1.jpg,none,,,,,
216765_HM,216765,Phone Holder NEWBRUNIS Halftone Multicolor,_HM,Halftone Multicolor,Wallet,Phone Holder,Printed Nylon,Polyester; Polyester; Polyurethane,,,17.99,/241/62/216765_HM_1,216765_HM_1.jpg,none,,,,,
216867_BM,216867,Phone Holder BASIC JULIETA Bright Multicolor,_BM,Bright Multicolor,Wallet,Phone Holder,Printed PU,Polyester; Polyurethane; Polyurethane; Thermoplastic Polyurethane,,,17.99,/241/62/216867_BM_1,216867_BM_1.jpg,none,,,,,
216873_BM,216873,Card Holder BASIC JULIETA Bright Multicolor,_BM,Bright Multicolor,Wallet,Card Holder,Printed PU,Polyester; Polyurethane,,,7.99,/241/62/216873_BM_1,216873_BM_1.jpg,none,,,,,
216913NC,216913,Phone Holder TAVIRA Natural Color,NC,Natural Color,Wallet,Phone Holder,Paper straw,Ceramic; Cotton; Iron; Paper; Polyester; Polyester; Polyurethane; Stone; Wood; Zinc,Silver,,17.99,/241/62/216913NC_1,216913NC_1.jpg,none,,,,,
217035_BG,217035,Wallet GEORGIA Beige,_BG,Beige,Wallet,Wallet,Fake straw,Polyester; Polypropylene; Polyurethane; Polyurethane; Thermoplastic Polyurethane,,,15.99,/241/62/217035_BG_1,217035_BG_1.jpg,none,,,,,
217035_KK,217035,Wallet GEORGIA Khaki,_KK,Khaki,Wallet,Wallet,Fake straw,Polyester; Polypropylene; Polyurethane; Polyurethane; Thermoplastic Polyurethane,,,15.99,/241/62/217035_KK_1,217035_KK_1.jpg,none,,,,,
217057_SV,217057,Coin Purse SILVERSURFER2 Silver,_SV,Silver,Wallet,Coin Purse,Fantasy PU,Polyester; Polyurethane,,,5.99,/241/62/217057_SV_1,217057_SV_1.jpg,none,,,,,
217172_RD,217172,Wallet RED Red,_RD,Red,Wallet,Wallet,Plain PU,Polyester; Polyurethane; Polyurethane; Thermoplastic Polyurethane,,,17.99,/241/62/217172_RD_1,217172_RD_1.jpg,none,,,,,
217180_BL,217180,Card Holder celia Blue,_BL,Blue,Wallet,Card Holder,Interlaced,Polyester; Polyurethane; Polyurethane; Thermoplastic Polyurethane,,,9.99,/241/62/217180_BL_1,217180_BL_1.jpg,none,,,,,
217180_YL,217180,Card Holder celia Yellow,_YL,Yellow,Wallet,Card Holder,Interlaced,Polyester; Polyurethane; Polyurethane; Thermoplastic Polyurethane,,,9.99,/241/62/217180_YL_1,217180_YL_1.jpg,none,,,,,
217181_YL,217181,Coin Purse celia Yellow,_YL,Yellow,Wallet,Coin Purse,Interlaced,Polyester; Polyurethane,,,7.99,/241/62/217181_YL_1,217181_YL_1.jpg,none,,,,,
217244_PK,217244,Card Holder venus Pink,_PK,Pink,Wallet,Card Holder,Peach PU,Fiberglass; Polyester; Polyurethane,,,7.99,/241/62/217244_PK_1,217244_PK_1.jpg,none,,,,,
217254_BK,217254,Passport Case venus Black,_BK,Black,Wallet,Others,Passport Case,Fiberglass; Polyester; Polyurethane; Polyurethane,,,9.99,/241/62/217254_BK_1,217254_BK_1.jpg,none,,,,,
217279_AQ,217279,Coin Purse venus Aquamarine,_AQ,Aquamarine,Wallet,Coin Purse,Nylon,Polyester; Polyester; Resin,,,7.99,/241/62/217279_AQ_1,217279_AQ_1.jpg,none,,,,,
217408_GN,217408,Wallet FLEUR Green,_GN,Green,Wallet,Wallet,Printed PU,Polyester; Polyurethane; Polyurethane,,,15.99,/241/62/217408_GN_1,217408_GN_1.jpg,none,,,,,
217564_GN,217564,Phone Holder TROPICO Green,_GN,Green,Wallet,Phone Holder,Printed PU,Polyester; Polyurethane; Polyurethane,Silver,,17.99,/241/62/217564_GN_1,217564_GN_1.jpg,none,,,,,
217655_TK,217655,Notebook STATIONERY Pastel Pink,_TK,Pastel Pink,Wallet,Others,Notebook,Paper,,,17.99,/241/62/217655_TK_1,217655_TK_1.jpg,none,,,,,
217877_EC,217877,Phone Holder JACKSON Ecru,_EC,Ecru,Wallet,Phone Holder,Nylon,Polyester; Polyester; Polyurethane,Silver,,15.99,/241/62/217877_EC_1,217877_EC_1.jpg,none,,,,,
217877_KK,217877,Phone Holder JACKSON Khaki,_KK,Khaki,Wallet,Phone Holder,Nylon,Polyester; Polyester; Polyurethane,,,15.99,/241/62/217877_KK_1,217877_KK_1.jpg,none,,,,,
217877_NV,217877,Phone Holder JACKSON Navy,_NV,Navy,Wallet,Phone Holder,Nylon,Polyester; Polyester; Polyurethane,,,15.99,/241/62/217877_NV_1,217877_NV_1.jpg,none,,,,,
217893_CA,217893,Wallet LIV Camel,_CA,Camel,Wallet,Wallet,Plain PU,Polyester; Polymethylmethacrylate; Polyurethane; Polyurethane,,,17.99,/241/62/217893_CA_1,217893_CA_1.jpg,none,,,,,
217898_BM,217898,Wallet LIV Bright Multicolor,_BM,Bright Multicolor,Wallet,Wallet,Embroidery,Polyester; Polyester; Polyurethane; Polyurethane; Thermoplastic Polyurethane,,,15.99,/241/62/217898_BM_1,217898_BM_1.jpg,none,,,,,
217899_LL,217899,Wallet LIV Lilac,_LL,Lilac,Wallet,Wallet,Plain PU,Polyester; Polyurethane; Polyurethane; Thermoplastic Polyurethane,,,15.99,/241/62/217899_LL_1,217899_LL_1.jpg,none,,,,,
217899_YL,217899,Wallet LIV Yellow,_YL,Yellow,Wallet,Wallet,Plain PU,Polyester; Polyurethane; Polyurethane; Thermoplastic Polyurethane,,,15.99,/241/62/217899_YL_1,217899_YL_1.jpg,none,,,,,
217909_DM,217909,Wallet FLORENCE Dark Multicolor,_DM,Dark Multicolor,Wallet,Wallet,Printed PU,Polyester; Polyurethane; Polyurethane; Thermoplastic Polyurethane,,,15.99,/241/62/217909_DM_1,217909_DM_1.jpg,none,,,,,
217932_RD,217932,Wallet FLORENCE Red,_RD,Red,Wallet,Wallet,Peach PU,Polyester; Polyurethane; Polyurethane,,,10.99,/241/62/217932_RD_1,217932_RD_1.jpg,none,,,,,
217949_LB,217949,Wallet BASIC FLORENCE Light Blue,_LB,Light Blue,Wallet,Wallet,Plain PU,Polyester; Polyurethane; Polyurethane; Thermoplastic Polyurethane,,,17.99,/241/62/217949_LB_1,217949_LB_1.jpg,none,,,,,
217959_PM,217959,Wallet BASIC FLORENCE Pastel Multicolor,_PM,Pastel Multicolor,Wallet,Wallet,Printed PU,Polyester; Polyurethane; Polyurethane; Thermoplastic Polyurethane,,,17.99,/241/62/217959_PM_1,217959_PM_1.jpg,none,,,,,
217990_BL,217990,Phone Holder SMILE Blue,_BL,Blue,Wallet,Phone Holder,Denim,Polyester; Polyester; Polyurethane; Polyurethane,,,15.99,/241/62/217990_BL_1,217990_BL_1.jpg,none,,,,,
218007_BM,218007,Wallet MONICA Bright Multicolor,_BM,Bright Multicolor,Wallet,Wallet,Printed PU,Polyester; Polyurethane; Polyurethane,,,10.99,/241/62/218007_BM_1,218007_BM_1.jpg,none,,,,,
218123_BK,218123,Wallet MADEIRA Black,_BK,Black,Wallet,Wallet,Peach PU,Polyester; Polyester; Polyurethane; Polyurethane; Polyurethane,,,15.99,/241/62/218123_BK_1,218123_BK_1.jpg,none,,,,,
218130_GN,218130,Pencil Case MADEIRA Green,_GN,Green,Wallet,Pencil Case,Peach PU,Polyester; Polyester; Polyurethane,,,9.99,/241/62/218130_GN_1,218130_GN_1.jpg,none,,,,,
218134_BG,218134,Phone Holder MADEIRA Beige,_BG,Beige,Wallet,Phone Holder,Peach PU,Polyester; Polyester; Polyurethane; Polyurethane,,,17.99,/241/62/218134_BG_1,218134_BG_1.jpg,none,,,,,
218134_BK,218134,Phone Holder MADEIRA Black,_BK,Black,Wallet,Phone Holder,Peach PU,Polyester; Polyester; Polyurethane; Polyurethane,,,17.99,/241/62/218134_BK_1,218134_BK_1.jpg,none,,,,,
218135_SV,218135,Coin Purse MADEIRA Silver,_SV,Silver,Wallet,Coin Purse,Fantasy Fabric,Cotton; Polyamide; Polyester; Polyurethane,,,9.99,/241/62/218135_SV_1,218135_SV_1.jpg,none,,,,,
218157_PM,218157,Multipurpose Purse LE SUD Pastel Multicolor,_PM,Pastel Multicolor,Wallet,Multipurpose Purse,Printed Nylon,Polyamide; Polyester; Silicone,,,15.99,/241/62/218157_PM_1,218157_PM_1.jpg,none,,,,,
218162_OR,218162,Wallet LE SUD Orange,_OR,Orange,Wallet,Wallet,Fake Nylon,Polyurethane; Polyurethane; Silicone; Polyester,,,12.99,/241/62/218162_OR_1,218162_OR_1.jpg,none,,,,,
218273_CL,218273,Wallet FLOWER PATCH Coral,_CL,Coral,Wallet,Wallet,Printed PU,Polyester; Polyurethane; Polyurethane; Thermoplastic Polyurethane,,,15.99,/241/62/218273_CL_1,218273_CL_1.jpg,none,,,,,
218280_CL,218280,Wallet FLOWER PATCH Coral,_CL,Coral,Wallet,Wallet,Color Block,Polyester; Polyester; Polyurethane; Polyurethane; Polyurethane; Polyurethane; Thermoplastic Polyurethane,,,12.99,/241/62/218280_CL_1,218280_CL_1.jpg,none,,,,,
218532_BK,218532,Phone Holder PICASSO2 Black,_BK,Black,Wallet,Phone Holder,Nylon,Polyester; Polyester; Polyester; Polyester,Silver,,17.99,/241/62/218532_BK_1,218532_BK_1.jpg,none,,,,,
218839_PK,218839,Card Holder BASIC JOANINHA Pink,_PK,Pink,Wallet,Card Holder,Plain PU,Polyester; Polystyrene,,,7.99,/242/62/218839_PK_1,218839_PK_1.jpg,none,,,,,
218843_EC,218843,Wallet BASIC DANI Ecru,_EC,Ecru,Wallet,Wallet,Plain PU,Polyester; Polyurethane; Polyurethane; Thermoplastic Polyurethane,,,12.99,/242/62/218843_EC_1,218843_EC_1.jpg,none,,,,,
218843_GN,218843,Wallet BASIC JOANINHA Green,_GN,Green,Wallet,Wallet,Plain PU,Polyester; Polyurethane; Polyurethane; Thermoplastic Polyurethane,,,12.99,/242/62/218843_GN_1,218843_GN_1.jpg,none,,,,,
218850NC,218850,Multipurpose Purse TAYLOR Natural Color,NC,Natural Color,Wallet,Multipurpose Purse,Paper straw,Acrylic; Cotton; Glass; Iron; Linen; Paper; Polyester,,,15.99,/241/62/218850NC_1,218850NC_1.jpg,none,,,,,
218930_PK,218930,Phone Holder MAMMINA Pink,_PK,Pink,Wallet,Phone Holder,Printed Fake Nylon,Polyester; Polyester; Polyurethane; Polyurethane,Silver,,17.99,/241/62/218930_PK_2y,218930_PK_2y.jpg,none,,,,,
219465_OR,219465,Card Holder ROSANA Orange,_OR,Orange,Wallet,Card Holder,Plain PU,Polyester; Polyurethane; Polyurethane; Thermoplastic Polyurethane,,,12.99,/242/62/219465_OR_1,219465_OR_1.jpg,none,,,,,
219465_RD,219465,Card Holder ROSANA Red,_RD,Red,Wallet,Card Holder,Plain PU,Polyamide; Polyester; Polyurethane; Polyurethane; Thermoplastic Polyurethane,,,12.99,/242/62/219465_RD_1,219465_RD_1.jpg,none,,,,,
219465_WT,219465,Card Holder ROSANA White,_WT,White,Wallet,Card Holder,Plain PU,Polyester; Polyester; Polyurethane; Polyurethane; Thermoplastic Polyurethane,,,12.99,/242/62/219465_WT_1,219465_WT_1.jpg,none,,,,,
219481_BM,219481,Phone Holder BASIC JOANINHA Bright Multicolor,_BM,Bright Multicolor,Wallet,Phone Holder,Printed PU,Polyester; Polyurethane; Polyurethane; Thermoplastic Polyurethane,,,17.99,/242/62/219481_BM_1,219481_BM_1.jpg,none,,,,,
219556_EC,219556,Wallet TAYLOR Ecru,_EC,Ecru,Wallet,Wallet,Animal Embossed PU,Polyurethane; Polyurethane; Thermoplastic Polyurethane; Polyester,,,17.99,/241/62/219556_EC_1,219556_EC_1.jpg,none,,,,,
219559_EC,219559,Wallet TAYLOR Ecru,_EC,Ecru,Wallet,Wallet,Animal Embossed PU,Polyester; Polyurethane; Polyurethane,,,15.99,/241/62/219559_EC_1,219559_EC_1.jpg,none,,,,,
219559_YL,219559,Wallet TAYLOR Yellow,_YL,Yellow,Wallet,Wallet,Animal Embossed PU,Polyester; Polyurethane; Polyurethane,,,15.99,/241/62/219559_YL_1,219559_YL_1.jpg,none,,,,,
219583_BL,219583,Phone Holder CARIBE Blue,_BL,Blue,Wallet,Phone Holder,Patchwork,Cotton; Polyester; Polyester; Polyurethane; Polyurethane; Thermoplastic Polyurethane,Silver,,17.99,/241/62/219583_BL_1,219583_BL_1.jpg,none,,,,,
219605NC,219605,Wallet PATTY Natural Color,NC,Natural Color,Wallet,Wallet,Fake straw,Polyester; Polyester; Polypropylene; Polyurethane; Polyurethane; Thermoplastic Polyurethane,,,15.99,/241/62/219605NC_1,219605NC_1.jpg,none,,,,,
219612_BM,219612,Wallet BASIC DANI Bright Multicolor,_BM,Bright Multicolor,Wallet,Wallet,Printed PU,Polyester; Polyurethane; Polyurethane; Thermoplastic Polyurethane,,,12.99,/242/62/219612_BM_1,219612_BM_1.jpg,none,,,,,
219758_LM,219758,Card Holder SELMA Lime,_LM,Lime,Wallet,Card Holder,Plain PU,Polyurethane; Polyurethane; Thermoplastic Polyurethane; Polyester,,,9.99,/241/62/219758_LM_1,219758_LM_1.jpg,none,,,,,
219759_EC,219759,Wallet SELMA Ecru,_EC,Ecru,Wallet,Wallet,Plain PU,Polyester; Polyurethane; Polyurethane,,,12.99,/241/62/219759_EC_1,219759_EC_1.jpg,none,,,,,
219759_LB,219759,Wallet SELMA Light Blue,_LB,Light Blue,Wallet,Wallet,Plain PU,Polyester; Polyurethane; Polyurethane,,,12.99,/241/62/219759_LB_1,219759_LB_1.jpg,none,,,,,
219856_BL,219856,Multipurpose Purse SELMA Blue,_BL,Blue,Wallet,Multipurpose Purse,Plastic,Polyamide; Polyamide; Polyamide; Thermoplastic Polyurethane,,,17.99,/241/62/219856_BL_1,219856_BL_1.jpg,none,,,,,
220136_WT,220136,Phone Holder STRAWBERRY White,_WT,White,Wallet,Phone Holder,Printed PU,Polyester; Polyurethane; Polyurethane,Silver,,17.99,/242/62/220136_WT_1,220136_WT_1.jpg,none,,,,,
220164_CL,220164,Phone Holder SAHARA Coral,_CL,Coral,Wallet,Phone Holder,Printed Fake Nylon,Polyester; Polyester; Polyurethane,,,15.99,/242/62/220164_CL_1,220164_CL_1.jpg,none,,,,,
220368_BM,220368,Coin Purse loretta Bright Multicolor,_BM,Bright Multicolor,Wallet,Coin Purse,Printed PU,Polyester; Polyurethane,,,7.99,/242/62/220368_BM_1,220368_BM_1.jpg,none,,,,,
220446_PU,220446,Jewellery Case HILTON Purple,_PU,Purple,Wallet,Others,Jewellery Case,Polyamide; Polyamide; Polyamide; Polyamide; Polyurethane,,,15.99,/241/62/220446_PU_1,220446_PU_1.jpg,none,,,,,
220829_EC,220829,Card Holder MILEY Ecru,_EC,Ecru,Wallet,Card Holder,Plain PU,Polyester; Polyester; Polyurethane,,,9.99,/242/62/220829_EC_1,220829_EC_1.jpg,none,,,,,
220829_PU,220829,Card Holder MILEY Purple,_PU,Purple,Wallet,Card Holder,Plain PU,Polyester; Polyester; Polyurethane,,,9.99,/242/62/220829_PU_1,220829_PU_1.jpg,none,,,,,
221001_SV,221001,Card Holder STRIPES3 Silver,_SV,Silver,Wallet,Card Holder,Fantasy PU,Polyester; Polyurethane,,,9.99,/241/62/221001_SV_1,221001_SV_1.jpg,none,,,,,
221175NC,221175,Phone Holder WOODY3 Natural Color,NC,Natural Color,Wallet,Phone Holder,Fake straw,Cotton; Polyester; Polyester; Polypropylene; Polyurethane; Polyurethane,,,19.99,/242/62/221175NC_1,221175NC_1.jpg,none,,,,,
221195_BG,221195,Wallet CONSUELO Beige,_BG,Beige,Wallet,Wallet,Peach PU,Polyester; Polyurethane; Polyurethane; Thermoplastic Polyurethane,,,15.99,/242/62/221195_BG_1,221195_BG_1.jpg,none,,,,,
221195_BK,221195,Wallet CONSUELO Black,_BK,Black,Wallet,Wallet,Peach PU,Polyester; Polyurethane; Polyurethane; Thermoplastic Polyurethane,,,15.99,/242/62/221195_BK_1,221195_BK_1.jpg,none,,,,,
221196_BK,221196,Wallet CONSUELO Black,_BK,Black,Wallet,Wallet,Plain PU,Polyester; Polyurethane; Polyurethane,,,12.99,/242/62/221196_BK_1,221196_BK_1.jpg,none,,,,,
221196_EC,221196,Wallet CONSUELO Ecru,_EC,Ecru,Wallet,Wallet,Plain PU,Polyester; Polyurethane; Polyurethane,,,15.99,/242/62/221196_EC_1,221196_EC_1.jpg,none,,,,,
221196_OR,221196,Wallet CONSUELO Orange,_OR,Orange,Wallet,Wallet,Plain PU,Polyurethane; Polyurethane; Polyester,,,12.99,/242/62/221196_OR_1,221196_OR_1.jpg,none,,,,,
221200_PK,221200,Multipurpose Purse CONSUELO Pink,_PK,Pink,Wallet,Multipurpose Purse,Knit,Polyester; Polyester,,,12.99,/242/62/221200_PK_1,221200_PK_1.jpg,none,,,,,
221231_OR,221231,Wallet BASIC DIANA Orange,_OR,Orange,Wallet,Wallet,Plain PU,Polyester; Polyurethane; Polyurethane,,,12.99,/242/62/221231_OR_1,221231_OR_1.jpg,none,,,,,
221236_OR,221236,Card Holder BASIC DIANA Orange,_OR,Orange,Wallet,Card Holder,Plain PU,Polyester; Polyurethane,,,7.99,/242/62/221236_OR_1,221236_OR_1.jpg,none,,,,,
221435_CA,221435,Phone Holder ULLA Camel,_CA,Camel,Wallet,Phone Holder,Fantasy PU,Iron; Zinc; Polyurethane; Polyester; Polyurethane,Light Golden,,17.99,/242/62/221435_CA_1,221435_CA_1.jpg,none,,,,,
221584_GD,221584,Coin Purse SELVA2 Gold,_GD,Gold,Wallet,Coin Purse,Fantasy Fabric,Polyamide; Polyester; Polyurethane,,,12.99,/241/62/221584_GD_1,221584_GD_1.jpg,none,,,,,
221677_GN,221677,Phone Holder FLORA Green,_GN,Green,Wallet,Phone Holder,Printed PU,Polyester; Polyurethane; Polyurethane,Silver,,17.99,/242/62/221677_GN_1,221677_GN_1.jpg,none,,,,,
221713_BK,221713,Wallet MARTHA Black,_BK,Black,Wallet,Wallet,Plain PU,Polyester; Polyurethane; Polyurethane; Thermoplastic Polyurethane,,,15.99,/242/62/221713_BK_1,221713_BK_1.jpg,none,,,,,
221713_PK,221713,Wallet MARTHA Pink,_PK,Pink,Wallet,Wallet,Plain PU,Polyester; Polyurethane; Polyurethane; Thermoplastic Polyurethane,,,15.99,/242/62/221713_PK_1,221713_PK_1.jpg,none,,,,,
221734DNC,221734,Phone Holder ULLA Dark Natural Color,DNC,Dark Natural Color,Wallet,Phone Holder,Paper straw,Iron; Linen; Paper; Polyurethane; Polyurethane,,,19.99,/242/62/221734DNC_1,221734DNC_1.jpg,none,,,,,
221759_BM,221759,Multipurpose Purse MAORI3 Bright Multicolor,_BM,Bright Multicolor,Wallet,Multipurpose Purse,Printed Nylon,Polyester; Polyester; Polyurethane,,,15.99,/242/62/221759_BM_1,221759_BM_1.jpg,none,,,,,
221803_LB,221803,Coin Purse MARTHA Light Blue,_LB,Light Blue,Wallet,Coin Purse,Nylon,Polyamide; Polyester; Polyurethane,,,12.99,/242/62/221803_LB_1,221803_LB_1.jpg,none,,,,,
221858_BG,221858,Phone Holder NATALIA Beige,_BG,Beige,Wallet,Phone Holder,Fake Nylon,Polyester; Polyurethane; Polyurethane,,,15.99,/242/62/221858_BG_1,221858_BG_1.jpg,none,,,,,
221858_EC,221858,Phone Holder NATALIA Ecru,_EC,Ecru,Wallet,Phone Holder,Fake Nylon,Polyester; Polyurethane; Polyurethane,,,15.99,/242/62/221858_EC_1,221858_EC_1.jpg,none,,,,,
222187_BM,222187,Multipurpose Purse OMARA Bright Multicolor,_BM,Bright Multicolor,Wallet,Multipurpose Purse,Printed Nylon,Polyester; Polyester; Polyurethane,,,12.99,/242/62/222187_BM_1,222187_BM_1.jpg,none,,,,,
222225_BK,222225,Wallet HASHTAG1 Black,_BK,Black,Wallet,Wallet,Fake Nylon,Polyester; Polyurethane; Polyurethane,,,12.99,/242/62/222225_BK_1,222225_BK_1.jpg,none,,,,,
222225_KK,222225,Wallet HASHTAG2 Khaki,_KK,Khaki,Wallet,Wallet,Fake Nylon,Polyester; Polyurethane; Polyurethane,,,12.99,/242/62/222225_KK_1,222225_KK_1.jpg,none,,,,,
222267_NV,222267,Phone Holder PALMS Navy,_NV,Navy,Wallet,Phone Holder,Color Block,Polyester; Polyurethane; Polyurethane; Thermoplastic Polyurethane; Thermoplastic Polyurethane,Light Golden,,17.99,/242/62/222267_NV_1,222267_NV_1.jpg,none,,,,,
222285_BL,222285,Multipurpose Purse OMARA Blue,_BL,Blue,Wallet,Multipurpose Purse,Printed Nylon,Polyester; Polyester,,,15.99,/242/62/222285_BL_1,222285_BL_1.jpg,none,,,,,
222291NC,222291,Coin Purse OMARA Natural Color,NC,Natural Color,Wallet,Coin Purse,Fake straw,Acrylic; Paper; Polyester; Polyurethane; Resin,,,9.99,/242/62/222291NC_1,222291NC_1.jpg,none,,,,,
222309_BL,222309,Jewellery Case TAYLOR Blue,_BL,Blue,Wallet,Others,Jewellery Case,Polyester; Polyester; Polyurethane; Polyurethane; Polyurethane,,,15.99,/241/62/222309_BL_1,222309_BL_1.jpg,none,,,,,
222309_LL,222309,Jewellery Case TAYLOR Lilac,_LL,Lilac,Wallet,Others,Jewellery Case,Polyester; Polyester; Polyurethane; Polyurethane; Polyurethane,,,15.99,/241/62/222309_LL_1,222309_LL_1.jpg,none,,,,,
222309_LM,222309,Jewellery Case TAYLOR Lime,_LM,Lime,Wallet,Others,Jewellery Case,Polyester; Polyester; Polyurethane; Polyurethane; Polyurethane,,,15.99,/241/62/222309_LM_1,222309_LM_1.jpg,none,,,,,
222309_PK,222309,Jewellery Case TAYLOR Pink,_PK,Pink,Wallet,Others,Jewellery Case,Polyester; Polyester; Polyurethane; Polyurethane; Polyurethane,,,15.99,/241/62/222309_PK_1,222309_PK_1.jpg,none,,,,,
222309_YL,222309,Jewellery Case TAYLOR Yellow,_YL,Yellow,Wallet,Others,Jewellery Case,Polyester; Polyester; Polyurethane; Polyurethane; Polyurethane,,,15.99,/241/62/222309_YL_1,222309_YL_1.jpg,none,,,,,
222329_BM,222329,Coin Purse GOLDEN BAY3 Bright Multicolor,_BM,Bright Multicolor,Wallet,Coin Purse,Nylon,Polyester; Polyester; Polyurethane,,,12.99,/242/62/222329_BM_1,222329_BM_1.jpg,none,,,,,
222423_PK,222423,Multipurpose Purse MARTINA Pink,_PK,Pink,Wallet,Multipurpose Purse,Nylon,Polyester; Polyester,,,12.99,/242/62/222423_PK_1,222423_PK_1.jpg,none,,,,,
222424_CA,222424,Coin Purse MARTINA Camel,_CA,Camel,Wallet,Coin Purse,Peach PU,Polyester; Polyurethane,,,9.99,/242/62/222424_CA_1,222424_CA_1.jpg,none,,,,,
222424_LM,222424,Coin Purse MARTINA Lime,_LM,Lime,Wallet,Coin Purse,Peach PU,Polyester; Polyurethane,,,9.99,/242/62/222424_LM_1,222424_LM_1.jpg,none,,,,,
222438_BK,222438,Multipurpose Purse ALEK Black,_BK,Black,Wallet,Multipurpose Purse,Nylon,Polyester; Polyester,,,15.99,/242/62/222438_BK_1,222438_BK_1.jpg,none,,,,,
222444_DM,222444,Multipurpose Purse ALEK Dark Multicolor,_DM,Dark Multicolor,Wallet,Multipurpose Purse,Printed Nylon,Polyester; Polyester,,,17.99,/242/62/222444_DM_1,222444_DM_1.jpg,none,,,,,
222445_BM,222445,Coin Purse ALEK Bright Multicolor,_BM,Bright Multicolor,Wallet,Coin Purse,Printed Nylon,Polyester; Polyester,,,9.99,/242/62/222445_BM_1,222445_BM_1.jpg,none,,,,,
222445_DM,222445,Coin Purse ALEK Dark Multicolor,_DM,Dark Multicolor,Wallet,Coin Purse,Printed Nylon,Polyester; Polyester,,,9.99,/242/62/222445_DM_1,222445_DM_1.jpg,none,,,,,
222453_PM,222453,Card Holder ALEK Pastel Multicolor,_PM,Pastel Multicolor,Wallet,Card Holder,Printed PU,Polyester; Polyurethane; Thermoplastic Polyurethane; Polyurethane,,,9.99,/242/62/222453_PM_1,222453_PM_1.jpg,none,,,,,
222460_BM,222460,Notebook ALEK Bright Multicolor,_BM,Bright Multicolor,Wallet,Others,Notebook,Paper; Paper,,,15.99,/242/62/222460_BM_1,222460_BM_1.jpg,none,,,,,
222540_BG,222540,Wallet MARTINA Beige,_BG,Beige,Wallet,Wallet,Peach PU,Polyester; Polyurethane; Polyurethane,,,15.99,/242/62/222540_BG_1,222540_BG_1.jpg,none,,,,,
222540_BK,222540,Wallet MARTINA Black,_BK,Black,Wallet,Wallet,Peach PU,Polyester; Polyurethane; Polyurethane,,,15.99,/242/62/222540_BK_1,222540_BK_1.jpg,none,,,,,
222569_KK,222569,Wallet GRACE Khaki,_KK,Khaki,Wallet,Wallet,Plain PU,Polyurethane; Thermoplastic Polyurethane; Polyester; Polyurethane,,,15.99,/242/62/222569_KK_1,222569_KK_1.jpg,none,,,,,
222575_DM,222575,Multipurpose Purse GRACE Dark Multicolor,_DM,Dark Multicolor,Wallet,Multipurpose Purse,Printed Nylon,Polyester; Polyurethane; Polyester,,,15.99,/242/62/222575_DM_1,222575_DM_1.jpg,none,,,,,
222579_BL,222579,Card Holder GRACE Blue,_BL,Blue,Wallet,Card Holder,Plain PU,Polyurethane; Thermoplastic Polyurethane; Polyester; Polyurethane,,,9.99,/242/62/222579_BL_1,222579_BL_1.jpg,none,,,,,
222583_DM,222583,Multipurpose Purse GRACE Dark Multicolor,_DM,Dark Multicolor,Wallet,Multipurpose Purse,Printed Nylon,Polyester; Polyester,,,17.99,/242/62/222583_DM_1,222583_DM_1.jpg,none,,,,,
222850_BM,222850,Multipurpose Purse MARTINA Bright Multicolor,_BM,Bright Multicolor,Wallet,Multipurpose Purse,Printed Nylon,Polyester; Polyester; Polyurethane,,,19.99,/242/62/222850_BM_1,222850_BM_1.jpg,none,,,,,
222958_BK,222958,Phone Holder JACKSON 2 Black,_BK,Black,Wallet,Phone Holder,Nylon,Polyurethane; Polyester; Polyester,,,15.99,/242/62/222958_BK_1,222958_BK_1.jpg,none,,,,,
222958_TU,222958,Phone Holder JACKSON 2 Taupe,_TU,Taupe,Wallet,Phone Holder,Nylon,Polyurethane; Polyester; Polyester,,,15.99,/242/62/222958_TU_1,222958_TU_1.jpg,none,,,,,
223171_BU,223171,Wallet BASIC DIANA Burgundy,_BU,Burgundy,Wallet,Wallet,Plain PU,Polyester; Polyurethane; Polyurethane; Thermoplastic Polyurethane,,,15.99,/242/62/223171_BU_1,223171_BU_1.jpg,none,,,,,
223174_BG,223174,Wallet BASIC DIANA Beige,_BG,Beige,Wallet,Wallet,Plain PU,Polyurethane; Thermoplastic Polyurethane; Polyurethane; Polyester,,,10.99,/242/62/223174_BG_1,223174_BG_1.jpg,none,,,,,
223178_BK,223178,Wallet BARDOT Black,_BK,Black,Wallet,Wallet,Animal Embossed PU,Polyurethane; Polyester; Polyurethane; Thermoplastic Polyurethane; Polyurethane; Polyester,,,23.99,/242/62/223178_BK_1,223178_BK_1.jpg,none,,,,,
223220_WT,223220,Phone Holder DALMATA3 White,_WT,White,Wallet,Phone Holder,Printed Nylon,Nylon; Nylon; Polyester; Polyester; Polyurethane; Polyamide; Polyurethane; Polyamide,Silver,,17.99,/242/62/223220_WT_1,223220_WT_1.jpg,none,,,,,
223621_BM,223621,Coin Purse LEO2 Bright Multicolor,_BM,Bright Multicolor,Wallet,Coin Purse,Printed Nylon,Polyester; Polyester; Polyurethane,,,12.99,/242/62/223621_BM_1,223621_BM_1.jpg,none,,,,,
223697_BM,223697,Wallet LEO2 Bright Multicolor,_BM,Bright Multicolor,Wallet,Wallet,Printed Nylon,Polyester; Polyester,,,15.99,/242/62/223697_BM_1,223697_BM_1.jpg,none,,,,,
224005_BK,224005,Wallet CORDY Black,_BK,Black,Wallet,Wallet,Knit,Polyurethane; Polyurethane; Polyester; Polyester,,,15.99,/242/62/224005_BK_1,224005_BK_1.jpg,none,,,,,
224005_BL,224005,Wallet CORDY Blue,_BL,Blue,Wallet,Wallet,Knit,Polyurethane; Polyurethane; Polyester; Polyester,Light Golden,,15.99,/242/62/224005_BL_1,224005_BL_1.jpg,none,,,,,
224005_CA,224005,Wallet CORDY Camel,_CA,Camel,Wallet,Wallet,Knit,Polyurethane; Polyester; Polyester; Polyurethane,,,15.99,/242/62/224005_CA_1,224005_CA_1.jpg,none,,,,,
224044_GY,224044,Wallet CORDY Grey,_GY,Grey,Wallet,Wallet,Printed Fake Nylon,Polyester; Thermoplastic Polyurethane; Polyurethane; Polyurethane; Polyester; Polyurethane,,,15.99,/242/62/224044_GY_1,224044_GY_1.jpg,none,,,,,
224461_CA,224461,Pencil Case MELBY Camel,_CA,Camel,Wallet,Pencil Case,Real Fur,Polyester; Cow Leather,,,19.99,/242/62/224461_CA_1,224461_CA_1.jpg,none,,,,,
224469_BU,224469,Wallet MELBY Burgundy,_BU,Burgundy,Wallet,Wallet,Plain PU,Polyester; Polyurethane; Polyurethane,,,17.99,/242/62/224469_BU_1,224469_BU_1.jpg,none,,,,,
224470_BK,224470,Wallet MELBY Black,_BK,Black,Wallet,Wallet,Plain PU,Polyester; Polyurethane; Polyurethane,,,12.99,/242/62/224470_BK_1,224470_BK_1.jpg,none,,,,,
224470_GN,224470,Wallet MELBY Green,_GN,Green,Wallet,Wallet,Plain PU,Polyurethane; Polyester; Polyurethane,,,12.99,/242/62/224470_GN_1,224470_GN_1.jpg,none,,,,,
224480_BK,224480,Card Holder MELBY Black,_BK,Black,Wallet,Card Holder,Plain PU,Polyurethane; Polyester,,,7.99,/242/62/224480_BK_1,224480_BK_1.jpg,none,,,,,
224480_SV,224480,Card Holder MELBY Silver,_SV,Silver,Wallet,Card Holder,Plain PU,Polyurethane; Polyester,,,7.99,/242/62/224480_SV_1,224480_SV_1.jpg,none,,,,,
224539_SK,224539,Wallet SIENNA Skin,_SK,Skin,Wallet,Wallet,Fantasy PU,Polyurethane; Polyester; Polyurethane,,,15.99,/242/62/224539_SK_1,224539_SK_1.jpg,none,,,,,
224543_BK,224543,Multipurpose Purse SIENNA Black,_BK,Black,Wallet,Multipurpose Purse,Fantasy Fabric,Polyester; Polyurethane; Polyurethane,,,17.99,/242/62/224543_BK_1,224543_BK_1.jpg,none,,,,,
224543_DM,224543,Multipurpose Purse SIENNA Dark Multicolor,_DM,Dark Multicolor,Wallet,Multipurpose Purse,Fantasy Fabric,Polyurethane; Polyurethane; Polyester; Polyester; Polyurethane,,,17.99,/242/62/224543_DM_1,224543_DM_1.jpg,none,,,,,
224549_BK,224549,Wallet SIENNA Black,_BK,Black,Wallet,Wallet,Fantasy PU,Polyester; Polyurethane; Polyurethane,,,12.99,/242/62/224549_BK_1,224549_BK_1.jpg,none,,,,,
224557_KK,224557,Wallet FLAGE Khaki,_KK,Khaki,Wallet,Wallet,Printed Nylon,Polyurethane; Polyurethane; Polyester; Polyester,,,12.99,/242/62/224557_KK_1,224557_KK_1.jpg,none,,,,,
224710_LB,224710,Notebook SHILLOH Light Blue,_LB,Light Blue,Wallet,Others,Notebook,Polyurethane; Polyurethane; Paper,,,17.99,/242/62/224710_LB_1,224710_LB_1.jpg,none,,,,,
224739_BU,224739,Computer Case SHILLOH Burgundy,_BU,Burgundy,Wallet,Others,Computer Case,Polyester; Polyurethane,,,17.99,/242/62/224739_BU_1,224739_BU_1.jpg,none,,,,,
224739_LB,224739,Computer Case SHILLOH Light Blue,_LB,Light Blue,Wallet,Others,Computer Case,Polyurethane; Polyester,,,17.99,/242/62/224739_LB_1,224739_LB_1.jpg,none,,,,,
224743_BL,224743,Wallet SHILLOH Blue,_BL,Blue,Wallet,Wallet,Peach PU,Polyurethane; Polyester; Polyurethane,,,12.99,/242/62/224743_BL_1,224743_BL_1.jpg,none,,,,,
224767_BM,224767,Multipurpose Purse SHILLOH Bright Multicolor,_BM,Bright Multicolor,Wallet,Multipurpose Purse,Printed Nylon,Polyester; Polyester,,,12.99,/242/62/224767_BM_1,224767_BM_1.jpg,none,,,,,
224790_BM,224790,Computer Case SHILLOH Bright Multicolor,_BM,Bright Multicolor,Wallet,Others,Computer Case,Polyamide; Polyester; Polyester,,,22.99,/242/62/224790_BM_1,224790_BM_1.jpg,none,,,,,
224843_BK,224843,Wallet PANTERA2 Black,_BK,Black,Wallet,Wallet,Plain PU,Polyurethane; Polyurethane; Polyester,,,12.99,/242/62/224843_BK_1,224843_BK_1.jpg,none,,,,,
224898_KK,224898,Card Holder BASIC OCTOBER Khaki,_KK,Khaki,Wallet,Card Holder,Plain PU,Polyurethane; Polyester,,,7.99,/242/62/224898_KK_1,224898_KK_1.jpg,none,,,,,
224898_LB,224898,Card Holder BASIC OCTOBER Light Blue,_LB,Light Blue,Wallet,Card Holder,Plain PU,Polyurethane; Polyester,,,7.99,/242/62/224898_LB_1,224898_LB_1.jpg,none,,,,,
224898_SK,224898,Card Holder BASIC OCTOBER Skin,_SK,Skin,Wallet,Card Holder,Plain PU,Polyurethane; Polyester,,,7.99,/242/62/224898_SK_1,224898_SK_1.jpg,none,,,,,
224902_PK,224902,Wallet BASIC OCTOBER Pink,_PK,Pink,Wallet,Wallet,Plain PU,Polyester; Polyurethane; Polyurethane,,,10.99,/242/62/224902_PK_1,224902_PK_1.jpg,none,,,,,
224950_BK,224950,Multipurpose Purse RATATUI Black,_BK,Black,Wallet,Multipurpose Purse,Nylon,Polyester; Polyester; Polyamide,,,17.99,/242/62/224950_BK_1,224950_BK_1.jpg,none,,,,,
224964_BG,224964,Wallet KENDALL Beige,_BG,Beige,Wallet,Wallet,Real Suede,Polyester; Cow Suede Leather; Thermoplastic Polyurethane; Polyurethane,,,17.99,/242/62/224964_BG_1,224964_BG_1.jpg,none,,,,,
224964_KK,224964,Wallet KENDALL Khaki,_KK,Khaki,Wallet,Wallet,Real Suede,Cow Suede Leather; Polyester; Thermoplastic Polyurethane; Polyurethane,,,17.99,/242/62/224964_KK_1,224964_KK_1.jpg,none,,,,,
224966_BR,224966,Wallet KENDALL Brick Red,_BR,Brick Red,Wallet,Wallet,Real Suede,Polyester; Polyurethane; Cow Suede Leather,,,15.99,/242/62/224966_BR_1,224966_BR_1.jpg,none,,,,,
224973_KK,224973,Phone Holder KENDALL Khaki,_KK,Khaki,Wallet,Phone Holder,Animal Embossed PU,Polyurethane; Polyester; Polyurethane,,,17.99,/242/62/224973_KK_1,224973_KK_1.jpg,none,,,,,
