PROD_CLR_EQUIV,PROD_REF,PROD_DES_BASE,CLR_COD,CLR_DES,CAT_DES_EN,GFA_DES_EN,GFS_DES_EN,COMPOSITION,FINISHING,MATERIAL,PRICE_BASE_W_VAT,PROG_IMAGE,img_file,priority,issues,review_status,fixes,reviewer,notes
209788_BN,209788,Dress PAULINE Brown,_BN,Brown,Apparel,Dress,Woven,Viscose,,Viscose,27.99,/232/64/209788_1,209788_1.jpg,medium,IMG_GENERIC;SALES_MISSING,,,,
212203_EC,212203,Trousers MAXI MAIO Ecru,_EC,Ecru,Apparel,Trousers,Woven,Linen,,Linen,39.99,/232/64/212203_1,212203_1.jpg,medium,IMG_GENERIC;SALES_MISSING,,,,
212347_BM,212347,Sweater TWINS Bright Multicolor,_BM,Bright Multicolor,Apparel,Sweater,Knit,Acrylic; Polyamide; Polyester; Wool,,Polyester,25.99,/232/64/212347_1,212347_1.jpg,medium,IMG_GENERIC,,,,
213704_BL,213704,Sweatshirt T1 ESSENTIALS Blue,_BL,Blue,Apparel,Sweatshirt,Circular,Elastane; Modal; Polyester,,Modal,27.99,/232/64/213704_1,213704_1.jpg,medium,IMG_GENERIC;IMG_SHARED,,,,
213704_WT,213704,Sweatshirt T1 ESSENTIALS White,_WT,White,Apparel,Sweatshirt,Circular,Elastane; Modal; Polyester,,,27.99,/232/64/213704_1,213704_1.jpg,medium,IMG_GENERIC;IMG_SHARED,,,,
214981_GY,214981,Dress Neptune Grey,_GY,Grey,Apparel,Dress,Circular,Elastane; Polyamide; Viscose,,,29.99,/232/64/214981_2,214981_2.jpg,medium,IMG_GENERIC,,,,
215315_MD,215315,Dress SATURN 2 Mustard,_MD,Mustard,Apparel,Dress,Knit,Polyamide,,Polyamide,35.99,/232/64/215315_MDXS-S_3,215315_MDXS-S_3.jpg,medium,IMG_GENERIC;SALES_MISSING,,,,
216472_GN,216472,Sweater T1 ESSENTIALS Green,_GN,Green,Apparel,Sweater,Knit,Acrylic; Polyamide; Polyester; Wool,,Acrylic,35.99,/241/64/216472_1,216472_1.jpg,medium,IMG_GENERIC,,,,
217970_FU,217970,Trousers JO Fuchsia,_FU,Fuchsia,Apparel,Trousers,Circular,Elastane; Polyester; Viscose,,,29.99,/241/64/217970_1,217970_1.jpg,medium,IMG_GENERIC,,,,
224889_LG,224889,Coat CS1 Light Grey,_LG,Light Grey,Apparel,Coat,Woven,Suede,,Suede,99.99,/242/64/224889_1,224889_1.jpg,medium,IMG_GENERIC;SALES_MISSING,,,,
226535_BK,226535,Trousers BETS Black,_BK,Black,Apparel,Trousers,Knit,Wool; Polyamide; Acrylic,,Polyamide,32.99,/242/64/226535_1,,medium,IMG_FILE_MISSING;IMG_GENERIC;IMG_SHARED;SALES_MISSING,,,,
226535_BU,226535,Trousers BETS Burgundy,_BU,Burgundy,Apparel,Trousers,Knit,Wool; Acrylic; Polyamide,,Polyamide,32.99,/242/64/226535_1,,medium,IMG_FILE_MISSING;IMG_GENERIC;IMG_SHARED;SALES_MISSING,,,,
226846_BU,226846,Shirt B6NOVE Burgundy,_BU,Burgundy,Apparel,Shirt,Woven,Elastane; Viscose,,,32.99,/242/64/226846_1,,medium,IMG_FILE_MISSING;IMG_GENERIC;SALES_MISSING,,,,
227352_BN,227352,Raincoat C3 NOV Brown,_BN,Brown,Apparel,Raincoat,Woven,Polyester; Cotton; Polyamide; Cotton,,Cotton,89.99,/242/64/227352_1,,medium,IMG_FILE_MISSING;IMG_GENERIC;SALES_MISSING,,,,
227414_KK,227414,Raincoat B4NOV Khaki,_KK,Khaki,Apparel,Raincoat,Woven,Polyester; Polyamide,,Polyamide,69.99,/242/64/227414_1,,medium,IMG_FILE_MISSING;IMG_GENERIC;SALES_MISSING,,,,
227690_BK,227690,Sweater B3 NOVEMBRO Black,_BK,Black,Apparel,Sweater,Knit,Acrylic; Wool; Polyamide; Polyester,,Polyester,32.99,/242/64/227690_1,,medium,IMG_FILE_MISSING;IMG_GENERIC;IMG_SHARED;SALES_MISSING,,,,
227690_BU,227690,Sweater B3 NOVEMBRO Burgundy,_BU,Burgundy,Apparel,Sweater,Knit,Acrylic; Polyester; Polyamide; Wool,,Polyester,32.99,/242/64/227690_1,,medium,IMG_FILE_MISSING;IMG_GENERIC;IMG_SHARED;SALES_MISSING,,,,
227690_EC,227690,Sweater B3 NOVEMBRO Ecru,_EC,Ecru,Apparel,Sweater,Knit,Acrylic; Polyester; Polyamide; Wool,,Polyester,32.99,/242/64/227690_1,,medium,IMG_FILE_MISSING;IMG_GENERIC;IMG_SHARED;SALES_MISSING,,,,
227782_BK,227782,Dress TRENDY Black,_BK,Black,Apparel,Dress,Woven,Polyester; Polyester; Metallic Fiber,,Polyester,45.99,/242/64/227782_BKL_2,,medium,IMG_FILE_MISSING;IMG_GENERIC;SALES_MISSING,,,,
228194_EC,228194,Coat CLOSET13 Ecru,_EC,Ecru,Apparel,Coat,Woven,Polyamide; Polyamide; Polyester,,Polyamide,59.99,/242/64/228194_ECXXS_2,,medium,IMG_FILE_MISSING;IMG_GENERIC;SALES_MISSING,,,,
228737_BU,228737,Poncho B3 NOVEMBRO Burgundy,_BU,Burgundy,Apparel,Poncho,Knit,Polyester; Polyamide; Acrylic,,Acrylic,59.99,/242/64/228737_1,,medium,IMG_FILE_MISSING;IMG_GENERIC;IMG_SHARED;SALES_MISSING,,,,
228737_EC,228737,Poncho B3 NOVEMBRO Ecru,_EC,Ecru,Apparel,Poncho,Knit,Polyamide; Acrylic; Polyester,,Acrylic,59.99,/242/64/228737_1,,medium,IMG_FILE_MISSING;IMG_GENERIC;IMG_SHARED;SALES_MISSING,,,,
228737_GN,228737,Poncho BETS Green,_GN,Green,Apparel,Poncho,Knit,Polyamide; Acrylic; Polyester,,Acrylic,59.99,/242/64/228737_1,,medium,IMG_FILE_MISSING;IMG_GENERIC;IMG_SHARED;SALES_MISSING,,,,
228891_BK,228891,Skirt C2 NOVEMBRO Black,_BK,Black,Apparel,Skirt,Woven,Polyester; Polyester; Lyocell,,Lyocell,39.99,/242/64/228891_1,,medium,IMG_FILE_MISSING;IMG_GENERIC;SALES_MISSING,,,,
229937_BU,229937,Cardigan T1 ESSENTIALS,_BU,Burgundy,Apparel,Cardigan,Knit,Polyester; Acrylic,,Acrylic,49.99,/242/64/229937_BUXXS_1,,medium,IMG_FILE_MISSING;IMG_GENERIC;CLR_NOT_IN_DESC;SALES_MISSING,,,,
229937_NV,229937,Cardigan T1 ESSENTIALS Navy,_NV,Navy,Apparel,Cardigan,Knit,Acrylic; Polyester,,Acrylic,49.99,/242/64/229937_1,,medium,IMG_FILE_MISSING;IMG_GENERIC;SALES_MISSING,,,,
230294_BK,230294,Dress TRENDY Black,_BK,Black,Apparel,Dress,Woven,Elastodieno; Polyester,,Polyester,35.99,/242/64/230294_1,,medium,IMG_FILE_MISSING;IMG_GENERIC;SALES_MISSING,,,,
218703_LN,218703,Flat Sandals GOLD FLAT SANDAL,_LN,Light Green,Footwear,Flat Sandals,PU,Rubber; Thermoplastic Polyurethane; Polyurethane; Thermoplastic Polyurethane; Polyurethane,,,25.99,/242/53/218703_LN_1,218703_LN_1.jpg,medium,CLR_NOT_IN_DESC,,,,
216532_FU,216532,Crossbody Bag EMAN Fuchsia,_FU,Fuchsia,Hand Bag,Cross,Fantasy PU,Crystal Glass; Polyester; Polyester; Polyurethane,,,29.99,/241/55/216532_FU_1,216532_FU_1.jpg,medium,IMG_CAT_MISMATCH,,,,
218398_BK,218398,Shopper Bag CUPIDO2 Black,_BK,Black,Hand Bag,Shopper,Printed PU,Cotton; Linen; Polyurethane; Polyurethane,Light Golden,,23.99,/241/54/218398_BK_1,218398_BK_1.jpg,medium,IMG_SHARED,,,,
221976_BK,221976,Tote Bag NEVERA HBPROVISION Black,_BK,Black,Hand Bag,Tote,Plain PU,Polyester; Polyurethane; Polyurethane,Light Golden,,25.99,/242/54/221976_1,221976_1.jpg,medium,IMG_GENERIC;IMG_SHARED;SALES_MISSING,,,,
221976_EC,221976,Tote Bag NEVERA HBPROVISION Ecru,_EC,Ecru,Hand Bag,Tote,Plain PU,Polyester; Polyurethane; Polyurethane,Light Golden,,25.99,/242/54/221976_1,221976_1.jpg,medium,IMG_GENERIC;IMG_SHARED;SALES_MISSING,,,,
221976_TU,221976,Tote Bag NEVERA HBPROVISION Taupe,_TU,Taupe,Hand Bag,Tote,Plain PU,Polyurethane; Polyester; Polyurethane,Light Golden,,25.99,/242/54/221976_1,221976_1.jpg,medium,IMG_GENERIC;IMG_SHARED;SALES_MISSING,,,,
222233_BK,222233,Crossbody Bag NEVERA HBPROVISION Black,_BK,Black,Hand Bag,Cross,Plain PU,Polyester; Polyester; Polyurethane; Polyurethane; Polyurethane,Silver,,25.99,/242/54/222233_1,222233_1.jpg,medium,IMG_GENERIC;IMG_SHARED,,,,
222233_EC,222233,Crossbody Bag NEVERA HBPROVISION Ecru,_EC,Ecru,Hand Bag,Cross,Plain PU,Polyester; Polyester; Polyurethane; Polyurethane; Polyurethane,Silver,,25.99,/242/54/222233_1,222233_1.jpg,medium,IMG_GENERIC;IMG_SHARED;SALES_MISSING,,,,
222233_TU,222233,Crossbody Bag NEVERA HBPROVISION Taupe,_TU,Taupe,Hand Bag,Cross,Plain PU,Polyurethane; Polyurethane; Polyurethane; Polyester; Polyester,Silver,,25.99,/242/54/222233_1,222233_1.jpg,medium,IMG_GENERIC;IMG_SHARED;SALES_MISSING,,,,
222697_BK,222697,Shopper Bag CUPIDO2 Black,_BK,Black,Hand Bag,Shopper,Printed PU,Cotton; Cotton; Linen; Linen; Polyurethane; Polyurethane; Polyurethane,Light Golden,,25.99,/242/54/222697_BK_1,222697_BK_1.jpg,medium,IMG_SHARED,,,,
222824_PK,222824,Tote Bag DALMATA1 Pink,_PK,Pink,Hand Bag,Tote,Plain PU,Polyester; Polyurethane; Polyurethane,Light Golden,,27.99,/242/54/222824_2,,medium,IMG_FILE_MISSING;IMG_GENERIC,,,,
1619050BM,161905,Earrings MELROSE,0BM,Bright Multicolor,Jewellery,Earrings,Drop,Acrylic; Iron; Stone,Golden,,7.99,/182/52/161905_1,161905_1.jpg,medium,IMG_GENERIC;CLR_NOT_IN_DESC;SALES_MISSING,,,,
166363_PK,166363,Fan FASHION SUPPLEMENTS Pink,_PK,Pink,Jewellery,Other Jewellery,Fan,Cotton; Wood,Other,,12.99,/191/52/166363_1,166363_1.jpg,medium,IMG_GENERIC,,,,
169622_PK,169622,Earring WHITE FIELDS,_PK,Pink,Jewellery,Earrings,Stud,Enamel; Zinc,Worn Silver,,7.99,/192/52/169622_1,169622_1.jpg,medium,IMG_GENERIC;CLR_NOT_IN_DESC;SALES_MISSING,,,,
172276_PP,172276,Earring FANCY PEARLS,_PP,Papaya,Jewellery,Earrings,Dangle,Stone; Zinc; Iron,Golden,,5.99,/242/52/172276_PP_1,172276_PP_1.jpg,medium,CLR_NOT_IN_DESC,,,,
193166_BR,193166,Earring mulstone Brick Red,_BR,Brick Red,Jewellery,Earrings,Dangle,Iron; Stone,Brushed Golden,,7.99,/221/52/193166_1,,medium,IMG_FILE_MISSING;IMG_GENERIC,,,,
196653_MA,196653,Earring TREND,_MA,Magenta,Jewellery,Earrings,Stud,Zinc,Golden,,7.99,/221/52/196653_1,196653_1.jpg,medium,IMG_GENERIC;CLR_NOT_IN_DESC,,,,
209003_GD,209003,Earring GOLDEN BASICS Gold,_GD,Gold,Jewellery,Earrings,Drop,Iron; Shell; Zinc,Brushed Golden,,7.99,/232/52/209003_GD_1,209003_GD_1.jpg,medium,IMG_SHARED,,,,
209003_WT,209003,Earring Golden Basics White,_WT,White,Jewellery,Earrings,Drop,Copper; Iron; Shell,Brushed Golden,,7.99,/242/52/209003_WT_1,209003_WT_1.jpg,medium,IMG_SHARED,,,,
2096911BM,209691,Phone case FASHION SUPPLEMENTS Bright Multicolor,1BM,Bright Multicolor,Jewellery,Mobile Accessories,Mobile Cases,Thermoplastic Polyurethane,Other,,8.99,/232/52/2096911BM_1,2096911BM_1.jpg,medium,IMG_SHARED,,,,
209691_BM,209691,Phone case FASHION SUPPLEMENTS Bright Multicolor,_BM,Bright Multicolor,Jewellery,Mobile Accessories,Mobile Cases,Thermoplastic Polyurethane,Other,,8.99,/232/52/209691_BM_1,209691_BM_1.jpg,medium,IMG_SHARED,,,,
209928_SV,209928,Earring SILVER D Silver,_SV,Silver,Jewellery,Earrings,Dangle,Cork,Golden,,7.99,/231/52/209928_1,,medium,IMG_FILE_MISSING;IMG_GENERIC,,,,
210216_GD,210216,Bracelet GOLDEN BASICS Gold,_GD,Gold,Jewellery,Bracelets,Cuff,Cork,Golden,,9.99,/231/52/210216_1,210216_1.jpg,medium,IMG_GENERIC,,,,
211737_PK,211737,Ring FLORABUNDANCE Pink,_PK,Pink,Jewellery,Rings,Fantasy,Acrylic; Zinc,Worn Gold,,5.99,/232/52/211737_1.,211737_1.jpeg,medium,IMG_GENERIC,,,,
211994_TG,211994,Earring BHLOTUS,_TG,Pastel Green,Jewellery,Earrings,Stud,Iron; Stone,Brushed Golden,,4.99,/242/52/211994_TG_1,211994_TG_1.jpg,medium,CLR_NOT_IN_DESC,,,,
212940_HM,212940,Earring mulstone Halftone Multicolor,_HM,Halftone Multicolor,Jewellery,Earrings,Hoop Earrings,Glass; Iron; Stone; Thermoplastic Polyurethane,Golden,,5.99,/232/52/212940_1,,medium,IMG_FILE_MISSING;IMG_GENERIC,,,,
212945_HM,212945,Earring mulstone Halftone Multicolor,_HM,Halftone Multicolor,Jewellery,Earrings,Hoop Earrings,Acrylic; Glass; Iron; Thermoplastic Polyurethane,Golden,,5.99,/232/52/212945_1,,medium,IMG_FILE_MISSING;IMG_GENERIC,,,,
212968_BK,212968,Set of Earrings ECLIPSE Black,_BK,Black,Jewellery,Earrings,Hoop Earrings,Brass; Zinc; Zirconium,Golden,,7.99,/232/52/212968_1,,medium,IMG_FILE_MISSING;IMG_GENERIC,,,,
212987_HM,212987,Bracelet mulstone Halftone Multicolor,_HM,Halftone Multicolor,Jewellery,Bracelets,Elastic Bracelet,Acrylic; Brass; Shell; Stone; Zinc,Golden,,7.99,/232/52/212987_1,,medium,IMG_FILE_MISSING;IMG_GENERIC,,,,
213312_GD,213312,Necklace GLDN DEL Gold,_GD,Gold,Jewellery,Necklaces,Pendant,Brass; Iron; Zirconium,Golden,,9.99,/232/52/213312_1,213312_1.jpg,medium,IMG_GENERIC;SALES_MISSING,,,,
213332_GD,213332,Necklace GOLDEN BASICS Gold,_GD,Gold,Jewellery,Necklaces,Chain,Copper; Iron; Zinc,Golden,,9.99,/232/52/213332_1,213332_1.jpg,medium,IMG_GENERIC;SALES_ZERO_QTY,,,,
213337_GD,213337,Set of Earrings GOLDEN BASICS Gold,_GD,Gold,Jewellery,Earrings,Stud,Copper; Iron,Brushed Golden,,5.99,/232/52/213337_1,213337_1.jpg,medium,IMG_GENERIC;SALES_MISSING,,,,
213356_GD,213356,Ring GLDN DEL Gold,_GD,Gold,Jewellery,Rings,Fantasy,Acrylic; Copper,Golden,,6.99,/232/52/213356_1,213356_1.jpg,medium,IMG_GENERIC;SALES_MISSING,,,,
213753_GD,213753,Earring TREND Gold,_GD,Gold,Jewellery,Earrings,Hoop Earrings,Iron,Golden,,9.99,/232/52/213753_1,213753_1.jpg,medium,IMG_GENERIC,,,,
213839_OR,213839,Ring ULTRAVIO Orange,_OR,Orange,Jewellery,Rings,Band Ring,Resin; Zinc,Worn Gold,,4.99,/232/52/213839_1,213839_1.jpg,medium,IMG_GENERIC,,,,
213956_BM,213956,Earring GUARANI VIBES Bright Multicolor,_BM,Bright Multicolor,Jewellery,Earrings,Hoop Earrings,Cork,Golden,,7.99,/232/52/213956_1,213956_1.jpg,medium,IMG_GENERIC,,,,
221266_SV,221266,Earring GLDN DEL,_SV,Silver,Jewellery,Earrings,Stud,Zinc,,,3.99,/242/52/221266_1,221266_1.jpg,medium,IMG_GENERIC;CLR_NOT_IN_DESC;SALES_MISSING,,,,
223720_BM,223720,Key Chain FASHION SUPPLEMENTS Bright Multicolor,_BM,Bright Multicolor,Jewellery,Key chains,Charms,Cork; Cork; Zinc; Zinc; Iron; Resin; Iron; Cotton,,,9.99,/242/52/223720_1,223720_1.jpg,medium,IMG_GENERIC;SALES_MISSING,,,,
223888_BK,223888,Set of Bracelets SILVER BASICS,_BK,Black,Jewellery,Bracelets,Elastic Bracelet,Acrylic; Iron,Golden,,9.99,/242/52/223888_BK_1,223888_BK_1.jpg,medium,CLR_NOT_IN_DESC;SALES_MISSING,,,,
224410_MV,224410,Earring MONETT Mauve,_MV,Mauve,Jewellery,Earrings,Stud,Cork,Golden,,7.99,/242/52/224410_1,224410_1.jpg,medium,IMG_GENERIC;SALES_MISSING,,,,
224648_BL,224648,Necklace Milagro,_BL,Blue,Jewellery,Necklaces,Beaded Necklace,Acrylic; Polyester,Other,,12.99,/242/52/224648_BL_1,224648_BL_1.jpg,medium,CLR_NOT_IN_DESC;SALES_MISSING,,,,
224648_BU,224648,Necklace Milagro,_BU,Burgundy,Jewellery,Necklaces,Beaded Necklace,Acrylic; Polyester,Other,,12.99,/242/52/224648_BU_1,224648_BU_1.jpg,medium,CLR_NOT_IN_DESC;SALES_MISSING,,,,
224648_FG,224648,Necklace Milagro,_FG,Forest Green,Jewellery,Necklaces,Beaded Necklace,Acrylic; Polyester,Other,,12.99,/242/52/224648_FG_1,224648_FG_1.jpg,medium,CLR_NOT_IN_DESC;SALES_MISSING,,,,
224648_OR,224648,Necklace Milagro,_OR,Orange,Jewellery,Necklaces,Beaded Necklace,Polyester; Acrylic,Other,,12.99,/242/52/224648_OR_1,224648_OR_1.jpg,medium,CLR_NOT_IN_DESC;SALES_MISSING,,,,
224648_RD,224648,Necklace Milagro,_RD,Red,Jewellery,Necklaces,Beaded Necklace,Polyester; Acrylic,Other,,12.99,/242/52/224648_RD_1,224648_RD_1.jpg,medium,CLR_NOT_IN_DESC;SALES_MISSING,,,,
225227_GD,225227,Earring NEW CLASSIC Gold,_GD,Gold,Jewellery,Earrings,Hoop Earrings,Acrylic; Glass; Zinc,Golden,,5.99,/242/52/225227_1.,,medium,IMG_FILE_MISSING;IMG_GENERIC;SALES_MISSING,,,,
226220_PE,226220,Ring NEW CLASSIC Pearl,_PE,Pearl,Jewellery,Rings,Fantasy,Cork; Iron; Acrylic,Golden,,5.99,/242/52/226220_1,,medium,IMG_FILE_MISSING;IMG_GENERIC;SALES_MISSING,,,,
226354_BU,226354,Earring WESTERNP Burgundy,_BU,Burgundy,Jewellery,Earrings,Hoop Earrings,Cork; Enamel; Zinc,,,7.99,/242/52/226354_2,,medium,IMG_FILE_MISSING;IMG_GENERIC;SALES_MISSING,,,,
226385_MI,226385,Earring NEPTUNE Midnight Blue,_MI,Midnight Blue,Jewellery,Earrings,Stud,Cork,Black Nikel,,7.99,/242/52/226385_1,,medium,IMG_FILE_MISSING;IMG_GENERIC;SALES_MISSING,,,,
226475_GD,226475,Necklace LIGHTNING BOLD Gold,_GD,Gold,Jewellery,Necklaces,Collar,Cork; Glass; Brass,,,17.99,/242/52/226475_1,,medium,IMG_FILE_MISSING;IMG_GENERIC;SALES_MISSING,,,,
226578_MI,226578,Ring NEPTUNE Midnight Blue,_MI,Midnight Blue,Jewellery,Rings,Cocktail,Cork,Black Nikel,,5.99,/242/52/226578_1,,medium,IMG_FILE_MISSING;IMG_GENERIC;SALES_MISSING,,,,
226706_MI,226706,Earring NEPTUNE Midnight Blue,_MI,Midnight Blue,Jewellery,Earrings,Ear Cuff,Cork,Black Nikel,,5.99,/242/52/226706_1,,medium,IMG_FILE_MISSING;IMG_GENERIC;SALES_MISSING,,,,
226887_DB,226887,Earring GALÁPAGOS Dark Brown,_DB,Dark Brown,Jewellery,Earrings,Clip Earrings,Cork; Iron; Acrylic,Antik Golden,,7.99,/242/52/226887_1,,medium,IMG_FILE_MISSING;IMG_GENERIC;SALES_MISSING,,,,
227032_GN,227032,Earring GALÁPAGOS Green,_GN,Green,Jewellery,Earrings,Hoop Earrings,Cork; Stone; Iron; Zinc,Antik Golden,,5.99,/242/52/227032_1,,medium,IMG_FILE_MISSING;IMG_GENERIC;SALES_MISSING,,,,
227068_GD,227068,Necklace Golden Basics Gold,_GD,Gold,Jewellery,Necklaces,Pendant,Cork; Iron; Brass,,,10.99,/242/52/227068_1,,medium,IMG_FILE_MISSING;IMG_GENERIC;SALES_MISSING,,,,
208619_CA,208619,Phone Holder GRACE Camel,_CA,Camel,Wallet,Phone Holder,Plain PU,Polyester; Polyurethane; Polyurethane,,,17.99,/232/54/208619_1,208619_1.jpg,medium,IMG_CAT_MISMATCH;IMG_GENERIC,,,,
222539_LB,222539,Wallet MARTHA Light Blue,_LB,Light Blue,Wallet,Wallet,Plain PU,Polyester; Polyurethane; Polyurethane,,,15.99,/242/62/222539_1,222539_1.jpg,medium,IMG_GENERIC;IMG_SHARED;SALES_MISSING,,,,
222539_PK,222539,Wallet MARTHA Pink,_PK,Pink,Wallet,Wallet,Plain PU,Polyester; Polyurethane; Polyurethane,,,15.99,/242/62/222539_1,222539_1.jpg,medium,IMG_GENERIC;IMG_SHARED;SALES_MISSING,,,,
225872_EC,225872,Wallet GLORIA Ecru,_EC,Ecru,Wallet,Wallet,Plain PU,Polyester; Polyurethane; Polyurethane,,,10.99,/242/62/225872_1,,medium,IMG_FILE_MISSING;IMG_GENERIC,,,,
227516_PK,227516,Wallet DOLLY Pink,_PK,Pink,Wallet,Wallet,Peach PU,Polyurethane; Polyester; Polyurethane,,,10.99,/242/62/227516_1,,medium,IMG_FILE_MISSING;IMG_GENERIC;SALES_MISSING,,,,
227519_BM,227519,Coin Purse DOLLY Bright Multicolor,_BM,Bright Multicolor,Wallet,Coin Purse,Printed Nylon,Polyester; Polyester,,,9.99,/242/62/227519_1,,medium,IMG_FILE_MISSING;IMG_GENERIC;IMG_SHARED,,,,
227519_DM,227519,Coin Purse DOLLY Dark Multicolor,_DM,Dark Multicolor,Wallet,Coin Purse,Printed Nylon,Polyester; Polyester,,,9.99,/242/62/227519_1,,medium,IMG_FILE_MISSING;IMG_GENERIC;IMG_SHARED;SALES_MISSING,,,,
225362_BK,225362,Dress C2 NOVEMBRO Black,_BK,Black,Apparel,Dress,Woven,Polyester; Polyester,,Polyester,45.99,/242/64/225362_BK_1,,low,IMG_FILE_MISSING;SALES_ZERO_QTY,,,,
226739_NM,226739,Dress BRIDAL CAPSULE Neutral Multicolor,_NM,Neutral Multicolor,Apparel,Dress,Woven,Cotton,,,170.0,/242/64/226739_NM_1y,,low,IMG_FILE_MISSING;SALES_ZERO_QTY,,,,
212026_GN,212026,Dress LAB JUNHO Green,_GN,Green,Apparel,Dress,Woven,Polyester,,Polyester,59.99,/232/64/212026_GN_1,212026_GN_1.jpg,info,SALES_MISSING,,,,
214583_PK,214583,Skirt MERCURY Pink,_PK,Pink,Apparel,Skirt,Woven,Polyester; Polyester,,,39.99,/241/64/214583_PK_1,,info,IMG_FILE_MISSING,,,,
214631_EC,214631,Shirt Hot Ecru,_EC,Ecru,Apparel,Shirt,Woven,Viscose,,,29.99,/241/64/214631_EC_1,,info,IMG_FILE_MISSING,,,,
214667_BM,214667,Cardigan KUSAMA Bright Multicolor,_BM,Bright Multicolor,Apparel,Cardigan,Knit,Polyamide; Viscose,,Viscose,39.99,/232/64/214667_BM_1,,info,IMG_FILE_MISSING,,,,
224889_BN,224889,Coat BETS Brown,_BN,Brown,Apparel,Coat,Woven,Goat Leather; Suede,,Suede,99.99,/242/64/224889_BN_1,224889_BN_1.jpg,info,SALES_MISSING,,,,
224974_BG,224974,Trousers LL Beige,_BG,Beige,Apparel,Trousers,Woven,Viscose; Polyester; Elastane,,Polyester,35.99,/242/64/224974_BG_1,224974_BG_1.jpg,info,SALES_MISSING,,,,
224974_GY,224974,Trousers LL Grey,_GY,Grey,Apparel,Trousers,Woven,Viscose; Elastane; Polyester,,Polyester,35.99,/242/64/224974_GY_1,224974_GY_1.jpg,info,SALES_MISSING,,,,
225101_BL,225101,Sweater P2 Blue,_BL,Blue,Apparel,Sweater,Knit,Acrylic; Polyester; Wool; Polyamide,,,32.99,/242/64/225101_BL_1,,info,IMG_FILE_MISSING,,,,
225101_WT,225101,Sweater P2 White,_WT,White,Apparel,Sweater,Knit,Polyester; Wool; Polyamide; Acrylic,,,32.99,/242/64/225101_WT_1,,info,IMG_FILE_MISSING,,,,
225147_WT,225147,Dress GI White,_WT,White,Apparel,Dress,Woven,Viscose; Linen,,,45.99,/242/64/225147_WT_1,,info,IMG_FILE_MISSING,,,,
225164_BK,225164,T-shirt T1 ESSENTIALS Black,_BK,Black,Apparel,T-shirt,Circular,Viscose; Polyamide; Elastane,,,23.99,/242/64/225164_BK_1,,info,IMG_FILE_MISSING,,,,
225164_WT,225164,T-shirt T1 ESSENTIALS White,_WT,White,Apparel,T-shirt,Circular,Viscose; Elastane; Polyamide,,,23.99,/242/64/225164_WT_1,,info,IMG_FILE_MISSING,,,,
225201_BL,225201,Trousers B4 Blue,_BL,Blue,Apparel,Trousers,Woven,Viscose; Polyamide,,,29.99,/242/64/225201_BL_1,,info,IMG_FILE_MISSING,,,,
225304_BL,225304,Top CC Blue,_BL,Blue,Apparel,Top,Woven,Linen,,,35.99,/242/64/225304_BL_1,,info,IMG_FILE_MISSING,,,,
225362_RD,225362,Dress BETS Red,_RD,Red,Apparel,Dress,Woven,Polyester; Polyester,,Polyester,45.99,/242/64/225362_RD_1,,info,IMG_FILE_MISSING;SALES_MISSING,,,,
225498_BU,225498,Dress TRENDY Burgundy,_BU,Burgundy,Apparel,Dress,Knit,Viscose; Polyamide,,,35.99,/242/64/225498_BU_1,,info,IMG_FILE_MISSING,,,,
225498_GN,225498,Dress TRENDY Green,_GN,Green,Apparel,Dress,Knit,Polyamide; Viscose,,,35.99,/242/64/225498_GN_1,,info,IMG_FILE_MISSING,,,,
225498_NV,225498,Dress TRENDY Navy,_NV,Navy,Apparel,Dress,Knit,Viscose; Polyamide,,,35.99,/242/64/225498_NV_1,,info,IMG_FILE_MISSING,,,,
225519_BG,225519,Raincoat NO Beige,_BG,Beige,Apparel,Raincoat,Woven,Polyamide,,,39.99,/242/64/225519_BG_1,,info,IMG_FILE_MISSING,,,,
225623_BK,225623,Shirt OO Black,_BK,Black,Apparel,Shirt,Woven,Cotton,,,29.99,/242/64/225623_BK_1,,info,IMG_FILE_MISSING,,,,
225623_BM,225623,Shirt OO Bright Multicolor,_BM,Bright Multicolor,Apparel,Shirt,Woven,Cotton,,,29.99,/242/64/225623_BM_1,,info,IMG_FILE_MISSING,,,,
225623_PK,225623,Shirt C4 SET Pink,_PK,Pink,Apparel,Shirt,Woven,Cotton,,,29.99,/242/64/225623_PK_1,,info,IMG_FILE_MISSING,,,,
225696_BM,225696,Dress gg Bright Multicolor,_BM,Bright Multicolor,Apparel,Dress,Woven,Polyester; Polyester,,,39.99,/242/64/225696_BM_1,,info,IMG_FILE_MISSING,,,,
226207_BL,226207,Dress TRENDY Blue,_BL,Blue,Apparel,Dress,Knit,Polyamide; Viscose,,,35.99,/242/64/226207_BL_1,,info,IMG_FILE_MISSING,,,,
226207_GN,226207,Dress TRENDY Green,_GN,Green,Apparel,Dress,Knit,Viscose; Polyamide,,,35.99,/242/64/226207_GN_1,,info,IMG_FILE_MISSING,,,,
226387_PK,226387,Cardigan 22 Pink,_PK,Pink,Apparel,Cardigan,Knit,Polyamide; recycled polyester; Polyester; Wool; Elastane,,,32.99,/242/64/226387_PK_1,,info,IMG_FILE_MISSING,,,,
226535_GY,226535,Trousers 77 Grey,_GY,Grey,Apparel,Trousers,Knit,Polyester; Polyamide; Acrylic; Wool,,Polyamide,32.99,/242/64/226535_GY_1,,info,IMG_FILE_MISSING,,,,
226535_OW,226535,Trousers 77 Off White,_OW,Off White,Apparel,Trousers,Knit,Polyester; Wool; Acrylic; Polyamide,,Polyamide,32.99,/242/64/226535_OW_1,,info,IMG_FILE_MISSING,,,,
226588_BU,226588,Sweater outu Burgundy,_BU,Burgundy,Apparel,Sweater,Knit,Polyester,,Polyester,32.99,/242/64/226588_BU_1,,info,IMG_FILE_MISSING,,,,
226589_BM,226589,Sweater OU Bright Multicolor,_BM,Bright Multicolor,Apparel,Sweater,Knit,Polyamide; Viscose,,,32.99,/242/64/226589_BM_1,,info,IMG_FILE_MISSING,,,,
226589_BN,226589,Sweater OU Brown,_BN,Brown,Apparel,Sweater,Knit,Polyamide; Viscose,,,32.99,/242/64/226589_BN_1,,info,IMG_FILE_MISSING,,,,
226758_BU,226758,Shirt M1S Burgundy,_BU,Burgundy,Apparel,Shirt,Woven,Linen,,Linen,39.99,/242/64/226758_BU_1,,info,IMG_FILE_MISSING,,,,
226771_BK,226771,Shorts TRENDY Black,_BK,Black,Apparel,Shorts,Woven,Viscose; Polyester; Wool; Polyester,,,39.99,/242/64/226771_BK_1,,info,IMG_FILE_MISSING;SALES_MISSING,,,,
226784_GY,226784,Trousers ARABE Grey,_GY,Grey,Apparel,Trousers,Woven,Linen; Viscose; Lyocell,,Viscose,35.99,/242/64/226784_GY_1,,info,IMG_FILE_MISSING,,,,
226801_BN,226801,Shirt OU Brown,_BN,Brown,Apparel,Shirt,Woven,elastomultiéster; Polyester,,,32.99,/242/64/226801_BN_1,,info,IMG_FILE_MISSING,,,,
226819_BG,226819,Trousers bro Beige,_BG,Beige,Apparel,Trousers,Woven,Elastane; Polyester; Viscose,,Polyester,39.99,/242/64/226819_BG_1,,info,IMG_FILE_MISSING,,,,
226819_GY,226819,Trousers bro Grey,_GY,Grey,Apparel,Trousers,Woven,Elastane; Viscose; Polyester,,Polyester,39.99,/242/64/226819_GY_1,,info,IMG_FILE_MISSING,,,,
226824_GY,226824,Dress M1S Grey,_GY,Grey,Apparel,Dress,Woven,Lyocell,,,39.99,/242/64/226824_GY_1,,info,IMG_FILE_MISSING,,,,
226846_BK,226846,Shirt B6NOVE Black,_BK,Black,Apparel,Shirt,Woven,Viscose; Elastane,,,32.99,/242/64/226846_BK_1,,info,IMG_FILE_MISSING;SALES_MISSING,,,,
226846_WT,226846,Shirt B6NOVE White,_WT,White,Apparel,Shirt,Woven,Viscose; Elastane,,,32.99,/242/64/226846_WT_1,,info,IMG_FILE_MISSING;SALES_MISSING,,,,
226905_BM,226905,Shorts TRENDY Bright Multicolor,_BM,Bright Multicolor,Apparel,Shorts,Woven,Viscose; Polyester; Wool; Polyester,,,39.99,/242/64/226905_BM_1,,info,IMG_FILE_MISSING;SALES_MISSING,,,,
226911_AN,226911,T-shirt UU Anthracite,_AN,Anthracite,Apparel,T-shirt,Circular,Elastane; Polyamide; Polyester; Viscose,,Viscose,23.99,/242/64/226911_AN_1,,info,IMG_FILE_MISSING,,,,
226911_EC,226911,T-shirt UU Ecru,_EC,Ecru,Apparel,T-shirt,Circular,Elastane; Viscose; Polyester; Polyamide,,Viscose,23.99,/242/64/226911_EC_1,,info,IMG_FILE_MISSING,,,,
227011_BN,227011,Sweater VERONA OUTUBRO Brown,_BN,Brown,Apparel,Sweater,Knit,Acrylic; Polyamide; Polyester; Wool; Elastane,,,29.99,/242/64/227011_BN_1,,info,IMG_FILE_MISSING,,,,
227011_KK,227011,Sweater VERONA OUTUBRO Khaki,_KK,Khaki,Apparel,Sweater,Knit,Polyester; Acrylic; Wool; Elastane; Polyamide,,,29.99,/242/64/227011_KK_1,,info,IMG_FILE_MISSING,,,,
227089_AN,227089,Sweater LL Anthracite,_AN,Anthracite,Apparel,Sweater,Knit,Polyester; Polyamide; Wool; Elastane; Acrylic,,,35.99,/242/64/227089_AN_1,,info,IMG_FILE_MISSING;SALES_MISSING,,,,
227089_OW,227089,Sweater LL Off White,_OW,Off White,Apparel,Sweater,Knit,Polyester; Elastane; Wool; Polyamide; Acrylic,,,35.99,/242/64/227089_OW_1,,info,IMG_FILE_MISSING;SALES_MISSING,,,,
227102_NV,227102,Sweatshirt 22 Navy,_NV,Navy,Apparel,Sweatshirt,Circular,Cotton,,,35.99,/242/64/227102_NV_5,,info,IMG_FILE_MISSING,,,,
227209_BG,227209,Trousers BETS Beige,_BG,Beige,Apparel,Trousers,Knit,Polyamide; Polyester; Acrylic; Wool,,Acrylic,32.99,/242/64/227209_BG_1,,info,IMG_FILE_MISSING,,,,
227209_BU,227209,Trousers BETS Burgundy,_BU,Burgundy,Apparel,Trousers,Knit,Wool; Polyamide; Polyester; Acrylic,,Acrylic,32.99,/242/64/227209_BU_6,,info,IMG_FILE_MISSING;SALES_MISSING,,,,
227209_DG,227209,Trousers BETS Dark Grey,_DG,Dark Grey,Apparel,Trousers,Knit,Acrylic; Polyester; Polyamide; Wool,,Acrylic,32.99,/242/64/227209_DG_1,,info,IMG_FILE_MISSING,,,,
227254_GY,227254,Sweatshirt CN Grey,_GY,Grey,Apparel,Sweatshirt,Circular,Polyester; Cotton,,,29.99,/242/64/227254_GY_1y,,info,IMG_FILE_MISSING;SALES_MISSING,,,,
227264_BK,227264,Sweatshirt OU Black,_BK,Black,Apparel,Sweatshirt,Circular,Polyester; Cotton; Elastane,,,32.99,/242/64/227264_BK_1,,info,IMG_FILE_MISSING,,,,
227264_EC,227264,Sweatshirt OU Ecru,_EC,Ecru,Apparel,Sweatshirt,Circular,Polyester; Cotton; Elastane,,Cotton,32.99,/242/64/227264_EC_1,,info,IMG_FILE_MISSING,,,,
227296_BN,227296,Coat BETS Brown,_BN,Brown,Apparel,Coat,Woven,Polyester; Polyester,,Polyester,89.99,/242/64/227296_BN_1,,info,IMG_FILE_MISSING,,,,
227315_BN,227315,Coat COWBOY Brown,_BN,Brown,Apparel,Coat,Woven,Goat Leather; Polyester,,,99.99,/242/64/227315_BN_1,,info,IMG_FILE_MISSING;SALES_MISSING,,,,
227315_RD,227315,Coat BETS Red,_RD,Red,Apparel,Coat,Woven,Polyester; Goat Leather,,Leather,99.99,/242/64/227315_RD_1,,info,IMG_FILE_MISSING;SALES_MISSING,,,,
227352_BG,227352,Raincoat gg Beige,_BG,Beige,Apparel,Raincoat,Woven,Polyester; Cotton; Polyamide; Cotton,,Cotton,89.99,/242/64/227352_BG_1,,info,IMG_FILE_MISSING,,,,
227483_BM,227483,Raincoat bro Bright Multicolor,_BM,Bright Multicolor,Apparel,Raincoat,Woven,Polyester,,Polyester,59.99,/242/64/227483_BM_1,,info,IMG_FILE_MISSING,,,,
227614_SV,227614,Sweater IE Silver,_SV,Silver,Apparel,Sweater,Knit,Polyester,,,35.99,/242/64/227614_SV_1,,info,IMG_FILE_MISSING;SALES_MISSING,,,,
227670_NV,227670,Cardigan CN Navy,_NV,Navy,Apparel,Cardigan,Knit,Acrylic; Polyamide; Polyester,,,39.99,/242/64/227670_NV_1,,info,IMG_FILE_MISSING;SALES_MISSING,,,,
227670_OW,227670,Cardigan CN Off White,_OW,Off White,Apparel,Cardigan,Knit,Acrylic; Polyester; Polyamide,,,39.99,/242/64/227670_OW_1,,info,IMG_FILE_MISSING;SALES_MISSING,,,,
227702_GY,227702,Trousers QUADROS Grey,_GY,Grey,Apparel,Trousers,Woven,Viscose; Polyester; Wool,,,39.99,/242/64/227702_GY_1,,info,IMG_FILE_MISSING,,,,
227886_BK,227886,Trousers TUBR Black,_BK,Black,Apparel,Trousers,Knit,Polyamide; Viscose,,,35.99,/242/64/227886_BK_1,,info,IMG_FILE_MISSING,,,,
227886_BM,227886,Trousers TUBR Bright Multicolor,_BM,Bright Multicolor,Apparel,Trousers,Knit,Viscose; Polyamide,,,35.99,/242/64/227886_BM_1,,info,IMG_FILE_MISSING,,,,
227922_BU,227922,Raincoat BETS Burgundy,_BU,Burgundy,Apparel,Raincoat,Woven,Polyester; Cotton,,Polyester,59.99,/242/64/227922_BU_1,,info,IMG_FILE_MISSING;SALES_MISSING,,,,
228074_BK,228074,Skirt B6NOVE Black,_BK,Black,Apparel,Skirt,Woven,Cotton; Polyester; Elastane; Polyester,,Polyester,39.99,/242/64/228074_BK_1,,info,IMG_FILE_MISSING;SALES_MISSING,,,,
228074_BU,228074,Skirt B6NOVE Burgundy,_BU,Burgundy,Apparel,Skirt,Woven,Polyester; Cotton; Elastane; Polyester,,Polyester,39.99,/242/64/228074_BU_1,,info,IMG_FILE_MISSING;SALES_MISSING,,,,
228074_WT,228074,Skirt B6NOVE White,_WT,White,Apparel,Skirt,Woven,Cotton; Polyester; Elastane; Polyester,,Polyester,39.99,/242/64/228074_WT_1,,info,IMG_FILE_MISSING;SALES_MISSING,,,,
228079_BK,228079,Cardigan BETS Black,_BK,Black,Apparel,Cardigan,Knit,Acrylic; Polyamide; Elastane,,Acrylic,59.99,/242/64/228079_BK_1,,info,IMG_FILE_MISSING;SALES_MISSING,,,,
228079_EC,228079,Cardigan B4NOV Ecru,_EC,Ecru,Apparel,Cardigan,Knit,Elastane; Acrylic; Polyamide,,Acrylic,59.99,/242/64/228079_EC_1,,info,IMG_FILE_MISSING;SALES_MISSING,,,,
228159_BN,228159,Skirt COWBOY Brown,_BN,Brown,Apparel,Skirt,Woven,Polyester; Viscose; Goat Leather,,Leather,99.99,/242/64/228159_BN_1,,info,IMG_FILE_MISSING;SALES_MISSING,,,,
228194_BK,228194,Coat C2 NOVEMBRO Black,_BK,Black,Apparel,Coat,Woven,Polyester; Polyamide; Polyamide,,Polyamide,59.99,/242/64/228194_BK_1,,info,IMG_FILE_MISSING;SALES_MISSING,,,,
228435_BK,228435,Skirt MY Black,_BK,Black,Apparel,Skirt,Woven,Polyester; Polyester; Viscose,,,35.99,/242/64/228435_BK_2y,,info,IMG_FILE_MISSING;SALES_MISSING,,,,
228712_AN,228712,Sweater VERONOV Anthracite,_AN,Anthracite,Apparel,Sweater,Knit,Acrylic; Polyamide; Wool; Polyester; Viscose,,,32.99,/242/64/228712_AN_1,,info,IMG_FILE_MISSING;SALES_MISSING,,,,
229484_BK,229484,Skirt BETS Black,_BK,Black,Apparel,Skirt,Woven,Polyester; Polyester,,Polyester,39.99,/242/64/229484_BK_1,,info,IMG_FILE_MISSING;SALES_MISSING,,,,
229522_BN,229522,Skirt BETS Brown,_BN,Brown,Apparel,Skirt,Woven,Goat Leather,,Leather,99.99,/242/64/229522_BN_1,,info,IMG_FILE_MISSING;SALES_MISSING,,,,
230079_BM,230079,Dress TRENDY Bright Multicolor,_BM,Bright Multicolor,Apparel,Dress,Circular,Polyester; Polyester; Elastane,,Polyester,29.99,/242/64/230079_BM_1,,info,IMG_FILE_MISSING;SALES_MISSING,,,,
226206_BG,226206,Ballerinas LEOPARD BALLERINA Beige,_BG,Beige,Footwear,Ballerinas,Leather,Polyurethane; Rubber; Polyester; Horse Hair; Polyurethane; Cow Leather,,,45.99,/242/53/226206_BG_1,,info,IMG_FILE_MISSING,,,,
227117_BK,227117,Boots QUADROS Black,_BK,Black,Footwear,Boots,PU,Polyurethane; Rubber; Polyurethane; Polyurethane; Polyester,,,59.99,/242/53/227117_BK_1,,info,IMG_FILE_MISSING,,,,
227117_OW,227117,Boots QUADROS Off White,_OW,Off White,Footwear,Boots,PU,Polyurethane; Polyester; Polyurethane; Polyurethane; Rubber,,,59.99,/242/53/227117_OW_1,,info,IMG_FILE_MISSING,,,,
227695_BU,227695,Ballerinas QUADROS Burgundy,_BU,Burgundy,Footwear,Ballerinas,Textile,Rubber; Polyester; Cow Leather; Polyurethane; Polyurethane; Polyester,,,35.99,/242/53/227695_BU_1,,info,IMG_FILE_MISSING,,,,
214623_KK,214623,Tote Bag CAMI 1 Khaki,_KK,Khaki,Hand Bag,Tote,Printed PU,Polyester; Polyester; Polyester; Polyurethane; Polyurethane; Polyurethane,,,25.99,/241/54/214623_KK_1,,info,IMG_FILE_MISSING,,,,
214665_BG,214665,Sac CAMI 1 Beige,_BG,Beige,Hand Bag,Sac,Real Suede,Cow Suede Leather; Polyester; Polyurethane; Polyurethane,,,32.99,/241/54/214665_BG_1,,info,IMG_FILE_MISSING,,,,
214665_BK,214665,Sac CAMI 2 Black,_BK,Black,Hand Bag,Sac,Real Suede,Cow Suede Leather; Polyester; Polyurethane; Polyurethane,,,32.99,/241/54/214665_BK_1,,info,IMG_FILE_MISSING,,,,
214670_BK,214670,Backpack VIVIAN Black,_BK,Black,Hand Bag,Backpack,Nylon,Polyester; Polyester; Polyester; Polyester; Polyurethane; Polyurethane; Polyurethane,,,25.99,/241/54/214670_BK_1,,info,IMG_FILE_MISSING,,,,
214670_KK,214670,Backpack VIVIAN Khaki,_KK,Khaki,Hand Bag,Backpack,Nylon,Polyurethane; Polyurethane; Polyurethane; Polyester; Polyester; Polyester; Polyester,,,25.99,/241/54/214670_KK_1,,info,IMG_FILE_MISSING,,,,
214670_LL,214670,Backpack VIVIAN Lilac,_LL,Lilac,Hand Bag,Backpack,Nylon,Polyester; Polyester; Polyester; Polyester; Polyurethane; Polyurethane; Polyurethane,,,25.99,/241/54/214670_LL_1,,info,IMG_FILE_MISSING,,,,
214670_TU,214670,Backpack VIVIAN Taupe,_TU,Taupe,Hand Bag,Backpack,Nylon,Polyester; Polyester; Polyester; Polyester; Polyurethane; Polyurethane; Polyurethane,,,25.99,/241/54/214670_TU_1,,info,IMG_FILE_MISSING,,,,
225078_BK,225078,Sac SCOTS3 Black,_BK,Black,Hand Bag,Sac,Fantasy PU,Polyurethane; Polyurethane; Polyester,Silver Plated,,39.99,/242/54/225078_BK_1,,info,IMG_FILE_MISSING,,,,
225153_BK,225153,Crossbody Bag WESTERN1 Black,_BK,Black,Hand Bag,Cross,Plain PU,Polyester; Polyurethane; Polyurethane,Silver,,25.99,/242/54/225153_BK_1,,info,IMG_FILE_MISSING;SALES_MISSING,,,,
225153_EC,225153,Crossbody Bag WESTERN1 Ecru,_EC,Ecru,Hand Bag,Cross,Plain PU,Polyurethane; Polyester; Polyurethane,Silver,,25.99,/242/54/225153_EC_1,,info,IMG_FILE_MISSING;SALES_MISSING,,,,
225153_TU,225153,Crossbody Bag WESTERN1 Taupe,_TU,Taupe,Hand Bag,Cross,Plain PU,Polyester; Polyurethane; Polyurethane,Silver,,25.99,/242/54/225153_TU_1,,info,IMG_FILE_MISSING;SALES_MISSING,,,,
225154_YL,225154,Crossbody Bag WESTERN1 Yellow,_YL,Yellow,Hand Bag,Cross,Fantasy PU,Polyester; Polyurethane; Polyurethane,Silver,,25.99,/242/54/225154_YL_1,,info,IMG_FILE_MISSING;SALES_MISSING,,,,
225226_BK,225226,Tote Bag COLLAGE3 Black,_BK,Black,Hand Bag,Tote,Nylon,Polyester; Polyester; Polyester; Polyester; Polyurethane,Silver,,29.99,/242/54/225226_BK_1,,info,IMG_FILE_MISSING,,,,
225226_TU,225226,Tote Bag COLLAGE3 Taupe,_TU,Taupe,Hand Bag,Tote,Nylon,Polyester; Polyester; Polyester; Polyurethane; Polyester,Silver,,29.99,/242/54/225226_TU_1,,info,IMG_FILE_MISSING,,,,
225645_BU,225645,Shoulder Bag COLLAGE3 Burgundy,_BU,Burgundy,Hand Bag,Shoulder Bag,Fantasy Fabric,Polyester; Polyester; Polyurethane; Polyurethane,,,23.99,/242/54/225645_BU_1,,info,IMG_FILE_MISSING,,,,
225645_GN,225645,Shoulder Bag COLLAGE3 Green,_GN,Green,Hand Bag,Shoulder Bag,Fantasy Fabric,Polyester; Polyurethane; Polyurethane; Polyester,,,23.99,/242/54/225645_GN_1,,info,IMG_FILE_MISSING,,,,
225660_DM,225660,Sac COLLAGE2 Dark Multicolor,_DM,Dark Multicolor,Hand Bag,Sac,Printed Nylon,Polyester; Polyester; Polyurethane; Polyester; Aluminium; Rubber,,,35.99,/242/54/225660_DM_1,,info,IMG_FILE_MISSING,,,,
225673_BK,225673,Tote Bag COLLAGE1 Black,_BK,Black,Hand Bag,Tote,Peach PU,Polyurethane; Polyester; Rubber; Polyurethane; Polyester; Polyurethane,Silver,,29.99,/242/54/225673_BK_1,,info,IMG_FILE_MISSING,,,,
225673_BN,225673,Tote Bag COLLAGE1 Brown,_BN,Brown,Hand Bag,Tote,Peach PU,Polyurethane; Polyurethane; Polyester; Polyester; Rubber; Polyurethane,Silver,,29.99,/242/54/225673_BN_1,,info,IMG_FILE_MISSING,,,,
225673_TU,225673,Tote Bag COLLAGE1 Taupe,_TU,Taupe,Hand Bag,Tote,Peach PU,Polyurethane; Polyester; Rubber; Polyester; Polyurethane; Polyurethane,Silver,,29.99,/242/54/225673_TU_1,,info,IMG_FILE_MISSING,,,,
226297_BK,226297,Tote Bag BROOKE Black,_BK,Black,Hand Bag,Tote,Plain PU,Polyurethane; Polyester; Polyurethane; Polyurethane; Polyester; Polyurethane,Light Golden,,25.99,/242/54/226297_BK_1,,info,IMG_FILE_MISSING,,,,
226297_EC,226297,Tote Bag BROOKE Ecru,_EC,Ecru,Hand Bag,Tote,Plain PU,Polyurethane; Polyester; Polyurethane; Polyester; Polyurethane; Polyurethane,Light Golden,,25.99,/242/54/226297_EC_1,,info,IMG_FILE_MISSING,,,,
226297_KK,226297,Tote Bag BROOKE Khaki,_KK,Khaki,Hand Bag,Tote,Plain PU,Polyurethane; Polyester; Polyester; Polyurethane; Polyurethane; Polyurethane,Light Golden,,25.99,/242/54/226297_KK_1,,info,IMG_FILE_MISSING,,,,
226302_KK,226302,Crossbody Bag BROOKE Khaki,_KK,Khaki,Hand Bag,Cross,Jacquard,Polyester; Polyester; Polyurethane,Light Golden,,29.99,/242/54/226302_KK_1,,info,IMG_FILE_MISSING,,,,
226410_WT,226410,Shopper Bag LEOPOLDO CAPSULE White,_WT,White,Hand Bag,Shopper,Printed Nylon,Polyurethane; Polyester; Polyester,Silver,,29.99,/242/54/226410_WT_1,,info,IMG_FILE_MISSING,,,,
226461_EC,226461,Crossbody Bag PARKER Ecru,_EC,Ecru,Hand Bag,Cross,Nylon,Polyurethane; Polyurethane; Polyester; Polyester; Polyester,,,23.99,/242/54/226461_EC_1,,info,IMG_FILE_MISSING,,,,
226461_PK,226461,Crossbody Bag PARKER Pink,_PK,Pink,Hand Bag,Cross,Nylon,Polyurethane; Polyurethane; Polyester; Polyester; Polyester,,,23.99,/242/54/226461_PK_1,,info,IMG_FILE_MISSING;SALES_MISSING,,,,
226515_BG,226515,Tote Bag BUKLEY Beige,_BG,Beige,Hand Bag,Tote,Plain PU,Polyester; Zinc; Polyester; Polyester; Polyurethane; Polyurethane; Polyester; Polyurethane,,,25.99,/242/54/226515_BG_1,,info,IMG_FILE_MISSING,,,,
226515_BK,226515,Tote Bag BUKLEY Black,_BK,Black,Hand Bag,Tote,Plain PU,Polyurethane; Polyurethane; Polyester; Zinc; Polyester; Polyester; Polyester; Polyurethane,,,25.99,/242/54/226515_BK_1,,info,IMG_FILE_MISSING;SALES_MISSING,,,,
226515_EC,226515,Tote Bag BUKLEY Ecru,_EC,Ecru,Hand Bag,Tote,Plain PU,Polyurethane; Zinc; Polyester; Polyester; Polyester; Polyurethane; Polyurethane; Polyester,,,25.99,/242/54/226515_EC_1,,info,IMG_FILE_MISSING;SALES_MISSING,,,,
226599_BK,226599,Tote Bag CLAUDIS CAPSULE Black,_BK,Black,Hand Bag,Tote,Fantasy PU,Polyurethane; Polyurethane,Silver,,27.99,/242/54/226599_BK_1,,info,IMG_FILE_MISSING,,,,
226599_EC,226599,Tote Bag CLAUDIS CAPSULE Ecru,_EC,Ecru,Hand Bag,Tote,Fantasy PU,Polyurethane; Polyurethane,Silver,,27.99,/242/54/226599_EC_1,,info,IMG_FILE_MISSING,,,,
226599_NV,226599,Tote Bag CLAUDIS CAPSULE Navy,_NV,Navy,Hand Bag,Tote,Fantasy PU,Polyurethane; Polyurethane,Silver,,27.99,/242/54/226599_NV_1,,info,IMG_FILE_MISSING,,,,
226599_TU,226599,Tote Bag CLAUDIS CAPSULE Taupe,_TU,Taupe,Hand Bag,Tote,Fantasy PU,Polyurethane; Polyurethane,Silver,,27.99,/242/54/226599_TU_1,,info,IMG_FILE_MISSING,,,,
226599_YL,226599,Tote Bag CLAUDIS CAPSULE Yellow,_YL,Yellow,Hand Bag,Tote,Fantasy PU,Polyurethane; Polyurethane,Silver,,27.99,/242/54/226599_YL_1,,info,IMG_FILE_MISSING,,,,
226701_BK,226701,Bucket Bag WESTERN2 Black,_BK,Black,Hand Bag,Bucket,Real Suede,Polyurethane; Polyurethane; Cow Suede Leather,,,27.99,/242/54/226701_BK_1,,info,IMG_FILE_MISSING,,,,
226701_BU,226701,Bucket Bag WESTERN2 Burgundy,_BU,Burgundy,Hand Bag,Bucket,Real Suede,Cow Suede Leather; Polyurethane; Polyurethane,,,27.99,/242/54/226701_BU_1,,info,IMG_FILE_MISSING,,,,
226701_KK,226701,Bucket Bag WESTERN2 Khaki,_KK,Khaki,Hand Bag,Bucket,Real Suede,Polyurethane; Cow Suede Leather; Polyurethane,,,27.99,/242/54/226701_KK_1,,info,IMG_FILE_MISSING,,,,
226701_MD,226701,Bucket Bag WESTERN2 Mustard,_MD,Mustard,Hand Bag,Bucket,Real Suede,Polyurethane; Cow Suede Leather; Polyurethane,,,27.99,/242/54/226701_MD_1,,info,IMG_FILE_MISSING,,,,
226750_YL,226750,Shopper Bag WESTERN3 Yellow,_YL,Yellow,Hand Bag,Shopper,Fantasy Fabric,Wool; Wool; Polyester; Polyester; Polyurethane,Silver,,29.99,/242/54/226750_YL_1,,info,IMG_FILE_MISSING,,,,
226919_BU,226919,Backpack LEO3 Burgundy,_BU,Burgundy,Hand Bag,Backpack,Fantasy Fabric,Polyester; Thermoplastic Polyurethane; Cotton; Polyester,,,49.99,/242/54/226919_BU_1,,info,IMG_FILE_MISSING,,,,
227610_BK,227610,Computer Hand Bag COLLAGE3 Black,_BK,Black,Hand Bag,Computer Hand Bag,Nylon,Polyester; Polyester,Silver,,29.99,/242/54/227610_BK_1,,info,IMG_FILE_MISSING;SALES_MISSING,,,,
227610_BU,227610,Computer Hand Bag COLLAGE3 Burgundy,_BU,Burgundy,Hand Bag,Computer Hand Bag,Nylon,Polyester; Polyester,Silver,,29.99,/242/54/227610_BU_1,,info,IMG_FILE_MISSING;SALES_MISSING,,,,
229316_OR,229316,Shopper Bag BRAIDED LEATHER Orange,_OR,Orange,Hand Bag,Shopper,Leather,Cotton; Cow Leather; Cotton; Cotton,Silver,,69.99,/242/54/229316_OR_1,,info,IMG_FILE_MISSING;SALES_MISSING,,,,
214552_BK,214552,Earring ECLIPSE Black,_BK,Black,Jewellery,Earrings,Hoop Earrings,Zinc; Acrylic,Golden,,4.99,/232/52/214552_BK_1,,info,IMG_FILE_MISSING,,,,
214558_BK,214558,Earring ECLIPSE Black,_BK,Black,Jewellery,Earrings,Hoop Earrings,Glass; Zinc,Golden,,7.99,/232/52/214558_BK_1,,info,IMG_FILE_MISSING,,,,
214572_MI,214572,Earring Moonlight azure Midnight Blue,_MI,Midnight Blue,Jewellery,Earrings,Hoop Earrings,Enamel; Zinc,Golden,,5.99,/232/52/214572_MI_1,,info,IMG_FILE_MISSING,,,,
214582_MI,214582,Earring Moonlight azure Midnight Blue,_MI,Midnight Blue,Jewellery,Earrings,Hoop Earrings,Glass; Iron,Other,,5.99,/232/52/214582_MI_1,,info,IMG_FILE_MISSING,,,,
214598_MI,214598,Earring Moonlight azure Midnight Blue,_MI,Midnight Blue,Jewellery,Earrings,Hoop Earrings,Acrylic; Enamel; Iron,Golden,,7.99,/232/52/214598_MI_1,,info,IMG_FILE_MISSING,,,,
214621_BK,214621,Earring Hallo Black,_BK,Black,Jewellery,Earrings,Dangle,Glass; Iron,Silver,,15.99,/232/52/214621_BK_1,,info,IMG_FILE_MISSING,,,,
214621_SV,214621,Earring TREND Silver,_SV,Silver,Jewellery,Earrings,Dangle,Glass; Iron,Silver,,15.99,/232/52/214621_SV_1,,info,IMG_FILE_MISSING,,,,
214622_BM,214622,Earring TREND Bright Multicolor,_BM,Bright Multicolor,Jewellery,Earrings,Dangle,Acrylic; Zinc,Other,,19.99,/232/52/214622_BM_1,,info,IMG_FILE_MISSING,,,,
214632_HM,214632,Earring TREND Halftone Multicolor,_HM,Halftone Multicolor,Jewellery,Earrings,Dangle,Glass; Iron,Other,,12.99,/232/52/214632_HM_1,,info,IMG_FILE_MISSING,,,,
214640_HM,214640,Earring TREND Halftone Multicolor,_HM,Halftone Multicolor,Jewellery,Earrings,Dangle,Brass; Glass,Black Nikel,,15.99,/232/52/214640_HM_1,,info,IMG_FILE_MISSING,,,,
214649_SV,214649,Earring TREND Silver,_SV,Silver,Jewellery,Earrings,Dangle,Brass; Glass,Black Nikel,,12.99,/232/52/214649_SV_1,,info,IMG_FILE_MISSING,,,,
214671_BM,214671,Necklace CANICHE CAMPAIGN Bright Multicolor,_BM,Bright Multicolor,Jewellery,Necklaces,Collar,Iron; Polyester,Golden,,23.99,/232/52/214671_BM_1,,info,IMG_FILE_MISSING,,,,
216731_BK,216731,Masks Halloween capsula Black,_BK,Black,Jewellery,Other Jewellery,Masks,Polyester,Golden,,19.99,/232/52/216731_BK_1,,info,IMG_FILE_MISSING,,,,
216739_GD,216739,Jewellery WEDGE JUTE GOLD Gold,_GD,Gold,Jewellery,Charms,Symbol,Brass,Gold Plated,,12.99,/241/52/216739_GD_1,,info,IMG_FILE_MISSING,,,,
221266_GD,221266,Earring GLDN DEL Gold,_GD,Gold,Jewellery,Earrings,Stud,Zinc,,,3.99,/242/52/221266_GD_1,221266_GD_1.jpg,info,SALES_MISSING,,,,
224296_HM,224296,Necklace MONETT Halftone Multicolor,_HM,Halftone Multicolor,Jewellery,Necklaces,Y-Necklace,Thermoplastic Polyurethane; Zinc; Resin; Brass; Cork,Golden,,12.99,/242/52/224296_HM_1,224296_HM_1.jpg,info,SALES_MISSING,,,,
225068_BL,225068,Set of Earrings ATMOSPHERE Blue,_BL,Blue,Jewellery,Earrings,Hoop Earrings,Cork; Iron; Resin; Enamel; Zinc,Rodhium,,5.99,/242/52/225068_BL_1,,info,IMG_FILE_MISSING,,,,
225169_GD,225169,Earring Golden Basics Gold,_GD,Gold,Jewellery,Earrings,Clip Earrings,Brass,Golden,,5.99,/242/52/225169_GD_1,,info,IMG_FILE_MISSING,,,,
225169_SV,225169,Earring SILVER BASICS Silver,_SV,Silver,Jewellery,Earrings,Clip Earrings,Brass,Rodhium,,5.99,/242/52/225169_SV_1,,info,IMG_FILE_MISSING,,,,
225172_SV,225172,Ring SILVER BASICS Silver,_SV,Silver,Jewellery,Rings,Cocktail,Cork; Zinc,Rodhium,,7.99,/242/52/225172_SV_1,,info,IMG_FILE_MISSING,,,,
225185_SV,225185,Bracelet SILVER BASICS Silver,_SV,Silver,Jewellery,Bracelets,Elastic Bracelet,Zinc,Rodhium,,9.99,/242/52/225185_SV_1,,info,IMG_FILE_MISSING,,,,
225233_WT,225233,Bracelet NEW CLASSIC White,_WT,White,Jewellery,Bracelets,Elastic Bracelet,Glass; Acrylic; Iron,Other,,12.99,/242/52/225233_WT_1,,info,IMG_FILE_MISSING,,,,
225241_WT,225241,Necklace NEW CLASSIC White,_WT,White,Jewellery,Necklaces,Pendant,Cork; Zinc; Thermoplastic Polyurethane; Iron,Golden,,15.99,/242/52/225241_WT_1,,info,IMG_FILE_MISSING,,,,
225245_WT,225245,Set of Bracelets NEW CLASSIC White,_WT,White,Jewellery,Bracelets,Elastic Bracelet,Acrylic; Thermoplastic Polyurethane,Golden,,7.99,/242/52/225245_WT_1,,info,IMG_FILE_MISSING,,,,
225250_WT,225250,Earring NEW CLASSIC White,_WT,White,Jewellery,Earrings,Hoop Earrings,Cork; Zinc; Acrylic,Golden,,5.99,/242/52/225250_WT_1,,info,IMG_FILE_MISSING,,,,
225259_PE,225259,Set of Earrings NEW CLASSIC Pearl,_PE,Pearl,Jewellery,Earrings,Stud,Cork; Acrylic; Brass; Iron,Golden,,7.99,/242/52/225259_PE_1,,info,IMG_FILE_MISSING,,,,
225265_WT,225265,Bracelet NEW CLASSIC White,_WT,White,Jewellery,Bracelets,Anklet,Cork; Acrylic,Golden,,6.99,/242/52/225265_WT_1,,info,IMG_FILE_MISSING,,,,
225272_WT,225272,Necklace NEW CLASSIC White,_WT,White,Jewellery,Necklaces,Beaded Necklace,Cork; Iron; Acrylic,Golden,,12.99,/242/52/225272_WT_1,,info,IMG_FILE_MISSING,,,,
225279_WT,225279,Necklace NEW CLASSIC White,_WT,White,Jewellery,Necklaces,Beaded Necklace,Acrylic; Zinc; Cork,Other,,15.99,/242/52/225279_WT_1,,info,IMG_FILE_MISSING,,,,
225503_GD,225503,Earring NEW CLASSIC Gold,_GD,Gold,Jewellery,Earrings,Hoop Earrings,Zinc; Thermoplastic Polyurethane,Golden,,5.99,/242/52/225503_GD_1,,info,IMG_FILE_MISSING,,,,
225507_GD,225507,Ring NEW CLASSIC Gold,_GD,Gold,Jewellery,Rings,Band Ring,Zinc; Cork,Golden,,6.99,/242/52/225507_GD_1,,info,IMG_FILE_MISSING,,,,
225514_PE,225514,Necklace NEW CLASSIC Pearl,_PE,Pearl,Jewellery,Necklaces,Pendant,Zinc; Iron; Acrylic; Cork,Golden,,10.99,/242/52/225514_PE_1,,info,IMG_FILE_MISSING,,,,
225585_HM,225585,Earring MODERN STONES Halftone Multicolor,_HM,Halftone Multicolor,Jewellery,Earrings,Hoop Earrings,Brass; Resin,Golden,,5.99,/242/52/225585_HM_1,,info,IMG_FILE_MISSING,,,,
225596_HM,225596,Necklace MODERN STONES Halftone Multicolor,_HM,Halftone Multicolor,Jewellery,Necklaces,Beaded Necklace,Cork; Thermoplastic Polyurethane; Resin; Stone; Iron; Zinc,Golden,,12.99,/242/52/225596_HM_1,,info,IMG_FILE_MISSING,,,,
225641_HM,225641,Necklace MODERN STONES Halftone Multicolor,_HM,Halftone Multicolor,Jewellery,Necklaces,Pendant,Polyamide; Stone; Zinc; Iron,Golden,,12.99,/242/52/225641_HM_1,,info,IMG_FILE_MISSING,,,,
225669_GY,225669,Earring MODERN STONES Grey,_GY,Grey,Jewellery,Earrings,Dangle,Resin; Iron; Cork,,,5.99,/242/52/225669_GY_1,,info,IMG_FILE_MISSING,,,,
225674_HM,225674,Necklace MODERN STONES Halftone Multicolor,_HM,Halftone Multicolor,Jewellery,Necklaces,Pendant,Cork; Stone; Thermoplastic Polyurethane; Zinc; Polyester,,,10.99,/242/52/225674_HM_1,,info,IMG_FILE_MISSING,,,,
225679_HM,225679,Earring MODERN STONES Halftone Multicolor,_HM,Halftone Multicolor,Jewellery,Earrings,Hoop Earrings,Thermoplastic Polyurethane; Iron; Cork,Golden,,7.99,/242/52/225679_HM_1,,info,IMG_FILE_MISSING,,,,
226208_HM,226208,Necklace MODERN STONES Halftone Multicolor,_HM,Halftone Multicolor,Jewellery,Necklaces,Pendant,Cork; Steel; Stone; Thermoplastic Polyurethane; Zinc,,,10.99,/242/52/226208_HM_1,,info,IMG_FILE_MISSING,,,,
226212_LN,226212,Ring MODERN STONES Light Green,_LN,Light Green,Jewellery,Rings,Stone/Gem,Cork; Zinc; Stone,Golden,,5.99,/242/52/226212_LN_1,,info,IMG_FILE_MISSING,,,,
226224_HM,226224,Bracelet MODERN STONES Halftone Multicolor,_HM,Halftone Multicolor,Jewellery,Bracelets,Adjustable Bracelet,Cork; Brass; Thermoplastic Polyurethane; Polyester,,,6.99,/242/52/226224_HM_1,,info,IMG_FILE_MISSING,,,,
226229_HM,226229,Ring MODERN STONES Halftone Multicolor,_HM,Halftone Multicolor,Jewellery,Rings,Stone/Gem,Cork; Resin; Zinc,Golden,,6.99,/242/52/226229_HM_1,,info,IMG_FILE_MISSING,,,,
226289_HM,226289,Earring MODERN STONES Halftone Multicolor,_HM,Halftone Multicolor,Jewellery,Earrings,Dangle,Cork; Brass; Resin; Zinc; Stone,Golden,,7.99,/242/52/226289_HM_1,,info,IMG_FILE_MISSING,,,,
226295_PK,226295,Set of Earrings MODERN STONES Pink,_PK,Pink,Jewellery,Earrings,Hoop Earrings,Enamel; Zinc; Cork; Resin; Stone; Iron,Golden,,8.99,/242/52/226295_PK_1,,info,IMG_FILE_MISSING,,,,
226343_BU,226343,Earring WESTERNP Burgundy,_BU,Burgundy,Jewellery,Earrings,Stud,Resin; Zinc; Copper,Worn Gold,,5.99,/242/52/226343_BU_1,,info,IMG_FILE_MISSING,,,,
226349_BU,226349,Necklace WESTERNP Burgundy,_BU,Burgundy,Jewellery,Necklaces,Pendant,Zinc; Iron; Stone; Cork,Worn Gold,,12.99,/242/52/226349_BU_1,,info,IMG_FILE_MISSING,,,,
226360_SV,226360,Ring LIGHTNING BOLD Silver,_SV,Silver,Jewellery,Rings,Cocktail,Zirconium; Brass; Cork,,,12.99,/242/52/226360_SV_1,,info,IMG_FILE_MISSING,,,,
226370_GD,226370,Earring LIGHTNING BOLD Gold,_GD,Gold,Jewellery,Earrings,Dangle,Zinc; Glass; Cork,Golden,,7.99,/242/52/226370_GD_1,,info,IMG_FILE_MISSING;SALES_MISSING,,,,
226374_MI,226374,Ring NEPTUNE Midnight Blue,_MI,Midnight Blue,Jewellery,Rings,Cocktail,Glass; Brass,Black Nikel,,6.99,/242/52/226374_MI_1,,info,IMG_FILE_MISSING,,,,
226381_MI,226381,Earring NEPTUNE Midnight Blue,_MI,Midnight Blue,Jewellery,Earrings,Drop,Thermoplastic Polyurethane; Glass,Black Nikel,,12.99,/242/52/226381_MI_1,,info,IMG_FILE_MISSING,,,,
226392_BU,226392,Necklace WESTERNP Burgundy,_BU,Burgundy,Jewellery,Necklaces,Pendant,Cork; Copper; Suede; Iron; Zinc; Thermoplastic Polyurethane,Worn Gold,,10.99,/242/52/226392_BU_1,,info,IMG_FILE_MISSING,,,,
226396_BU,226396,Earring WESTERNP Burgundy,_BU,Burgundy,Jewellery,Earrings,Stud,Glass; Zinc; Acrylic; Cork,Worn Gold,,7.99,/242/52/226396_BU_1,,info,IMG_FILE_MISSING,,,,
226401_BU,226401,Bracelet WESTERNP Burgundy,_BU,Burgundy,Jewellery,Bracelets,Elastic Bracelet,Zinc; Thermoplastic Polyurethane; Brass; Acrylic; Cork,Worn Gold,,7.99,/242/52/226401_BU_1,,info,IMG_FILE_MISSING,,,,
226406_BU,226406,Necklace WESTERNP Burgundy,_BU,Burgundy,Jewellery,Necklaces,Beaded Necklace,Glass; Iron,Worn Gold,,15.99,/242/52/226406_BU_1,,info,IMG_FILE_MISSING,,,,
226426_BU,226426,Earring WESTERNP Burgundy,_BU,Burgundy,Jewellery,Earrings,Hoop Earrings,Glass; Iron,Worn Gold,,5.99,/242/52/226426_BU_1,,info,IMG_FILE_MISSING,,,,
226431_BU,226431,Earring WESTERNP Burgundy,_BU,Burgundy,Jewellery,Earrings,Dangle,Resin; Stone; Glass; Zinc; Iron; Cork,Worn Gold,,8.99,/242/52/226431_BU_1,,info,IMG_FILE_MISSING,,,,
226440_BU,226440,Earring WESTERNP Burgundy,_BU,Burgundy,Jewellery,Earrings,Dangle,Iron; Resin,Worn Gold,,7.99,/242/52/226440_BU_1,,info,IMG_FILE_MISSING,,,,
226480_GD,226480,Ring LIGHTNING BOLD Gold,_GD,Gold,Jewellery,Rings,Cocktail,Cork; Zirconium; Copper; Crystal Glass,,,9.99,/242/52/226480_GD_1,,info,IMG_FILE_MISSING,,,,
226485_GD,226485,Earring LIGHTNING BOLD Gold,_GD,Gold,Jewellery,Earrings,Stud,Cork; Brass; Zirconium,,,9.99,/242/52/226485_GD_1,,info,IMG_FILE_MISSING,,,,
226492_SV,226492,Earring LIGHTNING BOLD Silver,_SV,Silver,Jewellery,Earrings,Stud,Cork; Brass; Zirconium,,,8.99,/242/52/226492_SV_1,,info,IMG_FILE_MISSING,,,,
226497_GD,226497,Earring LIGHTNING BOLD Gold,_GD,Gold,Jewellery,Earrings,Hoop Earrings,Cork; Brass; Zirconium,Golden,,7.99,/242/52/226497_GD_1,,info,IMG_FILE_MISSING,,,,
226501_MI,226501,Bracelet NEPTUNE Midnight Blue,_MI,Midnight Blue,Jewellery,Bracelets,Non-Adjustable Bracelet,Iron; Thermoplastic Polyurethane,Black Nikel,,6.99,/242/52/226501_MI_1,,info,IMG_FILE_MISSING,,,,
226514_GD,226514,Earring LIGHTNING BOLD Gold,_GD,Gold,Jewellery,Earrings,Hoop Earrings,Zirconium; Cork; Zinc,Golden,,12.99,/242/52/226514_GD_1,,info,IMG_FILE_MISSING,,,,
226520_GD,226520,Earring LIGHTNING BOLD Gold,_GD,Gold,Jewellery,Earrings,Stud,Zirconium; Brass; Cork,Golden,,15.99,/242/52/226520_GD_1,,info,IMG_FILE_MISSING,,,,
226527_SV,226527,Earring LIGHTNING BOLD Silver,_SV,Silver,Jewellery,Earrings,Stud,Brass; Zirconium; Acrylic,Silver,,7.99,/242/52/226527_SV_1,,info,IMG_FILE_MISSING,,,,
226531_GD,226531,Earring LIGHTNING BOLD Gold,_GD,Gold,Jewellery,Earrings,Stud,Zirconium; Cork; Zinc; Brass; Iron,Golden,,17.99,/242/52/226531_GD_1,,info,IMG_FILE_MISSING;SALES_MISSING,,,,
226583_BL,226583,Necklace NEPTUNE Blue,_BL,Blue,Jewellery,Necklaces,Beaded Necklace,Cork; Thermoplastic Polyurethane; Glass; Iron,Black Nikel,,15.99,/242/52/226583_BL_1,,info,IMG_FILE_MISSING;SALES_MISSING,,,,
226646_SV,226646,Earring NEPTUNE Silver,_SV,Silver,Jewellery,Earrings,Hoop Earrings,Glass; Iron,,,12.99,/242/52/226646_SV_1,,info,IMG_FILE_MISSING;SALES_MISSING,,,,
226670_BL,226670,Bracelet ARM MATERA Blue,_BL,Blue,Jewellery,Bracelets,Elastic Bracelet,Stone; Pearl; Zinc; Brass,Golden,,7.99,/242/52/226670_BL_1,,info,IMG_FILE_MISSING,,,,
226680_BM,226680,Bracelet ARM MATERA Bright Multicolor,_BM,Bright Multicolor,Jewellery,Bracelets,Adjustable Bracelet,Brass; Nylon; Stone; Zinc,Worn Gold,,7.99,/242/52/226680_BM_1,,info,IMG_FILE_MISSING,,,,
226695_MI,226695,Necklace NEPTUNE Midnight Blue,_MI,Midnight Blue,Jewellery,Necklaces,Beaded Necklace,Thermoplastic Polyurethane; Clay; Glass; Copper; Cork,,,12.99,/242/52/226695_MI_1,,info,IMG_FILE_MISSING,,,,
226702_MI,226702,Earring NEPTUNE Midnight Blue,_MI,Midnight Blue,Jewellery,Earrings,Stud,Cork; Glass; Clay,Black Nikel,,7.99,/242/52/226702_MI_1,,info,IMG_FILE_MISSING,,,,
226711_MI,226711,Set of Necklaces NEPTUNE Midnight Blue,_MI,Midnight Blue,Jewellery,Necklaces,Beaded Necklace,Zirconium; Glass; Resin; Iron; Brass; Resin; Iron; Brass; Cork; Resin; Iron; Brass; Resin; Iron; Brass,Black Nikel,,15.99,/242/52/226711_MI_1,,info,IMG_FILE_MISSING,,,,
226717_MI,226717,Earring NEPTUNE Midnight Blue,_MI,Midnight Blue,Jewellery,Earrings,Hoop Earrings,Zinc; Cork; Glass,Black Nikel,,7.99,/242/52/226717_MI_1,,info,IMG_FILE_MISSING;SALES_MISSING,,,,
226878_DB,226878,Sunglass Holder GALÁPAGOS Dark Brown,_DB,Dark Brown,Jewellery,Other Jewellery,Sunglass Holder,Cork; Resin; Iron,,,19.99,/242/52/226878_DB_1,,info,IMG_FILE_MISSING,,,,
226878_DN,226878,Sunglass Holder GALÁPAGOS Dark Green,_DN,Dark Green,Jewellery,Other Jewellery,Sunglass Holder,Cork; Iron; Resin,Antik Golden,,15.99,/242/52/226878_DN_1,,info,IMG_FILE_MISSING,,,,
226880_FG,226880,Necklace GALÁPAGOS Forest Green,_FG,Forest Green,Jewellery,Necklaces,Collar,Iron; Cork; Resin,Antik Golden,,17.99,/242/52/226880_FG_1,,info,IMG_FILE_MISSING;SALES_MISSING,,,,
226893_DB,226893,Earring GALÁPAGOS Dark Brown,_DB,Dark Brown,Jewellery,Earrings,Dangle,Acrylic; Iron; Thermoplastic Polyurethane; Cork,Antik Golden,,8.99,/242/52/226893_DB_1,,info,IMG_FILE_MISSING,,,,
226898_DM,226898,Necklace GALÁPAGOS Dark Multicolor,_DM,Dark Multicolor,Jewellery,Necklaces,Collar,Iron; Stone; Zinc; Cork; Acrylic,Antik Golden,,15.99,/242/52/226898_DM_1,,info,IMG_FILE_MISSING,,,,
226932_SV,226932,Bracelet SILVER BASICS Silver,_SV,Silver,Jewellery,Bracelets,Elastic Bracelet,Cork; Elastane; Zinc,Rodhium,,8.99,/242/52/226932_SV_1,,info,IMG_FILE_MISSING,,,,
226942_GD,226942,Set of Bracelets Golden Basics Gold,_GD,Gold,Jewellery,Bracelets,Elastic Bracelet,Cork; Steel,Golden,,12.99,/242/52/226942_GD_1,,info,IMG_FILE_MISSING,,,,
226971_DM,226971,Earring GALÁPAGOS Dark Multicolor,_DM,Dark Multicolor,Jewellery,Earrings,Dangle,Cork; Steel; Thermoplastic Polyurethane; Zinc,,,9.99,/242/52/226971_DM_1,,info,IMG_FILE_MISSING,,,,
226976_DB,226976,Earring GALÁPAGOS Dark Brown,_DB,Dark Brown,Jewellery,Earrings,Hoop Earrings,Cork; Zinc; Thermoplastic Polyurethane,Antik Golden,,7.99,/242/52/226976_DB_1,,info,IMG_FILE_MISSING,,,,
226980_DM,226980,Necklace GALÁPAGOS Dark Multicolor,_DM,Dark Multicolor,Jewellery,Necklaces,Chain,Cork; Resin; Iron; Stone,Antik Golden,,17.99,/242/52/226980_DM_1,,info,IMG_FILE_MISSING,,,,
227006_SV,227006,Ring QUADROS Silver,_SV,Silver,Jewellery,Rings,Cocktail,Cork; Zinc; Brass,Rodhium,,12.99,/242/52/227006_SV_1,,info,IMG_FILE_MISSING,,,,
227022_DM,227022,Necklace GALÁPAGOS Dark Multicolor,_DM,Dark Multicolor,Jewellery,Necklaces,Chain,Cork; Acrylic; Thermoplastic Polyurethane; Zinc; Resin; Iron; Stone,,,10.99,/242/52/227022_DM_1,,info,IMG_FILE_MISSING,,,,
227026_GD,227026,Ring Golden Basics Gold,_GD,Gold,Jewellery,Rings,Cocktail,Cork; Zinc,Golden,,5.99,/242/52/227026_GD_1,,info,IMG_FILE_MISSING,,,,
227037_DM,227037,Earring GALÁPAGOS Dark Multicolor,_DM,Dark Multicolor,Jewellery,Earrings,Hoop Earrings,Iron; Stone; Cork,,,9.99,/242/52/227037_DM_1,,info,IMG_FILE_MISSING,,,,
227042_DM,227042,Earring GALÁPAGOS Dark Multicolor,_DM,Dark Multicolor,Jewellery,Earrings,Clip Earrings,Zinc; Resin; Cork,Antik Golden,,7.99,/242/52/227042_DM_1,,info,IMG_FILE_MISSING,,,,
227082_DN,227082,Necklace TREND Dark Green,_DN,Dark Green,Jewellery,Necklaces,Beaded Necklace,Resin; Cotton; Iron,Other,,15.99,/242/52/227082_DN_1,,info,IMG_FILE_MISSING,,,,
227082_OR,227082,Necklace TREND Orange,_OR,Orange,Jewellery,Necklaces,Beaded Necklace,Iron; Resin; Cotton,Other,,15.99,/242/52/227082_OR_1,,info,IMG_FILE_MISSING,,,,
227086_BU,227086,Earring WESTERNP Burgundy,_BU,Burgundy,Jewellery,Earrings,Stud,Cork; Zinc; Acrylic,Worn Gold,,5.99,/242/52/227086_BU_1,,info,IMG_FILE_MISSING;SALES_MISSING,,,,
227114_DM,227114,Earring NEOPOP Dark Multicolor,_DM,Dark Multicolor,Jewellery,Earrings,Stud,Zinc; Glass,Black Nikel,,4.99,/242/52/227114_DM_1,,info,IMG_FILE_MISSING,,,,
227153_DM,227153,Ring NEOPOP Dark Multicolor,_DM,Dark Multicolor,Jewellery,Rings,Fantasy,Cork; Glass; Brass,Rodhium,,6.99,/242/52/227153_DM_1,,info,IMG_FILE_MISSING,,,,
227165_DM,227165,Necklace NEOPOP Dark Multicolor,_DM,Dark Multicolor,Jewellery,Necklaces,Beaded Necklace,Thermoplastic Polyurethane; Zinc; Glass; Cork,Black Nikel,,15.99,/242/52/227165_DM_1,,info,IMG_FILE_MISSING,,,,
227172_DM,227172,Earring NEOPOP Dark Multicolor,_DM,Dark Multicolor,Jewellery,Earrings,Dangle,Zinc; Glass; Cork,,,9.99,/242/52/227172_DM_1,,info,IMG_FILE_MISSING,,,,
227180_RO,227180,Earring NEOPOP Old Rose,_RO,Old Rose,Jewellery,Earrings,Hoop Earrings,Zinc; Glass; Cork,,,9.99,/242/52/227180_RO_1,,info,IMG_FILE_MISSING,,,,
227194_BM,227194,Ring NEOPOP Bright Multicolor,_BM,Bright Multicolor,Jewellery,Rings,Fantasy,Resin; Glass,,,8.99,/242/52/227194_BM_1,,info,IMG_FILE_MISSING,,,,
227202_DM,227202,Earring NEOPOP Dark Multicolor,_DM,Dark Multicolor,Jewellery,Earrings,Clip Earrings,Resin; Iron; Copper; Cork,,,9.99,/242/52/227202_DM_1,,info,IMG_FILE_MISSING,,,,
227207_GN,227207,Earring NEOPOP Green,_GN,Green,Jewellery,Earrings,Hoop Earrings,Enamel; Glass; Zinc; Cork,,,9.99,/242/52/227207_GN_1,,info,IMG_FILE_MISSING,,,,
227207_RO,227207,Earring NEOPOP Old Rose,_RO,Old Rose,Jewellery,Earrings,Hoop Earrings,Glass; Enamel; Zinc; Cork,,,9.99,/242/52/227207_RO_1,,info,IMG_FILE_MISSING,,,,
227244_GD,227244,Earring PERMANENT - SUSPENDED FR Gold,_GD,Gold,Jewellery,Earrings,Stud,Acrylic; Zinc,,,4.99,/242/52/227244_GD_1,,info,IMG_FILE_MISSING,,,,
227559_GD,227559,Bracelet TREND Gold,_GD,Gold,Jewellery,Bracelets,Cuff,Brass,Golden,,15.99,/242/52/227559_GD_1,,info,IMG_FILE_MISSING,,,,
227998_GD,227998,Earring Golden Basics Gold,_GD,Gold,Jewellery,Earrings,Clip Earrings,Cork; Zinc,Brushed Golden,,5.99,/242/52/227998_GD_1,,info,IMG_FILE_MISSING;SALES_MISSING,,,,
228002_GD,228002,Earring Golden Basics Gold,_GD,Gold,Jewellery,Earrings,Clip Earrings,Copper; Zinc; Rubber,Golden,,7.99,/242/52/228002_GD_1,,info,IMG_FILE_MISSING,,,,
228009_BK,228009,Earring Milagro Black,_BK,Black,Jewellery,Earrings,Clip Earrings,Cork; Zinc; Brass; Thermoplastic Polyurethane,Golden,,5.99,/242/52/228009_BK_1,,info,IMG_FILE_MISSING,,,,
228016_BK,228016,Bracelet Milagro Black,_BK,Black,Jewellery,Bracelets,Cuff,Cork; Enamel; Zinc,,,9.99,/242/52/228016_BK_1,,info,IMG_FILE_MISSING;SALES_MISSING,,,,
228684_GD,228684,Set of Rings Golden Basics Gold,_GD,Gold,Jewellery,Rings,Band Ring,Zinc,Golden,,7.99,/242/52/228684_GD_1,,info,IMG_FILE_MISSING,,,,
229399_SV,229399,Earring COWBOY Silver,_SV,Silver,Jewellery,Earrings,Clip Earrings,Acrylic; Brass; Cork,Silver,,15.99,/242/52/229399_SV_1,,info,IMG_FILE_MISSING;SALES_MISSING,,,,
229461_BM,229461,Necklace FUNNY COLLECTION Bright Multicolor,_BM,Bright Multicolor,Jewellery,Necklaces,Pendant,Glass; Cork; Iron,Golden,,35.99,/242/52/229461_BM_1,,info,IMG_FILE_MISSING;SALES_MISSING,,,,
214559_BM,214559,Coin Purse gina Bright Multicolor,_BM,Bright Multicolor,Wallet,Coin Purse,Real Fur,Cow Leather; Polyester,,,12.99,/232/62/214559_BM_1,,info,IMG_FILE_MISSING,,,,
214559_HM,214559,Coin Purse gina Halftone Multicolor,_HM,Halftone Multicolor,Wallet,Coin Purse,Real Fur,Cow Leather; Polyester,,,12.99,/232/62/214559_HM_1,,info,IMG_FILE_MISSING,,,,
214612_KK,214612,Wallet CAMI 1 Khaki,_KK,Khaki,Wallet,Wallet,Printed PU,Polyester; Polyurethane; Polyurethane; Thermoplastic Polyurethane,,,15.99,/241/62/214612_KK_1,,info,IMG_FILE_MISSING,,,,
222539_BG,222539,Wallet MARTHA Beige,_BG,Beige,Wallet,Wallet,Plain PU,Polyester; Polyurethane; Polyurethane,,,15.99,/242/62/222539_BG_1,222539_BG_1.jpg,info,SALES_MISSING,,,,
222539_WT,222539,Wallet MARTHA White,_WT,White,Wallet,Wallet,Plain PU,Polyester; Polyurethane; Polyurethane,,,15.99,/242/62/222539_WT_1,222539_WT_1.jpg,info,SALES_MISSING,,,,
225661_DM,225661,Wallet COLLAGE2 Dark Multicolor,_DM,Dark Multicolor,Wallet,Wallet,Printed PU,Polyurethane; Polyester; Polyester,,,12.99,/242/62/225661_DM_1,,info,IMG_FILE_MISSING,,,,
226319_BK,226319,Phone Holder BROOKE Black,_BK,Black,Wallet,Phone Holder,Jacquard,Polyester; Polyurethane; Polyester; Polyurethane,Light Golden,,17.99,/242/62/226319_BK_1,,info,IMG_FILE_MISSING,,,,
226609_DM,226609,Multipurpose Purse COLLAGE2 Dark Multicolor,_DM,Dark Multicolor,Wallet,Multipurpose Purse,Printed Nylon,Polyester; Polyurethane; Polyester,Silver,,17.99,/242/62/226609_DM_1,,info,IMG_FILE_MISSING,,,,
226623_BK,226623,Multipurpose Purse DOLLY Black,_BK,Black,Wallet,Multipurpose Purse,Nylon,Polyester; Polyamide,,,12.99,/242/62/226623_BK_1,,info,IMG_FILE_MISSING;SALES_MISSING,,,,
226623_PK,226623,Multipurpose Purse DOLLY Pink,_PK,Pink,Wallet,Multipurpose Purse,Nylon,Polyamide; Polyester,,,12.99,/242/62/226623_PK_1,,info,IMG_FILE_MISSING;SALES_MISSING,,,,
195320_BK,195320,Kaftan ESSENTIALS T DISPLAY 1 Black,_BK,Black,Apparel,Kaftan,Woven,Nylon; Polyester; Viscose,,Polyester,19.99,/221/64/195320_BK_1,195320_BK_1.jpg,none,,,,,
195320_EC,195320,Kaftan SANTOS Ecru,_EC,Ecru,Apparel,Kaftan,Woven,Polyamide; Polyester; Viscose,,,19.99,/221/64/195320_EC_1,195320_EC_1.jpg,none,,,,,
205275_BK,205275,Top APPAREL PROVISION Black,_BK,Black,Apparel,Top,Circular,Elastane; Viscose,,Viscose,17.99,/222/64/205275_BK_1,205275_BK_1.jpg,none,,,,,
206648_BM,206648,Kimono REPEAT Bright Multicolor,_BM,Bright Multicolor,Apparel,Kimono,Woven,Viscose,,Viscose,32.99,/231/64/206648_BM_1,206648_BM_1.jpg,none,,,,,
207648_BK,207648,T-shirt BLACKWHITE Black,_BK,Black,Apparel,T-shirt,Circular,Cotton; Polyester; Viscose,,Viscose,15.99,/232/64/207648_BK_1,207648_BK_1.jpg,none,,,,,
207648_FU,207648,T-shirt BILL Fuchsia,_FU,Fuchsia,Apparel,T-shirt,Circular,Cotton; Polyester; Viscose,,Viscose,15.99,/232/64/207648_FU_1,207648_FU_1.jpg,none,,,,,
207648_WT,207648,T-shirt ESSENTIALS T DISPLAY 1 White,_WT,White,Apparel,T-shirt,Circular,Cotton; Polyester; Viscose,,Viscose,15.99,/232/64/207648_WT_1,207648_WT_1.jpg,none,,,,,
208141_WT,208141,Dress BLACKWHITE White,_WT,White,Apparel,Dress,Woven,Cotton,,Cotton,25.99,/232/64/208141_WT_1,208141_WT_1.jpg,none,,,,,
208558_BK,208558,Shirt BLACKWHITE Black,_BK,Black,Apparel,Shirt,Woven,Cotton,,Cotton,19.99,/232/64/208558_BK_1,208558_BK_1.jpg,none,,,,,
208558_WT,208558,Shirt BLACKWHITE White,_WT,White,Apparel,Shirt,Woven,Cotton,,Cotton,19.99,/232/64/208558_WT_1,208558_WT_1.jpg,none,,,,,
209383_DM,209383,Dress ESSENTIALS T DISPLAY 1 Dark Multicolor,_DM,Dark Multicolor,Apparel,Dress,Woven,Viscose,,Viscose,35.99,/232/64/209383_DM_1,209383_DM_1.jpg,none,,,,,
209824_OR,209824,Dress LOVEBOX2 Orange,_OR,Orange,Apparel,Dress,Woven,Lyocell,,Lyocell,32.99,/232/64/209824_OR_1,209824_OR_1.jpg,none,,,,,
209830_BM,209830,Dress PAULINE Bright Multicolor,_BM,Bright Multicolor,Apparel,Dress,Woven,Viscose,,Viscose,32.99,/232/64/209830_BM_1,209830_BM_1.jpg,none,,,,,
209852_BM,209852,Shirt LOVEBOX Bright Multicolor,_BM,Bright Multicolor,Apparel,Shirt,Woven,Polyamide; Lyocell,,Lyocell,27.99,/232/64/209852_BM_1,209852_BM_1.jpg,none,,,,,
209965_BM,209965,Shirt SKALLI Bright Multicolor,_BM,Bright Multicolor,Apparel,Shirt,Woven,Cotton,,Cotton,22.99,/232/64/209965_BM_1,209965_BM_1.jpg,none,,,,,
210167_KK,210167,Skirt LOVEBOX3 Khaki,_KK,Khaki,Apparel,Skirt,Woven,Lyocell,,Lyocell,25.99,/232/64/210167_KK_1,210167_KK_1.jpg,none,,,,,
210167_RD,210167,Skirt LOVEBOX4 Red,_RD,Red,Apparel,Skirt,Woven,Lyocell,,Lyocell,25.99,/232/64/210167_RD_1,210167_RD_1.jpg,none,,,,,
210198_BM,210198,Dress ESSENTIALS T DISPLAY 1 Bright Multicolor,_BM,Bright Multicolor,Apparel,Dress,Woven,Cotton,,Cotton,25.99,/232/64/210198_BM_1,210198_BM_1.jpg,none,,,,,
210270_BM,210270,Vest LOVEBOX Bright Multicolor,_BM,Bright Multicolor,Apparel,Vest,Knit,Polyester; RECYCLED COTTON,,Polyester,25.99,/232/64/210270_BM_1,210270_BM_1.jpg,none,,,,,
210485_BM,210485,Dress ESSENTIALS T DISPLAY 1 Bright Multicolor,_BM,Bright Multicolor,Apparel,Dress,Woven,Cotton,,Cotton,25.99,/232/64/210485_BM_1,210485_BM_1.jpg,none,,,,,
210510_BL,210510,Dress KATELL Blue,_BL,Blue,Apparel,Dress,Woven,Viscose,,Viscose,32.99,/232/64/210510_BL_1,210510_BL_1.jpg,none,,,,,
210834_EC,210834,Top LAB JUNHO Ecru,_EC,Ecru,Apparel,Top,Woven,Modal,,Modal,29.99,/232/64/210834_EC_1,210834_EC_1.jpg,none,,,,,
210882_BM,210882,Kaftan TORANJA Bright Multicolor,_BM,Bright Multicolor,Apparel,Kaftan,Woven,Polyester; Viscose,,Polyester,22.99,/232/64/210882_BM_1,210882_BM_1.jpg,none,,,,,
210892_BU,210892,Kaftan ESSENTIALS T DISPLAY 1 Burgundy,_BU,Burgundy,Apparel,Kaftan,Woven,Polyester; Viscose,,Polyester,22.99,/232/64/210892_BU_1,210892_BU_1.jpg,none,,,,,
210892_OR,210892,Kaftan ESSENTIALS T DISPLAY 1 Orange,_OR,Orange,Apparel,Kaftan,Woven,Polyester; Viscose,,Polyester,22.99,/232/64/210892_OR_1,210892_OR_1.jpg,none,,,,,
210899_BM,210899,Dress BILL Bright Multicolor,_BM,Bright Multicolor,Apparel,Dress,Woven,Viscose,,Viscose,29.99,/232/64/210899_BM_1,210899_BM_1.jpg,none,,,,,
210899_BN,210899,Dress BILL Brown,_BN,Brown,Apparel,Dress,Woven,Viscose,,Viscose,29.99,/232/64/210899_BN_1,210899_BN_1.jpg,none,,,,,
210899_DM,210899,Dress BILL Dark Multicolor,_DM,Dark Multicolor,Apparel,Dress,Woven,Viscose,,Viscose,29.99,/232/64/210899_DM_1,210899_DM_1.jpg,none,,,,,
210916_EC,210916,Top LAB JUNHO Ecru,_EC,Ecru,Apparel,Top,Knit,Polyamide; Polyester; Viscose,,Viscose,35.99,/232/64/210916_EC_1,210916_EC_1.jpg,none,,,,,
210925_WT,210925,Sweatshirt NOTO White,_WT,White,Apparel,Sweatshirt,Circular,Cotton; Polyester,,Cotton,32.99,/232/64/210925_WT_1,210925_WT_1.jpg,none,,,,,
210982_LG,210982,Shirt LAB JULHO Light Grey,_LG,Light Grey,Apparel,Shirt,Woven,Polyamide; Lyocell,,Lyocell,32.99,/232/64/210982_LG_1,210982_LG_1.jpg,none,,,,,
211146_BM,211146,Dress LOVEBOX3 Bright Multicolor,_BM,Bright Multicolor,Apparel,Dress,Woven,Cotton,,Cotton,45.99,/232/64/211146_BM_1,211146_BM_1.jpg,none,,,,,
211309_BK,211309,Dress SUMMER BW CAPSULE Black,_BK,Black,Apparel,Dress,Woven,Viscose,,Viscose,35.99,/232/64/211309_BK_1,211309_BK_1.jpg,none,,,,,
211309_BM,211309,Dress SUMMER BW CAPSULE Bright Multicolor,_BM,Bright Multicolor,Apparel,Dress,Woven,Viscose,,Viscose,35.99,/232/64/211309_BM_1,211309_BM_1.jpg,none,,,,,
211309_DM,211309,Dress SummercapsuleJul Dark Multicolor,_DM,Dark Multicolor,Apparel,Dress,Woven,Viscose,,Viscose,35.99,/232/64/211309_DM_1,211309_DM_1.jpg,none,,,,,
211309_OR,211309,Dress SUMMER BW CAPSULE Orange,_OR,Orange,Apparel,Dress,Woven,Viscose,,Viscose,35.99,/232/64/211309_OR_1,211309_OR_1.jpg,none,,,,,
211310_BK,211310,Dress SUMMER BW CAPSULE Black,_BK,Black,Apparel,Dress,Woven,Viscose,,Viscose,35.99,/232/64/211310_BK_1,211310_BK_1.jpg,none,,,,,
211379_YL,211379,Shirt PAULINE Yellow,_YL,Yellow,Apparel,Shirt,Woven,Linen,,Linen,35.99,/232/64/211379_YL_1,211379_YL_1.jpg,none,,,,,
211448_DM,211448,Dress NOTO Dark Multicolor,_DM,Dark Multicolor,Apparel,Dress,Woven,Viscose,,Viscose,27.99,/232/64/211448_DM_1,211448_DM_1.jpg,none,,,,,
211471_BM,211471,Top TORANJA Bright Multicolor,_BM,Bright Multicolor,Apparel,Top,Woven,Cotton; Elastodieno,,Cotton,19.99,/232/64/211471_BM_1,211471_BM_1.jpg,none,,,,,
211500_BM,211500,Dress KATELL Bright Multicolor,_BM,Bright Multicolor,Apparel,Dress,Circular,Cotton,,Cotton,27.99,/232/64/211500_BM_1,211500_BM_1.jpg,none,,,,,
211559_BM,211559,Kaftan TORANJA Bright Multicolor,_BM,Bright Multicolor,Apparel,Kaftan,Woven,Modal,,Modal,32.99,/232/64/211559_BM_1,211559_BM_1.jpg,none,,,,,
211596_LL,211596,T-shirt PAULINE Lilac,_LL,Lilac,Apparel,T-shirt,Circular,Cotton; Polyester; Viscose,,Viscose,15.99,/232/64/211596_LL_1,211596_LL_1.jpg,none,,,,,
211651_WT,211651,Shirt LAB JULHO White,_WT,White,Apparel,Shirt,Woven,Cotton,,Cotton,39.99,/232/64/211651_WT_1,211651_WT_1.jpg,none,,,,,
211706_BN,211706,Dress LAB JUNHO Brown,_BN,Brown,Apparel,Dress,Woven,Viscose,,Viscose,49.99,/232/64/211706_BN_1,211706_BN_1.jpg,none,,,,,
211791_SV,211791,Trousers TALLEY Silver,_SV,Silver,Apparel,Trousers,Woven,Cotton; Cotton; Pearl,,Cotton,35.99,/232/64/211791_SV_1,211791_SV_1.jpg,none,,,,,
212037_BL,212037,Shirt LAB AGOSTO Blue,_BL,Blue,Apparel,Shirt,Woven,Acrylic; Cotton,,Cotton,29.99,/232/64/212037_BL_1,212037_BL_1.jpg,none,,,,,
212037_PK,212037,Shirt LAB AGOSTO Pink,_PK,Pink,Apparel,Shirt,Woven,Acrylic; Cotton,,Cotton,29.99,/232/64/212037_PK_1,212037_PK_1.jpg,none,,,,,
212096_BM,212096,Raincoat PRIESTLY Bright Multicolor,_BM,Bright Multicolor,Apparel,Raincoat,Woven,Polyester,,Polyester,49.99,/232/64/212096_BM_1,212096_BM_1.jpg,none,,,,,
212152_EC,212152,Blazer MAXI MAIO Ecru,_EC,Ecru,Apparel,Blazer,Woven,Linen; Viscose,,Viscose,59.99,/232/64/212152_EC_1,212152_EC_1.jpg,none,,,,,
212152_FU,212152,Blazer MAXI MAIO Fuchsia,_FU,Fuchsia,Apparel,Blazer,Woven,Linen; Viscose,,Viscose,59.99,/232/64/212152_FU_1,212152_FU_1.jpg,none,,,,,
212152_KK,212152,Blazer MAXI MAIO Khaki,_KK,Khaki,Apparel,Blazer,Woven,Linen; Viscose,,Viscose,59.99,/232/64/212152_KK_1,212152_KK_1.jpg,none,,,,,
212156_BK,212156,Dress BLACKWHITE Black,_BK,Black,Apparel,Dress,Woven,Viscose,,Viscose,32.99,/232/64/212156_BK_1,212156_BK_1.jpg,none,,,,,
212156_BL,212156,Dress MAXI MAIO Blue,_BL,Blue,Apparel,Dress,Woven,Viscose,,Viscose,32.99,/232/64/212156_BL_1,212156_BL_1.jpg,none,,,,,
212156_BN,212156,Dress MAXI MAIO Brown,_BN,Brown,Apparel,Dress,Woven,Viscose,,Viscose,32.99,/232/64/212156_BN_1,212156_BN_1.jpg,none,,,,,
212156_BU,212156,Dress MAXI MAIO Burgundy,_BU,Burgundy,Apparel,Dress,Woven,Viscose,,Viscose,32.99,/232/64/212156_BU_1,212156_BU_1.jpg,none,,,,,
212156_DG,212156,Dress MAXI AGOSTO Dark Grey,_DG,Dark Grey,Apparel,Dress,Woven,Viscose,,Viscose,32.99,/232/64/212156_DG_1,212156_DG_1.jpg,none,,,,,
212156_EC,212156,Dress MAXI MAIO Ecru,_EC,Ecru,Apparel,Dress,Woven,Viscose,,Viscose,32.99,/232/64/212156_EC_1,212156_EC_1.jpg,none,,,,,
212156_FU,212156,Dress MAXI AGOSTO Fuchsia,_FU,Fuchsia,Apparel,Dress,Woven,Viscose,,Viscose,32.99,/232/64/212156_FU_1,212156_FU_1.jpg,none,,,,,
212156_GN,212156,Dress MAXI AGOSTO Green,_GN,Green,Apparel,Dress,Woven,Viscose,,Viscose,32.99,/232/64/212156_GN_1,212156_GN_1.jpg,none,,,,,
212156_GY,212156,Dress MAXI AGOSTO Grey,_GY,Grey,Apparel,Dress,Woven,Viscose,,Viscose,32.99,/232/64/212156_GY_1,212156_GY_1.jpg,none,,,,,
212156_YL,212156,Dress MAXI MAIO Yellow,_YL,Yellow,Apparel,Dress,Woven,Viscose,,Viscose,32.99,/232/64/212156_YL_1,212156_YL_1.jpg,none,,,,,
212174_EC,212174,Trousers LAB JUNHO Ecru,_EC,Ecru,Apparel,Trousers,Woven,Linen,,Linen,39.99,/232/64/212174_EC_1,212174_EC_1.jpg,none,,,,,
212180_BG,212180,Raincoat T1 ESSENTIALS Beige,_BG,Beige,Apparel,Raincoat,Woven,Polyester,,,49.99,/232/64/212180_BG_1,212180_BG_1.jpg,none,,,,,
212180_GY,212180,Raincoat Tiffany Grey,_GY,Grey,Apparel,Raincoat,Woven,Polyester,,Polyester,49.99,/241/64/212180_GY_1,212180_GY_1.jpg,none,,,,,
212184_BN,212184,Trousers CAPRI 2 Brown,_BN,Brown,Apparel,Trousers,Woven,Polyester,,Polyester,32.99,/232/64/212184_BN_1,212184_BN_1.jpg,none,,,,,
212195_GN,212195,Skirt TAOR Green,_GN,Green,Apparel,Skirt,Woven,Cotton,,Cotton,35.99,/232/64/212195_GN_1,212195_GN_1.jpg,none,,,,,
212225_BG,212225,Trousers MAXI MAIO Beige,_BG,Beige,Apparel,Trousers,Woven,Viscose; Polyamide,,Viscose,35.99,/232/64/212225_BG_1,212225_BG_1.jpg,none,,,,,
212225_BK,212225,Trousers MAXI MAIO Black,_BK,Black,Apparel,Trousers,Woven,Polyamide; Viscose,,Viscose,35.99,/232/64/212225_BK_1,212225_BK_1.jpg,none,,,,,
212225_KK,212225,Trousers MAXI MAIO Khaki,_KK,Khaki,Apparel,Trousers,Woven,Polyamide; Viscose,,Viscose,35.99,/232/64/212225_KK_1,212225_KK_1.jpg,none,,,,,
212225_RD,212225,Trousers MAXI MAIO Red,_RD,Red,Apparel,Trousers,Woven,Polyamide; Viscose,,Viscose,35.99,/232/64/212225_RD_1,212225_RD_1.jpg,none,,,,,
212225_WT,212225,Trousers MAXI MAIO White,_WT,White,Apparel,Trousers,Woven,Polyamide; Viscose,,Viscose,35.99,/232/64/212225_WT_1,212225_WT_1.jpg,none,,,,,
212288_BK,212288,Sweater TUSCA Black,_BK,Black,Apparel,Sweater,Knit,Polyamide; Viscose,,Viscose,29.99,/232/64/212288_BK_1,212288_BK_1.jpg,none,,,,,
212347_GY,212347,Sweater TWINS Grey,_GY,Grey,Apparel,Sweater,Knit,Acrylic; Polyamide; Polyester; Wool,,Polyester,25.99,/232/64/212347_GY_1,212347_GY_1.jpg,none,,,,,
212347_OR,212347,Sweater TWINS Orange,_OR,Orange,Apparel,Sweater,Knit,Acrylic; Polyamide; Polyester; Wool,,Polyester,25.99,/232/64/212347_OR_1,212347_OR_1.jpg,none,,,,,
212355_KK,212355,Sweater ANDIE Khaki,_KK,Khaki,Apparel,Sweater,Knit,Acrylic; Elastane; Polyamide; Wool,,Polyamide,29.99,/232/64/212355_KK_1,212355_KK_1.jpg,none,,,,,
212355_PU,212355,Sweater NOTO Purple,_PU,Purple,Apparel,Sweater,Knit,Acrylic; Elastane; Polyamide; Wool,,Polyamide,29.99,/232/64/212355_PU_1,212355_PU_1.jpg,none,,,,,
212413_SV,212413,Shirt LAB AGOSTO Silver,_SV,Silver,Apparel,Shirt,Woven,Cotton; Elastodieno,,Cotton,32.99,/232/64/212413_SV_1,212413_SV_1.jpg,none,,,,,
212514_GY,212514,Coat CAPRI 2 Grey,_GY,Grey,Apparel,Coat,Circular,Cotton; Elastane; Polyester,,Cotton,39.99,/232/64/212514_GY_1,212514_GY_1.jpg,none,,,,,
212523_BM,212523,Dress Luna Bright Multicolor,_BM,Bright Multicolor,Apparel,Dress,Woven,Modal,,Modal,27.99,/232/64/212523_BM_1,212523_BM_1.jpg,none,,,,,
212523_FU,212523,Dress Luna Fuchsia,_FU,Fuchsia,Apparel,Dress,Woven,Modal,,Modal,27.99,/232/64/212523_FU_1,212523_FU_1.jpg,none,,,,,
212523_PU,212523,Dress Luna Purple,_PU,Purple,Apparel,Dress,Woven,Modal,,Modal,27.99,/232/64/212523_PU_1,212523_PU_1.jpg,none,,,,,
212580_BL,212580,Coat LAB AGOSTO Blue,_BL,Blue,Apparel,Coat,Woven,Cotton,,Cotton,69.99,/232/64/212580_BL_1,212580_BL_1.jpg,none,,,,,
212580_PK,212580,Coat LAB AGOSTO Pink,_PK,Pink,Apparel,Coat,Woven,Cotton,,Cotton,69.99,/232/64/212580_PK_1,212580_PK_1.jpg,none,,,,,
212600_BM,212600,Kimono LAB JULHO Bright Multicolor,_BM,Bright Multicolor,Apparel,Kimono,Woven,Cotton,,Cotton,89.99,/232/64/212600_BM_1,212600_BM_1.jpg,none,,,,,
212634_BM,212634,Dress TAOR Bright Multicolor,_BM,Bright Multicolor,Apparel,Dress,Woven,Viscose,,Viscose,39.99,/232/64/212634_BM_1,212634_BM_1.jpg,none,,,,,
212653_GY,212653,T-shirt TWINS Grey,_GY,Grey,Apparel,T-shirt,Circular,Elastane; Polyester; Viscose,,Viscose,23.99,/232/64/212653_GY_1,212653_GY_1.jpg,none,,,,,
212653_RD,212653,T-shirt TWINS Red,_RD,Red,Apparel,T-shirt,Circular,Polyester; Viscose; Elastane,,Viscose,23.99,/232/64/212653_RD_1,212653_RD_1.jpg,none,,,,,
212653_WT,212653,T-shirt T1 ESSENTIALS White,_WT,White,Apparel,T-shirt,Circular,Elastane; Polyester; Viscose,,,23.99,/232/64/212653_WT_1,212653_WT_1.jpg,none,,,,,
212654_BL,212654,Sweater PRIESTLY Blue,_BL,Blue,Apparel,Sweater,Knit,Acrylic; Alpaca; Elastane; Polyamide; Wool,,Nylon,29.99,/232/64/212654_BL_1,212654_BL_1.jpg,none,,,,,
212654_BU,212654,Sweater PRIESTLY Burgundy,_BU,Burgundy,Apparel,Sweater,Knit,Acrylic; Alpaca; Elastane; Polyamide; Wool,,Nylon,29.99,/232/64/212654_BU_1,212654_BU_1.jpg,none,,,,,
212654_PU,212654,Sweater PRIESTLY Purple,_PU,Purple,Apparel,Sweater,Knit,Acrylic; Alpaca; Elastane; Polyamide; Wool,,Nylon,29.99,/232/64/212654_PU_1,212654_PU_1.jpg,none,,,,,
212654_RD,212654,Sweater PRIESTLY Red,_RD,Red,Apparel,Sweater,Knit,Acrylic; Alpaca; Elastane; Polyamide; Wool,,Nylon,29.99,/232/64/212654_RD_1,212654_RD_1.jpg,none,,,,,
212703_EC,212703,Sweater LAB AGOSTO Ecru,_EC,Ecru,Apparel,Sweater,Knit,Polyamide; Polyester; Viscose,,Polyamide,35.99,/232/64/212703_EC_1,212703_EC_1.jpg,none,,,,,
212703_FU,212703,Sweater LAB AGOSTO Fuchsia,_FU,Fuchsia,Apparel,Sweater,Knit,Polyamide; Polyester; Viscose,,Polyamide,35.99,/232/64/212703_FU_1,212703_FU_1.jpg,none,,,,,
212798_GN,212798,Top MOTOMAMI CAPSULE Green,_GN,Green,Apparel,Top,Circular,Cotton,,Cotton,12.99,/232/64/212798_GN_1,212798_GN_1.jpg,none,,,,,
212846_BM,212846,Trousers Holt 3 Bright Multicolor,_BM,Bright Multicolor,Apparel,Trousers,Woven,Viscose,,Viscose,32.99,/232/64/212846_BM_1,212846_BM_1.jpg,none,,,,,
213023_BM,213023,Dress Holt Bright Multicolor,_BM,Bright Multicolor,Apparel,Dress,Woven,Viscose,,Viscose,39.99,/232/64/213023_BM_1,213023_BM_1.jpg,none,,,,,
213260_BM,213260,Dress LAB AGOSTO Bright Multicolor,_BM,Bright Multicolor,Apparel,Dress,Woven,Cotton; Polyester; Viscose; Lyocell; Elastodieno,,Cotton,27.99,/232/64/213260_BM_1,213260_BM_1.jpg,none,,,,,
213426_BK,213426,Coat LAB OUTUBRO Black,_BK,Black,Apparel,Coat,Woven,Polyamide; Polyester,,Polyamide,59.99,/232/64/213426_BK_1,213426_BK_1.jpg,none,,,,,
213426_EC,213426,Coat MIRO 3 Ecru,_EC,Ecru,Apparel,Coat,Woven,Polyamide; Polyester,,Polyamide,59.99,/232/64/213426_EC_1,213426_EC_1.jpg,none,,,,,
213432_BL,213432,Raincoat KATELL Blue,_BL,Blue,Apparel,Raincoat,Woven,Polyamide,,Polyamide,35.99,/232/64/213432_BL_1,213432_BL_1.jpg,none,,,,,
213434_BK,213434,Coat REMY 4 Black,_BK,Black,Apparel,Coat,Woven,Cotton; Polyamide; Polyester; Polyester,,Polyester,69.99,/232/64/213434_BK_1,213434_BK_1.jpg,none,,,,,
213434_BN,213434,Coat HOLT 2 Brown,_BN,Brown,Apparel,Coat,Woven,Polyamide; Polyester; Polyester; Cotton,,Polyester,69.99,/232/64/213434_BN_1,213434_BN_1.jpg,none,,,,,
213434_GN,213434,Coat LAB OUTUBRO Green,_GN,Green,Apparel,Coat,Woven,Cotton; Polyamide; Polyester; Polyester,,Polyester,69.99,/232/64/213434_GN_1,213434_GN_1.jpg,none,,,,,
213555_BK,213555,Shirt LAB OUTUBRO Black,_BK,Black,Apparel,Shirt,Woven,Polyamide; Lyocell,,Lyocell,27.99,/232/64/213555_BK_1,213555_BK_1.jpg,none,,,,,
213555_BL,213555,Shirt LAB OUTUBRO Blue,_BL,Blue,Apparel,Shirt,Woven,Polyamide; Lyocell,,Lyocell,27.99,/232/64/213555_BL_1,213555_BL_1.jpg,none,,,,,
213555_BN,213555,Shirt LAB OUTUBRO Brown,_BN,Brown,Apparel,Shirt,Woven,Polyamide; Lyocell,,Lyocell,27.99,/232/64/213555_BN_1,213555_BN_1.jpg,none,,,,,
213555_RD,213555,Shirt LAB OUTUBRO Burgundy,_BU,Burgundy,Apparel,Shirt,Woven,Polyamide; Lyocell,,Lyocell,27.99,/232/64/213555_BU_1,213555_BU_1.jpg,none,,,,,
213581_BK,213581,Raincoat MIRO 3 Black,_BK,Black,Apparel,Raincoat,Woven,Cotton; Polyester,,Polyester,59.99,/232/64/213581_BK_1,213581_BK_1.jpg,none,,,,,
213651_BN,213651,Sweatshirt Holt Brown,_BN,Brown,Apparel,Sweatshirt,Circular,Cotton; Polyester,,Cotton,29.99,/232/64/213651_BN_1,213651_BN_1.jpg,none,,,,,
213651_BU,213651,Sweatshirt Holt Burgundy,_BU,Burgundy,Apparel,Sweatshirt,Circular,Cotton; Polyester,,Cotton,29.99,/232/64/213651_BU_1,213651_BU_1.jpg,none,,,,,
213655_NV,213655,Shirt NIGEL Navy,_NV,Navy,Apparel,Shirt,Woven,Viscose,,Viscose,35.99,/232/64/213655_NV_1,213655_NV_1.jpg,none,,,,,
213668_BL,213668,Trousers LAB OUTUBRO Blue,_BL,Blue,Apparel,Trousers,Woven,Viscose; Lyocell,,Lyocell,32.99,/232/64/213668_BL_1,213668_BL_1.jpg,none,,,,,
213668_GN,213668,Trousers LAB OUTUBRO Green,_GN,Green,Apparel,Trousers,Woven,Viscose; Lyocell,,Lyocell,32.99,/232/64/213668_GN_1,213668_GN_1.jpg,none,,,,,
213668_YL,213668,Trousers LAB OUTUBRO Yellow,_YL,Yellow,Apparel,Trousers,Woven,Viscose; Lyocell,,Lyocell,32.99,/232/64/213668_YL_1,213668_YL_1.jpg,none,,,,,
213704_AN,213704,Sweatshirt T1 ESSENTIALS Anthracite,_AN,Anthracite,Apparel,Sweatshirt,Circular,Elastane; Modal; Polyester,,,27.99,/241/64/213704_AN_1,213704_AN_1.jpg,none,,,,,
213704_BM,213704,Sweatshirt PRIESTLY Bright Multicolor,_BM,Bright Multicolor,Apparel,Sweatshirt,Circular,Modal; Polyester; Elastane,,Modal,27.99,/232/64/213704_BM_1,213704_BM_1.jpg,none,,,,,
213704_KK,213704,Sweatshirt T1 ESSENTIALS Khaki,_KK,Khaki,Apparel,Sweatshirt,Circular,Elastane; Modal; Polyester,,,27.99,/232/64/213704_KK_1,213704_KK_1.jpg,none,,,,,
213724_EC,213724,Coat VAN GOGH Ecru,_EC,Ecru,Apparel,Coat,Woven,Polyester,,Polyester,59.99,/232/64/213724_EC_1,213724_EC_1.jpg,none,,,,,
213724_GN,213724,Coat VAN GOGH Green,_GN,Green,Apparel,Coat,Woven,Polyester,,Polyester,59.99,/232/64/213724_GN_1,213724_GN_1.jpg,none,,,,,
213765_DM,213765,Shirt MISSY Dark Multicolor,_DM,Dark Multicolor,Apparel,Shirt,Woven,Viscose,,Viscose,27.99,/232/64/213765_DM_1,213765_DM_1.jpg,none,,,,,
213847_GY,213847,Skirt PICASSO Grey,_GY,Grey,Apparel,Skirt,Knit,Acrylic; Elastane; Polyester,,Acrylic,29.99,/232/64/213847_GY_1,213847_GY_1.jpg,none,,,,,
213927_BM,213927,Shirt MIRÓ 2 Bright Multicolor,_BM,Bright Multicolor,Apparel,Shirt,Woven,Polyamide; Lyocell,,Lyocell,27.99,/232/64/213927_BM_1,213927_BM_1.jpg,none,,,,,
213967_BM,213967,Sweater HOLT 2 Bright Multicolor,_BM,Bright Multicolor,Apparel,Sweater,Knit,Alpaca; Polyamide; Polyester; Wool,,Polyester,35.99,/232/64/213967_BM_1,213967_BM_1.jpg,none,,,,,
213997_GY,213997,Cardigan MIRÓ 4 Grey,_GY,Grey,Apparel,Cardigan,Knit,Acrylic; Elastane; Polyamide; recycled polyester,,Recycled Polyester,29.99,/232/64/213997_GY_1,213997_GY_1.jpg,none,,,,,
213997_PK,213997,Cardigan WinterCapsuleOutubro Pink,_PK,Pink,Apparel,Cardigan,Knit,Acrylic; Elastane; Polyamide; recycled polyester,,Recycled Polyester,29.99,/232/64/213997_PK_1,213997_PK_1.jpg,none,,,,,
214089_CA,214089,Trousers AMI Camel,_CA,Camel,Apparel,Trousers,Knit,recycled polyester; Acrylic; Elastane; Wool,,,29.99,/232/64/214089_CA_1,214089_CA_1.jpg,none,,,,,
214096_BM,214096,Trousers MAXI AGOSTO Bright Multicolor,_BM,Bright Multicolor,Apparel,Trousers,Woven,Viscose,,Viscose,39.99,/232/64/214096_BM_1,214096_BM_1.jpg,none,,,,,
214096_BU,214096,Trousers MAXI AGOSTO Burgundy,_BU,Burgundy,Apparel,Trousers,Woven,Viscose,,Viscose,39.99,/232/64/214096_BU_1,214096_BU_1.jpg,none,,,,,
214096_KK,214096,Trousers MAXI AGOSTO Khaki,_KK,Khaki,Apparel,Trousers,Woven,Viscose,,Viscose,39.99,/232/64/214096_KK_1,214096_KK_1.jpg,none,,,,,
214291_BG,214291,Dress MAXI AGOSTO Beige,_BG,Beige,Apparel,Dress,Woven,Linen,,Linen,49.99,/232/64/214291_BG_1,214291_BG_1.jpg,none,,,,,
214291_BU,214291,Dress MAXI AGOSTO Burgundy,_BU,Burgundy,Apparel,Dress,Woven,Linen,,Linen,49.99,/232/64/214291_BU_1,214291_BU_1.jpg,none,,,,,
214291_PK,214291,Dress MAXI AGOSTO Pink,_PK,Pink,Apparel,Dress,Woven,Linen,,Linen,49.99,/232/64/214291_PK_1,214291_PK_1.jpg,none,,,,,
214291_WT,214291,Dress MAXI AGOSTO White,_WT,White,Apparel,Dress,Woven,Linen,,Linen,49.99,/232/64/214291_WT_1,214291_WT_1.jpg,none,,,,,
214322_BK,214322,Skirt PartycapsuleNovembro Black,_BK,Black,Apparel,Skirt,Woven,Elastane; Polyester; Polyester,,Polyester,39.99,/232/64/214322_BK_1,214322_BK_1.jpg,none,,,,,
214322_BM,214322,Skirt REMY Bright Multicolor,_BM,Bright Multicolor,Apparel,Skirt,Woven,Elastane; Polyester; Polyester,,Polyester,39.99,/232/64/214322_BM_1,214322_BM_1.jpg,none,,,,,
214323_RD,214323,Skirt LATTO Red,_RD,Red,Apparel,Skirt,Woven,Elastane; Polyester; Polyester,,Polyester,39.99,/232/64/214323_RD_1,214323_RD_1.jpg,none,,,,,
214380_NV,214380,Trousers MONET Navy,_NV,Navy,Apparel,Trousers,Knit,Polyamide; Polyester; Viscose,,Viscose,32.99,/232/64/214380_NV_1,214380_NV_1.jpg,none,,,,,
214400_GN,214400,Skirt STALLI Green,_GN,Green,Apparel,Skirt,Woven,Elastane; Polyester; Chenille,,Chenille,49.99,/232/64/214400_GN_1,214400_GN_1.jpg,none,,,,,
214437_BM,214437,Dress Luna Bright Multicolor,_BM,Bright Multicolor,Apparel,Dress,Woven,Cotton,,Cotton,25.99,/232/64/214437_BM_1,214437_BM_1.jpg,none,,,,,
214518_GY,214518,Blazer REMY Grey,_GY,Grey,Apparel,Blazer,Woven,Acrylic; Polyamide; Polyester; Polyester; Wool,,Wool,69.99,/232/64/214518_GY_1,214518_GY_1.jpg,none,,,,,
214519_DM,214519,Cardigan MIRO 3 Dark Multicolor,_DM,Dark Multicolor,Apparel,Cardigan,Knit,Polyamide; Viscose,,Viscose,35.99,/232/64/214519_DM_1,214519_DM_1.jpg,none,,,,,
214519_GN,214519,Cardigan LAB OUTUBRO Green,_GN,Green,Apparel,Cardigan,Knit,Polyamide; Viscose,,Viscose,35.99,/232/64/214519_GN_1,214519_GN_1.jpg,none,,,,,
214541_BM,214541,Shirt MISSY Bright Multicolor,_BM,Bright Multicolor,Apparel,Shirt,Woven,Viscose,,Viscose,29.99,/232/64/214541_BM_1,214541_BM_1.jpg,none,,,,,
214720_EC,214720,Sweater WinterCapsuleOutubro Ecru,_EC,Ecru,Apparel,Sweater,Knit,recycled polyester; Acrylic; Polyamide; Wool,,Acrylic,35.99,/232/64/214720_EC_1,214720_EC_1.jpg,none,,,,,
214823_GN,214823,Dress SATURN 4 Green,_GN,Green,Apparel,Dress,Woven,Elastane; Polyester; Chenille,,Chenille,49.99,/241/64/214823_GN_1,214823_GN_1.jpg,none,,,,,
214870_BK,214870,Coat Hallo Black,_BK,Black,Apparel,Coat,Woven,Polyester; Polyurethane,,Polyurethane,99.99,/232/64/214870_BK_1,214870_BK_1.jpg,none,,,,,
214889_BK,214889,Skirt JUPITER Black,_BK,Black,Apparel,Skirt,Woven,Polyamide; Polyester,,Nylon,23.99,/241/64/214889_BK_1,214889_BK_1.jpg,none,,,,,
214894_GY,214894,Sweater REMY 2 Grey,_GY,Grey,Apparel,Sweater,Knit,Acrylic; Elastane; Polyester,,Acrylic,35.99,/232/64/214894_GY_1,214894_GY_1.jpg,none,,,,,
214894_WT,214894,Sweater REMY White,_WT,White,Apparel,Sweater,Knit,Acrylic; Elastane; Polyamide,,Acrylic,35.99,/232/64/214894_WT_1,214894_WT_1.jpg,none,,,,,
214936_GN,214936,Cardigan Neptune Green,_GN,Green,Apparel,Cardigan,Knit,Viscose; Polyamide; Polyester,,Viscose,49.99,/241/64/214936_GN_1,214936_GN_1.jpg,none,,,,,
214979_BN,214979,Jeans APPAREL PROVISION Brown,_BN,Brown,Apparel,Jeans,Woven,Cotton,,Cotton,32.99,/232/64/214979_BN_1,214979_BN_1.jpg,none,,,,,
214981_BL,214981,Dress Tiffany Blue,_BL,Blue,Apparel,Dress,Circular,Elastane; Polyamide; Viscose,,,29.99,/241/64/214981_BL_1,214981_BL_1.jpg,none,,,,,
214981_KK,214981,Dress Tiffany Khaki,_KK,Khaki,Apparel,Dress,Circular,Elastane; Polyamide; Viscose,,,29.99,/241/64/214981_KK_1,214981_KK_1.jpg,none,,,,,
214981_PK,214981,Dress MATISSE Pink,_PK,Pink,Apparel,Dress,Circular,Elastane; Polyamide; Viscose,,Polyamide,29.99,/232/64/214981_PK_1,214981_PK_1.jpg,none,,,,,
215010_GY,215010,Dress CANICHE CAMPAIGN Grey,_GY,Grey,Apparel,Dress,Woven,Polyester; Sheep leather,,Leather,89.99,/232/64/215010_GY_1,215010_GY_1.jpg,none,,,,,
215039_EC,215039,Shirt Maxi nov Ecru,_EC,Ecru,Apparel,Shirt,Woven,Polyester; Lyocell,,,27.99,/241/64/215039_EC_1,215039_EC_1.jpg,none,,,,,
215041_BL,215041,Dress HOT Blue,_BL,Blue,Apparel,Dress,Woven,Viscose,,,29.99,/241/64/215041_BL_1,215041_BL_1.jpg,none,,,,,
215041_PK,215041,Dress HOT Pink,_PK,Pink,Apparel,Dress,Woven,Viscose,,,29.99,/241/64/215041_PK_1,215041_PK_1.jpg,none,,,,,
215041_YL,215041,Dress Hot Yellow,_YL,Yellow,Apparel,Dress,Woven,Viscose,,,29.99,/241/64/215041_YL_1,215041_YL_1.jpg,none,,,,,
215051_YL,215051,Sweater SATURN 2 Yellow,_YL,Yellow,Apparel,Sweater,Knit,Acrylic; Elastane; Polyamide; Polyester; Wool,,,29.99,/241/64/215051_YL_1,215051_YL_1.jpg,none,,,,,
215097_BM,215097,Shirt JO Bright Multicolor,_BM,Bright Multicolor,Apparel,Shirt,Woven,Polyamide; Lyocell,,,27.99,/241/64/215097_BM_1,215097_BM_1.jpg,none,,,,,
215097_DM,215097,Shirt JO Dark Multicolor,_DM,Dark Multicolor,Apparel,Shirt,Woven,Polyamide; Lyocell,,,27.99,/241/64/215097_DM_1,215097_DM_1.jpg,none,,,,,
215147_BM,215147,Dress Hot dez Bright Multicolor,_BM,Bright Multicolor,Apparel,Dress,Woven,Viscose,,,29.99,/241/64/215147_BM_1,215147_BM_1.jpg,none,,,,,
215203_BG,215203,Dress SATURN 3 Beige,_BG,Beige,Apparel,Dress,Woven,Viscose,,,35.99,/241/64/215203_BG_1,215203_BG_1.jpg,none,,,,,
215315_BK,215315,Dress CANICHE CAMPAIGN Black,_BK,Black,Apparel,Dress,Knit,Polyamide,,Polyamide,35.99,/232/64/215315_BK_1,215315_BK_1.jpg,none,,,,,
215315_OR,215315,Dress CANICHE CAMPAIGN Orange,_OR,Orange,Apparel,Dress,Knit,Polyamide,,Polyamide,35.99,/232/64/215315_OR_1,215315_OR_1.jpg,none,,,,,
215359_BM,215359,Top CANICHE CAMPAIGN Bright Multicolor,_BM,Bright Multicolor,Apparel,Top,Woven,Cotton; Elastane,,Cotton,29.99,/232/64/215359_BM_1,215359_BM_1.jpg,none,,,,,
215435_BG,215435,Sweater REMY 4 Beige,_BG,Beige,Apparel,Sweater,Knit,Acrylic; Polyester; Wool,,Polyester,39.99,/232/64/215435_BG_1,215435_BG_1.jpg,none,,,,,
215623_RD,215623,Cardigan REMY 4 Red,_RD,Red,Apparel,Cardigan,Knit,Polyester,,Polyester,39.99,/232/64/215623_RD_1,215623_RD_1.jpg,none,,,,,
215623_SV,215623,Cardigan REMY 3 Silver,_SV,Silver,Apparel,Cardigan,Knit,Acrylic; Cotton,,Cotton,39.99,/232/64/215623_SV_1,215623_SV_1.jpg,none,,,,,
215627_DM,215627,Cardigan ESSENTIALS T DISPLAY 1 Dark Multicolor,_DM,Dark Multicolor,Apparel,Cardigan,Knit,Acrylic; Elastane; Polyester,,Acrylic,39.99,/241/64/215627_DM_1,215627_DM_1.jpg,none,,,,,
215678_BM,215678,Jeans CANICHE CAMPAIGN Bright Multicolor,_BM,Bright Multicolor,Apparel,Jeans,Woven,Cotton,,Cotton,42.99,/232/64/215678_BM_1,215678_BM_1.jpg,none,,,,,
215868_LM,215868,Sweatshirt SATURN 1 Lime,_LM,Lime,Apparel,Sweatshirt,Circular,Cotton; Polyester,,,32.99,/241/64/215868_LM_1,215868_LM_1.jpg,none,,,,,
215962_BG,215962,Coat CANICHE CAMPAIGN Beige,_BG,Beige,Apparel,Coat,Woven,Polyester; Polyester,,Polyester,79.99,/232/64/215962_BG_1,215962_BG_1.jpg,none,,,,,
215962_BU,215962,Coat CANICHE CAMPAIGN Burgundy,_BU,Burgundy,Apparel,Coat,Woven,Polyester; Polyester,,Polyester,79.99,/232/64/215962_BU_1,215962_BU_1.jpg,none,,,,,
215980_EC,215980,Skirt CANICHE CAMPAIGN Ecru,_EC,Ecru,Apparel,Skirt,Woven,Polyamide,,Polyamide,32.99,/232/64/215980_EC_1,215980_EC_1.jpg,none,,,,,
216055_BG,216055,Jeans SATURN 1 Beige,_BG,Beige,Apparel,Jeans,Woven,Cotton,,,35.99,/241/64/216055_BG_1,216055_BG_1.jpg,none,,,,,
216192_BM,216192,Skirt CANICHE CAMPAIGN Bright Multicolor,_BM,Bright Multicolor,Apparel,Skirt,Woven,Cotton; Polyamide; Polyester,,Cotton,42.99,/232/64/216192_BM_1,216192_BM_1.jpg,none,,,,,
216289_BK,216289,Skirt Halloween capsula Black,_BK,Black,Apparel,Skirt,Circular,Elastane; Polyester,,Polyester,32.99,/232/64/216289_BK_1,216289_BK_1.jpg,none,,,,,
216358_MD,216358,Dress SATURN 2 Mustard,_MD,Mustard,Apparel,Dress,Circular,Polyamide,,,35.99,/241/64/216358_MD_1,216358_MD_1.jpg,none,,,,,
216388_BL,216388,Jeans SATURN 2 Blue,_BL,Blue,Apparel,Jeans,Woven,Cotton,,,39.99,/241/64/216388_BL_1,216388_BL_1.jpg,none,,,,,
216400_BM,216400,Trousers LAB OUTUBRO Bright Multicolor,_BM,Bright Multicolor,Apparel,Trousers,Woven,Cotton,,Cotton,42.99,/232/64/216400_BM_1,216400_BM_1.jpg,none,,,,,
216412_GN,216412,Cardigan SATURN 4 Green,_GN,Green,Apparel,Cardigan,Knit,Acrylic; Alpaca; Elastane; Polyamide; Polyester; Wool,,,35.99,/241/64/216412_GN_1,216412_GN_1.jpg,none,,,,,
216416_EC,216416,Sweater WINTERDZ Ecru,_EC,Ecru,Apparel,Sweater,Knit,Acrylic; Elastane; Polyester; Wool,,,35.99,/232/64/216416_EC_1,216416_EC_1.jpg,none,,,,,
216436_BM,216436,Dress Maxi nov Bright Multicolor,_BM,Bright Multicolor,Apparel,Dress,Woven,Polyamide; Viscose,,Viscose,45.99,/241/64/216436_BM_1,216436_BM_1.jpg,none,,,,,
216453_SV,216453,Top PartycapsuleNovembro Silver,_SV,Silver,Apparel,Top,Circular,Polyester; Elastodieno,,Polyester,25.99,/232/64/216453_SV_1,216453_SV_1.jpg,none,,,,,
216466_BM,216466,Sweater meg Bright Multicolor,_BM,Bright Multicolor,Apparel,Sweater,Knit,Polyester; Wool; Acrylic; Alpaca; Elastane,,,35.99,/241/64/216466_BM_1,216466_BM_1.jpg,none,,,,,
216472_BG,216472,Sweater T1 ESSENTIALS Beige,_BG,Beige,Apparel,Sweater,Knit,Polyester; Wool; Acrylic; Polyamide,,,32.99,/241/64/216472_BG_1,216472_BG_1.jpg,none,,,,,
216472_LL,216472,Sweater T1 ESSENTIALS Lilac,_LL,Lilac,Apparel,Sweater,Knit,Acrylic; Polyamide; Polyester; Wool,,,32.99,/241/64/216472_LL_1,216472_LL_1.jpg,none,,,,,
216581_BK,216581,Trousers PLUS CLOSET DEZ Black,_BK,Black,Apparel,Trousers,Knit,Polyamide; Viscose,,,35.99,/241/64/216581_BK_1,216581_BK_1.jpg,none,,,,,
216581_BU,216581,Trousers PLUS CLOSET DEZ Burgundy,_BU,Burgundy,Apparel,Trousers,Knit,Polyamide; Viscose,,,35.99,/241/64/216581_BU_1,216581_BU_1.jpg,none,,,,,
216581_GN,216581,Trousers PLUS CLOSET DEZ Green,_GN,Green,Apparel,Trousers,Knit,Polyamide; Viscose,,,35.99,/241/64/216581_GN_1,216581_GN_1.jpg,none,,,,,
216589_BK,216589,Jumpsuit PartycapsuleNovembro Black,_BK,Black,Apparel,Jumpsuit,Woven,Polyester,,Polyester,39.99,/232/64/216589_BK_1,216589_BK_1.jpg,none,,,,,
216590_BN,216590,Shirt HOT Brown,_BN,Brown,Apparel,Shirt,Woven,Viscose,,,35.99,/241/64/216590_BN_1,216590_BN_1.jpg,none,,,,,
216590_GN,216590,Shirt MERCURY Green,_GN,Green,Apparel,Shirt,Woven,Viscose,,,35.99,/241/64/216590_GN_1,216590_GN_1.jpg,none,,,,,
216755_BK,216755,Trousers Halloween capsula Black,_BK,Black,Apparel,Trousers,Woven,Polyester; Polyester,,Polyester,49.99,/232/64/216755_BK_1,216755_BK_1.jpg,none,,,,,
216755_RD,216755,Trousers Halloween capsula Red,_RD,Red,Apparel,Trousers,Woven,Polyester; Polyester,,Polyester,49.99,/232/64/216755_RD_1,216755_RD_1.jpg,none,,,,,
216768_BM,216768,Trousers Jo Bright Multicolor,_BM,Bright Multicolor,Apparel,Trousers,Woven,Viscose,,,32.99,/241/64/216768_BM_1,216768_BM_1.jpg,none,,,,,
216791_PK,216791,Cardigan meg Pink,_PK,Pink,Apparel,Cardigan,Knit,Acrylic; Polyamide; Polyester,,,32.99,/241/64/216791_PK_1,216791_PK_1.jpg,none,,,,,
216812_BM,216812,Trousers Jo Bright Multicolor,_BM,Bright Multicolor,Apparel,Trousers,Woven,Viscose,,,32.99,/241/64/216812_BM_1,216812_BM_1.jpg,none,,,,,
216853_WT,216853,Top SALVADOR 3 White,_WT,White,Apparel,Top,Woven,Cotton,,,39.99,/241/64/216853_WT_1,216853_WT_1.jpg,none,,,,,
216957_BM,216957,Trousers EMAN Bright Multicolor,_BM,Bright Multicolor,Apparel,Trousers,Woven,Viscose,,,35.99,/241/64/216957_BM_1,216957_BM_1.jpg,none,,,,,
217007_BK,217007,Sweater PLUS CLOSET DEZ Black,_BK,Black,Apparel,Sweater,Knit,Acrylic; Polyamide; Polyester; Wool,,,32.99,/241/64/217007_BK_1,217007_BK_1.jpg,none,,,,,
217007_BL,217007,Sweater PLUS CLOSET DEZ Blue,_BL,Blue,Apparel,Sweater,Knit,Acrylic; Polyamide; Polyester; Wool,,,32.99,/241/64/217007_BL_1,217007_BL_1.jpg,none,,,,,
217007_GY,217007,Sweater PLUS CLOSET DEZ Grey,_GY,Grey,Apparel,Sweater,Knit,Acrylic; Polyamide; Polyester; Wool,,,32.99,/241/64/217007_GY_1,217007_GY_1.jpg,none,,,,,
217007_KK,217007,Sweater PLUS CLOSET DEZ Khaki,_KK,Khaki,Apparel,Sweater,Knit,Acrylic; Polyamide; Polyester; Wool,,,32.99,/241/64/217007_KK_1,217007_KK_1.jpg,none,,,,,
217033_DG,217033,Top Maxi nov Dark Grey,_DG,Dark Grey,Apparel,Top,Woven,Polyester,,Polyester,25.99,/241/64/217033_DG_1,217033_DG_1.jpg,none,,,,,
217231_BG,217231,Trousers SUMMERCAP Beige,_BG,Beige,Apparel,Trousers,Woven,Modal; Polyester,,,32.99,/241/64/217231_BG_1,217231_BG_1.jpg,none,,,,,
217231_GY,217231,Trousers RIO Grey,_GY,Grey,Apparel,Trousers,Woven,Modal; Polyester,,,32.99,/241/64/217231_GY_1,217231_GY_1.jpg,none,,,,,
217231_OR,217231,Trousers RIO Orange,_OR,Orange,Apparel,Trousers,Woven,Modal; Polyester,,,32.99,/241/64/217231_OR_1,217231_OR_1.jpg,none,,,,,
217246_BM,217246,Shirt RIO Bright Multicolor,_BM,Bright Multicolor,Apparel,Shirt,Woven,Modal; Polyester,,,35.99,/241/64/217246_BM_1,217246_BM_1.jpg,none,,,,,
217303_GN,217303,Sweater Jo Green,_GN,Green,Apparel,Sweater,Knit,Cotton,,,29.99,/241/64/217303_GN_1,217303_GN_1.jpg,none,,,,,
217303_LL,217303,Sweater Jo Lilac,_LL,Lilac,Apparel,Sweater,Knit,Cotton,,,29.99,/241/64/217303_LL_1,217303_LL_1.jpg,none,,,,,
217445_BM,217445,Shirt T1 ESSENTIALS Bright Multicolor,_BM,Bright Multicolor,Apparel,Shirt,Woven,Viscose,,Viscose,23.99,/241/64/217445_BM_1,217445_BM_1.jpg,none,,,,,
217616_BM,217616,Shirt JO Bright Multicolor,_BM,Bright Multicolor,Apparel,Shirt,Woven,Modal; Polyester,,,32.99,/241/64/217616_BM_1,217616_BM_1.jpg,none,,,,,
217733_BM,217733,Dress SALVADOR Bright Multicolor,_BM,Bright Multicolor,Apparel,Dress,Woven,Viscose,,,35.99,/241/64/217733_BM_1,217733_BM_1.jpg,none,,,,,
217854_BM,217854,Top T1 ESSENTIALS Bright Multicolor,_BM,Bright Multicolor,Apparel,Top,Woven,Lyocell,,Lyocell,19.99,/241/64/217854_BM_1,217854_BM_1.jpg,none,,,,,
217926_BU,217926,Trousers SALVAD Burgundy,_BU,Burgundy,Apparel,Trousers,Woven,Viscose,,,32.99,/241/64/217926_BU_1,217926_BU_1.jpg,none,,,,,
217926_GN,217926,Trousers SALVAD Green,_GN,Green,Apparel,Trousers,Woven,Viscose,,,32.99,/241/64/217926_GN_1,217926_GN_1.jpg,none,,,,,
217931_EC,217931,Sweatshirt Tiffany Ecru,_EC,Ecru,Apparel,Sweatshirt,Circular,Cotton,,,32.99,/241/64/217931_EC_1,217931_EC_1.jpg,none,,,,,
218001_BM,218001,Shirt SALVADOR Bright Multicolor,_BM,Bright Multicolor,Apparel,Shirt,Woven,Polyamide; Lyocell,,,27.99,/241/64/218001_BM_1,218001_BM_1.jpg,none,,,,,
218030_BG,218030,Raincoat Jo Beige,_BG,Beige,Apparel,Raincoat,Woven,Cotton; Polyester,,Polyester,49.99,/241/64/218030_BG_1,218030_BG_1.jpg,none,,,,,
218054_GY,218054,Skirt LAPA 3 Grey,_GY,Grey,Apparel,Skirt,Woven,Polyamide; Viscose,,,29.99,/241/64/218054_GY_1,218054_GY_1.jpg,none,,,,,
218114_DN,218114,Trousers JO Dark Green,_DN,Dark Green,Apparel,Trousers,Circular,Elastane; Polyester; Viscose,,,29.99,/241/64/218114_DN_1,218114_DN_1.jpg,none,,,,,
218114_PU,218114,Trousers JO Purple,_PU,Purple,Apparel,Trousers,Circular,Elastane; Polyester; Viscose,,,29.99,/241/64/218114_PU_1,218114_PU_1.jpg,none,,,,,
218144_BM,218144,Cardigan AMI Bright Multicolor,_BM,Bright Multicolor,Apparel,Cardigan,Knit,Polyamide; Polyester; Viscose,,,39.99,/241/64/218144_BM_1,218144_BM_1.jpg,none,,,,,
218261_BU,218261,Trousers T1 ESSENTIALS Burgundy,_BU,Burgundy,Apparel,Trousers,Knit,Polyamide; Polyester; Viscose,,,32.99,/241/64/218261_BU_1,218261_BU_1.jpg,none,,,,,
218261_GN,218261,Trousers RR Green,_GN,Green,Apparel,Trousers,Knit,Viscose; Polyester; Polyamide,,Viscose,32.99,/242/64/218261_GN_1,218261_GN_1.jpg,none,,,,,
218261_GY,218261,Trousers RR Grey,_GY,Grey,Apparel,Trousers,Knit,Viscose; Polyamide; Polyester,,Viscose,32.99,/242/64/218261_GY_1,218261_GY_1.jpg,none,,,,,
218305_BM,218305,Shirt SUMERABRIL Bright Multicolor,_BM,Bright Multicolor,Apparel,Shirt,Woven,Lyocell; Polyamide,,,27.99,/241/64/218305_BM_1,218305_BM_1.jpg,none,,,,,
218459_BL,218459,Shirt T1 ESSENTIALS Blue,_BL,Blue,Apparel,Shirt,Woven,Viscose,,Viscose,23.99,/241/64/218459_BL_1,218459_BL_1.jpg,none,,,,,
218459_GY,218459,Shirt T1 ESSENTIALS Grey,_GY,Grey,Apparel,Shirt,Woven,Viscose,,Viscose,23.99,/241/64/218459_GY_1,218459_GY_1.jpg,none,,,,,
218459_LL,218459,Shirt T1 ESSENTIALS Lilac,_LL,Lilac,Apparel,Shirt,Woven,Viscose,,Viscose,23.99,/241/64/218459_LL_1,218459_LL_1.jpg,none,,,,,
218459_WT,218459,Shirt T1 ESSENTIALS White,_WT,White,Apparel,Shirt,Woven,Viscose,,Viscose,23.99,/241/64/218459_WT_1,218459_WT_1.jpg,none,,,,,
218515_BM,218515,Dress MINAS Bright Multicolor,_BM,Bright Multicolor,Apparel,Dress,Woven,Viscose,,,29.99,/241/64/218515_BM_1,218515_BM_1.jpg,none,,,,,
218545_BG,218545,Coat CALM 1 Beige,_BG,Beige,Apparel,Coat,Woven,Cotton,,,42.99,/241/64/218545_BG_1,218545_BG_1.jpg,none,,,,,
218620_BL,218620,Top CHIADO Blue,_BL,Blue,Apparel,Top,Woven,Lyocell,,Lyocell,23.99,/241/64/218620_BL_1,218620_BL_1.jpg,none,,,,,
218620_BR,218620,Top CHIADO Brick Red,_BR,Brick Red,Apparel,Top,Woven,Lyocell,,Lyocell,23.99,/241/64/218620_BR_1,218620_BR_1.jpg,none,,,,,
218633_BM,218633,Shirt CALM 1 Bright Multicolor,_BM,Bright Multicolor,Apparel,Shirt,Woven,Elastane; Polyamide; Viscose,,,29.99,/241/64/218633_BM_1,218633_BM_1.jpg,none,,,,,
218667_BK,218667,T-shirt T1 ESSENTIALS Black,_BK,Black,Apparel,T-shirt,Circular,Elastane; Polyester; Viscose,,Viscose,19.99,/241/64/218667_BK_1,218667_BK_1.jpg,none,,,,,
218667_FU,218667,T-shirt RECIFE Fuchsia,_FU,Fuchsia,Apparel,T-shirt,Circular,Viscose; Elastane; Polyester,,Viscose,19.99,/241/64/218667_FU_1,218667_FU_1.jpg,none,,,,,
218667_GN,218667,T-shirt T1 ESSENTIALS Green,_GN,Green,Apparel,T-shirt,Circular,Elastane; Polyester; Viscose,,Viscose,19.99,/242/64/218667_GN_1,218667_GN_1.jpg,none,,,,,
218667_LM,218667,T-shirt RECIFE Lime,_LM,Lime,Apparel,T-shirt,Circular,Elastane; Polyester; Viscose,,Viscose,19.99,/241/64/218667_LM_1,218667_LM_1.jpg,none,,,,,
218667_WT,218667,T-shirt RECIFE White,_WT,White,Apparel,T-shirt,Circular,Elastane; Polyester; Viscose,,Viscose,19.99,/241/64/218667_WT_1,218667_WT_1.jpg,none,,,,,
218670_BM,218670,Jeans MINAS Bright Multicolor,_BM,Bright Multicolor,Apparel,Jeans,Woven,Cotton,,,42.99,/241/64/218670_BM_1,218670_BM_1.jpg,none,,,,,
218711_BM,218711,Raincoat PLUS Bright Multicolor,_BM,Bright Multicolor,Apparel,Raincoat,Woven,Polyester,,Polyester,49.99,/241/64/218711_BM_1,218711_BM_1.jpg,none,,,,,
218748_BL,218748,Shirt CALM 2 Blue,_BL,Blue,Apparel,Shirt,Woven,Viscose; Acetate,,,35.99,/241/64/218748_BL_1,218748_BL_1.jpg,none,,,,,
218748_PK,218748,Shirt CALM 1 Pink,_PK,Pink,Apparel,Shirt,Woven,Viscose; Acetate,,,35.99,/241/64/218748_PK_1,218748_PK_1.jpg,none,,,,,
218771_GN,218771,Sweater RECIFE Green,_GN,Green,Apparel,Sweater,Knit,Polyamide; Viscose,,Viscose,27.99,/241/64/218771_GN_1,218771_GN_1.jpg,none,,,,,
218771_NV,218771,Sweater T1 ESSENTIALS Navy,_NV,Navy,Apparel,Sweater,Knit,Polyamide; Viscose,,Viscose,27.99,/241/64/218771_NV_1,218771_NV_1.jpg,none,,,,,
218771_WT,218771,Sweater T1 ESSENTIALS White,_WT,White,Apparel,Sweater,Knit,Polyamide; Viscose,,,27.99,/242/64/218771_WT_1,218771_WT_1.jpg,none,,,,,
218794_BG,218794,Cardigan MINAS Beige,_BG,Beige,Apparel,Cardigan,Knit,Cotton; Polyamide,,,32.99,/241/64/218794_BG_1,218794_BG_1.jpg,none,,,,,
218836_LG,218836,Raincoat RIO Light Grey,_LG,Light Grey,Apparel,Raincoat,Woven,Polyester,,Polyester,49.99,/241/64/218836_LG_1,218836_LG_1.jpg,none,,,,,
218890_BG,218890,Trousers SALVAD Beige,_BG,Beige,Apparel,Trousers,Knit,Polyamide; Polyester; Viscose,,Viscose,32.99,/241/64/218890_BG_1,218890_BG_1.jpg,none,,,,,
218890_BL,218890,Trousers SALVAD Blue,_BL,Blue,Apparel,Trousers,Knit,Polyamide; Polyester; Viscose,,Viscose,32.99,/241/64/218890_BL_1,218890_BL_1.jpg,none,,,,,
218959_BM,218959,Dress PAPAYA Bright Multicolor,_BM,Bright Multicolor,Apparel,Dress,Woven,Cotton,,,32.99,/241/64/218959_BM_1,218959_BM_1.jpg,none,,,,,
219028_BG,219028,T-shirt PLUS Beige,_BG,Beige,Apparel,T-shirt,Circular,Viscose; Elastane; Polyamide,,Viscose,25.99,/241/64/219028_BG_1,219028_BG_1.jpg,none,,,,,
219028_KK,219028,T-shirt PLUS Khaki,_KK,Khaki,Apparel,T-shirt,Circular,Elastane; Polyamide; Viscose,,Viscose,25.99,/241/64/219028_KK_1,219028_KK_1.jpg,none,,,,,
219028_RD,219028,T-shirt PLUS Red,_RD,Red,Apparel,T-shirt,Circular,Elastane; Polyamide; Viscose,,Viscose,25.99,/241/64/219028_RD_1,219028_RD_1.jpg,none,,,,,
219050_EC,219050,Sweater MADEIRA Ecru,_EC,Ecru,Apparel,Sweater,Knit,Cotton; Polyamide,,,15.99,/241/64/219050_EC_1,219050_EC_1.jpg,none,,,,,
219126_KK,219126,Raincoat SALVADOR Khaki,_KK,Khaki,Apparel,Raincoat,Woven,Cotton; Polyester,,Cotton,59.99,/241/64/219126_KK_1,219126_KK_1.jpg,none,,,,,
219182_BM,219182,Dress SUMMERCAP Bright Multicolor,_BM,Bright Multicolor,Apparel,Dress,Woven,Cotton,,,35.99,/241/64/219182_BM_1,219182_BM_1.jpg,none,,,,,
219217_BU,219217,T-shirt MADEIRA Burgundy,_BU,Burgundy,Apparel,T-shirt,Circular,Modal; Polyester,,Modal,15.99,/241/64/219217_BU_1,219217_BU_1.jpg,none,,,,,
219234_BG,219234,Dress MAXI Beige,_BG,Beige,Apparel,Dress,Knit,Polyamide; Viscose,,,39.99,/241/64/219234_BG_1,219234_BG_1.jpg,none,,,,,
219234_BN,219234,Dress MAXI Brown,_BN,Brown,Apparel,Dress,Knit,Polyamide; Viscose,,,39.99,/241/64/219234_BN_1,219234_BN_1.jpg,none,,,,,
219329_BM,219329,Dress LAPA Bright Multicolor,_BM,Bright Multicolor,Apparel,Dress,Woven,Polyamide; Viscose,,,39.99,/241/64/219329_BM_1,219329_BM_1.jpg,none,,,,,
219366_EC,219366,Dress PAPAP Ecru,_EC,Ecru,Apparel,Dress,Woven,Cotton; Metallic Fiber,,,39.99,/241/64/219366_EC_1,219366_EC_1.jpg,none,,,,,
219434_BL,219434,Top T1 ESSENTIALS Blue,_BL,Blue,Apparel,Top,Woven,Cotton,,Cotton,23.99,/241/64/219434_BL_1,219434_BL_1.jpg,none,,,,,
219434_GN,219434,Top T1 ESSENTIALS Green,_GN,Green,Apparel,Top,Woven,Cotton,,Cotton,23.99,/241/64/219434_GN_1,219434_GN_1.jpg,none,,,,,
219434_WT,219434,Top T1 ESSENTIALS White,_WT,White,Apparel,Top,Woven,Cotton,,Cotton,23.99,/241/64/219434_WT_1,219434_WT_1.jpg,none,,,,,
219439_PK,219439,Trousers LAPA Pink,_PK,Pink,Apparel,Trousers,Woven,Linen,,,39.99,/241/64/219439_PK_1,219439_PK_1.jpg,none,,,,,
219439_WT,219439,Trousers LAPA White,_WT,White,Apparel,Trousers,Woven,Linen,,,39.99,/241/64/219439_WT_1,219439_WT_1.jpg,none,,,,,
219444_BM,219444,Sweatshirt SUMMERCAP Bright Multicolor,_BM,Bright Multicolor,Apparel,Sweatshirt,Circular,Cotton; Polyester,,,32.99,/241/64/219444_BM_1,219444_BM_1.jpg,none,,,,,
219469_BM,219469,Shirt LAPA 3 Bright Multicolor,_BM,Bright Multicolor,Apparel,Shirt,Woven,Linen,,,39.99,/241/64/219469_BM_1,219469_BM_1.jpg,none,,,,,
219517_BM,219517,Jumpsuit SUMERABRIL Bright Multicolor,_BM,Bright Multicolor,Apparel,Jumpsuit,Woven,Viscose,,Viscose,45.99,/241/64/219517_BM_1,219517_BM_1.jpg,none,,,,,
219642_BL,219642,Shirt CLOSETS Blue,_BL,Blue,Apparel,Shirt,Woven,Polyamide; Lyocell,,,27.99,/241/64/219642_BL_1,219642_BL_1.jpg,none,,,,,
219642_GN,219642,Shirt CLOSETS Green,_GN,Green,Apparel,Shirt,Woven,Polyamide; Lyocell,,,27.99,/241/64/219642_GN_1,219642_GN_1.jpg,none,,,,,
219649_GN,219649,Sweater LAPA Green,_GN,Green,Apparel,Sweater,Knit,Viscose; Polyamide,,Viscose,23.99,/241/64/219649_GN_1,219649_GN_1.jpg,none,,,,,
219667_BM,219667,Dress MORANGO Bright Multicolor,_BM,Bright Multicolor,Apparel,Dress,Woven,Polyamide; Lyocell,,,39.99,/241/64/219667_BM_1,219667_BM_1.jpg,none,,,,,
219711_BM,219711,Shirt LAPA 3 Bright Multicolor,_BM,Bright Multicolor,Apparel,Shirt,Woven,Cotton; Elastane,,,27.99,/241/64/219711_BM_1,219711_BM_1.jpg,none,,,,,
219744_WT,219744,Shirt KIW White,_WT,White,Apparel,Shirt,Woven,Cotton,,,29.99,/241/64/219744_WT_1,219744_WT_1.jpg,none,,,,,
219824_BG,219824,T-shirt MARQUES Beige,_BG,Beige,Apparel,T-shirt,Circular,Cotton,,Cotton,23.99,/241/64/219824_BG_1,219824_BG_1.jpg,none,,,,,
219824_GN,219824,T-shirt MARQUES Green,_GN,Green,Apparel,T-shirt,Circular,Cotton,,Cotton,23.99,/241/64/219824_GN_1,219824_GN_1.jpg,none,,,,,
219881_BM,219881,Shorts PAPAP Bright Multicolor,_BM,Bright Multicolor,Apparel,Shorts,Woven,Viscose,,Viscose,23.99,/241/64/219881_BM_1,219881_BM_1.jpg,none,,,,,
219889_BM,219889,Shirt SEJ Bright Multicolor,_BM,Bright Multicolor,Apparel,Shirt,Woven,Lyocell,,Lyocell,25.99,/241/64/219889_BM_1,219889_BM_1.jpg,none,,,,,
219954_GN,219954,Shirt PAPAYA Green,_GN,Green,Apparel,Shirt,Woven,Linen,,,39.99,/241/64/219954_GN_1,219954_GN_1.jpg,none,,,,,
220017_WT,220017,Trousers MADEIRA White,_WT,White,Apparel,Trousers,Woven,Cotton,,,39.99,/241/64/220017_WT_1,220017_WT_1.jpg,none,,,,,
220275_BG,220275,Trousers CLOSETS Beige,_BG,Beige,Apparel,Trousers,Woven,Polyamide; Viscose,,,29.99,/241/64/220275_BG_1,220275_BG_1.jpg,none,,,,,
220275_BL,220275,Trousers CLOSETS Blue,_BL,Blue,Apparel,Trousers,Woven,Polyamide; Viscose,,,29.99,/241/64/220275_BL_1,220275_BL_1.jpg,none,,,,,
220275_KK,220275,Trousers SEJ Khaki,_KK,Khaki,Apparel,Trousers,Woven,Polyamide; Viscose,,Viscose,29.99,/241/64/220275_KK_1,220275_KK_1.jpg,none,,,,,
220275_WT,220275,Trousers T1 ESSENTIALS White,_WT,White,Apparel,Trousers,Woven,Viscose; Polyamide,,Viscose,29.99,/242/64/220275_WT_1,220275_WT_1.jpg,none,,,,,
220344_KK,220344,Shorts LAPA 4 Khaki,_KK,Khaki,Apparel,Shorts,Woven,Cotton,,,39.99,/241/64/220344_KK_1,220344_KK_1.jpg,none,,,,,
220412_GN,220412,Dress SUMMERCAP Green,_GN,Green,Apparel,Dress,Knit,Acrylic; Elastane; Linen; Polyester; Lyocell,,,32.99,/241/64/220412_GN_1,220412_GN_1.jpg,none,,,,,
220476_BL,220476,Shirt T1 ESSENTIALS Blue,_BL,Blue,Apparel,Shirt,Woven,Cotton,,Cotton,19.99,/241/64/220476_BL_1,220476_BL_1.jpg,none,,,,,
220511_WT,220511,Dress P4JUN White,_WT,White,Apparel,Dress,Woven,Viscose,,,32.99,/242/64/220511_WT_1,220511_WT_1.jpg,none,,,,,
220511_YL,220511,Dress P4JUN Yellow,_YL,Yellow,Apparel,Dress,Woven,Viscose,,,32.99,/242/64/220511_YL_1,220511_YL_1.jpg,none,,,,,
220570_BL,220570,Dress PENDING Blue,_BL,Blue,Apparel,Dress,Woven,Cotton; Elastane; Polyester,,,39.99,/241/64/220570_BL_1,220570_BL_1.jpg,none,,,,,
220591_BM,220591,Dress SAO P Bright Multicolor,_BM,Bright Multicolor,Apparel,Dress,Circular,Cotton,,,29.99,/241/64/220591_BM_1,220591_BM_1.jpg,none,,,,,
220681_BM,220681,Dress SUMMERCAP Bright Multicolor,_BM,Bright Multicolor,Apparel,Dress,Circular,Cotton,,,32.99,/241/64/220681_BM_1,220681_BM_1.jpg,none,,,,,
220711_BU,220711,Dress T1 ESSENTIALS Burgundy,_BU,Burgundy,Apparel,Dress,Woven,Lyocell,,Lyocell,32.99,/242/64/220711_BU_1,220711_BU_1.jpg,none,,,,,
220711_EC,220711,Dress CORI Ecru,_EC,Ecru,Apparel,Dress,Woven,Lyocell,,Lyocell,32.99,/242/64/220711_EC_1,220711_EC_1.jpg,none,,,,,
220711_KK,220711,Dress T1 ESSENTIALS Khaki,_KK,Khaki,Apparel,Dress,Woven,Lyocell,,Lyocell,32.99,/242/64/220711_KK_1,220711_KK_1.jpg,none,,,,,
220750_BM,220750,Trousers KIW Bright Multicolor,_BM,Bright Multicolor,Apparel,Trousers,Woven,Viscose,,,27.99,/242/64/220750_BM_1,220750_BM_1.jpg,none,,,,,
220932_BL,220932,Jeans MADEIRA Blue,_BL,Blue,Apparel,Jeans,Woven,Cotton; RECYCLED COTTON,,,35.99,/241/64/220932_BL_1,220932_BL_1.jpg,none,,,,,
220937_EC,220937,Trousers luci Ecru,_EC,Ecru,Apparel,Trousers,Woven,Linen,,,39.99,/242/64/220937_EC_1,220937_EC_1.jpg,none,,,,,
220968_BM,220968,Dress tigr Bright Multicolor,_BM,Bright Multicolor,Apparel,Dress,Woven,Viscose,,,35.99,/242/64/220968_BM_1,220968_BM_1.jpg,none,,,,,
221007_BK,221007,Cardigan EXCLUSIVE Black,_BK,Black,Apparel,Cardigan,Knit,Cotton; Viscose,,,32.99,/241/64/221007_BK_1,221007_BK_1.jpg,none,,,,,
221007_EC,221007,Cardigan ESTRELA Ecru,_EC,Ecru,Apparel,Cardigan,Knit,Cotton; Viscose,,,32.99,/241/64/221007_EC_1,221007_EC_1.jpg,none,,,,,
221013_BM,221013,Dress CHIADO Bright Multicolor,_BM,Bright Multicolor,Apparel,Dress,Woven,Cotton,,,29.99,/241/64/221013_BM_1,221013_BM_1.jpg,none,,,,,
221174_BN,221174,T-shirt MAXI Brown,_BN,Brown,Apparel,T-shirt,Circular,Polyester; Elastane,,Polyester,23.99,/241/64/221174_BN_1,221174_BN_1.jpg,none,,,,,
221174_PK,221174,T-shirt MAXI Pink,_PK,Pink,Apparel,T-shirt,Circular,Elastane; Polyester,,Polyester,23.99,/241/64/221174_PK_1,221174_PK_1.jpg,none,,,,,
221222_BG,221222,T-shirt SALVADOR Beige,_BG,Beige,Apparel,T-shirt,Circular,Cotton; Elastane,,,27.99,/241/64/221222_BG_1,221222_BG_1.jpg,none,,,,,
221312_BM,221312,Trousers KIW Bright Multicolor,_BM,Bright Multicolor,Apparel,Trousers,Woven,Linen; Lyocell,,,29.99,/241/64/221312_BM_1,221312_BM_1.jpg,none,,,,,
221347_EC,221347,Bathing Suit LAPA 4 Ecru,_EC,Ecru,Apparel,Bath Suit,Circular,Elastane; Elastane; Polyester; Polyester,,,27.99,/242/64/221347_EC_1,221347_EC_1.jpg,none,,,,,
221478_BM,221478,Dress C1 Bright Multicolor,_BM,Bright Multicolor,Apparel,Dress,Woven,Cotton,,,27.99,/242/64/221478_BM_1,221478_BM_1.jpg,none,,,,,
221635_BM,221635,Trousers GI Bright Multicolor,_BM,Bright Multicolor,Apparel,Trousers,Woven,Viscose,,,29.99,/242/64/221635_BM_1,221635_BM_1.jpg,none,,,,,
221681_BK,221681,Dress BETS Black,_BK,Black,Apparel,Dress,Woven,Polyester; Viscose,,,29.99,/242/64/221681_BK_1,221681_BK_1.jpg,none,,,,,
221681_EC,221681,Dress C7 Ecru,_EC,Ecru,Apparel,Dress,Woven,Polyester; Viscose,,,29.99,/242/64/221681_EC_1,221681_EC_1.jpg,none,,,,,
221681_RD,221681,Dress C7 Red,_RD,Red,Apparel,Dress,Woven,Polyester; Viscose,,,29.99,/242/64/221681_RD_1,221681_RD_1.jpg,none,,,,,
221729_GN,221729,Dress BANANA Green,_GN,Green,Apparel,Dress,Woven,Cotton,,Cotton,32.99,/241/64/221729_GN_1,221729_GN_1.jpg,none,,,,,
221768_BL,221768,Dress P5 Blue,_BL,Blue,Apparel,Dress,Woven,Organic Cotton,,Cotton,25.99,/242/64/221768_BL_1,221768_BL_1.jpg,none,,,,,
221768_PK,221768,Dress C3 Pink,_PK,Pink,Apparel,Dress,Woven,Organic Cotton,,Cotton,25.99,/242/64/221768_PK_1,221768_PK_1.jpg,none,,,,,
221781_BK,221781,Trousers T1 ESSENTIALS Black,_BK,Black,Apparel,Trousers,Woven,Polyester; Viscose,,,29.99,/242/64/221781_BK_1,221781_BK_1.jpg,none,,,,,
221798_BM,221798,Dress C4 Bright Multicolor,_BM,Bright Multicolor,Apparel,Dress,Woven,Viscose,,,32.99,/242/64/221798_BM_1,221798_BM_1.jpg,none,,,,,
221876_BM,221876,Shirt T1 ESSENTIALS Bright Multicolor,_BM,Bright Multicolor,Apparel,Shirt,Woven,Cotton,,Cotton,23.99,/242/64/221876_BM_1,221876_BM_1.jpg,none,,,,,
221878_BK,221878,Dress T1 ESSENTIALS Black,_BK,Black,Apparel,Dress,Woven,Cotton,,,29.99,/242/64/221878_BK_1,221878_BK_1.jpg,none,,,,,
221878_WT,221878,Dress T1 ESSENTIALS White,_WT,White,Apparel,Dress,Woven,Cotton,,,29.99,/242/64/221878_WT_1,221878_WT_1.jpg,none,,,,,
221912_PK,221912,Shirt LAGO Pink,_PK,Pink,Apparel,Shirt,Woven,Lyocell,,Lyocell,25.99,/242/64/221912_PK_1,221912_PK_1.jpg,none,,,,,
222035_BU,222035,Trousers JJ Burgundy,_BU,Burgundy,Apparel,Trousers,Woven,Viscose,,,29.99,/242/64/222035_BU_1,222035_BU_1.jpg,none,,,,,
222035_GN,222035,Trousers JJ Green,_GN,Green,Apparel,Trousers,Woven,Viscose,,,29.99,/242/64/222035_GN_1,222035_GN_1.jpg,none,,,,,
222094_BM,222094,Dress C7 Bright Multicolor,_BM,Bright Multicolor,Apparel,Dress,Woven,Viscose,,,32.99,/242/64/222094_BM_1,222094_BM_1.jpg,none,,,,,
222182_BM,222182,Shirt AL Bright Multicolor,_BM,Bright Multicolor,Apparel,Shirt,Woven,Viscose,,Viscose,23.99,/242/64/222182_BM_1,222182_BM_1.jpg,none,,,,,
222253_BM,222253,Trousers C7 Bright Multicolor,_BM,Bright Multicolor,Apparel,Trousers,Woven,Viscose,,,35.99,/242/64/222253_BM_1,222253_BM_1.jpg,none,,,,,
222278_WT,222278,T-shirt C4 White,_WT,White,Apparel,T-shirt,Circular,Cotton,,Cotton,19.99,/242/64/222278_WT_1,222278_WT_1.jpg,none,,,,,
222281_BK,222281,Dress GI Black,_BK,Black,Apparel,Dress,Circular,Cotton,,,32.99,/242/64/222281_BK_1,222281_BK_1.jpg,none,,,,,
222281_RD,222281,Dress BETS Red,_RD,Red,Apparel,Dress,Circular,Cotton,,,32.99,/242/64/222281_RD_1,222281_RD_1.jpg,none,,,,,
222281_WT,222281,Dress GI White,_WT,White,Apparel,Dress,Circular,Cotton,,,32.99,/242/64/222281_WT_1,222281_WT_1.jpg,none,,,,,
222320_BK,222320,Kimono tigr Black,_BK,Black,Apparel,Kimono,Knit,Polyester; Viscose; Polyamide,,Polyester,59.99,/241/64/222320_BK_1,222320_BK_1.jpg,none,,,,,
222351_BL,222351,Dress P6 Blue,_BL,Blue,Apparel,Dress,Circular,Cotton,,,29.99,/242/64/222351_BL_1,222351_BL_1.jpg,none,,,,,
222351_BU,222351,Dress P6 Burgundy,_BU,Burgundy,Apparel,Dress,Circular,Cotton,,,29.99,/242/64/222351_BU_1,222351_BU_1.jpg,none,,,,,
222371_EC,222371,Dress C7 Ecru,_EC,Ecru,Apparel,Dress,Woven,Cotton; Cotton; Polyamide,,,39.99,/242/64/222371_EC_1,222371_EC_1.jpg,none,,,,,
222417_DG,222417,Sweater B4 Dark Grey,_DG,Dark Grey,Apparel,Sweater,Knit,Cotton; Polyester,,,27.99,/242/64/222417_DG_1,222417_DG_1.jpg,none,,,,,
222471_WT,222471,Trousers LAGO White,_WT,White,Apparel,Trousers,Circular,Elastane; Modal; Polyamide,,Modal,27.99,/242/64/222471_WT_1,222471_WT_1.jpg,none,,,,,
222472_BL,222472,T-shirt LAGO Blue,_BL,Blue,Apparel,T-shirt,Circular,Polyamide; Elastane; Modal,,Modal,25.99,/242/64/222472_BL_1,222472_BL_1.jpg,none,,,,,
222472_WT,222472,T-shirt LAGO White,_WT,White,Apparel,T-shirt,Circular,Elastane; Modal; Polyamide,,Modal,25.99,/242/64/222472_WT_1,222472_WT_1.jpg,none,,,,,
222526_GN,222526,Dress GI Green,_GN,Green,Apparel,Dress,Woven,Viscose,,,29.99,/242/64/222526_GN_1,222526_GN_1.jpg,none,,,,,
222530_DM,222530,Shirt 66 Dark Multicolor,_DM,Dark Multicolor,Apparel,Shirt,Woven,Cotton,,Cotton,23.99,/242/64/222530_DM_1,222530_DM_1.jpg,none,,,,,
222628_BM,222628,Kimono PERA Bright Multicolor,_BM,Bright Multicolor,Apparel,Kimono,Woven,Viscose,,,32.99,/241/64/222628_BM_1,222628_BM_1.jpg,none,,,,,
222655_BG,222655,Shirt CM Beige,_BG,Beige,Apparel,Shirt,Woven,Lyocell; Linen,,Lyocell,32.99,/242/64/222655_BG_1,222655_BG_1.jpg,none,,,,,
222655_BL,222655,Shirt CM Blue,_BL,Blue,Apparel,Shirt,Woven,Linen; Lyocell,,Lyocell,32.99,/242/64/222655_BL_1,222655_BL_1.jpg,none,,,,,
222661_BM,222661,Kimono MA Bright Multicolor,_BM,Bright Multicolor,Apparel,Kimono,Woven,Cotton,,,39.99,/242/64/222661_BM_1,222661_BM_1.jpg,none,,,,,
222662_CL,222662,Shirt T1 ESSENTIALS Coral,_CL,Coral,Apparel,Shirt,Woven,Linen,,,32.99,/242/64/222662_CL_1,222662_CL_1.jpg,none,,,,,
222662_LN,222662,Shirt PERA Light Green,_LN,Light Green,Apparel,Shirt,Woven,Linen,,,32.99,/241/64/222662_LN_1,222662_LN_1.jpg,none,,,,,
222662_WT,222662,Shirt T1 ESSENTIALS White,_WT,White,Apparel,Shirt,Woven,Linen,,,32.99,/242/64/222662_WT_1,222662_WT_1.jpg,none,,,,,
222681_BM,222681,Dress GI Bright Multicolor,_BM,Bright Multicolor,Apparel,Dress,Woven,Viscose,,,29.99,/242/64/222681_BM_1,222681_BM_1.jpg,none,,,,,
222690_NV,222690,Cardigan SEJ Navy,_NV,Navy,Apparel,Cardigan,Knit,Polyester; RECYCLED COTTON,,,39.99,/242/64/222690_NV_1,222690_NV_1.jpg,none,,,,,
222690_WT,222690,Cardigan SEJ White,_WT,White,Apparel,Cardigan,Knit,Polyester; RECYCLED COTTON,,,39.99,/242/64/222690_WT_1,222690_WT_1.jpg,none,,,,,
222694_BM,222694,Dress TRENDY Bright Multicolor,_BM,Bright Multicolor,Apparel,Dress,Woven,Cotton,,Cotton,39.99,/241/64/222694_BM_1,222694_BM_1.jpg,none,,,,,
222705_BN,222705,Skirt CC Brown,_BN,Brown,Apparel,Skirt,Woven,Linen,,,39.99,/242/64/222705_BN_1,222705_BN_1.jpg,none,,,,,
222707_BK,222707,Dress T1 ESSENTIALS Black,_BK,Black,Apparel,Dress,Knit,Polyamide; Polyester; Viscose,,,39.99,/241/64/222707_BK_1,222707_BK_1.jpg,none,,,,,
222707_RD,222707,Dress T1 ESSENTIALS Red,_RD,Red,Apparel,Dress,Knit,Polyamide; Polyester; Viscose,,,39.99,/241/64/222707_RD_1,222707_RD_1.jpg,none,,,,,
222738_NV,222738,Trousers T1 ESSENTIALS Navy,_NV,Navy,Apparel,Trousers,Circular,Elastane; Polyester; Viscose,,,27.99,/241/64/222738_NV_1,222738_NV_1.jpg,none,,,,,
222738_WT,222738,Trousers T1 ESSENTIALS White,_WT,White,Apparel,Trousers,Circular,Elastane; Polyester; Viscose,,,27.99,/241/64/222738_WT_1,222738_WT_1.jpg,none,,,,,
222811_BM,222811,Top MADEIRA Bright Multicolor,_BM,Bright Multicolor,Apparel,Top,Woven,Cotton,,Cotton,79.99,/241/64/222811_BM_1,222811_BM_1.jpg,none,,,,,
222815_BG,222815,Kimono T1 ESSENTIALS Beige,_BG,Beige,Apparel,Kimono,Woven,Cotton,,,29.99,/242/64/222815_BG_1,222815_BG_1.jpg,none,,,,,
222815_BU,222815,Kimono T1 ESSENTIALS Burgundy,_BU,Burgundy,Apparel,Kimono,Woven,Cotton,,,29.99,/242/64/222815_BU_1,222815_BU_1.jpg,none,,,,,
222835_BK,222835,Dress JJ Black,_BK,Black,Apparel,Dress,Circular,Polyester,,Polyester,25.99,/242/64/222835_BK_1,222835_BK_1.jpg,none,,,,,
222835_EC,222835,Dress JJ Ecru,_EC,Ecru,Apparel,Dress,Circular,Polyester,,Polyester,25.99,/242/64/222835_EC_1,222835_EC_1.jpg,none,,,,,
222835_KK,222835,Dress JJ Khaki,_KK,Khaki,Apparel,Dress,Circular,Polyester,,Polyester,25.99,/242/64/222835_KK_1,222835_KK_1.jpg,none,,,,,
222891_AN,222891,Trousers T1 ESSENTIALS Anthracite,_AN,Anthracite,Apparel,Trousers,Circular,Elastane; Modal; Polyester,,,27.99,/242/64/222891_AN_1,222891_AN_1.jpg,none,,,,,
222891_CA,222891,Trousers T1 ESSENTIALS Camel,_CA,Camel,Apparel,Trousers,Circular,Elastane; Modal; Polyester,,,27.99,/242/64/222891_CA_1,222891_CA_1.jpg,none,,,,,
222891_NV,222891,Trousers T1 ESSENTIALS Navy,_NV,Navy,Apparel,Trousers,Circular,Elastane; Modal; Polyester,,,27.99,/242/64/222891_NV_1,222891_NV_1.jpg,none,,,,,
222891_WT,222891,Trousers T1 ESSENTIALS White,_WT,White,Apparel,Trousers,Circular,Elastane; Modal; Polyester,,,27.99,/242/64/222891_WT_1,222891_WT_1.jpg,none,,,,,
222901_BL,222901,T-shirt T1 ESSENTIALS Blue,_BL,Blue,Apparel,T-shirt,Circular,Elastane; Polyester; Viscose,,Polyester,19.99,/241/64/222901_BL_1,222901_BL_1.jpg,none,,,,,
222901_BM,222901,T-shirt T1 ESSENTIALS Bright Multicolor,_BM,Bright Multicolor,Apparel,T-shirt,Circular,Elastane; Viscose; Polyester,,Polyester,19.99,/241/64/222901_BM_1,222901_BM_1.jpg,none,,,,,
222901_CA,222901,T-shirt BETS Camel,_CA,Camel,Apparel,T-shirt,Circular,Elastane; Viscose; Polyester,,Polyester,19.99,/242/64/222901_CA_1,222901_CA_1.jpg,none,,,,,
222901_KK,222901,T-shirt BETS Khaki,_KK,Khaki,Apparel,T-shirt,Circular,Polyester; Viscose; Elastane,,Polyester,19.99,/242/64/222901_KK_1,222901_KK_1.jpg,none,,,,,
222901_WT,222901,T-shirt T1 ESSENTIALS White,_WT,White,Apparel,T-shirt,Circular,Elastane; Polyester; Viscose,,Polyester,19.99,/241/64/222901_WT_1,222901_WT_1.jpg,none,,,,,
222924_BK,222924,Dress tigr Black,_BK,Black,Apparel,Dress,Woven,Acetate,,,39.99,/242/64/222924_BK_3,222924_BK_3.jpg,none,,,,,
222924_PK,222924,Dress tigr Pink,_PK,Pink,Apparel,Dress,Woven,Acetate,,,39.99,/242/64/222924_PK_1,222924_PK_1.jpg,none,,,,,
222951_PK,222951,Skirt CA Pink,_PK,Pink,Apparel,Skirt,Woven,Cotton; Lyocell,,,35.99,/242/64/222951_PK_1,222951_PK_1.jpg,none,,,,,
223180_BL,223180,Shirt B5 Blue,_BL,Blue,Apparel,Shirt,Woven,Cotton,,,27.99,/242/64/223180_BL_1,223180_BL_1.jpg,none,,,,,
223196_KK,223196,Trousers 00 Khaki,_KK,Khaki,Apparel,Trousers,Knit,Polyamide; Viscose,,Viscose,35.99,/242/64/223196_KK_1,223196_KK_1.jpg,none,,,,,
223196_WT,223196,Trousers B3 White,_WT,White,Apparel,Trousers,Knit,Polyamide; Viscose,,Viscose,35.99,/242/64/223196_WT_1,223196_WT_1.jpg,none,,,,,
223236_LG,223236,Skirt KAT Light Grey,_LG,Light Grey,Apparel,Skirt,Woven,Cotton; Polyamide,,Cotton,32.99,/242/64/223236_LG_1,223236_LG_1.jpg,none,,,,,
223351_GN,223351,Jumpsuit TA Green,_GN,Green,Apparel,Jumpsuit,Woven,Modal; Polyester,,Modal,49.99,/242/64/223351_GN_1,223351_GN_1.jpg,none,,,,,
223351_GY,223351,Jumpsuit TA Grey,_GY,Grey,Apparel,Jumpsuit,Woven,Modal; Polyester,,Modal,49.99,/242/64/223351_GY_1,223351_GY_1.jpg,none,,,,,
223384_BM,223384,Trousers BETS Bright Multicolor,_BM,Bright Multicolor,Apparel,Trousers,Woven,Viscose,,Viscose,29.99,/242/64/223384_BM_1,223384_BM_1.jpg,none,,,,,
223432_KK,223432,Dress C2 Khaki,_KK,Khaki,Apparel,Dress,Knit,Polyamide; Acrylic,,Acrylic,45.99,/242/64/223432_KK_1,223432_KK_1.jpg,none,,,,,
223450_BM,223450,Dress TRENDY Bright Multicolor,_BM,Bright Multicolor,Apparel,Dress,Woven,Cotton; Cotton,,,39.99,/242/64/223450_BM_1,223450_BM_1.jpg,none,,,,,
223457_BM,223457,Trousers cindy Bright Multicolor,_BM,Bright Multicolor,Apparel,Trousers,Woven,Lyocell,,Lyocell,29.99,/242/64/223457_BM_1,223457_BM_1.jpg,none,,,,,
223490_BM,223490,Shirt B4 Bright Multicolor,_BM,Bright Multicolor,Apparel,Shirt,Woven,Polyamide; Viscose; Rayon,,Rayon,27.99,/242/64/223490_BM_1,223490_BM_1.jpg,none,,,,,
223516_FU,223516,Dress B5 Fuchsia,_FU,Fuchsia,Apparel,Dress,Circular,Polyamide; Cotton; Elastane,,Cotton,25.99,/242/64/223516_FU_1,223516_FU_1.jpg,none,,,,,
223516_OW,223516,Dress B5 Off White,_OW,Off White,Apparel,Dress,Circular,Elastane; Polyamide; Cotton,,Cotton,25.99,/242/64/223516_OW_1,223516_OW_1.jpg,none,,,,,
223537_LN,223537,Skirt TT Light Green,_LN,Light Green,Apparel,Skirt,Woven,Acetate,,,39.99,/242/64/223537_LN_1,223537_LN_1.jpg,none,,,,,
223557_BK,223557,Dress GI Black,_BK,Black,Apparel,Dress,Circular,Elastane; Polyamide; Viscose,,Polyamide,25.99,/242/64/223557_BK_1,223557_BK_1.jpg,none,,,,,
223585_KK,223585,Dress C2 Khaki,_KK,Khaki,Apparel,Dress,Woven,Polyester,,Polyester,35.99,/242/64/223585_KK_1,223585_KK_1.jpg,none,,,,,
223585_TU,223585,Dress C2 Taupe,_TU,Taupe,Apparel,Dress,Woven,Polyester,,Polyester,35.99,/242/64/223585_TU_1,223585_TU_1.jpg,none,,,,,
223629_BK,223629,Cardigan MA Black,_BK,Black,Apparel,Cardigan,Knit,Polyamide; Viscose,,Viscose,25.99,/242/64/223629_BK_1,223629_BK_1.jpg,none,,,,,
223643_BN,223643,T-shirt CC Brown,_BN,Brown,Apparel,T-shirt,Circular,Cotton,,Cotton,15.99,/242/64/223643_BN_1,223643_BN_1.jpg,none,,,,,
223667_EC,223667,Shirt luci Ecru,_EC,Ecru,Apparel,Shirt,Woven,Cotton,,,32.99,/242/64/223667_EC_1,223667_EC_1.jpg,none,,,,,
223807_BM,223807,Dress BETS Bright Multicolor,_BM,Bright Multicolor,Apparel,Dress,Woven,Cotton,,Cotton,25.99,/242/64/223807_BM_1,223807_BM_1.jpg,none,,,,,
223872_GN,223872,Trousers GI Green,_GN,Green,Apparel,Trousers,Circular,Elastane; Polyester; Viscose,,Polyester,29.99,/242/64/223872_GN_1,223872_GN_1.jpg,none,,,,,
223872_WT,223872,Trousers GI White,_WT,White,Apparel,Trousers,Circular,Viscose; Polyester; Elastane,,Polyester,29.99,/242/64/223872_WT_1,223872_WT_1.jpg,none,,,,,
223925_BL,223925,Dress CC Blue,_BL,Blue,Apparel,Dress,Knit,Cotton; Acrylic,,,32.99,/242/64/223925_BL_1,223925_BL_1.jpg,none,,,,,
223989_DM,223989,Dress TRENDY Dark Multicolor,_DM,Dark Multicolor,Apparel,Dress,Circular,Cotton,,,29.99,/242/64/223989_DM_1,223989_DM_1.jpg,none,,,,,
224006_BK,224006,Top BETS Black,_BK,Black,Apparel,Top,Woven,Polyester,,Polyester,23.99,/242/64/224006_BK_1,224006_BK_1.jpg,none,,,,,
224006_BL,224006,Top P2 Blue,_BL,Blue,Apparel,Top,Woven,Polyester,,Polyester,23.99,/242/64/224006_BL_1,224006_BL_1.jpg,none,,,,,
224006_KK,224006,Top P2 Khaki,_KK,Khaki,Apparel,Top,Woven,Polyester,,Polyester,23.99,/242/64/224006_KK_1,224006_KK_1.jpg,none,,,,,
224052_EC,224052,Body BRIDAL CAPSULE Ecru,_EC,Ecru,Apparel,Bodys,Knit,Viscose; Polyamide,,,29.99,/242/64/224052_EC_1,224052_EC_1.jpg,none,,,,,
224071_BM,224071,Jumpsuit TRENDY Bright Multicolor,_BM,Bright Multicolor,Apparel,Jumpsuit,Woven,Polyester,,Polyester,45.99,/242/64/224071_BM_1,224071_BM_1.jpg,none,,,,,
224096_EC,224096,Sweater TUBR Ecru,_EC,Ecru,Apparel,Sweater,Knit,Polyester; Acrylic; Polyamide; Wool; Elastane,,Polyester,29.99,/242/64/224096_EC_1,224096_EC_1.jpg,none,,,,,
224096_RD,224096,Sweater gg Red,_RD,Red,Apparel,Sweater,Knit,Polyamide; Acrylic; Wool; Polyester; Elastane,,,29.99,/242/64/224096_RD_1,224096_RD_1.jpg,none,,,,,
224128_BM,224128,Dress CS1 Bright Multicolor,_BM,Bright Multicolor,Apparel,Dress,Circular,Polyamide; Elastane; Polyester; Elastane,,,29.99,/242/64/224128_BM_1,224128_BM_1.jpg,none,,,,,
224137_BL,224137,Dress TRENDY Blue,_BL,Blue,Apparel,Dress,Woven,Cotton,,,39.99,/242/64/224137_BL_1,224137_BL_1.jpg,none,,,,,
224137_WT,224137,Dress TRENDY White,_WT,White,Apparel,Dress,Woven,Cotton,,,39.99,/242/64/224137_WT_1,224137_WT_1.jpg,none,,,,,
224191_EC,224191,Dress BRIDAL CAPSULE Ecru,_EC,Ecru,Apparel,Dress,Woven,Viscose; Silk,,Viscose,49.99,/242/64/224191_EC_1,224191_EC_1.jpg,none,,,,,
224229_GN,224229,Shirt TRENDY Green,_GN,Green,Apparel,Shirt,Woven,Cotton,,,27.99,/242/64/224229_GN_1,224229_GN_1.jpg,none,,,,,
224278_GY,224278,Coat IE Grey,_GY,Grey,Apparel,Coat,Woven,Polyester; Wool; Polyester,,Polyester,59.99,/242/64/224278_GY_1,224278_GY_1.jpg,none,,,,,
224295_BM,224295,Shirt CS1 Bright Multicolor,_BM,Bright Multicolor,Apparel,Shirt,Woven,Polyester; Viscose; Polyamide,,,32.99,/242/64/224295_BM_1,224295_BM_1.jpg,none,,,,,
224330_NM,224330,T-shirt GI Neutral Multicolor,_NM,Neutral Multicolor,Apparel,T-shirt,Circular,Cotton,,Cotton,19.99,/242/64/224330_NM_1,224330_NM_1.jpg,none,,,,,
224429_NM,224429,Jeans CA Neutral Multicolor,_NM,Neutral Multicolor,Apparel,Jeans,Woven,Cotton; Elastane,,,42.99,/242/64/224429_NM_1,224429_NM_1.jpg,none,,,,,
224447_YL,224447,Cardigan CS1 Yellow,_YL,Yellow,Apparel,Cardigan,Knit,Cotton; Acrylic,,,32.99,/242/64/224447_YL_1,224447_YL_1.jpg,none,,,,,
224452_BN,224452,Trousers TRENDY Brown,_BN,Brown,Apparel,Trousers,Woven,Cotton,,,39.99,/242/64/224452_BN_1,224452_BN_1.jpg,none,,,,,
224452_EC,224452,Trousers TRENDY Ecru,_EC,Ecru,Apparel,Trousers,Woven,Cotton,,,39.99,/242/64/224452_EC_1,224452_EC_1.jpg,none,,,,,
224456_KK,224456,Raincoat C2 Khaki,_KK,Khaki,Apparel,Raincoat,Woven,Polyamide; Polyamide; Polyester; Cotton; Polyester,,,69.99,/242/64/224456_KK_1,224456_KK_1.jpg,none,,,,,
224489_GN,224489,Sweatshirt TT Green,_GN,Green,Apparel,Sweatshirt,Circular,Cotton,,Cotton,29.99,/242/64/224489_GN_1,224489_GN_1.jpg,none,,,,,
224489_WT,224489,Sweatshirt TT White,_WT,White,Apparel,Sweatshirt,Circular,Cotton,,Cotton,29.99,/242/64/224489_WT_1,224489_WT_1.jpg,none,,,,,
217119_FU,224548,Shirt T1 ESSENTIALS Fuchsia,_FU,Fuchsia,Apparel,Shirt,Woven,Viscose,,Viscose,23.99,/242/64/224548_FU_1,224548_FU_1.jpg,none,,,,,
224696_IC,224696,Raincoat KAT Ice,_IC,Ice,Apparel,Raincoat,Woven,Polyamide; Polyester; Cotton,,Cotton,59.99,/242/64/224696_IC_1,224696_IC_1.jpg,none,,,,,
224822_BG,224822,T-shirt T1 ESSENTIALS Beige,_BG,Beige,Apparel,T-shirt,Circular,Polyester; Cotton,,Cotton,19.99,/242/64/224822_BG_1,224822_BG_1.jpg,none,,,,,
224822_KK,224822,T-shirt T1 ESSENTIALS Khaki,_KK,Khaki,Apparel,T-shirt,Circular,Polyester; Cotton,,Cotton,19.99,/242/64/224822_KK_1,224822_KK_1.jpg,none,,,,,
224822_LM,224822,T-shirt T1 ESSENTIALS Lime,_LM,Lime,Apparel,T-shirt,Circular,Polyester; Cotton,,Cotton,19.99,/242/64/224822_LM_1,224822_LM_1.jpg,none,,,,,
224822_NV,224822,T-shirt T1 ESSENTIALS Navy,_NV,Navy,Apparel,T-shirt,Circular,Polyester; Cotton,,Cotton,19.99,/242/64/224822_NV_1,224822_NV_1.jpg,none,,,,,
224833_BK,224833,Vest 33 Black,_BK,Black,Apparel,Vest,Knit,recycled polyester; Cotton; RECYCLED COTTON; Polyester,,,35.99,/242/64/224833_BK_1,224833_BK_1.jpg,none,,,,,
224833_EC,224833,Vest 33 Ecru,_EC,Ecru,Apparel,Vest,Knit,Cotton; recycled polyester; Polyester; RECYCLED COTTON,,,35.99,/242/64/224833_EC_1,224833_EC_1.jpg,none,,,,,
224837_BM,224837,Sweatshirt 33 Bright Multicolor,_BM,Bright Multicolor,Apparel,Sweatshirt,Circular,Cotton,,,32.99,/242/64/224837_BM_1,224837_BM_1.jpg,none,,,,,
224864_BL,224864,Trousers BETS Blue,_BL,Blue,Apparel,Trousers,Circular,Polyester; Modal; Elastane,,,29.99,/242/64/224864_BL_1,224864_BL_1.jpg,none,,,,,
224864_BN,224864,Trousers SCUBA Brown,_BN,Brown,Apparel,Trousers,Circular,Polyester; Modal; Elastane,,,29.99,/242/64/224864_BN_1,224864_BN_1.jpg,none,,,,,
224864_NV,224864,Trousers SCUBA Navy,_NV,Navy,Apparel,Trousers,Circular,Elastane; Modal; Polyester,,,29.99,/242/64/224864_NV_1,224864_NV_1.jpg,none,,,,,
224864_RD,224864,Trousers BETS Red,_RD,Red,Apparel,Trousers,Circular,Modal; Elastane; Polyester,,,29.99,/242/64/224864_RD_1,224864_RD_1.jpg,none,,,,,
224864_SA,224864,Trousers SCUBA Salmon,_SA,Salmon,Apparel,Trousers,Circular,Modal; Elastane; Polyester,,Modal,29.99,/242/64/224864_SA_1,224864_SA_1.jpg,none,,,,,
224864_WT,224864,Trousers SCUBA White,_WT,White,Apparel,Trousers,Circular,Polyester; Elastane; Modal,,,29.99,/242/64/224864_WT_1,224864_WT_1.jpg,none,,,,,
224871_BL,224871,Dress TRENDY Blue,_BL,Blue,Apparel,Dress,Woven,Cotton; Cotton,,,32.99,/242/64/224871_BL_1,224871_BL_1.jpg,none,,,,,
224871_WT,224871,Dress TRENDY White,_WT,White,Apparel,Dress,Woven,Cotton; Cotton,,,32.99,/242/64/224871_WT_1,224871_WT_1.jpg,none,,,,,
224878_PK,224878,Shirt BETS Pink,_PK,Pink,Apparel,Shirt,Woven,Cotton,,Cotton,25.99,/242/64/224878_PK_1,224878_PK_1.jpg,none,,,,,
224885_BM,224885,Trousers CC Bright Multicolor,_BM,Bright Multicolor,Apparel,Trousers,Woven,Polyamide; Elastane; Cotton,,,39.99,/242/64/224885_BM_1,224885_BM_1.jpg,none,,,,,
224889_CA,224889,Coat CS1 Camel,_CA,Camel,Apparel,Coat,Woven,Suede,,Suede,99.99,/242/64/224889_CA_1,224889_CA_1.jpg,none,,,,,
224911_CL,224911,Shorts TRENDY Coral,_CL,Coral,Apparel,Shorts,Woven,Cotton,,,27.99,/242/64/224911_CL_1,224911_CL_1.jpg,none,,,,,
224911_WT,224911,Shorts TRENDY White,_WT,White,Apparel,Shorts,Woven,Cotton,,,27.99,/242/64/224911_WT_1,224911_WT_1.jpg,none,,,,,
224912_BK,224912,Trousers OO Black,_BK,Black,Apparel,Trousers,Circular,Polyamide; Viscose; Polyester; Elastane,,,29.99,/242/64/224912_BK_1,224912_BK_1.jpg,none,,,,,
224939_BK,224939,Cardigan T1 ESSENTIALS Black,_BK,Black,Apparel,Cardigan,Knit,Polyester; Polyamide; Acrylic; Wool,,,35.99,/242/64/224939_BK_1,224939_BK_1.jpg,none,,,,,
224939_WT,224939,Cardigan T1 ESSENTIALS White,_WT,White,Apparel,Cardigan,Knit,Acrylic; Wool; Polyamide; Polyester,,,35.99,/242/64/224939_WT_1,224939_WT_1.jpg,none,,,,,
224945_BL,224945,Trousers P2 Blue,_BL,Blue,Apparel,Trousers,Circular,Polyamide; Viscose; Elastane,,Viscose,29.99,/242/64/224945_BL_1,224945_BL_1.jpg,none,,,,,
224945_OW,224945,Trousers P2 Off White,_OW,Off White,Apparel,Trousers,Circular,Elastane; Polyamide; Viscose,,Viscose,29.99,/242/64/224945_OW_1,224945_OW_1.jpg,none,,,,,
225005_BM,225005,Blazer C4 SET Bright Multicolor,_BM,Bright Multicolor,Apparel,Blazer,Woven,Wool; Viscose; Polyester; Viscose; Elastane; Polyester,,,69.99,/242/64/225005_BM_1,225005_BM_1.jpg,none,,,,,
204678_BK,204678,High Heel Shoes WEDGE JUTE BLACK Black,_BK,Black,Footwear,High Heel Shoes,Textile,Cotton; Linen; Polyester; Polyester; Polyurethane; Polyurethane; Rubber,,,29.99,/231/53/204678_BK_1,204678_BK_1.jpg,none,,,,,
206383_FU,206383,Flat Sandals SANDALS SPECIAL PRICE Fuchsia,_FU,Fuchsia,Footwear,Flat Sandals,PU,Polyurethane; Polyurethane; Polyurethane; Rubber,,,12.99,/231/53/206383_FU_1,206383_FU_1.jpg,none,,,,,
206383_GD,206383,Flat Sandals SANDALS SPECIAL PRICE Gold,_GD,Gold,Footwear,Flat Sandals,PU,Polyurethane; Polyurethane; Polyurethane; Rubber,,,12.99,/231/53/206383_GD_1,206383_GD_1.jpg,none,,,,,
206383_LM,206383,Flat Sandals SANDALS SPECIAL PRICE Lime,_LM,Lime,Footwear,Flat Sandals,PU,Polyurethane; Polyurethane; Rubber; Polyurethane,,,12.99,/231/53/206383_LM_1,206383_LM_1.jpg,none,,,,,
206383_NU,206383,Flat Sandals SANDALS SPECIAL PRICE Nude,_NU,Nude,Footwear,Flat Sandals,PU,Polyurethane; Polyurethane; Polyurethane; Rubber,,,12.99,/231/53/206383_NU_1,206383_NU_1.jpg,none,,,,,
206577_GD,206577,High Heel Sandals GOLD HEEL SANDAL Gold,_GD,Gold,Footwear,High Heel Sandals,PU,Polyester; Polyurethane; Polyurethane; Rubber,,,29.99,/231/53/206577_GD_1,206577_GD_1.jpg,none,,,,,
206577_NU,206577,High Heel Sandals NUDE PARTY SANDAL Nude,_NU,Nude,Footwear,High Heel Sandals,PU,Polyester; Polyurethane; Polyurethane; Rubber,,,29.99,/232/53/206577_NU_1,206577_NU_1.jpg,none,,,,,
206577_SV,206577,High Heel Sandals SILVER PARTY SANDAL Silver,_SV,Silver,Footwear,High Heel Sandals,PU,Rubber; Polyester; Polyurethane; Polyurethane,,,29.99,/232/53/206577_SV_1,206577_SV_1.jpg,none,,,,,
207102_WT,207102,Trainer Shoes RUNNING WHITE & BEIGE White,_WT,White,Footwear,Trainers,Textile,Polyester; Polyester; Polyester; Polyurethane; Rubber,,,29.99,/231/53/207102_WT_1,207102_WT_1.jpg,none,,,,,
208217_NU,208217,Flat Shoes LACE-UP FLAT JUTE Nude,_NU,Nude,Footwear,Flat Shoes,Textile,Cotton; Linen; Polyester; Polyester; Polyurethane; Polyurethane; Rubber,,,29.99,/232/53/208217_NU_1,208217_NU_1.jpg,none,,,,,
209458_BK,209458,Flat Shoes BASIC MOCASSIN Black,_BK,Black,Footwear,Flat Shoes,PU,Polyurethane; Polyurethane; Polyurethane; Rubber,,,35.99,/232/53/209458_BK_1,209458_BK_1.jpg,none,,,,,
209458_SV,209458,Flat Shoes MOCASSIN SILVER Silver,_SV,Silver,Footwear,Flat Shoes,PU,Polyurethane; Polyurethane; Polyurethane; Rubber,,,35.99,/232/53/209458_SV_1,209458_SV_1.jpg,none,,,,,
209585_BK,209585,Flat Sandals SANDAL GLITTER Black,_BK,Black,Footwear,Flat Sandals,PU,Crystal Glass; Polyurethane; Polyurethane; Polyurethane; Rubber,,,29.99,/232/53/209585_BK_1,209585_BK_1.jpg,none,,,,,
2096291LM,209629,Flat Sandals LIME FLAT SANDAL Lime,1LM,Lime,Footwear,Flat Sandals,PU,Polyurethane; Polyurethane; Polyurethane; Rubber,,,19.99,/232/53/2096291LM_2y,2096291LM_2y.jpg,none,,,,,
209629_CA,209629,Flat Sandals SNAKE FLAT SANDAL Camel,_CA,Camel,Footwear,Flat Sandals,PU,Polyurethane; Rubber; Polyurethane; Polyurethane,,,19.99,/232/53/209629_CA_1,209629_CA_1.jpg,none,,,,,
209629_LM,209629,Flat Sandals LIME FLAT SANDAL Lime,_LM,Lime,Footwear,Flat Sandals,PU,Polyurethane; Polyurethane; Polyurethane; Rubber,,,19.99,/232/53/209629_LM_1,209629_LM_1.jpg,none,,,,,
209629_SV,209629,Flat Sandals DARK SILVER FLAT SANDAL Silver,_SV,Silver,Footwear,Flat Sandals,PU,Polyurethane; Polyurethane; Polyurethane; Rubber,,,19.99,/232/53/209629_SV_1,209629_SV_1.jpg,none,,,,,
209817_TU,209817,Trainer Shoes RUNNING TAUPE Taupe,_TU,Taupe,Footwear,Trainers,Textile,Polyester; Polyester; Polyester; Polyurethane; Rubber,,,35.99,/232/53/209817_TU_1,209817_TU_1.jpg,none,,,,,
210337_BK,210337,Ankle Boots COWBOY LEATHER Black,_BK,Black,Footwear,Ankle Boots,Leather,Cow Suede Leather; Polyester; Polyurethane; Polyurethane; Rubber,,,59.99,/241/53/210337_BK_1,210337_BK_1.jpg,none,,,,,
210337_BN,210337,Ankle Boots COWBOY LEATHER Brown,_BN,Brown,Footwear,Ankle Boots,Leather,Cow Suede Leather; Polyester; Polyurethane; Polyurethane; Rubber,,,59.99,/232/53/210337_BN_1,210337_BN_1.jpg,none,,,,,
210585_NU,210585,Ballerinas LACE-UP BALLERINA Nude,_NU,Nude,Footwear,Ballerinas,PU,Polyester; Polyurethane; Polyurethane; Polyurethane; Rubber,,,25.99,/232/53/210585_NU_1,210585_NU_1.jpg,none,,,,,
210649_BK,210649,Flat Shoes LEATHER MOCASSIN BLACK Black,_BK,Black,Footwear,Flat Shoes,Leather,Polyester; Polyester; Polyurethane; Polyurethane; Rubber; Cow Suede Leather; Cow Suede Leather,,,39.99,/232/53/210649_BK_1,210649_BK_1.jpg,none,,,,,
210649_TU,210649,Flat Shoes LEATHER MOCASSIN TAUPE Taupe,_TU,Taupe,Footwear,Flat Shoes,Leather,Cow Suede Leather; Cow Suede Leather; Polyester; Polyester; Polyurethane; Polyurethane; Rubber,,,39.99,/232/53/210649_TU_1,210649_TU_1.jpg,none,,,,,
210725_BK,210725,Boots MILITAR BOOT Black,_BK,Black,Footwear,Boots,PU,Polyester; Polyurethane; Polyurethane; Polyurethane; Rubber,,,45.99,/232/53/210725_BK_1,210725_BK_1.jpg,none,,,,,
210726_BK,210726,Ankle Boots ZIPPER ANKLE BOOT Black,_BK,Black,Footwear,Ankle Boots,PU,Polyester; Polyester; Polyurethane; Polyurethane; Polyurethane; Rubber,,,39.99,/232/53/210726_BK_1,210726_BK_1.jpg,none,,,,,
210726_KK,210726,Ankle Boots ZIPPER ANKLE BOOT Khaki,_KK,Khaki,Footwear,Ankle Boots,PU,Polyester; Polyester; Polyurethane; Polyurethane; Polyurethane; Rubber,,,39.99,/232/53/210726_KK_1,210726_KK_1.jpg,none,,,,,
211212_BG,211212,Trainer Shoes TRAINER BEIGE BURGUNDY Beige,_BG,Beige,Footwear,Trainers,Textile,Polyester; Polyester; Polyester; Polyurethane; Rubber,,,35.99,/232/53/211212_BG_1,211212_BG_1.jpg,none,,,,,
211341_OW,211341,High Heel Sandals SANDAL HEEL OFF WHITE Off White,_OW,Off White,Footwear,High Heel Sandals,PU,Polyurethane; Polyurethane; Polyurethane; Rubber,,,32.99,/232/53/211341_OW_1,211341_OW_1.jpg,none,,,,,
211603_BK,211603,Ankle Boots FLYKNIT BOOT Black,_BK,Black,Footwear,Ankle Boots,Textile,Polyester; Polyester; Polyurethane; Polyurethane; Polyurethane; Rubber,,,39.99,/232/53/211603_BK_1,211603_BK_1.jpg,none,,,,,
212034_BK,212034,High Heel Shoes PATENT HIGH HEEL SHOES Black,_BK,Black,Footwear,High Heel Shoes,PU,Polyurethane; Polyurethane; Polyurethane; Rubber,,,35.99,/232/53/212034_BK_1,212034_BK_1.jpg,none,,,,,
212034_RD,212034,High Heel Shoes RED HEEL SHOES Red,_RD,Red,Footwear,High Heel Shoes,PU,Polyurethane; Polyurethane; Polyurethane; Rubber,,,35.99,/232/53/212034_RD_1,212034_RD_1.jpg,none,,,,,
212089_BK,212089,Ballerinas BLACK POINTED BALLERINA Black,_BK,Black,Footwear,Ballerinas,PU,Polyester; Polyurethane; Polyurethane; Polyurethane; Rubber,,,22.99,/232/53/212089_BK_1,212089_BK_1.jpg,none,,,,,
213858_BK,213858,Ankle Boots COWBOY BOOT Black,_BK,Black,Footwear,Ankle Boots,PU,Polyester; Polyurethane; Polyurethane; Polyurethane; Rubber,,,39.99,/232/53/213858_BK_1,213858_BK_1.jpg,none,,,,,
214180_BK,214180,Flat Shoes MOCASSIN PU CERCO Black,_BK,Black,Footwear,Flat Shoes,PU,Polyurethane; Rubber; Polyester; Polyurethane; Polyurethane,,,39.99,/232/53/214180_BK_1,214180_BK_1.jpg,none,,,,,
214180_RD,214180,Flat Shoes MOCASSIN PU CERCO Red,_RD,Red,Footwear,Flat Shoes,PU,Polyester; Polyurethane; Polyurethane; Polyurethane; Rubber,,,39.99,/232/53/214180_RD_1,214180_RD_1.jpg,none,,,,,
214184_BK,214184,Ankle Boots COWBOY LEATHER Black,_BK,Black,Footwear,Ankle Boots,Leather,Cow Leather; Polyester; Polyurethane; Polyurethane; Rubber,,,69.99,/241/53/214184_BK_1,214184_BK_1.jpg,none,,,,,
215091_BK,215091,High Heel Shoes CANICHE CAMPAIGN Black,_BK,Black,Footwear,High Heel Shoes,Leather,Cow Suede Leather; Cow Suede Leather; Polyurethane; Polyurethane; Rubber,,,55.99,/232/53/215091_BK_1,215091_BK_1.jpg,none,,,,,
215091_BU,215091,High Heel Shoes CANICHE CAMPAIGN Burgundy,_BU,Burgundy,Footwear,High Heel Shoes,Leather,Cow Suede Leather; Cow Suede Leather; Polyurethane; Polyurethane; Rubber,,,55.99,/232/53/215091_BU_1,215091_BU_1.jpg,none,,,,,
215241_BK,215241,Ballerinas CANICHE CAMPAIGN Black,_BK,Black,Footwear,Ballerinas,Textile,Polyester; Polyurethane; Polyurethane; Rubber; Polyester,,,29.99,/232/53/215241_BK_1,215241_BK_1.jpg,none,,,,,
215241_CA,215241,Ballerinas CANICHE CAMPAIGN Camel,_CA,Camel,Footwear,Ballerinas,Textile,Polyurethane; Polyurethane; Rubber; Polyester; Polyester,,,29.99,/232/53/215241_CA_1,215241_CA_1.jpg,none,,,,,
215241_KK,215241,Ballerinas CANICHE CAMPAIGN Khaki,_KK,Khaki,Footwear,Ballerinas,Textile,Polyester; Polyester; Polyurethane; Polyurethane; Rubber,,,29.99,/232/53/215241_KK_1,215241_KK_1.jpg,none,,,,,
215323_BN,215323,Ankle Boots COWBOY LEATHER Brown,_BN,Brown,Footwear,Ankle Boots,Leather,Cow Suede Leather; Polyester; Polyurethane; Polyurethane; Rubber,,,55.99,/241/53/215323_BN_1,215323_BN_1.jpg,none,,,,,
215548_SV,215548,Ankle Boots LADY ANKLE BOOT Silver,_SV,Silver,Footwear,Ankle Boots,PU,Polyester; Polyurethane; Polyurethane; Polyurethane; Rubber,,,39.99,/241/53/215548_SV_1,215548_SV_1.jpg,none,,,,,
215613_BG,215613,Trainer Shoes RUNNING NYLON BEIGE Beige,_BG,Beige,Footwear,Trainers,Textile,Polyester; Polyester; Polyester; Polyurethane; Rubber,,,29.99,/241/53/215613_BG_1,215613_BG_1.jpg,none,,,,,
216058_GD,216058,Trainer Shoes RUNNING GOLD Gold,_GD,Gold,Footwear,Trainers,PU,Polyester; Polyester; Polyurethane; Rubber; Polyester,,,35.99,/241/53/216058_GD_1,216058_GD_1.jpg,none,,,,,
216659_BM,216659,Trainer Shoes RUNNING COLORS Bright Multicolor,_BM,Bright Multicolor,Footwear,Trainers,PU,Polyester; Polyester; Polyester; Polyurethane; Rubber,,,35.99,/241/53/216659_BM_1,216659_BM_1.jpg,none,,,,,
217166_CA,217166,Flat Shoes LEATHER MOCASSIN Camel,_CA,Camel,Footwear,Flat Shoes,Leather,Cow Suede Leather; Polyester; Polyurethane; Polyurethane; Rubber,,,39.99,/241/53/217166_CA_1,217166_CA_1.jpg,none,,,,,
217225_BL,217225,Ballerinas CUPID Blue,_BL,Blue,Footwear,Ballerinas,Textile,Polyester; Polyester; Polyurethane; Polyurethane; Rubber,,,29.99,/241/53/217225_BL_1,217225_BL_1.jpg,none,,,,,
217225_RD,217225,Ballerinas CUPID Red,_RD,Red,Footwear,Ballerinas,Textile,Polyurethane; Rubber; Polyester; Polyester; Polyurethane,,,29.99,/241/53/217225_RD_1,217225_RD_1.jpg,none,,,,,
217662_DG,217662,Ankle Boots BIKER Dark Grey,_DG,Dark Grey,Footwear,Ankle Boots,PU,Polyester; Polyurethane; Polyurethane; Polyurethane; Rubber,,,49.99,/241/53/217662_DG_1,217662_DG_1.jpg,none,,,,,
218049_BK,218049,Flat Shoes JUTE BICOLOR Black,_BK,Black,Footwear,Flat Shoes,Textile,Cotton; Cotton; Polyester; Polyurethane; Polyurethane; Rubber; Jute,,,25.99,/241/53/218049_BK_1,218049_BK_1.jpg,none,,,,,
218063_GD,218063,Flat Shoes JUTE BICOLOR Gold,_GD,Gold,Footwear,Flat Shoes,Textile,Cotton; Cotton; Linen; Polyester; Polyurethane; Polyurethane; Polyurethane; Rubber; Jute,,,23.99,/241/53/218063_GD_1,218063_GD_1.jpg,none,,,,,
218093_BK,218093,Ballerinas BALLERINA LEATHER Black,_BK,Black,Footwear,Ballerinas,Leather,Cow Leather; Cow Leather; Polyurethane; Polyurethane; Rubber,,,39.99,/241/53/218093_BK_1,218093_BK_1.jpg,none,,,,,
218093_SV,218093,Ballerinas BALLERINA LEATHER Silver,_SV,Silver,Footwear,Ballerinas,Leather,Cow Leather; Cow Leather; Cow Leather; Rubber,,,39.99,/241/53/218093_SV_1,218093_SV_1.jpg,none,,,,,
218235_BK,218235,Flat Sandals TWO-BUCKLES FLAT SANDAL Black,_BK,Black,Footwear,Flat Sandals,PU,Polyester; Polyurethane; Polyurethane; Polyurethane; Rubber,,,32.99,/241/53/218235_BK_1,218235_BK_1.jpg,none,,,,,
218235_OW,218235,Flat Sandals TWO-BUCKLES FLAT SANDAL Off White,_OW,Off White,Footwear,Flat Sandals,PU,Polyester; Polyurethane; Polyurethane; Polyurethane; Rubber,,,32.99,/241/53/218235_OW_1,218235_OW_1.jpg,none,,,,,
218263_BK,218263,Ballerinas FLAT SLINGBACK BLACK Black,_BK,Black,Footwear,Ballerinas,PU,Polyester; Polyurethane; Polyurethane; Polyurethane; Rubber,,,25.99,/241/53/218263_BK_1,218263_BK_1.jpg,none,,,,,
218473_BK,218473,High Heel Sandals BLACK WEDGE JUTE Black,_BK,Black,Footwear,High Heel Sandals,PU,Polyurethane; Polyurethane; Polyurethane; Rubber,,,35.99,/241/53/218473_BK_1,218473_BK_1.jpg,none,,,,,
218473_CA,218473,High Heel Sandals CAMEL WEDGE JUTE Camel,_CA,Camel,Footwear,High Heel Sandals,PU,Polyurethane; Polyurethane; Polyurethane; Rubber,,,35.99,/241/53/218473_CA_1,218473_CA_1.jpg,none,,,,,
218529_PM,218529,Trainer Shoes TRAINER COLORS SOFT Pastel Multicolor,_PM,Pastel Multicolor,Footwear,Trainers,PU,Polyester; Polyester; Polyester; Polyurethane; Rubber,,,35.99,/241/53/218529_PM_1,218529_PM_1.jpg,none,,,,,
218703_CA,218703,Flat Sandals CAMEL FLAT SANDAL Camel,_CA,Camel,Footwear,Flat Sandals,PU,Polyurethane; Polyurethane; Rubber; Thermoplastic Polyurethane; Thermoplastic Polyurethane,,,25.99,/241/53/218703_CA_1,218703_CA_1.jpg,none,,,,,
218703_GD,218703,Flat Sandals GOLD FLAT SANDAL Gold,_GD,Gold,Footwear,Flat Sandals,PU,Polyurethane; Polyurethane; Rubber; Thermoplastic Polyurethane; Thermoplastic Polyurethane,,,25.99,/241/53/218703_GD_1,218703_GD_1.jpg,none,,,,,
219320_WI,219320,Flat Sandals MADEIRA Wine,_WI,Wine,Footwear,Flat Sandals,PU,Polyurethane; Polyurethane; Polyurethane; Rubber,,,29.99,/241/53/219320_WI_1,219320_WI_1.jpg,none,,,,,
219443_MT,219443,High Heel Sandals MADEIRA Mint,_MT,Mint,Footwear,High Heel Sandals,PU,Rubber; Polyurethane; Polyurethane; Polyurethane,,,39.99,/241/53/219443_MT_1,219443_MT_1.jpg,none,,,,,
219443_RD,219443,High Heel Sandals MADEIRA Red,_RD,Red,Footwear,High Heel Sandals,PU,Polyurethane; Polyurethane; Polyurethane; Rubber,,,39.99,/241/53/219443_RD_1,219443_RD_1.jpg,none,,,,,
219451_EC,219451,Flat Shoes LEATHER MOCASSIN Ecru,_EC,Ecru,Footwear,Flat Shoes,Leather,Cow Suede Leather; Polyester; Polyurethane; Polyurethane; Rubber,,,39.99,/241/53/219451_EC_1,219451_EC_1.jpg,none,,,,,
219716_GD,219716,Flat Sandals SANDAL LACE-UP Gold,_GD,Gold,Footwear,Flat Sandals,PU,Polyurethane; Polyurethane; Polyurethane; Rubber,,,19.99,/241/53/219716_GD_1,219716_GD_1.jpg,none,,,,,
219957_CA,219957,Flat Sandals LEATHER SANDAL Camel,_CA,Camel,Footwear,Flat Sandals,Leather,Cow Leather; Cow Leather; Thermoplastic Polyurethane; Thermoplastic Polyurethane; Thermoplastic Polyurethane,,,29.99,/242/53/219957_CA_1,219957_CA_1.jpg,none,,,,,
219961_BK,219961,Flat Sandals SANDAL RING Black,_BK,Black,Footwear,Flat Sandals,PU,Polyurethane; Polyurethane; Polyurethane; Rubber,,,32.99,/242/53/219961_BK_1,219961_BK_1.jpg,none,,,,,
219961_CA,219961,Flat Sandals SANDAL RING Camel,_CA,Camel,Footwear,Flat Sandals,PU,Polyurethane; Polyurethane; Polyurethane; Rubber,,,32.99,/241/53/219961_CA_1,219961_CA_1.jpg,none,,,,,
220354_BK,220354,Flat Sandals BASIC FLAT SANDALS Black,_BK,Black,Footwear,Flat Sandals,PU,Polyurethane; Polyurethane; Polyurethane; Rubber,,,19.99,/242/53/220354_BK_1,220354_BK_1.jpg,none,,,,,
220354_CA,220354,Flat Sandals BASIC FLAT SANDALS Camel,_CA,Camel,Footwear,Flat Sandals,PU,Polyurethane; Polyurethane; Polyurethane; Rubber,,,19.99,/242/53/220354_CA_1,220354_CA_1.jpg,none,,,,,
220688_EC,220688,Flat Shoes JUTE MARY-JANE Ecru,_EC,Ecru,Footwear,Flat Shoes,Textile,Cotton; Cotton; Polyester; Polyurethane; Polyurethane; Rubber; Jute,,,29.99,/242/53/220688_EC_1,220688_EC_1.jpg,none,,,,,
220764_LL,220764,Trainer Shoes RUNNING LILAC Lilac,_LL,Lilac,Footwear,Trainers,PU,Polyester; Polyester; Polyester; Polyurethane; Rubber,,,39.99,/241/53/220764_LL_1,220764_LL_1.jpg,none,,,,,
220764_YL,220764,Trainer Shoes RUNNING YELLOW Yellow,_YL,Yellow,Footwear,Trainers,PU,Polyester; Polyester; Polyester; Polyurethane; Rubber,,,39.99,/241/53/220764_YL_1,220764_YL_1.jpg,none,,,,,
220898_GD,220898,Flat Sandals CANGREJERA Gold,_GD,Gold,Footwear,Flat Sandals,PU,Polyurethane; Polyurethane; Polyurethane; Rubber; Jute,,,29.99,/242/53/220898_GD_1,220898_GD_1.jpg,none,,,,,
222136_BK,222136,High Heel Sandals FLOWER HEEL SANDAL Black,_BK,Black,Footwear,High Heel Sandals,PU,Polyurethane; Polyurethane; Polyurethane; Rubber,,,35.99,/242/53/222136_BK_1,222136_BK_1.jpg,none,,,,,
222249_BK,222249,Ballerinas BLACK BALLERINA Black,_BK,Black,Footwear,Ballerinas,Textile,Polyester; Polyurethane; Polyurethane; Polyurethane; Thermoplastic Polyurethane; Polyester,,,19.99,/242/53/222249_BK_1,222249_BK_1.jpg,none,,,,,
222249_BL,222249,Ballerinas BICOLOR BALLERINA Blue,_BL,Blue,Footwear,Ballerinas,Textile,Polyester; Polyester; Polyurethane; Polyurethane; Polyurethane; Thermoplastic Polyurethane,,,19.99,/242/53/222249_BL_1,222249_BL_1.jpg,none,,,,,
222249_EC,222249,Ballerinas BICOLOR BALLERINA Ecru,_EC,Ecru,Footwear,Ballerinas,Textile,Thermoplastic Polyurethane; Polyester; Polyester; Polyurethane; Polyurethane,,,19.99,/242/53/222249_EC_1,222249_EC_1.jpg,none,,,,,
222249_SV,222249,Ballerinas BICOLOR BALLERINA Silver,_SV,Silver,Footwear,Ballerinas,Textile,Polyester; Polyurethane; Polyurethane; Thermoplastic Polyurethane; Polyester; Polyurethane,,,19.99,/242/53/222249_SV_1,222249_SV_1.jpg,none,,,,,
222435_BU,222435,Trainer Shoes NYLON BURGUNDY Burgundy,_BU,Burgundy,Footwear,Trainers,Textile,Polyester; Polyester; Polyester; Polyurethane; Thermoplastic Rubber,,,32.99,/242/53/222435_BU_1,222435_BU_1.jpg,none,,,,,
222435_KK,222435,Trainer Shoes NYLON KHAKI Khaki,_KK,Khaki,Footwear,Trainers,Textile,Polyester; Polyester; Polyester; Polyurethane; Thermoplastic Rubber,,,32.99,/242/53/222435_KK_1,222435_KK_1.jpg,none,,,,,
222483_BG,222483,Flat Shoes POINTED BALLERINA EYELETS Beige,_BG,Beige,Footwear,Flat Shoes,PU,Polyester; Polyurethane; Polyurethane; Polyurethane; Rubber,,,35.99,/242/53/222483_BG_1,222483_BG_1.jpg,none,,,,,
222483_BU,222483,Flat Shoes POINTED BALLERINA EYELETS Burgundy,_BU,Burgundy,Footwear,Flat Shoes,PU,Polyester; Polyurethane; Polyurethane; Polyurethane; Rubber,,,35.99,/242/53/222483_BU_1,222483_BU_1.jpg,none,,,,,
222524_BG,222524,Ballerinas BALLERINA SNAKE Beige,_BG,Beige,Footwear,Ballerinas,PU,Thermoplastic Polyurethane; Polyester; Polyurethane; Polyurethane; Polyurethane,,,25.99,/242/53/222524_BG_1,222524_BG_1.jpg,none,,,,,
222687_BG,222687,Trainer Shoes RUNNING FASHION NYLON Beige,_BG,Beige,Footwear,Trainers,Textile,Polyurethane; Thermoplastic Rubber; Polyester; Polyester; Polyester,,,35.99,/242/53/222687_BG_1,222687_BG_1.jpg,none,,,,,
222687_BK,222687,Trainer Shoes NYLON BLACK Black,_BK,Black,Footwear,Trainers,Textile,Polyester; Polyester; Polyester; Polyurethane; Thermoplastic Rubber,,,35.99,/242/53/222687_BK_1,222687_BK_1.jpg,none,,,,,
222687_PK,222687,Trainer Shoes NYLON PINK Pink,_PK,Pink,Footwear,Trainers,Textile,Polyester; Polyester; Polyester; Polyurethane; Thermoplastic Rubber,,,35.99,/242/53/222687_PK_1,222687_PK_1.jpg,none,,,,,
222725_TU,222725,Flat Shoes MULES LEATHER Taupe,_TU,Taupe,Footwear,Flat Shoes,Leather,Cow Suede Leather; Polyester; Polyurethane; Polyurethane; Thermoplastic Polyurethane,,,39.99,/242/53/222725_TU_1,222725_TU_1.jpg,none,,,,,
222836_DM,222836,Ballerinas LEOPARD BALLERINA Dark Multicolor,_DM,Dark Multicolor,Footwear,Ballerinas,Textile,Polyester; Polyester; Polyurethane; Polyurethane; Thermoplastic Polyurethane,,,25.99,/242/53/222836_DM_1,222836_DM_1.jpg,none,,,,,
223587_TU,223587,Ankle Boots BASIC ANKLE BOOT TAUPE Taupe,_TU,Taupe,Footwear,Ankle Boots,Textile,Polyester; Polyurethane; Rubber; Polyurethane; Polyester,,,35.99,/242/53/223587_TU_1,223587_TU_1.jpg,none,,,,,
223637_BK,223637,Ballerinas BALLERINA LEATHER Black,_BK,Black,Footwear,Ballerinas,Leather,Cow Leather; Rubber; Cow Leather; Cow Leather,,,39.99,/242/53/223637_BK_1,223637_BK_1.jpg,none,,,,,
223637_BU,223637,Ballerinas BALLERINA LEATHER Burgundy,_BU,Burgundy,Footwear,Ballerinas,Leather,Cow Leather; Cow Leather; Rubber; Cow Leather,,,39.99,/242/53/223637_BU_1,223637_BU_1.jpg,none,,,,,
223645_BK,223645,Ankle Boots BASIC ELASTIC BOOT Black,_BK,Black,Footwear,Ankle Boots,PU,Polyurethane; Polyurethane; Polyester; Polyurethane; Rubber,,,39.99,/242/53/223645_BK_1,223645_BK_1.jpg,none,,,,,
223664_BU,223664,Ankle Boots BUCKLE ANKLE BOOT Burgundy,_BU,Burgundy,Footwear,Ankle Boots,Leather,Polyurethane; Polyurethane; Cow Leather; Polyester; Rubber,,,59.99,/242/53/223664_BU_1,223664_BU_1.jpg,none,,,,,
223775_BK,223775,Ankle Boots ELASTIC ANKLE BOOT Black,_BK,Black,Footwear,Ankle Boots,PU,Polyurethane; Polyester; Polyurethane; Polyester; Rubber; Polyurethane,,,39.99,/242/53/223775_BK_1,223775_BK_1.jpg,none,,,,,
223873_BK,223873,Ballerinas STUDS BALLERINA Black,_BK,Black,Footwear,Ballerinas,PU,Polyurethane; Rubber; Polyurethane; Polyester; Polyurethane,,,35.99,/242/53/223873_BK_1,223873_BK_1.jpg,none,,,,,
223873_TU,223873,Ballerinas STUDS BALLERINA Taupe,_TU,Taupe,Footwear,Ballerinas,PU,Rubber; Polyester; Polyurethane; Polyurethane; Polyurethane,,,35.99,/242/53/223873_TU_1,223873_TU_1.jpg,none,,,,,
224083_CA,224083,Ankle Boots LEATHER ANKLE BOOT Camel,_CA,Camel,Footwear,Ankle Boots,Leather,Polyester; Rubber; Polyurethane; Cow Suede Leather; Polyurethane,,,59.99,/242/53/224083_CA_1,224083_CA_1.jpg,none,,,,,
224251_BU,224251,Trainer Shoes LEATHER RUNNING Burgundy,_BU,Burgundy,Footwear,Trainers,Leather,Polyurethane; Polyester; Rubber; Polyester; Cow Suede Leather,,,49.99,/242/53/224251_BU_2y,224251_BU_2y.jpg,none,,,,,
224251_CA,224251,Trainer Shoes LEATHER RUNNING Camel,_CA,Camel,Footwear,Trainers,Leather,Polyester; Rubber; Cow Suede Leather; Polyurethane; Polyester,,,49.99,/242/53/224251_CA_1,224251_CA_1.jpg,none,,,,,
224251_LG,224251,Trainer Shoes LEATHER RUNNING Light Grey,_LG,Light Grey,Footwear,Trainers,Leather,Cow Suede Leather; Polyester; Polyurethane; Rubber; Polyester,,,49.99,/242/53/224251_LG_1,224251_LG_1.jpg,none,,,,,
224464_DM,224464,Ballerinas ZEBRA BALLERINA Dark Multicolor,_DM,Dark Multicolor,Footwear,Ballerinas,Leather,Polyurethane; Cow Leather; Polyester; Polyurethane; Rubber; Polyurethane,,,45.99,/242/53/224464_DM_1,224464_DM_1.jpg,none,,,,,
200433_BK,200433,Briefcase TILE3 Black,_BK,Black,Hand Bag,Briefcase,Animal Embossed PU,Polyester; Polyester; Polyurethane; Polyurethane,,,39.99,/222/54/200433_BK_1,200433_BK_1.jpg,none,,,,,
200433_KK,200433,Briefcase TILE3 Khaki,_KK,Khaki,Hand Bag,Briefcase,Animal Embossed PU,Polyester; Polyester; Polyurethane; Polyurethane,,,39.99,/222/54/200433_KK_1,200433_KK_1.jpg,none,,,,,
2076451BG,207645,Shopper Bag MARGARET Beige,1BG,Beige,Hand Bag,Shopper,Plain PU,Cotton; Polyester; Polyurethane; Polyurethane; Polyurethane; Polyurethane,,,25.99,/232/54/2076451BG_1,2076451BG_1.jpg,none,,,,,
207645_EC,207645,Shopper Bag MARGARET Ecru,_EC,Ecru,Hand Bag,Shopper,Plain PU,Cotton; Polyester; Polyurethane; Polyurethane; Polyurethane; Polyurethane,,,25.99,/232/54/207645_EC_1,207645_EC_1.jpg,none,,,,,
207646_BG,207646,Tote Bag MARGARET Beige,_BG,Beige,Hand Bag,Tote,Plain PU,Cotton; Polyester; Polyurethane; Polyurethane; Polyurethane; Polyurethane,,,23.99,/232/54/207646_BG_1,207646_BG_1.jpg,none,,,,,
207646_BK,207646,Tote Bag MARGARET Black,_BK,Black,Hand Bag,Tote,Plain PU,Cotton; Polyester; Polyurethane; Polyurethane; Polyurethane; Polyurethane,,,23.99,/232/54/207646_BK_1,207646_BK_1.jpg,none,,,,,
207646_BL,207646,Tote Bag MARGARET Blue,_BL,Blue,Hand Bag,Tote,Plain PU,Polyurethane; Polyurethane; Cotton; Polyester; Polyurethane; Polyurethane,,,23.99,/232/54/207646_BL_1,207646_BL_1.jpg,none,,,,,
207646_EC,207646,Tote Bag MARGARET Ecru,_EC,Ecru,Hand Bag,Tote,Plain PU,Cotton; Polyester; Polyurethane; Polyurethane; Polyurethane; Polyurethane,,,23.99,/232/54/207646_EC_1,207646_EC_1.jpg,none,,,,,
207646_LL,207646,Tote Bag MARGARET Lilac,_LL,Lilac,Hand Bag,Tote,Plain PU,Cotton; Polyester; Polyurethane; Polyurethane; Polyurethane; Polyurethane,,,23.99,/232/54/207646_LL_1,207646_LL_1.jpg,none,,,,,
207646_YL,207646,Tote Bag MARGARET Yellow,_YL,Yellow,Hand Bag,Tote,Plain PU,Cotton; Polyester; Polyurethane; Polyurethane; Polyurethane; Polyurethane,,,23.99,/232/54/207646_YL_1,207646_YL_1.jpg,none,,,,,
208066_EC,208066,Shopper Bag BUKARA3 Ecru,_EC,Ecru,Hand Bag,Shopper,Jute,Cotton; Cotton; Jute; Metal and Plastic,,,23.99,/232/54/208066_EC_1,208066_EC_1.jpg,none,,,,,
208552_GN,208552,Handbag JOLY2 Green,_GN,Green,Hand Bag,Hand,Beads,Acrylic; Cotton; Cotton,,,29.99,/232/54/208552_GN_1,208552_GN_1.jpg,none,,,,,
208708_GN,208708,Shopper Bag JOLY1 Green,_GN,Green,Hand Bag,Shopper,Plastic,Thermoplastic Polyurethane; Polyester; Polyurethane; Polyurethane; Polyurethane; Thermoplastic Polyurethane,,,27.99,/232/54/208708_GN_1,208708_GN_1.jpg,none,,,,,
208708_WT,208708,Shopper Bag JOLY1 White,_WT,White,Hand Bag,Shopper,Plastic,Polyester; Polyurethane; Polyurethane; Polyurethane; Thermoplastic Polyurethane; Thermoplastic Polyurethane,,,27.99,/232/54/208708_WT_1,208708_WT_1.jpg,none,,,,,
209024_BL,209024,Crossbody Bag JOLY3 Blue,_BL,Blue,Hand Bag,Cross,Plain PU,Polyester; Polyester; Polyurethane; Polyurethane,,,25.99,/232/54/209024_BL_1,209024_BL_1.jpg,none,,,,,
209024_TU,209024,Crossbody Bag JOLY3 Taupe,_TU,Taupe,Hand Bag,Cross,Plain PU,Polyester; Polyester; Polyurethane; Polyurethane,,,25.99,/232/54/209024_TU_1,209024_TU_1.jpg,none,,,,,
209024_WT,209024,Crossbody Bag JOLY3 White,_WT,White,Hand Bag,Cross,Plain PU,Polyester; Polyester; Polyurethane; Polyurethane,,,25.99,/232/54/209024_WT_1,209024_WT_1.jpg,none,,,,,
209049_SV,209049,Envelope Bag JOLY2 Silver,_SV,Silver,Hand Bag,Envelope,Printed PU,Polyester; Polyurethane; Polyurethane,,,23.99,/232/54/209049_SV_1,209049_SV_1.jpg,none,,,,,
209439_SW,209439,Crossbody Bag SOLAR Straw,_SW,Straw,Hand Bag,Cross,Paper straw,Linen; Paper; Polyurethane; Polyurethane,,,25.99,/232/54/209439_SW_1,209439_SW_1.jpg,none,,,,,
209454_BK,209454,Crossbody Bag NET3 Black,_BK,Black,Hand Bag,Cross,Plain PU,Polyester; Polyurethane; Polyurethane,,,25.99,/232/54/209454_BK_1,209454_BK_1.jpg,none,,,,,
209454_EC,209454,Crossbody Bag NET3 Ecru,_EC,Ecru,Hand Bag,Cross,Plain PU,Polyester; Polyurethane; Polyurethane,,,25.99,/232/54/209454_EC_1,209454_EC_1.jpg,none,,,,,
209454_LL,209454,Crossbody Bag NET3 Lilac,_LL,Lilac,Hand Bag,Cross,Plain PU,Polyester; Polyurethane; Polyurethane,,,25.99,/232/54/209454_LL_1,209454_LL_1.jpg,none,,,,,
209483_EC,209483,Bucket Bag SOLAR Ecru,_EC,Ecru,Hand Bag,Bucket,Crochet,Cotton; Cotton; Polyester; Polyester; Polyurethane,,,23.99,/232/54/209483_EC_1,209483_EC_1.jpg,none,,,,,
209518_SW,209518,Crossbody Bag BLANCA Straw,_SW,Straw,Hand Bag,Cross,Paper straw,Linen; Paper; Polyester; Polyurethane; Polyurethane,,,25.99,/232/54/209518_SW_1,209518_SW_1.jpg,none,,,,,
209556_GN,209556,Crossbody Bag GLICINIA Green,_GN,Green,Hand Bag,Cross,Printed PU,Polyester; Polyurethane; Polyurethane,,,25.99,/232/54/209556_GN_1,209556_GN_1.jpg,none,,,,,
209618_EC,209618,Crossbody Bag NET1 Ecru,_EC,Ecru,Hand Bag,Cross,Peach PU,Aluminium; Polyester; Polyester; Polyurethane; Polyurethane; Thermoplastic Polyurethane,,,27.99,/232/54/209618_EC_1,209618_EC_1.jpg,none,,,,,
209618_KK,209618,Crossbody Bag NET1 Khaki,_KK,Khaki,Hand Bag,Cross,Peach PU,Aluminium; Polyester; Polyester; Polyurethane; Polyurethane; Thermoplastic Polyurethane,,,27.99,/232/54/209618_KK_1,209618_KK_1.jpg,none,,,,,
209730_EC,209730,Shoulder Bag NET2 Ecru,_EC,Ecru,Hand Bag,Shoulder Bag,Padded Peach PU,Polyester; Polyurethane; Polyurethane,,,27.99,/232/54/209730_EC_1,209730_EC_1.jpg,none,,,,,
209909_HM,209909,Sac NET2 Halftone Multicolor,_HM,Halftone Multicolor,Hand Bag,Sac,Beads,Acrylic; Cotton,,,25.99,/232/54/209909_HM_1,209909_HM_1.jpg,none,,,,,
210049_CL,210049,Tote Bag MIK Coral,_CL,Coral,Hand Bag,Tote,Fake Nylon,Polyester; Polyester; Polyester; Polyurethane,,,27.99,/232/54/210049_CL_1,210049_CL_1.jpg,none,,,,,
210049_EC,210049,Tote Bag MIK Ecru,_EC,Ecru,Hand Bag,Tote,Fake Nylon,Polyester; Polyester; Polyester; Polyurethane,,,27.99,/232/54/210049_EC_1,210049_EC_1.jpg,none,,,,,
210049_TU,210049,Tote Bag MIK Taupe,_TU,Taupe,Hand Bag,Tote,Fake Nylon,Polyester; Polyester; Polyester; Polyurethane,,,27.99,/232/54/210049_TU_1,210049_TU_1.jpg,none,,,,,
210068_TU,210068,Backpack MIK Taupe,_TU,Taupe,Hand Bag,Backpack,Fake Nylon,Polyester; Polyester; Polyurethane,,,27.99,/232/54/210068_TU_1,210068_TU_1.jpg,none,,,,,
210403_BK,210403,Shoulder Bag LAPELE Black,_BK,Black,Hand Bag,Shoulder Bag,Leather,Cow Leather,,,49.99,/232/54/210403_BK_1,210403_BK_1.jpg,none,,,,,
210403_EC,210403,Shoulder Bag LAPELE Ecru,_EC,Ecru,Hand Bag,Shoulder Bag,Leather,Cow Leather,,,49.99,/232/54/210403_EC_1,210403_EC_1.jpg,none,,,,,
210403_KK,210403,Shoulder Bag LAPELE Khaki,_KK,Khaki,Hand Bag,Shoulder Bag,Leather,Cow Leather,,,49.99,/232/54/210403_KK_1,210403_KK_1.jpg,none,,,,,
210403_LM,210403,Shoulder Bag LAPELE Lime,_LM,Lime,Hand Bag,Shoulder Bag,Leather,Cow Leather,,,49.99,/232/54/210403_LM_1,210403_LM_1.jpg,none,,,,,
210403_SV,210403,Shoulder Bag LAPELE Silver,_SV,Silver,Hand Bag,Shoulder Bag,Leather,Cow Leather,,,49.99,/232/54/210403_SV_1,210403_SV_1.jpg,none,,,,,
210597_CA,210597,Sac FLECOS Camel,_CA,Camel,Hand Bag,Sac,Real Suede,Cotton; Cow Leather,,,39.99,/231/54/210597_CA_1,210597_CA_1.jpg,none,,,,,
210597_GN,210597,Sac FLECOS Green,_GN,Green,Hand Bag,Sac,Real Suede,Cotton; Cow Leather,,,39.99,/231/54/210597_GN_1,210597_GN_1.jpg,none,,,,,
210597_PU,210597,Sac FLECOS Purple,_PU,Purple,Hand Bag,Sac,Real Suede,Cotton; Cow Leather,,,39.99,/231/54/210597_PU_1,210597_PU_1.jpg,none,,,,,
210600_CA,210600,Crossbody Bag FLECOS Camel,_CA,Camel,Hand Bag,Cross,Real Suede,Cotton; Cow Leather,,,22.99,/231/54/210600_CA_1,210600_CA_1.jpg,none,,,,,
210600_PU,210600,Crossbody Bag FLECOS Purple,_PU,Purple,Hand Bag,Cross,Real Suede,Cotton; Cow Leather,,,22.99,/231/54/210600_PU_1,210600_PU_1.jpg,none,,,,,
210841_BK,210841,Shoulder Bag AUGUSTO1 Black,_BK,Black,Hand Bag,Shoulder Bag,Padded Pu,Polyester; Polyurethane; Polyurethane,,,27.99,/232/54/210841_BK_1,210841_BK_1.jpg,none,,,,,
210841_EC,210841,Shoulder Bag AUGUSTO1 Ecru,_EC,Ecru,Hand Bag,Shoulder Bag,Padded Pu,Polyester; Polyurethane; Polyurethane,,,27.99,/232/54/210841_EC_1,210841_EC_1.jpg,none,,,,,
210841_TU,210841,Shoulder Bag AUGUSTO1 Taupe,_TU,Taupe,Hand Bag,Shoulder Bag,Padded Pu,Polyester; Polyurethane; Polyurethane,,,27.99,/232/54/210841_TU_1,210841_TU_1.jpg,none,,,,,
210889_BM,210889,Shopper Bag AUGUSTO1 Bright Multicolor,_BM,Bright Multicolor,Hand Bag,Shopper,Printed Nylon,Polyester; Polyester; Polyurethane,,,29.99,/232/54/210889_BM_1,210889_BM_1.jpg,none,,,,,
210893_BK,210893,Computer Hand Bag AUGUSTO 2 Black,_BK,Black,Hand Bag,Computer Hand Bag,Peach PU,Polyester; Polyester; Polyurethane; Polyurethane; Polyurethane,,,35.99,/232/54/210893_BK_1,210893_BK_1.jpg,none,,,,,
210893_TU,210893,Computer Hand Bag AUGUSTO 2 Taupe,_TU,Taupe,Hand Bag,Computer Hand Bag,Peach PU,Polyester; Polyester; Polyurethane; Polyurethane; Polyurethane,,,35.99,/232/54/210893_TU_1,210893_TU_1.jpg,none,,,,,
210928_BK,210928,Backpack AUBREY 1 Black,_BK,Black,Hand Bag,Backpack,Plain PU,Polyester; Polyester; Polyester; Polyurethane; Polyurethane; Zinc,,,23.99,/232/54/210928_BK_1,210928_BK_1.jpg,none,,,,,
210928_BL,210928,Backpack AUBREY 1 Blue,_BL,Blue,Hand Bag,Backpack,Plain PU,Polyester; Polyester; Polyester; Polyurethane; Polyurethane; Zinc,,,23.99,/232/54/210928_BL_1,210928_BL_1.jpg,none,,,,,
210928_CL,210928,Backpack AUBREY 1 Coral,_CL,Coral,Hand Bag,Backpack,Plain PU,Polyester; Polyester; Polyester; Polyurethane; Polyurethane; Zinc,,,23.99,/232/54/210928_CL_1,210928_CL_1.jpg,none,,,,,
210928_EC,210928,Backpack AUBREY 1 Ecru,_EC,Ecru,Hand Bag,Backpack,Plain PU,Polyester; Polyester; Polyester; Polyurethane; Polyurethane; Zinc,,,23.99,/232/54/210928_EC_1,210928_EC_1.jpg,none,,,,,
210928_GN,210928,Backpack AUBREY 1 Green,_GN,Green,Hand Bag,Backpack,Plain PU,Polyester; Polyester; Polyester; Polyurethane; Polyurethane; Zinc,,,23.99,/232/54/210928_GN_1,210928_GN_1.jpg,none,,,,,
210928_PU,210928,Backpack AUBREY 1 Purple,_PU,Purple,Hand Bag,Backpack,Plain PU,Polyester; Polyester; Polyester; Polyurethane; Polyurethane; Zinc,,,23.99,/232/54/210928_PU_1,210928_PU_1.jpg,none,,,,,
210928_TU,210928,Backpack AUBREY 1 Taupe,_TU,Taupe,Hand Bag,Backpack,Plain PU,Polyester; Polyester; Polyester; Polyurethane; Polyurethane; Zinc,,,23.99,/232/54/210928_TU_1,210928_TU_1.jpg,none,,,,,
210946_BK,210946,Handbag AUBREY 2 Black,_BK,Black,Hand Bag,Computer Backpack,Fake Nylon,Polyester; Polyester; Polyester; Polyurethane; Polyurethane; Zinc; Polyester,,,32.99,/232/54/210946_BK_1,210946_BK_1.jpg,none,,,,,
211220_EC,211220,Backpack BLOOMING Ecru,_EC,Ecru,Hand Bag,Backpack,Color Block,Polyester; Polyester; Polyurethane; Polyurethane,,,27.99,/232/54/211220_EC_1,211220_EC_1.jpg,none,,,,,
211233_NV,211233,Crossbody Bag BLOOMING Navy,_NV,Navy,Hand Bag,Cross,Color Block,Polyester; Polyester; Polyurethane; Polyurethane,,,25.99,/232/54/211233_NV_1,211233_NV_1.jpg,none,,,,,
211296_BK,211296,Shoulder Bag POWER Black,_BK,Black,Hand Bag,Shoulder Bag,Padded Pu,Polyester; Polyurethane; Polyurethane,,,27.99,/232/54/211296_BK_1,211296_BK_1.jpg,none,,,,,
211296_IV,211296,Shoulder Bag POWER Ivory,_IV,Ivory,Hand Bag,Shoulder Bag,Padded Pu,Polyester; Polyurethane; Polyurethane,,,27.99,/232/54/211296_IV_1,211296_IV_1.jpg,none,,,,,
211307_BK,211307,Handbag POWER Black,_BK,Black,Hand Bag,Computer Backpack,Animal Embossed PU,Polyester; Polyester; Polyethylene Terephthalate; Polyurethane; Polyurethane; Polyurethane; Polyurethane,,,32.99,/232/54/211307_BK_1,211307_BK_1.jpg,none,,,,,
211335_KK,211335,Sac MAXI MAY Khaki,_KK,Khaki,Hand Bag,Sac,Nylon,Polyester; Polyester; Polyurethane; Lyocell; Lyocell,,,35.99,/231/54/211335_KK_1,211335_KK_1.jpg,none,,,,,
211358_BK,211358,Sac MAXI MAY Black,_BK,Black,Hand Bag,Sac,Fantasy Fabric,Polyester,,,19.99,/231/54/211358_BK_1,211358_BK_1.jpg,none,,,,,
211358_KK,211358,Sac MAXI MAY Khaki,_KK,Khaki,Hand Bag,Sac,Fantasy Fabric,Polyester,,,19.99,/231/54/211358_KK_1,211358_KK_1.jpg,none,,,,,
211358_YL,211358,Sac MAXI MAY Yellow,_YL,Yellow,Hand Bag,Sac,Fantasy Fabric,Polyester,,,19.99,/231/54/211358_YL_1,211358_YL_1.jpg,none,,,,,
211428_BK,211428,Shoulder Bag FARM1 Black,_BK,Black,Hand Bag,Shoulder Bag,Padded Pu,Polyester; Polyurethane; Polyurethane,,,29.99,/232/54/211428_BK_1,211428_BK_1.jpg,none,,,,,
211428_EC,211428,Shoulder Bag FARM1 Ecru,_EC,Ecru,Hand Bag,Shoulder Bag,Padded Pu,Polyester; Polyurethane; Polyurethane,,,29.99,/232/54/211428_EC_1,211428_EC_1.jpg,none,,,,,
211432_DG,211432,Crossbody Bag STELLA Dark Grey,_DG,Dark Grey,Hand Bag,Cross,Fake Nylon,Polyester; Polyester; Polyurethane,,,25.99,/232/54/211432_DG_1,211432_DG_1.jpg,none,,,,,
211432_EC,211432,Crossbody Bag STELLA Ecru,_EC,Ecru,Hand Bag,Cross,Fake Nylon,Polyester; Polyester; Polyurethane,,,25.99,/232/54/211432_EC_1,211432_EC_1.jpg,none,,,,,
211480_BK,211480,Tote Bag TIGER1 Black,_BK,Black,Hand Bag,Tote,Plain PU,Polyester; Polyurethane; Polyurethane,,,27.99,/232/54/211480_BK_1,211480_BK_1.jpg,none,,,,,
211480_TU,211480,Tote Bag TIGER1 Taupe,_TU,Taupe,Hand Bag,Tote,Plain PU,Polyester; Polyurethane; Polyurethane,,,27.99,/232/54/211480_TU_1,211480_TU_1.jpg,none,,,,,
211691_DM,211691,Crossbody Bag FARM2 Dark Multicolor,_DM,Dark Multicolor,Hand Bag,Cross,Real Fur,Cow Leather; Polyester; Polyurethane; Polyurethane,,,32.99,/232/54/211691_DM_1,211691_DM_1.jpg,none,,,,,
211803_KK,211803,Crossbody Bag TIGER1 Khaki,_KK,Khaki,Hand Bag,Cross,Nylon,Aluminium; Polyester; Polyester; Polyester; Polyurethane; Polyurethane,,,25.99,/232/54/211803_KK_1,211803_KK_1.jpg,none,,,,,
211803_TU,211803,Crossbody Bag TIGER1 Taupe,_TU,Taupe,Hand Bag,Cross,Nylon,Aluminium; Polyester; Polyester; Polyester; Polyurethane; Polyurethane,,,25.99,/232/54/211803_TU_1,211803_TU_1.jpg,none,,,,,
211804_BK,211804,Crossbody Bag TIGER1 Black,_BK,Black,Hand Bag,Cross,Nylon,Aluminium; Polyester; Polyester; Polyester; Polyurethane; Polyurethane,,,25.99,/232/54/211804_BK_1,211804_BK_1.jpg,none,,,,,
211813_BK,211813,Crossbody Bag ELIZABETH Black,_BK,Black,Hand Bag,Cross,Plain PU,Polyester; Polyurethane; Polyurethane,,,19.99,/232/54/211813_BK_1,211813_BK_1.jpg,none,,,,,
211813_BL,211813,Crossbody Bag ELIZABETH Blue,_BL,Blue,Hand Bag,Cross,Plain PU,Polyurethane; Polyester; Polyurethane,,,19.99,/232/54/211813_BL_1,211813_BL_1.jpg,none,,,,,
211813_KK,211813,Crossbody Bag ELIZABETH Khaki,_KK,Khaki,Hand Bag,Cross,Plain PU,Polyester; Polyurethane; Polyurethane,,,19.99,/232/54/211813_KK_1,211813_KK_1.jpg,none,,,,,
211832_SK,211832,Lunch Bag MARIGOLD 1 Skin,_SK,Skin,Hand Bag,Lunch Bag,Printed Fake Nylon,Polyester; Polyester; Polyethylene Terephthalate; Polyurethane,,,19.99,/232/54/211832_SK_1,211832_SK_1.jpg,none,,,,,
211853_LL,211853,Shoulder Bag NINA Lilac,_LL,Lilac,Hand Bag,Shoulder Bag,Patchwork,Cow Suede Leather; Iron; Polyester; Polyurethane; Polyurethane,,,32.99,/232/54/211853_LL_1,211853_LL_1.jpg,none,,,,,
211871_BK,211871,Computer Hand Bag THEO Black,_BK,Black,Hand Bag,Computer Hand Bag,Plain PU,Polyester; Polyester; Polyester; Polyester; Polyester; Polyester; Polyurethane; Polyurethane; Polyurethane; Polyurethane,,,32.99,/232/54/211871_BK_1,211871_BK_1.jpg,none,,,,,
211871_EC,211871,Computer Hand Bag THEO Ecru,_EC,Ecru,Hand Bag,Computer Hand Bag,Plain PU,Polyurethane; Polyester; Polyester; Polyester; Polyester; Polyester; Polyester; Polyurethane; Polyurethane; Polyurethane,,,32.99,/232/54/211871_EC_1,211871_EC_1.jpg,none,,,,,
212030_BK,212030,Shoulder Bag TIGER1 Black,_BK,Black,Hand Bag,Shoulder Bag,Padded Pu,Polyester; Polyurethane; Polyurethane,,,27.99,/232/54/212030_BK_1,212030_BK_1.jpg,none,,,,,
212030_KK,212030,Shoulder Bag TIGER1 Khaki,_KK,Khaki,Hand Bag,Shoulder Bag,Padded Pu,Polyester; Polyurethane; Polyurethane,,,27.99,/232/54/212030_KK_1,212030_KK_1.jpg,none,,,,,
212030_TU,212030,Shoulder Bag TIGER1 Taupe,_TU,Taupe,Hand Bag,Shoulder Bag,Padded Pu,Polyester; Polyurethane; Polyurethane,,,27.99,/232/54/212030_TU_1,212030_TU_1.jpg,none,,,,,
212107_BK,212107,Backpack TIGER2 Black,_BK,Black,Hand Bag,Backpack,Nylon,Polyester; Polyester; Polyester; Polyester; Polyurethane; Polyurethane,,,27.99,/232/54/212107_BK_1,212107_BK_1.jpg,none,,,,,
212107_KK,212107,Backpack TIGER2 Khaki,_KK,Khaki,Hand Bag,Backpack,Nylon,Polyester; Polyester; Polyester; Polyester; Polyurethane; Polyurethane,,,27.99,/232/54/212107_KK_1,212107_KK_1.jpg,none,,,,,
212114_BL,212114,Lunch Bag AUBREY 1 Blue,_BL,Blue,Hand Bag,Lunch Bag,Printed Fake Nylon,Polyester; Polyethylene Terephthalate; Polyurethane; Polyester,,,19.99,/232/54/212114_BL_1,212114_BL_1.jpg,none,,,,,
212123_BK,212123,Crossbody Bag TIGER2 Black,_BK,Black,Hand Bag,Cross,Nylon,Polyester; Polyester; Polyurethane,,,27.99,/232/54/212123_BK_1,212123_BK_1.jpg,none,,,,,
212123_NM,212123,Crossbody Bag TIGER2 Neutral Multicolor,_NM,Neutral Multicolor,Hand Bag,Cross,Nylon,Polyester; Polyester; Polyurethane,,,27.99,/232/54/212123_NM_1,212123_NM_1.jpg,none,,,,,
212123_YL,212123,Crossbody Bag TIGER2 Yellow,_YL,Yellow,Hand Bag,Cross,Nylon,Polyester; Polyester; Polyurethane,,,27.99,/232/54/212123_YL_1,212123_YL_1.jpg,none,,,,,
212205_DM,212205,Crossbody Bag FARM2 Dark Multicolor,_DM,Dark Multicolor,Hand Bag,Cross,Animal Embossed PU,Polyester; Polyurethane; Polyurethane,,,29.99,/232/54/212205_DM_1,212205_DM_1.jpg,none,,,,,
212222_BK,212222,Tote Bag HAND BAG PROVISION Black,_BK,Black,Hand Bag,Tote,Plain PU,Polyester; Polyurethane; Polyurethane,,,25.99,/232/54/212222_BK_1,212222_BK_1.jpg,none,,,,,
212222_CA,212222,Tote Bag HAND BAG PROVISION Camel,_CA,Camel,Hand Bag,Tote,Plain PU,Polyester; Polyurethane; Polyurethane,,,25.99,/232/54/212222_CA_1,212222_CA_1.jpg,none,,,,,
212222_EC,212222,Tote Bag HAND BAG PROVISION Ecru,_EC,Ecru,Hand Bag,Tote,Plain PU,Polyester; Polyurethane; Polyurethane,,,25.99,/232/54/212222_EC_1,212222_EC_1.jpg,none,,,,,
212223_BK,212223,Tote Bag HAND BAG PROVISION Black,_BK,Black,Hand Bag,Tote,Plain PU,Polyester; Polyurethane; Polyurethane,,,23.99,/232/54/212223_BK_1,212223_BK_1.jpg,none,,,,,
212223_CA,212223,Tote Bag HAND BAG PROVISION Camel,_CA,Camel,Hand Bag,Tote,Plain PU,Polyester; Polyurethane; Polyurethane,,,23.99,/232/54/212223_CA_1,212223_CA_1.jpg,none,,,,,
212308_BK,212308,Shoulder Bag CRUELLA3 Black,_BK,Black,Hand Bag,Shoulder Bag,Padded Pu,Polyester; Polyurethane; Polyurethane,,,29.99,/232/54/212308_BK_1,212308_BK_1.jpg,none,,,,,
212308_EC,212308,Shoulder Bag CRUELLA3 Ecru,_EC,Ecru,Hand Bag,Shoulder Bag,Padded Pu,Polyester; Polyurethane; Polyurethane,,,29.99,/232/54/212308_EC_1,212308_EC_1.jpg,none,,,,,
212308_TU,212308,Shoulder Bag CRUELLA3 Taupe,_TU,Taupe,Hand Bag,Shoulder Bag,Padded Pu,Polyester; Polyurethane; Polyurethane,,,29.99,/232/54/212308_TU_1,212308_TU_1.jpg,none,,,,,
212349_DM,212349,Shoulder Bag CRUELLA Dark Multicolor,_DM,Dark Multicolor,Hand Bag,Shoulder Bag,Fantasy Fabric,Polyamide; Polyester; Thermoplastic Polyurethane,,,29.99,/232/54/212349_DM_1,212349_DM_1.jpg,none,,,,,
212351_BK,212351,Crossbody Bag CRUELLA3 Black,_BK,Black,Hand Bag,Cross,Plain PU,Polyester; Polyester; Polyurethane; Polyurethane; Polyurethane; Silicone; Polyester,,,25.99,/232/54/212351_BK_1,212351_BK_1.jpg,none,,,,,
212351_EC,212351,Crossbody Bag CRUELLA3 Ecru,_EC,Ecru,Hand Bag,Cross,Plain PU,Polyester; Polyester; Polyester; Polyurethane; Polyurethane; Polyurethane; Silicone,,,25.99,/232/54/212351_EC_1,212351_EC_1.jpg,none,,,,,
212351_PU,212351,Crossbody Bag CRUELLA3 Purple,_PU,Purple,Hand Bag,Cross,Plain PU,Polyester; Polyester; Polyester; Polyurethane; Polyurethane; Polyurethane; Silicone,,,25.99,/232/54/212351_PU_1,212351_PU_1.jpg,none,,,,,
212351_TU,212351,Crossbody Bag CRUELLA3 Taupe,_TU,Taupe,Hand Bag,Cross,Plain PU,Silicone; Polyester; Polyester; Polyester; Polyurethane; Polyurethane; Polyurethane,,,25.99,/232/54/212351_TU_1,212351_TU_1.jpg,none,,,,,
212406_BK,212406,Sac CRUELLA3 Black,_BK,Black,Hand Bag,Sac,Printed Fabric,Polyester; Polyester; Polyurethane; Polyurethane,,,27.99,/232/54/212406_BK_1,212406_BK_1.jpg,none,,,,,
212408_LM,212408,Sac CRUELLA2 Lime,_LM,Lime,Hand Bag,Sac,Fantasy Fabric,Polyester; Polyester; Polyurethane,,,23.99,/232/54/212408_LM_1,212408_LM_1.jpg,none,,,,,
212408_PU,212408,Sac CRUELLA2 Purple,_PU,Purple,Hand Bag,Sac,Fantasy Fabric,Polyester; Polyester; Polyurethane,,,23.99,/232/54/212408_PU_1,212408_PU_1.jpg,none,,,,,
212704_BK,212704,Crossbody Bag OLIVE Black,_BK,Black,Hand Bag,Cross,Real Suede,Cow Suede Leather; Polyester; Polyurethane; Polyurethane,,,29.99,/232/54/212704_BK_1,212704_BK_1.jpg,none,,,,,
212704_TU,212704,Crossbody Bag OLIVE Taupe,_TU,Taupe,Hand Bag,Cross,Real Suede,Polyester; Polyurethane; Polyurethane; Cow Suede Leather,,,29.99,/232/54/212704_TU_1,212704_TU_1.jpg,none,,,,,
212712_BK,212712,Shopper Bag OLIVE Black,_BK,Black,Hand Bag,Shopper,Plain PU,Polyester; Polyester; Polyurethane; Polyurethane,,,27.99,/232/54/212712_BK_1,212712_BK_1.jpg,none,,,,,
212736_GY,212736,Crossbody Bag OLIVE Grey,_GY,Grey,Hand Bag,Cross,Printed PU,Polyester; Polyester; Polyurethane; Polyurethane,,,25.99,/232/54/212736_GY_1,212736_GY_1.jpg,none,,,,,
212815_BK,212815,Backpack BILLIE Black,_BK,Black,Hand Bag,Backpack,Printed PU,Polyester; Polyurethane,,,23.99,/232/54/212815_BK_1,212815_BK_1.jpg,none,,,,,
212815_WT,212815,Backpack BILLIE White,_WT,White,Hand Bag,Backpack,Printed PU,Polyester; Polyurethane,,,23.99,/232/54/212815_WT_1,212815_WT_1.jpg,none,,,,,
212925_HM,212925,Sac SAVANA2 Halftone Multicolor,_HM,Halftone Multicolor,Hand Bag,Sac,Real Fur,Cow Leather; Polyester; Polyester; Polyurethane,,,120.0,/232/54/212925_HM_1,212925_HM_1.jpg,none,,,,,
213164_BK,213164,Crossbody Bag SUSTAINABLE CAPSULE Black,_BK,Black,Hand Bag,Cross,Nylon,Polyester; Polypropylene; Wrought Steel; Polyethylene; Recycled Polyamide,,,35.99,/232/54/213164_BK_1,213164_BK_1.jpg,none,,,,,
213164_GY,213164,Crossbody Bag SUSTAINABLE CAPSULE Grey,_GY,Grey,Hand Bag,Cross,Nylon,Polyethylene; Recycled Polyamide; Polyester; Polypropylene; Wrought Steel,,,35.99,/232/54/213164_GY_1,213164_GY_1.jpg,none,,,,,
213164_KK,213164,Crossbody Bag SUSTAINABLE CAPSULE Khaki,_KK,Khaki,Hand Bag,Cross,Nylon,Polyester; Polypropylene; Wrought Steel; Polyethylene; Recycled Polyamide,,,35.99,/232/54/213164_KK_1,213164_KK_1.jpg,none,,,,,
213191_BK,213191,Shopper Bag SAVANA1 Black,_BK,Black,Hand Bag,Shopper,Plain PU,Polyester; Polyester; Polyurethane; Polyurethane; Polyurethane; Polyurethane,,,27.99,/232/54/213191_BK_1,213191_BK_1.jpg,none,,,,,
213191_EC,213191,Shopper Bag SAVANA1 Ecru,_EC,Ecru,Hand Bag,Shopper,Plain PU,Polyester; Polyester; Polyurethane; Polyurethane; Polyurethane; Polyurethane,,,27.99,/232/54/213191_EC_1,213191_EC_1.jpg,none,,,,,
213211_GY,213211,Lunch Bag VILLAGE 2 Grey,_GY,Grey,Hand Bag,Lunch Bag,Printed Fake Nylon,Polyester; Polyester; Polyethylene Terephthalate; Polyurethane,,,19.99,/232/54/213211_GY_1,213211_GY_1.jpg,none,,,,,
213249_BK,213249,Shopper Bag CAMO1 Black,_BK,Black,Hand Bag,Shopper,Plain PU,Polyurethane; Polyurethane,,,25.99,/232/54/213249_BK_1,213249_BK_1.jpg,none,,,,,
213249_TU,213249,Shopper Bag CAMO1 Taupe,_TU,Taupe,Hand Bag,Shopper,Plain PU,Polyurethane; Polyurethane,,,25.99,/232/54/213249_TU_1,213249_TU_1.jpg,none,,,,,
213468_SV,213468,Tote Bag MAXI JULLIET Silver,_SV,Silver,Hand Bag,Tote,Fantasy PU,Polyamide; Polyester; Polyurethane; Polyurethane,,,23.99,/232/54/213468_SV_1,213468_SV_1.jpg,none,,,,,
213591_OS,213591,Shoulder Bag ROCK1 Old Silver,_OS,Old Silver,Hand Bag,Shoulder Bag,Fantasy PU,Crystal Glass; Iron; Polyester; Polyurethane; Polyurethane; Polyurethane,,,25.99,/232/54/213591_OS_1y,213591_OS_1y.jpg,none,,,,,
213600_RD,213600,Tote Bag ROCK2 Red,_RD,Red,Hand Bag,Tote,Fantasy PU,Crystal Glass; Iron; Polyester; Polyurethane; Polyurethane; Polyurethane,,,25.99,/232/54/213600_RD_2y,213600_RD_2y.jpg,none,,,,,
213816_BL,213816,Shoulder Bag MAXI JULLIET Blue,_BL,Blue,Hand Bag,Shoulder Bag,Sequins,Acrylic; Iron; Polyester,,,35.99,/232/54/213816_BL_1,213816_BL_1.jpg,none,,,,,
213816_PK,213816,Shoulder Bag MAXI JULLIET Pink,_PK,Pink,Hand Bag,Shoulder Bag,Sequins,Acrylic; Iron; Polyester,,,35.99,/232/54/213816_PK_1,213816_PK_1.jpg,none,,,,,
213816_SV,213816,Shoulder Bag MAXI JULLIET Silver,_SV,Silver,Hand Bag,Shoulder Bag,Sequins,Acrylic; Iron; Polyester,,,35.99,/232/54/213816_SV_1,213816_SV_1.jpg,none,,,,,
213830_BK,213830,Backpack ANIME2 Black,_BK,Black,Hand Bag,Backpack,Nylon,Aluminium; Polyester; Polyester; Polyester; Polyurethane; Zinc; Polyethylene,,,27.99,/232/54/213830_BK_1,213830_BK_1.jpg,none,,,,,
213830_GY,213830,Backpack ANIME2 Grey,_GY,Grey,Hand Bag,Backpack,Nylon,Aluminium; Polyester; Polyester; Polyester; Polyurethane; Zinc; Polyethylene,,,27.99,/232/54/213830_GY_1,213830_GY_1.jpg,none,,,,,
214039_KK,214039,Shoulder Bag NET1 Khaki,_KK,Khaki,Hand Bag,Shoulder Bag,Nylon,Polyester; Polyester; Polyurethane,,,25.99,/232/54/214039_KK_1,214039_KK_1.jpg,none,,,,,
214067_BK,214067,Shoulder Bag CANICHE CAMPAIGN Black,_BK,Black,Hand Bag,Shoulder Bag,Real Suede,Cow Suede Leather; Cow Suede Leather; Polyester,,,49.99,/232/54/214067_BK_1,214067_BK_1.jpg,none,,,,,
214067_BU,214067,Shoulder Bag CANICHE CAMPAIGN Burgundy,_BU,Burgundy,Hand Bag,Shoulder Bag,Real Suede,Polyester; Cow Suede Leather; Cow Suede Leather,,,49.99,/232/54/214067_BU_1,214067_BU_1.jpg,none,,,,,
214067_CA,214067,Shoulder Bag CANICHE CAMPAIGN Camel,_CA,Camel,Hand Bag,Shoulder Bag,Real Suede,Cow Suede Leather; Cow Suede Leather; Polyester,,,49.99,/232/54/214067_CA_1,214067_CA_1.jpg,none,,,,,
214067_KK,214067,Shoulder Bag CANICHE CAMPAIGN Khaki,_KK,Khaki,Hand Bag,Shoulder Bag,Real Suede,Cow Suede Leather; Cow Suede Leather; Polyester,,,49.99,/232/54/214067_KK_1,214067_KK_1.jpg,none,,,,,
214221_AQ,214221,Tote Bag INEZ Aquamarine,_AQ,Aquamarine,Hand Bag,Tote,Plain PU,Polyester; Polyester; Polyester; Polyurethane; Polyurethane; Polyurethane; Zinc,,,25.99,/241/54/214221_AQ_1,214221_AQ_1.jpg,none,,,,,
214221_BK,214221,Tote Bag INEZ Black,_BK,Black,Hand Bag,Tote,Plain PU,Polyester; Polyester; Polyester; Polyurethane; Polyurethane; Polyurethane; Zinc,,,25.99,/241/54/214221_BK_1,214221_BK_1.jpg,none,,,,,
214221_EC,214221,Tote Bag INEZ Ecru,_EC,Ecru,Hand Bag,Tote,Plain PU,Polyurethane; Polyurethane; Polyurethane; Zinc; Polyester; Polyester; Polyester,,,25.99,/241/54/214221_EC_1,214221_EC_1.jpg,none,,,,,
214242_EC,214242,Crossbody Bag EARLYBIRD Ecru,_EC,Ecru,Hand Bag,Cross,Printed PU,Polyester; Polyurethane; Polyurethane,,,25.99,/241/54/214242_EC_1,214242_EC_1.jpg,none,,,,,
214245_EC,214245,Backpack EARLYBIRD Ecru,_EC,Ecru,Hand Bag,Backpack,Plain PU,Polyester; Polyurethane; Polyurethane,,,27.99,/241/54/214245_EC_1,214245_EC_1.jpg,none,,,,,
214245_TU,214245,Backpack EARLYBIRD Taupe,_TU,Taupe,Hand Bag,Backpack,Plain PU,Polyester; Polyurethane; Polyurethane,,,27.99,/241/54/214245_TU_1,214245_TU_1.jpg,none,,,,,
214272_BG,214272,Crossbody Bag STACEY Beige,_BG,Beige,Hand Bag,Cross,Color Block,Polyester; Polyurethane; Polyurethane,Light Golden,,23.99,/241/54/214272_BG_1,214272_BG_1.jpg,none,,,,,
214272_BK,214272,Crossbody Bag STACEY Black,_BK,Black,Hand Bag,Cross,Color Block,Polyester; Polyurethane; Polyurethane,Light Golden,,23.99,/241/54/214272_BK_1,214272_BK_1.jpg,none,,,,,
214298_BM,214298,Sac BOOMER3 Bright Multicolor,_BM,Bright Multicolor,Hand Bag,Sac,Fake Fur,Polyester; Polyester,,,25.99,/232/54/214298_BM_1,214298_BM_1.jpg,none,,,,,
214371_BK,214371,Tote Bag CAMO3 Black,_BK,Black,Hand Bag,Tote,Plain PU,Polyester; Polyester; Polyester; Polyurethane; Polyurethane; Polyurethane; Polyurethane,,,29.99,/232/54/214371_BK_1,214371_BK_1.jpg,none,,,,,
214371_EC,214371,Tote Bag CAMO3 Ecru,_EC,Ecru,Hand Bag,Tote,Plain PU,Polyester; Polyester; Polyester; Polyurethane; Polyurethane; Polyurethane; Polyurethane,,,29.99,/232/54/214371_EC_1,214371_EC_1.jpg,none,,,,,
214371_TU,214371,Tote Bag CAMO3 Taupe,_TU,Taupe,Hand Bag,Tote,Plain PU,Polyester; Polyester; Polyester; Polyurethane; Polyurethane; Polyurethane; Polyurethane,,,29.99,/232/54/214371_TU_1,214371_TU_1.jpg,none,,,,,
214448_KK,214448,Crossbody Bag CANICHE CAMPAIGN Khaki,_KK,Khaki,Hand Bag,Cross,Nylon,Polyamide; Polyester; Polyurethane,,,29.99,/232/54/214448_KK_1,214448_KK_1.jpg,none,,,,,
214482_BZ,214482,Shopper Bag CANICHE CAMPAIGN Bronze,_BZ,Bronze,Hand Bag,Shopper,Fantasy Fabric,Polyamide; Polyester; Polyurethane,,,49.99,/232/54/214482_BZ_1,214482_BZ_1.jpg,none,,,,,
214498_BK,214498,Crossbody Bag CAROLINE Black,_BK,Black,Hand Bag,Cross,Plain PU,Polyester; Polyurethane; Polyurethane,,,23.99,/241/54/214498_BK_1,214498_BK_1.jpg,none,,,,,
214498_EC,214498,Crossbody Bag CAROLINE Ecru,_EC,Ecru,Hand Bag,Cross,Plain PU,Polyurethane; Polyester; Polyurethane,,,23.99,/241/54/214498_EC_1,214498_EC_1.jpg,none,,,,,
214498_KK,214498,Crossbody Bag CAROLINE Khaki,_KK,Khaki,Hand Bag,Cross,Plain PU,Polyester; Polyurethane; Polyurethane,,,23.99,/241/54/214498_KK_1,214498_KK_1.jpg,none,,,,,
214499_BG,214499,Tote Bag CAROLINE Beige,_BG,Beige,Hand Bag,Tote,Plain PU,Polyester; Polyester; Polyurethane; Polyurethane; Polyurethane,,,25.99,/241/54/214499_BG_2y,214499_BG_2y.jpg,none,,,,,
214499_BK,214499,Tote Bag CAROLINE Black,_BK,Black,Hand Bag,Tote,Plain PU,Polyester; Polyester; Polyurethane; Polyurethane; Polyurethane,,,25.99,/241/54/214499_BK_1,214499_BK_1.jpg,none,,,,,
214499_EC,214499,Tote Bag CAROLINE Ecru,_EC,Ecru,Hand Bag,Tote,Plain PU,Polyester; Polyester; Polyurethane; Polyurethane; Polyurethane,,,25.99,/241/54/214499_EC_1,214499_EC_1.jpg,none,,,,,
214499_KK,214499,Tote Bag CAROLINE Khaki,_KK,Khaki,Hand Bag,Tote,Plain PU,Polyester; Polyester; Polyurethane; Polyurethane; Polyurethane,,,25.99,/241/54/214499_KK_2y,214499_KK_2y.jpg,none,,,,,
214499_LM,214499,Tote Bag CAROLINE Lime,_LM,Lime,Hand Bag,Tote,Plain PU,Polyurethane; Polyurethane; Polyurethane; Polyester; Polyester,,,25.99,/241/54/214499_LM_1,214499_LM_1.jpg,none,,,,,
214499_PK,214499,Tote Bag CAROLINE Pink,_PK,Pink,Hand Bag,Tote,Plain PU,Polyester; Polyester; Polyurethane; Polyurethane; Polyurethane,,,25.99,/241/54/214499_PK_1,214499_PK_1.jpg,none,,,,,
214695_BK,214695,Shopper Bag SILVERSURFER2 Black,_BK,Black,Hand Bag,Shopper,Plain PU,Polyester; Polyurethane; Polyurethane,,,32.99,/241/54/214695_BK_1,214695_BK_1.jpg,none,,,,,
214813_BL,214813,Sac SILVERSURFER3 Blue,_BL,Blue,Hand Bag,Sac,Velvet,Polyester; Polyester; Polyurethane,,,25.99,/232/54/214813_BL_1,214813_BL_1.jpg,none,,,,,
214813_MD,214813,Sac SILVERSURFER3 Mustard,_MD,Mustard,Hand Bag,Sac,Velvet,Polyester; Polyester; Polyurethane,,,25.99,/232/54/214813_MD_1,214813_MD_1.jpg,none,,,,,
215020_CA,215020,Crossbody Bag FLECOS WINTER Camel,_CA,Camel,Hand Bag,Cross,Real Suede,Cotton; Cow Leather,,,29.99,/232/54/215020_CA_1,215020_CA_1.jpg,none,,,,,
215020_KK,215020,Crossbody Bag FLECOS WINTER Khaki,_KK,Khaki,Hand Bag,Cross,Real Suede,Cotton; Cow Leather,,,29.99,/232/54/215020_KK_1,215020_KK_1.jpg,none,,,,,
215020_PU,215020,Crossbody Bag FLECOS WINTER Purple,_PU,Purple,Hand Bag,Cross,Real Suede,Cotton; Cow Leather,,,29.99,/232/54/215020_PU_1,215020_PU_1.jpg,none,,,,,
215158_EC,215158,Crossbody Bag SILVERSURFER2 Ecru,_EC,Ecru,Hand Bag,Cross,Plain PU,Polyester; Polyester; Polyurethane; Polyurethane,,,25.99,/232/54/215158_EC_2y,215158_EC_2y.jpg,none,,,,,
215216_BM,215216,Backpack TRECKING CAPSULE Bright Multicolor,_BM,Bright Multicolor,Hand Bag,Backpack,Nylon,Polyester; Polyurethane; Recycled Polyamide,,,32.99,/232/54/215216_BM_1,215216_BM_1.jpg,none,,,,,
215219_BK,215219,Belt Bag TRECKING CAPSULE Black,_BK,Black,Hand Bag,Belt Bag,Nylon,Polyester; Polyester; Polyurethane; Recycled Polyamide,,,25.99,/232/54/215219_BK_1,215219_BK_1.jpg,none,,,,,
215219_BM,215219,Belt Bag TRECKING CAPSULE Bright Multicolor,_BM,Bright Multicolor,Hand Bag,Belt Bag,Nylon,Polyester; Polyester; Polyurethane; Recycled Polyamide,,,25.99,/232/54/215219_BM_1,215219_BM_1.jpg,none,,,,,
2154401BL,215440,Crossbody Bag FIRE2 Blue,1BL,Blue,Hand Bag,Cross,Nylon,Aluminium; Polyester; Polyester; Polyester; Polyurethane; Silicone,Silver,,25.99,/241/54/2154401BL_1,2154401BL_1.jpg,none,,,,,
215440_BK,215440,Crossbody Bag FIRE2 Black,_BK,Black,Hand Bag,Cross,Nylon,Polyester; Polyester; Polyurethane; Silicone; Aluminium; Polyester,Silver,,25.99,/241/54/215440_BK_1,215440_BK_1.jpg,none,,,,,
215440_BR,215440,Crossbody Bag FIRE2 Brick Red,_BR,Brick Red,Hand Bag,Cross,Nylon,Aluminium; Polyester; Polyester; Polyester; Polyurethane; Silicone,Silver,,25.99,/241/54/215440_BR_1,215440_BR_1.jpg,none,,,,,
215440_CA,215440,Crossbody Bag FIRE2 Camel,_CA,Camel,Hand Bag,Cross,Nylon,Aluminium; Polyester; Polyester; Polyester; Polyurethane; Silicone,Silver,,25.99,/241/54/215440_CA_1,215440_CA_1.jpg,none,,,,,
215440_KK,215440,Crossbody Bag FIRE2 Khaki,_KK,Khaki,Hand Bag,Cross,Nylon,Aluminium; Polyester; Polyester; Polyester; Polyurethane; Silicone,Silver,,25.99,/241/54/215440_KK_1,215440_KK_1.jpg,none,,,,,
215443_BK,215443,Tote Bag FIRE1 Black,_BK,Black,Hand Bag,Tote,Nylon,Polyester; Polyester; Polyester; Polyester; Polyurethane,Light Golden,,29.99,/241/54/215443_BK_1,215443_BK_1.jpg,none,,,,,
215443_KK,215443,Tote Bag FIRE1 Khaki,_KK,Khaki,Hand Bag,Tote,Nylon,Polyester; Polyester; Polyester; Polyester; Polyurethane,Light Golden,,29.99,/241/54/215443_KK_1,215443_KK_1.jpg,none,,,,,
215443_LG,215443,Tote Bag FIRE1 Light Grey,_LG,Light Grey,Hand Bag,Tote,Nylon,Polyester; Polyester; Polyester; Polyester; Polyurethane,Light Golden,,29.99,/241/54/215443_LG_1,215443_LG_1.jpg,none,,,,,
216076_BK,216076,Crossbody Bag SPICES PROVISION Black,_BK,Black,Hand Bag,Cross,Plain PU,Polyester; Polyurethane; Polyurethane,,,25.99,/241/54/216076_BK_1,216076_BK_1.jpg,none,,,,,
216076_EC,216076,Crossbody Bag SPICES PROVISION Ecru,_EC,Ecru,Hand Bag,Cross,Plain PU,Polyester; Polyurethane; Polyurethane,Light Golden,,25.99,/241/54/216076_EC_1,216076_EC_1.jpg,none,,,,,
216076_TU,216076,Crossbody Bag SPICES PROVISION Taupe,_TU,Taupe,Hand Bag,Cross,Plain PU,Polyester; Polyurethane; Polyurethane,,,25.99,/241/54/216076_TU_1,216076_TU_1.jpg,none,,,,,
216173_BK,216173,Briefcase MANHATAN2 Black,_BK,Black,Hand Bag,Briefcase,Plain PU,Polyester; Polyester; Polyurethane; Polyurethane; Polyurethane,,,39.99,/241/54/216173_BK_1,216173_BK_1.jpg,none,,,,,
216177_DM,216177,Shoulder Bag MANHATAN1 Dark Multicolor,_DM,Dark Multicolor,Hand Bag,Shoulder Bag,Real Fur,Cow Leather; Polyester; Polyurethane; Polyurethane,,,27.99,/241/54/216177_DM_1,216177_DM_1.jpg,none,,,,,
216263_BK,216263,Shopper Bag MANHATAN1 Black,_BK,Black,Hand Bag,Shopper,Plain PU,Cow Leather; Polyester; Polyester; Polyurethane; Polyurethane,Light Golden,,29.99,/241/54/216263_BK_1,216263_BK_1.jpg,none,,,,,
216263_EC,216263,Shopper Bag MANHATAN1 Ecru,_EC,Ecru,Hand Bag,Shopper,Plain PU,Cow Leather; Polyester; Polyester; Polyurethane; Polyurethane,Light Golden,,29.99,/241/54/216263_EC_1,216263_EC_1.jpg,none,,,,,
216307_BK,216307,Handbag MAGIK Black,_BK,Black,Hand Bag,Computer Backpack,Fake Nylon,Polyester; Polyester; Polyurethane; Polyurethane; Polyurethane; Zinc,,,32.99,/241/54/216307_BK_1,216307_BK_1.jpg,none,,,,,
216307_EC,216307,Handbag MAGIK Ecru,_EC,Ecru,Hand Bag,Computer Backpack,Fake Nylon,Polyester; Polyester; Polyurethane; Polyurethane; Polyurethane; Zinc,,,32.99,/241/54/216307_EC_1,216307_EC_1.jpg,none,,,,,
216307_TU,216307,Handbag MAGIK Taupe,_TU,Taupe,Hand Bag,Computer Backpack,Fake Nylon,Polyurethane; Zinc; Polyester; Polyester; Polyurethane; Polyurethane,,,32.99,/241/54/216307_TU_1,216307_TU_1.jpg,none,,,,,
216309_BK,216309,Crossbody Bag MAGIK Black,_BK,Black,Hand Bag,Cross,Fake Nylon,Polyester; Polyester; Polyurethane; Polyurethane; Polyurethane; Zinc,Silver,,25.99,/241/54/216309_BK_1,216309_BK_1.jpg,none,,,,,
216309_BL,216309,Crossbody Bag MAGIK Blue,_BL,Blue,Hand Bag,Cross,Fake Nylon,Polyester; Polyester; Polyurethane; Polyurethane; Polyurethane; Zinc,Silver,,25.99,/241/54/216309_BL_1,216309_BL_1.jpg,none,,,,,
216309_EC,216309,Crossbody Bag MAGIK Ecru,_EC,Ecru,Hand Bag,Cross,Fake Nylon,Polyester; Polyester; Polyurethane; Polyurethane; Polyurethane; Zinc,Silver,,25.99,/241/54/216309_EC_1,216309_EC_1.jpg,none,,,,,
216309_TU,216309,Crossbody Bag MAGIK Taupe,_TU,Taupe,Hand Bag,Cross,Fake Nylon,Polyester; Polyester; Polyurethane; Polyurethane; Polyurethane; Zinc,Silver,,25.99,/241/54/216309_TU_1,216309_TU_1.jpg,none,,,,,
216357_BK,216357,Shoulder Bag FIRE2 Black,_BK,Black,Hand Bag,Shoulder Bag,Nylon,Polyester; Polyester; Polyurethane,,,27.99,/241/54/216357_BK_1,216357_BK_1.jpg,none,,,,,
216357_GN,216357,Shoulder Bag FIRE2 Green,_GN,Green,Hand Bag,Shoulder Bag,Nylon,Polyester; Polyester; Polyurethane,,,27.99,/241/54/216357_GN_1,216357_GN_1.jpg,none,,,,,
216478_BK,216478,Tote Bag ESSENTIALS3 Black,_BK,Black,Hand Bag,Tote,Plain PU,Polyester; Polyester; Polyurethane; Polyurethane; Polyurethane,Light Golden,,35.99,/241/54/216478_BK_1,216478_BK_1.jpg,none,,,,,
216478_KK,216478,Tote Bag ESSENTIALS3 Khaki,_KK,Khaki,Hand Bag,Tote,Plain PU,Polyester; Polyester; Polyurethane; Polyurethane; Polyurethane,Light Golden,,35.99,/241/54/216478_KK_1,216478_KK_1.jpg,none,,,,,
216478_TU,216478,Tote Bag ESSENTIALS3 Taupe,_TU,Taupe,Hand Bag,Tote,Plain PU,Polyurethane; Polyurethane; Polyurethane; Polyester; Polyester,Light Golden,,35.99,/241/54/216478_TU_1,216478_TU_1.jpg,none,,,,,
216559_BK,216559,Backpack JENNIE Black,_BK,Black,Hand Bag,Backpack,Fake Nylon,Polyester; Polyester; Polyester; Polyurethane; Polyurethane; Zinc,,,27.99,/241/54/216559_BK_1,216559_BK_1.jpg,none,,,,,
216559_EC,216559,Backpack JENNIE Ecru,_EC,Ecru,Hand Bag,Backpack,Fake Nylon,Polyester; Polyurethane; Polyurethane; Zinc; Polyester; Polyester,,,27.99,/241/54/216559_EC_1,216559_EC_1.jpg,none,,,,,
216561_BK,216561,Tote Bag JENNIE Black,_BK,Black,Hand Bag,Tote,Fake Nylon,Polyester; Polyester; Polyurethane; Polyurethane; Zinc,,,27.99,/241/54/216561_BK_1,216561_BK_1.jpg,none,,,,,
216561_EC,216561,Tote Bag JENNIE Ecru,_EC,Ecru,Hand Bag,Tote,Fake Nylon,Polyester; Polyester; Polyurethane; Polyurethane; Zinc,,,27.99,/241/54/216561_EC_1,216561_EC_1.jpg,none,,,,,
216561_TU,216561,Tote Bag JENNIE Taupe,_TU,Taupe,Hand Bag,Tote,Fake Nylon,Polyester; Polyester; Polyurethane; Polyurethane; Zinc,,,27.99,/241/54/216561_TU_1,216561_TU_1.jpg,none,,,,,
216565_BK,216565,Crossbody Bag JENNIE Black,_BK,Black,Hand Bag,Cross,Fake Nylon,Polyester; Polyurethane; Polyurethane,Silver,,25.99,/241/54/216565_BK_1,216565_BK_1.jpg,none,,,,,
216572_BK,216572,Crossbody Bag PICASSO3 Black,_BK,Black,Hand Bag,Cross,Plain PU,Polyester; Polyurethane; Polyurethane,Light Golden,,25.99,/241/54/216572_BK_1,216572_BK_1.jpg,none,,,,,
216572_EC,216572,Crossbody Bag PICASSO3 Ecru,_EC,Ecru,Hand Bag,Cross,Plain PU,Polyester; Polyurethane; Polyurethane,Light Golden,,25.99,/241/54/216572_EC_1,216572_EC_1.jpg,none,,,,,
216572_KK,216572,Crossbody Bag PICASSO3 Khaki,_KK,Khaki,Hand Bag,Cross,Plain PU,Polyester; Polyurethane; Polyurethane,Silver,,25.99,/241/54/216572_KK_1,216572_KK_1.jpg,none,,,,,
216572_TU,216572,Crossbody Bag PICASSO3 Taupe,_TU,Taupe,Hand Bag,Cross,Plain PU,Polyester; Polyurethane; Polyurethane,Silver,,25.99,/241/54/216572_TU_1,216572_TU_1.jpg,none,,,,,
216609_BK,216609,Tote Bag MILITARY2 Black,_BK,Black,Hand Bag,Tote,Plain PU,Polyester; Polyester; Polyurethane; Polyurethane; Polyurethane,,,27.99,/241/54/216609_BK_1,216609_BK_1.jpg,none,,,,,
216609_TU,216609,Tote Bag MILITARY2 Taupe,_TU,Taupe,Hand Bag,Tote,Plain PU,Polyester; Polyester; Polyurethane; Polyurethane; Polyurethane,,,27.99,/241/54/216609_TU_1,216609_TU_1.jpg,none,,,,,
216630_BK,216630,Shopper Bag MAXI DOTTS Black,_BK,Black,Hand Bag,Shopper,Real Fur,Cow Leather; Polyester; Polyester; Polyurethane; Polyurethane; Polyurethane; Polyurethane,,,120.0,/241/54/216630_BK_1,216630_BK_1.jpg,none,,,,,
216635_BK,216635,Crossbody Bag MAXI DOTTS Black,_BK,Black,Hand Bag,Cross,Real Fur,Cow Leather; Polyester; Polyurethane; Polyurethane,,,29.99,/241/54/216635_BK_1,216635_BK_1.jpg,none,,,,,
216662_BK,216662,Shopper Bag SPLASH1 Black,_BK,Black,Hand Bag,Shopper,Plain PU,Polyester; Polyester; Polyurethane; Polyurethane; Polyurethane,Light Golden,,29.99,/241/54/216662_BK_1,216662_BK_1.jpg,none,,,,,
216662_EC,216662,Shopper Bag SPLASH1 Ecru,_EC,Ecru,Hand Bag,Shopper,Plain PU,Polyester; Polyester; Polyurethane; Polyurethane; Polyurethane,Light Golden,,29.99,/241/54/216662_EC_1,216662_EC_1.jpg,none,,,,,
216662_TU,216662,Shopper Bag SPLASH1 Taupe,_TU,Taupe,Hand Bag,Shopper,Plain PU,Polyester; Polyester; Polyurethane; Polyurethane; Polyurethane,Light Golden,,29.99,/241/54/216662_TU_1,216662_TU_1.jpg,none,,,,,
216876_BK,216876,Shoulder Bag SPLASH2 Black,_BK,Black,Hand Bag,Shoulder Bag,Plain PU,Polyester; Polyester; Polyurethane; Polyurethane,,,27.99,/241/54/216876_BK_1,216876_BK_1.jpg,none,,,,,
216876_EC,216876,Shoulder Bag SPLASH2 Ecru,_EC,Ecru,Hand Bag,Shoulder Bag,Plain PU,Polyester; Polyester; Polyurethane; Polyurethane,,,27.99,/241/54/216876_EC_1,216876_EC_1.jpg,none,,,,,
216893NC,216893,Tote Bag TAVIRA Natural Color,NC,Natural Color,Hand Bag,Tote,Paper straw,Ceramic; Cotton; Iron; Paper; Polyester; Polyester; Polyurethane; Stone; Wood; Zinc,,,27.99,/241/54/216893NC_1,216893NC_1.jpg,none,,,,,
216908_BK,216908,Shoulder Bag SPLASH1 Black,_BK,Black,Hand Bag,Shoulder Bag,Padded Pu,Polyester; Polyurethane; Polyurethane,Silver,,23.99,/241/54/216908_BK_1,216908_BK_1.jpg,none,,,,,
217006_EC,217006,Shoulder Bag EMAN Ecru,_EC,Ecru,Hand Bag,Shoulder Bag,Padded Pu,Polyester; Polyurethane; Polyurethane,Light Golden,,25.99,/241/54/217006_EC_1,217006_EC_1.jpg,none,,,,,
217013_BK,217013,Tote Bag SPLASH2 Black,_BK,Black,Hand Bag,Tote,Nylon,Polyester; Polyester; Polyurethane; Polyurethane,,,17.99,/241/54/217013_BK_1,217013_BK_1.jpg,none,,,,,
217013_FU,217013,Tote Bag SPLASH2 Fuchsia,_FU,Fuchsia,Hand Bag,Tote,Nylon,Polyester; Polyester; Polyurethane; Polyurethane,,,17.99,/241/54/217013_FU_1,217013_FU_1.jpg,none,,,,,
217034_BG,217034,Crossbody Bag GEORGIA Beige,_BG,Beige,Hand Bag,Cross,Fake straw,Polypropylene; Polyurethane; Polyurethane; Polyester,Light Golden,,23.99,/241/54/217034_BG_1,217034_BG_1.jpg,none,,,,,
217034_KK,217034,Crossbody Bag GEORGIA Khaki,_KK,Khaki,Hand Bag,Cross,Fake straw,Polyester; Polypropylene; Polyurethane; Polyurethane,Light Golden,,23.99,/241/54/217034_KK_1,217034_KK_1.jpg,none,,,,,
217059_BK,217059,Backpack HIVE Black,_BK,Black,Hand Bag,Backpack,Fantasy PU,Polyester; Polyurethane; Polyurethane; Polyurethane; Zinc,Light Golden,,25.99,/241/54/217059_BK_1,217059_BK_1.jpg,none,,,,,
217059_CA,217059,Backpack HIVE Camel,_CA,Camel,Hand Bag,Backpack,Fantasy PU,Polyester; Polyurethane; Polyurethane; Polyurethane; Zinc,Light Golden,,25.99,/241/54/217059_CA_1,217059_CA_1.jpg,none,,,,,
217059_OW,217059,Backpack HIVE Off White,_OW,Off White,Hand Bag,Backpack,Fantasy PU,Polyester; Polyurethane; Polyurethane; Polyurethane; Zinc,Silver,,25.99,/241/54/217059_OW_1,217059_OW_1.jpg,none,,,,,
217220_BM,217220,Sac MILITARY2 Bright Multicolor,_BM,Bright Multicolor,Hand Bag,Sac,Jacquard,Polyester; Polyester; Polyurethane; Polyurethane; Polyester; Polyester,,,39.99,/241/54/217220_BM_1,217220_BM_1.jpg,none,,,,,
217240_YL,217240,Tote Bag EMAN Yellow,_YL,Yellow,Hand Bag,Tote,Plain PU,Polyester; Polyester; Polyurethane; Polyurethane; Polyurethane; Zinc,Light Golden,,25.99,/241/54/217240_YL_1,217240_YL_1.jpg,none,,,,,
217350_BK,217350,Tote Bag FLAME1 Black,_BK,Black,Hand Bag,Tote,Nylon,Polyester; Polyester; Polyester; Polyester,Silver,,23.99,/241/54/217350_BK_1,217350_BK_1.jpg,none,,,,,
217350_GN,217350,Tote Bag FLAME1 Green,_GN,Green,Hand Bag,Tote,Nylon,Polyester; Polyester; Polyester; Polyester,Silver,,23.99,/241/54/217350_GN_1,217350_GN_1.jpg,none,,,,,
217350_PK,217350,Tote Bag FLAME1 Pink,_PK,Pink,Hand Bag,Tote,Nylon,Polyester; Polyester; Polyester; Polyester,Silver,,23.99,/241/54/217350_PK_1,217350_PK_1.jpg,none,,,,,
217362_GN,217362,Crossbody Bag FLEUR Green,_GN,Green,Hand Bag,Cross,Printed PU,Polyester; Polyurethane; Polyurethane,Silver,,23.99,/241/54/217362_GN_1,217362_GN_1.jpg,none,,,,,
217552_CL,217552,Crossbody Bag TROPICO Coral,_CL,Coral,Hand Bag,Cross,Color Block,Polyester; Polyurethane; Polyurethane,Light Golden,,25.99,/241/54/217552_CL_1,217552_CL_1.jpg,none,,,,,
217561_GN,217561,Lunch Bag TROPICO Green,_GN,Green,Hand Bag,Lunch Bag,Printed Fake Nylon,Polyester; Polyester; Polyethylene Terephthalate; Polyurethane,Silver,,19.99,/241/54/217561_GN_1,217561_GN_1.jpg,none,,,,,
217702_BK,217702,Sac CUPIDO2 Black,_BK,Black,Hand Bag,Sac,Plain PU,Polyester; Polyester; Polyester; Polyurethane; Polyurethane; Polyurethane; Polyurethane,,,27.99,/241/54/217702_BK_1,217702_BK_1.jpg,none,,,,,
217702_EC,217702,Sac CUPIDO2 Ecru,_EC,Ecru,Hand Bag,Sac,Plain PU,Polyester; Polyester; Polyester; Polyurethane; Polyurethane; Polyurethane; Polyurethane,,,27.99,/241/54/217702_EC_1,217702_EC_1.jpg,none,,,,,
217881_BK,217881,Crossbody Bag STREET Black,_BK,Black,Hand Bag,Cross,Fake Nylon,Polyester; Polyester; Polyurethane,Silver,,25.99,/241/54/217881_BK_1,217881_BK_1.jpg,none,,,,,
217881_EC,217881,Crossbody Bag STREET Ecru,_EC,Ecru,Hand Bag,Cross,Fake Nylon,Polyester; Polyester; Polyurethane,Silver,,25.99,/241/54/217881_EC_1,217881_EC_1.jpg,none,,,,,
217881_KK,217881,Crossbody Bag STREET Khaki,_KK,Khaki,Hand Bag,Cross,Fake Nylon,Polyester; Polyester; Polyurethane,Silver,,25.99,/241/54/217881_KK_1,217881_KK_1.jpg,none,,,,,
217915_BK,217915,Shopper Bag PICASSO1 Black,_BK,Black,Hand Bag,Shopper,Nylon,Polyurethane; Polyester; Polyester; Polyester; Polyurethane; Polyurethane,Silver,,25.99,/241/54/217915_BK_1,217915_BK_1.jpg,none,,,,,
217915_TU,217915,Shopper Bag PICASSO1 Taupe,_TU,Taupe,Hand Bag,Shopper,Nylon,Polyester; Polyester; Polyester; Polyurethane; Polyurethane; Polyurethane,Silver,,25.99,/241/54/217915_TU_1,217915_TU_1.jpg,none,,,,,
217939_BK,217939,Sac FLAME2 Black,_BK,Black,Hand Bag,Sac,Fantasy Fabric,Polyester; Polyester; Polyester; Polyester; Polyurethane,Silver,,29.99,/241/54/217939_BK_1,217939_BK_1.jpg,none,,,,,
217984_JN,217984,Crossbody Bag SMILE Blue Jeans,_JN,Blue Jeans,Hand Bag,Cross,Denim,Cotton; Iron; Polyester; Polyester; Polyester; Polyurethane; Polyurethane,Silver,,23.99,/241/54/217984_JN_1,217984_JN_1.jpg,none,,,,,
218033_SV,218033,Shopper Bag PICASSO2 Silver,_SV,Silver,Hand Bag,Shopper,Fantasy Fabric,Aluminium; Polyamide; Polyamide; Polyester; Polyester; Polyurethane; Polyurethane; Silicone; Zinc,Silver,,23.99,/241/54/218033_SV_1,218033_SV_1.jpg,none,,,,,
218040_BK,218040,Crossbody Bag PICASSO2 Black,_BK,Black,Hand Bag,Cross,Nylon,Polyester; Polyester; Polyester; Polyurethane; Polyurethane; Zinc,Silver,,25.99,/241/54/218040_BK_1,218040_BK_1.jpg,none,,,,,
218040_EC,218040,Crossbody Bag PICASSO2 Ecru,_EC,Ecru,Hand Bag,Cross,Nylon,Polyester; Polyester; Polyester; Polyurethane; Polyurethane; Zinc,Silver,,25.99,/241/54/218040_EC_1,218040_EC_1.jpg,none,,,,,
218040_OR,218040,Crossbody Bag PICASSO2 Orange,_OR,Orange,Hand Bag,Cross,Nylon,Polyester; Polyester; Polyester; Polyurethane; Polyurethane; Zinc,Silver,,25.99,/241/54/218040_OR_1,218040_OR_1.jpg,none,,,,,
218040_TU,218040,Crossbody Bag PICASSO2 Taupe,_TU,Taupe,Hand Bag,Cross,Nylon,Polyester; Polyester; Polyester; Polyurethane; Polyurethane; Zinc,Silver,,25.99,/241/54/218040_TU_1,218040_TU_1.jpg,none,,,,,
218170_BK,218170,Tote Bag BRIGITTE Black,_BK,Black,Hand Bag,Tote,Plain PU,Polyester; Polyester; Polyurethane; Polyurethane; Shell; Zinc,Silver,,23.99,/241/54/218170_BK_1,218170_BK_1.jpg,none,,,,,
218170_BL,218170,Tote Bag BRIGITTE Blue,_BL,Blue,Hand Bag,Tote,Plain PU,Polyester; Polyester; Polyurethane; Polyurethane; Shell; Zinc,Silver,,23.99,/241/54/218170_BL_1,218170_BL_1.jpg,none,,,,,
218170_CA,218170,Tote Bag BRIGITTE Camel,_CA,Camel,Hand Bag,Tote,Plain PU,Polyester; Polyester; Polyurethane; Polyurethane; Shell; Zinc,Silver,,23.99,/241/54/218170_CA_1,218170_CA_1.jpg,none,,,,,
218170_CL,218170,Tote Bag BRIGITTE Coral,_CL,Coral,Hand Bag,Tote,Plain PU,Polyester; Polyester; Polyurethane; Polyurethane; Shell; Zinc,Silver,,23.99,/241/54/218170_CL_1,218170_CL_1.jpg,none,,,,,
218170_EC,218170,Tote Bag BRIGITTE Ecru,_EC,Ecru,Hand Bag,Tote,Plain PU,Polyester; Polyester; Polyurethane; Polyurethane; Shell; Zinc,Silver,,23.99,/241/54/218170_EC_1,218170_EC_1.jpg,none,,,,,
218170_NV,218170,Tote Bag BRIGITTE Navy,_NV,Navy,Hand Bag,Tote,Plain PU,Polyester; Polyester; Polyurethane; Polyurethane; Shell; Zinc,Light Golden,,23.99,/241/54/218170_NV_1,218170_NV_1.jpg,none,,,,,
218269_EC,218269,Crossbody Bag FLOWER PATCH Ecru,_EC,Ecru,Hand Bag,Cross,Plain PU,Polyester; Polyurethane; Polyurethane,Silver,,25.99,/241/54/218269_EC_1,218269_EC_1.jpg,none,,,,,
218272_BL,218272,Crossbody Bag FLOWER PATCH Blue,_BL,Blue,Hand Bag,Cross,Color Block,Polyester; Polyurethane; Polyurethane,Silver,,23.99,/241/54/218272_BL_1,218272_BL_1.jpg,none,,,,,
218272_CL,218272,Crossbody Bag FLOWER PATCH Coral,_CL,Coral,Hand Bag,Cross,Color Block,Polyester; Polyurethane; Polyurethane,Light Golden,,23.99,/241/54/218272_CL_1,218272_CL_1.jpg,none,,,,,
218289_BK,218289,Tote Bag FLAME3 Black,_BK,Black,Hand Bag,Tote,Fantasy Fabric,Polyester; Polyester; Polyurethane,Silver,,29.99,/241/54/218289_BK_1,218289_BK_1.jpg,none,,,,,
218398_GN,218398,Shopper Bag CUPIDO2 Green,_GN,Green,Hand Bag,Shopper,Printed PU,Cotton; Linen; Polyurethane; Polyurethane,Light Golden,,23.99,/241/54/218398_GN_1,218398_GN_1.jpg,none,,,,,
218398_OR,218398,Shopper Bag CUPIDO2 Orange,_OR,Orange,Hand Bag,Shopper,Printed PU,Cotton; Linen; Polyurethane; Polyurethane,Light Golden,,23.99,/241/54/218398_OR_1,218398_OR_1.jpg,none,,,,,
216940_BK,218513,Shopper Bag POPEYE1 Black,_BK,Black,Hand Bag,Shopper,Plain PU,Polyurethane; Polyurethane,Silver,,25.99,/241/54/218513_BK_1,218513_BK_1.jpg,none,,,,,
218863NC,218863,Tote Bag MANAUS Natural Color,NC,Natural Color,Hand Bag,Tote,Paper straw,Cotton; Paper; Polyester; Polyester; Polyurethane; Polyurethane; Shell; Wood; Cotton,Light Golden,,29.99,/241/54/218863NC_1,218863NC_1.jpg,none,,,,,
218872NC,218872,Shopper Bag MANAUS Natural Color,NC,Natural Color,Hand Bag,Shopper,Paper straw,Cotton; Paper; Polyester; Polyester; Polyester; Polyurethane; Shell; Wood; Zinc,,,27.99,/241/54/218872NC_1,218872NC_1.jpg,none,,,,,
218912_PK,218912,Backpack MAMMINA Pink,_PK,Pink,Hand Bag,Backpack,Printed Fake Nylon,Polyester; Polyester; Polyester; Polyester; Polyurethane; Polyurethane,,,17.99,/241/54/218912_PK_1,218912_PK_1.jpg,none,,,,,
218922_EC,218922,Crossbody Bag MAMMINA Ecru,_EC,Ecru,Hand Bag,Cross,Fake Nylon,Polyester; Polyester; Polyester; Polyurethane; Polyurethane; Zinc; Cotton; Elastane; Polyester,Silver,,23.99,/241/54/218922_EC_1,218922_EC_1.jpg,none,,,,,
219031NC,219031,Crossbody Bag POPEYE2 Natural Color,NC,Natural Color,Hand Bag,Cross,Fake straw,Polyurethane; Polyester; Polyester; Polypropylene; Polyurethane,Light Golden,,25.99,/241/54/219031NC_1,219031NC_1.jpg,none,,,,,
219078_EC,219078,Crossbody Bag ZOO2 Ecru,_EC,Ecru,Hand Bag,Cross,Plain PU,Polyester; Polyester; Polyurethane; Polyurethane; Polyurethane; Zinc,Silver,,25.99,/241/54/219078_EC_1,219078_EC_1.jpg,none,,,,,
219078_KK,219078,Crossbody Bag ZOO2 Khaki,_KK,Khaki,Hand Bag,Cross,Plain PU,Polyurethane; Polyurethane; Zinc; Polyester; Polyester; Polyurethane,Silver,,25.99,/241/54/219078_KK_1,219078_KK_1.jpg,none,,,,,
219078_NV,219078,Crossbody Bag ZOO2 Navy,_NV,Navy,Hand Bag,Cross,Plain PU,Polyester; Polyester; Polyurethane; Polyurethane; Polyurethane; Zinc,Silver,,25.99,/241/54/219078_NV_1,219078_NV_1.jpg,none,,,,,
219078_OR,219078,Crossbody Bag ZOO2 Orange,_OR,Orange,Hand Bag,Cross,Plain PU,Polyester; Polyester; Polyurethane; Polyurethane; Polyurethane; Zinc,Silver,,25.99,/241/54/219078_OR_1,219078_OR_1.jpg,none,,,,,
219087_BK,219087,Shopper Bag POPEYE3 Black,_BK,Black,Hand Bag,Shopper,Paper straw,Cotton; Iron; Linen; Paper; Polyester; Polyurethane,Silver,,29.99,/241/54/219087_BK_1,219087_BK_1.jpg,none,,,,,
219087_CA,219087,Shopper Bag POPEYE3 Camel,_CA,Camel,Hand Bag,Shopper,Paper straw,Cotton; Iron; Linen; Paper; Polyester; Polyurethane,Light Golden,,29.99,/241/54/219087_CA_1,219087_CA_1.jpg,none,,,,,
219091NC,219091,Bucket Bag POPEYE1 Natural Color,NC,Natural Color,Hand Bag,Bucket,Paper straw,Cotton; Iron; Linen; Paper; Polyester; Polyurethane,Silver,,23.99,/241/54/219091NC_1,219091NC_1.jpg,none,,,,,
219313_GD,219313,Shopper Bag SELVA2 Gold,_GD,Gold,Hand Bag,Shopper,Fantasy Fabric,Cotton; Polyamide; Polyamide; Polyurethane; Polyurethane,,,25.99,/241/54/219313_GD_1,219313_GD_1.jpg,none,,,,,
219398_BK,219398,Crossbody Bag SELVA3 Black,_BK,Black,Hand Bag,Cross,Plain PU,Polypropylene; Polyurethane; Polyurethane; Cotton; Polyester; Polyester,Light Golden,,25.99,/241/54/219398_BK_1,219398_BK_1.jpg,none,,,,,
219398_CA,219398,Crossbody Bag SELVA3 Camel,_CA,Camel,Hand Bag,Cross,Plain PU,Polyester; Polyester; Polypropylene; Polyurethane; Polyurethane,Light Golden,,25.99,/241/54/219398_CA_1,219398_CA_1.jpg,none,,,,,
219398_EC,219398,Crossbody Bag SELVA3 Ecru,_EC,Ecru,Hand Bag,Cross,Plain PU,Polyester; Polyester; Polypropylene; Polyurethane; Polyurethane,Light Golden,,25.99,/241/54/219398_EC_1,219398_EC_1.jpg,none,,,,,
219542NC,219542,Shopper Bag BUZIOS SET Natural Color,NC,Natural Color,Hand Bag,Shopper,Straw,Cotton; Polyurethane; Jute,Silver,,25.99,/242/54/219542NC_1,219542NC_1.jpg,none,,,,,
219548NC,219548,Shopper Bag CARIBE Natural Color,NC,Natural Color,Hand Bag,Shopper,Straw,Cotton; Cotton; Polyester; Polyester; Polyurethane; Straw; Viscose; Wood,Light Golden,,25.99,/241/54/219548NC_1,219548NC_1.jpg,none,,,,,
219554_BG,219554,Crossbody Bag CARIBE Beige,_BG,Beige,Hand Bag,Cross,Plain Fabric,Cotton; Cotton; Polyester; Polyester; Polyurethane; Viscose; Wood; Cotton; Polyester; Jute,Light Golden,,23.99,/241/54/219554_BG_1,219554_BG_1.jpg,none,,,,,
219572_BL,219572,Backpack CARIBE Blue,_BL,Blue,Hand Bag,Backpack,Patchwork,Cotton; Polyester; Polyester; Polyurethane; Polyurethane,,,27.99,/241/54/219572_BL_1,219572_BL_1.jpg,none,,,,,
219603NC,219603,Crossbody Bag PATTY Natural Color,NC,Natural Color,Hand Bag,Cross,Fake straw,Polyester; Polyester; Polypropylene; Polyurethane; Polyurethane,Light Golden,,25.99,/241/54/219603NC_1,219603NC_1.jpg,none,,,,,
219603_CA,219603,Crossbody Bag PATTY Camel,_CA,Camel,Hand Bag,Cross,Fake straw,Polyester; Polyester; Polypropylene; Polyurethane; Polyurethane,Light Golden,,25.99,/241/54/219603_CA_1,219603_CA_1.jpg,none,,,,,
219608_BK,219608,Tote Bag SELVA3 Black,_BK,Black,Hand Bag,Tote,Plain PU,Polyurethane; Polyurethane,,,27.99,/241/54/219608_BK_1,219608_BK_1.jpg,none,,,,,
219608_CA,219608,Tote Bag SELVA3 Camel,_CA,Camel,Hand Bag,Tote,Plain PU,Polyurethane; Polyurethane,,,27.99,/241/54/219608_CA_1,219608_CA_1.jpg,none,,,,,
219608_EC,219608,Tote Bag SELVA3 Ecru,_EC,Ecru,Hand Bag,Tote,Plain PU,Polyurethane; Polyurethane,,,27.99,/241/54/219608_EC_1,219608_EC_1.jpg,none,,,,,
219665NC,219665,Tote Bag POPEYE2 Natural Color,NC,Natural Color,Hand Bag,Tote,Fake straw,Polyester; Polyester; Polypropylene; Polyurethane; Polyurethane,Light Golden,,29.99,/241/54/219665NC_1,219665NC_1.jpg,none,,,,,
220076_BK,220076,Shopper Bag INCA Black,_BK,Black,Hand Bag,Shopper,Plain PU,Cotton; Polyester; Polyester; Polyester; Polyester; Polyurethane; Polyurethane; Polyurethane; Polyurethane; Polyurethane; Cotton,,,27.99,/242/54/220076_BK_1,220076_BK_1.jpg,none,,,,,
220076_CA,220076,Shopper Bag INCA Camel,_CA,Camel,Hand Bag,Shopper,Plain PU,Polyester; Polyester; Polyurethane; Polyurethane; Polyurethane; Polyurethane; Polyester; Polyurethane; Cotton,,,27.99,/242/54/220076_CA_1,220076_CA_1.jpg,none,,,,,
220076_EC,220076,Shopper Bag INCA Ecru,_EC,Ecru,Hand Bag,Shopper,Plain PU,Polyester; Polyester; Polyurethane; Polyurethane; Polyurethane; Polyurethane; Cotton; Polyester; Polyurethane; Polyester; Polyurethane,,,27.99,/242/54/220076_EC_1,220076_EC_1.jpg,none,,,,,
220113NC,220113,Shopper Bag STRAWBERRY Natural Color,NC,Natural Color,Hand Bag,Shopper,Straw,Cotton; Cotton; Polyester; Polyester; Straw; Viscose; Wood; Jute,Silver,,25.99,/242/54/220113NC_1,220113NC_1.jpg,none,,,,,
220150_CL,220150,Backpack SAHARA Coral,_CL,Coral,Hand Bag,Backpack,Printed PU,Polyester; Polyurethane,Silver,,19.99,/242/54/220150_CL_1,220150_CL_1.jpg,none,,,,,
220346NC,220346,Shoulder Bag CURRY3 Natural Color,NC,Natural Color,Hand Bag,Shoulder Bag,Paper straw,Polyurethane; Polyethylene; Polyester; Polypropylene; Polyurethane,Light Golden,,25.99,/241/54/220346NC_1,220346NC_1.jpg,none,,,,,
220388_WT,220388,Crossbody Bag STRAWBERRY White,_WT,White,Hand Bag,Cross,Paper straw,Iron; Iron; Linen; Paper; Polyurethane; Polyurethane,Light Golden,,23.99,/242/54/220388_WT_1,220388_WT_1.jpg,none,,,,,
220401_EC,220401,Crossbody Bag HONDURAS Ecru,_EC,Ecru,Hand Bag,Cross,Crochet,Cotton; Cotton; Polyester; Polyester; Polyurethane,Light Golden,,23.99,/242/54/220401_EC_1,220401_EC_1.jpg,none,,,,,
220420NC,220420,Shopper Bag HONDURAS Natural Color,NC,Natural Color,Hand Bag,Shopper,Straw,Cotton; Linen; Polyester; Polyurethane; Jute,Light Golden,,25.99,/242/54/220420NC_1,220420NC_1.jpg,none,,,,,
220509_EC,220509,Tote Bag STRIPES1 Ecru,_EC,Ecru,Hand Bag,Tote,Peach PU,Polyester; Polyurethane; Polyurethane,Silver,,25.99,/241/54/220509_EC_1,220509_EC_1.jpg,none,,,,,
220509_GN,220509,Tote Bag STRIPES1 Green,_GN,Green,Hand Bag,Tote,Peach PU,Polyester; Polyurethane; Polyurethane,Silver,,25.99,/241/54/220509_GN_1,220509_GN_1.jpg,none,,,,,
220522NC,220522,Shoulder Bag WOODY3 Natural Color,NC,Natural Color,Hand Bag,Shoulder Bag,Fake straw,Cotton; Polyester; Polyester; Polypropylene; Polyurethane; Polyurethane,Light Golden,,25.99,/241/54/220522NC_1,220522NC_1.jpg,none,,,,,
220524_BK,220524,Crossbody Bag PICASSO3 Black,_BK,Black,Hand Bag,Cross,Fantasy Fabric,Polyester; Polyester; Polyurethane,,,17.99,/241/54/220524_BK_1,220524_BK_1.jpg,none,,,,,
220524_EC,220524,Crossbody Bag PICASSO3 Ecru,_EC,Ecru,Hand Bag,Cross,Fantasy Fabric,Polyester; Polyester; Polyurethane,,,17.99,/241/54/220524_EC_1,220524_EC_1.jpg,none,,,,,
220524_OR,220524,Crossbody Bag PICASSO3 Orange,_OR,Orange,Hand Bag,Cross,Fantasy Fabric,Polyester; Polyester; Polyurethane,,,17.99,/241/54/220524_OR_1,220524_OR_1.jpg,none,,,,,
220524_SV,220524,Crossbody Bag PICASSO3 Silver,_SV,Silver,Hand Bag,Cross,Fantasy Fabric,Polyester; Polyester; Polyurethane,,,17.99,/241/54/220524_SV_1,220524_SV_1.jpg,none,,,,,
220569_CA,220569,Crossbody Bag WOODY2 Camel,_CA,Camel,Hand Bag,Cross,Plain PU,Polyester; Polyurethane; Polyurethane,,,27.99,/241/54/220569_CA_1,220569_CA_1.jpg,none,,,,,
220569_EC,220569,Crossbody Bag WOODY2 Ecru,_EC,Ecru,Hand Bag,Cross,Plain PU,Polyester; Polyurethane; Polyurethane,,,27.99,/241/54/220569_EC_1,220569_EC_1.jpg,none,,,,,
220569_GN,220569,Crossbody Bag WOODY2 Green,_GN,Green,Hand Bag,Cross,Plain PU,Polyester; Polyurethane; Polyurethane,,,27.99,/241/54/220569_GN_1,220569_GN_1.jpg,none,,,,,
220893_EC,220893,Crossbody Bag WOODY3 Ecru,_EC,Ecru,Hand Bag,Cross,Plain PU,Polyester; Polyurethane; Polyurethane,Light Golden,,25.99,/241/54/220893_EC_1,220893_EC_1.jpg,none,,,,,
220893_TU,220893,Crossbody Bag WOODY3 Taupe,_TU,Taupe,Hand Bag,Cross,Plain PU,Polyester; Polyurethane; Polyurethane,Light Golden,,25.99,/241/54/220893_TU_1,220893_TU_1.jpg,none,,,,,
220899NC,220899,Tote Bag KOLKATA1 Natural Color,NC,Natural Color,Hand Bag,Tote,Jute,Jute; Jute,,,23.99,/242/54/220899NC_1,220899NC_1.jpg,none,,,,,
220905_BL,220905,Shopper Bag SUEDE BALLS Blue,_BL,Blue,Hand Bag,Shopper,Real Suede,Cow Suede Leather; Cow Suede Leather,,,39.99,/241/54/220905_BL_1,220905_BL_1.jpg,none,,,,,
220905_BN,220905,Shopper Bag SUEDE STUDS Brown,_BN,Brown,Hand Bag,Shopper,Real Suede,Cow Suede Leather; Cow Suede Leather,,,39.99,/242/54/220905_BN_1,220905_BN_1.jpg,none,,,,,
220905_BU,220905,Shopper Bag SUEDE STUDS Burgundy,_BU,Burgundy,Hand Bag,Shopper,Real Suede,Cow Suede Leather; Cow Suede Leather,,,39.99,/242/54/220905_BU_1,220905_BU_1.jpg,none,,,,,
220905_CA,220905,Shopper Bag SUEDE BALLS Camel,_CA,Camel,Hand Bag,Shopper,Real Suede,Cow Suede Leather; Cow Suede Leather,,,39.99,/241/54/220905_CA_1,220905_CA_1.jpg,none,,,,,
220905_YL,220905,Shopper Bag SUEDE BALLS Yellow,_YL,Yellow,Hand Bag,Shopper,Real Suede,Cow Suede Leather; Cow Suede Leather,,,39.99,/241/54/220905_YL_1,220905_YL_1.jpg,none,,,,,
220938NC,220938,Shoulder Bag CURRY3 Natural Color,NC,Natural Color,Hand Bag,Shoulder Bag,Fake straw,Polyester; Polypropylene; Polyurethane; Cotton; Polyester,Light Golden,,25.99,/241/54/220938NC_1,220938NC_1.jpg,none,,,,,
221066_SV,221066,Shoulder Bag PADDED NYLON CAPSULE Silver,_SV,Silver,Hand Bag,Shoulder Bag,Nylon,Polyamide; Polyester; Polyurethane,,,19.99,/241/54/221066_SV_1,221066_SV_1.jpg,none,,,,,
221069_BK,221069,Shoulder Bag PADDED NYLON CAPSULE Black,_BK,Black,Hand Bag,Shoulder Bag,Nylon,Polyester; Polyester; Polyurethane,,,19.99,/241/54/221069_BK_1,221069_BK_1.jpg,none,,,,,
221069_BL,221069,Shoulder Bag PADDED NYLON CAPSULE Blue,_BL,Blue,Hand Bag,Shoulder Bag,Nylon,Polyester; Polyester; Polyurethane,,,19.99,/241/54/221069_BL_1,221069_BL_1.jpg,none,,,,,
221069_EC,221069,Shoulder Bag PADDED NYLON CAPSULE Ecru,_EC,Ecru,Hand Bag,Shoulder Bag,Nylon,Polyester; Polyester; Polyurethane,,,19.99,/241/54/221069_EC_1,221069_EC_1.jpg,none,,,,,
221069_RD,221069,Shoulder Bag PADDED NYLON CAPSULE Red,_RD,Red,Hand Bag,Shoulder Bag,Nylon,Polyester; Polyester; Polyurethane,,,19.99,/241/54/221069_RD_1,221069_RD_1.jpg,none,,,,,
221186_BK,221186,Crossbody Bag MAORI2 Black,_BK,Black,Hand Bag,Cross,Plain PU,Polyurethane; Polyurethane,Silver,,23.99,/242/54/221186_BK_1,221186_BK_1.jpg,none,,,,,
221186_CA,221186,Crossbody Bag MAORI2 Camel,_CA,Camel,Hand Bag,Cross,Plain PU,Polyurethane; Polyurethane,Silver,,23.99,/242/54/221186_CA_1,221186_CA_1.jpg,none,,,,,
221186_WT,221186,Crossbody Bag MAORI2 White,_WT,White,Hand Bag,Cross,Plain PU,Polyurethane; Polyurethane,Silver,,23.99,/242/54/221186_WT_1,221186_WT_1.jpg,none,,,,,
221220_EC,221220,Tote Bag MAORI3 Ecru,_EC,Ecru,Hand Bag,Tote,Peach PU,Polyester; Polyurethane; Polyurethane,Silver,,25.99,/242/54/221220_EC_1,221220_EC_1.jpg,none,,,,,
221220_TU,221220,Tote Bag MAORI3 Taupe,_TU,Taupe,Hand Bag,Tote,Peach PU,Polyester; Polyurethane; Polyurethane,Silver,,25.99,/242/54/221220_TU_1,221220_TU_1.jpg,none,,,,,
221230_BK,221230,Crossbody Bag NIZA2 Black,_BK,Black,Hand Bag,Cross,Fantasy Fabric,Polyester; Polypropylene; Polyurethane; Polyurethane; Polyethylene,Light Golden,,25.99,/242/54/221230_BK_1,221230_BK_1.jpg,none,,,,,
221331_GD,221331,Tote Bag KOLKATA3 Gold,_GD,Gold,Hand Bag,Tote,Fantasy Fabric,Polyurethane; Polyethylene; Polyester; Polypropylene; Polyurethane,Light Golden,,25.99,/242/54/221331_GD_1,221331_GD_1.jpg,none,,,,,
221348_BK,221348,Crossbody Bag BLOW Black,_BK,Black,Hand Bag,Cross,Plain PU,Polyurethane; Polyester; Polyurethane,Light Golden,,19.99,/242/54/221348_BK_1,221348_BK_1.jpg,none,,,,,
221348_CA,221348,Crossbody Bag BLOW Camel,_CA,Camel,Hand Bag,Cross,Plain PU,Polyurethane; Polyester; Polyurethane,Light Golden,,19.99,/242/54/221348_CA_1,221348_CA_1.jpg,none,,,,,
221348_EC,221348,Crossbody Bag BLOW Ecru,_EC,Ecru,Hand Bag,Cross,Plain PU,Polyurethane; Polyester; Polyurethane,Light Golden,,19.99,/242/54/221348_EC_1,221348_EC_1.jpg,none,,,,,
221348_NV,221348,Crossbody Bag BLOW Navy,_NV,Navy,Hand Bag,Cross,Plain PU,Polyurethane; Polyester; Polyurethane,Light Golden,,19.99,/242/54/221348_NV_1,221348_NV_1.jpg,none,,,,,
221439_RD,221439,Shopper Bag KOLKATA2 Red,_RD,Red,Hand Bag,Shopper,Fantasy Fabric,Cotton; Cotton; Cotton; Glass; Polyester,,,39.99,/242/54/221439_RD_1,221439_RD_1.jpg,none,,,,,
221520_CA,221520,Shoulder Bag MAORI3 Camel,_CA,Camel,Hand Bag,Shoulder Bag,Plain PU,Polyester; Polyurethane; Polyurethane,Silver,,25.99,/242/54/221520_CA_1,221520_CA_1.jpg,none,,,,,
221520_WT,221520,Shoulder Bag MAORI3 White,_WT,White,Hand Bag,Shoulder Bag,Plain PU,Polyester; Polyurethane; Polyurethane,Silver,,25.99,/242/54/221520_WT_1,221520_WT_1.jpg,none,,,,,
221608_BK,221608,Tote Bag NIZA2 Black,_BK,Black,Hand Bag,Tote,Fantasy Fabric,Polyester; Polypropylene; Polyurethane; Polyurethane,Silver,,23.99,/242/54/221608_BK_1,221608_BK_1.jpg,none,,,,,
221644_CA,221644,Crossbody Bag FLORA Camel,_CA,Camel,Hand Bag,Cross,Color Block,Polyester; Polyurethane; Polyurethane,Silver,,25.99,/242/54/221644_CA_1,221644_CA_1.jpg,none,,,,,
221711DNC,221711,Sac ULLA Dark Natural Color,DNC,Dark Natural Color,Hand Bag,Sac,Paper straw,Iron; Iron; Linen; Paper; Polyurethane; Polyurethane,Light Golden,,25.99,/242/54/221711DNC_1,221711DNC_1.jpg,none,,,,,
221731DNC,221731,Bucket Bag ULLA Dark Natural Color,DNC,Dark Natural Color,Hand Bag,Bucket,Paper straw,Iron; Iron; Linen; Paper; Polyurethane; Polyurethane,Light Golden,,23.99,/242/54/221731DNC_1,221731DNC_1.jpg,none,,,,,
221765NC,221765,Tote Bag ANASTASIA Natural Color,NC,Natural Color,Hand Bag,Tote,Paper straw,Cotton; Cotton; Iron; Iron; Iron; Linen; Paper; Polyurethane; Polyurethane,,,27.99,/242/54/221765NC_1,221765NC_1.jpg,none,,,,,
221777NC,221777,Crossbody Bag ANASTASIA Natural Color,NC,Natural Color,Hand Bag,Cross,Paper straw,Cotton; Iron; Iron; Linen; Paper; Polyurethane; Polyurethane,Light Golden,,23.99,/242/54/221777NC_1,221777NC_1.jpg,none,,,,,
221855_BG,221855,Shopper Bag NATALIA Beige,_BG,Beige,Hand Bag,Shopper,Fake Nylon,Polyester; Polyester; Polyester; Polyurethane; Polyurethane; Polyurethane; Zinc,,,27.99,/242/54/221855_BG_1,221855_BG_1.jpg,none,,,,,
221855_EC,221855,Shopper Bag NATALIA Ecru,_EC,Ecru,Hand Bag,Shopper,Fake Nylon,Polyester; Polyester; Polyester; Polyurethane; Polyurethane; Polyurethane; Zinc,,,27.99,/242/54/221855_EC_1,221855_EC_1.jpg,none,,,,,
221855_GN,221855,Shopper Bag NATALIA Green,_GN,Green,Hand Bag,Shopper,Fake Nylon,Polyester; Polyurethane; Polyurethane; Polyurethane; Zinc; Polyester; Polyester,,,27.99,/242/54/221855_GN_1,221855_GN_1.jpg,none,,,,,
221871_CA,221871,Sac FRINGES CAPSULE Camel,_CA,Camel,Hand Bag,Sac,Real Suede,Cotton; Cow Suede Leather,,,39.99,/242/54/221871_CA_1,221871_CA_1.jpg,none,,,,,
221871_PU,221871,Sac FRINGES CAPSULE Purple,_PU,Purple,Hand Bag,Sac,Real Suede,Cotton; Cow Suede Leather,,,39.99,/242/54/221871_PU_1,221871_PU_1.jpg,none,,,,,
222024_GN,222024,Shoulder Bag GOLDEN BAY3 Green,_GN,Green,Hand Bag,Shoulder Bag,Plain PU,Polyester; Polyurethane; Polyurethane,Silver,,23.99,/242/54/222024_GN_1,222024_GN_1.jpg,none,,,,,
222024_WT,222024,Shoulder Bag GOLDEN BAY3 White,_WT,White,Hand Bag,Shoulder Bag,Plain PU,Polyester; Polyurethane; Polyurethane,Silver,,23.99,/242/54/222024_WT_1,222024_WT_1.jpg,none,,,,,
222028_SV,222028,Shoulder Bag GOLDEN BAY3 Silver,_SV,Silver,Hand Bag,Shoulder Bag,Fantasy PU,Polyester; Polyurethane; Polyurethane,Silver,,23.99,/242/54/222028_SV_1,222028_SV_1.jpg,none,,,,,
222055_BK,222055,Shoulder Bag GOLDEN BAY3 Black,_BK,Black,Hand Bag,Shoulder Bag,Padded Pu,Polyester; Polyurethane; Polyurethane,Silver,,25.99,/242/54/222055_BK_1,222055_BK_1.jpg,none,,,,,
222055_GN,222055,Shoulder Bag GOLDEN BAY3 Green,_GN,Green,Hand Bag,Shoulder Bag,Padded Pu,Polyester; Polyurethane; Polyurethane,Silver,,25.99,/242/54/222055_GN_1,222055_GN_1.jpg,none,,,,,
222055_WT,222055,Shoulder Bag GOLDEN BAY3 White,_WT,White,Hand Bag,Shoulder Bag,Padded Pu,Polyester; Polyurethane; Polyurethane,Silver,,25.99,/242/54/222055_WT_1,222055_WT_1.jpg,none,,,,,
222229_OR,222229,Tote Bag GOLDEN BAY1 Orange,_OR,Orange,Hand Bag,Tote,Plain PU,Polyester; Polyurethane; Polyurethane,Silver,,25.99,/242/54/222229_OR_1,222229_OR_1.jpg,none,,,,,
222244_BK,222244,Handbag HASHTAG2 Black,_BK,Black,Hand Bag,Computer Backpack,Fake Nylon,Polyester; Polyester; Polyurethane; Polyurethane,,,32.99,/242/54/222244_BK_1,222244_BK_1.jpg,none,,,,,
222244_EC,222244,Handbag HASHTAG3 Ecru,_EC,Ecru,Hand Bag,Computer Backpack,Fake Nylon,Polyester; Polyester; Polyurethane; Polyurethane,,,32.99,/242/54/222244_EC_1,222244_EC_1.jpg,none,,,,,
222244_KK,222244,Handbag HASHTAG2 Khaki,_KK,Khaki,Hand Bag,Computer Backpack,Fake Nylon,Polyester; Polyester; Polyurethane; Polyurethane,,,32.99,/242/54/222244_KK_1,222244_KK_1.jpg,none,,,,,
222246NC,222246,Shopper Bag KOLKATA1 Natural Color,NC,Natural Color,Hand Bag,Shopper,Jute,Cotton; Cotton; Jute; glass bead,,,23.99,/242/54/222246NC_1,222246NC_1.jpg,none,,,,,
222259_NV,222259,Backpack PALMS Navy,_NV,Navy,Hand Bag,Backpack,Printed PU,Polyester; Polyurethane; Polyurethane,,,27.99,/242/54/222259_NV_1,222259_NV_1.jpg,none,,,,,
222276_NV,222276,Lunch Bag PALMS Navy,_NV,Navy,Hand Bag,Lunch Bag,Fake Nylon,Polyurethane; Polyester; Polyethylene Terephthalate,Silver,,19.99,/242/54/222276_NV_1,222276_NV_1.jpg,none,,,,,
222326_BK,222326,Briefcase BARDOT Black,_BK,Black,Hand Bag,Briefcase,Animal Embossed PU,Polyester; Polyester; Polyester; Polyurethane; Polyurethane; Polyurethane; Polyurethane; Polyester,Light Golden,,35.99,/242/54/222326_BK_1,222326_BK_1.jpg,none,,,,,
222326_CA,222326,Briefcase BARDOT Camel,_CA,Camel,Hand Bag,Briefcase,Animal Embossed PU,Polyurethane; Polyurethane; Polyester; Polyester; Polyester; Polyester; Polyurethane; Polyurethane,Light Golden,,35.99,/242/54/222326_CA_1,222326_CA_1.jpg,none,,,,,
222361_TU,222361,Sac DAMERO2 Taupe,_TU,Taupe,Hand Bag,Sac,Plain PU,Cotton; Polyurethane; Polyurethane,Silver,,25.99,/242/54/222361_TU_1,222361_TU_1.jpg,none,,,,,
222361_WT,222361,Sac DAMERO2 White,_WT,White,Hand Bag,Sac,Plain PU,Cotton; Polyurethane; Polyurethane,Silver,,25.99,/242/54/222361_WT_1,222361_WT_1.jpg,none,,,,,
222457_SV,222457,Tote Bag GOLDEN BAY2 Silver,_SV,Silver,Hand Bag,Tote,Fantasy PU,Polyester; Polyurethane; Polyurethane,Silver,,25.99,/242/54/222457_SV_1,222457_SV_1.jpg,none,,,,,
222632_BK,222632,Shoulder Bag JUNGLE2 Black,_BK,Black,Hand Bag,Shoulder Bag,Leather,Cotton; Cow Leather,Silver,,49.99,/242/54/222632_BK_1,222632_BK_1.jpg,none,,,,,
222632_BN,222632,Shoulder Bag JUNGLE2 Brown,_BN,Brown,Hand Bag,Shoulder Bag,Leather,Cotton; Cow Leather,Silver,,49.99,/242/54/222632_BN_1,222632_BN_1.jpg,none,,,,,
222632_GN,222632,Shoulder Bag JUNGLE2 Green,_GN,Green,Hand Bag,Shoulder Bag,Leather,Cotton; Cow Leather,Silver,,49.99,/242/54/222632_GN_1,222632_GN_1.jpg,none,,,,,
222732_GD,222732,Tote Bag KOLKATA3 Gold,_GD,Gold,Hand Bag,Tote,Fantasy Fabric,Polyester; Polypropylene; Polyurethane; Polyurethane; Polyethylene,Light Golden,,23.99,/242/54/222732_GD_1,222732_GD_1.jpg,none,,,,,
222824_BG,222824,Tote Bag DALMATA1 Beige,_BG,Beige,Hand Bag,Tote,Plain PU,Polyester; Polyurethane; Polyurethane,,,27.99,/242/54/222824_BG_1,222824_BG_1.jpg,none,,,,,
222824_BK,222824,Tote Bag DALMATA1 Black,_BK,Black,Hand Bag,Tote,Plain PU,Polyester; Polyurethane; Polyurethane,,,27.99,/242/54/222824_BK_1,222824_BK_1.jpg,none,,,,,
222824_EC,222824,Tote Bag DALMATA1 Ecru,_EC,Ecru,Hand Bag,Tote,Plain PU,Polyester; Polyurethane; Polyurethane,,,27.99,/242/54/222824_EC_1,222824_EC_1.jpg,none,,,,,
222871_BN,222871,Shopper Bag SUEDE STUDS Brown,_BN,Brown,Hand Bag,Shopper,Real Suede,Cow Suede Leather; Cow Leather,Silver,,59.99,/242/54/222871_BN_1,222871_BN_1.jpg,none,,,,,
222871_BU,222871,Shopper Bag SUEDE STUDS Burgundy,_BU,Burgundy,Hand Bag,Shopper,Real Suede,Cow Suede Leather; Cow Leather,Silver,,59.99,/242/54/222871_BU_1,222871_BU_1.jpg,none,,,,,
222871_CA,222871,Shopper Bag SUEDE STUDS Camel,_CA,Camel,Hand Bag,Shopper,Real Suede,Cow Leather; Cow Suede Leather,Silver,,59.99,/242/54/222871_CA_1,222871_CA_1.jpg,none,,,,,
222887_BK,222887,Crossbody Bag MAORI2 Black,_BK,Black,Hand Bag,Cross,Nylon,Polyester; Polyester; Polyester; Polyester; Polyester; Polyurethane; Polyurethane; Polyester,Silver,,25.99,/242/54/222887_BK_1,222887_BK_1.jpg,none,,,,,
222887_NV,222887,Crossbody Bag MAORI2 Navy,_NV,Navy,Hand Bag,Cross,Nylon,Polyester; Polyester; Polyester; Polyester; Polyester; Polyurethane; Polyurethane,Light Golden,,25.99,/242/54/222887_NV_1,222887_NV_1.jpg,none,,,,,
222903_BK,222903,Shopper Bag DALMATA2 Black,_BK,Black,Hand Bag,Shopper,Nylon,Cotton; Polyamide; Polyester; Polyester; Polyurethane,Silver,,35.99,/242/54/222903_BK_1,222903_BK_1.jpg,none,,,,,
222935_CA,222935,Crossbody Bag JOPLIN Camel,_CA,Camel,Hand Bag,Cross,Patchwork,Cow Suede Leather; Iron; Iron; Polyester; Polyurethane; Polyurethane,,,27.99,/242/54/222935_CA_1,222935_CA_1.jpg,none,,,,,
222935_EC,222935,Crossbody Bag JOPLIN Ecru,_EC,Ecru,Hand Bag,Cross,Patchwork,Cow Suede Leather; Iron; Iron; Polyester; Polyurethane; Polyurethane,,,27.99,/242/54/222935_EC_1,222935_EC_1.jpg,none,,,,,
222947_BK,222947,Crossbody Bag AVERY Black,_BK,Black,Hand Bag,Cross,Plain PU,Polyurethane; Polyester; Polyester; Polyurethane; Polyurethane,Light Golden,,23.99,/242/54/222947_BK_1,222947_BK_1.jpg,none,,,,,
222947_CA,222947,Crossbody Bag AVERY Camel,_CA,Camel,Hand Bag,Cross,Plain PU,Polyester; Polyurethane; Polyester; Polyurethane; Polyurethane,Light Golden,,23.99,/242/54/222947_CA_1,222947_CA_1.jpg,none,,,,,
222947_EC,222947,Crossbody Bag AVERY Ecru,_EC,Ecru,Hand Bag,Cross,Plain PU,Polyester; Polyurethane; Polyurethane; Polyester; Polyurethane,Light Golden,,23.99,/242/54/222947_EC_1,222947_EC_1.jpg,none,,,,,
222954_EC,222954,Crossbody Bag JACKSON 1 Ecru,_EC,Ecru,Hand Bag,Cross,Nylon,Polyester; Polyester; Polyurethane; Polyurethane,Silver,,25.99,/242/54/222954_EC_1,222954_EC_1.jpg,none,,,,,
222954_KK,222954,Crossbody Bag JACKSON 1 Khaki,_KK,Khaki,Hand Bag,Cross,Nylon,Polyester; Polyester; Polyurethane; Polyurethane,Silver,,25.99,/242/54/222954_KK_1,222954_KK_1.jpg,none,,,,,
222959_BL,222959,Lunch Bag JACKSON 2 Blue,_BL,Blue,Hand Bag,Lunch Bag,Nylon,Polyester; Polyester; Thermoplastic Polyurethane; Polyurethane; Polyester; Polyester,Silver,,19.99,/242/54/222959_BL_1,222959_BL_1.jpg,none,,,,,
223063_BK,223063,Computer Hand Bag ZIMBA3 Black,_BK,Black,Hand Bag,Computer Hand Bag,Plain PU,Polyester; Polyester; Polyurethane; Polyurethane; Cow Leather; Polyurethane,Light Golden,,35.99,/242/54/223063_BK_1,223063_BK_1.jpg,none,,,,,
223063_TU,223063,Computer Hand Bag ZIMBA3 Taupe,_TU,Taupe,Hand Bag,Computer Hand Bag,Plain PU,Polyester; Polyester; Polyurethane; Polyurethane; Cow Leather; Polyurethane,Light Golden,,35.99,/242/54/223063_TU_1,223063_TU_1.jpg,none,,,,,
223066_BK,223066,Crossbody Bag ZIMBA2 Black,_BK,Black,Hand Bag,Cross,Animal Embossed PU,Polyester; Polyurethane; Polyurethane,Light Golden,,25.99,/242/54/223066_BK_1,223066_BK_1.jpg,none,,,,,
223066_BN,223066,Crossbody Bag ZIMBA2 Brown,_BN,Brown,Hand Bag,Cross,Animal Embossed PU,Polyester; Polyurethane; Polyurethane,Light Golden,,25.99,/242/54/223066_BN_1,223066_BN_1.jpg,none,,,,,
223066_EC,223066,Crossbody Bag ZIMBA2 Ecru,_EC,Ecru,Hand Bag,Cross,Animal Embossed PU,Polyester; Polyurethane; Polyurethane,Light Golden,,25.99,/242/54/223066_EC_1,223066_EC_1.jpg,none,,,,,
223066_GN,223066,Crossbody Bag ZIMBA2 Green,_GN,Green,Hand Bag,Cross,Animal Embossed PU,Polyester; Polyurethane; Polyurethane,Light Golden,,25.99,/242/54/223066_GN_1,223066_GN_1.jpg,none,,,,,
223127_BK,223127,Crossbody Bag ZIMBA2 Black,_BK,Black,Hand Bag,Cross,Plain PU,Polyester; Polyurethane; Polyurethane; Polyurethane; Polyester,,,27.99,/242/54/223127_BK_1,223127_BK_1.jpg,none,,,,,
223127_EC,223127,Crossbody Bag ZIMBA2 Ecru,_EC,Ecru,Hand Bag,Cross,Plain PU,Polyester; Polyurethane; Polyurethane; Polyurethane; Polyester,,,27.99,/242/54/223127_EC_1,223127_EC_1.jpg,none,,,,,
223127_TU,223127,Crossbody Bag ZIMBA2 Taupe,_TU,Taupe,Hand Bag,Cross,Plain PU,Polyester; Polyurethane; Polyurethane; Polyester; Polyurethane,,,27.99,/242/54/223127_TU_1,223127_TU_1.jpg,none,,,,,
223213_BK,223213,Briefcase DALMATA3 Black,_BK,Black,Hand Bag,Briefcase,Animal Embossed PU,Polyester; Polyester; Polyester; Polyurethane; Polyurethane; Polyurethane; Polyurethane,,,39.99,/242/54/223213_BK_1,223213_BK_1.jpg,none,,,,,
223364_BM,223364,Shoulder Bag ZIMBA2 Bright Multicolor,_BM,Bright Multicolor,Hand Bag,Shoulder Bag,Real Fur,Polyurethane; Cow Leather; Polyester; Polyurethane,Light Golden,,35.99,/242/54/223364_BM_1,223364_BM_1.jpg,none,,,,,
223423_BK,223423,Shopper Bag LOHAN Black,_BK,Black,Hand Bag,Shopper,Plain PU,Polyester; Polyurethane; Polyurethane; Polyester; Polyurethane; Polyurethane; Polyester,,,27.99,/242/54/223423_BK_1,223423_BK_1.jpg,none,,,,,
223424_BG,223424,Tote Bag LOHAN Beige,_BG,Beige,Hand Bag,Tote,Plain PU,Polyurethane; Polyurethane; Polyurethane; Polyester; Polyester,Light Golden,,25.99,/242/54/223424_BG_1,223424_BG_1.jpg,none,,,,,
223424_BK,223424,Tote Bag LOHAN Black,_BK,Black,Hand Bag,Tote,Plain PU,Polyurethane; Polyester; Polyurethane; Polyester; Polyurethane,Light Golden,,25.99,/242/54/223424_BK_1,223424_BK_1.jpg,none,,,,,
223451_BM,223451,Crossbody Bag ZIMBA3 Bright Multicolor,_BM,Bright Multicolor,Hand Bag,Cross,Patchwork,Polyester; Polyurethane; Cow Leather; Polyurethane,,,27.99,/242/54/223451_BM_1,223451_BM_1.jpg,none,,,,,
223546_CA,223546,Sac ZIMBA3 Camel,_CA,Camel,Hand Bag,Sac,Real Suede,Polyurethane; Polyester; Cow Leather; Polyester; Polyurethane; Polyurethane,,,32.99,/242/54/223546_CA_1,223546_CA_1.jpg,none,,,,,
223552_BK,223552,Tote Bag ZIMBA1 Black,_BK,Black,Hand Bag,Tote,Plain PU,Polyester; Polyurethane; Polyurethane,,,27.99,/242/54/223552_BK_1,223552_BK_1.jpg,none,,,,,
223552_WT,223552,Tote Bag ZIMBA1 White,_WT,White,Hand Bag,Tote,Plain PU,Polyurethane; Polyurethane; Polyester,,,27.99,/242/54/223552_WT_1,223552_WT_1.jpg,none,,,,,
223614_BK,223614,Crossbody Bag LEO3 Black,_BK,Black,Hand Bag,Cross,Plain PU,Polyester; Polyurethane; Polyurethane,Light Golden,,25.99,/242/54/223614_BK_1,223614_BK_1.jpg,none,,,,,
223614_CA,223614,Crossbody Bag LEO3 Camel,_CA,Camel,Hand Bag,Cross,Plain PU,Polyurethane; Polyester; Polyurethane,Light Golden,,25.99,/242/54/223614_CA_1,223614_CA_1.jpg,none,,,,,
223614_EC,223614,Crossbody Bag LEO3 Ecru,_EC,Ecru,Hand Bag,Cross,Plain PU,Polyurethane; Polyurethane; Polyester,Light Golden,,25.99,/242/54/223614_EC_1,223614_EC_1.jpg,none,,,,,
223617_BK,223617,Crossbody Bag LEO2 Black,_BK,Black,Hand Bag,Cross,Printed Nylon,Polyurethane; Aluminium; Polyester; Polyester; Polyester; Zinc,Silver,,25.99,/242/54/223617_BK_1,223617_BK_1.jpg,none,,,,,
223625_BK,223625,Tote Bag LEO3 Black,_BK,Black,Hand Bag,Tote,Nylon,Zinc; Polyester; Polyester; Polyurethane; Polyester,Silver,,25.99,/242/54/223625_BK_1,223625_BK_1.jpg,none,,,,,
223625_CA,223625,Tote Bag LEO3 Camel,_CA,Camel,Hand Bag,Tote,Nylon,Zinc; Polyester; Polyurethane; Polyester; Polyester,Silver,,25.99,/242/54/223625_CA_1,223625_CA_1.jpg,none,,,,,
223644_BK,223644,Crossbody Bag NEW ESSENTIALS3 Black,_BK,Black,Hand Bag,Cross,Plain PU,Polyester; Polyester; Polyurethane; Polyurethane; Polyurethane,,,32.99,/242/54/223644_BK_1,223644_BK_1.jpg,none,,,,,
223644_BM,223644,Crossbody Bag NEW ESSENTIALS3 Bright Multicolor,_BM,Bright Multicolor,Hand Bag,Cross,Plain PU,Polyurethane; Polyester; Polyurethane; Polyester; Polyurethane,,,32.99,/242/54/223644_BM_1,223644_BM_1.jpg,none,,,,,
223644_BN,223644,Crossbody Bag NEW ESSENTIALS3 Brown,_BN,Brown,Hand Bag,Cross,Plain PU,Polyurethane; Polyurethane; Polyurethane; Polyester; Polyester,,,32.99,/242/54/223644_BN_1,223644_BN_1.jpg,none,,,,,
223644_TU,223644,Crossbody Bag NEW ESSENTIALS3 Taupe,_TU,Taupe,Hand Bag,Cross,Plain PU,Polyester; Polyurethane; Polyurethane; Polyester; Polyurethane,,,32.99,/242/54/223644_TU_1,223644_TU_1.jpg,none,,,,,
223684_BM,223684,Shopper Bag LEO1 Bright Multicolor,_BM,Bright Multicolor,Hand Bag,Shopper,Printed Nylon,Polyester; Polyester; Iron; Aluminium; Polyester,Silver,,35.99,/242/54/223684_BM_1,223684_BM_1.jpg,none,,,,,
223920_BK,223920,Crossbody Bag SPECIAL SET Black,_BK,Black,Hand Bag,Cross,Plain PU,Polyurethane; Polyester; Polyurethane,Light Golden,,19.99,/242/54/223920_BK_1,223920_BK_1.jpg,none,,,,,
223920_BL,223920,Crossbody Bag SPECIAL SET Blue,_BL,Blue,Hand Bag,Cross,Plain PU,Polyurethane; Polyester; Polyurethane,Light Golden,,19.99,/242/54/223920_BL_1,223920_BL_1.jpg,none,,,,,
223920_TU,223920,Crossbody Bag SPECIAL SET Taupe,_TU,Taupe,Hand Bag,Cross,Plain PU,Polyurethane; Polyester; Polyurethane,Light Golden,,19.99,/242/54/223920_TU_1,223920_TU_1.jpg,none,,,,,
223996_BK,223996,Backpack CORDY Black,_BK,Black,Hand Bag,Backpack,Plain PU,Polyester; Polyurethane; Polyurethane; Acrylic,,,27.99,/242/54/223996_BK_1,223996_BK_1.jpg,none,,,,,
223996_CA,223996,Backpack CORDY Camel,_CA,Camel,Hand Bag,Backpack,Plain PU,Polyester; Polyurethane; Acrylic; Polyurethane,,,27.99,/242/54/223996_CA_1,223996_CA_1.jpg,none,,,,,
224033_GY,224033,Lunch Bag CORDY Grey,_GY,Grey,Hand Bag,Lunch Bag,Printed Fake Nylon,Polyethylene Terephthalate; Polyester; Polyurethane; Polyester,Silver,,19.99,/242/54/224033_GY_1,224033_GY_1.jpg,none,,,,,
224093_CA,224093,Shopper Bag LORETA Camel,_CA,Camel,Hand Bag,Shopper,Real Suede,Polyester; Cow Suede Leather; Polyurethane; Polyurethane,Light Golden,,35.99,/242/54/224093_CA_1,224093_CA_1.jpg,none,,,,,
224093_KK,224093,Shopper Bag LORETA Khaki,_KK,Khaki,Hand Bag,Shopper,Real Suede,Polyester; Polyurethane; Polyurethane; Cow Suede Leather,Light Golden,,35.99,/242/54/224093_KK_1,224093_KK_1.jpg,none,,,,,
224286_BK,224286,Crossbody Bag PANTERA2 Black,_BK,Black,Hand Bag,Cross,Plain PU,Cow Leather; Polyurethane; Polyester; Polyester; Polyurethane; Cow Leather; Polyurethane; Polyester,,,27.99,/242/54/224286_BK_1,224286_BK_1.jpg,none,,,,,
224286_CA,224286,Crossbody Bag PANTERA2 Camel,_CA,Camel,Hand Bag,Cross,Plain PU,Polyurethane; Polyester; Cow Leather; Polyurethane; Cow Leather; Polyester; Polyurethane; Polyester,,,27.99,/242/54/224286_CA_1,224286_CA_1.jpg,none,,,,,
224436_BK,224436,Tote Bag CORBATERO3 Black,_BK,Black,Hand Bag,Tote,Printed Nylon,Polyester; Polyurethane; Polyester; Polyester; Polyester; Polyurethane; Polyurethane,Light Golden,,25.99,/242/54/224436_BK_1,224436_BK_1.jpg,none,,,,,
224436_BU,224436,Tote Bag CORBATERO3 Burgundy,_BU,Burgundy,Hand Bag,Tote,Printed Nylon,Polyurethane; Polyurethane; Polyurethane; Polyester; Polyester; Polyester; Polyester,Light Golden,,25.99,/242/54/224436_BU_1,224436_BU_1.jpg,none,,,,,
224436_CA,224436,Tote Bag CORBATERO3 Camel,_CA,Camel,Hand Bag,Tote,Printed Nylon,Polyester; Polyurethane; Polyurethane; Polyester; Polyester; Polyester; Polyurethane,Light Golden,,25.99,/242/54/224436_CA_1,224436_CA_1.jpg,none,,,,,
224436_KK,224436,Tote Bag CORBATERO3 Khaki,_KK,Khaki,Hand Bag,Tote,Printed Nylon,Polyurethane; Polyester; Polyurethane; Polyester; Polyester; Polyurethane; Polyester,Light Golden,,25.99,/242/54/224436_KK_1,224436_KK_1.jpg,none,,,,,
224475_BN,224475,Shoulder Bag PANTERA1 Brown,_BN,Brown,Hand Bag,Shoulder Bag,Fake Suede,Polyurethane; Polyurethane; Polyester,Light Golden,,25.99,/242/54/224475_BN_1,224475_BN_1.jpg,none,,,,,
224488_BK,224488,Sac PANTERA3 Black,_BK,Black,Hand Bag,Sac,Plain PU,Polyurethane; Polyurethane; Polyester,,,27.99,/242/54/224488_BK_1,224488_BK_1.jpg,none,,,,,
224488_EC,224488,Sac PANTERA3 Ecru,_EC,Ecru,Hand Bag,Sac,Plain PU,Polyester; Polyurethane; Polyurethane,,,27.99,/242/54/224488_EC_1,224488_EC_1.jpg,none,,,,,
224533_KK,224533,Backpack FLAGE Khaki,_KK,Khaki,Hand Bag,Backpack,Printed Nylon,Polyurethane; Polyester; Polyester,Light Golden,,25.99,/242/54/224533_KK_1,224533_KK_1.jpg,none,,,,,
224555_BK,224555,Crossbody Bag PANTERA2 Black,_BK,Black,Hand Bag,Cross,Plain PU,Polyurethane; Polyester; Polyester; Polyurethane,Silver,,25.99,/242/54/224555_BK_1,224555_BK_1.jpg,none,,,,,
224555_BN,224555,Crossbody Bag PANTERA2 Brown,_BN,Brown,Hand Bag,Cross,Plain PU,Polyurethane; Polyester; Polyurethane; Polyester,Silver,,25.99,/242/54/224555_BN_1,224555_BN_1.jpg,none,,,,,
224555_MD,224555,Crossbody Bag PANTERA2 Mustard,_MD,Mustard,Hand Bag,Cross,Plain PU,Polyester; Polyester; Polyurethane; Polyurethane,Silver,,25.99,/242/54/224555_MD_1,224555_MD_1.jpg,none,,,,,
224692_BN,224692,Crossbody Bag PANTERA2 Brown,_BN,Brown,Hand Bag,Cross,Real Fur,Polyester; Cow Leather; Polyurethane; Polyurethane,,,32.99,/242/54/224692_BN_2y,224692_BN_2y.jpg,none,,,,,
224722_BK,224722,Tote Bag CORBATERO3 Black,_BK,Black,Hand Bag,Tote,Plain PU,Polyester; Polyurethane; Polyurethane; Polyurethane; Polyester; Iron; Zinc; Polyester; Polyester,Silver,,25.99,/242/54/224722_BK_1,224722_BK_1.jpg,none,,,,,
224722_KK,224722,Tote Bag CORBATERO3 Khaki,_KK,Khaki,Hand Bag,Tote,Plain PU,Polyurethane; Polyester; Polyurethane; Polyester; Polyurethane; Zinc; Iron; Polyester; Polyester,Silver,,25.99,/242/54/224722_KK_1,224722_KK_1.jpg,none,,,,,
224722_PK,224722,Tote Bag CORBATERO3 Pink,_PK,Pink,Hand Bag,Tote,Plain PU,Polyurethane; Polyester; Polyurethane; Polyester; Polyurethane; Zinc; Polyester; Polyester; Iron,Silver,,25.99,/242/54/224722_PK_1,224722_PK_1.jpg,none,,,,,
224884_DM,224884,Crossbody Bag PANTERA3 Dark Multicolor,_DM,Dark Multicolor,Hand Bag,Cross,Printed PU,Polyurethane; Polyurethane; Polyester,Silver,,25.99,/242/54/224884_DM_1,224884_DM_1.jpg,none,,,,,
149404_DM,149404,Earring IDENTITY Dark Multicolor,_DM,Dark Multicolor,Jewellery,Earrings,Stud,Thermoplastic Polyurethane; Zinc,Golden,,5.99,/241/52/149404_DM_1,149404_DM_1.jpg,none,,,,,
156605_DM,156605,Bracelet NILE Dark Multicolor,_DM,Dark Multicolor,Jewellery,Bracelets,Elastic Bracelet,Acrylic; Elastane; Thermoplastic Polyurethane,Worn Gold,,5.99,/241/52/156605_DM_1,156605_DM_1.jpg,none,,,,,
1573721BK,157372,Fan FASHION SUPPLEMENTS Black,1BK,Black,Jewellery,Other Jewellery,Fan,Bamboo; Iron; Polyester,Other,,12.99,/231/52/1573721BK_1,1573721BK_1.jpg,none,,,,,
157372_MA,157372,Fan FASHION SUPPLEMENTS Magenta,_MA,Magenta,Jewellery,Other Jewellery,Fan,Bamboo; Iron; Polyester,Other,,12.99,/231/52/157372_MA_1,157372_MA_1.jpg,none,,,,,
157372_VT,157372,Fan FASHION SUPPLEMENTS Violet,_VT,Violet,Jewellery,Other Jewellery,Fan,Bamboo; Iron; Polyester,Other,,12.99,/231/52/157372_VT_1,157372_VT_1.jpg,none,,,,,
1586851BL,158685,Earring GUARANI VIBES Blue,1BL,Blue,Jewellery,Earrings,Dangle,Stone; Zinc,Brushed Golden,,4.99,/232/52/1586851BL_1,1586851BL_1.jpg,none,,,,,
1586852BL,158685,Earring GUMMY PARTY Blue,2BL,Blue,Jewellery,Earrings,Dangle,Clay; Glass; Zinc,Brushed Golden,,4.99,/232/52/1586852BL_1,1586852BL_1.jpg,none,,,,,
1586852FU,158685,Earring TROPICAL GEMS Fuchsia,2FU,Fuchsia,Jewellery,Earrings,Dangle,Zinc; Stone,Brushed Golden,,4.99,/241/52/1586852FU_1,1586852FU_1.jpg,none,,,,,
1586852MI,158685,Earring Moonlight azure Midnight Blue,2MI,Midnight Blue,Jewellery,Earrings,Dangle,Stone; Zinc,Brushed Golden,,4.99,/232/52/1586852MI_1,1586852MI_1.jpg,none,,,,,
1586852NV,158685,Earring COTTAGE BLUE Navy,2NV,Navy,Jewellery,Earrings,Dangle,Stone; Zinc,Brushed Golden,,4.99,/232/52/1586852NV_1,1586852NV_1.jpg,none,,,,,
1586853DM,158685,Earring MONETT Dark Multicolor,3DM,Dark Multicolor,Jewellery,Earrings,Dangle,Stone; Iron; Enamel,Brushed Golden,,5.99,/242/52/1586853DM_1,1586853DM_1.jpg,none,,,,,
158685_MT,158685,Earring SUNSET JUNCTION Mint,_MT,Mint,Jewellery,Earrings,Dangle,Stone; Zinc,Brushed Golden,,4.99,/241/52/158685_MT_1,158685_MT_1.jpg,none,,,,,
158685_OX,158685,Earring NEPTUNE Oxford Blue,_OX,Oxford Blue,Jewellery,Earrings,Dangle,Zinc; Stone,Black Nikel,,5.99,/242/52/158685_OX_1,158685_OX_1.jpg,none,,,,,
1658233BM,165823,Earring STARRYNIGHT Bright Multicolor,3BM,Bright Multicolor,Jewellery,Earrings,Stud,Acrylic; Shell; Zinc,Black Nikel,,5.99,/232/52/1658233BM_2y,1658233BM_2y.jpg,none,,,,,
1658234BM,165823,Earring TROPICAL GEMS Bright Multicolor,4BM,Bright Multicolor,Jewellery,Earrings,Stud,Acrylic; Shell; Zinc,Golden,,4.99,/241/52/1658234BM_1,1658234BM_1.jpg,none,,,,,
166363_AQ,166363,Fan FASHION SUPPLEMENTS Aquamarine,_AQ,Aquamarine,Jewellery,Other Jewellery,Fan,Bamboo; Iron; Polyester,Other,,12.99,/241/52/166363_AQ_1,166363_AQ_1.jpg,none,,,,,
166363_CE,166363,Fan FASHION SUPPLEMENTS Cherry,_CE,Cherry,Jewellery,Other Jewellery,Fan,Bamboo; Iron; Polyester,Other,,12.99,/241/52/166363_CE_1,166363_CE_1.jpg,none,,,,,
166363_KK,166363,Fan FASHION SUPPLEMENTS Khaki,_KK,Khaki,Jewellery,Other Jewellery,Fan,Cotton; Iron; Bamboo; Iron; Polyester; Bamboo,Other,,12.99,/202/52/166363_KK_1,166363_KK_1.jpg,none,,,,,
166363_LL,166363,Fan FASHION SUPPLEMENTS Lilac,_LL,Lilac,Jewellery,Other Jewellery,Fan,Wood; Cotton,Other,,12.99,/242/52/166363_LL_1,166363_LL_1.jpg,none,,,,,
166363_PU,166363,Fan FASHION SUPPLEMENTS Purple,_PU,Purple,Jewellery,Other Jewellery,Fan,Bamboo; Iron; Bamboo; Polyester,,,12.99,/202/52/166363_PU_1,166363_PU_1.jpg,none,,,,,
166660_DM,166660,Earring IDENTITY Dark Multicolor,_DM,Dark Multicolor,Jewellery,Earrings,Stud,Glass; Iron; Zinc,Worn Gold,,5.99,/241/52/166660_DM_1,166660_DM_1.jpg,none,,,,,
167718_BU,167718,Earring STARRYNIGHT Burgundy,_BU,Burgundy,Jewellery,Earrings,Dangle,Glass; Iron; Polyester,Golden,,8.99,/232/52/167718_BU_1,167718_BU_1.jpg,none,,,,,
1682862HM,168286,Earring BHLOTUS Halftone Multicolor,2HM,Halftone Multicolor,Jewellery,Earrings,Hoop Earrings,Brass; Enamel; Iron,Golden,,5.99,/232/52/1682862HM_1,1682862HM_1.jpg,none,,,,,
1682863BM,168286,Earring SUNSET JUNCTION Bright Multicolor,3BM,Bright Multicolor,Jewellery,Earrings,Hoop Earrings,Brass; Enamel; Iron,Golden,,5.99,/241/52/1682863BM_1,1682863BM_1.jpg,none,,,,,
1696201WT,169620,Earring DEGRADE White,1WT,White,Jewellery,Earrings,Dangle,Glass; Iron; Polyester; Resin,Golden,,7.99,/232/52/1696201WT_1,1696201WT_1.jpg,none,,,,,
169620_AQ,169620,Earring WATERMELON PARTY Aquamarine,_AQ,Aquamarine,Jewellery,Earrings,Dangle,Cotton; Glass; Iron; Polyurethane,Other,,7.99,/242/52/169620_AQ_1,169620_AQ_1.jpg,none,,,,,
169620_NV,169620,Earring DEGRADE Navy,_NV,Navy,Jewellery,Earrings,Dangle,Cotton; Glass; Iron; Resin,Other,,7.99,/232/52/169620_NV_1,169620_NV_1.jpg,none,,,,,
169620_OR,169620,Earring TROPICAL GEMS Orange,_OR,Orange,Jewellery,Earrings,Dangle,Glass; Iron; Polyester; Polyurethane,Other,,7.99,/241/52/169620_OR_1,169620_OR_1.jpg,none,,,,,
1696221AQ,169622,Earring WATERMELON PARTY Aquamarine,1AQ,Aquamarine,Jewellery,Earrings,Stud,Enamel; Zinc,Golden,,7.99,/242/52/1696221AQ_1,1696221AQ_1.jpg,none,,,,,
169622_AU,169622,Earring VENDREDI Aubergine,_AU,Aubergine,Jewellery,Earrings,Stud,Crystal Glass; Zinc,Worn Silver,,7.99,/241/52/169622_AU_1,169622_AU_1.jpg,none,,,,,
169622_DM,169622,Earring NEOPOP Dark Multicolor,_DM,Dark Multicolor,Jewellery,Earrings,Stud,Enamel; Zinc; Crystal Glass,Black Nikel,,8.99,/242/52/169622_DM_1,169622_DM_1.jpg,none,,,,,
169622_FG,169622,Earring FLEURSDUMER Forest Green,_FG,Forest Green,Jewellery,Earrings,Stud,Enamel; Zinc,Other,,7.99,/241/52/169622_FG_1,169622_FG_1.jpg,none,,,,,
169622_IV,169622,Earring Golden Basics Extra Ivory,_IV,Ivory,Jewellery,Earrings,Stud,Enamel; Iron,Golden,,7.99,/241/52/169622_IV_2y,169622_IV_2y.jpg,none,,,,,
169622_KK,169622,Earring FLEURSDUMER Khaki,_KK,Khaki,Jewellery,Earrings,Stud,Zinc; Enamel,Worn Silver,,7.99,/241/52/169622_KK_1,169622_KK_1.jpg,none,,,,,
169622_LL,169622,Earring SUNSET JUNCTION Lilac,_LL,Lilac,Jewellery,Earrings,Stud,Crystal Glass; Zinc,Worn Silver,,7.99,/241/52/169622_LL_1,169622_LL_1.jpg,none,,,,,
169622_NV,169622,Earring STARRYNIGHT Navy,_NV,Navy,Jewellery,Earrings,Stud,Enamel; Zinc,Golden,,7.99,/232/52/169622_NV_1,169622_NV_1.jpg,none,,,,,
169622_TL,169622,Earring STARRYNIGHT Teal,_TL,Teal,Jewellery,Earrings,Stud,Enamel; Zinc,Worn Silver,,7.99,/232/52/169622_TL_1,169622_TL_1.jpg,none,,,,,
170729_DN,170729,Ring EXPEDITION Dark Green,_DN,Dark Green,Jewellery,Rings,Stone/Gem,Stone; Zinc,Worn Gold,,4.99,/232/52/170729_DN_1,170729_DN_1.jpg,none,,,,,
1708741WT,170874,Earring DEGRADE White,1WT,White,Jewellery,Earrings,Hoop Earrings,Crystal Glass; Iron,Worn Silver,,7.99,/232/52/1708741WT_1,1708741WT_1.jpg,none,,,,,
170874_BM,170874,Earring TROPICAL GEMS Bright Multicolor,_BM,Bright Multicolor,Jewellery,Earrings,Hoop Earrings,Polyester; Zinc; Crystal Glass; Iron,Golden,,7.99,/241/52/170874_BM_1,170874_BM_1.jpg,none,,,,,
1709381BM,170938,Bracelet SUNSET JUNCTION Bright Multicolor,1BM,Bright Multicolor,Jewellery,Bracelets,Adjustable Bracelet,Zinc; Acrylic; Stone; Thermoplastic Polyurethane,,,9.99,/241/52/1709381BM_1,1709381BM_1.jpg,none,,,,,
1709382BM,170938,Bracelet DOMINICA Bright Multicolor,2BM,Bright Multicolor,Jewellery,Bracelets,Adjustable Bracelet,Glass; Thermoplastic Polyurethane; Zinc,,,9.99,/241/52/1709382BM_1,1709382BM_1.jpg,none,,,,,
1709383BM,170938,Bracelet TROPICAL GEMS Bright Multicolor,3BM,Bright Multicolor,Jewellery,Bracelets,Adjustable Bracelet,Elastane; Glass; Thermoplastic Polyurethane; Zinc,,,9.99,/241/52/1709383BM_1,1709383BM_1.jpg,none,,,,,
1709383HM,170938,Bracelet EXPEDITION Halftone Multicolor,3HM,Halftone Multicolor,Jewellery,Bracelets,Adjustable Bracelet,Acrylic; Zinc,Golden,,9.99,/232/52/1709383HM_1,1709383HM_1.jpg,none,,,,,
1709384HM,170938,Bracelet ULTRAVIO Halftone Multicolor,4HM,Halftone Multicolor,Jewellery,Bracelets,Adjustable Bracelet,Acrylic; Zinc,Worn Gold,,9.99,/232/52/1709384HM_1,1709384HM_1.jpg,none,,,,,
170938_IV,170938,Bracelet Golden Basics Extra Ivory,_IV,Ivory,Jewellery,Bracelets,Adjustable Bracelet,Elastane; Enamel; Thermoplastic Polyurethane; Zinc,,,9.99,/241/52/170938_IV_1,170938_IV_1.jpg,none,,,,,
170938_RO,170938,Bracelet ETHNICS Old Rose,_RO,Old Rose,Jewellery,Bracelets,Adjustable Bracelet,Rubber; Thermoplastic Polyurethane; Zinc,,,9.99,/241/52/170938_RO_1,170938_RO_1.jpg,none,,,,,
1722761BK,172276,Earring ECLIPSE Black,1BK,Black,Jewellery,Earrings,Dangle,Iron; Stone; Zinc,Golden,,5.99,/232/52/1722761BK_1,1722761BK_1.jpg,none,,,,,
172276_TQ,172276,Earring EXPEDITION Turquoise,_TQ,Turquoise,Jewellery,Earrings,Dangle,Iron; Stone; Zinc,Golden,,5.99,/232/52/172276_TQ_1,172276_TQ_1.jpg,none,,,,,
1764650HM,176465,Earring VENDREDI Halftone Multicolor,0HM,Halftone Multicolor,Jewellery,Earrings,Hoop Earrings,Acrylic; Iron,Brushed Golden,,5.99,/241/52/1764650HM_1,1764650HM_1.jpg,none,,,,,
179566_GD,179566,Set of Earrings KISS54 Gold,_GD,Gold,Jewellery,Earrings,Hoop Earrings,Brass; Zirconium,Golden,,5.99,/202/52/179566_GD_1,179566_GD_1.jpg,none,,,,,
179566_SV,179566,Set of Earrings KISS54 Silver,_SV,Silver,Jewellery,Earrings,Hoop Earrings,Brass; Zirconium,Golden,,5.99,/202/52/179566_SV_1,179566_SV_1.jpg,none,,,,,
1804581BK,180458,Earring ECLIPSE Black,1BK,Black,Jewellery,Earrings,Stud,Glass; Zinc,Golden,Strass,5.99,/232/52/1804581BK_1,1804581BK_1.jpg,none,,,,,
181666_BL,181666,Earring GUMMY PARTY Blue,_BL,Blue,Jewellery,Earrings,Hoop Earrings,Glass; Iron; Thermoplastic Polyurethane,Golden,Strass,8.99,/232/52/181666_BL_1,181666_BL_1.jpg,none,,,,,
181666_MI,181666,Earring NEPTUNE Midnight Blue,_MI,Midnight Blue,Jewellery,Earrings,Hoop Earrings,Iron; Thermoplastic Polyurethane; Glass,Black Nikel,Strass,8.99,/242/52/181666_MI_1,181666_MI_1.jpg,none,,,,,
181666_RO,181666,Earring NEOPOP Old Rose,_RO,Old Rose,Jewellery,Earrings,Hoop Earrings,Thermoplastic Polyurethane; Glass; Iron,Black Nikel,Strass,8.99,/242/52/181666_RO_1,181666_RO_1.jpg,none,,,,,
1867360HM,186736,Earring KISS54 Halftone Multicolor,0HM,Halftone Multicolor,Jewellery,Earrings,Hoop Earrings,Brass; Zinc; Zirconium,Golden,,6.99,/232/52/1867360HM_1,1867360HM_1.jpg,none,,,,,
1875013HM,187501,Earring ORPHIC Halftone Multicolor,3HM,Halftone Multicolor,Jewellery,Earrings,Hoop Earrings,Iron; Thermoplastic Polyurethane; Acrylic,Gold Plated,,5.99,/232/52/1875013HM_1,1875013HM_1.jpg,none,,,,,
188665_BM,188665,Earring WATERMELON PARTY Bright Multicolor,_BM,Bright Multicolor,Jewellery,Earrings,Hoop Earrings,Shell; Stone; Zinc,Golden,Shell,7.99,/242/52/188665_BM_1,188665_BM_1.jpg,none,,,,,
188665_HM,188665,Earring BHLOTUS Halftone Multicolor,_HM,Halftone Multicolor,Jewellery,Earrings,Hoop Earrings,Shell; Zinc,Golden,Shell,7.99,/232/52/188665_HM_1,188665_HM_1.jpg,none,,,,,
1889651HM,188965,Earring GLDN DEL Halftone Multicolor,1HM,Halftone Multicolor,Jewellery,Earrings,Stud,Zirconium; Brass,Gold Plated,,7.99,/241/52/1889651HM_1,1889651HM_1.jpg,none,,,,,
1914051HM,191405,Earring GLDN DEL Halftone Multicolor,1HM,Halftone Multicolor,Jewellery,Earrings,Hoop Earrings,Glass; Zinc,Golden,Enamel,5.99,/232/52/1914051HM_1,1914051HM_1.jpg,none,,,,,
1914052HM,191405,Earring GLDN DEL Halftone Multicolor,2HM,Halftone Multicolor,Jewellery,Earrings,Hoop Earrings,Thermoplastic Polyurethane; Zinc,Golden,Enamel,5.99,/242/52/1914052HM_1,1914052HM_1.jpg,none,,,,,
191405_GD,191405,Earring GLDN DEL Gold,_GD,Gold,Jewellery,Earrings,Hoop Earrings,Glass; Zinc,Golden,Enamel,5.99,/232/52/191405_GD_1,191405_GD_1.jpg,none,,,,,
191405_MI,191405,Earring Moonlight azure Midnight Blue,_MI,Midnight Blue,Jewellery,Earrings,Hoop Earrings,Thermoplastic Polyurethane; Zinc,Golden,Enamel,5.99,/232/52/191405_MI_1,191405_MI_1.jpg,none,,,,,
192473_BL,192473,Earring STARRYNIGHT Blue,_BL,Blue,Jewellery,Earrings,Stud,Acrylic; Brass; Glass; Iron,Golden,,7.99,/232/52/192473_BL_1,192473_BL_1.jpg,none,,,,,
193166_BK,193166,Earring EXPEDITION Black,_BK,Black,Jewellery,Earrings,Dangle,Iron; Stone,Brushed Golden,,7.99,/232/52/193166_BK_1,193166_BK_1.jpg,none,,,,,
193642_BK,193642,Ring EXPEDITION Black,_BK,Black,Jewellery,Rings,Band Ring,Glass; Zinc,Golden,,4.99,/232/52/193642_BK_1,193642_BK_1.jpg,none,,,,,
1940410HM,194041,Earring ORPHIC Halftone Multicolor,0HM,Halftone Multicolor,Jewellery,Earrings,Hoop Earrings,Iron; Resin,Golden,,7.99,/232/52/1940410HM_1,1940410HM_1.jpg,none,,,,,
195775_GD,195775,Necklace GLDN DEL Gold,_GD,Gold,Jewellery,Necklaces,Pendant,Brass; Zirconium,,,9.99,/222/52/195775_GD_1,195775_GD_1.jpg,none,,,,,
196476_BK,196476,Ring ECLIPSE Black,_BK,Black,Jewellery,Rings,Fantasy,Resin; Zinc,Golden,Enamel,5.99,/232/52/196476_BK_1,196476_BK_1.jpg,none,,,,,
1965881BK,196588,Earring ECLIPSE Black,1BK,Black,Jewellery,Earrings,Dangle,Glass; Iron; Resin; Rubber; Wood,Golden,,5.99,/232/52/1965881BK_1,1965881BK_1.jpg,none,,,,,
1965881BM,196588,Earring DOMINICA Bright Multicolor,1BM,Bright Multicolor,Jewellery,Earrings,Dangle,Glass; Iron; Resin; Rubber; Wood,Brushed Golden,,5.99,/241/52/1965881BM_1,1965881BM_1.jpg,none,,,,,
1966531BL,196653,Earring TREND Blue,1BL,Blue,Jewellery,Earrings,Stud,Zinc,Golden,,7.99,/232/52/1966531BL_1,1966531BL_1.jpg,none,,,,,
1966531FU,196653,Earring TREND Fuchsia,1FU,Fuchsia,Jewellery,Earrings,Stud,Zinc,Golden,,7.99,/241/52/1966531FU_1,1966531FU_1.jpg,none,,,,,
1966531LL,196653,Earring TREND Lilac,1LL,Lilac,Jewellery,Earrings,Stud,Zinc,Golden,,7.99,/232/52/1966531LL_1,1966531LL_1.jpg,none,,,,,
196653_CL,196653,Earring TREND Coral,_CL,Coral,Jewellery,Earrings,Stud,Zinc,Golden,,7.99,/232/52/196653_CL_1,196653_CL_1.jpg,none,,,,,
196653_GD,196653,Earring TREND Gold,_GD,Gold,Jewellery,Earrings,Stud,Zinc,,,9.99,/242/52/196653_GD_1,196653_GD_1.jpg,none,,,,,
197557_HM,197557,Earring SPARKLING EARRINGS Halftone Multicolor,_HM,Halftone Multicolor,Jewellery,Earrings,Dangle,Brass; Zirconium,Black Nikel,Zirconia,27.99,/231/52/197557_HM_1,197557_HM_1.jpg,none,,,,,
197822_SV,197822,Set of Earrings SILVER D Silver,_SV,Silver,Jewellery,Earrings,Hoop Earrings,Brass,Golden,,5.99,/222/52/197822_SV_1,197822_SV_1.jpg,none,,,,,
198274_BL,198274,Pin FASHION SUPPLEMENTS Blue,_BL,Blue,Jewellery,Pins,Romantic Brooche,Enamel; Zinc,Golden,,5.99,/241/52/198274_BL_2y,198274_BL_2y.jpg,none,,,,,
2000030HM,200003,Earring ORPHIC Halftone Multicolor,0HM,Halftone Multicolor,Jewellery,Earrings,Hoop Earrings,Copper; Enamel,Golden,Enamel,5.99,/232/52/2000030HM_1,2000030HM_1.jpg,none,,,,,
200536_GD,200536,Earring GOLDEN BASICS Gold,_GD,Gold,Jewellery,Earrings,Hoop Earrings,Iron; Shell; Stone; Thermoplastic Polyurethane,Golden,,5.99,/232/52/200536_GD_1,200536_GD_1.jpg,none,,,,,
200877_GD,200877,Earring GOLDEN BASICS Gold,_GD,Gold,Jewellery,Earrings,Dangle,Iron,Golden,,6.99,/222/52/200877_GD_1,200877_GD_1.jpg,none,,,,,
200877_SV,200877,Earring SILVER BASICS Silver,_SV,Silver,Jewellery,Earrings,Dangle,Iron,Silver,,7.99,/231/52/200877_SV_1,200877_SV_1.jpg,none,,,,,
2011800HM,201180,Earring mulstone Halftone Multicolor,0HM,Halftone Multicolor,Jewellery,Earrings,Dangle,Acrylic; Glass; Shell; Stone; Thermoplastic Polyurethane; Zinc,Golden,,7.99,/232/52/2011800HM_1,2011800HM_1.jpg,none,,,,,
201230_FG,201230,Earring mulstone Forest Green,_FG,Forest Green,Jewellery,Earrings,Drop,Brass; Stone,Golden,Stone,5.99,/232/52/201230_FG_1,201230_FG_1.jpg,none,,,,,
201841_BK,201841,Earring ECLIPSE Black,_BK,Black,Jewellery,Earrings,Hoop Earrings,Enamel; Zinc,Golden,,7.99,/232/52/201841_BK_1,201841_BK_1.jpg,none,,,,,
201841_RY,201841,Earring SUNSET JUNCTION Raspberry,_RY,Raspberry,Jewellery,Earrings,Hoop Earrings,Resin; Zinc,Golden,,7.99,/241/52/201841_RY_1,201841_RY_1.jpg,none,,,,,
2018671BK,201867,Earring ECLIPSE Black,1BK,Black,Jewellery,Earrings,Stud,Enamel; Iron; Zinc,Golden,,5.99,/232/52/2018671BK_1,2018671BK_1.jpg,none,,,,,
201867_BL,201867,Earring GUMMY PARTY Blue,_BL,Blue,Jewellery,Earrings,Stud,Thermoplastic Polyurethane; Zinc; Glass; Iron,Golden,,5.99,/232/52/201867_BL_1,201867_BL_1.jpg,none,,,,,
201867_GN,201867,Earring EXPEDITION Green,_GN,Green,Jewellery,Earrings,Stud,Enamel; Iron; Zinc,Golden,,5.99,/232/52/201867_GN_1,201867_GN_1.jpg,none,,,,,
202032_HM,202032,Earring BHLOTUS Halftone Multicolor,_HM,Halftone Multicolor,Jewellery,Earrings,Hoop Earrings,Thermoplastic Polyurethane; Acrylic; Iron; Stone,Golden,,4.99,/232/52/202032_HM_1,202032_HM_1.jpg,none,,,,,
202396_GD,202396,Earring GLDN DEL Gold,_GD,Gold,Jewellery,Earrings,Dangle,Zinc,Golden,,9.99,/232/52/202396_GD_1,202396_GD_1.jpg,none,,,,,
2024560HM,202456,Earring BHLOTUS Halftone Multicolor,0HM,Halftone Multicolor,Jewellery,Earrings,Hoop Earrings,Acrylic; Iron; Zinc,Brushed Golden,,9.99,/232/52/2024560HM_1,2024560HM_1.jpg,none,,,,,
202456_BM,202456,Earring SUNSET JUNCTION Bright Multicolor,_BM,Bright Multicolor,Jewellery,Earrings,Hoop Earrings,Acrylic; Iron; Zinc,Brushed Golden,,8.99,/241/52/202456_BM_1,202456_BM_1.jpg,none,,,,,
202637_GD,202637,Ring Golden Basics Gold,_GD,Gold,Jewellery,Rings,Band Ring,Zinc,Golden,,5.99,/222/52/202637_GD_1,202637_GD_1.jpg,none,,,,,
202689_GD,202689,Earring GOLDEN BASICS Gold,_GD,Gold,Jewellery,Earrings,Dangle,Iron,Brushed Golden,,5.99,/222/52/202689_GD_1,202689_GD_1.jpg,none,,,,,
203236_HM,203236,Set of Earrings KISS54 Halftone Multicolor,_HM,Halftone Multicolor,Jewellery,Earrings,Hoop Earrings,Brass; Zirconium,Golden,,6.99,/232/52/203236_HM_1,203236_HM_1.jpg,none,,,,,
203825_SV,203825,Earring DEGRADE Silver,_SV,Silver,Jewellery,Earrings,Stud,Iron,Brushed Silver,,4.99,/231/52/203825_SV_1,203825_SV_1.jpg,none,,,,,
203836_SV,203836,Necklace SILVER BASICS Silver,_SV,Silver,Jewellery,Necklaces,Pendant,Iron; Zinc,Silver,,12.99,/231/52/203836_SV_1,203836_SV_1.jpg,none,,,,,
204477_GD,204477,Necklace GLDN DEL Gold,_GD,Gold,Jewellery,Necklaces,Chain,Brass; Iron,Golden,,10.99,/222/52/204477_GD_1,204477_GD_1.jpg,none,,,,,
204711_SV,204711,Necklace SILVER BASICS Silver,_SV,Silver,Jewellery,Necklaces,Pendant,Iron; Zinc,Silver,,10.99,/231/52/204711_SV_1,204711_SV_1.jpg,none,,,,,
204781_BL,204781,Jewellery FASHION SUPPLEMENTS Blue,_BL,Blue,Jewellery,Cigarette Box,Regular,Thermoplastic Polyurethane; Zinc,Other,,5.99,/232/52/204781_BL_1,204781_BL_1.jpg,none,,,,,
204790_BG,204790,Jewellery Box FASHION SUPPLEMENTS Beige,_BG,Beige,Jewellery,Other Jewellery,Jewellery Box,Polyester; Polyurethane; Polyurethane,Golden,,15.99,/232/52/204790_BG_1,204790_BG_1.jpg,none,,,,,
204790_LL,204790,Jewellery Box FASHION SUPPLEMENTS Lilac,_LL,Lilac,Jewellery,Other Jewellery,Jewellery Box,Polyester; Polyurethane; Polyurethane,Golden,,15.99,/231/52/204790_LL_1,204790_LL_1.jpg,none,,,,,
204790_PK,204790,Jewellery Box FASHION SUPPLEMENTS Pink,_PK,Pink,Jewellery,Other Jewellery,Jewellery Box,Polyester; Polyurethane; Polyurethane,Golden,,15.99,/232/52/204790_PK_1,204790_PK_1.jpg,none,,,,,
205182_LB,205182,Earring TREND Light Blue,_LB,Light Blue,Jewellery,Earrings,Drop,Copper; Crystal Glass,Silver,,15.99,/232/52/205182_LB_1,205182_LB_1.jpg,none,,,,,
205236_LL,205236,Earring TREND Lilac,_LL,Lilac,Jewellery,Earrings,Dangle,Glass; Rubber; Zinc,,,9.99,/232/52/205236_LL_1,205236_LL_1.jpg,none,,,,,
205299_SV,205299,Earring SILVER D Silver,_SV,Silver,Jewellery,Earrings,Stud,Glass; Zinc,Golden,,5.99,/231/52/205299_SV_1,205299_SV_1.jpg,none,,,,,
205426_HM,205426,Earring GLDN DEL Halftone Multicolor,_HM,Halftone Multicolor,Jewellery,Earrings,Drop,Zinc; Zirconium,Golden,,8.99,/241/52/205426_HM_2y,205426_HM_2y.jpg,none,,,,,
205527_GD,205527,Ring GLDN DEL Gold,_GD,Gold,Jewellery,Rings,Fantasy,Brass; Zirconium,Golden,,6.99,/231/52/205527_GD_1,205527_GD_1.jpg,none,,,,,
205788_HM,205788,Ring VENDREDI Halftone Multicolor,_HM,Halftone Multicolor,Jewellery,Rings,Band Ring,Enamel; Zinc,Golden,,4.99,/241/52/205788_HM_1,205788_HM_1.jpg,none,,,,,
205848_GD,205848,Bracelet GLDN DEL Gold,_GD,Gold,Jewellery,Bracelets,Non-Adjustable Bracelet,Brass,Golden,,5.99,/231/52/205848_GD_1,205848_GD_1.jpg,none,,,,,
205848_SV,205848,Bracelet SILVER D Silver,_SV,Silver,Jewellery,Bracelets,Non-Adjustable Bracelet,Brass,Golden,,5.99,/231/52/205848_SV_1,205848_SV_1.jpg,none,,,,,
206005_GD,206005,Ring GOLDEN BASICS Gold,_GD,Gold,Jewellery,Rings,Band Ring,Zinc,Brushed Golden,,5.99,/222/52/206005_GD_1,206005_GD_1.jpg,none,,,,,
206255_BM,206255,Earring SUNSET JUNCTION Bright Multicolor,_BM,Bright Multicolor,Jewellery,Earrings,Stud,Acrylic; Iron; Stone; Zinc,,,9.99,/241/52/206255_BM_1,206255_BM_1.jpg,none,,,,,
206411_PM,206411,Earring SPARKLING EARRINGS Pastel Multicolor,_PM,Pastel Multicolor,Jewellery,Earrings,Drop,Brass; Stone; Zirconium,Black Nikel,,39.99,/231/52/206411_PM_1,206411_PM_1.jpg,none,,,,,
206894_GD,206894,Earring GLDN DEL Gold,_GD,Gold,Jewellery,Earrings,Hoop Earrings,Acrylic; Zinc,Golden,,5.99,/231/52/206894_GD_1,206894_GD_1.jpg,none,,,,,
206894_SV,206894,Earring SILVER D Silver,_SV,Silver,Jewellery,Earrings,Hoop Earrings,Acrylic; Zinc,Golden,,5.99,/231/52/206894_SV_1,206894_SV_1.jpg,none,,,,,
206906_SV,206906,Earring SILVER D Silver,_SV,Silver,Jewellery,Earrings,Hoop Earrings,Brass; Zirconium,Rodhium,,5.99,/231/52/206906_SV_1,206906_SV_1.jpg,none,,,,,
206911_GD,206911,Bracelet GLDN DEL Gold,_GD,Gold,Jewellery,Bracelets,Non-Adjustable Bracelet,Acrylic; Pearl; Thermoplastic Polyurethane,Golden,,5.99,/231/52/206911_GD_1,206911_GD_1.jpg,none,,,,,
206911_SV,206911,Bracelet SILVER D Silver,_SV,Silver,Jewellery,Bracelets,Non-Adjustable Bracelet,Pearl; Acrylic; Thermoplastic Polyurethane,Golden,,5.99,/231/52/206911_SV_1,206911_SV_1.jpg,none,,,,,
206916_GD,206916,Earring GLDN DEL Gold,_GD,Gold,Jewellery,Earrings,Hoop Earrings,Acrylic; Brass,Golden,,7.99,/231/52/206916_GD_1,206916_GD_1.jpg,none,,,,,
206916_SV,206916,Earring SILVER D Silver,_SV,Silver,Jewellery,Earrings,Hoop Earrings,Acrylic; Brass,Rodhium,,7.99,/231/52/206916_SV_1,206916_SV_1.jpg,none,,,,,
207014_FU,207014,Jewellery FASHION SUPPLEMENTS Fuchsia,_FU,Fuchsia,Jewellery,Cigarette Box,Regular,Thermoplastic Polyurethane; Zinc,Other,,5.99,/232/52/207014_FU_1,207014_FU_1.jpg,none,,,,,
207181_GD,207181,Earring GOLDEN BASICS Gold,_GD,Gold,Jewellery,Earrings,Dangle,Zinc,Golden,,5.99,/231/52/207181_GD_1,207181_GD_1.jpg,none,,,,,
2078070BM,207807,Earring GUARANI VIBES Bright Multicolor,0BM,Bright Multicolor,Jewellery,Earrings,Dangle,Acrylic; Iron; Zamac,Brushed Golden,,5.99,/232/52/2078070BM_1,2078070BM_1.jpg,none,,,,,
207859_LB,207859,Earring GUARANI VIBES Light Blue,_LB,Light Blue,Jewellery,Earrings,Stud,Resin; Zinc,Golden,,4.99,/232/52/207859_LB_1,207859_LB_1.jpg,none,,,,,
2082541BM,208254,Earring SUNSET JUNCTION Bright Multicolor,1BM,Bright Multicolor,Jewellery,Earrings,Hoop Earrings,Zinc; Acrylic; Glass,Golden,,5.99,/241/52/2082541BM_1,2082541BM_1.jpg,none,,,,,
2084240BM,208424,Necklace TROPICAL GEMS Bright Multicolor,0BM,Bright Multicolor,Jewellery,Necklaces,Beaded Necklace,Glass; Iron; Zinc,Golden,,8.99,/241/52/2084240BM_1,2084240BM_1.jpg,none,,,,,
209000_GD,209000,Bracelet GOLDEN BASICS Gold,_GD,Gold,Jewellery,Bracelets,Anklet,Iron; Shell; Zinc,Golden,,7.99,/232/52/209000_GD_1,209000_GD_1.jpg,none,,,,,
2090031GD,209003,Earring Golden Basics Gold,1GD,Gold,Jewellery,Earrings,Drop,Iron; Shell; Zinc,Brushed Golden,,7.99,/232/52/2090031GD_1,2090031GD_1.jpg,none,,,,,
209003_TG,209003,Earring WATERMELON PARTY Pastel Green,_TG,Pastel Green,Jewellery,Earrings,Drop,Copper; Iron; Shell,Brushed Golden,,7.99,/242/52/209003_TG_1,209003_TG_1.jpg,none,,,,,
209005_GD,209005,Necklace GOLDEN BASICS Gold,_GD,Gold,Jewellery,Necklaces,Pendant,Acrylic; Copper; Zinc,Golden,,10.99,/232/52/209005_GD_1,209005_GD_1.jpg,none,,,,,
209009_GD,209009,Earring GOLDEN BASICS Gold,_GD,Gold,Jewellery,Earrings,Dangle,Iron; Shell,Golden,,5.99,/232/52/209009_GD_1,209009_GD_1.jpg,none,,,,,
209009_HM,209009,Earring Gipsy Garden Halftone Multicolor,_HM,Halftone Multicolor,Jewellery,Earrings,Dangle,Iron; Resin,Worn Gold,,5.99,/241/52/209009_HM_1,209009_HM_1.jpg,none,,,,,
209010_GD,209010,Earring GOLDEN BASICS Gold,_GD,Gold,Jewellery,Earrings,Drop,Shell; Zinc,Golden,,5.99,/232/52/209010_GD_1,209010_GD_1.jpg,none,,,,,
209010_MI,209010,Earring Moonlight azure Midnight Blue,_MI,Midnight Blue,Jewellery,Earrings,Drop,Thermoplastic Polyurethane; Zinc,Golden,,5.99,/232/52/209010_MI_1,209010_MI_1.jpg,none,,,,,
209010_PU,209010,Earring ULTRAVIO Purple,_PU,Purple,Jewellery,Earrings,Drop,Shell; Zinc,Golden,,5.99,/232/52/209010_PU_1,209010_PU_1.jpg,none,,,,,
209012_GD,209012,Ring GOLDEN BASICS Gold,_GD,Gold,Jewellery,Rings,Band Ring,Zinc,Golden,,4.99,/232/52/209012_GD_1,209012_GD_1.jpg,none,,,,,
209016_GD,209016,Set of Rings GOLDEN BASICS Gold,_GD,Gold,Jewellery,Rings,Band Ring,Zinc,Golden,,6.99,/232/52/209016_GD_1,209016_GD_1.jpg,none,,,,,
209162_GD,209162,Necklace GOLDEN BASICS Gold,_GD,Gold,Jewellery,Necklaces,Pendant,Iron; Shell; Zinc,Golden,,9.99,/232/52/209162_GD_1,209162_GD_1.jpg,none,,,,,
209171_GD,209171,Bracelet GOLDEN BASICS Gold,_GD,Gold,Jewellery,Bracelets,Adjustable Bracelet,Brass; Iron; Shell,Golden,,7.99,/232/52/209171_GD_1,209171_GD_1.jpg,none,,,,,
209176_GD,209176,Earring GOLDEN BASICS Gold,_GD,Gold,Jewellery,Earrings,Hoop Earrings,Iron; Shell; Zinc,Golden,,7.99,/232/52/209176_GD_1,209176_GD_1.jpg,none,,,,,
209180_GD,209180,Necklace GOLDEN BASICS Gold,_GD,Gold,Jewellery,Necklaces,Beaded Necklace,Shell; Thermoplastic Polyurethane,Golden,,10.99,/232/52/209180_GD_1,209180_GD_1.jpg,none,,,,,
209184_GD,209184,Earring GOLDEN BASICS Gold,_GD,Gold,Jewellery,Earrings,Dangle,Iron; Shell,Brushed Golden,,5.99,/232/52/209184_GD_1,209184_GD_1.jpg,none,,,,,
209248_GD,209248,Earring GLDN DEL Gold,_GD,Gold,Jewellery,Earrings,Stud,Brass; Zirconium,Golden,,4.99,/231/52/209248_GD_1,209248_GD_1.jpg,none,,,,,
209248_SV,209248,Earring SILVER D Silver,_SV,Silver,Jewellery,Earrings,Stud,Brass; Zirconium,Golden,,4.99,/232/52/209248_SV_1,209248_SV_1.jpg,none,,,,,
209262_GD,209262,Ring GOLDEN BASICS Gold,_GD,Gold,Jewellery,Rings,Band Ring,Copper,Golden,,6.99,/232/52/209262_GD_1,209262_GD_1.jpg,none,,,,,
209268_GD,209268,Ring Golden Basics Gold,_GD,Gold,Jewellery,Rings,Band Ring,Zinc,Golden,,5.99,/232/52/209268_GD_1,209268_GD_1.jpg,none,,,,,
209281_GD,209281,Earring GOLDEN BASICS Gold,_GD,Gold,Jewellery,Earrings,Dangle,Brass; Shell; Stainless Steel,Golden,,5.99,/232/52/209281_GD_1,209281_GD_1.jpg,none,,,,,
209284_GD,209284,Earring GOLDEN BASICS Gold,_GD,Gold,Jewellery,Earrings,Dangle,Iron; Pearl; Shell; Thermoplastic Polyurethane; Zinc,Golden,,7.99,/232/52/209284_GD_1,209284_GD_1.jpg,none,,,,,
209284_HM,209284,Earring mulstone Halftone Multicolor,_HM,Halftone Multicolor,Jewellery,Earrings,Dangle,Acrylic; Iron; Stone,Golden,,7.99,/232/52/209284_HM_1,209284_HM_1.jpg,none,,,,,
209286_GD,209286,Set of Bracelets GOLDEN BASICS Gold,_GD,Gold,Jewellery,Bracelets,Non-Adjustable Bracelet,Cotton; Iron; Shell; Zinc,Golden,,7.99,/232/52/209286_GD_1,209286_GD_1.jpg,none,,,,,
209303_GD,209303,Bracelet GLDN DEL Gold,_GD,Gold,Jewellery,Bracelets,Adjustable Bracelet,Copper; Zirconium,Golden,,6.99,/232/52/209303_GD_1,209303_GD_1.jpg,none,,,,,
209303_SV,209303,Bracelet SILVER D Silver,_SV,Silver,Jewellery,Bracelets,Adjustable Bracelet,Copper; Zirconium,Golden,,6.99,/232/52/209303_SV_1,209303_SV_1.jpg,none,,,,,
209307_GD,209307,Earring GLDN DEL Gold,_GD,Gold,Jewellery,Earrings,Dangle,Glass; Zinc,Golden,,5.99,/231/52/209307_GD_1,209307_GD_1.jpg,none,,,,,
209307_SV,209307,Earring SILVER D Silver,_SV,Silver,Jewellery,Earrings,Dangle,Glass; Zinc,Golden,,5.99,/232/52/209307_SV_1,209307_SV_1.jpg,none,,,,,
209313_GD,209313,Set of Earrings GLDN DEL Gold,_GD,Gold,Jewellery,Earrings,Hoop Earrings,Pearl; Brass,Golden,,5.99,/232/52/209313_GD_1,209313_GD_1.jpg,none,,,,,
209313_SV,209313,Set of Earrings SILVER D Silver,_SV,Silver,Jewellery,Earrings,Hoop Earrings,Brass; Pearl,Golden,,5.99,/232/52/209313_SV_1,209313_SV_1.jpg,none,,,,,
209319_GD,209319,Earring GLDN DEL Gold,_GD,Gold,Jewellery,Earrings,Hoop Earrings,Iron; Thermoplastic Polyurethane,Golden,,4.99,/232/52/209319_GD_1,209319_GD_1.jpg,none,,,,,
209319_SV,209319,Earring SILVER D Silver,_SV,Silver,Jewellery,Earrings,Hoop Earrings,Iron; Thermoplastic Polyurethane,Golden,,4.99,/232/52/209319_SV_1,209319_SV_1.jpg,none,,,,,
209323_GD,209323,Earring GLDN DEL Gold,_GD,Gold,Jewellery,Earrings,Hoop Earrings,Glass; Iron,Golden,,7.99,/232/52/209323_GD_1,209323_GD_1.jpg,none,,,,,
209323_SV,209323,Earring SILVER D Silver,_SV,Silver,Jewellery,Earrings,Hoop Earrings,Glass; Iron,Golden,,7.99,/232/52/209323_SV_1,209323_SV_1.jpg,none,,,,,
209327_GD,209327,Bracelet GLDN DEL Gold,_GD,Gold,Jewellery,Bracelets,Adjustable Bracelet,Iron; Brass,Golden,,6.99,/232/52/209327_GD_1,209327_GD_1.jpg,none,,,,,
209327_SV,209327,Bracelet SILVER D Silver,_SV,Silver,Jewellery,Bracelets,Adjustable Bracelet,Brass; Iron,Golden,,6.99,/232/52/209327_SV_1,209327_SV_1.jpg,none,,,,,
209331_GD,209331,Bracelet GLDN DEL Gold,_GD,Gold,Jewellery,Bracelets,Adjustable Bracelet,Brass; Zirconium,Golden,,8.99,/232/52/209331_GD_1,209331_GD_1.jpg,none,,,,,
209331_SV,209331,Bracelet SILVER D Silver,_SV,Silver,Jewellery,Bracelets,Adjustable Bracelet,Brass; Zirconium,Golden,,8.99,/232/52/209331_SV_1,209331_SV_1.jpg,none,,,,,
209335_GD,209335,Ring GLDN DEL Gold,_GD,Gold,Jewellery,Rings,Band Ring,Brass,Gold Plated,,5.99,/232/52/209335_GD_1,209335_GD_1.jpg,none,,,,,
209335_SV,209335,Ring SILVER D Silver,_SV,Silver,Jewellery,Rings,Band Ring,Brass,Gold Plated,,5.99,/232/52/209335_SV_1,209335_SV_1.jpg,none,,,,,
209339_PE,209339,Earring GLDN DEL Pearl,_PE,Pearl,Jewellery,Earrings,Stud,Iron; Pearl,Golden,,9.99,/232/52/209339_PE_1,209339_PE_1.jpg,none,,,,,
209343_PE,209343,Earring GLDN DEL Pearl,_PE,Pearl,Jewellery,Earrings,Hoop Earrings,Acrylic; Zinc,Golden,,5.99,/232/52/209343_PE_1,209343_PE_1.jpg,none,,,,,
209348_PE,209348,Earring GLDN DEL Pearl,_PE,Pearl,Jewellery,Earrings,Dangle,Brass; Thermoplastic Polyurethane; Zinc,Golden,,8.99,/232/52/209348_PE_1,209348_PE_1.jpg,none,,,,,
209485_GD,209485,Earring GLDN DEL Gold,_GD,Gold,Jewellery,Earrings,Dangle,Brass; Zirconium,Golden,,8.99,/232/52/209485_GD_1,209485_GD_1.jpg,none,,,,,
209604_GD,209604,Earring GOLDEN BASICS Gold,_GD,Gold,Jewellery,Earrings,Stud,Iron,Golden,,5.99,/231/52/209604_GD_1,209604_GD_1.jpg,none,,,,,
209604_SV,209604,Earring SILVER BASICS Silver,_SV,Silver,Jewellery,Earrings,Stud,Iron,Worn Rhodium,,5.99,/241/52/209604_SV_1,209604_SV_1.jpg,none,,,,,
209650_PE,209650,Pin FASHION SUPPLEMENTS Pearl,_PE,Pearl,Jewellery,Pins,Flower,Acrylic; Brass; Zinc,Golden,,5.99,/232/52/209650_PE_1,209650_PE_1.jpg,none,,,,,
209664_HM,209664,Pin FASHION SUPPLEMENTS Halftone Multicolor,_HM,Halftone Multicolor,Jewellery,Pins,Other Pins,Glass; Zinc,,,9.99,/232/52/209664_HM_1,209664_HM_1.jpg,none,,,,,
209673_BM,209673,Mobile Holder FASHION SUPPLEMENTS Bright Multicolor,_BM,Bright Multicolor,Jewellery,Mobile Accessories,Mobile Holder,Iron; Polyester,Other,,8.99,/232/52/209673_BM_1,209673_BM_1.jpg,none,,,,,
209679_BM,209679,Key Chain FASHION SUPPLEMENTS Bright Multicolor,_BM,Bright Multicolor,Jewellery,Key chains,Charms,Zinc; Iron; Resin,Golden,,9.99,/232/52/209679_BM_1,209679_BM_1.jpg,none,,,,,
209687_BM,209687,Jewellery FASHION SUPPLEMENTS Bright Multicolor,_BM,Bright Multicolor,Jewellery,Cigarette Box,Regular,Thermoplastic Polyurethane; Zinc,Other,,6.99,/232/52/209687_BM_1,209687_BM_1.jpg,none,,,,,
209705_HM,209705,Key Chain FASHION SUPPLEMENTS Halftone Multicolor,_HM,Halftone Multicolor,Jewellery,Key chains,Figures,Cotton; Iron; Zinc; Zinc,Other,,9.99,/232/52/209705_HM_1,209705_HM_1.jpg,none,,,,,
209715_IV,209715,Pin FASHION SUPPLEMENTS Ivory,_IV,Ivory,Jewellery,Pins,Lady Brooche,Acrylic; Iron; Zinc,Golden,,5.99,/232/52/209715_IV_1,209715_IV_1.jpg,none,,,,,
209721_NV,209721,Fan FASHION SUPPLEMENTS Navy,_NV,Navy,Jewellery,Other Jewellery,Fan,Bamboo; Cotton; Iron,Other,,12.99,/231/52/209721_NV_1,209721_NV_1.jpg,none,,,,,
209768_GD,209768,Earring SPARKLING EARRINGS Gold,_GD,Gold,Jewellery,Earrings,Dangle,Brass; Zirconium,Golden,,32.99,/232/52/209768_GD_1,209768_GD_1.jpg,none,,,,,
209773_BM,209773,Earring SPARKLING EARRINGS Bright Multicolor,_BM,Bright Multicolor,Jewellery,Earrings,Dangle,Brass; Zirconium,Black Nikel,,22.99,/232/52/209773_BM_1,209773_BM_1.jpg,none,,,,,
209927_GD,209927,Earring GLDN DEL Gold,_GD,Gold,Jewellery,Earrings,Dangle,Zinc; Zirconium,Golden,,7.99,/231/52/209927_GD_1,209927_GD_1.jpg,none,,,,,
209927_HM,209927,Earring GLDN DEL Halftone Multicolor,_HM,Halftone Multicolor,Jewellery,Earrings,Dangle,Zinc; Zirconium,Golden,,7.99,/241/52/209927_HM_1,209927_HM_1.jpg,none,,,,,
209927_SV,209927,Earring SILVER D Silver,_SV,Silver,Jewellery,Earrings,Dangle,Zinc; Zirconium,Golden,,7.99,/232/52/209927_SV_1,209927_SV_1.jpg,none,,,,,
209931_GD,209931,Earring GLDN DEL Gold,_GD,Gold,Jewellery,Earrings,Hoop Earrings,Zinc; Zirconium,Golden,,7.99,/232/52/209931_GD_1,209931_GD_1.jpg,none,,,,,
209931_SV,209931,Earring SILVER D Silver,_SV,Silver,Jewellery,Earrings,Hoop Earrings,Zinc; Zirconium,Golden,,7.99,/232/52/209931_SV_1,209931_SV_1.jpg,none,,,,,
210233_GD,210233,Earring GOLDEN BASICS Gold,_GD,Gold,Jewellery,Earrings,Dangle,Iron; Shell; Zinc,Brushed Golden,,5.99,/232/52/210233_GD_1,210233_GD_1.jpg,none,,,,,
210255_GD,210255,Bracelet GOLDEN BASICS Gold,_GD,Gold,Jewellery,Bracelets,Elastic Bracelet,Shell; Zinc,Golden,,9.99,/232/52/210255_GD_1,210255_GD_1.jpg,none,,,,,
210300_PH,210300,Earring DEGRADE Peach,_PH,Peach,Jewellery,Earrings,Stud,Enamel; Glass; Iron,Golden,,5.99,/232/52/210300_PH_1,210300_PH_1.jpg,none,,,,,
210315_WT,210315,Earring DEGRADE White,_WT,White,Jewellery,Earrings,Hoop Earrings,Enamel; Iron,Golden,,5.99,/232/52/210315_WT_1,210315_WT_1.jpg,none,,,,,
210324_BM,210324,Bracelet DEGRADE Bright Multicolor,_BM,Bright Multicolor,Jewellery,Bracelets,Anklet,Acrylic; Iron; Stone,Golden,,7.99,/232/52/210324_BM_1,210324_BM_1.jpg,none,,,,,
210330_WT,210330,Earring DEGRADE White,_WT,White,Jewellery,Earrings,Dangle,Acrylic; Glass; Iron; Resin,Silver,,9.99,/232/52/210330_WT_1,210330_WT_1.jpg,none,,,,,
210339_BM,210339,Bracelet DEGRADE Bright Multicolor,_BM,Bright Multicolor,Jewellery,Bracelets,Anklet,Glass; Iron,Golden,,7.99,/232/52/210339_BM_1,210339_BM_1.jpg,none,,,,,
210346_LB,210346,Earring DEGRADE Light Blue,_LB,Light Blue,Jewellery,Earrings,Stud,Iron; Thermoplastic Polyurethane,Golden,,9.99,/232/52/210346_LB_1,210346_LB_1.jpg,none,,,,,
210350_NV,210350,Earring DEGRADE Navy,_NV,Navy,Jewellery,Earrings,Dangle,Iron; Zinc,Golden,,9.99,/232/52/210350_NV_1,210350_NV_1.jpg,none,,,,,
210350_WT,210350,Earring DEGRADE White,_WT,White,Jewellery,Earrings,Dangle,Iron; Zinc,Golden,,9.99,/232/52/210350_WT_1,210350_WT_1.jpg,none,,,,,
210441_BL,210441,Phone case FASHION SUPPLEMENTS Blue,_BL,Blue,Jewellery,Mobile Accessories,Mobile Cases,Iron; Polyester; Thermoplastic Polyurethane,Other,,9.99,/232/52/210441_BL_1,210441_BL_1.jpg,none,,,,,
210441_FU,210441,Phone case FASHION SUPPLEMENTS Fuchsia,_FU,Fuchsia,Jewellery,Mobile Accessories,Mobile Cases,Iron; Polyester; Thermoplastic Polyurethane,Other,,9.99,/232/52/210441_FU_1,210441_FU_1.jpg,none,,,,,
210441_LL,210441,Phone case FASHION SUPPLEMENTS Lilac,_LL,Lilac,Jewellery,Mobile Accessories,Mobile Cases,Iron; Polyester; Thermoplastic Polyurethane,Other,,9.99,/232/52/210441_LL_1,210441_LL_1.jpg,none,,,,,
210441_OR,210441,Phone case FASHION SUPPLEMENTS Orange,_OR,Orange,Jewellery,Mobile Accessories,Mobile Cases,Iron; Polyester; Thermoplastic Polyurethane,Other,,9.99,/232/52/210441_OR_1,210441_OR_1.jpg,none,,,,,
210441_TB,210441,Phone case FASHION SUPPLEMENTS Pastel Blue,_TB,Pastel Blue,Jewellery,Mobile Accessories,Mobile Cases,Iron; Polyester; Thermoplastic Polyurethane,Other,,9.99,/232/52/210441_TB_1,210441_TB_1.jpg,none,,,,,
2104721BK,210472,Necklace PERMANENT - SUSPENDED FR Black,1BK,Black,Jewellery,Necklaces,Pendant,Brass; Nylon; Polyester; Thermoplastic Polyurethane,,,10.99,/231/52/2104721BK_1,2104721BK_1.jpg,none,,,,,
210633_GD,210633,Bracelet FRANJAS Gold,_GD,Gold,Jewellery,Bracelets,Non-Adjustable Bracelet,Brass; Zinc; Magnet,Golden,,22.99,/232/52/210633_GD_1,210633_GD_1.jpg,none,,,,,
210640_GD,210640,Necklace FRANJAS Gold,_GD,Gold,Jewellery,Necklaces,Pendant,Brass; Zinc,Worn Gold,,12.99,/232/52/210640_GD_1,210640_GD_1.jpg,none,,,,,
210645_BG,210645,Necklace FRANJAS Beige,_BG,Beige,Jewellery,Necklaces,Beaded Necklace,Copper; Glass; Pearl; Shell; Zinc,Golden,,25.99,/232/52/210645_BG_1,210645_BG_1.jpg,none,,,,,
210730_BL,210730,Earring COTTAGE BLUE Blue,_BL,Blue,Jewellery,Earrings,Hoop Earrings,Acrylic; Iron; Thermoplastic Polyurethane,Golden,,5.99,/232/52/210730_BL_1,210730_BL_1.jpg,none,,,,,
210740_HM,210740,Earring GLDN DEL Halftone Multicolor,_HM,Halftone Multicolor,Jewellery,Earrings,Hoop Earrings,Brass; Zirconium,Golden,,5.99,/232/52/210740_HM_1,210740_HM_1.jpg,none,,,,,
210744_HM,210744,Bracelet GLDN DEL Halftone Multicolor,_HM,Halftone Multicolor,Jewellery,Bracelets,Adjustable Bracelet,Brass; Zirconium,Golden,,6.99,/232/52/210744_HM_1,210744_HM_1.jpg,none,,,,,
210748_HM,210748,Necklace GLDN DEL Halftone Multicolor,_HM,Halftone Multicolor,Jewellery,Necklaces,Beaded Necklace,Brass; Zirconium,Golden,,12.99,/232/52/210748_HM_1,210748_HM_1.jpg,none,,,,,
210932_GD,210932,Necklace LEAFS STORY Gold,_GD,Gold,Jewellery,Necklaces,Beaded Necklace,Iron; Zinc,Golden,,17.99,/232/52/210932_GD_1,210932_GD_1.jpg,none,,,,,
210944_GD,210944,Necklace LEAFS STORY Gold,_GD,Gold,Jewellery,Necklaces,Bib Necklace,Brass; Iron,Golden,,29.99,/232/52/210944_GD_1,210944_GD_1.jpg,none,,,,,
210962_GD,210962,Necklace FRESH WATER PEARL COLLEC Gold,_GD,Gold,Jewellery,Necklaces,Beaded Necklace,Pearl; Zinc,Golden,,25.99,/232/52/210962_GD_1,210962_GD_1.jpg,none,,,,,
210976_BM,210976,Earring LAB JUNHO Bright Multicolor,_BM,Bright Multicolor,Jewellery,Earrings,Dangle,Iron; Resin,Golden,,15.99,/232/52/210976_BM_1,210976_BM_1.jpg,none,,,,,
211035_HM,211035,Earring COTTAGE BLUE Halftone Multicolor,_HM,Halftone Multicolor,Jewellery,Earrings,Dangle,Brass; Thermoplastic Polyurethane; Zinc,Burnish Golden,,8.99,/232/52/211035_HM_1,211035_HM_1.jpg,none,,,,,
211041_HM,211041,Earring COTTAGE BLUE Halftone Multicolor,_HM,Halftone Multicolor,Jewellery,Earrings,Hoop Earrings,Acrylic; Iron; Stone,Golden,,7.99,/232/52/211041_HM_1,211041_HM_1.jpg,none,,,,,
211053_HM,211053,Ring COTTAGE BLUE Halftone Multicolor,_HM,Halftone Multicolor,Jewellery,Rings,Fantasy,Acrylic; Zinc,Golden,,6.99,/232/52/211053_HM_1,211053_HM_1.jpg,none,,,,,
211059_BM,211059,Earring COLOMBIA EARRINGS Bright Multicolor,_BM,Bright Multicolor,Jewellery,Earrings,Dangle,Glass; Iron; Polyester; Stainless Steel,Golden,,25.99,/232/52/211059_BM_1,211059_BM_1.jpg,none,,,,,
211065_BM,211065,Earring COLOMBIA EARRINGS Bright Multicolor,_BM,Bright Multicolor,Jewellery,Earrings,Dangle,Brass; Stone,Golden,,22.99,/232/52/211065_BM_1,211065_BM_1.jpg,none,,,,,
211069_NV,211069,Earring COTTAGE BLUE Navy,_NV,Navy,Jewellery,Earrings,Dangle,Iron; Resin,Brushed Golden,,5.99,/232/52/211069_NV_2y,211069_NV_2y.jpg,none,,,,,
211075_BL,211075,Bracelet COTTAGE BLUE Blue,_BL,Blue,Jewellery,Bracelets,Elastic Bracelet,Stone; Zinc,Brushed Golden,,9.99,/232/52/211075_BL_1,211075_BL_1.jpg,none,,,,,
211080_HM,211080,Set of Earrings KISS54 Halftone Multicolor,_HM,Halftone Multicolor,Jewellery,Earrings,Hoop Earrings,Brass; Zirconium,Golden,,7.99,/232/52/211080_HM_1,211080_HM_1.jpg,none,,,,,
211088_HM,211088,Set of Earrings KISS54 Halftone Multicolor,_HM,Halftone Multicolor,Jewellery,Earrings,Hoop Earrings,Brass; Enamel; Zirconium,Golden,,5.99,/232/52/211088_HM_1,211088_HM_1.jpg,none,,,,,
211094_SV,211094,Earring KISS54 Silver,_SV,Silver,Jewellery,Earrings,Ear Cuff,Brass; Zirconium,Silver,,5.99,/232/52/211094_SV_1,211094_SV_1.jpg,none,,,,,
211107_BL,211107,Earring COTTAGE BLUE Blue,_BL,Blue,Jewellery,Earrings,Dangle,Iron; Stone; Zinc,Brushed Golden,,7.99,/232/52/211107_BL_1,211107_BL_1.jpg,none,,,,,
211107_HM,211107,Earring MONETT Halftone Multicolor,_HM,Halftone Multicolor,Jewellery,Earrings,Dangle,Iron; Stone; Zinc,Brushed Golden,,7.99,/242/52/211107_HM_1,211107_HM_1.jpg,none,,,,,
211107_RD,211107,Earring EXPEDITION Red,_RD,Red,Jewellery,Earrings,Dangle,Iron; Stone; Zinc,Brushed Golden,,7.99,/232/52/211107_RD_1,211107_RD_1.jpg,none,,,,,
211110_HM,211110,Necklace COTTAGE BLUE Halftone Multicolor,_HM,Halftone Multicolor,Jewellery,Necklaces,Pendant,Acrylic; Brass; Stone; Thermoplastic Polyurethane; Zinc,Brushed Golden,,10.99,/232/52/211110_HM_1,211110_HM_1.jpg,none,,,,,
211117_HM,211117,Bracelet COTTAGE BLUE Halftone Multicolor,_HM,Halftone Multicolor,Jewellery,Bracelets,Adjustable Bracelet,Zinc,Brushed Golden,,7.99,/232/52/211117_HM_1,211117_HM_1.jpg,none,,,,,
211123_HM,211123,Set of Earrings COTTAGE BLUE Halftone Multicolor,_HM,Halftone Multicolor,Jewellery,Earrings,Other Earrings,Iron; Stone; Thermoplastic Polyurethane; Zinc,Brushed Golden,,8.99,/232/52/211123_HM_1,211123_HM_1.jpg,none,,,,,
211139_HM,211139,Set of Bracelets COTTAGE BLUE Halftone Multicolor,_HM,Halftone Multicolor,Jewellery,Bracelets,Elastic Bracelet,Acrylic; Glass; Thermoplastic Polyurethane; Zinc,Brushed Golden,,7.99,/232/52/211139_HM_1,211139_HM_1.jpg,none,,,,,
211158_HM,211158,Earring KISS54 Halftone Multicolor,_HM,Halftone Multicolor,Jewellery,Earrings,Ear Cuff,Copper; Zirconium,Golden,,6.99,/232/52/211158_HM_1,211158_HM_1.jpg,none,,,,,
211162_GD,211162,Set of Earrings KISS54 Gold,_GD,Gold,Jewellery,Earrings,Dangle,Zinc; Zirconium,Golden,,5.99,/232/52/211162_GD_1,211162_GD_1.jpg,none,,,,,
211172_HM,211172,Set of Necklaces KISS54 Halftone Multicolor,_HM,Halftone Multicolor,Jewellery,Necklaces,Pendant,Brass; Enamel; Iron; Stone; Zinc,Golden,,15.99,/232/52/211172_HM_1,211172_HM_1.jpg,none,,,,,
211177_HM,211177,Set of Earrings KISS54 Halftone Multicolor,_HM,Halftone Multicolor,Jewellery,Earrings,Hoop Earrings,Brass; Enamel; Zinc; Zirconium,Golden,,7.99,/232/52/211177_HM_1,211177_HM_1.jpg,none,,,,,
211182_HM,211182,Set of Earrings KISS54 Halftone Multicolor,_HM,Halftone Multicolor,Jewellery,Earrings,Hoop Earrings,Brass; Enamel; Zinc; Zirconium,Rodhium,,5.99,/232/52/211182_HM_1,211182_HM_1.jpg,none,,,,,
211188_HM,211188,Set of Earrings KISS54 Halftone Multicolor,_HM,Halftone Multicolor,Jewellery,Earrings,Hoop Earrings,Brass; Stone; Zirconium,Golden,,8.99,/232/52/211188_HM_1,211188_HM_1.jpg,none,,,,,
211193_HM,211193,Bracelet KISS54 Halftone Multicolor,_HM,Halftone Multicolor,Jewellery,Bracelets,Anklet,Glass; Stone; Thermoplastic Polyurethane; Zinc,Golden,,7.99,/232/52/211193_HM_1,211193_HM_1.jpg,none,,,,,
211198_HM,211198,Bracelet KISS54 Halftone Multicolor,_HM,Halftone Multicolor,Jewellery,Bracelets,Anklet,Stone; Zamac; Acrylic; Copper; Glass; Iron,Golden,,7.99,/232/52/211198_HM_1,211198_HM_1.jpg,none,,,,,
211204_HM,211204,Bracelet KISS54 Halftone Multicolor,_HM,Halftone Multicolor,Jewellery,Bracelets,Anklet,Acrylic; Brass; Glass; Zinc,Golden,,7.99,/232/52/211204_HM_1,211204_HM_1.jpg,none,,,,,
211224_HM,211224,Set of Earrings KISS54 Halftone Multicolor,_HM,Halftone Multicolor,Jewellery,Earrings,Hoop Earrings,Brass; Stone; Zinc; Zirconium,Golden,,8.99,/232/52/211224_HM_1,211224_HM_1.jpg,none,,,,,
211246_HM,211246,Set of Necklaces KISS54 Halftone Multicolor,_HM,Halftone Multicolor,Jewellery,Necklaces,Chain,Brass; Glass; Iron; Zinc,Golden,,12.99,/232/52/211246_HM_1,211246_HM_1.jpg,none,,,,,
211252_HM,211252,Set of Necklaces KISS54 Halftone Multicolor,_HM,Halftone Multicolor,Jewellery,Necklaces,Chain,Enamel; Iron; Stone; Zirconium,Golden,,15.99,/232/52/211252_HM_1,211252_HM_1.jpg,none,,,,,
211257_GD,211257,Set of Earrings KISS54 Gold,_GD,Gold,Jewellery,Earrings,Hoop Earrings,Brass; Zinc; Zirconium,Golden,,5.99,/232/52/211257_GD_1,211257_GD_1.jpg,none,,,,,
211262_HM,211262,Set of Earrings KISS54 Halftone Multicolor,_HM,Halftone Multicolor,Jewellery,Earrings,Hoop Earrings,Brass; Zinc; Zirconium,Golden,,6.99,/232/52/211262_HM_1,211262_HM_1.jpg,none,,,,,
211269_GD,211269,Earring KISS54 Gold,_GD,Gold,Jewellery,Earrings,Ear Cuff,Brass,Golden,,4.99,/232/52/211269_GD_1,211269_GD_1.jpg,none,,,,,
211274_HM,211274,Set of Earrings KISS54 Halftone Multicolor,_HM,Halftone Multicolor,Jewellery,Earrings,Hoop Earrings,Brass; Enamel; Zinc,Golden,,6.99,/232/52/211274_HM_1,211274_HM_1.jpg,none,,,,,
211279_HM,211279,Set of Earrings KISS54 Halftone Multicolor,_HM,Halftone Multicolor,Jewellery,Earrings,Hoop Earrings,Brass; Zirconium,Rodhium,,5.99,/232/52/211279_HM_1,211279_HM_1.jpg,none,,,,,
211326_GD,211326,Earring GLDN DEL Gold,_GD,Gold,Jewellery,Earrings,Stud,Zinc; Zirconium,Golden,,9.99,/232/52/211326_GD_1,211326_GD_1.jpg,none,,,,,
211409_WT,211409,Earring GOLDEN BASICS White,_WT,White,Jewellery,Earrings,Dangle,Shell; Zinc,Golden,,5.99,/232/52/211409_WT_1,211409_WT_1.jpg,none,,,,,
211437_BM,211437,Key Chain FASHION SUPPLEMENTS Bright Multicolor,_BM,Bright Multicolor,Jewellery,Key chains,Charms,Acrylic; Iron; Iron; Shell; Zinc,Golden,,12.99,/232/52/211437_BM_1,211437_BM_1.jpg,none,,,,,
211442_BM,211442,Jewellery FASHION SUPPLEMENTS Bright Multicolor,_BM,Bright Multicolor,Jewellery,Cigarette Box,Regular,Thermoplastic Polyurethane; Zinc,Golden,,6.99,/232/52/211442_BM_1,211442_BM_1.jpg,none,,,,,
211459_PK,211459,Key Chain FASHION SUPPLEMENTS Pink,_PK,Pink,Jewellery,Key chains,Figures,Iron; Resin; Rubber,Golden,,8.99,/232/52/211459_PK_1,211459_PK_1.jpg,none,,,,,
2114611BM,211461,Key Chain FASHION SUPPLEMENTS Bright Multicolor,1BM,Bright Multicolor,Jewellery,Key chains,Charms,Enamel; Iron; Zinc,,,9.99,/242/52/2114611BM_1,2114611BM_1.jpg,none,,,,,
211461_BM,211461,Key Chain FASHION SUPPLEMENTS Bright Multicolor,_BM,Bright Multicolor,Jewellery,Key chains,Charms,Enamel; Iron; Zinc,Golden,,9.99,/232/52/211461_BM_1,211461_BM_1.jpg,none,,,,,
211465_BM,211465,Sunglass Holder FASHION SUPPLEMENTS Bright Multicolor,_BM,Bright Multicolor,Jewellery,Other Jewellery,Sunglass Holder,Copper; Enamel; Thermoplastic Polyurethane,Golden,,6.99,/232/52/211465_BM_1,211465_BM_1.jpg,none,,,,,
211615_GD,211615,Earring GOLDEN BASICS Gold,_GD,Gold,Jewellery,Earrings,Stud,Iron,Golden,,7.99,/232/52/211615_GD_1,211615_GD_1.jpg,none,,,,,
211623_GD,211623,Necklace GOLDEN BASICS Gold,_GD,Gold,Jewellery,Necklaces,Beaded Necklace,Iron; Brass,Brushed Golden,,10.99,/232/52/211623_GD_1,211623_GD_1.jpg,none,,,,,
211629_GD,211629,Earring GOLDEN BASICS Gold,_GD,Gold,Jewellery,Earrings,Hoop Earrings,Zinc,Golden,,5.99,/232/52/211629_GD_1,211629_GD_1.jpg,none,,,,,
211634_GD,211634,Earring GOLDEN BASICS Gold,_GD,Gold,Jewellery,Earrings,Stud,Zinc,Golden,,5.99,/232/52/211634_GD_1,211634_GD_1.jpg,none,,,,,
211639_GD,211639,Earring Golden Basics Gold,_GD,Gold,Jewellery,Earrings,Stud,Zinc,Golden,,4.99,/232/52/211639_GD_1,211639_GD_1.jpg,none,,,,,
211639_SV,211639,Earring SHADES OF COOL Silver,_SV,Silver,Jewellery,Earrings,Stud,Zinc,Rodhium,,4.99,/232/52/211639_SV_1,211639_SV_1.jpg,none,,,,,
211644_GD,211644,Earring GOLDEN BASICS Gold,_GD,Gold,Jewellery,Earrings,Stud,Iron,Golden,,5.99,/232/52/211644_GD_1,211644_GD_1.jpg,none,,,,,
211664_BM,211664,Earring FLORABUNDANCE Bright Multicolor,_BM,Bright Multicolor,Jewellery,Earrings,Drop,Acrylic; Iron,Golden,,9.99,/232/52/211664_BM_1,211664_BM_1.jpg,none,,,,,
211670_DM,211670,Bracelet FLORABUNDANCE Dark Multicolor,_DM,Dark Multicolor,Jewellery,Bracelets,Non-Adjustable Bracelet,Brass; Iron; Resin; Zinc,Golden,,5.99,/232/52/211670_DM_1,211670_DM_1.jpg,none,,,,,
211675_BK,211675,Ring FLORABUNDANCE Black,_BK,Black,Jewellery,Rings,Band Ring,Enamel; Zinc,Golden,,5.99,/232/52/211675_BK_1,211675_BK_1.jpg,none,,,,,
211680_DM,211680,Necklace FLORABUNDANCE Dark Multicolor,_DM,Dark Multicolor,Jewellery,Necklaces,Beaded Necklace,Iron; Resin,Golden,,12.99,/232/52/211680_DM_1,211680_DM_1.jpg,none,,,,,
211686_DM,211686,Necklace FLORABUNDANCE Dark Multicolor,_DM,Dark Multicolor,Jewellery,Necklaces,Beaded Necklace,Brass; Iron; Resin,Brushed Golden,,12.99,/232/52/211686_DM_1,211686_DM_1.jpg,none,,,,,
211717_DM,211717,Necklace FLORABUNDANCE Dark Multicolor,_DM,Dark Multicolor,Jewellery,Necklaces,Collar,Acrylic; Iron; Zinc,Golden,,10.99,/232/52/211717_DM_1,211717_DM_1.jpg,none,,,,,
211724_DM,211724,Earring FLORABUNDANCE Dark Multicolor,_DM,Dark Multicolor,Jewellery,Earrings,Hoop Earrings,Iron; Thermoplastic Polyurethane,Worn Gold,,5.99,/232/52/211724_DM_1,211724_DM_1.jpg,none,,,,,
211732_BL,211732,Ring FLORABUNDANCE Blue,_BL,Blue,Jewellery,Rings,Band Ring,Enamel; Zinc,Golden,,5.99,/232/52/211732_BL_1,211732_BL_1.jpg,none,,,,,
211737_TQ,211737,Ring FLORABUNDANCE Turquoise,_TQ,Turquoise,Jewellery,Rings,Fantasy,Glass; Zinc,Worn Gold,,5.99,/232/52/211737_TQ_1,211737_TQ_1.jpg,none,,,,,
211751_PK,211751,Ring FLORABUNDANCE Pink,_PK,Pink,Jewellery,Rings,Fantasy,Resin,Other,,8.99,/232/52/211751_PK_1,211751_PK_1.jpg,none,,,,,
211760_BM,211760,Earring FLORABUNDANCE Bright Multicolor,_BM,Bright Multicolor,Jewellery,Earrings,Dangle,Iron; Resin; Stainless Steel,Golden,,8.99,/232/52/211760_BM_1,211760_BM_1.jpg,none,,,,,
211765_BL,211765,Earring FLORABUNDANCE Blue,_BL,Blue,Jewellery,Earrings,Hoop Earrings,Thermoplastic Polyurethane; Zinc,Golden,,7.99,/232/52/211765_BL_1,211765_BL_1.jpg,none,,,,,
211771_WT,211771,Necklace FLORABUNDANCE White,_WT,White,Jewellery,Necklaces,Bib Necklace,Iron; Resin; Thermoplastic Polyurethane,Golden,,15.99,/232/52/211771_WT_1,211771_WT_1.jpg,none,,,,,
211781_GD,211781,Necklace GLDN DEL Gold,_GD,Gold,Jewellery,Necklaces,Beaded Necklace,Brass; Iron; Zirconium,Golden,,12.99,/232/52/211781_GD_1,211781_GD_1.jpg,none,,,,,
211781_SV,211781,Necklace SILVER D Silver,_SV,Silver,Jewellery,Necklaces,Beaded Necklace,Brass; Iron; Zirconium,Rodhium,,12.99,/232/52/211781_SV_1,211781_SV_1.jpg,none,,,,,
211789_SV,211789,Necklace SILVER D Silver,_SV,Silver,Jewellery,Necklaces,Pendant,Copper; Iron; Zirconium,,,9.99,/232/52/211789_SV_1,211789_SV_1.jpg,none,,,,,
211800_GD,211800,Ring GLDN DEL Gold,_GD,Gold,Jewellery,Rings,Band Ring,Brass; Zinc,Golden,,5.99,/232/52/211800_GD_1,211800_GD_1.jpg,none,,,,,
211800_SV,211800,Ring SILVER D Silver,_SV,Silver,Jewellery,Rings,Band Ring,Brass; Zinc,Golden,,5.99,/232/52/211800_SV_1,211800_SV_1.jpg,none,,,,,
211881_HM,211881,Earring TREND Halftone Multicolor,_HM,Halftone Multicolor,Jewellery,Earrings,Dangle,Iron; Shell; Zinc,Golden,,15.99,/232/52/211881_HM_1,211881_HM_1.jpg,none,,,,,
211881_PM,211881,Earring TREND Pastel Multicolor,_PM,Pastel Multicolor,Jewellery,Earrings,Dangle,Iron; Shell; Zinc,Golden,,15.99,/232/52/211881_PM_1,211881_PM_1.jpg,none,,,,,
211889_IV,211889,Earring TREND Ivory,_IV,Ivory,Jewellery,Earrings,Dangle,Iron; Shell,Golden,,12.99,/232/52/211889_IV_1,211889_IV_1.jpg,none,,,,,
211899_BM,211899,Necklace TREND Bright Multicolor,_BM,Bright Multicolor,Jewellery,Necklaces,Beaded Necklace,Acrylic; Ceramic; Glass; Iron; Pearl; Resin; Shell; Stone; Thermoplastic Polyurethane,Golden,,25.99,/232/52/211899_BM_1,211899_BM_1.jpg,none,,,,,
211903_PE,211903,Earring TREND Pearl,_PE,Pearl,Jewellery,Earrings,Hoop Earrings,Zinc; Iron; Thermoplastic Polyurethane,Golden,,15.99,/232/52/211903_PE_1,211903_PE_1.jpg,none,,,,,
211907_GD,211907,Earring TREND Gold,_GD,Gold,Jewellery,Earrings,Dangle,Iron; Zinc,Worn Gold,,9.99,/232/52/211907_GD_1,211907_GD_1.jpg,none,,,,,
211916_PE,211916,Set of Necklaces TREND Pearl,_PE,Pearl,Jewellery,Necklaces,Pendant,Iron; Thermoplastic Polyurethane; Zinc; Metal and Cord,Golden,,15.99,/232/52/211916_PE_1,211916_PE_1.jpg,none,,,,,
211923_PK,211923,Earring TREND Pink,_PK,Pink,Jewellery,Earrings,Drop,Enamel; Iron; Zinc,Other,,9.99,/232/52/211923_PK_1,211923_PK_1.jpg,none,,,,,
211930_PM,211930,Earring TREND Pastel Multicolor,_PM,Pastel Multicolor,Jewellery,Earrings,Dangle,Brass; Resin,Golden,,12.99,/232/52/211930_PM_1,211930_PM_1.jpg,none,,,,,
211934_GD,211934,Necklace TREND Gold,_GD,Gold,Jewellery,Necklaces,Pendant,Iron; Shell,Golden,,17.99,/232/52/211934_GD_1,211934_GD_1.jpg,none,,,,,
211941_IV,211941,Earring TREND Ivory,_IV,Ivory,Jewellery,Earrings,Dangle,Iron; Shell; Zinc,Golden,,9.99,/232/52/211941_IV_1,211941_IV_1.jpg,none,,,,,
211953_HM,211953,Earring BHLOTUS Halftone Multicolor,_HM,Halftone Multicolor,Jewellery,Earrings,Hoop Earrings,Brass; Stone,Golden,,7.99,/232/52/211953_HM_1,211953_HM_1.jpg,none,,,,,
211957_BM,211957,Set of Bracelets TREND Bright Multicolor,_BM,Bright Multicolor,Jewellery,Bracelets,Adjustable Bracelet,Acrylic; Ceramic; Polyester; Resin; Zinc,Golden,,15.99,/232/52/211957_BM_1,211957_BM_1.jpg,none,,,,,
211961_PK,211961,Earring TREND Pink,_PK,Pink,Jewellery,Earrings,Stud,Resin; Zinc,,,7.99,/232/52/211961_PK_1,211961_PK_1.jpg,none,,,,,
211965_GN,211965,Ring BHLOTUS Green,_GN,Green,Jewellery,Rings,Band Ring,Enamel; Zinc,Golden,,6.99,/232/52/211965_GN_1,211965_GN_1.jpg,none,,,,,
211970_HM,211970,Set of Earrings BHLOTUS Halftone Multicolor,_HM,Halftone Multicolor,Jewellery,Earrings,Hoop Earrings,Iron; Zinc; Brass,Golden,,9.99,/232/52/211970_HM_1,211970_HM_1.jpg,none,,,,,
211975_HM,211975,Set of Necklaces BHLOTUS Halftone Multicolor,_HM,Halftone Multicolor,Jewellery,Necklaces,Beaded Necklace,Acrylic; Brass; Cotton; Iron; Pearl; Thermoplastic Polyurethane,Golden,,15.99,/232/52/211975_HM_1,211975_HM_1.jpg,none,,,,,
211979_PM,211979,Earring TREND Pastel Multicolor,_PM,Pastel Multicolor,Jewellery,Earrings,Dangle,Acrylic; Glass,Golden,,12.99,/232/52/211979_PM_1,211979_PM_1.jpg,none,,,,,
211984_RK,211984,Earring BHLOTUS Rock,_RK,Rock,Jewellery,Earrings,Dangle,Iron; Stone,Golden,,4.99,/232/52/211984_RK_1,211984_RK_1.jpg,none,,,,,
211988_HM,211988,Earring BHLOTUS Halftone Multicolor,_HM,Halftone Multicolor,Jewellery,Earrings,Hoop Earrings,Acrylic; Brass; Stone; Thermoplastic Polyurethane,Brushed Golden,,5.99,/232/52/211988_HM_1,211988_HM_1.jpg,none,,,,,
211994_PH,211994,Earring BHLOTUS Peach,_PH,Peach,Jewellery,Earrings,Stud,Iron; Stone,Brushed Golden,,4.99,/232/52/211994_PH_1,211994_PH_1.jpg,none,,,,,
211995_HM,211995,Earring BHLOTUS Halftone Multicolor,_HM,Halftone Multicolor,Jewellery,Earrings,Hoop Earrings,Iron; Resin; Stone; Thermoplastic Polyurethane,Brushed Golden,,5.99,/232/52/211995_HM_1,211995_HM_1.jpg,none,,,,,
211999_HM,211999,Necklace BHLOTUS Halftone Multicolor,_HM,Halftone Multicolor,Jewellery,Necklaces,Collar,Cow Leather; Iron; Thermoplastic Polyurethane,Brushed Golden,,10.99,/232/52/211999_HM_1,211999_HM_1.jpg,none,,,,,
212004_HM,212004,Necklace BHLOTUS Halftone Multicolor,_HM,Halftone Multicolor,Jewellery,Necklaces,Beaded Necklace,Brass; Glass; Iron; Resin; Stone; Zinc,Golden,,10.99,/232/52/212004_HM_1,212004_HM_1.jpg,none,,,,,
212009_SV,212009,Earring SILVER D Silver,_SV,Silver,Jewellery,Earrings,Dangle,Brass; Iron,Rodhium,,7.99,/232/52/212009_SV_1,212009_SV_1.jpg,none,,,,,
212015_GD,212015,Ring GLDN DEL Gold,_GD,Gold,Jewellery,Rings,Band Ring,Brass; Zirconium,Golden,,5.99,/232/52/212015_GD_1,212015_GD_1.jpg,none,,,,,
212015_SV,212015,Ring SILVER D Silver,_SV,Silver,Jewellery,Rings,Band Ring,Brass; Zirconium,Golden,,5.99,/232/52/212015_SV_1,212015_SV_1.jpg,none,,,,,
212018_SV,212018,Earring SILVER D Silver,_SV,Silver,Jewellery,Earrings,Dangle,Brass; Iron; Zirconium,Rodhium,,7.99,/232/52/212018_SV_1,212018_SV_1.jpg,none,,,,,
212025_GD,212025,Earring GLDN DEL Gold,_GD,Gold,Jewellery,Earrings,Hoop Earrings,Zinc,Golden,,5.99,/231/52/212025_GD_1,212025_GD_1.jpg,none,,,,,
212078_BL,212078,Earring DEGRADE Blue,_BL,Blue,Jewellery,Earrings,Stud,Acrylic; Zinc,Golden,,5.99,/232/52/212078_BL_1,212078_BL_1.jpg,none,,,,,
212078_NV,212078,Earring STARRYNIGHT Navy,_NV,Navy,Jewellery,Earrings,Stud,Acrylic; Zinc,Other,,5.99,/232/52/212078_NV_2y,212078_NV_2y.jpg,none,,,,,
212085_OR,212085,Earring DEGRADE Orange,_OR,Orange,Jewellery,Earrings,Dangle,Glass; Iron,Golden,,9.99,/232/52/212085_OR_1,212085_OR_1.jpg,none,,,,,
212231_PM,212231,Earring TREND Pastel Multicolor,_PM,Pastel Multicolor,Jewellery,Earrings,Dangle,Brass; Zirconium,Golden,,9.99,/232/52/212231_PM_1,212231_PM_1.jpg,none,,,,,
212244_BL,212244,Earring GUARANI VIBES Blue,_BL,Blue,Jewellery,Earrings,Drop,Acrylic; Iron,Brushed Golden,,5.99,/232/52/212244_BL_1,212244_BL_1.jpg,none,,,,,
212250_BL,212250,Ring GUARANI VIBES Blue,_BL,Blue,Jewellery,Rings,Fantasy,Iron; Thermoplastic Polyurethane,Brushed Golden,,5.99,/232/52/212250_BL_1,212250_BL_1.jpg,none,,,,,
212255_BM,212255,Necklace GUARANI VIBES Bright Multicolor,_BM,Bright Multicolor,Jewellery,Necklaces,Pendant,Iron; Resin; Stone; Zinc,Brushed Golden,,10.99,/232/52/212255_BM_1,212255_BM_1.jpg,none,,,,,
212265_GN,212265,Ring GUARANI VIBES Green,_GN,Green,Jewellery,Rings,Fantasy,Acrylic; Zinc,Golden,,6.99,/232/52/212265_GN_1,212265_GN_1.jpg,none,,,,,
212278_BM,212278,Earring GUARANI VIBES Bright Multicolor,_BM,Bright Multicolor,Jewellery,Earrings,Drop,Iron; Resin,Golden,,5.99,/232/52/212278_BM_1,212278_BM_1.jpg,none,,,,,
212283_TO,212283,Earring GUARANI VIBES Pastel Orange,_TO,Pastel Orange,Jewellery,Earrings,Dangle,Iron; Resin,Brushed Golden,,5.99,/232/52/212283_TO_1,212283_TO_1.jpg,none,,,,,
212293_BM,212293,Necklace GUARANI VIBES Bright Multicolor,_BM,Bright Multicolor,Jewellery,Necklaces,Pendant,Glass; Iron; Pearl; Stone,Brushed Golden,,12.99,/232/52/212293_BM_1,212293_BM_1.jpg,none,,,,,
212298_BM,212298,Earring GUARANI VIBES Bright Multicolor,_BM,Bright Multicolor,Jewellery,Earrings,Hoop Earrings,Enamel; Iron,Golden,,5.99,/232/52/212298_BM_1,212298_BM_1.jpg,none,,,,,
212302_BM,212302,Bracelet GUARANI VIBES Bright Multicolor,_BM,Bright Multicolor,Jewellery,Bracelets,Elastic Bracelet,Pearl; Resin; Thermoplastic Polyurethane,Brushed Golden,,6.99,/232/52/212302_BM_1,212302_BM_1.jpg,none,,,,,
212314_BL,212314,Necklace GUARANI VIBES Blue,_BL,Blue,Jewellery,Necklaces,Beaded Necklace,Iron; Pearl; Stone,Brushed Golden,,12.99,/232/52/212314_BL_1,212314_BL_1.jpg,none,,,,,
212319_BM,212319,Set of Necklaces GUARANI VIBES Bright Multicolor,_BM,Bright Multicolor,Jewellery,Necklaces,Other Necklaces,Brass; Glass; Iron,Brushed Golden,,15.99,/232/52/212319_BM_1,212319_BM_1.jpg,none,,,,,
212325_TO,212325,Ring GUARANI VIBES Pastel Orange,_TO,Pastel Orange,Jewellery,Rings,Stone/Gem,Resin; Zinc,Golden,,5.99,/232/52/212325_TO_1,212325_TO_1.jpg,none,,,,,
212393_GD,212393,Necklace GOLD PLATED COLLECTION Gold,_GD,Gold,Jewellery,Necklaces,Pendant,Brass,Gold Plated,,45.99,/232/52/212393_GD_1,212393_GD_1.jpg,none,,,,,
212399_GD,212399,Earring GOLD PLATED COLLECTION Gold,_GD,Gold,Jewellery,Earrings,Dangle,Brass,Gold Plated,,29.99,/232/52/212399_GD_1y,212399_GD_1y.jpg,none,,,,,
212410_HM,212410,Earring SPARKLING EARRINGS Halftone Multicolor,_HM,Halftone Multicolor,Jewellery,Earrings,Hoop Earrings,Brass; Zirconium,Black Nikel,,25.99,/232/52/212410_HM_1,212410_HM_1.jpg,none,,,,,
212433_BU,212433,Ring ORPHIC Burgundy,_BU,Burgundy,Jewellery,Rings,Band Ring,Thermoplastic Polyurethane; Zinc,Brushed Golden,,7.99,/232/52/212433_BU_1,212433_BU_1.jpg,none,,,,,
212437_GD,212437,Ring ORPHIC Gold,_GD,Gold,Jewellery,Rings,Band Ring,Zinc,Brushed Golden,,5.99,/232/52/212437_GD_1,212437_GD_1.jpg,none,,,,,
212443_PP,212443,Earring ORPHIC Papaya,_PP,Papaya,Jewellery,Earrings,Stud,Resin; Zinc,Brushed Golden,,5.99,/232/52/212443_PP_1,212443_PP_1.jpg,none,,,,,
212474_HM,212474,Ring EXPEDITION Halftone Multicolor,_HM,Halftone Multicolor,Jewellery,Rings,Fantasy,Acrylic; Zinc,Golden,,5.99,/232/52/212474_HM_1,212474_HM_1.jpg,none,,,,,
212481_BM,212481,Earring EXPEDITION Bright Multicolor,_BM,Bright Multicolor,Jewellery,Earrings,Hoop Earrings,Iron; Resin,Golden,,8.99,/232/52/212481_BM_1,212481_BM_1.jpg,none,,,,,
212495_HM,212495,Necklace ORPHIC Halftone Multicolor,_HM,Halftone Multicolor,Jewellery,Necklaces,Beaded Necklace,Acrylic; Copper; Iron; Resin; Stone,Golden,,10.99,/232/52/212495_HM_2y,212495_HM_2y.jpg,none,,,,,
212500_HM,212500,Earring ORPHIC Halftone Multicolor,_HM,Halftone Multicolor,Jewellery,Earrings,Dangle,Iron; Resin,Golden,,9.99,/232/52/212500_HM_1,212500_HM_1.jpg,none,,,,,
2125100HM,212510,Bracelet VENDREDI Halftone Multicolor,0HM,Halftone Multicolor,Jewellery,Bracelets,Elastic Bracelet,Stone; Thermoplastic Polyurethane; Zinc,Golden,,12.99,/241/52/2125100HM_1,2125100HM_1.jpg,none,,,,,
212510_HM,212510,Bracelet ORPHIC Halftone Multicolor,_HM,Halftone Multicolor,Jewellery,Bracelets,Elastic Bracelet,Acrylic; Stone; Thermoplastic Polyurethane; Zinc,Golden,,12.99,/232/52/212510_HM_1,212510_HM_1.jpg,none,,,,,
212511_HM,212511,Necklace ORPHIC Halftone Multicolor,_HM,Halftone Multicolor,Jewellery,Necklaces,Pendant,Brass; Iron; Resin; Stone; Metal and Plastic,Golden,,12.99,/232/52/212511_HM_1,212511_HM_1.jpg,none,,,,,
212521_LB,212521,Ring EXPEDITION Light Blue,_LB,Light Blue,Jewellery,Rings,Fantasy,Stone; Zinc,Golden,,4.99,/232/52/212521_LB_1,212521_LB_1.jpg,none,,,,,
212528_DN,212528,Earring EXPEDITION Dark Green,_DN,Dark Green,Jewellery,Earrings,Dangle,Resin; Zinc,Worn Gold,,8.99,/232/52/212528_DN_1,212528_DN_1.jpg,none,,,,,
212532_GD,212532,Earring EXPEDITION Gold,_GD,Gold,Jewellery,Earrings,Hoop Earrings,Zinc,Golden,,5.99,/232/52/212532_GD_1,212532_GD_1.jpg,none,,,,,
212542_GN,212542,Earring EXPEDITION Green,_GN,Green,Jewellery,Earrings,Dangle,Acrylic; Iron,Golden,,5.99,/232/52/212542_GN_1,212542_GN_1.jpg,none,,,,,
212551_DN,212551,Earring EXPEDITION Dark Green,_DN,Dark Green,Jewellery,Earrings,Dangle,Acrylic; Iron; Stone; Thermoplastic Polyurethane; Zinc,Worn Gold,,5.99,/232/52/212551_DN_1,212551_DN_1.jpg,none,,,,,
212556_DN,212556,Necklace EXPEDITION Dark Green,_DN,Dark Green,Jewellery,Necklaces,Pendant,Glass; Metallic Fiber; Metal and Cord,Worn Gold,,12.99,/232/52/212556_DN_1,212556_DN_1.jpg,none,,,,,
212562_HM,212562,Bracelet EXPEDITION Halftone Multicolor,_HM,Halftone Multicolor,Jewellery,Bracelets,Elastic Bracelet,Acrylic; Zamac,Golden,,6.99,/232/52/212562_HM_1,212562_HM_1.jpg,none,,,,,
212569_DN,212569,Earring EXPEDITION Dark Green,_DN,Dark Green,Jewellery,Earrings,Hoop Earrings,Stone; Iron; Resin,Golden,,5.99,/232/52/212569_DN_1,212569_DN_1.jpg,none,,,,,
212576_HM,212576,Bracelet EXPEDITION Halftone Multicolor,_HM,Halftone Multicolor,Jewellery,Bracelets,Elastic Bracelet,Acrylic; Iron,Golden,,7.99,/232/52/212576_HM_1,212576_HM_1.jpg,none,,,,,
212588_HM,212588,Earring EXPEDITION Halftone Multicolor,_HM,Halftone Multicolor,Jewellery,Earrings,Dangle,Iron; Resin,Worn Gold,,5.99,/232/52/212588_HM_1,212588_HM_1.jpg,none,,,,,
212595_YL,212595,Necklace FLOWER BEADS Yellow,_YL,Yellow,Jewellery,Necklaces,Beaded Necklace,Glass; Iron; Zinc,Golden,,45.99,/232/52/212595_YL_1,212595_YL_1.jpg,none,,,,,
212599_IV,212599,Earring FLOWER BEADS Ivory,_IV,Ivory,Jewellery,Earrings,Drop,Glass; Iron; Zinc,Golden,,23.99,/232/52/212599_IV_1,212599_IV_1.jpg,none,,,,,
212599_PU,212599,Earring FLOWER BEADS Purple,_PU,Purple,Jewellery,Earrings,Drop,Glass; Iron; Zinc,Golden,,23.99,/232/52/212599_PU_1,212599_PU_1.jpg,none,,,,,
212599_YL,212599,Earring FLOWER BEADS Yellow,_YL,Yellow,Jewellery,Earrings,Drop,Glass; Iron; Zinc,Golden,,23.99,/232/52/212599_YL_1,212599_YL_1.jpg,none,,,,,
212608_BM,212608,Earring THE COUPLE Bright Multicolor,_BM,Bright Multicolor,Jewellery,Earrings,Hoop Earrings,Glass; Steel,Golden,,19.99,/232/52/212608_BM_1,212608_BM_1.jpg,none,,,,,
212612_BM,212612,Necklace THE COUPLE Bright Multicolor,_BM,Bright Multicolor,Jewellery,Necklaces,Other Necklaces,Glass,Golden,,22.99,/232/52/212612_BM_1,212612_BM_1.jpg,none,,,,,
212663_GD,212663,Earring Golden Basics Gold,_GD,Gold,Jewellery,Earrings,Stud,Brass; Zinc,Golden,,7.99,/232/52/212663_GD_1,212663_GD_1.jpg,none,,,,,
212669_GD,212669,Earring GOLDEN BASICS Gold,_GD,Gold,Jewellery,Earrings,Stud,Stainless Steel; Zinc,Golden,,8.99,/232/52/212669_GD_1,212669_GD_1.jpg,none,,,,,
212674_GD,212674,Earring Golden Basics Gold,_GD,Gold,Jewellery,Earrings,Dangle,Iron,Brushed Golden,,7.99,/232/52/212674_GD_1,212674_GD_1.jpg,none,,,,,
212682_GD,212682,Bracelet Golden Basics Gold,_GD,Gold,Jewellery,Bracelets,Bangle,Iron; Zinc,,,9.99,/232/52/212682_GD_1,212682_GD_1.jpg,none,,,,,
212686_HM,212686,Set of Necklaces ORPHIC Halftone Multicolor,_HM,Halftone Multicolor,Jewellery,Necklaces,Chain,Acrylic; Glass; Resin; Stone; Thermoplastic Polyurethane,Golden,,12.99,/232/52/212686_HM_1,212686_HM_1.jpg,none,,,,,
2126970HM,212697,Earring FLEURSDUMER Halftone Multicolor,0HM,Halftone Multicolor,Jewellery,Earrings,Dangle,Iron; Resin,Brushed Golden,,7.99,/241/52/2126970HM_1,2126970HM_1.jpg,none,,,,,
212697_HM,212697,Earring ORPHIC Halftone Multicolor,_HM,Halftone Multicolor,Jewellery,Earrings,Dangle,Iron; Resin,Brushed Golden,,7.99,/232/52/212697_HM_1,212697_HM_1.jpg,none,,,,,
212709_HM,212709,Bracelet ORPHIC Halftone Multicolor,_HM,Halftone Multicolor,Jewellery,Bracelets,Non-Adjustable Bracelet,Acrylic; Copper; Glass; Stone,Brushed Golden,,7.99,/232/52/212709_HM_1,212709_HM_1.jpg,none,,,,,
212718_HM,212718,Earring ORPHIC Halftone Multicolor,_HM,Halftone Multicolor,Jewellery,Earrings,Dangle,Brass; Iron; Resin; Stone; Zinc,Brushed Golden,,7.99,/232/52/212718_HM_1,212718_HM_1.jpg,none,,,,,
212756_GD,212756,Necklace Golden Basics Gold,_GD,Gold,Jewellery,Necklaces,Pendant,Iron; Zinc,,,10.99,/232/52/212756_GD_1,212756_GD_1.jpg,none,,,,,
212828_BL,212828,Necklace COTTAGE BLUE Blue,_BL,Blue,Jewellery,Necklaces,Y-Necklace,Acrylic; Brass; Iron; Zinc,Golden,,12.99,/232/52/212828_BL_1,212828_BL_1.jpg,none,,,,,
212848_PE,212848,Earring GLDN DEL Pearl,_PE,Pearl,Jewellery,Earrings,Dangle,Pearl; Zinc,Golden,,9.99,/232/52/212848_PE_1,212848_PE_1.jpg,none,,,,,
212852_HM,212852,Earring GLDN DEL Halftone Multicolor,_HM,Halftone Multicolor,Jewellery,Earrings,Stud,Brass; Glass,Golden,,5.99,/232/52/212852_HM_1,212852_HM_1.jpg,none,,,,,
212853_GD,212853,Earring GLDN DEL Gold,_GD,Gold,Jewellery,Earrings,Hoop Earrings,Zirconium; Brass; Zinc,Golden,,5.99,/232/52/212853_GD_1,212853_GD_1.jpg,none,,,,,
212853_SV,212853,Earring SILVER D Silver,_SV,Silver,Jewellery,Earrings,Hoop Earrings,Brass; Zinc; Zirconium,Golden,,5.99,/232/52/212853_SV_1,212853_SV_1.jpg,none,,,,,
212860_GN,212860,Ring mulstone Green,_GN,Green,Jewellery,Rings,Band Ring,Glass; Stone; Zinc,Golden,,6.99,/232/52/212860_GN_1,212860_GN_1.jpg,none,,,,,
212949_HM,212949,Bracelet mulstone Halftone Multicolor,_HM,Halftone Multicolor,Jewellery,Bracelets,Elastic Bracelet,Acrylic; Stone; Thermoplastic Polyurethane,Golden,,5.99,/232/52/212949_HM_1,212949_HM_1.jpg,none,,,,,
212957_HM,212957,Earring mulstone Halftone Multicolor,_HM,Halftone Multicolor,Jewellery,Earrings,Hoop Earrings,Acrylic; Glass; Iron; Stone,Golden,,4.99,/232/52/212957_HM_1,212957_HM_1.jpg,none,,,,,
212963_BK,212963,Set of Necklaces ECLIPSE Black,_BK,Black,Jewellery,Necklaces,Pendant,Acrylic; Brass; Enamel; Glass; Zinc,Golden,,15.99,/232/52/212963_BK_1,212963_BK_1.jpg,none,,,,,
212976_HM,212976,Necklace mulstone Halftone Multicolor,_HM,Halftone Multicolor,Jewellery,Necklaces,Pendant,Glass; Iron; Resin; Stone; Thermoplastic Polyurethane; Zinc,Golden,,12.99,/232/52/212976_HM_1,212976_HM_1.jpg,none,,,,,
212982_GN,212982,Earring mulstone Green,_GN,Green,Jewellery,Earrings,Clip Earrings,Iron; Resin; Zinc,Brushed Golden,,9.99,/232/52/212982_GN_1,212982_GN_1.jpg,none,,,,,
212992_HM,212992,Necklace mulstone Halftone Multicolor,_HM,Halftone Multicolor,Jewellery,Necklaces,Pendant,Acrylic; Iron; Stone; Thermoplastic Polyurethane; Zinc,Golden,,12.99,/232/52/212992_HM_1,212992_HM_1.jpg,none,,,,,
212998_HM,212998,Necklace mulstone Halftone Multicolor,_HM,Halftone Multicolor,Jewellery,Necklaces,Pendant,Brass; Cotton; Iron; Resin; Stone; Zinc,Golden,,12.99,/232/52/212998_HM_1,212998_HM_1.jpg,none,,,,,
213003_HM,213003,Earring mulstone Halftone Multicolor,_HM,Halftone Multicolor,Jewellery,Earrings,Hoop Earrings,Acrylic; Iron; Stone; Zinc,Golden,,8.99,/232/52/213003_HM_1,213003_HM_1.jpg,none,,,,,
213008_HM,213008,Necklace mulstone Halftone Multicolor,_HM,Halftone Multicolor,Jewellery,Necklaces,Pendant,Glass; Iron; Stone; Zinc,Golden,,12.99,/232/52/213008_HM_1,213008_HM_1.jpg,none,,,,,
213050_BK,213050,Earring ECLIPSE Black,_BK,Black,Jewellery,Earrings,Hoop Earrings,Brass; Iron; Thermoplastic Polyurethane,Golden,,5.99,/232/52/213050_BK_1,213050_BK_1.jpg,none,,,,,
213071_BK,213071,Necklace ECLIPSE Black,_BK,Black,Jewellery,Necklaces,Beaded Necklace,Glass; Zinc,Golden,,10.99,/232/52/213071_BK_1,213071_BK_1.jpg,none,,,,,
213076_BK,213076,Earring ECLIPSE Black,_BK,Black,Jewellery,Earrings,Stud,Glass; Zinc,Golden,,4.99,/232/52/213076_BK_1,213076_BK_1.jpg,none,,,,,
213081_BK,213081,Earring ECLIPSE Black,_BK,Black,Jewellery,Earrings,Dangle,Glass; Zinc,Golden,,5.99,/232/52/213081_BK_1,213081_BK_1.jpg,none,,,,,
213087_BK,213087,Bracelet ECLIPSE Black,_BK,Black,Jewellery,Bracelets,Adjustable Bracelet,Brass; Glass; Zinc,Golden,,7.99,/232/52/213087_BK_1,213087_BK_1.jpg,none,,,,,
213095_BK,213095,Ring ECLIPSE Black,_BK,Black,Jewellery,Rings,Stone/Gem,Acrylic,Golden,,4.99,/232/52/213095_BK_1,213095_BK_1.jpg,none,,,,,
213102_BK,213102,Earring ECLIPSE Black,_BK,Black,Jewellery,Earrings,Hoop Earrings,Resin; Zinc,Golden,,4.99,/232/52/213102_BK_1,213102_BK_1.jpg,none,,,,,
213110_BK,213110,Earring ECLIPSE Black,_BK,Black,Jewellery,Earrings,Hoop Earrings,Glass; Zinc,Golden,,5.99,/232/52/213110_BK_1,213110_BK_1.jpg,none,,,,,
213114_BK,213114,Earring ECLIPSE Black,_BK,Black,Jewellery,Earrings,Hoop Earrings,Brass; Thermoplastic Polyurethane,Brushed Golden,,5.99,/232/52/213114_BK_1,213114_BK_1.jpg,none,,,,,
213132_BK,213132,Bracelet ECLIPSE Black,_BK,Black,Jewellery,Bracelets,Elastic Bracelet,Glass; Stone; Zinc,Brushed Golden,,5.99,/232/52/213132_BK_1,213132_BK_1.jpg,none,,,,,
213137_BK,213137,Earring ECLIPSE Black,_BK,Black,Jewellery,Earrings,Hoop Earrings,Brass; Zirconium,Brushed Golden,,7.99,/232/52/213137_BK_1,213137_BK_1.jpg,none,,,,,
213146_BK,213146,Necklace ECLIPSE Black,_BK,Black,Jewellery,Necklaces,Pendant,Brass; Iron; Resin; Zinc,Brushed Golden,,10.99,/232/52/213146_BK_1,213146_BK_1.jpg,none,,,,,
213153_BK,213153,Set of Rings ECLIPSE Black,_BK,Black,Jewellery,Rings,Band Ring,Brass; Zirconium,Golden,,5.99,/232/52/213153_BK_1,213153_BK_1.jpg,none,,,,,
213732_GD,213732,Earring TREND Gold,_GD,Gold,Jewellery,Earrings,Dangle,Zinc,Worn Gold,,9.99,/232/52/213732_GD_1,213732_GD_1.jpg,none,,,,,
213741_GD,213741,Earring TREND Gold,_GD,Gold,Jewellery,Earrings,Stud,Zinc,Worn Gold,,9.99,/232/52/213741_GD_1,213741_GD_1.jpg,none,,,,,
213747_GD,213747,Earring TREND Gold,_GD,Gold,Jewellery,Earrings,Stud,Copper; Glass,Worn Gold,,12.99,/232/52/213747_GD_1,213747_GD_1.jpg,none,,,,,
213757_GD,213757,Earring TREND Gold,_GD,Gold,Jewellery,Earrings,Drop,Zinc,Worn Gold,,12.99,/232/52/213757_GD_1,213757_GD_1.jpg,none,,,,,
213801_HM,213801,Earring ULTRAVIO Halftone Multicolor,_HM,Halftone Multicolor,Jewellery,Earrings,Hoop Earrings,Acrylic; Zinc,Worn Gold,,7.99,/232/52/213801_HM_1,213801_HM_1.jpg,none,,,,,
213806_PU,213806,Earring ULTRAVIO Purple,_PU,Purple,Jewellery,Earrings,Stud,Acrylic; Iron,Worn Gold,,9.99,/232/52/213806_PU_1,213806_PU_1.jpg,none,,,,,
213810_HM,213810,Necklace ULTRAVIO Halftone Multicolor,_HM,Halftone Multicolor,Jewellery,Necklaces,Collar,Glass; Iron; Acrylic,Worn Gold,,15.99,/232/52/213810_HM_2y,213810_HM_2y.jpg,none,,,,,
213818_HM,213818,Necklace ULTRAVIO Halftone Multicolor,_HM,Halftone Multicolor,Jewellery,Necklaces,Collar,Acrylic; Glass; Iron; Zinc,Worn Gold,,10.99,/232/52/213818_HM_1,213818_HM_1.jpg,none,,,,,
213823_HM,213823,Earring ULTRAVIO Halftone Multicolor,_HM,Halftone Multicolor,Jewellery,Earrings,Hoop Earrings,Acrylic; Glass; Iron,Worn Gold,,5.99,/232/52/213823_HM_1,213823_HM_1.jpg,none,,,,,
213827_HM,213827,Bracelet ULTRAVIO Halftone Multicolor,_HM,Halftone Multicolor,Jewellery,Bracelets,Cuff,Iron; Resin,Worn Gold,,9.99,/232/52/213827_HM_1,213827_HM_1.jpg,none,,,,,
213837_OR,213837,Ring ULTRAVIO Orange,_OR,Orange,Jewellery,Rings,Fantasy,Resin; Thermoplastic Polyurethane,Worn Gold,,6.99,/232/52/213837_OR_1,213837_OR_1.jpg,none,,,,,
213837_PU,213837,Ring ULTRAVIO Purple,_PU,Purple,Jewellery,Rings,Fantasy,Resin; Thermoplastic Polyurethane,Worn Gold,,6.99,/232/52/213837_PU_1,213837_PU_1.jpg,none,,,,,
213837_RY,213837,Ring SUNSET JUNCTION Raspberry,_RY,Raspberry,Jewellery,Rings,Fantasy,Resin; Thermoplastic Polyurethane,Worn Gold,,6.99,/241/52/213837_RY_1,213837_RY_1.jpg,none,,,,,
213839_PU,213839,Ring ULTRAVIO Purple,_PU,Purple,Jewellery,Rings,Band Ring,Resin; Zinc,Worn Gold,,4.99,/232/52/213839_PU_1,213839_PU_1.jpg,none,,,,,
213884_HM,213884,Set of Earrings KISS MIX&MATCH Halftone Multicolor,_HM,Halftone Multicolor,Jewellery,Earrings,Hoop Earrings,Enamel; Zinc,Golden,,9.99,/232/52/213884_HM_1,213884_HM_1.jpg,none,,,,,
213889_NV,213889,Necklace KISS MIX&MATCH Navy,_NV,Navy,Jewellery,Necklaces,Chain,Brass; Iron,Golden,,10.99,/232/52/213889_NV_1,213889_NV_1.jpg,none,,,,,
213901_HM,213901,Set of Earrings KISS MIX&MATCH Halftone Multicolor,_HM,Halftone Multicolor,Jewellery,Earrings,Hoop Earrings,Copper; Enamel,Golden,,7.99,/232/52/213901_HM_1,213901_HM_1.jpg,none,,,,,
213910_GD,213910,Jewellery KISS MIX&MATCH Gold,_GD,Gold,Jewellery,Charms,Symbol,Acrylic; Iron,Golden,,7.99,/232/52/213910_GD_1,213910_GD_1.jpg,none,,,,,
213915_DM,213915,Necklace FLORABUNDANCE Dark Multicolor,_DM,Dark Multicolor,Jewellery,Necklaces,Beaded Necklace,Resin; Zinc,Golden,,12.99,/232/52/213915_DM_1,213915_DM_1.jpg,none,,,,,
213921_JN,213921,Earring FLORABUNDANCE Blue Jeans,_JN,Blue Jeans,Jewellery,Earrings,Hoop Earrings,Iron,Golden,,7.99,/232/52/213921_JN_1,213921_JN_1.jpg,none,,,,,
213929_DM,213929,Earring FLORABUNDANCE Dark Multicolor,_DM,Dark Multicolor,Jewellery,Earrings,Drop,Acrylic; Enamel; Iron; Resin; Zinc,Golden,,8.99,/232/52/213929_DM_1,213929_DM_1.jpg,none,,,,,
213947_BM,213947,Necklace GUARANI VIBES Bright Multicolor,_BM,Bright Multicolor,Jewellery,Necklaces,Pendant,Iron; Pearl; Resin,Brushed Golden,,10.99,/232/52/213947_BM_1,213947_BM_1.jpg,none,,,,,
213979_NV,213979,Earring KISS MIX&MATCH Navy,_NV,Navy,Jewellery,Earrings,Hoop Earrings,Brass; Zirconium,Golden,,5.99,/232/52/213979_NV_1,213979_NV_1.jpg,none,,,,,
213986_SW,213986,Earring KISS MIX&MATCH Straw,_SW,Straw,Jewellery,Earrings,Ear Cuff,Brass; Enamel,Golden,,4.99,/232/52/213986_SW_1,213986_SW_1.jpg,none,,,,,
213992_HM,213992,Set of Earrings KISS MIX&MATCH Halftone Multicolor,_HM,Halftone Multicolor,Jewellery,Earrings,Hoop Earrings,Glass; Iron; Zinc; Zirconium,Golden,,6.99,/232/52/213992_HM_1,213992_HM_1.jpg,none,,,,,
213999_HM,213999,Set of Earrings KISS MIX&MATCH Halftone Multicolor,_HM,Halftone Multicolor,Jewellery,Earrings,Hoop Earrings,Brass; Enamel; Glass,Golden,,6.99,/232/52/213999_HM_1,213999_HM_1.jpg,none,,,,,
214007_FU,214007,Earring KISS MIX&MATCH Fuchsia,_FU,Fuchsia,Jewellery,Earrings,Hoop Earrings,Enamel; Zinc,Golden,,7.99,/232/52/214007_FU_1,214007_FU_1.jpg,none,,,,,
214011_HM,214011,Jewellery KISS MIX&MATCH Halftone Multicolor,_HM,Halftone Multicolor,Jewellery,Charms,Symbol,Enamel; Iron; Zinc,Golden,,5.99,/232/52/214011_HM_1,214011_HM_1.jpg,none,,,,,
214017_BL,214017,Earring STARRYNIGHT Blue,_BL,Blue,Jewellery,Earrings,Dangle,Brass; Glass,Black Nikel,,9.99,/232/52/214017_BL_1,214017_BL_1.jpg,none,,,,,
214043_BM,214043,Earring STARRYNIGHT Bright Multicolor,_BM,Bright Multicolor,Jewellery,Earrings,Dangle,Acrylic; Iron; Zamac,Black Plating,,12.99,/232/52/214043_BM_1,214043_BM_1.jpg,none,,,,,
214050_BM,214050,Earring STARRYNIGHT Bright Multicolor,_BM,Bright Multicolor,Jewellery,Earrings,Stud,Enamel; Zinc,Golden,,7.99,/232/52/214050_BM_1,214050_BM_1.jpg,none,,,,,
214060_BL,214060,Earring STARRYNIGHT Blue,_BL,Blue,Jewellery,Earrings,Dangle,Acrylic; Iron,Black Plating,,9.99,/232/52/214060_BL_1,214060_BL_1.jpg,none,,,,,
214066_BM,214066,Earring STARRYNIGHT Bright Multicolor,_BM,Bright Multicolor,Jewellery,Earrings,Dangle,Acrylic; Iron,Black Plating,,12.99,/232/52/214066_BM_1,214066_BM_1.jpg,none,,,,,
214117_BL,214117,Ring GUMMY PARTY Blue,_BL,Blue,Jewellery,Rings,Stone/Gem,Brass; Zirconium,Golden,,6.99,/232/52/214117_BL_1,214117_BL_1.jpg,none,,,,,
214117_GN,214117,Ring GUMMY PARTY Green,_GN,Green,Jewellery,Rings,Stone/Gem,Brass; Zirconium,Golden,,6.99,/232/52/214117_GN_1,214117_GN_1.jpg,none,,,,,
214118_BM,214118,Ring GUMMY PARTY Bright Multicolor,_BM,Bright Multicolor,Jewellery,Rings,Band Ring,Brass; Zirconium,Golden,,6.99,/232/52/214118_BM_1,214118_BM_1.jpg,none,,,,,
214123_BM,214123,Earring GUMMY PARTY Bright Multicolor,_BM,Bright Multicolor,Jewellery,Earrings,Dangle,Brass; Glass; Thermoplastic Polyurethane; Zinc,Brushed Golden,,5.99,/232/52/214123_BM_1,214123_BM_1.jpg,none,,,,,
214132_BM,214132,Earring GUMMY PARTY Bright Multicolor,_BM,Bright Multicolor,Jewellery,Earrings,Dangle,Glass; Iron; Polymer,Brushed Golden,,7.99,/232/52/214132_BM_1,214132_BM_1.jpg,none,,,,,
214137_BL,214137,Earring GUMMY PARTY Blue,_BL,Blue,Jewellery,Earrings,Hoop Earrings,Glass; Iron; Polymer,Black Nikel,,8.99,/232/52/214137_BL_1,214137_BL_1.jpg,none,,,,,
214137_GN,214137,Earring NEOPOP Green,_GN,Green,Jewellery,Earrings,Hoop Earrings,Zinc; Iron; Glass; Polymer,Black Nikel,,8.99,/242/52/214137_GN_1,214137_GN_1.jpg,none,,,,,
214139_BK,214139,Earring GUMMY PARTY Black,_BK,Black,Jewellery,Earrings,Dangle,Brass; Glass; Zinc; Polymer,Golden,,12.99,/232/52/214139_BK_1,214139_BK_1.jpg,none,,,,,
214146_BL,214146,Earring GUMMY PARTY Blue,_BL,Blue,Jewellery,Earrings,Dangle,Iron; Thermoplastic Polyurethane,Brushed Golden,,5.99,/232/52/214146_BL_1,214146_BL_1.jpg,none,,,,,
214153_BG,214153,Jewellery Box FASHION SUPPLEMENTS Beige,_BG,Beige,Jewellery,Other Jewellery,Jewellery Box,Polyester; Polyurethane; Zinc; MDF,Golden,,35.99,/232/52/214153_BG_1,214153_BG_1.jpg,none,,,,,
214158_HM,214158,Earring ORPHIC Halftone Multicolor,_HM,Halftone Multicolor,Jewellery,Earrings,Stud,Acrylic; Iron,Golden,,5.99,/232/52/214158_HM_1,214158_HM_1.jpg,none,,,,,
214164_HM,214164,Earring ORPHIC Halftone Multicolor,_HM,Halftone Multicolor,Jewellery,Earrings,Hoop Earrings,Iron; Resin; Stone,Golden,,7.99,/232/52/214164_HM_1,214164_HM_1.jpg,none,,,,,
214169_HM,214169,Necklace ORPHIC Halftone Multicolor,_HM,Halftone Multicolor,Jewellery,Necklaces,Beaded Necklace,Acrylic; Brass; Iron; Thermoplastic Polyurethane,Golden,,10.99,/232/52/214169_HM_1,214169_HM_1.jpg,none,,,,,
214185_HM,214185,Set of Necklaces mulstone Halftone Multicolor,_HM,Halftone Multicolor,Jewellery,Necklaces,Pendant,Glass; Iron; Stone; Zinc,Golden,,12.99,/232/52/214185_HM_1,214185_HM_1.jpg,none,,,,,
214200_HM,214200,Necklace mulstone Halftone Multicolor,_HM,Halftone Multicolor,Jewellery,Necklaces,Beaded Necklace,Copper; Iron; Polyester; Stone,Golden,,10.99,/232/52/214200_HM_1,214200_HM_1.jpg,none,,,,,
214210_HM,214210,Necklace mulstone Halftone Multicolor,_HM,Halftone Multicolor,Jewellery,Necklaces,Beaded Necklace,Acrylic; Glass; Iron; Stone; Thermoplastic Polyurethane,Golden,,12.99,/232/52/214210_HM_1,214210_HM_1.jpg,none,,,,,
214216_BL,214216,Necklace GUMMY PARTY Blue,_BL,Blue,Jewellery,Necklaces,Collar,Glass; Steel; Thermoplastic Polyurethane; Zinc,Golden,,12.99,/232/52/214216_BL_1,214216_BL_1.jpg,none,,,,,
214247_DM,214247,Earring GUMMY PARTY Dark Multicolor,_DM,Dark Multicolor,Jewellery,Earrings,Stud,Glass; Resin,Golden,,8.99,/232/52/214247_DM_1,214247_DM_1.jpg,none,,,,,
2143921MI,214392,Necklace Moonlight azure Midnight Blue,1MI,Midnight Blue,Jewellery,Necklaces,Pendant,Polyester; Thermoplastic Polyurethane,Golden,,10.99,/232/52/2143921MI_1,2143921MI_1.jpg,none,,,,,
214404_HM,214404,Necklace Moonlight azure Halftone Multicolor,_HM,Halftone Multicolor,Jewellery,Necklaces,Beaded Necklace,Iron; Stone; Thermoplastic Polyurethane,Golden,,10.99,/232/52/214404_HM_1,214404_HM_1.jpg,none,,,,,
214409_MI,214409,Earring Moonlight azure Midnight Blue,_MI,Midnight Blue,Jewellery,Earrings,Stud,Glass; Iron,Golden,,9.99,/232/52/214409_MI_1,214409_MI_1.jpg,none,,,,,
214473_OR,214473,Earring CANICHE CAMPAIGN Orange,_OR,Orange,Jewellery,Earrings,Drop,Brass,Golden,,25.99,/232/52/214473_OR_1,214473_OR_1.jpg,none,,,,,
214475_BM,214475,Ring CANICHE CAMPAIGN Bright Multicolor,_BM,Bright Multicolor,Jewellery,Rings,Fantasy,Glass; Iron,Golden,,17.99,/232/52/214475_BM_1,214475_BM_1.jpg,none,,,,,
214475_FU,214475,Ring CANICHE CAMPAIGN Fuchsia,_FU,Fuchsia,Jewellery,Rings,Fantasy,Glass; Iron,Golden,,17.99,/232/52/214475_FU_1,214475_FU_1.jpg,none,,,,,
214475_GN,214475,Ring CANICHE CAMPAIGN Green,_GN,Green,Jewellery,Rings,Fantasy,Glass; Iron,Golden,,17.99,/232/52/214475_GN_1,214475_GN_1.jpg,none,,,,,
214528_MI,214528,Earring Moonlight azure Midnight Blue,_MI,Midnight Blue,Jewellery,Earrings,Dangle,Brass; Glass; Iron; Thermoplastic Polyurethane,Golden,,17.99,/232/52/214528_MI_1,214528_MI_1.jpg,none,,,,,
214532_MI,214532,Necklace Moonlight azure Midnight Blue,_MI,Midnight Blue,Jewellery,Necklaces,Pendant,Enamel; Glass; Iron; Zamac,Golden,,12.99,/232/52/214532_MI_2y,214532_MI_2y.jpg,none,,,,,
214678_BM,214678,Earring TREND Bright Multicolor,_BM,Bright Multicolor,Jewellery,Earrings,Dangle,Acrylic; Glass; Pearl,Black Nikel,,19.99,/232/52/214678_BM_1,214678_BM_1.jpg,none,,,,,
214909_BK,214909,Necklace Halloween capsula Black,_BK,Black,Jewellery,Necklaces,Collar,Feather; Polyester,Other,,29.99,/232/52/214909_BK_1,214909_BK_1.jpg,none,,,,,
214917_SV,214917,Earring Hallo Silver,_SV,Silver,Jewellery,Earrings,Dangle,Brass; Glass,Silver,,19.99,/232/52/214917_SV_1,214917_SV_1.jpg,none,,,,,
214924_MM,214924,Self-Adhesive Gems Halloween capsula Metallic Multicolor,_MM,Metallic Multicolor,Jewellery,Other Jewellery,Self-Adhesive Gems,Thermoplastic Polyurethane,Other,,9.99,/232/52/214924_MM_1,214924_MM_1.jpg,none,,,,,
215106_NV,215106,Earring STARRYNIGHT Navy,_NV,Navy,Jewellery,Earrings,Dangle,Acrylic,Black Nikel,,8.99,/232/52/215106_NV_1,215106_NV_1.jpg,none,,,,,
215112_TL,215112,Earring STARRYNIGHT Teal,_TL,Teal,Jewellery,Earrings,Dangle,Enamel; Zinc,Black Plating,,8.99,/232/52/215112_TL_1,215112_TL_1.jpg,none,,,,,
215134_GD,215134,Earring Golden Basics Gold,_GD,Gold,Jewellery,Earrings,Dangle,Iron,Brushed Golden,,7.99,/232/52/215134_GD_1,215134_GD_1.jpg,none,,,,,
215272_BL,215272,Ring CANICHE CAMPAIGN Blue,_BL,Blue,Jewellery,Rings,Fantasy,Zinc,Golden,,12.99,/232/52/215272_BL_1,215272_BL_1.jpg,none,,,,,
215272_FU,215272,Ring CANICHE CAMPAIGN Fuchsia,_FU,Fuchsia,Jewellery,Rings,Fantasy,Zinc,Golden,,12.99,/232/52/215272_FU_1,215272_FU_1.jpg,none,,,,,
215272_GD,215272,Ring CANICHE CAMPAIGN Gold,_GD,Gold,Jewellery,Rings,Fantasy,Zinc,Golden,,12.99,/232/52/215272_GD_1,215272_GD_1.jpg,none,,,,,
215272_GN,215272,Ring CANICHE CAMPAIGN Green,_GN,Green,Jewellery,Rings,Fantasy,Zinc,Golden,,12.99,/232/52/215272_GN_1,215272_GN_1.jpg,none,,,,,
215465_BK,215465,Self-Adhesive Gems Halloween capsula Black,_BK,Black,Jewellery,Other Jewellery,Self-Adhesive Gems,Acrylic,Black Plating,,5.99,/232/52/215465_BK_1,215465_BK_1.jpg,none,,,,,
215485_GD,215485,Necklace Maxi nov Gold,_GD,Gold,Jewellery,Necklaces,Choker,Glass; Iron,Golden,,23.99,/232/52/215485_GD_1,215485_GD_1.jpg,none,,,,,
215501_SV,215501,Ring SILVER D Silver,_SV,Silver,Jewellery,Rings,Band Ring,Zinc,Rodhium,,4.99,/241/52/215501_SV_2y,215501_SV_2y.jpg,none,,,,,
215503_GD,215503,Ring GLDN DEL Gold,_GD,Gold,Jewellery,Rings,Cocktail,Zinc; Thermoplastic Polyurethane,Golden,,5.99,/241/52/215503_GD_2y,215503_GD_2y.jpg,none,,,,,
215503_SV,215503,Ring SILVER D Silver,_SV,Silver,Jewellery,Rings,Cocktail,Thermoplastic Polyurethane; Zinc,Golden,,5.99,/241/52/215503_SV_2y,215503_SV_2y.jpg,none,,,,,
215515_SV,215515,Earring SILVER D Silver,_SV,Silver,Jewellery,Earrings,Dangle,Glass; Iron,,,9.99,/241/52/215515_SV_1,215515_SV_1.jpg,none,,,,,
215527_GD,215527,Earring EYE COLLECTION Gold,_GD,Gold,Jewellery,Earrings,Hoop Earrings,Zinc,Worn Gold,,12.99,/232/52/215527_GD_1,215527_GD_1.jpg,none,,,,,
215538_HM,215538,Necklace GLDN DEL Halftone Multicolor,_HM,Halftone Multicolor,Jewellery,Necklaces,Y-Necklace,Glass; Iron,Golden,,12.99,/241/52/215538_HM_1,215538_HM_1.jpg,none,,,,,
215541_GD,215541,Earring GLDN DEL Gold,_GD,Gold,Jewellery,Earrings,Dangle,Brass,Golden,,4.99,/241/52/215541_GD_1,215541_GD_1.jpg,none,,,,,
215541_SV,215541,Earring SILVER D Silver,_SV,Silver,Jewellery,Earrings,Dangle,Brass,Golden,,4.99,/241/52/215541_SV_1,215541_SV_1.jpg,none,,,,,
215547_GD,215547,Earring GLDN DEL Gold,_GD,Gold,Jewellery,Earrings,Dangle,Iron; Zinc,Golden,,7.99,/241/52/215547_GD_1,215547_GD_1.jpg,none,,,,,
215547_SV,215547,Earring SILVER D Silver,_SV,Silver,Jewellery,Earrings,Dangle,Iron; Zinc,Golden,,7.99,/241/52/215547_SV_1,215547_SV_1.jpg,none,,,,,
215550_GD,215550,Earring GLDN DEL Gold,_GD,Gold,Jewellery,Earrings,Dangle,Acrylic; Iron; Thermoplastic Polyurethane,Golden,,5.99,/241/52/215550_GD_1,215550_GD_1.jpg,none,,,,,
215561_GD,215561,Earring GLDN DEL Gold,_GD,Gold,Jewellery,Earrings,Dangle,Brass; Pearl; Zirconium,Golden,,7.99,/241/52/215561_GD_1,215561_GD_1.jpg,none,,,,,
215561_SV,215561,Earring SILVER D Silver,_SV,Silver,Jewellery,Earrings,Dangle,Brass; Pearl; Zirconium,Rodhium,,7.99,/241/52/215561_SV_1,215561_SV_1.jpg,none,,,,,
215570_GD,215570,Earring GLDN DEL Gold,_GD,Gold,Jewellery,Earrings,Hoop Earrings,Brass; Zirconium,Golden,,7.99,/241/52/215570_GD_1,215570_GD_1.jpg,none,,,,,
215572_GD,215572,Set of Earrings GLDN DEL Gold,_GD,Gold,Jewellery,Earrings,Hoop Earrings,Acrylic; Brass; Zirconium,Golden,,4.99,/241/52/215572_GD_2y,215572_GD_2y.jpg,none,,,,,
215572_SV,215572,Set of Earrings SILVER D Silver,_SV,Silver,Jewellery,Earrings,Hoop Earrings,Acrylic; Brass; Zirconium,Golden,,4.99,/241/52/215572_SV_1y,215572_SV_1y.jpg,none,,,,,
215576_HM,215576,Earring GLDN DEL Halftone Multicolor,_HM,Halftone Multicolor,Jewellery,Earrings,Hoop Earrings,Brass; Pearl; Zirconium,,,9.99,/241/52/215576_HM_1,215576_HM_1.jpg,none,,,,,
215581_SV,215581,Earring SILVER D Silver,_SV,Silver,Jewellery,Earrings,Dangle,Iron,Rodhium,,7.99,/241/52/215581_SV_1,215581_SV_1.jpg,none,,,,,
215595_HM,215595,Earring GLDN DEL Halftone Multicolor,_HM,Halftone Multicolor,Jewellery,Earrings,Dangle,Copper; Glass; Iron,Golden,,8.99,/241/52/215595_HM_1,215595_HM_1.jpg,none,,,,,
215598_GD,215598,Earring GLDN DEL Gold,_GD,Gold,Jewellery,Earrings,Hoop Earrings,Copper; Glass,Golden,,5.99,/241/52/215598_GD_1,215598_GD_1.jpg,none,,,,,
215598_SV,215598,Earring SILVER D Silver,_SV,Silver,Jewellery,Earrings,Hoop Earrings,Copper; Glass,Golden,,5.99,/241/52/215598_SV_1,215598_SV_1.jpg,none,,,,,
215607_GD,215607,Earring GLDN DEL Gold,_GD,Gold,Jewellery,Earrings,Dangle,Brass; Zirconium,,,9.99,/241/52/215607_GD_1,215607_GD_1.jpg,none,,,,,
215617_GD,215617,Necklace GLDN DEL Gold,_GD,Gold,Jewellery,Necklaces,Y-Necklace,Brass; Pearl; Zirconium,Golden,,12.99,/241/52/215617_GD_1,215617_GD_1.jpg,none,,,,,
215617_SV,215617,Necklace SILVER D Silver,_SV,Silver,Jewellery,Necklaces,Y-Necklace,Brass; Pearl; Zirconium,Golden,,12.99,/241/52/215617_SV_1,215617_SV_1.jpg,none,,,,,
215624_GD,215624,Earring GLDN DEL Gold,_GD,Gold,Jewellery,Earrings,Dangle,Brass; Zinc,Golden,,8.99,/241/52/215624_GD_1,215624_GD_1.jpg,none,,,,,
215624_SV,215624,Earring SILVER D Silver,_SV,Silver,Jewellery,Earrings,Dangle,Brass; Zinc,Golden,,8.99,/241/52/215624_SV_1,215624_SV_1.jpg,none,,,,,
215639_GD,215639,Earring GLDN DEL Gold,_GD,Gold,Jewellery,Earrings,Dangle,Brass; Zirconium,Golden,,7.99,/241/52/215639_GD_1,215639_GD_1.jpg,none,,,,,
215645_GD,215645,Bracelet GLDN DEL Gold,_GD,Gold,Jewellery,Bracelets,Non-Adjustable Bracelet,Brass; Iron,Golden,,6.99,/241/52/215645_GD_1,215645_GD_1.jpg,none,,,,,
215645_SV,215645,Bracelet SILVER D Silver,_SV,Silver,Jewellery,Bracelets,Non-Adjustable Bracelet,Brass; Iron,Golden,,6.99,/241/52/215645_SV_1,215645_SV_1.jpg,none,,,,,
215649_GD,215649,Earring GLDN DEL Gold,_GD,Gold,Jewellery,Earrings,Dangle,Brass; Zirconium,Golden,,5.99,/241/52/215649_GD_1,215649_GD_1.jpg,none,,,,,
215655_GD,215655,Ring GLDN DEL Gold,_GD,Gold,Jewellery,Rings,Cocktail,Brass; Zirconium,Golden,,6.99,/241/52/215655_GD_1,215655_GD_1.jpg,none,,,,,
215655_SV,215655,Ring SILVER D Silver,_SV,Silver,Jewellery,Rings,Cocktail,Zirconium; Brass,Golden,,6.99,/241/52/215655_SV_1,215655_SV_1.jpg,none,,,,,
215879_IV,215879,Bracelet Golden Basics Extra Ivory,_IV,Ivory,Jewellery,Bracelets,Elastic Bracelet,Enamel; Zinc,,,9.99,/241/52/215879_IV_1,215879_IV_1.jpg,none,,,,,
215891_IV,215891,Earring Golden Basics Extra Ivory,_IV,Ivory,Jewellery,Earrings,Dangle,Enamel; Iron,,,9.99,/241/52/215891_IV_2y,215891_IV_2y.jpg,none,,,,,
215898_IV,215898,Bracelet Golden Basics Extra Ivory,_IV,Ivory,Jewellery,Bracelets,Adjustable Bracelet,Brass; Enamel; Thermoplastic Polyurethane,Golden,,6.99,/241/52/215898_IV_2y,215898_IV_2y.jpg,none,,,,,
215905_IV,215905,Earring Golden Basics Extra Ivory,_IV,Ivory,Jewellery,Earrings,Dangle,Enamel; Iron,Golden,,5.99,/241/52/215905_IV_1,215905_IV_1.jpg,none,,,,,
215913_IV,215913,Earring Golden Basics Extra Ivory,_IV,Ivory,Jewellery,Earrings,Dangle,Brass; Enamel; Zinc,,,9.99,/241/52/215913_IV_1,215913_IV_1.jpg,none,,,,,
215917_IV,215917,Earring PERMANENT - SUSPENDED FR Ivory,_IV,Ivory,Jewellery,Earrings,Stud,Enamel; Zinc,,,7.99,/241/52/215917_IV_1y,215917_IV_1y.jpg,none,,,,,
215917_MI,215917,Earring NEPTUNE Midnight Blue,_MI,Midnight Blue,Jewellery,Earrings,Stud,Zinc; Glass; Cork,Black Nikel,,7.99,/242/52/215917_MI_1,215917_MI_1.jpg,none,,,,,
215917_SV,215917,Earring SILVER BASICS Silver,_SV,Silver,Jewellery,Earrings,Stud,Enamel; Zinc,Golden,,7.99,/242/52/215917_SV_1,215917_SV_1.jpg,none,,,,,
215920_BK,215920,Ring Milagro Black,_BK,Black,Jewellery,Rings,Band Ring,Zinc; Enamel,Golden,,5.99,/242/52/215920_BK_1,215920_BK_1.jpg,none,,,,,
215920_IV,215920,Ring PERMANENT - SUSPENDED FR Ivory,_IV,Ivory,Jewellery,Rings,Band Ring,Enamel; Zinc,,,5.99,/241/52/215920_IV_1,215920_IV_1.jpg,none,,,,,
215922_IV,215922,Ring Golden Basics Extra Ivory,_IV,Ivory,Jewellery,Rings,Band Ring,Enamel; Zinc,Golden,,5.99,/241/52/215922_IV_2y,215922_IV_2y.jpg,none,,,,,
215928_IV,215928,Ring Golden Basics Extra Ivory,_IV,Ivory,Jewellery,Rings,Band Ring,Enamel; Zinc,Golden,,5.99,/241/52/215928_IV_2y,215928_IV_2y.jpg,none,,,,,
215934_GD,215934,Earring Golden Basics Gold,_GD,Gold,Jewellery,Earrings,Stud,Iron,Brushed Golden,,5.99,/241/52/215934_GD_2y,215934_GD_2y.jpg,none,,,,,
215944_GD,215944,Ring Golden Basics Gold,_GD,Gold,Jewellery,Rings,Cocktail,Zinc,Golden,,5.99,/241/52/215944_GD_1,215944_GD_1.jpg,none,,,,,
215950_GD,215950,Earring Golden Basics Gold,_GD,Gold,Jewellery,Earrings,Dangle,Iron,,,9.99,/241/52/215950_GD_1,215950_GD_1.jpg,none,,,,,
215958_GD,215958,Necklace Golden Basics Gold,_GD,Gold,Jewellery,Necklaces,Beaded Necklace,Brass; Steel; Thermoplastic Polyurethane,Golden,,12.99,/241/52/215958_GD_1,215958_GD_1.jpg,none,,,,,
215967_GD,215967,Ring Golden Basics Gold,_GD,Gold,Jewellery,Rings,Cocktail,Glass; Zinc,Golden,,5.99,/241/52/215967_GD_1,215967_GD_1.jpg,none,,,,,
215991_HM,215991,Earring mulstone Halftone Multicolor,_HM,Halftone Multicolor,Jewellery,Earrings,Dangle,Acrylic; Zinc,Brushed Golden,,8.99,/232/52/215991_HM_1,215991_HM_1.jpg,none,,,,,
215997_GD,215997,Earring Golden Basics Gold,_GD,Gold,Jewellery,Earrings,Hoop Earrings,Iron; Zinc,Light Golden,,7.99,/241/52/215997_GD_1,215997_GD_1.jpg,none,,,,,
216005_BM,216005,Ring STAR WARS Bright Multicolor,_BM,Bright Multicolor,Jewellery,Rings,Cocktail,Enamel; Glass; Zinc,Golden,,12.99,/232/52/216005_BM_1,216005_BM_1.jpg,none,,,,,
216010_BM,216010,Earring STAR WARS Bright Multicolor,_BM,Bright Multicolor,Jewellery,Earrings,Dangle,Enamel; Glass; Thermoplastic Polyurethane; Zinc,Golden,,19.99,/232/52/216010_BM_1,216010_BM_1.jpg,none,,,,,
216067_GD,216067,Earring Golden Basics Gold,_GD,Gold,Jewellery,Earrings,Dangle,Iron,Golden,,7.99,/241/52/216067_GD_1,216067_GD_1.jpg,none,,,,,
216083_IV,216083,Necklace Golden Basics Extra Ivory,_IV,Ivory,Jewellery,Necklaces,Pendant,Enamel; Iron; Zinc,,,10.99,/241/52/216083_IV_1,216083_IV_1.jpg,none,,,,,
216095_GD,216095,Earring Golden Basics Gold,_GD,Gold,Jewellery,Earrings,Stud,Zinc,Golden,,5.99,/241/52/216095_GD_1,216095_GD_1.jpg,none,,,,,
216102_PE,216102,Pin FASHION SUPPLEMENTS Pearl,_PE,Pearl,Jewellery,Pins,Flower,Brass; Enamel; Zinc,Golden,,5.99,/241/52/216102_PE_1,216102_PE_1.jpg,none,,,,,
216102_SV,216102,Pin FASHION SUPPLEMENTS Silver,_SV,Silver,Jewellery,Pins,Flower,Brass; Zinc,Rodhium,,5.99,/242/52/216102_SV_1,216102_SV_1.jpg,none,,,,,
216109_GD,216109,Necklace Golden Basics Gold,_GD,Gold,Jewellery,Necklaces,Pendant,Iron; Thermoplastic Rubber,,,10.99,/232/52/216109_GD_1,216109_GD_1.jpg,none,,,,,
216113_GD,216113,Bracelet Golden Basics Gold,_GD,Gold,Jewellery,Bracelets,Cuff,Iron,Golden,,12.99,/241/52/216113_GD_1y,216113_GD_1y.jpg,none,,,,,
216118_GD,216118,Bracelet Golden Basics Gold,_GD,Gold,Jewellery,Bracelets,Non-Adjustable Bracelet,Copper; Iron,,,9.99,/241/52/216118_GD_1,216118_GD_1.jpg,none,,,,,
216211_GD,216211,Necklace Golden Basics Gold,_GD,Gold,Jewellery,Necklaces,Beaded Necklace,Copper; Steel; Thermoplastic Polyurethane; Zinc,,,10.99,/241/52/216211_GD_1,216211_GD_1.jpg,none,,,,,
216215_GD,216215,Bracelet Golden Basics Gold,_GD,Gold,Jewellery,Bracelets,Cuff,Zinc,Golden,,8.99,/241/52/216215_GD_2y,216215_GD_2y.jpg,none,,,,,
216220_GD,216220,Earring Golden Basics Gold,_GD,Gold,Jewellery,Earrings,Dangle,Iron,,,9.99,/241/52/216220_GD_1,216220_GD_1.jpg,none,,,,,
216226_GD,216226,Necklace Golden Basics Gold,_GD,Gold,Jewellery,Necklaces,Bib Necklace,Iron,Matt Brushed Gold,,12.99,/241/52/216226_GD_1,216226_GD_1.jpg,none,,,,,
216231_GD,216231,Necklace Golden Basics Gold,_GD,Gold,Jewellery,Necklaces,Chain,Copper; Iron,Golden,,12.99,/241/52/216231_GD_1,216231_GD_1.jpg,none,,,,,
216239_GD,216239,Set of Necklaces Golden Basics Gold,_GD,Gold,Jewellery,Necklaces,Chain,Brass; Iron; Zinc,Golden,,12.99,/241/52/216239_GD_1,216239_GD_1.jpg,none,,,,,
216244_IV,216244,Bracelet Golden Basics Extra Ivory,_IV,Ivory,Jewellery,Bracelets,Adjustable Bracelet,Brass; Enamel; Thermoplastic Polyurethane; Zinc,Golden,,7.99,/241/52/216244_IV_1,216244_IV_1.jpg,none,,,,,
216250_IV,216250,Necklace Golden Basics Extra Ivory,_IV,Ivory,Jewellery,Necklaces,Pendant,Enamel; Iron; Zinc,,,10.99,/241/52/216250_IV_1,216250_IV_1.jpg,none,,,,,
216252_BL,216252,Earring DOMINICA Blue,_BL,Blue,Jewellery,Earrings,Stud,Enamel; Zinc,Golden,,7.99,/241/52/216252_BL_2y,216252_BL_2y.jpg,none,,,,,
216252_RO,216252,Earring ETHNICS Old Rose,_RO,Old Rose,Jewellery,Earrings,Stud,Enamel; Zinc,Worn Gold,,7.99,/241/52/216252_RO_1,216252_RO_1.jpg,none,,,,,
216257_IV,216257,Set of Bracelets Golden Basics Extra Ivory,_IV,Ivory,Jewellery,Bracelets,Elastic Bracelet,Zinc; Enamel; Thermoplastic Polyurethane,Golden,,7.99,/241/52/216257_IV_2y,216257_IV_2y.jpg,none,,,,,
216278_BM,216278,Key Chain FASHION SUPPLEMENTS Bright Multicolor,_BM,Bright Multicolor,Jewellery,Key chains,Other Key-Chain,Acrylic; Iron; Zinc,Golden,,8.99,/241/52/216278_BM_1,216278_BM_1.jpg,none,,,,,
216293_PE,216293,Pin FASHION SUPPLEMENTS Pearl,_PE,Pearl,Jewellery,Pins,Flower,Acrylic; Zinc,Golden,,6.99,/241/52/216293_PE_1,216293_PE_1.jpg,none,,,,,
216297_GD,216297,Pin FASHION SUPPLEMENTS Gold,_GD,Gold,Jewellery,Pins,Flower,Brass; Glass; Zinc,Golden,,6.99,/241/52/216297_GD_1,216297_GD_1.jpg,none,,,,,
216314_IV,216314,Earring Golden Basics Extra Ivory,_IV,Ivory,Jewellery,Earrings,Dangle,Brass; Enamel; Iron,Golden,,7.99,/241/52/216314_IV_1,216314_IV_1.jpg,none,,,,,
216322_IV,216322,Necklace Golden Basics Extra Ivory,_IV,Ivory,Jewellery,Necklaces,Beaded Necklace,Brass; Enamel; Zinc,Golden,,15.99,/241/52/216322_IV_1,216322_IV_1.jpg,none,,,,,
216335_IV,216335,Earring Golden Basics Extra Ivory,_IV,Ivory,Jewellery,Earrings,Dangle,Enamel; Iron; Zamac,Golden,,5.99,/241/52/216335_IV_1,216335_IV_1.jpg,none,,,,,
216383_GD,216383,Earring Golden Basics Gold,_GD,Gold,Jewellery,Earrings,Dangle,Iron,Multifinishing,,7.99,/241/52/216383_GD_1,216383_GD_1.jpg,none,,,,,
216429_GD,216429,Earring REAL PEARLS Gold,_GD,Gold,Jewellery,Earrings,Hoop Earrings,Pearl; Zinc,Worn Gold,,25.99,/232/52/216429_GD_1,216429_GD_1.jpg,none,,,,,
216433_GD,216433,Necklace REAL PEARLS Gold,_GD,Gold,Jewellery,Necklaces,Beaded Necklace,Pearl; Zinc,Worn Gold,,95.99,/232/52/216433_GD_1,216433_GD_1.jpg,none,,,,,
216441_GD,216441,Earring REAL PEARLS Gold,_GD,Gold,Jewellery,Earrings,Drop,Brass; Pearl,Worn Gold,,17.99,/232/52/216441_GD_1,216441_GD_1.jpg,none,,,,,
216655_MI,216655,Earring Moonlight azure Midnight Blue,_MI,Midnight Blue,Jewellery,Earrings,Hoop Earrings,Glass; Iron; Zinc,Golden,,5.99,/232/52/216655_MI_1,216655_MI_1.jpg,none,,,,,
2166681HM,216668,Bracelet Gipsy Garden Halftone Multicolor,1HM,Halftone Multicolor,Jewellery,Bracelets,Adjustable Bracelet,Iron; Resin,Worn Gold,,6.99,/241/52/2166681HM_1,2166681HM_1.jpg,none,,,,,
216674_DM,216674,Earring Gipsy Garden Dark Multicolor,_DM,Dark Multicolor,Jewellery,Earrings,Hoop Earrings,Thermoplastic Polyurethane; Zinc,Worn Gold,,7.99,/241/52/216674_DM_1,216674_DM_1.jpg,none,,,,,
216683_DM,216683,Earring Gipsy Garden Dark Multicolor,_DM,Dark Multicolor,Jewellery,Earrings,Dangle,Iron; Zamac; Acrylic,Worn Gold,,5.99,/241/52/216683_DM_1,216683_DM_1.jpg,none,,,,,
216692_HM,216692,Necklace Gipsy Garden Halftone Multicolor,_HM,Halftone Multicolor,Jewellery,Necklaces,Collar,Acrylic; Iron; Thermoplastic Polyurethane; Zinc,,,10.99,/241/52/216692_HM_1,216692_HM_1.jpg,none,,,,,
216698_DM,216698,Earring Gipsy Garden Dark Multicolor,_DM,Dark Multicolor,Jewellery,Earrings,Dangle,Iron; Resin; Zinc,Worn Gold,,8.99,/241/52/216698_DM_1,216698_DM_1.jpg,none,,,,,
216704_GD,216704,Ring Golden Basics Gold,_GD,Gold,Jewellery,Rings,Cocktail,Brass,Golden,,5.99,/232/52/216704_GD_1,216704_GD_1.jpg,none,,,,,
216712_DM,216712,Necklace Gipsy Garden Dark Multicolor,_DM,Dark Multicolor,Jewellery,Necklaces,Beaded Necklace,Brass; Iron; Resin; Thermoplastic Polyurethane; Zinc,,,10.99,/241/52/216712_DM_1,216712_DM_1.jpg,none,,,,,
216720_DM,216720,Bracelet Gipsy Garden Dark Multicolor,_DM,Dark Multicolor,Jewellery,Bracelets,Non-Adjustable Bracelet,Brass; Resin; Zinc,,,9.99,/241/52/216720_DM_1,216720_DM_1.jpg,none,,,,,
216724_BU,216724,Necklace Gipsy Garden Burgundy,_BU,Burgundy,Jewellery,Necklaces,Pendant,Iron; Resin; Zinc,Worn Gold,,12.99,/241/52/216724_BU_1,216724_BU_1.jpg,none,,,,,
216747_DM,216747,Ring Gipsy Garden Dark Multicolor,_DM,Dark Multicolor,Jewellery,Rings,Fantasy,Thermoplastic Polyurethane; Zinc,Worn Gold,,6.99,/241/52/216747_DM_1,216747_DM_1.jpg,none,,,,,
216752_DM,216752,Bracelet Gipsy Garden Dark Multicolor,_DM,Dark Multicolor,Jewellery,Bracelets,Elastic Bracelet,Acrylic; Thermoplastic Polyurethane; Zinc,,,9.99,/241/52/216752_DM_1,216752_DM_1.jpg,none,,,,,
216833_HM,216833,Necklace VENDREDI Halftone Multicolor,_HM,Halftone Multicolor,Jewellery,Necklaces,Pendant,Acrylic; Brass; Iron; Zinc; Metal and Plastic,Golden,,12.99,/241/52/216833_HM_1,216833_HM_1.jpg,none,,,,,
216842_HM,216842,Bracelet GLDN DEL Halftone Multicolor,_HM,Halftone Multicolor,Jewellery,Bracelets,Non-Adjustable Bracelet,Zirconium; Zinc,Golden,,7.99,/241/52/216842_HM_2y,216842_HM_2y.jpg,none,,,,,
216881_HM,216881,Earring VENDREDI Halftone Multicolor,_HM,Halftone Multicolor,Jewellery,Earrings,Dangle,Acrylic; Brass; Iron,Brushed Golden,,8.99,/241/52/216881_HM_1,216881_HM_1.jpg,none,,,,,
216887_HM,216887,Earring VENDREDI Halftone Multicolor,_HM,Halftone Multicolor,Jewellery,Earrings,Dangle,Acrylic; Brass; Iron; Resin,,,9.99,/241/52/216887_HM_1,216887_HM_1.jpg,none,,,,,
216900_HM,216900,Earring VENDREDI Halftone Multicolor,_HM,Halftone Multicolor,Jewellery,Earrings,Hoop Earrings,Acrylic; Brass; Iron; Thermoplastic Polyurethane,Golden,,7.99,/241/52/216900_HM_1,216900_HM_1.jpg,none,,,,,
216911_TG,216911,Ring VENDREDI Pastel Green,_TG,Pastel Green,Jewellery,Rings,Fantasy,Resin; Zinc,Golden,,6.99,/241/52/216911_TG_1,216911_TG_1.jpg,none,,,,,
216919_HM,216919,Earring VENDREDI Halftone Multicolor,_HM,Halftone Multicolor,Jewellery,Earrings,Stud,Steel; Thermoplastic Polyurethane,Golden,,5.99,/241/52/216919_HM_1,216919_HM_1.jpg,none,,,,,
216924_HM,216924,Earring VENDREDI Halftone Multicolor,_HM,Halftone Multicolor,Jewellery,Earrings,Hoop Earrings,Acrylic; Iron; Thermoplastic Polyurethane,Golden,,5.99,/241/52/216924_HM_1,216924_HM_1.jpg,none,,,,,
216932_HM,216932,Necklace VENDREDI Halftone Multicolor,_HM,Halftone Multicolor,Jewellery,Necklaces,Beaded Necklace,Copper; Iron; Resin; Zamac,,,10.99,/241/52/216932_HM_1,216932_HM_1.jpg,none,,,,,
216973_GD,216973,Necklace GOLDEN PEARLS Gold,_GD,Gold,Jewellery,Necklaces,Beaded Necklace,Acrylic; Brass,,,10.99,/241/52/216973_GD_1,216973_GD_1.jpg,none,,,,,
216977_GD,216977,Earring GOLDEN PEARLS Gold,_GD,Gold,Jewellery,Earrings,Dangle,Acrylic; Brass; Iron,Brushed Golden,,7.99,/241/52/216977_GD_1,216977_GD_1.jpg,none,,,,,
216981_GD,216981,Necklace GOLDEN PEARLS Gold,_GD,Gold,Jewellery,Necklaces,Pendant,Thermoplastic Polyurethane; Zinc,,,10.99,/241/52/216981_GD_2y,216981_GD_2y.jpg,none,,,,,
216985_GD,216985,Earring GOLDEN PEARLS Gold,_GD,Gold,Jewellery,Earrings,Dangle,Acrylic; Zinc,Golden,,5.99,/241/52/216985_GD_2y,216985_GD_2y.jpg,none,,,,,
216989_GD,216989,Earring GOLDEN PEARLS Gold,_GD,Gold,Jewellery,Earrings,Drop,Acrylic; Pearl,Golden,,8.99,/241/52/216989_GD_1,216989_GD_1.jpg,none,,,,,
216994_BM,216994,Bracelet ARM LOVERS Bright Multicolor,_BM,Bright Multicolor,Jewellery,Bracelets,Adjustable Bracelet,Copper; Polyester; Zirconium,Golden,,5.99,/241/52/216994_BM_2y,216994_BM_2y.jpg,none,,,,,
216998_BM,216998,Bracelet ARM LOVERS Bright Multicolor,_BM,Bright Multicolor,Jewellery,Bracelets,Adjustable Bracelet,Brass; Enamel; Polyester; Zinc,Golden,,7.99,/241/52/216998_BM_2y,216998_BM_2y.jpg,none,,,,,
216999_BG,216999,Bracelet Arm Sand Beige,_BG,Beige,Jewellery,Bracelets,Adjustable Bracelet,Brass; Polyester; Zirconium,Golden,,5.99,/242/52/216999_BG_1,216999_BG_1.jpg,none,,,,,
216999_BL,216999,Bracelet ARM NIGHT Blue,_BL,Blue,Jewellery,Bracelets,Adjustable Bracelet,Brass; Polyester; Zirconium,Golden,,5.99,/241/52/216999_BL_1,216999_BL_1.jpg,none,,,,,
217052_MI,217052,Bracelet Moonlight azure Midnight Blue,_MI,Midnight Blue,Jewellery,Bracelets,Bangle,Enamel; Zinc,Gold Plated,,8.99,/232/52/217052_MI_1,217052_MI_1.jpg,none,,,,,
217127_HM,217127,Key Chain FASHION SUPPLEMENTS Halftone Multicolor,_HM,Halftone Multicolor,Jewellery,Key chains,Charms,Iron; Iron; Resin; Zinc; Enamel,Golden,,12.99,/241/52/217127_HM_1,217127_HM_1.jpg,none,,,,,
217148_HM,217148,Bracelet mulstone Halftone Multicolor,_HM,Halftone Multicolor,Jewellery,Bracelets,Elastic Bracelet,Acrylic; Stone; Thermoplastic Polyurethane; Zinc,Brushed Golden,,9.99,/232/52/217148_HM_2y,217148_HM_2y.jpg,none,,,,,
217158_HM,217158,Set of Bracelets mulstone Halftone Multicolor,_HM,Halftone Multicolor,Jewellery,Bracelets,Elastic Bracelet,Acrylic; Glass; Thermoplastic Polyurethane,Worn Gold,,7.99,/232/52/217158_HM_2y,217158_HM_2y.jpg,none,,,,,
217185_PK,217185,Earring CUPID Pink,_PK,Pink,Jewellery,Earrings,Stud,Suede; Zinc,,,9.99,/241/52/217185_PK_1,217185_PK_1.jpg,none,,,,,
217198_RD,217198,Necklace CUPID Red,_RD,Red,Jewellery,Necklaces,Pendant,Cotton; Glass,,,10.99,/241/52/217198_RD_1,217198_RD_1.jpg,none,,,,,
217207_PE,217207,Necklace CUPID Pearl,_PE,Pearl,Jewellery,Necklaces,Beaded Necklace,Acrylic; Copper; Resin,Other,,15.99,/241/52/217207_PE_1,217207_PE_1.jpg,none,,,,,
217298_SV,217298,Earring SHADES OF COOL Silver,_SV,Silver,Jewellery,Earrings,Hoop Earrings,Iron,Antik Silver,,5.99,/241/52/217298_SV_1,217298_SV_1.jpg,none,,,,,
217305_SV,217305,Earring SHADES OF COOL Silver,_SV,Silver,Jewellery,Earrings,Dangle,Iron; Pearl; Zinc,,,9.99,/241/52/217305_SV_1,217305_SV_1.jpg,none,,,,,
217309_SV,217309,Earring SHADES OF COOL Silver,_SV,Silver,Jewellery,Earrings,Dangle,Zinc,Rodhium,,5.99,/241/52/217309_SV_1,217309_SV_1.jpg,none,,,,,
217314_SV,217314,Necklace SILVER BASICS Silver,_SV,Silver,Jewellery,Necklaces,Chain,Iron; Zinc,Rodhium,,15.99,/241/52/217314_SV_1,217314_SV_1.jpg,none,,,,,
217321_SV,217321,Necklace SHADES OF COOL Silver,_SV,Silver,Jewellery,Necklaces,Pendant,Iron; Thermoplastic Polyurethane,,,10.99,/241/52/217321_SV_1,217321_SV_1.jpg,none,,,,,
217336_GD,217336,Earring Golden Basics Gold,_GD,Gold,Jewellery,Earrings,Hoop Earrings,Zinc,Golden,,5.99,/242/52/217336_GD_1,217336_GD_1.jpg,none,,,,,
217336_SV,217336,Earring SILVER BASICS Silver,_SV,Silver,Jewellery,Earrings,Hoop Earrings,Zinc,Rodhium,,5.99,/241/52/217336_SV_1,217336_SV_1.jpg,none,,,,,
217337_SV,217337,Ring SHADES OF COOL Silver,_SV,Silver,Jewellery,Rings,Band Ring,Zinc,Rodhium,,5.99,/241/52/217337_SV_1,217337_SV_1.jpg,none,,,,,
217348_SV,217348,Earring SHADES OF COOL Silver,_SV,Silver,Jewellery,Earrings,Hoop Earrings,Copper; Iron; Zamac,Rodhium,,5.99,/241/52/217348_SV_1,217348_SV_1.jpg,none,,,,,
217369_SV,217369,Earring SHADES OF COOL Silver,_SV,Silver,Jewellery,Earrings,Hoop Earrings,Zinc,Rodhium,,5.99,/241/52/217369_SV_1,217369_SV_1.jpg,none,,,,,
217374_SV,217374,Necklace SHADES OF COOL Silver,_SV,Silver,Jewellery,Necklaces,Chain,Iron; Zinc,Rodhium,,17.99,/241/52/217374_SV_1,217374_SV_1.jpg,none,,,,,
217379_SV,217379,Ring SHADES OF COOL Silver,_SV,Silver,Jewellery,Rings,Band Ring,Zinc,Rodhium,,4.99,/241/52/217379_SV_1,217379_SV_1.jpg,none,,,,,
217386_SV,217386,Earring SHADES OF COOL Silver,_SV,Silver,Jewellery,Earrings,Hoop Earrings,Zinc,Rodhium,,5.99,/241/52/217386_SV_1,217386_SV_1.jpg,none,,,,,
217393_SV,217393,Earring SHADES OF COOL Silver,_SV,Silver,Jewellery,Earrings,Stud,Acrylic,Rodhium,,5.99,/241/52/217393_SV_1,217393_SV_1.jpg,none,,,,,
217398_SV,217398,Earring SHADES OF COOL Silver,_SV,Silver,Jewellery,Earrings,Stud,Iron; Zinc,Rodhium,,5.99,/241/52/217398_SV_1,217398_SV_1.jpg,none,,,,,
217403_SV,217403,Necklace SHADES OF COOL Silver,_SV,Silver,Jewellery,Necklaces,Pendant,Iron; Zinc; Velvet,Rodhium,,12.99,/241/52/217403_SV_1,217403_SV_1.jpg,none,,,,,
217417_HM,217417,Earring VENDREDI Halftone Multicolor,_HM,Halftone Multicolor,Jewellery,Earrings,Dangle,Acrylic,Golden,,5.99,/241/52/217417_HM_1,217417_HM_1.jpg,none,,,,,
217423_HM,217423,Earring FLEURSDUMER Halftone Multicolor,_HM,Halftone Multicolor,Jewellery,Earrings,Dangle,Acrylic; Zinc,Brushed Golden,,5.99,/241/52/217423_HM_1,217423_HM_1.jpg,none,,,,,
217433_SV,217433,Earring SHADES OF COOL Silver,_SV,Silver,Jewellery,Earrings,Hoop Earrings,Iron; Thermoplastic Polyurethane,Rodhium,,5.99,/232/52/217433_SV_1,217433_SV_1.jpg,none,,,,,
217448_HM,217448,Earring FLEURSDUMER Halftone Multicolor,_HM,Halftone Multicolor,Jewellery,Earrings,Hoop Earrings,Acrylic; Iron,Brushed Golden,,7.99,/241/52/217448_HM_1,217448_HM_1.jpg,none,,,,,
217453_HM,217453,Earring FLEURSDUMER Halftone Multicolor,_HM,Halftone Multicolor,Jewellery,Earrings,Stud,Resin; Zinc,Golden,,7.99,/241/52/217453_HM_1,217453_HM_1.jpg,none,,,,,
217460_HM,217460,Necklace FLEURSDUMER Halftone Multicolor,_HM,Halftone Multicolor,Jewellery,Necklaces,Beaded Necklace,Brass; Iron; Resin; Zinc,Brushed Golden,,15.99,/241/52/217460_HM_1,217460_HM_1.jpg,none,,,,,
217466_HM,217466,Necklace FLEURSDUMER Halftone Multicolor,_HM,Halftone Multicolor,Jewellery,Necklaces,Beaded Necklace,Iron; Resin; Stone,Brushed Golden,,12.99,/241/52/217466_HM_1,217466_HM_1.jpg,none,,,,,
217479_DN,217479,Earring FLEURSDUMER Dark Green,_DN,Dark Green,Jewellery,Earrings,Dangle,Brass; Steel; Thermoplastic Polyurethane,Golden,,7.99,/241/52/217479_DN_1,217479_DN_1.jpg,none,,,,,
217479_FG,217479,Earring FLEURSDUMER Forest Green,_FG,Forest Green,Jewellery,Earrings,Dangle,Steel; Thermoplastic Polyurethane; Brass,Golden,,7.99,/241/52/217479_FG_1,217479_FG_1.jpg,none,,,,,
217479_MV,217479,Earring FLEURSDUMER Mauve,_MV,Mauve,Jewellery,Earrings,Dangle,Brass; Steel; Thermoplastic Polyurethane,Golden,,7.99,/241/52/217479_MV_1,217479_MV_1.jpg,none,,,,,
217480_DN,217480,Bracelet FLEURSDUMER Dark Green,_DN,Dark Green,Jewellery,Bracelets,Arm Bangle,Acrylic; Stone; Zinc,,,9.99,/241/52/217480_DN_1,217480_DN_1.jpg,none,,,,,
217480_MV,217480,Bracelet FLEURSDUMER Mauve,_MV,Mauve,Jewellery,Bracelets,Arm Bangle,Acrylic; Stone; Zinc,,,9.99,/241/52/217480_MV_1,217480_MV_1.jpg,none,,,,,
217486_HM,217486,Necklace FLEURSDUMER Halftone Multicolor,_HM,Halftone Multicolor,Jewellery,Necklaces,Pendant,Brass; Iron; Resin; Thermoplastic Polyurethane,Worn Gold,,12.99,/241/52/217486_HM_1,217486_HM_1.jpg,none,,,,,
217519_SV,217519,Necklace SHADES OF COOL Silver,_SV,Silver,Jewellery,Necklaces,Chain,Zinc,Silver,,12.99,/241/52/217519_SV_2y,217519_SV_2y.jpg,none,,,,,
217524_SV,217524,Ring SHADES OF COOL Silver,_SV,Silver,Jewellery,Rings,Cocktail,Zinc,Silver,,5.99,/232/52/217524_SV_1,217524_SV_1.jpg,none,,,,,
217529_SV,217529,Set of Necklaces SHADES OF COOL Silver,_SV,Silver,Jewellery,Necklaces,Pendant,Iron; Thermoplastic Polyurethane,Silver,,12.99,/232/52/217529_SV_2y,217529_SV_2y.jpg,none,,,,,
217541_SV,217541,Earring SHADES OF COOL Silver,_SV,Silver,Jewellery,Earrings,Dangle,Iron; Zinc,Rodhium,,7.99,/241/52/217541_SV_1,217541_SV_1.jpg,none,,,,,
217548_BM,217548,Key Chain FASHION SUPPLEMENTS Bright Multicolor,_BM,Bright Multicolor,Jewellery,Key chains,Charms,Acrylic; Iron; Iron; Zinc,Golden,,12.99,/241/52/217548_BM_1,217548_BM_1.jpg,none,,,,,
217635_SV,217635,Set of Earrings SILVER D Silver,_SV,Silver,Jewellery,Earrings,Hoop Earrings,Acrylic; Glass; Iron; Zinc,Rodhium,,4.99,/241/52/217635_SV_1,217635_SV_1.jpg,none,,,,,
217640_GD,217640,Earring GLDN DEL Gold,_GD,Gold,Jewellery,Earrings,Hoop Earrings,Brass,Golden,,4.99,/241/52/217640_GD_2y,217640_GD_2y.jpg,none,,,,,
217640_SV,217640,Earring SILVER D Silver,_SV,Silver,Jewellery,Earrings,Hoop Earrings,Brass,Golden,,4.99,/241/52/217640_SV_1,217640_SV_1.jpg,none,,,,,
217641_GD,217641,Bracelet GLDN DEL Gold,_GD,Gold,Jewellery,Bracelets,Adjustable Bracelet,Brass,Golden,,5.99,/241/52/217641_GD_1,217641_GD_1.jpg,none,,,,,
217660_GD,217660,Earring GLDN DEL Gold,_GD,Gold,Jewellery,Earrings,Hoop Earrings,Brass,Golden,,5.99,/241/52/217660_GD_1,217660_GD_1.jpg,none,,,,,
217674_GD,217674,Earring Golden Basics Gold,_GD,Gold,Jewellery,Earrings,Hoop Earrings,Zinc,Golden,,4.99,/241/52/217674_GD_1,217674_GD_1.jpg,none,,,,,
217675_GD,217675,Earring Golden Basics Gold,_GD,Gold,Jewellery,Earrings,Stud,Zinc,Golden,,7.99,/241/52/217675_GD_1,217675_GD_1.jpg,none,,,,,
217675_SV,217675,Earring SILVER BASICS Silver,_SV,Silver,Jewellery,Earrings,Stud,Zinc,Rodhium,,7.99,/242/52/217675_SV_1,217675_SV_1.jpg,none,,,,,
217681_GD,217681,Set of Earrings Golden Basics Gold,_GD,Gold,Jewellery,Earrings,Hoop Earrings,Iron; Zinc,Golden,,7.99,/241/52/217681_GD_1,217681_GD_1.jpg,none,,,,,
217686_GD,217686,Earring Golden Basics Gold,_GD,Gold,Jewellery,Earrings,Hoop Earrings,Zinc,Golden,,5.99,/241/52/217686_GD_1,217686_GD_1.jpg,none,,,,,
217692_IV,217692,Earring Golden Basics Extra Ivory,_IV,Ivory,Jewellery,Earrings,Hoop Earrings,Enamel; Iron; Zamac,Golden,,5.99,/241/52/217692_IV_1,217692_IV_1.jpg,none,,,,,
217697_GD,217697,Bracelet Golden Basics Gold,_GD,Gold,Jewellery,Bracelets,Arm Bangle,Zinc,Golden,,8.99,/241/52/217697_GD_1,217697_GD_1.jpg,none,,,,,
218259_DN,218259,Mobile Holder FASHION SUPPLEMENTS Dark Green,_DN,Dark Green,Jewellery,Mobile Accessories,Mobile Holder,Iron; Polyester,Other,,8.99,/241/52/218259_DN_1,218259_DN_1.jpg,none,,,,,
218300_HM,218300,Earring ETHNICS Halftone Multicolor,_HM,Halftone Multicolor,Jewellery,Earrings,Dangle,Iron; Thermoplastic Polyurethane; Zinc,Worn Gold,,7.99,/241/52/218300_HM_1,218300_HM_1.jpg,none,,,,,
218309_GD,218309,Necklace ETHNICS Gold,_GD,Gold,Jewellery,Necklaces,Chain,Copper; Zinc,Worn Gold,,15.99,/241/52/218309_GD_1,218309_GD_1.jpg,none,,,,,
218314_HM,218314,Set of Earrings ETHNICS Halftone Multicolor,_HM,Halftone Multicolor,Jewellery,Earrings,Hoop Earrings,Resin; Zinc,,,9.99,/241/52/218314_HM_1,218314_HM_1.jpg,none,,,,,
218321_BN,218321,Necklace ETHNICS Brown,_BN,Brown,Jewellery,Necklaces,Pendant,Polyamide; Zinc,,,10.99,/241/52/218321_BN_1,218321_BN_1.jpg,none,,,,,
218326_RO,218326,Earring ETHNICS Old Rose,_RO,Old Rose,Jewellery,Earrings,Hoop Earrings,Enamel; Zinc,Worn Gold,,5.99,/241/52/218326_RO_1,218326_RO_1.jpg,none,,,,,
218332_HM,218332,Necklace ETHNICS Halftone Multicolor,_HM,Halftone Multicolor,Jewellery,Necklaces,Pendant,Brass; Thermoplastic Polyurethane,,,10.99,/241/52/218332_HM_1,218332_HM_1.jpg,none,,,,,
218339_HM,218339,Earring ETHNICS Halftone Multicolor,_HM,Halftone Multicolor,Jewellery,Earrings,Dangle,Resin; Zinc,Worn Gold,,7.99,/241/52/218339_HM_1,218339_HM_1.jpg,none,,,,,
218345_HM,218345,Necklace ETHNICS Halftone Multicolor,_HM,Halftone Multicolor,Jewellery,Necklaces,Pendant,Iron; Stone,Worn Gold,,12.99,/241/52/218345_HM_1,218345_HM_1.jpg,none,,,,,
218359_BM,218359,Necklace SUNSET JUNCTION Bright Multicolor,_BM,Bright Multicolor,Jewellery,Necklaces,Beaded Necklace,Iron; Resin; Stone; Zinc,Brushed Golden,,12.99,/241/52/218359_BM_1,218359_BM_1.jpg,none,,,,,
218365_WT,218365,Ring ETHNICS White,_WT,White,Jewellery,Rings,Band Ring,Enamel; Zinc,Other,,6.99,/241/52/218365_WT_1,218365_WT_1.jpg,none,,,,,
218371_HM,218371,Bracelet ETHNICS Halftone Multicolor,_HM,Halftone Multicolor,Jewellery,Bracelets,Non-Adjustable Bracelet,Polyurethane; Resin; Zinc,Golden,,8.99,/241/52/218371_HM_1,218371_HM_1.jpg,none,,,,,
218378_IV,218378,Necklace ETHNICS Ivory,_IV,Ivory,Jewellery,Necklaces,Pendant,Brass; Cotton; Iron; Zinc,Worn Gold,,15.99,/241/52/218378_IV_1,218378_IV_1.jpg,none,,,,,
218384_BN,218384,Necklace ETHNICS Brown,_BN,Brown,Jewellery,Necklaces,Pendant,Suede; Zinc,,,10.99,/241/52/218384_BN_1,218384_BN_1.jpg,none,,,,,
218425_HM,218425,Earring ETHNICS Halftone Multicolor,_HM,Halftone Multicolor,Jewellery,Earrings,Stud,Iron; Resin,Worn Gold,,5.99,/241/52/218425_HM_2y,218425_HM_2y.jpg,none,,,,,
218475_BM,218475,Necklace SUNSET JUNCTION Bright Multicolor,_BM,Bright Multicolor,Jewellery,Necklaces,Pendant,Cotton; Glass; Iron,,,10.99,/241/52/218475_BM_1,218475_BM_1.jpg,none,,,,,
218484_BM,218484,Earring SUNSET JUNCTION Bright Multicolor,_BM,Bright Multicolor,Jewellery,Earrings,Hoop Earrings,Acrylic,Other,,5.99,/241/52/218484_BM_1,218484_BM_1.jpg,none,,,,,
218492_ID,218492,Ring SUNSET JUNCTION Indigo Dye,_ID,Indigo Dye,Jewellery,Rings,Fantasy,Resin,Other,,6.99,/241/52/218492_ID_1,218492_ID_1.jpg,none,,,,,
218518_HM,218518,Necklace SUNSET JUNCTION Halftone Multicolor,_HM,Halftone Multicolor,Jewellery,Necklaces,Collar,Metal and Plastic; Acrylic; Brass; Iron; Stone,Brushed Golden,,12.99,/241/52/218518_HM_1,218518_HM_1.jpg,none,,,,,
218523_OR,218523,Earring SUNSET JUNCTION Orange,_OR,Orange,Jewellery,Earrings,Hoop Earrings,Stone; Zinc,Golden,,5.99,/241/52/218523_OR_1,218523_OR_1.jpg,none,,,,,
218534_GD,218534,Earring GLDN DEL Gold,_GD,Gold,Jewellery,Earrings,Dangle,Copper; Iron,Golden,,8.99,/241/52/218534_GD_1,218534_GD_1.jpg,none,,,,,
218546_GD,218546,Ring GLDN DEL Gold,_GD,Gold,Jewellery,Rings,Cocktail,Copper; Zirconium,Golden,,6.99,/241/52/218546_GD_1,218546_GD_1.jpg,none,,,,,
218546_SV,218546,Ring SILVER D Silver,_SV,Silver,Jewellery,Rings,Cocktail,Copper; Zirconium,Golden,,6.99,/241/52/218546_SV_1,218546_SV_1.jpg,none,,,,,
218552_GD,218552,Ring GLDN DEL Gold,_GD,Gold,Jewellery,Rings,Cocktail,Brass; Glass,Golden,,6.99,/241/52/218552_GD_1,218552_GD_1.jpg,none,,,,,
218560_GD,218560,Earring GLDN DEL Gold,_GD,Gold,Jewellery,Earrings,Stud,Brass; Zirconium,Golden,,4.99,/241/52/218560_GD_1,218560_GD_1.jpg,none,,,,,
218571_GD,218571,Ring GLDN DEL Gold,_GD,Gold,Jewellery,Rings,Cocktail,Acrylic; Copper,Golden,,5.99,/241/52/218571_GD_1,218571_GD_1.jpg,none,,,,,
218576_HM,218576,Ring GLDN DEL Halftone Multicolor,_HM,Halftone Multicolor,Jewellery,Rings,Cocktail,Brass; Glass,Golden,,5.99,/241/52/218576_HM_1,218576_HM_1.jpg,none,,,,,
218581_GD,218581,Necklace GLDN DEL Gold,_GD,Gold,Jewellery,Necklaces,Beaded Necklace,Acrylic; Brass; Pearl; Thermoplastic Polyurethane,Golden,,10.99,/241/52/218581_GD_1,218581_GD_1.jpg,none,,,,,
218586_GD,218586,Bracelet GLDN DEL Gold,_GD,Gold,Jewellery,Bracelets,Adjustable Bracelet,Zinc; Zirconium,Golden,,7.99,/241/52/218586_GD_1,218586_GD_1.jpg,none,,,,,
218589_GD,218589,Earring GLDN DEL Gold,_GD,Gold,Jewellery,Earrings,Dangle,Brass; Iron,Brushed Golden,,8.99,/241/52/218589_GD_1,218589_GD_1.jpg,none,,,,,
218589_SV,218589,Earring SILVER D Silver,_SV,Silver,Jewellery,Earrings,Dangle,Brass; Iron,Brushed Golden,,8.99,/241/52/218589_SV_1,218589_SV_1.jpg,none,,,,,
218592_GD,218592,Earring GLDN DEL Gold,_GD,Gold,Jewellery,Earrings,Hoop Earrings,Brass; Iron; Pearl,Golden,,5.99,/241/52/218592_GD_1,218592_GD_1.jpg,none,,,,,
218604_BM,218604,Earring SUNSET JUNCTION Bright Multicolor,_BM,Bright Multicolor,Jewellery,Earrings,Hoop Earrings,Acrylic; Iron; Stone; Thermoplastic Polyurethane,Golden,,5.99,/241/52/218604_BM_1,218604_BM_1.jpg,none,,,,,
218619_BM,218619,Earring SUNSET JUNCTION Bright Multicolor,_BM,Bright Multicolor,Jewellery,Earrings,Hoop Earrings,Stone; Thermoplastic Polyurethane; Acrylic; Iron,Golden,,7.99,/241/52/218619_BM_1,218619_BM_1.jpg,none,,,,,
218792_PM,218792,Ring NILE Pastel Multicolor,_PM,Pastel Multicolor,Jewellery,Rings,Stone/Gem,Resin; Zinc,Worn Gold,,5.99,/241/52/218792_PM_1,218792_PM_1.jpg,none,,,,,
218835_BL,218835,Ring NILE Blue,_BL,Blue,Jewellery,Rings,Stone/Gem,Stone; Zinc,Worn Gold,,7.99,/241/52/218835_BL_1,218835_BL_1.jpg,none,,,,,
218867_BL,218867,Earring NILE Blue,_BL,Blue,Jewellery,Earrings,Dangle,Iron; Resin,Worn Gold,,5.99,/241/52/218867_BL_2y,218867_BL_2y.jpg,none,,,,,
218893_DM,218893,Necklace NILE Dark Multicolor,_DM,Dark Multicolor,Jewellery,Necklaces,Collar,Acrylic; Iron; Stone; Zinc,Worn Gold,,12.99,/241/52/218893_DM_1,218893_DM_1.jpg,none,,,,,
218902_BL,218902,Earring NILE Blue,_BL,Blue,Jewellery,Earrings,Hoop Earrings,Resin; Thermoplastic Polyurethane; Zinc; Iron,Worn Gold,,5.99,/241/52/218902_BL_1,218902_BL_1.jpg,none,,,,,
218910_BL,218910,Ring NILE Blue,_BL,Blue,Jewellery,Rings,Fantasy,Acrylic; Zinc,Worn Gold,,5.99,/241/52/218910_BL_1,218910_BL_1.jpg,none,,,,,
218923_BL,218923,Earring NILE Blue,_BL,Blue,Jewellery,Earrings,Dangle,Stone; Zinc,Worn Silver,,8.99,/241/52/218923_BL_1,218923_BL_1.jpg,none,,,,,
218926_BL,218926,Bracelet ATMOSPHERE Blue,_BL,Blue,Jewellery,Bracelets,Elastic Bracelet,Cork; Thermoplastic Polyurethane; Stone; Acrylic; Brass,Golden,,7.99,/242/52/218926_BL_1,218926_BL_1.jpg,none,,,,,
218926_GN,218926,Bracelet NILE Green,_GN,Green,Jewellery,Bracelets,Elastic Bracelet,Acrylic; Brass; Stone; Thermoplastic Polyurethane,Golden,,7.99,/241/52/218926_GN_1,218926_GN_1.jpg,none,,,,,
218934_GN,218934,Earring NILE Green,_GN,Green,Jewellery,Earrings,Dangle,Acrylic; Iron; Stone,Worn Gold,,7.99,/241/52/218934_GN_1,218934_GN_1.jpg,none,,,,,
218939_DM,218939,Earring Gipsy Garden Dark Multicolor,_DM,Dark Multicolor,Jewellery,Earrings,Hoop Earrings,Enamel; Zinc,Worn Gold,,7.99,/241/52/218939_DM_1,218939_DM_1.jpg,none,,,,,
218945_HM,218945,Necklace NILE Halftone Multicolor,_HM,Halftone Multicolor,Jewellery,Necklaces,Beaded Necklace,Acrylic; Brass; Iron; Stone; Thermoplastic Polyurethane,,,10.99,/241/52/218945_HM_1,218945_HM_1.jpg,none,,,,,
218952_BL,218952,Earring NILE Blue,_BL,Blue,Jewellery,Earrings,Dangle,Iron; Stone,Worn Gold,,7.99,/241/52/218952_BL_1,218952_BL_1.jpg,none,,,,,
219004_HM,219004,Earring NILE Halftone Multicolor,_HM,Halftone Multicolor,Jewellery,Earrings,Hoop Earrings,Brass; Steel; Thermoplastic Polyurethane,Worn Gold,,7.99,/241/52/219004_HM_1,219004_HM_1.jpg,none,,,,,
219024_HM,219024,Bracelet NILE Halftone Multicolor,_HM,Halftone Multicolor,Jewellery,Bracelets,Elastic Bracelet,Stone; Thermoplastic Polyurethane; Zinc; Brass; Glass,Worn Gold,,7.99,/241/52/219024_HM_1,219024_HM_1.jpg,none,,,,,
219047_BM,219047,Key Chain FASHION SUPPLEMENTS Bright Multicolor,_BM,Bright Multicolor,Jewellery,Key chains,Charms,Enamel; Iron; Iron; Thermoplastic Polyurethane; Zinc,Golden,,12.99,/241/52/219047_BM_1,219047_BM_1.jpg,none,,,,,
219061_BM,219061,Key Chain FASHION SUPPLEMENTS Bright Multicolor,_BM,Bright Multicolor,Jewellery,Key chains,Figures,Iron; Thermoplastic Polyurethane; Zinc,,,9.99,/241/52/219061_BM_1,219061_BM_1.jpg,none,,,,,
219069_GD,219069,Pin FASHION SUPPLEMENTS Gold,_GD,Gold,Jewellery,Pins,Pin,Copper; Steel; Zinc,Golden,,6.99,/242/52/219069_GD_1,219069_GD_1.jpg,none,,,,,
219093_SV,219093,Earring Classy Field Silver,_SV,Silver,Jewellery,Earrings,Hoop Earrings,Thermoplastic Polyurethane,Worn Rhodium,,5.99,/241/52/219093_SV_1,219093_SV_1.jpg,none,,,,,
219101_CO,219101,Set of Earrings Classy Field Copper,_CO,Copper,Jewellery,Earrings,Hoop Earrings,Brass; Resin; Zinc,Rodhium,,8.99,/241/52/219101_CO_1,219101_CO_1.jpg,none,,,,,
219106_BK,219106,Necklace SILVER BASICS Black,_BK,Black,Jewellery,Necklaces,Pendant,Thermoplastic Polyurethane; Suede; Zinc,Rodhium,,10.99,/242/52/219106_BK_1,219106_BK_1.jpg,none,,,,,
219106_CF,219106,Necklace Classy Field Coffee,_CF,Coffee,Jewellery,Necklaces,Pendant,Suede; Thermoplastic Polyurethane; Zinc,,,10.99,/241/52/219106_CF_1,219106_CF_1.jpg,none,,,,,
219108_HM,219108,Necklace Classy Field Halftone Multicolor,_HM,Halftone Multicolor,Jewellery,Necklaces,Collar,Iron; Resin; Shell; Stone; Zinc,Rodhium,,15.99,/241/52/219108_HM_1,219108_HM_1.jpg,none,,,,,
219144_HM,219144,Earring Classy Field Halftone Multicolor,_HM,Halftone Multicolor,Jewellery,Earrings,Hoop Earrings,Acrylic; Glass; Iron,Worn Rhodium,,5.99,/241/52/219144_HM_1,219144_HM_1.jpg,none,,,,,
219152_SV,219152,Earring Classy Field Silver,_SV,Silver,Jewellery,Earrings,Stud,Iron,Worn Rhodium,,5.99,/241/52/219152_SV_1,219152_SV_1.jpg,none,,,,,
219161_SV,219161,Bracelet Classy Field Silver,_SV,Silver,Jewellery,Bracelets,Elastic Bracelet,Zinc,,,9.99,/241/52/219161_SV_1,219161_SV_1.jpg,none,,,,,
219167_BM,219167,Earring KISSSJAM Bright Multicolor,_BM,Bright Multicolor,Jewellery,Earrings,Ear Cuff,Brass; Zirconium,Golden,,5.99,/241/52/219167_BM_1,219167_BM_1.jpg,none,,,,,
219177_OR,219177,Earring KISSSJAM Orange,_OR,Orange,Jewellery,Earrings,Hoop Earrings,Thermoplastic Polyurethane,Other,,7.99,/241/52/219177_OR_1,219177_OR_1.jpg,none,,,,,
219184_BM,219184,Set of Earrings KISSSJAM Bright Multicolor,_BM,Bright Multicolor,Jewellery,Earrings,Hoop Earrings,Enamel; Zinc; Brass,Golden,,5.99,/241/52/219184_BM_1,219184_BM_1.jpg,none,,,,,
219190_CF,219190,Necklace Classy Field Coffee,_CF,Coffee,Jewellery,Necklaces,Pendant,Suede; Zinc,,,10.99,/241/52/219190_CF_2y,219190_CF_2y.jpg,none,,,,,
219194_GD,219194,Earring KISSSJAM Gold,_GD,Gold,Jewellery,Earrings,Ear Cuff,Zinc,Golden,,4.99,/241/52/219194_GD_1,219194_GD_1.jpg,none,,,,,
219201_BM,219201,Bracelet KISSSJAM Bright Multicolor,_BM,Bright Multicolor,Jewellery,Bracelets,Anklet,Iron; Zinc; Zirconium,Golden,,7.99,/241/52/219201_BM_1,219201_BM_1.jpg,none,,,,,
219206_GD,219206,Set of Earrings KISSSJAM Gold,_GD,Gold,Jewellery,Earrings,Hoop Earrings,Zinc; Zirconium; Acrylic; Brass,Golden,,6.99,/241/52/219206_GD_1,219206_GD_1.jpg,none,,,,,
219215_BM,219215,Set of Earrings KISSSJAM Bright Multicolor,_BM,Bright Multicolor,Jewellery,Earrings,Hoop Earrings,Brass; Enamel; Zinc; Zirconium,Golden,,6.99,/241/52/219215_BM_1,219215_BM_1.jpg,none,,,,,
219222_BM,219222,Necklace KISSSJAM Bright Multicolor,_BM,Bright Multicolor,Jewellery,Necklaces,Beaded Necklace,Acrylic; Iron; Pearl; Shell; Stone; Zinc,Golden,,12.99,/241/52/219222_BM_1,219222_BM_1.jpg,none,,,,,
219230_BM,219230,Bracelet KISSSJAM Bright Multicolor,_BM,Bright Multicolor,Jewellery,Bracelets,Anklet,Resin; Steel; Zinc,Golden,,7.99,/241/52/219230_BM_2y,219230_BM_2y.jpg,none,,,,,
219239_GD,219239,Set of Earrings KISSSJAM Gold,_GD,Gold,Jewellery,Earrings,Hoop Earrings,Copper; Zirconium,Golden,,5.99,/241/52/219239_GD_1,219239_GD_1.jpg,none,,,,,
219247_CF,219247,Necklace Classy Field Coffee,_CF,Coffee,Jewellery,Necklaces,Pendant,Suede; Zinc,,,10.99,/241/52/219247_CF_1,219247_CF_1.jpg,none,,,,,
219251_SV,219251,Earring SILVER BASICS Silver,_SV,Silver,Jewellery,Earrings,Stud,Zinc,Worn Rhodium,,5.99,/241/52/219251_SV_1,219251_SV_1.jpg,none,,,,,
219266_BL,219266,Earring IDENTITY Blue,_BL,Blue,Jewellery,Earrings,Hoop Earrings,Thermoplastic Polyurethane; Zinc,Worn Gold,,5.99,/241/52/219266_BL_1,219266_BL_1.jpg,none,,,,,
219271_DM,219271,Set of Necklaces IDENTITY Dark Multicolor,_DM,Dark Multicolor,Jewellery,Necklaces,Pendant,Acrylic; Glass; Iron; Thermoplastic Polyurethane,Golden,,12.99,/241/52/219271_DM_2y,219271_DM_2y.jpg,none,,,,,
219277_DM,219277,Set of Bracelets IDENTITY Dark Multicolor,_DM,Dark Multicolor,Jewellery,Bracelets,Non-Adjustable Bracelet,Acrylic; Enamel; Polyacrylonitrile; Silicone; Zinc,Other,,6.99,/241/52/219277_DM_1,219277_DM_1.jpg,none,,,,,
219285_DM,219285,Bracelet IDENTITY Dark Multicolor,_DM,Dark Multicolor,Jewellery,Bracelets,Non-Adjustable Bracelet,Ceramic; Glass; Iron,Other,,15.99,/241/52/219285_DM_1,219285_DM_1.jpg,none,,,,,
219289_BK,219289,Ring IDENTITY Black,_BK,Black,Jewellery,Rings,Cocktail,Resin; Thermoplastic Polyurethane,Worn Gold,,6.99,/241/52/219289_BK_1,219289_BK_1.jpg,none,,,,,
219298_BM,219298,Earring IDENTITY Bright Multicolor,_BM,Bright Multicolor,Jewellery,Earrings,Dangle,Enamel; Iron,Golden,,8.99,/241/52/219298_BM_1,219298_BM_1.jpg,none,,,,,
219304_BM,219304,Necklace IDENTITY Bright Multicolor,_BM,Bright Multicolor,Jewellery,Necklaces,Beaded Necklace,Clay; Glass; Iron,,,10.99,/241/52/219304_BM_1,219304_BM_1.jpg,none,,,,,
219315_BM,219315,Ring MADEIRA Bright Multicolor,_BM,Bright Multicolor,Jewellery,Rings,Fantasy,Resin; Zinc,Silver,,15.99,/241/52/219315_BM_1,219315_BM_1.jpg,none,,,,,
219321_PU,219321,Earring MADEIRA Purple,_PU,Purple,Jewellery,Earrings,Hoop Earrings,Acrylic; Enamel,Silver,,7.99,/241/52/219321_PU_1,219321_PU_1.jpg,none,,,,,
219326_IC,219326,Ring MADEIRA Ice,_IC,Ice,Jewellery,Rings,Fantasy,Acrylic; Zinc,Silver,,12.99,/241/52/219326_IC_1,219326_IC_1.jpg,none,,,,,
219326_RD,219326,Ring MADEIRA Red,_RD,Red,Jewellery,Rings,Fantasy,Acrylic; Zinc,Silver,,12.99,/241/52/219326_RD_1,219326_RD_1.jpg,none,,,,,
219330_DM,219330,Necklace IDENTITY Dark Multicolor,_DM,Dark Multicolor,Jewellery,Necklaces,Pendant,Enamel; Iron; Zinc,,,10.99,/241/52/219330_DM_1,219330_DM_1.jpg,none,,,,,
219336_SV,219336,Earring MADEIRA Silver,_SV,Silver,Jewellery,Earrings,Dangle,Acrylic; Brass; Iron; Resin,Silver,,27.99,/241/52/219336_SV_1,219336_SV_1.jpg,none,,,,,
219344_BM,219344,Earring IDENTITY Bright Multicolor,_BM,Bright Multicolor,Jewellery,Earrings,Dangle,Glass; Zinc,Worn Gold,,7.99,/241/52/219344_BM_1,219344_BM_1.jpg,none,,,,,
219362_DM,219362,Earring IDENTITY Dark Multicolor,_DM,Dark Multicolor,Jewellery,Earrings,Dangle,Cotton; Enamel; Glass; Zinc,,,9.99,/241/52/219362_DM_1,219362_DM_1.jpg,none,,,,,
219369_GD,219369,Earring IDENTITY Gold,_GD,Gold,Jewellery,Earrings,Stud,Zinc,Worn Gold,,5.99,/241/52/219369_GD_1,219369_GD_1.jpg,none,,,,,
219375_BM,219375,Necklace KISSSJAM Bright Multicolor,_BM,Bright Multicolor,Jewellery,Necklaces,Beaded Necklace,Acrylic; Glass; Stone; Zinc,,,10.99,/241/52/219375_BM_1,219375_BM_1.jpg,none,,,,,
219380_BM,219380,Necklace IDENTITY Bright Multicolor,_BM,Bright Multicolor,Jewellery,Necklaces,Beaded Necklace,Rubber; Thermoplastic Polyurethane; Zinc,,,10.99,/241/52/219380_BM_1,219380_BM_1.jpg,none,,,,,
219384_BM,219384,Set of Earrings KISSSJAM Bright Multicolor,_BM,Bright Multicolor,Jewellery,Earrings,Hoop Earrings,Brass; Zinc,Golden,,6.99,/241/52/219384_BM_1,219384_BM_1.jpg,none,,,,,
219391_BM,219391,Set of Earrings KISSSJAM Bright Multicolor,_BM,Bright Multicolor,Jewellery,Earrings,Hoop Earrings,Brass; Enamel; Zinc; Zirconium,Golden,,7.99,/241/52/219391_BM_1,219391_BM_1.jpg,none,,,,,
219395_BM,219395,Set of Earrings KISSSJAM Bright Multicolor,_BM,Bright Multicolor,Jewellery,Earrings,Hoop Earrings,Brass; Glass; Zinc,Golden,,6.99,/241/52/219395_BM_1,219395_BM_1.jpg,none,,,,,
219400_BM,219400,Set of Earrings KISSSJAM Bright Multicolor,_BM,Bright Multicolor,Jewellery,Earrings,Hoop Earrings,Brass; Enamel; Zirconium,Golden,,7.99,/241/52/219400_BM_1,219400_BM_1.jpg,none,,,,,
219404_GD,219404,Earring KISSSJAM Gold,_GD,Gold,Jewellery,Earrings,Stud,Thermoplastic Polyurethane; Zinc,Golden,,8.99,/241/52/219404_GD_1,219404_GD_1.jpg,none,,,,,
219409_BM,219409,Set of Earrings KISSSJAM Bright Multicolor,_BM,Bright Multicolor,Jewellery,Earrings,Stud,Glass; Iron; Zinc,Golden,,4.99,/241/52/219409_BM_1,219409_BM_1.jpg,none,,,,,
219472_HM,219472,Set of Earrings ATMOSPHERE Halftone Multicolor,_HM,Halftone Multicolor,Jewellery,Earrings,Hoop Earrings,Iron; Copper; Enamel; Polyamide; Glass; Stone; Zinc,Rodhium,,8.99,/241/52/219472_HM_1,219472_HM_1.jpg,none,,,,,
219529_BM,219529,Necklace FABRIC COLLECTION Bright Multicolor,_BM,Bright Multicolor,Jewellery,Necklaces,Beaded Necklace,RECYCLED COTTON; glass bead,Other,,25.99,/241/52/219529_BM_1,219529_BM_1.jpg,none,,,,,
219761_IV,219761,Set of Necklaces Golden Basics Extra Ivory,_IV,Ivory,Jewellery,Necklaces,Chain,Copper; Enamel; Zinc,Golden,,12.99,/241/52/219761_IV_1,219761_IV_1.jpg,none,,,,,
219767_IV,219767,Set of Earrings Golden Basics Extra Ivory,_IV,Ivory,Jewellery,Earrings,Stud,Enamel; Zinc,Golden,,5.99,/241/52/219767_IV_1,219767_IV_1.jpg,none,,,,,
219772_GD,219772,Earring Golden Basics Gold,_GD,Gold,Jewellery,Earrings,Dangle,Steel,Multifinishing,,5.99,/241/52/219772_GD_1,219772_GD_1.jpg,none,,,,,
219779_GD,219779,Necklace Golden Basics Gold,_GD,Gold,Jewellery,Necklaces,Chain,Copper; Iron,,,10.99,/241/52/219779_GD_1,219779_GD_1.jpg,none,,,,,
219861_BM,219861,Bracelet ARM PURPLE Bright Multicolor,_BM,Bright Multicolor,Jewellery,Bracelets,Adjustable Bracelet,Brass; Enamel; Silk; Zinc,Golden,,5.99,/241/52/219861_BM_1,219861_BM_1.jpg,none,,,,,
219867_BM,219867,Bracelet ARM PURPLE Bright Multicolor,_BM,Bright Multicolor,Jewellery,Bracelets,Adjustable Bracelet,Acrylic; Brass; Glass,Golden,,7.99,/241/52/219867_BM_1,219867_BM_1.jpg,none,,,,,
219973_BL,219973,Earring DOMINICA Blue,_BL,Blue,Jewellery,Earrings,Dangle,Glass; Iron; Raffia,Brushed Golden,,7.99,/241/52/219973_BL_1,219973_BL_1.jpg,none,,,,,
219977_BM,219977,Necklace DOMINICA Bright Multicolor,_BM,Bright Multicolor,Jewellery,Necklaces,Pendant,Acrylic; Iron; Shell; Stone; Thermoplastic Polyurethane; Wood; Zinc,Brushed Golden,,12.99,/241/52/219977_BM_1,219977_BM_1.jpg,none,,,,,
219982_BM,219982,Bracelet DOMINICA Bright Multicolor,_BM,Bright Multicolor,Jewellery,Bracelets,Elastic Bracelet,Glass; Shell; Stone; Thermoplastic Polyurethane; Wood; Zinc; Acrylic,Golden,,7.99,/241/52/219982_BM_1,219982_BM_1.jpg,none,,,,,
220011_BM,220011,Bracelet DOMINICA Bright Multicolor,_BM,Bright Multicolor,Jewellery,Bracelets,Elastic Bracelet,Glass; Polyester; Resin; Wood; Metal Fitting,Golden,,7.99,/241/52/220011_BM_1,220011_BM_1.jpg,none,,,,,
220021_BM,220021,Necklace DOMINICA Bright Multicolor,_BM,Bright Multicolor,Jewellery,Necklaces,Beaded Necklace,Metal Fitting; Raffia; Resin; Wood,Brushed Golden,,12.99,/241/52/220021_BM_1,220021_BM_1.jpg,none,,,,,
220035_BL,220035,Earring DOMINICA Blue,_BL,Blue,Jewellery,Earrings,Stud,Enamel; Zinc,Golden,,5.99,/241/52/220035_BL_1,220035_BL_1.jpg,none,,,,,
220297_BM,220297,Earring DOMINICA Bright Multicolor,_BM,Bright Multicolor,Jewellery,Earrings,Dangle,Iron; Polyester,,,9.99,/241/52/220297_BM_1,220297_BM_1.jpg,none,,,,,
220302_GN,220302,Ring DOMINICA Green,_GN,Green,Jewellery,Rings,Fantasy,Enamel; Zinc,Golden,,5.99,/241/52/220302_GN_1,220302_GN_1.jpg,none,,,,,
220310_GN,220310,Earring DOMINICA Green,_GN,Green,Jewellery,Earrings,Dangle,Glass; Iron; Raffia; Resin; Zinc,Other,,7.99,/241/52/220310_GN_1,220310_GN_1.jpg,none,,,,,
2203131BM,220313,Necklace DOMINICA Bright Multicolor,1BM,Bright Multicolor,Jewellery,Necklaces,Pendant,Glass; Iron,Brushed Golden,,8.99,/241/52/2203131BM_1,2203131BM_1.jpg,none,,,,,
220313_BM,220313,Necklace DOMINICA Bright Multicolor,_BM,Bright Multicolor,Jewellery,Necklaces,Pendant,Glass; Iron,Brushed Golden,,8.99,/241/52/220313_BM_1,220313_BM_1.jpg,none,,,,,
220317_BM,220317,Necklace DOMINICA Bright Multicolor,_BM,Bright Multicolor,Jewellery,Necklaces,Beaded Necklace,Brass; Iron; Resin; Thermoplastic Polyurethane; Zinc,Brushed Golden,,12.99,/241/52/220317_BM_1,220317_BM_1.jpg,none,,,,,
220321_BM,220321,Earring DOMINICA Bright Multicolor,_BM,Bright Multicolor,Jewellery,Earrings,Dangle,Enamel; Iron; Polyester; Zinc; Acrylic,Golden,,8.99,/241/52/220321_BM_1,220321_BM_1.jpg,none,,,,,
220326_BM,220326,Earring TREND Bright Multicolor,_BM,Bright Multicolor,Jewellery,Earrings,Dangle,Glass; Iron; Polyester,Worn Gold,,12.99,/241/52/220326_BM_1,220326_BM_1.jpg,none,,,,,
220332_BL,220332,Earring TREND Blue,_BL,Blue,Jewellery,Earrings,Stud,Acrylic; Zinc,,,9.99,/241/52/220332_BL_1,220332_BL_1.jpg,none,,,,,
220337_GD,220337,Earring TREND Gold,_GD,Gold,Jewellery,Earrings,Clip Earrings,Resin; Zinc,,,9.99,/241/52/220337_GD_1,220337_GD_1.jpg,none,,,,,
220371_RD,220371,Necklace TREND Red,_RD,Red,Jewellery,Necklaces,Beaded Necklace,Cotton; Glass; Iron; Thermoplastic Polyurethane,Other,,23.99,/241/52/220371_RD_1,220371_RD_1.jpg,none,,,,,
220377_GD,220377,Earring TREND Gold,_GD,Gold,Jewellery,Earrings,Dangle,Brass,Worn Gold,,12.99,/241/52/220377_GD_1,220377_GD_1.jpg,none,,,,,
220383_BL,220383,Earring TREND Blue,_BL,Blue,Jewellery,Earrings,Dangle,Cotton; Glass; Iron,Worn Gold,,15.99,/241/52/220383_BL_1,220383_BL_1.jpg,none,,,,,
220395_BL,220395,Earring TREND Blue,_BL,Blue,Jewellery,Earrings,Dangle,Resin; Zinc,Worn Gold,,12.99,/241/52/220395_BL_1,220395_BL_1.jpg,none,,,,,
220424_BL,220424,Earring TREND Blue,_BL,Blue,Jewellery,Earrings,Stud,Enamel; Iron; Zamac,Golden,,7.99,/241/52/220424_BL_1,220424_BL_1.jpg,none,,,,,
220433_BL,220433,Earring TREND Blue,_BL,Blue,Jewellery,Earrings,Dangle,Iron; Steel; Thermoplastic Polyurethane; Zinc,,,9.99,/241/52/220433_BL_1,220433_BL_1.jpg,none,,,,,
220437_GD,220437,Earring TREND Gold,_GD,Gold,Jewellery,Earrings,Stud,Zinc,,,9.99,/241/52/220437_GD_1,220437_GD_1.jpg,none,,,,,
220462_OR,220462,Earring SUNSET JUNCTION Orange,_OR,Orange,Jewellery,Earrings,Dangle,Acrylic; Iron,Brushed Golden,,5.99,/241/52/220462_OR_1,220462_OR_1.jpg,none,,,,,
220486_BM,220486,Necklace SUNSET JUNCTION Bright Multicolor,_BM,Bright Multicolor,Jewellery,Necklaces,Pendant,Brass; Iron; Polyester; Resin; Stone,Golden,,12.99,/241/52/220486_BM_1,220486_BM_1.jpg,none,,,,,
220597_BM,220597,Bracelet FORMENTERA Bright Multicolor,_BM,Bright Multicolor,Jewellery,Bracelets,Elastic Bracelet,Resin; Zinc,Worn Gold,,7.99,/241/52/220597_BM_1,220597_BM_1.jpg,none,,,,,
220597_HM,220597,Bracelet MUSTANG Halftone Multicolor,_HM,Halftone Multicolor,Jewellery,Bracelets,Elastic Bracelet,Resin; Acrylic; Zinc,Antik Golden,,7.99,/242/52/220597_HM_1,220597_HM_1.jpg,none,,,,,
220612_GD,220612,Ring FORMENTERA Gold,_GD,Gold,Jewellery,Rings,Band Ring,Zinc,Golden,,5.99,/241/52/220612_GD_1,220612_GD_1.jpg,none,,,,,
220616_GD,220616,Earring FORMENTERA Gold,_GD,Gold,Jewellery,Earrings,Stud,Zinc,Worn Gold,,5.99,/241/52/220616_GD_1,220616_GD_1.jpg,none,,,,,
220707_CL,220707,Necklace TREND Coral,_CL,Coral,Jewellery,Necklaces,Beaded Necklace,Glass; Iron; Thermoplastic Polyurethane,Golden,,19.99,/241/52/220707_CL_1,220707_CL_1.jpg,none,,,,,
220720_PM,220720,Necklace FORMENTERA Pastel Multicolor,_PM,Pastel Multicolor,Jewellery,Necklaces,Beaded Necklace,Brass; Ceramic; Iron; Wood,Golden,,12.99,/241/52/220720_PM_1,220720_PM_1.jpg,none,,,,,
220731_HM,220731,Earring FORMENTERA Halftone Multicolor,_HM,Halftone Multicolor,Jewellery,Earrings,Hoop Earrings,Enamel; Zinc,Golden,,5.99,/241/52/220731_HM_1,220731_HM_1.jpg,none,,,,,
220739_NV,220739,Necklace FORMENTERA Navy,_NV,Navy,Jewellery,Necklaces,Pendant,Resin; Zinc,Worn Gold,,12.99,/241/52/220739_NV_1,220739_NV_1.jpg,none,,,,,
220771_HM,220771,Earring FORMENTERA Halftone Multicolor,_HM,Halftone Multicolor,Jewellery,Earrings,Hoop Earrings,Ceramic; Copper; Thermoplastic Polyurethane,Golden,,5.99,/241/52/220771_HM_1,220771_HM_1.jpg,none,,,,,
220776_BL,220776,Earring FORMENTERA Blue,_BL,Blue,Jewellery,Earrings,Dangle,Brass; Ceramic; Glass; Polyester; Zinc,Worn Gold,,7.99,/241/52/220776_BL_1,220776_BL_1.jpg,none,,,,,
220780_GD,220780,Ring FORMENTERA Gold,_GD,Gold,Jewellery,Rings,Band Ring,Brass,Worn Gold,,6.99,/241/52/220780_GD_1,220780_GD_1.jpg,none,,,,,
220785_LK,220785,Set of Bracelets FORMENTERA Light Pink,_LK,Light Pink,Jewellery,Bracelets,Elastic Bracelet,Acrylic; Glass; Thermoplastic Polyurethane,Brushed Golden,,7.99,/241/52/220785_LK_1,220785_LK_1.jpg,none,,,,,
220789_BM,220789,Earring IDENTITY Bright Multicolor,_BM,Bright Multicolor,Jewellery,Earrings,Hoop Earrings,Enamel; Glass; Iron; Zinc,Golden,,7.99,/241/52/220789_BM_1,220789_BM_1.jpg,none,,,,,
220803_WT,220803,Earring Golden Basics White,_WT,White,Jewellery,Earrings,Dangle,Shell; Zinc,Brushed Golden,,4.99,/242/52/220803_WT_1,220803_WT_1.jpg,none,,,,,
220807_WT,220807,Bracelet Golden Basics White,_WT,White,Jewellery,Bracelets,Elastic Bracelet,Elastane; Glass; Zinc,Golden,,7.99,/242/52/220807_WT_1,220807_WT_1.jpg,none,,,,,
220814_WT,220814,Bracelet Golden Basics White,_WT,White,Jewellery,Bracelets,Elastic Bracelet,Elastane; Rubber; Shell; Thermoplastic Polyurethane; Zinc,Golden,,5.99,/242/52/220814_WT_1,220814_WT_1.jpg,none,,,,,
220820_WT,220820,Necklace Golden Basics White,_WT,White,Jewellery,Necklaces,Pendant,Copper; Shell,Golden,,12.99,/242/52/220820_WT_1,220820_WT_1.jpg,none,,,,,
220827_WT,220827,Ring Golden Basics White,_WT,White,Jewellery,Rings,Cocktail,Enamel; Zinc,Golden,,5.99,/242/52/220827_WT_1,220827_WT_1.jpg,none,,,,,
220834_WT,220834,Set of Necklaces Golden Basics White,_WT,White,Jewellery,Necklaces,Pendant,Shell; Steel; Zinc,Golden,,12.99,/242/52/220834_WT_1,220834_WT_1.jpg,none,,,,,
220839_WT,220839,Earring Golden Basics White,_WT,White,Jewellery,Earrings,Drop,Brass; Shell; Steel,Golden,,7.99,/242/52/220839_WT_1,220839_WT_1.jpg,none,,,,,
220844_WT,220844,Earring Golden Basics White,_WT,White,Jewellery,Earrings,Dangle,Iron; Shell,Golden,,7.99,/242/52/220844_WT_1,220844_WT_1.jpg,none,,,,,
220849_WT,220849,Bracelet Golden Basics White,_WT,White,Jewellery,Bracelets,Elastic Bracelet,Shell; Thermoplastic Polyurethane,Golden,,5.99,/242/52/220849_WT_1,220849_WT_1.jpg,none,,,,,
220855_WT,220855,Earring Golden Basics White,_WT,White,Jewellery,Earrings,Hoop Earrings,Shell; Zinc,Golden,,5.99,/242/52/220855_WT_1,220855_WT_1.jpg,none,,,,,
220861_GD,220861,Ring Golden Basics Gold,_GD,Gold,Jewellery,Rings,Band Ring,Zinc,Brushed Golden,,5.99,/241/52/220861_GD_1,220861_GD_1.jpg,none,,,,,
220868_WT,220868,Set of Earrings Golden Basics White,_WT,White,Jewellery,Earrings,Hoop Earrings,Thermoplastic Polyurethane; Zinc,Golden,,8.99,/242/52/220868_WT_1,220868_WT_1.jpg,none,,,,,
220874_IV,220874,Necklace Golden Basics Extra Ivory,_IV,Ivory,Jewellery,Necklaces,Pendant,Enamel; Iron; Zinc,,,10.99,/241/52/220874_IV_1,220874_IV_1.jpg,none,,,,,
220889_SV,220889,Earring MADEIRA Silver,_SV,Silver,Jewellery,Earrings,Stud,Zinc,,,9.99,/241/52/220889_SV_1,220889_SV_1.jpg,none,,,,,
220911_WT,220911,Necklace Golden Basics White,_WT,White,Jewellery,Necklaces,Pendant,Iron; Shell; Zinc,Golden,,12.99,/242/52/220911_WT_1,220911_WT_1.jpg,none,,,,,
220916_GD,220916,Ring Golden Basics Gold,_GD,Gold,Jewellery,Rings,Cocktail,Zinc,Golden,,5.99,/242/52/220916_GD_1,220916_GD_1.jpg,none,,,,,
220922_WT,220922,Earring Golden Basics White,_WT,White,Jewellery,Earrings,Dangle,Iron; Shell,Golden,,5.99,/242/52/220922_WT_1,220922_WT_1.jpg,none,,,,,
221014_IV,221014,Necklace Golden Basics Extra Ivory,_IV,Ivory,Jewellery,Necklaces,Beaded Necklace,Zinc; Brass; Thermoplastic Polyurethane,,,10.99,/241/52/221014_IV_1,221014_IV_1.jpg,none,,,,,
221019_WT,221019,Earring Golden Basics White,_WT,White,Jewellery,Earrings,Hoop Earrings,Iron; Shell; Thermoplastic Polyurethane,Golden,,8.99,/242/52/221019_WT_1,221019_WT_1.jpg,none,,,,,
221026_IV,221026,Earring Golden Basics Extra Ivory,_IV,Ivory,Jewellery,Earrings,Dangle,Enamel; Zinc,Golden,,7.99,/241/52/221026_IV_1,221026_IV_1.jpg,none,,,,,
221033_WT,221033,Bracelet Golden Basics White,_WT,White,Jewellery,Bracelets,Elastic Bracelet,Shell,Other,,12.99,/242/52/221033_WT_1,221033_WT_1.jpg,none,,,,,
221039_WT,221039,Earring Golden Basics White,_WT,White,Jewellery,Earrings,Dangle,Iron; Shell,Brushed Golden,,5.99,/242/52/221039_WT_1,221039_WT_1.jpg,none,,,,,
221044_WT,221044,Earring Golden Basics White,_WT,White,Jewellery,Earrings,Hoop Earrings,Iron; Shell,Golden,,7.99,/242/52/221044_WT_1,221044_WT_1.jpg,none,,,,,
221049_WT,221049,Necklace Golden Basics White,_WT,White,Jewellery,Necklaces,Pendant,Brass; Iron; Shell,,,10.99,/242/52/221049_WT_1,221049_WT_1.jpg,none,,,,,
221054_WT,221054,Necklace Golden Basics White,_WT,White,Jewellery,Necklaces,Beaded Necklace,Acrylic; Iron; Shell; Zinc,,,10.99,/242/52/221054_WT_1,221054_WT_1.jpg,none,,,,,
221085_GD,221085,Earring GLDN DEL Gold,_GD,Gold,Jewellery,Earrings,Dangle,Glass; Steel; Zinc,,,9.99,/242/52/221085_GD_1,221085_GD_1.jpg,none,,,,,
221086_GD,221086,Earring GLDN DEL Gold,_GD,Gold,Jewellery,Earrings,Dangle,Zinc; Acrylic; Brass,Golden,,5.99,/242/52/221086_GD_1,221086_GD_1.jpg,none,,,,,
221086_SV,221086,Earring SILVER D Silver,_SV,Silver,Jewellery,Earrings,Dangle,Acrylic; Brass; Zinc,Golden,,5.99,/242/52/221086_SV_1,221086_SV_1.jpg,none,,,,,
221095_GD,221095,Ring GLDN DEL Gold,_GD,Gold,Jewellery,Rings,Cocktail,Acrylic; Brass; Zirconium,Golden,,6.99,/242/52/221095_GD_1,221095_GD_1.jpg,none,,,,,
221095_SV,221095,Ring SILVER D Silver,_SV,Silver,Jewellery,Rings,Cocktail,Acrylic; Brass; Zirconium,Golden,,6.99,/242/52/221095_SV_1,221095_SV_1.jpg,none,,,,,
221100_GD,221100,Earring GLDN DEL Gold,_GD,Gold,Jewellery,Earrings,Stud,Brass; Zirconium,Golden,,5.99,/242/52/221100_GD_1,221100_GD_1.jpg,none,,,,,
221100_SV,221100,Earring SILVER D Silver,_SV,Silver,Jewellery,Earrings,Stud,Brass; Zirconium,Golden,,5.99,/242/52/221100_SV_1,221100_SV_1.jpg,none,,,,,
221102_GD,221102,Earring GLDN DEL Gold,_GD,Gold,Jewellery,Earrings,Hoop Earrings,Brass; Iron,Golden,,7.99,/242/52/221102_GD_2y,221102_GD_2y.jpg,none,,,,,
221106_GD,221106,Ring GLDN DEL Gold,_GD,Gold,Jewellery,Rings,Fantasy,Brass; Zirconium,Golden,,6.99,/242/52/221106_GD_1,221106_GD_1.jpg,none,,,,,
221106_SV,221106,Ring SILVER D Silver,_SV,Silver,Jewellery,Rings,Fantasy,Brass; Zirconium,Golden,,6.99,/242/52/221106_SV_1,221106_SV_1.jpg,none,,,,,
221110_GD,221110,Earring GLDN DEL Gold,_GD,Gold,Jewellery,Earrings,Stud,Brass,Golden,,7.99,/242/52/221110_GD_1,221110_GD_1.jpg,none,,,,,
221115_GD,221115,Earring GLDN DEL Gold,_GD,Gold,Jewellery,Earrings,Dangle,Brass; Iron,Golden,,8.99,/242/52/221115_GD_1,221115_GD_1.jpg,none,,,,,
221115_SV,221115,Earring SILVER D Silver,_SV,Silver,Jewellery,Earrings,Dangle,Brass; Iron,Golden,,8.99,/242/52/221115_SV_1,221115_SV_1.jpg,none,,,,,
221119_GD,221119,Earring GLDN DEL Gold,_GD,Gold,Jewellery,Earrings,Dangle,Brass; Iron; Zirconium,,,9.99,/242/52/221119_GD_1,221119_GD_1.jpg,none,,,,,
221125_GD,221125,Ring GLDN DEL Gold,_GD,Gold,Jewellery,Rings,Band Ring,Brass,Golden,,5.99,/242/52/221125_GD_1,221125_GD_1.jpg,none,,,,,
221140_HM,221140,Earring NOMADA Halftone Multicolor,_HM,Halftone Multicolor,Jewellery,Earrings,Hoop Earrings,Thermoplastic Polyurethane; Shell; Iron,Golden,,7.99,/242/52/221140_HM_1,221140_HM_1.jpg,none,,,,,
221140_WT,221140,Earring Golden Basics White,_WT,White,Jewellery,Earrings,Hoop Earrings,Iron; Shell; Thermoplastic Polyurethane,Golden,,7.99,/242/52/221140_WT_1,221140_WT_1.jpg,none,,,,,
221149_BM,221149,Necklace TROPICAL GEMS Bright Multicolor,_BM,Bright Multicolor,Jewellery,Necklaces,Beaded Necklace,Cotton; Glass; Iron; Pearl; Zinc,Golden,,15.99,/241/52/221149_BM_1,221149_BM_1.jpg,none,,,,,
221162_CL,221162,Ring TROPICAL GEMS Coral,_CL,Coral,Jewellery,Rings,Band Ring,Enamel; Zinc; Zirconium,Golden,,5.99,/241/52/221162_CL_1,221162_CL_1.jpg,none,,,,,
221182_IV,221182,Earring Golden Basics Extra Ivory,_IV,Ivory,Jewellery,Earrings,Dangle,Enamel; Iron,Brushed Golden,,5.99,/241/52/221182_IV_1,221182_IV_1.jpg,none,,,,,
221240_BM,221240,Earring TROPICAL GEMS Bright Multicolor,_BM,Bright Multicolor,Jewellery,Earrings,Hoop Earrings,Glass; Iron; Thermoplastic Polyurethane,Golden,,5.99,/241/52/221240_BM_1,221240_BM_1.jpg,none,,,,,
221245_BM,221245,Bracelet TROPICAL GEMS Bright Multicolor,_BM,Bright Multicolor,Jewellery,Bracelets,Elastic Bracelet,Elastane; Glass; Zinc,Golden,,5.99,/241/52/221245_BM_1,221245_BM_1.jpg,none,,,,,
221250_BM,221250,Necklace TROPICAL GEMS Bright Multicolor,_BM,Bright Multicolor,Jewellery,Necklaces,Chain,Acrylic; Glass; Iron; Shell,,,10.99,/241/52/221250_BM_1,221250_BM_1.jpg,none,,,,,
221255_BM,221255,Earring TROPICAL GEMS Bright Multicolor,_BM,Bright Multicolor,Jewellery,Earrings,Hoop Earrings,Acrylic; Brass; Glass; Shell; Zinc,Golden,,7.99,/241/52/221255_BM_1,221255_BM_1.jpg,none,,,,,
221263_BM,221263,Earring TROPICAL GEMS Bright Multicolor,_BM,Bright Multicolor,Jewellery,Earrings,Dangle,Acrylic; Glass; Iron; Shell; Zinc,Golden,,7.99,/241/52/221263_BM_1,221263_BM_1.jpg,none,,,,,
221270_GD,221270,Earring GLDN DEL Gold,_GD,Gold,Jewellery,Earrings,Stud,Copper; Glass,,,9.99,/242/52/221270_GD_1,221270_GD_1.jpg,none,,,,,
221277_SV,221277,Earring SILVER D Silver,_SV,Silver,Jewellery,Earrings,Dangle,Brass; Glass; Zinc; Iron; Zirconium,Silver,,7.99,/242/52/221277_SV_1,221277_SV_1.jpg,none,,,,,
221281_BM,221281,Earring TROPICAL GEMS Bright Multicolor,_BM,Bright Multicolor,Jewellery,Earrings,Dangle,Acrylic; Iron; Shell,Golden,,5.99,/241/52/221281_BM_1,221281_BM_1.jpg,none,,,,,
221286_GD,221286,Earring GLDN DEL Gold,_GD,Gold,Jewellery,Earrings,Hoop Earrings,Acrylic; Brass; Zirconium,Golden,,5.99,/242/52/221286_GD_1,221286_GD_1.jpg,none,,,,,
221286_SV,221286,Earring SILVER D Silver,_SV,Silver,Jewellery,Earrings,Hoop Earrings,Acrylic; Brass; Zirconium,Golden,,5.99,/242/52/221286_SV_1,221286_SV_1.jpg,none,,,,,
221292_BM,221292,Bracelet TROPICAL GEMS Bright Multicolor,_BM,Bright Multicolor,Jewellery,Bracelets,Anklet,Glass; Iron; Shell; Thermoplastic Polyurethane,Golden,,7.99,/241/52/221292_BM_1,221292_BM_1.jpg,none,,,,,
221298_BM,221298,Ring TROPICAL GEMS Bright Multicolor,_BM,Bright Multicolor,Jewellery,Rings,Band Ring,Thermoplastic Polyurethane; Zinc,Golden,,6.99,/241/52/221298_BM_1,221298_BM_1.jpg,none,,,,,
221448_BL,221448,Bracelet Arm Sea Blue,_BL,Blue,Jewellery,Bracelets,Adjustable Bracelet,Brass; Nylon; Resin; Zirconium,Other,,5.99,/242/52/221448_BL_1,221448_BL_1.jpg,none,,,,,
221454_BM,221454,Key Chain FASHION SUPPLEMENTS Bright Multicolor,_BM,Bright Multicolor,Jewellery,Key chains,Figures,Acrylic; Iron; Iron,,,9.99,/242/52/221454_BM_1,221454_BM_1.jpg,none,,,,,
221482_HM,221482,Bracelet Arm Sand Halftone Multicolor,_HM,Halftone Multicolor,Jewellery,Bracelets,Adjustable Bracelet,Acrylic; Brass; Iron; Polyester; Stone,Golden,,7.99,/242/52/221482_HM_1,221482_HM_1.jpg,none,,,,,
221505_BM,221505,Bracelet Arm Sea Bright Multicolor,_BM,Bright Multicolor,Jewellery,Bracelets,Adjustable Bracelet,Zinc; Enamel; Polyester; Thermoplastic Polyurethane,Golden,,5.99,/242/52/221505_BM_1,221505_BM_1.jpg,none,,,,,
221511_PU,221511,Bracelet Arm Sand Purple,_PU,Purple,Jewellery,Bracelets,Non-Adjustable Bracelet,Glass; Pearl; Polyester; Zinc,Golden,,7.99,/242/52/221511_PU_1,221511_PU_1.jpg,none,,,,,
221518_BL,221518,Bracelet Arm Sea Blue,_BL,Blue,Jewellery,Bracelets,Adjustable Bracelet,Copper; Pearl; Polyamide; Zinc,Golden,,5.99,/242/52/221518_BL_1,221518_BL_1.jpg,none,,,,,
221526_BM,221526,Key Chain FASHION SUPPLEMENTS Bright Multicolor,_BM,Bright Multicolor,Jewellery,Key chains,Other Key-Chain,Thermoplastic Polyurethane; Zinc,Golden,,12.99,/242/52/221526_BM_1,221526_BM_1.jpg,none,,,,,
221544_GD,221544,Pin FASHION SUPPLEMENTS Gold,_GD,Gold,Jewellery,Pins,Flower,Iron; Pearl; Zinc,Golden,,6.99,/242/52/221544_GD_2y,221544_GD_2y.jpg,none,,,,,
221553_GD,221553,Pin FASHION SUPPLEMENTS Gold,_GD,Gold,Jewellery,Pins,Other Pins,Zinc,Golden,,5.99,/242/52/221553_GD_2y,221553_GD_2y.jpg,none,,,,,
221553_SV,221553,Pin FASHION SUPPLEMENTS Silver,_SV,Silver,Jewellery,Pins,Other Pins,Zinc,Golden,,5.99,/242/52/221553_SV_2y,221553_SV_2y.jpg,none,,,,,
221555_WT,221555,Key Chain FASHION SUPPLEMENTS White,_WT,White,Jewellery,Key chains,Charms,Acrylic; Iron; Iron; Thermoplastic Polyurethane; Zinc; Zinc,Golden,,12.99,/242/52/221555_WT_1,221555_WT_1.jpg,none,,,,,
221563_BM,221563,Key Chain FASHION SUPPLEMENTS Bright Multicolor,_BM,Bright Multicolor,Jewellery,Key chains,Other Key-Chain,Iron; Nylon; Zinc; Zinc,,,9.99,/242/52/221563_BM_1,221563_BM_1.jpg,none,,,,,
221571_GD,221571,Pin FASHION SUPPLEMENTS Gold,_GD,Gold,Jewellery,Pins,Flower,Iron; Thermoplastic Polyurethane; Zinc,Golden,,6.99,/242/52/221571_GD_1,221571_GD_1.jpg,none,,,,,
221601_HM,221601,Ring GLDN DEL Halftone Multicolor,_HM,Halftone Multicolor,Jewellery,Rings,Cocktail,Copper; Glass,Golden,,6.99,/242/52/221601_HM_1,221601_HM_1.jpg,none,,,,,
221615_HM,221615,Ring GLDN DEL Halftone Multicolor,_HM,Halftone Multicolor,Jewellery,Rings,Cocktail,Brass; Zirconium,Golden,,6.99,/242/52/221615_HM_1,221615_HM_1.jpg,none,,,,,
221619_HM,221619,Bracelet GLDN DEL Halftone Multicolor,_HM,Halftone Multicolor,Jewellery,Bracelets,Non-Adjustable Bracelet,Brass; Zirconium,Golden,,6.99,/242/52/221619_HM_1,221619_HM_1.jpg,none,,,,,
221628_HM,221628,Earring GLDN DEL Halftone Multicolor,_HM,Halftone Multicolor,Jewellery,Earrings,Hoop Earrings,Brass; Zirconium,Golden,,7.99,/242/52/221628_HM_1,221628_HM_1.jpg,none,,,,,
221633_HM,221633,Necklace GLDN DEL Halftone Multicolor,_HM,Halftone Multicolor,Jewellery,Necklaces,Beaded Necklace,Brass; Zirconium,Golden,,12.99,/242/52/221633_HM_1,221633_HM_1.jpg,none,,,,,
221814_TG,221814,Earring WATERMELON PARTY Pastel Green,_TG,Pastel Green,Jewellery,Earrings,Dangle,Iron; Shell,Brushed Golden,,7.99,/242/52/221814_TG_1,221814_TG_1.jpg,none,,,,,
221819_BM,221819,Bracelet WATERMELON PARTY Bright Multicolor,_BM,Bright Multicolor,Jewellery,Bracelets,Anklet,Glass; Iron; Shell,Golden,,7.99,/242/52/221819_BM_1,221819_BM_1.jpg,none,,,,,
221827_BM,221827,Bracelet WATERMELON PARTY Bright Multicolor,_BM,Bright Multicolor,Jewellery,Bracelets,Anklet,Acrylic; Brass; Shell; Zinc,Golden,,8.99,/242/52/221827_BM_1,221827_BM_1.jpg,none,,,,,
221832_CL,221832,Earring WATERMELON PARTY Coral,_CL,Coral,Jewellery,Earrings,Dangle,Brass; Iron; Shell,Brushed Golden,,8.99,/242/52/221832_CL_1,221832_CL_1.jpg,none,,,,,
221839_TL,221839,Set of Necklaces WATERMELON PARTY Teal,_TL,Teal,Jewellery,Necklaces,Beaded Necklace,Iron; Pearl; Shell; Zinc,,,10.99,/242/52/221839_TL_1,221839_TL_1.jpg,none,,,,,
221881_BM,221881,Earring WATERMELON PARTY Bright Multicolor,_BM,Bright Multicolor,Jewellery,Earrings,Stud,Shell; Steel; Stone,Golden,,5.99,/242/52/221881_BM_1,221881_BM_1.jpg,none,,,,,
221903_AQ,221903,Earring WATERMELON PARTY Aquamarine,_AQ,Aquamarine,Jewellery,Earrings,Stud,Shell; Zinc,Golden,,5.99,/242/52/221903_AQ_1,221903_AQ_1.jpg,none,,,,,
221918_BM,221918,Necklace WATERMELON PARTY Bright Multicolor,_BM,Bright Multicolor,Jewellery,Necklaces,Beaded Necklace,Iron; Shell,Golden,,12.99,/242/52/221918_BM_1,221918_BM_1.jpg,none,,,,,
221921_CL,221921,Earring WATERMELON PARTY Coral,_CL,Coral,Jewellery,Earrings,Dangle,Iron; Shell,Brushed Golden,,7.99,/242/52/221921_CL_1,221921_CL_1.jpg,none,,,,,
221921_TG,221921,Earring WATERMELON PARTY Pastel Green,_TG,Pastel Green,Jewellery,Earrings,Dangle,Iron; Shell,Brushed Golden,,7.99,/242/52/221921_TG_1,221921_TG_1.jpg,none,,,,,
221986_TG,221986,Earring WATERMELON PARTY Pastel Green,_TG,Pastel Green,Jewellery,Earrings,Dangle,Iron; Shell,Golden,,5.99,/242/52/221986_TG_1,221986_TG_1.jpg,none,,,,,
222006_BM,222006,Earring WATERMELON PARTY Bright Multicolor,_BM,Bright Multicolor,Jewellery,Earrings,Dangle,Iron; Shell,Golden,,7.99,/242/52/222006_BM_1,222006_BM_1.jpg,none,,,,,
222054_BM,222054,Earring WATERMELON PARTY Bright Multicolor,_BM,Bright Multicolor,Jewellery,Earrings,Dangle,Iron; Shell,Golden,,7.99,/242/52/222054_BM_1,222054_BM_1.jpg,none,,,,,
222064_BM,222064,Bracelet WATERMELON PARTY Bright Multicolor,_BM,Bright Multicolor,Jewellery,Bracelets,Anklet,Brass; Glass; Iron; Resin; Shell; Stone,Golden,,7.99,/242/52/222064_BM_1,222064_BM_1.jpg,none,,,,,
222077_TL,222077,Earring WATERMELON PARTY Teal,_TL,Teal,Jewellery,Earrings,Dangle,Iron; Shell,Golden,,8.99,/242/52/222077_TL_1,222077_TL_1.jpg,none,,,,,
222083_BM,222083,Earring WATERMELON PARTY Bright Multicolor,_BM,Bright Multicolor,Jewellery,Earrings,Dangle,Iron; Shell; Metal and Plastic,Brushed Golden,,7.99,/242/52/222083_BM_1,222083_BM_1.jpg,none,,,,,
222605_TQ,222605,Earring WATERMELON PARTY Turquoise,_TQ,Turquoise,Jewellery,Earrings,Hoop Earrings,Iron; Shell,Golden,,7.99,/242/52/222605_TQ_1,222605_TQ_1.jpg,none,,,,,
222833_CL,222833,Earring WATERMELON PARTY Coral,_CL,Coral,Jewellery,Earrings,Stud,Resin,Golden,,5.99,/242/52/222833_CL_1,222833_CL_1.jpg,none,,,,,
223000_GD,223000,Bracelet SPIRIT Gold,_GD,Gold,Jewellery,Bracelets,Cuff,Zinc,,,9.99,/242/52/223000_GD_1,223000_GD_1.jpg,none,,,,,
223006_PM,223006,Earring SPIRIT Pastel Multicolor,_PM,Pastel Multicolor,Jewellery,Earrings,Dangle,Cork; Brass; Acrylic; Iron; Glass; Pearl,Golden,,8.99,/242/52/223006_PM_1,223006_PM_1.jpg,none,,,,,
223012_PM,223012,Earring SPIRIT Pastel Multicolor,_PM,Pastel Multicolor,Jewellery,Earrings,Dangle,Cork; Stone; Zinc; Acrylic; Iron,Matte Golden,,7.99,/242/52/223012_PM_1,223012_PM_1.jpg,none,,,,,
223018_PM,223018,Necklace SPIRIT Pastel Multicolor,_PM,Pastel Multicolor,Jewellery,Necklaces,Beaded Necklace,Cork; Acrylic; Pearl; Iron; Stone; Zinc; Thermoplastic Polyurethane,Matte Golden,,15.99,/242/52/223018_PM_1,223018_PM_1.jpg,none,,,,,
223028_PM,223028,Earring SPIRIT Pastel Multicolor,_PM,Pastel Multicolor,Jewellery,Earrings,Drop,Acrylic; Iron; Stone; Zinc,Matte Golden,,7.99,/242/52/223028_PM_1,223028_PM_1.jpg,none,,,,,
223059_GN,223059,Earring SPIRIT Green,_GN,Green,Jewellery,Earrings,Hoop Earrings,Acrylic; Zinc,Matte Golden,,5.99,/242/52/223059_GN_1,223059_GN_1.jpg,none,,,,,
223067_GD,223067,Earring SPIRIT Gold,_GD,Gold,Jewellery,Earrings,Hoop Earrings,Iron; Brass,Golden,,8.99,/242/52/223067_GD_1,223067_GD_1.jpg,none,,,,,
223073_GD,223073,Ring SPIRIT Gold,_GD,Gold,Jewellery,Rings,Band Ring,Copper; Glass,Matte Golden,,4.99,/242/52/223073_GD_1,223073_GD_1.jpg,none,,,,,
223120_TG,223120,Earring SPIRIT Pastel Green,_TG,Pastel Green,Jewellery,Earrings,Hoop Earrings,Thermoplastic Polyurethane; Zinc,Matte Golden,,5.99,/242/52/223120_TG_1,223120_TG_1.jpg,none,,,,,
223124_PM,223124,Earring SPIRIT Pastel Multicolor,_PM,Pastel Multicolor,Jewellery,Earrings,Hoop Earrings,Steel; Thermoplastic Polyurethane; Zinc,Matte Golden,,5.99,/242/52/223124_PM_1,223124_PM_1.jpg,none,,,,,
223210_BM,223210,Bracelet MARBLEMANIA Bright Multicolor,_BM,Bright Multicolor,Jewellery,Bracelets,Elastic Bracelet,Acrylic; Glass; Polyester,Other,,7.99,/242/52/223210_BM_1,223210_BM_1.jpg,none,,,,,
223222_HM,223222,Earring MARBLEMANIA Halftone Multicolor,_HM,Halftone Multicolor,Jewellery,Earrings,Tassel Earring,Acrylic; Iron; Enamel; Polyamide; Cork,,,9.99,/242/52/223222_HM_1,223222_HM_1.jpg,none,,,,,
223232_BM,223232,Necklace MARBLEMANIA Bright Multicolor,_BM,Bright Multicolor,Jewellery,Necklaces,Pendant,Iron; Suede; Acrylic; Copper; Cork,,,10.99,/242/52/223232_BM_1,223232_BM_1.jpg,none,,,,,
223253_BM,223253,Set of Necklaces MARBLEMANIA Bright Multicolor,_BM,Bright Multicolor,Jewellery,Necklaces,Pendant,Cork; Acrylic; Iron; Resin; Zinc; Stone,Other,,15.99,/242/52/223253_BM_1,223253_BM_1.jpg,none,,,,,
223259_OR,223259,Earring TREND Orange,_OR,Orange,Jewellery,Earrings,Tassel Earring,Cotton; Zinc,Worn Gold,,12.99,/242/52/223259_OR_1,223259_OR_1.jpg,none,,,,,
223265_HM,223265,Set of Necklaces MARBLEMANIA Halftone Multicolor,_HM,Halftone Multicolor,Jewellery,Necklaces,Pendant,Cork; Cotton; Stone; Zinc; Resin,Other,,15.99,/242/52/223265_HM_1,223265_HM_1.jpg,none,,,,,
223271_BM,223271,Earring TREND Bright Multicolor,_BM,Bright Multicolor,Jewellery,Earrings,Dangle,Resin; Metal Fitting,Worn Gold,,15.99,/242/52/223271_BM_1,223271_BM_1.jpg,none,,,,,
223278_BL,223278,Earring MARBLEMANIA Blue,_BL,Blue,Jewellery,Earrings,Stud,Resin; Steel,Other,,7.99,/242/52/223278_BL_1,223278_BL_1.jpg,none,,,,,
223278_LB,223278,Earring ATMOSPHERE Light Blue,_LB,Light Blue,Jewellery,Earrings,Stud,Resin,Other,,7.99,/242/52/223278_LB_1,223278_LB_1.jpg,none,,,,,
223278_LM,223278,Earring MARBLEMANIA Lime,_LM,Lime,Jewellery,Earrings,Stud,Resin; Steel,Other,,7.99,/242/52/223278_LM_1,223278_LM_1.jpg,none,,,,,
223281_GD,223281,Earring TREND Gold,_GD,Gold,Jewellery,Earrings,Stud,Iron; Zinc,,,9.99,/242/52/223281_GD_1,223281_GD_1.jpg,none,,,,,
223288_BM,223288,Necklace MARBLEMANIA Bright Multicolor,_BM,Bright Multicolor,Jewellery,Necklaces,Beaded Necklace,Stone; Thermoplastic Polyurethane; Iron; Thermoplastic Polyurethane; Thermoplastic Polyurethane,Other,,12.99,/242/52/223288_BM_1,223288_BM_1.jpg,none,,,,,
223303_DN,223303,Earring TREND Dark Green,_DN,Dark Green,Jewellery,Earrings,Hoop Earrings,Cork; Resin; Iron; Brass,Other,,12.99,/242/52/223303_DN_1,223303_DN_1.jpg,none,,,,,
223303_WT,223303,Earring TREND White,_WT,White,Jewellery,Earrings,Hoop Earrings,Cork; Resin; Brass; Iron,Other,,12.99,/242/52/223303_WT_1,223303_WT_1.jpg,none,,,,,
223305_FU,223305,Bracelet MARBLEMANIA Fuchsia,_FU,Fuchsia,Jewellery,Bracelets,Bangle,Thermoplastic Polyurethane,,,9.99,/242/52/223305_FU_1,223305_FU_1.jpg,none,,,,,
223320_DN,223320,Earring TREND Dark Green,_DN,Dark Green,Jewellery,Earrings,Dangle,Iron; Raffia; Wood; Metal Fitting,Worn Gold,,15.99,/242/52/223320_DN_1,223320_DN_1.jpg,none,,,,,
223324_BM,223324,Necklace MARBLEMANIA Bright Multicolor,_BM,Bright Multicolor,Jewellery,Necklaces,Pendant,Polyester; Resin,,,10.99,/242/52/223324_BM_1,223324_BM_1.jpg,none,,,,,
223349_DN,223349,Earring TREND Dark Green,_DN,Dark Green,Jewellery,Earrings,Dangle,Iron; Glass,Worn Gold,,15.99,/242/52/223349_DN_1,223349_DN_1.jpg,none,,,,,
223356_GD,223356,Earring TREND Gold,_GD,Gold,Jewellery,Earrings,Dangle,Cork; Iron,Burnish Golden,,15.99,/242/52/223356_GD_1,223356_GD_1.jpg,none,,,,,
223361_GD,223361,Earring TREND Gold,_GD,Gold,Jewellery,Earrings,Drop,Cork; Iron,Burnish Golden,,12.99,/242/52/223361_GD_1,223361_GD_1.jpg,none,,,,,
223373_GD,223373,Earring TREND Gold,_GD,Gold,Jewellery,Earrings,Dangle,Brass; Zinc,Golden,,15.99,/242/52/223373_GD_1,223373_GD_1.jpg,none,,,,,
223418_WT,223418,Earring TREND White,_WT,White,Jewellery,Earrings,Dangle,Cork; Iron; Raffia,,,9.99,/242/52/223418_WT_2y,223418_WT_2y.jpg,none,,,,,
223572_IV,223572,Earring EXCLUSIVE Ivory,_IV,Ivory,Jewellery,Earrings,Stud,Cork; Zinc; Resin,Golden,,7.99,/241/52/223572_IV_1,223572_IV_1.jpg,none,,,,,
223683_GY,223683,Earring MUSTANG Grey,_GY,Grey,Jewellery,Earrings,Stud,Cork; Resin; Zinc,Antik Golden,,4.99,/242/52/223683_GY_1,223683_GY_1.jpg,none,,,,,
223692_HM,223692,Ring MUSTANG Halftone Multicolor,_HM,Halftone Multicolor,Jewellery,Rings,Cocktail,Cork; Acrylic; Thermoplastic Polyurethane; Resin,Antik Golden,,6.99,/242/52/223692_HM_1,223692_HM_1.jpg,none,,,,,
223700_GD,223700,Necklace MUSTANG Gold,_GD,Gold,Jewellery,Necklaces,Collar,Cork; Iron; Zinc,Antik Golden,,12.99,/242/52/223700_GD_1,223700_GD_1.jpg,none,,,,,
223705_HM,223705,Earring MUSTANG Halftone Multicolor,_HM,Halftone Multicolor,Jewellery,Earrings,Dangle,Resin; Cork; Zinc; Thermoplastic Polyurethane,Antik Golden,,5.99,/242/52/223705_HM_1,223705_HM_1.jpg,none,,,,,
223729_SV,223729,Pin FASHION SUPPLEMENTS Silver,_SV,Silver,Jewellery,Pins,Lady Brooche,Cork; Zinc,Rodhium,,5.99,/242/52/223729_SV_1,223729_SV_1.jpg,none,,,,,
223741_SV,223741,Set of Rings silver basics EXTRA Silver,_SV,Silver,Jewellery,Rings,Band Ring,Cork; Zinc,Rodhium,,7.99,/242/52/223741_SV_1,223741_SV_1.jpg,none,,,,,
223746_BR,223746,Necklace MUSTANG Brick Red,_BR,Brick Red,Jewellery,Necklaces,Pendant,Iron; Cork; Resin; Zinc,Antik Golden,,12.99,/242/52/223746_BR_1,223746_BR_1.jpg,none,,,,,
223751_HM,223751,Bracelet MUSTANG Halftone Multicolor,_HM,Halftone Multicolor,Jewellery,Bracelets,Elastic Bracelet,Cork; Zinc; Thermoplastic Polyurethane; Elastane; Acrylic,Antik Golden,,5.99,/242/52/223751_HM_1,223751_HM_1.jpg,none,,,,,
223755_LB,223755,Earring MUSTANG Light Blue,_LB,Light Blue,Jewellery,Earrings,Hoop Earrings,Cork; Zinc; Acrylic,Antik Golden,,5.99,/242/52/223755_LB_1,223755_LB_1.jpg,none,,,,,
223759_LB,223759,Earring MUSTANG Light Blue,_LB,Light Blue,Jewellery,Earrings,Dangle,Cork; Zinc; Resin; Stone,Antik Golden,,5.99,/242/52/223759_LB_1,223759_LB_1.jpg,none,,,,,
223774_HM,223774,Earring MUSTANG Halftone Multicolor,_HM,Halftone Multicolor,Jewellery,Earrings,Hoop Earrings,Cork; Iron; Resin,,,9.99,/242/52/223774_HM_1,223774_HM_1.jpg,none,,,,,
223779_LB,223779,Bracelet MUSTANG Light Blue,_LB,Light Blue,Jewellery,Bracelets,Cuff,Cork; Iron; Thermoplastic Polyurethane,Antik Golden,,7.99,/242/52/223779_LB_1,223779_LB_1.jpg,none,,,,,
223787_WT,223787,Necklace silver basics EXTRA White,_WT,White,Jewellery,Necklaces,Beaded Necklace,Cork; Pearl; Zinc,Rodhium,,12.99,/242/52/223787_WT_1,223787_WT_1.jpg,none,,,,,
223792_SV,223792,Earring silver basics EXTRA Silver,_SV,Silver,Jewellery,Earrings,Ear Jacket,Zinc,Rodhium,,7.99,/242/52/223792_SV_1,223792_SV_1.jpg,none,,,,,
223799_BG,223799,Earring MUSTANG Beige,_BG,Beige,Jewellery,Earrings,Hoop Earrings,Cork; Resin; Brass,Antik Golden,,5.99,/242/52/223799_BG_1,223799_BG_1.jpg,none,,,,,
223805_HM,223805,Earring MUSTANG Halftone Multicolor,_HM,Halftone Multicolor,Jewellery,Earrings,Dangle,Cork; Zinc; Resin,Antik Golden,,5.99,/242/52/223805_HM_1,223805_HM_1.jpg,none,,,,,
223810_HM,223810,Set of Bracelets MUSTANG Halftone Multicolor,_HM,Halftone Multicolor,Jewellery,Bracelets,Elastic Bracelet,Cork; Stone; Thermoplastic Polyurethane; Acrylic; Pearl,,,9.99,/242/52/223810_HM_1,223810_HM_1.jpg,none,,,,,
223815_SV,223815,Earring silver basics EXTRA Silver,_SV,Silver,Jewellery,Earrings,Stud,Zinc,Rodhium,,5.99,/242/52/223815_SV_1,223815_SV_1.jpg,none,,,,,
223820_SV,223820,Necklace silver basics EXTRA Silver,_SV,Silver,Jewellery,Necklaces,Beaded Necklace,Cork; Thermoplastic Polyurethane; Zinc; Brass,Rodhium,,12.99,/242/52/223820_SV_1,223820_SV_1.jpg,none,,,,,
223825_SV,223825,Bracelet silver basics EXTRA Silver,_SV,Silver,Jewellery,Bracelets,Non-Adjustable Bracelet,Cork; Zinc,Rodhium,,6.99,/242/52/223825_SV_1,223825_SV_1.jpg,none,,,,,
223833_SV,223833,Earring SILVER BASICS Silver,_SV,Silver,Jewellery,Earrings,Hoop Earrings,Cork; Thermoplastic Polyurethane,Rodhium,,5.99,/242/52/223833_SV_1,223833_SV_1.jpg,none,,,,,
223837_SV,223837,Earring SILVER BASICS Silver,_SV,Silver,Jewellery,Earrings,Hoop Earrings,Cork; Thermoplastic Polyurethane,Rodhium,,5.99,/242/52/223837_SV_1,223837_SV_1.jpg,none,,,,,
223842_SV,223842,Earring SILVER BASICS Silver,_SV,Silver,Jewellery,Earrings,Clip Earrings,Acrylic; Brass,Rodhium,,7.99,/242/52/223842_SV_1,223842_SV_1.jpg,none,,,,,
223848_SV,223848,Set of Earrings SILVER BASICS Silver,_SV,Silver,Jewellery,Earrings,Hoop Earrings,Cork; Zinc,Rodhium,,5.99,/242/52/223848_SV_1,223848_SV_1.jpg,none,,,,,
223854_SV,223854,Ring SILVER BASICS Silver,_SV,Silver,Jewellery,Rings,Band Ring,Cork; Zinc,Rodhium,,4.99,/242/52/223854_SV_1,223854_SV_1.jpg,none,,,,,
223859_SV,223859,Necklace SILVER BASICS Silver,_SV,Silver,Jewellery,Necklaces,Pendant,Cork; Iron; Zinc,,,10.99,/242/52/223859_SV_1,223859_SV_1.jpg,none,,,,,
223864_RD,223864,Set of Earrings SILVER BASICS Red,_RD,Red,Jewellery,Earrings,Ear Cuff,Cork; Zinc,Rodhium,,5.99,/242/52/223864_RD_1,223864_RD_1.jpg,none,,,,,
223878_SV,223878,Necklace SILVER BASICS Silver,_SV,Silver,Jewellery,Necklaces,Pendant,Cork; Zinc; Iron,,,10.99,/242/52/223878_SV_1,223878_SV_1.jpg,none,,,,,
223885_SV,223885,Earring SILVER BASICS Silver,_SV,Silver,Jewellery,Earrings,Stud,Zinc,Rodhium,,7.99,/242/52/223885_SV_1,223885_SV_1.jpg,none,,,,,
223888_RD,223888,Set of Bracelets SILVER BASICS Red,_RD,Red,Jewellery,Bracelets,Elastic Bracelet,Acrylic; Iron,,,9.99,/242/52/223888_RD_1,223888_RD_1.jpg,none,,,,,
223897_SV,223897,Earring SILVER BASICS Silver,_SV,Silver,Jewellery,Earrings,Hoop Earrings,Cork; Thermoplastic Polyurethane,Rodhium,,5.99,/242/52/223897_SV_1,223897_SV_1.jpg,none,,,,,
223901_SV,223901,Necklace SILVER BASICS Silver,_SV,Silver,Jewellery,Necklaces,Pendant,Cork; Zinc; Iron,,,10.99,/242/52/223901_SV_1,223901_SV_1.jpg,none,,,,,
223907_SV,223907,Earring SILVER BASICS Silver,_SV,Silver,Jewellery,Earrings,Ear Jacket,Zinc,Rodhium,,5.99,/242/52/223907_SV_1,223907_SV_1.jpg,none,,,,,
223912_RD,223912,Necklace SILVER BASICS Red,_RD,Red,Jewellery,Necklaces,Beaded Necklace,Iron; Zinc; Acrylic,Rodhium,,12.99,/242/52/223912_RD_1,223912_RD_1.jpg,none,,,,,
223941_HM,223941,Set of Rings MUSTANG Halftone Multicolor,_HM,Halftone Multicolor,Jewellery,Rings,Cocktail,Zinc; Thermoplastic Polyurethane; Cork,Antik Golden,,8.99,/242/52/223941_HM_1,223941_HM_1.jpg,none,,,,,
223955_GD,223955,Earring GLDN DEL Gold,_GD,Gold,Jewellery,Earrings,Dangle,Pearl; Zinc,Golden,,8.99,/242/52/223955_GD_1,223955_GD_1.jpg,none,,,,,
224161_GD,224161,Earring TREND Gold,_GD,Gold,Jewellery,Earrings,Dangle,Cork; Brass; Zinc,,,9.99,/242/52/224161_GD_1,224161_GD_1.jpg,none,,,,,
224265_DM,224265,Earring MONETT Dark Multicolor,_DM,Dark Multicolor,Jewellery,Earrings,Clip with Post,Resin; Iron,Golden,,7.99,/242/52/224265_DM_1,224265_DM_1.jpg,none,,,,,
224302_HM,224302,Necklace MONETT Halftone Multicolor,_HM,Halftone Multicolor,Jewellery,Necklaces,Beaded Necklace,Cork; Glass; Iron; Zinc; Acrylic; Resin,Golden,,12.99,/242/52/224302_HM_1,224302_HM_1.jpg,none,,,,,
224310_HM,224310,Set of Rings MONETT Halftone Multicolor,_HM,Halftone Multicolor,Jewellery,Rings,Band Ring,Zinc; Enamel,Golden,,7.99,/242/52/224310_HM_1,224310_HM_1.jpg,none,,,,,
224331_HM,224331,Earring MONETT Halftone Multicolor,_HM,Halftone Multicolor,Jewellery,Earrings,Dangle,Resin; Iron,Golden,,7.99,/242/52/224331_HM_1,224331_HM_1.jpg,none,,,,,
224332_HM,224332,Earring MONETT Halftone Multicolor,_HM,Halftone Multicolor,Jewellery,Earrings,Hoop Earrings,Resin; Iron; Thermoplastic Polyurethane,Golden,,8.99,/242/52/224332_HM_1,224332_HM_1.jpg,none,,,,,
224332_LL,224332,Earring MONETT Lilac,_LL,Lilac,Jewellery,Earrings,Hoop Earrings,Resin; Iron; Thermoplastic Polyurethane,Golden,,8.99,/242/52/224332_LL_1,224332_LL_1.jpg,none,,,,,
224338_HM,224338,Earring MONETT Halftone Multicolor,_HM,Halftone Multicolor,Jewellery,Earrings,Dangle,Zinc; Thermoplastic Polyurethane,Brushed Golden,,7.99,/242/52/224338_HM_1,224338_HM_1.jpg,none,,,,,
224343_HM,224343,Necklace MONETT Halftone Multicolor,_HM,Halftone Multicolor,Jewellery,Necklaces,Pendant,Resin; Iron,,,10.99,/242/52/224343_HM_1,224343_HM_1.jpg,none,,,,,
224385_BU,224385,Earring MONETT Burgundy,_BU,Burgundy,Jewellery,Earrings,Dangle,Resin; Enamel; Iron,Golden,,5.99,/242/52/224385_BU_1,224385_BU_1.jpg,none,,,,,
224390_BU,224390,Ring MONETT Burgundy,_BU,Burgundy,Jewellery,Rings,Band Ring,Iron; Resin,Golden,,5.99,/242/52/224390_BU_1,224390_BU_1.jpg,none,,,,,
224398_HM,224398,Necklace MONETT Halftone Multicolor,_HM,Halftone Multicolor,Jewellery,Necklaces,Beaded Necklace,Zinc; Brass; Acrylic; Cork,Golden,,12.99,/242/52/224398_HM_1,224398_HM_1.jpg,none,,,,,
224403_BU,224403,Earring MONETT Burgundy,_BU,Burgundy,Jewellery,Earrings,Hoop Earrings,Acrylic; Cork,Golden,,7.99,/242/52/224403_BU_1,224403_BU_1.jpg,none,,,,,
224403_DN,224403,Earring MODERN STONES Dark Green,_DN,Dark Green,Jewellery,Earrings,Hoop Earrings,Acrylic,Other,,7.99,/242/52/224403_DN_1,224403_DN_1.jpg,none,,,,,
224403_OR,224403,Earring MONETT Orange,_OR,Orange,Jewellery,Earrings,Hoop Earrings,Acrylic; Cork,Golden,,7.99,/242/52/224403_OR_1,224403_OR_1.jpg,none,,,,,
224405_HM,224405,Earring MONETT Halftone Multicolor,_HM,Halftone Multicolor,Jewellery,Earrings,Dangle,Acrylic; Iron; Cork,,,7.99,/242/52/224405_HM_1,224405_HM_1.jpg,none,,,,,
224516_SV,224516,Ring SILVER D Silver,_SV,Silver,Jewellery,Rings,Band Ring,Thermoplastic Polyurethane; Brass; Zirconium,Golden,,5.99,/242/52/224516_SV_1,224516_SV_1.jpg,none,,,,,
224525_CG,224525,Bracelet EXCLUSIVE Cognac,_CG,Cognac,Jewellery,Bracelets,Bangle,Acrylic; Resin,,,9.99,/242/52/224525_CG_1,224525_CG_1.jpg,none,,,,,
224562_BK,224562,Earring Milagro Black,_BK,Black,Jewellery,Earrings,Hoop Earrings,Zinc; Thermoplastic Polyurethane,Golden,,7.99,/242/52/224562_BK_1,224562_BK_1.jpg,none,,,,,
224569_BK,224569,Earring Milagro Black,_BK,Black,Jewellery,Earrings,Stud,Zinc,Golden,,5.99,/242/52/224569_BK_1,224569_BK_1.jpg,none,,,,,
224573_BK,224573,Earring Milagro Black,_BK,Black,Jewellery,Earrings,Hoop Earrings,Zinc; Resin; Glass; Brass; Zirconium,Golden,,7.99,/242/52/224573_BK_1,224573_BK_1.jpg,none,,,,,
224584_BK,224584,Earring Milagro Black,_BK,Black,Jewellery,Earrings,Hoop Earrings,Cork; Zinc; Enamel,Golden,,7.99,/242/52/224584_BK_1,224584_BK_1.jpg,none,,,,,
224590_BK,224590,Earring Milagro Black,_BK,Black,Jewellery,Earrings,Drop,Cork; Brass,Golden,,7.99,/242/52/224590_BK_1,224590_BK_1.jpg,none,,,,,
224595_BK,224595,Set of Necklaces Milagro Black,_BK,Black,Jewellery,Necklaces,Beaded Necklace,Cork; Stone; Thermoplastic Polyurethane; Acrylic; Pearl; Glass; Iron; Brass,Golden,,15.99,/242/52/224595_BK_1,224595_BK_1.jpg,none,,,,,
224602_GD,224602,Earring Milagro Gold,_GD,Gold,Jewellery,Earrings,Stud,Cork; Zinc,Golden,,5.99,/242/52/224602_GD_1,224602_GD_1.jpg,none,,,,,
224606_BK,224606,Earring Milagro Black,_BK,Black,Jewellery,Earrings,Hoop Earrings,Glass; Iron,Golden,,5.99,/242/52/224606_BK_1,224606_BK_1.jpg,none,,,,,
224613_BK,224613,Necklace Milagro Black,_BK,Black,Jewellery,Necklaces,Pendant,Zinc; Iron; Polyurethane,,,10.99,/242/52/224613_BK_1,224613_BK_1.jpg,none,,,,,
224618_BK,224618,Earring Milagro Black,_BK,Black,Jewellery,Earrings,Hoop Earrings,Zinc; Thermoplastic Polyurethane,Golden,,7.99,/242/52/224618_BK_1,224618_BK_1.jpg,none,,,,,
224625_BK,224625,Earring Milagro Black,_BK,Black,Jewellery,Earrings,Hoop Earrings,Cork; Brass,Golden,,5.99,/242/52/224625_BK_1,224625_BK_1.jpg,none,,,,,
224629_BK,224629,Earring Milagro Black,_BK,Black,Jewellery,Earrings,Stud,Cork; Stone; Zinc,Golden,,4.99,/242/52/224629_BK_1,224629_BK_1.jpg,none,,,,,
224636_BK,224636,Bracelet Milagro Black,_BK,Black,Jewellery,Bracelets,Elastic Bracelet,Cork; Enamel; Zinc,Golden,,6.99,/242/52/224636_BK_1,224636_BK_1.jpg,none,,,,,
224640_BK,224640,Necklace Milagro Black,_BK,Black,Jewellery,Necklaces,Beaded Necklace,Brass; Resin; Thermoplastic Polyurethane,,,10.99,/242/52/224640_BK_1,224640_BK_1.jpg,none,,,,,
224648_BK,224648,Necklace Milagro Black,_BK,Black,Jewellery,Necklaces,Beaded Necklace,Polyester; Acrylic,Other,,12.99,/242/52/224648_BK_1,224648_BK_1.jpg,none,,,,,
224651_BK,224651,Ring Milagro Black,_BK,Black,Jewellery,Rings,Fantasy,Zinc; Enamel; Cork,Golden,,4.99,/242/52/224651_BK_1,224651_BK_1.jpg,none,,,,,
224657_GD,224657,Earring Golden Basics Gold,_GD,Gold,Jewellery,Earrings,Dangle,Iron,Golden,,4.99,/242/52/224657_GD_1,224657_GD_1.jpg,none,,,,,
224662_GD,224662,Set of Necklaces Golden Basics Gold,_GD,Gold,Jewellery,Necklaces,Pendant,Iron; Zinc,Golden,,12.99,/242/52/224662_GD_1,224662_GD_1.jpg,none,,,,,
224669_GD,224669,Ring Golden Basics Gold,_GD,Gold,Jewellery,Rings,Fantasy,Cork; Zinc,Golden,,5.99,/242/52/224669_GD_1,224669_GD_1.jpg,none,,,,,
224675_GD,224675,Necklace Golden Basics Gold,_GD,Gold,Jewellery,Necklaces,Pendant,Cork; Zinc; Iron,Golden,,10.99,/242/52/224675_GD_1,224675_GD_1.jpg,none,,,,,
224680_GD,224680,Earring Golden Basics Gold,_GD,Gold,Jewellery,Earrings,Stud,Iron,Golden,,4.99,/242/52/224680_GD_1,224680_GD_1.jpg,none,,,,,
224685_GD,224685,Earring Golden Basics Gold,_GD,Gold,Jewellery,Earrings,Dangle,Steel,Golden,,7.99,/242/52/224685_GD_1,224685_GD_1.jpg,none,,,,,
224723_HM,224723,Earring NOMADA Halftone Multicolor,_HM,Halftone Multicolor,Jewellery,Earrings,Dangle,Cork; Zinc; Stone; Iron; Glass,Golden,,7.99,/242/52/224723_HM_1,224723_HM_1.jpg,none,,,,,
224729_HM,224729,Earring NOMADA Halftone Multicolor,_HM,Halftone Multicolor,Jewellery,Earrings,Dangle,Cork; Stone; Acrylic; Iron,Golden,,5.99,/242/52/224729_HM_1,224729_HM_1.jpg,none,,,,,
224734_TB,224734,Ring NOMADA Pastel Blue,_TB,Pastel Blue,Jewellery,Rings,Cocktail,Cork; Zinc; Resin,Golden,,6.99,/242/52/224734_TB_1,224734_TB_1.jpg,none,,,,,
224748_MM,224748,Earring NOMADA Metallic Multicolor,_MM,Metallic Multicolor,Jewellery,Earrings,Stud,Cork; Zinc,Multifinishing,,4.99,/242/52/224748_MM_1,224748_MM_1.jpg,none,,,,,
224754_OX,224754,Earring NOMADA Oxford Blue,_OX,Oxford Blue,Jewellery,Earrings,Dangle,Cork; Stone; Zinc,,,9.99,/242/52/224754_OX_1,224754_OX_1.jpg,none,,,,,
224769_HM,224769,Necklace NOMADA Halftone Multicolor,_HM,Halftone Multicolor,Jewellery,Necklaces,Pendant,Cork; Glass; Resin; Iron; Stone; Brass,Golden,,12.99,/242/52/224769_HM_1,224769_HM_1.jpg,none,,,,,
224778_HM,224778,Set of Earrings NOMADA Halftone Multicolor,_HM,Halftone Multicolor,Jewellery,Earrings,Hoop Earrings,Cork; Stone; Zinc; Brass,Golden,,7.99,/242/52/224778_HM_1,224778_HM_1.jpg,none,,,,,
224794_TQ,224794,Bracelet NOMADA Turquoise,_TQ,Turquoise,Jewellery,Bracelets,Arm Bangle,Acrylic; Iron; Stone; Zinc,Golden,,8.99,/242/52/224794_TQ_2y,224794_TQ_2y.jpg,none,,,,,
224799_MM,224799,Necklace NOMADA Metallic Multicolor,_MM,Metallic Multicolor,Jewellery,Necklaces,Chain,Cork; Iron; Zinc,Multifinishing,,10.99,/242/52/224799_MM_1,224799_MM_1.jpg,none,,,,,
224803_IG,224803,Ring NOMADA Indigo,_IG,Indigo,Jewellery,Rings,Cocktail,Zinc; Stone,Golden,,5.99,/242/52/224803_IG_1,224803_IG_1.jpg,none,,,,,
224810_IG,224810,Necklace NOMADA Indigo,_IG,Indigo,Jewellery,Necklaces,Chain,Stone; Zinc; Iron; Cork,,,10.99,/242/52/224810_IG_1,224810_IG_1.jpg,none,,,,,
224815_HM,224815,Earring NOMADA Halftone Multicolor,_HM,Halftone Multicolor,Jewellery,Earrings,Dangle,Zinc; Iron; Stone; Cork,Golden,,8.99,/242/52/224815_HM_1,224815_HM_1.jpg,none,,,,,
224821_HM,224821,Earring NOMADA Halftone Multicolor,_HM,Halftone Multicolor,Jewellery,Earrings,Clip Earrings,Cork; Stone; Resin; Pearl; Brass; Zinc,Golden,,12.99,/242/52/224821_HM_1,224821_HM_1.jpg,none,,,,,
224929_GD,224929,Earring BULKY GOLD PLATED Gold,_GD,Gold,Jewellery,Earrings,Hoop Earrings,Brass,Gold Plated,,27.99,/242/52/224929_GD_1,224929_GD_1.jpg,none,,,,,
224933_GD,224933,Ring BULKY GOLD PLATED Gold,_GD,Gold,Jewellery,Rings,Cocktail,Brass,Gold Plated,,23.99,/242/52/224933_GD_1,224933_GD_1.jpg,none,,,,,
224985_BL,224985,Necklace ATMOSPHERE Blue,_BL,Blue,Jewellery,Necklaces,Bib Necklace,Thermoplastic Polyurethane; Brass,Rodhium,,15.99,/242/52/224985_BL_1,224985_BL_1.jpg,none,,,,,
224990_BL,224990,Necklace ATMOSPHERE Blue,_BL,Blue,Jewellery,Necklaces,Beaded Necklace,Thermoplastic Polyurethane; Stone; Cork; Brass,Rose Gold,,12.99,/242/52/224990_BL_1,224990_BL_1.jpg,none,,,,,
224997_BL,224997,Earring ATMOSPHERE Blue,_BL,Blue,Jewellery,Earrings,Dangle,Brass; Polyester; Zinc,Rodhium,,7.99,/242/52/224997_BL_1,224997_BL_1.jpg,none,,,,,
225015_GD,225015,Earring GOLD PLATED COLLECTION Gold,_GD,Gold,Jewellery,Earrings,Hoop Earrings,Brass,Gold Plated,,19.99,/242/52/225015_GD_1,225015_GD_1.jpg,none,,,,,
225024_GD,225024,Ring GOLD PLATED COLLECTION Gold,_GD,Gold,Jewellery,Rings,Stone/Gem,Stone; Brass,Gold Plated,,19.99,/242/52/225024_GD_1,225024_GD_1.jpg,none,,,,,
225028_GD,225028,Jewellery GOLD PLATED COLLECTION Gold,_GD,Gold,Jewellery,Charms,Symbol,Stone; Brass,Gold Plated,,15.99,/242/52/225028_GD_1,225028_GD_1.jpg,none,,,,,
225033_GD,225033,Necklace GOLD PLATED COLLECTION Gold,_GD,Gold,Jewellery,Necklaces,Pendant,Stone; Brass,Gold Plated,,27.99,/242/52/225033_GD_1,225033_GD_1.jpg,none,,,,,
225041_BL,225041,Earring ATMOSPHERE Blue,_BL,Blue,Jewellery,Earrings,Dangle,Acrylic; Zinc,Rodhium,,5.99,/242/52/225041_BL_1,225041_BL_1.jpg,none,,,,,
225063_BL,225063,Bracelet ATMOSPHERE Blue,_BL,Blue,Jewellery,Bracelets,Bangle,Iron; Stone,Rodhium,,15.99,/242/52/225063_BL_1,225063_BL_1.jpg,none,,,,,
206046_EC,206046,Multipurpose Purse BRENDA Ecru,_EC,Ecru,Wallet,Multipurpose Purse,Knit,Cotton; Cotton,,,15.99,/232/62/206046_EC_1,206046_EC_1.jpg,none,,,,,
207917_BL,207917,Phone Holder CHER Blue,_BL,Blue,Wallet,Phone Holder,Beads,Fiberglass,,,22.99,/232/62/207917_BL_1,207917_BL_1.jpg,none,,,,,
208014_EC,208014,Wallet SAMANTHA Ecru,_EC,Ecru,Wallet,Wallet,Printed PU,Polyester; Polyester; Polyurethane; Polyurethane; Polyurethane,,,15.99,/232/62/208014_EC_1,208014_EC_1.jpg,none,,,,,
208031_GN,208031,Multipurpose Purse SAMANTHA Green,_GN,Green,Wallet,Multipurpose Purse,Nylon,Polyester; Polyester,,,12.99,/232/62/208031_GN_1,208031_GN_1.jpg,none,,,,,
208061_EC,208061,Card Holder BRENDA Ecru,_EC,Ecru,Wallet,Card Holder,Plain PU,Polyester; Polyurethane; Polyurethane,,,12.99,/232/62/208061_EC_1,208061_EC_1.jpg,none,,,,,
208061_GN,208061,Card Holder BRENDA Green,_GN,Green,Wallet,Card Holder,Plain PU,Polyester; Polyurethane; Polyurethane,,,12.99,/232/62/208061_GN_1,208061_GN_1.jpg,none,,,,,
208062_EC,208062,Phone Holder BRENDA Ecru,_EC,Ecru,Wallet,Phone Holder,Plain PU,Polyester; Polyurethane,,,17.99,/232/62/208062_EC_1,208062_EC_1.jpg,none,,,,,
208077_BG,208077,Wallet BASIC LAURINDA Beige,_BG,Beige,Wallet,Wallet,Plain PU,Polyester; Polyurethane; Polyurethane,,,15.99,/232/62/208077_BG_1,208077_BG_1.jpg,none,,,,,
208077_OR,208077,Wallet BASIC LAURINDA Orange,_OR,Orange,Wallet,Wallet,Plain PU,Polyester; Polyurethane; Polyurethane,,,15.99,/232/62/208077_OR_1,208077_OR_1.jpg,none,,,,,
208212_WT,208212,Multipurpose Purse SAMANTHA White,_WT,White,Wallet,Multipurpose Purse,Nylon,Polyester; Polyester; Polyethylene Terephthalate,,,15.99,/232/62/208212_WT_1,208212_WT_1.jpg,none,,,,,
208619_BK,208619,Phone Holder GRACE Black,_BK,Black,Wallet,Phone Holder,Plain PU,Polyester; Polyurethane; Polyurethane,,,17.99,/232/62/208619_BK_1,208619_BK_1.jpg,none,,,,,
208619_EC,208619,Phone Holder GRACE Ecru,_EC,Ecru,Wallet,Phone Holder,Plain PU,Polyester; Polyurethane; Polyurethane,,,17.99,/232/62/208619_EC_1,208619_EC_1.jpg,none,,,,,
208619_KK,208619,Phone Holder GRACE Khaki,_KK,Khaki,Wallet,Phone Holder,Plain PU,Polyester; Polyurethane; Polyurethane,,,17.99,/232/62/208619_KK_1,208619_KK_1.jpg,none,,,,,
208619_LL,208619,Phone Holder GRACE Lilac,_LL,Lilac,Wallet,Phone Holder,Plain PU,Polyester; Polyurethane; Polyurethane,,,17.99,/232/62/208619_LL_1,208619_LL_1.jpg,none,,,,,
208715_EC,208715,Card Holder ROSALIA Ecru,_EC,Ecru,Wallet,Card Holder,Plain PU,Polyester; Polyurethane,,,7.99,/232/62/208715_EC_1,208715_EC_1.jpg,none,,,,,
208715_PU,208715,Card Holder ROSALIA Purple,_PU,Purple,Wallet,Card Holder,Plain PU,Polyester; Polyurethane,,,7.99,/232/62/208715_PU_1,208715_PU_1.jpg,none,,,,,
208721_PK,208721,Wallet SOFIA Pink,_PK,Pink,Wallet,Wallet,Plain PU,Polyester; Polyurethane; Polyurethane,,,15.99,/232/62/208721_PK_1,208721_PK_1.jpg,none,,,,,
208728_EC,208728,Wallet BASIC LAURINDA Ecru,_EC,Ecru,Wallet,Wallet,Printed PU,Polyester; Polyurethane; Polyurethane,,,12.99,/232/62/208728_EC_1,208728_EC_1.jpg,none,,,,,
208734_EC,208734,Wallet BASIC LAURINDA Ecru,_EC,Ecru,Wallet,Wallet,Plain PU,Polyester; Polyurethane; Polyurethane,,,17.99,/232/62/208734_EC_1,208734_EC_1.jpg,none,,,,,
208734_NV,208734,Wallet mirabel Navy,_NV,Navy,Wallet,Wallet,Plain PU,Polyester; Polyurethane; Polyurethane,,,17.99,/232/62/208734_NV_1,208734_NV_1.jpg,none,,,,,
209071_BL,209071,Wallet GARDEN Blue,_BL,Blue,Wallet,Wallet,Printed PU,Polyester; Polyester; Polyurethane; Polyurethane,,,17.99,/232/62/209071_BL_1,209071_BL_1.jpg,none,,,,,
209414_BL,209414,Phone Holder BEACH Blue,_BL,Blue,Wallet,Phone Holder,Printed PU,Polyester; Polyurethane; Polyurethane,,,17.99,/232/62/209414_BL_1,209414_BL_1.jpg,none,,,,,
209565_GN,209565,Wallet GLICINIA Green,_GN,Green,Wallet,Wallet,Printed PU,Polyester; Polyurethane; Polyurethane,,,15.99,/232/62/209565_GN_1,209565_GN_1.jpg,none,,,,,
209747_BK,209747,Phone Holder NET2 Black,_BK,Black,Wallet,Phone Holder,Nylon,Aluminium; Polyester; Polyester; Polyester; Polyurethane; Thermoplastic Polyurethane,,,17.99,/232/62/209747_BK_1,209747_BK_1.jpg,none,,,,,
209747_EC,209747,Phone Holder NET2 Ecru,_EC,Ecru,Wallet,Phone Holder,Nylon,Aluminium; Polyester; Polyester; Polyester; Polyurethane; Thermoplastic Polyurethane,,,17.99,/232/62/209747_EC_1,209747_EC_1.jpg,none,,,,,
209747_YL,209747,Phone Holder NET2 Yellow,_YL,Yellow,Wallet,Phone Holder,Nylon,Aluminium; Polyester; Polyester; Polyester; Polyurethane; Thermoplastic Polyurethane,,,17.99,/232/62/209747_YL_1,209747_YL_1.jpg,none,,,,,
209764_OR,209764,Coin Purse CHER Orange,_OR,Orange,Wallet,Coin Purse,Plain PU,Polyester; Polyurethane; Polyurethane,,,7.99,/232/62/209764_OR_1,209764_OR_1.jpg,none,,,,,
209855_EC,209855,Phone Holder BASIC LAURINDA Ecru,_EC,Ecru,Wallet,Phone Holder,Printed PU,Polyurethane; Polyurethane; Polyester,,,17.99,/232/62/209855_EC_1,209855_EC_1.jpg,none,,,,,
209973_BL,209973,Wallet tilda Blue,_BL,Blue,Wallet,Wallet,Plain PU,Polyester; Polyurethane; Polyurethane,,,15.99,/232/62/209973_BL_1,209973_BL_1.jpg,none,,,,,
209973_EC,209973,Wallet tilda Ecru,_EC,Ecru,Wallet,Wallet,Plain PU,Polyester; Polyurethane; Polyurethane,,,15.99,/232/62/209973_EC_1,209973_EC_1.jpg,none,,,,,
209975_EC,209975,Phone Holder tilda Ecru,_EC,Ecru,Wallet,Phone Holder,Plain PU,Polyester; Polyurethane; Polyurethane,,,17.99,/232/62/209975_EC_1,209975_EC_1.jpg,none,,,,,
209981_EC,209981,Coin Purse tilda Ecru,_EC,Ecru,Wallet,Coin Purse,Printed PU,Acrylic; Polyester; Polyurethane; Polyurethane; Resin,,,12.99,/232/62/209981_EC_1,209981_EC_1.jpg,none,,,,,
210159_EC,210159,Wallet mirabel Ecru,_EC,Ecru,Wallet,Wallet,Printed PU,Polyester; Polyurethane; Polyurethane,,,12.99,/232/62/210159_EC_1,210159_EC_1.jpg,none,,,,,
210176_LL,210176,Tablet Case manolita Lilac,_LL,Lilac,Wallet,Others,Tablet Case,Polyester; Polyester; Polyurethane,,,12.99,/232/62/210176_LL_1,210176_LL_1.jpg,none,,,,,
210201_EC,210201,Wallet manolita Ecru,_EC,Ecru,Wallet,Wallet,Printed PU,Polyester; Polyurethane; Polyurethane,,,12.99,/232/62/210201_EC_1,210201_EC_1.jpg,none,,,,,
210203_PK,210203,Card Holder manolita Pink,_PK,Pink,Wallet,Card Holder,Plain PU,Polyester; Polyurethane,,,9.99,/232/62/210203_PK_1,210203_PK_1.jpg,none,,,,,
210203_SV,210203,Card Holder manolita Silver,_SV,Silver,Wallet,Card Holder,Plain PU,Polyester; Polyurethane,,,9.99,/232/62/210203_SV_1,210203_SV_1.jpg,none,,,,,
210219_GN,210219,Card Holder bjork Green,_GN,Green,Wallet,Card Holder,Plain PU,Polyester; Polyurethane; Polyurethane; Ethylene vinyl acetate,,,12.99,/232/62/210219_GN_1,210219_GN_1.jpg,none,,,,,
210219_PK,210219,Card Holder bjork Pink,_PK,Pink,Wallet,Card Holder,Plain PU,Polyester; Polyurethane; Polyurethane; Ethylene vinyl acetate,,,12.99,/232/62/210219_PK_1,210219_PK_1.jpg,none,,,,,
210222_PK,210222,Document Holder bjork Pink,_PK,Pink,Wallet,Others,Document Holder,Polyester; Polyurethane; Polyurethane,,,15.99,/232/62/210222_PK_1,210222_PK_1.jpg,none,,,,,
210280_PK,210280,Card Holder tilda Pink,_PK,Pink,Wallet,Card Holder,Plain PU,Polyester; Polyurethane,,,5.99,/232/62/210280_PK_1,210280_PK_1.jpg,none,,,,,
210785_LN,210785,Card Holder mirabel Light Green,_LN,Light Green,Wallet,Card Holder,Plain PU,Polyester; Polyurethane,,,5.99,/232/62/210785_LN_1,210785_LN_1.jpg,none,,,,,
210785_SK,210785,Card Holder mirabel Skin,_SK,Skin,Wallet,Card Holder,Plain PU,Polyester; Polyurethane,,,5.99,/232/62/210785_SK_1,210785_SK_1.jpg,none,,,,,
210851_BM,210851,Wallet Elle Bright Multicolor,_BM,Bright Multicolor,Wallet,Wallet,Printed PU,Polyurethane; Polyester; Polyurethane,,,15.99,/232/62/210851_BM_1,210851_BM_1.jpg,none,,,,,
210857_AU,210857,Card Holder Elle Aubergine,_AU,Aubergine,Wallet,Card Holder,Plain PU,Polyurethane; Polyester,,,5.99,/232/62/210857_AU_1,210857_AU_1.jpg,none,,,,,
210868_HM,210868,Tablet Case lara Halftone Multicolor,_HM,Halftone Multicolor,Wallet,Others,Tablet Case,Polyester; Polyester; Polyurethane,,,12.99,/232/62/210868_HM_1,210868_HM_1.jpg,none,,,,,
210963_BL,210963,Phone Holder AUBREY 1 Blue,_BL,Blue,Wallet,Phone Holder,Printed PU,Polyester; Polyester; Polyurethane,,,12.99,/232/62/210963_BL_1,210963_BL_1.jpg,none,,,,,
211092_DM,211092,Wallet Pam Dark Multicolor,_DM,Dark Multicolor,Wallet,Wallet,Printed Nylon,Polyester; Polyester,,,15.99,/232/62/211092_DM_1,211092_DM_1.jpg,none,,,,,
211104_CL,211104,Card Holder Pam Coral,_CL,Coral,Wallet,Card Holder,Plain PU,Polyester; Polyurethane; Polyurethane,,,9.99,/232/62/211104_CL_1,211104_CL_1.jpg,none,,,,,
211104_GN,211104,Card Holder Pam Green,_GN,Green,Wallet,Card Holder,Plain PU,Polyester; Polyurethane; Polyurethane,,,9.99,/232/62/211104_GN_1,211104_GN_1.jpg,none,,,,,
211105_WT,211105,Coin Purse Pam White,_WT,White,Wallet,Coin Purse,Plain PU,Polyester; Polyurethane,,,9.99,/232/62/211105_WT_1,211105_WT_1.jpg,none,,,,,
211236_NV,211236,Wallet BLOOMING Navy,_NV,Navy,Wallet,Wallet,Printed PU,Polyester; Polyurethane; Polyurethane; Polyester,,,15.99,/232/62/211236_NV_1,211236_NV_1.jpg,none,,,,,
211357_DM,211357,Wallet irene Dark Multicolor,_DM,Dark Multicolor,Wallet,Wallet,Printed PU,Polyester; Polyurethane; Polyurethane,,,15.99,/232/62/211357_DM_1,211357_DM_1.jpg,none,,,,,
211362_BK,211362,Phone Holder irene Black,_BK,Black,Wallet,Phone Holder,Nylon,Polyester; Polyester; Polyester; Polyester,,,17.99,/232/62/211362_BK_1,211362_BK_1.jpg,none,,,,,
211367_BM,211367,Card Holder irene Bright Multicolor,_BM,Bright Multicolor,Wallet,Card Holder,Printed PU,Polyester; Polyurethane; Polyurethane,,,12.99,/232/62/211367_BM_1,211367_BM_1.jpg,none,,,,,
211439_DG,211439,Phone Holder STELLA Dark Grey,_DG,Dark Grey,Wallet,Phone Holder,Fake Nylon,Polyester; Polyester; Polyurethane,,,17.99,/232/62/211439_DG_1,211439_DG_1.jpg,none,,,,,
211439_EC,211439,Phone Holder STELLA Ecru,_EC,Ecru,Wallet,Phone Holder,Fake Nylon,Polyester; Polyester; Polyurethane,,,17.99,/232/62/211439_EC_1,211439_EC_1.jpg,none,,,,,
211439_PU,211439,Phone Holder STELLA Purple,_PU,Purple,Wallet,Phone Holder,Fake Nylon,Polyester; Polyester; Polyurethane,,,17.99,/232/62/211439_PU_1,211439_PU_1.jpg,none,,,,,
211509_BK,211509,Wallet lara Black,_BK,Black,Wallet,Wallet,Peach PU,Polyester; Polyurethane; Polyurethane,,,17.99,/232/62/211509_BK_1,211509_BK_1.jpg,none,,,,,
211509_CA,211509,Wallet lara Camel,_CA,Camel,Wallet,Wallet,Peach PU,Polyester; Polyurethane; Polyurethane,,,17.99,/232/62/211509_CA_1,211509_CA_1.jpg,none,,,,,
211535_LL,211535,Card Holder lara Lilac,_LL,Lilac,Wallet,Card Holder,Peach PU,Polyester; Polyurethane,,,9.99,/232/62/211535_LL_1,211535_LL_1.jpg,none,,,,,
211541_BM,211541,Wallet Portia Bright Multicolor,_BM,Bright Multicolor,Wallet,Wallet,Printed PU,Polyester; Polyurethane; Polyurethane,,,12.99,/232/62/211541_BM_1,211541_BM_1.jpg,none,,,,,
211546_KK,211546,Computer Case lara Khaki,_KK,Khaki,Wallet,Others,Computer Case,Polyester; Polyurethane,,,19.99,/232/62/211546_KK_1,211546_KK_1.jpg,none,,,,,
211553_BL,211553,Wallet Basic Portia Blue,_BL,Blue,Wallet,Wallet,Plain PU,Polyester; Polyurethane; Polyurethane,,,10.99,/232/62/211553_BL_1,211553_BL_1.jpg,none,,,,,
211555_BU,211555,Card Holder Basic Portia Burgundy,_BU,Burgundy,Wallet,Card Holder,Plain PU,Polyester; Polyurethane,,,7.99,/232/62/211555_BU_1,211555_BU_1.jpg,none,,,,,
211555_LL,211555,Card Holder Basic Portia Lilac,_LL,Lilac,Wallet,Card Holder,Plain PU,Polyester; Polyurethane,,,7.99,/232/62/211555_LL_1,211555_LL_1.jpg,none,,,,,
211701_DM,211701,Wallet FARM2 Dark Multicolor,_DM,Dark Multicolor,Wallet,Wallet,Real Fur,Cow Leather; Polyester; Polyurethane; Polyurethane,,,19.99,/232/62/211701_DM_1,211701_DM_1.jpg,none,,,,,
211825_SK,211825,Wallet MARIGOLD 1 Skin,_SK,Skin,Wallet,Wallet,Printed Fake Nylon,Polyurethane; Polyurethane; Polyester; Polyester; Polyester,,,15.99,/232/62/211825_SK_1,211825_SK_1.jpg,none,,,,,
212042_DM,212042,Multipurpose Purse kimmy Dark Multicolor,_DM,Dark Multicolor,Wallet,Multipurpose Purse,Printed Nylon,Polyester; Polyester; Silicone,,,17.99,/232/62/212042_DM_1,212042_DM_1.jpg,none,,,,,
212053_BK,212053,Pencil Case kimmy Black,_BK,Black,Wallet,Pencil Case,Nylon,Polyester; Polyester,,,12.99,/232/62/212053_BK_1,212053_BK_1.jpg,none,,,,,
212213_DM,212213,Coin Purse TIGER2 Dark Multicolor,_DM,Dark Multicolor,Wallet,Coin Purse,Printed Nylon,Polyester; Polyester; Polyurethane,,,12.99,/232/62/212213_DM_1,212213_DM_1.jpg,none,,,,,
212213_LM,212213,Coin Purse TIGER2 Lime,_LM,Lime,Wallet,Coin Purse,Printed Nylon,Polyester; Polyester; Polyurethane,,,12.99,/232/62/212213_LM_1,212213_LM_1.jpg,none,,,,,
212218_BK,212218,Phone Holder TIGER2 Black,_BK,Black,Wallet,Phone Holder,Nylon,Polyester; Polyester; Polyester; Polyester; Polyester; Polyester; Polyurethane,,,17.99,/232/62/212218_BK_1,212218_BK_1.jpg,none,,,,,
212380_EC,212380,Phone Holder WOOLY Ecru,_EC,Ecru,Wallet,Phone Holder,Felt,Polyester; Polyester; Polyurethane,,,17.99,/232/62/212380_EC_1,212380_EC_1.jpg,none,,,,,
212380_GY,212380,Phone Holder WOOLY Grey,_GY,Grey,Wallet,Phone Holder,Felt,Polyester; Polyester; Polyurethane,,,17.99,/232/62/212380_GY_1,212380_GY_1.jpg,none,,,,,
212380_LL,212380,Phone Holder WOOLY Lilac,_LL,Lilac,Wallet,Phone Holder,Felt,Polyester; Polyester; Polyurethane,,,17.99,/232/62/212380_LL_1,212380_LL_1.jpg,none,,,,,
212738_GY,212738,Wallet OLIVE Grey,_GY,Grey,Wallet,Wallet,Printed PU,Polyester; Polyester; Polyester; Polyurethane; Polyurethane; Polyurethane; Polyurethane; Thermoplastic Polyurethane; Thermoplastic Polyurethane; Thermoplastic Polyurethane,,,17.99,/232/62/212738_GY_1,212738_GY_1.jpg,none,,,,,
212745_GY,212745,Phone Holder OLIVE Grey,_GY,Grey,Wallet,Phone Holder,Printed PU,Polyester; Polyester; Polyurethane; Polyurethane; Thermoplastic Polyurethane,,,17.99,/232/62/212745_GY_1,212745_GY_1.jpg,none,,,,,
212797_BK,212797,Wallet SAVANA1 Black,_BK,Black,Wallet,Wallet,Real Fur,Polyurethane; Polyurethane; Cow Leather; Polyester,,,19.99,/232/62/212797_BK_1,212797_BK_1.jpg,none,,,,,
212820_BK,212820,Phone Holder BILLIE Black,_BK,Black,Wallet,Phone Holder,Nylon,Polyester; Polyester; Polyurethane,,,17.99,/232/62/212820_BK_1,212820_BK_1.jpg,none,,,,,
213202_BK,213202,Phone Holder VILLAGE 1 Black,_BK,Black,Wallet,Phone Holder,Fake Nylon,Polyester; Polyester; Polyurethane; Thermoplastic Polyurethane,,,17.99,/232/62/213202_BK_2y,213202_BK_2y.jpg,none,,,,,
213422_KK,213422,Passport Case Lara Stationery Khaki,_KK,Khaki,Wallet,Others,Passport Case,Polyester; Polyurethane,,,12.99,/232/62/213422_KK_2y,213422_KK_2y.jpg,none,,,,,
213423_KK,213423,Computer Case Lara Stationery Khaki,_KK,Khaki,Wallet,Others,Computer Case,Polyester; Polyurethane,,,17.99,/232/62/213423_KK_1,213423_KK_1.jpg,none,,,,,
213423_LL,213423,Computer Case Lara Stationery Lilac,_LL,Lilac,Wallet,Others,Computer Case,Polyester; Polyurethane,,,17.99,/232/62/213423_LL_1,213423_LL_1.jpg,none,,,,,
213433_BG,213433,Wallet Basic Mia Beige,_BG,Beige,Wallet,Wallet,Plain PU,Polyester; Polyurethane; Polyurethane,,,10.99,/232/62/213433_BG_1,213433_BG_1.jpg,none,,,,,
213433_BL,213433,Wallet Basic Mia Blue,_BL,Blue,Wallet,Wallet,Plain PU,Polyester; Polyurethane; Polyurethane,,,10.99,/232/62/213433_BL_1,213433_BL_1.jpg,none,,,,,
213438_BM,213438,Card Holder Basic Mia Bright Multicolor,_BM,Bright Multicolor,Wallet,Card Holder,Printed PU,Polyurethane; Polyester; Polyurethane,,,9.99,/232/62/213438_BM_1,213438_BM_1.jpg,none,,,,,
213470_SV,213470,Multipurpose Purse MAXI JULLIET Silver,_SV,Silver,Wallet,Multipurpose Purse,Fantasy PU,Polyamide; Polyester; Polyurethane; Polyurethane,,,17.99,/232/62/213470_SV_1,213470_SV_1.jpg,none,,,,,
213720_LM,213720,Coin Purse Basic Mia Lime,_LM,Lime,Wallet,Coin Purse,Plain PU,Polyester; Polyurethane,,,7.99,/232/62/213720_LM_1,213720_LM_1.jpg,none,,,,,
213727_BK,213727,Coin Purse Anime Black,_BK,Black,Wallet,Coin Purse,Nylon,Polyamide; Polyester; Polyurethane,,,10.99,/232/62/213727_BK_1,213727_BK_1.jpg,none,,,,,
213737_BK,213737,Card Holder Anime Black,_BK,Black,Wallet,Card Holder,Nylon,Polyamide; Polyamide; Polyurethane,,,7.99,/232/62/213737_BK_1,213737_BK_1.jpg,none,,,,,
213891_BK,213891,Wallet Anime Black,_BK,Black,Wallet,Wallet,Plain PU,Polyester; Polyurethane; Polyurethane,,,12.99,/232/62/213891_BK_1,213891_BK_1.jpg,none,,,,,
213891_LK,213891,Wallet Anime Light Pink,_LK,Light Pink,Wallet,Wallet,Plain PU,Polyester; Polyurethane; Polyurethane,,,12.99,/232/62/213891_LK_1,213891_LK_1.jpg,none,,,,,
213985_DN,213985,Coin Purse CAMO3 Dark Green,_DN,Dark Green,Wallet,Coin Purse,Printed PU,Polyester; Polyurethane,,,12.99,/232/62/213985_DN_1,213985_DN_1.jpg,none,,,,,
214105_BK,214105,Wallet PILAR Black,_BK,Black,Wallet,Wallet,Plain PU,Polyester; Polyurethane; Polyurethane,,,12.99,/232/62/214105_BK_1,214105_BK_1.jpg,none,,,,,
214105_LM,214105,Wallet PILAR Lime,_LM,Lime,Wallet,Wallet,Plain PU,Polyurethane; Polyurethane; Polyester,,,12.99,/232/62/214105_LM_1,214105_LM_1.jpg,none,,,,,
214195_BU,214195,Wallet Avril Burgundy,_BU,Burgundy,Wallet,Wallet,Plain PU,Polyester; Polyurethane; Polyurethane; Thermoplastic Polyurethane,,,12.99,/232/62/214195_BU_1,214195_BU_1.jpg,none,,,,,
214195_LL,214195,Wallet Avril Lilac,_LL,Lilac,Wallet,Wallet,Plain PU,Polyester; Polyurethane; Polyurethane; Thermoplastic Polyurethane,,,12.99,/232/62/214195_LL_1,214195_LL_1.jpg,none,,,,,
214198_EC,214198,Wallet Avril Ecru,_EC,Ecru,Wallet,Wallet,Plain PU,Polyester; Polyurethane; Polyurethane,,,10.99,/232/62/214198_EC_1,214198_EC_1.jpg,none,,,,,
214198_LM,214198,Wallet Avril Lime,_LM,Lime,Wallet,Wallet,Plain PU,Polyester; Polyurethane; Polyurethane,,,10.99,/232/62/214198_LM_1,214198_LM_1.jpg,none,,,,,
214198_PU,214198,Wallet Avril Purple,_PU,Purple,Wallet,Wallet,Plain PU,Polyester; Polyurethane; Polyurethane,,,10.99,/232/62/214198_PU_1,214198_PU_1.jpg,none,,,,,
214205_DM,214205,Phone Holder Avril Dark Multicolor,_DM,Dark Multicolor,Wallet,Phone Holder,Fake Fur,Polyester; Polyester; Polyurethane; Polyurethane,,,15.99,/232/62/214205_DM_1,214205_DM_1.jpg,none,,,,,
214250_EC,214250,Wallet EARLYBIRD Ecru,_EC,Ecru,Wallet,Wallet,Printed PU,Polyester; Polyurethane; Polyurethane,,,15.99,/241/62/214250_EC_1,214250_EC_1.jpg,none,,,,,
214278_BG,214278,Wallet STACEY Beige,_BG,Beige,Wallet,Wallet,Patchwork,Polyester; Polyurethane; Polyurethane,,,15.99,/241/62/214278_BG_1,214278_BG_1.jpg,none,,,,,
214278_BK,214278,Wallet STACEY Black,_BK,Black,Wallet,Wallet,Patchwork,Polyester; Polyurethane; Polyurethane,,,15.99,/241/62/214278_BK_1,214278_BK_1.jpg,none,,,,,
214308_PU,214308,Computer Case doja Purple,_PU,Purple,Wallet,Others,Computer Case,Polyamide; Polyester; Polyurethane,,,19.99,/241/62/214308_PU_2y,214308_PU_2y.jpg,none,,,,,
214313_PK,214313,Coin Purse doja Pink,_PK,Pink,Wallet,Coin Purse,Nylon,Polyamide; Polyester; Polyurethane,,,9.99,/241/62/214313_PK_2y,214313_PK_2y.jpg,none,,,,,
214344_BK,214344,Wallet doja Black,_BK,Black,Wallet,Wallet,Peach PU,Polyester; Polyurethane; Polyurethane,,,10.99,/232/62/214344_BK_1,214344_BK_1.jpg,none,,,,,
214344_MD,214344,Wallet doja Mustard,_MD,Mustard,Wallet,Wallet,Peach PU,Polyester; Polyurethane; Polyurethane,,,10.99,/232/62/214344_MD_2y,214344_MD_2y.jpg,none,,,,,
214546_DP,214546,Wallet gina Dark Pink,_DP,Dark Pink,Wallet,Wallet,Plain PU,Polyester; Polyurethane; Polyurethane; Thermoplastic Polyurethane,,,15.99,/232/62/214546_DP_1,214546_DP_1.jpg,none,,,,,
214769_EC,214769,Wallet Basic maude Ecru,_EC,Ecru,Wallet,Wallet,Plain PU,Polyester; Polyurethane; Polyurethane; Thermoplastic Polyurethane,,,12.99,/232/62/214769_EC_1,214769_EC_1.jpg,none,,,,,
214817_BM,214817,Wallet Basic maude Bright Multicolor,_BM,Bright Multicolor,Wallet,Wallet,Printed PU,Polyester; Polyurethane; Polyurethane; Thermoplastic Polyurethane,,,12.99,/232/62/214817_BM_1,214817_BM_1.jpg,none,,,,,
214835_BM,214835,Wallet Basic maude Bright Multicolor,_BM,Bright Multicolor,Wallet,Wallet,Printed PU,Polyester; Polyurethane; Polyurethane; Thermoplastic Polyurethane,,,17.99,/232/62/214835_BM_2y,214835_BM_2y.jpg,none,,,,,
215150_BK,215150,Phone Holder gina Black,_BK,Black,Wallet,Phone Holder,Real Fur,Cow Leather; Polyester; Polyurethane; Polyurethane,,,27.99,/232/62/215150_BK_1,215150_BK_1.jpg,none,,,,,
215150_DM,215150,Phone Holder gina Dark Multicolor,_DM,Dark Multicolor,Wallet,Phone Holder,Real Fur,Cow Leather; Polyester; Polyurethane; Polyurethane,,,27.99,/232/62/215150_DM_2y,215150_DM_2y.jpg,none,,,,,
215177_AQ,215177,Coin Purse BASIC SIDNEY Aquamarine,_AQ,Aquamarine,Wallet,Coin Purse,Plain PU,Polyester; Polyurethane,,,7.99,/241/62/215177_AQ_2y,215177_AQ_2y.jpg,none,,,,,
215177_PK,215177,Coin Purse BASIC SIDNEY Pink,_PK,Pink,Wallet,Coin Purse,Plain PU,Polyester; Polyurethane,,,7.99,/241/62/215177_PK_1,215177_PK_1.jpg,none,,,,,
215205_BG,215205,Phone Holder AUBERY Beige,_BG,Beige,Wallet,Phone Holder,Padded Peach PU,Polyester; Polyurethane; Polyurethane,,,19.99,/241/62/215205_BG_1,215205_BG_1.jpg,none,,,,,
215217_GY,215217,Wallet MISCHA Grey,_GY,Grey,Wallet,Wallet,Real Suede,Copper; Cow Leather; Polyester; Polyurethane; Zinc,,Leather,17.99,/241/62/215217_GY_2y,215217_GY_2y.jpg,none,,,,,
215245_BL,215245,Coin Purse SIDNEY Blue,_BL,Blue,Wallet,Coin Purse,Plain PU,Polyester; Polyurethane,,,7.99,/241/62/215245_BL_2y,215245_BL_2y.jpg,none,,,,,
215249_PM,215249,Wallet SIDNEY Pastel Multicolor,_PM,Pastel Multicolor,Wallet,Wallet,Printed PU,Polyester; Polyurethane; Polyurethane; Thermoplastic Polyurethane,,,15.99,/241/62/215249_PM_2y,215249_PM_2y.jpg,none,,,,,
215464_EC,215464,Wallet AUBERY Ecru,_EC,Ecru,Wallet,Wallet,Padded Peach PU,Polyester; Polyurethane; Polyurethane; Thermoplastic Polyurethane,,,15.99,/241/62/215464_EC_1,215464_EC_1.jpg,none,,,,,
215464_PK,215464,Wallet AUBERY Pink,_PK,Pink,Wallet,Wallet,Padded Peach PU,Polyester; Polyurethane; Polyurethane; Thermoplastic Polyurethane,,,15.99,/241/62/215464_PK_1,215464_PK_1.jpg,none,,,,,
215473_BM,215473,Wallet AUBERY Bright Multicolor,_BM,Bright Multicolor,Wallet,Wallet,Printed PU,Polyester; Polyurethane; Polyurethane,,,12.99,/241/62/215473_BM_2y,215473_BM_2y.jpg,none,,,,,
215484_BM,215484,Phone Holder AUBERY Bright Multicolor,_BM,Bright Multicolor,Wallet,Phone Holder,Printed PU,Polyester; Polyurethane; Polyurethane,,,17.99,/241/62/215484_BM_1,215484_BM_1.jpg,none,,,,,
215536_BK,215536,Phone Holder NYT Black,_BK,Black,Wallet,Phone Holder,Nylon,Polyester; Polyester; Polyurethane,,,15.99,/241/62/215536_BK_1,215536_BK_1.jpg,none,,,,,
215536_CA,215536,Phone Holder NYT Camel,_CA,Camel,Wallet,Phone Holder,Nylon,Polyester; Polyester; Polyurethane,,,15.99,/241/62/215536_CA_1,215536_CA_1.jpg,none,,,,,
215536_KK,215536,Phone Holder NYT Khaki,_KK,Khaki,Wallet,Phone Holder,Nylon,Polyester; Polyester; Polyurethane,,,15.99,/241/62/215536_KK_1,215536_KK_1.jpg,none,,,,,
215862_EC,215862,Wallet MISCHA Ecru,_EC,Ecru,Wallet,Wallet,Plain PU,Polyester; Polyurethane; Polyurethane,,,12.99,/241/62/215862_EC_1,215862_EC_1.jpg,none,,,,,
216048_BM,216048,Phone Holder BASIC SIDNEY Bright Multicolor,_BM,Bright Multicolor,Wallet,Phone Holder,Printed PU,Polyester; Polyurethane; Polyurethane; Thermoplastic Polyurethane,,,17.99,/241/62/216048_BM_1,216048_BM_1.jpg,none,,,,,
216092_SV,216092,Phone Holder SILVERSURFER3 Silver,_SV,Silver,Wallet,Phone Holder,Fantasy PU,Polyamide; Polyester; Polyurethane; Polyurethane,,,15.99,/241/62/216092_SV_1,216092_SV_1.jpg,none,,,,,
216178_BN,216178,Coin Purse MANHATAN3 Brown,_BN,Brown,Wallet,Coin Purse,Real Fur,Cow Leather; Polyester; Polyurethane,,,15.99,/241/62/216178_BN_1,216178_BN_1.jpg,none,,,,,
216349_GN,216349,Card Holder ELLIOT Green,_GN,Green,Wallet,Card Holder,Animal Embossed PU,Polyurethane; Polyurethane; Thermoplastic Polyurethane; Polyester,,,7.99,/241/62/216349_GN_1,216349_GN_1.jpg,none,,,,,
216349_YL,216349,Card Holder ELLIOT Yellow,_YL,Yellow,Wallet,Card Holder,Animal Embossed PU,Polyester; Polyurethane; Polyurethane; Thermoplastic Polyurethane,,,7.99,/241/62/216349_YL_1,216349_YL_1.jpg,none,,,,,
216351_BM,216351,Phone Holder ELLIOT Bright Multicolor,_BM,Bright Multicolor,Wallet,Phone Holder,Printed PU,Polyester; Polyurethane; Polyurethane; Thermoplastic Polyurethane,,,17.99,/241/62/216351_BM_1,216351_BM_1.jpg,none,,,,,
216363_FU,216363,Wallet MAGIK LOVE Fuchsia,_FU,Fuchsia,Wallet,Wallet,Printed PU,Polyester; Polyester; Polyurethane; Polyurethane; Polyurethane,,,12.99,/241/62/216363_FU_1,216363_FU_1.jpg,none,,,,,
216550_BL,216550,Phone Holder ROY Blue,_BL,Blue,Wallet,Phone Holder,Color Block,Polyester; Polyurethane; Polyurethane; Thermoplastic Polyurethane,Silver,,17.99,/241/62/216550_BL_1,216550_BL_1.jpg,none,,,,,
216550_CA,216550,Phone Holder ROY Camel,_CA,Camel,Wallet,Phone Holder,Color Block,Polyester; Polyurethane; Polyurethane; Thermoplastic Polyurethane,Silver,,17.99,/241/62/216550_CA_1,216550_CA_1.jpg,none,,,,,
216552_FU,216552,Wallet ROY Fuchsia,_FU,Fuchsia,Wallet,Wallet,Printed PU,Polyester; Polyurethane; Polyurethane; Thermoplastic Polyurethane,,,15.99,/241/62/216552_FU_1,216552_FU_1.jpg,none,,,,,
216573_BM,216573,Wallet TETE Bright Multicolor,_BM,Bright Multicolor,Wallet,Wallet,Printed PU,Polyester; Polyurethane; Polyurethane; Thermoplastic Polyurethane,,,15.99,/241/62/216573_BM_1,216573_BM_1.jpg,none,,,,,
216584_MT,216584,Card Holder TETE Mint,_MT,Mint,Wallet,Card Holder,Plain PU,Polyester; Polyurethane,,,9.99,/241/62/216584_MT_1,216584_MT_1.jpg,none,,,,,
216600_BK,216600,Phone Holder FIRE2 Black,_BK,Black,Wallet,Phone Holder,Nylon,Aluminium; Polyester; Polyester; Polyester; Polyurethane; Silicone,,,17.99,/241/62/216600_BK_2y,216600_BK_2y.jpg,none,,,,,
216600_GN,216600,Phone Holder FIRE2 Green,_GN,Green,Wallet,Phone Holder,Nylon,Aluminium; Polyester; Polyester; Polyester; Polyurethane; Silicone,,,17.99,/241/62/216600_GN_1,216600_GN_1.jpg,none,,,,,
216604_CA,216604,Wallet JACKIE Camel,_CA,Camel,Wallet,Wallet,Animal Embossed PU,Polyester; Polyurethane; Polyurethane; Thermoplastic Polyurethane,,,17.99,/241/62/216604_CA_1,216604_CA_1.jpg,none,,,,,
216610_EC,216610,Wallet JACKIE Ecru,_EC,Ecru,Wallet,Wallet,Printed PU,Polyester; Polyurethane; Polyurethane,,,12.99,/241/62/216610_EC_1,216610_EC_1.jpg,none,,,,,
216618_MM,216618,Card Holder JACKIE Metallic Multicolor,_MM,Metallic Multicolor,Wallet,Card Holder,Animal Embossed PU,Polyester; Polyurethane; Thermoplastic Polyurethane,,,9.99,/241/62/216618_MM_1,216618_MM_1.jpg,none,,,,,
216657_LM,216657,Card Holder MANHATAN2 Lime,_LM,Lime,Wallet,Card Holder,Real Fur,Cow Leather; Polyester; Polyurethane,,,12.99,/241/62/216657_LM_1,216657_LM_1.jpg,none,,,,,
216858_RD,216858,Card Holder RED Red,_RD,Red,Wallet,Card Holder,Plain PU,Polyester; Polyurethane,,,7.99,/241/62/216858_RD_1,216858_RD_1.jpg,none,,,,,
216872_BM,216872,Coin Purse BASIC JULIETA Bright Multicolor,_BM,Bright Multicolor,Wallet,Coin Purse,Printed PU,Polyester; Polyurethane,,,7.99,/241/62/216872_BM_1,216872_BM_1.jpg,none,,,,,
216882_LK,216882,Coin Purse BASIC JULIETA Light Pink,_LK,Light Pink,Wallet,Coin Purse,Plain PU,Polyester; Polyurethane,,,7.99,/241/62/216882_LK_1,216882_LK_1.jpg,none,,,,,
216884_BG,216884,Card Holder BASIC JOANINHA Beige,_BG,Beige,Wallet,Card Holder,Plain PU,Polyester; Polyurethane,,,7.99,/242/62/216884_BG_1,216884_BG_1.jpg,none,,,,,
216884_YL,216884,Card Holder BASIC JULIETA Yellow,_YL,Yellow,Wallet,Card Holder,Plain PU,Polyester; Polyurethane,,,7.99,/241/62/216884_YL_1,216884_YL_1.jpg,none,,,,,
217056_OR,217056,Coin Purse SILVERSURFER2 Orange,_OR,Orange,Wallet,Coin Purse,Plain PU,Polyester; Polyurethane,,,5.99,/241/62/217056_OR_1,217056_OR_1.jpg,none,,,,,
217171_RD,217171,Wallet RED Red,_RD,Red,Wallet,Wallet,Plain PU,Polyester; Polyurethane; Polyurethane; Thermoplastic Polyurethane,,,12.99,/241/62/217171_RD_1,217171_RD_1.jpg,none,,,,,
217176_AU,217176,Wallet celia Aubergine,_AU,Aubergine,Wallet,Wallet,Peach PU,Polyurethane; Polyurethane; Thermoplastic Polyurethane; Polyester; Polyester,,,12.99,/241/62/217176_AU_1,217176_AU_1.jpg,none,,,,,
217176_EC,217176,Wallet celia Ecru,_EC,Ecru,Wallet,Wallet,Peach PU,Polyester; Polyester; Polyurethane; Polyurethane; Thermoplastic Polyurethane,,,12.99,/241/62/217176_EC_1,217176_EC_1.jpg,none,,,,,
217179_CA,217179,Wallet celia Camel,_CA,Camel,Wallet,Wallet,Interlaced,Polyester; Polyurethane; Polyurethane; Thermoplastic Polyurethane,,,17.99,/241/62/217179_CA_1,217179_CA_1.jpg,none,,,,,
217234_BK,217234,Multipurpose Purse venus Black,_BK,Black,Wallet,Multipurpose Purse,Nylon,Fiberglass; Polyester; Polyester,,,19.99,/241/62/217234_BK_1,217234_BK_1.jpg,none,,,,,
217253_PK,217253,Notebook venus Pink,_PK,Pink,Wallet,Others,Notebook,Paper; Polyethylene,,,17.99,/241/62/217253_PK_1,217253_PK_1.jpg,none,,,,,
217276_BM,217276,Pencil Case venus Bright Multicolor,_BM,Bright Multicolor,Wallet,Pencil Case,Printed Nylon,Polyester; Polyester; Resin,,,12.99,/241/62/217276_BM_1,217276_BM_1.jpg,none,,,,,
217287_RD,217287,Coin Purse venus Red,_RD,Red,Wallet,Coin Purse,Nylon,Polyester; Polyester; Polyester; Polyester; Resin,,,12.99,/241/62/217287_RD_1,217287_RD_1.jpg,none,,,,,
217563_GN,217563,Wallet TROPICO Green,_GN,Green,Wallet,Wallet,Printed PU,Polyester; Polyurethane; Polyurethane,,,12.99,/241/62/217563_GN_1,217563_GN_1.jpg,none,,,,,
217645_OR,217645,Pencil Case STATIONERY Orange,_OR,Orange,Wallet,Pencil Case,Peach PU,Polyester; Polyurethane,,,9.99,/241/62/217645_OR_2y,217645_OR_2y.jpg,none,,,,,
217645_PK,217645,Pencil Case STATIONERY Pink,_PK,Pink,Wallet,Pencil Case,Peach PU,Polyester; Polyurethane,,,9.99,/241/62/217645_PK_2y,217645_PK_2y.jpg,none,,,,,
217645_TL,217645,Pencil Case STATIONERY Teal,_TL,Teal,Wallet,Pencil Case,Peach PU,Polyester; Polyurethane,,,9.99,/241/62/217645_TL_2y,217645_TL_2y.jpg,none,,,,,
217648_PK,217648,Computer Case STATIONERY Pink,_PK,Pink,Wallet,Others,Computer Case,Polyester; Polyurethane,,,17.99,/241/62/217648_PK_2y,217648_PK_2y.jpg,none,,,,,
217648_TL,217648,Computer Case STATIONERY Teal,_TL,Teal,Wallet,Others,Computer Case,Polyester; Polyurethane,,,17.99,/241/62/217648_TL_2y,217648_TL_2y.jpg,none,,,,,
217652_BM,217652,Notebook STATIONERY Bright Multicolor,_BM,Bright Multicolor,Wallet,Others,Notebook,Paper,,,9.99,/241/62/217652_BM_1,217652_BM_1.jpg,none,,,,,
217892_BM,217892,Wallet LIV Bright Multicolor,_BM,Bright Multicolor,Wallet,Wallet,Embroidery,Polyester; Polyester; Polymethylmethacrylate; Polyurethane; Polyurethane,,,17.99,/241/62/217892_BM_1,217892_BM_1.jpg,none,,,,,
217896_BL,217896,Wallet LIV Blue,_BL,Blue,Wallet,Wallet,Plain PU,Polyester; Polymethylmethacrylate; Polyurethane; Polyurethane,,,12.99,/241/62/217896_BL_1,217896_BL_1.jpg,none,,,,,
217903_YL,217903,Coin Purse LIV Yellow,_YL,Yellow,Wallet,Coin Purse,Plain PU,Polyester; Polyurethane,,,7.99,/241/62/217903_YL_1,217903_YL_1.jpg,none,,,,,
217930_RD,217930,Wallet FLORENCE Red,_RD,Red,Wallet,Wallet,Peach PU,Polyester; Polyurethane; Polyurethane; Thermoplastic Polyurethane,,,15.99,/241/62/217930_RD_1,217930_RD_1.jpg,none,,,,,
217944_LB,217944,Wallet BASIC FLORENCE Light Blue,_LB,Light Blue,Wallet,Wallet,Plain PU,Polyester; Polyurethane; Polyurethane; Thermoplastic Polyurethane,,,12.99,/241/62/217944_LB_1,217944_LB_1.jpg,none,,,,,
217958_PM,217958,Coin Purse BASIC FLORENCE Pastel Multicolor,_PM,Pastel Multicolor,Wallet,Coin Purse,Printed PU,Polyester; Polyurethane,,,7.99,/241/62/217958_PM_1,217958_PM_1.jpg,none,,,,,
217985_JN,217985,Phone Holder SMILE Blue Jeans,_JN,Blue Jeans,Wallet,Phone Holder,Denim,Cotton; Iron; Polyester; Polyester; Polyester; Polyurethane; Polyurethane,,,15.99,/241/62/217985_JN_1,217985_JN_1.jpg,none,,,,,
218005_BM,218005,Wallet MONICA Bright Multicolor,_BM,Bright Multicolor,Wallet,Wallet,Printed PU,Polyester; Polyurethane; Polyurethane; Thermoplastic Polyurethane,,,15.99,/241/62/218005_BM_1,218005_BM_1.jpg,none,,,,,
218006_EC,218006,Wallet MONICA Ecru,_EC,Ecru,Wallet,Wallet,Plain PU,Polyester; Polyurethane; Polyurethane; Thermoplastic Polyurethane,,,12.99,/241/62/218006_EC_1,218006_EC_1.jpg,none,,,,,
218006_PU,218006,Wallet MONICA Purple,_PU,Purple,Wallet,Wallet,Plain PU,Polyester; Polyurethane; Polyurethane; Thermoplastic Polyurethane,,,12.99,/241/62/218006_PU_1,218006_PU_1.jpg,none,,,,,
218122_BG,218122,Wallet MADEIRA Beige,_BG,Beige,Wallet,Wallet,Peach PU,Polyester; Polyurethane; Polyurethane; Thermoplastic Polyurethane,,,17.99,/241/62/218122_BG_1,218122_BG_1.jpg,none,,,,,
218129_BG,218129,Wallet MADEIRA Beige,_BG,Beige,Wallet,Wallet,Peach PU,Polyester; Polyurethane; Polyurethane,,,12.99,/241/62/218129_BG_1,218129_BG_1.jpg,none,,,,,
218133_BM,218133,Card Holder MADEIRA Bright Multicolor,_BM,Bright Multicolor,Wallet,Card Holder,Printed PU,Polyester; Polyurethane,,,9.99,/241/62/218133_BM_1,218133_BM_1.jpg,none,,,,,
218155_PM,218155,Pencil Case LE SUD Pastel Multicolor,_PM,Pastel Multicolor,Wallet,Pencil Case,Printed Nylon,Polyamide; Polyester; Silicone,,,12.99,/241/62/218155_PM_1,218155_PM_1.jpg,none,,,,,
218161_PM,218161,Wallet LE SUD Pastel Multicolor,_PM,Pastel Multicolor,Wallet,Wallet,Printed Nylon,Polyamide; Polyamide; Polyester; Polyurethane; Silicone,,,12.99,/241/62/218161_PM_1,218161_PM_1.jpg,none,,,,,
218246_DP,218246,Wallet MADEIRA Dark Pink,_DP,Dark Pink,Wallet,Wallet,Peach PU,Polyester; Polyurethane; Polyurethane; Thermoplastic Polyurethane,,,12.99,/241/62/218246_DP_1,218246_DP_1.jpg,none,,,,,
218279_CL,218279,Phone Holder FLOWER PATCH Coral,_CL,Coral,Wallet,Phone Holder,Printed PU,Polyester; Polyurethane; Polyurethane,Silver,,17.99,/241/62/218279_CL_1,218279_CL_1.jpg,none,,,,,
218406_GN,218406,Computer Case CUPIDO2 Green,_GN,Green,Wallet,Others,Computer Case,Polyester; Polyurethane,Light Golden,,17.99,/241/62/218406_GN_1,218406_GN_1.jpg,none,,,,,
218406_OR,218406,Computer Case CUPIDO2 Orange,_OR,Orange,Wallet,Others,Computer Case,Polyester; Polyurethane,Light Golden,,17.99,/241/62/218406_OR_1,218406_OR_1.jpg,none,,,,,
218528_SV,218528,Coin Purse PICASSO2 Silver,_SV,Silver,Wallet,Coin Purse,Fantasy Fabric,Polyamide; Polyester,,,12.99,/241/62/218528_SV_1,218528_SV_1.jpg,none,,,,,
218838_BM,218838,Wallet BASIC JOANINHA Bright Multicolor,_BM,Bright Multicolor,Wallet,Wallet,Printed PU,Polyester; Polyurethane; Polyurethane,,,10.99,/242/62/218838_BM_1,218838_BM_1.jpg,none,,,,,
218849NC,218849,Coin Purse TAYLOR Natural Color,NC,Natural Color,Wallet,Coin Purse,Paper straw,Acrylic; Cotton; Glass; Iron; Linen; Paper; Polyester,,,12.99,/241/62/218849NC_1,218849NC_1.jpg,none,,,,,
218928_PK,218928,Card Holder MAMMINA Pink,_PK,Pink,Wallet,Card Holder,Printed Fake Nylon,Polyester; Polyester; Polyurethane; Polyurethane,Silver,,9.99,/241/62/218928_PK_2y,218928_PK_2y.jpg,none,,,,,
219463_BL,219463,Wallet ROSANA Blue,_BL,Blue,Wallet,Wallet,Plain PU,Polyester; Polyurethane; Polyurethane,,,15.99,/242/62/219463_BL_1,219463_BL_1.jpg,none,,,,,
219463_CA,219463,Wallet ROSANA Camel,_CA,Camel,Wallet,Wallet,Plain PU,Polyester; Polyurethane; Polyurethane,,,15.99,/242/62/219463_CA_1,219463_CA_1.jpg,none,,,,,
219463_PU,219463,Wallet ROSANA Purple,_PU,Purple,Wallet,Wallet,Plain PU,Polyester; Polyurethane; Polyurethane,,,15.99,/242/62/219463_PU_1,219463_PU_1.jpg,none,,,,,
219466_EC,219466,Phone Holder ROSANA Ecru,_EC,Ecru,Wallet,Phone Holder,Plain PU,Polyester; Polyurethane; Polyurethane,,,17.99,/242/62/219466_EC_1,219466_EC_1.jpg,none,,,,,
219555_TL,219555,Wallet TAYLOR Teal,_TL,Teal,Wallet,Wallet,Animal Embossed PU,Polyester; Polyurethane; Polyurethane,,,15.99,/241/62/219555_TL_1,219555_TL_1.jpg,none,,,,,
219558_BL,219558,Wallet TAYLOR Blue,_BL,Blue,Wallet,Wallet,Animal Embossed PU,Polyester; Polyurethane; Polyurethane; Thermoplastic Polyurethane,,,17.99,/241/62/219558_BL_1,219558_BL_1.jpg,none,,,,,
219558_CA,219558,Wallet TAYLOR Camel,_CA,Camel,Wallet,Wallet,Animal Embossed PU,Polyester; Polyurethane; Polyurethane; Thermoplastic Polyurethane,,,17.99,/241/62/219558_CA_1,219558_CA_1.jpg,none,,,,,
219580_BL,219580,Wallet CARIBE Blue,_BL,Blue,Wallet,Wallet,Patchwork,Cotton; Polyester; Polyester; Polyester; Polyurethane; Polyurethane; Polyurethane; Thermoplastic Polyurethane,Silver,,17.99,/241/62/219580_BL_1,219580_BL_1.jpg,none,,,,,
219599NC,219599,Phone Holder TAYLOR Natural Color,NC,Natural Color,Wallet,Phone Holder,Fake straw,Glass; Polyacrylonitrile; Polyester; Polypropylene; Polyurethane; Polyurethane,,,19.99,/241/62/219599NC_1,219599NC_1.jpg,none,,,,,
219610_CL,219610,Phone Holder PATTY Coral,_CL,Coral,Wallet,Phone Holder,Fantasy Fabric,Polyester; Polyester; Polyurethane; Polyurethane,Silver,,17.99,/241/62/219610_CL_1,219610_CL_1.jpg,none,,,,,
219754_BM,219754,Coin Purse ROSANA Bright Multicolor,_BM,Bright Multicolor,Wallet,Coin Purse,Paper straw,Nylon; Nylon; Paper,,,12.99,/242/62/219754_BM_1,219754_BM_1.jpg,none,,,,,
219754_DM,219754,Coin Purse ROSANA Dark Multicolor,_DM,Dark Multicolor,Wallet,Coin Purse,Paper straw,Paper; Polyester; Polyester; Polyurethane,,,12.99,/242/62/219754_DM_1,219754_DM_1.jpg,none,,,,,
219757_LB,219757,Card Holder SELMA Light Blue,_LB,Light Blue,Wallet,Card Holder,Plain PU,Polyester; Polyurethane; Polyurethane; Thermoplastic Polyurethane,,,12.99,/241/62/219757_LB_1,219757_LB_1.jpg,none,,,,,
219846_LB,219846,Multipurpose Purse SELMA Light Blue,_LB,Light Blue,Wallet,Multipurpose Purse,Nylon,Polyamide; Polyamide,,,15.99,/241/62/219846_LB_1,219846_LB_1.jpg,none,,,,,
219866_BL,219866,Coin Purse SELMA Blue,_BL,Blue,Wallet,Coin Purse,Printed Nylon,Polyamide; Polyamide,,,9.99,/241/62/219866_BL_1,219866_BL_1.jpg,none,,,,,
220163_CL,220163,Wallet SAHARA Coral,_CL,Coral,Wallet,Wallet,Printed Fake Nylon,Polyester; Polyester; Polyurethane; Polyurethane,,,12.99,/242/62/220163_CL_2y,220163_CL_2y.jpg,none,,,,,
220367_BM,220367,Card Holder loretta Bright Multicolor,_BM,Bright Multicolor,Wallet,Card Holder,Printed PU,Polyester; Polyurethane,,,7.99,/242/62/220367_BM_1,220367_BM_1.jpg,none,,,,,
220445_BG,220445,Jewellery Case HILTON Beige,_BG,Beige,Wallet,Others,Jewellery Case,Polyamide; Polyurethane; Polyurethane,,,15.99,/241/62/220445_BG_1,220445_BG_1.jpg,none,,,,,
220826_BG,220826,Wallet MILEY Beige,_BG,Beige,Wallet,Wallet,Plain PU,Polyester; Polyurethane; Polyurethane; Thermoplastic Polyurethane,,,12.99,/242/62/220826_BG_1,220826_BG_1.jpg,none,,,,,
220826_LB,220826,Wallet MILEY Light Blue,_LB,Light Blue,Wallet,Wallet,Plain PU,Polyester; Polyurethane; Polyurethane; Thermoplastic Polyurethane,,,12.99,/242/62/220826_LB_1,220826_LB_1.jpg,none,,,,,
220941_BG,220941,Wallet BASIC DANI Beige,_BG,Beige,Wallet,Wallet,Plain PU,Polyester; Polyurethane; Polyurethane; Thermoplastic Polyurethane,,,17.99,/242/62/220941_BG_1,220941_BG_1.jpg,none,,,,,
220948_BG,220948,Card Holder BASIC DANI Beige,_BG,Beige,Wallet,Card Holder,Plain PU,Polyester; Polyurethane; Polyurethane; Thermoplastic Polyurethane,,,9.99,/242/62/220948_BG_2y,220948_BG_2y.jpg,none,,,,,
220948_BL,220948,Card Holder BASIC DANI Blue,_BL,Blue,Wallet,Card Holder,Plain PU,Polyester; Polyurethane; Polyurethane; Thermoplastic Polyurethane,,,9.99,/242/62/220948_BL_2y,220948_BL_2y.jpg,none,,,,,
221141_BK,221141,Phone Holder BLOW Black,_BK,Black,Wallet,Phone Holder,Plain PU,Polyester; Polyurethane; Polyurethane,Light Golden,,17.99,/242/62/221141_BK_1,221141_BK_1.jpg,none,,,,,
221141_EC,221141,Phone Holder BLOW Ecru,_EC,Ecru,Wallet,Phone Holder,Plain PU,Polyester; Polyurethane; Polyurethane,Light Golden,,17.99,/242/62/221141_EC_1,221141_EC_1.jpg,none,,,,,
221141_SV,221141,Phone Holder BLOW Silver,_SV,Silver,Wallet,Phone Holder,Plain PU,Polyester; Polyurethane; Polyurethane,Light Golden,,17.99,/242/62/221141_SV_1,221141_SV_1.jpg,none,,,,,
221147_WT,221147,Phone Holder STRAWBERRY White,_WT,White,Wallet,Phone Holder,Paper straw,Iron; Linen; Paper; Polyurethane; Polyurethane,Light Golden,,17.99,/242/62/221147_WT_1,221147_WT_1.jpg,none,,,,,
221199_BL,221199,Coin Purse CONSUELO Blue,_BL,Blue,Wallet,Coin Purse,Knit,Polyester; Polyester,,,12.99,/242/62/221199_BL_1,221199_BL_1.jpg,none,,,,,
221229_BM,221229,Wallet BASIC DIANA Bright Multicolor,_BM,Bright Multicolor,Wallet,Wallet,Printed PU,Polyester; Polyurethane; Polyurethane,,,12.99,/242/62/221229_BM_1,221229_BM_1.jpg,none,,,,,
221235_BM,221235,Coin Purse BASIC DIANA Bright Multicolor,_BM,Bright Multicolor,Wallet,Coin Purse,Printed PU,Polyester; Polyurethane,,,7.99,/242/62/221235_BM_1,221235_BM_1.jpg,none,,,,,
221434_CA,221434,Wallet ULLA Camel,_CA,Camel,Wallet,Wallet,Fantasy PU,Polyester; Polyurethane; Polyurethane; Thermoplastic Polyurethane,,,15.99,/242/62/221434_CA_1,221434_CA_1.jpg,none,,,,,
221576_PK,221576,Coin Purse MILEY Pink,_PK,Pink,Wallet,Coin Purse,Knit,Cotton; Cotton,,,15.99,/242/62/221576_PK_1,221576_PK_1.jpg,none,,,,,
221653_GN,221653,Wallet FLORA Green,_GN,Green,Wallet,Wallet,Printed PU,Polyester; Polyethylene Terephthalate; Polyurethane; Polyurethane,,,15.99,/242/62/221653_GN_1,221653_GN_1.jpg,none,,,,,
221678_GN,221678,Phone Holder FLORA Green,_GN,Green,Wallet,Phone Holder,Color Block,Polyester; Polyurethane; Polyurethane,Silver,,17.99,/242/62/221678_GN_1,221678_GN_1.jpg,none,,,,,
221678_PK,221678,Phone Holder FLORA Pink,_PK,Pink,Wallet,Phone Holder,Color Block,Polyester; Polyurethane; Polyurethane,Silver,,17.99,/242/62/221678_PK_1,221678_PK_1.jpg,none,,,,,
221728_DM,221728,Wallet MARTHA Dark Multicolor,_DM,Dark Multicolor,Wallet,Wallet,Printed PU,Polyester; Polyurethane; Polyurethane; Thermoplastic Polyurethane,,,15.99,/242/62/221728_DM_1,221728_DM_1.jpg,none,,,,,
221735_BK,221735,Card Holder MARTHA Black,_BK,Black,Wallet,Card Holder,Plain PU,Polyester; Polyurethane; Polyurethane; Thermoplastic Polyurethane,,,9.99,/242/62/221735_BK_1,221735_BK_1.jpg,none,,,,,
221735_LB,221735,Card Holder MARTHA Light Blue,_LB,Light Blue,Wallet,Card Holder,Plain PU,Polyester; Polyurethane; Polyurethane; Thermoplastic Polyurethane,,,9.99,/242/62/221735_LB_2y,221735_LB_2y.jpg,none,,,,,
221758_BM,221758,Wallet MAORI2 Bright Multicolor,_BM,Bright Multicolor,Wallet,Wallet,Printed Nylon,Polyester; Polyester; Polyurethane,,,12.99,/242/62/221758_BM_1,221758_BM_1.jpg,none,,,,,
221802_PM,221802,Multipurpose Purse MARTHA Pastel Multicolor,_PM,Pastel Multicolor,Wallet,Multipurpose Purse,Nylon,Polyamide; Polyester; Polyester; Polyurethane,,,15.99,/242/62/221802_PM_1,221802_PM_1.jpg,none,,,,,
222186_BM,222186,Wallet OMARA Bright Multicolor,_BM,Bright Multicolor,Wallet,Wallet,Printed PU,Polyester; Polyurethane; Polyurethane,,,15.99,/242/62/222186_BM_1,222186_BM_1.jpg,none,,,,,
222224_BG,222224,Phone Holder HASHTAG1 Beige,_BG,Beige,Wallet,Phone Holder,Fake Nylon,Polyester; Polyurethane; Polyurethane,Silver,,17.99,/242/62/222224_BG_1,222224_BG_1.jpg,none,,,,,
222224_BK,222224,Phone Holder HASHTAG1 Black,_BK,Black,Wallet,Phone Holder,Fake Nylon,Polyester; Polyurethane; Polyurethane,Silver,,17.99,/242/62/222224_BK_1,222224_BK_1.jpg,none,,,,,
222261_EC,222261,Phone Holder MAORI3 Ecru,_EC,Ecru,Wallet,Phone Holder,Nylon,Polyester; Polyester; Polyester; Polyester; Polyester; Polyester,,,19.99,/242/62/222261_EC_1,222261_EC_1.jpg,none,,,,,
222273_NV,222273,Wallet PALMS Navy,_NV,Navy,Wallet,Wallet,Color Block,Polyester; Polyurethane; Polyurethane; Thermoplastic Polyurethane,Light Golden,,17.99,/242/62/222273_NV_1,222273_NV_1.jpg,none,,,,,
222290_BR,222290,Wallet OMARA Brick Red,_BR,Brick Red,Wallet,Wallet,Plain PU,Polyester; Polyurethane; Polyurethane; Thermoplastic Polyurethane,,,15.99,/242/62/222290_BR_1,222290_BR_1.jpg,none,,,,,
222294_BM,222294,Phone Holder OMARA Bright Multicolor,_BM,Bright Multicolor,Wallet,Phone Holder,Printed Nylon,Polyester; Polyester,,,17.99,/242/62/222294_BM_1,222294_BM_1.jpg,none,,,,,
222336_BK,222336,Wallet BARDOT Black,_BK,Black,Wallet,Wallet,Animal Embossed PU,Polyurethane; Thermoplastic Polyurethane; Polyurethane; Polyester,Light Golden,,17.99,/242/62/222336_BK_1,222336_BK_1.jpg,none,,,,,
222336_CA,222336,Wallet BARDOT Camel,_CA,Camel,Wallet,Wallet,Animal Embossed PU,Polyurethane; Polyurethane; Thermoplastic Polyurethane; Polyester,Light Golden,,17.99,/242/62/222336_CA_1,222336_CA_1.jpg,none,,,,,
222421_PA,222421,Wallet MARTINA Paprika,_PA,Paprika,Wallet,Wallet,Peach PU,Polyester; Polyurethane; Polyurethane,,,15.99,/242/62/222421_PA_1,222421_PA_1.jpg,none,,,,,
222437_PM,222437,Tablet Case ALEK Pastel Multicolor,_PM,Pastel Multicolor,Wallet,Others,Tablet Case,Polyester; Polyester,,,17.99,/242/62/222437_PM_1,222437_PM_1.jpg,none,,,,,
222441_BK,222441,Pencil Case ALEK Black,_BK,Black,Wallet,Pencil Case,Printed Nylon,Polyester; Polyester,,,12.99,/242/62/222441_BK_1,222441_BK_1.jpg,none,,,,,
222441_OR,222441,Pencil Case ALEK Orange,_OR,Orange,Wallet,Pencil Case,Printed Nylon,Polyester; Polyester,,,12.99,/242/62/222441_OR_1,222441_OR_1.jpg,none,,,,,
222443_PM,222443,Wallet ALEK Pastel Multicolor,_PM,Pastel Multicolor,Wallet,Wallet,Printed PU,Polyester; Polyurethane; Thermoplastic Polyurethane; Polyurethane,,,15.99,/242/62/222443_PM_1,222443_PM_1.jpg,none,,,,,
222449_BM,222449,Wallet ALEK Bright Multicolor,_BM,Bright Multicolor,Wallet,Wallet,Printed PU,Polyester; Polyurethane; Polyurethane,,,12.99,/242/62/222449_BM_1,222449_BM_1.jpg,none,,,,,
222455_BM,222455,Card Holder ALEK Bright Multicolor,_BM,Bright Multicolor,Wallet,Card Holder,Printed Nylon,Polyester; Polyester,,,9.99,/242/62/222455_BM_1,222455_BM_1.jpg,none,,,,,
222455_DM,222455,Card Holder ALEK Dark Multicolor,_DM,Dark Multicolor,Wallet,Card Holder,Printed Nylon,Polyester; Polyester,,,9.99,/242/62/222455_DM_1,222455_DM_1.jpg,none,,,,,
222459_BK,222459,Computer Case ALEK Black,_BK,Black,Wallet,Others,Computer Case,Polyester; Polyester,,,22.99,/242/62/222459_BK_1,222459_BK_1.jpg,none,,,,,
222480_BG,222480,Jewellery Case BASIC Beige,_BG,Beige,Wallet,Others,Jewellery Case,Cow Leather; Cow Leather; Polyester; Polyester,,,27.99,/241/62/222480_BG_1,222480_BG_1.jpg,none,,,,,
222480_BK,222480,Jewellery Case BASIC Black,_BK,Black,Wallet,Others,Jewellery Case,Cow Leather; Cow Leather; Polyester; Polyester,,,27.99,/241/62/222480_BK_1,222480_BK_1.jpg,none,,,,,
222480_SK,222480,Jewellery Case BASIC Skin,_SK,Skin,Wallet,Others,Jewellery Case,Cow Leather; Cow Leather; Polyester; Polyester,,,27.99,/241/62/222480_SK_1,222480_SK_1.jpg,none,,,,,
222568_EC,222568,Wallet GRACE Ecru,_EC,Ecru,Wallet,Wallet,Plain PU,Polyester; Polyurethane; Polyurethane,,,15.99,/242/62/222568_EC_1,222568_EC_1.jpg,none,,,,,
222574_DM,222574,Computer Case GRACE Dark Multicolor,_DM,Dark Multicolor,Wallet,Others,Computer Case,Polyester; Polyester,,,19.99,/242/62/222574_DM_1,222574_DM_1.jpg,none,,,,,
222578_YL,222578,Coin Purse GRACE Yellow,_YL,Yellow,Wallet,Coin Purse,Plain PU,Polyester; Polyurethane,,,7.99,/242/62/222578_YL_1,222578_YL_1.jpg,none,,,,,
222582_YL,222582,Card Holder GRACE Yellow,_YL,Yellow,Wallet,Card Holder,Plain PU,Polyester; Polyurethane,,,7.99,/242/62/222582_YL_1,222582_YL_1.jpg,none,,,,,
222849_BM,222849,Coin Purse MARTINA Bright Multicolor,_BM,Bright Multicolor,Wallet,Coin Purse,Printed Nylon,Polyester; Polyester; Polyurethane,,,12.99,/242/62/222849_BM_1,222849_BM_1.jpg,none,,,,,
222957_BK,222957,Wallet JACKSON 1 Black,_BK,Black,Wallet,Wallet,Nylon,Polyurethane; Polyester; Polyester,,,15.99,/242/62/222957_BK_1,222957_BK_1.jpg,none,,,,,
222957_TU,222957,Wallet JACKSON 1 Taupe,_TU,Taupe,Wallet,Wallet,Nylon,Polyurethane; Polyester; Polyester,,,15.99,/242/62/222957_TU_1,222957_TU_1.jpg,none,,,,,
223033_BK,223033,Phone Holder BAKER Black,_BK,Black,Wallet,Phone Holder,Printed Fabric,Polyurethane; Polyurethane; Polyester; Polyester,,,15.99,/242/62/223033_BK_1,223033_BK_1.jpg,none,,,,,
223173_BU,223173,Card Holder BASIC DIANA Burgundy,_BU,Burgundy,Wallet,Card Holder,Plain PU,Polyester; Polyurethane,,,7.99,/242/62/223173_BU_1,223173_BU_1.jpg,none,,,,,
223173_WT,223173,Card Holder BASIC DIANA White,_WT,White,Wallet,Card Holder,Plain PU,Polyester; Polyurethane,,,7.99,/242/62/223173_WT_1,223173_WT_1.jpg,none,,,,,
223176_GN,223176,Coin Purse BASIC DIANA Green,_GN,Green,Wallet,Coin Purse,Plain PU,Polyurethane; Polyurethane; Polyester,,,7.99,/242/62/223176_GN_1,223176_GN_1.jpg,none,,,,,
223219_WT,223219,Computer Case DALMATA3 White,_WT,White,Wallet,Others,Computer Case,Nylon; Polyester; Polyamide,Silver,,17.99,/242/62/223219_WT_1,223219_WT_1.jpg,none,,,,,
223371_WT,223371,Wallet ZIMBA3 White,_WT,White,Wallet,Wallet,Real Fur,Cow Leather; Polyester; Polyurethane,Silver,,17.99,/242/62/223371_WT_1,223371_WT_1.jpg,none,,,,,
223628_BK,223628,Phone Holder LEO2 Black,_BK,Black,Wallet,Phone Holder,Nylon,Polyester; Polyester; Polyurethane,Silver,,17.99,/242/62/223628_BK_1,223628_BK_1.jpg,none,,,,,
223931_BK,223931,Wallet SPECIAL SET Black,_BK,Black,Wallet,Wallet,Plain PU,Polyurethane; Polyester; Polyurethane,Light Golden,,17.99,/242/62/223931_BK_1,223931_BK_1.jpg,none,,,,,
223931_CA,223931,Wallet SPECIAL SET Camel,_CA,Camel,Wallet,Wallet,Plain PU,Polyurethane; Polyester; Polyurethane,Light Golden,,17.99,/242/62/223931_CA_1,223931_CA_1.jpg,none,,,,,
224041_GY,224041,Wallet CORDY Grey,_GY,Grey,Wallet,Wallet,Printed Fake Nylon,Thermoplastic Polyurethane; Polyurethane; Polyester; Polyurethane,Silver,,17.99,/242/62/224041_GY_1,224041_GY_1.jpg,none,,,,,
224460_CA,224460,Wallet MELBY Camel,_CA,Camel,Wallet,Wallet,Real Fur,Polyurethane; Polyester; Polyurethane; Cow Leather,,,25.99,/242/62/224460_CA_1,224460_CA_1.jpg,none,,,,,
224468_CA,224468,Wallet MELBY Camel,_CA,Camel,Wallet,Wallet,Plain PU,Polyester; Thermoplastic Polyurethane; Polyurethane; Polyurethane,,,17.99,/242/62/224468_CA_1,224468_CA_1.jpg,none,,,,,
224478_BU,224478,Card Holder MELBY Burgundy,_BU,Burgundy,Wallet,Card Holder,Plain PU,Polyester; Polyurethane; Polyester; Polyurethane; Thermoplastic Polyurethane,,,9.99,/242/62/224478_BU_1,224478_BU_1.jpg,none,,,,,
224478_YL,224478,Card Holder MELBY Yellow,_YL,Yellow,Wallet,Card Holder,Plain PU,Polyester; Polyurethane; Polyester; Thermoplastic Polyurethane; Polyurethane,,,9.99,/242/62/224478_YL_1,224478_YL_1.jpg,none,,,,,
224538_BU,224538,Wallet SIENNA Burgundy,_BU,Burgundy,Wallet,Wallet,Real Suede,Polyurethane; Polyester; Cow Suede Leather,,,22.99,/242/62/224538_BU_1,224538_BU_1.jpg,none,,,,,
224542_BK,224542,Coin Purse SIENNA Black,_BK,Black,Wallet,Coin Purse,Fantasy Fabric,Polyester; Polyurethane; Polyester; Polyurethane; Polyurethane; Polyester; Polyurethane; Polyester; Polyurethane; Polyurethane; Polyurethane; Polyurethane; Polyester; Polyurethane; Polyurethane; Polyester; Polyurethane; Polyurethane; Polyurethane,,,9.99,/242/62/224542_BK_1,224542_BK_1.jpg,none,,,,,
224542_DM,224542,Coin Purse SIENNA Dark Multicolor,_DM,Dark Multicolor,Wallet,Coin Purse,Fantasy Fabric,Polyester; Polyurethane; Polyester; Polyester; Polyurethane,,,9.99,/242/62/224542_DM_1,224542_DM_1.jpg,none,,,,,
224547_KK,224547,Card Holder SIENNA Khaki,_KK,Khaki,Wallet,Card Holder,Real Suede,Polyester; Cow Suede Leather,,,15.99,/242/62/224547_KK_1,224547_KK_1.jpg,none,,,,,
224552_BK,224552,Multipurpose Purse SIENNA Black,_BK,Black,Wallet,Multipurpose Purse,Fantasy PU,Polyurethane; Polyurethane; Acrylic; Silicone; Polyester,,,19.99,/242/62/224552_BK_1,224552_BK_1.jpg,none,,,,,
224708_BU,224708,Notebook SHILLOH Burgundy,_BU,Burgundy,Wallet,Others,Notebook,Paper; Paper,,,12.99,/242/62/224708_BU_1,224708_BU_1.jpg,none,,,,,
224708_DM,224708,Notebook RATATUI Dark Multicolor,_DM,Dark Multicolor,Wallet,Others,Notebook,Paper; Paper,,,12.99,/242/62/224708_DM_1,224708_DM_1.jpg,none,,,,,
224709_BM,224709,Notebook SHILLOH Bright Multicolor,_BM,Bright Multicolor,Wallet,Others,Notebook,Paper; Paper,,,17.99,/242/62/224709_BM_1,224709_BM_1.jpg,none,,,,,
224717_LB,224717,Pencil Case SHILLOH Light Blue,_LB,Light Blue,Wallet,Pencil Case,Peach PU,Polyester; Polyurethane,,,12.99,/242/62/224717_LB_1,224717_LB_1.jpg,none,,,,,
224766_BK,224766,Coin Purse SHILLOH Black,_BK,Black,Wallet,Coin Purse,Nylon,Polyester; Polyester,,,12.99,/242/62/224766_BK_1,224766_BK_1.jpg,none,,,,,
224787_DM,224787,Multipurpose Purse SHILLOH Dark Multicolor,_DM,Dark Multicolor,Wallet,Multipurpose Purse,Printed Nylon,Polyamide; Polyamide; Polyester; Polyester,,,10.99,/242/62/224787_DM_1,224787_DM_1.jpg,none,,,,,
224793_BM,224793,Pencil Case SHILLOH Bright Multicolor,_BM,Bright Multicolor,Wallet,Pencil Case,Printed Nylon,Polyester; Polyamide; Polyester,,,15.99,/242/62/224793_BM_1,224793_BM_1.jpg,none,,,,,
224897_AQ,224897,Coin Purse KENDALL Aquamarine,_AQ,Aquamarine,Wallet,Coin Purse,Nylon,Polyamide; Polyamide,,,9.99,/242/62/224897_AQ_1,224897_AQ_1.jpg,none,,,,,
224897_BR,224897,Coin Purse KENDALL Brick Red,_BR,Brick Red,Wallet,Coin Purse,Nylon,Polyamide; Polyamide,,,9.99,/242/62/224897_BR_1,224897_BR_1.jpg,none,,,,,
224897_YL,224897,Coin Purse KENDALL Yellow,_YL,Yellow,Wallet,Coin Purse,Nylon,Polyamide; Polyamide,,,9.99,/242/62/224897_YL_1,224897_YL_1.jpg,none,,,,,
224899_KK,224899,Wallet BASIC OCTOBER Khaki,_KK,Khaki,Wallet,Wallet,Plain PU,Polyurethane; Polyurethane; Polyester,,,15.99,/242/62/224899_KK_1,224899_KK_1.jpg,none,,,,,
224904_LB,224904,Wallet BASIC OCTOBER Light Blue,_LB,Light Blue,Wallet,Wallet,Plain PU,Polyurethane; Polyester; Polyurethane,,,12.99,/242/62/224904_LB_1,224904_LB_1.jpg,none,,,,,
224904_SK,224904,Wallet BASIC OCTOBER Skin,_SK,Skin,Wallet,Wallet,Plain PU,Polyurethane; Polyester; Thermoplastic Polyurethane; Polyurethane,,,12.99,/242/62/224904_SK_1,224904_SK_1.jpg,none,,,,,
224949_DM,224949,Computer Case RATATUI Dark Multicolor,_DM,Dark Multicolor,Wallet,Others,Computer Case,Polyester; Polyamide; Polyester,,,17.99,/242/62/224949_DM_1,224949_DM_1.jpg,none,,,,,
224963_CA,224963,Wallet KENDALL Camel,_CA,Camel,Wallet,Wallet,Real Suede,Polyester; Cow Suede Leather; Polyethylene Terephthalate; Polyurethane,,,23.99,/242/62/224963_CA_1,224963_CA_1.jpg,none,,,,,
224972_KK,224972,Multipurpose Purse KENDALL Khaki,_KK,Khaki,Wallet,Multipurpose Purse,Nylon,Polyester; Cow Suede Leather; Polyester,,,17.99,/242/62/224972_KK_1,224972_KK_1.jpg,none,,,,,
225053_BL,225053,Phone Holder SCOTS3 Blue,_BL,Blue,Wallet,Phone Holder,Fantasy PU,Polyurethane; Polyester; Polyurethane; Polyurethane; Polyester,Silver,,17.99,/242/62/225053_BL_1,225053_BL_1.jpg,none,,,,,
225053_SV,225053,Phone Holder SCOTS3 Silver,_SV,Silver,Wallet,Phone Holder,Fantasy PU,Polyurethane; Polyurethane; Polyester; Polyurethane; Polyester,Silver,,17.99,/242/62/225053_SV_1,225053_SV_1.jpg,none,,,,,
