PROD_CLR_EQUIV,PROD_REF,PROD_DES_BASE,CLR_COD,CLR_DES,CAT_DES_EN,GFA_DES_EN,GFS_DES_EN,COMPOSITION,FINISHING,MATERIAL,PRICE_BASE_W_VAT,PROG_IMAGE,img_file,priority,issues,review_status,fixes,reviewer,notes
224036_GY,224036,Wallet CORDY Grey,_GY,Grey,Wallet,Others,Printed Fake Nylon,Polyester; Polyurethane,Silver,,5.99,/242/62/224036_GY_1,224036_GY_1.jpg,high,TYPE_CONFLICT_DESC,,,,
208038_BL,208038,Dress ESSENTIALS T DISPLAY 1 Blue,_BL,Blue,Apparel,Dress,Woven,Lyocell,,Lyocell,29.99,/231/64/208038_BL_1,208038_BL_1.jpg,medium,IMG_SHARED,,,,
208038_PU,208038,Dress ESSENTIALS T DISPLAY 1 Purple,_PU,Purple,Apparel,Dress,Woven,Lyocell,,Lyocell,29.99,/232/64/208038_PU_1,208038_PU_1.jpg,medium,IMG_SHARED,,,,
212124_EC,212124,Trousers TUSCA Ecru,_EC,Ecru,Apparel,Trousers,Woven,Lyocell,,Lyocell,25.99,/232/64/212124_ECXS-S_2,212124_ECXS-S_2.jpg,medium,IMG_GENERIC,,,,
215514_PK,215514,Trousers ESSENTIALS T DISPLAY 1 Pink,_PK,Pink,Apparel,Trousers,Circular,Elastane; Modal; Polyester,,Modal,27.99,/232/64/215514_1,215514_1.jpg,medium,IMG_GENERIC,,,,
216352_RD,216352,Cardigan REMY 4 Red,_RD,Red,Apparel,Cardigan,Knit,Polyester,,Polyester,35.99,/232/64/216352_1,216352_1.jpg,medium,IMG_GENERIC,,,,
219907_PK,219907,Shirt C3 Pink,_PK,Pink,Apparel,Shirt,Woven,Cotton,,Cotton,19.99,/242/64/219907_1,219907_1.jpg,medium,IMG_GENERIC;SALES_MISSING,,,,
227077_RD,227077,Sweater B4NOV Red,_RD,Red,Apparel,Sweater,Knit,Polyamide; Polyester; Acrylic,,Acrylic,39.99,/242/64/227077_1,,medium,IMG_FILE_MISSING;IMG_GENERIC;SALES_MISSING,,,,
227824_EC,227824,Dress TRENDY Ecru,_EC,Ecru,Apparel,Dress,Woven,Elastane; Polyester; Polyester,,,39.99,/242/64/227824_1,,medium,IMG_FILE_MISSING;IMG_GENERIC;IMG_SHARED;SALES_MISSING,,,,
227824_PK,227824,Dress TRENDY Pink,_PK,Pink,Apparel,Dress,Woven,Elastane; Polyester; Polyester,,,39.99,/242/64/227824_1,,medium,IMG_FILE_MISSING;IMG_GENERIC;IMG_SHARED;SALES_MISSING,,,,
227824_SV,227824,Dress TRENDY Silver,_SV,Silver,Apparel,Dress,Woven,Elastane; Polyester; Polyester,,,39.99,/242/64/227824_1,,medium,IMG_FILE_MISSING;IMG_GENERIC;IMG_SHARED;SALES_MISSING,,,,
228190_GN,228190,Sweater T1 ESSENTIALS Green,_GN,Green,Apparel,Sweater,Knit,Acrylic; Polyester,,Acrylic,29.99,/242/64/228190_1,,medium,IMG_FILE_MISSING;IMG_GENERIC;SALES_MISSING,,,,
228352_NV,228352,Cardigan BETS Navy,_NV,Navy,Apparel,Cardigan,Knit,Polyester; Viscose; Polyamide,,Viscose,35.99,/242/64/228352_1,,medium,IMG_FILE_MISSING;IMG_GENERIC;SALES_MISSING,,,,
229911_BN,229911,Skirt B4NOV Brown,_BN,Brown,Apparel,Skirt,Circular,Cotton; Polyester; Wool,,Wool,39.99,/242/64/229911_1,,medium,IMG_FILE_MISSING;IMG_GENERIC;IMG_SHARED;SALES_MISSING,,,,
229911_EC,229911,Skirt B4NOV Ecru,_EC,Ecru,Apparel,Skirt,Circular,Cotton; Polyester; Wool,,Wool,39.99,/242/64/229911_1,,medium,IMG_FILE_MISSING;IMG_GENERIC;IMG_SHARED;SALES_MISSING,,,,
229911_GY,229911,Skirt B4NOV Grey,_GY,Grey,Apparel,Skirt,Circular,Cotton; Wool; Polyester,,Wool,39.99,/242/64/229911_1,,medium,IMG_FILE_MISSING;IMG_GENERIC;IMG_SHARED;SALES_MISSING,,,,
229920_BK,229920,Trousers TRENDY Black,_BK,Black,Apparel,Trousers,Circular,Elastane; Polyamide; Viscose,,Viscose,27.99,/242/64/229920_1,,medium,IMG_FILE_MISSING;IMG_GENERIC;IMG_SHARED;SALES_ZERO_QTY,,,,
229920_GN,229920,Trousers TRENDY Green,_GN,Green,Apparel,Trousers,Circular,Viscose; Elastane; Polyamide,,Viscose,27.99,/242/64/229920_1,,medium,IMG_FILE_MISSING;IMG_GENERIC;IMG_SHARED;SALES_MISSING,,,,
230256_BM,230256,Skirt TRENDY Bright Multicolor,_BM,Bright Multicolor,Apparel,Skirt,Woven,Polyester; Polyester,,Polyester,39.99,/242/64/230256_1,,medium,IMG_FILE_MISSING;IMG_GENERIC;SALES_MISSING,,,,
211314_GY,211314,Trainer Shoes TRAINER FLYKNIT GREY Grey,_GY,Grey,Footwear,Trainers,Textile,Polyester; Polyester; Polyester; Rubber,,,39.99,/232/53/211314_1,,medium,IMG_FILE_MISSING;IMG_GENERIC,,,,
218168_BK,218168,Flat Sandals CAMEL FLAT SANDAL Black,_BK,Black,Footwear,Flat Sandals,Leather,Cow Leather; Polyurethane; Polyurethane; Rubber,,,32.99,/241/53/218168_1,218168_1.jpg,medium,IMG_GENERIC,,,,
220362_GN,220362,Trainer Shoes GREEN BEIGE TRAINER Green,_GN,Green,Footwear,Trainers,Textile,Polyester; Polyester; Polyester; Polyurethane; Rubber,,,35.99,/241/53/220362_2,220362_2.jpg,medium,IMG_GENERIC,,,,
220362_PK,220362,Trainer Shoes PINK BEIGE TRAINER Pink,_PK,Pink,Footwear,Trainers,Textile,Polyester; Polyester; Polyester; Polyurethane; Rubber,,,35.99,/241/53/220362_1,220362_1.jpg,medium,IMG_GENERIC,,,,
212405_GY,212405,Sac CRUELLA1 Grey,_GY,Grey,Hand Bag,Sac,Fantasy Fabric,Polyester; Polyester; Polyurethane; Polyurethane,,,25.99,/232/54/212405_1,,medium,IMG_FILE_MISSING;IMG_GENERIC,,,,
2167601EC,216760,Tote Bag JUNGLE LEATHER Ecru,1EC,Ecru,Hand Bag,Tote,Leather,Cow Leather,Antik Silver,,49.99,/242/54/2167601EC_1,2167601EC_1.jpg,medium,IMG_SHARED,,,,
2167601GD,216760,Tote Bag JUNGLE LEATHER Gold,1GD,Gold,Hand Bag,Tote,Leather,Cow Leather,Antik Silver,,49.99,/242/54/2167601GD_1,2167601GD_1.jpg,medium,IMG_SHARED,,,,
2167601SV,216760,Tote Bag JUNGLE LEATHER Silver,1SV,Silver,Hand Bag,Tote,Leather,Cow Leather,Antik Silver,,49.99,/242/54/2167601SV_1,2167601SV_1.jpg,medium,IMG_SHARED,,,,
216760_EC,216760,Tote Bag JUNGLE LEATHER Ecru,_EC,Ecru,Hand Bag,Tote,Leather,Cotton; Cow Leather; Cow Leather,Silver,,49.99,/241/54/216760_EC_1,216760_EC_1.jpg,medium,IMG_SHARED,,,,
216760_GD,216760,Tote Bag JUNGLE LEATHER Gold,_GD,Gold,Hand Bag,Tote,Leather,Cotton; Cow Leather; Cow Leather,Silver,,49.99,/241/54/216760_GD_1,216760_GD_1.jpg,medium,IMG_SHARED,,,,
216760_SV,216760,Tote Bag JUNGLE LEATHER Silver,_SV,Silver,Hand Bag,Tote,Leather,Cotton; Cow Leather; Cow Leather,Silver,,49.99,/241/54/216760_SV_1,216760_SV_1.jpg,medium,IMG_SHARED,,,,
217193_EC,217193,Crossbody Bag EMAN Ecru,_EC,Ecru,Hand Bag,Cross,Padded Pu,Polyester; Polyurethane; Polyurethane,,,25.99,/241/55/217193_EC_1,217193_EC_1.jpg,medium,IMG_CAT_MISMATCH,,,,
218394_BK,218394,Shopper Bag CUPIDO2 Black,_BK,Black,Hand Bag,Shopper,Printed PU,Cotton; Cotton; Linen; Linen; Polyurethane; Polyurethane; Polyurethane,Light Golden,,25.99,/241/54/218394_BK_1,218394_BK_1.jpg,medium,IMG_SHARED,,,,
221979_BK,221979,Sac NEVERA HBPROVISION Black,_BK,Black,Hand Bag,Sac,Plain PU,Polyester; Polyester; Polyester; Polyurethane; Polyurethane; Polyurethane; Polyurethane,,,27.99,/242/54/221979_1,221979_1.jpg,medium,IMG_GENERIC;IMG_SHARED;SALES_MISSING,,,,
221979_EC,221979,Sac NEVERA HBPROVISION Ecru,_EC,Ecru,Hand Bag,Sac,Plain PU,Polyester; Polyester; Polyester; Polyurethane; Polyurethane; Polyurethane; Polyurethane,,,27.99,/242/54/221979_1,221979_1.jpg,medium,IMG_GENERIC;IMG_SHARED;SALES_MISSING,,,,
166730_AU,166730,Earring GLEAM COLOR,_AU,Aubergine,Jewellery,Earrings,Hoop Earrings,Acrylic; Iron,Golden,,7.99,/191/52/166730_1,166730_1.jpg,medium,IMG_GENERIC;CLR_NOT_IN_DESC,,,,
170562_LK,170562,Earring ORPHIC Light Pink,_LK,Light Pink,Jewellery,Earrings,Stud,Iron; Resin,Black Nikel,,5.99,/192/52/170562_1,,medium,IMG_FILE_MISSING;IMG_GENERIC,,,,
1930091BM,193009,Phone case FASHION SUPPLEMENTS Bright Multicolor,1BM,Bright Multicolor,Jewellery,Mobile Accessories,Mobile Cases,Iron; Polyester; Thermoplastic Polyurethane,Other,,9.99,/232/52/1930091BM_1,1930091BM_1.jpg,medium,IMG_SHARED,,,,
1930092BM,193009,Phone case FASHION SUPPLEMENTS Bright Multicolor,2BM,Bright Multicolor,Jewellery,Mobile Accessories,Mobile Cases,Iron; Polyester; Thermoplastic Polyurethane,Other,,9.99,/232/52/1930092BM_1,1930092BM_1.jpg,medium,IMG_SHARED,,,,
1999351HM,199935,Earring mulstone Halftone Multicolor,1HM,Halftone Multicolor,Jewellery,Earrings,Dangle,Iron; Zinc; Enamel,Golden,,5.99,/222/52/199935_1,,medium,IMG_FILE_MISSING;IMG_GENERIC,,,,
209011_GD,209011,Set of Bracelets GOLDEN BASICS Gold,_GD,Gold,Jewellery,Bracelets,Elastic Bracelet,Iron; Shell; Thermoplastic Polyurethane,Brushed Golden,,8.99,/232/52/209011_1,209011_1.jpg,medium,IMG_GENERIC;SALES_MISSING,,,,
209709_BM,209709,Mobile Holder FASHION SUPPLEMENTS Bright Multicolor,_BM,Bright Multicolor,Jewellery,Mobile Accessories,Mobile Holder,Acrylic; Glass,Other,,7.99,/232/52/209709_1,209709_1.jpg,medium,IMG_GENERIC;SALES_MISSING,,,,
211673_DM,211673,Earring FLORABUNDANCE Dark Multicolor,_DM,Dark Multicolor,Jewellery,Earrings,Dangle,Brass; Iron; Resin,Worn Gold,,7.99,/232/52/211673_DMU_2,211673_DMU_2.jpg,medium,IMG_GENERIC,,,,
211880_LM,211880,Earring TREND Lime,_LM,Lime,Jewellery,Earrings,Stud,Cork,Golden,,9.99,/232/52/211880_1,211880_1.png,medium,IMG_GENERIC,,,,
212480_BM,212480,Ring EXPEDITION Bright Multicolor,_BM,Bright Multicolor,Jewellery,Rings,Fantasy,Resin; Zinc,Golden,,5.99,/232/52/212480_1,,medium,IMG_FILE_MISSING;IMG_GENERIC,,,,
212494_HM,212494,Bracelet ORPHIC Halftone Multicolor,_HM,Halftone Multicolor,Jewellery,Bracelets,Elastic Bracelet,Resin; Acrylic; Iron,Golden,,7.99,/232/52/212494_1,212494_1.jpg,medium,IMG_GENERIC,,,,
212499_HM,212499,Earring ORPHIC Halftone Multicolor,_HM,Halftone Multicolor,Jewellery,Earrings,Stud,Cork,Golden,,8.99,/232/52/212499_1,212499_1.jpg,medium,IMG_GENERIC,,,,
212535_HM,212535,Earring EXPEDITION Halftone Multicolor,_HM,Halftone Multicolor,Jewellery,Earrings,Dangle,Acrylic; Brass; Iron; Zinc,Worn Gold,,8.99,/232/52/212535_1,,medium,IMG_FILE_MISSING;IMG_GENERIC,,,,
213310_GD,213310,Necklace GLDN DEL Gold,_GD,Gold,Jewellery,Necklaces,Beaded Necklace,Brass; Iron,Golden,,12.99,/232/52/213310_1,213310_1.jpg,medium,IMG_GENERIC;SALES_MISSING,,,,
213323_GD,213323,Bracelet GLDN DEL Gold,_GD,Gold,Jewellery,Bracelets,Non-Adjustable Bracelet,Brass; Iron,Golden,,8.99,/232/52/213323_1,213323_1.jpg,medium,IMG_GENERIC;SALES_MISSING,,,,
213336_GD,213336,Necklace GLDN DEL Gold,_GD,Gold,Jewellery,Necklaces,Beaded Necklace,Brass; Pearl,Golden,,9.99,/232/52/213336_1,213336_1.jpg,medium,IMG_GENERIC;SALES_MISSING,,,,
213347_GD,213347,Bracelet GOLDEN BASICS Gold,_GD,Gold,Jewellery,Bracelets,Elastic Bracelet,Iron,Golden,,8.99,/232/52/213347_1,213347_1.jpg,medium,IMG_GENERIC,,,,
213780_GD,213780,Earring ULTRAVIO Gold,_GD,Gold,Jewellery,Earrings,Hoop Earrings,Acrylic; Zinc,Worn Gold,,12.99,/232/52/213780_1,213780_1.jpg,medium,IMG_GENERIC;SALES_MISSING,,,,
213937_JN,213937,Necklace FLORABUNDANCE Blue Jeans,_JN,Blue Jeans,Jewellery,Necklaces,Pendant,Iron; Resin,Golden,,12.99,/232/52/213937_1,,medium,IMG_FILE_MISSING;IMG_GENERIC,,,,
213952_BM,213952,Earring GUARANI VIBES Bright Multicolor,_BM,Bright Multicolor,Jewellery,Earrings,Drop,Brass; Thermoplastic Polyurethane; Zinc,Golden,,5.99,/232/52/213952_1,,medium,IMG_FILE_MISSING;IMG_GENERIC;SALES_MISSING,,,,
213960_BM,213960,Necklace GUARANI VIBES Bright Multicolor,_BM,Bright Multicolor,Jewellery,Necklaces,Pendant,Acrylic; Brass; Iron; Resin; Stone,Brushed Golden,,12.99,/232/52/213960_1,,medium,IMG_FILE_MISSING;IMG_GENERIC,,,,
214129_BL,214129,Earring GUMMY PARTY Blue,_BL,Blue,Jewellery,Earrings,Dangle,Cork,Golden,,9.99,/232/52/214129_1.,214129_1.jpeg,medium,IMG_GENERIC;SALES_MISSING,,,,
214144_BL,214144,Earring GUMMY PARTY Blue,_BL,Blue,Jewellery,Earrings,Hoop Earrings,Cork,Golden,,8.99,/232/52/214144_1.,214144_1.jpeg,medium,IMG_GENERIC,,,,
214550_BK,214550,Earring ECLIPSE Black,_BK,Black,Jewellery,Earrings,Hoop Earrings,Acrylic,Golden,,5.99,/232/52/214550_1.,214550_1.jpeg,medium,IMG_GENERIC,,,,
225264_PE,225264,Bracelet NEW CLASSIC Pearl,_PE,Pearl,Jewellery,Bracelets,Elastic Bracelet,Cork; Elastane; Acrylic,Other,,5.99,/242/52/225264_1.,,medium,IMG_FILE_MISSING;IMG_GENERIC;SALES_MISSING,,,,
226380_GD,226380,Earring LIGHTNING BOLD Gold,_GD,Gold,Jewellery,Earrings,Dangle,Cork; Zinc; Glass; Nylon,Golden,,7.99,/242/52/226380_1,,medium,IMG_FILE_MISSING;IMG_GENERIC;SALES_MISSING,,,,
226582_MI,226582,Earring NEPTUNE Midnight Blue,_MI,Midnight Blue,Jewellery,Earrings,Dangle,Cork,Black Nikel,,7.99,/242/52/226582_1,,medium,IMG_FILE_MISSING;IMG_GENERIC;SALES_MISSING,,,,
226699_MI,226699,Bracelet NEPTUNE Midnight Blue,_MI,Midnight Blue,Jewellery,Bracelets,Bangle,Cork,Other,,8.99,/242/52/226699_1,,medium,IMG_FILE_MISSING;IMG_GENERIC;SALES_MISSING,,,,
227040_DB,227040,Earring GALÁPAGOS Dark Brown,_DB,Dark Brown,Jewellery,Earrings,Stud,Cork; Stainless Steel; Resin,Antik Golden,,7.99,/242/52/227040_1,,medium,IMG_FILE_MISSING;IMG_GENERIC;SALES_MISSING,,,,
227085_GD,227085,Earring NEW CLASSIC Gold,_GD,Gold,Jewellery,Earrings,Stud,Cork; Zinc; Acrylic,Golden,,7.99,/242/52/227085_1,,medium,IMG_FILE_MISSING;IMG_GENERIC;SALES_MISSING,,,,
208071_EC,208071,Wallet SAMANTHA Ecru,_EC,Ecru,Wallet,Wallet,Plain PU,Polyester; Polyurethane; Polyurethane,,,12.99,/232/62/208071_1,208071_1.jpg,medium,IMG_GENERIC;IMG_SHARED,,,,
208071_MD,208071,Wallet SAMANTHA Mustard,_MD,Mustard,Wallet,Wallet,Plain PU,Polyurethane; Polyester; Polyurethane,,,12.99,/232/62/208071_1,208071_1.jpg,medium,IMG_GENERIC;IMG_SHARED,,,,
217651_TL,217651,Notebook STATIONERY Teal,_TL,Teal,Wallet,Others,Notebook,Acrylonitrile Butadiene Styrene; Paper; Polystyrene,,,12.99,/232/62/217651_1,217651_1.jpg,medium,IMG_GENERIC,,,,
225913_BK,225913,Wallet GLORIA Black,_BK,Black,Wallet,Wallet,Real Fur,Cow Leather; Polyester; Thermoplastic Polyurethane; Polyurethane,,,23.99,/242/62/225913_1,,medium,IMG_FILE_MISSING;IMG_GENERIC;IMG_SHARED;SALES_MISSING,,,,
225913_CA,225913,Wallet GLORIA Camel,_CA,Camel,Wallet,Wallet,Real Fur,Cow Leather; Polyester; Thermoplastic Polyurethane; Polyurethane,,,23.99,/242/62/225913_1,,medium,IMG_FILE_MISSING;IMG_GENERIC;IMG_SHARED;SALES_MISSING,,,,
227513_BG,227513,Wallet DOLLY Beige,_BG,Beige,Wallet,Wallet,Peach PU,Polyurethane; Thermoplastic Polyurethane; Polyurethane; Polyester,,,12.99,/242/62/227513_1,,medium,IMG_FILE_MISSING;IMG_GENERIC;IMG_SHARED;SALES_MISSING,,,,
227513_PK,227513,Wallet DOLLY Pink,_PK,Pink,Wallet,Wallet,Peach PU,Polyurethane; Thermoplastic Polyurethane; Polyurethane; Polyester,,,12.99,/242/62/227513_1,,medium,IMG_FILE_MISSING;IMG_GENERIC;IMG_SHARED;SALES_MISSING,,,,
227515_BM,227515,Wallet DOLLY Bright Multicolor,_BM,Bright Multicolor,Wallet,Wallet,Printed PU,Polyurethane; Polyester; Polyurethane,,,10.99,/242/62/227515_1,,medium,IMG_FILE_MISSING;IMG_GENERIC,,,,
226742_NM,226742,Dress BRIDAL CAPSULE Neutral Multicolor,_NM,Neutral Multicolor,Apparel,Dress,Woven,Cotton,,,250.0,/242/64/226742_NM_1,,low,IMG_FILE_MISSING;SALES_ZERO_QTY,,,,
226813_NM,226813,Dress BRIDAL CAPSULE Neutral Multicolor,_NM,Neutral Multicolor,Apparel,Dress,Knit,Cotton,,Cotton,220.0,/242/64/226813_NM_1,,low,IMG_FILE_MISSING;SALES_ZERO_QTY,,,,
214565_FU,214565,Trousers Hot dez Fuchsia,_FU,Fuchsia,Apparel,Trousers,Woven,Viscose,,Viscose,25.99,/241/64/214565_FU_1,,info,IMG_FILE_MISSING,,,,
214629_BM,214629,Shirt Neptune Bright Multicolor,_BM,Bright Multicolor,Apparel,Shirt,Woven,Viscose,,,29.99,/241/64/214629_BM_1,,info,IMG_FILE_MISSING,,,,
214661_BM,214661,Dress PICASSO Bright Multicolor,_BM,Bright Multicolor,Apparel,Dress,Woven,Viscose,,Viscose,39.99,/232/64/214661_BM_1,,info,IMG_FILE_MISSING,,,,
224890_BK,224890,Coat TUBR Black,_BK,Black,Apparel,Coat,Woven,Polyamide; Polyester; Polyester; Cotton,,Polyester,49.99,/242/64/224890_BK_1,224890_BK_1.jpg,info,SALES_MISSING,,,,
224890_DB,224890,Coat EXCLUSIVE Dark Brown,_DB,Dark Brown,Apparel,Coat,Woven,Polyester; Polyamide; Polyester; Cotton,,Polyester,49.99,/242/64/224890_DB_1,224890_DB_1.jpg,info,SALES_MISSING,,,,
224890_KK,224890,Coat gg Khaki,_KK,Khaki,Apparel,Coat,Woven,Polyester; Polyester; Polyamide; Cotton,,Polyester,49.99,/242/64/224890_KK_2y,224890_KK_2y.jpg,info,SALES_MISSING,,,,
224938_RD,224938,Raincoat P1 SET Red,_RD,Red,Apparel,Raincoat,Woven,Polyester,,Polyester,49.99,/242/64/224938_RD_1,224938_RD_1.jpg,info,SALES_MISSING,,,,
225071_BK,225071,Dress TRENDY Black,_BK,Black,Apparel,Dress,Knit,Polyester,,,39.99,/242/64/225071_BK_1,,info,IMG_FILE_MISSING,,,,
225071_EC,225071,Dress TRENDY Ecru,_EC,Ecru,Apparel,Dress,Knit,Polyester,,,39.99,/242/64/225071_EC_1,,info,IMG_FILE_MISSING,,,,
225142_NV,225142,Dress BETS Navy,_NV,Navy,Apparel,Dress,Woven,Polyamide; Viscose,,,39.99,/242/64/225142_NV_1,,info,IMG_FILE_MISSING,,,,
225160_AN,225160,Dress TRENDY Anthracite,_AN,Anthracite,Apparel,Dress,Knit,Viscose; Polyamide,,,39.99,/242/64/225160_AN_1,,info,IMG_FILE_MISSING,,,,
225160_BU,225160,Dress TRENDY Burgundy,_BU,Burgundy,Apparel,Dress,Knit,Viscose; Polyamide,,,39.99,/242/64/225160_BU_1,,info,IMG_FILE_MISSING,,,,
225198_BL,225198,Shirt B4 Blue,_BL,Blue,Apparel,Shirt,Woven,Viscose; Polyamide,,,27.99,/242/64/225198_BL_1,,info,IMG_FILE_MISSING,,,,
225212_BM,225212,Cardigan C2 Bright Multicolor,_BM,Bright Multicolor,Apparel,Cardigan,Knit,Wool; Polyamide; Acrylic,,,35.99,/242/64/225212_BM_1,,info,IMG_FILE_MISSING,,,,
225326_BG,225326,Skirt 00 Beige,_BG,Beige,Apparel,Skirt,Woven,Viscose; Viscose; Elastane; Polyester; Polyester,,Polyester,39.99,/242/64/225326_BG_1,,info,IMG_FILE_MISSING,,,,
225326_GY,225326,Skirt 00 Grey,_GY,Grey,Apparel,Skirt,Woven,Viscose; Viscose; Polyester; Polyester; Elastane,,Polyester,39.99,/242/64/225326_GY_1,,info,IMG_FILE_MISSING,,,,
225499_BN,225499,Sweater gg Brown,_BN,Brown,Apparel,Sweater,Knit,Acrylic; Wool; Polyamide,,,27.99,/242/64/225499_BN_1,,info,IMG_FILE_MISSING,,,,
225583_BK,225583,Trousers CAXEMIRA Black,_BK,Black,Apparel,Trousers,Knit,Cashmere,,,89.99,/242/64/225583_BK_1,,info,IMG_FILE_MISSING,,,,
225583_CA,225583,Trousers CAXEMIRA Camel,_CA,Camel,Apparel,Trousers,Knit,Cashmere,,,89.99,/242/64/225583_CA_3,,info,IMG_FILE_MISSING,,,,
225583_WT,225583,Trousers CAXEMIRA White,_WT,White,Apparel,Trousers,Knit,Cashmere,,,89.99,/242/64/225583_WT_1,,info,IMG_FILE_MISSING,,,,
225622_BM,225622,Jeans C2 Bright Multicolor,_BM,Bright Multicolor,Apparel,Jeans,Woven,Cotton,,,39.99,/242/64/225622_BM_1,,info,IMG_FILE_MISSING,,,,
225622_DM,225622,Jeans 22 Dark Multicolor,_DM,Dark Multicolor,Apparel,Jeans,Woven,Cotton,,Cotton,39.99,/242/64/225622_DM_1,,info,IMG_FILE_MISSING;SALES_MISSING,,,,
225686_BG,225686,Vest TU Beige,_BG,Beige,Apparel,Vest,Knit,Polyester; Polyamide; Acrylic,,,32.99,/242/64/225686_BG_1,,info,IMG_FILE_MISSING,,,,
226285_BM,226285,Raincoat 77 Bright Multicolor,_BM,Bright Multicolor,Apparel,Raincoat,Woven,Polyester; Polyester,,Polyester,59.99,/242/64/226285_BM_1,,info,IMG_FILE_MISSING,,,,
226511_BK,226511,Shirt MY Black,_BK,Black,Apparel,Shirt,Woven,Viscose,,,35.99,/242/64/226511_BK_1,,info,IMG_FILE_MISSING;SALES_MISSING,,,,
226511_PK,226511,Shirt MY Pink,_PK,Pink,Apparel,Shirt,Woven,Viscose,,,35.99,/242/64/226511_PK_1,,info,IMG_FILE_MISSING;SALES_MISSING,,,,
226587_GY,226587,Sweatshirt 22 Grey,_GY,Grey,Apparel,Sweatshirt,Circular,Polyester; Cotton,,,27.99,/242/64/226587_GY_1,,info,IMG_FILE_MISSING,,,,
226610_BG,226610,Sweater RB Beige,_BG,Beige,Apparel,Sweater,Knit,Polyamide; Wool; Polyester; Acrylic,,Acrylic,35.99,/242/64/226610_BG_1,,info,IMG_FILE_MISSING,,,,
226610_BU,226610,Sweater BETS Burgundy,_BU,Burgundy,Apparel,Sweater,Knit,Acrylic; Polyamide; Wool; Polyester,,Acrylic,35.99,/242/64/226610_BU_1,,info,IMG_FILE_MISSING;SALES_MISSING,,,,
226610_DG,226610,Sweater RB Dark Grey,_DG,Dark Grey,Apparel,Sweater,Knit,Polyester; Polyamide; Acrylic; Wool,,Acrylic,35.99,/242/64/226610_DG_1,,info,IMG_FILE_MISSING,,,,
226723_BL,226723,Shirt C3 NOV Blue,_BL,Blue,Apparel,Shirt,Woven,Cotton; Polyester,,,35.99,/242/64/226723_BL_1,,info,IMG_FILE_MISSING;SALES_MISSING,,,,
226733_BM,226733,Dress C3 NOV Bright Multicolor,_BM,Bright Multicolor,Apparel,Dress,Woven,Viscose,,Viscose,45.99,/242/64/226733_BM_1,,info,IMG_FILE_MISSING;SALES_MISSING,,,,
226733_DM,226733,Dress CLOSET13 Dark Multicolor,_DM,Dark Multicolor,Apparel,Dress,Woven,Viscose,,Viscose,45.99,/242/64/226733_DM_1,,info,IMG_FILE_MISSING;SALES_MISSING,,,,
226770_BK,226770,Vest TRENDY Black,_BK,Black,Apparel,Vest,Woven,Polyester; Viscose; Polyester; Wool,,,39.99,/242/64/226770_BK_1,,info,IMG_FILE_MISSING;SALES_MISSING,,,,
226783_GY,226783,Shirt ARABE Grey,_GY,Grey,Apparel,Shirt,Woven,Lyocell; Viscose; Linen,,,35.99,/242/64/226783_GY_1,,info,IMG_FILE_MISSING,,,,
226798_BM,226798,Shirt outu Bright Multicolor,_BM,Bright Multicolor,Apparel,Shirt,Woven,Elastane; Viscose,,,32.99,/242/64/226798_BM_1,,info,IMG_FILE_MISSING,,,,
226876_BG,226876,Raincoat TRENDY Beige,_BG,Beige,Apparel,Raincoat,Woven,Polyurethane; Polyester; Polyurethane,,Polyester,89.99,/242/64/226876_BG_1,,info,IMG_FILE_MISSING,,,,
226876_BK,226876,Raincoat TRENDY Black,_BK,Black,Apparel,Raincoat,Woven,Polyurethane; Polyester; Polyurethane,,Polyester,89.99,/242/64/226876_BK_1,,info,IMG_FILE_MISSING,,,,
226904_BM,226904,Vest TRENDY Bright Multicolor,_BM,Bright Multicolor,Apparel,Vest,Woven,Wool; Polyester; Viscose; Polyester,,,39.99,/242/64/226904_BM_1,,info,IMG_FILE_MISSING;SALES_MISSING,,,,
227010_BN,227010,Dress VERONA OUTUBRO Brown,_BN,Brown,Apparel,Dress,Knit,Elastane; Acrylic; Polyamide; Wool; Polyester,,,35.99,/242/64/227010_BN_1,,info,IMG_FILE_MISSING,,,,
227010_KK,227010,Dress VERONA OUTUBRO Khaki,_KK,Khaki,Apparel,Dress,Knit,Polyamide; Polyester; Acrylic; Elastane; Wool,,,35.99,/242/64/227010_KK_1,,info,IMG_FILE_MISSING,,,,
227073_BN,227073,Skirt VERONA OUTUBRO Brown,_BN,Brown,Apparel,Skirt,Woven,Polyester; Elastane; Polyurethane,,Polyurethane,49.99,/242/64/227073_BN_1,,info,IMG_FILE_MISSING,,,,
227073_GN,227073,Skirt VERONA OUTUBRO Green,_GN,Green,Apparel,Skirt,Woven,Polyester; Polyurethane; Elastane,,Polyurethane,49.99,/242/64/227073_GN_1,,info,IMG_FILE_MISSING,,,,
227077_EC,227077,Sweater bro Ecru,_EC,Ecru,Apparel,Sweater,Knit,Polyamide; Acrylic; Polyester,,,39.99,/242/64/227077_EC_1,,info,IMG_FILE_MISSING,,,,
227077_PG,227077,Sweater B4NOV Pomegranate,_PG,Pomegranate,Apparel,Sweater,Knit,Polyamide; Elastane; Acrylic,,Acrylic,39.99,/242/64/227077_PG_1,,info,IMG_FILE_MISSING;SALES_MISSING,,,,
227091_BK,227091,Sweater IE Black,_BK,Black,Apparel,Sweater,Knit,Viscose; Polyamide,,,32.99,/242/64/227091_BK_1,,info,IMG_FILE_MISSING,,,,
227131_BU,227131,Shorts QUADROS Burgundy,_BU,Burgundy,Apparel,Shorts,Knit,Polyamide; Wool; Acrylic,,Acrylic,25.99,/242/64/227131_BU_1,,info,IMG_FILE_MISSING,,,,
227257_BU,227257,T-shirt C4 SET Burgundy,_BU,Burgundy,Apparel,T-shirt,Circular,Cotton,,,19.99,/242/64/227257_BU_1,,info,IMG_FILE_MISSING,,,,
227257_GY,227257,T-shirt C4 SET Grey,_GY,Grey,Apparel,T-shirt,Circular,Cotton,,,19.99,/242/64/227257_GY_1,,info,IMG_FILE_MISSING,,,,
227290_BG,227290,Body QUADROS Beige,_BG,Beige,Apparel,Bodys,Knit,Polyamide; Wool,,,35.99,/242/64/227290_BG_1,,info,IMG_FILE_MISSING,,,,
227305_BL,227305,Sweater T1 ESSENTIALS Blue,_BL,Blue,Apparel,Sweater,Knit,Elastane; Wool; Polyamide; Alpaca; Polyester; Acrylic,,Acrylic,32.99,/242/64/227305_BL_1,,info,IMG_FILE_MISSING,,,,
227305_CA,227305,Sweater T1 ESSENTIALS Camel,_CA,Camel,Apparel,Sweater,Knit,Polyester; Alpaca; Wool; Polyamide; Elastane; Acrylic,,Acrylic,32.99,/242/64/227305_CA_1,,info,IMG_FILE_MISSING;SALES_MISSING,,,,
227305_EC,227305,Sweater T1 ESSENTIALS Ecru,_EC,Ecru,Apparel,Sweater,Knit,Alpaca; Acrylic; Elastane; Polyamide; Polyester; Wool,,Acrylic,32.99,/242/64/227305_EC_1,,info,IMG_FILE_MISSING;SALES_MISSING,,,,
227305_RD,227305,Sweater BETS Red,_RD,Red,Apparel,Sweater,Knit,Polyester; Wool; Acrylic; Elastane; Polyamide; Alpaca,,Acrylic,32.99,/242/64/227305_RD_1,,info,IMG_FILE_MISSING;SALES_MISSING,,,,
227314_BU,227314,Coat QUADROS Burgundy,_BU,Burgundy,Apparel,Coat,Woven,Goat Leather,,,149.99,/242/64/227314_BU_1,,info,IMG_FILE_MISSING,,,,
227314_CA,227314,Coat COWBOY Camel,_CA,Camel,Apparel,Coat,Woven,Goat Leather,,,149.99,/242/64/227314_CA_1,,info,IMG_FILE_MISSING;SALES_MISSING,,,,
227317_BK,227317,Coat IE Black,_BK,Black,Apparel,Coat,Woven,Viscose; Polyester; Wool; Polyester; Elastane,,,69.99,/242/64/227317_BK_1,,info,IMG_FILE_MISSING;SALES_MISSING,,,,
227321_BM,227321,Trousers UU Bright Multicolor,_BM,Bright Multicolor,Apparel,Trousers,Knit,Viscose; Polyamide,,,35.99,/242/64/227321_BM_1,,info,IMG_FILE_MISSING,,,,
227321_BN,227321,Trousers BETS Brown,_BN,Brown,Apparel,Trousers,Knit,Viscose; Polyamide,,Viscose,35.99,/242/64/227321_BN_1,,info,IMG_FILE_MISSING,,,,
227458_WT,227458,Jeans APP PRO White,_WT,White,Apparel,Jeans,Woven,Cotton,,,32.99,/242/64/227458_WT_1,,info,IMG_FILE_MISSING,,,,
227496_CA,227496,Shorts QUADROS Camel,_CA,Camel,Apparel,Shorts,Woven,Goat Leather; Polyester,,Leather,89.99,/242/64/227496_CA_1,,info,IMG_FILE_MISSING,,,,
227632_BK,227632,Trousers UB Black,_BK,Black,Apparel,Trousers,Knit,Polyamide; Viscose,,Viscose,35.99,/242/64/227632_BK_1,,info,IMG_FILE_MISSING,,,,
227632_BU,227632,Trousers UB Burgundy,_BU,Burgundy,Apparel,Trousers,Knit,Viscose; Polyamide,,Viscose,35.99,/242/64/227632_BU_1,,info,IMG_FILE_MISSING,,,,
227683_BL,227683,Sweater QUADROS Blue,_BL,Blue,Apparel,Sweater,Knit,Wool,,,32.99,/242/64/227683_BL_1,,info,IMG_FILE_MISSING,,,,
227683_OW,227683,Sweater QUADROS Off White,_OW,Off White,Apparel,Sweater,Knit,Wool,,Wool,32.99,/242/64/227683_OW_1,,info,IMG_FILE_MISSING,,,,
227683_RD,227683,Sweater QUADROS Red,_RD,Red,Apparel,Sweater,Knit,Wool,,,32.99,/242/64/227683_RD_1,,info,IMG_FILE_MISSING,,,,
227686_GY,227686,Sweater gg Grey,_GY,Grey,Apparel,Sweater,Knit,Acrylic; Polyamide; Wool; Polyester; Lyocell; Viscose,,Polyester,45.99,/242/64/227686_GY_1,,info,IMG_FILE_MISSING,,,,
227773_BK,227773,Cardigan B3 NOVEMBRO Black,_BK,Black,Apparel,Cardigan,Knit,Cotton; Acrylic; Polyester,,Acrylic,69.99,/242/64/227773_BK_1,,info,IMG_FILE_MISSING;SALES_MISSING,,,,
227885_BK,227885,Cardigan TUBR Black,_BK,Black,Apparel,Cardigan,Knit,Viscose; Polyamide,,,35.99,/242/64/227885_BK_1,,info,IMG_FILE_MISSING,,,,
227885_BM,227885,Cardigan TUBR Bright Multicolor,_BM,Bright Multicolor,Apparel,Cardigan,Knit,Viscose; Polyamide,,,35.99,/242/64/227885_BM_1,,info,IMG_FILE_MISSING,,,,
227888_BM,227888,Dress TUBR Bright Multicolor,_BM,Bright Multicolor,Apparel,Dress,Knit,Polyamide; Viscose,,,42.99,/242/64/227888_BM_1,,info,IMG_FILE_MISSING,,,,
228068_BL,228068,Sweater C3 NOV Blue,_BL,Blue,Apparel,Sweater,Knit,recycled polyester; Elastane; Polyester; Wool; Polyamide,,Recycled Polyester,32.99,/242/64/228068_BL_1,,info,IMG_FILE_MISSING;SALES_MISSING,,,,
228068_EC,228068,Sweater C3 NOV Ecru,_EC,Ecru,Apparel,Sweater,Knit,Polyester; recycled polyester; Wool; Elastane; Polyamide,,Recycled Polyester,32.99,/242/64/228068_EC_1,,info,IMG_FILE_MISSING;SALES_MISSING,,,,
228132_EC,228132,Coat outu Ecru,_EC,Ecru,Apparel,Coat,Woven,Polyester,,Polyester,69.99,/242/64/228132_EC_1,,info,IMG_FILE_MISSING,,,,
228190_BK,228190,Sweater T1 ESSENTIALS Black,_BK,Black,Apparel,Sweater,Knit,Polyester; Acrylic,,,29.99,/242/64/228190_BK_1,,info,IMG_FILE_MISSING;SALES_MISSING,,,,
228688_BM,228688,Sweater COWBOY Bright Multicolor,_BM,Bright Multicolor,Apparel,Sweater,Knit,Viscose,,Viscose,23.99,/242/64/228688_BM_1,,info,IMG_FILE_MISSING;SALES_MISSING,,,,
228733_BN,228733,Trousers B5 NOVEMBRO Brown,_BN,Brown,Apparel,Trousers,Knit,Acrylic; Polyester; Elastane; Wool,,Polyester,29.99,/242/64/228733_BN_2y,,info,IMG_FILE_MISSING;SALES_MISSING,,,,
228733_EC,228733,Trousers B5 NOVEMBRO Ecru,_EC,Ecru,Apparel,Trousers,Knit,Elastane; Polyester; Acrylic; Wool,,Polyester,29.99,/242/64/228733_EC_2y,,info,IMG_FILE_MISSING;SALES_MISSING,,,,
228733_GY,228733,Trousers B5 NOVEMBRO Grey,_GY,Grey,Apparel,Trousers,Knit,Elastane; Polyester; Acrylic; Wool,,Polyester,29.99,/242/64/228733_GY_2y,,info,IMG_FILE_MISSING;SALES_MISSING,,,,
228749_BM,228749,Dress C2 NOVEMBRO Bright Multicolor,_BM,Bright Multicolor,Apparel,Dress,Woven,Viscose; Polyester,,Viscose,49.99,/242/64/228749_BM_1,,info,IMG_FILE_MISSING;SALES_MISSING,,,,
229482_BK,229482,Coat BETS Black,_BK,Black,Apparel,Coat,Woven,Polyester; Polyester,,Polyester,59.99,/242/64/229482_BK_1,,info,IMG_FILE_MISSING;SALES_MISSING,,,,
229487_IG,229487,Coat C3 NOV Indigo,_IG,Indigo,Apparel,Coat,Woven,Cotton,,,42.99,/242/64/229487_IG_2y,,info,IMG_FILE_MISSING;SALES_MISSING,,,,
230078_BM,230078,Trousers TRENDY Bright Multicolor,_BM,Bright Multicolor,Apparel,Trousers,Circular,Elastane; Polyester; Polyester,,Polyester,23.99,/242/64/230078_BM_1,,info,IMG_FILE_MISSING;SALES_MISSING,,,,
226996_BK,226996,Ballerinas PARTY BALLERINA Black,_BK,Black,Footwear,Ballerinas,Textile,Rubber; Polyester; Polyester; Polyester; Polyurethane; Polyurethane,,,29.99,/242/53/226996_BK_2y,,info,IMG_FILE_MISSING;SALES_MISSING,,,,
227119_BK,227119,Boots PARTY BOOTS Black,_BK,Black,Footwear,Boots,PU,Polyurethane; Polyurethane; Rubber; Polyester; Polyester,,,35.99,/242/53/227119_BK_1,,info,IMG_FILE_MISSING;SALES_MISSING,,,,
227119_SV,227119,Boots PARTY BOOTS Silver,_SV,Silver,Footwear,Boots,PU,Rubber; Polyester; Polyurethane; Polyester; Polyurethane,,,35.99,/242/53/227119_SV_1,,info,IMG_FILE_MISSING;SALES_MISSING,,,,
214585_BK,214585,Tote Bag CAMI 2 Black,_BK,Black,Hand Bag,Tote,Animal Embossed PU,Polyester; Polyester; Polyurethane; Polyurethane; Polyester,,,25.99,/241/54/214585_BK_1,,info,IMG_FILE_MISSING,,,,
214585_EC,214585,Tote Bag CAMI 2 Ecru,_EC,Ecru,Hand Bag,Tote,Animal Embossed PU,Polyester; Polyester; Polyester; Polyurethane; Polyurethane,,,25.99,/241/54/214585_EC_1,,info,IMG_FILE_MISSING,,,,
214585_LL,214585,Tote Bag CAMI 2 Lilac,_LL,Lilac,Hand Bag,Tote,Animal Embossed PU,Polyester; Polyester; Polyester; Polyurethane; Polyurethane,,,25.99,/241/54/214585_LL_1,,info,IMG_FILE_MISSING,,,,
214585_LM,214585,Tote Bag CAMI 2 Lime,_LM,Lime,Hand Bag,Tote,Animal Embossed PU,Polyester; Polyester; Polyester; Polyurethane; Polyurethane,,,25.99,/241/54/214585_LM_1,,info,IMG_FILE_MISSING,,,,
214602_BG,214602,Computer Hand Bag CAMI 1 Beige,_BG,Beige,Hand Bag,Computer Hand Bag,Patchwork,Polyester; Polyester; Polyester; Polyurethane; Polyurethane; Polyurethane,,,32.99,/241/54/214602_BG_1,,info,IMG_FILE_MISSING,,,,
214602_BK,214602,Computer Hand Bag CAMI 2 Black,_BK,Black,Hand Bag,Computer Hand Bag,Patchwork,Polyester; Polyester; Polyester; Polyurethane; Polyurethane; Polyurethane,,,32.99,/241/54/214602_BK_1,,info,IMG_FILE_MISSING,,,,
214607_KK,214607,Backpack CAMI 1 Khaki,_KK,Khaki,Hand Bag,Backpack,Printed PU,Polyester; Polyurethane; Polyurethane,,,27.99,/241/54/214607_KK_1,,info,IMG_FILE_MISSING,,,,
225077_BL,225077,Sac SCOTS3 Blue,_BL,Blue,Hand Bag,Sac,Fantasy Fabric,Polyester; Polyester,Silver,,39.99,/242/54/225077_BL_1,,info,IMG_FILE_MISSING,,,,
225077_YL,225077,Sac SCOTS3 Yellow,_YL,Yellow,Hand Bag,Sac,Fantasy Fabric,Polyester; Polyester,Silver,,39.99,/242/54/225077_YL_1,,info,IMG_FILE_MISSING,,,,
225125_BN,225125,Sac LEOPARD CAPSULE Brown,_BN,Brown,Hand Bag,Sac,Printed Nylon,Polyester; Polyurethane; Polyester,Silver,,25.99,/242/54/225125_BN_1,,info,IMG_FILE_MISSING,,,,
225149_BK,225149,Crossbody Bag COLLAGE2 Black,_BK,Black,Hand Bag,Cross,Peach PU,Polyurethane; Polyester; Polyurethane,Silver,,25.99,/242/54/225149_BK_1,,info,IMG_FILE_MISSING,,,,
225149_BN,225149,Crossbody Bag COLLAGE2 Brown,_BN,Brown,Hand Bag,Cross,Peach PU,Polyurethane; Polyester; Polyurethane,Silver,,25.99,/242/54/225149_BN_1,,info,IMG_FILE_MISSING,,,,
225149_TU,225149,Crossbody Bag COLLAGE2 Taupe,_TU,Taupe,Hand Bag,Cross,Peach PU,Polyester; Polyurethane; Polyurethane,Silver,,25.99,/242/54/225149_TU_1,,info,IMG_FILE_MISSING,,,,
225501_CA,225501,Bucket Bag WESTERN2 Camel,_CA,Camel,Hand Bag,Bucket,Real Suede,Cow Suede Leather,Silver,,45.99,/242/54/225501_CA_1,,info,IMG_FILE_MISSING;SALES_MISSING,,,,
225501_MD,225501,Bucket Bag WESTERN2 Mustard,_MD,Mustard,Hand Bag,Bucket,Real Suede,Cow Suede Leather,Silver,,45.99,/242/54/225501_MD_1,,info,IMG_FILE_MISSING;SALES_MISSING,,,,
225643_DM,225643,Shoulder Bag COLLAGE2 Dark Multicolor,_DM,Dark Multicolor,Hand Bag,Shoulder Bag,Printed Nylon,Polyester; Polyurethane; Polyurethane; Polyester,,,25.99,/242/54/225643_DM_1,,info,IMG_FILE_MISSING,,,,
225653_BK,225653,Shoulder Bag SCOTS3 Black,_BK,Black,Hand Bag,Shoulder Bag,Real Suede,Cow Suede Leather; Polyester; Polyurethane,,,39.99,/242/54/225653_BK_1,,info,IMG_FILE_MISSING,,,,
225653_BN,225653,Shoulder Bag SCOTS3 Brown,_BN,Brown,Hand Bag,Shoulder Bag,Real Suede,Polyester; Cow Suede Leather; Polyurethane,,,39.99,/242/54/225653_BN_1,,info,IMG_FILE_MISSING,,,,
225653_RD,225653,Shoulder Bag SCOTS3 Red,_RD,Red,Hand Bag,Shoulder Bag,Real Suede,Cow Suede Leather; Polyester; Polyurethane,,,39.99,/242/54/225653_RD_1,,info,IMG_FILE_MISSING,,,,
226085_CA,226085,Shopper Bag CORBATERO1 Camel,_CA,Camel,Hand Bag,Shopper,Printed PU,Polyurethane; Polyurethane; Polyester; Polyurethane,,,27.99,/242/54/226085_CA_1,,info,IMG_FILE_MISSING,,,,
226291_BK,226291,Crossbody Bag BROOKE Black,_BK,Black,Hand Bag,Cross,Plain PU,Polyurethane; Polyurethane; Polyester,,,27.99,/242/54/226291_BK_1,,info,IMG_FILE_MISSING,,,,
226291_EC,226291,Crossbody Bag BROOKE Ecru,_EC,Ecru,Hand Bag,Cross,Plain PU,Polyurethane; Polyurethane; Polyester,,,27.99,/242/54/226291_EC_1,,info,IMG_FILE_MISSING,,,,
226291_KK,226291,Crossbody Bag BROOKE Khaki,_KK,Khaki,Hand Bag,Cross,Plain PU,Polyurethane; Polyurethane; Polyester,,,27.99,/242/54/226291_KK_1,,info,IMG_FILE_MISSING,,,,
226318_KK,226318,Tote Bag BROOKE Khaki,_KK,Khaki,Hand Bag,Tote,Jacquard,Polyester; Polyester; Polyurethane; Polyester; Zinc; Polyurethane,,,27.99,/242/54/226318_KK_1,,info,IMG_FILE_MISSING,,,,
226447_BK,226447,Crossbody Bag PARKER Black,_BK,Black,Hand Bag,Cross,Nylon,Polyurethane; Polyurethane; Polyester; Polyester; Polyester,,,25.99,/242/54/226447_BK_1,,info,IMG_FILE_MISSING;SALES_MISSING,,,,
226447_CA,226447,Crossbody Bag PARKER Camel,_CA,Camel,Hand Bag,Cross,Nylon,Polyurethane; Polyurethane; Polyester; Polyester; Polyester,,,25.99,/242/54/226447_CA_1,,info,IMG_FILE_MISSING,,,,
226447_EC,226447,Crossbody Bag PARKER Ecru,_EC,Ecru,Hand Bag,Cross,Nylon,Polyurethane; Polyurethane; Polyester; Polyester; Polyester,,,25.99,/242/54/226447_EC_1,,info,IMG_FILE_MISSING,,,,
226451_BK,226451,Sac CORBATERO3 Black,_BK,Black,Hand Bag,Sac,Fantasy PU,Polyester; Polyurethane; Polyurethane; Polyester; Polyurethane,Silver,,29.99,/242/54/226451_BK_1,,info,IMG_FILE_MISSING,,,,
226451_BN,226451,Sac CORBATERO3 Brown,_BN,Brown,Hand Bag,Sac,Fantasy PU,Polyurethane; Polyurethane; Polyester; Polyurethane; Polyester,Silver,,29.99,/242/54/226451_BN_1,,info,IMG_FILE_MISSING,,,,
226454_BK,226454,Sac CORBATERO3 Black,_BK,Black,Hand Bag,Sac,Fantasy PU,Polyurethane; Polyester; Polyurethane; Polyester; Polyurethane,Silver,,25.99,/242/54/226454_BK_1,,info,IMG_FILE_MISSING,,,,
226454_BN,226454,Sac CORBATERO3 Brown,_BN,Brown,Hand Bag,Sac,Fantasy PU,Polyurethane; Polyurethane; Polyester; Polyester; Polyurethane,Silver,,25.99,/242/54/226454_BN_1,,info,IMG_FILE_MISSING,,,,
226454_EC,226454,Sac CORBATERO3 Ecru,_EC,Ecru,Hand Bag,Sac,Fantasy PU,Polyester; Polyurethane; Polyurethane; Polyurethane; Polyester,Silver,,25.99,/242/54/226454_EC_1,,info,IMG_FILE_MISSING,,,,
226454_GN,226454,Sac CORBATERO3 Green,_GN,Green,Hand Bag,Sac,Fantasy PU,Polyurethane; Polyurethane; Polyester; Polyester; Polyurethane,Silver,,25.99,/242/54/226454_GN_1,,info,IMG_FILE_MISSING,,,,
226454_PK,226454,Sac CORBATERO3 Pink,_PK,Pink,Hand Bag,Sac,Fantasy PU,Polyurethane; Polyurethane; Polyester; Polyurethane; Polyester,Silver,,25.99,/242/54/226454_PK_1,,info,IMG_FILE_MISSING,,,,
226521_BG,226521,Crossbody Bag BUKLEY Beige,_BG,Beige,Hand Bag,Cross,Plain PU,Polyester; Polyurethane; Polyester; Polyurethane,Light Golden,,25.99,/242/54/226521_BG_1,,info,IMG_FILE_MISSING,,,,
226521_BK,226521,Crossbody Bag BUKLEY Black,_BK,Black,Hand Bag,Cross,Plain PU,Polyester; Polyurethane; Polyurethane; Polyester,Light Golden,,25.99,/242/54/226521_BK_1,,info,IMG_FILE_MISSING,,,,
226521_EC,226521,Crossbody Bag BUKLEY Ecru,_EC,Ecru,Hand Bag,Cross,Plain PU,Polyurethane; Polyester; Polyester; Polyurethane,Light Golden,,25.99,/242/54/226521_EC_1,,info,IMG_FILE_MISSING,,,,
226521_PK,226521,Crossbody Bag BUKLEY Pink,_PK,Pink,Hand Bag,Cross,Plain PU,Polyester; Polyurethane; Polyester; Polyurethane,Light Golden,,25.99,/242/54/226521_PK_1,,info,IMG_FILE_MISSING;SALES_MISSING,,,,
226608_DM,226608,Shopper Bag COLLAGE2 Dark Multicolor,_DM,Dark Multicolor,Hand Bag,Shopper,Printed Nylon,Polyester; Polyester; Polyurethane,Silver,,29.99,/242/54/226608_DM_1,,info,IMG_FILE_MISSING,,,,
226751_BG,226751,Shopper Bag WESTERN3 Beige,_BG,Beige,Hand Bag,Shopper,Fantasy Fabric,Polyurethane; Cotton; Polyester; Polyester; Cotton,,,25.99,/242/54/226751_BG_1,,info,IMG_FILE_MISSING,,,,
226751_GN,226751,Shopper Bag WESTERN3 Green,_GN,Green,Hand Bag,Shopper,Fantasy Fabric,Polyester; Polyurethane; Polyester; Cotton; Cotton,,,25.99,/242/54/226751_GN_1,,info,IMG_FILE_MISSING;SALES_MISSING,,,,
226751_RD,226751,Shopper Bag WESTERN3 Red,_RD,Red,Hand Bag,Shopper,Fantasy Fabric,Cotton; Polyester; Cotton; Polyester; Polyurethane,,,25.99,/242/54/226751_RD_1,,info,IMG_FILE_MISSING;SALES_MISSING,,,,
226799_BK,226799,Tote Bag WINTER MAORI Black,_BK,Black,Hand Bag,Tote,Peach PU,Polyester; Polyurethane; Polyurethane; Polyurethane,Silver,,25.99,/242/54/226799_BK_1,,info,IMG_FILE_MISSING;SALES_MISSING,,,,
226799_TU,226799,Tote Bag WINTER MAORI Taupe,_TU,Taupe,Hand Bag,Tote,Peach PU,Polyurethane; Polyester; Polyurethane; Polyurethane,Silver,,25.99,/242/54/226799_TU_1,,info,IMG_FILE_MISSING;SALES_MISSING,,,,
226917_BU,226917,Backpack LEO3 Burgundy,_BU,Burgundy,Hand Bag,Backpack,Fantasy Fabric,Cotton; Polyester; Thermoplastic Polyurethane; Polyester,,,59.99,/242/54/226917_BU_1,,info,IMG_FILE_MISSING,,,,
227931_WT,227931,Shopper Bag COWBOY White,_WT,White,Hand Bag,Shopper,Leather,Goat Leather; Cow Leather; Goat Leather; Cow Leather,Silver,,99.99,/242/54/227931_WT_1,,info,IMG_FILE_MISSING;SALES_MISSING,,,,
214557_BK,214557,Earring ECLIPSE Black,_BK,Black,Jewellery,Earrings,Hoop Earrings,Enamel; Zinc,Golden,,7.99,/232/52/214557_BK_1,,info,IMG_FILE_MISSING,,,,
214571_BK,214571,Ring ECLIPSE Black,_BK,Black,Jewellery,Rings,Fantasy,Resin; Zinc,Golden,,6.99,/232/52/214571_BK_1,,info,IMG_FILE_MISSING,,,,
214580_MI,214580,Necklace Moonlight azure Midnight Blue,_MI,Midnight Blue,Jewellery,Necklaces,Choker,Iron; Velvet,Other,,10.99,/232/52/214580_MI_1,,info,IMG_FILE_MISSING,,,,
214595_GD,214595,Earring GLDN DEL Gold,_GD,Gold,Jewellery,Earrings,Dangle,Brass; Iron,Golden,,7.99,/232/52/214595_GD_1,,info,IMG_FILE_MISSING,,,,
214610_DM,214610,Earring TREND Dark Multicolor,_DM,Dark Multicolor,Jewellery,Earrings,Dangle,Glass; Iron; Zamac,Other,,12.99,/232/52/214610_DM_1,,info,IMG_FILE_MISSING,,,,
214628_OR,214628,Earring TREND Orange,_OR,Orange,Jewellery,Earrings,Stud,Glass; Iron,Other,,9.99,/232/52/214628_OR_1,,info,IMG_FILE_MISSING,,,,
214638_BM,214638,Earring TREND Bright Multicolor,_BM,Bright Multicolor,Jewellery,Earrings,Dangle,Brass; Glass,Black Nikel,,12.99,/232/52/214638_BM_1,,info,IMG_FILE_MISSING,,,,
214646_BM,214646,Earring CANICHE CAMPAIGN Bright Multicolor,_BM,Bright Multicolor,Jewellery,Earrings,Ear Cuff,Zinc,Golden,,15.99,/232/52/214646_BM_1,,info,IMG_FILE_MISSING,,,,
214662_SV,214662,Earring TREND Silver,_SV,Silver,Jewellery,Earrings,Dangle,Brass; Glass,Silver,,12.99,/232/52/214662_SV_1,,info,IMG_FILE_MISSING,,,,
216729_GD,216729,Ring GOLD PLATED COLLECTION Gold,_GD,Gold,Jewellery,Rings,Band Ring,Copper; Zirconium,Gold Plated,,17.99,/241/52/216729_GD_1,,info,IMG_FILE_MISSING,,,,
216738_GD,216738,Jewellery GOLD PLATED COLLECTION Gold,_GD,Gold,Jewellery,Charms,Symbol,Brass; Stone,Gold Plated,,15.99,/241/52/216738_GD_1,,info,IMG_FILE_MISSING,,,,
224263_LL,224263,Earring MONETT Lilac,_LL,Lilac,Jewellery,Earrings,Stud,Iron; Resin,Golden,,5.99,/242/52/224263_LL_1,224263_LL_1.jpg,info,SALES_MISSING,,,,
224307_GN,224307,Ring MONETT Green,_GN,Green,Jewellery,Rings,Cocktail,Resin; Zinc,Golden,,5.99,/242/52/224307_GN_1,224307_GN_1.jpg,info,SALES_MISSING,,,,
224309_HM,224309,Ring MONETT Halftone Multicolor,_HM,Halftone Multicolor,Jewellery,Rings,Cocktail,Zinc; Enamel; Cork,Golden,,4.99,/242/52/224309_HM_1,224309_HM_1.jpg,info,SALES_MISSING,,,,
224409_HM,224409,Necklace MONETT Halftone Multicolor,_HM,Halftone Multicolor,Jewellery,Necklaces,Bib Necklace,Acrylic; Thermoplastic Polyurethane; Brass; Zinc; Iron; Cork,Golden,,12.99,/242/52/224409_HM_1,224409_HM_1.jpg,info,SALES_MISSING,,,,
225067_BL,225067,Earring ATMOSPHERE Blue,_BL,Blue,Jewellery,Earrings,Hoop Earrings,Zinc; Cork; Acrylic; Iron,Rodhium,,7.99,/242/52/225067_BL_1,,info,IMG_FILE_MISSING,,,,
225168_SV,225168,Earring SILVER BASICS Silver,_SV,Silver,Jewellery,Earrings,Clip Earrings,Brass; Zinc,Rodhium,,8.99,/242/52/225168_SV_1,,info,IMG_FILE_MISSING,,,,
225178_SV,225178,Earring SILVER BASICS Silver,_SV,Silver,Jewellery,Earrings,Hoop Earrings,Thermoplastic Polyurethane,Rodhium,,5.99,/242/52/225178_SV_1,,info,IMG_FILE_MISSING,,,,
225225_GD,225225,Necklace NEW CLASSIC Gold,_GD,Gold,Jewellery,Necklaces,Chain,Iron,Golden,,15.99,/242/52/225225_GD_1,,info,IMG_FILE_MISSING,,,,
225231_GD,225231,Ring NEW CLASSIC Gold,_GD,Gold,Jewellery,Rings,Band Ring,Zinc; Acrylic,Cooper,,4.99,/242/52/225231_GD_1,,info,IMG_FILE_MISSING,,,,
225239_WT,225239,Necklace NEW CLASSIC White,_WT,White,Jewellery,Necklaces,Choker,Cork; Iron; Thermoplastic Polyurethane,Golden,,15.99,/242/52/225239_WT_1,,info,IMG_FILE_MISSING,,,,
225244_GD,225244,Earring NEW CLASSIC Gold,_GD,Gold,Jewellery,Earrings,Hoop Earrings,Brass; Acrylic; Iron; Cork,,,9.99,/242/52/225244_GD_1,,info,IMG_FILE_MISSING,,,,
225248_WT,225248,Earring NEW CLASSIC White,_WT,White,Jewellery,Earrings,Hoop Earrings,Zinc; Acrylic; Cork,Golden,,5.99,/242/52/225248_WT_1,,info,IMG_FILE_MISSING,,,,
225258_PE,225258,Earring NEW CLASSIC Pearl,_PE,Pearl,Jewellery,Earrings,Hoop Earrings,Cork; Acrylic; Zinc,Golden,,5.99,/242/52/225258_PE_1,,info,IMG_FILE_MISSING,,,,
225268_WT,225268,Set of Bracelets NEW CLASSIC White,_WT,White,Jewellery,Bracelets,Elastic Bracelet,Cork; Acrylic; Copper; Thermoplastic Polyurethane; Iron,Golden,,7.99,/242/52/225268_WT_1,,info,IMG_FILE_MISSING,,,,
225278_WT,225278,Ring NEW CLASSIC White,_WT,White,Jewellery,Rings,Cocktail,Cork; Acrylic; Iron,Golden,,4.99,/242/52/225278_WT_1,,info,IMG_FILE_MISSING,,,,
225286_WT,225286,Earring NEW CLASSIC White,_WT,White,Jewellery,Earrings,Ear Jacket,Cork; Acrylic; Copper,Golden,,5.99,/242/52/225286_WT_1,,info,IMG_FILE_MISSING,,,,
225506_PE,225506,Necklace NEW CLASSIC Pearl,_PE,Pearl,Jewellery,Necklaces,Beaded Necklace,Thermoplastic Polyurethane; Cork,Other,,15.99,/242/52/225506_PE_1,,info,IMG_FILE_MISSING,,,,
225512_GD,225512,Set of Earrings NEW CLASSIC Gold,_GD,Gold,Jewellery,Earrings,Hoop Earrings,Cork; Thermoplastic Polyurethane; Iron; Zinc,,,8.99,/242/52/225512_GD_1,,info,IMG_FILE_MISSING,,,,
225536_GD,225536,Ring Golden Basics Gold,_GD,Gold,Jewellery,Rings,Cocktail,Cork; Zinc,Golden,,5.99,/242/52/225536_GD_1,,info,IMG_FILE_MISSING,,,,
225594_PM,225594,Earring MODERN STONES Pastel Multicolor,_PM,Pastel Multicolor,Jewellery,Earrings,Hoop Earrings,Brass; Iron; Stone; Resin,Golden,,7.99,/242/52/225594_PM_1,,info,IMG_FILE_MISSING,,,,
225640_PM,225640,Earring MODERN STONES Pastel Multicolor,_PM,Pastel Multicolor,Jewellery,Earrings,Hoop Earrings,Zinc; Enamel,Golden,,7.99,/242/52/225640_PM_1,,info,IMG_FILE_MISSING,,,,
225668_LK,225668,Earring MODERN STONES Light Pink,_LK,Light Pink,Jewellery,Earrings,Stud,Stone; Zinc; Resin; Iron; Glass; Thermoplastic Polyurethane; Cork; Acrylic,,,9.99,/242/52/225668_LK_1,,info,IMG_FILE_MISSING,,,,
225672_HM,225672,Set of Bracelets MODERN STONES Halftone Multicolor,_HM,Halftone Multicolor,Jewellery,Bracelets,Elastic Bracelet,Zinc; Stone; Resin; Cork; Acrylic; Thermoplastic Polyurethane,Golden,,7.99,/242/52/225672_HM_1,,info,IMG_FILE_MISSING,,,,
225677_HM,225677,Set of Earrings MODERN STONES Halftone Multicolor,_HM,Halftone Multicolor,Jewellery,Earrings,Hoop Earrings,Zinc; Enamel; Stone; Thermoplastic Polyurethane; Cork,Golden,,8.99,/242/52/225677_HM_1,,info,IMG_FILE_MISSING,,,,
225683_LK,225683,Earring MODERN STONES Light Pink,_LK,Light Pink,Jewellery,Earrings,Hoop Earrings,Stone; Zinc; Cork,Golden,,7.99,/242/52/225683_LK_1,,info,IMG_FILE_MISSING,,,,
226211_PK,226211,Earring MODERN STONES Pink,_PK,Pink,Jewellery,Earrings,Drop,Cork; Brass; Thermoplastic Polyurethane,Golden,,7.99,/242/52/226211_PK_1,,info,IMG_FILE_MISSING,,,,
226219_IV,226219,Earring MODERN STONES Ivory,_IV,Ivory,Jewellery,Earrings,Hoop Earrings,Cork; Brass; Thermoplastic Polyurethane; Steel,Golden,,5.99,/242/52/226219_IV_1,,info,IMG_FILE_MISSING,,,,
226223_HM,226223,Set of Necklaces MODERN STONES Halftone Multicolor,_HM,Halftone Multicolor,Jewellery,Necklaces,Pendant,Cork; Stone; Brass; Polyester; Thermoplastic Polyurethane; Resin; Glass; Iron,Golden,,15.99,/242/52/226223_HM_1,,info,IMG_FILE_MISSING,,,,
226228_BL,226228,Bracelet MODERN STONES Blue,_BL,Blue,Jewellery,Bracelets,Cuff,Cork; Stone; Zinc,Golden,,6.99,/242/52/226228_BL_1,,info,IMG_FILE_MISSING,,,,
226288_HM,226288,Earring MODERN STONES Halftone Multicolor,_HM,Halftone Multicolor,Jewellery,Earrings,Dangle,Cork; Stone; Zinc,Golden,,8.99,/242/52/226288_HM_1,,info,IMG_FILE_MISSING,,,,
226293_PK,226293,Necklace MODERN STONES Pink,_PK,Pink,Jewellery,Necklaces,Pendant,Stone; Iron; Cork,Golden,,12.99,/242/52/226293_PK_1,,info,IMG_FILE_MISSING,,,,
226342_BU,226342,Earring WESTERNP Burgundy,_BU,Burgundy,Jewellery,Earrings,Stud,Acrylic; Zinc; Cork,Worn Gold,,9.99,/242/52/226342_BU_1,,info,IMG_FILE_MISSING,,,,
226348_BU,226348,Set of Earrings WESTERNP Burgundy,_BU,Burgundy,Jewellery,Earrings,Hoop Earrings,Zinc; Iron; Glass; Acrylic; Cork,Worn Gold,,8.99,/242/52/226348_BU_1,,info,IMG_FILE_MISSING,,,,
226353_BU,226353,Necklace WESTERNP Burgundy,_BU,Burgundy,Jewellery,Necklaces,Pendant,Stone; Zinc; Iron; Cork,Worn Gold,,12.99,/242/52/226353_BU_1,,info,IMG_FILE_MISSING,,,,
226359_SV,226359,Earring LIGHTNING BOLD Silver,_SV,Silver,Jewellery,Earrings,Ear Cuff,Zirconium; Brass; Cork,Silver,,12.99,/242/52/226359_SV_1,,info,IMG_FILE_MISSING;SALES_MISSING,,,,
226368_GD,226368,Earring LIGHTNING BOLD Gold,_GD,Gold,Jewellery,Earrings,Stud,Brass; Zirconium; Cork,Golden,,7.99,/242/52/226368_GD_1,,info,IMG_FILE_MISSING,,,,
226373_GD,226373,Earring LIGHTNING BOLD Gold,_GD,Gold,Jewellery,Earrings,Hoop Earrings,Cork; Glass; Zinc,Golden,,8.99,/242/52/226373_GD_1,,info,IMG_FILE_MISSING;SALES_MISSING,,,,
226378_GD,226378,Necklace LIGHTNING BOLD Gold,_GD,Gold,Jewellery,Necklaces,Collar,Cork; Glass; Iron,Golden,,15.99,/242/52/226378_GD_1,,info,IMG_FILE_MISSING,,,,
226380_SV,226380,Earring LIGHTNING BOLD Silver,_SV,Silver,Jewellery,Earrings,Dangle,Glass; Nylon; Zinc,Golden,,7.99,/242/52/226380_SV_1,,info,IMG_FILE_MISSING,,,,
226384_MI,226384,Earring NEPTUNE Midnight Blue,_MI,Midnight Blue,Jewellery,Earrings,Hoop Earrings,Stainless Steel; Acrylic; Zinc; Cork,Black Nikel,,7.99,/242/52/226384_MI_1,,info,IMG_FILE_MISSING;SALES_MISSING,,,,
226391_BG,226391,Earring WESTERNP Beige,_BG,Beige,Jewellery,Earrings,Dangle,Cork; Zinc; Resin,,,7.99,/242/52/226391_BG_1,,info,IMG_FILE_MISSING,,,,
226395_BU,226395,Ring WESTERNP Burgundy,_BU,Burgundy,Jewellery,Rings,Fantasy,Cork; Resin; Copper,Worn Gold,,7.99,/242/52/226395_BU_1,,info,IMG_FILE_MISSING,,,,
226399_GD,226399,Necklace WESTERNP Gold,_GD,Gold,Jewellery,Necklaces,Beaded Necklace,Iron; Zinc; Cork,Worn Gold,,15.99,/242/52/226399_GD_1,,info,IMG_FILE_MISSING,,,,
226405_BU,226405,Earring WESTERNP Burgundy,_BU,Burgundy,Jewellery,Earrings,Dangle,Brass; Zinc; Resin,Worn Gold,,7.99,/242/52/226405_BU_1,,info,IMG_FILE_MISSING,,,,
226425_BU,226425,Earring WESTERNP Burgundy,_BU,Burgundy,Jewellery,Earrings,Hoop Earrings,Enamel; Zinc,Worn Gold,,7.99,/242/52/226425_BU_1,,info,IMG_FILE_MISSING,,,,
226430_BU,226430,Earring WESTERNP Burgundy,_BU,Burgundy,Jewellery,Earrings,Dangle,Stone; Zinc,Worn Gold,,7.99,/242/52/226430_BU_1,,info,IMG_FILE_MISSING,,,,
226438_BU,226438,Bracelet WESTERNP Burgundy,_BU,Burgundy,Jewellery,Bracelets,Non-Adjustable Bracelet,Iron; Cotton,Worn Gold,,15.99,/242/52/226438_BU_1,,info,IMG_FILE_MISSING,,,,
226473_GD,226473,Earring LIGHTNING BOLD Gold,_GD,Gold,Jewellery,Earrings,Dangle,Cork; Brass; Zirconium,Golden,,15.99,/242/52/226473_GD_1,,info,IMG_FILE_MISSING;SALES_MISSING,,,,
226479_GD,226479,Ring LIGHTNING BOLD Gold,_GD,Gold,Jewellery,Rings,Cocktail,Cork; Zirconium; Glass; Zinc,,,9.99,/242/52/226479_GD_1,,info,IMG_FILE_MISSING,,,,
226484_SV,226484,Ring LIGHTNING BOLD Silver,_SV,Silver,Jewellery,Rings,Cocktail,Acrylic; Zirconium; Brass,Silver,,7.99,/242/52/226484_SV_1,,info,IMG_FILE_MISSING,,,,
226489_SV,226489,Earring LIGHTNING BOLD Silver,_SV,Silver,Jewellery,Earrings,Hoop Earrings,Brass; Zirconium,Golden,,5.99,/242/52/226489_SV_1,,info,IMG_FILE_MISSING,,,,
226495_GD,226495,Earring LIGHTNING BOLD Gold,_GD,Gold,Jewellery,Earrings,Hoop Earrings,Cork; Zirconium; Brass,Golden,,7.99,/242/52/226495_GD_1,,info,IMG_FILE_MISSING,,,,
226500_GD,226500,Earring LIGHTNING BOLD Gold,_GD,Gold,Jewellery,Earrings,Stud,Glass; Zinc,Golden,,7.99,/242/52/226500_GD_1,,info,IMG_FILE_MISSING;SALES_MISSING,,,,
226509_GD,226509,Necklace Golden Basics Gold,_GD,Gold,Jewellery,Necklaces,Bib Necklace,Brass; Cow Leather; Iron; Cork,Golden,,19.99,/242/52/226509_GD_1,,info,IMG_FILE_MISSING,,,,
226519_SV,226519,Necklace LIGHTNING BOLD Silver,_SV,Silver,Jewellery,Necklaces,Chain,Glass; Iron; Brass; Cork,Silver,,12.99,/242/52/226519_SV_1,,info,IMG_FILE_MISSING,,,,
226526_SV,226526,Earring LIGHTNING BOLD Silver,_SV,Silver,Jewellery,Earrings,Stud,Glass; Zinc; Cotton,Silver,,15.99,/242/52/226526_SV_1,,info,IMG_FILE_MISSING,,,,
226530_MI,226530,Ring NEPTUNE Midnight Blue,_MI,Midnight Blue,Jewellery,Rings,Cocktail,Enamel; Glass; Zinc,Black Nikel,,7.99,/242/52/226530_MI_1,,info,IMG_FILE_MISSING,,,,
226562_MI,226562,Earring NEPTUNE Midnight Blue,_MI,Midnight Blue,Jewellery,Earrings,Clip Earrings,Iron; Thermoplastic Polyurethane,Black Nikel,,12.99,/242/52/226562_MI_1,,info,IMG_FILE_MISSING,,,,
226645_MI,226645,Earring NEPTUNE Midnight Blue,_MI,Midnight Blue,Jewellery,Earrings,Hoop Earrings,Glass; Zinc,,,7.99,/242/52/226645_MI_1,,info,IMG_FILE_MISSING,,,,
226654_PE,226654,Necklace NEW CLASSIC Pearl,_PE,Pearl,Jewellery,Necklaces,Beaded Necklace,Acrylic,Other,,15.99,/242/52/226654_PE_1,,info,IMG_FILE_MISSING,,,,
226678_BM,226678,Bracelet ARM MATERA Bright Multicolor,_BM,Bright Multicolor,Jewellery,Bracelets,Adjustable Bracelet,Polyester; Brass,Worn Gold,,7.99,/242/52/226678_BM_1,,info,IMG_FILE_MISSING,,,,
226694_MI,226694,Earring NEPTUNE Midnight Blue,_MI,Midnight Blue,Jewellery,Earrings,Drop,Glass; Zinc; Cork,Black Nikel,,8.99,/242/52/226694_MI_1,,info,IMG_FILE_MISSING,,,,
226705_SV,226705,Necklace NEPTUNE Silver,_SV,Silver,Jewellery,Necklaces,Y-Necklace,Cork; Glass; Copper,Black Nikel,,12.99,/242/52/226705_SV_1,,info,IMG_FILE_MISSING,,,,
226710_SV,226710,Necklace NEPTUNE Silver,_SV,Silver,Jewellery,Necklaces,Beaded Necklace,Brass; Glass; Cork,Black Nikel,,12.99,/242/52/226710_SV_1,,info,IMG_FILE_MISSING,,,,
226716_MI,226716,Bracelet NEPTUNE Midnight Blue,_MI,Midnight Blue,Jewellery,Bracelets,Elastic Bracelet,Glass; Iron,,,9.99,/242/52/226716_MI_1,,info,IMG_FILE_MISSING,,,,
226877_DB,226877,Earring GALÁPAGOS Dark Brown,_DB,Dark Brown,Jewellery,Earrings,Hoop Earrings,Cork; Iron; Acrylic,Antik Golden,,7.99,/242/52/226877_DB_1,,info,IMG_FILE_MISSING,,,,
226884_GD,226884,Bracelet GALÁPAGOS Gold,_GD,Gold,Jewellery,Bracelets,Cuff,Cork; Zinc,Antik Golden,,12.99,/242/52/226884_GD_1,,info,IMG_FILE_MISSING,,,,
226892_DB,226892,Earring GALÁPAGOS Dark Brown,_DB,Dark Brown,Jewellery,Earrings,Stud,Acrylic; Zinc; Thermoplastic Polyurethane; Cork,Antik Golden,,7.99,/242/52/226892_DB_1,,info,IMG_FILE_MISSING,,,,
226897_GD,226897,Earring GALÁPAGOS Gold,_GD,Gold,Jewellery,Earrings,Stud,Zinc; Cork,Antik Golden,,5.99,/242/52/226897_GD_1,,info,IMG_FILE_MISSING,,,,
226931_SV,226931,Ring SILVER BASICS Silver,_SV,Silver,Jewellery,Rings,Band Ring,Cork; Zinc,Rodhium,,4.99,/242/52/226931_SV_1,,info,IMG_FILE_MISSING;SALES_MISSING,,,,
226941_GD,226941,Bracelet Golden Basics Gold,_GD,Gold,Jewellery,Bracelets,Cuff,Cork; Zinc; Iron,Burnish Golden,,12.99,/242/52/226941_GD_1,,info,IMG_FILE_MISSING,,,,
226969_OG,226969,Ring GALÁPAGOS Old Gold,_OG,Old Gold,Jewellery,Rings,Fantasy,Cork; Thermoplastic Polyurethane,Antik Golden,,6.99,/242/52/226969_OG_1,,info,IMG_FILE_MISSING,,,,
226974_FG,226974,Earring GALÁPAGOS Forest Green,_FG,Forest Green,Jewellery,Earrings,Dangle,Cork; Thermoplastic Polyurethane; Zinc,Antik Golden,,5.99,/242/52/226974_FG_1,,info,IMG_FILE_MISSING,,,,
226979_DM,226979,Earring GALÁPAGOS Dark Multicolor,_DM,Dark Multicolor,Jewellery,Earrings,Dangle,Cork; Iron; Thermoplastic Polyurethane; Zinc; Resin,,,9.99,/242/52/226979_DM_1,,info,IMG_FILE_MISSING,,,,
227002_BL,227002,Necklace QUADROS Blue,_BL,Blue,Jewellery,Necklaces,Collar,Cork; Iron; Resin; Zinc,Rodhium,,32.99,/242/52/227002_BL_1,,info,IMG_FILE_MISSING,,,,
227002_BU,227002,Necklace QUADROS Burgundy,_BU,Burgundy,Jewellery,Necklaces,Collar,Cork; Iron; Zinc; Resin,Rodhium,,32.99,/242/52/227002_BU_1,,info,IMG_FILE_MISSING,,,,
227003_BK,227003,Earring QUADROS Black,_BK,Black,Jewellery,Earrings,Hoop Earrings,Cork; Copper; Resin; Iron,Rodhium,,17.99,/242/52/227003_BK_1,,info,IMG_FILE_MISSING,,,,
227009_SV,227009,Ring QUADROS Silver,_SV,Silver,Jewellery,Rings,Other Rings,Cork; Brass,Rodhium,,19.99,/242/52/227009_SV_1,,info,IMG_FILE_MISSING,,,,
227025_GD,227025,Ring Golden Basics Gold,_GD,Gold,Jewellery,Rings,Band Ring,Cork; Zinc,Golden,,6.99,/242/52/227025_GD_1,,info,IMG_FILE_MISSING,,,,
227030_DB,227030,Earring GALÁPAGOS Dark Brown,_DB,Dark Brown,Jewellery,Earrings,Stud,Cork; Resin; Zinc,Antik Golden,,5.99,/242/52/227030_DB_1,,info,IMG_FILE_MISSING,,,,
227035_DB,227035,Bracelet GALÁPAGOS Dark Brown,_DB,Dark Brown,Jewellery,Bracelets,Elastic Bracelet,Cork; Elastane; Resin,,,9.99,/242/52/227035_DB_1,,info,IMG_FILE_MISSING,,,,
227045_DM,227045,Bracelet GALÁPAGOS Dark Multicolor,_DM,Dark Multicolor,Jewellery,Bracelets,Bangle,Iron; Zinc; Resin; Cork,Antik Golden,,15.99,/242/52/227045_DM_1,,info,IMG_FILE_MISSING,,,,
227113_DM,227113,Earring NEOPOP Dark Multicolor,_DM,Dark Multicolor,Jewellery,Earrings,Hoop Earrings,Resin; Glass,Black Nikel,,8.99,/242/52/227113_DM_1,,info,IMG_FILE_MISSING,,,,
227151_DM,227151,Earring NEOPOP Dark Multicolor,_DM,Dark Multicolor,Jewellery,Earrings,Hoop Earrings,Cork; Enamel; Glass; Zinc,Black Nikel,,7.99,/242/52/227151_DM_1,,info,IMG_FILE_MISSING,,,,
227162_DM,227162,Necklace NEOPOP Dark Multicolor,_DM,Dark Multicolor,Jewellery,Necklaces,Beaded Necklace,Iron; Zinc; Resin; Cork,Black Nikel,,12.99,/242/52/227162_DM_1,,info,IMG_FILE_MISSING,,,,
227171_DM,227171,Ring NEOPOP Dark Multicolor,_DM,Dark Multicolor,Jewellery,Rings,Band Ring,Glass; Zinc; Cork,Black Nikel,,8.99,/242/52/227171_DM_1,,info,IMG_FILE_MISSING,,,,
227176_DM,227176,Ring NEOPOP Dark Multicolor,_DM,Dark Multicolor,Jewellery,Rings,Fantasy,Zinc; Glass; Acrylic; Cork,Rodhium,,7.99,/242/52/227176_DM_1,,info,IMG_FILE_MISSING,,,,
227191_DM,227191,Earring NEOPOP Dark Multicolor,_DM,Dark Multicolor,Jewellery,Earrings,Clip Earrings,Resin; Glass; Cork,Black Nikel,,5.99,/242/52/227191_DM_1,,info,IMG_FILE_MISSING,,,,
227193_BM,227193,Necklace NEOPOP Bright Multicolor,_BM,Bright Multicolor,Jewellery,Necklaces,Pendant,Glass; Polyester; Resin; Cork,Black Nikel,,12.99,/242/52/227193_BM_1,,info,IMG_FILE_MISSING,,,,
227193_DM,227193,Necklace NEOPOP Dark Multicolor,_DM,Dark Multicolor,Jewellery,Necklaces,Pendant,Polyester; Glass; Cork; Resin,Black Nikel,,12.99,/242/52/227193_DM_1,,info,IMG_FILE_MISSING,,,,
227200_DM,227200,Ring NEOPOP Dark Multicolor,_DM,Dark Multicolor,Jewellery,Rings,Cocktail,Thermoplastic Polyurethane; Cork,,,8.99,/242/52/227200_DM_1,,info,IMG_FILE_MISSING,,,,
227219_FU,227219,Earring NEOPOP Fuchsia,_FU,Fuchsia,Jewellery,Earrings,Stud,Glass; Zinc; Brass; Polymer; Acrylic,,,9.99,/242/52/227219_FU_1,,info,IMG_FILE_MISSING,,,,
227534_GD,227534,Bracelet Golden Basics Gold,_GD,Gold,Jewellery,Bracelets,Cuff,Cork; Iron,Golden,,12.99,/242/52/227534_GD_1,,info,IMG_FILE_MISSING,,,,
227997_HM,227997,Earring MONETT Halftone Multicolor,_HM,Halftone Multicolor,Jewellery,Earrings,Clip Earrings,Cork; Enamel; Zinc; Brass,Golden,,5.99,/242/52/227997_HM_1,,info,IMG_FILE_MISSING,,,,
228001_GD,228001,Earring Golden Basics Gold,_GD,Gold,Jewellery,Earrings,Clip Earrings,Brass; Zinc,Golden,,5.99,/242/52/228001_GD_1,,info,IMG_FILE_MISSING;SALES_MISSING,,,,
228007_BK,228007,Earring Milagro Black,_BK,Black,Jewellery,Earrings,Clip Earrings,Cork; Copper; Enamel; Zinc; Rubber,Golden,,5.99,/242/52/228007_BK_1,,info,IMG_FILE_MISSING,,,,
228013_BK,228013,Bracelet Milagro Black,_BK,Black,Jewellery,Bracelets,Elastic Bracelet,Cork; Zinc; Elastane; Glass,Golden,,6.99,/242/52/228013_BK_1,,info,IMG_FILE_MISSING;SALES_MISSING,,,,
228633_PE,228633,Ring NEW CLASSIC Pearl,_PE,Pearl,Jewellery,Rings,Band Ring,Acrylic; Copper; Iron; Cork,,,8.99,/242/52/228633_PE_2y,,info,IMG_FILE_MISSING,,,,
229397_SV,229397,Jewellery COWBOY Silver,_SV,Silver,Jewellery,Other Jewellery,Belly Chains,Iron; Acrylic; Cork,Silver,,39.99,/242/52/229397_SV_1,,info,IMG_FILE_MISSING;SALES_MISSING,,,,
229460_BM,229460,Necklace FUNNY COLLECTION Bright Multicolor,_BM,Bright Multicolor,Jewellery,Necklaces,Pendant,Stone; Cork; Iron; Glass,Golden,,29.99,/242/52/229460_BM_1,,info,IMG_FILE_MISSING;SALES_MISSING,,,,
229560_BM,229560,Necklace FUNNY COLLECTION Bright Multicolor,_BM,Bright Multicolor,Jewellery,Necklaces,Pendant,Nylon; Brass; Pearl; Iron; Crystal Glass,Golden,,49.99,/242/52/229560_BM_1,,info,IMG_FILE_MISSING;SALES_MISSING,,,,
214556_BK,214556,Wallet gina Black,_BK,Black,Wallet,Wallet,Plain PU,Polyester; Polyurethane; Polyurethane,,,17.99,/232/62/214556_BK_2y,,info,IMG_FILE_MISSING,,,,
214556_EC,214556,Wallet gina Ecru,_EC,Ecru,Wallet,Wallet,Plain PU,Polyester; Polyurethane; Polyurethane,,,17.99,/232/62/214556_EC_1,,info,IMG_FILE_MISSING,,,,
214611_KK,214611,Wallet CAMI 1 Khaki,_KK,Khaki,Wallet,Wallet,Printed PU,Polyester; Polyester; Polyester; Polyurethane; Polyurethane; Polyurethane; Thermoplastic Polyurethane,Silver,,17.99,/241/62/214611_KK_1,,info,IMG_FILE_MISSING,,,,
225489_KK,225489,Phone Holder BASIC OCTOBER Khaki,_KK,Khaki,Wallet,Phone Holder,Plain PU,Polyurethane; Thermoplastic Polyurethane; Polyurethane; Polyester,,,17.99,/242/62/225489_KK_1,,info,IMG_FILE_MISSING,,,,
225867_CA,225867,Wallet GLORIA Camel,_CA,Camel,Wallet,Wallet,Real Fur,Polyester; Cow Leather; Polyurethane,,,17.99,/242/62/225867_CA_1,,info,IMG_FILE_MISSING;SALES_MISSING,,,,
225944_CA,225944,Wallet GLORIA Camel,_CA,Camel,Wallet,Wallet,Plain PU,Polyester; Polyurethane; Thermoplastic Polyurethane; Polyurethane,,,12.99,/242/62/225944_CA_1,,info,IMG_FILE_MISSING,,,,
226557_BL,226557,Coin Purse COLLAGE3 Blue,_BL,Blue,Wallet,Coin Purse,Fake Fur,Polyester; Polyester; Polyurethane,,,12.99,/242/62/226557_BL_1,,info,IMG_FILE_MISSING,,,,
203729_OL,203729,Trousers ESSENTIALS T DISPLAY 1 Olive,_OL,Olive,Apparel,Trousers,Woven,Polyamide; Polyester; Viscose,,Viscose,29.99,/231/64/203729_OL_1,203729_OL_1.jpg,none,,,,,
206386_BU,206386,Trousers PRIESTLY Burgundy,_BU,Burgundy,Apparel,Trousers,Circular,Elastane; Modal; Polyester,,Modal,27.99,/231/64/206386_BU_1,206386_BU_1.jpg,none,,,,,
207600_DG,207600,Sweatshirt capsuleagosto Dark Grey,_DG,Dark Grey,Apparel,Sweatshirt,Circular,Cotton,,Cotton,29.99,/232/64/207600_DG_1,207600_DG_1.jpg,none,,,,,
207600_EC,207600,Sweatshirt capsuleagosto Ecru,_EC,Ecru,Apparel,Sweatshirt,Circular,Cotton,,Cotton,29.99,/232/64/207600_EC_1,207600_EC_1.jpg,none,,,,,
207865_BM,207865,Vest REPEAT Bright Multicolor,_BM,Bright Multicolor,Apparel,Vest,Woven,Cotton,,Cotton,29.99,/231/64/207865_BM_1,207865_BM_1.jpg,none,,,,,
208038_BG,208038,Dress ESSENTIALS T DISPLAY 1 Beige,_BG,Beige,Apparel,Dress,Woven,Lyocell,,Lyocell,29.99,/232/64/208038_BG_1,208038_BG_1.jpg,none,,,,,
208038_BK,208038,Dress BLACKWHITE Black,_BK,Black,Apparel,Dress,Woven,Lyocell,,Lyocell,29.99,/232/64/208038_BK_1,208038_BK_1.jpg,none,,,,,
208038_RD,208038,Dress ESSENTIALS T DISPLAY 1 Red,_RD,Red,Apparel,Dress,Woven,Lyocell,,Lyocell,29.99,/232/64/208038_RD_1,208038_RD_1.jpg,none,,,,,
208038_WT,208038,Dress ESSENTIALS T DISPLAY 1 White,_WT,White,Apparel,Dress,Woven,Lyocell,,Lyocell,29.99,/232/64/208038_WT_1,208038_WT_1.jpg,none,,,,,
208189_BM,208189,Trousers REPEAT Bright Multicolor,_BM,Bright Multicolor,Apparel,Trousers,Woven,Linen; Lyocell,,Lyocell,29.99,/231/64/208189_BM_1,208189_BM_1.jpg,none,,,,,
209638_BK,209638,Dress BLACKWHITE Black,_BK,Black,Apparel,Dress,Woven,Lyocell,,Lyocell,32.99,/232/64/209638_BK_1,209638_BK_1.jpg,none,,,,,
209638_BN,209638,Dress ESSENTIALS T DISPLAY 1 Brown,_BN,Brown,Apparel,Dress,Woven,Lyocell,,Lyocell,32.99,/232/64/209638_BN_1,209638_BN_1.jpg,none,,,,,
209638_FU,209638,Dress ESSENTIALS T DISPLAY 1 Fuchsia,_FU,Fuchsia,Apparel,Dress,Woven,Lyocell,,Lyocell,32.99,/232/64/209638_FU_1,209638_FU_1.jpg,none,,,,,
209638_TQ,209638,Dress ESSENTIALS T DISPLAY 1 Turquoise,_TQ,Turquoise,Apparel,Dress,Woven,Lyocell,,Lyocell,32.99,/232/64/209638_TQ_1,209638_TQ_1.jpg,none,,,,,
209638_WT,209638,Dress BLACKWHITE White,_WT,White,Apparel,Dress,Woven,Lyocell,,Lyocell,32.99,/232/64/209638_WT_1,209638_WT_1.jpg,none,,,,,
209698_EC,209698,Top PAULINE Ecru,_EC,Ecru,Apparel,Top,Woven,Cotton,,Cotton,22.99,/232/64/209698_EC_1,209698_EC_1.jpg,none,,,,,
209823_BM,209823,Shirt PAULINE Bright Multicolor,_BM,Bright Multicolor,Apparel,Shirt,Woven,Viscose,,Viscose,25.99,/232/64/209823_BM_1,209823_BM_1.jpg,none,,,,,
209828_BM,209828,Shirt LOVEBOX Bright Multicolor,_BM,Bright Multicolor,Apparel,Shirt,Woven,Cotton,,Cotton,22.99,/232/64/209828_BM_1,209828_BM_1.jpg,none,,,,,
209847_BG,209847,Dress LOVEBOX4 Beige,_BG,Beige,Apparel,Dress,Woven,Lyocell,,Lyocell,32.99,/232/64/209847_BG_1,209847_BG_1.jpg,none,,,,,
209884_BM,209884,Dress QUAN Bright Multicolor,_BM,Bright Multicolor,Apparel,Dress,Woven,Cotton,,Cotton,32.99,/232/64/209884_BM_1,209884_BM_1.jpg,none,,,,,
209884_NM,209884,Dress QUAN Neutral Multicolor,_NM,Neutral Multicolor,Apparel,Dress,Woven,Cotton,,Cotton,32.99,/232/64/209884_NM_1,209884_NM_1.jpg,none,,,,,
209905_DM,209905,Dress LOVEBOX3 Dark Multicolor,_DM,Dark Multicolor,Apparel,Dress,Woven,Viscose,,Viscose,29.99,/232/64/209905_DM_1,209905_DM_1.jpg,none,,,,,
210118_EC,210118,Jumpsuit LOVEBOX2 Ecru,_EC,Ecru,Apparel,Jumpsuit,Woven,Linen; Lyocell,,Lyocell,29.99,/232/64/210118_EC_1,210118_EC_1.jpg,none,,,,,
210256_BM,210256,Dress SKALLI Bright Multicolor,_BM,Bright Multicolor,Apparel,Dress,Woven,Modal,,Modal,27.99,/232/64/210256_BM_1,210256_BM_1.jpg,none,,,,,
210481_WT,210481,Dress KATELL White,_WT,White,Apparel,Dress,Woven,Viscose; Lyocell,,Viscose,39.99,/232/64/210481_WT_1,210481_WT_1.jpg,none,,,,,
210508_BM,210508,Shirt LOVEBOX2 Bright Multicolor,_BM,Bright Multicolor,Apparel,Shirt,Woven,Cotton,,Cotton,22.99,/232/64/210508_BM_1,210508_BM_1.jpg,none,,,,,
210797_BM,210797,Dress ESSENTIALS T DISPLAY 1 Bright Multicolor,_BM,Bright Multicolor,Apparel,Dress,Woven,Cotton; Cotton,,Cotton,25.99,/232/64/210797_BM_1,210797_BM_1.jpg,none,,,,,
210799_BG,210799,Shirt ESSENTIALS T DISPLAY 1 Beige,_BG,Beige,Apparel,Shirt,Woven,Cotton,,Cotton,22.99,/232/64/210799_BG_1,210799_BG_1.jpg,none,,,,,
210799_KK,210799,Shirt ESSENTIALS T DISPLAY 1 Khaki,_KK,Khaki,Apparel,Shirt,Woven,Cotton,,Cotton,22.99,/232/64/210799_KK_1,210799_KK_1.jpg,none,,,,,
210833_BK,210833,Dress ESSENTIALS T DISPLAY 1 Black,_BK,Black,Apparel,Dress,Circular,Cotton; Elastane,,Cotton,19.99,/232/64/210833_BK_1,210833_BK_1.jpg,none,,,,,
210833_GN,210833,Dress ESSENTIALS T DISPLAY 1 Green,_GN,Green,Apparel,Dress,Circular,Cotton; Elastane,,Cotton,19.99,/232/64/210833_GN_1,210833_GN_1.jpg,none,,,,,
210833_YL,210833,Dress ESSENTIALS T DISPLAY 1 Yellow,_YL,Yellow,Apparel,Dress,Circular,Cotton; Elastane,,Cotton,19.99,/232/64/210833_YL_1,210833_YL_1.jpg,none,,,,,
210846_EC,210846,Shirt LAB JUNHO Ecru,_EC,Ecru,Apparel,Shirt,Woven,Cotton,,Cotton,25.99,/232/64/210846_EC_1,210846_EC_1.jpg,none,,,,,
210903_BM,210903,Shirt KATELL Bright Multicolor,_BM,Bright Multicolor,Apparel,Shirt,Woven,Cotton,,Cotton,22.99,/232/64/210903_BM_1,210903_BM_1.jpg,none,,,,,
210922_BM,210922,T-shirt LOVEBOX3 Bright Multicolor,_BM,Bright Multicolor,Apparel,T-shirt,Circular,Cotton,,Cotton,19.99,/232/64/210922_BM_1,210922_BM_1.jpg,none,,,,,
210958_KK,210958,Dress SKALLI Khaki,_KK,Khaki,Apparel,Dress,Woven,Metallic Fiber; Modal,,Modal,32.99,/232/64/210958_KK_1,210958_KK_1.jpg,none,,,,,
211056_GN,211056,Raincoat NOTO Green,_GN,Green,Apparel,Raincoat,Woven,Cotton; Polyamide; Polyester,,Polyester,59.99,/232/64/211056_GN_1,211056_GN_1.jpg,none,,,,,
211308_SV,211308,Dress LAB JULHO Silver,_SV,Silver,Apparel,Dress,Woven,Polyamide; Polyester; Viscose,,Viscose,25.99,/232/64/211308_SV_1,211308_SV_1.jpg,none,,,,,
211377_BM,211377,Kimono ESSENTIALS T DISPLAY 1 Bright Multicolor,_BM,Bright Multicolor,Apparel,Kimono,Woven,Viscose,,Viscose,29.99,/232/64/211377_BM_1,211377_BM_1.jpg,none,,,,,
211447_BM,211447,Trousers TORANJA Bright Multicolor,_BM,Bright Multicolor,Apparel,Trousers,Woven,Organic Cotton,,Cotton,25.99,/232/64/211447_BM_1,211447_BM_1.jpg,none,,,,,
211464_DM,211464,Shirt NOTO Dark Multicolor,_DM,Dark Multicolor,Apparel,Shirt,Woven,Polyamide; Lyocell,,Lyocell,27.99,/232/64/211464_DM_1,211464_DM_1.jpg,none,,,,,
211498_DM,211498,Dress LAB JULHO Dark Multicolor,_DM,Dark Multicolor,Apparel,Dress,Woven,Viscose,,Viscose,49.99,/232/64/211498_DM_1,211498_DM_1.jpg,none,,,,,
211504_DG,211504,Skirt LAB JULHO Dark Grey,_DG,Dark Grey,Apparel,Skirt,Woven,Polyester; Viscose; Wool,,Lyocell,59.99,/232/64/211504_DG_1,211504_DG_1.jpg,none,,,,,
211579_BM,211579,Dress CAPRI 2 Bright Multicolor,_BM,Bright Multicolor,Apparel,Dress,Woven,Elastane; Elastane; Polyester; Polyester,,Polyester,29.99,/232/64/211579_BM_1,211579_BM_1.jpg,none,,,,,
211650_GN,211650,Sweater LAB JUNHO Green,_GN,Green,Apparel,Sweater,Knit,Acrylic; Cotton,,Cotton,29.99,/232/64/211650_GN_1,211650_GN_1.jpg,none,,,,,
211704_GN,211704,Dress LAB JUNHO Green,_GN,Green,Apparel,Dress,Woven,Viscose,,Viscose,49.99,/232/64/211704_GN_1,211704_GN_1.jpg,none,,,,,
211711_BK,211711,Dress BLACKWHITE Black,_BK,Black,Apparel,Dress,Circular,Polyamide; Viscose,,Viscose,22.99,/232/64/211711_BK_1,211711_BK_1.jpg,none,,,,,
211711_BL,211711,Dress ESSENTIALS T DISPLAY 1 Blue,_BL,Blue,Apparel,Dress,Circular,Polyamide; Viscose,,Viscose,22.99,/232/64/211711_BL_1,211711_BL_1.jpg,none,,,,,
211711_FU,211711,Dress ESSENTIALS T DISPLAY 1 Fuchsia,_FU,Fuchsia,Apparel,Dress,Circular,Polyamide; Viscose,,Viscose,22.99,/232/64/211711_FU_1,211711_FU_1.jpg,none,,,,,
211711_GN,211711,Dress ESSENTIALS T DISPLAY 1 Green,_GN,Green,Apparel,Dress,Circular,Polyamide; Viscose,,Viscose,22.99,/232/64/211711_GN_1,211711_GN_1.jpg,none,,,,,
211784_BM,211784,Dress TORANJA Bright Multicolor,_BM,Bright Multicolor,Apparel,Dress,Woven,Modal,,Modal,29.99,/232/64/211784_BM_1,211784_BM_1.jpg,none,,,,,
211911_BK,211911,T-shirt BLACKWHITE Black,_BK,Black,Apparel,T-shirt,Circular,Cotton,,Cotton,15.99,/232/64/211911_BK_1,211911_BK_1.jpg,none,,,,,
211911_WT,211911,T-shirt BLACKWHITE White,_WT,White,Apparel,T-shirt,Circular,Cotton,,Cotton,15.99,/232/64/211911_WT_1,211911_WT_1.jpg,none,,,,,
211945_SV,211945,Blouse TALLEY Silver,_SV,Silver,Apparel,Blouse,Woven,Metallic Fiber; Modal,,Modal,29.99,/232/64/211945_SV_1,211945_SV_1.jpg,none,,,,,
212079_KK,212079,Dress LAB JUNHO Khaki,_KK,Khaki,Apparel,Dress,Woven,Cotton; Polyamide; Lyocell,,Lyocell,49.99,/232/64/212079_KK_1,212079_KK_1.jpg,none,,,,,
212124_BK,212124,Trousers TUSCA Black,_BK,Black,Apparel,Trousers,Woven,Lyocell,,Lyocell,25.99,/232/64/212124_BK_1,212124_BK_1.jpg,none,,,,,
212124_FU,212124,Trousers TUSCA Fuchsia,_FU,Fuchsia,Apparel,Trousers,Woven,Lyocell,,Lyocell,25.99,/232/64/212124_FU_1,212124_FU_1.jpg,none,,,,,
212125_BK,212125,Top TUSCA Black,_BK,Black,Apparel,Top,Woven,Lyocell,,Lyocell,23.99,/232/64/212125_BK_1,212125_BK_1.jpg,none,,,,,
212125_FU,212125,Top TUSCA Fuchsia,_FU,Fuchsia,Apparel,Top,Woven,Lyocell,,Lyocell,23.99,/232/64/212125_FU_1,212125_FU_1.jpg,none,,,,,
212159_EC,212159,Shirt LAB JULHO Ecru,_EC,Ecru,Apparel,Shirt,Woven,Linen,,Linen,39.99,/232/64/212159_EC_1,212159_EC_1.jpg,none,,,,,
212183_BN,212183,Shirt CAPRI 2 Brown,_BN,Brown,Apparel,Shirt,Woven,Polyester,,Polyester,32.99,/232/64/212183_BN_1,212183_BN_1.jpg,none,,,,,
212194_BK,212194,Dress LAB JULHO Black,_BK,Black,Apparel,Dress,Woven,Polyester; Polyester; Polyester; Viscose; Wool,,Polyester,69.99,/232/64/212194_BK_1,212194_BK_1.jpg,none,,,,,
212201_BM,212201,Dress LAB JUNHO Bright Multicolor,_BM,Bright Multicolor,Apparel,Dress,Woven,Cotton; Ramie,,Linen,49.99,/232/64/212201_BM_1,212201_BM_1.jpg,none,,,,,
212211_BK,212211,Dress BLACKWHITE Black,_BK,Black,Apparel,Dress,Woven,Linen; Viscose,,Linen,39.99,/232/64/212211_BK_1,212211_BK_1.jpg,none,,,,,
212211_WT,212211,Dress BLACKWHITE White,_WT,White,Apparel,Dress,Woven,Linen; Viscose,,Linen,39.99,/232/64/212211_WT_1,212211_WT_1.jpg,none,,,,,
212226_BG,212226,Shirt MAXI MAIO Beige,_BG,Beige,Apparel,Shirt,Woven,Polyamide; Viscose,,Viscose,32.99,/232/64/212226_BG_1,212226_BG_1.jpg,none,,,,,
212226_BK,212226,Shirt MAXI MAIO Black,_BK,Black,Apparel,Shirt,Woven,Polyamide; Viscose,,Viscose,32.99,/232/64/212226_BK_1,212226_BK_1.jpg,none,,,,,
212226_KK,212226,Shirt MAXI MAIO Khaki,_KK,Khaki,Apparel,Shirt,Woven,Polyamide; Viscose,,Viscose,32.99,/232/64/212226_KK_1,212226_KK_1.jpg,none,,,,,
212226_RD,212226,Shirt MAXI MAIO Red,_RD,Red,Apparel,Shirt,Woven,Polyamide; Viscose,,Viscose,32.99,/232/64/212226_RD_1,212226_RD_1.jpg,none,,,,,
212226_WT,212226,Shirt MAXI MAIO White,_WT,White,Apparel,Shirt,Woven,Polyamide; Viscose,,Viscose,32.99,/232/64/212226_WT_1,212226_WT_1.jpg,none,,,,,
212229_BK,212229,Dress SummercapsuleJul Black,_BK,Black,Apparel,Dress,Woven,Viscose,,Viscose,19.99,/232/64/212229_BK_1,212229_BK_1.jpg,none,,,,,
212229_BM,212229,Dress SummercapsuleJul Bright Multicolor,_BM,Bright Multicolor,Apparel,Dress,Woven,Viscose,,Viscose,22.99,/232/64/212229_BM_1,212229_BM_1.jpg,none,,,,,
212229_OR,212229,Dress SummercapsuleJul Orange,_OR,Orange,Apparel,Dress,Woven,Viscose,,Viscose,19.99,/232/64/212229_OR_1,212229_OR_1.jpg,none,,,,,
212281_BM,212281,Shirt LAB JUNHO Bright Multicolor,_BM,Bright Multicolor,Apparel,Shirt,Woven,Cotton,,Cotton,29.99,/232/64/212281_BM_1,212281_BM_1.jpg,none,,,,,
212363_EC,212363,Vest ANDIE Ecru,_EC,Ecru,Apparel,Vest,Woven,Polyamide; Polyester,,Polyamide,39.99,/232/64/212363_EC_1,212363_EC_1.jpg,none,,,,,
212458_BM,212458,Dress Luna Bright Multicolor,_BM,Bright Multicolor,Apparel,Dress,Woven,Cotton,,Cotton,25.99,/232/64/212458_BM_1,212458_BM_1.jpg,none,,,,,
212458_RD,212458,Dress Luna Red,_RD,Red,Apparel,Dress,Woven,Cotton,,Cotton,23.99,/232/64/212458_RD_1,212458_RD_1.jpg,none,,,,,
212458_WT,212458,Dress Luna White,_WT,White,Apparel,Dress,Woven,Cotton,,Cotton,23.99,/232/64/212458_WT_1,212458_WT_1.jpg,none,,,,,
212507_BM,212507,Kimono Luna Bright Multicolor,_BM,Bright Multicolor,Apparel,Kimono,Woven,Viscose,,Viscose,32.99,/232/64/212507_BM_1,212507_BM_1.jpg,none,,,,,
212525_EC,212525,Dress LAB AGOSTO Ecru,_EC,Ecru,Apparel,Dress,Woven,Polyester,,Polyester,32.99,/232/64/212525_EC_1,212525_EC_1.jpg,none,,,,,
212525_FU,212525,Dress LAB AGOSTO Fuchsia,_FU,Fuchsia,Apparel,Dress,Woven,Polyester,,Polyester,32.99,/232/64/212525_FU_1,212525_FU_1.jpg,none,,,,,
212554_BG,212554,Raincoat Holt Beige,_BG,Beige,Apparel,Raincoat,Woven,Cotton; Polyamide; Polyester,,Cotton,59.99,/232/64/212554_BG_1,212554_BG_1.jpg,none,,,,,
212631_BK,212631,Shirt MAXI MAIO Black,_BK,Black,Apparel,Shirt,Woven,Linen,,Linen,39.99,/232/64/212631_BK_1,212631_BK_1.jpg,none,,,,,
212631_EC,212631,Shirt MAXI MAIO Ecru,_EC,Ecru,Apparel,Shirt,Woven,Linen,,Linen,39.99,/232/64/212631_EC_1,212631_EC_1.jpg,none,,,,,
212631_KK,212631,Shirt MAXI MAIO Khaki,_KK,Khaki,Apparel,Shirt,Woven,Linen,,Linen,39.99,/232/64/212631_KK_1,212631_KK_1.jpg,none,,,,,
212633_KK,212633,Coat ANDIE Khaki,_KK,Khaki,Apparel,Coat,Woven,Cotton; Polyamide; Polyester,,Cotton,59.99,/232/64/212633_KK_1,212633_KK_1.jpg,none,,,,,
212658_BR,212658,Sweater Holt 3 Brick Red,_BR,Brick Red,Apparel,Sweater,Knit,Acrylic; Polyamide; Wool,,Acrylic,32.99,/232/64/212658_BR_1,212658_BR_1.jpg,none,,,,,
212658_OW,212658,Sweater Holt Off White,_OW,Off White,Apparel,Sweater,Knit,Acrylic; Polyamide; Wool,,Acrylic,32.99,/232/64/212658_OW_1,212658_OW_1.jpg,none,,,,,
212700_BK,212700,Sweater ANDIE Black,_BK,Black,Apparel,Sweater,Knit,Acrylic; Polyamide; Polyester; Wool,,Polyester,27.99,/232/64/212700_BK_1,212700_BK_1.jpg,none,,,,,
212700_FU,212700,Sweater ONLINE EXCLUSIVE Fuchsia,_FU,Fuchsia,Apparel,Sweater,Knit,Acrylic; Polyamide; Polyester; Wool,,Polyester,27.99,/232/64/212700_FU_1,212700_FU_1.jpg,none,,,,,
212700_GY,212700,Sweater ONLINE EXCLUSIVE Grey,_GY,Grey,Apparel,Sweater,Knit,Acrylic; Polyamide; Polyester; Wool,,Polyester,27.99,/232/64/212700_GY_1,212700_GY_1.jpg,none,,,,,
212700_LM,212700,Sweater ANDIE Lime,_LM,Lime,Apparel,Sweater,Knit,Polyamide; Polyester; Wool; Acrylic,,Polyester,27.99,/232/64/212700_LM_1,212700_LM_1.jpg,none,,,,,
212746_BL,212746,Top KATELL Blue,_BL,Blue,Apparel,Top,Knit,Polyamide,,Polyamide,17.99,/232/64/212746_BL_1,212746_BL_1.jpg,none,,,,,
212845_BM,212845,Shirt Holt 3 Bright Multicolor,_BM,Bright Multicolor,Apparel,Shirt,Woven,Viscose,,Viscose,32.99,/232/64/212845_BM_1,212845_BM_1.jpg,none,,,,,
212916_BL,212916,Sweatshirt TUSCA Blue,_BL,Blue,Apparel,Sweatshirt,Circular,Cotton; Polyester,,Cotton,29.99,/232/64/212916_BL_1,212916_BL_1.jpg,none,,,,,
213100_BK,213100,Sweater TWINS Black,_BK,Black,Apparel,Sweater,Knit,Polyamide; Polyester; Viscose,,Viscose,27.99,/232/64/213100_BK_1,213100_BK_1.jpg,none,,,,,
213100_RD,213100,Sweater TWINS Red,_RD,Red,Apparel,Sweater,Knit,Polyamide; Polyester; Viscose,,Viscose,27.99,/232/64/213100_RD_1,213100_RD_1.jpg,none,,,,,
213246_GN,213246,Dress LAB JULHO Green,_GN,Green,Apparel,Dress,Woven,Polyamide; Polyester; Lyocell,,Lyocell,39.99,/232/64/213246_GN_1,213246_GN_1.jpg,none,,,,,
213364_BK,213364,Blazer HOLT4 Black,_BK,Black,Apparel,Blazer,Woven,Polyester; Sheep leather,,Leather,119.99,/232/64/213364_BK_1,213364_BK_1.jpg,none,,,,,
213373_BK,213373,Sweater MIRÓ 4 Black,_BK,Black,Apparel,Sweater,Knit,Acrylic; Polyamide; Wool,,Polyamide,27.99,/232/64/213373_BK_1,213373_BK_1.jpg,none,,,,,
213373_CA,213373,Sweater MIRO 3 Camel,_CA,Camel,Apparel,Sweater,Knit,Acrylic; Polyamide; Wool,,Polyamide,27.99,/232/64/213373_CA_1,213373_CA_1.jpg,none,,,,,
213373_OW,213373,Sweater MIRO 3 Off White,_OW,Off White,Apparel,Sweater,Knit,Acrylic; Polyamide; Wool,,Polyamide,27.99,/232/64/213373_OW_1,213373_OW_1.jpg,none,,,,,
213551_BM,213551,Shirt PICASSO Bright Multicolor,_BM,Bright Multicolor,Apparel,Shirt,Woven,Viscose,,Viscose,29.99,/232/64/213551_BM_1,213551_BM_1.jpg,none,,,,,
213614_BK,213614,Coat ESSENTIALS T DISPLAY 1 Black,_BK,Black,Apparel,Coat,Woven,Polyamide; Polyester,,Polyamide,59.99,/232/64/213614_BK_1,213614_BK_1.jpg,none,,,,,
213614_LM,213614,Coat ESSENTIALS T DISPLAY 1 Lime,_LM,Lime,Apparel,Coat,Woven,Polyamide; Polyester,,Polyamide,59.99,/232/64/213614_LM_1,213614_LM_1.jpg,none,,,,,
213650_BU,213650,Raincoat MIRÓ 2 Burgundy,_BU,Burgundy,Apparel,Raincoat,Woven,Polyamide,,Polyamide,49.99,/232/64/213650_BU_1,213650_BU_1.jpg,none,,,,,
213666_BM,213666,Kimono TORANJA Bright Multicolor,_BM,Bright Multicolor,Apparel,Kimono,Woven,Linen; Viscose (LENZING TM ECOVERO TM),,Viscose,35.99,/232/64/213666_BM_1,213666_BM_1.jpg,none,,,,,
213667_BL,213667,Shirt LAB OUTUBRO Blue,_BL,Blue,Apparel,Shirt,Woven,Viscose; Lyocell,,Lyocell,35.99,/232/64/213667_BL_1,213667_BL_1.jpg,none,,,,,
213667_GN,213667,Shirt LAB OUTUBRO Green,_GN,Green,Apparel,Shirt,Woven,Viscose; Lyocell,,Lyocell,35.99,/232/64/213667_GN_1,213667_GN_1.jpg,none,,,,,
213667_YL,213667,Shirt LAB OUTUBRO Yellow,_YL,Yellow,Apparel,Shirt,Woven,Viscose; Lyocell,,Lyocell,35.99,/232/64/213667_YL_1,213667_YL_1.jpg,none,,,,,
213670_BG,213670,Trousers MIRÓ 2 Beige,_BG,Beige,Apparel,Trousers,Woven,Viscose; Cupro,,Viscose,39.99,/232/64/213670_BG_1,213670_BG_1.jpg,none,,,,,
213670_KK,213670,Trousers MIRÓ 1 Khaki,_KK,Khaki,Apparel,Trousers,Woven,Viscose; Cupro,,Viscose,39.99,/232/64/213670_KK_1,213670_KK_1.jpg,none,,,,,
213691_GN,213691,Sweater ESSENTIALS T DISPLAY 1 Green,_GN,Green,Apparel,Sweater,Knit,Acrylic; Alpaca; Elastane; Polyamide; Polyester; Wool,,Acrylic,32.99,/232/64/213691_GN_1,213691_GN_1.jpg,none,,,,,
213691_GY,213691,Sweater ESSENTIALS T DISPLAY 1 Grey,_GY,Grey,Apparel,Sweater,Knit,Acrylic; Alpaca; Elastane; Polyamide; Polyester; Wool,,Acrylic,32.99,/232/64/213691_GY_1,213691_GY_1.jpg,none,,,,,
213691_LM,213691,Sweater ESSENTIALS T DISPLAY 1 Lime,_LM,Lime,Apparel,Sweater,Knit,Alpaca; Elastane; Polyamide; Polyester; Wool; Acrylic,,Acrylic,32.99,/232/64/213691_LM_1,213691_LM_1.jpg,none,,,,,
213691_RD,213691,Sweater WINTERDZ Red,_RD,Red,Apparel,Sweater,Knit,Acrylic; Alpaca; Elastane; Polyamide; Polyester; Wool,,,32.99,/241/64/213691_RD_1,213691_RD_1.jpg,none,,,,,
213705_AN,213705,Trousers T1 ESSENTIALS Anthracite,_AN,Anthracite,Apparel,Trousers,Circular,Elastane; Modal; Polyester,,,27.99,/241/64/213705_AN_1,213705_AN_1.jpg,none,,,,,
213705_BL,213705,Trousers T1 ESSENTIALS Blue,_BL,Blue,Apparel,Trousers,Circular,Modal; Polyester; Elastane,,,27.99,/241/64/213705_BL_1,213705_BL_1.jpg,none,,,,,
213705_BM,213705,Trousers PRIESTLY Bright Multicolor,_BM,Bright Multicolor,Apparel,Trousers,Circular,Elastane; Modal; Polyester,,Modal,27.99,/232/64/213705_BM_1,213705_BM_1.jpg,none,,,,,
213705_IG,213705,Trousers T1 ESSENTIALS Indigo,_IG,Indigo,Apparel,Trousers,Circular,Elastane; Modal; Polyester,,Modal,27.99,/242/64/213705_IG_1,213705_IG_1.jpg,none,,,,,
213705_KK,213705,Trousers T1 ESSENTIALS Khaki,_KK,Khaki,Apparel,Trousers,Circular,Elastane; Modal; Polyester,,,27.99,/232/64/213705_KK_1,213705_KK_1.jpg,none,,,,,
213705_WT,213705,Trousers T1 ESSENTIALS White,_WT,White,Apparel,Trousers,Circular,Elastane; Modal; Polyester,,,27.99,/241/64/213705_WT_1,213705_WT_1.jpg,none,,,,,
213843_GY,213843,Cardigan PICASSO Grey,_GY,Grey,Apparel,Cardigan,Knit,Acrylic; Elastane; Polyester,,Acrylic,35.99,/232/64/213843_GY_1,213843_GY_1.jpg,none,,,,,
213870_EC,213870,Coat WinterCapsuleOutubro Ecru,_EC,Ecru,Apparel,Coat,Woven,Polyester,,Polyester,59.99,/232/64/213870_EC_1,213870_EC_1.jpg,none,,,,,
213965_DM,213965,Sweater MIRÓ 4 Dark Multicolor,_DM,Dark Multicolor,Apparel,Sweater,Knit,Acrylic; Elastane; Polyamide; Polyester; Wool,,Acrylic,35.99,/232/64/213965_DM_1,213965_DM_1.jpg,none,,,,,
213977_OR,213977,Poncho SummercapsuleSET Orange,_OR,Orange,Apparel,Poncho,Woven,Polyamide; Polyester; Viscose,,Viscose,35.99,/232/64/213977_OR_1,213977_OR_1.jpg,none,,,,,
213977_PU,213977,Poncho SummercapsuleSET Purple,_PU,Purple,Apparel,Poncho,Woven,Polyamide; Polyester; Viscose,,Viscose,35.99,/232/64/213977_PU_1,213977_PU_1.jpg,none,,,,,
214006_BG,214006,Sweater MAXI 27/09 Beige,_BG,Beige,Apparel,Sweater,Knit,Acrylic; Polyamide; Wool,,Polyamide,32.99,/232/64/214006_BG_1,214006_BG_1.jpg,none,,,,,
214006_CA,214006,Sweater MAXI 27/09 Camel,_CA,Camel,Apparel,Sweater,Knit,Acrylic; Polyamide; Wool,,Polyamide,32.99,/232/64/214006_CA_1,214006_CA_1.jpg,none,,,,,
214006_GY,214006,Sweater MONET Grey,_GY,Grey,Apparel,Sweater,Knit,Acrylic; Polyamide; Wool,,Polyamide,32.99,/232/64/214006_GY_1,214006_GY_1.jpg,none,,,,,
214006_PK,214006,Sweater PICASSO Pink,_PK,Pink,Apparel,Sweater,Knit,Acrylic; Polyamide; Wool,,Polyamide,32.99,/232/64/214006_PK_1,214006_PK_1.jpg,none,,,,,
214006_PU,214006,Sweater MAXI 13/09 Purple,_PU,Purple,Apparel,Sweater,Knit,Acrylic; Polyamide; Wool,,Polyamide,32.99,/232/64/214006_PU_1,214006_PU_1.jpg,none,,,,,
214088_CA,214088,Sweater AMI Camel,_CA,Camel,Apparel,Sweater,Knit,Acrylic; Elastane; Wool; recycled polyester,,,32.99,/232/64/214088_CA_1,214088_CA_1.jpg,none,,,,,
214095_BU,214095,Trousers MAXI AGOSTO Burgundy,_BU,Burgundy,Apparel,Trousers,Woven,Linen,,Linen,45.99,/232/64/214095_BU_1,214095_BU_1.jpg,none,,,,,
214095_EC,214095,Trousers MAXI AGOSTO Ecru,_EC,Ecru,Apparel,Trousers,Woven,Linen,,Linen,45.99,/232/64/214095_EC_1,214095_EC_1.jpg,none,,,,,
214095_PK,214095,Trousers MAXI AGOSTO Pink,_PK,Pink,Apparel,Trousers,Woven,Linen,,Linen,45.99,/232/64/214095_PK_1,214095_PK_1.jpg,none,,,,,
214181_KK,214181,Coat PICASSO Khaki,_KK,Khaki,Apparel,Coat,Woven,Polyamide; Polyester,,Polyester,59.99,/232/64/214181_KK_1,214181_KK_1.jpg,none,,,,,
214181_SV,214181,Coat Neptune Silver,_SV,Silver,Apparel,Coat,Woven,Polyamide; Polyester,,Polyester,59.99,/241/64/214181_SV_1,214181_SV_1.jpg,none,,,,,
214256_BK,214256,Trousers ESSENTIALS T DISPLAY 1 Black,_BK,Black,Apparel,Trousers,Woven,Polyester; Viscose,,Viscose,29.99,/232/64/214256_BK_1,214256_BK_1.jpg,none,,,,,
214370_BG,214370,Top MAXI AGOSTO Beige,_BG,Beige,Apparel,Top,Knit,Cotton; Polyester,,Cotton,29.99,/232/64/214370_BG_1,214370_BG_1.jpg,none,,,,,
214370_KK,214370,Top MAXI AGOSTO Khaki,_KK,Khaki,Apparel,Top,Knit,Cotton; Polyester,,Cotton,29.99,/232/64/214370_KK_1,214370_KK_1.jpg,none,,,,,
214370_OW,214370,Top MAXI AGOSTO Off White,_OW,Off White,Apparel,Top,Knit,Cotton; Polyester,,Cotton,29.99,/232/64/214370_OW_1,214370_OW_1.jpg,none,,,,,
214370_PU,214370,Top MAXI AGOSTO Purple,_PU,Purple,Apparel,Top,Knit,Cotton; Polyester,,Cotton,29.99,/232/64/214370_PU_1,214370_PU_1.jpg,none,,,,,
214378_NV,214378,Sweater MONET Navy,_NV,Navy,Apparel,Sweater,Knit,Polyamide; Polyester; Viscose,,Viscose,29.99,/232/64/214378_NV_1,214378_NV_1.jpg,none,,,,,
214397_DM,214397,Skirt LAB OUTUBRO Dark Multicolor,_DM,Dark Multicolor,Apparel,Skirt,Woven,Polyamide; Polyester; Viscose,,Viscose,49.99,/232/64/214397_DM_1,214397_DM_1.jpg,none,,,,,
214430_GN,214430,Shirt BRAT Green,_GN,Green,Apparel,Shirt,Woven,Lyocell,,Lyocell,35.99,/232/64/214430_GN_1,214430_GN_1.jpg,none,,,,,
214464_BL,214464,Sweater MISSY Blue,_BL,Blue,Apparel,Sweater,Knit,Acrylic; Elastane; Polyamide; recycled polyester,,Polyester,32.99,/232/64/214464_BL_1,214464_BL_1.jpg,none,,,,,
214464_GN,214464,Sweater ESSENTIALS2 Green,_GN,Green,Apparel,Sweater,Knit,Acrylic; Elastane; Polyamide; recycled polyester,,Polyester,32.99,/232/64/214464_GN_1,214464_GN_1.jpg,none,,,,,
214464_LL,214464,Sweater MISSY Lilac,_LL,Lilac,Apparel,Sweater,Knit,Acrylic; Elastane; Polyamide; recycled polyester,,Polyester,32.99,/232/64/214464_LL_1,214464_LL_1.jpg,none,,,,,
214494_BL,214494,Coat MAXI 27/09 Blue,_BL,Blue,Apparel,Coat,Woven,Cotton; Polyamide; Polyester; Viscose,,Polyamide,69.99,/232/64/214494_BL_1,214494_BL_1.jpg,none,,,,,
214494_PU,214494,Coat MAXI 27/09 Purple,_PU,Purple,Apparel,Coat,Woven,Cotton; Polyamide; Polyester; Viscose,,Polyamide,69.99,/232/64/214494_PU_1,214494_PU_1.jpg,none,,,,,
214497_BM,214497,Shirt VAN GOGH Bright Multicolor,_BM,Bright Multicolor,Apparel,Shirt,Woven,Polyester; Lyocell,,Lyocell,27.99,/232/64/214497_BM_1,214497_BM_1.jpg,none,,,,,
214538_KK,214538,Sweatshirt MIRO 3 Khaki,_KK,Khaki,Apparel,Sweatshirt,Circular,Cotton; Polyester,,Polyester,27.99,/232/64/214538_KK_1,214538_KK_1.jpg,none,,,,,
214719_BK,214719,Skirt CANICHE CAMPAIGN Black,_BK,Black,Apparel,Skirt,Woven,Polyester; Sheep leather,,Leather,89.99,/232/64/214719_BK_1,214719_BK_1.jpg,none,,,,,
214788_BG,214788,Raincoat WCN Beige,_BG,Beige,Apparel,Raincoat,Woven,Polyester; Polyester; Polyurethane,,Polyester,59.99,/232/64/214788_BG_1,214788_BG_1.jpg,none,,,,,
214788_BK,214788,Raincoat WinterCapsuleOutubro Black,_BK,Black,Apparel,Raincoat,Woven,Polyester; Polyester; Polyurethane,,Polyester,59.99,/232/64/214788_BK_1,214788_BK_1.jpg,none,,,,,
214821_BM,214821,Sweatshirt BRAT Bright Multicolor,_BM,Bright Multicolor,Apparel,Sweatshirt,Circular,Cotton; Polyester; Polyester,,Cotton,39.99,/232/64/214821_BM_1,214821_BM_1.jpg,none,,,,,
214831_WI,214831,Sweatshirt MISSY Wine,_WI,Wine,Apparel,Sweatshirt,Circular,Cotton; Polyester,,Cotton,32.99,/232/64/214831_WI_1,214831_WI_1.jpg,none,,,,,
214888_BK,214888,Coat JUPITER Black,_BK,Black,Apparel,Coat,Woven,Polyamide; Polyester,,Nylon,45.99,/241/64/214888_BK_1,214888_BK_1.jpg,none,,,,,
214935_BK,214935,Top Halloween capsula Black,_BK,Black,Apparel,Top,Woven,Elastane; Polyester,,Polyester,29.99,/232/64/214935_BK_1,214935_BK_1.jpg,none,,,,,
214945_BM,214945,Dress Hot Bright Multicolor,_BM,Bright Multicolor,Apparel,Dress,Woven,Viscose,,,32.99,/241/64/214945_BM_1,214945_BM_1.jpg,none,,,,,
214978_BL,214978,Jeans APPAREL PROVISION Blue,_BL,Blue,Apparel,Jeans,Woven,Cotton,,Cotton,32.99,/232/64/214978_BL_1,214978_BL_1.jpg,none,,,,,
214978_GY,214978,Jeans APPAREL PROVISION Grey,_GY,Grey,Apparel,Jeans,Woven,Cotton,,Cotton,32.99,/232/64/214978_GY_1,214978_GY_1.jpg,none,,,,,
215009_GY,215009,Blazer CANICHE CAMPAIGN Grey,_GY,Grey,Apparel,Blazer,Woven,Polyester; Sheep leather,,Leather,119.99,/232/64/215009_GY_1,215009_GY_1.jpg,none,,,,,
215030_GY,215030,Sweater BRAT Grey,_GY,Grey,Apparel,Sweater,Knit,Acrylic; Elastane; Polyester; Wool,,Polyester,29.99,/232/64/215030_GY_1,215030_GY_1.jpg,none,,,,,
215047_GN,215047,Sweater MERCURY Green,_GN,Green,Apparel,Sweater,Knit,Acrylic; Polyamide; Polyester; Wool,,Acrylic,32.99,/241/64/215047_GN_1,215047_GN_1.jpg,none,,,,,
215119_BK,215119,Shirt PartycapsuleNovembro Black,_BK,Black,Apparel,Shirt,Woven,Polyester,,Polyester,42.99,/232/64/215119_BK_1,215119_BK_1.jpg,none,,,,,
215119_BL,215119,Shirt REMY 2 Blue,_BL,Blue,Apparel,Shirt,Woven,Polyester,,Polyester,42.99,/232/64/215119_BL_1,215119_BL_1.jpg,none,,,,,
215119_GY,215119,Shirt REMY Grey,_GY,Grey,Apparel,Shirt,Woven,Polyester,,Polyester,42.99,/232/64/215119_GY_1,215119_GY_1.jpg,none,,,,,
215146_BM,215146,Shirt Hot dez Bright Multicolor,_BM,Bright Multicolor,Apparel,Shirt,Woven,Viscose,,Viscose,25.99,/241/64/215146_BM_1,215146_BM_1.jpg,none,,,,,
215201_DM,215201,Shirt SATURN 3 Dark Multicolor,_DM,Dark Multicolor,Apparel,Shirt,Woven,Polyamide; Viscose,,,27.99,/241/64/215201_DM_1,215201_DM_1.jpg,none,,,,,
215357_OR,215357,Cardigan WinterCapsuleOutubro Orange,_OR,Orange,Apparel,Cardigan,Knit,Acrylic; Polyamide; Polyester,,Polyamide,49.99,/232/64/215357_OR_1,215357_OR_1.jpg,none,,,,,
215411_GN,215411,Sweater REMY 2 Green,_GN,Green,Apparel,Sweater,Knit,Acrylic; Alpaca; Elastane; Polyamide; Wool,,Polyamide,35.99,/232/64/215411_GN_1,215411_GN_1.jpg,none,,,,,
215514_AN,215514,Trousers MAXI 27/09 Anthracite,_AN,Anthracite,Apparel,Trousers,Circular,Elastane; Modal; Polyester,,Modal,27.99,/232/64/215514_AN_1,215514_AN_1.jpg,none,,,,,
215514_CA,215514,Trousers MAXI 27/09 Camel,_CA,Camel,Apparel,Trousers,Circular,Elastane; Modal; Polyester,,Modal,27.99,/232/64/215514_CA_1,215514_CA_1.jpg,none,,,,,
215514_WT,215514,Trousers MAXI 27/09 White,_WT,White,Apparel,Trousers,Circular,Elastane; Modal; Polyester,,Modal,27.99,/232/64/215514_WT_1,215514_WT_1.jpg,none,,,,,
215554_BM,215554,Sweatshirt CANICHE CAMPAIGN Bright Multicolor,_BM,Bright Multicolor,Apparel,Sweatshirt,Circular,Elastane; Polyester; Viscose,,Viscose,29.99,/232/64/215554_BM_1,215554_BM_1.jpg,none,,,,,
215568_DG,215568,Cardigan T1 essentials Dark Grey,_DG,Dark Grey,Apparel,Cardigan,Knit,Acrylic; Cotton; Polyester,,,39.99,/241/64/215568_DG_1,215568_DG_1.jpg,none,,,,,
215568_EC,215568,Cardigan T1 essentials Ecru,_EC,Ecru,Apparel,Cardigan,Knit,Acrylic; Cotton; Polyester,,,39.99,/241/64/215568_EC_1,215568_EC_1.jpg,none,,,,,
215660_GN,215660,Raincoat Neptune Green,_GN,Green,Apparel,Raincoat,Woven,Polyester; Polyester; Polyester,,Polyamide,59.99,/241/64/215660_GN_1,215660_GN_1.jpg,none,,,,,
215855_BM,215855,Shirt uyt Bright Multicolor,_BM,Bright Multicolor,Apparel,Shirt,Woven,Polyester; Lyocell,,,27.99,/241/64/215855_BM_1,215855_BM_1.jpg,none,,,,,
215856_AN,215856,Sweater T3 EARTH Anthracite,_AN,Anthracite,Apparel,Sweater,Knit,Metallic Fiber; Polyester,,,29.99,/241/64/215856_AN_1,215856_AN_1.jpg,none,,,,,
215856_EC,215856,Sweater T3 EARTH Ecru,_EC,Ecru,Apparel,Sweater,Knit,Metallic Fiber; Polyester,,,29.99,/241/64/215856_EC_1,215856_EC_1.jpg,none,,,,,
215979_PU,215979,Top CANICHE CAMPAIGN Purple,_PU,Purple,Apparel,Top,Woven,Cotton; Polyester,,Polyester,19.99,/232/64/215979_PU_1,215979_PU_1.jpg,none,,,,,
216020_BM,216020,Trousers VICHY Bright Multicolor,_BM,Bright Multicolor,Apparel,Trousers,Woven,Lyocell,,Lyocell,32.99,/232/64/216020_BM_1,216020_BM_1.jpg,none,,,,,
216145_KK,216145,Apparel SATURN 4 Khaki,_KK,Khaki,Apparel,Cape,Woven,Cotton; Cotton; Polyamide; Polyamide; Polyester; Polyester,,Polyester,59.99,/241/64/216145_KK_1,216145_KK_1.jpg,none,,,,,
216179_BN,216179,Coat MAXI 27/09 Brown,_BN,Brown,Apparel,Coat,Woven,Polyamide; Polyester,,Polyamide,59.99,/232/64/216179_BN_1,216179_BN_1.jpg,none,,,,,
216179_GN,216179,Coat MAXI 27/09 Green,_GN,Green,Apparel,Coat,Woven,Polyamide; Polyester,,Polyamide,59.99,/232/64/216179_GN_1,216179_GN_1.jpg,none,,,,,
216179_GY,216179,Coat MAXI 27/09 Grey,_GY,Grey,Apparel,Coat,Woven,Polyamide; Polyester,,Polyamide,59.99,/232/64/216179_GY_1,216179_GY_1.jpg,none,,,,,
216264_RD,216264,Top LATTO Red,_RD,Red,Apparel,Top,Knit,Polyamide; Viscose,,Viscose,19.99,/232/64/216264_RD_1,216264_RD_1.jpg,none,,,,,
216377_GY,216377,Sweater WINTERJA Grey,_GY,Grey,Apparel,Sweater,Knit,Acrylic; Elastane; Polyamide; recycled polyester,,,32.99,/241/64/216377_GY_1,216377_GY_1.jpg,none,,,,,
216399_BM,216399,Coat LAB OUTUBRO Bright Multicolor,_BM,Bright Multicolor,Apparel,Coat,Woven,Cotton,,Cotton,45.99,/232/64/216399_BM_1,216399_BM_1.jpg,none,,,,,
216408_BM,216408,Sweater SATURN 4 Bright Multicolor,_BM,Bright Multicolor,Apparel,Sweater,Knit,Polyamide,,,35.99,/241/64/216408_BM_1,216408_BM_1.jpg,none,,,,,
216415_BK,216415,Dress LATTO Black,_BK,Black,Apparel,Dress,Knit,Polyamide; Polyester; Viscose,,Viscose,49.99,/232/64/216415_BK_1,216415_BK_1.jpg,none,,,,,
216435_BN,216435,Dress Maxi nov Brown,_BN,Brown,Apparel,Dress,Woven,Polyamide; Viscose,,,39.99,/241/64/216435_BN_1,216435_BN_1.jpg,none,,,,,
216451_BM,216451,Shirt meg Bright Multicolor,_BM,Bright Multicolor,Apparel,Shirt,Woven,Modal; Polyester,,,32.99,/241/64/216451_BM_1,216451_BM_1.jpg,none,,,,,
216459_BK,216459,Dress REMY 3 Black,_BK,Black,Apparel,Dress,Woven,Cotton; Polyamide,,Cotton,35.99,/232/64/216459_BK_1,216459_BK_1.jpg,none,,,,,
216465_FU,216465,Sweater T1 ESSENTIALS Fuchsia,_FU,Fuchsia,Apparel,Sweater,Knit,Acrylic; Polyamide; Wool,,,32.99,/241/64/216465_FU_1,216465_FU_1.jpg,none,,,,,
216465_GN,216465,Sweater T1 ESSENTIALS Green,_GN,Green,Apparel,Sweater,Knit,Acrylic; Polyamide; Wool,,,32.99,/241/64/216465_GN_1,216465_GN_1.jpg,none,,,,,
216475_BM,216475,Cardigan AMI Bright Multicolor,_BM,Bright Multicolor,Apparel,Cardigan,Knit,Polyamide; Polyester; Viscose,,,39.99,/241/64/216475_BM_1,216475_BM_1.jpg,none,,,,,
216578_BK,216578,Top PLUS CLOSET DEZ Black,_BK,Black,Apparel,Top,Knit,Polyamide; Viscose,,,29.99,/241/64/216578_BK_1,216578_BK_1.jpg,none,,,,,
216578_BU,216578,Top PLUS CLOSET DEZ Burgundy,_BU,Burgundy,Apparel,Top,Knit,Polyamide; Viscose,,,29.99,/241/64/216578_BU_1,216578_BU_1.jpg,none,,,,,
216578_GN,216578,Top PLUS CLOSET DEZ Green,_GN,Green,Apparel,Top,Knit,Polyamide; Viscose,,,29.99,/241/64/216578_GN_1,216578_GN_1.jpg,none,,,,,
216626_BM,216626,Dress CANICHE CAMPAIGN Bright Multicolor,_BM,Bright Multicolor,Apparel,Dress,Circular,Polyamide; Polyester,,Polyamide,35.99,/232/64/216626_BM_1,216626_BM_1.jpg,none,,,,,
216743_BK,216743,Blazer Halloween capsula Black,_BK,Black,Apparel,Blazer,Woven,Polyester; Polyester,,Polyester,59.99,/232/64/216743_BK_1,216743_BK_1.jpg,none,,,,,
216743_RD,216743,Blazer Halloween capsula Red,_RD,Red,Apparel,Blazer,Woven,Polyester; Polyester,,Polyester,59.99,/232/64/216743_RD_1,216743_RD_1.jpg,none,,,,,
216790_LY,216790,Sweater meg Light Yellow,_LY,Light Yellow,Apparel,Sweater,Knit,Polyamide; Polyester; Acrylic,,,29.99,/241/64/216790_LY_1,216790_LY_1.jpg,none,,,,,
216806_GN,216806,Trousers Jo Green,_GN,Green,Apparel,Trousers,Woven,Viscose,,,32.99,/241/64/216806_GN_1,216806_GN_1.jpg,none,,,,,
216851_SV,216851,Trousers PartycapsuleNovembro Silver,_SV,Silver,Apparel,Trousers,Knit,Cotton; Linen; Viscose,,Viscose,29.99,/232/64/216851_SV_1,216851_SV_1.jpg,none,,,,,
216946_BM,216946,Shirt EMAN Bright Multicolor,_BM,Bright Multicolor,Apparel,Shirt,Woven,Viscose,,,35.99,/241/64/216946_BM_1,216946_BM_1.jpg,none,,,,,
216969_BM,216969,Dress Maxi nov Bright Multicolor,_BM,Bright Multicolor,Apparel,Dress,Woven,Polyester; Viscose,,Viscose,59.99,/241/64/216969_BM_1,216969_BM_1.jpg,none,,,,,
216969_BU,216969,Dress Maxi nov Burgundy,_BU,Burgundy,Apparel,Dress,Woven,Polyester; Viscose,,Viscose,59.99,/241/64/216969_BU_1,216969_BU_1.jpg,none,,,,,
217028_DG,217028,Dress Maxi nov Dark Grey,_DG,Dark Grey,Apparel,Dress,Circular,Polyester,,,35.99,/241/64/217028_DG_1,217028_DG_1.jpg,none,,,,,
217114_GY,217114,Trousers PLUS Grey,_GY,Grey,Apparel,Trousers,Woven,Polyester,,,29.99,/241/64/217114_GY_1,217114_GY_1.jpg,none,,,,,
217230_BG,217230,Shirt SUMMERCAP Beige,_BG,Beige,Apparel,Shirt,Woven,Modal; Polyester,,,32.99,/241/64/217230_BG_1,217230_BG_1.jpg,none,,,,,
217230_GY,217230,Shirt RIO Grey,_GY,Grey,Apparel,Shirt,Woven,Modal; Polyester,,,32.99,/241/64/217230_GY_1,217230_GY_1.jpg,none,,,,,
217230_OR,217230,Shirt RIO Orange,_OR,Orange,Apparel,Shirt,Woven,Modal; Polyester,,,32.99,/241/64/217230_OR_1,217230_OR_1.jpg,none,,,,,
217237_BM,217237,Shirt TRENDY Bright Multicolor,_BM,Bright Multicolor,Apparel,Shirt,Woven,Lyocell,,,29.99,/242/64/217237_BM_1,217237_BM_1.jpg,none,,,,,
217237_BU,217237,Shirt T1 ESSENTIALS Burgundy,_BU,Burgundy,Apparel,Shirt,Woven,Lyocell,,Lyocell,29.99,/242/64/217237_BU_1,217237_BU_1.jpg,none,,,,,
217237_KK,217237,Shirt T1 ESSENTIALS Khaki,_KK,Khaki,Apparel,Shirt,Woven,Lyocell,,Lyocell,29.99,/241/64/217237_KK_1,217237_KK_1.jpg,none,,,,,
217237_NV,217237,Shirt T1 ESSENTIALS Navy,_NV,Navy,Apparel,Shirt,Woven,Lyocell,,Lyocell,29.99,/241/64/217237_NV_1,217237_NV_1.jpg,none,,,,,
217346_BR,217346,Trousers SALVADOR Brick Red,_BR,Brick Red,Apparel,Trousers,Woven,Lyocell,,,29.99,/241/64/217346_BR_1,217346_BR_1.jpg,none,,,,,
217602_BM,217602,Shirt MINAS Bright Multicolor,_BM,Bright Multicolor,Apparel,Shirt,Woven,Lyocell,,,27.99,/241/64/217602_BM_1,217602_BM_1.jpg,none,,,,,
217711_BG,217711,Dress EMAN Beige,_BG,Beige,Apparel,Dress,Knit,Polyamide; Viscose; Elastodieno,,,39.99,/241/64/217711_BG_1,217711_BG_1.jpg,none,,,,,
217852_BM,217852,Shirt SALVADOR 3 Bright Multicolor,_BM,Bright Multicolor,Apparel,Shirt,Woven,Viscose,,,27.99,/241/64/217852_BM_1,217852_BM_1.jpg,none,,,,,
217924_BU,217924,Shirt SALVAD Burgundy,_BU,Burgundy,Apparel,Shirt,Woven,Viscose,,,29.99,/241/64/217924_BU_1,217924_BU_1.jpg,none,,,,,
217924_GN,217924,Shirt SALVAD Green,_GN,Green,Apparel,Shirt,Woven,Viscose,,,29.99,/241/64/217924_GN_1,217924_GN_1.jpg,none,,,,,
217928_GN,217928,Sweatshirt Tiffany Green,_GN,Green,Apparel,Sweatshirt,Circular,Polyester; Cotton,,,32.99,/241/64/217928_GN_1,217928_GN_1.jpg,none,,,,,
217967_RD,217967,T-shirt CALM 1 Red,_RD,Red,Apparel,T-shirt,Circular,Cotton,,Cotton,15.99,/241/64/217967_RD_1,217967_RD_1.jpg,none,,,,,
218000_BM,218000,Shirt SALVADOR Bright Multicolor,_BM,Bright Multicolor,Apparel,Shirt,Woven,Cotton,,,32.99,/241/64/218000_BM_1,218000_BM_1.jpg,none,,,,,
218025_BM,218025,Shirt Tiffany Bright Multicolor,_BM,Bright Multicolor,Apparel,Shirt,Woven,Lyocell,,,29.99,/241/64/218025_BM_1,218025_BM_1.jpg,none,,,,,
218046_BK,218046,Blazer EXCLUSIVE Black,_BK,Black,Apparel,Blazer,Woven,Elastane; Polyester; Viscose,,,35.99,/241/64/218046_BK_1,218046_BK_1.jpg,none,,,,,
218113_DN,218113,T-shirt JO Dark Green,_DN,Dark Green,Apparel,T-shirt,Circular,Elastane; Polyester; Viscose,,,29.99,/241/64/218113_DN_1,218113_DN_1.jpg,none,,,,,
218113_PU,218113,T-shirt JO Purple,_PU,Purple,Apparel,T-shirt,Circular,Elastane; Polyester; Viscose,,,29.99,/241/64/218113_PU_1,218113_PU_1.jpg,none,,,,,
218121_WT,218121,Dress LAPA White,_WT,White,Apparel,Dress,Woven,Cotton; Linen,,,29.99,/241/64/218121_WT_1,218121_WT_1.jpg,none,,,,,
218260_BU,218260,Sweater T1 ESSENTIALS Burgundy,_BU,Burgundy,Apparel,Sweater,Knit,Polyamide; Polyester; Viscose,,,35.99,/241/64/218260_BU_1,218260_BU_1.jpg,none,,,,,
218260_GN,218260,Sweater RR Green,_GN,Green,Apparel,Sweater,Knit,Polyamide; Viscose; Polyester,,Viscose,35.99,/242/64/218260_GN_1,218260_GN_1.jpg,none,,,,,
218260_GY,218260,Sweater RR Grey,_GY,Grey,Apparel,Sweater,Knit,Polyester; Viscose; Polyamide,,Viscose,35.99,/242/64/218260_GY_1,218260_GY_1.jpg,none,,,,,
218288_BM,218288,Cardigan DELULU Bright Multicolor,_BM,Bright Multicolor,Apparel,Cardigan,Knit,Polyamide; Viscose,,,35.99,/241/64/218288_BM_1,218288_BM_1.jpg,none,,,,,
218451_WT,218451,Socks CUPID White,_WT,White,Apparel,Socks,Knit,Polyamide,,,9.99,/241/64/218451_WT_1,218451_WT_1.jpg,none,,,,,
218543_BL,218543,Coat CALM 2 Blue,_BL,Blue,Apparel,Coat,Woven,Cotton,,,39.99,/241/64/218543_BL_1,218543_BL_1.jpg,none,,,,,
218603_BG,218603,Sweatshirt MAXI Beige,_BG,Beige,Apparel,Sweatshirt,Circular,Cotton; Polyester,,,29.99,/241/64/218603_BG_1,218603_BG_1.jpg,none,,,,,
218603_BN,218603,Sweatshirt MAXI Brown,_BN,Brown,Apparel,Sweatshirt,Circular,Cotton; Polyester,,,29.99,/241/64/218603_BN_1,218603_BN_1.jpg,none,,,,,
218613_RD,218613,Sweatshirt CUPID Red,_RD,Red,Apparel,Sweatshirt,Circular,Cotton,,,39.99,/241/64/218613_RD_1,218613_RD_1.jpg,none,,,,,
218664_BU,218664,Dress PLUS Burgundy,_BU,Burgundy,Apparel,Dress,Circular,Cotton; Elastane,,Cotton,25.99,/241/64/218664_BU_1,218664_BU_1.jpg,none,,,,,
218664_KK,218664,Dress PLUS Khaki,_KK,Khaki,Apparel,Dress,Circular,Cotton; Elastane,,Cotton,25.99,/241/64/218664_KK_1,218664_KK_1.jpg,none,,,,,
218666_IC,218666,Raincoat MINAS Ice,_IC,Ice,Apparel,Raincoat,Woven,Polyester,,Polyester,49.99,/241/64/218666_IC_1,218666_IC_1.jpg,none,,,,,
218706_DM,218706,Raincoat PLUS Dark Multicolor,_DM,Dark Multicolor,Apparel,Raincoat,Woven,Polyester,,Polyester,49.99,/241/64/218706_DM_1,218706_DM_1.jpg,none,,,,,
218766_BG,218766,Dress CLOSETS Beige,_BG,Beige,Apparel,Dress,Woven,Cotton,,,35.99,/241/64/218766_BG_1,218766_BG_1.jpg,none,,,,,
218766_BL,218766,Dress CLOSETS Blue,_BL,Blue,Apparel,Dress,Woven,Cotton,,,35.99,/241/64/218766_BL_1,218766_BL_1.jpg,none,,,,,
218766_BN,218766,Dress CLOSETS Brown,_BN,Brown,Apparel,Dress,Woven,Cotton,,,35.99,/241/64/218766_BN_1,218766_BN_1.jpg,none,,,,,
218785_EC,218785,Shirt HOT Ecru,_EC,Ecru,Apparel,Shirt,Woven,Cotton,,,29.99,/241/64/218785_EC_1,218785_EC_1.jpg,none,,,,,
218803_BG,218803,Trousers MAXI Beige,_BG,Beige,Apparel,Trousers,Circular,Elastane; Polyester,,,29.99,/241/64/218803_BG_1,218803_BG_1.jpg,none,,,,,
218803_BN,218803,Trousers MAXI Brown,_BN,Brown,Apparel,Trousers,Circular,Elastane; Polyester,,,29.99,/241/64/218803_BN_1,218803_BN_1.jpg,none,,,,,
218803_OR,218803,Trousers MAXI Orange,_OR,Orange,Apparel,Trousers,Circular,Elastane; Polyester,,,29.99,/241/64/218803_OR_1,218803_OR_1.jpg,none,,,,,
218834_BK,218834,Raincoat EXCLUSIVE Black,_BK,Black,Apparel,Raincoat,Woven,Polyester,,Polyester,49.99,/241/64/218834_BK_1,218834_BK_1.jpg,none,,,,,
218878_BM,218878,Sweater RIO Bright Multicolor,_BM,Bright Multicolor,Apparel,Sweater,Knit,Polyamide; Viscose,,Viscose,32.99,/241/64/218878_BM_1,218878_BM_1.jpg,none,,,,,
218889_BG,218889,Sweater SALVAD Beige,_BG,Beige,Apparel,Sweater,Knit,Polyamide; Polyester; Viscose,,Viscose,32.99,/241/64/218889_BG_1,218889_BG_1.jpg,none,,,,,
218889_BL,218889,Sweater SALVAD Blue,_BL,Blue,Apparel,Sweater,Knit,Polyamide; Polyester; Viscose,,Viscose,32.99,/241/64/218889_BL_1,218889_BL_1.jpg,none,,,,,
219048_PK,219048,Sweater MADEIRA Pink,_PK,Pink,Apparel,Sweater,Knit,Viscose,,,17.99,/241/64/219048_PK_1,219048_PK_1.jpg,none,,,,,
219124_BM,219124,Dress LAPA Bright Multicolor,_BM,Bright Multicolor,Apparel,Dress,Woven,Viscose,,,32.99,/241/64/219124_BM_1,219124_BM_1.jpg,none,,,,,
219125_BK,219125,Jumpsuit SUMERABRIL Black,_BK,Black,Apparel,Jumpsuit,Woven,Viscose,,Viscose,45.99,/241/64/219125_BK_1,219125_BK_1.jpg,none,,,,,
219125_BL,219125,Jumpsuit LAPA Blue,_BL,Blue,Apparel,Jumpsuit,Woven,Viscose,,Viscose,45.99,/241/64/219125_BL_1,219125_BL_1.jpg,none,,,,,
219181_BL,219181,Shirt SALVADOR Blue,_BL,Blue,Apparel,Shirt,Woven,Cotton,,,39.99,/241/64/219181_BL_1,219181_BL_1.jpg,none,,,,,
219197_RD,219197,Jeans SALVADOR 3 Red,_RD,Red,Apparel,Jeans,Woven,Cotton,,,35.99,/241/64/219197_RD_1,219197_RD_1.jpg,none,,,,,
219310_DG,219310,Dress UVA Dark Grey,_DG,Dark Grey,Apparel,Dress,Woven,Viscose,,,27.99,/241/64/219310_DG_1,219310_DG_1.jpg,none,,,,,
219310_FU,219310,Dress UVA Fuchsia,_FU,Fuchsia,Apparel,Dress,Woven,Viscose,,,27.99,/241/64/219310_FU_1,219310_FU_1.jpg,none,,,,,
219310_KK,219310,Dress UVA Khaki,_KK,Khaki,Apparel,Dress,Woven,Viscose,,,27.99,/241/64/219310_KK_1,219310_KK_1.jpg,none,,,,,
219327_BN,219327,Dress SAO P Brown,_BN,Brown,Apparel,Dress,Circular,Elastane; Polyamide; Viscose,,,27.99,/241/64/219327_BN_1,219327_BN_1.jpg,none,,,,,
219365_BG,219365,Sweater SALVADOR Beige,_BG,Beige,Apparel,Sweater,Knit,Cotton; Polyamide,,,29.99,/241/64/219365_BG_1,219365_BG_1.jpg,none,,,,,
219389_BL,219389,Trousers CLOSETS Blue,_BL,Blue,Apparel,Trousers,Knit,Polyamide; Viscose,,,29.99,/241/64/219389_BL_1,219389_BL_1.jpg,none,,,,,
219389_KK,219389,Trousers T1 ESSENTIALS Khaki,_KK,Khaki,Apparel,Trousers,Knit,Polyamide; Viscose,,,29.99,/241/64/219389_KK_1,219389_KK_1.jpg,none,,,,,
219438_KK,219438,Coat SUMMERCAP Khaki,_KK,Khaki,Apparel,Coat,Woven,Cotton,,,42.99,/241/64/219438_KK_1,219438_KK_1.jpg,none,,,,,
219458_BL,219458,Jeans MAXI Blue,_BL,Blue,Apparel,Jeans,Woven,Cotton,,Cotton,45.99,/241/64/219458_BL_1,219458_BL_1.jpg,none,,,,,
219488_BK,219488,Trousers SUMMERCAP Black,_BK,Black,Apparel,Trousers,Woven,Viscose; Lyocell,,,32.99,/241/64/219488_BK_1,219488_BK_1.jpg,none,,,,,
219515_EC,219515,Trousers CLOSETS Ecru,_EC,Ecru,Apparel,Trousers,Woven,Cotton,,,35.99,/241/64/219515_EC_1,219515_EC_1.jpg,none,,,,,
219515_GY,219515,Trousers CLOSETS Grey,_GY,Grey,Apparel,Trousers,Woven,Cotton,,,35.99,/241/64/219515_GY_1,219515_GY_1.jpg,none,,,,,
219557_BR,219557,Sweatshirt MARQUES Brick Red,_BR,Brick Red,Apparel,Sweatshirt,Circular,Cotton; Elastane,,Cotton,25.99,/241/64/219557_BR_1,219557_BR_1.jpg,none,,,,,
219664_BM,219664,Dress SAO P Bright Multicolor,_BM,Bright Multicolor,Apparel,Dress,Woven,Viscose,,,39.99,/241/64/219664_BM_1,219664_BM_1.jpg,none,,,,,
219710_BM,219710,Dress luci Bright Multicolor,_BM,Bright Multicolor,Apparel,Dress,Woven,Viscose,,,29.99,/242/64/219710_BM_1,219710_BM_1.jpg,none,,,,,
219723_BL,219723,Trousers KIW Blue,_BL,Blue,Apparel,Trousers,Woven,Linen; Polyester; Lyocell,,,39.99,/242/64/219723_BL_1,219723_BL_1.jpg,none,,,,,
219723_WT,219723,Trousers KIW White,_WT,White,Apparel,Trousers,Woven,Linen; Polyester; Lyocell,,,39.99,/242/64/219723_WT_1,219723_WT_1.jpg,none,,,,,
219743_BK,219743,Dress ESTRELA Black,_BK,Black,Apparel,Dress,Woven,Viscose,,,35.99,/241/64/219743_BK_1,219743_BK_1.jpg,none,,,,,
219879_BM,219879,Shirt C1 Bright Multicolor,_BM,Bright Multicolor,Apparel,Shirt,Woven,Viscose,,Viscose,25.99,/241/64/219879_BM_1,219879_BM_1.jpg,none,,,,,
219888_BM,219888,Skirt SEJ Bright Multicolor,_BM,Bright Multicolor,Apparel,Skirt,Woven,Lyocell,,,32.99,/241/64/219888_BM_1,219888_BM_1.jpg,none,,,,,
219907_CL,219907,Shirt T1 ESSENTIALS Coral,_CL,Coral,Apparel,Shirt,Woven,Cotton,,Cotton,19.99,/242/64/219907_CL_1,219907_CL_1.jpg,none,,,,,
219907_KK,219907,Shirt T1 ESSENTIALS Khaki,_KK,Khaki,Apparel,Shirt,Woven,Cotton,,Cotton,19.99,/242/64/219907_KK_1,219907_KK_1.jpg,none,,,,,
219907_LL,219907,Shirt T1 ESSENTIALS Lilac,_LL,Lilac,Apparel,Shirt,Woven,Cotton,,Cotton,19.99,/242/64/219907_LL_1,219907_LL_1.jpg,none,,,,,
219907_YL,219907,Shirt T1 ESSENTIALS Yellow,_YL,Yellow,Apparel,Shirt,Woven,Cotton,,Cotton,19.99,/242/64/219907_YL_1,219907_YL_1.jpg,none,,,,,
219952_YL,219952,Dress PAPAYA Yellow,_YL,Yellow,Apparel,Dress,Woven,Linen,,Linen,45.99,/241/64/219952_YL_1,219952_YL_1.jpg,none,,,,,
219967_BL,219967,Dress BETS Blue,_BL,Blue,Apparel,Dress,Woven,Cotton; Linen,,,29.99,/242/64/219967_BL_1,219967_BL_1.jpg,none,,,,,
219967_EC,219967,Dress NH Ecru,_EC,Ecru,Apparel,Dress,Woven,Cotton; Linen,,,29.99,/242/64/219967_EC_1,219967_EC_1.jpg,none,,,,,
219967_KK,219967,Dress NH Khaki,_KK,Khaki,Apparel,Dress,Woven,Cotton; Linen,,,29.99,/242/64/219967_KK_1,219967_KK_1.jpg,none,,,,,
219967_YL,219967,Dress NH Yellow,_YL,Yellow,Apparel,Dress,Woven,Cotton; Linen,,,29.99,/242/64/219967_YL_1,219967_YL_1.jpg,none,,,,,
219999_GY,219999,Dress MORANGO Grey,_GY,Grey,Apparel,Dress,Woven,Viscose,,,35.99,/241/64/219999_GY_1,219999_GY_1.jpg,none,,,,,
220001_GN,220001,Trousers PLUS Green,_GN,Green,Apparel,Trousers,Woven,Modal; Polyester,,,29.99,/241/64/220001_GN_1,220001_GN_1.jpg,none,,,,,
220001_LL,220001,Trousers CLOSETS Lilac,_LL,Lilac,Apparel,Trousers,Woven,Modal; Polyester,,,29.99,/241/64/220001_LL_1,220001_LL_1.jpg,none,,,,,
220001_YL,220001,Trousers CLOSETS Yellow,_YL,Yellow,Apparel,Trousers,Woven,Modal; Polyester,,,29.99,/241/64/220001_YL_1,220001_YL_1.jpg,none,,,,,
220343_KK,220343,Top LAPA 4 Khaki,_KK,Khaki,Apparel,Top,Woven,Cotton; Elastane,,,35.99,/241/64/220343_KK_1,220343_KK_1.jpg,none,,,,,
220351_BK,220351,Dress MORANGO Black,_BK,Black,Apparel,Dress,Woven,Viscose; Lyocell,,,39.99,/241/64/220351_BK_1,220351_BK_1.jpg,none,,,,,
220351_GN,220351,Dress MORANGO Green,_GN,Green,Apparel,Dress,Woven,Viscose; Lyocell,,,39.99,/241/64/220351_GN_1,220351_GN_1.jpg,none,,,,,
220410_BM,220410,Shirt T1 ESSENTIALS Bright Multicolor,_BM,Bright Multicolor,Apparel,Shirt,Woven,Cotton,,Cotton,23.99,/241/64/220410_BM_1,220410_BM_1.jpg,none,,,,,
220416_BK,220416,Dress T1 ESSENTIALS Black,_BK,Black,Apparel,Dress,Woven,Lyocell,,,29.99,/241/64/220416_BK_1,220416_BK_1.jpg,none,,,,,
220416_BL,220416,Dress BETS Blue,_BL,Blue,Apparel,Dress,Woven,Lyocell,,Lyocell,29.99,/242/64/220416_BL_1,220416_BL_1.jpg,none,,,,,
220416_FU,220416,Dress T1 ESSENTIALS Fuchsia,_FU,Fuchsia,Apparel,Dress,Woven,Lyocell,,,29.99,/241/64/220416_FU_1,220416_FU_1.jpg,none,,,,,
220416_YL,220416,Dress T1 ESSENTIALS Yellow,_YL,Yellow,Apparel,Dress,Woven,Lyocell,,,29.99,/241/64/220416_YL_1,220416_YL_1.jpg,none,,,,,
220421_WT,220421,Sweatshirt SALVADOR 3 White,_WT,White,Apparel,Sweatshirt,Circular,Cotton,,,29.99,/241/64/220421_WT_1,220421_WT_1.jpg,none,,,,,
220516_GY,220516,Trousers MADEIRA Grey,_GY,Grey,Apparel,Trousers,Woven,Polyester; Viscose; Wool,,,29.99,/241/64/220516_GY_1,220516_GY_1.jpg,none,,,,,
220589_BM,220589,Dress KIW Bright Multicolor,_BM,Bright Multicolor,Apparel,Dress,Woven,Viscose,,,29.99,/241/64/220589_BM_1,220589_BM_1.jpg,none,,,,,
220677_BM,220677,Dress SUMMERCAP Bright Multicolor,_BM,Bright Multicolor,Apparel,Dress,Circular,Cotton,,,32.99,/241/64/220677_BM_1,220677_BM_1.jpg,none,,,,,
220749_BM,220749,Shirt KIW Bright Multicolor,_BM,Bright Multicolor,Apparel,Shirt,Woven,Viscose,,Viscose,25.99,/242/64/220749_BM_1,220749_BM_1.jpg,none,,,,,
220886_BK,220886,Dress BANANA Black,_BK,Black,Apparel,Dress,Woven,Cotton; Viscose; Rayon,,,32.99,/242/64/220886_BK_1,220886_BK_1.jpg,none,,,,,
220886_GN,220886,Dress BETS Green,_GN,Green,Apparel,Dress,Woven,Cotton; Viscose; Rayon,,,32.99,/242/64/220886_GN_1,220886_GN_1.jpg,none,,,,,
220887_BG,220887,Raincoat MARQUES Beige,_BG,Beige,Apparel,Raincoat,Woven,Polyamide,,,29.99,/241/64/220887_BG_1,220887_BG_1.jpg,none,,,,,
220936_EC,220936,Vest luci Ecru,_EC,Ecru,Apparel,Vest,Woven,Linen,,,29.99,/242/64/220936_EC_1,220936_EC_1.jpg,none,,,,,
220966_BM,220966,Dress NO Bright Multicolor,_BM,Bright Multicolor,Apparel,Dress,Woven,Viscose,,,35.99,/241/64/220966_BM_1,220966_BM_1.jpg,none,,,,,
221010_BM,221010,Bathing Suit LAPA 4 Bright Multicolor,_BM,Bright Multicolor,Apparel,Bath Suit,Circular,Elastane; Elastane; Polyester; Polyester,,Polyester,25.99,/242/64/221010_BM_1,221010_BM_1.jpg,none,,,,,
221017_BK,221017,Skirt ESTRELA Black,_BK,Black,Apparel,Skirt,Woven,Viscose,,,29.99,/241/64/221017_BK_1,221017_BK_1.jpg,none,,,,,
221017_EC,221017,Skirt ESTRELA Ecru,_EC,Ecru,Apparel,Skirt,Woven,Viscose,,,29.99,/241/64/221017_EC_1,221017_EC_1.jpg,none,,,,,
221169_LN,221169,Trousers BANANA Light Green,_LN,Light Green,Apparel,Trousers,Knit,Polyester,,,32.99,/241/64/221169_LN_1,221169_LN_1.jpg,none,,,,,
221306_BM,221306,Shorts LAPA 4 Bright Multicolor,_BM,Bright Multicolor,Apparel,Shorts,Woven,Cotton,,,17.99,/242/64/221306_BM_1,221306_BM_1.jpg,none,,,,,
221341_BM,221341,Kimono NH Bright Multicolor,_BM,Bright Multicolor,Apparel,Kimono,Woven,Cotton,,,39.99,/242/64/221341_BM_1,221341_BM_1.jpg,none,,,,,
221475_BM,221475,Dress AL Bright Multicolor,_BM,Bright Multicolor,Apparel,Dress,Woven,Viscose,,,32.99,/242/64/221475_BM_1,221475_BM_1.jpg,none,,,,,
221624_BG,221624,Dress SEJ Beige,_BG,Beige,Apparel,Dress,Woven,Polyamide; Viscose,,,27.99,/242/64/221624_BG_1,221624_BG_1.jpg,none,,,,,
221624_BL,221624,Dress SEJ Blue,_BL,Blue,Apparel,Dress,Woven,Polyamide; Viscose,,,27.99,/242/64/221624_BL_1,221624_BL_1.jpg,none,,,,,
221624_OR,221624,Dress SEJ Orange,_OR,Orange,Apparel,Dress,Woven,Viscose; Polyamide,,,27.99,/242/64/221624_OR_1,221624_OR_1.jpg,none,,,,,
221629_BM,221629,Shirt GI Bright Multicolor,_BM,Bright Multicolor,Apparel,Shirt,Woven,Viscose,,,27.99,/242/64/221629_BM_1,221629_BM_1.jpg,none,,,,,
221726_BM,221726,Dress CM Bright Multicolor,_BM,Bright Multicolor,Apparel,Dress,Woven,Viscose,,,27.99,/242/64/221726_BM_1,221726_BM_1.jpg,none,,,,,
221766_BM,221766,Dress BANANA Bright Multicolor,_BM,Bright Multicolor,Apparel,Dress,Circular,Cotton,,,29.99,/241/64/221766_BM_1,221766_BM_1.jpg,none,,,,,
221766_PK,221766,Dress BETS Pink,_PK,Pink,Apparel,Dress,Circular,Cotton,,,29.99,/241/64/221766_PK_1,221766_PK_1.jpg,none,,,,,
221780_BL,221780,Trousers P3 Blue,_BL,Blue,Apparel,Trousers,Woven,Cotton,,,32.99,/242/64/221780_BL_1,221780_BL_1.jpg,none,,,,,
221792_BM,221792,Kimono SANTOS Bright Multicolor,_BM,Bright Multicolor,Apparel,Kimono,Woven,Viscose,,,32.99,/241/64/221792_BM_1,221792_BM_1.jpg,none,,,,,
221841_BL,221841,Dress PAPAYA Blue,_BL,Blue,Apparel,Dress,Woven,Cotton; Cotton,,,27.99,/242/64/221841_BL_1,221841_BL_1.jpg,none,,,,,
221841_KK,221841,Dress PAPAYA Khaki,_KK,Khaki,Apparel,Dress,Woven,Cotton; Cotton,,,27.99,/242/64/221841_KK_1,221841_KK_1.jpg,none,,,,,
221875_BM,221875,Shirt T1 ESSENTIALS Bright Multicolor,_BM,Bright Multicolor,Apparel,Shirt,Woven,Cotton,,Cotton,23.99,/242/64/221875_BM_1,221875_BM_1.jpg,none,,,,,
221909_BM,221909,Shirt LAGO Bright Multicolor,_BM,Bright Multicolor,Apparel,Shirt,Woven,Lyocell,,,27.99,/242/64/221909_BM_1,221909_BM_1.jpg,none,,,,,
222034_BU,222034,Shirt JJ Burgundy,_BU,Burgundy,Apparel,Shirt,Woven,Viscose,,,27.99,/242/64/222034_BU_1,222034_BU_1.jpg,none,,,,,
222034_GN,222034,Shirt JJ Green,_GN,Green,Apparel,Shirt,Woven,Viscose,,,27.99,/242/64/222034_GN_1,222034_GN_1.jpg,none,,,,,
222093_BN,222093,Dress C7 Brown,_BN,Brown,Apparel,Dress,Woven,Viscose,,,32.99,/242/64/222093_BN_1,222093_BN_1.jpg,none,,,,,
222180_BM,222180,Shirt CC Bright Multicolor,_BM,Bright Multicolor,Apparel,Shirt,Woven,Polyamide; Lyocell,,,27.99,/242/64/222180_BM_1,222180_BM_1.jpg,none,,,,,
222231_BL,222231,Dress T1 ESSENTIALS Blue,_BL,Blue,Apparel,Dress,Circular,Cotton,,Cotton,19.99,/242/64/222231_BL_1,222231_BL_1.jpg,none,,,,,
222231_KK,222231,Dress T1 ESSENTIALS Khaki,_KK,Khaki,Apparel,Dress,Circular,Cotton,,Cotton,19.99,/242/64/222231_KK_1,222231_KK_1.jpg,none,,,,,
222231_NV,222231,Dress T1 ESSENTIALS Navy,_NV,Navy,Apparel,Dress,Circular,Cotton,,Cotton,19.99,/242/64/222231_NV_1,222231_NV_1.jpg,none,,,,,
222251_BM,222251,Dress C7 Bright Multicolor,_BM,Bright Multicolor,Apparel,Dress,Woven,Viscose,,,39.99,/242/64/222251_BM_1,222251_BM_1.jpg,none,,,,,
222256_BM,222256,Jumpsuit C4 Bright Multicolor,_BM,Bright Multicolor,Apparel,Jumpsuit,Woven,Viscose,,,35.99,/242/64/222256_BM_1,222256_BM_1.jpg,none,,,,,
222311_BN,222311,Jumpsuit BETS Brown,_BN,Brown,Apparel,Jumpsuit,Circular,Elastane; Modal; Polyamide,,,32.99,/242/64/222311_BN_1,222311_BN_1.jpg,none,,,,,
222311_OW,222311,Jumpsuit AL Off White,_OW,Off White,Apparel,Jumpsuit,Circular,Elastane; Modal; Polyamide,,,32.99,/242/64/222311_OW_1,222311_OW_1.jpg,none,,,,,
222316_LB,222316,T-shirt luci Light Blue,_LB,Light Blue,Apparel,T-shirt,Circular,Cotton,,Cotton,19.99,/242/64/222316_LB_1,222316_LB_1.jpg,none,,,,,
222360_BL,222360,Trousers TRENDY Blue,_BL,Blue,Apparel,Trousers,Woven,Cotton,,,39.99,/242/64/222360_BL_1,222360_BL_1.jpg,none,,,,,
222360_BN,222360,Trousers B5 Brown,_BN,Brown,Apparel,Trousers,Woven,Cotton,,,39.99,/242/64/222360_BN_1,222360_BN_1.jpg,none,,,,,
222360_EC,222360,Trousers C4 Ecru,_EC,Ecru,Apparel,Trousers,Woven,Cotton,,,39.99,/242/64/222360_EC_1,222360_EC_1.jpg,none,,,,,
222369_EC,222369,Top AL Ecru,_EC,Ecru,Apparel,Top,Woven,Polyamide; Viscose,,Viscose,19.99,/242/64/222369_EC_1,222369_EC_1.jpg,none,,,,,
222408_BM,222408,Dress C4 Bright Multicolor,_BM,Bright Multicolor,Apparel,Dress,Knit,Metallic Fiber; Polyester; Viscose,,,39.99,/242/64/222408_BM_1,222408_BM_1.jpg,none,,,,,
222434_BM,222434,Dress C3 Bright Multicolor,_BM,Bright Multicolor,Apparel,Dress,Circular,Elastane; Viscose,,,29.99,/242/64/222434_BM_1,222434_BM_1.jpg,none,,,,,
222434_NM,222434,Dress C1 Neutral Multicolor,_NM,Neutral Multicolor,Apparel,Dress,Circular,Elastane; Viscose,,,29.99,/242/64/222434_NM_1,222434_NM_1.jpg,none,,,,,
222440_BM,222440,Dress CM Bright Multicolor,_BM,Bright Multicolor,Apparel,Dress,Woven,Viscose,,,35.99,/242/64/222440_BM_1,222440_BM_1.jpg,none,,,,,
222478_BG,222478,Shorts C2 Beige,_BG,Beige,Apparel,Shorts,Woven,Polyamide; Viscose; Lyocell,,,27.99,/242/64/222478_BG_1,222478_BG_1.jpg,none,,,,,
222529_BM,222529,Shirt 55 Bright Multicolor,_BM,Bright Multicolor,Apparel,Shirt,Woven,Cotton,,Cotton,23.99,/242/64/222529_BM_1,222529_BM_1.jpg,none,,,,,
222594_BG,222594,Kimono T1 ESSENTIALS Beige,_BG,Beige,Apparel,Kimono,Woven,Cotton,,,39.99,/242/64/222594_BG_1,222594_BG_1.jpg,none,,,,,
222594_BL,222594,Kimono NH Blue,_BL,Blue,Apparel,Kimono,Woven,Cotton,,,39.99,/241/64/222594_BL_1,222594_BL_1.jpg,none,,,,,
222614_BL,222614,Dress SEJ Blue,_BL,Blue,Apparel,Dress,Woven,Cotton,,,39.99,/241/64/222614_BL_1,222614_BL_1.jpg,none,,,,,
222653_BK,222653,Dress CA Black,_BK,Black,Apparel,Dress,Woven,Elastane; Viscose,,,35.99,/242/64/222653_BK_1,222653_BK_1.jpg,none,,,,,
222675_WT,222675,T-shirt TRENDY White,_WT,White,Apparel,T-shirt,Circular,Cotton,,Cotton,15.99,/241/64/222675_WT_1,222675_WT_1.jpg,none,,,,,
222682_BK,222682,T-shirt TRENDY Black,_BK,Black,Apparel,T-shirt,Circular,Polyester; Cotton; Elastane; Modal,,Cotton,15.99,/241/64/222682_BK_1,222682_BK_1.jpg,none,,,,,
222682_WT,222682,T-shirt MORANGO White,_WT,White,Apparel,T-shirt,Circular,Polyester; Modal; Cotton; Elastane,,Cotton,15.99,/241/64/222682_WT_1,222682_WT_1.jpg,none,,,,,
222693_BM,222693,Cardigan SEJ Bright Multicolor,_BM,Bright Multicolor,Apparel,Cardigan,Knit,Polyester; RECYCLED COTTON,,,39.99,/242/64/222693_BM_1,222693_BM_1.jpg,none,,,,,
222699_KK,222699,Dress B3 Khaki,_KK,Khaki,Apparel,Dress,Knit,Polyamide; Viscose,,Viscose,35.99,/242/64/222699_KK_1,222699_KK_1.jpg,none,,,,,
222699_WT,222699,Dress TA White,_WT,White,Apparel,Dress,Knit,Polyamide; Viscose,,Viscose,35.99,/242/64/222699_WT_1,222699_WT_1.jpg,none,,,,,
222700_KK,222700,Sweatshirt SCUBA Khaki,_KK,Khaki,Apparel,Sweatshirt,Circular,Polyester; Elastane; Modal,,Modal,27.99,/241/64/222700_KK_1,222700_KK_1.jpg,none,,,,,
222714_BK,222714,Skirt MORANGO Black,_BK,Black,Apparel,Skirt,Knit,Polyamide; Polyester; RECYCLED COTTON,,Polyester,23.99,/242/64/222714_BK_1,222714_BK_1.jpg,none,,,,,
222714_EC,222714,Skirt MORANGO Ecru,_EC,Ecru,Apparel,Skirt,Knit,Polyamide; Polyester; RECYCLED COTTON,,Polyester,23.99,/242/64/222714_EC_1,222714_EC_1.jpg,none,,,,,
222794_BL,222794,Skirt LAGO Blue,_BL,Blue,Apparel,Skirt,Circular,Elastane; Modal; Polyamide,,,27.99,/242/64/222794_BL_1,222794_BL_1.jpg,none,,,,,
222813_BG,222813,Dress T1 ESSENTIALS Beige,_BG,Beige,Apparel,Dress,Woven,Cotton,,,35.99,/242/64/222813_BG_1,222813_BG_1.jpg,none,,,,,
222813_BL,222813,Dress T1 ESSENTIALS Blue,_BL,Blue,Apparel,Dress,Woven,Cotton,,,35.99,/242/64/222813_BL_1,222813_BL_1.jpg,none,,,,,
222830_GD,222830,Dress BETS Gold,_GD,Gold,Apparel,Dress,Knit,Viscose; Elastodieno,,,32.99,/241/64/222830_GD_1,222830_GD_1.jpg,none,,,,,
222830_PK,222830,Dress BETS Pink,_PK,Pink,Apparel,Dress,Knit,Viscose; Elastodieno,,,32.99,/241/64/222830_PK_1,222830_PK_1.jpg,none,,,,,
222830_SV,222830,Dress BETS Silver,_SV,Silver,Apparel,Dress,Knit,Viscose; Elastodieno,,,32.99,/241/64/222830_SV_1,222830_SV_1.jpg,none,,,,,
222889_WT,222889,Kimono C3 White,_WT,White,Apparel,Kimono,Woven,Cotton,,Cotton,59.99,/242/64/222889_WT_1,222889_WT_1.jpg,none,,,,,
222898_NV,222898,Jumpsuit TRENDY Navy,_NV,Navy,Apparel,Jumpsuit,Woven,Cotton,,,32.99,/242/64/222898_NV_1,222898_NV_1.jpg,none,,,,,
222898_RD,222898,Jumpsuit TRENDY Red,_RD,Red,Apparel,Jumpsuit,Woven,Cotton,,,32.99,/242/64/222898_RD_1,222898_RD_1.jpg,none,,,,,
222902_BL,222902,Trousers T1 ESSENTIALS Blue,_BL,Blue,Apparel,Trousers,Circular,Elastane; Polyester; Viscose,,Polyester,23.99,/241/64/222902_BL_1,222902_BL_1.jpg,none,,,,,
222902_BM,222902,Trousers T1 ESSENTIALS Bright Multicolor,_BM,Bright Multicolor,Apparel,Trousers,Circular,Elastane; Viscose; Polyester,,Polyester,23.99,/241/64/222902_BM_1,222902_BM_1.jpg,none,,,,,
222902_CA,222902,Trousers BETS Camel,_CA,Camel,Apparel,Trousers,Circular,Polyester; Viscose; Elastane,,Polyester,23.99,/242/64/222902_CA_1,222902_CA_1.jpg,none,,,,,
222902_KK,222902,Trousers BETS Khaki,_KK,Khaki,Apparel,Trousers,Circular,Elastane; Polyester; Viscose,,Polyester,23.99,/242/64/222902_KK_1,222902_KK_1.jpg,none,,,,,
222902_WT,222902,Trousers T1 ESSENTIALS White,_WT,White,Apparel,Trousers,Circular,Elastane; Polyester; Viscose,,Polyester,23.99,/241/64/222902_WT_1,222902_WT_1.jpg,none,,,,,
223179_WT,223179,Shirt C1 White,_WT,White,Apparel,Shirt,Woven,Linen,,,29.99,/242/64/223179_WT_1,223179_WT_1.jpg,none,,,,,
223194_KK,223194,Sweater 00 Khaki,_KK,Khaki,Apparel,Sweater,Knit,Viscose; Polyamide,,Viscose,29.99,/242/64/223194_KK_1,223194_KK_1.jpg,none,,,,,
223194_WT,223194,Sweater B3 White,_WT,White,Apparel,Sweater,Knit,Polyamide; Viscose,,Viscose,29.99,/242/64/223194_WT_1,223194_WT_1.jpg,none,,,,,
223233_LG,223233,Shirt KAT Light Grey,_LG,Light Grey,Apparel,Shirt,Woven,Polyamide; Cotton,,Cotton,32.99,/242/64/223233_LG_1,223233_LG_1.jpg,none,,,,,
223348_BK,223348,Shirt BB Black,_BK,Black,Apparel,Shirt,Woven,Cotton,,,29.99,/242/64/223348_BK_1,223348_BK_1.jpg,none,,,,,
223348_BU,223348,Shirt BB Burgundy,_BU,Burgundy,Apparel,Shirt,Woven,Cotton,,,29.99,/242/64/223348_BU_1,223348_BU_1.jpg,none,,,,,
223383_BM,223383,Shirt BETS Bright Multicolor,_BM,Bright Multicolor,Apparel,Shirt,Woven,Viscose,,Viscose,27.99,/242/64/223383_BM_1,223383_BM_1.jpg,none,,,,,
223430_BM,223430,T-shirt C1 Bright Multicolor,_BM,Bright Multicolor,Apparel,T-shirt,Circular,Lyocell,,Lyocell,19.99,/242/64/223430_BM_1,223430_BM_1.jpg,none,,,,,
223449_BM,223449,Dress TRENDY Bright Multicolor,_BM,Bright Multicolor,Apparel,Dress,Woven,Cotton; Cotton,,,32.99,/242/64/223449_BM_1,223449_BM_1.jpg,none,,,,,
223456_BK,223456,Trousers cindy Black,_BK,Black,Apparel,Trousers,Woven,Lyocell,,Lyocell,27.99,/242/64/223456_BK_1,223456_BK_1.jpg,none,,,,,
223459_BG,223459,Dress T1 ESSENTIALS Beige,_BG,Beige,Apparel,Dress,Woven,Polyester,,Polyester,25.99,/242/64/223459_BG_1,223459_BG_1.jpg,none,,,,,
223459_BK,223459,Dress P1 SET Black,_BK,Black,Apparel,Dress,Woven,Polyester,,Polyester,25.99,/242/64/223459_BK_1,223459_BK_1.jpg,none,,,,,
223466_BM,223466,Shorts TRENDY Bright Multicolor,_BM,Bright Multicolor,Apparel,Shorts,Woven,Cotton,,Cotton,23.99,/242/64/223466_BM_1,223466_BM_1.jpg,none,,,,,
223536_BM,223536,Dress C4 SET Bright Multicolor,_BM,Bright Multicolor,Apparel,Dress,Woven,Viscose,,Viscose,39.99,/242/64/223536_BM_1,223536_BM_1.jpg,none,,,,,
223556_BM,223556,Dress GI Bright Multicolor,_BM,Bright Multicolor,Apparel,Dress,Circular,Elastane; Viscose; Polyester,,,27.99,/242/64/223556_BM_1,223556_BM_1.jpg,none,,,,,
223581_BL,223581,Dress BETS Blue,_BL,Blue,Apparel,Dress,Woven,Cotton,,,35.99,/242/64/223581_BL_1,223581_BL_1.jpg,none,,,,,
223581_LB,223581,Dress BETS Light Blue,_LB,Light Blue,Apparel,Dress,Woven,Cotton,,,35.99,/242/64/223581_LB_1,223581_LB_1.jpg,none,,,,,
223605_BM,223605,Jeans 22 Bright Multicolor,_BM,Bright Multicolor,Apparel,Jeans,Woven,Cotton,,Cotton,32.99,/242/64/223605_BM_1,223605_BM_1.jpg,none,,,,,
223641_MD,223641,Dress CA Mustard,_MD,Mustard,Apparel,Dress,Circular,Cotton,,Cotton,23.99,/242/64/223641_MD_1,223641_MD_1.jpg,none,,,,,
223658_BM,223658,Skirt TRENDY Bright Multicolor,_BM,Bright Multicolor,Apparel,Skirt,Circular,Elastane; Polyester,,Polyester,25.99,/242/64/223658_BM_1,223658_BM_1.jpg,none,,,,,
223716_BM,223716,Shirt TU Bright Multicolor,_BM,Bright Multicolor,Apparel,Shirt,Woven,Viscose,,,32.99,/242/64/223716_BM_1,223716_BM_1.jpg,none,,,,,
223871_GN,223871,Sweatshirt GI Green,_GN,Green,Apparel,Sweatshirt,Circular,Polyester; Viscose; Elastane,,Polyester,27.99,/242/64/223871_GN_1,223871_GN_1.jpg,none,,,,,
223871_WT,223871,Sweatshirt GI White,_WT,White,Apparel,Sweatshirt,Circular,Polyester; Elastane; Viscose,,Polyester,27.99,/242/64/223871_WT_1,223871_WT_1.jpg,none,,,,,
223896_BM,223896,Bathing Suit C3 Bright Multicolor,_BM,Bright Multicolor,Apparel,Bath Suit,Circular,Polyester; Polyester; Elastane; Elastane,,Polyester,25.99,/242/64/223896_BM_1,223896_BM_1.jpg,none,,,,,
223932_AN,223932,Dress B4 Anthracite,_AN,Anthracite,Apparel,Dress,Circular,Viscose; Modal; Polyester,,Modal,35.99,/242/64/223932_AN_1,223932_AN_1.jpg,none,,,,,
223932_LK,223932,Dress B4 Light Pink,_LK,Light Pink,Apparel,Dress,Circular,Viscose; Polyester; Modal,,Modal,35.99,/242/64/223932_LK_1,223932_LK_1.jpg,none,,,,,
223932_OW,223932,Dress B4 Off White,_OW,Off White,Apparel,Dress,Circular,Viscose; Polyester; Modal,,Modal,35.99,/242/64/223932_OW_1,223932_OW_1.jpg,none,,,,,
223980_BM,223980,Skirt CS1 Bright Multicolor,_BM,Bright Multicolor,Apparel,Skirt,Woven,Viscose; Polyester,,,35.99,/242/64/223980_BM_1,223980_BM_1.jpg,none,,,,,
224002_NM,224002,Top BRIDAL CAPSULE Neutral Multicolor,_NM,Neutral Multicolor,Apparel,Top,Woven,Cotton,,Cotton,79.99,/242/64/224002_NM_1,224002_NM_1.jpg,none,,,,,
224055_EC,224055,Dress BRIDAL CAPSULE Ecru,_EC,Ecru,Apparel,Dress,Knit,Polyamide; Viscose,,Viscose,45.99,/242/64/224055_EC_1,224055_EC_1.jpg,none,,,,,
224088_BU,224088,Dress BETS Burgundy,_BU,Burgundy,Apparel,Dress,Woven,Polyamide; Viscose,,,42.99,/242/64/224088_BU_1,224088_BU_1.jpg,none,,,,,
224088_KK,224088,Dress NO Khaki,_KK,Khaki,Apparel,Dress,Woven,Viscose; Polyamide,,Viscose,42.99,/242/64/224088_KK_1,224088_KK_1.jpg,none,,,,,
224126_OW,224126,T-shirt CS1 Off White,_OW,Off White,Apparel,T-shirt,Circular,Linen; Polyester,,Polyester,15.99,/242/64/224126_OW_1,224126_OW_1.jpg,none,,,,,
224130_EC,224130,Trousers 00 Ecru,_EC,Ecru,Apparel,Trousers,Circular,Elastane; Viscose; Polyamide,,Viscose,29.99,/242/64/224130_EC_1,224130_EC_1.jpg,none,,,,,
224130_NV,224130,Trousers 00 Navy,_NV,Navy,Apparel,Trousers,Circular,Polyamide; Elastane; Viscose,,Viscose,29.99,/242/64/224130_NV_1,224130_NV_1.jpg,none,,,,,
224144_EC,224144,Dress CM Ecru,_EC,Ecru,Apparel,Dress,Knit,Viscose; Polyamide; Cotton; Polyester,,,35.99,/242/64/224144_EC_1,224144_EC_1.jpg,none,,,,,
224199_BK,224199,T-shirt 66 Black,_BK,Black,Apparel,T-shirt,Circular,Elastane; Viscose; Polyamide,,Viscose,23.99,/242/64/224199_BK_1,224199_BK_1.jpg,none,,,,,
224199_EC,224199,T-shirt 66 Ecru,_EC,Ecru,Apparel,T-shirt,Circular,Elastane; Viscose; Polyamide,,Viscose,23.99,/242/64/224199_EC_1,224199_EC_1.jpg,none,,,,,
224199_IG,224199,T-shirt BETS Indigo,_IG,Indigo,Apparel,T-shirt,Circular,Viscose; Polyamide; Elastane,,Viscose,23.99,/242/64/224199_IG_1,224199_IG_1.jpg,none,,,,,
224199_KK,224199,T-shirt BETS Khaki,_KK,Khaki,Apparel,T-shirt,Circular,Elastane; Viscose; Polyamide,,Viscose,23.99,/242/64/224199_KK_1,224199_KK_1.jpg,none,,,,,
224222_WT,224222,Skirt BRIDAL CAPSULE White,_WT,White,Apparel,Skirt,Woven,Elastane; Polyester; Polyamide,,,35.99,/242/64/224222_WT_1,224222_WT_1.jpg,none,,,,,
224241_BL,224241,Trousers TRENDY Blue,_BL,Blue,Apparel,Trousers,Woven,Cotton,,,32.99,/242/64/224241_BL_1,224241_BL_1.jpg,none,,,,,
224288_EC,224288,Vest AL Ecru,_EC,Ecru,Apparel,Vest,Woven,Cotton; Linen; Viscose,,,29.99,/242/64/224288_EC_1,224288_EC_1.jpg,none,,,,,
224328_EC,224328,Sweatshirt cindy Ecru,_EC,Ecru,Apparel,Sweatshirt,Circular,Polyester; Cotton,,,32.99,/242/64/224328_EC_1,224328_EC_1.jpg,none,,,,,
224425_BM,224425,Shirt bro Bright Multicolor,_BM,Bright Multicolor,Apparel,Shirt,Woven,Viscose; Elastane,,,32.99,/242/64/224425_BM_1,224425_BM_1.jpg,none,,,,,
224441_AN,224441,Dress TT Anthracite,_AN,Anthracite,Apparel,Dress,Circular,Polyester; Modal,,Modal,29.99,/242/64/224441_AN_1,224441_AN_1.jpg,none,,,,,
224441_GN,224441,Dress TT Green,_GN,Green,Apparel,Dress,Circular,Modal; Polyester,,Modal,29.99,/242/64/224441_GN_1,224441_GN_1.jpg,none,,,,,
224446_PK,224446,Sweater KAT Pink,_PK,Pink,Apparel,Sweater,Knit,Wool; Acrylic; Polyamide,,,32.99,/242/64/224446_PK_1,224446_PK_1.jpg,none,,,,,
224453_EC,224453,Shirt TRENDY Ecru,_EC,Ecru,Apparel,Shirt,Woven,Cotton,,,35.99,/242/64/224453_EC_1,224453_EC_1.jpg,none,,,,,
224472_PK,224472,Dress TRENDY Pink,_PK,Pink,Apparel,Dress,Woven,Cotton,,,35.99,/242/64/224472_PK_1,224472_PK_1.jpg,none,,,,,
224472_WT,224472,Dress TRENDY White,_WT,White,Apparel,Dress,Woven,Cotton,,,35.99,/242/64/224472_WT_1,224472_WT_1.jpg,none,,,,,
224492_WT,224492,Shorts TT White,_WT,White,Apparel,Shorts,Circular,Cotton,,Cotton,23.99,/242/64/224492_WT_1,224492_WT_1.jpg,none,,,,,
224694_EC,224694,Trousers B4 Ecru,_EC,Ecru,Apparel,Trousers,Circular,Cotton; Elastane; Viscose; Polyester,,,32.99,/242/64/224694_EC_1,224694_EC_1.jpg,none,,,,,
224720_EC,224720,Sweater NO Ecru,_EC,Ecru,Apparel,Sweater,Knit,Acrylic; Polyamide; Wool; Mohair,,,35.99,/242/64/224720_EC_1,224720_EC_1.jpg,none,,,,,
224720_GY,224720,Sweater C4 SET Grey,_GY,Grey,Apparel,Sweater,Knit,Polyamide; Mohair; Wool; Acrylic,,,35.99,/242/64/224720_GY_1,224720_GY_1.jpg,none,,,,,
224720_PK,224720,Sweater C4 SET Pink,_PK,Pink,Apparel,Sweater,Knit,Acrylic; Mohair; Polyamide; Wool,,,35.99,/242/64/224720_PK_1,224720_PK_1.jpg,none,,,,,
224784_EC,224784,Coat T1 ESSENTIALS Ecru,_EC,Ecru,Apparel,Coat,Woven,Polyester,,,69.99,/242/64/224784_EC_1,224784_EC_1.jpg,none,,,,,
224784_PK,224784,Coat T1 ESSENTIALS Pink,_PK,Pink,Apparel,Coat,Woven,Polyester,,,69.99,/242/64/224784_PK_1,224784_PK_1.jpg,none,,,,,
224835_BM,224835,Sweatshirt C4 SET Bright Multicolor,_BM,Bright Multicolor,Apparel,Sweatshirt,Circular,Cotton,,,29.99,/242/64/224835_BM_1,224835_BM_1.jpg,none,,,,,
224849_BK,224849,Skirt OO Black,_BK,Black,Apparel,Skirt,Circular,Elastane; Viscose,,Viscose,23.99,/242/64/224849_BK_1,224849_BK_1.jpg,none,,,,,
224849_WT,224849,Skirt BB White,_WT,White,Apparel,Skirt,Circular,Elastane; Viscose,,Viscose,23.99,/242/64/224849_WT_1,224849_WT_1.jpg,none,,,,,
224874_CA,224874,Dress RB Camel,_CA,Camel,Apparel,Dress,Woven,Cotton,,,39.99,/242/64/224874_CA_1,224874_CA_1.jpg,none,,,,,
224883_BM,224883,Shirt CC Bright Multicolor,_BM,Bright Multicolor,Apparel,Shirt,Woven,Elastane; Cotton; Polyamide,,,39.99,/242/64/224883_BM_1,224883_BM_1.jpg,none,,,,,
224890_BN,224890,Coat CS1 Brown,_BN,Brown,Apparel,Coat,Woven,Polyester; Polyamide; Polyester; Cotton,,Polyester,49.99,/242/64/224890_BN_1,224890_BN_1.jpg,none,,,,,
224907_CL,224907,Top TRENDY Coral,_CL,Coral,Apparel,Top,Woven,Cotton,,,29.99,/242/64/224907_CL_1,224907_CL_1.jpg,none,,,,,
224907_WT,224907,Top TRENDY White,_WT,White,Apparel,Top,Woven,Cotton,,,29.99,/242/64/224907_WT_1,224907_WT_1.jpg,none,,,,,
224910_BK,224910,Vest OO Black,_BK,Black,Apparel,Vest,Circular,Elastane; Polyamide; Polyester; Viscose,,,27.99,/242/64/224910_BK_1,224910_BK_1.jpg,none,,,,,
224925_BU,224925,Sweatshirt KAT Burgundy,_BU,Burgundy,Apparel,Sweatshirt,Circular,Cotton; Polyester,,,32.99,/242/64/224925_BU_1,224925_BU_1.jpg,none,,,,,
224938_BG,224938,Raincoat P1 SET Beige,_BG,Beige,Apparel,Raincoat,Woven,Polyester,,,49.99,/242/64/224938_BG_1,224938_BG_1.jpg,none,,,,,
224944_BL,224944,T-shirt P2 Blue,_BL,Blue,Apparel,T-shirt,Circular,Viscose; Elastane; Polyamide,,Viscose,25.99,/242/64/224944_BL_1,224944_BL_1.jpg,none,,,,,
224944_OW,224944,T-shirt P2 Off White,_OW,Off White,Apparel,T-shirt,Circular,Elastane; Viscose; Polyamide,,Viscose,25.99,/242/64/224944_OW_1,224944_OW_1.jpg,none,,,,,
224960_BG,224960,Cardigan JJ Beige,_BG,Beige,Apparel,Cardigan,Knit,Linen; Acrylic; Lyocell,,Acrylic,25.99,/242/64/224960_BG_1,224960_BG_1.jpg,none,,,,,
224960_BL,224960,Cardigan JJ Blue,_BL,Blue,Apparel,Cardigan,Knit,Lyocell; Acrylic; Linen,,Acrylic,25.99,/242/64/224960_BL_1,224960_BL_1.jpg,none,,,,,
224960_GN,224960,Cardigan JJ Green,_GN,Green,Apparel,Cardigan,Knit,Acrylic; Lyocell; Linen,,Acrylic,25.99,/242/64/224960_GN_1,224960_GN_1.jpg,none,,,,,
224961_BM,224961,Sweater JJ Bright Multicolor,_BM,Bright Multicolor,Apparel,Sweater,Knit,Lyocell,,Lyocell,25.99,/242/64/224961_BM_1,224961_BM_1.jpg,none,,,,,
224961_WT,224961,Sweater JJ White,_WT,White,Apparel,Sweater,Knit,Lyocell,,Lyocell,25.99,/242/64/224961_WT_1,224961_WT_1.jpg,none,,,,,
206375_BK,206375,Flat Sandals BASIC FLAT SANDALS Black,_BK,Black,Footwear,Flat Sandals,PU,Polyurethane; Polyurethane; Polyurethane; Rubber,,,15.99,/231/53/206375_BK_1,206375_BK_1.jpg,none,,,,,
206375_CA,206375,Flat Sandals BASIC FLAT SANDALS Camel,_CA,Camel,Footwear,Flat Sandals,PU,Polyurethane; Polyurethane; Polyurethane; Rubber,,,15.99,/231/53/206375_CA_1,206375_CA_1.jpg,none,,,,,
206375_OW,206375,Flat Sandals BASIC FLAT SANDALS Off White,_OW,Off White,Footwear,Flat Sandals,PU,Rubber; Polyurethane; Polyurethane; Polyurethane,,,15.99,/231/53/206375_OW_1,206375_OW_1.jpg,none,,,,,
207047_RD,207047,Ballerinas LEATHER BALLERINA RED Red,_RD,Red,Footwear,Ballerinas,Leather,Polyester; Polyurethane; Polyurethane; Rubber; Goat Leather,,,35.99,/232/53/207047_RD_1,207047_RD_1.jpg,none,,,,,
208142_BK,208142,High Heel Sandals RUBBER PLATFORM Black,_BK,Black,Footwear,High Heel Sandals,Rubber,Polyurethane; Polyurethane; Polyurethane; Rubber,,,35.99,/232/53/208142_BK_1,208142_BK_1.jpg,none,,,,,
208230_GD,208230,Ballerinas POINTED BICOLOR BALLERINA Gold,_GD,Gold,Footwear,Ballerinas,PU,Polyester; Polyester; Polyurethane; Polyurethane; Polyurethane; Rubber,,,23.99,/232/53/208230_GD_1,208230_GD_1.jpg,none,,,,,
208230_NU,208230,Ballerinas POINTED BICOLOR BALLERINA Nude,_NU,Nude,Footwear,Ballerinas,PU,Polyester; Polyester; Polyurethane; Polyurethane; Polyurethane; Rubber,,,23.99,/232/53/208230_NU_1,208230_NU_1.jpg,none,,,,,
209514_GD,209514,High Heel Shoes GOLD SLINGBACK SHOES Gold,_GD,Gold,Footwear,High Heel Shoes,PU,Polyurethane; Polyurethane; Polyurethane; Rubber,,,35.99,/232/53/209514_GD_1,209514_GD_1.jpg,none,,,,,
209514_OW,209514,High Heel Shoes OFF WHITE SLINGBACK SHOES Off White,_OW,Off White,Footwear,High Heel Shoes,PU,Polyurethane; Polyurethane; Polyurethane; Rubber,,,35.99,/232/53/209514_OW_1,209514_OW_1.jpg,none,,,,,
209530_BK,209530,Ballerinas BALLERINA FLYKNIT Black,_BK,Black,Footwear,Ballerinas,Textile,Polyester; Polyester; Polyester; Polyurethane; Polyurethane; Rubber,,,25.99,/232/53/209530_BK_1,209530_BK_1.jpg,none,,,,,
209742_PK,209742,Trainer Shoes RUNNING PINK Pink,_PK,Pink,Footwear,Trainers,Textile,Polyester; Polyester; Polyester; Polyurethane; Rubber,,,35.99,/232/53/209742_PK_1,209742_PK_1.jpg,none,,,,,
210344_BK,210344,Boots BLACK RUBBER BOOT Black,_BK,Black,Footwear,Boots,PU,Polyester; Polyurethane; Polyurethane; Rubber; Rubber,,,55.99,/232/53/210344_BK_1,210344_BK_1.jpg,none,,,,,
210344_KK,210344,Boots KHAKI RUBBER BOOT Khaki,_KK,Khaki,Footwear,Boots,PU,Polyester; Polyurethane; Polyurethane; Rubber; Rubber,,,55.99,/232/53/210344_KK_1,210344_KK_1.jpg,none,,,,,
210457_BK,210457,Boots BASIC ELASTIC BOOT Black,_BK,Black,Footwear,Boots,PU,Polyester; Polyester; Polyurethane; Polyurethane; Polyurethane; Rubber,,,39.99,/232/53/210457_BK_1,210457_BK_1.jpg,none,,,,,
210652_BK,210652,Ankle Boots ELASTIC ANKLE BOOT Black,_BK,Black,Footwear,Ankle Boots,PU,Polyester; Polyester; Polyurethane; Polyurethane; Polyurethane; Rubber,,,39.99,/232/53/210652_BK_1,210652_BK_1.jpg,none,,,,,
210669_BK,210669,Ankle Boots NEOPRENE BOOT BLACK Black,_BK,Black,Footwear,Ankle Boots,Textile,Polyester; Polyester; Polyurethane; Polyurethane; Polyurethane; Rubber,,,59.99,/232/53/210669_BK_1,210669_BK_1.jpg,none,,,,,
210669_KK,210669,Ankle Boots NEOPRENE BOOT KHAKI Khaki,_KK,Khaki,Footwear,Ankle Boots,Textile,Polyester; Polyester; Polyurethane; Polyurethane; Polyurethane; Rubber,,,59.99,/232/53/210669_KK_1,210669_KK_1.jpg,none,,,,,
210802_BK,210802,Flat Shoes CHUNKY MOCASSIN Black,_BK,Black,Footwear,Flat Shoes,PU,Polyester; Polyurethane; Polyurethane; Polyurethane; Rubber,,,39.99,/232/53/210802_BK_1,210802_BK_1.jpg,none,,,,,
211334_KK,211334,Trainer Shoes TRAINER KHAKI Khaki,_KK,Khaki,Footwear,Trainers,Textile,Polyester; Polyester; Polyester; Polyurethane; Rubber,,,35.99,/232/53/211334_KK_1,211334_KK_1.jpg,none,,,,,
211334_NV,211334,Trainer Shoes TRAINER NAVY Navy,_NV,Navy,Footwear,Trainers,Textile,Polyester; Polyester; Polyester; Polyurethane; Rubber,,,35.99,/232/53/211334_NV_1,211334_NV_1.jpg,none,,,,,
211561_CA,211561,Ballerinas STUDS LEATHER BALLERINA Camel,_CA,Camel,Footwear,Ballerinas,Leather,Cow Suede Leather; Polyester; Polyurethane; Polyurethane; Rubber,,,39.99,/232/53/211561_CA_1,211561_CA_1.jpg,none,,,,,
212049_BK,212049,Ballerinas PATENT BALLERINA BUCKLES Black,_BK,Black,Footwear,Ballerinas,PU,Polyester; Polyurethane; Polyurethane; Polyurethane; Rubber,,,32.99,/232/53/212049_BK_1,212049_BK_1.jpg,none,,,,,
212049_RD,212049,Ballerinas PATENT BALLERINA BUCKLES Red,_RD,Red,Footwear,Ballerinas,PU,Polyester; Polyurethane; Polyurethane; Polyurethane; Rubber,,,32.99,/232/53/212049_RD_1,212049_RD_1.jpg,none,,,,,
212055_BK,212055,Boots BLACK LEATHER BOOT Black,_BK,Black,Footwear,Boots,Leather,Cow Leather; Cow Leather; Cow Leather; Rubber,,,129.99,/232/53/212055_BK_1,212055_BK_1.jpg,none,,,,,
213751_BK,213751,Ankle Boots ELASTIC ANKLE BOOT Black,_BK,Black,Footwear,Ankle Boots,PU,Polyester; Polyester; Polyurethane; Polyurethane; Polyurethane; Rubber,,,45.99,/232/53/213751_BK_1,213751_BK_1.jpg,none,,,,,
214178_BK,214178,Ankle Boots MILITAR LACES BOOT Black,_BK,Black,Footwear,Ankle Boots,PU,Polyester; Polyurethane; Polyurethane; Polyurethane; Rubber,,,45.99,/232/53/214178_BK_1,214178_BK_1.jpg,none,,,,,
214360_BK,214360,High Heel Shoes KITTEN HEEL Black,_BK,Black,Footwear,High Heel Shoes,PU,Polyurethane; Polyurethane; Polyurethane; Rubber,,,35.99,/232/53/214360_BK_1,214360_BK_1.jpg,none,,,,,
214360_RD,214360,High Heel Shoes KITTEN HEEL Red,_RD,Red,Footwear,High Heel Shoes,PU,Polyurethane; Polyurethane; Polyurethane; Rubber,,,35.99,/232/53/214360_RD_1,214360_RD_1.jpg,none,,,,,
214493_BK,214493,Ballerinas BALLERINA LEATHER Black,_BK,Black,Footwear,Ballerinas,Leather,Rubber; Cow Leather; Cow Leather; Polyurethane; Polyurethane,,,39.99,/241/53/214493_BK_1,214493_BK_1.jpg,none,,,,,
214493_GD,214493,Ballerinas BALLERINA LEATHER Gold,_GD,Gold,Footwear,Ballerinas,Leather,Cow Leather; Cow Leather; Polyurethane; Polyurethane; Rubber,,,39.99,/241/53/214493_GD_1,214493_GD_1.jpg,none,,,,,
214493_OW,214493,Ballerinas BALLERINA LEATHER Off White,_OW,Off White,Footwear,Ballerinas,Leather,Rubber; Cow Leather; Cow Leather; Polyurethane; Polyurethane,,,39.99,/241/53/214493_OW_1,214493_OW_1.jpg,none,,,,,
214504_BK,214504,Flat Shoes LEATHER MOCASSIN Black,_BK,Black,Footwear,Flat Shoes,Leather,Cow Leather; Polyester; Polyurethane; Polyurethane; Polyurethane; Rubber,,,45.99,/241/53/214504_BK_1,214504_BK_1.jpg,none,,,,,
215341_BK,215341,Ankle Boots LEATHER ANKLE BOOT Black,_BK,Black,Footwear,Ankle Boots,Textile,Cow Leather; Polyester; Polyurethane; Polyurethane; Rubber,,,59.99,/241/53/215341_BK_1,215341_BK_1.jpg,none,,,,,
215589_BK,215589,Ankle Boots MILITAR LACES BOOT Black,_BK,Black,Footwear,Ankle Boots,PU,Polyester; Polyurethane; Polyurethane; Polyurethane; Rubber,,,39.99,/241/53/215589_BK_1,215589_BK_1.jpg,none,,,,,
216045_BK,216045,Boots HIGH BOOT KITTEN Black,_BK,Black,Footwear,Boots,PU,Polyester; Polyurethane; Polyurethane; Polyurethane; Rubber,,,59.99,/241/53/216045_BK_1,216045_BK_1.jpg,none,,,,,
216643_BK,216643,High Heel Shoes KITTEN PARTY Black,_BK,Black,Footwear,High Heel Shoes,Textile,Polyester; Polyester; Polyurethane; Polyurethane; Rubber,,,39.99,/241/53/216643_BK_1,216643_BK_1.jpg,none,,,,,
216769_BK,216769,Ankle Boots LYCRA ANKLE BOOT Black,_BK,Black,Footwear,Ankle Boots,Textile,Polyester; Polyester; Polyurethane; Polyurethane; Rubber,,,35.99,/241/53/216769_BK_1,216769_BK_1.jpg,none,,,,,
216769_TU,216769,Ankle Boots LYCRA ANKLE BOOT Taupe,_TU,Taupe,Footwear,Ankle Boots,Textile,Polyester; Polyester; Polyurethane; Polyurethane; Rubber,,,35.99,/241/53/216769_TU_1,216769_TU_1.jpg,none,,,,,
217145_BG,217145,High Heel Shoes SOCA Beige,_BG,Beige,Footwear,High Heel Shoes,Leather,Polyurethane; Rubber; Cow Suede Leather; Polyester; Polyurethane,,,45.99,/241/53/217145_BG_1,217145_BG_1.jpg,none,,,,,
217242_GD,217242,Flat Sandals EMAN Gold,_GD,Gold,Footwear,Flat Sandals,Others,Polyurethane; Polyurethane; Rubber; Vinyl; Vinyl,,,29.99,/241/53/217242_GD_1,217242_GD_1.jpg,none,,,,,
217275_BK,217275,Ballerinas STUDS BALLERINA Black,_BK,Black,Footwear,Ballerinas,PU,Polyurethane; Rubber; Polyester; Polyurethane; Polyurethane,,,29.99,/241/53/217275_BK_1,217275_BK_1.jpg,none,,,,,
217275_OW,217275,Ballerinas STUDS BALLERINA Off White,_OW,Off White,Footwear,Ballerinas,PU,Polyester; Polyurethane; Polyurethane; Polyurethane; Rubber,,,29.99,/241/53/217275_OW_1,217275_OW_1.jpg,none,,,,,
218036_SV,218036,Flat Shoes JUTE BICOLOR Silver,_SV,Silver,Footwear,Flat Shoes,Textile,Cotton; Cotton; Polyester; Polyurethane; Polyurethane; Polyurethane; Rubber; Jute,,,23.99,/241/53/218036_SV_1,218036_SV_1.jpg,none,,,,,
218059_EC,218059,Flat Shoes JUTE CROCHET Ecru,_EC,Ecru,Footwear,Flat Shoes,Textile,Cotton; Cotton; Linen; Polyester; Polyurethane; Polyurethane; Polyurethane; Rubber; Jute,,,25.99,/241/53/218059_EC_1,218059_EC_1.jpg,none,,,,,
218168_CA,218168,Flat Sandals CAMEL FLAT SANDAL Camel,_CA,Camel,Footwear,Flat Sandals,Leather,Cow Leather; Polyurethane; Polyurethane; Rubber,,,32.99,/241/53/218168_CA_1,218168_CA_1.jpg,none,,,,,
218257_GD,218257,Flat Sandals FLAT SANDAL KNOTS Gold,_GD,Gold,Footwear,Flat Sandals,PU,Polyurethane; Polyurethane; Polyurethane; Rubber,,,25.99,/241/53/218257_GD_1,218257_GD_1.jpg,none,,,,,
218257_SV,218257,Flat Sandals FLAT SANDAL KNOTS Silver,_SV,Silver,Footwear,Flat Sandals,PU,Polyurethane; Rubber; Polyurethane; Polyurethane,,,25.99,/241/53/218257_SV_1,218257_SV_1.jpg,none,,,,,
218262_BK,218262,Ankle Boots BIKER Black,_BK,Black,Footwear,Ankle Boots,Leather,Cow Leather; Polyester; Polyurethane; Polyurethane; Rubber,,,79.99,/241/53/218262_BK_1,218262_BK_1.jpg,none,,,,,
218496_GD,218496,Ballerinas SLINGBACK LEATHER Gold,_GD,Gold,Footwear,Ballerinas,Leather,Polyester; Polyurethane; Polyurethane; Rubber; Goat Leather,,,35.99,/241/53/218496_GD_1,218496_GD_1.jpg,none,,,,,
218496_SV,218496,Ballerinas SLINGBACK LEATHER Silver,_SV,Silver,Footwear,Ballerinas,Leather,Polyester; Polyurethane; Polyurethane; Rubber; Goat Leather,,,35.99,/241/53/218496_SV_1,218496_SV_1.jpg,none,,,,,
218501_TU,218501,Flat Shoes LEATHER MOCASSIN Taupe,_TU,Taupe,Footwear,Flat Shoes,Leather,Cow Suede Leather; Cow Suede Leather; Polyester; Polyurethane; Polyurethane; Rubber,,,39.99,/241/53/218501_TU_1,218501_TU_1.jpg,none,,,,,
218511_BG,218511,Ballerinas BALLERINA LEATHER Beige,_BG,Beige,Footwear,Ballerinas,Leather,Rubber; Cow Leather; Cow Leather; Cow Leather,,,39.99,/241/53/218511_BG_1,218511_BG_1.jpg,none,,,,,
218511_CA,218511,Ballerinas BALLERINA LEATHER Camel,_CA,Camel,Footwear,Ballerinas,Leather,Cow Leather; Cow Leather; Cow Leather; Rubber,,,39.99,/242/53/218511_CA_1,218511_CA_1.jpg,none,,,,,
218511_CH,218511,Ballerinas BALLERINA LEATHER Chocolate,_CH,Chocolate,Footwear,Ballerinas,Leather,Cow Leather; Cow Leather; Cow Leather; Rubber,,,39.99,/242/53/218511_CH_1,218511_CH_1.jpg,none,,,,,
218511_GN,218511,Ballerinas BALLERINA LEATHER Green,_GN,Green,Footwear,Ballerinas,Leather,Rubber; Cow Leather; Cow Leather; Cow Leather,,,39.99,/241/53/218511_GN_1,218511_GN_1.jpg,none,,,,,
218511_KK,218511,Ballerinas BALLERINA LEATHER Khaki,_KK,Khaki,Footwear,Ballerinas,Leather,Cow Leather; Cow Leather; Cow Leather; Rubber,,,39.99,/242/53/218511_KK_1,218511_KK_1.jpg,none,,,,,
218511_LL,218511,Ballerinas BALLERINA LEATHER Lilac,_LL,Lilac,Footwear,Ballerinas,Leather,Rubber; Cow Leather; Cow Leather; Cow Leather,,,39.99,/241/53/218511_LL_1,218511_LL_1.jpg,none,,,,,
218511_RD,218511,Ballerinas BALLERINA LEATHER Red,_RD,Red,Footwear,Ballerinas,Leather,Cow Leather; Cow Leather; Cow Leather; Rubber,,,39.99,/242/53/218511_RD_1,218511_RD_1.jpg,none,,,,,
218689_BG,218689,Flat Sandals TWO-BUCKLES FLAT SANDAL Beige,_BG,Beige,Footwear,Flat Sandals,PU,Polyester; Polyester; Polyurethane; Rubber,,,29.99,/241/53/218689_BG_1,218689_BG_1.jpg,none,,,,,
218689_GD,218689,Flat Sandals TWO-BUCKLES FLAT SANDAL Gold,_GD,Gold,Footwear,Flat Sandals,PU,Polyester; Polyester; Polyurethane; Polyurethane; Rubber,,,29.99,/241/53/218689_GD_1,218689_GD_1.jpg,none,,,,,
218689_KK,218689,Flat Sandals TWO-BUCKLES FLAT SANDAL Khaki,_KK,Khaki,Footwear,Flat Sandals,PU,Polyester; Polyester; Polyurethane; Rubber,,,29.99,/241/53/218689_KK_1,218689_KK_1.jpg,none,,,,,
218888_EC,218888,Flat Sandals SANDALS SPECIAL PRICE Ecru,_EC,Ecru,Footwear,Flat Sandals,PU,Polyurethane; Polyurethane; Thermoplastic Polyurethane; Thermoplastic Polyurethane; Thermoplastic Polyurethane,,,15.99,/241/53/218888_EC_1,218888_EC_1.jpg,none,,,,,
218888_FU,218888,Flat Sandals SANDALS SPECIAL PRICE Fuchsia,_FU,Fuchsia,Footwear,Flat Sandals,PU,Polyurethane; Polyurethane; Thermoplastic Polyurethane; Thermoplastic Polyurethane; Thermoplastic Polyurethane,,,15.99,/241/53/218888_FU_1,218888_FU_1.jpg,none,,,,,
218888_GD,218888,Flat Sandals SANDALS SPECIAL PRICE Gold,_GD,Gold,Footwear,Flat Sandals,PU,Polyurethane; Polyurethane; Thermoplastic Polyurethane; Thermoplastic Polyurethane; Thermoplastic Polyurethane,,,15.99,/241/53/218888_GD_1,218888_GD_1.jpg,none,,,,,
218888_OR,218888,Flat Sandals SANDALS SPECIAL PRICE Orange,_OR,Orange,Footwear,Flat Sandals,PU,Polyurethane; Polyurethane; Thermoplastic Polyurethane; Thermoplastic Polyurethane; Thermoplastic Polyurethane,,,15.99,/241/53/218888_OR_1,218888_OR_1.jpg,none,,,,,
219019_NU,219019,High Heel Sandals VINYL SANDAL HEEL Nude,_NU,Nude,Footwear,High Heel Sandals,Others,Polyurethane; Polyurethane; Rubber; Thermoplastic Polyurethane,,,29.99,/241/53/219019_NU_1,219019_NU_1.jpg,none,,,,,
219437_SV,219437,Trainer Shoes MADEIRA Silver,_SV,Silver,Footwear,Trainers,PU,Polyester; Polyester; Polyester; Polyurethane; Rubber,,,39.99,/241/53/219437_SV_1,219437_SV_1.jpg,none,,,,,
219502_BK,219502,Ballerinas MESH BALLERINA Black,_BK,Black,Footwear,Ballerinas,Textile,Polyester; Polyester; Polyurethane; Polyurethane; Polyurethane; Rubber,,,29.99,/241/53/219502_BK_1,219502_BK_1.jpg,none,,,,,
219502_NU,219502,Ballerinas MESH BALLERINA Nude,_NU,Nude,Footwear,Ballerinas,Textile,Polyester; Polyester; Polyurethane; Polyurethane; Polyurethane; Rubber,,,29.99,/241/53/219502_NU_1,219502_NU_1.jpg,none,,,,,
219715_BN,219715,Flat Sandals LEATHER SANDAL Brown,_BN,Brown,Footwear,Flat Sandals,Leather,Cow Leather; Cow Leather; Polyurethane; Rubber; Thermoplastic Polyurethane,,,29.99,/241/53/219715_BN_1,219715_BN_1.jpg,none,,,,,
219953_LD,219953,Flat Sandals LEATHER SANDAL Light Gold,_LD,Light Gold,Footwear,Flat Sandals,Leather,Cow Leather; Cow Leather; Thermoplastic Polyurethane; Thermoplastic Polyurethane; Thermoplastic Polyurethane,,,29.99,/242/53/219953_LD_1,219953_LD_1.jpg,none,,,,,
220167_BK,220167,Ballerinas BALLERINA LEATHER Black,_BK,Black,Footwear,Ballerinas,Leather,Cow Leather; Cow Leather; Cow Leather; Rubber,,,39.99,/241/53/220167_BK_1,220167_BK_1.jpg,none,,,,,
220167_OW,220167,Ballerinas BALLERINA LEATHER Off White,_OW,Off White,Footwear,Ballerinas,Leather,Cow Leather; Cow Leather; Cow Leather; Rubber,,,39.99,/241/53/220167_OW_1,220167_OW_1.jpg,none,,,,,
220687_KK,220687,Flat Shoes MULE JUTE Khaki,_KK,Khaki,Footwear,Flat Shoes,PU,Cotton; Cotton; Polyurethane; Polyurethane; Polyurethane; Rubber; Jute,,,29.99,/242/53/220687_KK_1,220687_KK_1.jpg,none,,,,,
220769_KK,220769,Flat Sandals LEATHER SANDAL Khaki,_KK,Khaki,Footwear,Flat Sandals,Leather,Cow Leather; Polyester; Thermoplastic Polyurethane; Thermoplastic Polyurethane; Thermoplastic Polyurethane,,,29.99,/242/53/220769_KK_1,220769_KK_1.jpg,none,,,,,
221484_BK,221484,High Heel Sandals WEDGE JUTE BLACK Black,_BK,Black,Footwear,High Heel Sandals,Textile,Cotton; Cotton; Cotton; Linen; Linen; Linen; Polyurethane; Polyurethane; Polyurethane; Rubber,,,35.99,/242/53/221484_BK_1,221484_BK_1.jpg,none,,,,,
221906_EC,221906,Flat Sandals SNAKE FLAT SANDAL Ecru,_EC,Ecru,Footwear,Flat Sandals,PU,Polyurethane; Polyurethane; Thermoplastic Polyurethane; Thermoplastic Polyurethane; Thermoplastic Polyurethane,,,19.99,/242/53/221906_EC_1,221906_EC_1.jpg,none,,,,,
221906_RD,221906,Flat Sandals SNAKE FLAT SANDAL Red,_RD,Red,Footwear,Flat Sandals,PU,Polyurethane; Polyurethane; Thermoplastic Polyurethane; Thermoplastic Polyurethane; Thermoplastic Polyurethane,,,19.99,/242/53/221906_RD_1,221906_RD_1.jpg,none,,,,,
222304_BG,222304,Trainer Shoes RUNNING BEIGE Beige,_BG,Beige,Footwear,Trainers,Textile,Polyester; Polyester; Polyester; Polyurethane; Rubber,,,35.99,/242/53/222304_BG_1,222304_BG_1.jpg,none,,,,,
222304_GN,222304,Trainer Shoes RUNNING GREEN Green,_GN,Green,Footwear,Trainers,Textile,Polyester; Polyester; Polyester; Polyurethane; Rubber,,,35.99,/242/53/222304_GN_1,222304_GN_1.jpg,none,,,,,
222304_PK,222304,Trainer Shoes RUNNING PINK Pink,_PK,Pink,Footwear,Trainers,Textile,Polyester; Polyester; Polyester; Polyurethane; Rubber,,,35.99,/242/53/222304_PK_1,222304_PK_1.jpg,none,,,,,
222414_BK,222414,Flat Shoes BALLERINA MULE Black,_BK,Black,Footwear,Flat Shoes,PU,Polyester; Polyurethane; Polyurethane; Polyurethane; Thermoplastic Polyurethane,,,19.99,/242/53/222414_BK_1,222414_BK_1.jpg,none,,,,,
222476_BK,222476,Flat Shoes BALLERINA SLINGBACK Black,_BK,Black,Footwear,Flat Shoes,PU,Polyester; Polyurethane; Polyurethane; Polyurethane; Rubber,,,25.99,/242/53/222476_BK_1,222476_BK_1.jpg,none,,,,,
222476_BU,222476,Flat Shoes BALLERINA SLINGBACK Burgundy,_BU,Burgundy,Footwear,Flat Shoes,PU,Polyester; Polyurethane; Polyurethane; Polyurethane; Rubber,,,25.99,/242/53/222476_BU_1,222476_BU_1.jpg,none,,,,,
222493_BU,222493,Trainer Shoes RUNNING MULTICOLOR Burgundy,_BU,Burgundy,Footwear,Trainers,Textile,Polyester; Polyester; Polyester; Polyurethane; Thermoplastic Rubber,,,39.99,/242/53/222493_BU_1,222493_BU_1.jpg,none,,,,,
222493_PU,222493,Trainer Shoes RUNNING MULTICOLOR Purple,_PU,Purple,Footwear,Trainers,Textile,Polyester; Polyester; Polyester; Polyurethane; Thermoplastic Rubber,,,39.99,/242/53/222493_PU_1,222493_PU_1.jpg,none,,,,,
222703_TU,222703,Ankle Boots LEATHER BOOTIE Taupe,_TU,Taupe,Footwear,Ankle Boots,Leather,Cow Suede Leather; Polyester; Polyurethane; Polyurethane; Rubber,,,59.99,/242/53/222703_TU_1,222703_TU_1.jpg,none,,,,,
222829_BK,222829,Flat Sandals FLOWER SANDAL Black,_BK,Black,Footwear,Flat Sandals,PU,Polyurethane; Polyurethane; Polyurethane; Rubber,,,25.99,/242/53/222829_BK_1,222829_BK_1.jpg,none,,,,,
223549_TU,223549,Flat Shoes LEATHER MOCASSIN Taupe,_TU,Taupe,Footwear,Flat Shoes,Leather,Rubber; Polyester; Cow Suede Leather; Polyurethane; Polyurethane,,,39.99,/242/53/223549_TU_1,223549_TU_1.jpg,none,,,,,
223638_BK,223638,Ankle Boots STRETCH ANKLE BOOT Black,_BK,Black,Footwear,Ankle Boots,PU,Polyurethane; Rubber; Polyester; Polyurethane; Polyurethane,,,35.99,/242/53/223638_BK_1,223638_BK_1.jpg,none,,,,,
223660_BG,223660,Ankle Boots LADY ANKLE BOOT Beige,_BG,Beige,Footwear,Ankle Boots,PU,Polyurethane; Polyurethane; Rubber; Polyester; Polyurethane,,,39.99,/242/53/223660_BG_1,223660_BG_1.jpg,none,,,,,
223660_BK,223660,Ankle Boots LADY ANKLE BOOT Black,_BK,Black,Footwear,Ankle Boots,PU,Polyurethane; Polyurethane; Polyester; Rubber; Polyurethane,,,39.99,/242/53/223660_BK_1,223660_BK_1.jpg,none,,,,,
223663_BK,223663,Boots BASIC HIGH BOOT Black,_BK,Black,Footwear,Boots,PU,Polyester; Polyurethane; Polyester; Polyurethane; Rubber; Polyurethane,,,59.99,/242/53/223663_BK_1,223663_BK_1.jpg,none,,,,,
223714_BK,223714,High Heel Sandals SANDAL GOLD HEEL Black,_BK,Black,Footwear,High Heel Sandals,PU,Polyurethane; Polyurethane; Rubber; Polyurethane,,,29.99,/242/53/223714_BK_1,223714_BK_1.jpg,none,,,,,
223874_BK,223874,Boots LEATHER BOOT Black,_BK,Black,Footwear,Boots,Leather,Polyurethane; Polyester; Cow Leather; Rubber; Polyurethane,,,99.99,/242/53/223874_BK_1,223874_BK_1.jpg,none,,,,,
223874_BU,223874,Boots LEATHER BOOT Burgundy,_BU,Burgundy,Footwear,Boots,Leather,Polyurethane; Cow Leather; Polyester; Rubber; Polyurethane,,,99.99,/242/53/223874_BU_1,223874_BU_1.jpg,none,,,,,
223874_OL,223874,Boots LEATHER BOOT Olive,_OL,Olive,Footwear,Boots,Leather,Polyurethane; Polyurethane; Polyester; Cow Leather; Rubber,,,99.99,/242/53/223874_OL_1,223874_OL_1.jpg,none,,,,,
223963_DM,223963,Flat Shoes MOCASSIN LEOPARD Dark Multicolor,_DM,Dark Multicolor,Footwear,Flat Shoes,Leather,Rubber; Polyurethane; Cow Leather; Polyester; Polyurethane,,,45.99,/242/53/223963_DM_1,223963_DM_1.jpg,none,,,,,
223987_BK,223987,Ballerinas BLACK BALLERINA Black,_BK,Black,Footwear,Ballerinas,PU,Polyester; Polyurethane; Polyurethane; Rubber; Polyester; Polyurethane,,,29.99,/242/53/223987_BK_1,223987_BK_1.jpg,none,,,,,
223987_EC,223987,Ballerinas ECRU BALLERINA Ecru,_EC,Ecru,Footwear,Ballerinas,PU,Rubber; Polyurethane; Polyurethane; Polyurethane,,,29.99,/242/53/223987_EC_1,223987_EC_1.jpg,none,,,,,
224463_EC,224463,High Heel Sandals WEDGE SANDAL Ecru,_EC,Ecru,Footwear,High Heel Sandals,Textile,Polyurethane; Rubber; Polyester; Polyurethane; Polyurethane; Polyester,,,35.99,/242/53/224463_EC_1,224463_EC_1.jpg,none,,,,,
224534_GD,224534,Flat Sandals GOLD FLAT SANDAL Gold,_GD,Gold,Footwear,Flat Sandals,PU,Polyurethane; Polyurethane; Rubber; Polyurethane,,,29.99,/242/53/224534_GD_1,224534_GD_1.jpg,none,,,,,
199163_BK,199163,Briefcase CARIO3 Black,_BK,Black,Hand Bag,Briefcase,Animal Embossed PU,Polyester; Polyester; Polyester; Polyurethane; Polyurethane; Polyurethane,,,39.99,/222/54/199163_BK_1,199163_BK_1.jpg,none,,,,,
207649_JN,207649,Tote Bag MARGARET Blue Jeans,_JN,Blue Jeans,Hand Bag,Tote,Denim,Cotton; Cotton; Polyester; Polyester; Polyester; Polyurethane; Polyurethane,,,23.99,/232/54/207649_JN_1,207649_JN_1.jpg,none,,,,,
208144_BR,208144,Backpack BEACH Brick Red,_BR,Brick Red,Hand Bag,Backpack,Canvas,Cotton; Polyester; Polyurethane,,,19.99,/232/54/208144_BR_1,208144_BR_1.jpg,none,,,,,
208144_EC,208144,Backpack BEACH Ecru,_EC,Ecru,Hand Bag,Backpack,Canvas,Cotton; Polyester; Polyurethane,,,19.99,/232/54/208144_EC_1,208144_EC_1.jpg,none,,,,,
208144_KK,208144,Backpack BEACH Khaki,_KK,Khaki,Hand Bag,Backpack,Canvas,Cotton; Polyester; Polyurethane,,,19.99,/232/54/208144_KK_1,208144_KK_1.jpg,none,,,,,
208144_LL,208144,Backpack BEACH Lilac,_LL,Lilac,Hand Bag,Backpack,Canvas,Cotton; Polyester; Polyurethane,,,19.99,/232/54/208144_LL_1,208144_LL_1.jpg,none,,,,,
208144_YL,208144,Backpack BEACH Yellow,_YL,Yellow,Hand Bag,Backpack,Canvas,Cotton; Polyester; Polyurethane,,,19.99,/232/54/208144_YL_1,208144_YL_1.jpg,none,,,,,
208531_WT,208531,Shoulder Bag JOLY1 White,_WT,White,Hand Bag,Shoulder Bag,Padded Pu,Polyester; Polyurethane; Polyurethane,,,25.99,/232/54/208531_WT_1,208531_WT_1.jpg,none,,,,,
208692_BL,208692,Shoulder Bag JOLY2 Blue,_BL,Blue,Hand Bag,Shoulder Bag,Nylon,Polyester; Polyester,,,25.99,/232/54/208692_BL_1,208692_BL_1.jpg,none,,,,,
208692_GN,208692,Shoulder Bag JOLY2 Green,_GN,Green,Hand Bag,Shoulder Bag,Nylon,Polyester; Polyester,,,25.99,/232/54/208692_GN_1,208692_GN_1.jpg,none,,,,,
208692_PK,208692,Shoulder Bag JOLY2 Pink,_PK,Pink,Hand Bag,Shoulder Bag,Nylon,Polyester; Polyester,,,25.99,/232/54/208692_PK_1,208692_PK_1.jpg,none,,,,,
208693_BK,208693,Shoulder Bag JOLY2 Black,_BK,Black,Hand Bag,Shoulder Bag,Plain Fabric,Polyester; Polyester,,,25.99,/232/54/208693_BK_1,208693_BK_1.jpg,none,,,,,
208693_WT,208693,Shoulder Bag JOLY2 White,_WT,White,Hand Bag,Shoulder Bag,Plain Fabric,Polyester; Polyester,,,25.99,/232/54/208693_WT_1,208693_WT_1.jpg,none,,,,,
209048_SV,209048,Shopper Bag JOLY2 Silver,_SV,Silver,Hand Bag,Shopper,Printed PU,Polyester; Polyurethane; Polyurethane; Polyurethane,,,29.99,/232/54/209048_SV_1,209048_SV_1.jpg,none,,,,,
209221_OR,209221,Shoulder Bag NET2 Orange,_OR,Orange,Hand Bag,Shoulder Bag,Leather,Sheep leather,,,29.99,/232/54/209221_OR_1,209221_OR_1.jpg,none,,,,,
209221_PU,209221,Shoulder Bag NET2 Purple,_PU,Purple,Hand Bag,Shoulder Bag,Leather,Sheep leather,,,29.99,/232/54/209221_PU_1,209221_PU_1.jpg,none,,,,,
209221_SV,209221,Shoulder Bag NET2 Silver,_SV,Silver,Hand Bag,Shoulder Bag,Leather,Sheep leather,,,29.99,/232/54/209221_SV_1,209221_SV_1.jpg,none,,,,,
209438_SW,209438,Shopper Bag SOLAR Straw,_SW,Straw,Hand Bag,Shopper,Paper straw,Linen; Paper; Polyurethane; Polyurethane,,,27.99,/232/54/209438_SW_1,209438_SW_1.jpg,none,,,,,
209479_EC,209479,Crossbody Bag SOLAR Ecru,_EC,Ecru,Hand Bag,Cross,Crochet,Cotton; Cotton; Polyester; Polyester; Polyurethane,,,23.99,/232/54/209479_EC_1,209479_EC_1.jpg,none,,,,,
209516_SW,209516,Crossbody Bag BLANCA Straw,_SW,Straw,Hand Bag,Cross,Paper straw,Linen; Paper; Polyester; Polyurethane; Polyurethane,,,23.99,/232/54/209516_SW_1,209516_SW_1.jpg,none,,,,,
209553_WT,209553,Crossbody Bag GLICINIA White,_WT,White,Hand Bag,Cross,Plain PU,Polyurethane; Polyurethane; Polyester,,,25.99,/232/54/209553_WT_1,209553_WT_1.jpg,none,,,,,
209617_BK,209617,Crossbody Bag NET1 Black,_BK,Black,Hand Bag,Cross,Nylon,Aluminium; Polyester; Polyester; Polyester; Polyurethane; Thermoplastic Polyurethane,,,27.99,/232/54/209617_BK_1,209617_BK_1.jpg,none,,,,,
209617_YL,209617,Crossbody Bag NET1 Yellow,_YL,Yellow,Hand Bag,Cross,Nylon,Aluminium; Polyester; Polyester; Polyester; Polyurethane; Thermoplastic Polyurethane,,,27.99,/232/54/209617_YL_1,209617_YL_1.jpg,none,,,,,
209625_EC,209625,Tote Bag NET1 Ecru,_EC,Ecru,Hand Bag,Tote,Peach PU,Polyester; Polyester; Polyurethane; Polyurethane; Polyurethane; Aluminium,,,29.99,/232/54/209625_EC_1,209625_EC_1.jpg,none,,,,,
209763_LL,209763,Shoulder Bag NET2 Lilac,_LL,Lilac,Hand Bag,Shoulder Bag,Nylon,Polyester; Polyurethane; Polyester,,,23.99,/232/54/209763_LL_1,209763_LL_1.jpg,none,,,,,
210027_BK,210027,Crossbody Bag DIANA Black,_BK,Black,Hand Bag,Cross,Plain PU,Polyester; Polyester; Polyurethane; Polyurethane,,,19.99,/232/54/210027_BK_1,210027_BK_1.jpg,none,,,,,
210027_CA,210027,Crossbody Bag DIANA Camel,_CA,Camel,Hand Bag,Cross,Plain PU,Polyester; Polyester; Polyurethane; Polyurethane,,,19.99,/232/54/210027_CA_1,210027_CA_1.jpg,none,,,,,
210027_EC,210027,Crossbody Bag DIANA Ecru,_EC,Ecru,Hand Bag,Cross,Plain PU,Polyester; Polyester; Polyurethane; Polyurethane,,,19.99,/232/54/210027_EC_1,210027_EC_1.jpg,none,,,,,
210031_OR,210031,Envelope Bag NET2 Orange,_OR,Orange,Hand Bag,Envelope,Fantasy Fabric,Polyester; Polypropylene; Polyethylene,,,12.99,/232/54/210031_OR_1,210031_OR_1.jpg,none,,,,,
210033_BK,210033,Tote Bag DIANA Black,_BK,Black,Hand Bag,Tote,Plain PU,Polyester; Polyester; Polyurethane; Polyurethane,,,23.99,/232/54/210033_BK_1,210033_BK_1.jpg,none,,,,,
210033_CA,210033,Tote Bag DIANA Camel,_CA,Camel,Hand Bag,Tote,Plain PU,Polyester; Polyester; Polyurethane; Polyurethane,,,23.99,/232/54/210033_CA_1,210033_CA_1.jpg,none,,,,,
210033_EC,210033,Tote Bag DIANA Ecru,_EC,Ecru,Hand Bag,Tote,Plain PU,Polyester; Polyester; Polyurethane; Polyurethane,,,23.99,/232/54/210033_EC_1,210033_EC_1.jpg,none,,,,,
210033_NV,210033,Tote Bag DIANA Navy,_NV,Navy,Hand Bag,Tote,Plain PU,Polyester; Polyurethane; Polyurethane; Polyester,,,23.99,/232/54/210033_NV_1,210033_NV_1.jpg,none,,,,,
210033_RD,210033,Tote Bag DIANA Red,_RD,Red,Hand Bag,Tote,Plain PU,Polyester; Polyester; Polyurethane; Polyurethane,,,23.99,/232/54/210033_RD_1,210033_RD_1.jpg,none,,,,,
210595_CA,210595,Shoulder Bag FLECOS Camel,_CA,Camel,Hand Bag,Shoulder Bag,Real Suede,Cotton; Cow Leather,,,49.99,/231/54/210595_CA_1,210595_CA_1.jpg,none,,,,,
210595_EC,210595,Shoulder Bag FLECOS Ecru,_EC,Ecru,Hand Bag,Shoulder Bag,Real Suede,Cotton; Cow Leather,,,49.99,/231/54/210595_EC_1,210595_EC_1.jpg,none,,,,,
210595_GN,210595,Shoulder Bag FLECOS Green,_GN,Green,Hand Bag,Shoulder Bag,Real Suede,Cotton; Cow Leather,,,49.99,/231/54/210595_GN_1,210595_GN_1.jpg,none,,,,,
210598_CA,210598,Crossbody Bag FLECOS Camel,_CA,Camel,Hand Bag,Cross,Real Suede,Cotton; Cow Leather,,,29.99,/231/54/210598_CA_1,210598_CA_1.jpg,none,,,,,
210598_GN,210598,Crossbody Bag FLECOS Green,_GN,Green,Hand Bag,Cross,Real Suede,Cotton; Cow Leather,,,29.99,/231/54/210598_GN_1,210598_GN_1.jpg,none,,,,,
210804_BL,210804,Crossbody Bag SURFING Blue,_BL,Blue,Hand Bag,Cross,Peach PU,Polyurethane; Polyurethane; Polyester,,,23.99,/232/54/210804_BL_1,210804_BL_1.jpg,none,,,,,
210804_CA,210804,Crossbody Bag SURFING Camel,_CA,Camel,Hand Bag,Cross,Peach PU,Polyester; Polyurethane; Polyurethane,,,23.99,/232/54/210804_CA_1,210804_CA_1.jpg,none,,,,,
210804_EC,210804,Crossbody Bag SURFING Ecru,_EC,Ecru,Hand Bag,Cross,Peach PU,Polyester; Polyurethane; Polyurethane,,,23.99,/232/54/210804_EC_1,210804_EC_1.jpg,none,,,,,
210844_BK,210844,Shoulder Bag AUGUSTO1 Black,_BK,Black,Hand Bag,Shoulder Bag,Padded Pu,Polyester; Polyurethane; Polyurethane,,,32.99,/232/54/210844_BK_1,210844_BK_1.jpg,none,,,,,
210888_BK,210888,Crossbody Bag AUGUSTO1 Black,_BK,Black,Hand Bag,Cross,Nylon,Polyester; Polyester; Polyester; Polyurethane; Resin; Silicone,,,27.99,/232/54/210888_BK_1,210888_BK_1.jpg,none,,,,,
210888_CA,210888,Crossbody Bag AUGUSTO1 Camel,_CA,Camel,Hand Bag,Cross,Nylon,Polyester; Polyester; Polyester; Polyurethane; Resin; Silicone,,,27.99,/232/54/210888_CA_1,210888_CA_1.jpg,none,,,,,
210930_BL,210930,Backpack AUBREY 2 Blue,_BL,Blue,Hand Bag,Backpack,Printed PU,Polyester; Polyester; Polyester; Polyurethane; Polyurethane; Zinc,,,23.99,/232/54/210930_BL_1,210930_BL_1.jpg,none,,,,,
211156_BK,211156,Handbag NET2 Black,_BK,Black,Hand Bag,Hand,Interlaced,Elastane,,,19.99,/232/54/211156_BK_1,211156_BK_1.jpg,none,,,,,
211156_OR,211156,Handbag NET2 Orange,_OR,Orange,Hand Bag,Hand,Interlaced,Elastane,,,19.99,/232/54/211156_OR_1,211156_OR_1.jpg,none,,,,,
211156_SV,211156,Handbag NET2 Silver,_SV,Silver,Hand Bag,Hand,Interlaced,Elastane,,,19.99,/232/54/211156_SV_1,211156_SV_1.jpg,none,,,,,
211218_EC,211218,Briefcase BLOOMING Ecru,_EC,Ecru,Hand Bag,Briefcase,Plain PU,Polyester; Polyester; Polyester; Polyurethane; Polyurethane; Polyurethane; Polyurethane,,,35.99,/232/54/211218_EC_1,211218_EC_1.jpg,none,,,,,
211228_NV,211228,Crossbody Bag BLOOMING Navy,_NV,Navy,Hand Bag,Cross,Printed PU,Polyester; Polyester; Polyurethane; Polyurethane,,,25.99,/232/54/211228_NV_1,211228_NV_1.jpg,none,,,,,
211295_BK,211295,Tote Bag POWER Black,_BK,Black,Hand Bag,Tote,Padded Pu,Polyester; Polyester; Polyurethane; Polyurethane,,,29.99,/232/54/211295_BK_1,211295_BK_1.jpg,none,,,,,
211295_IV,211295,Tote Bag POWER Ivory,_IV,Ivory,Hand Bag,Tote,Padded Pu,Polyester; Polyester; Polyurethane; Polyurethane,,,29.99,/232/54/211295_IV_1,211295_IV_1.jpg,none,,,,,
211305_BK,211305,Briefcase POWER Black,_BK,Black,Hand Bag,Briefcase,Animal Embossed PU,Polyurethane; Polyurethane; Thermoplastic Polyurethane; Polyester; Polyester; Polyester; Polyester; Polyurethane; Polyurethane,,,35.99,/232/54/211305_BK_1,211305_BK_1.jpg,none,,,,,
211329_KK,211329,Sac MAXI MAY Khaki,_KK,Khaki,Hand Bag,Sac,Plain Fabric,Acrylic; Cotton; Cotton; Polyester,,,19.99,/231/54/211329_KK_1,211329_KK_1.jpg,none,,,,,
211329_YL,211329,Sac MAXI MAY Yellow,_YL,Yellow,Hand Bag,Sac,Plain Fabric,Acrylic; Cotton; Cotton; Polyester,,,19.99,/231/54/211329_YL_1,211329_YL_1.jpg,none,,,,,
211332_BM,211332,Tote Bag MAXI MAY Bright Multicolor,_BM,Bright Multicolor,Hand Bag,Tote,Printed Fabric,Acrylic; Aluminium; Cotton; Cotton; Polyester,,,22.99,/231/54/211332_BM_1,211332_BM_1.jpg,none,,,,,
211431_DG,211431,Tote Bag STELLA Dark Grey,_DG,Dark Grey,Hand Bag,Tote,Fake Nylon,Polyester; Polyester; Polyurethane,,,27.99,/232/54/211431_DG_1,211431_DG_1.jpg,none,,,,,
211431_EC,211431,Tote Bag STELLA Ecru,_EC,Ecru,Hand Bag,Tote,Fake Nylon,Polyester; Polyester; Polyurethane,,,27.99,/232/54/211431_EC_1,211431_EC_1.jpg,none,,,,,
211435_BK,211435,Shopper Bag FARM3 Black,_BK,Black,Hand Bag,Shopper,Plain PU,Polyester; Polyurethane,,,29.99,/232/54/211435_BK_1,211435_BK_1.jpg,none,,,,,
211435_EC,211435,Shopper Bag FARM3 Ecru,_EC,Ecru,Hand Bag,Shopper,Plain PU,Polyester; Polyurethane,,,29.99,/232/54/211435_EC_1,211435_EC_1.jpg,none,,,,,
211528_YL,211528,Crossbody Bag PETSJUNO CAPSULE Yellow,_YL,Yellow,Hand Bag,Cross,Nylon,Polyester; Polyester; Polyurethane,,,12.99,/232/54/211528_YL_1,211528_YL_1.jpg,none,,,,,
211707_BK,211707,Crossbody Bag AUGUSTO 2 Black,_BK,Black,Hand Bag,Cross,Peach PU,Polyester; Polyurethane; Polyurethane,,,27.99,/232/54/211707_BK_1,211707_BK_1.jpg,none,,,,,
211707_CA,211707,Crossbody Bag AUGUSTO 2 Camel,_CA,Camel,Hand Bag,Cross,Peach PU,Polyurethane; Polyurethane; Polyester,,,27.99,/232/54/211707_CA_1,211707_CA_1.jpg,none,,,,,
211755_BK,211755,Tote Bag FARM2 Black,_BK,Black,Hand Bag,Tote,Plain PU,Polyester; Polyurethane; Polyurethane; Polyurethane,,,25.99,/232/54/211755_BK_1,211755_BK_1.jpg,none,,,,,
211755_PK,211755,Tote Bag FARM2 Pink,_PK,Pink,Hand Bag,Tote,Plain PU,Polyester; Polyurethane; Polyurethane; Polyurethane,,,25.99,/232/54/211755_PK_1,211755_PK_1.jpg,none,,,,,
211755_TU,211755,Tote Bag FARM2 Taupe,_TU,Taupe,Hand Bag,Tote,Plain PU,Polyester; Polyurethane; Polyurethane; Polyurethane,,,25.99,/232/54/211755_TU_1,211755_TU_1.jpg,none,,,,,
211801_DM,211801,Crossbody Bag TIGER1 Dark Multicolor,_DM,Dark Multicolor,Hand Bag,Cross,Printed Nylon,Aluminium; Polyester; Polyester; Polyester; Polyurethane; Polyurethane,,,25.99,/232/54/211801_DM_1,211801_DM_1.jpg,none,,,,,
211819_SK,211819,Tote Bag MARIGOLD 2 Skin,_SK,Skin,Hand Bag,Tote,Printed Fake Nylon,Polyester; Polyester; Polyurethane; Polyurethane,,,25.99,/232/54/211819_SK_1,211819_SK_1.jpg,none,,,,,
211834_BK,211834,Handbag MARIGOLD 2 Black,_BK,Black,Hand Bag,Computer Backpack,Nylon,Polyester; Polyester; Polyethylene Terephthalate; Polyurethane; Polyester,,,32.99,/232/54/211834_BK_1,211834_BK_1.jpg,none,,,,,
211834_BL,211834,Handbag MARIGOLD 1 Blue,_BL,Blue,Hand Bag,Computer Backpack,Nylon,Polyester; Polyester; Polyester; Polyethylene Terephthalate; Polyurethane,,,32.99,/232/54/211834_BL_1,211834_BL_1.jpg,none,,,,,
211834_EC,211834,Handbag MARIGOLD 1 Ecru,_EC,Ecru,Hand Bag,Computer Backpack,Nylon,Polyester; Polyester; Polyester; Polyethylene Terephthalate; Polyurethane,,,32.99,/232/54/211834_EC_1,211834_EC_1.jpg,none,,,,,
211834_KK,211834,Handbag MARIGOLD 2 Khaki,_KK,Khaki,Hand Bag,Computer Backpack,Nylon,Polyester; Polyester; Polyester; Polyethylene Terephthalate; Polyurethane,,,32.99,/232/54/211834_KK_1,211834_KK_1.jpg,none,,,,,
211849_DM,211849,Sac FARM2 Dark Multicolor,_DM,Dark Multicolor,Hand Bag,Sac,Real Fur,Cow Leather; Polyester; Polyurethane; Polyurethane,,,69.99,/232/54/211849_DM_1,211849_DM_1.jpg,none,,,,,
211852_CA,211852,Crossbody Bag NINA Camel,_CA,Camel,Hand Bag,Cross,Real Suede,Cow Suede Leather; Iron; Polyester; Polyurethane; Polyurethane,,,29.99,/232/54/211852_CA_1,211852_CA_1.jpg,none,,,,,
211852_EC,211852,Crossbody Bag NINA Ecru,_EC,Ecru,Hand Bag,Cross,Real Suede,Cow Suede Leather; Iron; Polyester; Polyurethane; Polyurethane,,,29.99,/232/54/211852_EC_1,211852_EC_1.jpg,none,,,,,
212029_BK,212029,Shoulder Bag TIGER1 Black,_BK,Black,Hand Bag,Shoulder Bag,Nylon,Polyester; Polyurethane; Polyurethane; Polyester,,,27.99,/232/54/212029_BK_1,212029_BK_1.jpg,none,,,,,
212029_EC,212029,Shoulder Bag TIGER1 Ecru,_EC,Ecru,Hand Bag,Shoulder Bag,Nylon,Polyester; Polyester; Polyurethane; Polyurethane,,,27.99,/232/54/212029_EC_1,212029_EC_1.jpg,none,,,,,
212029_LM,212029,Shoulder Bag TIGER1 Lime,_LM,Lime,Hand Bag,Shoulder Bag,Nylon,Polyester; Polyester; Polyurethane; Polyurethane,,,27.99,/232/54/212029_LM_1,212029_LM_1.jpg,none,,,,,
212100_BK,212100,Shoulder Bag HAND BAG PROVISION Black,_BK,Black,Hand Bag,Shoulder Bag,Padded Peach PU,Polyester; Polyurethane; Polyurethane,,,25.99,/232/54/212100_BK_1,212100_BK_1.jpg,none,,,,,
212100_EC,212100,Shoulder Bag HAND BAG PROVISION Ecru,_EC,Ecru,Hand Bag,Shoulder Bag,Padded Peach PU,Polyester; Polyurethane; Polyurethane,,,25.99,/232/54/212100_EC_1,212100_EC_1.jpg,none,,,,,
212111_BK,212111,Sac JOLY1 Black,_BK,Black,Hand Bag,Sac,Fantasy Fabric,Cotton; Fiberglass,,,32.99,/232/54/212111_BK_1,212111_BK_1.jpg,none,,,,,
212113_BK,212113,Tote Bag TIGER2 Black,_BK,Black,Hand Bag,Tote,Nylon,Polyester; Polyester; Polyester; Polyester; Polyurethane,,,29.99,/232/54/212113_BK_1,212113_BK_1.jpg,none,,,,,
212113_KK,212113,Tote Bag TIGER2 Khaki,_KK,Khaki,Hand Bag,Tote,Nylon,Polyester; Polyester; Polyester; Polyester; Polyurethane,,,29.99,/232/54/212113_KK_1,212113_KK_1.jpg,none,,,,,
212113_TU,212113,Tote Bag TIGER2 Taupe,_TU,Taupe,Hand Bag,Tote,Nylon,Polyester; Polyester; Polyester; Polyester; Polyurethane,,,29.99,/232/54/212113_TU_1,212113_TU_1.jpg,none,,,,,
212120_BK,212120,Shopper Bag TIGER2 Black,_BK,Black,Hand Bag,Shopper,Nylon,Polyester; Polyester; Polyester; Polyester; Polyurethane,,,32.99,/232/54/212120_BK_1,212120_BK_1.jpg,none,,,,,
212120_CA,212120,Shopper Bag TIGER2 Camel,_CA,Camel,Hand Bag,Shopper,Nylon,Polyester; Polyester; Polyester; Polyester; Polyurethane,,,32.99,/232/54/212120_CA_1,212120_CA_1.jpg,none,,,,,
212122_SK,212122,Lunch Bag PANSY Skin,_SK,Skin,Hand Bag,Lunch Bag,Printed Fake Nylon,Polyester; Polyester; Polyethylene Terephthalate; Polyurethane,,,19.99,/232/54/212122_SK_1,212122_SK_1.jpg,none,,,,,
212133_BK,212133,Tote Bag HAND BAG PROVISION Black,_BK,Black,Hand Bag,Tote,Nylon,Polyester; Polyester; Polyester; Polyester; Polyurethane; Polyurethane,Light Golden,,25.99,/232/54/212133_BK_1,212133_BK_1.jpg,none,,,,,
212133_CA,212133,Tote Bag HAND BAG PROVISION Camel,_CA,Camel,Hand Bag,Tote,Nylon,Polyester; Polyester; Polyester; Polyester; Polyurethane; Polyurethane,Light Golden,,25.99,/232/54/212133_CA_1,212133_CA_1.jpg,none,,,,,
212133_KK,212133,Tote Bag HAND BAG PROVISION Khaki,_KK,Khaki,Hand Bag,Tote,Nylon,Polyester; Polyester; Polyester; Polyester; Polyurethane; Polyurethane,Light Golden,,25.99,/232/54/212133_KK_1,212133_KK_1.jpg,none,,,,,
212238_BK,212238,Crossbody Bag SUSTAINABLE CAPSULE Black,_BK,Black,Hand Bag,Cross,Nylon,Recycled Polyamide; Polyester; Polyurethane,,,25.99,/232/54/212238_BK_1,212238_BK_1.jpg,none,,,,,
212238_GY,212238,Crossbody Bag SUSTAINABLE CAPSULE Grey,_GY,Grey,Hand Bag,Cross,Nylon,Polyester; Polyurethane; Recycled Polyamide,,,25.99,/232/54/212238_GY_1,212238_GY_1.jpg,none,,,,,
212238_KK,212238,Crossbody Bag SUSTAINABLE CAPSULE Khaki,_KK,Khaki,Hand Bag,Cross,Nylon,Polyester; Polyurethane; Recycled Polyamide,,,25.99,/232/54/212238_KK_1,212238_KK_1.jpg,none,,,,,
212323_GY,212323,Tote Bag CRUELLA1 Grey,_GY,Grey,Hand Bag,Tote,Peach PU,Polyester; Polyurethane; Polyurethane,,,25.99,/232/54/212323_GY_1,212323_GY_1.jpg,none,,,,,
212375_EC,212375,Backpack WOOLY Ecru,_EC,Ecru,Hand Bag,Backpack,Felt,Polyester; Polyester; Polyurethane; Polyurethane,,,29.99,/232/54/212375_EC_1,212375_EC_1.jpg,none,,,,,
212375_GY,212375,Backpack WOOLY Grey,_GY,Grey,Hand Bag,Backpack,Felt,Polyester; Polyester; Polyurethane; Polyurethane,,,29.99,/232/54/212375_GY_1,212375_GY_1.jpg,none,,,,,
212627_DM,212627,Crossbody Bag CRUELLA2 Dark Multicolor,_DM,Dark Multicolor,Hand Bag,Cross,Fantasy Fabric,Polyamide; Polyester; Thermoplastic Polyurethane,,,23.99,/232/54/212627_DM_1,212627_DM_1.jpg,none,,,,,
212702_BK,212702,Backpack OLIVE Black,_BK,Black,Hand Bag,Backpack,Real Suede,Cow Suede Leather; Polyester; Polyurethane; Polyurethane,,,32.99,/232/54/212702_BK_1,212702_BK_1.jpg,none,,,,,
212702_TU,212702,Backpack OLIVE Taupe,_TU,Taupe,Hand Bag,Backpack,Real Suede,Cow Suede Leather; Polyester; Polyurethane; Polyurethane,,,32.99,/232/54/212702_TU_1,212702_TU_1.jpg,none,,,,,
212735_GY,212735,Backpack OLIVE Grey,_GY,Grey,Hand Bag,Backpack,Printed PU,Polyester; Polyester; Polyurethane; Polyurethane,,,27.99,/232/54/212735_GY_1,212735_GY_1.jpg,none,,,,,
212787_KK,212787,Crossbody Bag SAVANA2 Khaki,_KK,Khaki,Hand Bag,Cross,Real Fur,Cow Leather; Polyester; Polyurethane; Polyurethane,,,29.99,/232/54/212787_KK_1,212787_KK_1.jpg,none,,,,,
212787_OR,212787,Crossbody Bag SAVANA2 Orange,_OR,Orange,Hand Bag,Cross,Real Fur,Cow Leather; Polyurethane; Polyester; Polyurethane,,,29.99,/232/54/212787_OR_1,212787_OR_1.jpg,none,,,,,
212790_BK,212790,Shoulder Bag SAVANA3 Black,_BK,Black,Hand Bag,Shoulder Bag,Plain PU,Polyester; Polyurethane; Polyurethane,Silver,,29.99,/232/54/212790_BK_1,212790_BK_1.jpg,none,,,,,
212790_KK,212790,Shoulder Bag SAVANA3 Khaki,_KK,Khaki,Hand Bag,Shoulder Bag,Plain PU,Polyester; Polyurethane; Polyurethane,,,29.99,/232/54/212790_KK_1,212790_KK_1.jpg,none,,,,,
212790_TU,212790,Shoulder Bag SAVANA3 Taupe,_TU,Taupe,Hand Bag,Shoulder Bag,Plain PU,Polyester; Polyurethane; Polyurethane,,,29.99,/232/54/212790_TU_1,212790_TU_1.jpg,none,,,,,
212818_WT,212818,Lunch Bag BILLIE White,_WT,White,Hand Bag,Lunch Bag,Printed Fake Nylon,Polyester; Polyethylene Terephthalate; Polyurethane; Polyester,,,19.99,/232/54/212818_WT_1,212818_WT_1.jpg,none,,,,,
213187_BG,213187,Tote Bag RANIA Beige,_BG,Beige,Hand Bag,Tote,Plain PU,Polyester; Polyester; Polyester; Polyurethane; Polyurethane; Polyurethane; Polyurethane,,,25.99,/232/54/213187_BG_1,213187_BG_1.jpg,none,,,,,
213187_BK,213187,Tote Bag RANIA Black,_BK,Black,Hand Bag,Tote,Plain PU,Polyester; Polyester; Polyester; Polyurethane; Polyurethane; Polyurethane; Polyurethane,,,25.99,/232/54/213187_BK_1,213187_BK_1.jpg,none,,,,,
213187_CP,213187,Tote Bag RANIA Champagne,_CP,Champagne,Hand Bag,Tote,Plain PU,Polyester; Polyester; Polyester; Polyurethane; Polyurethane; Polyurethane; Polyurethane,,,25.99,/232/54/213187_CP_1,213187_CP_1.jpg,none,,,,,
213187_GN,213187,Tote Bag RANIA Green,_GN,Green,Hand Bag,Tote,Plain PU,Polyester; Polyester; Polyester; Polyurethane; Polyurethane; Polyurethane; Polyurethane,,,25.99,/232/54/213187_GN_1,213187_GN_1.jpg,none,,,,,
213187_GY,213187,Tote Bag RANIA Grey,_GY,Grey,Hand Bag,Tote,Plain PU,Polyester; Polyester; Polyester; Polyurethane; Polyurethane; Polyurethane; Polyurethane,,,25.99,/232/54/213187_GY_1,213187_GY_1.jpg,none,,,,,
213187_PK,213187,Tote Bag RANIA Pink,_PK,Pink,Hand Bag,Tote,Plain PU,Polyurethane; Polyurethane; Polyester; Polyester; Polyester; Polyurethane; Polyurethane,,,25.99,/232/54/213187_PK_1,213187_PK_1.jpg,none,,,,,
213190_BK,213190,Tote Bag VILLAGE 1 Black,_BK,Black,Hand Bag,Tote,Fake Nylon,Polyester; Polyester; Polyester; Polyester; Polyurethane; Polyurethane; Polyurethane,,,25.99,/232/54/213190_BK_1,213190_BK_1.jpg,none,,,,,
213190_TE,213190,Tote Bag VILLAGE 1 Pastel Grey,_TE,Pastel Grey,Hand Bag,Tote,Fake Nylon,Polyurethane; Polyurethane; Polyester; Polyester; Polyester; Polyester; Polyurethane,,,25.99,/232/54/213190_TE_1,213190_TE_1.jpg,none,,,,,
213206_GY,213206,Crossbody Bag VILLAGE 2 Grey,_GY,Grey,Hand Bag,Cross,Printed Fake Nylon,Polyester; Polyurethane; Polyurethane,,,25.99,/232/54/213206_GY_1,213206_GY_1.jpg,none,,,,,
213207_BK,213207,Crossbody Bag VILLAGE 2 Black,_BK,Black,Hand Bag,Cross,Plain PU,Polyester; Polyurethane; Polyurethane,,,23.99,/232/54/213207_BK_1,213207_BK_1.jpg,none,,,,,
213207_PK,213207,Crossbody Bag VILLAGE 2 Pink,_PK,Pink,Hand Bag,Cross,Plain PU,Polyester; Polyurethane; Polyurethane,,,23.99,/232/54/213207_PK_1,213207_PK_1.jpg,none,,,,,
213255_DN,213255,Sac CAMO2 Dark Green,_DN,Dark Green,Hand Bag,Sac,Fantasy Fabric,Polyester; Polyester; Polyurethane,,,27.99,/232/54/213255_DN_1,213255_DN_1.jpg,none,,,,,
213471_BK,213471,Crossbody Bag CAMO3 Black,_BK,Black,Hand Bag,Cross,Plain PU,Polyester; Polyester; Polyurethane; Polyurethane,,,25.99,/232/54/213471_BK_1,213471_BK_1.jpg,none,,,,,
213471_EC,213471,Crossbody Bag CAMO3 Ecru,_EC,Ecru,Hand Bag,Cross,Plain PU,Polyester; Polyester; Polyurethane; Polyurethane,,,25.99,/232/54/213471_EC_1,213471_EC_1.jpg,none,,,,,
213471_GN,213471,Crossbody Bag CAMO3 Green,_GN,Green,Hand Bag,Cross,Plain PU,Polyester; Polyester; Polyurethane; Polyurethane,,,25.99,/232/54/213471_GN_1,213471_GN_1.jpg,none,,,,,
213471_OR,213471,Crossbody Bag CAMO3 Orange,_OR,Orange,Hand Bag,Cross,Plain PU,Polyester; Polyester; Polyurethane; Polyurethane,,,25.99,/232/54/213471_OR_1,213471_OR_1.jpg,none,,,,,
213471_TU,213471,Crossbody Bag CAMO3 Taupe,_TU,Taupe,Hand Bag,Cross,Plain PU,Polyester; Polyester; Polyurethane; Polyurethane,,,25.99,/232/54/213471_TU_1,213471_TU_1.jpg,none,,,,,
213590_BK,213590,Shoulder Bag ROCK1 Black,_BK,Black,Hand Bag,Shoulder Bag,Fantasy PU,Polyester; Polyurethane; Polyurethane,,,29.99,/232/54/213590_BK_1y,213590_BK_1y.jpg,none,,,,,
213599_BK,213599,Shopper Bag ROCK3 Black,_BK,Black,Hand Bag,Shopper,Fantasy PU,Crystal Glass; Iron; Polyester; Polyurethane; Polyurethane; Polyurethane,,,32.99,/232/54/213599_BK_1y,213599_BK_1y.jpg,none,,,,,
213782_BK,213782,Crossbody Bag ANIME3 Black,_BK,Black,Hand Bag,Cross,Peach PU,Polyester; Polyester; Polyurethane; Polyurethane,,,23.99,/232/54/213782_BK_1,213782_BK_1.jpg,none,,,,,
213782_EC,213782,Crossbody Bag ANIME3 Ecru,_EC,Ecru,Hand Bag,Cross,Peach PU,Polyester; Polyester; Polyurethane; Polyurethane,,,23.99,/232/54/213782_EC_2y,213782_EC_2y.jpg,none,,,,,
213782_TU,213782,Crossbody Bag ANIME3 Taupe,_TU,Taupe,Hand Bag,Cross,Peach PU,Polyester; Polyester; Polyurethane; Polyurethane,,,23.99,/232/54/213782_TU_2y,213782_TU_2y.jpg,none,,,,,
213783_BK,213783,Crossbody Bag ANIME3 Black,_BK,Black,Hand Bag,Cross,Nylon,Polyester; Polyester; Polyurethane,,,23.99,/232/54/213783_BK_2y,213783_BK_2y.jpg,none,,,,,
213783_EC,213783,Crossbody Bag ANIME3 Ecru,_EC,Ecru,Hand Bag,Cross,Nylon,Polyester; Polyester; Polyurethane,,,23.99,/232/54/213783_EC_2y,213783_EC_2y.jpg,none,,,,,
213783_LL,213783,Crossbody Bag ANIME3 Lilac,_LL,Lilac,Hand Bag,Cross,Nylon,Polyurethane; Polyester; Polyester,,,23.99,/232/54/213783_LL_1y,213783_LL_1y.jpg,none,,,,,
213783_TU,213783,Crossbody Bag ANIME3 Taupe,_TU,Taupe,Hand Bag,Cross,Nylon,Polyester; Polyester; Polyurethane,,,23.99,/232/54/213783_TU_2y,213783_TU_2y.jpg,none,,,,,
213829_BK,213829,Crossbody Bag ANIME1 Black,_BK,Black,Hand Bag,Cross,Peach PU,Aluminium; Iron; Polyester; Polyester; Polyurethane; Polyurethane; Silicone; Zinc,,,27.99,/232/54/213829_BK_1,213829_BK_1.jpg,none,,,,,
213829_CA,213829,Crossbody Bag ANIME1 Camel,_CA,Camel,Hand Bag,Cross,Peach PU,Aluminium; Iron; Polyester; Polyester; Polyurethane; Polyurethane; Silicone; Zinc,,,27.99,/232/54/213829_CA_1,213829_CA_1.jpg,none,,,,,
213876_BK,213876,Crossbody Bag ANIME3 Black,_BK,Black,Hand Bag,Cross,Peach PU,Polyester; Polyester; Polyester; Polyurethane; Polyurethane; Polyurethane,,,25.99,/232/54/213876_BK_2y,213876_BK_2y.jpg,none,,,,,
213876_GN,213876,Crossbody Bag ANIME3 Green,_GN,Green,Hand Bag,Cross,Peach PU,Polyurethane; Polyester; Polyester; Polyester; Polyurethane; Polyurethane,,,25.99,/232/54/213876_GN_1,213876_GN_1.jpg,none,,,,,
213876_TU,213876,Crossbody Bag ANIME3 Taupe,_TU,Taupe,Hand Bag,Cross,Peach PU,Polyester; Polyester; Polyester; Polyurethane; Polyurethane; Polyurethane,,,25.99,/232/54/213876_TU_2y,213876_TU_2y.jpg,none,,,,,
214038_WT,214038,Shoulder Bag NET1 White,_WT,White,Hand Bag,Shoulder Bag,Nylon,Polyester; Polyester; Polyurethane,,,29.99,/232/54/214038_WT_1,214038_WT_1.jpg,none,,,,,
214228_BL,214228,Crossbody Bag ANIME2 Blue,_BL,Blue,Hand Bag,Cross,Fake Fur,Polyester; Polyester; Polyurethane; Polyurethane,,,23.99,/232/54/214228_BL_1,214228_BL_1.jpg,none,,,,,
214228_LL,214228,Crossbody Bag ANIME2 Lilac,_LL,Lilac,Hand Bag,Cross,Fake Fur,Polyester; Polyester; Polyurethane; Polyurethane,,,23.99,/232/54/214228_LL_1,214228_LL_1.jpg,none,,,,,
214241_EC,214241,Backpack EARLYBIRD Ecru,_EC,Ecru,Hand Bag,Backpack,Printed PU,Polyester; Polyurethane; Polyurethane,,,27.99,/241/54/214241_EC_1,214241_EC_1.jpg,none,,,,,
214253_BK,214253,Shoulder Bag BOOMER2 Black,_BK,Black,Hand Bag,Shoulder Bag,Padded Pu,Polyester; Polyurethane; Polyurethane,,,27.99,/232/54/214253_BK_1,214253_BK_1.jpg,none,,,,,
214253_CA,214253,Shoulder Bag BOOMER2 Camel,_CA,Camel,Hand Bag,Shoulder Bag,Padded Pu,Polyester; Polyurethane; Polyurethane,,,27.99,/232/54/214253_CA_1,214253_CA_1.jpg,none,,,,,
214253_EC,214253,Shoulder Bag BOOMER2 Ecru,_EC,Ecru,Hand Bag,Shoulder Bag,Padded Pu,Polyester; Polyurethane; Polyurethane,,,27.99,/232/54/214253_EC_1,214253_EC_1.jpg,none,,,,,
214267_BG,214267,Backpack STACEY Beige,_BG,Beige,Hand Bag,Backpack,Patchwork,Polyester; Polyurethane; Polyurethane; Polyurethane,,,27.99,/241/54/214267_BG_1,214267_BG_1.jpg,none,,,,,
214267_BK,214267,Backpack STACEY Black,_BK,Black,Hand Bag,Backpack,Patchwork,Polyester; Polyurethane; Polyurethane; Polyurethane,,,27.99,/241/54/214267_BK_1,214267_BK_1.jpg,none,,,,,
214273_AQ,214273,Crossbody Bag STACEY Aquamarine,_AQ,Aquamarine,Hand Bag,Cross,Color Block,Polyurethane; Polyester; Polyurethane,Light Golden,,23.99,/241/54/214273_AQ_1,214273_AQ_1.jpg,none,,,,,
214446_BK,214446,Sac CANICHE CAMPAIGN Black,_BK,Black,Hand Bag,Sac,Nylon,Polyamide; Polyester; Polyurethane,,,32.99,/232/54/214446_BK_1,214446_BK_1.jpg,none,,,,,
214446_KK,214446,Sac CANICHE CAMPAIGN Khaki,_KK,Khaki,Hand Bag,Sac,Nylon,Polyamide; Polyester; Polyurethane,,,32.99,/232/54/214446_KK_1,214446_KK_1.jpg,none,,,,,
214446_MD,214446,Sac CANICHE CAMPAIGN Mustard,_MD,Mustard,Hand Bag,Sac,Nylon,Polyurethane; Polyamide; Polyester,,,32.99,/232/54/214446_MD_1,214446_MD_1.jpg,none,,,,,
214447_BM,214447,Crossbody Bag CANICHE CAMPAIGN Bright Multicolor,_BM,Bright Multicolor,Hand Bag,Cross,Printed Nylon,Polyamide; Polyester; Polyurethane,,,29.99,/232/54/214447_BM_1,214447_BM_1.jpg,none,,,,,
214480_BM,214480,Shopper Bag CANICHE CAMPAIGN Bright Multicolor,_BM,Bright Multicolor,Hand Bag,Shopper,Printed Nylon,Polyamide; Polyester; Polyurethane,,,49.99,/232/54/214480_BM_1,214480_BM_1.jpg,none,,,,,
214682_BL,214682,Lunch Bag VIVIAN Blue,_BL,Blue,Hand Bag,Lunch Bag,Printed PU,Polyester; Polyethylene Terephthalate; Polyurethane,,,19.99,/241/54/214682_BL_1,214682_BL_1.jpg,none,,,,,
214709_BK,214709,Crossbody Bag SILVERSURFER3 Black,_BK,Black,Hand Bag,Cross,Plain PU,Polyester; Polyester; Polyurethane; Polyurethane,,,25.99,/232/54/214709_BK_1y,214709_BK_1y.jpg,none,,,,,
214709_TU,214709,Crossbody Bag SILVERSURFER3 Taupe,_TU,Taupe,Hand Bag,Cross,Plain PU,Polyester; Polyester; Polyurethane; Polyurethane,,,25.99,/232/54/214709_TU_2y,214709_TU_2y.jpg,none,,,,,
214886_BK,214886,Shoulder Bag SILVERSURFER3 Black,_BK,Black,Hand Bag,Shoulder Bag,Padded Pu,Polyester; Polyurethane; Polyurethane,,,27.99,/232/54/214886_BK_1,214886_BK_1.jpg,none,,,,,
214886_GY,214886,Shoulder Bag SILVERSURFER3 Grey,_GY,Grey,Hand Bag,Shoulder Bag,Padded Pu,Polyurethane; Polyester; Polyurethane,,,27.99,/232/54/214886_GY_1,214886_GY_1.jpg,none,,,,,
214886_TU,214886,Shoulder Bag SILVERSURFER3 Taupe,_TU,Taupe,Hand Bag,Shoulder Bag,Padded Pu,Polyester; Polyurethane; Polyurethane,,,27.99,/232/54/214886_TU_1,214886_TU_1.jpg,none,,,,,
215019_CA,215019,Shopper Bag FLECOS WINTER Camel,_CA,Camel,Hand Bag,Shopper,Real Suede,Cotton; Cow Leather,,,49.99,/232/54/215019_CA_1,215019_CA_1.jpg,none,,,,,
215019_MD,215019,Shopper Bag FLECOS WINTER Mustard,_MD,Mustard,Hand Bag,Shopper,Real Suede,Cotton; Cow Leather,,,49.99,/232/54/215019_MD_1,215019_MD_1.jpg,none,,,,,
215157_BN,215157,Shoulder Bag FIRE1 Brown,_BN,Brown,Hand Bag,Shoulder Bag,Fantasy Fabric,Polyester; Polyester; Polyethylene Terephthalate,Other,,35.99,/241/54/215157_BN_1,215157_BN_1.jpg,none,,,,,
215212_BK,215212,Sac TRECKING CAPSULE Black,_BK,Black,Hand Bag,Sac,Nylon,Polyester; Polyurethane; recycled polyester,,,29.99,/232/54/215212_BK_1,215212_BK_1.jpg,none,,,,,
215223_SV,215223,Crossbody Bag TRECKING CAPSULE Silver,_SV,Silver,Hand Bag,Cross,Fantasy Fabric,Polyester; Polyurethane; Recycled Polyamide,,,29.99,/232/54/215223_SV_1,215223_SV_1.jpg,none,,,,,
215441_BK,215441,Tote Bag FIRE3 Black,_BK,Black,Hand Bag,Tote,Nylon,Aluminium; Polyester; Polyester; Polyester; Polyurethane; Polyurethane; Silicone,Light Golden,,25.99,/241/54/215441_BK_1,215441_BK_1.jpg,none,,,,,
215441_KK,215441,Tote Bag FIRE3 Khaki,_KK,Khaki,Hand Bag,Tote,Nylon,Aluminium; Polyester; Polyester; Polyester; Polyurethane; Polyurethane; Silicone,Light Golden,,25.99,/241/54/215441_KK_1,215441_KK_1.jpg,none,,,,,
215441_TU,215441,Tote Bag FIRE3 Taupe,_TU,Taupe,Hand Bag,Tote,Nylon,Polyurethane; Polyurethane; Silicone; Aluminium; Polyester; Polyester; Polyester,Light Golden,,25.99,/241/54/215441_TU_1,215441_TU_1.jpg,none,,,,,
215532_BK,215532,Crossbody Bag NYT Black,_BK,Black,Hand Bag,Cross,Nylon,Cotton; Polyester; Polyester; Polyester; Polyester; Polyurethane; Polyurethane; Zinc,Silver,,25.99,/241/54/215532_BK_1,215532_BK_1.jpg,none,,,,,
215532_CA,215532,Crossbody Bag NYT Camel,_CA,Camel,Hand Bag,Cross,Nylon,Cotton; Polyester; Polyester; Polyester; Polyester; Polyurethane; Polyurethane; Zinc,Silver,,25.99,/241/54/215532_CA_1,215532_CA_1.jpg,none,,,,,
215532_KK,215532,Crossbody Bag NYT Khaki,_KK,Khaki,Hand Bag,Cross,Nylon,Cotton; Polyester; Polyester; Polyester; Polyester; Polyurethane; Polyurethane; Zinc,Silver,,25.99,/241/54/215532_KK_1,215532_KK_1.jpg,none,,,,,
215606_BK,215606,Crossbody Bag ARETHA Black,_BK,Black,Hand Bag,Cross,Plain PU,Polyester; Polyurethane; Polyurethane,,,19.99,/241/54/215606_BK_1,215606_BK_1.jpg,none,,,,,
215606_CA,215606,Crossbody Bag ARETHA Camel,_CA,Camel,Hand Bag,Cross,Plain PU,Polyester; Polyurethane; Polyurethane,,,19.99,/241/54/215606_CA_1,215606_CA_1.jpg,none,,,,,
215606_EC,215606,Crossbody Bag ARETHA Ecru,_EC,Ecru,Hand Bag,Cross,Plain PU,Polyester; Polyurethane; Polyurethane,,,19.99,/241/54/215606_EC_1,215606_EC_1.jpg,none,,,,,
215606_GN,215606,Crossbody Bag ARETHA Green,_GN,Green,Hand Bag,Cross,Plain PU,Polyester; Polyurethane; Polyurethane,,,19.99,/241/54/215606_GN_1,215606_GN_1.jpg,none,,,,,
216144_BL,216144,Tote Bag SILVERSURFER2 Blue,_BL,Blue,Hand Bag,Tote,Fantasy PU,Polyester; Polyurethane; Polyurethane,,,19.99,/232/54/216144_BL_1y,216144_BL_1y.jpg,none,,,,,
216144_SV,216144,Tote Bag SILVERSURFER2 Silver,_SV,Silver,Hand Bag,Tote,Fantasy PU,Polyester; Polyurethane; Polyurethane,,,19.99,/232/54/216144_SV_1y,216144_SV_1y.jpg,none,,,,,
216176_DM,216176,Crossbody Bag MANHATAN2 Dark Multicolor,_DM,Dark Multicolor,Hand Bag,Cross,Real Fur,Polyurethane; Cow Leather; Polyester; Polyurethane,Light Golden,,29.99,/241/54/216176_DM_1,216176_DM_1.jpg,none,,,,,
216306_BK,216306,Briefcase MAGIK Black,_BK,Black,Hand Bag,Briefcase,Fake Nylon,Polyester; Polyester; Polyurethane; Polyurethane; Polyurethane; Zinc,Silver,,35.99,/241/54/216306_BK_1,216306_BK_1.jpg,none,,,,,
216306_EC,216306,Briefcase MAGIK Ecru,_EC,Ecru,Hand Bag,Briefcase,Fake Nylon,Polyester; Polyester; Polyurethane; Polyurethane; Polyurethane; Zinc,Silver,,35.99,/241/54/216306_EC_1,216306_EC_1.jpg,none,,,,,
216306_TU,216306,Briefcase MAGIK Taupe,_TU,Taupe,Hand Bag,Briefcase,Fake Nylon,Polyester; Polyester; Polyurethane; Polyurethane; Polyurethane; Zinc,Silver,,35.99,/241/54/216306_TU_1,216306_TU_1.jpg,none,,,,,
216355_BK,216355,Backpack FIRE3 Black,_BK,Black,Hand Bag,Backpack,Nylon,Polyester; Polyester; Polyester; Polyester; Polyurethane; Polyurethane,,,27.99,/241/54/216355_BK_1,216355_BK_1.jpg,none,,,,,
216355_GN,216355,Backpack FIRE3 Green,_GN,Green,Hand Bag,Backpack,Nylon,Polyester; Polyester; Polyester; Polyester; Polyurethane; Polyurethane,,,27.99,/241/54/216355_GN_1,216355_GN_1.jpg,none,,,,,
216449_BK,216449,Crossbody Bag NEVERA HBPROVISION Black,_BK,Black,Hand Bag,Cross,Plain PU,Polyester; Polyurethane; Polyurethane,Silver,,25.99,/241/54/216449_BK_1,216449_BK_1.jpg,none,,,,,
216449_EC,216449,Crossbody Bag NEVERA HBPROVISION Ecru,_EC,Ecru,Hand Bag,Cross,Plain PU,Polyester; Polyurethane; Polyurethane,Silver,,25.99,/241/54/216449_EC_1,216449_EC_1.jpg,none,,,,,
216449_TU,216449,Crossbody Bag NEVERA HBPROVISION Taupe,_TU,Taupe,Hand Bag,Cross,Plain PU,Polyester; Polyurethane; Polyurethane,Silver,,25.99,/241/54/216449_TU_1,216449_TU_1.jpg,none,,,,,
216521_OR,216521,Tote Bag SILVERSURFER2 Orange,_OR,Orange,Hand Bag,Tote,Plain PU,Polyester; Polyurethane; Polyurethane,,,19.99,/232/54/216521_OR_2y,216521_OR_2y.jpg,none,,,,,
216523_BK,216523,Shopper Bag ESSENTIALS3 Black,_BK,Black,Hand Bag,Shopper,Plain PU,Polyester; Polyester; Polyurethane; Polyurethane; Polyurethane,Light Golden,,35.99,/241/54/216523_BK_1,216523_BK_1.jpg,none,,,,,
216523_BL,216523,Shopper Bag ESSENTIALS3 Blue,_BL,Blue,Hand Bag,Shopper,Plain PU,Polyester; Polyester; Polyurethane; Polyurethane; Polyurethane,Light Golden,,35.99,/241/54/216523_BL_1,216523_BL_1.jpg,none,,,,,
216523_KK,216523,Shopper Bag ESSENTIALS3 Khaki,_KK,Khaki,Hand Bag,Shopper,Plain PU,Polyester; Polyester; Polyurethane; Polyurethane; Polyurethane,Light Golden,,35.99,/241/54/216523_KK_1,216523_KK_1.jpg,none,,,,,
216523_TU,216523,Shopper Bag ESSENTIALS3 Taupe,_TU,Taupe,Hand Bag,Shopper,Plain PU,Polyester; Polyester; Polyurethane; Polyurethane; Polyurethane,Light Golden,,35.99,/241/54/216523_TU_1,216523_TU_1.jpg,none,,,,,
216541_TU,216541,Backpack ROY Taupe,_TU,Taupe,Hand Bag,Backpack,Fantasy PU,Cotton; Polyester; Polyurethane; Polyurethane,,,27.99,/241/54/216541_TU_1,216541_TU_1.jpg,none,,,,,
216541_YL,216541,Backpack ROY Yellow,_YL,Yellow,Hand Bag,Backpack,Fantasy PU,Cotton; Polyester; Polyurethane; Polyurethane,,,27.99,/241/54/216541_YL_1,216541_YL_1.jpg,none,,,,,
216546_BL,216546,Crossbody Bag ROY Blue,_BL,Blue,Hand Bag,Cross,Color Block,Polyester; Polyurethane; Polyurethane,Silver,,25.99,/241/54/216546_BL_1,216546_BL_1.jpg,none,,,,,
216546_CA,216546,Crossbody Bag ROY Camel,_CA,Camel,Hand Bag,Cross,Color Block,Polyester; Polyurethane; Polyurethane,Silver,,25.99,/241/54/216546_CA_1,216546_CA_1.jpg,none,,,,,
216546_YL,216546,Crossbody Bag ROY Yellow,_YL,Yellow,Hand Bag,Cross,Color Block,Polyester; Polyurethane; Polyurethane,Silver,,25.99,/241/54/216546_YL_1,216546_YL_1.jpg,none,,,,,
216564_EC,216564,Crossbody Bag JENNIE Ecru,_EC,Ecru,Hand Bag,Cross,Fake Nylon,Polyester; Polyester; Polyurethane; Polyurethane,Silver,,25.99,/241/54/216564_EC_1,216564_EC_1.jpg,none,,,,,
216587_BK,216587,Tote Bag FIRE2 Black,_BK,Black,Hand Bag,Tote,Nylon,Polyester; Polyester; Polyester; Polyester; Polyurethane,Silver,,25.99,/241/54/216587_BK_1,216587_BK_1.jpg,none,,,,,
216587_TU,216587,Tote Bag FIRE2 Taupe,_TU,Taupe,Hand Bag,Tote,Nylon,Polyester; Polyurethane; Polyester; Polyester; Polyester,Silver,,25.99,/241/54/216587_TU_2y,216587_TU_2y.jpg,none,,,,,
216629_BK,216629,Shoulder Bag MAXI DOTTS Black,_BK,Black,Hand Bag,Shoulder Bag,Real Fur,Cow Leather; Polyester; Polyurethane; Polyurethane,,,35.99,/241/54/216629_BK_1,216629_BK_1.jpg,none,,,,,
216634_BK,216634,Tote Bag MAXI DOTTS Black,_BK,Black,Hand Bag,Tote,Real Fur,Cow Leather; Polyester; Polyurethane; Polyurethane,,,32.99,/241/54/216634_BK_1,216634_BK_1.jpg,none,,,,,
216661_BK,216661,Shoulder Bag SPLASH1 Black,_BK,Black,Hand Bag,Shoulder Bag,Padded Pu,Polyester; Polyurethane; Polyurethane,Silver,,25.99,/241/54/216661_BK_1,216661_BK_1.jpg,none,,,,,
216661_EC,216661,Shoulder Bag SPLASH1 Ecru,_EC,Ecru,Hand Bag,Shoulder Bag,Padded Pu,Polyester; Polyurethane; Polyurethane,Light Golden,,25.99,/241/54/216661_EC_1,216661_EC_1.jpg,none,,,,,
216661_TU,216661,Shoulder Bag SPLASH1 Taupe,_TU,Taupe,Hand Bag,Shoulder Bag,Padded Pu,Polyester; Polyurethane; Polyurethane,Light Golden,,25.99,/241/54/216661_TU_1,216661_TU_1.jpg,none,,,,,
216760_BK,216760,Tote Bag JUNGLE LEATHER Black,_BK,Black,Hand Bag,Tote,Leather,Cotton; Cow Leather; Cow Leather,Silver,,49.99,/241/54/216760_BK_1,216760_BK_1.jpg,none,,,,,
216760_OR,216760,Tote Bag JUNGLE LEATHER Orange,_OR,Orange,Hand Bag,Tote,Leather,Cow Leather,Silver,,49.99,/241/54/216760_OR_1,216760_OR_1.jpg,none,,,,,
216859_BK,216859,Crossbody Bag MANHATAN3 Black,_BK,Black,Hand Bag,Cross,Plain PU,Polyester; Polyurethane; Polyurethane,Light Golden,,25.99,/241/54/216859_BK_1,216859_BK_1.jpg,none,,,,,
216859_TU,216859,Crossbody Bag MANHATAN3 Taupe,_TU,Taupe,Hand Bag,Cross,Plain PU,Polyester; Polyurethane; Polyurethane,Light Golden,,25.99,/241/54/216859_TU_1,216859_TU_1.jpg,none,,,,,
216877_LM,216877,Shoulder Bag SPLASH2 Lime,_LM,Lime,Hand Bag,Shoulder Bag,Plain PU,Polyester; Polyester; Polyurethane; Polyurethane,Silver,,25.99,/241/54/216877_LM_1,216877_LM_1.jpg,none,,,,,
216907NC,216907,Crossbody Bag TAVIRA Natural Color,NC,Natural Color,Hand Bag,Cross,Paper straw,Ceramic; Cotton; Iron; Paper; Polyester; Polyester; Polyurethane; Stone; Wood; Zinc,Silver,,25.99,/241/54/216907NC_1,216907NC_1.jpg,none,,,,,
216944_BM,216944,Tote Bag SPLASH2 Bright Multicolor,_BM,Bright Multicolor,Hand Bag,Tote,Patchwork,Acrylic; Aluminium; Polyester; Polyester; Polyester; Polyurethane,Silver,,25.99,/241/54/216944_BM_1,216944_BM_1.jpg,none,,,,,
217011_EC,217011,Shoulder Bag EMAN Ecru,_EC,Ecru,Hand Bag,Shoulder Bag,Padded Pu,Polyurethane; Polyurethane; Polyester,Light Golden,,29.99,/241/54/217011_EC_1,217011_EC_1.jpg,none,,,,,
217011_NU,217011,Shoulder Bag EMAN Nude,_NU,Nude,Hand Bag,Shoulder Bag,Padded Pu,Polyester; Polyurethane; Polyurethane,Light Golden,,29.99,/241/54/217011_NU_1,217011_NU_1.jpg,none,,,,,
217021_BK,217021,Crossbody Bag BIRKIN Black,_BK,Black,Hand Bag,Cross,Plain PU,Polyester; Polyurethane; Polyurethane,,,23.99,/241/54/217021_BK_1,217021_BK_1.jpg,none,,,,,
217021_EC,217021,Crossbody Bag BIRKIN Ecru,_EC,Ecru,Hand Bag,Cross,Plain PU,Polyester; Polyurethane; Polyurethane,,,23.99,/241/54/217021_EC_1,217021_EC_1.jpg,none,,,,,
217021_TU,217021,Crossbody Bag BIRKIN Taupe,_TU,Taupe,Hand Bag,Cross,Plain PU,Polyester; Polyurethane; Polyurethane,,,23.99,/241/54/217021_TU_1,217021_TU_1.jpg,none,,,,,
217030_BG,217030,Crossbody Bag GEORGIA Beige,_BG,Beige,Hand Bag,Cross,Fake straw,Polyester; Polyester; Polypropylene; Polyurethane; Polyurethane,Light Golden,,25.99,/241/54/217030_BG_1,217030_BG_1.jpg,none,,,,,
217030_KK,217030,Crossbody Bag GEORGIA Khaki,_KK,Khaki,Hand Bag,Cross,Fake straw,Polyester; Polyester; Polypropylene; Polyurethane; Polyurethane,Light Golden,,25.99,/241/54/217030_KK_1,217030_KK_1.jpg,none,,,,,
217232_BK,217232,Crossbody Bag ZOO2 Black,_BK,Black,Hand Bag,Cross,Plain PU,Polyester; Polyurethane; Polyurethane,,,27.99,/241/54/217232_BK_1,217232_BK_1.jpg,none,,,,,
217232_EC,217232,Crossbody Bag ZOO2 Ecru,_EC,Ecru,Hand Bag,Cross,Plain PU,Polyester; Polyurethane; Polyurethane,,,27.99,/241/54/217232_EC_1,217232_EC_1.jpg,none,,,,,
217232_KK,217232,Crossbody Bag ZOO2 Khaki,_KK,Khaki,Hand Bag,Cross,Plain PU,Polyester; Polyurethane; Polyurethane,,,27.99,/241/54/217232_KK_1,217232_KK_1.jpg,none,,,,,
217233_PK,217233,Tote Bag EMAN Pink,_PK,Pink,Hand Bag,Tote,Fantasy PU,Polyester; Polyurethane; Polyurethane; Polyurethane; Zinc; Polyester,,,27.99,/241/54/217233_PK_1,217233_PK_1.jpg,none,,,,,
217361_CA,217361,Crossbody Bag FLEUR Camel,_CA,Camel,Hand Bag,Cross,Fantasy PU,Polyester; Polyurethane; Polyurethane,Light Golden,,23.99,/241/54/217361_CA_1,217361_CA_1.jpg,none,,,,,
217532_BK,217532,Tote Bag MANHATAN2 Black,_BK,Black,Hand Bag,Tote,Real Fur,Cow Leather; Polyester; Polyurethane; Polyurethane,Silver,,29.99,/241/54/217532_BK_1,217532_BK_1.jpg,none,,,,,
217551_BK,217551,Crossbody Bag TROPICO Black,_BK,Black,Hand Bag,Cross,Plain PU,Polyester; Polyurethane; Polyurethane,Light Golden,,25.99,/241/54/217551_BK_1,217551_BK_1.jpg,none,,,,,
217551_EC,217551,Crossbody Bag TROPICO Ecru,_EC,Ecru,Hand Bag,Cross,Plain PU,Polyester; Polyurethane; Polyurethane,Light Golden,,25.99,/241/54/217551_EC_1,217551_EC_1.jpg,none,,,,,
217560_GN,217560,Crossbody Bag TROPICO Green,_GN,Green,Hand Bag,Cross,Printed PU,Polyester; Polyurethane,Silver,,23.99,/241/54/217560_GN_1,217560_GN_1.jpg,none,,,,,
217800_BK,217800,Backpack FLAGE Black,_BK,Black,Hand Bag,Backpack,Nylon,Polyester; Polyester; Polyester; Polyurethane; Polyurethane,Silver,,25.99,/241/54/217800_BK_1,217800_BK_1.jpg,none,,,,,
217800_BL,217800,Backpack SMILE Blue,_BL,Blue,Hand Bag,Backpack,Nylon,Polyester; Polyester; Polyester; Polyurethane; Polyurethane,Silver,,25.99,/241/54/217800_BL_1,217800_BL_1.jpg,none,,,,,
217800_EC,217800,Backpack SMILE Ecru,_EC,Ecru,Hand Bag,Backpack,Nylon,Polyester; Polyester; Polyester; Polyurethane; Polyurethane,Silver,,25.99,/241/54/217800_EC_1,217800_EC_1.jpg,none,,,,,
217800_KK,217800,Backpack FLAGE Khaki,_KK,Khaki,Hand Bag,Backpack,Nylon,Polyester; Polyester; Polyester; Polyurethane; Polyurethane,Silver,,25.99,/241/54/217800_KK_1,217800_KK_1.jpg,none,,,,,
217800_NV,217800,Backpack SMILE Navy,_NV,Navy,Hand Bag,Backpack,Nylon,Polyester; Polyester; Polyester; Polyurethane; Polyurethane,Silver,,25.99,/241/54/217800_NV_1,217800_NV_1.jpg,none,,,,,
217800_TU,217800,Backpack FLAGE Taupe,_TU,Taupe,Hand Bag,Backpack,Nylon,Polyester; Polyester; Polyurethane; Polyester; Polyurethane,Light Golden,,25.99,/242/54/217800_TU_1,217800_TU_1.jpg,none,,,,,
2178661TU,217866,Tote Bag STRIPES1 Taupe,1TU,Taupe,Hand Bag,Tote,Peach PU,Polyester; Polyurethane; Polyurethane,Silver,,25.99,/241/54/2178661TU_1,2178661TU_1.jpg,none,,,,,
217866_BK,217866,Tote Bag STRIPES1 Black,_BK,Black,Hand Bag,Tote,Peach PU,Polyester; Polyurethane; Polyurethane,Silver,,25.99,/241/54/217866_BK_1,217866_BK_1.jpg,none,,,,,
217880_BK,217880,Handbag STREET Black,_BK,Black,Hand Bag,Computer Backpack,Fake Nylon,Polyester; Polyester; Polyester; Polyurethane; Polyurethane,,,32.99,/241/54/217880_BK_1,217880_BK_1.jpg,none,,,,,
217880_EC,217880,Handbag STREET Ecru,_EC,Ecru,Hand Bag,Computer Backpack,Fake Nylon,Polyester; Polyurethane; Polyurethane; Polyester; Polyester,,,32.99,/241/54/217880_EC_1,217880_EC_1.jpg,none,,,,,
217880_KK,217880,Handbag STREET Khaki,_KK,Khaki,Hand Bag,Computer Backpack,Fake Nylon,Polyester; Polyester; Polyester; Polyurethane; Polyurethane,,,32.99,/241/54/217880_KK_1,217880_KK_1.jpg,none,,,,,
217934_BK,217934,Sac FLAME2 Black,_BK,Black,Hand Bag,Sac,Fantasy Fabric,Polyester; Polyester; Polyurethane; Polyurethane,,,27.99,/241/54/217934_BK_1,217934_BK_1.jpg,none,,,,,
217981_BG,217981,Backpack FLAGE Beige,_BG,Beige,Hand Bag,Backpack,Plain PU,Acrylonitrile Butadiene Styrene; Polyester; Polyester; Polyester; Polyurethane; Polyurethane; Zinc,Light Golden,,23.99,/241/54/217981_BG_1,217981_BG_1.jpg,none,,,,,
217981_BK,217981,Backpack FLAGE Black,_BK,Black,Hand Bag,Backpack,Plain PU,Acrylonitrile Butadiene Styrene; Polyester; Polyester; Polyester; Polyurethane; Polyurethane; Zinc,Light Golden,,23.99,/241/54/217981_BK_1,217981_BK_1.jpg,none,,,,,
217981_EC,217981,Backpack SMILE Ecru,_EC,Ecru,Hand Bag,Backpack,Plain PU,Acrylonitrile Butadiene Styrene; Polyester; Polyester; Polyester; Polyurethane; Polyurethane; Zinc,Light Golden,,23.99,/241/54/217981_EC_1,217981_EC_1.jpg,none,,,,,
217981_NV,217981,Backpack SMILE Navy,_NV,Navy,Hand Bag,Backpack,Plain PU,Acrylonitrile Butadiene Styrene; Polyester; Polyester; Polyester; Polyurethane; Polyurethane; Zinc,Light Golden,,23.99,/241/54/217981_NV_1,217981_NV_1.jpg,none,,,,,
217983_JN,217983,Backpack SMILE Blue Jeans,_JN,Blue Jeans,Hand Bag,Backpack,Denim,Cotton; Iron; Polyester; Polyester; Polyurethane; Polyurethane,Silver,,25.99,/241/54/217983_JN_1,217983_JN_1.jpg,none,,,,,
218021_BK,218021,Backpack PICASSO3 Black,_BK,Black,Hand Bag,Backpack,Nylon,Aluminium; Polyester; Polyester; Polyester; Polyurethane; Silicone; Zinc,Silver,,29.99,/241/54/218021_BK_1,218021_BK_1.jpg,none,,,,,
218081_EC,218081,Sac MADEIRA Ecru,_EC,Ecru,Hand Bag,Sac,Crochet,Cotton; Cotton; Polyethylene Terephthalate,,,39.99,/241/54/218081_EC_1,218081_EC_1.jpg,none,,,,,
218081_RD,218081,Sac MADEIRA Red,_RD,Red,Hand Bag,Sac,Crochet,Cotton; Cotton; Polyethylene Terephthalate,,,39.99,/241/54/218081_RD_1,218081_RD_1.jpg,none,,,,,
218268_YL,218268,Crossbody Bag FLOWER PATCH Yellow,_YL,Yellow,Hand Bag,Cross,Printed PU,Polyester; Polyurethane; Polyurethane,Silver,,23.99,/241/54/218268_YL_1,218268_YL_1.jpg,none,,,,,
218287_BK,218287,Shopper Bag FLAME3 Black,_BK,Black,Hand Bag,Shopper,Fantasy Fabric,Polyester; Polyester; Polyurethane,,,39.99,/241/54/218287_BK_1,218287_BK_1.jpg,none,,,,,
218394_BL,218394,Shopper Bag CUPIDO2 Blue,_BL,Blue,Hand Bag,Shopper,Printed PU,Cotton; Cotton; Linen; Linen; Polyurethane; Polyurethane; Polyurethane,Light Golden,,25.99,/241/54/218394_BL_1,218394_BL_1.jpg,none,,,,,
218394_GN,218394,Shopper Bag CUPIDO2 Green,_GN,Green,Hand Bag,Shopper,Printed PU,Polyurethane; Cotton; Cotton; Linen; Linen; Polyurethane; Polyurethane,Light Golden,,25.99,/241/54/218394_GN_1,218394_GN_1.jpg,none,,,,,
218458NC,218458,Crossbody Bag ZOO2 Natural Color,NC,Natural Color,Hand Bag,Cross,Paper straw,Cotton; Linen; Paper; Polyester; Polyurethane,Light Golden,,23.99,/241/54/218458NC_1,218458NC_1.jpg,none,,,,,
218702_BK,218702,Tote Bag POPEYE3 Black,_BK,Black,Hand Bag,Tote,Plain PU,Polyurethane; Polyurethane,Light Golden,,25.99,/241/54/218702_BK_1,218702_BK_1.jpg,none,,,,,
218702_EC,218702,Tote Bag POPEYE3 Ecru,_EC,Ecru,Hand Bag,Tote,Plain PU,Polyurethane; Polyurethane,Light Golden,,25.99,/241/54/218702_EC_1,218702_EC_1.jpg,none,,,,,
218702_KK,218702,Tote Bag POPEYE3 Khaki,_KK,Khaki,Hand Bag,Tote,Plain PU,Polyurethane; Polyurethane,Light Golden,,25.99,/241/54/218702_KK_1,218702_KK_1.jpg,none,,,,,
218736NC,218736,Shopper Bag CURRY2 Natural Color,NC,Natural Color,Hand Bag,Shopper,Paper straw,Cotton; Linen; Paper; Polyester,Silver,,23.99,/241/54/218736NC_1,218736NC_1.jpg,none,,,,,
218871_CA,218871,Crossbody Bag MANAUS Camel,_CA,Camel,Hand Bag,Cross,Paper straw,Cotton; Paper; Polyester; Polyurethane; Polyurethane; Viscose,,,25.99,/241/54/218871_CA_1,218871_CA_1.jpg,none,,,,,
218911_PK,218911,Backpack MAMMINA Pink,_PK,Pink,Hand Bag,Backpack,Printed Fake Nylon,Polyester; Polyester; Polyester; Polyester; Polyurethane; Polyurethane,Silver,,23.99,/241/54/218911_PK_1,218911_PK_1.jpg,none,,,,,
218919_EC,218919,Backpack MAMMINA Ecru,_EC,Ecru,Hand Bag,Backpack,Fake Nylon,Polyester; Polyester; Polyester; Polyester; Polyurethane; Polyurethane; Polyurethane; Zinc,Silver,,23.99,/241/54/218919_EC_1,218919_EC_1.jpg,none,,,,,
218954_BK,218954,Shopper Bag ZOO1 Black,_BK,Black,Hand Bag,Shopper,Plain PU,Polyurethane; Polyurethane; Cotton; Linen; Polyester; Polyester; Polyurethane,Silver,,29.99,/241/54/218954_BK_1,218954_BK_1.jpg,none,,,,,
218954_BL,218954,Shopper Bag ZOO1 Blue,_BL,Blue,Hand Bag,Shopper,Plain PU,Cotton; Linen; Polyester; Polyester; Polyurethane; Polyurethane; Polyurethane,Silver,,29.99,/241/54/218954_BL_1,218954_BL_1.jpg,none,,,,,
218954_EC,218954,Shopper Bag ZOO1 Ecru,_EC,Ecru,Hand Bag,Shopper,Plain PU,Cotton; Linen; Polyester; Polyester; Polyurethane; Polyurethane; Polyurethane,Silver,,29.99,/241/54/218954_EC_1,218954_EC_1.jpg,none,,,,,
218954_NV,218954,Shopper Bag ZOO1 Navy,_NV,Navy,Hand Bag,Shopper,Plain PU,Cotton; Linen; Polyester; Polyester; Polyurethane; Polyurethane; Polyurethane,Silver,,29.99,/241/54/218954_NV_1,218954_NV_1.jpg,none,,,,,
218960_BG,218960,Shopper Bag MAMMINA Beige,_BG,Beige,Hand Bag,Shopper,Fake Nylon,Cotton; Polyester; Polyester; Polyester; Polyurethane; Polyurethane; Polyurethane,Light Golden,,25.99,/241/54/218960_BG_1,218960_BG_1.jpg,none,,,,,
218960_EC,218960,Shopper Bag MAMMINA Ecru,_EC,Ecru,Hand Bag,Shopper,Fake Nylon,Cotton; Polyester; Polyester; Polyester; Polyurethane; Polyurethane; Polyurethane,Light Golden,,25.99,/241/54/218960_EC_1,218960_EC_1.jpg,none,,,,,
219026NC,219026,Bucket Bag WOODY3 Natural Color,NC,Natural Color,Hand Bag,Bucket,Fake straw,Polyester; Polyester; Polypropylene; Polyurethane; Polyurethane,,,23.99,/241/54/219026NC_1,219026NC_1.jpg,none,,,,,
219090NC,219090,Tote Bag POPEYE3 Natural Color,NC,Natural Color,Hand Bag,Tote,Paper straw,Cotton; Iron; Linen; Paper; Polyester; Polyurethane,Silver,,25.99,/241/54/219090NC_1,219090NC_1.jpg,none,,,,,
219311_GD,219311,Tote Bag SELVA2 Gold,_GD,Gold,Hand Bag,Tote,Fantasy Fabric,Cotton; Polyamide; Polyamide; Polyurethane; Polyurethane,Light Golden,,23.99,/241/54/219311_GD_1,219311_GD_1.jpg,none,,,,,
219489_BL,219489,Sac ZOO3 Blue,_BL,Blue,Hand Bag,Sac,Real Suede,Cow Leather; Polyurethane; Polyurethane,Light Golden,,29.99,/241/54/219489_BL_1,219489_BL_1.jpg,none,,,,,
219489_CA,219489,Sac ZOO3 Camel,_CA,Camel,Hand Bag,Sac,Real Suede,Cow Leather; Polyurethane; Polyurethane,Light Golden,,29.99,/241/54/219489_CA_1,219489_CA_1.jpg,none,,,,,
219489_EC,219489,Sac ZOO3 Ecru,_EC,Ecru,Hand Bag,Sac,Real Suede,Cow Leather; Polyurethane; Polyurethane,Light Golden,,29.99,/241/54/219489_EC_1,219489_EC_1.jpg,none,,,,,
219518_BL,219518,Tote Bag STRIPES2 Blue,_BL,Blue,Hand Bag,Tote,Plain PU,Polyester; Polyurethane; Polyurethane,Silver,,23.99,/241/54/219518_BL_1,219518_BL_1.jpg,none,,,,,
219545NC,219545,Crossbody Bag BUZIOS Natural Color,NC,Natural Color,Hand Bag,Cross,Jute,Cotton; Linen; Polyurethane; Shell; Jute,Light Golden,,23.99,/241/54/219545NC_1,219545NC_1.jpg,none,,,,,
219552NC,219552,Shopper Bag CARIBE Natural Color,NC,Natural Color,Hand Bag,Shopper,Plain Fabric,Cotton; Cotton; Polyester; Polyester; Viscose; Jute,Light Golden,,25.99,/241/54/219552NC_1,219552NC_1.jpg,none,,,,,
219567NC,219567,Crossbody Bag BUZIOS Natural Color,NC,Natural Color,Hand Bag,Cross,Paper straw,Polyurethane; Cotton; Paper; Polyester,Light Golden,,25.99,/241/54/219567NC_1,219567NC_1.jpg,none,,,,,
219600_BG,219600,Backpack PATTY Beige,_BG,Beige,Hand Bag,Backpack,Fantasy Fabric,Cotton; Cotton; Linen; Polyester; Polyester; Polyurethane; Polyurethane; Zinc,,,27.99,/241/54/219600_BG_1,219600_BG_1.jpg,none,,,,,
219600_CL,219600,Backpack PATTY Coral,_CL,Coral,Hand Bag,Backpack,Fantasy Fabric,Polyester; Polyurethane; Polyurethane; Zinc; Cotton; Polyester; Polyester,,,27.99,/241/54/219600_CL_1,219600_CL_1.jpg,none,,,,,
219602_CL,219602,Crossbody Bag PATTY Coral,_CL,Coral,Hand Bag,Cross,Fantasy Fabric,Polyester; Polyester; Polyurethane; Polyurethane,Silver,,25.99,/241/54/219602_CL_1,219602_CL_1.jpg,none,,,,,
219729_BK,219729,Crossbody Bag STRIPES3 Black,_BK,Black,Hand Bag,Cross,Peach PU,Polyester; Polyester; Polyurethane; Polyurethane,Silver,,25.99,/241/54/219729_BK_1,219729_BK_1.jpg,none,,,,,
219729_BL,219729,Crossbody Bag STRIPES3 Blue,_BL,Blue,Hand Bag,Cross,Peach PU,Polyester; Polyester; Polyurethane; Polyurethane,Silver,,25.99,/241/54/219729_BL_1,219729_BL_1.jpg,none,,,,,
219729_EC,219729,Crossbody Bag STRIPES3 Ecru,_EC,Ecru,Hand Bag,Cross,Peach PU,Polyester; Polyester; Polyurethane; Polyurethane,Silver,,25.99,/241/54/219729_EC_1,219729_EC_1.jpg,none,,,,,
219729_GN,219729,Crossbody Bag STRIPES3 Green,_GN,Green,Hand Bag,Cross,Peach PU,Polyester; Polyester; Polyurethane; Polyurethane,Silver,,25.99,/241/54/219729_GN_1,219729_GN_1.jpg,none,,,,,
219787NC,219787,Envelope Bag KOLKATA2 Natural Color,NC,Natural Color,Hand Bag,Envelope,Paper straw,Cotton; Iron; Linen; Paper; Polyester; Polyurethane,Light Golden,,19.99,/242/54/219787NC_1,219787NC_1.jpg,none,,,,,
219787_BL,219787,Envelope Bag CURRY2 Blue,_BL,Blue,Hand Bag,Envelope,Paper straw,Cotton; Iron; Linen; Paper; Polyester; Polyurethane,Light Golden,,19.99,/241/54/219787_BL_1,219787_BL_1.jpg,none,,,,,
219787_LM,219787,Envelope Bag CURRY2 Lime,_LM,Lime,Hand Bag,Envelope,Paper straw,Cotton; Iron; Linen; Paper; Polyester; Polyurethane,Light Golden,,19.99,/241/54/219787_LM_1,219787_LM_1.jpg,none,,,,,
220084_BK,220084,Tote Bag INCA Black,_BK,Black,Hand Bag,Tote,Plain PU,Polyester; Polyester; Polyurethane; Polyurethane,Silver,,25.99,/242/54/220084_BK_1,220084_BK_1.jpg,none,,,,,
220084_CA,220084,Tote Bag INCA Camel,_CA,Camel,Hand Bag,Tote,Plain PU,Polyester; Polyester; Polyurethane; Polyurethane,Light Golden,,25.99,/242/54/220084_CA_1,220084_CA_1.jpg,none,,,,,
220084_EC,220084,Tote Bag INCA Ecru,_EC,Ecru,Hand Bag,Tote,Plain PU,Polyester; Polyester; Polyurethane; Polyurethane,Silver,,25.99,/242/54/220084_EC_1,220084_EC_1.jpg,none,,,,,
220084_MD,220084,Tote Bag INCA Mustard,_MD,Mustard,Hand Bag,Tote,Plain PU,Polyester; Polyester; Polyurethane; Polyurethane,Silver,,25.99,/242/54/220084_MD_1,220084_MD_1.jpg,none,,,,,
220084_NV,220084,Tote Bag INCA Navy,_NV,Navy,Hand Bag,Tote,Plain PU,Polyester; Polyester; Polyurethane; Polyurethane,Light Golden,,25.99,/242/54/220084_NV_1,220084_NV_1.jpg,none,,,,,
220089_JN,220089,Tote Bag INCA Blue Jeans,_JN,Blue Jeans,Hand Bag,Tote,Denim,Cotton; Polyester; Polyester; Polyurethane,Silver,,25.99,/242/54/220089_JN_1,220089_JN_1.jpg,none,,,,,
220135_WT,220135,Crossbody Bag STRAWBERRY White,_WT,White,Hand Bag,Cross,Printed PU,Polyester; Polyurethane; Polyurethane,Silver,,23.99,/242/54/220135_WT_1,220135_WT_1.jpg,none,,,,,
220166_IG,220166,Backpack SAHARA Indigo,_IG,Indigo,Hand Bag,Backpack,Denim,Cotton; Polyester; Polyester; Polyurethane,Silver,,19.99,/242/54/220166_IG_1,220166_IG_1.jpg,none,,,,,
220166_JN,220166,Backpack SAHARA Blue Jeans,_JN,Blue Jeans,Hand Bag,Backpack,Denim,Polyester; Polyurethane; Cotton; Polyester,Silver,,19.99,/242/54/220166_JN_1,220166_JN_1.jpg,none,,,,,
220345NC,220345,Shoulder Bag CURRY3 Natural Color,NC,Natural Color,Hand Bag,Shoulder Bag,Paper straw,Polyester; Polypropylene; Polyurethane; Polyurethane; Polyethylene,Light Golden,,23.99,/241/54/220345NC_1,220345NC_1.jpg,none,,,,,
220387_WT,220387,Crossbody Bag STRAWBERRY White,_WT,White,Hand Bag,Cross,Paper straw,Acrylic; Iron; Iron; Linen; Paper; Polyurethane; Polyurethane,,,27.99,/242/54/220387_WT_1,220387_WT_1.jpg,none,,,,,
220400_EC,220400,Bucket Bag HONDURAS Ecru,_EC,Ecru,Hand Bag,Bucket,Crochet,Cotton; Cotton; Polyester; Polyester; Polyurethane,Light Golden,,23.99,/242/54/220400_EC_1,220400_EC_1.jpg,none,,,,,
220418DNC,220418,Sac HONDURAS Dark Natural Color,DNC,Dark Natural Color,Hand Bag,Sac,Paper straw,Cotton; Paper; Polyester; Polyurethane,Light Golden,,25.99,/242/54/220418DNC_1,220418DNC_1.jpg,none,,,,,
220520_BM,220520,Shopper Bag STRIPES2 Bright Multicolor,_BM,Bright Multicolor,Hand Bag,Shopper,Fantasy Fabric,Polyester; Polyester; Polyester; Polyester,Silver,,35.99,/241/54/220520_BM_1,220520_BM_1.jpg,none,,,,,
220564_CA,220564,Shopper Bag SELVA1 Camel,_CA,Camel,Hand Bag,Shopper,Plain PU,Cotton; Polyester; Polyurethane; Polyurethane; Polyurethane; Polyurethane,,,27.99,/241/54/220564_CA_1,220564_CA_1.jpg,none,,,,,
220564_EC,220564,Shopper Bag SELVA1 Ecru,_EC,Ecru,Hand Bag,Shopper,Plain PU,Cotton; Polyester; Polyurethane; Polyurethane; Polyurethane; Polyurethane,,,27.99,/241/54/220564_EC_1,220564_EC_1.jpg,none,,,,,
220564_YL,220564,Shopper Bag SELVA1 Yellow,_YL,Yellow,Hand Bag,Shopper,Plain PU,Cotton; Polyester; Polyurethane; Polyurethane; Polyurethane; Polyurethane,,,27.99,/241/54/220564_YL_1,220564_YL_1.jpg,none,,,,,
220671_CA,220671,Sac POPEYE2 Camel,_CA,Camel,Hand Bag,Sac,Plain PU,Polyester; Polyurethane; Polyurethane; Polyurethane; Polyurethane,,,27.99,/241/54/220671_CA_1,220671_CA_1.jpg,none,,,,,
220671_EC,220671,Sac POPEYE2 Ecru,_EC,Ecru,Hand Bag,Sac,Plain PU,Polyester; Polyurethane; Polyurethane; Polyurethane; Polyurethane,,,27.99,/241/54/220671_EC_1,220671_EC_1.jpg,none,,,,,
220896NC,220896,Shopper Bag KOLKATA1 Natural Color,NC,Natural Color,Hand Bag,Shopper,Jute,Jute; Jute,,,25.99,/242/54/220896NC_1,220896NC_1.jpg,none,,,,,
220903NC,220903,Crossbody Bag KOLKATA1 Natural Color,NC,Natural Color,Hand Bag,Cross,Jute,Cow Leather; Polyurethane; Jute,,,23.99,/242/54/220903NC_1,220903NC_1.jpg,none,,,,,
220904_BL,220904,Shopper Bag SUEDE BALLS Blue,_BL,Blue,Hand Bag,Shopper,Real Suede,Cow Suede Leather; Cow Suede Leather,,,49.99,/242/54/220904_BL_1,220904_BL_1.jpg,none,,,,,
220904_BU,220904,Shopper Bag SUEDE STUDS Burgundy,_BU,Burgundy,Hand Bag,Shopper,Real Suede,Cow Suede Leather; Cow Suede Leather,,,49.99,/242/54/220904_BU_1,220904_BU_1.jpg,none,,,,,
220904_CA,220904,Shopper Bag SUEDE BALLS Camel,_CA,Camel,Hand Bag,Shopper,Real Suede,Cow Suede Leather; Cow Suede Leather,,,49.99,/241/54/220904_CA_1,220904_CA_1.jpg,none,,,,,
220904_YL,220904,Shopper Bag SUEDE BALLS Yellow,_YL,Yellow,Hand Bag,Shopper,Real Suede,Cow Suede Leather; Cow Suede Leather,,,49.99,/241/54/220904_YL_1,220904_YL_1.jpg,none,,,,,
221060_BK,221060,Sac BRAIDED PU CAPSULE Black,_BK,Black,Hand Bag,Sac,Interlaced,Polyurethane; Polyurethane,,,32.99,/241/54/221060_BK_1,221060_BK_1.jpg,none,,,,,
221060_EC,221060,Sac BRAIDED PU CAPSULE Ecru,_EC,Ecru,Hand Bag,Sac,Interlaced,Polyurethane; Polyurethane,,,32.99,/241/54/221060_EC_1,221060_EC_1.jpg,none,,,,,
221060_YL,221060,Sac BRAIDED PU CAPSULE Yellow,_YL,Yellow,Hand Bag,Sac,Interlaced,Polyurethane; Polyurethane,,,32.99,/241/54/221060_YL_1,221060_YL_1.jpg,none,,,,,
221063_BM,221063,Sac WOODY2 Bright Multicolor,_BM,Bright Multicolor,Hand Bag,Sac,Fantasy Fabric,Polyamide; Polyamide; Polyester; Polyester; Polyurethane,,,29.99,/241/54/221063_BM_1,221063_BM_1.jpg,none,,,,,
221135_GD,221135,Shopper Bag BRAIDED LEATHER Gold,_GD,Gold,Hand Bag,Shopper,Leather,Cow Leather; Cow Leather,,,79.99,/241/54/221135_GD_1,221135_GD_1.jpg,none,,,,,
221135_SV,221135,Shopper Bag BRAIDED LEATHER Silver,_SV,Silver,Hand Bag,Shopper,Leather,Cow Leather; Cow Leather,,,79.99,/241/54/221135_SV_1,221135_SV_1.jpg,none,,,,,
221225_BM,221225,Tote Bag MAORI3 Bright Multicolor,_BM,Bright Multicolor,Hand Bag,Tote,Printed Nylon,Polyester; Polyester; Polyurethane; Polyurethane,Silver,,25.99,/242/54/221225_BM_1,221225_BM_1.jpg,none,,,,,
221253_BK,221253,Crossbody Bag NIZA2 Black,_BK,Black,Hand Bag,Cross,Plain PU,Polyester; Polyester; Polyurethane; Polyurethane; Polyurethane,Light Golden,,23.99,/242/54/221253_BK_1,221253_BK_1.jpg,none,,,,,
221253_EC,221253,Crossbody Bag NIZA2 Ecru,_EC,Ecru,Hand Bag,Cross,Plain PU,Polyester; Polyurethane; Polyurethane; Polyurethane; Polyester,Light Golden,,23.99,/242/54/221253_EC_1,221253_EC_1.jpg,none,,,,,
221253_TU,221253,Crossbody Bag NIZA2 Taupe,_TU,Taupe,Hand Bag,Cross,Plain PU,Polyester; Polyester; Polyurethane; Polyurethane; Polyurethane,Light Golden,,23.99,/242/54/221253_TU_1,221253_TU_1.jpg,none,,,,,
221253_YL,221253,Crossbody Bag NIZA2 Yellow,_YL,Yellow,Hand Bag,Cross,Plain PU,Polyester; Polyester; Polyurethane; Polyurethane; Polyurethane,Light Golden,,23.99,/242/54/221253_YL_1,221253_YL_1.jpg,none,,,,,
221330NC,221330,Tote Bag KOLKATA3 Natural Color,NC,Natural Color,Hand Bag,Tote,Fake straw,Polyester; Polyester; Polypropylene; Polyurethane; Polyurethane,Light Golden,,23.99,/242/54/221330NC_1,221330NC_1.jpg,none,,,,,
221429_CA,221429,Crossbody Bag KOLKATA3 Camel,_CA,Camel,Hand Bag,Cross,Straw,Cotton; Linen; Polyester; Polyurethane; Straw,,,27.99,/242/54/221429_CA_1,221429_CA_1.jpg,none,,,,,
221429_WT,221429,Crossbody Bag KOLKATA3 White,_WT,White,Hand Bag,Cross,Straw,Cotton; Linen; Polyester; Polyurethane; Straw,,,27.99,/242/54/221429_WT_1,221429_WT_1.jpg,none,,,,,
221437NC,221437,Shopper Bag KOLKATA3 Natural Color,NC,Natural Color,Hand Bag,Shopper,Straw,Cotton; Linen; Polyester; Polyurethane; Straw,,,32.99,/242/54/221437NC_1,221437NC_1.jpg,none,,,,,
221606_BK,221606,Sac NIZA1 Black,_BK,Black,Hand Bag,Sac,Fantasy Fabric,Polyester; Polypropylene; Polyurethane; Polyurethane,,,27.99,/242/54/221606_BK_1,221606_BK_1.jpg,none,,,,,
221643_TU,221643,Backpack FLORA Taupe,_TU,Taupe,Hand Bag,Backpack,Color Block,Polyurethane; Polyurethane; Polyester,,,27.99,/242/54/221643_TU_1,221643_TU_1.jpg,none,,,,,
221647_GN,221647,Crossbody Bag FLORA Green,_GN,Green,Hand Bag,Cross,Color Block,Polyester; Polyurethane; Polyurethane,Silver,,23.99,/242/54/221647_GN_1,221647_GN_1.jpg,none,,,,,
221647_PK,221647,Crossbody Bag FLORA Pink,_PK,Pink,Hand Bag,Cross,Color Block,Polyester; Polyurethane; Polyurethane,Silver,,23.99,/242/54/221647_PK_1,221647_PK_1.jpg,none,,,,,
221649_GN,221649,Crossbody Bag FLORA Green,_GN,Green,Hand Bag,Cross,Printed PU,Polyurethane; Polyester; Polyurethane,Silver,,25.99,/242/54/221649_GN_1,221649_GN_1.jpg,none,,,,,
221704_BL,221704,Shopper Bag MAORI1 Blue,_BL,Blue,Hand Bag,Shopper,Plain PU,Polyester; Polyurethane; Polyurethane; Polyurethane; Polyurethane; Polyurethane; Cotton; Polyester; Polyester,Light Golden,,29.99,/242/54/221704_BL_1,221704_BL_1.jpg,none,,,,,
221704_CA,221704,Shopper Bag MAORI1 Camel,_CA,Camel,Hand Bag,Shopper,Plain PU,Cotton; Polyester; Polyester; Polyester; Polyurethane; Polyurethane; Polyurethane; Polyurethane; Polyurethane,Light Golden,,29.99,/242/54/221704_CA_1,221704_CA_1.jpg,none,,,,,
221704_WT,221704,Shopper Bag MAORI1 White,_WT,White,Hand Bag,Shopper,Plain PU,Cotton; Polyester; Polyester; Polyester; Polyurethane; Polyurethane; Polyurethane; Polyurethane; Polyurethane,Light Golden,,29.99,/242/54/221704_WT_1,221704_WT_1.jpg,none,,,,,
221730DNC,221730,Crossbody Bag ULLA Dark Natural Color,DNC,Dark Natural Color,Hand Bag,Cross,Paper straw,Iron; Iron; Linen; Paper; Polyurethane; Polyurethane,Light Golden,,25.99,/242/54/221730DNC_1,221730DNC_1.jpg,none,,,,,
221762NC,221762,Sac ANASTASIA Natural Color,NC,Natural Color,Hand Bag,Sac,Paper straw,Iron; Iron; Linen; Paper; Polyurethane; Polyurethane,Light Golden,,25.99,/242/54/221762NC_1,221762NC_1.jpg,none,,,,,
221776NC,221776,Crossbody Bag ANASTASIA Natural Color,NC,Natural Color,Hand Bag,Cross,Paper straw,Iron; Iron; Linen; Paper; Polyurethane; Polyurethane,Light Golden,,25.99,/242/54/221776NC_1,221776NC_1.jpg,none,,,,,
221902_BK,221902,Tote Bag NIZA3 Black,_BK,Black,Hand Bag,Tote,Plain PU,Polyester; Polyurethane; Polyurethane,Silver,,23.99,/242/54/221902_BK_1,221902_BK_1.jpg,none,,,,,
221902_BL,221902,Tote Bag NIZA3 Blue,_BL,Blue,Hand Bag,Tote,Plain PU,Polyester; Polyurethane; Polyurethane,Silver,,23.99,/242/54/221902_BL_1,221902_BL_1.jpg,none,,,,,
221902_EC,221902,Tote Bag NIZA3 Ecru,_EC,Ecru,Hand Bag,Tote,Plain PU,Polyester; Polyurethane; Polyurethane,Light Golden,,23.99,/242/54/221902_EC_1,221902_EC_1.jpg,none,,,,,
221915NC,221915,Shopper Bag CURRY1 Natural Color,NC,Natural Color,Hand Bag,Shopper,Paper straw,Cotton; Cotton; Paper; Polyester; Polyurethane; glass bead,,,29.99,/241/54/221915NC_1,221915NC_1.jpg,none,,,,,
222011_BK,222011,Crossbody Bag GOLDEN BAY3 Black,_BK,Black,Hand Bag,Cross,Plain PU,Cotton; Polyurethane,Silver,,25.99,/242/54/222011_BK_1,222011_BK_1.jpg,none,,,,,
222011_EC,222011,Crossbody Bag GOLDEN BAY3 Ecru,_EC,Ecru,Hand Bag,Cross,Plain PU,Cotton; Polyurethane,Silver,,25.99,/242/54/222011_EC_1,222011_EC_1.jpg,none,,,,,
222011_TU,222011,Crossbody Bag GOLDEN BAY3 Taupe,_TU,Taupe,Hand Bag,Cross,Plain PU,Cotton; Polyurethane,Silver,,25.99,/242/54/222011_TU_1,222011_TU_1.jpg,none,,,,,
222222_BK,222222,Computer Hand Bag HASHTAG1 Black,_BK,Black,Hand Bag,Computer Hand Bag,Fake Nylon,Polyester; Polyester; Polyurethane; Polyurethane,,,27.99,/242/54/222222_BK_1,222222_BK_1.jpg,none,,,,,
222227_BK,222227,Tote Bag GOLDEN BAY2 Black,_BK,Black,Hand Bag,Tote,Plain PU,Polyester; Polyurethane; Polyurethane,,,27.99,/242/54/222227_BK_1,222227_BK_1.jpg,none,,,,,
222227_TU,222227,Tote Bag GOLDEN BAY2 Taupe,_TU,Taupe,Hand Bag,Tote,Plain PU,Polyester; Polyurethane; Polyurethane,,,27.99,/242/54/222227_TU_1,222227_TU_1.jpg,none,,,,,
222227_WT,222227,Tote Bag GOLDEN BAY2 White,_WT,White,Hand Bag,Tote,Plain PU,Polyester; Polyurethane; Polyurethane,,,27.99,/242/54/222227_WT_1,222227_WT_1.jpg,none,,,,,
222242_BG,222242,Briefcase HASHTAG1 Beige,_BG,Beige,Hand Bag,Briefcase,Fake Nylon,Polyester; Polyester; Polyurethane; Polyurethane; Polyurethane; Polyester,Silver,,35.99,/242/54/222242_BG_1,222242_BG_1.jpg,none,,,,,
222242_BK,222242,Briefcase HASHTAG2 Black,_BK,Black,Hand Bag,Briefcase,Fake Nylon,Polyester; Polyester; Polyester; Polyurethane; Polyurethane; Polyurethane,Silver,,35.99,/242/54/222242_BK_1,222242_BK_1.jpg,none,,,,,
222242_KK,222242,Briefcase HASHTAG2 Khaki,_KK,Khaki,Hand Bag,Briefcase,Fake Nylon,Polyester; Polyester; Polyester; Polyurethane; Polyurethane; Polyurethane,Silver,,35.99,/242/54/222242_KK_1,222242_KK_1.jpg,none,,,,,
222245NC,222245,Tote Bag KOLKATA1 Natural Color,NC,Natural Color,Hand Bag,Tote,Jute,Cotton; Cotton; Jute; glass bead,,,23.99,/242/54/222245NC_1,222245NC_1.jpg,none,,,,,
222258_NV,222258,Backpack PALMS Navy,_NV,Navy,Hand Bag,Backpack,Color Block,Polyester; Polyurethane; Polyurethane,,,27.99,/242/54/222258_NV_1,222258_NV_1.jpg,none,,,,,
222262_EC,222262,Crossbody Bag PALMS Ecru,_EC,Ecru,Hand Bag,Cross,Plain PU,Polyester; Polyurethane; Polyurethane,Light Golden,,25.99,/242/54/222262_EC_1,222262_EC_1.jpg,none,,,,,
222262_NV,222262,Crossbody Bag PALMS Navy,_NV,Navy,Hand Bag,Cross,Plain PU,Polyurethane; Polyurethane; Polyester,Light Golden,,25.99,/242/54/222262_NV_1,222262_NV_1.jpg,none,,,,,
222265_NV,222265,Briefcase PALMS Navy,_NV,Navy,Hand Bag,Briefcase,Color Block,Polyester; Polyester; Polyurethane; Polyurethane; Polyurethane,Light Golden,,35.99,/242/54/222265_NV_1,222265_NV_1.jpg,none,,,,,
222340_BK,222340,Tote Bag DAMERO2 Black,_BK,Black,Hand Bag,Tote,Plain PU,Polyester; Polyurethane; Polyurethane,Silver,,25.99,/242/54/222340_BK_1,222340_BK_1.jpg,none,,,,,
222340_TU,222340,Tote Bag DAMERO2 Taupe,_TU,Taupe,Hand Bag,Tote,Plain PU,Polyester; Polyurethane; Polyurethane,Silver,,25.99,/242/54/222340_TU_1,222340_TU_1.jpg,none,,,,,
222340_WT,222340,Tote Bag DAMERO2 White,_WT,White,Hand Bag,Tote,Plain PU,Polyester; Polyurethane; Polyurethane,Silver,,25.99,/242/54/222340_WT_1,222340_WT_1.jpg,none,,,,,
222341_LM,222341,Tote Bag DAMERO2 Lime,_LM,Lime,Hand Bag,Tote,Plain PU,Polyester; Polyurethane; Polyurethane,Silver,,23.99,/242/54/222341_LM_1,222341_LM_1.jpg,none,,,,,
222341_WT,222341,Tote Bag DAMERO2 White,_WT,White,Hand Bag,Tote,Plain PU,Polyester; Polyurethane; Polyurethane,Silver,,23.99,/242/54/222341_WT_1,222341_WT_1.jpg,none,,,,,
222368_BM,222368,Shopper Bag GOLDEN BAY3 Bright Multicolor,_BM,Bright Multicolor,Hand Bag,Shopper,Printed Nylon,Aluminium; Iron; Polyester; Polyester; Resin; Silicone,Silver,,29.99,/242/54/222368_BM_1,222368_BM_1.jpg,none,,,,,
222606NC,222606,Shopper Bag GOLDEN BAY3 Natural Color,NC,Natural Color,Hand Bag,Shopper,Paper straw,Cotton; Fiberglass; Paper; Polyester; Polyurethane,,,29.99,/242/54/222606NC_1,222606NC_1.jpg,none,,,,,
222631_BK,222631,Shoulder Bag JUNGLE2 Black,_BK,Black,Hand Bag,Shoulder Bag,Leather,Cotton; Cow Leather,Silver,,69.99,/242/54/222631_BK_1,222631_BK_1.jpg,none,,,,,
222631_BU,222631,Shoulder Bag JUNGLE2 Burgundy,_BU,Burgundy,Hand Bag,Shoulder Bag,Leather,Cotton; Cow Leather,Silver,,69.99,/242/54/222631_BU_1,222631_BU_1.jpg,none,,,,,
222631_EC,222631,Shoulder Bag JUNGLE2 Ecru,_EC,Ecru,Hand Bag,Shoulder Bag,Leather,Cotton; Cow Leather,Silver,,69.99,/242/54/222631_EC_1,222631_EC_1.jpg,none,,,,,
222631_PK,222631,Shoulder Bag JUNGLE2 Pink,_PK,Pink,Hand Bag,Shoulder Bag,Leather,Cotton; Cow Leather,Silver,,69.99,/242/54/222631_PK_1,222631_PK_1.jpg,none,,,,,
222731_GD,222731,Tote Bag KOLKATA3 Gold,_GD,Gold,Hand Bag,Tote,Fantasy Fabric,Polyester; Polypropylene; Polyurethane; Polyurethane; Polyethylene,Light Golden,,29.99,/242/54/222731_GD_1,222731_GD_1.jpg,none,,,,,
222793_BK,222793,Shoulder Bag DAMERO3 Black,_BK,Black,Hand Bag,Shoulder Bag,Plain PU,Polyester; Polyurethane; Polyurethane,,,27.99,/242/54/222793_BK_1,222793_BK_1.jpg,none,,,,,
222793_EC,222793,Shoulder Bag DAMERO3 Ecru,_EC,Ecru,Hand Bag,Shoulder Bag,Plain PU,Polyester; Polyurethane; Polyurethane,,,27.99,/242/54/222793_EC_1,222793_EC_1.jpg,none,,,,,
2228591EC,222859,Crossbody Bag DALMATA2 Ecru,1EC,Ecru,Hand Bag,Cross,Plain PU,Polyurethane; Polyester; Polyurethane,Silver,,25.99,/242/54/2228591EC_1,2228591EC_1.jpg,none,,,,,
222859_BK,222859,Crossbody Bag DALMATA2 Black,_BK,Black,Hand Bag,Cross,Plain PU,Polyester; Polyurethane; Polyurethane,Silver,,25.99,/242/54/222859_BK_1,222859_BK_1.jpg,none,,,,,
222859_TU,222859,Crossbody Bag DALMATA2 Taupe,_TU,Taupe,Hand Bag,Cross,Plain PU,Polyester; Polyurethane; Polyurethane,Silver,,25.99,/242/54/222859_TU_1,222859_TU_1.jpg,none,,,,,
222893_WT,222893,Shoulder Bag DAMERO2 White,_WT,White,Hand Bag,Shoulder Bag,Crochet,Fiberglass; Nylon; Polyethylene,,,35.99,/242/54/222893_WT_1,222893_WT_1.jpg,none,,,,,
222896_BK,222896,Tote Bag DAMERO3 Black,_BK,Black,Hand Bag,Tote,Nylon,Polyurethane; Polyurethane; Polyurethane; Resin; Zinc; Polyester; Polyester; Polyester; Polyester; Polyester,Light Golden,,29.99,/242/54/222896_BK_1,222896_BK_1.jpg,none,,,,,
222896_EC,222896,Tote Bag DAMERO3 Ecru,_EC,Ecru,Hand Bag,Tote,Nylon,Polyester; Polyester; Polyester; Polyester; Polyester; Polyurethane; Polyurethane; Polyurethane; Resin; Zinc,Silver,,29.99,/242/54/222896_EC_1,222896_EC_1.jpg,none,,,,,
222896_TU,222896,Tote Bag DAMERO3 Taupe,_TU,Taupe,Hand Bag,Tote,Nylon,Polyester; Polyester; Polyester; Polyester; Polyester; Polyurethane; Polyurethane; Polyurethane; Resin; Zinc,Light Golden,,29.99,/242/54/222896_TU_1,222896_TU_1.jpg,none,,,,,
222934_BN,222934,Crossbody Bag JOPLIN Brown,_BN,Brown,Hand Bag,Cross,Real Suede,Cow Suede Leather; Iron; Iron; Polyester; Polyurethane; Polyurethane,Light Golden,,29.99,/242/54/222934_BN_1,222934_BN_1.jpg,none,,,,,
222934_CA,222934,Crossbody Bag JOPLIN Camel,_CA,Camel,Hand Bag,Cross,Real Suede,Cow Suede Leather; Iron; Iron; Polyester; Polyurethane; Polyurethane,Light Golden,,29.99,/242/54/222934_CA_1,222934_CA_1.jpg,none,,,,,
222943_BU,222943,Sac DALMATA3 Burgundy,_BU,Burgundy,Hand Bag,Sac,Fantasy Fabric,Polyester; Polyester; Polyurethane,Silver,,23.99,/242/54/222943_BU_1,222943_BU_1.jpg,none,,,,,
222943_YL,222943,Sac DALMATA3 Yellow,_YL,Yellow,Hand Bag,Sac,Fantasy Fabric,Polyester; Polyester; Polyurethane,Silver,,23.99,/242/54/222943_YL_1,222943_YL_1.jpg,none,,,,,
222945_BK,222945,Shopper Bag AVERY Black,_BK,Black,Hand Bag,Shopper,Plain PU,Polyurethane; Polyester; Polyurethane; Polyurethane; Polyurethane,,,27.99,/242/54/222945_BK_1,222945_BK_1.jpg,none,,,,,
222952_BK,222952,Tote Bag JACKSON 1 Black,_BK,Black,Hand Bag,Tote,Nylon,Polyester; Polyester; Polyester; Polyester; Polyurethane; Polyurethane; Polyurethane; Zinc,,,27.99,/242/54/222952_BK_1,222952_BK_1.jpg,none,,,,,
222952_BL,222952,Tote Bag JACKSON 2 Blue,_BL,Blue,Hand Bag,Tote,Nylon,Polyester; Polyurethane; Polyurethane; Polyurethane; Zinc; Polyester; Polyester; Polyester,Silver,,27.99,/242/54/222952_BL_1,222952_BL_1.jpg,none,,,,,
222952_EC,222952,Tote Bag JACKSON 1 Ecru,_EC,Ecru,Hand Bag,Tote,Nylon,Polyester; Polyester; Polyester; Polyester; Polyurethane; Polyurethane; Polyurethane; Zinc,,,27.99,/242/54/222952_EC_1,222952_EC_1.jpg,none,,,,,
222952_KK,222952,Tote Bag JACKSON 1 Khaki,_KK,Khaki,Hand Bag,Tote,Nylon,Polyester; Polyester; Polyester; Polyester; Polyurethane; Polyurethane; Polyurethane; Zinc,,,27.99,/242/54/222952_KK_1,222952_KK_1.jpg,none,,,,,
223023_BK,223023,Tote Bag BAKER Black,_BK,Black,Hand Bag,Tote,Plain PU,Polyester; Polyester; Polyurethane; Polyester; Polyester; Polyurethane,Light Golden,,25.99,/242/54/223023_BK_1,223023_BK_1.jpg,none,,,,,
223023_CA,223023,Tote Bag BAKER Camel,_CA,Camel,Hand Bag,Tote,Plain PU,Polyester; Polyester; Polyurethane; Polyester; Polyester; Polyurethane,Light Golden,,25.99,/242/54/223023_CA_1,223023_CA_1.jpg,none,,,,,
223023_EC,223023,Tote Bag BAKER Ecru,_EC,Ecru,Hand Bag,Tote,Plain PU,Polyester; Polyester; Polyurethane; Polyester; Polyurethane; Polyester,Light Golden,,25.99,/242/54/223023_EC_1,223023_EC_1.jpg,none,,,,,
223038_NV,223038,Tote Bag MAORI3 Navy,_NV,Navy,Hand Bag,Tote,Nylon,Polyester; Polyurethane; Polyurethane; Polyester; Polyester,Light Golden,,23.99,/242/54/223038_NV_1,223038_NV_1.jpg,none,,,,,
223052_BK,223052,Crossbody Bag ZIMBA2 Black,_BK,Black,Hand Bag,Cross,Plain PU,Polyester; Polyurethane; Polyurethane,Silver,,25.99,/242/54/223052_BK_1,223052_BK_1.jpg,none,,,,,
223052_EC,223052,Crossbody Bag ZIMBA2 Ecru,_EC,Ecru,Hand Bag,Cross,Plain PU,Polyester; Polyurethane; Polyurethane,Silver,,25.99,/242/54/223052_EC_1,223052_EC_1.jpg,none,,,,,
223342_BM,223342,Crossbody Bag ZIMBA2 Bright Multicolor,_BM,Bright Multicolor,Hand Bag,Cross,Real Fur,Cow Leather; Polyester; Polyurethane; Polyurethane,,,32.99,/242/54/223342_BM_1,223342_BM_1.jpg,none,,,,,
223398_EC,223398,Shopper Bag ISABELA Ecru,_EC,Ecru,Hand Bag,Shopper,Canvas,Cotton; Cotton; Linen; Linen; Polyurethane; Cotton; Linen; Cotton; Linen; Polyurethane; Polyurethane,Light Golden,,25.99,/242/54/223398_EC_1,223398_EC_1.jpg,none,,,,,
223403_BK,223403,Shoulder Strap for Bags ZOO3 Black,_BK,Black,Hand Bag,Shoulder Strap,Plain Fabric,Polyester; Zinc,Light Golden,,4.99,/242/54/223403_BK_1,223403_BK_1.jpg,none,,,,,
223403_EC,223403,Shoulder Strap for Bags ZOO3 Ecru,_EC,Ecru,Hand Bag,Shoulder Strap,Plain Fabric,Polyester; Zinc,Light Golden,,4.99,/242/54/223403_EC_1,223403_EC_1.jpg,none,,,,,
223447_BM,223447,Sac ZIMBA3 Bright Multicolor,_BM,Bright Multicolor,Hand Bag,Sac,Patchwork,Polyester; Polyurethane; Polyester; Polyurethane; Polyester; Polyurethane,,,39.99,/242/54/223447_BM_1,223447_BM_1.jpg,none,,,,,
223485_TU,223485,Shopper Bag SUEDE BALLS Taupe,_TU,Taupe,Hand Bag,Shopper,Real Suede,Cow Suede Leather; Cow Leather,,,39.99,/242/54/223485_TU_1,223485_TU_1.jpg,none,,,,,
223547_BK,223547,Shopper Bag ZIMBA3 Black,_BK,Black,Hand Bag,Shopper,Plain PU,Polyurethane; Polyester; Polyurethane; Cotton; Polyester; Polyurethane,Light Golden,,29.99,/242/54/223547_BK_1,223547_BK_1.jpg,none,,,,,
223547_WT,223547,Shopper Bag ZIMBA3 White,_WT,White,Hand Bag,Shopper,Plain PU,Polyurethane; Polyurethane; Polyester; Cotton; Polyester; Polyurethane,Light Golden,,29.99,/242/54/223547_WT_1,223547_WT_1.jpg,none,,,,,
223611_BK,223611,Crossbody Bag LEO2 Black,_BK,Black,Hand Bag,Cross,Peach PU,Polyurethane; Polyurethane; Polyester,Silver,,23.99,/242/54/223611_BK_1,223611_BK_1.jpg,none,,,,,
223611_BU,223611,Crossbody Bag LEO2 Burgundy,_BU,Burgundy,Hand Bag,Cross,Peach PU,Polyurethane; Polyester; Polyurethane,Silver,,23.99,/242/54/223611_BU_1,223611_BU_1.jpg,none,,,,,
223611_EC,223611,Crossbody Bag LEO2 Ecru,_EC,Ecru,Hand Bag,Cross,Peach PU,Polyurethane; Polyester; Polyurethane,Silver,,23.99,/242/54/223611_EC_1,223611_EC_1.jpg,none,,,,,
223616_CA,223616,Tote Bag LEO3 Camel,_CA,Camel,Hand Bag,Tote,Peach PU,Polyester; Polyurethane; Polyurethane; Polyester; Polyester,Silver,,29.99,/242/54/223616_CA_1,223616_CA_1.jpg,none,,,,,
223622_BK,223622,Tote Bag LEO3 Black,_BK,Black,Hand Bag,Tote,Nylon,Polyester; Polyester; Polyurethane; Polyester; Polyester,Silver,,29.99,/242/54/223622_BK_1,223622_BK_1.jpg,none,,,,,
223622_CA,223622,Tote Bag LEO3 Camel,_CA,Camel,Hand Bag,Tote,Nylon,Polyester; Polyester; Polyester; Polyurethane; Polyester,Silver,,29.99,/242/54/223622_CA_1,223622_CA_1.jpg,none,,,,,
223626_EC,223626,Tote Bag LEO3 Ecru,_EC,Ecru,Hand Bag,Tote,Peach PU,Zinc; Polyester; Polyurethane; Polyurethane; Polyester,Silver,,25.99,/242/54/223626_EC_1,223626_EC_1.jpg,none,,,,,
223639_BK,223639,Shopper Bag NEW ESSENTIALS1 Black,_BK,Black,Hand Bag,Shopper,Plain PU,Polyester; Polyurethane; Polyurethane; Polyester; Polyurethane; Polyester,Light Golden,,37.99,/242/54/223639_BK_1,223639_BK_1.jpg,none,,,,,
223639_EC,223639,Shopper Bag NEW ESSENTIALS1 Ecru,_EC,Ecru,Hand Bag,Shopper,Plain PU,Polyurethane; Polyester; Polyurethane; Polyester; Polyester; Polyurethane,Light Golden,,37.99,/242/54/223639_EC_1,223639_EC_1.jpg,none,,,,,
223639_GY,223639,Shopper Bag NEW ESSENTIALS1 Grey,_GY,Grey,Hand Bag,Shopper,Plain PU,Polyurethane; Polyester; Polyester; Polyurethane; Polyester; Polyurethane,Light Golden,,37.99,/242/54/223639_GY_1,223639_GY_1.jpg,none,,,,,
223639_TU,223639,Shopper Bag NEW ESSENTIALS1 Taupe,_TU,Taupe,Hand Bag,Shopper,Plain PU,Polyurethane; Polyester; Polyurethane; Polyester; Polyester; Polyurethane,Light Golden,,37.99,/242/54/223639_TU_1,223639_TU_1.jpg,none,,,,,
223642_BK,223642,Tote Bag NEW ESSENTIALS2 Black,_BK,Black,Hand Bag,Tote,Plain PU,Polyurethane; Polyurethane; Polyester; Polyurethane; Polyurethane,Light Golden,,35.99,/242/54/223642_BK_1,223642_BK_1.jpg,none,,,,,
223642_CA,223642,Tote Bag NEW ESSENTIALS2 Camel,_CA,Camel,Hand Bag,Tote,Plain PU,Polyurethane; Polyurethane; Polyurethane; Polyurethane; Polyester,Light Golden,,35.99,/242/54/223642_CA_1,223642_CA_1.jpg,none,,,,,
223642_EC,223642,Tote Bag NEW ESSENTIALS2 Ecru,_EC,Ecru,Hand Bag,Tote,Plain PU,Polyester; Polyurethane; Polyurethane; Polyurethane; Polyurethane,Light Golden,,35.99,/242/54/223642_EC_1,223642_EC_1.jpg,none,,,,,
223958_BK,223958,Crossbody Bag CORBATERO3 Black,_BK,Black,Hand Bag,Cross,Plain PU,Polyester; Polyester; Polyurethane; Polyurethane; Polyurethane; Polyester,Light Golden,,25.99,/242/54/223958_BK_1,223958_BK_1.jpg,none,,,,,
223958_BU,223958,Crossbody Bag CORBATERO3 Burgundy,_BU,Burgundy,Hand Bag,Cross,Plain PU,Polyurethane; Polyester; Polyurethane; Polyester; Polyester; Polyurethane,Light Golden,,25.99,/242/54/223958_BU_1,223958_BU_1.jpg,none,,,,,
224010_GY,224010,Crossbody Bag CORDY Grey,_GY,Grey,Hand Bag,Cross,Printed Fake Nylon,Polyurethane; Polyester; Polyurethane; Polyester,Silver,,25.99,/242/54/224010_GY_1,224010_GY_1.jpg,none,,,,,
224089_BK,224089,Crossbody Bag LORETA Black,_BK,Black,Hand Bag,Cross,Real Suede,Polyester; Polyurethane; Polyurethane; Cow Suede Leather,Light Golden,,29.99,/242/54/224089_BK_1,224089_BK_1.jpg,none,,,,,
224089_CA,224089,Crossbody Bag LORETA Camel,_CA,Camel,Hand Bag,Cross,Real Suede,Polyurethane; Polyurethane; Cow Suede Leather; Polyester,Light Golden,,29.99,/242/54/224089_CA_1,224089_CA_1.jpg,none,,,,,
224098_BK,224098,Backpack LORETA Black,_BK,Black,Hand Bag,Backpack,Real Suede,Polyester; Polyurethane; Polyester; Cow Suede Leather; Polyurethane,,,32.99,/242/54/224098_BK_1,224098_BK_1.jpg,none,,,,,
224098_CA,224098,Backpack LORETA Camel,_CA,Camel,Hand Bag,Backpack,Real Suede,Polyester; Polyurethane; Polyester; Polyurethane; Cow Suede Leather,,,32.99,/242/54/224098_CA_1,224098_CA_1.jpg,none,,,,,
224306_BN,224306,Computer Hand Bag PANTERA1 Brown,_BN,Brown,Hand Bag,Computer Hand Bag,Fake Suede,Polyester; Polyurethane; Polyurethane; Polyester,,,32.99,/242/54/224306_BN_1,224306_BN_1.jpg,none,,,,,
224434_BK,224434,Shopper Bag CORBATERO1 Black,_BK,Black,Hand Bag,Shopper,Printed PU,Polyurethane; Polyester; Polyurethane; Polyurethane,,,27.99,/242/54/224434_BK_1,224434_BK_1.jpg,none,,,,,
224434_CA,224434,Shopper Bag CORBATERO1 Camel,_CA,Camel,Hand Bag,Shopper,Printed PU,Polyurethane; Polyester; Polyurethane; Polyurethane,,,27.99,/242/54/224434_CA_1,224434_CA_1.jpg,none,,,,,
224434_KK,224434,Shopper Bag CORBATERO1 Khaki,_KK,Khaki,Hand Bag,Shopper,Printed PU,Polyurethane; Polyester; Polyurethane; Polyurethane,,,27.99,/242/54/224434_KK_1,224434_KK_1.jpg,none,,,,,
224434_PK,224434,Shopper Bag CORBATERO1 Pink,_PK,Pink,Hand Bag,Shopper,Printed PU,Polyurethane; Polyurethane; Polyester; Polyurethane,,,27.99,/242/54/224434_PK_1,224434_PK_1.jpg,none,,,,,
224484_BK,224484,Tote Bag PANTERA1 Black,_BK,Black,Hand Bag,Tote,Plain PU,Polyurethane; Polyurethane; Polyester,Light Golden,,25.99,/242/54/224484_BK_1,224484_BK_1.jpg,none,,,,,
224484_BL,224484,Tote Bag PANTERA1 Blue,_BL,Blue,Hand Bag,Tote,Plain PU,Polyurethane; Polyurethane; Polyester,Silver,,25.99,/242/54/224484_BL_1,224484_BL_1.jpg,none,,,,,
224487_BN,224487,Tote Bag PANTERA1 Brown,_BN,Brown,Hand Bag,Tote,Fake Suede,Polyester; Polyurethane; Cow Leather; Polyurethane; Polyurethane; Polyester; Polyester; Polyurethane,,,32.99,/242/54/224487_BN_1,224487_BN_1.jpg,none,,,,,
224531_BK,224531,Tote Bag FLAGE Black,_BK,Black,Hand Bag,Tote,Fake Nylon,Polyester; Polyurethane; Zinc; Polyester; Polyurethane; Polyester,Light Golden,,23.99,/242/54/224531_BK_1,224531_BK_1.jpg,none,,,,,
224531_KK,224531,Tote Bag FLAGE Khaki,_KK,Khaki,Hand Bag,Tote,Fake Nylon,Polyester; Polyurethane; Polyester; Zinc; Polyurethane; Polyester,Light Golden,,23.99,/242/54/224531_KK_1,224531_KK_1.jpg,none,,,,,
224531_TU,224531,Tote Bag FLAGE Taupe,_TU,Taupe,Hand Bag,Tote,Fake Nylon,Polyester; Polyurethane; Polyester; Zinc; Polyurethane; Polyester,Light Golden,,23.99,/242/54/224531_TU_1,224531_TU_1.jpg,none,,,,,
224652_BN,224652,Shoulder Bag PANTERA3 Brown,_BN,Brown,Hand Bag,Shoulder Bag,Fake Suede,Polyester; Polyurethane; Polyurethane,Silver,,25.99,/242/54/224652_BN_1,224652_BN_1.jpg,none,,,,,
224719_BK,224719,Tote Bag CORBATERO2 Black,_BK,Black,Hand Bag,Tote,Plain PU,Polyurethane; Polyurethane; Polyester; Iron; Polyester; Zinc; Polyurethane,Silver,,29.99,/242/54/224719_BK_1,224719_BK_1.jpg,none,,,,,
224719_CA,224719,Tote Bag CORBATERO2 Camel,_CA,Camel,Hand Bag,Tote,Plain PU,Polyurethane; Polyurethane; Zinc; Polyester; Polyester; Polyurethane; Iron,Silver,,29.99,/242/54/224719_CA_1,224719_CA_1.jpg,none,,,,,
224719_EC,224719,Tote Bag CORBATERO2 Ecru,_EC,Ecru,Hand Bag,Tote,Plain PU,Polyester; Polyurethane; Zinc; Iron; Polyurethane; Polyester; Polyurethane,Silver,,29.99,/242/54/224719_EC_1,224719_EC_1.jpg,none,,,,,
224852_BK,224852,Shopper Bag CORBATERO3 Black,_BK,Black,Hand Bag,Shopper,Plain PU,Polyurethane; Polyurethane; Polyurethane; Polyurethane; Polyester,Light Golden,,29.99,/242/54/224852_BK_1,224852_BK_1.jpg,none,,,,,
225051_CA,225051,Sac PANTERA2 Camel,_CA,Camel,Hand Bag,Sac,Fake Suede,Polyurethane; Polyester; Polyurethane,,,39.99,/242/54/225051_CA_1,225051_CA_1.jpg,none,,,,,
1404862PE,140486,Key Chain FASHION SUPPLEMENTS Pearl,2PE,Pearl,Jewellery,Key chains,Figures,Acrylic; Crystal Glass; Iron; Iron; Zinc,Rodhium,,12.99,/231/52/1404862PE_1,1404862PE_1.jpg,none,,,,,
140486_BM,140486,Key Chain FASHION SUPPLEMENTS Bright Multicolor,_BM,Bright Multicolor,Jewellery,Key chains,Figures,Acrylic; Crystal Glass; Iron; Iron; Zinc,Golden,,12.99,/232/52/140486_BM_1,140486_BM_1.jpg,none,,,,,
140486_HM,140486,Key Chain FASHION SUPPLEMENTS Halftone Multicolor,_HM,Halftone Multicolor,Jewellery,Key chains,Figures,Crystal Glass; Iron; Iron; Zinc,,,9.99,/232/52/140486_HM_1,140486_HM_1.jpg,none,,,,,
140486_NV,140486,Key Chain FASHION SUPPLEMENTS Navy,_NV,Navy,Jewellery,Key chains,Figures,Acrylic; Iron; Iron; Zinc,,,9.99,/241/52/140486_NV_1,140486_NV_1.jpg,none,,,,,
145869_BL,145869,Earring GUMMY PARTY Blue,_BL,Blue,Jewellery,Earrings,Stud,Crystal Glass; Zinc,Worn Gold,,5.99,/232/52/145869_BL_1,145869_BL_1.jpg,none,,,,,
153795_NM,153795,Pin FASHION SUPPLEMENTS Neutral Multicolor,_NM,Neutral Multicolor,Jewellery,Pins,Pin,Crystal Glass; Resin; Zinc,,,9.99,/242/52/153795_NM_1,153795_NM_1.jpg,none,,,,,
1618479HM,161847,Earring BHLOTUS Halftone Multicolor,9HM,Halftone Multicolor,Jewellery,Earrings,Hoop Earrings,Crystal Glass; Iron,Golden,,4.99,/232/52/1618479HM_2y,1618479HM_2y.jpg,none,,,,,
162651_MI,162651,Earring Moonlight azure Midnight Blue,_MI,Midnight Blue,Jewellery,Earrings,Stud,Iron; Resin,Brushed Golden,,5.99,/232/52/162651_MI_1,162651_MI_1.jpg,none,,,,,
162651_TQ,162651,Earring EXPEDITION Turquoise,_TQ,Turquoise,Jewellery,Earrings,Stud,Iron; Resin,Brushed Golden,,5.99,/232/52/162651_TQ_1,162651_TQ_1.jpg,none,,,,,
162858_BK,162858,Earring FLORABUNDANCE Black,_BK,Black,Jewellery,Earrings,Stud,Enamel; Zinc,Brushed Rose Gold,,5.99,/232/52/162858_BK_1,162858_BK_1.jpg,none,,,,,
162858_GN,162858,Earring EXPEDITION Green,_GN,Green,Jewellery,Earrings,Stud,Zinc; Enamel,Worn Gold,,5.99,/232/52/162858_GN_1,162858_GN_1.jpg,none,,,,,
163517_BK,163517,Earring ECLIPSE Black,_BK,Black,Jewellery,Earrings,Ear Jacket,Acrylic; Zinc,Matte Golden,,4.99,/232/52/163517_BK_1,163517_BK_1.jpg,none,,,,,
166360_DY,166360,Fan FASHION SUPPLEMENTS Dark Yellow,_DY,Dark Yellow,Jewellery,Other Jewellery,Fan,Bamboo; Iron; Polyester,Other,,12.99,/241/52/166360_DY_1,166360_DY_1.jpg,none,,,,,
166360_FU,166360,Fan FASHION SUPPLEMENTS Fuchsia,_FU,Fuchsia,Jewellery,Other Jewellery,Fan,Bamboo; Iron; Polyester,Other,,12.99,/231/52/166360_FU_1,166360_FU_1.jpg,none,,,,,
1667301RO,166730,Earring VENDREDI Old Rose,1RO,Old Rose,Jewellery,Earrings,Hoop Earrings,Acrylic; Iron,Golden,,7.99,/241/52/1667301RO_1,1667301RO_1.jpg,none,,,,,
1667301TL,166730,Earring VENDREDI Teal,1TL,Teal,Jewellery,Earrings,Hoop Earrings,Acrylic; Iron,Golden,,7.99,/241/52/1667301TL_1,1667301TL_1.jpg,none,,,,,
1667302BK,166730,Earring ECLIPSE Black,2BK,Black,Jewellery,Earrings,Hoop Earrings,Acrylic; Iron,Golden,,7.99,/232/52/1667302BK_1,1667302BK_1.jpg,none,,,,,
166730_BR,166730,Earring FLORABUNDANCE Brick Red,_BR,Brick Red,Jewellery,Earrings,Hoop Earrings,Iron; Resin,Golden,,7.99,/232/52/166730_BR_1,166730_BR_1.jpg,none,,,,,
166730_FG,166730,Earring FLEURSDUMER Forest Green,_FG,Forest Green,Jewellery,Earrings,Hoop Earrings,Acrylic; Iron,Golden,,7.99,/241/52/166730_FG_1,166730_FG_1.jpg,none,,,,,
166730_IV,166730,Earring Golden Basics Extra Ivory,_IV,Ivory,Jewellery,Earrings,Hoop Earrings,Enamel; Iron,Golden,,7.99,/241/52/166730_IV_1,166730_IV_1.jpg,none,,,,,
166730_MI,166730,Earring Moonlight azure Midnight Blue,_MI,Midnight Blue,Jewellery,Earrings,Hoop Earrings,Iron; Resin,Golden,,7.99,/232/52/166730_MI_1,166730_MI_1.jpg,none,,,,,
166730_NV,166730,Earring STARRYNIGHT Navy,_NV,Navy,Jewellery,Earrings,Hoop Earrings,Iron; Resin,Black Nikel,,7.99,/232/52/166730_NV_1,166730_NV_1.jpg,none,,,,,
166730_OR,166730,Earring DEGRADE Orange,_OR,Orange,Jewellery,Earrings,Hoop Earrings,Iron; Resin,Golden,,7.99,/232/52/166730_OR_1,166730_OR_1.jpg,none,,,,,
167657_LB,167657,Earring DEGRADE Light Blue,_LB,Light Blue,Jewellery,Earrings,Dangle,Crystal Glass; Iron,Golden,,5.99,/232/52/167657_LB_2yjpg,167657_LB_2yjpg.jpg,none,,,,,
169628_PH,169628,Earring DEGRADE Peach,_PH,Peach,Jewellery,Earrings,Dangle,Iron; Zinc,Other,,7.99,/232/52/169628_PH_1,169628_PH_1.jpg,none,,,,,
1699942HM,169994,Ring ORPHIC Halftone Multicolor,2HM,Halftone Multicolor,Jewellery,Rings,Band Ring,Enamel; Zinc,Golden,,4.99,/232/52/1699942HM_1,1699942HM_1.jpg,none,,,,,
1699943BM,169994,Ring SUNSET JUNCTION Bright Multicolor,3BM,Bright Multicolor,Jewellery,Rings,Band Ring,Enamel; Zinc,Golden,,4.99,/241/52/1699943BM_1,1699943BM_1.jpg,none,,,,,
1699943HM,169994,Ring MONETT Halftone Multicolor,3HM,Halftone Multicolor,Jewellery,Rings,Band Ring,Zinc; Enamel,Golden,,4.99,/242/52/1699943HM_1,1699943HM_1.jpg,none,,,,,
1699944BM,169994,Ring TROPICAL GEMS Bright Multicolor,4BM,Bright Multicolor,Jewellery,Rings,Band Ring,Enamel; Zinc,Golden,,4.99,/241/52/1699944BM_1,1699944BM_1.jpg,none,,,,,
170562_BU,170562,Earring Gipsy Garden Burgundy,_BU,Burgundy,Jewellery,Earrings,Stud,Iron; Resin,Worn Gold,,5.99,/241/52/170562_BU_1,170562_BU_1.jpg,none,,,,,
172044_NV,172044,Earring Moonlight azure Navy,_NV,Navy,Jewellery,Earrings,Stud,Enamel; Iron; Zamac,Brushed Golden,,7.99,/232/52/172044_NV_1,172044_NV_1.jpg,none,,,,,
177781_LB,177781,Earring DEGRADE Light Blue,_LB,Light Blue,Jewellery,Earrings,Stud,Glass; Iron,Golden,,6.99,/232/52/177781_LB_1,177781_LB_1.jpg,none,,,,,
177781_PU,177781,Earring DOMINICA Purple,_PU,Purple,Jewellery,Earrings,Stud,Glass; Iron,Light Golden,,7.99,/241/52/177781_PU_1,177781_PU_1.jpg,none,,,,,
177781_TQ,177781,Earring DOMINICA Turquoise,_TQ,Turquoise,Jewellery,Earrings,Stud,Glass; Iron,Light Golden,,7.99,/241/52/177781_TQ_1,177781_TQ_1.jpg,none,,,,,
178757_BM,178757,Earring TROPICAL GEMS Bright Multicolor,_BM,Bright Multicolor,Jewellery,Earrings,Hoop Earrings,Cotton; Iron; Pearl,Golden,,4.99,/241/52/178757_BM_1,178757_BM_1.jpg,none,,,,,
1795501SV,179550,Earring KISS54 Silver,1SV,Silver,Jewellery,Earrings,Ear Cuff,Brass,Golden,,3.99,/232/52/1795501SV_1,1795501SV_1.jpg,none,,,,,
179550_GD,179550,Earring KISS54 Gold,_GD,Gold,Jewellery,Earrings,Ear Cuff,Zinc,Golden,,3.99,/202/52/179550_GD_1,179550_GD_1.jpg,none,,,,,
185129_HM,185129,Earring KISS54 Halftone Multicolor,_HM,Halftone Multicolor,Jewellery,Earrings,Hoop Earrings,Glass; Zinc,Golden,Strass,5.99,/232/52/185129_HM_1,185129_HM_1.jpg,none,,,,,
187477_DM,187477,Earring Gipsy Garden Dark Multicolor,_DM,Dark Multicolor,Jewellery,Earrings,Hoop Earrings,Acrylic; Brass,Worn Gold,,7.99,/241/52/187477_DM_1,187477_DM_1.jpg,none,,,,,
187895_HM,187895,Earring KISS54 Halftone Multicolor,_HM,Halftone Multicolor,Jewellery,Earrings,Hoop Earrings,Brass; Zirconium,Golden,,6.99,/221/52/187895_HM_1,187895_HM_1.jpg,none,,,,,
1880882BM,188088,Earring DOMINICA Bright Multicolor,2BM,Bright Multicolor,Jewellery,Earrings,Dangle,Glass; Iron,Golden,Beads,4.99,/241/52/1880882BM_1,1880882BM_1.jpg,none,,,,,
188088_BK,188088,Earring ECLIPSE Black,_BK,Black,Jewellery,Earrings,Dangle,Glass; Iron,Golden,Beads,4.99,/232/52/188088_BK_1,188088_BK_1.jpg,none,,,,,
1910582HM,191058,Bracelet ORPHIC Halftone Multicolor,2HM,Halftone Multicolor,Jewellery,Bracelets,Elastic Bracelet,Resin; Thermoplastic Polyurethane,Golden,,5.99,/232/52/1910582HM_1,1910582HM_1.jpg,none,,,,,
1910583HM,191058,Bracelet VENDREDI Halftone Multicolor,3HM,Halftone Multicolor,Jewellery,Bracelets,Elastic Bracelet,Resin; Thermoplastic Polyurethane,Golden,,5.99,/241/52/1910583HM_1,1910583HM_1.jpg,none,,,,,
191058_BL,191058,Bracelet ATMOSPHERE Blue,_BL,Blue,Jewellery,Bracelets,Elastic Bracelet,Thermoplastic Polyurethane; Resin,Rodhium,,5.99,/242/52/191058_BL_1,191058_BL_1.jpg,none,,,,,
1912911SV,191291,Earring SHADES OF COOL Silver,1SV,Silver,Jewellery,Earrings,Hoop Earrings,Copper; Iron,Rodhium,,5.99,/241/52/1912911SV_1,1912911SV_1.jpg,none,,,,,
1936220HM,193622,Set of Earrings KISS54 Halftone Multicolor,0HM,Halftone Multicolor,Jewellery,Earrings,Hoop Earrings,Brass; Enamel; Zirconium,Golden,,5.99,/232/52/1936220HM_1,1936220HM_1.jpg,none,,,,,
1936910HM,193691,Necklace ORPHIC Halftone Multicolor,0HM,Halftone Multicolor,Jewellery,Necklaces,Beaded Necklace,Acrylic; Iron; Stone,Brushed Golden,,10.99,/232/52/1936910HM_1,1936910HM_1.jpg,none,,,,,
1937090HM,193709,Earring ORPHIC Halftone Multicolor,0HM,Halftone Multicolor,Jewellery,Earrings,Stud,Enamel; Zinc,Golden,,5.99,/232/52/1937090HM_1,1937090HM_1.jpg,none,,,,,
1937091MI,193709,Earring Moonlight azure Midnight Blue,1MI,Midnight Blue,Jewellery,Earrings,Stud,Enamel; Zinc,Golden,,5.99,/232/52/1937091MI_1,1937091MI_1.jpg,none,,,,,
1937091TK,193709,Earring BHLOTUS Pastel Pink,1TK,Pastel Pink,Jewellery,Earrings,Stud,Enamel; Zinc,Golden,,5.99,/232/52/1937091TK_1,1937091TK_1.jpg,none,,,,,
193709_BM,193709,Earring DOMINICA Bright Multicolor,_BM,Bright Multicolor,Jewellery,Earrings,Stud,Enamel; Zinc,Golden,,5.99,/241/52/193709_BM_1,193709_BM_1.jpg,none,,,,,
193709_CL,193709,Earring WATERMELON PARTY Coral,_CL,Coral,Jewellery,Earrings,Stud,Enamel; Zinc,Golden,,5.99,/242/52/193709_CL_1,193709_CL_1.jpg,none,,,,,
193709_LB,193709,Earring EXPEDITION Light Blue,_LB,Light Blue,Jewellery,Earrings,Stud,Enamel; Zinc,Golden,,5.99,/232/52/193709_LB_1,193709_LB_1.jpg,none,,,,,
1953841HM,195384,Key Chain FASHION SUPPLEMENTS Halftone Multicolor,1HM,Halftone Multicolor,Jewellery,Key chains,Figures,Acrylic; Acrylic,Golden,,8.99,/241/52/1953841HM_1,1953841HM_1.jpg,none,,,,,
1959970HM,195997,Earring mulstone Halftone Multicolor,0HM,Halftone Multicolor,Jewellery,Earrings,Hoop Earrings,Iron; Glass,Golden,,5.99,/232/52/1959970HM_1,1959970HM_1.jpg,none,,,,,
195997_DM,195997,Earring FLORABUNDANCE Dark Multicolor,_DM,Dark Multicolor,Jewellery,Earrings,Hoop Earrings,Glass; Iron; Rubber,Golden,,5.99,/232/52/195997_DM_1,195997_DM_1.jpg,none,,,,,
1960381HM,196038,Earring FLEURSDUMER Halftone Multicolor,1HM,Halftone Multicolor,Jewellery,Earrings,Dangle,Stone; Zamac; Acrylic; Iron,Brushed Golden,Stone,5.99,/241/52/1960381HM_1,1960381HM_1.jpg,none,,,,,
1965821BM,196582,Earring DOMINICA Bright Multicolor,1BM,Bright Multicolor,Jewellery,Earrings,Hoop Earrings,Glass; Iron; Thermoplastic Polyurethane; Wood,Golden,,7.99,/241/52/1965821BM_2y,1965821BM_2y.jpg,none,,,,,
197724_GD,197724,Earring GOLDEN BASICS Gold,_GD,Gold,Jewellery,Earrings,Hoop Earrings,Zinc,Golden,,5.99,/222/52/197724_GD_1,197724_GD_1.jpg,none,,,,,
198265_SV,198265,Sunglass Holder FASHION SUPPLEMENTS Silver,_SV,Silver,Jewellery,Other Jewellery,Sunglass Holder,Iron,Golden,,5.99,/222/52/198265_SV_1,198265_SV_1.jpg,none,,,,,
199935_PH,199935,Earring DEGRADE Peach,_PH,Peach,Jewellery,Earrings,Dangle,Enamel; Iron; Zinc,Golden,,5.99,/232/52/199935_PH_1,199935_PH_1.jpg,none,,,,,
199936_GD,199936,Earring KISS54 Gold,_GD,Gold,Jewellery,Earrings,Hoop Earrings,Brass; Zirconium,Golden,Zirconia,5.99,/222/52/199936_GD_1,199936_GD_1.jpg,none,,,,,
200366_IV,200366,Earring TREND Ivory,_IV,Ivory,Jewellery,Earrings,Stud,Zinc,Golden,,9.99,/231/52/200366_IV_1,200366_IV_1.jpg,none,,,,,
2011780HM,201178,Bracelet FLEURSDUMER Halftone Multicolor,0HM,Halftone Multicolor,Jewellery,Bracelets,Adjustable Bracelet,Brass; Stone,Golden,Stone,6.99,/241/52/2011780HM_1,2011780HM_1.jpg,none,,,,,
201226_BK,201226,Bracelet ECLIPSE Black,_BK,Black,Jewellery,Bracelets,Elastic Bracelet,Thermoplastic Polyurethane; Zinc; Stone,Golden,Stone,5.99,/232/52/201226_BK_1,201226_BK_1.jpg,none,,,,,
2012551GD,201255,Earring Golden Basics Gold,1GD,Gold,Jewellery,Earrings,Stud,Zinc,Golden,Other,5.99,/241/52/2012551GD_1,2012551GD_1.jpg,none,,,,,
2012551MI,201255,Earring Moonlight azure Midnight Blue,1MI,Midnight Blue,Jewellery,Earrings,Stud,Iron; Stone,Golden,Stone,7.99,/232/52/2012551MI_1,2012551MI_1.jpg,none,,,,,
201255_AM,201255,Earring VENDREDI Amethyst,_AM,Amethyst,Jewellery,Earrings,Stud,Iron; Stone,Golden,Stone,7.99,/241/52/201255_AM_1,201255_AM_1.jpg,none,,,,,
201255_IV,201255,Earring Golden Basics Extra Ivory,_IV,Ivory,Jewellery,Earrings,Stud,Enamel; Iron,Golden,Stone,5.99,/241/52/201255_IV_1,201255_IV_1.jpg,none,,,,,
201255_LL,201255,Earring DEGRADE Lilac,_LL,Lilac,Jewellery,Earrings,Stud,Iron; Stone,Golden,Stone,7.99,/232/52/201255_LL_1,201255_LL_1.jpg,none,,,,,
201255_MN,201255,Earring Gipsy Garden Maroon,_MN,Maroon,Jewellery,Earrings,Stud,Acrylic; Enamel; Iron,Worn Gold,Other,5.99,/241/52/201255_MN_1,201255_MN_1.jpg,none,,,,,
201255_NV,201255,Earring SUNSET JUNCTION Navy,_NV,Navy,Jewellery,Earrings,Stud,Iron; Stone,Golden,Stone,7.99,/241/52/201255_NV_1,201255_NV_1.jpg,none,,,,,
201255_PU,201255,Earring ULTRAVIO Purple,_PU,Purple,Jewellery,Earrings,Stud,Iron; Stone,Worn Gold,Stone,7.99,/232/52/201255_PU_1,201255_PU_1.jpg,none,,,,,
201255_TG,201255,Earring mulstone Pastel Green,_TG,Pastel Green,Jewellery,Earrings,Stud,Iron; Stone,Golden,Stone,7.99,/232/52/201255_TG_1,201255_TG_1.jpg,none,,,,,
201488_GD,201488,Ring GLDN DEL Gold,_GD,Gold,Jewellery,Rings,Fantasy,Brass; Zirconium,Golden,,5.99,/231/52/201488_GD_1,201488_GD_1.jpg,none,,,,,
201488_SV,201488,Ring SILVER D Silver,_SV,Silver,Jewellery,Rings,Fantasy,Brass; Zirconium,Rodhium,,5.99,/231/52/201488_SV_1,201488_SV_1.jpg,none,,,,,
201884_ID,201884,Ring BHLOTUS Indigo Dye,_ID,Indigo Dye,Jewellery,Rings,Stone/Gem,Resin; Zinc,Brushed Golden,,4.99,/232/52/201884_ID_1,201884_ID_1.jpg,none,,,,,
2020780HM,202078,Bracelet BHLOTUS Halftone Multicolor,0HM,Halftone Multicolor,Jewellery,Bracelets,Elastic Bracelet,Enamel; Glass; Thermoplastic Polyurethane; Zinc,Golden,,9.99,/232/52/2020780HM_1,2020780HM_1.jpg,none,,,,,
202347_DM,202347,Earring MONETT Dark Multicolor,_DM,Dark Multicolor,Jewellery,Earrings,Dangle,Resin; Iron; Stone,Brushed Golden,,8.99,/242/52/202347_DM_1,202347_DM_1.jpg,none,,,,,
202347_MI,202347,Earring Moonlight azure Midnight Blue,_MI,Midnight Blue,Jewellery,Earrings,Dangle,Iron; Resin; Stone,Brushed Golden,,8.99,/232/52/202347_MI_1,202347_MI_1.jpg,none,,,,,
202636_GD,202636,Earring Golden Basics Gold,_GD,Gold,Jewellery,Earrings,Stud,Iron,Brushed Golden,,4.99,/222/52/202636_GD_1,202636_GD_1.jpg,none,,,,,
202647_GD,202647,Necklace GOLDEN BASICS Gold,_GD,Gold,Jewellery,Necklaces,Collar,Copper; Iron; Zinc,Golden,,9.99,/222/52/202647_GD_1,202647_GD_1.jpg,none,,,,,
203143_PU,203143,Ring ULTRAVIO Purple,_PU,Purple,Jewellery,Rings,Fantasy,Acrylic; Zinc,Golden,,6.99,/232/52/203143_PU_1,203143_PU_1.jpg,none,,,,,
203410_NV,203410,Earring STARRYNIGHT Navy,_NV,Navy,Jewellery,Earrings,Dangle,Glass; Zinc,Golden,Strass,8.99,/232/52/203410_NV_1,203410_NV_1.jpg,none,,,,,
203831_GD,203831,Set of Earrings Golden Basics Gold,_GD,Gold,Jewellery,Earrings,Stud,Zinc; Iron,Golden,,5.99,/222/52/203831_GD_1,203831_GD_1.jpg,none,,,,,
204474_GD,204474,Necklace GLDN DEL Gold,_GD,Gold,Jewellery,Necklaces,Chain,Copper; Pearl; Zinc,,,10.99,/231/52/204474_GD_1,204474_GD_1.jpg,none,,,,,
204705_SV,204705,Necklace SILVER BASICS Silver,_SV,Silver,Jewellery,Necklaces,Chain,Iron; Zinc,Silver,,12.99,/231/52/204705_SV_1,204705_SV_1.jpg,none,,,,,
204708_GD,204708,Earring Golden Basics Gold,_GD,Gold,Jewellery,Earrings,Stud,Zinc,Brushed Golden,,5.99,/231/52/204708_GD_1,204708_GD_1.jpg,none,,,,,
204708_NU,204708,Earring STARRYNIGHT Nude,_NU,Nude,Jewellery,Earrings,Stud,Zinc,Other,,5.99,/232/52/204708_NU_2y,204708_NU_2y.jpg,none,,,,,
204708_SV,204708,Earring DEGRADE Silver,_SV,Silver,Jewellery,Earrings,Stud,Zinc,Brushed Golden,,5.99,/231/52/204708_SV_1,204708_SV_1.jpg,none,,,,,
204765_PK,204765,Key Chain FASHION SUPPLEMENTS Pink,_PK,Pink,Jewellery,Key chains,Other Key-Chain,Acrylic; Iron; Iron; Rubber,Golden,,8.99,/242/52/204765_PK_1,204765_PK_1.jpg,none,,,,,
205181_LM,205181,Earring TREND Lime,_LM,Lime,Jewellery,Earrings,Drop,Copper; Zirconium,Silver,,9.99,/232/52/205181_LM_1,205181_LM_1.jpg,none,,,,,
205234_GD,205234,Bracelet GLDN DEL Gold,_GD,Gold,Jewellery,Bracelets,Non-Adjustable Bracelet,Brass; Pearl,Golden,,5.99,/231/52/205234_GD_1,205234_GD_1.jpg,none,,,,,
205254_GN,205254,Earring TREND Green,_GN,Green,Jewellery,Earrings,Dangle,Zinc; Glass,,,12.99,/232/52/205254_GN_1,205254_GN_1.jpg,none,,,,,
205421_GD,205421,Earring GLDN DEL Gold,_GD,Gold,Jewellery,Earrings,Hoop Earrings,Acrylic; Iron,Golden,,4.99,/231/52/205421_GD_1,205421_GD_1.jpg,none,,,,,
205524_HM,205524,Necklace GLDN DEL Halftone Multicolor,_HM,Halftone Multicolor,Jewellery,Necklaces,Y-Necklace,Brass; Zirconium,Golden,,12.99,/232/52/205524_HM_1,205524_HM_1.jpg,none,,,,,
2055261HM,205526,Earring GLDN DEL Halftone Multicolor,1HM,Halftone Multicolor,Jewellery,Earrings,Hoop Earrings,Brass; Zirconium,Rodhium,,7.99,/241/52/2055261HM_1,2055261HM_1.jpg,none,,,,,
205526_HM,205526,Earring GLDN DEL Halftone Multicolor,_HM,Halftone Multicolor,Jewellery,Earrings,Hoop Earrings,Brass; Zirconium,Golden,,7.99,/232/52/205526_HM_1,205526_HM_1.jpg,none,,,,,
205767_TK,205767,Ring BHLOTUS Pastel Pink,_TK,Pastel Pink,Jewellery,Rings,Band Ring,Enamel; Zinc,Golden,,5.99,/232/52/205767_TK_1,205767_TK_1.jpg,none,,,,,
206004_GD,206004,Ring GOLDEN BASICS Gold,_GD,Gold,Jewellery,Rings,Band Ring,Zinc,Golden,,5.99,/222/52/206004_GD_1,206004_GD_1.jpg,none,,,,,
2062120HM,206212,Earring mulstone Halftone Multicolor,0HM,Halftone Multicolor,Jewellery,Earrings,Stud,Iron; Resin,Golden,,5.99,/232/52/2062120HM_1,2062120HM_1.jpg,none,,,,,
2062121HM,206212,Earring EXPEDITION Halftone Multicolor,1HM,Halftone Multicolor,Jewellery,Earrings,Stud,Iron; Resin,Golden,,5.99,/232/52/2062121HM_1,2062121HM_1.jpg,none,,,,,
2062122HM,206212,Earring ORPHIC Halftone Multicolor,2HM,Halftone Multicolor,Jewellery,Earrings,Stud,Iron; Resin,Golden,,5.99,/232/52/2062122HM_1,2062122HM_1.jpg,none,,,,,
2062123HM,206212,Earring FLEURSDUMER Halftone Multicolor,3HM,Halftone Multicolor,Jewellery,Earrings,Stud,Iron; Resin,Golden,,5.99,/241/52/2062123HM_1,2062123HM_1.jpg,none,,,,,
2062124HM,206212,Earring MONETT Halftone Multicolor,4HM,Halftone Multicolor,Jewellery,Earrings,Stud,Resin; Iron,Golden,,5.99,/242/52/2062124HM_1,2062124HM_1.jpg,none,,,,,
206212_BM,206212,Earring TROPICAL GEMS Bright Multicolor,_BM,Bright Multicolor,Jewellery,Earrings,Stud,Iron; Resin,Golden,,5.99,/241/52/206212_BM_1,206212_BM_1.jpg,none,,,,,
206212_HM,206212,Earring BHLOTUS Halftone Multicolor,_HM,Halftone Multicolor,Jewellery,Earrings,Stud,Iron; Resin,Golden,,5.99,/232/52/206212_HM_1,206212_HM_1.jpg,none,,,,,
206249_DM,206249,Necklace ORPHIC Dark Multicolor,_DM,Dark Multicolor,Jewellery,Necklaces,Beaded Necklace,Acrylic; Iron; Resin; Stone,Brushed Golden,,12.99,/232/52/206249_DM_1,206249_DM_1.jpg,none,,,,,
2063050DM,206305,Bracelet GALÁPAGOS Dark Multicolor,0DM,Dark Multicolor,Jewellery,Bracelets,Elastic Bracelet,Elastane; Zinc; Resin,,,9.99,/242/52/2063050DM_1,2063050DM_1.jpg,none,,,,,
2063050HM,206305,Bracelet NOMADA Halftone Multicolor,0HM,Halftone Multicolor,Jewellery,Bracelets,Elastic Bracelet,Resin; Zinc; Elastane,,,9.99,/242/52/2063050HM_1,2063050HM_1.jpg,none,,,,,
206305_DM,206305,Bracelet MONETT Dark Multicolor,_DM,Dark Multicolor,Jewellery,Bracelets,Elastic Bracelet,Resin; Zinc,Golden,,9.99,/242/52/206305_DM_1,206305_DM_1.jpg,none,,,,,
206305_HM,206305,Bracelet BHLOTUS Halftone Multicolor,_HM,Halftone Multicolor,Jewellery,Bracelets,Elastic Bracelet,Resin; Thermoplastic Polyurethane; Zinc,Golden,,9.99,/232/52/206305_HM_1,206305_HM_1.jpg,none,,,,,
206316_DM,206316,Earring Gipsy Garden Dark Multicolor,_DM,Dark Multicolor,Jewellery,Earrings,Hoop Earrings,Iron; Shell; Stone; Thermoplastic Polyurethane,Worn Gold,,7.99,/241/52/206316_DM_1,206316_DM_1.jpg,none,,,,,
206466_DN,206466,Bracelet FLORABUNDANCE Dark Green,_DN,Dark Green,Jewellery,Bracelets,Elastic Bracelet,Elastane; Resin; Zinc,Golden,,9.99,/232/52/206466_DN_1,206466_DN_1.jpg,none,,,,,
206466_NV,206466,Bracelet COTTAGE BLUE Navy,_NV,Navy,Jewellery,Bracelets,Elastic Bracelet,Resin; Zinc,Brushed Golden,,9.99,/232/52/206466_NV_2y,206466_NV_2y.jpg,none,,,,,
206897_SV,206897,Bracelet SILVER D Silver,_SV,Silver,Jewellery,Bracelets,Adjustable Bracelet,Brass,Rodhium,,5.99,/231/52/206897_SV_1,206897_SV_1.jpg,none,,,,,
206910_GD,206910,Ring GLDN DEL Gold,_GD,Gold,Jewellery,Rings,Band Ring,Zinc,Golden,,5.99,/231/52/206910_GD_1,206910_GD_1.jpg,none,,,,,
206910_SV,206910,Ring SILVER D Silver,_SV,Silver,Jewellery,Rings,Band Ring,Zinc,Rodhium,,5.99,/231/52/206910_SV_1,206910_SV_1.jpg,none,,,,,
206915_GD,206915,Bracelet GLDN DEL Gold,_GD,Gold,Jewellery,Bracelets,Adjustable Bracelet,Brass; Zinc,Golden,,5.99,/231/52/206915_GD_1,206915_GD_1.jpg,none,,,,,
206915_SV,206915,Bracelet SILVER D Silver,_SV,Silver,Jewellery,Bracelets,Adjustable Bracelet,Brass; Zinc,Golden,,5.99,/231/52/206915_SV_1,206915_SV_1.jpg,none,,,,,
206990_TB,206990,Pin FASHION SUPPLEMENTS Pastel Blue,_TB,Pastel Blue,Jewellery,Pins,Flower,Brass; Iron; Thermoplastic Polyurethane,Golden,,5.99,/232/52/206990_TB_1,206990_TB_1.jpg,none,,,,,
207176_GD,207176,Earring GOLDEN BASICS Gold,_GD,Gold,Jewellery,Earrings,Stud,Zinc,Brushed Golden,,4.99,/231/52/207176_GD_1,207176_GD_1.jpg,none,,,,,
2074880HM,207488,Earring COTTAGE BLUE Halftone Multicolor,0HM,Halftone Multicolor,Jewellery,Earrings,Dangle,Acrylic; Iron; Stone,Brushed Golden,,7.99,/232/52/2074880HM_1,2074880HM_1.jpg,none,,,,,
207820_DM,207820,Ring FLORABUNDANCE Dark Multicolor,_DM,Dark Multicolor,Jewellery,Rings,Fantasy,Enamel; Zinc,Golden,,5.99,/232/52/207820_DM_1,207820_DM_1.jpg,none,,,,,
207820_HM,207820,Ring EXPEDITION Halftone Multicolor,_HM,Halftone Multicolor,Jewellery,Rings,Fantasy,Enamel; Zinc,Golden,,5.99,/232/52/207820_HM_1,207820_HM_1.jpg,none,,,,,
207835_BK,207835,Ring ECLIPSE Black,_BK,Black,Jewellery,Rings,Cocktail,Enamel; Zinc,Golden,,6.99,/232/52/207835_BK_1,207835_BK_1.jpg,none,,,,,
207923_LM,207923,Earring TREND Lime,_LM,Lime,Jewellery,Earrings,Dangle,Iron,Golden,,12.99,/232/52/207923_LM_1,207923_LM_1.jpg,none,,,,,
207923_OR,207923,Earring TREND Orange,_OR,Orange,Jewellery,Earrings,Dangle,Zinc,Golden,,12.99,/232/52/207923_OR_1,207923_OR_1.jpg,none,,,,,
207923_TK,207923,Earring TREND Pastel Pink,_TK,Pastel Pink,Jewellery,Earrings,Dangle,Iron,Golden,,12.99,/232/52/207923_TK_1,207923_TK_1.jpg,none,,,,,
207975_GD,207975,Earring GOLDEN BASICS Gold,_GD,Gold,Jewellery,Earrings,Hoop Earrings,Iron,Brushed Golden,,5.99,/231/52/207975_GD_1,207975_GD_1.jpg,none,,,,,
2084190BM,208419,Necklace TROPICAL GEMS Bright Multicolor,0BM,Bright Multicolor,Jewellery,Necklaces,Beaded Necklace,Glass; Iron; Zinc,Golden,,7.99,/241/52/2084190BM_1,2084190BM_1.jpg,none,,,,,
208999_GD,208999,Earring GOLDEN BASICS Gold,_GD,Gold,Jewellery,Earrings,Dangle,Iron; Zinc,Golden,,8.99,/232/52/208999_GD_1,208999_GD_1.jpg,none,,,,,
209004_GD,209004,Earring GOLDEN BASICS Gold,_GD,Gold,Jewellery,Earrings,Stud,Shell; Zinc,Golden,,4.99,/232/52/209004_GD_1,209004_GD_1.jpg,none,,,,,
209015_GD,209015,Earring GOLDEN BASICS Gold,_GD,Gold,Jewellery,Earrings,Dangle,Iron; Shell,Brushed Golden,,7.99,/232/52/209015_GD_1,209015_GD_1.jpg,none,,,,,
209061_GD,209061,Earring GOLDEN BASICS Gold,_GD,Gold,Jewellery,Earrings,Hoop Earrings,Iron; Zinc,Golden,,7.99,/232/52/209061_GD_1,209061_GD_1.jpg,none,,,,,
209170_GD,209170,Necklace GOLDEN BASICS Gold,_GD,Gold,Jewellery,Necklaces,Beaded Necklace,Brass; Iron; Shell,Golden,,10.99,/232/52/209170_GD_1,209170_GD_1.jpg,none,,,,,
209173_CL,209173,Earring WATERMELON PARTY Coral,_CL,Coral,Jewellery,Earrings,Hoop Earrings,Iron; Shell,Golden,,5.99,/242/52/209173_CL_1,209173_CL_1.jpg,none,,,,,
209173_GD,209173,Earring GOLDEN BASICS Gold,_GD,Gold,Jewellery,Earrings,Hoop Earrings,Iron; Shell,Golden,,5.99,/232/52/209173_GD_1,209173_GD_1.jpg,none,,,,,
209175_GD,209175,Earring GOLDEN BASICS Gold,_GD,Gold,Jewellery,Earrings,Stud,Zinc,Golden,,5.99,/232/52/209175_GD_1,209175_GD_1.jpg,none,,,,,
209179_GD,209179,Earring GOLDEN BASICS Gold,_GD,Gold,Jewellery,Earrings,Dangle,Iron; Shell,Brushed Golden,,4.99,/232/52/209179_GD_1,209179_GD_1.jpg,none,,,,,
209183_GD,209183,Necklace GOLDEN BASICS Gold,_GD,Gold,Jewellery,Necklaces,Pendant,Iron; Shell; Zinc,Golden,,10.99,/232/52/209183_GD_1,209183_GD_1.jpg,none,,,,,
209252_GD,209252,Earring GLDN DEL Gold,_GD,Gold,Jewellery,Earrings,Hoop Earrings,Brass; Iron,Golden,,4.99,/232/52/209252_GD_1,209252_GD_1.jpg,none,,,,,
209252_SV,209252,Earring SILVER D Silver,_SV,Silver,Jewellery,Earrings,Hoop Earrings,Brass; Iron,Golden,,4.99,/232/52/209252_SV_1,209252_SV_1.jpg,none,,,,,
209261_GD,209261,Earring GOLDEN BASICS Gold,_GD,Gold,Jewellery,Earrings,Hoop Earrings,Iron; Zinc; Enamel,Golden,,5.99,/232/52/209261_GD_1,209261_GD_1.jpg,none,,,,,
209267_GD,209267,Set of Rings GOLDEN BASICS Gold,_GD,Gold,Jewellery,Rings,Band Ring,Zinc,Golden,,7.99,/232/52/209267_GD_1,209267_GD_1.jpg,none,,,,,
209280_GD,209280,Earring GOLDEN BASICS Gold,_GD,Gold,Jewellery,Earrings,Dangle,Brass; Shell; Stainless Steel,Golden,,7.99,/232/52/209280_GD_1,209280_GD_1.jpg,none,,,,,
209285_GD,209285,Necklace GOLDEN BASICS Gold,_GD,Gold,Jewellery,Necklaces,Beaded Necklace,Acrylic; Brass; Cotton; Pearl; Shell; Zinc,Golden,,12.99,/232/52/209285_GD_1,209285_GD_1.jpg,none,,,,,
209302_GD,209302,Necklace GLDN DEL Gold,_GD,Gold,Jewellery,Necklaces,Pendant,Copper; Zirconium,,,10.99,/232/52/209302_GD_1,209302_GD_1.jpg,none,,,,,
209302_SV,209302,Necklace SILVER D Silver,_SV,Silver,Jewellery,Necklaces,Pendant,Copper; Zirconium,,,10.99,/232/52/209302_SV_1,209302_SV_1.jpg,none,,,,,
209306_GD,209306,Bracelet GLDN DEL Gold,_GD,Gold,Jewellery,Bracelets,Adjustable Bracelet,Acrylic; Iron,Golden,,6.99,/232/52/209306_GD_1,209306_GD_1.jpg,none,,,,,
209306_SV,209306,Bracelet SILVER D Silver,_SV,Silver,Jewellery,Bracelets,Adjustable Bracelet,Acrylic; Iron,Golden,,6.99,/232/52/209306_SV_1,209306_SV_1.jpg,none,,,,,
209311_GD,209311,Earring GLDN DEL Gold,_GD,Gold,Jewellery,Earrings,Stud,Brass; Zirconium,Golden,,4.99,/232/52/209311_GD_1,209311_GD_1.jpg,none,,,,,
209311_SV,209311,Earring SILVER D Silver,_SV,Silver,Jewellery,Earrings,Stud,Brass; Zirconium,Golden,,4.99,/232/52/209311_SV_1,209311_SV_1.jpg,none,,,,,
209317_GD,209317,Earring GLDN DEL Gold,_GD,Gold,Jewellery,Earrings,Hoop Earrings,Thermoplastic Polyurethane; Glass; Iron,Gold Plated,,5.99,/231/52/209317_GD_1,209317_GD_1.jpg,none,,,,,
209317_SV,209317,Earring SILVER D Silver,_SV,Silver,Jewellery,Earrings,Hoop Earrings,Glass; Iron; Thermoplastic Polyurethane,Gold Plated,,5.99,/232/52/209317_SV_1,209317_SV_1.jpg,none,,,,,
209322_GD,209322,Set of Earrings GLDN DEL Gold,_GD,Gold,Jewellery,Earrings,Stud,Acrylic; Zinc,Golden,,4.99,/232/52/209322_GD_1,209322_GD_1.jpg,none,,,,,
209322_SV,209322,Set of Earrings SILVER D Silver,_SV,Silver,Jewellery,Earrings,Stud,Acrylic; Zinc,Golden,,4.99,/232/52/209322_SV_1,209322_SV_1.jpg,none,,,,,
209326_GD,209326,Necklace GLDN DEL Gold,_GD,Gold,Jewellery,Necklaces,Beaded Necklace,Brass; Iron,Golden,,9.99,/232/52/209326_GD_1,209326_GD_1.jpg,none,,,,,
209326_SV,209326,Necklace SILVER D Silver,_SV,Silver,Jewellery,Necklaces,Beaded Necklace,Brass; Iron,Golden,,9.99,/232/52/209326_SV_1,209326_SV_1.jpg,none,,,,,
209330_GD,209330,Set of Earrings GLDN DEL Gold,_GD,Gold,Jewellery,Earrings,Stud,Zirconium; Brass,Golden,,4.99,/232/52/209330_GD_1,209330_GD_1.jpg,none,,,,,
209330_SV,209330,Set of Earrings SILVER D Silver,_SV,Silver,Jewellery,Earrings,Stud,Brass; Zirconium,Golden,,4.99,/232/52/209330_SV_1,209330_SV_1.jpg,none,,,,,
209334_GD,209334,Ring GLDN DEL Gold,_GD,Gold,Jewellery,Rings,Stone/Gem,Crystal Glass; Zinc,Golden,,5.99,/232/52/209334_GD_1,209334_GD_1.jpg,none,,,,,
209334_SV,209334,Ring SILVER D Silver,_SV,Silver,Jewellery,Rings,Stone/Gem,Crystal Glass; Zinc,Golden,,5.99,/232/52/209334_SV_1,209334_SV_1.jpg,none,,,,,
209338_PE,209338,Earring GLDN DEL Pearl,_PE,Pearl,Jewellery,Earrings,Dangle,Brass; Iron; Pearl; Zinc,Golden,,9.99,/232/52/209338_PE_1,209338_PE_1.jpg,none,,,,,
209342_PE,209342,Earring GLDN DEL Pearl,_PE,Pearl,Jewellery,Earrings,Dangle,Acrylic; Zinc,Golden,,12.99,/232/52/209342_PE_1,209342_PE_1.jpg,none,,,,,
209347_GD,209347,Earring GLDN DEL Gold,_GD,Gold,Jewellery,Earrings,Dangle,Iron,Golden,,12.99,/232/52/209347_GD_1,209347_GD_1.jpg,none,,,,,
209423_GD,209423,Earring GOLDEN BASICS Gold,_GD,Gold,Jewellery,Earrings,Dangle,Iron,Brushed Golden,,5.99,/231/52/209423_GD_1,209423_GD_1.jpg,none,,,,,
209473_GD,209473,Ring GLDN DEL Gold,_GD,Gold,Jewellery,Rings,Fantasy,Acrylic; Glass; Zinc,Golden,,6.99,/232/52/209473_GD_1,209473_GD_1.jpg,none,,,,,
209473_SV,209473,Ring SILVER D Silver,_SV,Silver,Jewellery,Rings,Fantasy,Acrylic; Glass; Zinc,Golden,,6.99,/232/52/209473_SV_1,209473_SV_1.jpg,none,,,,,
209607_GD,209607,Bracelet GOLDEN BASICS Gold,_GD,Gold,Jewellery,Bracelets,Elastic Bracelet,Zinc,Golden,,7.99,/231/52/209607_GD_1,209607_GD_1.jpg,none,,,,,
209663_BM,209663,Key Chain FASHION SUPPLEMENTS Bright Multicolor,_BM,Bright Multicolor,Jewellery,Key chains,Figures,Polyester; Thermoplastic Polyurethane; Zinc,Golden,,12.99,/232/52/209663_BM_1,209663_BM_1.jpg,none,,,,,
2096671BM,209667,Phone case FASHION SUPPLEMENTS Bright Multicolor,1BM,Bright Multicolor,Jewellery,Mobile Accessories,Mobile Cases,Enamel; Polyester; Silicone,Other,,9.99,/232/52/2096671BM_1,2096671BM_1.jpg,none,,,,,
209667_BM,209667,Phone case FASHION SUPPLEMENTS Bright Multicolor,_BM,Bright Multicolor,Jewellery,Mobile Accessories,Mobile Cases,Enamel; Polyester; Silicone,Other,,9.99,/232/52/209667_BM_1,209667_BM_1.jpg,none,,,,,
209672_GD,209672,Pin FASHION SUPPLEMENTS Gold,_GD,Gold,Jewellery,Pins,Lady Brooche,Glass; Iron; Zinc,Golden,,4.99,/232/52/209672_GD_1,209672_GD_1.jpg,none,,,,,
209678_BM,209678,Key Chain FASHION SUPPLEMENTS Bright Multicolor,_BM,Bright Multicolor,Jewellery,Key chains,Figures,Iron; Nylon; Zinc,Golden,,9.99,/232/52/209678_BM_1,209678_BM_1.jpg,none,,,,,
209683_BM,209683,Key Chain FASHION SUPPLEMENTS Bright Multicolor,_BM,Bright Multicolor,Jewellery,Key chains,Figures,Enamel; Iron; Zinc,Golden,,8.99,/232/52/209683_BM_1,209683_BM_1.jpg,none,,,,,
209694_PK,209694,Key Chain FASHION SUPPLEMENTS Pink,_PK,Pink,Jewellery,Key chains,Figures,Thermoplastic Polyurethane; Zinc,Golden,,9.99,/232/52/209694_PK_1,209694_PK_1.jpg,none,,,,,
209720_BM,209720,Sunglass Holder FASHION SUPPLEMENTS Bright Multicolor,_BM,Bright Multicolor,Jewellery,Other Jewellery,Sunglass Holder,Brass; Glass; Pearl; Steel,Golden,,7.99,/232/52/209720_BM_1,209720_BM_1.jpg,none,,,,,
209725_BB,209725,Fan FASHION SUPPLEMENTS Bright Blue,_BB,Bright Blue,Jewellery,Other Jewellery,Fan,Bamboo; Iron; Polyester,Other,,12.99,/231/52/209725_BB_1,209725_BB_1.jpg,none,,,,,
209725_BK,209725,Fan FASHION SUPPLEMENTS Black,_BK,Black,Jewellery,Other Jewellery,Fan,Bamboo; Iron; Polyester,Other,,12.99,/231/52/209725_BK_1,209725_BK_1.jpg,none,,,,,
209725_BU,209725,Fan FASHION SUPPLEMENTS Burgundy,_BU,Burgundy,Jewellery,Other Jewellery,Fan,Bamboo; Iron; Polyester,Other,,12.99,/231/52/209725_BU_1,209725_BU_1.jpg,none,,,,,
209765_BM,209765,Earring SPARKLING EARRINGS Bright Multicolor,_BM,Bright Multicolor,Jewellery,Earrings,Stud,Brass; Zirconium,Black Nikel,,19.99,/232/52/209765_BM_1,209765_BM_1.jpg,none,,,,,
209772_LL,209772,Earring SPARKLING EARRINGS Lilac,_LL,Lilac,Jewellery,Earrings,Dangle,Brass; Zirconium,Black Nikel,,29.99,/232/52/209772_LL_1,209772_LL_1.jpg,none,,,,,
209923_BM,209923,Earring STARRYNIGHT Bright Multicolor,_BM,Bright Multicolor,Jewellery,Earrings,Dangle,Brass; Glass,Golden,,7.99,/232/52/209923_BM_1,209923_BM_1.jpg,none,,,,,
209926_GD,209926,Earring GLDN DEL Gold,_GD,Gold,Jewellery,Earrings,Dangle,Brass; Iron,Golden,,5.99,/232/52/209926_GD_1,209926_GD_1.jpg,none,,,,,
209926_SV,209926,Earring SILVER D Silver,_SV,Silver,Jewellery,Earrings,Dangle,Brass; Iron,Golden,,5.99,/232/52/209926_SV_1,209926_SV_1.jpg,none,,,,,
210208_GD,210208,Earring GOLDEN BASICS Gold,_GD,Gold,Jewellery,Earrings,Hoop Earrings,Copper; Stone,Golden,,5.99,/232/52/210208_GD_1,210208_GD_1.jpg,none,,,,,
210232_GD,210232,Earring GOLDEN BASICS Gold,_GD,Gold,Jewellery,Earrings,Dangle,Enamel; Zinc,Golden,,8.99,/232/52/210232_GD_1,210232_GD_1.jpg,none,,,,,
210239_GD,210239,Earring GOLDEN BASICS Gold,_GD,Gold,Jewellery,Earrings,Dangle,Iron; Shell,Brushed Golden,,7.99,/232/52/210239_GD_1,210239_GD_1.jpg,none,,,,,
210299_BM,210299,Bracelet DEGRADE Bright Multicolor,_BM,Bright Multicolor,Jewellery,Bracelets,Anklet,Copper; Glass; Iron; Zinc,Golden,,7.99,/232/52/210299_BM_1,210299_BM_1.jpg,none,,,,,
210314_BM,210314,Bracelet DEGRADE Bright Multicolor,_BM,Bright Multicolor,Jewellery,Bracelets,Anklet,Enamel; Iron; Zinc,Golden,,7.99,/232/52/210314_BM_1,210314_BM_1.jpg,none,,,,,
210321_LL,210321,Earring DEGRADE Lilac,_LL,Lilac,Jewellery,Earrings,Stud,Acrylic; Enamel; Zinc,Golden,,5.99,/232/52/210321_LL_1,210321_LL_1.jpg,none,,,,,
210329_OR,210329,Earring DEGRADE Orange,_OR,Orange,Jewellery,Earrings,Hoop Earrings,Iron; Acrylic,Golden,,7.99,/232/52/210329_OR_1,210329_OR_1.jpg,none,,,,,
210332_NV,210332,Earring DEGRADE Navy,_NV,Navy,Jewellery,Earrings,Stud,Iron,Golden,,7.99,/232/52/210332_NV_1,210332_NV_1.jpg,none,,,,,
210332_PH,210332,Earring DEGRADE Peach,_PH,Peach,Jewellery,Earrings,Stud,Iron,Golden,,7.99,/232/52/210332_PH_1,210332_PH_1.jpg,none,,,,,
210338_BM,210338,Bracelet DEGRADE Bright Multicolor,_BM,Bright Multicolor,Jewellery,Bracelets,Anklet,Shell; Stone; Thermoplastic Polyurethane; Zinc,Golden,,7.99,/232/52/210338_BM_1,210338_BM_1.jpg,none,,,,,
210342_BM,210342,Bracelet DEGRADE Bright Multicolor,_BM,Bright Multicolor,Jewellery,Bracelets,Anklet,Iron,Golden,,7.99,/232/52/210342_BM_1,210342_BM_1.jpg,none,,,,,
210347_NV,210347,Earring STARRYNIGHT Navy,_NV,Navy,Jewellery,Earrings,Dangle,Acrylic; Glass; Iron; Polyester,Golden,,8.99,/232/52/210347_NV_1,210347_NV_1.jpg,none,,,,,
210347_OR,210347,Earring DEGRADE Orange,_OR,Orange,Jewellery,Earrings,Dangle,Acrylic; Glass; Iron; Polyester,Golden,,8.99,/232/52/210347_OR_1,210347_OR_1.jpg,none,,,,,
210347_TG,210347,Earring WATERMELON PARTY Pastel Green,_TG,Pastel Green,Jewellery,Earrings,Dangle,Acrylic; Glass; Iron; Polyester,Golden,,8.99,/242/52/210347_TG_1,210347_TG_1.jpg,none,,,,,
210351_BM,210351,Earring DEGRADE Bright Multicolor,_BM,Bright Multicolor,Jewellery,Earrings,Dangle,Cotton; Glass; Polyester; Stainless Steel; Straw,Golden,,9.99,/232/52/210351_BM_1,210351_BM_1.jpg,none,,,,,
210434_BL,210434,Phone case FASHION SUPPLEMENTS Blue,_BL,Blue,Jewellery,Mobile Accessories,Mobile Cases,Iron; Polyester; Thermoplastic Polyurethane,Other,,9.99,/232/52/210434_BL_1,210434_BL_1.jpg,none,,,,,
210434_FU,210434,Phone case FASHION SUPPLEMENTS Fuchsia,_FU,Fuchsia,Jewellery,Mobile Accessories,Mobile Cases,Iron; Polyester; Thermoplastic Polyurethane,Other,,9.99,/232/52/210434_FU_1,210434_FU_1.jpg,none,,,,,
210434_LL,210434,Phone case FASHION SUPPLEMENTS Lilac,_LL,Lilac,Jewellery,Mobile Accessories,Mobile Cases,Iron; Polyester; Thermoplastic Polyurethane,Other,,9.99,/232/52/210434_LL_1,210434_LL_1.jpg,none,,,,,
210434_OR,210434,Phone case FASHION SUPPLEMENTS Orange,_OR,Orange,Jewellery,Mobile Accessories,Mobile Cases,Iron; Polyester; Thermoplastic Polyurethane,Other,,9.99,/232/52/210434_OR_1,210434_OR_1.jpg,none,,,,,
210434_TB,210434,Phone case FASHION SUPPLEMENTS Pastel Blue,_TB,Pastel Blue,Jewellery,Mobile Accessories,Mobile Cases,Iron; Polyester; Thermoplastic Polyurethane,Other,,9.99,/232/52/210434_TB_1,210434_TB_1.jpg,none,,,,,
210439_BL,210439,Phone case FASHION SUPPLEMENTS Blue,_BL,Blue,Jewellery,Mobile Accessories,Mobile Cases,Iron; Polyester; Thermoplastic Polyurethane,Other,,9.99,/232/52/210439_BL_1,210439_BL_1.jpg,none,,,,,
210439_FU,210439,Phone case FASHION SUPPLEMENTS Fuchsia,_FU,Fuchsia,Jewellery,Mobile Accessories,Mobile Cases,Iron; Polyester; Thermoplastic Polyurethane,Other,,9.99,/232/52/210439_FU_1,210439_FU_1.jpg,none,,,,,
210439_LL,210439,Phone case FASHION SUPPLEMENTS Lilac,_LL,Lilac,Jewellery,Mobile Accessories,Mobile Cases,Iron; Polyester; Thermoplastic Polyurethane,Other,,9.99,/232/52/210439_LL_1,210439_LL_1.jpg,none,,,,,
210439_OR,210439,Phone case FASHION SUPPLEMENTS Orange,_OR,Orange,Jewellery,Mobile Accessories,Mobile Cases,Iron; Polyester; Thermoplastic Polyurethane,Other,,9.99,/232/52/210439_OR_1,210439_OR_1.jpg,none,,,,,
210439_TB,210439,Phone case FASHION SUPPLEMENTS Pastel Blue,_TB,Pastel Blue,Jewellery,Mobile Accessories,Mobile Cases,Iron; Polyester; Thermoplastic Polyurethane,Other,,9.99,/232/52/210439_TB_2y,210439_TB_2y.jpg,none,,,,,
210631_GD,210631,Earring FRANJAS Gold,_GD,Gold,Jewellery,Earrings,Drop,Brass; Pearl; Zinc,Golden,,17.99,/232/52/210631_GD_1,210631_GD_1.jpg,none,,,,,
210636_GD,210636,Necklace LEAFS STORY Gold,_GD,Gold,Jewellery,Necklaces,Beaded Necklace,Copper; Iron; Zinc,Golden,,25.99,/232/52/210636_GD_1,210636_GD_1.jpg,none,,,,,
210643_GD,210643,Set of Necklaces FRESH WATER PEARL COLLEC Gold,_GD,Gold,Jewellery,Necklaces,Pendant,Iron; Pearl,Golden,,25.99,/232/52/210643_GD_1,210643_GD_1.jpg,none,,,,,
210729_FU,210729,Earring DEGRADE Fuchsia,_FU,Fuchsia,Jewellery,Earrings,Dangle,Iron; Shell; Zinc,Golden,,8.99,/232/52/210729_FU_1,210729_FU_1.jpg,none,,,,,
210739_PK,210739,Ring GLDN DEL Pink,_PK,Pink,Jewellery,Rings,Band Ring,Iron; Zinc; Zirconium,Golden,,6.99,/232/52/210739_PK_1,210739_PK_1.jpg,none,,,,,
210743_HM,210743,Necklace GLDN DEL Halftone Multicolor,_HM,Halftone Multicolor,Jewellery,Necklaces,Beaded Necklace,Zirconium; Brass,Golden,,10.99,/232/52/210743_HM_1,210743_HM_1.jpg,none,,,,,
210747_HM,210747,Bracelet GLDN DEL Halftone Multicolor,_HM,Halftone Multicolor,Jewellery,Bracelets,Adjustable Bracelet,Brass; Iron; Zirconium,Golden,,6.99,/232/52/210747_HM_1,210747_HM_1.jpg,none,,,,,
210752_HM,210752,Earring GLDN DEL Halftone Multicolor,_HM,Halftone Multicolor,Jewellery,Earrings,Dangle,Glass; Brass,Golden,,7.99,/232/52/210752_HM_1,210752_HM_1.jpg,none,,,,,
210943_GD,210943,Earring LEAFS STORY Gold,_GD,Gold,Jewellery,Earrings,Dangle,Brass; Iron,Golden,,22.99,/232/52/210943_GD_1,210943_GD_1.jpg,none,,,,,
210959_GD,210959,Earring FRESH WATER PEARL COLLEC Gold,_GD,Gold,Jewellery,Earrings,Drop,Pearl; Zinc,Golden,,17.99,/232/52/210959_GD_1,210959_GD_1.jpg,none,,,,,
210975_GD,210975,Earring LEAFS STORY Gold,_GD,Gold,Jewellery,Earrings,Hoop Earrings,Iron; Zinc,Golden,,9.99,/232/52/210975_GD_1,210975_GD_1.jpg,none,,,,,
210979_BM,210979,Earring LAB ABRIL Bright Multicolor,_BM,Bright Multicolor,Jewellery,Earrings,Dangle,Acrylic; Glass; Polyester; Zinc,Golden,,19.99,/232/52/210979_BM_1,210979_BM_1.jpg,none,,,,,
211039_NV,211039,Earring COTTAGE BLUE Navy,_NV,Navy,Jewellery,Earrings,Stud,Resin; Zinc,Brushed Golden,,4.99,/232/52/211039_NV_2y,211039_NV_2y.jpg,none,,,,,
2110481NV,211048,Ring COTTAGE BLUE Navy,1NV,Navy,Jewellery,Rings,Band Ring,Enamel; Zinc,Golden,,4.99,/232/52/2110481NV_1,2110481NV_1.jpg,none,,,,,
211058_PM,211058,Earring COLOMBIA EARRINGS Pastel Multicolor,_PM,Pastel Multicolor,Jewellery,Earrings,Dangle,Brass; Cotton; Glass; Polyester; Stainless Steel,Golden,,22.99,/232/52/211058_PM_1,211058_PM_1.jpg,none,,,,,
211064_HM,211064,Set of Earrings KISS54 Halftone Multicolor,_HM,Halftone Multicolor,Jewellery,Earrings,Hoop Earrings,Brass; Enamel; Glass; Zinc,Golden,,6.99,/232/52/211064_HM_1,211064_HM_1.jpg,none,,,,,
211068_GD,211068,Set of Earrings KISS54 Gold,_GD,Gold,Jewellery,Earrings,Hoop Earrings,Glass; Zinc,Golden,,5.99,/232/52/211068_GD_1,211068_GD_1.jpg,none,,,,,
211073_NV,211073,Earring COTTAGE BLUE Navy,_NV,Navy,Jewellery,Earrings,Stud,Acrylic; Zinc,Brushed Golden,,4.99,/232/52/211073_NV_2y,211073_NV_2y.jpg,none,,,,,
211078_HM,211078,Set of Earrings KISS54 Halftone Multicolor,_HM,Halftone Multicolor,Jewellery,Earrings,Hoop Earrings,Enamel; Zinc; Zirconium,Golden,,6.99,/232/52/211078_HM_1,211078_HM_1.jpg,none,,,,,
211087_HM,211087,Necklace COTTAGE BLUE Halftone Multicolor,_HM,Halftone Multicolor,Jewellery,Necklaces,Beaded Necklace,Acrylic; Iron; Shell; Stone; Zinc,Golden,,15.99,/232/52/211087_HM_1,211087_HM_1.jpg,none,,,,,
211091_HM,211091,Set of Earrings KISS54 Halftone Multicolor,_HM,Halftone Multicolor,Jewellery,Earrings,Hoop Earrings,Brass; Zirconium,Golden,,5.99,/232/52/211091_HM_1,211091_HM_1.jpg,none,,,,,
211109_HM,211109,Earring COTTAGE BLUE Halftone Multicolor,_HM,Halftone Multicolor,Jewellery,Earrings,Hoop Earrings,Acrylic; Brass; Glass; Iron; Stone,Golden,,7.99,/232/52/211109_HM_1,211109_HM_1.jpg,none,,,,,
211115_HM,211115,Necklace COTTAGE BLUE Halftone Multicolor,_HM,Halftone Multicolor,Jewellery,Necklaces,Beaded Necklace,Acrylic; Copper; Iron; Zamac,Brushed Golden,,9.99,/232/52/211115_HM_1,211115_HM_1.jpg,none,,,,,
211121_HM,211121,Necklace COTTAGE BLUE Halftone Multicolor,_HM,Halftone Multicolor,Jewellery,Necklaces,Beaded Necklace,Acrylic; Brass; Thermoplastic Polyurethane,Brushed Golden,,10.99,/232/52/211121_HM_2y,211121_HM_2y.jpg,none,,,,,
211138_HM,211138,Earring COTTAGE BLUE Halftone Multicolor,_HM,Halftone Multicolor,Jewellery,Earrings,Dangle,Acrylic; Glass; Iron; Pearl; Stone; Zinc,Brushed Golden,,7.99,/232/52/211138_HM_1,211138_HM_1.jpg,none,,,,,
211157_MD,211157,Earring KISS54 Mustard,_MD,Mustard,Jewellery,Earrings,Ear Cuff,Brass,Golden,,4.99,/232/52/211157_MD_1,211157_MD_1.jpg,none,,,,,
211161_AQ,211161,Earring KISS54 Aquamarine,_AQ,Aquamarine,Jewellery,Earrings,Ear Cuff,Brass,Golden,,6.99,/232/52/211161_AQ_1,211161_AQ_1.jpg,none,,,,,
211171_HM,211171,Bracelet KISS54 Halftone Multicolor,_HM,Halftone Multicolor,Jewellery,Bracelets,Anklet,Iron; Resin; Stone; Zinc,Golden,,7.99,/232/52/211171_HM_1,211171_HM_1.jpg,none,,,,,
211176_GD,211176,Earring KISS54 Gold,_GD,Gold,Jewellery,Earrings,Ear Cuff,Enamel; Brass,Golden,,5.99,/232/52/211176_GD_1,211176_GD_1.jpg,none,,,,,
211181_HM,211181,Set of Earrings KISS54 Halftone Multicolor,_HM,Halftone Multicolor,Jewellery,Earrings,Hoop Earrings,Brass; Enamel,Golden,,7.99,/232/52/211181_HM_1,211181_HM_1.jpg,none,,,,,
211187_HM,211187,Set of Earrings KISS54 Halftone Multicolor,_HM,Halftone Multicolor,Jewellery,Earrings,Hoop Earrings,Brass; Zinc; Zirconium,Golden,,6.99,/232/52/211187_HM_1,211187_HM_1.jpg,none,,,,,
211192_HM,211192,Necklace KISS54 Halftone Multicolor,_HM,Halftone Multicolor,Jewellery,Necklaces,Beaded Necklace,Glass; Thermoplastic Polyurethane; Zinc,Golden,,9.99,/232/52/211192_HM_1,211192_HM_1.jpg,none,,,,,
211197_HM,211197,Set of Necklaces KISS54 Halftone Multicolor,_HM,Halftone Multicolor,Jewellery,Necklaces,Beaded Necklace,Acrylic; Enamel; Iron; Stone; Zinc,Golden,,12.99,/232/52/211197_HM_1,211197_HM_1.jpg,none,,,,,
211201_HM,211201,Set of Earrings KISS54 Halftone Multicolor,_HM,Halftone Multicolor,Jewellery,Earrings,Hoop Earrings,Zirconium; Brass,Rodhium,,6.99,/232/52/211201_HM_1,211201_HM_1.jpg,none,,,,,
211209_HM,211209,Set of Earrings KISS54 Halftone Multicolor,_HM,Halftone Multicolor,Jewellery,Earrings,Hoop Earrings,Copper; Enamel; Zirconium,Golden,,6.99,/232/52/211209_HM_1,211209_HM_1.jpg,none,,,,,
211242_JN,211242,Earring KISS54 Blue Jeans,_JN,Blue Jeans,Jewellery,Earrings,Ear Cuff,Thermoplastic Polyurethane,Other,,5.99,/232/52/211242_JN_1,211242_JN_1.jpg,none,,,,,
211251_HM,211251,Bracelet KISS54 Halftone Multicolor,_HM,Halftone Multicolor,Jewellery,Bracelets,Anklet,Iron; Thermoplastic Polyurethane,Golden,,7.99,/232/52/211251_HM_1,211251_HM_1.jpg,none,,,,,
211255_HM,211255,Set of Earrings KISS54 Halftone Multicolor,_HM,Halftone Multicolor,Jewellery,Earrings,Hoop Earrings,Brass; Stone; Zinc; Zirconium,Golden,,8.99,/232/52/211255_HM_1,211255_HM_1.jpg,none,,,,,
211260_HM,211260,Set of Earrings KISS54 Halftone Multicolor,_HM,Halftone Multicolor,Jewellery,Earrings,Hoop Earrings,Brass; Zinc; Zirconium,Golden,,6.99,/232/52/211260_HM_1,211260_HM_1.jpg,none,,,,,
211268_GD,211268,Earring KISS54 Gold,_GD,Gold,Jewellery,Earrings,Ear Cuff,Brass,Golden,,3.99,/232/52/211268_GD_1,211268_GD_1.jpg,none,,,,,
211272_HM,211272,Set of Earrings KISS54 Halftone Multicolor,_HM,Halftone Multicolor,Jewellery,Earrings,Hoop Earrings,Brass; Zinc; Zirconium,Rodhium,,8.99,/232/52/211272_HM_1,211272_HM_1.jpg,none,,,,,
211278_HM,211278,Set of Earrings KISS54 Halftone Multicolor,_HM,Halftone Multicolor,Jewellery,Earrings,Hoop Earrings,Brass; Enamel; Glass; Zinc,Golden,,5.99,/232/52/211278_HM_1,211278_HM_1.jpg,none,,,,,
211325_GD,211325,Earring GLDN DEL Gold,_GD,Gold,Jewellery,Earrings,Dangle,Glass; Zinc,Golden,,9.99,/232/52/211325_GD_1,211325_GD_1.jpg,none,,,,,
211408_WT,211408,Earring GOLDEN BASICS White,_WT,White,Jewellery,Earrings,Hoop Earrings,Iron; Resin; Shell,Golden,,7.99,/232/52/211408_WT_1,211408_WT_1.jpg,none,,,,,
211412_WT,211412,Necklace GOLDEN BASICS White,_WT,White,Jewellery,Necklaces,Beaded Necklace,Acrylic; Brass; Glass; Pearl; Zinc,Golden,,12.99,/232/52/211412_WT_1,211412_WT_1.jpg,none,,,,,
211413_OX,211413,Earring Gipsy Garden Oxford Blue,_OX,Oxford Blue,Jewellery,Earrings,Dangle,Brass; Resin,,,9.99,/241/52/211413_OX_1,211413_OX_1.jpg,none,,,,,
211413_WT,211413,Earring GOLDEN BASICS White,_WT,White,Jewellery,Earrings,Dangle,Acrylic; Brass; Shell,Golden,,9.99,/232/52/211413_WT_1,211413_WT_1.jpg,none,,,,,
211441_BM,211441,Jewellery FASHION SUPPLEMENTS Bright Multicolor,_BM,Bright Multicolor,Jewellery,Cigarette Box,Regular,Thermoplastic Polyurethane; Zinc,Golden,,6.99,/232/52/211441_BM_1,211441_BM_1.jpg,none,,,,,
211456_PE,211456,Key Chain FASHION SUPPLEMENTS Pearl,_PE,Pearl,Jewellery,Key chains,Figures,Acrylic; Iron; Iron; Thermoplastic Polyurethane; Zinc,Golden,,12.99,/232/52/211456_PE_1,211456_PE_1.jpg,none,,,,,
211463_GD,211463,Sunglass Holder FASHION SUPPLEMENTS Gold,_GD,Gold,Jewellery,Other Jewellery,Sunglass Holder,Iron; Thermoplastic Polyurethane,Golden,,5.99,/232/52/211463_GD_1,211463_GD_1.jpg,none,,,,,
211614_GD,211614,Ring GOLDEN BASICS Gold,_GD,Gold,Jewellery,Rings,Band Ring,Zinc,Golden,,6.99,/232/52/211614_GD_1,211614_GD_1.jpg,none,,,,,
211620_GD,211620,Necklace GOLDEN BASICS Gold,_GD,Gold,Jewellery,Necklaces,Chain,Copper; Iron,Golden,,10.99,/232/52/211620_GD_1,211620_GD_1.jpg,none,,,,,
211628_GD,211628,Earring GOLDEN BASICS Gold,_GD,Gold,Jewellery,Earrings,Hoop Earrings,Zinc,Brushed Golden,,5.99,/232/52/211628_GD_1,211628_GD_1.jpg,none,,,,,
211633_GD,211633,Ring Golden Basics Gold,_GD,Gold,Jewellery,Rings,Band Ring,Zinc,Golden,,7.99,/232/52/211633_GD_1,211633_GD_1.jpg,none,,,,,
211638_GD,211638,Bracelet Golden Basics Gold,_GD,Gold,Jewellery,Bracelets,Elastic Bracelet,Thermoplastic Polyurethane; Zinc,Golden,,7.99,/232/52/211638_GD_1,211638_GD_1.jpg,none,,,,,
211638_SV,211638,Bracelet SHADES OF COOL Silver,_SV,Silver,Jewellery,Bracelets,Elastic Bracelet,Zinc,Rodhium,,7.99,/232/52/211638_SV_1,211638_SV_1.jpg,none,,,,,
211642_GD,211642,Earring GOLDEN BASICS Gold,_GD,Gold,Jewellery,Earrings,Stud,Iron,Worn Gold,,7.99,/232/52/211642_GD_1,211642_GD_1.jpg,none,,,,,
211648_GD,211648,Necklace GOLDEN BASICS Gold,_GD,Gold,Jewellery,Necklaces,Chain,Brass; Iron; Zinc,Golden,,10.99,/232/52/211648_GD_1,211648_GD_1.jpg,none,,,,,
211669_DM,211669,Bracelet FLORABUNDANCE Dark Multicolor,_DM,Dark Multicolor,Jewellery,Bracelets,Elastic Bracelet,Resin; Thermoplastic Polyurethane; Zinc,Golden,,6.99,/232/52/211669_DM_1,211669_DM_1.jpg,none,,,,,
211679_BM,211679,Necklace FLORABUNDANCE Bright Multicolor,_BM,Bright Multicolor,Jewellery,Necklaces,Pendant,Iron; Resin,Golden,,12.99,/232/52/211679_BM_1,211679_BM_1.jpg,none,,,,,
211684_DM,211684,Necklace FLORABUNDANCE Dark Multicolor,_DM,Dark Multicolor,Jewellery,Necklaces,Pendant,Brass; Iron; Resin; Zinc,Golden,,12.99,/232/52/211684_DM_1,211684_DM_1.jpg,none,,,,,
211716_DM,211716,Necklace FLORABUNDANCE Dark Multicolor,_DM,Dark Multicolor,Jewellery,Necklaces,Bib Necklace,Acrylic; Iron,Golden,,15.99,/232/52/211716_DM_1,211716_DM_1.jpg,none,,,,,
211723_DM,211723,Bracelet FLORABUNDANCE Dark Multicolor,_DM,Dark Multicolor,Jewellery,Bracelets,Elastic Bracelet,Brass; Enamel; Iron,Worn Gold,,7.99,/232/52/211723_DM_1,211723_DM_1.jpg,none,,,,,
2117251GN,211725,Earring EXPEDITION Green,1GN,Green,Jewellery,Earrings,Stud,Resin; Zinc,Worn Gold,,5.99,/232/52/2117251GN_1,2117251GN_1.jpg,none,,,,,
211725_GN,211725,Earring FLORABUNDANCE Green,_GN,Green,Jewellery,Earrings,Stud,Resin; Zinc,Worn Gold,,5.99,/232/52/211725_GN_1,211725_GN_1.jpg,none,,,,,
211729_GN,211729,Ring FLORABUNDANCE Green,_GN,Green,Jewellery,Rings,Band Ring,Enamel; Zinc,Golden,,5.99,/232/52/211729_GN_1,211729_GN_1.jpg,none,,,,,
211750_OR,211750,Ring FLORABUNDANCE Orange,_OR,Orange,Jewellery,Rings,Fantasy,Resin,Other,,7.99,/232/52/211750_OR_1,211750_OR_1.jpg,none,,,,,
211758_GN,211758,Earring FLORABUNDANCE Green,_GN,Green,Jewellery,Earrings,Dangle,Iron; Resin,Burnish Golden,,5.99,/232/52/211758_GN_1,211758_GN_1.jpg,none,,,,,
211764_GN,211764,Earring FLORABUNDANCE Green,_GN,Green,Jewellery,Earrings,Dangle,Iron; Thermoplastic Polyurethane; Zinc,Worn Gold,,5.99,/232/52/211764_GN_1,211764_GN_1.jpg,none,,,,,
211770_DM,211770,Earring FLORABUNDANCE Dark Multicolor,_DM,Dark Multicolor,Jewellery,Earrings,Dangle,Brass; Iron; Resin,Worn Gold,,9.99,/232/52/211770_DM_1,211770_DM_1.jpg,none,,,,,
211778_PE,211778,Earring GLDN DEL Pearl,_PE,Pearl,Jewellery,Earrings,Dangle,Iron; Zinc,Golden,,9.99,/232/52/211778_PE_1,211778_PE_1.jpg,none,,,,,
211780_GD,211780,Earring GLDN DEL Gold,_GD,Gold,Jewellery,Earrings,Dangle,Brass; Iron; Zirconium,Golden,,9.99,/232/52/211780_GD_1,211780_GD_1.jpg,none,,,,,
211780_SV,211780,Earring SILVER D Silver,_SV,Silver,Jewellery,Earrings,Dangle,Brass; Iron; Zirconium,Golden,,9.99,/232/52/211780_SV_1,211780_SV_1.jpg,none,,,,,
211799_GD,211799,Earring GLDN DEL Gold,_GD,Gold,Jewellery,Earrings,Dangle,Acrylic; Glass; Iron; Zinc,Golden,,4.99,/232/52/211799_GD_1,211799_GD_1.jpg,none,,,,,
211799_SV,211799,Earring SILVER D Silver,_SV,Silver,Jewellery,Earrings,Dangle,Acrylic; Glass; Iron; Zinc,Golden,,4.99,/232/52/211799_SV_1,211799_SV_1.jpg,none,,,,,
211880_WT,211880,Earring TREND White,_WT,White,Jewellery,Earrings,Stud,Acrylic; Iron; Resin,Golden,,9.99,/232/52/211880_WT_1,211880_WT_1.jpg,none,,,,,
211886_PE,211886,Set of Necklaces TREND Pearl,_PE,Pearl,Jewellery,Necklaces,Pendant,Iron; Pearl; Zinc,Golden,,15.99,/232/52/211886_PE_1,211886_PE_1.jpg,none,,,,,
211895_BM,211895,Set of Necklaces TREND Bright Multicolor,_BM,Bright Multicolor,Jewellery,Necklaces,Beaded Necklace,Acrylic; Ceramic; Iron; Resin; Zinc,Golden,,22.99,/232/52/211895_BM_1,211895_BM_1.jpg,none,,,,,
211902_PE,211902,Earring TREND Pearl,_PE,Pearl,Jewellery,Earrings,Stud,Acrylic; Zinc,Scratched Gold,,9.99,/232/52/211902_PE_1,211902_PE_1.jpg,none,,,,,
211906_GD,211906,Necklace TREND Gold,_GD,Gold,Jewellery,Necklaces,Collar,Iron; Zinc,Worn Gold,,17.99,/232/52/211906_GD_1,211906_GD_1.jpg,none,,,,,
211910_PM,211910,Earring TREND Pastel Multicolor,_PM,Pastel Multicolor,Jewellery,Earrings,Hoop Earrings,Glass; Zinc,,,9.99,/232/52/211910_PM_1,211910_PM_1.jpg,none,,,,,
211921_YL,211921,Earring TREND Yellow,_YL,Yellow,Jewellery,Earrings,Drop,Glass; Iron; Wool; Metal and Cord,,,15.99,/232/52/211921_YL_1,211921_YL_1.jpg,none,,,,,
211928_HM,211928,Set of Necklaces BHLOTUS Halftone Multicolor,_HM,Halftone Multicolor,Jewellery,Necklaces,Pendant,Acrylic; Iron; Stone; Zinc; glass bead,Brushed Golden,,12.99,/232/52/211928_HM_1,211928_HM_1.jpg,none,,,,,
211933_GD,211933,Earring TREND Gold,_GD,Gold,Jewellery,Earrings,Stud,Iron,Golden,,9.99,/232/52/211933_GD_1,211933_GD_1.jpg,none,,,,,
211938_GD,211938,Set of Necklaces TREND Gold,_GD,Gold,Jewellery,Necklaces,Collar,Brass; Zinc,Golden,,17.99,/232/52/211938_GD_1,211938_GD_1.jpg,none,,,,,
211950_HM,211950,Earring BHLOTUS Halftone Multicolor,_HM,Halftone Multicolor,Jewellery,Earrings,Dangle,Stone; Zinc,Burnish Golden,,7.99,/232/52/211950_HM_1,211950_HM_1.jpg,none,,,,,
211956_HM,211956,Earring BHLOTUS Halftone Multicolor,_HM,Halftone Multicolor,Jewellery,Earrings,Dangle,Iron; Resin; Stone; Thermoplastic Polyurethane,Brushed Golden,,7.99,/232/52/211956_HM_1,211956_HM_1.jpg,none,,,,,
211960_HM,211960,Bracelet BHLOTUS Halftone Multicolor,_HM,Halftone Multicolor,Jewellery,Bracelets,Elastic Bracelet,Resin; Stone; Thermoplastic Polyurethane,Golden,,7.99,/232/52/211960_HM_1,211960_HM_1.jpg,none,,,,,
211964_CL,211964,Ring BHLOTUS Coral,_CL,Coral,Jewellery,Rings,Band Ring,Stone; Zinc,Golden,,4.99,/232/52/211964_CL_1,211964_CL_1.jpg,none,,,,,
211968_HM,211968,Set of Earrings BHLOTUS Halftone Multicolor,_HM,Halftone Multicolor,Jewellery,Earrings,Hoop Earrings,Iron; Stone; Zinc,Golden,,8.99,/232/52/211968_HM_1,211968_HM_1.jpg,none,,,,,
2119710HM,211971,Earring VENDREDI Halftone Multicolor,0HM,Halftone Multicolor,Jewellery,Earrings,Dangle,Acrylic; Brass; Iron,,,9.99,/241/52/2119710HM_1,2119710HM_1.jpg,none,,,,,
211971_HM,211971,Earring BHLOTUS Halftone Multicolor,_HM,Halftone Multicolor,Jewellery,Earrings,Dangle,Brass; Iron; Resin; Stone,Brushed Golden,,9.99,/232/52/211971_HM_1,211971_HM_1.jpg,none,,,,,
211974_HM,211974,Bracelet BHLOTUS Halftone Multicolor,_HM,Halftone Multicolor,Jewellery,Bracelets,Elastic Bracelet,Acrylic; Brass; Cow Leather; Resin; Stone,Brushed Golden,,7.99,/232/52/211974_HM_1,211974_HM_1.jpg,none,,,,,
211978_HM,211978,Necklace BHLOTUS Halftone Multicolor,_HM,Halftone Multicolor,Jewellery,Necklaces,Beaded Necklace,Acrylic; Iron; Stone; Thermoplastic Polyurethane; Zinc,Brushed Golden,,10.99,/232/52/211978_HM_1,211978_HM_1.jpg,none,,,,,
211982_PM,211982,Earring TREND Pastel Multicolor,_PM,Pastel Multicolor,Jewellery,Earrings,Stud,Acrylic; Brass; Glass,Golden,,9.99,/232/52/211982_PM_1,211982_PM_1.jpg,none,,,,,
211987_HM,211987,Earring BHLOTUS Halftone Multicolor,_HM,Halftone Multicolor,Jewellery,Earrings,Stud,Acrylic; Iron,Golden,,5.99,/232/52/211987_HM_1,211987_HM_1.jpg,none,,,,,
211992_HM,211992,Earring BHLOTUS Halftone Multicolor,_HM,Halftone Multicolor,Jewellery,Earrings,Stud,Resin; Stone; Zinc,Golden,,4.99,/232/52/211992_HM_1,211992_HM_1.jpg,none,,,,,
211998_HM,211998,Bracelet BHLOTUS Halftone Multicolor,_HM,Halftone Multicolor,Jewellery,Bracelets,Adjustable Bracelet,Glass; Iron; Stone; Acrylic,Brushed Golden,,7.99,/232/52/211998_HM_1,211998_HM_1.jpg,none,,,,,
212003_HM,212003,Bracelet BHLOTUS Halftone Multicolor,_HM,Halftone Multicolor,Jewellery,Bracelets,Elastic Bracelet,Glass; Iron; Resin; Stone; Thermoplastic Polyurethane,Golden,,7.99,/232/52/212003_HM_1,212003_HM_1.jpg,none,,,,,
212007_GD,212007,Earring GLDN DEL Gold,_GD,Gold,Jewellery,Earrings,Stud,Acrylic; Iron,Golden,,5.99,/232/52/212007_GD_1,212007_GD_1.jpg,none,,,,,
212013_GD,212013,Earring GLDN DEL Gold,_GD,Gold,Jewellery,Earrings,Hoop Earrings,Acrylic; Pearl; Thermoplastic Polyurethane; Zinc,Golden,,8.99,/232/52/212013_GD_1,212013_GD_1.jpg,none,,,,,
212013_SV,212013,Earring SILVER D Silver,_SV,Silver,Jewellery,Earrings,Hoop Earrings,Acrylic; Pearl; Thermoplastic Polyurethane; Zinc,Rodhium,,8.99,/232/52/212013_SV_1,212013_SV_1.jpg,none,,,,,
212016_PE,212016,Earring GLDN DEL Pearl,_PE,Pearl,Jewellery,Earrings,Dangle,Acrylic; Brass; Iron; Zinc,Golden,,12.99,/232/52/212016_PE_1,212016_PE_1.jpg,none,,,,,
212023_SV,212023,Necklace SILVER D Silver,_SV,Silver,Jewellery,Necklaces,Pendant,Brass; Iron; Zinc,,,9.99,/232/52/212023_SV_1,212023_SV_1.jpg,none,,,,,
212024_GD,212024,Bracelet GLDN DEL Gold,_GD,Gold,Jewellery,Bracelets,Non-Adjustable Bracelet,Brass; Iron; Zinc,Golden,,6.99,/232/52/212024_GD_1,212024_GD_1.jpg,none,,,,,
212024_SV,212024,Bracelet SILVER D Silver,_SV,Silver,Jewellery,Bracelets,Non-Adjustable Bracelet,Brass; Iron; Zinc,Golden,,6.99,/232/52/212024_SV_1,212024_SV_1.jpg,none,,,,,
212084_FU,212084,Earring DEGRADE Fuchsia,_FU,Fuchsia,Jewellery,Earrings,Clip Earrings,Brass; Glass; Thermoplastic Polyurethane,Golden,,9.99,/232/52/212084_FU_1,212084_FU_1.jpg,none,,,,,
212208_HM,212208,Bracelet BHLOTUS Halftone Multicolor,_HM,Halftone Multicolor,Jewellery,Bracelets,Elastic Bracelet,Resin; Stone; Thermoplastic Rubber; Metal and Plastic,Golden,,5.99,/232/52/212208_HM_1,212208_HM_1.jpg,none,,,,,
212243_BM,212243,Earring GUARANI VIBES Bright Multicolor,_BM,Bright Multicolor,Jewellery,Earrings,Hoop Earrings,Acrylic; Iron,Brushed Golden,,5.99,/232/52/212243_BM_1,212243_BM_1.jpg,none,,,,,
212248_BM,212248,Necklace GUARANI VIBES Bright Multicolor,_BM,Bright Multicolor,Jewellery,Necklaces,Pendant,Acrylic; Iron,Brushed Golden,,10.99,/232/52/212248_BM_1,212248_BM_1.jpg,none,,,,,
212254_BM,212254,Necklace GUARANI VIBES Bright Multicolor,_BM,Bright Multicolor,Jewellery,Necklaces,Beaded Necklace,Iron; Resin; Thermoplastic Polyurethane,Brushed Golden,,10.99,/232/52/212254_BM_2y,212254_BM_2y.jpg,none,,,,,
212264_GN,212264,Ring GUARANI VIBES Green,_GN,Green,Jewellery,Rings,Fantasy,Stone; Zinc,Golden,,6.99,/232/52/212264_GN_1,212264_GN_1.jpg,none,,,,,
212277_BM,212277,Necklace GUARANI VIBES Bright Multicolor,_BM,Bright Multicolor,Jewellery,Necklaces,Beaded Necklace,Glass; Iron; Zinc,Brushed Golden,,10.99,/232/52/212277_BM_1,212277_BM_1.jpg,none,,,,,
212282_BM,212282,Ring GUARANI VIBES Bright Multicolor,_BM,Bright Multicolor,Jewellery,Rings,Band Ring,Enamel; Zinc,Brushed Golden,,7.99,/232/52/212282_BM_1,212282_BM_1.jpg,none,,,,,
212292_BM,212292,Set of Necklaces GUARANI VIBES Bright Multicolor,_BM,Bright Multicolor,Jewellery,Necklaces,Pendant,Acrylic; Glass; Iron; Polyester; Resin; Rubber,Brushed Golden,,12.99,/232/52/212292_BM_2y,212292_BM_2y.jpg,none,,,,,
212296_LB,212296,Earring GUARANI VIBES Light Blue,_LB,Light Blue,Jewellery,Earrings,Hoop Earrings,Iron; Stone; Thermoplastic Polyurethane; Zinc,Golden,,4.99,/232/52/212296_LB_1,212296_LB_1.jpg,none,,,,,
212301_GN,212301,Necklace GUARANI VIBES Green,_GN,Green,Jewellery,Necklaces,Pendant,Iron; Rubber,Brushed Golden,,10.99,/232/52/212301_GN_1,212301_GN_1.jpg,none,,,,,
212313_BM,212313,Necklace GUARANI VIBES Bright Multicolor,_BM,Bright Multicolor,Jewellery,Necklaces,Collar,Iron; Stone; Zinc,Golden,,10.99,/232/52/212313_BM_1,212313_BM_1.jpg,none,,,,,
212318_BM,212318,Necklace GUARANI VIBES Bright Multicolor,_BM,Bright Multicolor,Jewellery,Necklaces,Pendant,Acrylic; Brass; Iron; Pearl; Resin; Zinc,Brushed Golden,,12.99,/232/52/212318_BM_1,212318_BM_1.jpg,none,,,,,
212324_TO,212324,Ring GUARANI VIBES Pastel Orange,_TO,Pastel Orange,Jewellery,Rings,Fantasy,Enamel; Zinc,Brushed Golden,,4.99,/232/52/212324_TO_1,212324_TO_1.jpg,none,,,,,
212392_GD,212392,Necklace GOLD PLATED COLLECTION Gold,_GD,Gold,Jewellery,Necklaces,Beaded Necklace,Brass,Gold Plated,,45.99,/232/52/212392_GD_1,212392_GD_1.jpg,none,,,,,
212397_GD,212397,Earring GOLD PLATED COLLECTION Gold,_GD,Gold,Jewellery,Earrings,Dangle,Brass,Gold Plated,,23.99,/232/52/212397_GD_2y,212397_GD_2y.jpg,none,,,,,
212409_HM,212409,Earring SPARKLING EARRINGS Halftone Multicolor,_HM,Halftone Multicolor,Jewellery,Earrings,Stud,Brass; Zirconium,Silver,,32.99,/232/52/212409_HM_1y,212409_HM_1y.jpg,none,,,,,
212416_HM,212416,Earring SPARKLING EARRINGS Halftone Multicolor,_HM,Halftone Multicolor,Jewellery,Earrings,Drop,Brass; Zirconium,Black Nikel,,29.99,/232/52/212416_HM_1,212416_HM_1.jpg,none,,,,,
212436_HM,212436,Earring ORPHIC Halftone Multicolor,_HM,Halftone Multicolor,Jewellery,Earrings,Dangle,Brass; Iron; Resin; Thermoplastic Polyurethane,Golden,,5.99,/232/52/212436_HM_1,212436_HM_1.jpg,none,,,,,
212442_HM,212442,Earring ORPHIC Halftone Multicolor,_HM,Halftone Multicolor,Jewellery,Earrings,Hoop Earrings,Iron; Resin,Golden,,5.99,/232/52/212442_HM_1,212442_HM_1.jpg,none,,,,,
212473_HM,212473,Earring EXPEDITION Halftone Multicolor,_HM,Halftone Multicolor,Jewellery,Earrings,Hoop Earrings,Acrylic; Zinc,Golden,,7.99,/232/52/212473_HM_1,212473_HM_1.jpg,none,,,,,
212508_HM,212508,Earring ORPHIC Halftone Multicolor,_HM,Halftone Multicolor,Jewellery,Earrings,Dangle,Acrylic; Brass; Iron,Golden,,8.99,/232/52/212508_HM_1,212508_HM_1.jpg,none,,,,,
212509_BK,212509,Earring ECLIPSE Black,_BK,Black,Jewellery,Earrings,Dangle,Brass; Iron; Resin; Stone; Zinc,Golden,,7.99,/232/52/212509_BK_1,212509_BK_1.jpg,none,,,,,
212509_HM,212509,Earring ORPHIC Halftone Multicolor,_HM,Halftone Multicolor,Jewellery,Earrings,Dangle,Brass; Iron; Resin; Stone; Zinc,Golden,,7.99,/232/52/212509_HM_1,212509_HM_1.jpg,none,,,,,
212520_HM,212520,Set of Earrings EXPEDITION Halftone Multicolor,_HM,Halftone Multicolor,Jewellery,Earrings,Hoop Earrings,Iron; Resin; Zinc,Golden,,8.99,/232/52/212520_HM_1,212520_HM_1.jpg,none,,,,,
212527_BM,212527,Earring EXPEDITION Bright Multicolor,_BM,Bright Multicolor,Jewellery,Earrings,Hoop Earrings,Acrylic; Iron; Rubber; Thermoplastic Polyurethane,Worn Gold,,5.99,/232/52/212527_BM_1,212527_BM_1.jpg,none,,,,,
212531_BM,212531,Bracelet EXPEDITION Bright Multicolor,_BM,Bright Multicolor,Jewellery,Bracelets,Elastic Bracelet,Acrylic; Iron; Zinc,Golden,,7.99,/232/52/212531_BM_1,212531_BM_1.jpg,none,,,,,
212550_HM,212550,Earring EXPEDITION Halftone Multicolor,_HM,Halftone Multicolor,Jewellery,Earrings,Hoop Earrings,Acrylic; Iron; Thermoplastic Polyurethane; Zinc,Worn Gold,,5.99,/232/52/212550_HM_1,212550_HM_1.jpg,none,,,,,
212555_HM,212555,Necklace EXPEDITION Halftone Multicolor,_HM,Halftone Multicolor,Jewellery,Necklaces,Beaded Necklace,Iron; Resin,Golden,,10.99,/232/52/212555_HM_1,212555_HM_1.jpg,none,,,,,
212561_RD,212561,Earring EXPEDITION Red,_RD,Red,Jewellery,Earrings,Dangle,Iron; Stone; Zamac,Worn Gold,,5.99,/232/52/212561_RD_1,212561_RD_1.jpg,none,,,,,
212567_HM,212567,Necklace EXPEDITION Halftone Multicolor,_HM,Halftone Multicolor,Jewellery,Necklaces,Pendant,Iron; Resin,Worn Gold,,12.99,/232/52/212567_HM_1,212567_HM_1.jpg,none,,,,,
212575_HM,212575,Earring EXPEDITION Halftone Multicolor,_HM,Halftone Multicolor,Jewellery,Earrings,Hoop Earrings,Acrylic; Resin; Rubber; Stone,Golden,,8.99,/232/52/212575_HM_1,212575_HM_1.jpg,none,,,,,
212587_HM,212587,Necklace EXPEDITION Halftone Multicolor,_HM,Halftone Multicolor,Jewellery,Necklaces,Beaded Necklace,Copper; Iron; Thermoplastic Polyurethane,Worn Gold,,12.99,/232/52/212587_HM_1,212587_HM_1.jpg,none,,,,,
212591_HM,212591,Set of Necklaces EXPEDITION Halftone Multicolor,_HM,Halftone Multicolor,Jewellery,Necklaces,Pendant,Acrylic; Brass; Iron; Zinc,Golden,,12.99,/232/52/212591_HM_1,212591_HM_1.jpg,none,,,,,
212598_IV,212598,Earring FLOWER BEADS Ivory,_IV,Ivory,Jewellery,Earrings,Drop,Glass; Iron; Zinc,Golden,,23.99,/232/52/212598_IV_1,212598_IV_1.jpg,none,,,,,
212598_PU,212598,Earring FLOWER BEADS Purple,_PU,Purple,Jewellery,Earrings,Drop,Glass; Iron; Zinc,Golden,,23.99,/232/52/212598_PU_1,212598_PU_1.jpg,none,,,,,
212598_YL,212598,Earring FLOWER BEADS Yellow,_YL,Yellow,Jewellery,Earrings,Drop,Glass; Iron; Zinc,Golden,,23.99,/232/52/212598_YL_1,212598_YL_1.jpg,none,,,,,
212607_BM,212607,Earring THE COUPLE Bright Multicolor,_BM,Bright Multicolor,Jewellery,Earrings,Dangle,Glass; Steel,Golden,,17.99,/232/52/212607_BM_1,212607_BM_1.jpg,none,,,,,
212611_BM,212611,Necklace THE COUPLE Bright Multicolor,_BM,Bright Multicolor,Jewellery,Necklaces,Collar,Brass; Glass,Golden,,49.99,/232/52/212611_BM_1,212611_BM_1.jpg,none,,,,,
212647_DM,212647,Earring MONETT Dark Multicolor,_DM,Dark Multicolor,Jewellery,Earrings,Hoop Earrings,Iron; Resin; Thermoplastic Polyurethane; Stone,Golden,,5.99,/242/52/212647_DM_1,212647_DM_1.jpg,none,,,,,
212647_HM,212647,Earring ORPHIC Halftone Multicolor,_HM,Halftone Multicolor,Jewellery,Earrings,Hoop Earrings,Iron; Resin; Stone; Thermoplastic Polyurethane,Golden,,4.99,/232/52/212647_HM_1,212647_HM_1.jpg,none,,,,,
212662_GD,212662,Earring GOLDEN BASICS Gold,_GD,Gold,Jewellery,Earrings,Stud,Zinc,Golden,,8.99,/232/52/212662_GD_1,212662_GD_1.jpg,none,,,,,
212667_GD,212667,Earring GOLDEN BASICS Gold,_GD,Gold,Jewellery,Earrings,Dangle,Iron; Zinc,Brushed Golden,,5.99,/232/52/212667_GD_1,212667_GD_1.jpg,none,,,,,
212672_GD,212672,Earring Golden Basics Gold,_GD,Gold,Jewellery,Earrings,Dangle,Iron,Brushed Golden,,7.99,/232/52/212672_GD_1,212672_GD_1.jpg,none,,,,,
212679_GD,212679,Earring Golden Basics Gold,_GD,Gold,Jewellery,Earrings,Tassel Earring,Copper; Iron,Golden,,12.99,/232/52/212679_GD_1,212679_GD_1.jpg,none,,,,,
212685_HM,212685,Earring ORPHIC Halftone Multicolor,_HM,Halftone Multicolor,Jewellery,Earrings,Dangle,Acrylic; Iron; Resin; Stone; Zinc,Golden,,7.99,/232/52/212685_HM_1,212685_HM_1.jpg,none,,,,,
212689_HM,212689,Earring ORPHIC Halftone Multicolor,_HM,Halftone Multicolor,Jewellery,Earrings,Dangle,Acrylic; Iron,Golden,,9.99,/232/52/212689_HM_1,212689_HM_1.jpg,none,,,,,
212715_HM,212715,Bracelet ORPHIC Halftone Multicolor,_HM,Halftone Multicolor,Jewellery,Bracelets,Elastic Bracelet,Acrylic; Glass; Iron; Stone,Golden,,6.99,/232/52/212715_HM_1,212715_HM_1.jpg,none,,,,,
212734_HM,212734,Bracelet ORPHIC Halftone Multicolor,_HM,Halftone Multicolor,Jewellery,Bracelets,Non-Adjustable Bracelet,Acrylic; Brass; Iron; Resin; Stone,Golden,,7.99,/232/52/212734_HM_1,212734_HM_1.jpg,none,,,,,
212827_BL,212827,Set of Necklaces COTTAGE BLUE Blue,_BL,Blue,Jewellery,Necklaces,Pendant,Iron; Stone; Thermoplastic Polyurethane; Zinc,Golden,,12.99,/232/52/212827_BL_1,212827_BL_1.jpg,none,,,,,
212843_BM,212843,Necklace FLOWER BEADS Bright Multicolor,_BM,Bright Multicolor,Jewellery,Necklaces,Pendant,Glass,Golden,,15.99,/232/52/212843_BM_1,212843_BM_1.jpg,none,,,,,
212847_GD,212847,Earring GLDN DEL Gold,_GD,Gold,Jewellery,Earrings,Stud,Acrylic; Zinc,Golden,,4.99,/232/52/212847_GD_1,212847_GD_1.jpg,none,,,,,
212847_SV,212847,Earring SILVER D Silver,_SV,Silver,Jewellery,Earrings,Stud,Acrylic; Zinc,Golden,,4.99,/232/52/212847_SV_1,212847_SV_1.jpg,none,,,,,
212851_HM,212851,Earring GLDN DEL Halftone Multicolor,_HM,Halftone Multicolor,Jewellery,Earrings,Hoop Earrings,Brass; Zirconium,Golden,,7.99,/232/52/212851_HM_1,212851_HM_1.jpg,none,,,,,
212859_MI,212859,Ring mulstone Midnight Blue,_MI,Midnight Blue,Jewellery,Rings,Band Ring,Enamel; Zinc,Golden,,8.99,/232/52/212859_MI_1,212859_MI_1.jpg,none,,,,,
212939_BK,212939,Earring ECLIPSE Black,_BK,Black,Jewellery,Earrings,Hoop Earrings,Acrylic; Glass; Iron,Golden,,7.99,/232/52/212939_BK_1,212939_BK_1.jpg,none,,,,,
212943_HM,212943,Earring mulstone Halftone Multicolor,_HM,Halftone Multicolor,Jewellery,Earrings,Hoop Earrings,Glass; Iron; Stone; Thermoplastic Polyurethane; Acrylic,Golden,,5.99,/232/52/212943_HM_1,212943_HM_1.jpg,none,,,,,
212948_BK,212948,Bracelet ECLIPSE Black,_BK,Black,Jewellery,Bracelets,Elastic Bracelet,Acrylic; Glass; Zamac,Burnish Golden,,6.99,/232/52/212948_BK_1,212948_BK_1.jpg,none,,,,,
212953_HM,212953,Bracelet mulstone Halftone Multicolor,_HM,Halftone Multicolor,Jewellery,Bracelets,Elastic Bracelet,Acrylic; Glass; Pearl; Resin; Stone; Thermoplastic Polyurethane,Golden,,7.99,/232/52/212953_HM_1,212953_HM_1.jpg,none,,,,,
212962_BK,212962,Set of Necklaces ECLIPSE Black,_BK,Black,Jewellery,Necklaces,Pendant,Brass; Glass; Zinc,Golden,,12.99,/232/52/212962_BK_1,212962_BK_1.jpg,none,,,,,
212967_GD,212967,Earring ECLIPSE Gold,_GD,Gold,Jewellery,Earrings,Stud,Glass; Zinc,Brushed Golden,,7.99,/232/52/212967_GD_1,212967_GD_1.jpg,none,,,,,
212975_HM,212975,Earring mulstone Halftone Multicolor,_HM,Halftone Multicolor,Jewellery,Earrings,Dangle,Brass; Iron; Pearl; Resin; Stone; Thermoplastic Polyurethane,Golden,,12.99,/232/52/212975_HM_1,212975_HM_1.jpg,none,,,,,
212980_HM,212980,Earring mulstone Halftone Multicolor,_HM,Halftone Multicolor,Jewellery,Earrings,Dangle,Acrylic; Iron; Resin,Brushed Golden,,7.99,/232/52/212980_HM_1,212980_HM_1.jpg,none,,,,,
212986_HM,212986,Necklace mulstone Halftone Multicolor,_HM,Halftone Multicolor,Jewellery,Necklaces,Pendant,Acrylic; Glass; Iron; Pearl; Resin; Stone; Zinc,Golden,,10.99,/232/52/212986_HM_1,212986_HM_1.jpg,none,,,,,
212991_HM,212991,Necklace mulstone Halftone Multicolor,_HM,Halftone Multicolor,Jewellery,Necklaces,Pendant,Acrylic; Brass; Iron; Stone,Golden,,12.99,/232/52/212991_HM_1,212991_HM_1.jpg,none,,,,,
212996_HM,212996,Bracelet mulstone Halftone Multicolor,_HM,Halftone Multicolor,Jewellery,Bracelets,Adjustable Bracelet,Acrylic; Copper; Glass; Stone,Golden,,6.99,/232/52/212996_HM_1,212996_HM_1.jpg,none,,,,,
213001_HM,213001,Earring mulstone Halftone Multicolor,_HM,Halftone Multicolor,Jewellery,Earrings,Hoop Earrings,Acrylic; Iron; Thermoplastic Polyurethane,Golden,,5.99,/232/52/213001_HM_1,213001_HM_1.jpg,none,,,,,
213006_MI,213006,Ring mulstone Midnight Blue,_MI,Midnight Blue,Jewellery,Rings,Cocktail,Stone; Zinc,Golden,,4.99,/232/52/213006_MI_1,213006_MI_1.jpg,none,,,,,
213012_HM,213012,Bracelet mulstone Halftone Multicolor,_HM,Halftone Multicolor,Jewellery,Bracelets,Non-Adjustable Bracelet,Acrylic; Glass; Iron; Pearl; Resin; Stone; Zinc,Golden,,7.99,/232/52/213012_HM_1,213012_HM_1.jpg,none,,,,,
213070_BK,213070,Earring ECLIPSE Black,_BK,Black,Jewellery,Earrings,Dangle,Enamel; Iron,Golden,,5.99,/232/52/213070_BK_1,213070_BK_1.jpg,none,,,,,
213075_BK,213075,Bracelet ECLIPSE Black,_BK,Black,Jewellery,Bracelets,Elastic Bracelet,Zinc; Acrylic; Glass; Iron,Golden,,5.99,/232/52/213075_BK_1,213075_BK_1.jpg,none,,,,,
213080_BK,213080,Earring ECLIPSE Black,_BK,Black,Jewellery,Earrings,Dangle,Iron; Resin; Zinc,Brushed Golden,,5.99,/232/52/213080_BK_1,213080_BK_1.jpg,none,,,,,
213084_BK,213084,Necklace ECLIPSE Black,_BK,Black,Jewellery,Necklaces,Pendant,Polyester; Zinc,Brushed Golden,,10.99,/232/52/213084_BK_1,213084_BK_1.jpg,none,,,,,
213084_SV,213084,Necklace SHADES OF COOL Silver,_SV,Silver,Jewellery,Necklaces,Pendant,Polyester; Zinc,,,10.99,/232/52/213084_SV_1,213084_SV_1.jpg,none,,,,,
213086_BK,213086,Necklace ECLIPSE Black,_BK,Black,Jewellery,Necklaces,Beaded Necklace,Brass; Glass; Zinc,Golden,,12.99,/232/52/213086_BK_1,213086_BK_1.jpg,none,,,,,
213094_BK,213094,Ring ECLIPSE Black,_BK,Black,Jewellery,Rings,Stone/Gem,Glass; Zinc,Golden,,5.99,/232/52/213094_BK_1,213094_BK_1.jpg,none,,,,,
213101_BK,213101,Necklace ECLIPSE Black,_BK,Black,Jewellery,Necklaces,Pendant,Copper; Enamel; Glass; Iron; Zinc,Brushed Golden,,12.99,/232/52/213101_BK_1,213101_BK_1.jpg,none,,,,,
213108_BK,213108,Ring ECLIPSE Black,_BK,Black,Jewellery,Rings,Fantasy,Copper; Enamel; Glass,Golden,,5.99,/232/52/213108_BK_1,213108_BK_1.jpg,none,,,,,
213113_BK,213113,Necklace ECLIPSE Black,_BK,Black,Jewellery,Necklaces,Beaded Necklace,Acrylic; Glass; Iron; Thermoplastic Polyurethane,Brushed Golden,,10.99,/232/52/213113_BK_1,213113_BK_1.jpg,none,,,,,
213131_BK,213131,Set of Earrings ECLIPSE Black,_BK,Black,Jewellery,Earrings,Hoop Earrings,Brass; Enamel; Glass; Zinc; Zirconium,Golden,,8.99,/232/52/213131_BK_1,213131_BK_1.jpg,none,,,,,
213136_BK,213136,Bracelet ECLIPSE Black,_BK,Black,Jewellery,Bracelets,Elastic Bracelet,Thermoplastic Polyurethane,Brushed Golden,,6.99,/232/52/213136_BK_1,213136_BK_1.jpg,none,,,,,
213142_BK,213142,Earring ECLIPSE Black,_BK,Black,Jewellery,Earrings,Stud,Brass; Zirconium,Brushed Golden,,5.99,/232/52/213142_BK_1,213142_BK_1.jpg,none,,,,,
213142_GD,213142,Earring Golden Basics Gold,_GD,Gold,Jewellery,Earrings,Stud,Zinc,,,5.99,/241/52/213142_GD_1,213142_GD_1.jpg,none,,,,,
213142_SV,213142,Earring SHADES OF COOL Silver,_SV,Silver,Jewellery,Earrings,Stud,Zinc,Rodhium,,5.99,/241/52/213142_SV_1,213142_SV_1.jpg,none,,,,,
213145_GD,213145,Earring ECLIPSE Gold,_GD,Gold,Jewellery,Earrings,Hoop Earrings,Zirconium; Brass; Zinc,Brushed Golden,,7.99,/232/52/213145_GD_1,213145_GD_1.jpg,none,,,,,
213152_BK,213152,Ring ECLIPSE Black,_BK,Black,Jewellery,Rings,Band Ring,Brass; Zirconium,Golden,,4.99,/232/52/213152_BK_1,213152_BK_1.jpg,none,,,,,
213711_BK,213711,Earring ECLIPSE Black,_BK,Black,Jewellery,Earrings,Hoop Earrings,Acrylic,Golden,,5.99,/232/52/213711_BK_1,213711_BK_1.jpg,none,,,,,
213736_GD,213736,Necklace TREND Gold,_GD,Gold,Jewellery,Necklaces,Beaded Necklace,Iron; Resin; Zinc,Worn Gold,,17.99,/232/52/213736_GD_1,213736_GD_1.jpg,none,,,,,
213744_GD,213744,Earring TREND Gold,_GD,Gold,Jewellery,Earrings,Stud,Zinc,Worn Gold,,9.99,/232/52/213744_GD_1,213744_GD_1.jpg,none,,,,,
213752_GD,213752,Earring TREND Gold,_GD,Gold,Jewellery,Earrings,Dangle,Iron,Worn Gold,,12.99,/232/52/213752_GD_1,213752_GD_1.jpg,none,,,,,
213756_GD,213756,Earring TREND Gold,_GD,Gold,Jewellery,Earrings,Drop,Zinc,Worn Gold,,9.99,/232/52/213756_GD_1,213756_GD_1.jpg,none,,,,,
213805_PU,213805,Earring ULTRAVIO Purple,_PU,Purple,Jewellery,Earrings,Dangle,Zinc; Acrylic; Glass; Iron,Worn Gold,,9.99,/232/52/213805_PU_1,213805_PU_1.jpg,none,,,,,
213809_PU,213809,Earring ULTRAVIO Purple,_PU,Purple,Jewellery,Earrings,Stud,Glass; Iron; Resin,Worn Gold,,7.99,/232/52/213809_PU_1,213809_PU_1.jpg,none,,,,,
213817_HM,213817,Earring ULTRAVIO Halftone Multicolor,_HM,Halftone Multicolor,Jewellery,Earrings,Hoop Earrings,Acrylic; Glass; Iron; Zinc,Worn Gold,,5.99,/232/52/213817_HM_1,213817_HM_1.jpg,none,,,,,
213822_PU,213822,Bracelet ULTRAVIO Purple,_PU,Purple,Jewellery,Bracelets,Elastic Bracelet,Glass; Thermoplastic Polyurethane,Worn Gold,,5.99,/232/52/213822_PU_1,213822_PU_1.jpg,none,,,,,
213826_HM,213826,Necklace ULTRAVIO Halftone Multicolor,_HM,Halftone Multicolor,Jewellery,Necklaces,Beaded Necklace,Acrylic; Iron,Worn Gold,,10.99,/232/52/213826_HM_1,213826_HM_1.jpg,none,,,,,
213841_HM,213841,Earring ULTRAVIO Halftone Multicolor,_HM,Halftone Multicolor,Jewellery,Earrings,Hoop Earrings,Enamel; Resin,Worn Gold,,5.99,/232/52/213841_HM_1,213841_HM_1.jpg,none,,,,,
213887_GD,213887,Earring KISS MIX&MATCH Gold,_GD,Gold,Jewellery,Earrings,Ear Cuff,Brass,Golden,,4.99,/232/52/213887_GD_1,213887_GD_1.jpg,none,,,,,
213900_GD,213900,Earring KISS MIX&MATCH Gold,_GD,Gold,Jewellery,Earrings,Ear Cuff,Copper; Zirconium,Golden,,5.99,/232/52/213900_GD_1,213900_GD_1.jpg,none,,,,,
213909_HM,213909,Earring KISS MIX&MATCH Halftone Multicolor,_HM,Halftone Multicolor,Jewellery,Earrings,Hoop Earrings,Copper; Enamel; Iron; Zamac,Golden,,8.99,/232/52/213909_HM_1,213909_HM_1.jpg,none,,,,,
213914_PU,213914,Earring FLORABUNDANCE Purple,_PU,Purple,Jewellery,Earrings,Hoop Earrings,Enamel; Zinc,Golden,,5.99,/232/52/213914_PU_1,213914_PU_1.jpg,none,,,,,
213920_DM,213920,Earring FLORABUNDANCE Dark Multicolor,_DM,Dark Multicolor,Jewellery,Earrings,Hoop Earrings,Acrylic; Iron; Thermoplastic Polyurethane,Golden,,5.99,/232/52/213920_DM_1,213920_DM_1.jpg,none,,,,,
2139261MI,213926,Ring FLORABUNDANCE Midnight Blue,1MI,Midnight Blue,Jewellery,Rings,Band Ring,Zinc,Golden,,6.99,/232/52/2139261MI_1,2139261MI_1.jpg,none,,,,,
213984_GD,213984,Earring KISS MIX&MATCH Gold,_GD,Gold,Jewellery,Earrings,Ear Cuff,Brass; Zirconium,Golden,,5.99,/232/52/213984_GD_1,213984_GD_1.jpg,none,,,,,
213991_HM,213991,Set of Earrings KISS MIX&MATCH Halftone Multicolor,_HM,Halftone Multicolor,Jewellery,Earrings,Hoop Earrings,Enamel; Iron; Zinc; Zirconium,Golden,,6.99,/232/52/213991_HM_1,213991_HM_1.jpg,none,,,,,
213995_HM,213995,Set of Earrings KISS MIX&MATCH Halftone Multicolor,_HM,Halftone Multicolor,Jewellery,Earrings,Hoop Earrings,Enamel; Glass; Iron; Zinc; Zirconium,Golden,,8.99,/232/52/213995_HM_1,213995_HM_1.jpg,none,,,,,
214005_NV,214005,Earring KISS MIX&MATCH Navy,_NV,Navy,Jewellery,Earrings,Ear Cuff,Enamel; Zinc,Golden,,4.99,/232/52/214005_NV_1,214005_NV_1.jpg,none,,,,,
214010_HM,214010,Set of Earrings KISS MIX&MATCH Halftone Multicolor,_HM,Halftone Multicolor,Jewellery,Earrings,Hoop Earrings,Enamel; Zinc,Golden,,8.99,/232/52/214010_HM_1,214010_HM_1.jpg,none,,,,,
214016_BM,214016,Earring STARRYNIGHT Bright Multicolor,_BM,Bright Multicolor,Jewellery,Earrings,Clip Earrings,Brass; Enamel; Resin; Zinc,Black Nikel,,9.99,/232/52/214016_BM_1,214016_BM_1.jpg,none,,,,,
214041_BM,214041,Earring STARRYNIGHT Bright Multicolor,_BM,Bright Multicolor,Jewellery,Earrings,Dangle,Acrylic; Brass,Black Nikel,,8.99,/232/52/214041_BM_1,214041_BM_1.jpg,none,,,,,
214049_BM,214049,Earring STARRYNIGHT Bright Multicolor,_BM,Bright Multicolor,Jewellery,Earrings,Stud,Acrylic; Enamel; Zinc,Golden,,5.99,/232/52/214049_BM_1,214049_BM_1.jpg,none,,,,,
214058_BM,214058,Necklace STARRYNIGHT Bright Multicolor,_BM,Bright Multicolor,Jewellery,Necklaces,Collar,Acrylic; Iron,Black Plating,,17.99,/232/52/214058_BM_2y,214058_BM_2y.jpg,none,,,,,
214064_BM,214064,Earring STARRYNIGHT Bright Multicolor,_BM,Bright Multicolor,Jewellery,Earrings,Dangle,Acrylic; Iron,Black Plating,,12.99,/232/52/214064_BM_1,214064_BM_1.jpg,none,,,,,
214115_BM,214115,Earring GUMMY PARTY Bright Multicolor,_BM,Bright Multicolor,Jewellery,Earrings,Hoop Earrings,Brass; Glass; Iron; Thermoplastic Polyurethane,Golden,,5.99,/232/52/214115_BM_1,214115_BM_1.jpg,none,,,,,
214115_MI,214115,Earring NEPTUNE Midnight Blue,_MI,Midnight Blue,Jewellery,Earrings,Hoop Earrings,Thermoplastic Polyurethane; Glass; Iron; Brass,Black Nikel,,5.99,/242/52/214115_MI_1,214115_MI_1.jpg,none,,,,,
214116_BL,214116,Ring GUMMY PARTY Blue,_BL,Blue,Jewellery,Rings,Stone/Gem,Acrylic; Steel; Thermoplastic Polyurethane,Golden,,4.99,/232/52/214116_BL_1,214116_BL_1.jpg,none,,,,,
214121_BM,214121,Necklace GUMMY PARTY Bright Multicolor,_BM,Bright Multicolor,Jewellery,Necklaces,Beaded Necklace,Glass; Iron; Thermoplastic Polyurethane,Golden,,15.99,/232/52/214121_BM_1,214121_BM_1.jpg,none,,,,,
214133_BL,214133,Necklace GUMMY PARTY Blue,_BL,Blue,Jewellery,Necklaces,Pendant,Brass; Glass; Polymer,Golden,,12.99,/232/52/214133_BL_1,214133_BL_1.jpg,none,,,,,
214133_GN,214133,Necklace GUMMY PARTY Green,_GN,Green,Jewellery,Necklaces,Pendant,Brass; Glass; Polymer,Golden,,12.99,/232/52/214133_GN_1,214133_GN_1.jpg,none,,,,,
214136_BM,214136,Earring GUMMY PARTY Bright Multicolor,_BM,Bright Multicolor,Jewellery,Earrings,Dangle,Polymer; Glass; Iron,Golden,,8.99,/232/52/214136_BM_1,214136_BM_1.jpg,none,,,,,
214145_BK,214145,Earring GUMMY PARTY Black,_BK,Black,Jewellery,Earrings,Hoop Earrings,Iron; Thermoplastic Polyurethane,Golden,,5.99,/232/52/214145_BK_1,214145_BK_1.jpg,none,,,,,
214145_BL,214145,Earring GUMMY PARTY Blue,_BL,Blue,Jewellery,Earrings,Hoop Earrings,Iron; Thermoplastic Polyurethane,Golden,,5.99,/232/52/214145_BL_1,214145_BL_1.jpg,none,,,,,
214145_GY,214145,Earring NEOPOP Grey,_GY,Grey,Jewellery,Earrings,Hoop Earrings,Iron; Thermoplastic Polyurethane,Black Nikel,,5.99,/242/52/214145_GY_1,214145_GY_1.jpg,none,,,,,
214145_MI,214145,Earring NEPTUNE Midnight Blue,_MI,Midnight Blue,Jewellery,Earrings,Hoop Earrings,Thermoplastic Polyurethane; Iron,Black Nikel,,5.99,/242/52/214145_MI_1,214145_MI_1.jpg,none,,,,,
214152_BM,214152,Earring GUMMY PARTY Bright Multicolor,_BM,Bright Multicolor,Jewellery,Earrings,Hoop Earrings,Glass; Iron; Thermoplastic Polyurethane,Golden,,7.99,/232/52/214152_BM_1,214152_BM_1.jpg,none,,,,,
214157_HM,214157,Necklace ORPHIC Halftone Multicolor,_HM,Halftone Multicolor,Jewellery,Necklaces,Pendant,Acrylic; Brass; Iron; Resin; Zinc,Golden,,12.99,/232/52/214157_HM_1,214157_HM_1.jpg,none,,,,,
214162_HM,214162,Necklace ORPHIC Halftone Multicolor,_HM,Halftone Multicolor,Jewellery,Necklaces,Chain,Acrylic; Resin; Rubber; Stone,Golden,,12.99,/232/52/214162_HM_1,214162_HM_1.jpg,none,,,,,
214168_HM,214168,Earring ORPHIC Halftone Multicolor,_HM,Halftone Multicolor,Jewellery,Earrings,Hoop Earrings,Iron; Stone,Golden,,5.99,/232/52/214168_HM_1,214168_HM_1.jpg,none,,,,,
214183_PU,214183,Necklace mulstone Purple,_PU,Purple,Jewellery,Necklaces,Pendant,Glass; Pearl; Stone,Golden,,10.99,/232/52/214183_PU_1,214183_PU_1.jpg,none,,,,,
214199_HM,214199,Earring mulstone Halftone Multicolor,_HM,Halftone Multicolor,Jewellery,Earrings,Hoop Earrings,Iron; Resin; Stone; Thermoplastic Polyurethane,Golden,,5.99,/232/52/214199_HM_1,214199_HM_1.jpg,none,,,,,
214209_HM,214209,Necklace mulstone Halftone Multicolor,_HM,Halftone Multicolor,Jewellery,Necklaces,Beaded Necklace,Acrylic; Iron; Resin; Stone,Golden,,12.99,/232/52/214209_HM_1,214209_HM_1.jpg,none,,,,,
214214_DN,214214,Earring mulstone Dark Green,_DN,Dark Green,Jewellery,Earrings,Drop,Acrylic; Iron; Stone; Zinc,Golden,,7.99,/232/52/214214_DN_2,214214_DN_2.jpg,none,,,,,
214246_BL,214246,Earring GUMMY PARTY Blue,_BL,Blue,Jewellery,Earrings,Drop,Clay; Glass; Iron,Golden,,5.99,/232/52/214246_BL_1,214246_BL_1.jpg,none,,,,,
214391_HM,214391,Necklace Moonlight azure Halftone Multicolor,_HM,Halftone Multicolor,Jewellery,Necklaces,Pendant,Glass; Iron; Stone; Thermoplastic Polyurethane,Golden,,12.99,/232/52/214391_HM_1,214391_HM_1.jpg,none,,,,,
214403_DM,214403,Earring Moonlight azure Dark Multicolor,_DM,Dark Multicolor,Jewellery,Earrings,Hoop Earrings,Iron; Stone; Thermoplastic Polyurethane,Golden,,5.99,/232/52/214403_DM_1,214403_DM_1.jpg,none,,,,,
214408_MI,214408,Necklace Moonlight azure Midnight Blue,_MI,Midnight Blue,Jewellery,Necklaces,Beaded Necklace,Glass; Iron,Gold Plated,,15.99,/232/52/214408_MI_1,214408_MI_1.jpg,none,,,,,
214469_OL,214469,Earring CANICHE CAMPAIGN Olive,_OL,Olive,Jewellery,Earrings,Drop,Glass; Iron,Golden,,19.99,/232/52/214469_OL_1,214469_OL_1.jpg,none,,,,,
214469_PU,214469,Earring CANICHE CAMPAIGN Purple,_PU,Purple,Jewellery,Earrings,Drop,Glass; Iron,Golden,,19.99,/232/52/214469_PU_1,214469_PU_1.jpg,none,,,,,
214469_TL,214469,Earring CANICHE CAMPAIGN Teal,_TL,Teal,Jewellery,Earrings,Drop,Glass; Iron,Golden,,19.99,/232/52/214469_TL_1,214469_TL_1.jpg,none,,,,,
214471_GN,214471,Earring GUMMY PARTY Green,_GN,Green,Jewellery,Earrings,Dangle,Clay; Glass; Iron; Zamac,Golden,,5.99,/232/52/214471_GN_1,214471_GN_1.jpg,none,,,,,
214474_BK,214474,Earring CANICHE CAMPAIGN Black,_BK,Black,Jewellery,Earrings,Drop,Glass; Iron,Silver,,19.99,/232/52/214474_BK_1,214474_BK_1.jpg,none,,,,,
214474_PU,214474,Earring CANICHE CAMPAIGN Purple,_PU,Purple,Jewellery,Earrings,Drop,Glass; Iron,Silver,,19.99,/232/52/214474_PU_1,214474_PU_1.jpg,none,,,,,
214527_MI,214527,Earring Moonlight azure Midnight Blue,_MI,Midnight Blue,Jewellery,Earrings,Dangle,Glass,Other,,9.99,/232/52/214527_MI_1,214527_MI_1.jpg,none,,,,,
214531_MI,214531,Earring Moonlight azure Midnight Blue,_MI,Midnight Blue,Jewellery,Earrings,Dangle,Glass; Iron; Velvet,Other,,9.99,/232/52/214531_MI_1,214531_MI_1.jpg,none,,,,,
214676_HM,214676,Earring TREND Halftone Multicolor,_HM,Halftone Multicolor,Jewellery,Earrings,Dangle,Acrylic; Resin; Zinc,Golden,,15.99,/232/52/214676_HM_1,214676_HM_1.jpg,none,,,,,
214878_HM,214878,Earring TREND Halftone Multicolor,_HM,Halftone Multicolor,Jewellery,Earrings,Dangle,Resin; Stainless Steel; Steel,Black Nikel,,12.99,/232/52/214878_HM_1,214878_HM_1.jpg,none,,,,,
214916_BK,214916,Necklace Hallo Black,_BK,Black,Jewellery,Necklaces,Beaded Necklace,Glass; Iron; Thermoplastic Polyurethane; Metal and Cord,Other,,29.99,/232/52/214916_BK_1,214916_BK_1.jpg,none,,,,,
214923_BK,214923,Earring Hallo Black,_BK,Black,Jewellery,Earrings,Dangle,Brass; Glass; Steel; Zinc,Black Nikel,,15.99,/232/52/214923_BK_1,214923_BK_1.jpg,none,,,,,
215017_BK,215017,Key Chain FASHION SUPPLEMENTS Black,_BK,Black,Jewellery,Key chains,Figures,Glass; Iron; Resin,Golden,,12.99,/232/52/215017_BK_1,215017_BK_1.jpg,none,,,,,
215111_NV,215111,Earring STARRYNIGHT Navy,_NV,Navy,Jewellery,Earrings,Stud,Acrylic; Zinc,Black Plating,,9.99,/232/52/215111_NV_1,215111_NV_1.jpg,none,,,,,
215133_GD,215133,Earring Golden Basics Gold,_GD,Gold,Jewellery,Earrings,Dangle,Iron,Brushed Golden,,7.99,/232/52/215133_GD_2y,215133_GD_2y.jpg,none,,,,,
215459_BK,215459,Masks Halloween capsula Black,_BK,Black,Jewellery,Other Jewellery,Masks,Acrylic; Feather; Thermoplastic Polyurethane,Silver,,29.99,/232/52/215459_BK_1,215459_BK_1.jpg,none,,,,,
215483_GD,215483,Earring Maxi nov Gold,_GD,Gold,Jewellery,Earrings,Dangle,Glass; Iron,Golden,,19.99,/232/52/215483_GD_1,215483_GD_1.jpg,none,,,,,
215498_GD,215498,Set of Earrings GLDN DEL Gold,_GD,Gold,Jewellery,Earrings,Hoop Earrings,Acrylic; Zinc,Golden,,5.99,/241/52/215498_GD_2y,215498_GD_2y.jpg,none,,,,,
215498_SV,215498,Set of Earrings SILVER D Silver,_SV,Silver,Jewellery,Earrings,Hoop Earrings,Acrylic; Zinc,Golden,,5.99,/241/52/215498_SV_1,215498_SV_1.jpg,none,,,,,
215499_HM,215499,Earring GLDN DEL Halftone Multicolor,_HM,Halftone Multicolor,Jewellery,Earrings,Stud,Brass; Zirconium,Golden,,5.99,/241/52/215499_HM_1,215499_HM_1.jpg,none,,,,,
215509_HM,215509,Ring GLDN DEL Halftone Multicolor,_HM,Halftone Multicolor,Jewellery,Rings,Band Ring,Zinc; Zirconium,Golden,,5.99,/241/52/215509_HM_1,215509_HM_1.jpg,none,,,,,
215526_GD,215526,Bracelet EYE COLLECTION Gold,_GD,Gold,Jewellery,Bracelets,Non-Adjustable Bracelet,Zinc,Worn Gold,,19.99,/232/52/215526_GD_1,215526_GD_1.jpg,none,,,,,
215531_GD,215531,Earring EYE COLLECTION Gold,_GD,Gold,Jewellery,Earrings,Drop,Zinc,Worn Gold,,12.99,/232/52/215531_GD_1,215531_GD_1.jpg,none,,,,,
215540_GD,215540,Ring GLDN DEL Gold,_GD,Gold,Jewellery,Rings,Band Ring,Brass,Golden,,5.99,/241/52/215540_GD_1,215540_GD_1.jpg,none,,,,,
215540_SV,215540,Ring SILVER D Silver,_SV,Silver,Jewellery,Rings,Band Ring,Brass,Golden,,5.99,/241/52/215540_SV_1,215540_SV_1.jpg,none,,,,,
215544_GD,215544,Ring GLDN DEL Gold,_GD,Gold,Jewellery,Rings,Cocktail,Brass; Pearl,Golden,,6.99,/241/52/215544_GD_1,215544_GD_1.jpg,none,,,,,
215544_SV,215544,Ring SILVER D Silver,_SV,Silver,Jewellery,Rings,Cocktail,Brass; Pearl,Golden,,6.99,/241/52/215544_SV_1,215544_SV_1.jpg,none,,,,,
215546_GD,215546,Earring GLDN DEL Gold,_GD,Gold,Jewellery,Earrings,Dangle,Copper,Golden,,7.99,/241/52/215546_GD_1,215546_GD_1.jpg,none,,,,,
215560_GD,215560,Ring GLDN DEL Gold,_GD,Gold,Jewellery,Rings,Cocktail,Brass; Zirconium,Golden,,5.99,/241/52/215560_GD_1,215560_GD_1.jpg,none,,,,,
215560_SV,215560,Ring SILVER D Silver,_SV,Silver,Jewellery,Rings,Cocktail,Brass; Zirconium,Golden,,5.99,/241/52/215560_SV_1,215560_SV_1.jpg,none,,,,,
215562_HM,215562,Earring GLDN DEL Halftone Multicolor,_HM,Halftone Multicolor,Jewellery,Earrings,Hoop Earrings,Brass; Zirconium,Golden,,7.99,/241/52/215562_HM_1,215562_HM_1.jpg,none,,,,,
215571_GD,215571,Earring GLDN DEL Gold,_GD,Gold,Jewellery,Earrings,Hoop Earrings,Brass; Zirconium,Golden,,5.99,/241/52/215571_GD_1,215571_GD_1.jpg,none,,,,,
215571_SV,215571,Earring SILVER D Silver,_SV,Silver,Jewellery,Earrings,Hoop Earrings,Brass; Zirconium,Golden,,5.99,/241/52/215571_SV_1,215571_SV_1.jpg,none,,,,,
215575_HM,215575,Ring GLDN DEL Halftone Multicolor,_HM,Halftone Multicolor,Jewellery,Rings,Cocktail,Brass; Zirconium,Golden,,6.99,/241/52/215575_HM_1,215575_HM_1.jpg,none,,,,,
215580_GD,215580,Set of Earrings GLDN DEL Gold,_GD,Gold,Jewellery,Earrings,Hoop Earrings,Acrylic; Iron,Golden,,7.99,/241/52/215580_GD_1,215580_GD_1.jpg,none,,,,,
215586_HM,215586,Ring GLDN DEL Halftone Multicolor,_HM,Halftone Multicolor,Jewellery,Rings,Cocktail,Glass; Zamac,Golden,,5.99,/241/52/215586_HM_1,215586_HM_1.jpg,none,,,,,
215597_GD,215597,Earring GLDN DEL Gold,_GD,Gold,Jewellery,Earrings,Dangle,Acrylic; Copper; Iron,Golden,,7.99,/241/52/215597_GD_1,215597_GD_1.jpg,none,,,,,
215597_SV,215597,Earring SILVER D Silver,_SV,Silver,Jewellery,Earrings,Dangle,Acrylic; Copper; Iron,Golden,,7.99,/241/52/215597_SV_2y,215597_SV_2y.jpg,none,,,,,
215605_HM,215605,Bracelet GLDN DEL Halftone Multicolor,_HM,Halftone Multicolor,Jewellery,Bracelets,Non-Adjustable Bracelet,Glass; Iron,Golden,,6.99,/241/52/215605_HM_1,215605_HM_1.jpg,none,,,,,
215610_GD,215610,Necklace GLDN DEL Gold,_GD,Gold,Jewellery,Necklaces,Y-Necklace,Brass; Zirconium,Golden,,12.99,/241/52/215610_GD_1,215610_GD_1.jpg,none,,,,,
215610_SV,215610,Necklace SILVER D Silver,_SV,Silver,Jewellery,Necklaces,Y-Necklace,Brass; Zirconium,Golden,,12.99,/241/52/215610_SV_1,215610_SV_1.jpg,none,,,,,
215616_GD,215616,Necklace GLDN DEL Gold,_GD,Gold,Jewellery,Necklaces,Pendant,Brass; Pearl; Thermoplastic Polyurethane,Golden,,12.99,/241/52/215616_GD_1,215616_GD_1.jpg,none,,,,,
215622_GD,215622,Earring GLDN DEL Gold,_GD,Gold,Jewellery,Earrings,Hoop Earrings,Zinc,Golden,,5.99,/241/52/215622_GD_1,215622_GD_1.jpg,none,,,,,
215622_SV,215622,Earring SILVER D Silver,_SV,Silver,Jewellery,Earrings,Hoop Earrings,Zinc,Golden,,5.99,/241/52/215622_SV_1,215622_SV_1.jpg,none,,,,,
215644_GD,215644,Necklace GLDN DEL Gold,_GD,Gold,Jewellery,Necklaces,Beaded Necklace,Brass; Iron,Golden,,12.99,/241/52/215644_GD_1,215644_GD_1.jpg,none,,,,,
215644_SV,215644,Necklace SILVER D Silver,_SV,Silver,Jewellery,Necklaces,Beaded Necklace,Brass; Iron,Golden,,12.99,/241/52/215644_SV_1,215644_SV_1.jpg,none,,,,,
215648_SV,215648,Necklace SILVER D Silver,_SV,Silver,Jewellery,Necklaces,Beaded Necklace,Brass; Iron; Zirconium,,,10.99,/241/52/215648_SV_1,215648_SV_1.jpg,none,,,,,
215651_GD,215651,Necklace GLDN DEL Gold,_GD,Gold,Jewellery,Necklaces,Beaded Necklace,Brass; Zinc,,,10.99,/241/52/215651_GD_1y,215651_GD_1y.jpg,none,,,,,
215651_SV,215651,Necklace SILVER D Silver,_SV,Silver,Jewellery,Necklaces,Beaded Necklace,Brass; Zinc,Golden,,10.99,/241/52/215651_SV_1y,215651_SV_1y.jpg,none,,,,,
215824_BM,215824,Earring CANICHE CAMPAIGN Bright Multicolor,_BM,Bright Multicolor,Jewellery,Earrings,Stud,Glass; Iron,Golden,,25.99,/232/52/215824_BM_1,215824_BM_1.jpg,none,,,,,
215825_BL,215825,Ring CANICHE CAMPAIGN Blue,_BL,Blue,Jewellery,Rings,Fantasy,Zinc,Golden,,15.99,/232/52/215825_BL_1,215825_BL_1.jpg,none,,,,,
215825_FU,215825,Ring CANICHE CAMPAIGN Fuchsia,_FU,Fuchsia,Jewellery,Rings,Fantasy,Zinc,Golden,,15.99,/232/52/215825_FU_1,215825_FU_1.jpg,none,,,,,
215825_GN,215825,Ring CANICHE CAMPAIGN Green,_GN,Green,Jewellery,Rings,Fantasy,Zinc,Golden,,15.99,/232/52/215825_GN_1,215825_GN_1.jpg,none,,,,,
215890_IV,215890,Necklace Golden Basics Extra Ivory,_IV,Ivory,Jewellery,Necklaces,Y-Necklace,Brass; Enamel; Stainless Steel; Zinc,Golden,,12.99,/241/52/215890_IV_1,215890_IV_1.jpg,none,,,,,
215895_IV,215895,Earring Golden Basics Extra Ivory,_IV,Ivory,Jewellery,Earrings,Drop,Thermoplastic Polyurethane; Zinc,Golden,,7.99,/241/52/215895_IV_2y,215895_IV_2y.jpg,none,,,,,
215903_IV,215903,Earring Golden Basics Extra Ivory,_IV,Ivory,Jewellery,Earrings,Dangle,Enamel; Iron,Golden,,7.99,/241/52/215903_IV_1,215903_IV_1.jpg,none,,,,,
215908_HM,215908,Earring ETHNICS Halftone Multicolor,_HM,Halftone Multicolor,Jewellery,Earrings,Stud,Iron; Thermoplastic Polyurethane,Worn Gold,,5.99,/241/52/215908_HM_1,215908_HM_1.jpg,none,,,,,
215908_IV,215908,Earring Golden Basics Extra Ivory,_IV,Ivory,Jewellery,Earrings,Stud,Enamel; Iron,Golden,,5.99,/241/52/215908_IV_1,215908_IV_1.jpg,none,,,,,
215912_IV,215912,Earring Golden Basics Extra Ivory,_IV,Ivory,Jewellery,Earrings,Dangle,Brass; Enamel; Zinc,Golden,,8.99,/241/52/215912_IV_1y,215912_IV_1y.jpg,none,,,,,
215919_IV,215919,Ring Golden Basics Extra Ivory,_IV,Ivory,Jewellery,Rings,Fantasy,Enamel; Zinc,Golden,,6.99,/241/52/215919_IV_1,215919_IV_1.jpg,none,,,,,
215927_IV,215927,Ring Golden Basics Extra Ivory,_IV,Ivory,Jewellery,Rings,Cocktail,Enamel; Zinc,Golden,,4.99,/241/52/215927_IV_2y,215927_IV_2y.jpg,none,,,,,
215931_BM,215931,Ring Golden Basics Extra Bright Multicolor,_BM,Bright Multicolor,Jewellery,Rings,Cocktail,Brass; Zirconium,Golden,,6.99,/241/52/215931_BM_1,215931_BM_1.jpg,none,,,,,
215943_GD,215943,Set of Rings Golden Basics Gold,_GD,Gold,Jewellery,Rings,Band Ring,Iron; Zinc,Golden,,7.99,/241/52/215943_GD_1,215943_GD_1.jpg,none,,,,,
215949_GD,215949,Earring Golden Basics Gold,_GD,Gold,Jewellery,Earrings,Stud,Iron,Golden,,5.99,/232/52/215949_GD_1,215949_GD_1.jpg,none,,,,,
215957_GD,215957,Necklace Golden Basics Gold,_GD,Gold,Jewellery,Necklaces,Pendant,Copper; Iron; Zinc,,,10.99,/241/52/215957_GD_1,215957_GD_1.jpg,none,,,,,
215964_GD,215964,Ring Golden Basics Gold,_GD,Gold,Jewellery,Rings,Band Ring,Zinc,Golden,,5.99,/241/52/215964_GD_1,215964_GD_1.jpg,none,,,,,
215965_GD,215965,Earring Golden Basics Gold,_GD,Gold,Jewellery,Earrings,Dangle,Zinc,Golden,,5.99,/241/52/215965_GD_1,215965_GD_1.jpg,none,,,,,
215965_SV,215965,Earring SILVER BASICS Silver,_SV,Silver,Jewellery,Earrings,Dangle,Zinc,Rodhium,,5.99,/242/52/215965_SV_1,215965_SV_1.jpg,none,,,,,
215989_HM,215989,Ring mulstone Halftone Multicolor,_HM,Halftone Multicolor,Jewellery,Rings,Band Ring,Resin; Zinc,Golden,,5.99,/232/52/215989_HM_1,215989_HM_1.jpg,none,,,,,
215995_IV,215995,Earring Golden Basics Extra Ivory,_IV,Ivory,Jewellery,Earrings,Drop,Iron; Zinc,Brushed Golden,,8.99,/241/52/215995_IV_1,215995_IV_1.jpg,none,,,,,
216004_RD,216004,Ring STAR WARS Red,_RD,Red,Jewellery,Rings,Fantasy,Enamel; Glass; Zinc,Golden,,12.99,/232/52/216004_RD_1,216004_RD_1.jpg,none,,,,,
216009_BL,216009,Earring STAR WARS Blue,_BL,Blue,Jewellery,Earrings,Dangle,Glass; Pearl; Zinc,Golden,,19.99,/232/52/216009_BL_1,216009_BL_1.jpg,none,,,,,
216035_BM,216035,Earring LAB OUTUBRO Bright Multicolor,_BM,Bright Multicolor,Jewellery,Earrings,Hoop Earrings,Iron; Thermoplastic Polyurethane; Zinc,Worn Gold,,19.99,/232/52/216035_BM_1,216035_BM_1.jpg,none,,,,,
216082_GD,216082,Ring Golden Basics Gold,_GD,Gold,Jewellery,Rings,Fantasy,Brass,Golden,,4.99,/241/52/216082_GD_1,216082_GD_1.jpg,none,,,,,
216090_IV,216090,Earring Golden Basics Extra Ivory,_IV,Ivory,Jewellery,Earrings,Dangle,Enamel; Zinc,Brushed Golden,,5.99,/241/52/216090_IV_1,216090_IV_1.jpg,none,,,,,
216108_GD,216108,Earring Golden Basics Gold,_GD,Gold,Jewellery,Earrings,Dangle,Zinc; Brass,Golden,,12.99,/241/52/216108_GD_1,216108_GD_1.jpg,none,,,,,
216112_GD,216112,Bracelet Golden Basics Gold,_GD,Gold,Jewellery,Bracelets,Adjustable Bracelet,Brass; Steel; Thermoplastic Polyurethane,Brushed Golden,,6.99,/241/52/216112_GD_1,216112_GD_1.jpg,none,,,,,
216117_GD,216117,Ring Golden Basics Gold,_GD,Gold,Jewellery,Rings,Band Ring,Zinc,Golden,,4.99,/241/52/216117_GD_1,216117_GD_1.jpg,none,,,,,
216208_GD,216208,Earring Golden Basics Gold,_GD,Gold,Jewellery,Earrings,Stud,Steel,Golden,,7.99,/241/52/216208_GD_1,216208_GD_1.jpg,none,,,,,
216214_GD,216214,Necklace Golden Basics Gold,_GD,Gold,Jewellery,Necklaces,Bib Necklace,Iron,,,10.99,/241/52/216214_GD_1,216214_GD_1.jpg,none,,,,,
216218_GD,216218,Earring Golden Basics Gold,_GD,Gold,Jewellery,Earrings,Dangle,Iron,Multifinishing,,8.99,/241/52/216218_GD_1,216218_GD_1.jpg,none,,,,,
216224_GD,216224,Earring Golden Basics Gold,_GD,Gold,Jewellery,Earrings,Dangle,Iron,Multifinishing,,5.99,/241/52/216224_GD_1,216224_GD_1.jpg,none,,,,,
216230_GD,216230,Bracelet Golden Basics Gold,_GD,Gold,Jewellery,Bracelets,Elastic Bracelet,Zinc,Multifinishing,,8.99,/241/52/216230_GD_1,216230_GD_1.jpg,none,,,,,
216238_GD,216238,Earring Golden Basics Gold,_GD,Gold,Jewellery,Earrings,Drop,Iron,Brushed Golden,,7.99,/232/52/216238_GD_1,216238_GD_1.jpg,none,,,,,
216243_IV,216243,Necklace Golden Basics Extra Ivory,_IV,Ivory,Jewellery,Necklaces,Beaded Necklace,Brass; Enamel; Thermoplastic Polyurethane; Zinc,Golden,,12.99,/241/52/216243_IV_1,216243_IV_1.jpg,none,,,,,
216248_GD,216248,Necklace Golden Basics Gold,_GD,Gold,Jewellery,Necklaces,Pendant,Cork; Iron; Zinc,,,10.99,/242/52/216248_GD_1,216248_GD_1.jpg,none,,,,,
216248_IV,216248,Necklace Golden Basics Extra Ivory,_IV,Ivory,Jewellery,Necklaces,Pendant,Enamel; Iron; Zinc,,,10.99,/241/52/216248_IV_1,216248_IV_1.jpg,none,,,,,
216249_GD,216249,Necklace Golden Basics Extra Gold,_GD,Gold,Jewellery,Necklaces,Pendant,Feather; Iron,Golden,,12.99,/241/52/216249_GD_1,216249_GD_1.jpg,none,,,,,
216255_IV,216255,Ring Golden Basics Extra Ivory,_IV,Ivory,Jewellery,Rings,Band Ring,Enamel; Zinc,Golden,,4.99,/241/52/216255_IV_2y,216255_IV_2y.jpg,none,,,,,
216275_GD,216275,Pin FASHION SUPPLEMENTS Gold,_GD,Gold,Jewellery,Pins,Pin,Brass; Glass; Zinc,Golden,,6.99,/241/52/216275_GD_1,216275_GD_1.jpg,none,,,,,
216292_GD,216292,Pin FASHION SUPPLEMENTS Gold,_GD,Gold,Jewellery,Pins,Pin,Copper; Glass; Iron; Zamac,Golden,,5.99,/241/52/216292_GD_1,216292_GD_1.jpg,none,,,,,
216296_WT,216296,Pin FASHION SUPPLEMENTS White,_WT,White,Jewellery,Pins,Pin,Feather; Iron,,,9.99,/241/52/216296_WT_1,216296_WT_1.jpg,none,,,,,
216300_GD,216300,Pin FASHION SUPPLEMENTS Gold,_GD,Gold,Jewellery,Pins,Pin,Glass; Iron; Zinc,Brushed Golden,,6.99,/241/52/216300_GD_1,216300_GD_1.jpg,none,,,,,
216319_IV,216319,Bracelet Golden Basics Extra Ivory,_IV,Ivory,Jewellery,Bracelets,Elastic Bracelet,Enamel; Zinc,,,9.99,/241/52/216319_IV_1,216319_IV_1.jpg,none,,,,,
216332_IV,216332,Bracelet Golden Basics Extra Ivory,_IV,Ivory,Jewellery,Bracelets,Cuff,Enamel; Iron; Zamac,Golden,,7.99,/241/52/216332_IV_1,216332_IV_1.jpg,none,,,,,
216334_BK,216334,Earring Milagro Black,_BK,Black,Jewellery,Earrings,Stud,Zinc; Enamel; Stainless Steel,Brushed Golden,,5.99,/242/52/216334_BK_1,216334_BK_1.jpg,none,,,,,
216334_GD,216334,Earring Golden Basics Extra Gold,_GD,Gold,Jewellery,Earrings,Stud,Enamel; Iron; Zamac,Brushed Golden,,5.99,/241/52/216334_GD_1,216334_GD_1.jpg,none,,,,,
216382_GD,216382,Earring Golden Basics Gold,_GD,Gold,Jewellery,Earrings,Drop,Thermoplastic Polyurethane; Brass; Iron,Multifinishing,,7.99,/241/52/216382_GD_1,216382_GD_1.jpg,none,,,,,
216428_GD,216428,Earring REAL PEARLS Gold,_GD,Gold,Jewellery,Earrings,Dangle,Pearl; Zinc,Worn Gold,,15.99,/232/52/216428_GD_1,216428_GD_1.jpg,none,,,,,
216432_GD,216432,Earring REAL PEARLS Gold,_GD,Gold,Jewellery,Earrings,Dangle,Iron; Pearl,Worn Gold,,17.99,/232/52/216432_GD_1,216432_GD_1.jpg,none,,,,,
216440_GD,216440,Ring REAL PEARLS Gold,_GD,Gold,Jewellery,Rings,Cocktail,Pearl; Zinc,Golden,,17.99,/232/52/216440_GD_1,216440_GD_1.jpg,none,,,,,
216653_LB,216653,Earring Moonlight azure Light Blue,_LB,Light Blue,Jewellery,Earrings,Stud,Acrylic; Glass; Iron,Other,,5.99,/232/52/216653_LB_1,216653_LB_1.jpg,none,,,,,
216667_BU,216667,Earring Gipsy Garden Burgundy,_BU,Burgundy,Jewellery,Earrings,Stud,Enamel; Iron; Resin,Worn Gold,Other,7.99,/241/52/216667_BU_1,216667_BU_1.jpg,none,,,,,
216673_RO,216673,Earring Gipsy Garden Old Rose,_RO,Old Rose,Jewellery,Earrings,Dangle,Thermoplastic Polyurethane; Zinc,Worn Gold,,5.99,/241/52/216673_RO_1,216673_RO_1.jpg,none,,,,,
216682_WI,216682,Earring Gipsy Garden Wine,_WI,Wine,Jewellery,Earrings,Drop,Resin; Zinc,Worn Gold,,5.99,/241/52/216682_WI_1,216682_WI_1.jpg,none,,,,,
216691_DM,216691,Necklace Gipsy Garden Dark Multicolor,_DM,Dark Multicolor,Jewellery,Necklaces,Beaded Necklace,Acrylic; Brass; Iron; Resin; Thermoplastic Polyurethane; Zinc,Worn Gold,,15.99,/241/52/216691_DM_1,216691_DM_1.jpg,none,,,,,
216697_DM,216697,Set of Bracelets Gipsy Garden Dark Multicolor,_DM,Dark Multicolor,Jewellery,Bracelets,Elastic Bracelet,Acrylic; Resin; Zinc,,,9.99,/241/52/216697_DM_1,216697_DM_1.jpg,none,,,,,
216703_MI,216703,Earring Gipsy Garden Midnight Blue,_MI,Midnight Blue,Jewellery,Earrings,Hoop Earrings,Zinc,Worn Gold,,5.99,/241/52/216703_MI_1,216703_MI_1.jpg,none,,,,,
216709_DM,216709,Earring Gipsy Garden Dark Multicolor,_DM,Dark Multicolor,Jewellery,Earrings,Dangle,Thermoplastic Polyurethane; Zinc; Acrylic; Brass,Worn Gold,,8.99,/241/52/216709_DM_1,216709_DM_1.jpg,none,,,,,
216719_DM,216719,Earring Gipsy Garden Dark Multicolor,_DM,Dark Multicolor,Jewellery,Earrings,Dangle,Thermoplastic Polyurethane; Zinc; Enamel; Iron,Worn Gold,,5.99,/241/52/216719_DM_1,216719_DM_1.jpg,none,,,,,
216723_DM,216723,Necklace Gipsy Garden Dark Multicolor,_DM,Dark Multicolor,Jewellery,Necklaces,Collar,Brass; Resin; Zinc,Worn Gold,,15.99,/241/52/216723_DM_1,216723_DM_1.jpg,none,,,,,
216744_WI,216744,Necklace Gipsy Garden Wine,_WI,Wine,Jewellery,Necklaces,Pendant,Steel; Thermoplastic Polyurethane; Zinc,,,10.99,/241/52/216744_WI_1,216744_WI_1.jpg,none,,,,,
216751_DM,216751,Bracelet Gipsy Garden Dark Multicolor,_DM,Dark Multicolor,Jewellery,Bracelets,Elastic Bracelet,Acrylic; Thermoplastic Polyurethane,Worn Gold,,7.99,/241/52/216751_DM_1,216751_DM_1.jpg,none,,,,,
216832_HM,216832,Earring VENDREDI Halftone Multicolor,_HM,Halftone Multicolor,Jewellery,Earrings,Drop,Acrylic; Resin; Zinc,Brushed Golden,,8.99,/241/52/216832_HM_1,216832_HM_1.jpg,none,,,,,
216837_HM,216837,Earring VENDREDI Halftone Multicolor,_HM,Halftone Multicolor,Jewellery,Earrings,Dangle,Brass; Stone; Zinc,Brushed Golden,,7.99,/241/52/216837_HM_1,216837_HM_1.jpg,none,,,,,
216849_GD,216849,Earring PERMANENT - SUSPENDED FR Gold,_GD,Gold,Jewellery,Earrings,Hoop Earrings,Iron,,,5.99,/241/52/216849_GD_1,216849_GD_1.jpg,none,,,,,
216886_HM,216886,Earring VENDREDI Halftone Multicolor,_HM,Halftone Multicolor,Jewellery,Earrings,Clip Earrings,Iron,,,9.99,/241/52/216886_HM_1,216886_HM_1.jpg,none,,,,,
216899_AM,216899,Ring VENDREDI Amethyst,_AM,Amethyst,Jewellery,Rings,Stone/Gem,Stone; Zinc,Golden,,6.99,/241/52/216899_AM_1,216899_AM_1.jpg,none,,,,,
216906_HM,216906,Necklace VENDREDI Halftone Multicolor,_HM,Halftone Multicolor,Jewellery,Necklaces,Pendant,Iron; Thermoplastic Polyurethane,,,10.99,/241/52/216906_HM_1,216906_HM_1.jpg,none,,,,,
216918_GN,216918,Bracelet VENDREDI Green,_GN,Green,Jewellery,Bracelets,Elastic Bracelet,Glass; Thermoplastic Polyurethane,Golden,,7.99,/241/52/216918_GN_1,216918_GN_1.jpg,none,,,,,
216923_HM,216923,Set of Necklaces VENDREDI Halftone Multicolor,_HM,Halftone Multicolor,Jewellery,Necklaces,Beaded Necklace,Acrylic; Brass; Iron; Pearl; Stone; Thermoplastic Polyurethane,Brushed Golden,,12.99,/241/52/216923_HM_2y,216923_HM_2y.jpg,none,,,,,
216928_HM,216928,Earring VENDREDI Halftone Multicolor,_HM,Halftone Multicolor,Jewellery,Earrings,Drop,Iron; Thermoplastic Polyurethane,Brushed Golden,,7.99,/241/52/216928_HM_1,216928_HM_1.jpg,none,,,,,
216972_GD,216972,Earring GOLDEN PEARLS Gold,_GD,Gold,Jewellery,Earrings,Hoop Earrings,Thermoplastic Polyurethane; Zinc,Golden,,5.99,/241/52/216972_GD_2,216972_GD_2.jpg,none,,,,,
216976_GD,216976,Earring GOLDEN PEARLS Gold,_GD,Gold,Jewellery,Earrings,Dangle,Iron; Pearl; Thermoplastic Polyurethane,Brushed Golden,,7.99,/241/52/216976_GD_1,216976_GD_1.jpg,none,,,,,
216980_GD,216980,Necklace GOLDEN PEARLS Gold,_GD,Gold,Jewellery,Necklaces,Pendant,Iron; Thermoplastic Polyurethane,,,10.99,/241/52/216980_GD_2y,216980_GD_2y.jpg,none,,,,,
216984_GD,216984,Earring GOLDEN PEARLS Gold,_GD,Gold,Jewellery,Earrings,Dangle,Acrylic; Iron; Thermoplastic Polyurethane; Zinc,Golden,,5.99,/241/52/216984_GD_1,216984_GD_1.jpg,none,,,,,
216988_GD,216988,Earring GOLDEN PEARLS Gold,_GD,Gold,Jewellery,Earrings,Stud,Acrylic; Zinc,Golden,,4.99,/241/52/216988_GD_1,216988_GD_1.jpg,none,,,,,
216993_BM,216993,Bracelet ARM NIGHT Bright Multicolor,_BM,Bright Multicolor,Jewellery,Bracelets,Adjustable Bracelet,Copper; Glass; Polyester,Golden,,5.99,/241/52/216993_BM_1,216993_BM_1.jpg,none,,,,,
216997_BM,216997,Bracelet ARM LOVERS Bright Multicolor,_BM,Bright Multicolor,Jewellery,Bracelets,Adjustable Bracelet,Polyester; Zinc; Brass; Enamel,Golden,,7.99,/241/52/216997_BM_1,216997_BM_1.jpg,none,,,,,
217003_BL,217003,Bracelet ARM NIGHT Blue,_BL,Blue,Jewellery,Bracelets,Adjustable Bracelet,Copper; Glass; Polyester,Golden,,7.99,/241/52/217003_BL_2y,217003_BL_2y.jpg,none,,,,,
217126_HM,217126,Necklace VENDREDI Halftone Multicolor,_HM,Halftone Multicolor,Jewellery,Necklaces,Collar,Acrylic; Brass; Iron; Metal and Cord,Golden,,12.99,/241/52/217126_HM_1,217126_HM_1.jpg,none,,,,,
217130_HM,217130,Key Chain FASHION SUPPLEMENTS Halftone Multicolor,_HM,Halftone Multicolor,Jewellery,Key chains,Figures,Acrylic; Acrylic; Brass; Crystal Glass; Zinc,Golden,,12.99,/241/52/217130_HM_1,217130_HM_1.jpg,none,,,,,
217154_GD,217154,Bracelet Golden Basics Gold,_GD,Gold,Jewellery,Bracelets,Cuff,Zinc,Golden,,8.99,/232/52/217154_GD_1,217154_GD_1.jpg,none,,,,,
217184_PK,217184,Necklace CUPID Pink,_PK,Pink,Jewellery,Necklaces,Pendant,Steel; Zinc,Other,,12.99,/241/52/217184_PK_1,217184_PK_1.jpg,none,,,,,
217196_PK,217196,Earring CUPID Pink,_PK,Pink,Jewellery,Earrings,Dangle,Iron; Polyester,Other,,15.99,/241/52/217196_PK_1,217196_PK_1.jpg,none,,,,,
217204_RD,217204,Ring CUPID Red,_RD,Red,Jewellery,Rings,Fantasy,Enamel; Zinc,Other,,5.99,/241/52/217204_RD_1,217204_RD_1.jpg,none,,,,,
217296_KK,217296,Necklace FLEURSDUMER Khaki,_KK,Khaki,Jewellery,Necklaces,Pendant,Zinc; Velvet,Worn Gold,,12.99,/241/52/217296_KK_1,217296_KK_1.jpg,none,,,,,
217296_SV,217296,Necklace SHADES OF COOL Silver,_SV,Silver,Jewellery,Necklaces,Pendant,Zinc; Velvet,Antik Silver,,12.99,/241/52/217296_SV_1,217296_SV_1.jpg,none,,,,,
217297_SV,217297,Earring SHADES OF COOL Silver,_SV,Silver,Jewellery,Earrings,Stud,Zinc,Silver,,7.99,/241/52/217297_SV_1,217297_SV_1.jpg,none,,,,,
217304_PK,217304,Earring SPARKLING EARRINGS Pink,_PK,Pink,Jewellery,Earrings,Dangle,Copper; Stone,Worn Gold,,23.99,/241/52/217304_PK_1,217304_PK_1.jpg,none,,,,,
217308_SV,217308,Earring SHADES OF COOL Silver,_SV,Silver,Jewellery,Earrings,Dangle,Zinc,Rodhium,,7.99,/241/52/217308_SV_1,217308_SV_1.jpg,none,,,,,
217313_SV,217313,Earring SHADES OF COOL Silver,_SV,Silver,Jewellery,Earrings,Other Earrings,Brass,Rodhium,,5.99,/241/52/217313_SV_1,217313_SV_1.jpg,none,,,,,
217320_SV,217320,Earring SHADES OF COOL Silver,_SV,Silver,Jewellery,Earrings,Stud,Zinc,Rodhium,,7.99,/241/52/217320_SV_1,217320_SV_1.jpg,none,,,,,
217326_SV,217326,Earring SHADES OF COOL Silver,_SV,Silver,Jewellery,Earrings,Hoop Earrings,Zinc,Rodhium,,5.99,/241/52/217326_SV_1,217326_SV_1.jpg,none,,,,,
217347_SV,217347,Earring SHADES OF COOL Silver,_SV,Silver,Jewellery,Earrings,Hoop Earrings,Iron; Pearl; Zamac,Rodhium,,5.99,/241/52/217347_SV_1,217347_SV_1.jpg,none,,,,,
217368_SV,217368,Earring SHADES OF COOL Silver,_SV,Silver,Jewellery,Earrings,Stud,Zinc,Rodhium,,7.99,/241/52/217368_SV_1,217368_SV_1.jpg,none,,,,,
217372_SV,217372,Earring SILVER BASICS Silver,_SV,Silver,Jewellery,Earrings,Ear Cuff,Zinc,Rodhium,,5.99,/241/52/217372_SV_1,217372_SV_1.jpg,none,,,,,
217377_SV,217377,Ring SHADES OF COOL Silver,_SV,Silver,Jewellery,Rings,Cocktail,Zinc,Rodhium,,5.99,/241/52/217377_SV_1,217377_SV_1.jpg,none,,,,,
217385_SV,217385,Earring SHADES OF COOL Silver,_SV,Silver,Jewellery,Earrings,Hoop Earrings,Thermoplastic Polyurethane; Zinc; Brass; Glass; Iron,Rodhium,,7.99,/241/52/217385_SV_1,217385_SV_1.jpg,none,,,,,
217391_BK,217391,Set of Necklaces SHADES OF COOL Black,_BK,Black,Jewellery,Necklaces,Pendant,Iron; Suede; Thermoplastic Polyurethane; Zinc,Rodhium,,12.99,/241/52/217391_BK_1,217391_BK_1.jpg,none,,,,,
217397_SV,217397,Earring SILVER BASICS Silver,_SV,Silver,Jewellery,Earrings,Dangle,Zinc,Rodhium,,8.99,/241/52/217397_SV_1,217397_SV_1.jpg,none,,,,,
217402_SV,217402,Set of Earrings SHADES OF COOL Silver,_SV,Silver,Jewellery,Earrings,Hoop Earrings,Iron; Thermoplastic Polyurethane; Zinc,Rodhium,,5.99,/241/52/217402_SV_1,217402_SV_1.jpg,none,,,,,
217415_HM,217415,Earring VENDREDI Halftone Multicolor,_HM,Halftone Multicolor,Jewellery,Earrings,Dangle,Acrylic,Brushed Golden,,5.99,/241/52/217415_HM_1,217415_HM_1.jpg,none,,,,,
217422_HM,217422,Earring FLEURSDUMER Halftone Multicolor,_HM,Halftone Multicolor,Jewellery,Earrings,Hoop Earrings,Acrylic; Brass; Glass; Iron,Golden,,5.99,/241/52/217422_HM_1,217422_HM_1.jpg,none,,,,,
217428_HM,217428,Bracelet FLEURSDUMER Halftone Multicolor,_HM,Halftone Multicolor,Jewellery,Bracelets,Elastic Bracelet,Acrylic; Thermoplastic Polyurethane,Golden,,6.99,/241/52/217428_HM_1,217428_HM_1.jpg,none,,,,,
217447_HM,217447,Earring FLEURSDUMER Halftone Multicolor,_HM,Halftone Multicolor,Jewellery,Earrings,Dangle,Acrylic; Glass; Iron; Stone,Brushed Golden,,7.99,/241/52/217447_HM_1,217447_HM_1.jpg,none,,,,,
217452_HM,217452,Bracelet FLEURSDUMER Halftone Multicolor,_HM,Halftone Multicolor,Jewellery,Bracelets,Elastic Bracelet,Acrylic; Copper; Glass; Iron; Thermoplastic Polyurethane,Golden,,6.99,/241/52/217452_HM_1,217452_HM_1.jpg,none,,,,,
217458_HM,217458,Necklace FLEURSDUMER Halftone Multicolor,_HM,Halftone Multicolor,Jewellery,Necklaces,Beaded Necklace,Brass; Iron; Resin; Stone; Zinc,,,10.99,/241/52/217458_HM_1,217458_HM_1.jpg,none,,,,,
217465_HM,217465,Earring FLEURSDUMER Halftone Multicolor,_HM,Halftone Multicolor,Jewellery,Earrings,Hoop Earrings,Enamel; Zinc,Golden,,7.99,/241/52/217465_HM_1,217465_HM_1.jpg,none,,,,,
217475_DN,217475,Earring FLEURSDUMER Dark Green,_DN,Dark Green,Jewellery,Earrings,Dangle,Steel; Thermoplastic Polyurethane; Zinc,Worn Yellow Gold,,7.99,/241/52/217475_DN_1,217475_DN_1.jpg,none,,,,,
217475_MV,217475,Earring FLEURSDUMER Mauve,_MV,Mauve,Jewellery,Earrings,Dangle,Steel; Thermoplastic Polyurethane; Zinc,Worn Yellow Gold,,7.99,/241/52/217475_MV_1,217475_MV_1.jpg,none,,,,,
217475_TG,217475,Earring FLEURSDUMER Pastel Green,_TG,Pastel Green,Jewellery,Earrings,Dangle,Steel; Thermoplastic Polyurethane; Zinc,Worn Yellow Gold,,7.99,/241/52/217475_TG_1,217475_TG_1.jpg,none,,,,,
217477_DN,217477,Earring FLEURSDUMER Dark Green,_DN,Dark Green,Jewellery,Earrings,Dangle,Steel; Thermoplastic Polyurethane; Zinc,Worn Gold,,8.99,/241/52/217477_DN_1,217477_DN_1.jpg,none,,,,,
217477_KK,217477,Earring FLEURSDUMER Khaki,_KK,Khaki,Jewellery,Earrings,Dangle,Steel; Thermoplastic Polyurethane; Zinc,Worn Gold,,8.99,/241/52/217477_KK_1,217477_KK_1.jpg,none,,,,,
217485_HM,217485,Necklace FLEURSDUMER Halftone Multicolor,_HM,Halftone Multicolor,Jewellery,Necklaces,Beaded Necklace,Acrylic; Brass; Iron; Resin,Golden,,12.99,/241/52/217485_HM_1,217485_HM_1.jpg,none,,,,,
217490_GD,217490,Earring FLEURSDUMER Gold,_GD,Gold,Jewellery,Earrings,Clip Earrings,Iron; Zinc,,,9.99,/241/52/217490_GD_1,217490_GD_1.jpg,none,,,,,
217522_SV,217522,Earring SHADES OF COOL Silver,_SV,Silver,Jewellery,Earrings,Hoop Earrings,Brass; Zinc,Rodhium,,5.99,/241/52/217522_SV_1,217522_SV_1.jpg,none,,,,,
217527_SV,217527,Earring SHADES OF COOL Silver,_SV,Silver,Jewellery,Earrings,Stud,Zinc,Rodhium,,5.99,/232/52/217527_SV_1,217527_SV_1.jpg,none,,,,,
217540_SV,217540,Earring SHADES OF COOL Silver,_SV,Silver,Jewellery,Earrings,Dangle,Brass; Zinc,Rodhium,,8.99,/241/52/217540_SV_1,217540_SV_1.jpg,none,,,,,
217545_SV,217545,Earring SHADES OF COOL Silver,_SV,Silver,Jewellery,Earrings,Stud,Iron,Rodhium,,7.99,/232/52/217545_SV_2y,217545_SV_2y.jpg,none,,,,,
217634_GD,217634,Ring GLDN DEL Gold,_GD,Gold,Jewellery,Rings,Band Ring,Iron,Golden,,5.99,/241/52/217634_GD_1,217634_GD_1.jpg,none,,,,,
217636_GD,217636,Earring GLDN DEL Gold,_GD,Gold,Jewellery,Earrings,Stud,Iron; Zinc,Golden,,4.99,/241/52/217636_GD_1,217636_GD_1.jpg,none,,,,,
217636_SV,217636,Earring SILVER D Silver,_SV,Silver,Jewellery,Earrings,Stud,Iron; Zinc,Golden,,4.99,/241/52/217636_SV_1,217636_SV_1.jpg,none,,,,,
217639_PK,217639,Earring GLDN DEL Pink,_PK,Pink,Jewellery,Earrings,Ear Cuff,Brass; Zirconium,,,9.99,/241/52/217639_PK_1,217639_PK_1.jpg,none,,,,,
217653_SV,217653,Earring SILVER D Silver,_SV,Silver,Jewellery,Earrings,Hoop Earrings,Acrylic; Brass,Rodhium,,4.99,/241/52/217653_SV_1,217653_SV_1.jpg,none,,,,,
217659_GD,217659,Necklace GLDN DEL Gold,_GD,Gold,Jewellery,Necklaces,Pendant,Brass; Zinc,,,10.99,/241/52/217659_GD_1,217659_GD_1.jpg,none,,,,,
217659_SV,217659,Necklace SILVER D Silver,_SV,Silver,Jewellery,Necklaces,Pendant,Brass; Zinc,,,10.99,/241/52/217659_SV_1,217659_SV_1.jpg,none,,,,,
217673_GD,217673,Earring Golden Basics Gold,_GD,Gold,Jewellery,Earrings,Stud,Zinc,Brushed Golden,,5.99,/241/52/217673_GD_1,217673_GD_1.jpg,none,,,,,
217679_IV,217679,Ring Golden Basics Extra Ivory,_IV,Ivory,Jewellery,Rings,Band Ring,Enamel; Zinc,Golden,,5.99,/241/52/217679_IV_1,217679_IV_1.jpg,none,,,,,
217685_IV,217685,Earring Golden Basics Extra Ivory,_IV,Ivory,Jewellery,Earrings,Stud,Enamel; Zinc,Golden,,5.99,/241/52/217685_IV_1,217685_IV_1.jpg,none,,,,,
217690_IV,217690,Earring Golden Basics Extra Ivory,_IV,Ivory,Jewellery,Earrings,Hoop Earrings,Copper; Enamel,Golden,,5.99,/241/52/217690_IV_1,217690_IV_1.jpg,none,,,,,
217695_GD,217695,Earring Golden Basics Gold,_GD,Gold,Jewellery,Earrings,Stud,Zinc,Golden,,5.99,/241/52/217695_GD_1,217695_GD_1.jpg,none,,,,,
218258_BM,218258,Mobile Holder FASHION SUPPLEMENTS Bright Multicolor,_BM,Bright Multicolor,Jewellery,Mobile Accessories,Mobile Holder,Polyester; Zinc,Other,,8.99,/241/52/218258_BM_1,218258_BM_1.jpg,none,,,,,
218298_HM,218298,Earring ETHNICS Halftone Multicolor,_HM,Halftone Multicolor,Jewellery,Earrings,Dangle,Thermoplastic Polyurethane; Zinc,Worn Gold,,8.99,/241/52/218298_HM_1,218298_HM_1.jpg,none,,,,,
218308_HM,218308,Necklace ETHNICS Halftone Multicolor,_HM,Halftone Multicolor,Jewellery,Necklaces,Pendant,Iron; Resin; Zinc,Worn Gold,,12.99,/241/52/218308_HM_1,218308_HM_1.jpg,none,,,,,
218312_RO,218312,Earring ETHNICS Old Rose,_RO,Old Rose,Jewellery,Earrings,Stud,Iron; Rubber; Zinc,Worn Gold,,5.99,/241/52/218312_RO_1,218312_RO_1.jpg,none,,,,,
218318_RO,218318,Earring ETHNICS Old Rose,_RO,Old Rose,Jewellery,Earrings,Stud,Iron; Resin; Zinc,Worn Gold,,5.99,/241/52/218318_RO_1,218318_RO_1.jpg,none,,,,,
218325_HM,218325,Ring ETHNICS Halftone Multicolor,_HM,Halftone Multicolor,Jewellery,Rings,Band Ring,Iron; Resin,Worn Gold,,5.99,/241/52/218325_HM_1,218325_HM_1.jpg,none,,,,,
218331_HM,218331,Earring ETHNICS Halftone Multicolor,_HM,Halftone Multicolor,Jewellery,Earrings,Drop,Stone; Thermoplastic Polyurethane; Zinc,Worn Gold,,7.99,/241/52/218331_HM_1,218331_HM_1.jpg,none,,,,,
218338_HM,218338,Earring ETHNICS Halftone Multicolor,_HM,Halftone Multicolor,Jewellery,Earrings,Hoop Earrings,Resin; Zinc,Worn Gold,,7.99,/241/52/218338_HM_2y,218338_HM_2y.jpg,none,,,,,
218344_RO,218344,Earring ETHNICS Old Rose,_RO,Old Rose,Jewellery,Earrings,Hoop Earrings,Enamel; Zinc,Worn Gold,,5.99,/241/52/218344_RO_1,218344_RO_1.jpg,none,,,,,
218357_BM,218357,Bracelet SUNSET JUNCTION Bright Multicolor,_BM,Bright Multicolor,Jewellery,Bracelets,Non-Adjustable Bracelet,Iron; Resin; Stone; Thermoplastic Polyurethane,Golden,,7.99,/241/52/218357_BM_1,218357_BM_1.jpg,none,,,,,
218364_HM,218364,Earring ETHNICS Halftone Multicolor,_HM,Halftone Multicolor,Jewellery,Earrings,Dangle,Thermoplastic Polyurethane; Zinc,Worn Gold,,7.99,/241/52/218364_HM_1,218364_HM_1.jpg,none,,,,,
218370_HM,218370,Necklace ETHNICS Halftone Multicolor,_HM,Halftone Multicolor,Jewellery,Necklaces,Pendant,Iron; Resin; Zinc,,,10.99,/241/52/218370_HM_2y,218370_HM_2y.jpg,none,,,,,
218377_RO,218377,Necklace ETHNICS Old Rose,_RO,Old Rose,Jewellery,Necklaces,Y-Necklace,Acrylic; Brass; Resin; Thermoplastic Polyurethane,,,10.99,/241/52/218377_RO_1,218377_RO_1.jpg,none,,,,,
218382_RO,218382,Earring ETHNICS Old Rose,_RO,Old Rose,Jewellery,Earrings,Drop,Acrylic; Iron; Zinc,Worn Gold,,7.99,/241/52/218382_RO_1,218382_RO_1.jpg,none,,,,,
218423_RO,218423,Bracelet ETHNICS Old Rose,_RO,Old Rose,Jewellery,Bracelets,Elastic Bracelet,Rubber; Zinc,,,9.99,/241/52/218423_RO_1,218423_RO_1.jpg,none,,,,,
218474_DG,218474,Earring SUNSET JUNCTION Dark Grey,_DG,Dark Grey,Jewellery,Earrings,Stud,Stone; Zinc,Brushed Golden,,7.99,/241/52/218474_DG_1,218474_DG_1.jpg,none,,,,,
218481_BM,218481,Necklace SUNSET JUNCTION Bright Multicolor,_BM,Bright Multicolor,Jewellery,Necklaces,Beaded Necklace,Acrylic; Stone; Thermoplastic Polyurethane,Brushed Golden,,12.99,/241/52/218481_BM_1,218481_BM_1.jpg,none,,,,,
218491_OR,218491,Earring SUNSET JUNCTION Orange,_OR,Orange,Jewellery,Earrings,Dangle,Iron; Stone,Brushed Golden,,7.99,/241/52/218491_OR_1,218491_OR_1.jpg,none,,,,,
218517_HM,218517,Earring SUNSET JUNCTION Halftone Multicolor,_HM,Halftone Multicolor,Jewellery,Earrings,Dangle,Acrylic; Iron; Stone,Other,,7.99,/241/52/218517_HM_1,218517_HM_1.jpg,none,,,,,
218522_BM,218522,Bracelet SUNSET JUNCTION Bright Multicolor,_BM,Bright Multicolor,Jewellery,Bracelets,Non-Adjustable Bracelet,Acrylic; Iron; Stone,Golden,,5.99,/241/52/218522_BM_1,218522_BM_1.jpg,none,,,,,
218533_GD,218533,Ring GLDN DEL Gold,_GD,Gold,Jewellery,Rings,Fantasy,Zinc,Golden,,5.99,/241/52/218533_GD_1,218533_GD_1.jpg,none,,,,,
218541_GD,218541,Earring GLDN DEL Gold,_GD,Gold,Jewellery,Earrings,Stud,Acrylic; Brass; Iron; Metal and Plastic,Golden,,5.99,/241/52/218541_GD_1,218541_GD_1.jpg,none,,,,,
218541_SV,218541,Earring SILVER D Silver,_SV,Silver,Jewellery,Earrings,Stud,Acrylic; Brass; Iron; Metal and Plastic,Golden,,5.99,/241/52/218541_SV_1,218541_SV_1.jpg,none,,,,,
218551_HM,218551,Earring GLDN DEL Halftone Multicolor,_HM,Halftone Multicolor,Jewellery,Earrings,Dangle,Acrylic; Brass; Zirconium,Golden,,8.99,/241/52/218551_HM_1,218551_HM_1.jpg,none,,,,,
218559_GD,218559,Set of Earrings GLDN DEL Gold,_GD,Gold,Jewellery,Earrings,Stud,Brass; Iron,Golden,,4.99,/241/52/218559_GD_1,218559_GD_1.jpg,none,,,,,
218569_SV,218569,Set of Earrings SILVER D Silver,_SV,Silver,Jewellery,Earrings,Hoop Earrings,Brass; Glass,Rodhium,,4.99,/241/52/218569_SV_1,218569_SV_1.jpg,none,,,,,
218575_HM,218575,Necklace GLDN DEL Halftone Multicolor,_HM,Halftone Multicolor,Jewellery,Necklaces,Beaded Necklace,Brass; Glass,Golden,,12.99,/241/52/218575_HM_1,218575_HM_1.jpg,none,,,,,
218580_GD,218580,Earring GLDN DEL Gold,_GD,Gold,Jewellery,Earrings,Dangle,Acrylic; Brass,Golden,,7.99,/241/52/218580_GD_1,218580_GD_1.jpg,none,,,,,
218582_GD,218582,Earring GLDN DEL Gold,_GD,Gold,Jewellery,Earrings,Hoop Earrings,Zinc,Golden,,5.99,/241/52/218582_GD_1,218582_GD_1.jpg,none,,,,,
218582_SV,218582,Earring SILVER D Silver,_SV,Silver,Jewellery,Earrings,Hoop Earrings,Zinc,Golden,,5.99,/241/52/218582_SV_1,218582_SV_1.jpg,none,,,,,
218585_GD,218585,Necklace GLDN DEL Gold,_GD,Gold,Jewellery,Necklaces,Pendant,Zinc; Zirconium,,,10.99,/241/52/218585_GD_1,218585_GD_1.jpg,none,,,,,
218590_GD,218590,Necklace GLDN DEL Gold,_GD,Gold,Jewellery,Necklaces,Beaded Necklace,Brass; Iron,Golden,,12.99,/241/52/218590_GD_1,218590_GD_1.jpg,none,,,,,
218602_HM,218602,Earring SUNSET JUNCTION Halftone Multicolor,_HM,Halftone Multicolor,Jewellery,Earrings,Dangle,Brass; Iron; Stone; Zinc,,,9.99,/241/52/218602_HM_1,218602_HM_1.jpg,none,,,,,
218618_BM,218618,Earring SUNSET JUNCTION Bright Multicolor,_BM,Bright Multicolor,Jewellery,Earrings,Dangle,Resin; Stone; Zinc,Brushed Golden,,7.99,/241/52/218618_BM_1,218618_BM_1.jpg,none,,,,,
218675_BM,218675,Necklace SUNSET JUNCTION Bright Multicolor,_BM,Bright Multicolor,Jewellery,Necklaces,Pendant,Iron; Thermoplastic Polyurethane,,,10.99,/241/52/218675_BM_1,218675_BM_1.jpg,none,,,,,
218830_AQ,218830,Necklace NILE Aquamarine,_AQ,Aquamarine,Jewellery,Necklaces,Pendant,Iron; Thermoplastic Polyurethane; Zinc,,,10.99,/241/52/218830_AQ_1,218830_AQ_1.jpg,none,,,,,
218866_BL,218866,Earring NILE Blue,_BL,Blue,Jewellery,Earrings,Hoop Earrings,Resin; Zinc,Golden,,5.99,/241/52/218866_BL_1,218866_BL_1.jpg,none,,,,,
218891_CN,218891,Bracelet NILE Clinic,_CN,Clinic,Jewellery,Bracelets,Elastic Bracelet,Stone; Thermoplastic Polyurethane,Other,,6.99,/241/52/218891_CN_1,218891_CN_1.jpg,none,,,,,
218901_BL,218901,Earring NILE Blue,_BL,Blue,Jewellery,Earrings,Hoop Earrings,Iron; Stone; Zinc,Worn Gold,,5.99,/241/52/218901_BL_1,218901_BL_1.jpg,none,,,,,
218906_HM,218906,Earring NILE Halftone Multicolor,_HM,Halftone Multicolor,Jewellery,Earrings,Dangle,Iron; Resin; Zinc,Worn Gold,,5.99,/241/52/218906_HM_1,218906_HM_1.jpg,none,,,,,
218908_HM,218908,Earring NILE Halftone Multicolor,_HM,Halftone Multicolor,Jewellery,Earrings,Dangle,Acrylic; Brass; Resin; Thermoplastic Polyurethane; Cork,Worn Gold,,7.99,/241/52/218908_HM_1,218908_HM_1.jpg,none,,,,,
218908_PM,218908,Earring MODERN STONES Pastel Multicolor,_PM,Pastel Multicolor,Jewellery,Earrings,Dangle,Thermoplastic Polyurethane; Acrylic; Resin; Brass,Golden,,7.99,/242/52/218908_PM_1,218908_PM_1.jpg,none,,,,,
218921_HM,218921,Earring NILE Halftone Multicolor,_HM,Halftone Multicolor,Jewellery,Earrings,Dangle,Acrylic; Brass; Iron; Stone,Worn Gold,,8.99,/241/52/218921_HM_1,218921_HM_1.jpg,none,,,,,
218932_OX,218932,Earring Gipsy Garden Oxford Blue,_OX,Oxford Blue,Jewellery,Earrings,Stud,Enamel; Zinc,Worn Gold,,7.99,/241/52/218932_OX_1,218932_OX_1.jpg,none,,,,,
218938_HM,218938,Earring NILE Halftone Multicolor,_HM,Halftone Multicolor,Jewellery,Earrings,Hoop Earrings,Acrylic; Stone; Zinc,Worn Gold,,5.99,/241/52/218938_HM_1,218938_HM_1.jpg,none,,,,,
218942_GN,218942,Set of Necklaces NILE Green,_GN,Green,Jewellery,Necklaces,Beaded Necklace,Acrylic; Zinc,,,10.99,/241/52/218942_GN_1,218942_GN_1.jpg,none,,,,,
218951_HM,218951,Earring NILE Halftone Multicolor,_HM,Halftone Multicolor,Jewellery,Earrings,Dangle,Iron; Resin; Stone,Worn Gold,,5.99,/241/52/218951_HM_1,218951_HM_1.jpg,none,,,,,
219003_BL,219003,Earring NILE Blue,_BL,Blue,Jewellery,Earrings,Hoop Earrings,Brass; Thermoplastic Polyurethane,Golden,,5.99,/241/52/219003_BL_1,219003_BL_1.jpg,none,,,,,
219023_BL,219023,Bracelet NILE Blue,_BL,Blue,Jewellery,Bracelets,Elastic Bracelet,Steel; Thermoplastic Polyurethane,Worn Gold,,5.99,/241/52/219023_BL_1,219023_BL_1.jpg,none,,,,,
219029_BL,219029,Ring NILE Blue,_BL,Blue,Jewellery,Rings,Stone/Gem,Stone; Zinc,Golden,,5.99,/241/52/219029_BL_1,219029_BL_1.jpg,none,,,,,
219055_GD,219055,Pin FASHION SUPPLEMENTS Gold,_GD,Gold,Jewellery,Pins,Flower,Brass; Zinc,Matte Golden,,5.99,/241/52/219055_GD_1,219055_GD_1.jpg,none,,,,,
219066_SV,219066,Pin FASHION SUPPLEMENTS Silver,_SV,Silver,Jewellery,Pins,Pin,Zinc,Silver,,5.99,/241/52/219066_SV_1,219066_SV_1.jpg,none,,,,,
219072_KK,219072,Ring Classy Field Khaki,_KK,Khaki,Jewellery,Rings,Band Ring,Enamel; Zinc,Rodhium,,5.99,/241/52/219072_KK_1,219072_KK_1.jpg,none,,,,,
219072_SV,219072,Ring Classy Field Silver,_SV,Silver,Jewellery,Rings,Band Ring,Zinc,Rodhium,,5.99,/241/52/219072_SV_1,219072_SV_1.jpg,none,,,,,
219083_HM,219083,Earring Classy Field Halftone Multicolor,_HM,Halftone Multicolor,Jewellery,Earrings,Hoop Earrings,Glass; Iron; Stone; Thermoplastic Polyurethane,Rodhium,,5.99,/241/52/219083_HM_1,219083_HM_1.jpg,none,,,,,
219099_FG,219099,Earring ATMOSPHERE Forest Green,_FG,Forest Green,Jewellery,Earrings,Drop,Iron; Resin,Worn Rhodium,,5.99,/241/52/219099_FG_1,219099_FG_1.jpg,none,,,,,
219107_SV,219107,Earring SILVER BASICS Silver,_SV,Silver,Jewellery,Earrings,Dangle,Zinc,Worn Rhodium,,5.99,/241/52/219107_SV_1,219107_SV_1.jpg,none,,,,,
219111_SV,219111,Ring Classy Field Silver,_SV,Silver,Jewellery,Rings,Band Ring,Zinc,Worn Rhodium,,5.99,/241/52/219111_SV_1,219111_SV_1.jpg,none,,,,,
219150_SV,219150,Earring Classy Field Silver,_SV,Silver,Jewellery,Earrings,Dangle,Iron,,,9.99,/241/52/219150_SV_1,219150_SV_1.jpg,none,,,,,
219159_SV,219159,Ring Classy Field Silver,_SV,Silver,Jewellery,Rings,Band Ring,Zinc,Worn Rhodium,,7.99,/241/52/219159_SV_1,219159_SV_1.jpg,none,,,,,
219165_GD,219165,Earring KISSSJAM Gold,_GD,Gold,Jewellery,Earrings,Ear Cuff,Brass,Golden,,4.99,/241/52/219165_GD_1,219165_GD_1.jpg,none,,,,,
219176_SV,219176,Earring Classy Field Silver,_SV,Silver,Jewellery,Earrings,Dangle,Iron,Worn Rhodium,,7.99,/241/52/219176_SV_1,219176_SV_1.jpg,none,,,,,
219183_BM,219183,Bracelet KISSSJAM Bright Multicolor,_BM,Bright Multicolor,Jewellery,Bracelets,Anklet,Glass; Iron; Pearl; Shell; Stone,Golden,,8.99,/241/52/219183_BM_1,219183_BM_1.jpg,none,,,,,
219189_BM,219189,Earring KISSSJAM Bright Multicolor,_BM,Bright Multicolor,Jewellery,Earrings,Hoop Earrings,Brass; Zirconium,Golden,,6.99,/241/52/219189_BM_1,219189_BM_1.jpg,none,,,,,
219193_GD,219193,Earring KISSSJAM Gold,_GD,Gold,Jewellery,Earrings,Ear Cuff,Zinc,Golden,,4.99,/241/52/219193_GD_1,219193_GD_1.jpg,none,,,,,
219200_HM,219200,Set of Necklaces Classy Field Halftone Multicolor,_HM,Halftone Multicolor,Jewellery,Necklaces,Beaded Necklace,Acrylic; Glass; Iron; Resin; Shell; Stone; Thermoplastic Polyurethane; Zinc,Rodhium,,12.99,/241/52/219200_HM_1,219200_HM_1.jpg,none,,,,,
219205_BM,219205,Set of Earrings KISSSJAM Bright Multicolor,_BM,Bright Multicolor,Jewellery,Earrings,Hoop Earrings,Brass; Enamel; Iron; Zinc,Golden,,6.99,/241/52/219205_BM_1,219205_BM_1.jpg,none,,,,,
219214_BM,219214,Set of Necklaces KISSSJAM Bright Multicolor,_BM,Bright Multicolor,Jewellery,Necklaces,Chain,Brass; Iron; Resin; Zinc; Metal and Plastic,Silver,,12.99,/241/52/219214_BM_1,219214_BM_1.jpg,none,,,,,
219219_SV,219219,Earring Classy Field Silver,_SV,Silver,Jewellery,Earrings,Hoop Earrings,Zinc,Worn Rhodium,,5.99,/241/52/219219_SV_1,219219_SV_1.jpg,none,,,,,
219228_BM,219228,Set of Earrings KISSSJAM Bright Multicolor,_BM,Bright Multicolor,Jewellery,Earrings,Hoop Earrings,Copper; Enamel; Zirconium,Golden,,5.99,/241/52/219228_BM_1,219228_BM_1.jpg,none,,,,,
219236_SV,219236,Bracelet Classy Field Silver,_SV,Silver,Jewellery,Bracelets,Non-Adjustable Bracelet,Zinc,Rodhium,,8.99,/241/52/219236_SV_1,219236_SV_1.jpg,none,,,,,
219246_DB,219246,Necklace Classy Field Dark Brown,_DB,Dark Brown,Jewellery,Necklaces,Beaded Necklace,Polyamide; Zinc,Worn Rhodium,,12.99,/241/52/219246_DB_1,219246_DB_1.jpg,none,,,,,
219250_SV,219250,Earring Classy Field Silver,_SV,Silver,Jewellery,Earrings,Drop,Zinc,Worn Rhodium,,7.99,/241/52/219250_SV_1,219250_SV_1.jpg,none,,,,,
219263_DM,219263,Earring IDENTITY Dark Multicolor,_DM,Dark Multicolor,Jewellery,Earrings,Stud,Brass; Thermoplastic Polyurethane,,,9.99,/241/52/219263_DM_1,219263_DM_1.jpg,none,,,,,
219269_DM,219269,Bracelet IDENTITY Dark Multicolor,_DM,Dark Multicolor,Jewellery,Bracelets,Non-Adjustable Bracelet,Steel; Thermoplastic Polyurethane; Zinc,Worn Gold,,8.99,/241/52/219269_DM_1,219269_DM_1.jpg,none,,,,,
219276_DM,219276,Bracelet IDENTITY Dark Multicolor,_DM,Dark Multicolor,Jewellery,Bracelets,Elastic Bracelet,Clay; Polyester; Thermoplastic Polyurethane,Golden,,5.99,/241/52/219276_DM_2y,219276_DM_2y.jpg,none,,,,,
219280_GN,219280,Ring IDENTITY Green,_GN,Green,Jewellery,Rings,Cocktail,Thermoplastic Polyurethane,Golden,,8.99,/241/52/219280_GN_1,219280_GN_1.jpg,none,,,,,
219280_SV,219280,Ring SILVER BASICS Silver,_SV,Silver,Jewellery,Rings,Cocktail,Thermoplastic Polyurethane,Rodhium,,8.99,/242/52/219280_SV_1,219280_SV_1.jpg,none,,,,,
219283_RD,219283,Ring IDENTITY Red,_RD,Red,Jewellery,Rings,Cocktail,Stone; Zinc,Golden,,5.99,/241/52/219283_RD_1,219283_RD_1.jpg,none,,,,,
219288_BM,219288,Necklace IDENTITY Bright Multicolor,_BM,Bright Multicolor,Jewellery,Necklaces,Pendant,Glass; Iron; Rubber; Thermoplastic Polyurethane; Zinc,Golden,,12.99,/241/52/219288_BM_1,219288_BM_1.jpg,none,,,,,
219297_DM,219297,Bracelet IDENTITY Dark Multicolor,_DM,Dark Multicolor,Jewellery,Bracelets,Elastic Bracelet,Enamel; Zinc,Worn Gold,,7.99,/241/52/219297_DM_1,219297_DM_1.jpg,none,,,,,
219302_BM,219302,Set of Earrings IDENTITY Bright Multicolor,_BM,Bright Multicolor,Jewellery,Earrings,Hoop Earrings,Brass; Glass,Golden,,7.99,/241/52/219302_BM_1,219302_BM_1.jpg,none,,,,,
219308_BM,219308,Ring IDENTITY Bright Multicolor,_BM,Bright Multicolor,Jewellery,Rings,Cocktail,Enamel; Zinc,Golden,,6.99,/241/52/219308_BM_1,219308_BM_1.jpg,none,,,,,
219319_BM,219319,Ring MADEIRA Bright Multicolor,_BM,Bright Multicolor,Jewellery,Rings,Cocktail,Enamel; Iron,Silver,,12.99,/241/52/219319_BM_1,219319_BM_1.jpg,none,,,,,
219325_SV,219325,Bracelet MADEIRA Silver,_SV,Silver,Jewellery,Bracelets,Non-Adjustable Bracelet,Acrylic; Zinc,Silver,,19.99,/241/52/219325_SV_1,219325_SV_1.jpg,none,,,,,
219334_SV,219334,Necklace MADEIRA Silver,_SV,Silver,Jewellery,Necklaces,Choker,Acrylic; Resin; Zinc,Silver,,23.99,/241/52/219334_SV_1,219334_SV_1.jpg,none,,,,,
219343_YL,219343,Earring IDENTITY Yellow,_YL,Yellow,Jewellery,Earrings,Dangle,Zinc,Worn Gold,,7.99,/241/52/219343_YL_1,219343_YL_1.jpg,none,,,,,
219359_MI,219359,Necklace IDENTITY Midnight Blue,_MI,Midnight Blue,Jewellery,Necklaces,Pendant,Glass; Iron,Worn Gold,,12.99,/241/52/219359_MI_1,219359_MI_1.jpg,none,,,,,
219368_DM,219368,Earring IDENTITY Dark Multicolor,_DM,Dark Multicolor,Jewellery,Earrings,Hoop Earrings,Stone; Acrylic; Glass; Iron,,,9.99,/241/52/219368_DM_1,219368_DM_1.jpg,none,,,,,
219374_BM,219374,Bracelet KISSSJAM Bright Multicolor,_BM,Bright Multicolor,Jewellery,Bracelets,Anklet,Acrylic; Glass; Stone; Zinc,Golden,,7.99,/241/52/219374_BM_2y,219374_BM_2y.jpg,none,,,,,
219379_BM,219379,Set of Earrings KISSSJAM Bright Multicolor,_BM,Bright Multicolor,Jewellery,Earrings,Hoop Earrings,Acrylic; Brass; Zinc; Zirconium,Golden,,7.99,/241/52/219379_BM_1,219379_BM_1.jpg,none,,,,,
219383_DM,219383,Bracelet IDENTITY Dark Multicolor,_DM,Dark Multicolor,Jewellery,Bracelets,Elastic Bracelet,Elastane; Resin; Thermoplastic Polyurethane,Worn Gold,,7.99,/241/52/219383_DM_1,219383_DM_1.jpg,none,,,,,
219390_BM,219390,Set of Earrings KISSSJAM Bright Multicolor,_BM,Bright Multicolor,Jewellery,Earrings,Hoop Earrings,Brass; Enamel; Zinc,Golden,,5.99,/241/52/219390_BM_1,219390_BM_1.jpg,none,,,,,
219394_BM,219394,Set of Earrings KISSSJAM Bright Multicolor,_BM,Bright Multicolor,Jewellery,Earrings,Hoop Earrings,Enamel; Zinc,Golden,,7.99,/241/52/219394_BM_1,219394_BM_1.jpg,none,,,,,
219399_BM,219399,Set of Earrings KISSSJAM Bright Multicolor,_BM,Bright Multicolor,Jewellery,Earrings,Hoop Earrings,Brass; Zirconium,Silver,,8.99,/241/52/219399_BM_1,219399_BM_1.jpg,none,,,,,
219403_BM,219403,Set of Earrings KISSSJAM Bright Multicolor,_BM,Bright Multicolor,Jewellery,Earrings,Hoop Earrings,Brass; Enamel; Zinc,Golden,,5.99,/241/52/219403_BM_1,219403_BM_1.jpg,none,,,,,
219408_TQ,219408,Set of Earrings KISSSJAM Turquoise,_TQ,Turquoise,Jewellery,Earrings,Hoop Earrings,Glass; Iron; Zinc; Zirconium,Silver,,6.99,/241/52/219408_TQ_1,219408_TQ_1.jpg,none,,,,,
219422_SV,219422,Earring Classy Field Silver,_SV,Silver,Jewellery,Earrings,Hoop Earrings,Zinc,Rodhium,,5.99,/241/52/219422_SV_1,219422_SV_1.jpg,none,,,,,
219528_BM,219528,Earring FABRIC COLLECTION Bright Multicolor,_BM,Bright Multicolor,Jewellery,Earrings,Tassel Earring,Iron; Thermoplastic Polyurethane; RECYCLED COTTON; glass bead,Golden,,23.99,/241/52/219528_BM_1,219528_BM_1.jpg,none,,,,,
219741_BM,219741,Mobile Holder FASHION SUPPLEMENTS Bright Multicolor,_BM,Bright Multicolor,Jewellery,Mobile Accessories,Mobile Holder,Polyester; Rubber; Thermoplastic Polyurethane; Zinc,Other,,8.99,/241/52/219741_BM_1,219741_BM_1.jpg,none,,,,,
219766_IV,219766,Ring Golden Basics Extra Ivory,_IV,Ivory,Jewellery,Rings,Cocktail,Enamel; Zinc,Golden,,5.99,/241/52/219766_IV_1,219766_IV_1.jpg,none,,,,,
219771_GD,219771,Ring Golden Basics Gold,_GD,Gold,Jewellery,Rings,Band Ring,Brass,Golden,,5.99,/241/52/219771_GD_1,219771_GD_1.jpg,none,,,,,
219776_IV,219776,Earring Golden Basics Extra Ivory,_IV,Ivory,Jewellery,Earrings,Hoop Earrings,Thermoplastic Polyurethane; Zinc,Golden,,5.99,/241/52/219776_IV_1,219776_IV_1.jpg,none,,,,,
219858_PU,219858,Bracelet ARM PURPLE Purple,_PU,Purple,Jewellery,Bracelets,Adjustable Bracelet,Brass; Enamel; Silk; Zinc,Golden,,5.99,/241/52/219858_PU_1,219858_PU_1.jpg,none,,,,,
219859_OR,219859,Bracelet ARM PURPLE Orange,_OR,Orange,Jewellery,Bracelets,Adjustable Bracelet,Brass; Iron; Silk; Zirconium,Golden,,5.99,/241/52/219859_OR_1,219859_OR_1.jpg,none,,,,,
219859_PU,219859,Bracelet Arm Sand Purple,_PU,Purple,Jewellery,Bracelets,Adjustable Bracelet,Copper; Polyamide; Zirconium,Golden,,5.99,/242/52/219859_PU_1,219859_PU_1.jpg,none,,,,,
219865_PU,219865,Bracelet ARM PURPLE Purple,_PU,Purple,Jewellery,Bracelets,Adjustable Bracelet,Brass; Polyester; Rubber; Zinc,Golden,,7.99,/241/52/219865_PU_1,219865_PU_1.jpg,none,,,,,
219972_BL,219972,Earring DOMINICA Blue,_BL,Blue,Jewellery,Earrings,Dangle,Acrylic; Iron,Brushed Golden,,5.99,/241/52/219972_BL_1,219972_BL_1.jpg,none,,,,,
219976_BM,219976,Necklace DOMINICA Bright Multicolor,_BM,Bright Multicolor,Jewellery,Necklaces,Pendant,Acrylic; Glass; Iron; Nylon; Thermoplastic Polyurethane; Wood,Brushed Golden,,12.99,/241/52/219976_BM_1,219976_BM_1.jpg,none,,,,,
219980_BM,219980,Necklace DOMINICA Bright Multicolor,_BM,Bright Multicolor,Jewellery,Necklaces,Beaded Necklace,Acrylic; Brass; Cotton; Iron; Raffia; Shell; Wood; Zinc,,,10.99,/241/52/219980_BM_1,219980_BM_1.jpg,none,,,,,
220005_BM,220005,Necklace DOMINICA Bright Multicolor,_BM,Bright Multicolor,Jewellery,Necklaces,Pendant,Acrylic; Glass; Iron; Raffia; Shell; Wood; Zinc,Brushed Golden,,12.99,/241/52/220005_BM_1,220005_BM_1.jpg,none,,,,,
220019_BM,220019,Earring DOMINICA Bright Multicolor,_BM,Bright Multicolor,Jewellery,Earrings,Stud,Glass; Iron,Golden,,5.99,/241/52/220019_BM_1,220019_BM_1.jpg,none,,,,,
220033_BM,220033,Earring DOMINICA Bright Multicolor,_BM,Bright Multicolor,Jewellery,Earrings,Hoop Earrings,Acrylic; Iron; Thermoplastic Polyurethane; Wood,Brushed Golden,,5.99,/241/52/220033_BM_1,220033_BM_1.jpg,none,,,,,
220146_GD,220146,Ring DOMINICA Gold,_GD,Gold,Jewellery,Rings,Fantasy,Enamel; Zinc,Golden,,4.99,/241/52/220146_GD_1,220146_GD_1.jpg,none,,,,,
220301_BM,220301,Earring DOMINICA Bright Multicolor,_BM,Bright Multicolor,Jewellery,Earrings,Hoop Earrings,Copper; Glass; Thermoplastic Polyurethane,Golden,,5.99,/241/52/220301_BM_1,220301_BM_1.jpg,none,,,,,
220309_BM,220309,Earring DOMINICA Bright Multicolor,_BM,Bright Multicolor,Jewellery,Earrings,Hoop Earrings,Enamel; Zinc,Golden,,7.99,/241/52/220309_BM_1,220309_BM_1.jpg,none,,,,,
220316_BM,220316,Bracelet DOMINICA Bright Multicolor,_BM,Bright Multicolor,Jewellery,Bracelets,Elastic Bracelet,Resin; Zinc,,,9.99,/241/52/220316_BM_2y,220316_BM_2y.jpg,none,,,,,
220320_BM,220320,Earring DOMINICA Bright Multicolor,_BM,Bright Multicolor,Jewellery,Earrings,Stud,Enamel; Iron; Zinc,Golden,,5.99,/241/52/220320_BM_1,220320_BM_1.jpg,none,,,,,
220324_BM,220324,Earring DOMINICA Bright Multicolor,_BM,Bright Multicolor,Jewellery,Earrings,Hoop Earrings,Acrylic; Iron; Thermoplastic Polyurethane,Brushed Golden,,7.99,/241/52/220324_BM_1,220324_BM_1.jpg,none,,,,,
220330_GD,220330,Earring TREND Gold,_GD,Gold,Jewellery,Earrings,Dangle,Zinc,,,9.99,/241/52/220330_GD_1,220330_GD_1.jpg,none,,,,,
220335_BL,220335,Necklace TREND Blue,_BL,Blue,Jewellery,Necklaces,Pendant,Brass; Cotton; Enamel; Glass; Zinc,Worn Gold,,17.99,/241/52/220335_BL_1,220335_BL_1.jpg,none,,,,,
220340_GD,220340,Earring TREND Gold,_GD,Gold,Jewellery,Earrings,Stud,Zinc,Golden,,7.99,/241/52/220340_GD_1,220340_GD_1.jpg,none,,,,,
2203731WT,220373,Earring TREND White,1WT,White,Jewellery,Earrings,Dangle,Cotton; Glass; Iron; Raffia,,,9.99,/242/52/2203731WT_1,2203731WT_1.jpg,none,,,,,
220373_PK,220373,Earring TREND Pink,_PK,Pink,Jewellery,Earrings,Dangle,Cotton; Glass; Iron; Raffia,,,9.99,/241/52/220373_PK_1,220373_PK_1.jpg,none,,,,,
220376_GD,220376,Earring TREND Gold,_GD,Gold,Jewellery,Earrings,Dangle,Cotton; Glass; Polyurethane; Metal Fitting,Other,,12.99,/241/52/220376_GD_1,220376_GD_1.jpg,none,,,,,
220382_PK,220382,Earring TREND Pink,_PK,Pink,Jewellery,Earrings,Hoop Earrings,Glass; Iron; Thermoplastic Polyurethane,Golden,,12.99,/241/52/220382_PK_1,220382_PK_1.jpg,none,,,,,
220391_GD,220391,Earring TREND Gold,_GD,Gold,Jewellery,Earrings,Dangle,Iron,,,9.99,/241/52/220391_GD_1,220391_GD_1.jpg,none,,,,,
220402_GD,220402,Earring TREND Gold,_GD,Gold,Jewellery,Earrings,Dangle,Brass; Zinc,,,9.99,/241/52/220402_GD_1,220402_GD_1.jpg,none,,,,,
220431_BL,220431,Earring TREND Blue,_BL,Blue,Jewellery,Earrings,Dangle,Iron; Shell; Steel; Thermoplastic Polyurethane; Zinc,,,9.99,/241/52/220431_BL_1,220431_BL_1.jpg,none,,,,,
220436_BM,220436,Earring TREND Bright Multicolor,_BM,Bright Multicolor,Jewellery,Earrings,Dangle,Cotton; Glass; Iron,Golden,,12.99,/241/52/220436_BM_1,220436_BM_1.jpg,none,,,,,
220461_BM,220461,Bracelet SUNSET JUNCTION Bright Multicolor,_BM,Bright Multicolor,Jewellery,Bracelets,Elastic Bracelet,Acrylic; Iron; Stone; Thermoplastic Polyurethane; Wood,Brushed Golden,,7.99,/241/52/220461_BM_1,220461_BM_1.jpg,none,,,,,
220485_BM,220485,Earring SUNSET JUNCTION Bright Multicolor,_BM,Bright Multicolor,Jewellery,Earrings,Dangle,Acrylic; Iron; Stone,Other,,5.99,/241/52/220485_BM_1,220485_BM_1.jpg,none,,,,,
220490_BM,220490,Earring SUNSET JUNCTION Bright Multicolor,_BM,Bright Multicolor,Jewellery,Earrings,Stud,Acrylic,Other,,8.99,/241/52/220490_BM_1,220490_BM_1.jpg,none,,,,,
220615_GD,220615,Bracelet FORMENTERA Gold,_GD,Gold,Jewellery,Bracelets,Cuff,Iron,Golden,,8.99,/241/52/220615_GD_1,220615_GD_1.jpg,none,,,,,
220619_PK,220619,Earring FORMENTERA Pink,_PK,Pink,Jewellery,Earrings,Dangle,Ceramic; Iron,Worn Gold,,5.99,/241/52/220619_PK_1,220619_PK_1.jpg,none,,,,,
220718_HM,220718,Necklace FORMENTERA Halftone Multicolor,_HM,Halftone Multicolor,Jewellery,Necklaces,Pendant,Brass; Iron; Zinc; Acrylic,,,10.99,/241/52/220718_HM_1,220718_HM_1.jpg,none,,,,,
220729_NV,220729,Earring FORMENTERA Navy,_NV,Navy,Jewellery,Earrings,Hoop Earrings,Iron; Resin; Thermoplastic Polyurethane,Worn Gold,,5.99,/241/52/220729_NV_1,220729_NV_1.jpg,none,,,,,
220738_GD,220738,Bracelet FORMENTERA Gold,_GD,Gold,Jewellery,Bracelets,Cuff,Brass,Worn Gold,,7.99,/241/52/220738_GD_1,220738_GD_1.jpg,none,,,,,
220742_HM,220742,Set of Necklaces FORMENTERA Halftone Multicolor,_HM,Halftone Multicolor,Jewellery,Necklaces,Pendant,Glass; Iron; Thermoplastic Polyurethane; Zinc,,,10.99,/241/52/220742_HM_2y,220742_HM_2y.jpg,none,,,,,
220775_LB,220775,Set of Bracelets FORMENTERA Light Blue,_LB,Light Blue,Jewellery,Bracelets,Elastic Bracelet,Brass; Resin; Thermoplastic Polyurethane; Zinc,,,9.99,/241/52/220775_LB_1,220775_LB_1.jpg,none,,,,,
220779_BL,220779,Earring IDENTITY Blue,_BL,Blue,Jewellery,Earrings,Dangle,Brass; Glass; Thermoplastic Polyurethane; Zinc,Worn Gold,,7.99,/241/52/220779_BL_1,220779_BL_1.jpg,none,,,,,
220784_BM,220784,Earring IDENTITY Bright Multicolor,_BM,Bright Multicolor,Jewellery,Earrings,Dangle,Acrylic; Copper; Enamel; Zinc,,,9.99,/241/52/220784_BM_1,220784_BM_1.jpg,none,,,,,
220788_GD,220788,Earring FORMENTERA Gold,_GD,Gold,Jewellery,Earrings,Dangle,Iron,Brushed Golden,,5.99,/241/52/220788_GD_1,220788_GD_1.jpg,none,,,,,
220800_WT,220800,Earring Golden Basics White,_WT,White,Jewellery,Earrings,Dangle,Zinc; Shell,Brushed Golden,,5.99,/242/52/220800_WT_1,220800_WT_1.jpg,none,,,,,
220806_WT,220806,Set of Bracelets Golden Basics White,_WT,White,Jewellery,Bracelets,Elastic Bracelet,Elastane; Rubber; Shell; Thermoplastic Polyurethane; Zinc,Golden,,8.99,/242/52/220806_WT_1,220806_WT_1.jpg,none,,,,,
220811_WT,220811,Bracelet Golden Basics White,_WT,White,Jewellery,Bracelets,Elastic Bracelet,Shell; Thermoplastic Polyurethane; Zinc; Elastane; Glass,Golden,,5.99,/242/52/220811_WT_1,220811_WT_1.jpg,none,,,,,
220818_WT,220818,Necklace Golden Basics White,_WT,White,Jewellery,Necklaces,Pendant,Acrylic; Copper; Shell,Golden,,12.99,/242/52/220818_WT_1,220818_WT_1.jpg,none,,,,,
220825_WT,220825,Set of Necklaces Golden Basics White,_WT,White,Jewellery,Necklaces,Pendant,Copper; Shell; Zinc,Golden,,12.99,/242/52/220825_WT_1,220825_WT_1.jpg,none,,,,,
220833_WT,220833,Earring Golden Basics White,_WT,White,Jewellery,Earrings,Dangle,Iron; Shell,Brushed Golden,,5.99,/242/52/220833_WT_1,220833_WT_1.jpg,none,,,,,
220838_WT,220838,Earring Golden Basics White,_WT,White,Jewellery,Earrings,Hoop Earrings,Shell; Thermoplastic Polyurethane; Brass,Golden,,5.99,/241/52/220838_WT_1,220838_WT_1.jpg,none,,,,,
220843_WT,220843,Ring Golden Basics White,_WT,White,Jewellery,Rings,Cocktail,Thermoplastic Polyurethane; Zinc,Golden,,5.99,/242/52/220843_WT_1,220843_WT_1.jpg,none,,,,,
220848_WT,220848,Earring Golden Basics White,_WT,White,Jewellery,Earrings,Dangle,Shell; Zinc,Golden,,5.99,/242/52/220848_WT_1,220848_WT_1.jpg,none,,,,,
220854_WT,220854,Earring Golden Basics White,_WT,White,Jewellery,Earrings,Dangle,Iron; Shell,Golden,,5.99,/242/52/220854_WT_1,220854_WT_1.jpg,none,,,,,
220860_WT,220860,Bracelet Golden Basics White,_WT,White,Jewellery,Bracelets,Adjustable Bracelet,Brass; Iron; Resin; Shell,Golden,,7.99,/242/52/220860_WT_1,220860_WT_1.jpg,none,,,,,
220867_WT,220867,Necklace Golden Basics White,_WT,White,Jewellery,Necklaces,Pendant,Brass; Thermoplastic Polyurethane; Zinc,,,10.99,/242/52/220867_WT_1,220867_WT_1.jpg,none,,,,,
220873_IV,220873,Necklace Golden Basics Extra Ivory,_IV,Ivory,Jewellery,Necklaces,Pendant,Brass; Enamel; Iron,,,10.99,/241/52/220873_IV_1,220873_IV_1.jpg,none,,,,,
220879_BG,220879,Necklace MADEIRA Beige,_BG,Beige,Jewellery,Necklaces,Bib Necklace,Cotton; Wood,Golden,,19.99,/241/52/220879_BG_1,220879_BG_1.jpg,none,,,,,
220909_WT,220909,Bracelet Golden Basics White,_WT,White,Jewellery,Bracelets,Non-Adjustable Bracelet,Iron; Shell,Golden,,7.99,/242/52/220909_WT_1,220909_WT_1.jpg,none,,,,,
220914_GD,220914,Set of Rings Golden Basics Gold,_GD,Gold,Jewellery,Rings,Fantasy,Zinc,Golden,,6.99,/242/52/220914_GD_1,220914_GD_1.jpg,none,,,,,
220920_GD,220920,Set of Earrings Golden Basics Gold,_GD,Gold,Jewellery,Earrings,Hoop Earrings,Zinc,Golden,,7.99,/242/52/220920_GD_1,220920_GD_1.jpg,none,,,,,
221011_IV,221011,Earring Golden Basics Extra Ivory,_IV,Ivory,Jewellery,Earrings,Hoop Earrings,Enamel; Zinc,Golden,,5.99,/241/52/221011_IV_1,221011_IV_1.jpg,none,,,,,
221018_WT,221018,Earring Golden Basics White,_WT,White,Jewellery,Earrings,Drop,Copper; Iron; Shell,Golden,,7.99,/242/52/221018_WT_1,221018_WT_1.jpg,none,,,,,
221023_IV,221023,Necklace Golden Basics Extra Ivory,_IV,Ivory,Jewellery,Necklaces,Pendant,Copper; Enamel; Iron; Zinc,,,10.99,/241/52/221023_IV_1,221023_IV_1.jpg,none,,,,,
221030_IV,221030,Earring Golden Basics Extra Ivory,_IV,Ivory,Jewellery,Earrings,Dangle,Copper; Enamel; Iron; Zinc,Brushed Golden,,7.99,/241/52/221030_IV_1,221030_IV_1.jpg,none,,,,,
221037_WT,221037,Earring Golden Basics White,_WT,White,Jewellery,Earrings,Dangle,Iron; Shell,Brushed Golden,,5.99,/242/52/221037_WT_1,221037_WT_1.jpg,none,,,,,
221043_WT,221043,Earring Golden Basics White,_WT,White,Jewellery,Earrings,Hoop Earrings,Iron; Shell; Thermoplastic Polyurethane,Golden,,5.99,/242/52/221043_WT_1,221043_WT_1.jpg,none,,,,,
221048_WT,221048,Necklace Golden Basics White,_WT,White,Jewellery,Necklaces,Pendant,Acrylic; Iron; Shell; Zinc,Golden,,12.99,/242/52/221048_WT_1,221048_WT_1.jpg,none,,,,,
221053_WT,221053,Set of Bracelets Golden Basics White,_WT,White,Jewellery,Bracelets,Elastic Bracelet,Shell; Thermoplastic Polyurethane; Zinc,Golden,,8.99,/241/52/221053_WT_1,221053_WT_1.jpg,none,,,,,
221082_GD,221082,Earring GLDN DEL Gold,_GD,Gold,Jewellery,Earrings,Hoop Earrings,Glass; Steel; Zinc,Golden,,5.99,/242/52/221082_GD_2y,221082_GD_2y.jpg,none,,,,,
221082_SV,221082,Earring SILVER D Silver,_SV,Silver,Jewellery,Earrings,Hoop Earrings,Glass; Steel; Zinc,Golden,,5.99,/242/52/221082_SV_1,221082_SV_1.jpg,none,,,,,
221084_GD,221084,Earring GLDN DEL Gold,_GD,Gold,Jewellery,Earrings,Stud,Glass; Steel; Zinc,Golden,,4.99,/242/52/221084_GD_1,221084_GD_1.jpg,none,,,,,
221090_GD,221090,Earring GLDN DEL Gold,_GD,Gold,Jewellery,Earrings,Dangle,Brass; Zirconium,Golden,,7.99,/242/52/221090_GD_1,221090_GD_1.jpg,none,,,,,
221090_SV,221090,Earring SILVER D Silver,_SV,Silver,Jewellery,Earrings,Dangle,Brass; Zirconium,Golden,,7.99,/242/52/221090_SV_1,221090_SV_1.jpg,none,,,,,
221093_SV,221093,Earring SILVER D Silver,_SV,Silver,Jewellery,Earrings,Dangle,Brass,Rodhium,,7.99,/242/52/221093_SV_1,221093_SV_1.jpg,none,,,,,
221098_GD,221098,Bracelet GLDN DEL Gold,_GD,Gold,Jewellery,Bracelets,Non-Adjustable Bracelet,Brass,Golden,,5.99,/242/52/221098_GD_1,221098_GD_1.jpg,none,,,,,
221098_SV,221098,Bracelet SILVER D Silver,_SV,Silver,Jewellery,Bracelets,Non-Adjustable Bracelet,Brass,Silver,,5.99,/242/52/221098_SV_1,221098_SV_1.jpg,none,,,,,
221105_GD,221105,Ring GLDN DEL Gold,_GD,Gold,Jewellery,Rings,Cocktail,Acrylic; Brass; Zirconium,Golden,,5.99,/242/52/221105_GD_1,221105_GD_1.jpg,none,,,,,
221105_SV,221105,Ring SILVER D Silver,_SV,Silver,Jewellery,Rings,Cocktail,Acrylic; Brass; Zirconium,Golden,,5.99,/242/52/221105_SV_1,221105_SV_1.jpg,none,,,,,
221109_GD,221109,Earring GLDN DEL Gold,_GD,Gold,Jewellery,Earrings,Dangle,Brass,,,9.99,/242/52/221109_GD_1,221109_GD_1.jpg,none,,,,,
221114_GD,221114,Earring GLDN DEL Gold,_GD,Gold,Jewellery,Earrings,Dangle,Acrylic; Brass; Iron; Pearl; Thermoplastic Polyurethane,Golden,,5.99,/242/52/221114_GD_1,221114_GD_1.jpg,none,,,,,
221114_SV,221114,Earring SILVER D Silver,_SV,Silver,Jewellery,Earrings,Dangle,Acrylic; Brass; Iron; Pearl; Thermoplastic Polyurethane,Golden,,5.99,/242/52/221114_SV_2y,221114_SV_2y.jpg,none,,,,,
221116_GD,221116,Necklace GLDN DEL Gold,_GD,Gold,Jewellery,Necklaces,Beaded Necklace,Iron; Zinc,,,10.99,/242/52/221116_GD_1,221116_GD_1.jpg,none,,,,,
221120_GD,221120,Earring GLDN DEL Gold,_GD,Gold,Jewellery,Earrings,Dangle,Iron,Golden,,5.99,/242/52/221120_GD_1,221120_GD_1.jpg,none,,,,,
221120_SV,221120,Earring SILVER D Silver,_SV,Silver,Jewellery,Earrings,Dangle,Iron,Golden,,5.99,/242/52/221120_SV_1,221120_SV_1.jpg,none,,,,,
221124_GD,221124,Earring GLDN DEL Gold,_GD,Gold,Jewellery,Earrings,Dangle,Iron; Zinc,,,9.99,/242/52/221124_GD_1,221124_GD_1.jpg,none,,,,,
221148_BM,221148,Earring TROPICAL GEMS Bright Multicolor,_BM,Bright Multicolor,Jewellery,Earrings,Tassel Earring,Glass; Iron; Thermoplastic Polyurethane,Golden,,8.99,/241/52/221148_BM_1,221148_BM_1.jpg,none,,,,,
221160_BM,221160,Earring TROPICAL GEMS Bright Multicolor,_BM,Bright Multicolor,Jewellery,Earrings,Dangle,Iron; Shell; Zinc,Golden,,7.99,/241/52/221160_BM_1,221160_BM_1.jpg,none,,,,,
221181_IV,221181,Earring Golden Basics Extra Ivory,_IV,Ivory,Jewellery,Earrings,Dangle,Enamel; Iron,Brushed Golden,,5.99,/241/52/221181_IV_1,221181_IV_1.jpg,none,,,,,
221239_BM,221239,Necklace TROPICAL GEMS Bright Multicolor,_BM,Bright Multicolor,Jewellery,Necklaces,Beaded Necklace,Enamel; Glass; Shell; Stone; Zinc,,,10.99,/241/52/221239_BM_1,221239_BM_1.jpg,none,,,,,
221244_BM,221244,Bracelet TROPICAL GEMS Bright Multicolor,_BM,Bright Multicolor,Jewellery,Bracelets,Elastic Bracelet,Elastane; Enamel; Glass; Shell; Thermoplastic Polyurethane,Golden,,7.99,/241/52/221244_BM_1,221244_BM_1.jpg,none,,,,,
221249_BM,221249,Bracelet TROPICAL GEMS Bright Multicolor,_BM,Bright Multicolor,Jewellery,Bracelets,Elastic Bracelet,Acrylic; Enamel; Glass; Thermoplastic Polyurethane; Zinc,Golden,,5.99,/241/52/221249_BM_1,221249_BM_1.jpg,none,,,,,
221254_BM,221254,Set of Earrings TROPICAL GEMS Bright Multicolor,_BM,Bright Multicolor,Jewellery,Earrings,Hoop Earrings,Brass; Enamel; Glass; Shell; Zinc,Golden,,8.99,/241/52/221254_BM_1,221254_BM_1.jpg,none,,,,,
221258_GD,221258,Ring GLDN DEL Gold,_GD,Gold,Jewellery,Rings,Band Ring,Brass,Golden,,5.99,/242/52/221258_GD_1,221258_GD_1.jpg,none,,,,,
221258_SV,221258,Ring SILVER D Silver,_SV,Silver,Jewellery,Rings,Band Ring,Brass,Golden,,5.99,/242/52/221258_SV_1,221258_SV_1.jpg,none,,,,,
221262_BM,221262,Bracelet TROPICAL GEMS Bright Multicolor,_BM,Bright Multicolor,Jewellery,Bracelets,Elastic Bracelet,Glass; Shell; Thermoplastic Polyurethane,Golden,,5.99,/241/52/221262_BM_1,221262_BM_1.jpg,none,,,,,
221268_GD,221268,Ring GLDN DEL Gold,_GD,Gold,Jewellery,Rings,Cocktail,Brass; Zirconium,Golden,,6.99,/242/52/221268_GD_1,221268_GD_1.jpg,none,,,,,
221276_GD,221276,Earring GLDN DEL Gold,_GD,Gold,Jewellery,Earrings,Dangle,Brass; Zirconium,Golden,,7.99,/242/52/221276_GD_1,221276_GD_1.jpg,none,,,,,
221280_BM,221280,Earring TROPICAL GEMS Bright Multicolor,_BM,Bright Multicolor,Jewellery,Earrings,Stud,Acrylic; Glass; Iron; Rubber; Thermoplastic Polyurethane; Zinc,Golden,,7.99,/241/52/221280_BM_1,221280_BM_1.jpg,none,,,,,
221282_GD,221282,Earring GLDN DEL Gold,_GD,Gold,Jewellery,Earrings,Dangle,Acrylic; Brass; Zirconium,Golden,,7.99,/242/52/221282_GD_1,221282_GD_1.jpg,none,,,,,
221282_SV,221282,Earring SILVER D Silver,_SV,Silver,Jewellery,Earrings,Dangle,Zirconium; Acrylic; Brass,Golden,,7.99,/242/52/221282_SV_1,221282_SV_1.jpg,none,,,,,
221290_BM,221290,Necklace TROPICAL GEMS Bright Multicolor,_BM,Bright Multicolor,Jewellery,Necklaces,Beaded Necklace,Glass; Shell,Golden,,12.99,/241/52/221290_BM_1,221290_BM_1.jpg,none,,,,,
221297_BM,221297,Earring TROPICAL GEMS Bright Multicolor,_BM,Bright Multicolor,Jewellery,Earrings,Hoop Earrings,Acrylic; Glass; Iron,Golden,,7.99,/241/52/221297_BM_1,221297_BM_1.jpg,none,,,,,
221447_BL,221447,Bracelet Arm Sea Blue,_BL,Blue,Jewellery,Bracelets,Non-Adjustable Bracelet,Stone; Zinc,Other,,7.99,/242/52/221447_BL_1,221447_BL_1.jpg,none,,,,,
221453_BM,221453,Key Chain FASHION SUPPLEMENTS Bright Multicolor,_BM,Bright Multicolor,Jewellery,Key chains,Figures,Glass; Iron,,,9.99,/242/52/221453_BM_1,221453_BM_1.jpg,none,,,,,
221476_BG,221476,Bracelet Arm Sand Beige,_BG,Beige,Jewellery,Bracelets,Adjustable Bracelet,Cotton; Glass; Iron; Thermoplastic Polyurethane,Golden,,7.99,/242/52/221476_BG_1,221476_BG_1.jpg,none,,,,,
221476_BL,221476,Bracelet Arm Sea Blue,_BL,Blue,Jewellery,Bracelets,Adjustable Bracelet,Cotton; Glass; Iron; Thermoplastic Polyurethane,Golden,,7.99,/242/52/221476_BL_1,221476_BL_1.jpg,none,,,,,
221479_PU,221479,Bracelet Arm Sand Purple,_PU,Purple,Jewellery,Bracelets,Adjustable Bracelet,Brass; Polyester; Thermoplastic Polyurethane; Zinc,Golden,,5.99,/242/52/221479_PU_1,221479_PU_1.jpg,none,,,,,
221500_BL,221500,Bracelet Arm Sea Blue,_BL,Blue,Jewellery,Bracelets,Adjustable Bracelet,Brass; Polyester; Zinc; Zirconium,Golden,,5.99,/242/52/221500_BL_1,221500_BL_1.jpg,none,,,,,
221510_HM,221510,Bracelet Arm Sand Halftone Multicolor,_HM,Halftone Multicolor,Jewellery,Bracelets,Adjustable Bracelet,Polyester; Thermoplastic Polyurethane; Zinc,Golden,,5.99,/242/52/221510_HM_1,221510_HM_1.jpg,none,,,,,
221517_BL,221517,Bracelet Arm Sea Blue,_BL,Blue,Jewellery,Bracelets,Adjustable Bracelet,Copper; Glass; Pearl; Polyamide; Zinc,Golden,,5.99,/242/52/221517_BL_1,221517_BL_1.jpg,none,,,,,
221524_IV,221524,Key Chain FASHION SUPPLEMENTS Ivory,_IV,Ivory,Jewellery,Key chains,Charms,Thermoplastic Polyurethane; Zinc; Zinc,Golden,,8.99,/242/52/221524_IV_1,221524_IV_1.jpg,none,,,,,
221540_RD,221540,Key Chain FASHION SUPPLEMENTS Red,_RD,Red,Jewellery,Key chains,Figures,Shell; Steel; Zinc; Zinc,,,9.99,/242/52/221540_RD_1,221540_RD_1.jpg,none,,,,,
221547_IV,221547,Pin FASHION SUPPLEMENTS Ivory,_IV,Ivory,Jewellery,Pins,Flower,Iron; Stone; Zinc,Golden,,5.99,/242/52/221547_IV_1,221547_IV_1.jpg,none,,,,,
221562_BM,221562,Key Chain FASHION SUPPLEMENTS Bright Multicolor,_BM,Bright Multicolor,Jewellery,Key chains,Other Key-Chain,Iron; Shell; Zinc; Zinc,Golden,,12.99,/242/52/221562_BM_1,221562_BM_1.jpg,none,,,,,
221568_OR,221568,Key Chain FASHION SUPPLEMENTS Orange,_OR,Orange,Jewellery,Key chains,Figures,Glass; Iron; Zinc; Zinc; Acrylic,,,9.99,/242/52/221568_OR_1,221568_OR_1.jpg,none,,,,,
221581_HM,221581,Earring GLDN DEL Halftone Multicolor,_HM,Halftone Multicolor,Jewellery,Earrings,Dangle,Resin; Zinc; Zirconium,Golden,,7.99,/242/52/221581_HM_1,221581_HM_1.jpg,none,,,,,
221614_HM,221614,Bracelet GLDN DEL Halftone Multicolor,_HM,Halftone Multicolor,Jewellery,Bracelets,Adjustable Bracelet,Brass; Zirconium,Golden,,6.99,/242/52/221614_HM_1,221614_HM_1.jpg,none,,,,,
221618_HM,221618,Necklace GLDN DEL Halftone Multicolor,_HM,Halftone Multicolor,Jewellery,Necklaces,Y-Necklace,Zirconium; Brass,Golden,,12.99,/242/52/221618_HM_1,221618_HM_1.jpg,none,,,,,
221627_HM,221627,Earring GLDN DEL Halftone Multicolor,_HM,Halftone Multicolor,Jewellery,Earrings,Dangle,Brass; Zirconium,,,9.99,/242/52/221627_HM_1,221627_HM_1.jpg,none,,,,,
221632_HM,221632,Earring GLDN DEL Halftone Multicolor,_HM,Halftone Multicolor,Jewellery,Earrings,Dangle,Zinc; Zirconium,Golden,,7.99,/242/52/221632_HM_1,221632_HM_1.jpg,none,,,,,
221809_AQ,221809,Earring WATERMELON PARTY Aquamarine,_AQ,Aquamarine,Jewellery,Earrings,Dangle,Iron; Shell,Golden,,5.99,/242/52/221809_AQ_1,221809_AQ_1.jpg,none,,,,,
221818_BM,221818,Necklace WATERMELON PARTY Bright Multicolor,_BM,Bright Multicolor,Jewellery,Necklaces,Beaded Necklace,Stone; Pearl; Zinc; Copper; Shell; Thermoplastic Polyurethane,,,10.99,/242/52/221818_BM_1,221818_BM_1.jpg,none,,,,,
221825_CL,221825,Bracelet WATERMELON PARTY Coral,_CL,Coral,Jewellery,Bracelets,Anklet,Iron; Pearl; Resin; Zinc,Golden,,7.99,/242/52/221825_CL_1,221825_CL_1.jpg,none,,,,,
221831_BM,221831,Necklace WATERMELON PARTY Bright Multicolor,_BM,Bright Multicolor,Jewellery,Necklaces,Collar,Iron; Shell,Brushed Golden,,17.99,/242/52/221831_BM_1,221831_BM_1.jpg,none,,,,,
221838_CL,221838,Earring WATERMELON PARTY Coral,_CL,Coral,Jewellery,Earrings,Dangle,Iron; Shell,Golden,,8.99,/242/52/221838_CL_1,221838_CL_1.jpg,none,,,,,
221844_CL,221844,Earring WATERMELON PARTY Coral,_CL,Coral,Jewellery,Earrings,Dangle,Cotton; Glass; Iron; Polyurethane,,,9.99,/242/52/221844_CL_1,221844_CL_1.jpg,none,,,,,
221888_BM,221888,Earring WATERMELON PARTY Bright Multicolor,_BM,Bright Multicolor,Jewellery,Earrings,Hoop Earrings,Acrylic; Iron,Golden,,7.99,/242/52/221888_BM_1,221888_BM_1.jpg,none,,,,,
221888_CL,221888,Earring WATERMELON PARTY Coral,_CL,Coral,Jewellery,Earrings,Hoop Earrings,Acrylic; Iron,Golden,,7.99,/242/52/221888_CL_1,221888_CL_1.jpg,none,,,,,
221890_CL,221890,Earring WATERMELON PARTY Coral,_CL,Coral,Jewellery,Earrings,Dangle,Shell; Zinc,Worn Gold,,5.99,/242/52/221890_CL_1,221890_CL_1.jpg,none,,,,,
221917_TG,221917,Earring WATERMELON PARTY Pastel Green,_TG,Pastel Green,Jewellery,Earrings,Hoop Earrings,Acrylic; Iron; Shell; Zinc,Golden,,5.99,/242/52/221917_TG_1,221917_TG_1.jpg,none,,,,,
221985_BM,221985,Earring WATERMELON PARTY Bright Multicolor,_BM,Bright Multicolor,Jewellery,Earrings,Drop,Iron; Shell,Golden,,8.99,/242/52/221985_BM_1,221985_BM_1.jpg,none,,,,,
222003_CL,222003,Earring WATERMELON PARTY Coral,_CL,Coral,Jewellery,Earrings,Dangle,Iron; Shell,Brushed Golden,,5.99,/242/52/222003_CL_1,222003_CL_1.jpg,none,,,,,
222050_BM,222050,Earring WATERMELON PARTY Bright Multicolor,_BM,Bright Multicolor,Jewellery,Earrings,Hoop Earrings,Brass; Shell,Golden,,5.99,/242/52/222050_BM_1,222050_BM_1.jpg,none,,,,,
222063_BM,222063,Earring WATERMELON PARTY Bright Multicolor,_BM,Bright Multicolor,Jewellery,Earrings,Hoop Earrings,Acrylic; Iron; Shell,Golden,,5.99,/242/52/222063_BM_1,222063_BM_1.jpg,none,,,,,
222075_BM,222075,Earring WATERMELON PARTY Bright Multicolor,_BM,Bright Multicolor,Jewellery,Earrings,Hoop Earrings,Acrylic; Iron; Shell,Golden,,7.99,/242/52/222075_BM_1,222075_BM_1.jpg,none,,,,,
222082_CL,222082,Earring WATERMELON PARTY Coral,_CL,Coral,Jewellery,Earrings,Dangle,Iron; Shell,Golden,,5.99,/242/52/222082_CL_1,222082_CL_1.jpg,none,,,,,
222318_BM,222318,Key Chain FASHION SUPPLEMENTS Bright Multicolor,_BM,Bright Multicolor,Jewellery,Key chains,Other Key-Chain,Cotton; Enamel; Iron; Iron; Zinc; Zinc,,,9.99,/242/52/222318_BM_1,222318_BM_1.jpg,none,,,,,
222610_TG,222610,Earring WATERMELON PARTY Pastel Green,_TG,Pastel Green,Jewellery,Earrings,Hoop Earrings,Glass; Zinc,Golden,,7.99,/242/52/222610_TG_1,222610_TG_1.jpg,none,,,,,
2229890BM,222989,Ring LOOM BEADS Bright Multicolor,0BM,Bright Multicolor,Jewellery,Rings,Fantasy,Thermoplastic Polyurethane; Glass,Other,,7.99,/242/52/2229890BM_1,2229890BM_1.jpg,none,,,,,
222989_BM,222989,Ring LOOM BEADS Bright Multicolor,_BM,Bright Multicolor,Jewellery,Rings,Fantasy,Glass; Thermoplastic Polyurethane,Other,,7.99,/242/52/222989_BM_1,222989_BM_1.jpg,none,,,,,
222989_HM,222989,Ring LOOM BEADS Halftone Multicolor,_HM,Halftone Multicolor,Jewellery,Rings,Fantasy,Glass; Thermoplastic Polyurethane,Other,,7.99,/242/52/222989_HM_1,222989_HM_1.jpg,none,,,,,
222998_PM,222998,Earring SPIRIT Pastel Multicolor,_PM,Pastel Multicolor,Jewellery,Earrings,Dangle,Iron; Stone; Zinc,Matte Golden,,7.99,/242/52/222998_PM_1,222998_PM_1.jpg,none,,,,,
223005_PE,223005,Earring NEW CLASSIC Pearl,_PE,Pearl,Jewellery,Earrings,Stud,Acrylic,Golden,,5.99,/242/52/223005_PE_1,223005_PE_1.jpg,none,,,,,
223011_PM,223011,Earring SPIRIT Pastel Multicolor,_PM,Pastel Multicolor,Jewellery,Earrings,Hoop Earrings,Cork; Stone; Iron; Zinc; Acrylic,Matte Golden,,7.99,/242/52/223011_PM_1,223011_PM_1.jpg,none,,,,,
223017_PM,223017,Necklace SPIRIT Pastel Multicolor,_PM,Pastel Multicolor,Jewellery,Necklaces,Chain,Cork; Iron; Brass; Stone; Pearl; Acrylic,Golden,,12.99,/242/52/223017_PM_1,223017_PM_1.jpg,none,,,,,
223027_DN,223027,Bracelet SPIRIT Dark Green,_DN,Dark Green,Jewellery,Bracelets,Elastic Bracelet,Stone; Thermoplastic Polyurethane; Iron; Acrylic,Matte Golden,,7.99,/242/52/223027_DN_1,223027_DN_1.jpg,none,,,,,
223057_PM,223057,Earring SPIRIT Pastel Multicolor,_PM,Pastel Multicolor,Jewellery,Earrings,Dangle,Brass; Iron; Resin; Stone; Thermoplastic Polyurethane,Matte Golden,,7.99,/242/52/223057_PM_1,223057_PM_1.jpg,none,,,,,
223062_PM,223062,Necklace SPIRIT Pastel Multicolor,_PM,Pastel Multicolor,Jewellery,Necklaces,Chain,Brass; Resin; Stone; Thermoplastic Polyurethane; Zinc,Matte Golden,,12.99,/242/52/223062_PM_1,223062_PM_1.jpg,none,,,,,
223072_PH,223072,Necklace SPIRIT Peach,_PH,Peach,Jewellery,Necklaces,Chain,Brass; Iron; Zinc; Zirconium,Matte Golden,,12.99,/242/52/223072_PH_1,223072_PH_1.jpg,none,,,,,
223119_GD,223119,Earring SPIRIT Gold,_GD,Gold,Jewellery,Earrings,Hoop Earrings,Zinc,Matte Golden,,5.99,/242/52/223119_GD_1,223119_GD_1.jpg,none,,,,,
223123_PM,223123,Set of Earrings SPIRIT Pastel Multicolor,_PM,Pastel Multicolor,Jewellery,Earrings,Hoop Earrings,Pearl; Steel; Thermoplastic Polyurethane; Zinc,Matte Golden,,7.99,/242/52/223123_PM_1,223123_PM_1.jpg,none,,,,,
223209_BM,223209,Necklace MARBLEMANIA Bright Multicolor,_BM,Bright Multicolor,Jewellery,Necklaces,Beaded Necklace,Glass; Polyester; Acrylic,Other,,12.99,/242/52/223209_BM_1,223209_BM_1.jpg,none,,,,,
223216_GD,223216,Pin FASHION SUPPLEMENTS Gold,_GD,Gold,Jewellery,Pins,Pin,Zinc; Brass,Golden,,4.99,/242/52/223216_GD_1,223216_GD_1.jpg,none,,,,,
223230_BM,223230,Necklace MARBLEMANIA Bright Multicolor,_BM,Bright Multicolor,Jewellery,Necklaces,Pendant,Polyamide; Glass; Acrylic; Stone; Enamel; Iron; Cork,,,10.99,/242/52/223230_BM_1,223230_BM_1.jpg,none,,,,,
223242_DN,223242,Earring TREND Dark Green,_DN,Dark Green,Jewellery,Earrings,Stud,Cork; Glass; Cotton; Thermoplastic Polyurethane; Iron,Other,,12.99,/242/52/223242_DN_1,223242_DN_1.jpg,none,,,,,
223242_WT,223242,Earring TREND White,_WT,White,Jewellery,Earrings,Stud,Cork; Thermoplastic Polyurethane; Iron; Glass; Cotton,Other,,12.99,/242/52/223242_WT_1,223242_WT_1.jpg,none,,,,,
223252_GD,223252,Earring TREND Gold,_GD,Gold,Jewellery,Earrings,Dangle,Steel; Iron,Worn Gold,,12.99,/242/52/223252_GD_1,223252_GD_1.jpg,none,,,,,
223257_GD,223257,Earring TREND Gold,_GD,Gold,Jewellery,Earrings,Drop,Steel; Zinc; Brass,,,9.99,/242/52/223257_GD_1,223257_GD_1.jpg,none,,,,,
223263_HM,223263,Bracelet MARBLEMANIA Halftone Multicolor,_HM,Halftone Multicolor,Jewellery,Bracelets,Non-Adjustable Bracelet,Cork; Thermoplastic Polyurethane; Resin,Other,,7.99,/242/52/223263_HM_1,223263_HM_1.jpg,none,,,,,
223269_GD,223269,Earring TREND Gold,_GD,Gold,Jewellery,Earrings,Hoop Earrings,Metal Fitting,Worn Gold,,12.99,/242/52/223269_GD_1,223269_GD_1.jpg,none,,,,,
223276_FU,223276,Ring MARBLEMANIA Fuchsia,_FU,Fuchsia,Jewellery,Rings,Band Ring,Resin,Other,,5.99,/242/52/223276_FU_1,223276_FU_1.jpg,none,,,,,
223287_HM,223287,Earring MARBLEMANIA Halftone Multicolor,_HM,Halftone Multicolor,Jewellery,Earrings,Dangle,Iron; Thermoplastic Polyurethane,Other,,7.99,/242/52/223287_HM_1,223287_HM_1.jpg,none,,,,,
2233011BU,223301,Earring MONETT Burgundy,1BU,Burgundy,Jewellery,Earrings,Stud,Iron; Resin,Other,,5.99,/242/52/2233011BU_1,2233011BU_1.jpg,none,,,,,
223301_BL,223301,Earring ATMOSPHERE Blue,_BL,Blue,Jewellery,Earrings,Stud,Resin,Other,,5.99,/242/52/223301_BL_1,223301_BL_1.jpg,none,,,,,
223301_BU,223301,Earring MARBLEMANIA Burgundy,_BU,Burgundy,Jewellery,Earrings,Stud,Thermoplastic Polyurethane,Other,,5.99,/242/52/223301_BU_1,223301_BU_1.jpg,none,,,,,
223301_FU,223301,Earring MARBLEMANIA Fuchsia,_FU,Fuchsia,Jewellery,Earrings,Stud,Thermoplastic Polyurethane,Other,,5.99,/242/52/223301_FU_1,223301_FU_1.jpg,none,,,,,
223301_LK,223301,Earring MONETT Light Pink,_LK,Light Pink,Jewellery,Earrings,Stud,Resin; Iron,Other,,5.99,/242/52/223301_LK_1,223301_LK_1.jpg,none,,,,,
223301_MT,223301,Earring MONETT Mint,_MT,Mint,Jewellery,Earrings,Stud,Cork; Resin; Iron,Other,,5.99,/242/52/223301_MT_1,223301_MT_1.jpg,none,,,,,
223304_TQ,223304,Ring MARBLEMANIA Turquoise,_TQ,Turquoise,Jewellery,Rings,Band Ring,Thermoplastic Polyurethane,Other,,7.99,/242/52/223304_TQ_1,223304_TQ_1.jpg,none,,,,,
223317_WT,223317,Earring TREND White,_WT,White,Jewellery,Earrings,Dangle,Cork; Metal Fitting; Raffia; Glass,Other,,12.99,/242/52/223317_WT_2y,223317_WT_2y.jpg,none,,,,,
223318_EC,223318,Ring TREND Ecru,_EC,Ecru,Jewellery,Rings,Fantasy,Cork; Resin; Copper,,,9.99,/242/52/223318_EC_1,223318_EC_1.jpg,none,,,,,
223318_FG,223318,Ring TREND Forest Green,_FG,Forest Green,Jewellery,Rings,Fantasy,Cork; Resin; Copper,,,9.99,/242/52/223318_FG_1,223318_FG_1.jpg,none,,,,,
223318_HM,223318,Ring TREND Halftone Multicolor,_HM,Halftone Multicolor,Jewellery,Rings,Fantasy,Cork; Resin; Copper,,,9.99,/242/52/223318_HM_1,223318_HM_1.jpg,none,,,,,
223318_OR,223318,Ring TREND Orange,_OR,Orange,Jewellery,Rings,Fantasy,Cork; Resin; Copper,,,9.99,/242/52/223318_OR_1,223318_OR_1.jpg,none,,,,,
223323_FU,223323,Earring MARBLEMANIA Fuchsia,_FU,Fuchsia,Jewellery,Earrings,Dangle,Steel; Thermoplastic Polyurethane,Other,,7.99,/242/52/223323_FU_1,223323_FU_1.jpg,none,,,,,
223328_FU,223328,Earring MARBLEMANIA Fuchsia,_FU,Fuchsia,Jewellery,Earrings,Dangle,Iron; Resin; Cork,Other,,7.99,/242/52/223328_FU_1,223328_FU_1.jpg,none,,,,,
223355_WT,223355,Earring TREND White,_WT,White,Jewellery,Earrings,Clip Earrings,Cork; Straw; Thermoplastic Polyurethane; Wood; Shell; Zinc,Worn Gold,,15.99,/242/52/223355_WT_1y,223355_WT_1y.jpg,none,,,,,
223360_GD,223360,Earring TREND Gold,_GD,Gold,Jewellery,Earrings,Stud,Cork; Zinc,Worn Gold,,12.99,/242/52/223360_GD_1,223360_GD_1.jpg,none,,,,,
223372_GD,223372,Earring TREND Gold,_GD,Gold,Jewellery,Earrings,Stud,Cork; Brass; Thermoplastic Polyurethane; Zinc,,,9.99,/242/52/223372_GD_1,223372_GD_1.jpg,none,,,,,
223416_DM,223416,Bracelet TREND Dark Multicolor,_DM,Dark Multicolor,Jewellery,Bracelets,Bangle,Cork; Resin; Brass; Buffalo Bone,Other,,17.99,/242/52/223416_DM_1,223416_DM_1.jpg,none,,,,,
223475_RD,223475,Necklace LOOM BEADS Red,_RD,Red,Jewellery,Necklaces,Beaded Necklace,Glass; Iron; Cotton,Golden,,12.99,/242/52/223475_RD_1,223475_RD_1.jpg,none,,,,,
223681_BR,223681,Earring MUSTANG Brick Red,_BR,Brick Red,Jewellery,Earrings,Hoop Earrings,Cork; Acrylic; Resin; Iron,Antik Golden,,7.99,/242/52/223681_BR_1,223681_BR_1.jpg,none,,,,,
223687_BK,223687,Earring Milagro Black,_BK,Black,Jewellery,Earrings,Stud,Cork; Resin; Zinc,Antik Golden,,5.99,/242/52/223687_BK_1,223687_BK_1.jpg,none,,,,,
223687_BN,223687,Earring MUSTANG Brown,_BN,Brown,Jewellery,Earrings,Stud,Cork; Zinc; Resin,Antik Golden,,5.99,/242/52/223687_BN_1,223687_BN_1.jpg,none,,,,,
223690_BR,223690,Earring MUSTANG Brick Red,_BR,Brick Red,Jewellery,Earrings,Hoop Earrings,Acrylic; Cork,Other,,7.99,/242/52/223690_BR_1,223690_BR_1.jpg,none,,,,,
223698_HM,223698,Necklace MUSTANG Halftone Multicolor,_HM,Halftone Multicolor,Jewellery,Necklaces,Pendant,Cork; Stone; Iron; Acrylic; Zinc; Resin,Antik Golden,,15.99,/242/52/223698_HM_1,223698_HM_1.jpg,none,,,,,
223704_LB,223704,Earring MUSTANG Light Blue,_LB,Light Blue,Jewellery,Earrings,Hoop Earrings,Acrylic; Zinc,Antik Golden,,7.99,/242/52/223704_LB_1,223704_LB_1.jpg,none,,,,,
223708_HM,223708,Bracelet MUSTANG Halftone Multicolor,_HM,Halftone Multicolor,Jewellery,Bracelets,Non-Adjustable Bracelet,Cork; Zinc; Stone; Thermoplastic Polyurethane; Steel,Antik Golden,,7.99,/242/52/223708_HM_1,223708_HM_1.jpg,none,,,,,
223727_SV,223727,Set of Necklaces silver basics EXTRA Silver,_SV,Silver,Jewellery,Necklaces,Chain,Cork; Zinc; Brass,Rodhium,,12.99,/242/52/223727_SV_1,223727_SV_1.jpg,none,,,,,
223738_SV,223738,Necklace silver basics EXTRA Silver,_SV,Silver,Jewellery,Necklaces,Beaded Necklace,Cork; Zinc; Brass; Thermoplastic Polyurethane,Rodhium,,12.99,/242/52/223738_SV_1,223738_SV_1.jpg,none,,,,,
223745_HM,223745,Necklace MUSTANG Halftone Multicolor,_HM,Halftone Multicolor,Jewellery,Necklaces,Pendant,Resin; Cork; Zinc; Stone; Thermoplastic Polyurethane; Iron,Antik Golden,,12.99,/242/52/223745_HM_1,223745_HM_1.jpg,none,,,,,
223750_HM,223750,Necklace MUSTANG Halftone Multicolor,_HM,Halftone Multicolor,Jewellery,Necklaces,Pendant,Cork; Brass; Stone; Resin,Antik Golden,,12.99,/242/52/223750_HM_1,223750_HM_1.jpg,none,,,,,
223754_BR,223754,Ring MUSTANG Brick Red,_BR,Brick Red,Jewellery,Rings,Cocktail,Cork; Brass; Acrylic,Antik Golden,,4.99,/242/52/223754_BR_1,223754_BR_1.jpg,none,,,,,
223758_LB,223758,Earring MUSTANG Light Blue,_LB,Light Blue,Jewellery,Earrings,Stud,Cork; Resin; Stainless Steel; Brass,Antik Golden,,5.99,/242/52/223758_LB_1,223758_LB_1.jpg,none,,,,,
223773_HM,223773,Ring MUSTANG Halftone Multicolor,_HM,Halftone Multicolor,Jewellery,Rings,Cocktail,Cork; Iron; Resin,Antik Golden,,6.99,/242/52/223773_HM_1,223773_HM_1.jpg,none,,,,,
223778_SV,223778,Earring silver basics EXTRA Silver,_SV,Silver,Jewellery,Earrings,Hoop Earrings,Zinc,Rodhium,,4.99,/242/52/223778_SV_1,223778_SV_1.jpg,none,,,,,
223785_HM,223785,Earring MUSTANG Halftone Multicolor,_HM,Halftone Multicolor,Jewellery,Earrings,Drop,Cork; Thermoplastic Polyurethane; Steel,Other,,7.99,/242/52/223785_HM_1,223785_HM_1.jpg,none,,,,,
223791_HM,223791,Bracelet MUSTANG Halftone Multicolor,_HM,Halftone Multicolor,Jewellery,Bracelets,Cuff,Cork; Thermoplastic Polyurethane; Zinc; Shell,Antik Golden,,12.99,/242/52/223791_HM_1,223791_HM_1.jpg,none,,,,,
223798_SV,223798,Earring silver basics EXTRA Silver,_SV,Silver,Jewellery,Earrings,Stud,Zinc,Rodhium,,5.99,/242/52/223798_SV_1,223798_SV_1.jpg,none,,,,,
223804_GY,223804,Earring MUSTANG Grey,_GY,Grey,Jewellery,Earrings,Dangle,Pearl; Cork; Resin; Zinc; Acrylic,Antik Golden,,15.99,/242/52/223804_GY_1,223804_GY_1.jpg,none,,,,,
223809_HM,223809,Necklace MUSTANG Halftone Multicolor,_HM,Halftone Multicolor,Jewellery,Necklaces,Collar,Cork; Zinc; Iron; Enamel,Antik Golden,,12.99,/242/52/223809_HM_1,223809_HM_1.jpg,none,,,,,
223814_SV,223814,Earring silver basics EXTRA Silver,_SV,Silver,Jewellery,Earrings,Dangle,Cork; Iron,Rodhium,,7.99,/242/52/223814_SV_1,223814_SV_1.jpg,none,,,,,
223819_SV,223819,Set of Rings silver basics EXTRA Silver,_SV,Silver,Jewellery,Rings,Band Ring,Zinc,Rodhium,,7.99,/242/52/223819_SV_1,223819_SV_1.jpg,none,,,,,
223824_SV,223824,Necklace silver basics EXTRA Silver,_SV,Silver,Jewellery,Necklaces,Chain,Cork; Zinc,,,10.99,/242/52/223824_SV_1,223824_SV_1.jpg,none,,,,,
223832_SV,223832,Ring SILVER BASICS Silver,_SV,Silver,Jewellery,Rings,Band Ring,Cork; Zinc,Rodhium,,6.99,/242/52/223832_SV_1,223832_SV_1.jpg,none,,,,,
223836_SV,223836,Earring SILVER BASICS Silver,_SV,Silver,Jewellery,Earrings,Hoop Earrings,Cork; Thermoplastic Polyurethane,Rodhium,,7.99,/242/52/223836_SV_1,223836_SV_1.jpg,none,,,,,
223841_RD,223841,Bracelet SILVER BASICS Red,_RD,Red,Jewellery,Bracelets,Bangle,Cork; Iron; Resin,Rodhium,,12.99,/242/52/223841_RD_1,223841_RD_1.jpg,none,,,,,
223846_SV,223846,Set of Earrings SILVER BASICS Silver,_SV,Silver,Jewellery,Earrings,Hoop Earrings,Zinc; Thermoplastic Polyurethane,Rodhium,,7.99,/242/52/223846_SV_1,223846_SV_1.jpg,none,,,,,
223853_SV,223853,Necklace SILVER BASICS Silver,_SV,Silver,Jewellery,Necklaces,Pendant,Camel Bone; Zinc; Brass,Rodhium,,12.99,/242/52/223853_SV_1,223853_SV_1.jpg,none,,,,,
223858_SV,223858,Earring SILVER BASICS Silver,_SV,Silver,Jewellery,Earrings,Dangle,Cork; Zinc,Rodhium,,5.99,/242/52/223858_SV_1,223858_SV_1.jpg,none,,,,,
223862_SV,223862,Set of Earrings SILVER BASICS Silver,_SV,Silver,Jewellery,Earrings,Ear Cuff,Cork; Thermoplastic Polyurethane; Iron,Rodhium,,5.99,/242/52/223862_SV_1,223862_SV_1.jpg,none,,,,,
223867_SV,223867,Earring SILVER BASICS Silver,_SV,Silver,Jewellery,Earrings,Stud,Zinc,Rodhium,,7.99,/242/52/223867_SV_1,223867_SV_1.jpg,none,,,,,
223882_GD,223882,Necklace DOMINICA Gold,_GD,Gold,Jewellery,Necklaces,Pendant,Zinc,,,10.99,/241/52/223882_GD_1,223882_GD_1.jpg,none,,,,,
223891_SV,223891,Earring SILVER BASICS Silver,_SV,Silver,Jewellery,Earrings,Hoop Earrings,Zinc,Rodhium,,5.99,/242/52/223891_SV_1,223891_SV_1.jpg,none,,,,,
223900_SV,223900,Earring SILVER BASICS Silver,_SV,Silver,Jewellery,Earrings,Hoop Earrings,Cork; Zinc,Rodhium,,5.99,/242/52/223900_SV_1,223900_SV_1.jpg,none,,,,,
223905_SV,223905,Earring SILVER BASICS Silver,_SV,Silver,Jewellery,Earrings,Hoop Earrings,Zinc,Rodhium,,5.99,/242/52/223905_SV_1,223905_SV_1.jpg,none,,,,,
223910_RD,223910,Necklace SILVER BASICS Red,_RD,Red,Jewellery,Necklaces,Beaded Necklace,Iron; Zinc; Acrylic,,,10.99,/242/52/223910_RD_1,223910_RD_1.jpg,none,,,,,
223923_SV,223923,Bracelet SILVER BASICS Silver,_SV,Silver,Jewellery,Bracelets,Cuff,Zinc,Rodhium,,8.99,/242/52/223923_SV_1,223923_SV_1.jpg,none,,,,,
223954_GD,223954,Earring GLDN DEL Gold,_GD,Gold,Jewellery,Earrings,Stud,Brass; Zinc; Pearl,,,9.99,/242/52/223954_GD_1,223954_GD_1.jpg,none,,,,,
224058_SV,224058,Jewellery SILVER BASICS Silver,_SV,Silver,Jewellery,Charms,Letter,Cork; Zinc,,,3.99,/242/52/224058_SV_1,224058_SV_1.jpg,none,,,,,
224272_LL,224272,Earring MONETT Lilac,_LL,Lilac,Jewellery,Earrings,Dangle,Resin; Iron,Golden,,5.99,/242/52/224272_LL_1,224272_LL_1.jpg,none,,,,,
224301_HM,224301,Necklace MONETT Halftone Multicolor,_HM,Halftone Multicolor,Jewellery,Necklaces,Bib Necklace,Cork; Resin; Thermoplastic Polyurethane; Acrylic; Iron; Zinc,Golden,,15.99,/242/52/224301_HM_1,224301_HM_1.jpg,none,,,,,
224307_BU,224307,Ring MONETT Burgundy,_BU,Burgundy,Jewellery,Rings,Cocktail,Resin; Zinc,Golden,,5.99,/242/52/224307_BU_1,224307_BU_1.jpg,none,,,,,
224311_BU,224311,Ring MONETT Burgundy,_BU,Burgundy,Jewellery,Rings,Cocktail,Thermoplastic Polyurethane,Other,,7.99,/242/52/224311_BU_1,224311_BU_1.jpg,none,,,,,
224311_LK,224311,Ring MONETT Light Pink,_LK,Light Pink,Jewellery,Rings,Cocktail,Thermoplastic Polyurethane,Other,,7.99,/242/52/224311_LK_1,224311_LK_1.jpg,none,,,,,
224311_MT,224311,Ring MONETT Mint,_MT,Mint,Jewellery,Rings,Cocktail,Thermoplastic Polyurethane,Other,,7.99,/242/52/224311_MT_1,224311_MT_1.jpg,none,,,,,
224316_HM,224316,Bracelet MONETT Halftone Multicolor,_HM,Halftone Multicolor,Jewellery,Bracelets,Elastic Bracelet,Thermoplastic Polyurethane,,,9.99,/242/52/224316_HM_1,224316_HM_1.jpg,none,,,,,
224336_HM,224336,Necklace MONETT Halftone Multicolor,_HM,Halftone Multicolor,Jewellery,Necklaces,Beaded Necklace,Resin; Copper; Zinc,,,10.99,/242/52/224336_HM_1,224336_HM_1.jpg,none,,,,,
224342_HM,224342,Necklace MONETT Halftone Multicolor,_HM,Halftone Multicolor,Jewellery,Necklaces,Beaded Necklace,Resin; Iron,Golden,,12.99,/242/52/224342_HM_1,224342_HM_1.jpg,none,,,,,
224384_MT,224384,Earring MONETT Mint,_MT,Mint,Jewellery,Earrings,Stud,Resin; Zinc,Golden,,7.99,/242/52/224384_MT_1,224384_MT_1.jpg,none,,,,,
224389_HM,224389,Earring MONETT Halftone Multicolor,_HM,Halftone Multicolor,Jewellery,Earrings,Hoop Earrings,Acrylic; Iron; Stone; Thermoplastic Polyurethane,Golden,,7.99,/242/52/224389_HM_1,224389_HM_1.jpg,none,,,,,
224396_BU,224396,Bracelet MONETT Burgundy,_BU,Burgundy,Jewellery,Bracelets,Cuff,Enamel; Zinc,Golden,,12.99,/242/52/224396_BU_1,224396_BU_1.jpg,none,,,,,
224402_HM,224402,Bracelet MONETT Halftone Multicolor,_HM,Halftone Multicolor,Jewellery,Bracelets,Elastic Bracelet,Stone; Cork; Thermoplastic Polyurethane; Acrylic,Golden,,6.99,/242/52/224402_HM_1,224402_HM_1.jpg,none,,,,,
224514_SV,224514,Ring SILVER D Silver,_SV,Silver,Jewellery,Rings,Band Ring,Brass; Zirconium,Silver,,5.99,/242/52/224514_SV_1,224514_SV_1.jpg,none,,,,,
224520_GD,224520,Bracelet GLDN DEL Gold,_GD,Gold,Jewellery,Bracelets,Non-Adjustable Bracelet,Zirconium; Brass,Golden,,5.99,/242/52/224520_GD_1,224520_GD_1.jpg,none,,,,,
224561_BK,224561,Earring Milagro Black,_BK,Black,Jewellery,Earrings,Dangle,Zinc; Iron; Glass; Cork,Brushed Golden,,7.99,/242/52/224561_BK_1,224561_BK_1.jpg,none,,,,,
224568_BK,224568,Earring Milagro Black,_BK,Black,Jewellery,Earrings,Stud,Zinc; Resin,Other,,8.99,/242/52/224568_BK_1,224568_BK_1.jpg,none,,,,,
224572_BK,224572,Earring Milagro Black,_BK,Black,Jewellery,Earrings,Dangle,Zinc; Brass; Resin,Golden,,8.99,/242/52/224572_BK_1,224572_BK_1.jpg,none,,,,,
224583_BK,224583,Bracelet Milagro Black,_BK,Black,Jewellery,Bracelets,Elastic Bracelet,Zinc; Rubber,Golden,,7.99,/242/52/224583_BK_1,224583_BK_1.jpg,none,,,,,
224589_BK,224589,Earring Milagro Black,_BK,Black,Jewellery,Earrings,Clip Earrings,Cork; Zinc; Enamel,Golden,,8.99,/242/52/224589_BK_1,224589_BK_1.jpg,none,,,,,
224594_BK,224594,Necklace Milagro Black,_BK,Black,Jewellery,Necklaces,Beaded Necklace,Cork; Iron; Zinc; Resin,Other,,15.99,/242/52/224594_BK_1,224594_BK_1.jpg,none,,,,,
224600_GD,224600,Earring Milagro Gold,_GD,Gold,Jewellery,Earrings,Hoop Earrings,Cork; Zinc,Golden,,7.99,/242/52/224600_GD_1,224600_GD_1.jpg,none,,,,,
224605_BK,224605,Set of Earrings Milagro Black,_BK,Black,Jewellery,Earrings,Stud,Cork; Zinc; Iron; Glass,,,9.99,/242/52/224605_BK_1,224605_BK_1.jpg,none,,,,,
224610_BK,224610,Earring Milagro Black,_BK,Black,Jewellery,Earrings,Stud,Iron; Brass; Enamel,Golden,,7.99,/242/52/224610_BK_1,224610_BK_1.jpg,none,,,,,
224616_BK,224616,Ring Milagro Black,_BK,Black,Jewellery,Rings,Fantasy,Thermoplastic Polyurethane; Zinc,Golden,,5.99,/242/52/224616_BK_1,224616_BK_1.jpg,none,,,,,
224616_BU,224616,Ring WESTERNP Burgundy,_BU,Burgundy,Jewellery,Rings,Fantasy,Thermoplastic Polyurethane; Zinc,Golden,,5.99,/242/52/224616_BU_1,224616_BU_1.jpg,none,,,,,
224617_BK,224617,Earring Milagro Black,_BK,Black,Jewellery,Earrings,Dangle,Brass,Golden,,7.99,/242/52/224617_BK_1,224617_BK_1.jpg,none,,,,,
224624_BK,224624,Ring Milagro Black,_BK,Black,Jewellery,Rings,Fantasy,Zinc; Thermoplastic Polyurethane,Golden,,6.99,/242/52/224624_BK_1,224624_BK_1.jpg,none,,,,,
224628_BK,224628,Bracelet Milagro Black,_BK,Black,Jewellery,Bracelets,Cuff,Cork; Brass,Golden,,8.99,/242/52/224628_BK_1,224628_BK_1.jpg,none,,,,,
224633_BK,224633,Bracelet Milagro Black,_BK,Black,Jewellery,Bracelets,Elastic Bracelet,Cork; Zinc; Glass,Golden,,5.99,/242/52/224633_BK_1,224633_BK_1.jpg,none,,,,,
224639_BK,224639,Earring Milagro Black,_BK,Black,Jewellery,Earrings,Dangle,Enamel; Zinc,Golden,,5.99,/242/52/224639_BK_1,224639_BK_1.jpg,none,,,,,
224650_BK,224650,Ring Milagro Black,_BK,Black,Jewellery,Rings,Band Ring,Zinc; Enamel; Cork,Golden,,4.99,/242/52/224650_BK_1,224650_BK_1.jpg,none,,,,,
224656_GD,224656,Ring Golden Basics Gold,_GD,Gold,Jewellery,Rings,Cocktail,Zinc,Golden,,5.99,/242/52/224656_GD_1,224656_GD_1.jpg,none,,,,,
224661_GD,224661,Necklace Golden Basics Gold,_GD,Gold,Jewellery,Necklaces,Beaded Necklace,Zinc; Copper,Golden,,10.99,/242/52/224661_GD_1,224661_GD_1.jpg,none,,,,,
224667_GD,224667,Set of Bracelets Golden Basics Gold,_GD,Gold,Jewellery,Bracelets,Elastic Bracelet,Cork; Zinc,Golden,,7.99,/242/52/224667_GD_1,224667_GD_1.jpg,none,,,,,
224673_GD,224673,Earring Golden Basics Gold,_GD,Gold,Jewellery,Earrings,Hoop Earrings,Cork; Zinc; Iron,Golden,,7.99,/242/52/224673_GD_1,224673_GD_1.jpg,none,,,,,
224679_GD,224679,Earring Golden Basics Gold,_GD,Gold,Jewellery,Earrings,Dangle,Iron,Golden,,5.99,/242/52/224679_GD_1,224679_GD_1.jpg,none,,,,,
224684_GD,224684,Earring Golden Basics Gold,_GD,Gold,Jewellery,Earrings,Dangle,Steel,Golden,,5.99,/242/52/224684_GD_1,224684_GD_1.jpg,none,,,,,
224721_HM,224721,Necklace NOMADA Halftone Multicolor,_HM,Halftone Multicolor,Jewellery,Necklaces,Pendant,Cork; Zinc; Resin; Copper; Stone,Golden,,12.99,/242/52/224721_HM_1,224721_HM_1.jpg,none,,,,,
224727_HM,224727,Bracelet NOMADA Halftone Multicolor,_HM,Halftone Multicolor,Jewellery,Bracelets,Bangle,Cork; Resin; Zinc,,,9.99,/242/52/224727_HM_2y,224727_HM_2y.jpg,none,,,,,
224733_BL,224733,Necklace NOMADA Blue,_BL,Blue,Jewellery,Necklaces,Pendant,Cork; Zinc; Iron; Stone,Golden,,12.99,/242/52/224733_BL_2y,224733_BL_2y.jpg,none,,,,,
224745_HM,224745,Earring NOMADA Halftone Multicolor,_HM,Halftone Multicolor,Jewellery,Earrings,Stud,Cork; Resin; Iron; Zinc,Golden,,5.99,/242/52/224745_HM_1,224745_HM_1.jpg,none,,,,,
224753_LG,224753,Ring NOMADA Light Grey,_LG,Light Grey,Jewellery,Rings,Band Ring,Cork; Stone; Zinc,Golden,,4.99,/242/52/224753_LG_1,224753_LG_1.jpg,none,,,,,
224768_HM,224768,Set of Necklaces NOMADA Halftone Multicolor,_HM,Halftone Multicolor,Jewellery,Necklaces,Pendant,Cork; Stone; Brass; Zinc,Golden,,12.99,/242/52/224768_HM_1,224768_HM_1.jpg,none,,,,,
224777_LB,224777,Earring NOMADA Light Blue,_LB,Light Blue,Jewellery,Earrings,Hoop Earrings,Cotton; Stone; Brass,Golden,,8.99,/242/52/224777_LB_1,224777_LB_1.jpg,none,,,,,
224789_TB,224789,Earring NOMADA Pastel Blue,_TB,Pastel Blue,Jewellery,Earrings,Hoop Earrings,Acrylic; Stone; Brass; Iron,Golden,,5.99,/242/52/224789_TB_1,224789_TB_1.jpg,none,,,,,
224798_TL,224798,Earring NOMADA Teal,_TL,Teal,Jewellery,Earrings,Drop,Cork; Stone; Zinc,Golden,,5.99,/242/52/224798_TL_1,224798_TL_1.jpg,none,,,,,
224802_MM,224802,Earring NOMADA Metallic Multicolor,_MM,Metallic Multicolor,Jewellery,Earrings,Hoop Earrings,Iron; Zinc,Multifinishing,,5.99,/242/52/224802_MM_2y,224802_MM_2y.jpg,none,,,,,
224809_HM,224809,Bracelet NOMADA Halftone Multicolor,_HM,Halftone Multicolor,Jewellery,Bracelets,Elastic Bracelet,Stone; Zinc; Iron; Thermoplastic Polyurethane; Acrylic; Cork,Golden,,7.99,/242/52/224809_HM_1,224809_HM_1.jpg,none,,,,,
224814_HM,224814,Earring NOMADA Halftone Multicolor,_HM,Halftone Multicolor,Jewellery,Earrings,Dangle,Iron; Zinc; Stone; Cork,Golden,,8.99,/242/52/224814_HM_1,224814_HM_1.jpg,none,,,,,
224820_HM,224820,Earring NOMADA Halftone Multicolor,_HM,Halftone Multicolor,Jewellery,Earrings,Dangle,Stone; Iron; Zinc; Cork,,,9.99,/242/52/224820_HM_1,224820_HM_1.jpg,none,,,,,
224928_GD,224928,Necklace BULKY GOLD PLATED Gold,_GD,Gold,Jewellery,Necklaces,Collar,Brass,Gold Plated,,49.99,/242/52/224928_GD_1,224928_GD_1.jpg,none,,,,,
224932_GD,224932,Earring BULKY GOLD PLATED Gold,_GD,Gold,Jewellery,Earrings,Drop,Brass,Gold Plated,,25.99,/242/52/224932_GD_1,224932_GD_1.jpg,none,,,,,
224984_BL,224984,Earring ATMOSPHERE Blue,_BL,Blue,Jewellery,Earrings,Clip Earrings,Thermoplastic Polyurethane; Iron; Zinc,Rodhium,,7.99,/242/52/224984_BL_1,224984_BL_1.jpg,none,,,,,
224989_BL,224989,Necklace ATMOSPHERE Blue,_BL,Blue,Jewellery,Necklaces,Pendant,Cork; Thermoplastic Polyurethane; Glass; Suede,Rodhium,,10.99,/242/52/224989_BL_1,224989_BL_1.jpg,none,,,,,
224994_BL,224994,Ring ATMOSPHERE Blue,_BL,Blue,Jewellery,Rings,Fantasy,Cork; Resin; Zinc,Rodhium,,8.99,/242/52/224994_BL_1,224994_BL_1.jpg,none,,,,,
225014_GD,225014,Earring GOLD PLATED COLLECTION Gold,_GD,Gold,Jewellery,Earrings,Hoop Earrings,Stone; Brass,Gold Plated,,35.99,/242/52/225014_GD_1,225014_GD_1.jpg,none,,,,,
225023_GD,225023,Ring GOLD PLATED COLLECTION Gold,_GD,Gold,Jewellery,Rings,Cocktail,Stone; Brass,Gold Plated,,29.99,/242/52/225023_GD_1,225023_GD_1.jpg,none,,,,,
225027_GD,225027,Jewellery GOLD PLATED COLLECTION Gold,_GD,Gold,Jewellery,Charms,Symbol,Stone; Brass,Gold Plated,,15.99,/242/52/225027_GD_1,225027_GD_1.jpg,none,,,,,
225032_GD,225032,Necklace GOLD PLATED COLLECTION Gold,_GD,Gold,Jewellery,Necklaces,Chain,Brass,Gold Plated,,25.99,/242/52/225032_GD_1,225032_GD_1.jpg,none,,,,,
225040_BL,225040,Earring ATMOSPHERE Blue,_BL,Blue,Jewellery,Earrings,Stud,Zinc; Enamel,Rodhium,,4.99,/242/52/225040_BL_1,225040_BL_1.jpg,none,,,,,
225047_BL,225047,Ring ATMOSPHERE Blue,_BL,Blue,Jewellery,Rings,Fantasy,Resin; Zinc,Rodhium,,6.99,/242/52/225047_BL_1,225047_BL_1.jpg,none,,,,,
206045_EC,206045,Multipurpose Purse BRENDA Ecru,_EC,Ecru,Wallet,Multipurpose Purse,Knit,Cotton; Cotton,,,17.99,/232/62/206045_EC_1,206045_EC_1.jpg,none,,,,,
207406_BG,207406,Wallet BASIC LOLITA Beige,_BG,Beige,Wallet,Wallet,Plain PU,Polyester; Polyurethane; Polyurethane,,,15.99,/232/62/207406_BG_1,207406_BG_1.jpg,none,,,,,
208013_EC,208013,Wallet SAMANTHA Ecru,_EC,Ecru,Wallet,Wallet,Printed PU,Polyester; Polyurethane; Polyurethane,,,17.99,/232/62/208013_EC_1,208013_EC_1.jpg,none,,,,,
208021_BL,208021,Wallet BASIC LOLITA Blue,_BL,Blue,Wallet,Wallet,Plain PU,Polyester; Polyurethane; Polyurethane,,,15.99,/232/62/208021_BL_1,208021_BL_1.jpg,none,,,,,
208055_EC,208055,Wallet BRENDA Ecru,_EC,Ecru,Wallet,Wallet,Plain PU,Polyester; Polyurethane; Polyurethane,,,15.99,/232/62/208055_EC_1,208055_EC_1.jpg,none,,,,,
208055_GN,208055,Wallet BRENDA Green,_GN,Green,Wallet,Wallet,Plain PU,Polyester; Polyurethane; Polyurethane,,,15.99,/232/62/208055_GN_1,208055_GN_1.jpg,none,,,,,
208060_PK,208060,Coin Purse BRENDA Pink,_PK,Pink,Wallet,Coin Purse,Plain PU,Polyester; Polyurethane,,,9.99,/232/62/208060_PK_1,208060_PK_1.jpg,none,,,,,
208211_WT,208211,Coin Purse SAMANTHA White,_WT,White,Wallet,Coin Purse,Nylon,Polyester; Polyester; Polyethylene Terephthalate,,,12.99,/232/62/208211_WT_1,208211_WT_1.jpg,none,,,,,
208711_PU,208711,Wallet ROSALIA Purple,_PU,Purple,Wallet,Wallet,Plain PU,Polyester; Polyurethane; Polyurethane,,,12.99,/232/62/208711_PU_1,208711_PU_1.jpg,none,,,,,
208711_WT,208711,Wallet ROSALIA White,_WT,White,Wallet,Wallet,Plain PU,Polyester; Polyurethane; Polyurethane,,,12.99,/232/62/208711_WT_1,208711_WT_1.jpg,none,,,,,
208716_GN,208716,Card Holder ROSALIA Green,_GN,Green,Wallet,Card Holder,Plain PU,Polyester; Polyurethane,,,5.99,/232/62/208716_GN_1,208716_GN_1.jpg,none,,,,,
208726_KK,208726,Card Holder SOFIA Khaki,_KK,Khaki,Wallet,Card Holder,Plain PU,Acrylic; Polyester; Polyurethane,,,9.99,/232/62/208726_KK_1,208726_KK_1.jpg,none,,,,,
208726_PK,208726,Card Holder SOFIA Pink,_PK,Pink,Wallet,Card Holder,Plain PU,Acrylic; Polyester; Polyurethane,,,9.99,/232/62/208726_PK_1,208726_PK_1.jpg,none,,,,,
208727_EC,208727,Wallet BASIC LAURINDA Ecru,_EC,Ecru,Wallet,Wallet,Printed PU,Polyester; Polyurethane; Polyurethane,,,10.99,/232/62/208727_EC_1,208727_EC_1.jpg,none,,,,,
208732_BK,208732,Phone Holder BASIC LAURINDA Black,_BK,Black,Wallet,Phone Holder,Plain PU,Polyester; Polyurethane; Polyurethane,,,17.99,/232/62/208732_BK_1,208732_BK_1.jpg,none,,,,,
208732_EC,208732,Phone Holder BASIC LAURINDA Ecru,_EC,Ecru,Wallet,Phone Holder,Plain PU,Polyurethane; Polyurethane; Polyester,,,17.99,/232/62/208732_EC_1,208732_EC_1.jpg,none,,,,,
208732_OR,208732,Phone Holder BASIC LAURINDA Orange,_OR,Orange,Wallet,Phone Holder,Plain PU,Polyester; Polyurethane; Polyurethane,,,17.99,/232/62/208732_OR_1,208732_OR_1.jpg,none,,,,,
209067_BL,209067,Wallet GARDEN Blue,_BL,Blue,Wallet,Wallet,Printed PU,Polyester; Polyurethane; Polyurethane,,,19.99,/232/62/209067_BL_1,209067_BL_1.jpg,none,,,,,
209412_BL,209412,Wallet BEACH Blue,_BL,Blue,Wallet,Wallet,Printed PU,Polyurethane; Polyurethane; Polyester,,,15.99,/232/62/209412_BL_1,209412_BL_1.jpg,none,,,,,
209564_GN,209564,Wallet GLICINIA Green,_GN,Green,Wallet,Wallet,Color Block,Polyester; Polyester; Polyurethane; Polyurethane; Polyurethane,,,17.99,/232/62/209564_GN_1,209564_GN_1.jpg,none,,,,,
209569_GN,209569,Card Holder GLICINIA Green,_GN,Green,Wallet,Card Holder,Printed PU,Polyester; Polyurethane; Polyurethane; Thermoplastic Polyurethane,,,9.99,/232/62/209569_GN_1,209569_GN_1.jpg,none,,,,,
209760_WT,209760,Card Holder CHER White,_WT,White,Wallet,Card Holder,Plain PU,Polyester; Polyurethane,,,9.99,/232/62/209760_WT_1,209760_WT_1.jpg,none,,,,,
209760_YL,209760,Card Holder CHER Yellow,_YL,Yellow,Wallet,Card Holder,Plain PU,Polyester; Polyurethane,,,9.99,/232/62/209760_YL_1,209760_YL_1.jpg,none,,,,,
209769_BK,209769,Phone Holder CHER Black,_BK,Black,Wallet,Phone Holder,Plain PU,Polyester; Polyester; Polyurethane,,,17.99,/232/62/209769_BK_1,209769_BK_1.jpg,none,,,,,
209974_CA,209974,Phone Holder tilda Camel,_CA,Camel,Wallet,Phone Holder,Straw,Acrylic; Paper; Polyester; Polyurethane; Polyurethane; Resin,,,19.99,/232/62/209974_CA_1,209974_CA_1.jpg,none,,,,,
209980_GN,209980,Coin Purse tilda Green,_GN,Green,Wallet,Coin Purse,Plain PU,Acrylic; Polyester; Polyurethane; Polyurethane; Resin,,,12.99,/232/62/209980_GN_1,209980_GN_1.jpg,none,,,,,
210156_EC,210156,Wallet mirabel Ecru,_EC,Ecru,Wallet,Wallet,Printed PU,Polyester; Polyurethane; Polyurethane,,,15.99,/232/62/210156_EC_1,210156_EC_1.jpg,none,,,,,
210173_NV,210173,Computer Case manolita Navy,_NV,Navy,Wallet,Others,Computer Case,Polyester; Polyester; Polyurethane,,,17.99,/232/62/210173_NV_1,210173_NV_1.jpg,none,,,,,
210175_NV,210175,Phone Holder manolita Navy,_NV,Navy,Wallet,Phone Holder,Nylon,Polyamide; Polyester; Polyurethane,,,17.99,/232/62/210175_NV_1,210175_NV_1.jpg,none,,,,,
210175_PK,210175,Phone Holder manolita Pink,_PK,Pink,Wallet,Phone Holder,Nylon,Polyamide; Polyester; Polyurethane,,,17.99,/232/62/210175_PK_1,210175_PK_1.jpg,none,,,,,
210199_EC,210199,Wallet manolita Ecru,_EC,Ecru,Wallet,Wallet,Printed PU,Polyester; Polyurethane; Polyurethane,,,15.99,/232/62/210199_EC_1,210199_EC_1.jpg,none,,,,,
210213_AQ,210213,Wallet bjork Aquamarine,_AQ,Aquamarine,Wallet,Wallet,Plain PU,Polyester; Polyurethane; Polyurethane,,,12.99,/232/62/210213_AQ_1,210213_AQ_1.jpg,none,,,,,
210213_PK,210213,Wallet bjork Pink,_PK,Pink,Wallet,Wallet,Plain PU,Polyester; Polyurethane; Polyurethane,,,12.99,/232/62/210213_PK_1,210213_PK_1.jpg,none,,,,,
210221_EC,210221,Coin Purse bjork Ecru,_EC,Ecru,Wallet,Coin Purse,Plain PU,Polyester; Polyurethane,,,5.99,/232/62/210221_EC_1,210221_EC_1.jpg,none,,,,,
210248_GN,210248,Card Holder mirabel Green,_GN,Green,Wallet,Card Holder,Plain PU,Polyester; Polyurethane,,,7.99,/232/62/210248_GN_1,210248_GN_1.jpg,none,,,,,
210248_PK,210248,Card Holder mirabel Pink,_PK,Pink,Wallet,Card Holder,Plain PU,Polyester; Polyurethane,,,7.99,/232/62/210248_PK_1,210248_PK_1.jpg,none,,,,,
210252_LN,210252,Coin Purse mirabel Light Green,_LN,Light Green,Wallet,Coin Purse,Plain PU,Polyester; Polyurethane,,,7.99,/232/62/210252_LN_1,210252_LN_1.jpg,none,,,,,
210587_BK,210587,Phone Holder KLEEE Black,_BK,Black,Wallet,Phone Holder,Nylon,Polyester; Polyester,,,15.99,/232/62/210587_BK_1,210587_BK_1.jpg,none,,,,,
210587_CA,210587,Phone Holder KLEEE Camel,_CA,Camel,Wallet,Phone Holder,Nylon,Polyester; Polyester,,,15.99,/232/62/210587_CA_1,210587_CA_1.jpg,none,,,,,
210587_KK,210587,Phone Holder KLEEE Khaki,_KK,Khaki,Wallet,Phone Holder,Nylon,Polyester; Polyester,,,15.99,/232/62/210587_KK_1,210587_KK_1.jpg,none,,,,,
210587_OR,210587,Phone Holder KLEEE Orange,_OR,Orange,Wallet,Phone Holder,Nylon,Polyester; Polyester,,,15.99,/232/62/210587_OR_1,210587_OR_1.jpg,none,,,,,
210850_AU,210850,Wallet Elle Aubergine,_AU,Aubergine,Wallet,Wallet,Plain PU,Polyester; Polyurethane; Polyurethane,,,12.99,/232/62/210850_AU_1,210850_AU_1.jpg,none,,,,,
210856_BM,210856,Card Holder Elle Bright Multicolor,_BM,Bright Multicolor,Wallet,Card Holder,Printed PU,Polyester; Polyurethane; Polyurethane,,,9.99,/232/62/210856_BM_1,210856_BM_1.jpg,none,,,,,
210862_BM,210862,Coin Purse Elle Bright Multicolor,_BM,Bright Multicolor,Wallet,Coin Purse,Printed PU,Polyester; Polyurethane,,,7.99,/232/62/210862_BM_1,210862_BM_1.jpg,none,,,,,
210955_DM,210955,Multipurpose Purse bjork Dark Multicolor,_DM,Dark Multicolor,Wallet,Multipurpose Purse,Plastic,Polyurethane; Thermoplastic Polyurethane,,,17.99,/232/62/210955_DM_1,210955_DM_1.jpg,none,,,,,
210968_DM,210968,Coin Purse bjork Dark Multicolor,_DM,Dark Multicolor,Wallet,Coin Purse,Plastic,Polyurethane; Thermoplastic Polyurethane,,,7.99,/232/62/210968_DM_1,210968_DM_1.jpg,none,,,,,
211101_DM,211101,Multipurpose Purse Pam Dark Multicolor,_DM,Dark Multicolor,Wallet,Multipurpose Purse,Printed Nylon,Polyester; Polyester,,,12.99,/232/62/211101_DM_1,211101_DM_1.jpg,none,,,,,
211103_CL,211103,Wallet Pam Coral,_CL,Coral,Wallet,Wallet,Plain PU,Polyester; Polyurethane; Polyurethane,,,17.99,/232/62/211103_CL_1,211103_CL_1.jpg,none,,,,,
211103_EC,211103,Wallet Pam Ecru,_EC,Ecru,Wallet,Wallet,Plain PU,Polyester; Polyurethane; Polyurethane,,,17.99,/232/62/211103_EC_1,211103_EC_1.jpg,none,,,,,
211235_RD,211235,Wallet BLOOMING Red,_RD,Red,Wallet,Wallet,Color Block,Polyester; Polyester; Polyurethane; Polyurethane,,,17.99,/232/62/211235_RD_1,211235_RD_1.jpg,none,,,,,
211300_BK,211300,Phone Holder POWER Black,_BK,Black,Wallet,Phone Holder,Padded PU,Polyester; Polyurethane; Polyurethane; Thermoplastic Polyurethane,,,19.99,/232/62/211300_BK_1,211300_BK_1.jpg,none,,,,,
211300_IV,211300,Phone Holder POWER Ivory,_IV,Ivory,Wallet,Phone Holder,Padded PU,Polyester; Polyurethane; Polyurethane; Thermoplastic Polyurethane,,,19.99,/232/62/211300_IV_1,211300_IV_1.jpg,none,,,,,
211356_DM,211356,Wallet irene Dark Multicolor,_DM,Dark Multicolor,Wallet,Wallet,Printed PU,Polyester; Polyurethane; Polyurethane,,,17.99,/232/62/211356_DM_1,211356_DM_1.jpg,none,,,,,
211361_PK,211361,Wallet irene Pink,_PK,Pink,Wallet,Wallet,Plain PU,Polyester; Polyurethane; Polyurethane,,,12.99,/232/62/211361_PK_1,211361_PK_1.jpg,none,,,,,
211366_BU,211366,Card Holder irene Burgundy,_BU,Burgundy,Wallet,Card Holder,Plain PU,Polyester; Polyurethane; Polyurethane,,,12.99,/232/62/211366_BU_1,211366_BU_1.jpg,none,,,,,
211436_DG,211436,Wallet STELLA Dark Grey,_DG,Dark Grey,Wallet,Wallet,Fake Nylon,Polyester; Polyurethane; Polyurethane,,,12.99,/232/62/211436_DG_1,211436_DG_1.jpg,none,,,,,
211436_EC,211436,Wallet STELLA Ecru,_EC,Ecru,Wallet,Wallet,Fake Nylon,Polyester; Polyurethane; Polyurethane,,,12.99,/232/62/211436_EC_1,211436_EC_1.jpg,none,,,,,
211436_PU,211436,Wallet STELLA Purple,_PU,Purple,Wallet,Wallet,Fake Nylon,Polyester; Polyurethane; Polyurethane,,,12.99,/232/62/211436_PU_1,211436_PU_1.jpg,none,,,,,
211514_DM,211514,Wallet lara Dark Multicolor,_DM,Dark Multicolor,Wallet,Wallet,Printed PU,Polyester; Polyurethane; Polyurethane,,,12.99,/232/62/211514_DM_1,211514_DM_1.jpg,none,,,,,
211540_BM,211540,Wallet Portia Bright Multicolor,_BM,Bright Multicolor,Wallet,Wallet,Printed PU,Polyester; Polyurethane; Polyurethane,,,17.99,/232/62/211540_BM_1,211540_BM_1.jpg,none,,,,,
211544_LL,211544,Notebook lara Lilac,_LL,Lilac,Wallet,Others,Notebook,Paper; Polyurethane,,,17.99,/232/62/211544_LL_1,211544_LL_1.jpg,none,,,,,
211550_BL,211550,Wallet Basic Portia Blue,_BL,Blue,Wallet,Wallet,Plain PU,Polyester; Polyurethane; Polyurethane,,,15.99,/232/62/211550_BL_1,211550_BL_1.jpg,none,,,,,
211550_LL,211550,Wallet Basic Portia Lilac,_LL,Lilac,Wallet,Wallet,Plain PU,Polyester; Polyurethane; Polyurethane,,,15.99,/232/62/211550_LL_1,211550_LL_1.jpg,none,,,,,
211551_BM,211551,Wallet Basic Portia Bright Multicolor,_BM,Bright Multicolor,Wallet,Wallet,Printed PU,Polyester; Polyurethane; Polyurethane,,,17.99,/232/62/211551_BM_1,211551_BM_1.jpg,none,,,,,
211653_GN,211653,Phone Holder NOTO Green,_GN,Green,Wallet,Phone Holder,Nylon,Polyester; Polyester,,,17.99,/232/62/211653_GN_1,211653_GN_1.jpg,none,,,,,
211821_SK,211821,Wallet MARIGOLD 1 Skin,_SK,Skin,Wallet,Wallet,Printed Fake Nylon,Polyester; Polyester; Polyurethane; Polyurethane; Polyurethane; Polyurethane; Thermoplastic Polyurethane,,,17.99,/232/62/211821_SK_1,211821_SK_1.jpg,none,,,,,
211875_BK,211875,Wallet THEO Black,_BK,Black,Wallet,Wallet,Plain PU,Polyester; Polyurethane; Polyurethane; Thermoplastic Polyurethane,,,15.99,/232/62/211875_BK_1,211875_BK_1.jpg,none,,,,,
211875_LL,211875,Wallet THEO Lilac,_LL,Lilac,Wallet,Wallet,Plain PU,Polyester; Polyurethane; Polyurethane; Thermoplastic Polyurethane,,,15.99,/232/62/211875_LL_1,211875_LL_1.jpg,none,,,,,
211876_BG,211876,Wallet THEO Beige,_BG,Beige,Wallet,Wallet,Jacquard,Polyester; Polyester; Polyurethane; Polyurethane; Thermoplastic Polyurethane,,,15.99,/232/62/211876_BG_1,211876_BG_1.jpg,none,,,,,
212051_HM,212051,Multipurpose Purse kimmy Halftone Multicolor,_HM,Halftone Multicolor,Wallet,Multipurpose Purse,Printed Nylon,Polyester; Polyester,,,17.99,/232/62/212051_HM_1,212051_HM_1.jpg,none,,,,,
212212_DM,212212,Multipurpose Purse TIGER2 Dark Multicolor,_DM,Dark Multicolor,Wallet,Multipurpose Purse,Printed Nylon,Polyester; Polyester; Polyurethane,,,15.99,/232/62/212212_DM_1,212212_DM_1.jpg,none,,,,,
212241_BK,212241,Multipurpose Purse SUSTAINABLE CAPSULE Black,_BK,Black,Wallet,Multipurpose Purse,Nylon,Polyester; Recycled Polyamide,,,12.99,/232/62/212241_BK_1,212241_BK_1.jpg,none,,,,,
212241_GY,212241,Multipurpose Purse SUSTAINABLE CAPSULE Grey,_GY,Grey,Wallet,Multipurpose Purse,Nylon,Polyester; Recycled Polyamide,,,12.99,/232/62/212241_GY_1,212241_GY_1.jpg,none,,,,,
212241_KK,212241,Multipurpose Purse SUSTAINABLE CAPSULE Khaki,_KK,Khaki,Wallet,Multipurpose Purse,Nylon,Polyester; Recycled Polyamide,,,12.99,/232/62/212241_KK_1,212241_KK_1.jpg,none,,,,,
212656_BG,212656,Wallet lara Beige,_BG,Beige,Wallet,Wallet,Peach PU,Polyester; Polyurethane; Polyurethane,,,12.99,/232/62/212656_BG_1,212656_BG_1.jpg,none,,,,,
212742_BK,212742,Phone Holder OLIVE Black,_BK,Black,Wallet,Phone Holder,Plain PU,Polyester; Polyester; Polyurethane; Polyurethane; Thermoplastic Polyurethane,,,17.99,/232/62/212742_BK_1,212742_BK_1.jpg,none,,,,,
212796_GN,212796,Wallet SAVANA1 Green,_GN,Green,Wallet,Wallet,Real Fur,Cow Leather; Polyester; Polyurethane; Polyurethane,,,17.99,/232/62/212796_GN_1,212796_GN_1.jpg,none,,,,,
212809_LM,212809,Notebook kimmy Lime,_LM,Lime,Wallet,Others,Notebook,Polyester; Polyurethane,,,15.99,/232/62/212809_LM_1,212809_LM_1.jpg,none,,,,,
213199_PK,213199,Wallet VILLAGE 2 Pink,_PK,Pink,Wallet,Wallet,Fake Fur,Polyester; Polyester; Polyurethane; Thermoplastic Polyurethane,,,15.99,/232/62/213199_PK_1,213199_PK_1.jpg,none,,,,,
213203_GY,213203,Phone Holder VILLAGE 1 Grey,_GY,Grey,Wallet,Phone Holder,Fake Fur,Polyester; Polyester; Polyurethane; Polyurethane; Thermoplastic Polyurethane,,,17.99,/232/62/213203_GY_2y,213203_GY_2y.jpg,none,,,,,
213203_PK,213203,Phone Holder VILLAGE 1 Pink,_PK,Pink,Wallet,Phone Holder,Fake Fur,Polyester; Polyester; Polyurethane; Polyurethane; Thermoplastic Polyurethane,,,17.99,/232/62/213203_PK_2y,213203_PK_2y.jpg,none,,,,,
213420_LL,213420,Pencil Case Lara Stationery Lilac,_LL,Lilac,Wallet,Pencil Case,Plain PU,Polyester; Polyurethane,,,9.99,/232/62/213420_LL_2y,213420_LL_2y.jpg,none,,,,,
213430_KK,213430,Notebook Lara Stationery Khaki,_KK,Khaki,Wallet,Others,Notebook,Polyester; Rubber; Wood; Ethylene vinyl acetate; Acrylonitrile Butadiene Styrene; Polyester; Polyester,,,15.99,/232/62/213430_KK_1,213430_KK_1.jpg,none,,,,,
213430_LL,213430,Notebook Lara Stationery Lilac,_LL,Lilac,Wallet,Others,Notebook,Acrylonitrile Butadiene Styrene; Polyester; Polyester; Polyester; Rubber; Wood; Ethylene vinyl acetate,,,15.99,/232/62/213430_LL_1,213430_LL_1.jpg,none,,,,,
213437_BM,213437,Wallet Basic Mia Bright Multicolor,_BM,Bright Multicolor,Wallet,Wallet,Printed PU,Polyester; Polyurethane; Polyurethane,,,12.99,/232/62/213437_BM_1,213437_BM_1.jpg,none,,,,,
213444_BM,213444,Wallet Basic Mia Bright Multicolor,_BM,Bright Multicolor,Wallet,Wallet,Printed PU,Polyurethane; Polyester; Polyurethane,,,17.99,/232/62/213444_BM_1,213444_BM_1.jpg,none,,,,,
213719_DM,213719,Wallet Mia Dark Multicolor,_DM,Dark Multicolor,Wallet,Wallet,Printed PU,Polyester; Polyurethane; Polyurethane,,,10.99,/232/62/213719_DM_1,213719_DM_1.jpg,none,,,,,
213723_DM,213723,Wallet Mia Dark Multicolor,_DM,Dark Multicolor,Wallet,Wallet,Printed PU,Polyester; Polyurethane; Polyurethane,,,15.99,/232/62/213723_DM_1,213723_DM_1.jpg,none,,,,,
213731_PU,213731,Multipurpose Purse Anime Purple,_PU,Purple,Wallet,Multipurpose Purse,Nylon,Polyamide; Polyester; Polyurethane; Thermoplastic Polyurethane,,,15.99,/232/62/213731_PU_1,213731_PU_1.jpg,none,,,,,
213890_BG,213890,Wallet Anime Beige,_BG,Beige,Wallet,Wallet,Plain PU,Polyester; Polyurethane; Polyurethane,,,15.99,/232/62/213890_BG_1,213890_BG_1.jpg,none,,,,,
213890_FU,213890,Wallet Anime Fuchsia,_FU,Fuchsia,Wallet,Wallet,Plain PU,Polyurethane; Polyurethane; Polyester,,,15.99,/232/62/213890_FU_1,213890_FU_1.jpg,none,,,,,
213983_DN,213983,Wallet CAMO3 Dark Green,_DN,Dark Green,Wallet,Wallet,Printed PU,Polyester; Polyurethane; Polyurethane,,,15.99,/232/62/213983_DN_1,213983_DN_1.jpg,none,,,,,
214101_BK,214101,Card Holder PILAR Black,_BK,Black,Wallet,Card Holder,Plain PU,Polyester; Polyurethane; Polyurethane,,,12.99,/232/62/214101_BK_1,214101_BK_1.jpg,none,,,,,
214101_PU,214101,Card Holder PILAR Purple,_PU,Purple,Wallet,Card Holder,Plain PU,Polyester; Polyurethane; Polyurethane,,,12.99,/232/62/214101_PU_1,214101_PU_1.jpg,none,,,,,
214103_EC,214103,Card Holder PILAR Ecru,_EC,Ecru,Wallet,Card Holder,Plain PU,Polyester; Polyurethane; Polyurethane,,,9.99,/232/62/214103_EC_1,214103_EC_1.jpg,none,,,,,
214103_LB,214103,Card Holder PILAR Light Blue,_LB,Light Blue,Wallet,Card Holder,Plain PU,Polyester; Polyurethane; Polyurethane,,,9.99,/232/62/214103_LB_1,214103_LB_1.jpg,none,,,,,
214103_LM,214103,Card Holder PILAR Lime,_LM,Lime,Wallet,Card Holder,Plain PU,Polyester; Polyurethane; Polyurethane,,,9.99,/232/62/214103_LM_1,214103_LM_1.jpg,none,,,,,
214194_EC,214194,Wallet Avril Ecru,_EC,Ecru,Wallet,Wallet,Plain PU,Polyester; Polyurethane; Polyurethane; Thermoplastic Polyurethane,,,15.99,/232/62/214194_EC_1,214194_EC_1.jpg,none,,,,,
214194_PU,214194,Wallet Avril Purple,_PU,Purple,Wallet,Wallet,Plain PU,Polyester; Polyurethane; Polyurethane; Thermoplastic Polyurethane,,,15.99,/232/62/214194_PU_1,214194_PU_1.jpg,none,,,,,
214203_DM,214203,Card Holder Avril Dark Multicolor,_DM,Dark Multicolor,Wallet,Card Holder,Printed Nylon,Polyester; Polyester; Thermoplastic Polyurethane,,,9.99,/232/62/214203_DM_1,214203_DM_1.jpg,none,,,,,
214249_KK,214249,Wallet EARLYBIRD Khaki,_KK,Khaki,Wallet,Wallet,Printed PU,Polyester; Polyurethane; Polyurethane,Silver,,17.99,/241/62/214249_KK_2y,214249_KK_2y.jpg,none,,,,,
214275_BG,214275,Wallet STACEY Beige,_BG,Beige,Wallet,Wallet,Patchwork,Polyester; Polyester; Polyurethane; Polyurethane; Polyurethane,Light Golden,,17.99,/241/62/214275_BG_1,214275_BG_1.jpg,none,,,,,
214275_BK,214275,Wallet STACEY Black,_BK,Black,Wallet,Wallet,Patchwork,Polyester; Polyester; Polyurethane; Polyurethane; Polyurethane,Light Golden,,17.99,/241/62/214275_BK_2y,214275_BK_2y.jpg,none,,,,,
214280_AQ,214280,Phone Holder STACEY Aquamarine,_AQ,Aquamarine,Wallet,Phone Holder,Patchwork,Polyester; Polyurethane; Polyurethane,Light Golden,,17.99,/241/62/214280_AQ_1,214280_AQ_1.jpg,none,,,,,
214312_DM,214312,Coin Purse doja Dark Multicolor,_DM,Dark Multicolor,Wallet,Coin Purse,Printed Nylon,Polyamide; Polyester; Polyurethane,,,9.99,/241/62/214312_DM_2y,214312_DM_2y.jpg,none,,,,,
214343_BG,214343,Wallet doja Beige,_BG,Beige,Wallet,Wallet,Peach PU,Polyester; Polyurethane; Polyurethane,,,12.99,/232/62/214343_BG_1,214343_BG_1.jpg,none,,,,,
214343_PK,214343,Wallet doja Pink,_PK,Pink,Wallet,Wallet,Peach PU,Polyester; Polyurethane; Polyurethane,,,12.99,/232/62/214343_PK_1,214343_PK_1.jpg,none,,,,,
214491_DM,214491,Phone Holder BOOMER3 Dark Multicolor,_DM,Dark Multicolor,Wallet,Phone Holder,Printed PU,Polyester; Polyurethane; Polyurethane,,,15.99,/232/62/214491_DM_1,214491_DM_1.jpg,none,,,,,
214675_BL,214675,Phone Holder VIVIAN Blue,_BL,Blue,Wallet,Phone Holder,Printed PU,Polyester; Polyester; Polyurethane; Polyurethane,,,15.99,/241/62/214675_BL_1,214675_BL_1.jpg,none,,,,,
214781_LK,214781,Card Holder Basic maude Light Pink,_LK,Light Pink,Wallet,Card Holder,Plain PU,Polyester; Polyurethane,,,7.99,/232/62/214781_LK_2y,214781_LK_2y.jpg,none,,,,,
214781_NV,214781,Card Holder Basic maude Navy,_NV,Navy,Wallet,Card Holder,Plain PU,Polyester; Polyurethane,,,7.99,/232/62/214781_NV_2y,214781_NV_2y.jpg,none,,,,,
214781_TU,214781,Card Holder Basic maude Taupe,_TU,Taupe,Wallet,Card Holder,Plain PU,Polyester; Polyurethane,,,7.99,/232/62/214781_TU_2y,214781_TU_2y.jpg,none,,,,,
214790_DP,214790,Wallet Basic maude Dark Pink,_DP,Dark Pink,Wallet,Wallet,Plain PU,Polyester; Polyurethane; Polyurethane; Thermoplastic Polyurethane,,,15.99,/232/62/214790_DP_1,214790_DP_1.jpg,none,,,,,
214790_EC,214790,Wallet Basic maude Ecru,_EC,Ecru,Wallet,Wallet,Plain PU,Polyester; Polyurethane; Polyurethane; Thermoplastic Polyurethane,,,15.99,/232/62/214790_EC_1,214790_EC_1.jpg,none,,,,,
214794_TU,214794,Wallet Basic maude Taupe,_TU,Taupe,Wallet,Wallet,Plain PU,Polyester; Polyurethane; Polyurethane; Thermoplastic Polyurethane,,,17.99,/232/62/214794_TU_2y,214794_TU_2y.jpg,none,,,,,
214834_BM,214834,Card Holder Basic maude Bright Multicolor,_BM,Bright Multicolor,Wallet,Card Holder,Printed PU,Polyester; Polyurethane,,,7.99,/232/62/214834_BM_2y,214834_BM_2y.jpg,none,,,,,
215175_PK,215175,Wallet BASIC SIDNEY Pink,_PK,Pink,Wallet,Wallet,Plain PU,Polyester; Polyurethane; Polyurethane,,,10.99,/241/62/215175_PK_1,215175_PK_1.jpg,none,,,,,
215176_AQ,215176,Wallet BASIC SIDNEY Aquamarine,_AQ,Aquamarine,Wallet,Wallet,Plain PU,Polyurethane; Thermoplastic Polyurethane; Polyester; Polyurethane,,,12.99,/241/62/215176_AQ_1,215176_AQ_1.jpg,none,,,,,
215176_BU,215176,Wallet BASIC SIDNEY Burgundy,_BU,Burgundy,Wallet,Wallet,Plain PU,Polyester; Polyurethane; Polyurethane; Thermoplastic Polyurethane,,,12.99,/241/62/215176_BU_1,215176_BU_1.jpg,none,,,,,
215215_GY,215215,Phone Holder MISCHA Grey,_GY,Grey,Wallet,Phone Holder,Real Suede,Polyester; Polyurethane; Zinc; Copper; Cow Leather,,,25.99,/241/62/215215_GY_1,215215_GY_1.jpg,none,,,,,
215243_PM,215243,Card Holder SIDNEY Pastel Multicolor,_PM,Pastel Multicolor,Wallet,Card Holder,Printed PU,Polyester; Polyurethane,,,7.99,/241/62/215243_PM_2y,215243_PM_2y.jpg,none,,,,,
2152481PM,215248,Wallet SIDNEY Pastel Multicolor,1PM,Pastel Multicolor,Wallet,Wallet,Printed PU,Polyester; Polyurethane; Polyurethane,,,10.99,/241/62/2152481PM_2y,2152481PM_2y.jpg,none,,,,,
215456_BK,215456,Wallet AUBERY Black,_BK,Black,Wallet,Wallet,Padded Peach PU,Polyester; Polyurethane; Polyurethane; Thermoplastic Polyurethane,,,17.99,/241/62/215456_BK_2y,215456_BK_2y.jpg,none,,,,,
215456_EC,215456,Wallet AUBERY Ecru,_EC,Ecru,Wallet,Wallet,Padded Peach PU,Polyester; Polyurethane; Polyurethane; Thermoplastic Polyurethane,,,17.99,/241/62/215456_EC_2y,215456_EC_2y.jpg,none,,,,,
215462_DM,215462,Wallet AUBERY Dark Multicolor,_DM,Dark Multicolor,Wallet,Wallet,Printed PU,Polyester; Polyurethane; Polyurethane; Thermoplastic Polyurethane,,,15.99,/241/62/215462_DM_1,215462_DM_1.jpg,none,,,,,
215481_DM,215481,Card Holder AUBERY Dark Multicolor,_DM,Dark Multicolor,Wallet,Card Holder,Printed PU,Polyester; Polyurethane; Polyurethane; Thermoplastic Polyurethane,,,9.99,/241/62/215481_DM_2y,215481_DM_2y.jpg,none,,,,,
215861_LL,215861,Coin Purse MISCHA Lilac,_LL,Lilac,Wallet,Coin Purse,Plain PU,Polyester; Polyurethane,,,7.99,/241/62/215861_LL_1,215861_LL_1.jpg,none,,,,,
216047_BK,216047,Phone Holder SIDNEY Black,_BK,Black,Wallet,Phone Holder,Plain PU,Polyester; Polyurethane; Polyurethane; Thermoplastic Polyurethane,,,17.99,/241/62/216047_BK_1,216047_BK_1.jpg,none,,,,,
216051_BM,216051,Wallet BASIC SIDNEY Bright Multicolor,_BM,Bright Multicolor,Wallet,Wallet,Printed PU,Polyester; Polyurethane; Polyurethane; Thermoplastic Polyurethane,,,12.99,/241/62/216051_BM_1,216051_BM_1.jpg,none,,,,,
216086_BK,216086,Phone Holder SILVERSURFER2 Black,_BK,Black,Wallet,Phone Holder,Nylon,Polyester; Polyester; Polyurethane; Polyurethane,,,15.99,/241/62/216086_BK_1,216086_BK_1.jpg,none,,,,,
216086_KK,216086,Phone Holder SILVERSURFER2 Khaki,_KK,Khaki,Wallet,Phone Holder,Nylon,Polyester; Polyester; Polyurethane; Polyurethane,,,15.99,/241/62/216086_KK_1,216086_KK_1.jpg,none,,,,,
216121_EC,216121,Wallet ELLIOT Ecru,_EC,Ecru,Wallet,Wallet,Plain PU,Polyester; Polyurethane; Polyurethane; Thermoplastic Polyurethane,,,12.99,/241/62/216121_EC_1,216121_EC_1.jpg,none,,,,,
216316_BK,216316,Phone Holder NEWBRUNIS Black,_BK,Black,Wallet,Phone Holder,Nylon,Polyamide; Polyester; Polyurethane,,,17.99,/241/62/216316_BK_1,216316_BK_1.jpg,none,,,,,
216316_KK,216316,Phone Holder NEWBRUNIS Khaki,_KK,Khaki,Wallet,Phone Holder,Nylon,Polyamide; Polyester; Polyurethane,,,17.99,/241/62/216316_KK_1,216316_KK_1.jpg,none,,,,,
216316_PU,216316,Phone Holder NEWBRUNIS Purple,_PU,Purple,Wallet,Phone Holder,Nylon,Polyamide; Polyester; Polyurethane,,,17.99,/241/62/216316_PU_1,216316_PU_1.jpg,none,,,,,
216316_TU,216316,Phone Holder NEWBRUNIS Taupe,_TU,Taupe,Wallet,Phone Holder,Nylon,Polyamide; Polyester; Polyurethane,,,17.99,/241/62/216316_TU_1,216316_TU_1.jpg,none,,,,,
216348_BM,216348,Wallet ELLIOT Bright Multicolor,_BM,Bright Multicolor,Wallet,Wallet,Printed PU,Polyester; Polyurethane; Polyurethane; Thermoplastic Polyurethane,,,12.99,/241/62/216348_BM_1,216348_BM_1.jpg,none,,,,,
216362_KK,216362,Multipurpose Purse ELLIOT Khaki,_KK,Khaki,Wallet,Multipurpose Purse,Nylon,Polyester; Polyamide,,,17.99,/241/62/216362_KK_1,216362_KK_1.jpg,none,,,,,
216376_FU,216376,Multipurpose Purse MAGIK LOVE Fuchsia,_FU,Fuchsia,Wallet,Multipurpose Purse,Printed Fake Nylon,Polyester; Polyester; Polyurethane; Polyurethane,,,12.99,/241/62/216376_FU_1,216376_FU_1.jpg,none,,,,,
216549_BL,216549,Wallet ROY Blue,_BL,Blue,Wallet,Wallet,Color Block,Polyester; Polyurethane; Polyurethane; Thermoplastic Polyurethane,Silver,,17.99,/241/62/216549_BL_1,216549_BL_1.jpg,none,,,,,
216549_CA,216549,Wallet ROY Camel,_CA,Camel,Wallet,Wallet,Color Block,Polyester; Polyurethane; Polyurethane; Thermoplastic Polyurethane,Silver,,17.99,/241/62/216549_CA_1,216549_CA_1.jpg,none,,,,,
216571_BG,216571,Wallet TETE Beige,_BG,Beige,Wallet,Wallet,Plain PU,Polyester; Polyurethane; Polyurethane; Thermoplastic Polyurethane,,,17.99,/241/62/216571_BG_1,216571_BG_1.jpg,none,,,,,
216583_BM,216583,Card Holder TETE Bright Multicolor,_BM,Bright Multicolor,Wallet,Card Holder,Printed PU,Polyester; Polyurethane,,,9.99,/241/62/216583_BM_1,216583_BM_1.jpg,none,,,,,
216594_BK,216594,Wallet MILITARY2 Black,_BK,Black,Wallet,Wallet,Padded PU,Polyurethane; Polyester; Polyurethane,,,15.99,/241/62/216594_BK_1,216594_BK_1.jpg,none,,,,,
216594_PU,216594,Wallet MILITARY2 Purple,_PU,Purple,Wallet,Wallet,Padded PU,Polyester; Polyurethane; Polyurethane,,,15.99,/241/62/216594_PU_1,216594_PU_1.jpg,none,,,,,
216601_GN,216601,Coin Purse FIRE2 Green,_GN,Green,Wallet,Coin Purse,Nylon,Polyester; Polyester; Polyurethane,,,12.99,/241/62/216601_GN_2y,216601_GN_2y.jpg,none,,,,,
216608_GN,216608,Wallet JACKIE Green,_GN,Green,Wallet,Wallet,Animal Embossed PU,Polyester; Polyurethane; Polyurethane,,,12.99,/241/62/216608_GN_1,216608_GN_1.jpg,none,,,,,
216616_PK,216616,Card Holder JACKIE Pink,_PK,Pink,Wallet,Card Holder,Printed PU,Polyester; Polyurethane; Polyurethane; Thermoplastic Polyurethane,,,12.99,/241/62/216616_PK_1,216616_PK_1.jpg,none,,,,,
216624_EC,216624,Phone Holder JACKIE Ecru,_EC,Ecru,Wallet,Phone Holder,Printed PU,Polyester; Polyurethane; Polyurethane; Thermoplastic Polyurethane,,,15.99,/241/62/216624_EC_1,216624_EC_1.jpg,none,,,,,
216857_RD,216857,Wallet RED Red,_RD,Red,Wallet,Wallet,Plain PU,Polyester; Polyurethane; Polyurethane; Thermoplastic Polyurethane,,,15.99,/241/62/216857_RD_1,216857_RD_1.jpg,none,,,,,
216871_BM,216871,Wallet BASIC JULIETA Bright Multicolor,_BM,Bright Multicolor,Wallet,Wallet,Printed PU,Polyester; Polyurethane; Polyurethane,,,10.99,/241/62/216871_BM_1,216871_BM_1.jpg,none,,,,,
216879_BG,216879,Wallet BASIC JOANINHA Beige,_BG,Beige,Wallet,Wallet,Plain PU,Polyester; Polyurethane; Polyurethane; Thermoplastic Polyurethane,,,12.99,/242/62/216879_BG_1,216879_BG_1.jpg,none,,,,,
216879_PK,216879,Wallet BASIC JULIETA Pink,_PK,Pink,Wallet,Wallet,Plain PU,Polyester; Polyurethane; Polyurethane; Thermoplastic Polyurethane,,,12.99,/241/62/216879_PK_1,216879_PK_1.jpg,none,,,,,
216880_RD,216880,Wallet BASIC JULIETA Red,_RD,Red,Wallet,Wallet,Plain PU,Polyester; Polyurethane; Polyurethane,,,10.99,/241/62/216880_RD_1,216880_RD_1.jpg,none,,,,,
217005_PU,217005,Card Holder MILITARY2 Purple,_PU,Purple,Wallet,Card Holder,Fantasy PU,Polyester; Polyurethane,,,9.99,/241/62/217005_PU_1,217005_PU_1.jpg,none,,,,,
217092_BK,217092,Phone Holder HIVE Black,_BK,Black,Wallet,Phone Holder,Fantasy PU,Polyester; Polyurethane; Polyurethane,,,15.99,/241/62/217092_BK_1,217092_BK_1.jpg,none,,,,,
217092_CA,217092,Phone Holder HIVE Camel,_CA,Camel,Wallet,Phone Holder,Fantasy PU,Polyester; Polyurethane; Polyurethane,,,15.99,/241/62/217092_CA_1,217092_CA_1.jpg,none,,,,,
217092_OW,217092,Phone Holder HIVE Off White,_OW,Off White,Wallet,Phone Holder,Fantasy PU,Polyester; Polyurethane; Polyurethane,,,15.99,/241/62/217092_OW_1,217092_OW_1.jpg,none,,,,,
217138_RD,217138,Multipurpose Purse TETE Red,_RD,Red,Wallet,Multipurpose Purse,Nylon,Polyamide; Polyester,,,12.99,/241/62/217138_RD_1,217138_RD_1.jpg,none,,,,,
217174_BL,217174,Wallet celia Blue,_BL,Blue,Wallet,Wallet,Peach PU,Polyester; Polyurethane; Polyurethane; Thermoplastic Polyurethane,,,15.99,/241/62/217174_BL_1,217174_BL_1.jpg,none,,,,,
217175_AU,217175,Wallet celia Aubergine,_AU,Aubergine,Wallet,Wallet,Interlaced,Polyester; Polyurethane; Polyurethane; Thermoplastic Polyurethane,,,12.99,/241/62/217175_AU_1,217175_AU_1.jpg,none,,,,,
217175_EC,217175,Wallet celia Ecru,_EC,Ecru,Wallet,Wallet,Interlaced,Polyester; Polyurethane; Polyurethane; Thermoplastic Polyurethane,,,12.99,/241/62/217175_EC_1,217175_EC_1.jpg,none,,,,,
217183_EC,217183,Phone Holder celia Ecru,_EC,Ecru,Wallet,Phone Holder,Peach PU,Polyester; Polyurethane; Polyurethane,,,17.99,/241/62/217183_EC_1,217183_EC_1.jpg,none,,,,,
217248_BK,217248,Notebook venus Black,_BK,Black,Wallet,Others,Notebook,Fiberglass; Paper; Polyester,,,15.99,/241/62/217248_BK_1,217248_BK_1.jpg,none,,,,,
217272_RD,217272,Wallet venus Red,_RD,Red,Wallet,Wallet,Peach PU,Polycarbonate; Polyester; Polyurethane; Polyurethane; Resin,,,12.99,/241/62/217272_RD_1,217272_RD_1.jpg,none,,,,,
217285_BM,217285,Card Holder venus Bright Multicolor,_BM,Bright Multicolor,Wallet,Card Holder,Printed PU,Polyester; Polyester,,,7.99,/241/62/217285_BM_1,217285_BM_1.jpg,none,,,,,
217407_AQ,217407,Wallet FLEUR Aquamarine,_AQ,Aquamarine,Wallet,Wallet,Fantasy PU,Polyester; Polyurethane; Polyurethane,,,15.99,/241/62/217407_AQ_1,217407_AQ_1.jpg,none,,,,,
217407_CA,217407,Wallet FLEUR Camel,_CA,Camel,Wallet,Wallet,Fantasy PU,Polyester; Polyurethane; Polyurethane,,,15.99,/241/62/217407_CA_1,217407_CA_1.jpg,none,,,,,
217410_GN,217410,Phone Holder FLEUR Green,_GN,Green,Wallet,Phone Holder,Printed PU,Polyester; Polyurethane; Polyurethane,Silver,,17.99,/241/62/217410_GN_1,217410_GN_1.jpg,none,,,,,
217801_RD,217801,Multipurpose Purse CUPID Red,_RD,Red,Wallet,Multipurpose Purse,Denim,Cotton; Polyester; Polyurethane,,,25.99,/241/62/217801_RD_1,217801_RD_1.jpg,none,,,,,
217895_OR,217895,Wallet LIV Orange,_OR,Orange,Wallet,Wallet,Plain PU,Polyester; Polymethylmethacrylate; Polyurethane; Polyurethane,,,12.99,/241/62/217895_OR_1,217895_OR_1.jpg,none,,,,,
217902_BM,217902,Coin Purse LIV Bright Multicolor,_BM,Bright Multicolor,Wallet,Coin Purse,Embroidery,Polyester; Polyester; Polyurethane,,,7.99,/241/62/217902_BM_1,217902_BM_1.jpg,none,,,,,
217929_DM,217929,Card Holder FLORENCE Dark Multicolor,_DM,Dark Multicolor,Wallet,Card Holder,Printed PU,Polyester; Polyurethane,,,7.99,/241/62/217929_DM_1,217929_DM_1.jpg,none,,,,,
217942_KK,217942,Coin Purse BASIC JOANINHA Khaki,_KK,Khaki,Wallet,Coin Purse,Plain PU,Polyester; Polyurethane,,,7.99,/242/62/217942_KK_1,217942_KK_1.jpg,none,,,,,
217953_LM,217953,Card Holder BASIC FLORENCE Lime,_LM,Lime,Wallet,Card Holder,Plain PU,Polyester; Polyurethane,,,7.99,/241/62/217953_LM_1,217953_LM_1.jpg,none,,,,,
217953_WT,217953,Card Holder BASIC FLORENCE White,_WT,White,Wallet,Card Holder,Plain PU,Polyester; Polyurethane,,,7.99,/241/62/217953_WT_1,217953_WT_1.jpg,none,,,,,
217954_PM,217954,Card Holder BASIC FLORENCE Pastel Multicolor,_PM,Pastel Multicolor,Wallet,Card Holder,Printed PU,Polyester; Polyethylene; Polyethylene,,,7.99,/241/62/217954_PM_1,217954_PM_1.jpg,none,,,,,
217966_BM,217966,Wallet BASIC FLORENCE Bright Multicolor,_BM,Bright Multicolor,Wallet,Wallet,Printed PU,Polyester; Polyurethane; Polyurethane; Thermoplastic Polyurethane,,,12.99,/241/62/217966_BM_1,217966_BM_1.jpg,none,,,,,
217998_BU,217998,Wallet MONICA Burgundy,_BU,Burgundy,Wallet,Wallet,Plain PU,Polyester; Polyurethane; Polyurethane; Thermoplastic Polyurethane,,,15.99,/241/62/217998_BU_1,217998_BU_1.jpg,none,,,,,
218010_BM,218010,Coin Purse MONICA Bright Multicolor,_BM,Bright Multicolor,Wallet,Coin Purse,Printed PU,Polyester; Polyurethane,,,7.99,/241/62/218010_BM_1,218010_BM_1.jpg,none,,,,,
218128_BM,218128,Wallet MADEIRA Bright Multicolor,_BM,Bright Multicolor,Wallet,Wallet,Printed PU,Polyester; Polyurethane; Polyurethane,,,12.99,/241/62/218128_BM_1,218128_BM_1.jpg,none,,,,,
218132_PK,218132,Card Holder MADEIRA Pink,_PK,Pink,Wallet,Card Holder,Peach PU,Polyester; Polyurethane; Polyurethane; Thermoplastic Polyurethane,,,12.99,/241/62/218132_PK_1,218132_PK_1.jpg,none,,,,,
218138_CA,218138,Passport Case celia Camel,_CA,Camel,Wallet,Others,Passport Case,Polyester; Polyurethane; Polyurethane,,,12.99,/241/62/218138_CA_1,218138_CA_1.jpg,none,,,,,
218154_EC,218154,Card Holder LE SUD Ecru,_EC,Ecru,Wallet,Card Holder,Plain PU,Polyester; Polyurethane; Silicone,,,7.99,/241/62/218154_EC_1,218154_EC_1.jpg,none,,,,,
218154_KK,218154,Card Holder LE SUD Khaki,_KK,Khaki,Wallet,Card Holder,Plain PU,Polyester; Polyurethane; Silicone,,,7.99,/241/62/218154_KK_1,218154_KK_1.jpg,none,,,,,
218154_TQ,218154,Card Holder LE SUD Turquoise,_TQ,Turquoise,Wallet,Card Holder,Plain PU,Polyester; Polyurethane; Silicone,,,7.99,/241/62/218154_TQ_1,218154_TQ_1.jpg,none,,,,,
218159_KK,218159,Phone Holder LE SUD Khaki,_KK,Khaki,Wallet,Phone Holder,Fake Nylon,Polyester; Polyester; Polyurethane; Silicone; Thermoplastic Polyurethane,,,17.99,/241/62/218159_KK_1,218159_KK_1.jpg,none,,,,,
218165_PK,218165,Wallet LE SUD Pink,_PK,Pink,Wallet,Wallet,Printed PU,Polyamide; Polyester; Polyurethane; Silicone,,,12.99,/241/62/218165_PK_1,218165_PK_1.jpg,none,,,,,
218277_CL,218277,Phone Holder FLOWER PATCH Coral,_CL,Coral,Wallet,Phone Holder,Color Block,Polyester; Polyurethane; Polyurethane,Light Golden,,17.99,/241/62/218277_CL_1,218277_CL_1.jpg,none,,,,,
218403_BK,218403,Wallet CUPIDO2 Black,_BK,Black,Wallet,Wallet,Printed PU,Polyester; Polyurethane,,,12.99,/241/62/218403_BK_1,218403_BK_1.jpg,none,,,,,
218403_OR,218403,Wallet CUPIDO2 Orange,_OR,Orange,Wallet,Wallet,Printed PU,Polyester; Polyurethane,,,12.99,/241/62/218403_OR_1,218403_OR_1.jpg,none,,,,,
218526_RD,218526,Coin Purse PICASSO2 Red,_RD,Red,Wallet,Coin Purse,Printed Nylon,Polyester; Polyester,,,12.99,/241/62/218526_RD_1,218526_RD_1.jpg,none,,,,,
218837_BM,218837,Wallet BASIC JOANINHA Bright Multicolor,_BM,Bright Multicolor,Wallet,Wallet,Printed PU,Polyester; Polyurethane; Polyurethane; Thermoplastic Polyurethane,,,15.99,/242/62/218837_BM_1,218837_BM_1.jpg,none,,,,,
218846_PK,218846,Coin Purse BASIC JOANINHA Pink,_PK,Pink,Wallet,Coin Purse,Plain PU,Polyester; Polyurethane,,,7.99,/242/62/218846_PK_1,218846_PK_1.jpg,none,,,,,
218925_PK,218925,Wallet MAMMINA Pink,_PK,Pink,Wallet,Wallet,Printed Fake Nylon,Polyester; Polyester; Polyurethane; Polyurethane,,,12.99,/241/62/218925_PK_1,218925_PK_1.jpg,none,,,,,
219461_CA,219461,Wallet ROSANA Camel,_CA,Camel,Wallet,Wallet,Plain PU,Polyester; Polyurethane; Polyurethane; Thermoplastic Polyurethane,,,17.99,/242/62/219461_CA_1,219461_CA_1.jpg,none,,,,,
219462_EC,219462,Wallet ROSANA Ecru,_EC,Ecru,Wallet,Wallet,Plain PU,Polyester; Polyurethane; Polyurethane; Thermoplastic Polyurethane,,,17.99,/242/62/219462_EC_1,219462_EC_1.jpg,none,,,,,
219462_RD,219462,Wallet ROSANA Red,_RD,Red,Wallet,Wallet,Plain PU,Polyester; Polyurethane; Polyurethane; Thermoplastic Polyurethane,,,17.99,/242/62/219462_RD_1,219462_RD_1.jpg,none,,,,,
219483_EC,219483,Phone Holder BASIC JOANINHA Ecru,_EC,Ecru,Wallet,Phone Holder,Plain PU,Polyester; Polyurethane; Polyurethane; Thermoplastic Polyurethane,,,16.99,/242/62/219483_EC_1,219483_EC_1.jpg,none,,,,,
219569NC,219569,Phone Holder BUZIOS Natural Color,NC,Natural Color,Wallet,Phone Holder,Paper straw,Cotton; Paper; Polyester; Polyurethane,,,15.99,/241/62/219569NC_1,219569NC_1.jpg,none,,,,,
219598_EC,219598,Card Holder TAYLOR Ecru,_EC,Ecru,Wallet,Card Holder,Animal Embossed PU,Polyester; Polyurethane; Polyurethane,,,12.99,/241/62/219598_EC_1,219598_EC_1.jpg,none,,,,,
219607NC,219607,Phone Holder PATTY Natural Color,NC,Natural Color,Wallet,Phone Holder,Fake straw,Polyester; Polyester; Polypropylene; Polyurethane; Polyurethane,Light Golden,,17.99,/241/62/219607NC_1,219607NC_1.jpg,none,,,,,
219607_CA,219607,Phone Holder PATTY Camel,_CA,Camel,Wallet,Phone Holder,Fake straw,Polyurethane; Polyester; Polypropylene,Light Golden,,17.99,/241/62/219607_CA_1,219607_CA_1.jpg,none,,,,,
219609_BM,219609,Wallet BASIC DANI Bright Multicolor,_BM,Bright Multicolor,Wallet,Wallet,Printed PU,Polyester; Polyurethane; Polyurethane; Thermoplastic Polyurethane,,,17.99,/242/62/219609_BM_1,219609_BM_1.jpg,none,,,,,
219749_BM,219749,Phone Holder ROSANA Bright Multicolor,_BM,Bright Multicolor,Wallet,Phone Holder,Paper straw,Cotton; Cotton; Nylon; Paper; Polyester; Polyurethane; Viscose,,,17.99,/242/62/219749_BM_1,219749_BM_1.jpg,none,,,,,
219795_BL,219795,Card Holder SELMA Blue,_BL,Blue,Wallet,Card Holder,Plastic,Polyester; Thermoplastic Polyurethane,,,12.99,/241/62/219795_BL_1,219795_BL_1.jpg,none,,,,,
219863_YL,219863,Coin Purse SELMA Yellow,_YL,Yellow,Wallet,Coin Purse,Nylon,Polyamide; Polyamide,,,9.99,/241/62/219863_YL_1,219863_YL_1.jpg,none,,,,,
220140_WT,220140,Card Holder STRAWBERRY White,_WT,White,Wallet,Card Holder,Printed PU,Polyester; Polyurethane; Polyurethane; Thermoplastic Polyurethane,Silver,,9.99,/242/62/220140_WT_1,220140_WT_1.jpg,none,,,,,
220366_BM,220366,Wallet loretta Bright Multicolor,_BM,Bright Multicolor,Wallet,Wallet,Printed PU,Polyester; Polyurethane; Polyurethane; Thermoplastic Polyurethane,,,12.99,/242/62/220366_BM_2y,220366_BM_2y.jpg,none,,,,,
220442_PK,220442,Multipurpose Purse HILTON Pink,_PK,Pink,Wallet,Multipurpose Purse,Nylon,Polyester; Polyester,,,17.99,/241/62/220442_PK_1,220442_PK_1.jpg,none,,,,,
220819_LB,220819,Wallet MILEY Light Blue,_LB,Light Blue,Wallet,Wallet,Plain PU,Polyester; Polyurethane; Polyurethane; Thermoplastic Polyurethane,,,17.99,/242/62/220819_LB_1,220819_LB_1.jpg,none,,,,,
220823_CA,220823,Wallet MILEY Camel,_CA,Camel,Wallet,Wallet,Plain PU,Polyester; Polyurethane; Polyurethane; Thermoplastic Polyurethane,,,15.99,/242/62/220823_CA_1,220823_CA_1.jpg,none,,,,,
220823_EC,220823,Wallet MILEY Ecru,_EC,Ecru,Wallet,Wallet,Plain PU,Polyester; Polyurethane; Polyurethane; Thermoplastic Polyurethane,,,15.99,/242/62/220823_EC_1,220823_EC_1.jpg,none,,,,,
220945_BG,220945,Wallet BASIC DANI Beige,_BG,Beige,Wallet,Wallet,Plain PU,Polyester; Polyurethane; Polyurethane; Thermoplastic Polyurethane,,,12.99,/242/62/220945_BG_1y,220945_BG_1y.jpg,none,,,,,
220945_LL,220945,Wallet loretta Lilac,_LL,Lilac,Wallet,Wallet,Plain PU,Thermoplastic Polyurethane; Polyurethane; Polyester; Polyurethane,,,12.99,/242/62/220945_LL_1,220945_LL_1.jpg,none,,,,,
220945_YL,220945,Wallet BASIC DANI Yellow,_YL,Yellow,Wallet,Wallet,Plain PU,Polyester; Polyurethane; Polyurethane; Thermoplastic Polyurethane,,,12.99,/242/62/220945_YL_2y,220945_YL_2y.jpg,none,,,,,
220947_LL,220947,Card Holder loretta Lilac,_LL,Lilac,Wallet,Card Holder,Plain PU,Polyurethane; Polyester,,,7.99,/242/62/220947_LL_1,220947_LL_1.jpg,none,,,,,
220947_YL,220947,Card Holder BASIC DANI Yellow,_YL,Yellow,Wallet,Card Holder,Plain PU,Polyester; Polyurethane,,,7.99,/242/62/220947_YL_2y,220947_YL_2y.jpg,none,,,,,
221145_IG,221145,Phone Holder SAHARA Indigo,_IG,Indigo,Wallet,Phone Holder,Denim,Cotton; Polyester; Polyester; Polyurethane; Polyurethane,Silver,,17.99,/242/62/221145_IG_1,221145_IG_1.jpg,none,,,,,
221198_EC,221198,Coin Purse CONSUELO Ecru,_EC,Ecru,Wallet,Coin Purse,Peach PU,Polyester; Polyurethane,,,12.99,/242/62/221198_EC_1,221198_EC_1.jpg,none,,,,,
221228_BM,221228,Wallet BASIC DIANA Bright Multicolor,_BM,Bright Multicolor,Wallet,Wallet,Printed PU,Polyester; Polyurethane; Polyurethane; Thermoplastic Polyurethane,,,15.99,/242/62/221228_BM_1,221228_BM_1.jpg,none,,,,,
221234_BM,221234,Phone Holder BASIC DIANA Bright Multicolor,_BM,Bright Multicolor,Wallet,Phone Holder,Printed PU,Polyester; Polyurethane; Polyurethane; Thermoplastic Polyurethane,,,17.99,/242/62/221234_BM_1,221234_BM_1.jpg,none,,,,,
221323NC,221323,Phone Holder MILEY Natural Color,NC,Natural Color,Wallet,Phone Holder,Paper straw,Cotton; Iron; Linen; Paper; Polyester; Polyurethane,,,19.99,/242/62/221323NC_1,221323NC_1.jpg,none,,,,,
221438_BK,221438,Jewellery Case OMARA Black,_BK,Black,Wallet,Others,Jewellery Case,Polyamide; Polyamide; Polyamide; Polyester; Polyurethane,,,15.99,/242/62/221438_BK_1,221438_BK_1.jpg,none,,,,,
221438_BM,221438,Jewellery Case OMARA Bright Multicolor,_BM,Bright Multicolor,Wallet,Others,Jewellery Case,Polyamide; Polyamide; Polyamide; Polyamide; Polyurethane,,,15.99,/242/62/221438_BM_1,221438_BM_1.jpg,none,,,,,
221551_EC,221551,Multipurpose Purse MILEY Ecru,_EC,Ecru,Wallet,Multipurpose Purse,Knit,Cotton; Cotton,,,19.99,/242/62/221551_EC_1,221551_EC_1.jpg,none,,,,,
221651_CA,221651,Wallet FLORA Camel,_CA,Camel,Wallet,Wallet,Color Block,Polyester; Polyester; Polyurethane; Thermoplastic Polyurethane; Thermoplastic Polyurethane; Polyurethane; Polyester; Polyurethane,Silver,,17.99,/242/62/221651_CA_1,221651_CA_1.jpg,none,,,,,
216766_BG,221706,Jewellery Case MARTINA Beige,_BG,Beige,Wallet,Others,Jewellery Case,Polyester; Polyester; Polyurethane; Polyurethane; Polyurethane,,,15.99,/241/62/221706_BG_1,221706_BG_1.jpg,none,,,,,
221733_GN,221733,Coin Purse MARTHA Green,_GN,Green,Wallet,Coin Purse,Plain PU,Polyester; Polyurethane,,,7.99,/242/62/221733_GN_1,221733_GN_1.jpg,none,,,,,
221733_WT,221733,Coin Purse MARTHA White,_WT,White,Wallet,Coin Purse,Plain PU,Polyester; Polyurethane,,,7.99,/242/62/221733_WT_1,221733_WT_1.jpg,none,,,,,
221737_PK,221737,Card Holder MARTHA Pink,_PK,Pink,Wallet,Card Holder,Plain PU,Polyester; Polyurethane; Polyurethane,,,9.99,/242/62/221737_PK_1,221737_PK_1.jpg,none,,,,,
221801_BK,221801,Multipurpose Purse MARTHA Black,_BK,Black,Wallet,Multipurpose Purse,Nylon,Polyamide; Polyester; Polyurethane,,,17.99,/242/62/221801_BK_1,221801_BK_1.jpg,none,,,,,
222178_LB,222178,Wallet OMARA Light Blue,_LB,Light Blue,Wallet,Wallet,Plain PU,Polyester; Polyurethane; Polyurethane; Thermoplastic Polyurethane,,,15.99,/242/62/222178_LB_1,222178_LB_1.jpg,none,,,,,
222188_AQ,222188,Card Holder OMARA Aquamarine,_AQ,Aquamarine,Wallet,Card Holder,Plain PU,Acrylic; Polyester; Polyurethane; Polyurethane; Resin,,,12.99,/242/62/222188_AQ_1,222188_AQ_1.jpg,none,,,,,
222188_EC,222188,Card Holder OMARA Ecru,_EC,Ecru,Wallet,Card Holder,Plain PU,Acrylic; Polyester; Polyurethane; Polyurethane; Resin,,,12.99,/242/62/222188_EC_1,222188_EC_1.jpg,none,,,,,
222191_BM,222191,Passport Case OMARA Bright Multicolor,_BM,Bright Multicolor,Wallet,Others,Passport Case,Polyester; Polyester; Thermoplastic Polyurethane,,,12.99,/242/62/222191_BM_1,222191_BM_1.jpg,none,,,,,
222272_NV,222272,Wallet PALMS Navy,_NV,Navy,Wallet,Wallet,Printed PU,Polyurethane; Polyurethane; Thermoplastic Polyurethane; Polyester,,,12.99,/242/62/222272_NV_1,222272_NV_1.jpg,none,,,,,
222289_BL,222289,Phone Holder OMARA Blue,_BL,Blue,Wallet,Phone Holder,Plain PU,Polyester; Polyurethane; Polyurethane,,,19.99,/242/62/222289_BL_1,222289_BL_1.jpg,none,,,,,
222293_EC,222293,Wallet OMARA Ecru,_EC,Ecru,Wallet,Wallet,Plain PU,Polyester; Polyurethane; Polyurethane; Thermoplastic Polyurethane,,,17.99,/242/62/222293_EC_1,222293_EC_1.jpg,none,,,,,
222335_BK,222335,Phone Holder BARDOT Black,_BK,Black,Wallet,Phone Holder,Animal Embossed PU,Polyurethane; Polyurethane; Polyester,Light Golden,,17.99,/242/62/222335_BK_1,222335_BK_1.jpg,none,,,,,
222335_CA,222335,Phone Holder BARDOT Camel,_CA,Camel,Wallet,Phone Holder,Animal Embossed PU,Polyurethane; Polyurethane; Polyester,Light Golden,,17.99,/242/62/222335_CA_1,222335_CA_1.jpg,none,,,,,
222420_CA,222420,Wallet MARTINA Camel,_CA,Camel,Wallet,Wallet,Peach PU,Polyester; Polyester; Polyurethane; Polyurethane; Polyurethane; Thermoplastic Polyurethane; Thermoplastic Polyurethane,,,17.99,/242/62/222420_CA_1,222420_CA_1.jpg,none,,,,,
222426_BG,222426,Wallet MARTINA Beige,_BG,Beige,Wallet,Wallet,Peach PU,Polyester; Polyurethane; Polyurethane,,,12.99,/242/62/222426_BG_1,222426_BG_1.jpg,none,,,,,
222426_LB,222426,Wallet MARTINA Light Blue,_LB,Light Blue,Wallet,Wallet,Peach PU,Polyester; Polyurethane; Polyurethane,,,12.99,/242/62/222426_LB_1,222426_LB_1.jpg,none,,,,,
222426_PA,222426,Wallet MARTINA Paprika,_PA,Paprika,Wallet,Wallet,Peach PU,Polyurethane; Polyurethane; Polyester,,,12.99,/242/62/222426_PA_1,222426_PA_1.jpg,none,,,,,
222427_CA,222427,Wallet MARTINA Camel,_CA,Camel,Wallet,Wallet,Peach PU,Polyester; Polyester; Polyurethane; Polyurethane; Polyurethane; Thermoplastic Polyurethane; Thermoplastic Polyurethane,,,15.99,/242/62/222427_CA_1,222427_CA_1.jpg,none,,,,,
222427_EC,222427,Wallet MARTINA Ecru,_EC,Ecru,Wallet,Wallet,Peach PU,Polyester; Polyester; Polyurethane; Polyurethane; Polyurethane; Thermoplastic Polyurethane; Thermoplastic Polyurethane,,,15.99,/242/62/222427_EC_1,222427_EC_1.jpg,none,,,,,
222436_DM,222436,Computer Case ALEK Dark Multicolor,_DM,Dark Multicolor,Wallet,Others,Computer Case,Polyester; Polyester,,,22.99,/242/62/222436_DM_1,222436_DM_1.jpg,none,,,,,
222442_BM,222442,Wallet ALEK Bright Multicolor,_BM,Bright Multicolor,Wallet,Wallet,Printed PU,Polyester; Polyurethane; Thermoplastic Polyurethane; Polyurethane,,,17.99,/242/62/222442_BM_1,222442_BM_1.jpg,none,,,,,
222447_DM,222447,Wallet ALEK Dark Multicolor,_DM,Dark Multicolor,Wallet,Wallet,Printed PU,Polyester; Polyurethane; Polyurethane,,,12.99,/242/62/222447_DM_1,222447_DM_1.jpg,none,,,,,
222451_BK,222451,Coin Purse ALEK Black,_BK,Black,Wallet,Coin Purse,Printed Nylon,Polyester; Polyester,,,12.99,/242/62/222451_BK_1,222451_BK_1.jpg,none,,,,,
222451_BM,222451,Coin Purse ALEK Bright Multicolor,_BM,Bright Multicolor,Wallet,Coin Purse,Printed Nylon,Polyester; Polyester,,,12.99,/242/62/222451_BM_1,222451_BM_1.jpg,none,,,,,
222458_BM,222458,Wallet ALEK Bright Multicolor,_BM,Bright Multicolor,Wallet,Wallet,Printed PU,Polyester; Polyurethane; Thermoplastic Polyurethane; Polyurethane,,,12.99,/242/62/222458_BM_1,222458_BM_1.jpg,none,,,,,
222567_KK,222567,Wallet GRACE Khaki,_KK,Khaki,Wallet,Wallet,Plain PU,Polyester; Polyurethane; Polyurethane; Thermoplastic Polyurethane,,,17.99,/242/62/222567_KK_1,222567_KK_1.jpg,none,,,,,
222573_DM,222573,Wallet GRACE Dark Multicolor,_DM,Dark Multicolor,Wallet,Wallet,Printed PU,Polyester; Polyurethane; Polyurethane,,,12.99,/242/62/222573_DM_1,222573_DM_1.jpg,none,,,,,
222577_BM,222577,Coin Purse GRACE Bright Multicolor,_BM,Bright Multicolor,Wallet,Coin Purse,Printed PU,Polyester; Polyurethane,,,7.99,/242/62/222577_BM_1,222577_BM_1.jpg,none,,,,,
222581_DM,222581,Card Holder GRACE Dark Multicolor,_DM,Dark Multicolor,Wallet,Card Holder,Printed PU,Polyester; Polyurethane,,,7.99,/242/62/222581_DM_1,222581_DM_1.jpg,none,,,,,
222585_PK,222585,Wallet GRACE Pink,_PK,Pink,Wallet,Wallet,Plain PU,Polyester; Polyurethane; Polyurethane,,,12.99,/242/62/222585_PK_1,222585_PK_1.jpg,none,,,,,
222897_BK,222897,Phone Holder DAMERO2 Black,_BK,Black,Wallet,Phone Holder,Nylon,Polyester; Polyester; Polyester; Polyurethane; Resin; Zinc,Silver,,17.99,/242/62/222897_BK_1,222897_BK_1.jpg,none,,,,,
222897_TU,222897,Phone Holder DAMERO2 Taupe,_TU,Taupe,Wallet,Phone Holder,Nylon,Polyester; Polyester; Polyester; Polyurethane; Resin; Zinc,Silver,,17.99,/242/62/222897_TU_1,222897_TU_1.jpg,none,,,,,
223031_BK,223031,Wallet BAKER Black,_BK,Black,Wallet,Wallet,Printed Fabric,Thermoplastic Polyurethane; Polyurethane; Polyester; Polyester; Polyurethane,,,15.99,/242/62/223031_BK_1,223031_BK_1.jpg,none,,,,,
2231291EC,223129,Jewellery Case BASIC Ecru,1EC,Ecru,Wallet,Others,Jewellery Case,Polyester; Polyester; Polyurethane; Polyurethane; Polyurethane; Polyurethane,,,15.99,/242/62/2231291EC_1,2231291EC_1.jpg,none,,,,,
223129_CA,223129,Jewellery Case BASIC Camel,_CA,Camel,Wallet,Others,Jewellery Case,Polyurethane; Polyurethane; Polyester; Polyester; Polyurethane,,,15.99,/242/62/223129_CA_1,223129_CA_1.jpg,none,,,,,
223175_BG,223175,Wallet BASIC DIANA Beige,_BG,Beige,Wallet,Wallet,Plain PU,Polyester; Polyurethane; Polyurethane,,,17.99,/242/62/223175_BG_1,223175_BG_1.jpg,none,,,,,
223217_WT,223217,Wallet DALMATA2 White,_WT,White,Wallet,Wallet,Printed Nylon,Nylon; Polyester; Polyamide,,,12.99,/242/62/223217_WT_1,223217_WT_1.jpg,none,,,,,
223368_BM,223368,Card Holder ZIMBA3 Bright Multicolor,_BM,Bright Multicolor,Wallet,Card Holder,Real Fur,Polyester; Cow Leather; Polyurethane; Polyurethane,,,15.99,/242/62/223368_BM_1,223368_BM_1.jpg,none,,,,,
223591_BG,223591,Phone Holder ZIMBA3 Beige,_BG,Beige,Wallet,Phone Holder,Real Fur,Polyurethane; Polyester; Cow Leather; Polyurethane,,,19.99,/242/62/223591_BG_1,223591_BG_1.jpg,none,,,,,
223591_BN,223591,Phone Holder ZIMBA3 Brown,_BN,Brown,Wallet,Phone Holder,Real Fur,Polyurethane; Polyester; Polyurethane; Cow Leather,,,19.99,/242/62/223591_BN_1,223591_BN_1.jpg,none,,,,,
223627_BM,223627,Phone Holder LEO2 Bright Multicolor,_BM,Bright Multicolor,Wallet,Phone Holder,Printed Nylon,Polyester; Polyester; Polyurethane,Silver,,17.99,/242/62/223627_BM_1,223627_BM_1.jpg,none,,,,,
224123_YL,224123,Multipurpose Purse DALMATA3 Yellow,_YL,Yellow,Wallet,Multipurpose Purse,Plain Fabric,Cotton; Polyester; Polyurethane,,,12.99,/242/62/224123_YL_1,224123_YL_1.jpg,none,,,,,
224465_BU,224465,Wallet MELBY Burgundy,_BU,Burgundy,Wallet,Wallet,Animal Embossed PU,Thermoplastic Polyurethane; Polyurethane; Polyurethane; Polyester,,,15.99,/242/62/224465_BU_1,224465_BU_1.jpg,none,,,,,
224477_BU,224477,Coin Purse MELBY Burgundy,_BU,Burgundy,Wallet,Coin Purse,Fake Fur,Polyester; Polyester,,,12.99,/242/62/224477_BU_1,224477_BU_1.jpg,none,,,,,
224477_GN,224477,Coin Purse MELBY Green,_GN,Green,Wallet,Coin Purse,Fake Fur,Polyester; Polyester,,,12.99,/242/62/224477_GN_1,224477_GN_1.jpg,none,,,,,
224537_BK,224537,Wallet SIENNA Black,_BK,Black,Wallet,Wallet,Fantasy PU,Polyurethane; Polyurethane; Polyester,,,17.99,/242/62/224537_BK_1,224537_BK_1.jpg,none,,,,,
224541_BU,224541,Wallet SIENNA Burgundy,_BU,Burgundy,Wallet,Wallet,Fantasy PU,Polyurethane; Polyester; Polyurethane,,,12.99,/242/62/224541_BU_1,224541_BU_1.jpg,none,,,,,
224541_GY,224541,Wallet SIENNA Grey,_GY,Grey,Wallet,Wallet,Fantasy PU,Polyurethane; Polyester; Polyurethane,,,12.99,/242/62/224541_GY_1,224541_GY_1.jpg,none,,,,,
224544_SK,224544,Card Holder SIENNA Skin,_SK,Skin,Wallet,Card Holder,Fantasy PU,Polyester; Polyurethane,,,7.99,/242/62/224544_SK_1,224544_SK_1.jpg,none,,,,,
224551_LB,224551,Multipurpose Purse SIENNA Light Blue,_LB,Light Blue,Wallet,Multipurpose Purse,Real Suede,Cow Suede Leather; Polyester,,,17.99,/242/62/224551_LB_1,224551_LB_1.jpg,none,,,,,
224553_BK,224553,Phone Holder SIENNA Black,_BK,Black,Wallet,Phone Holder,Fantasy Fabric,Polyester; Polyurethane; Polyurethane,,,17.99,/242/62/224553_BK_1,224553_BK_1.jpg,none,,,,,
224553_DM,224553,Phone Holder SIENNA Dark Multicolor,_DM,Dark Multicolor,Wallet,Phone Holder,Fantasy Fabric,Polyester; Polyurethane; Polyester; Polyurethane,,,17.99,/242/62/224553_DM_1,224553_DM_1.jpg,none,,,,,
224707_KK,224707,Computer Case SHILLOH Khaki,_KK,Khaki,Wallet,Others,Computer Case,Polyurethane; Polyester,,,19.99,/242/62/224707_KK_1,224707_KK_1.jpg,none,,,,,
224712_BU,224712,Pencil Case SHILLOH Burgundy,_BU,Burgundy,Wallet,Pencil Case,Peach PU,Polyester; Polyurethane,,,12.99,/242/62/224712_BU_1,224712_BU_1.jpg,none,,,,,
224742_BK,224742,Wallet SHILLOH Black,_BK,Black,Wallet,Wallet,Peach PU,Thermoplastic Polyurethane; Polyester; Polyurethane; Polyurethane,,,17.99,/242/62/224742_BK_1,224742_BK_1.jpg,none,,,,,
224742_KK,224742,Wallet SHILLOH Khaki,_KK,Khaki,Wallet,Wallet,Peach PU,Polyurethane; Polyester; Thermoplastic Polyurethane; Polyurethane,,,17.99,/242/62/224742_KK_1,224742_KK_1.jpg,none,,,,,
224751_BU,224751,Card Holder SHILLOH Burgundy,_BU,Burgundy,Wallet,Card Holder,Peach PU,Polyester; Polyurethane,,,9.99,/242/62/224751_BU_1,224751_BU_1.jpg,none,,,,,
224751_LB,224751,Card Holder SHILLOH Light Blue,_LB,Light Blue,Wallet,Card Holder,Peach PU,Polyester; Polyurethane,,,9.99,/242/62/224751_LB_1,224751_LB_1.jpg,none,,,,,
224751_PK,224751,Card Holder SHILLOH Pink,_PK,Pink,Wallet,Card Holder,Peach PU,Polyester; Polyurethane,,,9.99,/242/62/224751_PK_1,224751_PK_1.jpg,none,,,,,
224765_BK,224765,Card Holder SHILLOH Black,_BK,Black,Wallet,Card Holder,Peach PU,Polyurethane; Polyurethane; Polyester,,,12.99,/242/62/224765_BK_1,224765_BK_1.jpg,none,,,,,
224785_BM,224785,Multipurpose Purse SHILLOH Bright Multicolor,_BM,Bright Multicolor,Wallet,Multipurpose Purse,Printed PU,Polyester; Polyamide; Polyester; Thermoplastic Polyurethane,,,22.99,/242/62/224785_BM_1,224785_BM_1.jpg,none,,,,,
224792_BK,224792,Computer Case SHILLOH Black,_BK,Black,Wallet,Others,Computer Case,Polyurethane; Polyamide; Polyurethane; Polyester; Polyester,,,25.99,/242/62/224792_BK_1,224792_BK_1.jpg,none,,,,,
224845_BN,224845,Card Holder PANTERA2 Brown,_BN,Brown,Wallet,Card Holder,Plain PU,Polyester; Polyurethane,Silver,,9.99,/242/62/224845_BN_1,224845_BN_1.jpg,none,,,,,
224948_DM,224948,Pencil Case RATATUI Dark Multicolor,_DM,Dark Multicolor,Wallet,Pencil Case,Printed Nylon,Polyester; Polyester; Polyamide,,,12.99,/242/62/224948_DM_1,224948_DM_1.jpg,none,,,,,
224962_DM,224962,Wallet KENDALL Dark Multicolor,_DM,Dark Multicolor,Wallet,Wallet,Real Suede,Polyurethane; Cow Suede Leather; Polyester; Polyurethane,,,25.99,/242/62/224962_DM_1,224962_DM_1.jpg,none,,,,,
224968_DM,224968,Multipurpose Purse KENDALL Dark Multicolor,_DM,Dark Multicolor,Wallet,Multipurpose Purse,Real Suede,Polyurethane; Cow Suede Leather; Polyurethane; Polyester,,,22.99,/242/62/224968_DM_1,224968_DM_1.jpg,none,,,,,
224971_BM,224971,Card Holder KENDALL Bright Multicolor,_BM,Bright Multicolor,Wallet,Card Holder,Real Suede,Polyester; Cow Suede Leather,,,15.99,/242/62/224971_BM_1,224971_BM_1.jpg,none,,,,,
224971_YL,224971,Card Holder KENDALL Yellow,_YL,Yellow,Wallet,Card Holder,Real Suede,Polyester; Cow Suede Leather,,,15.99,/242/62/224971_YL_1,224971_YL_1.jpg,none,,,,,
