PROD_CLR_EQUIV,PROD_REF,PROD_DES_BASE,CLR_COD,CLR_DES,CAT_DES_EN,GFA_DES_EN,GFS_DES_EN,COMPOSITION,FINISHING,MATERIAL,PRICE_BASE_W_VAT,PROG_IMAGE,img_file,priority,issues,review_status,fixes,reviewer,notes
140428_BN,140428,Necklace SILVER PROVISION Brown,_BN,Brown,Jewellery,Necklaces,Pendant,,Other,,9.99,/2015-171/52/140428CT__1,140428CT__1.jpg,high,IMG_PATH_INVALID;IMG_COLOUR_MISMATCH,,,,
211743_GN,211743,T-shirt ESSENTIALS T DISPLAY 1 Green,_GN,Green,Apparel,T-shirt,Circular,Elastane; Polyester; recycled polyester,,Polyester,12.99,/232/64/211743_1,211743_1.jpg,medium,IMG_GENERIC;SALES_MISSING,,,,
211920_BB,211920,Vest LAB JULHO Bright Blue,_BB,Bright Blue,Apparel,Vest,Woven,Cotton; Polyester; Viscose; Wool,,Polyester,35.99,/232/64/211920_BBU_2,211920_BBU_2.jpg,medium,IMG_GENERIC;SALES_MISSING,,,,
212067_BL,212067,Skirt LAB JUNHO Blue,_BL,Blue,Apparel,Skirt,Woven,Cotton,,Cotton,39.99,/232/64/212067_BL_1,212067_BL_1.jpg,medium,IMG_SHARED,,,,
212067_SV,212067,Skirt LAB JUNHO Silver,_SV,Silver,Apparel,Skirt,Woven,Cotton,,Cotton,39.99,/232/64/212067_SV_1,212067_SV_1.jpg,medium,IMG_SHARED,,,,
215400_DG,215400,Trousers MAXI AGOSTO Dark Grey,_DG,Dark Grey,Apparel,Trousers,Woven,Viscose,,Viscose,35.99,/232/64/215400_1,,medium,IMG_FILE_MISSING;IMG_GENERIC;IMG_SHARED,,,,
215400_GY,215400,Trousers MAXI AGOSTO Grey,_GY,Grey,Apparel,Trousers,Woven,Viscose,,Viscose,35.99,/232/64/215400_1,,medium,IMG_FILE_MISSING;IMG_GENERIC;IMG_SHARED,,,,
217956_FU,217956,Kaftan T1 ESSENTIALS Fuchsia,_FU,Fuchsia,Apparel,Kaftan,Woven,Polyamide; Polyester; Viscose,,Polyester,19.99,/241/64/217956_1,217956_1.jpg,medium,IMG_GENERIC;IMG_SHARED,,,,
217956_GN,217956,Kaftan SANTOS Green,_GN,Green,Apparel,Kaftan,Woven,Polyamide; Polyester; Viscose,,Polyester,19.99,/241/64/217956_1,217956_1.jpg,medium,IMG_GENERIC;IMG_SHARED,,,,
226533_BK,226533,Sweater BETS Black,_BK,Black,Apparel,Sweater,Knit,Acrylic; Polyamide; Wool,,Polyamide,32.99,/242/64/226533_1,,medium,IMG_FILE_MISSING;IMG_GENERIC;IMG_SHARED;SALES_MISSING,,,,
226533_BU,226533,Sweater BETS Burgundy,_BU,Burgundy,Apparel,Sweater,Knit,Acrylic; Wool; Polyamide,,Polyamide,32.99,/242/64/226533_1,,medium,IMG_FILE_MISSING;IMG_GENERIC;IMG_SHARED;SALES_MISSING,,,,
227302_WT,227302,Dress MY White,_WT,White,Apparel,Dress,Circular,Polyester; Elastodieno; Elastane; Polyamide,,Polyamide,39.99,/242/64/227302_1,,medium,IMG_FILE_MISSING;IMG_GENERIC;SALES_MISSING,,,,
227825_BK,227825,Top TRENDY Black,_BK,Black,Apparel,Top,Woven,Polyester; Elastane; Polyester,,,32.99,/242/64/227825_1,,medium,IMG_FILE_MISSING;IMG_GENERIC;IMG_SHARED;SALES_MISSING,,,,
227825_EC,227825,Top TRENDY Ecru,_EC,Ecru,Apparel,Top,Woven,Polyester; Polyester; Elastane,,,32.99,/242/64/227825_1,,medium,IMG_FILE_MISSING;IMG_GENERIC;IMG_SHARED;SALES_MISSING,,,,
228167_BN,228167,Top COWBOY Brown,_BN,Brown,Apparel,Top,Circular,Elastane; Cotton,,,22.99,/242/64/228167_1,,medium,IMG_FILE_MISSING;IMG_GENERIC;SALES_MISSING,,,,
229443_BN,229443,Sweater B4NOV Brown,_BN,Brown,Apparel,Sweater,Circular,Wool; Cotton; Polyester,,Polyester,32.99,/242/64/229443_2,,medium,IMG_FILE_MISSING;IMG_GENERIC;IMG_SHARED;SALES_MISSING,,,,
229443_EC,229443,Sweater B4NOV Ecru,_EC,Ecru,Apparel,Sweater,Circular,Cotton; Polyester; Wool,,Polyester,32.99,/242/64/229443_2,,medium,IMG_FILE_MISSING;IMG_GENERIC;IMG_SHARED;SALES_MISSING,,,,
229443_GY,229443,Sweater B4NOV Grey,_GY,Grey,Apparel,Sweater,Circular,Cotton; Polyester; Wool,,Polyester,32.99,/242/64/229443_2,,medium,IMG_FILE_MISSING;IMG_GENERIC;IMG_SHARED;SALES_MISSING,,,,
230255_BM,230255,Coat TRENDY Bright Multicolor,_BM,Bright Multicolor,Apparel,Coat,Woven,Polyester; Polyester,,Polyester,69.99,/242/64/230255_1,,medium,IMG_FILE_MISSING;IMG_GENERIC;SALES_MISSING,,,,
209656_BG,209656,Trainer Shoes RUNNING LIGHT BEIGE Beige,_BG,Beige,Footwear,Trainers,PU,Polyester; Polyester; Polyurethane; Rubber,,,35.99,/232/53/209656_1,,medium,IMG_FILE_MISSING;IMG_GENERIC,,,,
210714_TU,210714,Ankle Boots BASIC ANKLE BOOT TAUPE Taupe,_TU,Taupe,Footwear,Ankle Boots,Textile,Polyester; Polyester; Polyurethane; Polyurethane; Rubber,,,35.99,/232/53/210714_2,,medium,IMG_FILE_MISSING;IMG_GENERIC,,,,
223555_SV,223555,Ballerinas BALLERINA MARY-JANE SILVE Silver,_SV,Silver,Footwear,Ballerinas,PU,Polyester; Rubber; Polyurethane; Polyurethane; Polyurethane,,,25.99,/242/53/223555_1,223555_1.jpg,medium,IMG_GENERIC,,,,
222937_EC,222937,Sac JOPLIN Ecru,_EC,Ecru,Hand Bag,Sac,Real Suede,Cow Suede Leather; Iron; Iron; Polyester; Polyurethane; Polyurethane,Light Golden,,35.99,/242/54/222937_1,,medium,IMG_FILE_MISSING;IMG_GENERIC,,,,
176549_BK,176549,Earring WILD COLOR,_BK,Black,Jewellery,Earrings,Hoop Earrings,Enamel; Zinc,Golden,,5.99,/201/52/176549_1,176549_1.jpg,medium,IMG_GENERIC;CLR_NOT_IN_DESC,,,,
1835691BU,183569,Earring ROCK N' SPARKLE,1BU,Burgundy,Jewellery,Earrings,Drop,Acrylic; Zinc,Golden,,5.99,/242/52/1835691BU_1,1835691BU_1.jpg,medium,CLR_NOT_IN_DESC;SALES_MISSING,,,,
193076_PU,193076,Earring FLORABUNDANCE Purple,_PU,Purple,Jewellery,Earrings,Dangle,Iron; Thermoplastic Polyurethane; Zinc,Golden,,5.99,/221/52/193076_1,,medium,IMG_FILE_MISSING;IMG_GENERIC,,,,
1983930BM,198393,Earring CANDY SHELL,0BM,Bright Multicolor,Jewellery,Earrings,Drop,Acrylic; Iron; Shell,Golden,Beads,7.99,/222/52/198393_1,198393_1.jpg,medium,IMG_GENERIC;CLR_NOT_IN_DESC,,,,
2062681HM,206268,Necklace ULTRAVIO Halftone Multicolor,1HM,Halftone Multicolor,Jewellery,Necklaces,Pendant,Brass; Iron; Resin,Worn Gold,,12.99,/231/52/206268_1,206268_1.jpg,medium,IMG_GENERIC,,,,
209321_SV,209321,Earring GLDN DEL,_SV,Silver,Jewellery,Earrings,Stud,Glass; Iron,Golden,,4.99,/232/52/209321_1,209321_1.jpg,medium,IMG_GENERIC;CLR_NOT_IN_DESC;SALES_MISSING,,,,
212534_HM,212534,Earring EXPEDITION Halftone Multicolor,_HM,Halftone Multicolor,Jewellery,Earrings,Dangle,Acrylic; Iron; Zinc,Worn Gold,,8.99,/232/52/212534_1,,medium,IMG_FILE_MISSING;IMG_GENERIC,,,,
212586_RD,212586,Earring EXPEDITION Red,_RD,Red,Jewellery,Earrings,Stud,Iron; Thermoplastic Polyurethane,Worn Gold,,5.99,/232/52/212586_1,,medium,IMG_FILE_MISSING;IMG_GENERIC,,,,
212830_GD,212830,Earring GLDN DEL Gold,_GD,Gold,Jewellery,Earrings,Stud,Acrylic; Zinc,Golden,,4.99,/232/52/212830_1,,medium,IMG_FILE_MISSING;IMG_GENERIC,,,,
212971_PK,212971,Ring mulstone Pink,_PK,Pink,Jewellery,Rings,Band Ring,Enamel; Zinc,Golden,,5.99,/232/52/212971_1,,medium,IMG_FILE_MISSING;IMG_GENERIC,,,,
212974_TG,212974,Earring mulstone Pastel Green,_TG,Pastel Green,Jewellery,Earrings,Drop,Iron; Pearl; Resin; Zinc,Brushed Golden,,5.99,/232/52/212974_1,,medium,IMG_FILE_MISSING;IMG_GENERIC,,,,
212984_HM,212984,Necklace mulstone Halftone Multicolor,_HM,Halftone Multicolor,Jewellery,Necklaces,Beaded Necklace,Acrylic; Glass; Iron; Pearl; Resin; Stone; Zinc,Golden,,15.99,/232/52/212984_1,,medium,IMG_FILE_MISSING;IMG_GENERIC,,,,
213143_GD,213143,Earring ECLIPSE Gold,_GD,Gold,Jewellery,Earrings,Dangle,Iron; Zinc; Zirconium,Brushed Golden,,7.99,/232/52/213143_1,,medium,IMG_FILE_MISSING;IMG_GENERIC,,,,
213318_GD,213318,Bracelet GOLDEN BASICS Gold,_GD,Gold,Jewellery,Bracelets,Adjustable Bracelet,Brass; Thermoplastic Polyurethane,Golden,,6.99,/232/52/213318_1,213318_1.jpg,medium,IMG_GENERIC,,,,
213334_GD,213334,Ring GLDN DEL Gold,_GD,Gold,Jewellery,Rings,Band Ring,Zinc,Golden,,5.99,/232/52/213334_1,213334_1.jpg,medium,IMG_GENERIC;SALES_MISSING,,,,
213346_GD,213346,Earring GOLDEN BASICS Gold,_GD,Gold,Jewellery,Earrings,Stud,Zinc,Brushed Golden,,5.99,/232/52/213346_1,213346_1.jpg,medium,IMG_GENERIC,,,,
213838_PU,213838,Ring ULTRAVIO Purple,_PU,Purple,Jewellery,Rings,Fantasy,Cork,Worn Gold,,6.99,/232/52/213838_1,213838_1.jpg,medium,IMG_GENERIC,,,,
213913_DM,213913,Earring FLORABUNDANCE Dark Multicolor,_DM,Dark Multicolor,Jewellery,Earrings,Hoop Earrings,Enamel; Zinc,Golden,,5.99,/232/52/213913_1,,medium,IMG_FILE_MISSING;IMG_GENERIC,,,,
214594_GD,214594,Earring GLDN DEL Gold,_GD,Gold,Jewellery,Earrings,Stud,Acrylic; Zinc,Golden,,4.99,/232/52/214594_1,,medium,IMG_FILE_MISSING;IMG_GENERIC,,,,
214627_MM,214627,Earring TREND Metallic Multicolor,_MM,Metallic Multicolor,Jewellery,Earrings,Dangle,Cork,Golden,,12.99,/232/52/214627_1,,medium,IMG_FILE_MISSING;IMG_GENERIC,,,,
215508_HM,215508,Ring GLDN DEL Halftone Multicolor,_HM,Halftone Multicolor,Jewellery,Rings,Band Ring,Zinc; Zirconium,Golden,,5.99,/241/52/215508_1,215508_1.jpg,medium,IMG_GENERIC;SALES_MISSING,,,,
2203361GD,220336,Necklace TREND Gold,1GD,Gold,Jewellery,Necklaces,Y-Necklace,Brass,Worn Gold,,17.99,/242/52/2203361GD_1,2203361GD_1.jpg,medium,IMG_SHARED,,,,
220336_GD,220336,Necklace TREND Gold,_GD,Gold,Jewellery,Necklaces,Y-Necklace,Brass,Worn Gold,,17.99,/241/52/220336_GD_1,220336_GD_1.jpg,medium,IMG_SHARED,,,,
224571_BK,224571,Earring Milagro Black,_BK,Black,Jewellery,Earrings,Hoop Earrings,Cork,Golden,,5.99,/242/52/224571_1.,224571_1.jpeg,medium,IMG_GENERIC;SALES_MISSING,,,,
225267_PE,225267,Earring NEW CLASSIC Pearl,_PE,Pearl,Jewellery,Earrings,Hoop Earrings,Cork; Iron; Acrylic,Golden,,5.99,/242/52/225267_1.,,medium,IMG_FILE_MISSING;IMG_GENERIC;SALES_MISSING,,,,
226222_PE,226222,Ring NEW CLASSIC Pearl,_PE,Pearl,Jewellery,Rings,Fantasy,Cork; Acrylic; Zinc,Golden,,5.99,/242/52/226222_1,,medium,IMG_FILE_MISSING;IMG_GENERIC,,,,
209978_EC,209978,Card Holder tilda Ecru,_EC,Ecru,Wallet,Card Holder,Printed PU,Polyurethane; Polyester; Polyurethane,,,9.99,/232/62/209978_1,209978_1.jpg,medium,IMG_GENERIC;SALES_MISSING,,,,
214201_HM,214201,Card Holder Avril Halftone Multicolor,_HM,Halftone Multicolor,Wallet,Card Holder,Color Block,Polyester; Polyester; Polyurethane,,,9.99,/232/62/214201_1,214201_1.jpg,medium,IMG_GENERIC;SALES_MISSING,,,,
225838_LB,225838,Wallet GLORIA Light Blue,_LB,Light Blue,Wallet,Wallet,Plain PU,Polyurethane; Thermoplastic Polyurethane; Polyester; Polyurethane,,,15.99,/242/62/225838_1,,medium,IMG_FILE_MISSING;IMG_GENERIC;SALES_MISSING,,,,
225874_BK,225874,Coin Purse GLORIA Black,_BK,Black,Wallet,Coin Purse,Real Fur,Polyester; Cow Leather,,,17.99,/242/62/225874_1,,medium,IMG_FILE_MISSING;IMG_GENERIC;IMG_SHARED;SALES_MISSING,,,,
225874_CA,225874,Coin Purse GLORIA Camel,_CA,Camel,Wallet,Coin Purse,Real Fur,Cow Leather; Polyester,,,17.99,/242/62/225874_1,,medium,IMG_FILE_MISSING;IMG_GENERIC;IMG_SHARED;SALES_MISSING,,,,
225912_BK,225912,Card Holder GLORIA Black,_BK,Black,Wallet,Card Holder,Real Fur,Polyester; Cow Leather; Resin; Polyurethane,,,19.99,/242/62/225912_1,,medium,IMG_FILE_MISSING;IMG_GENERIC;SALES_MISSING,,,,
227511_BK,227511,Wallet DOLLY Black,_BK,Black,Wallet,Wallet,Peach PU,Polyurethane; Polyester; Polyurethane,,,15.99,/242/62/227511_1,,medium,IMG_FILE_MISSING;IMG_GENERIC;IMG_SHARED,,,,
227511_GN,227511,Wallet DOLLY Green,_GN,Green,Wallet,Wallet,Peach PU,Polyester; Polyurethane; Polyurethane,,,15.99,/242/62/227511_1,,medium,IMG_FILE_MISSING;IMG_GENERIC;IMG_SHARED;SALES_MISSING,,,,
227512_DM,227512,Wallet DOLLY Dark Multicolor,_DM,Dark Multicolor,Wallet,Wallet,Printed PU,Polyurethane; Polyester; Polyurethane; Thermoplastic Polyurethane,,,15.99,/242/62/227512_1,,medium,IMG_FILE_MISSING;IMG_GENERIC;SALES_MISSING,,,,
226741_NM,226741,Dress BRIDAL CAPSULE Neutral Multicolor,_NM,Neutral Multicolor,Apparel,Dress,Woven,Cotton,,,250.0,/242/64/226741_NM_1,,low,IMG_FILE_MISSING;SALES_ZERO_QTY,,,,
226812_NM,226812,Dress BRIDAL CAPSULE Neutral Multicolor,_NM,Neutral Multicolor,Apparel,Dress,Woven,Cotton,,Cotton,220.0,/242/64/226812_NM_1,,low,IMG_FILE_MISSING;SALES_ZERO_QTY,,,,
213480_BU,213480,Trousers MIRÓ 2 Burgundy,_BU,Burgundy,Apparel,Trousers,Woven,Lyocell; Viscose,,Lyocell,32.99,/232/64/213480_BU_1,,info,IMG_FILE_MISSING,,,,
213480_EC,213480,Trousers HOT Ecru,_EC,Ecru,Apparel,Trousers,Woven,Viscose; Lyocell,,,32.99,/241/64/213480_EC_1,,info,IMG_FILE_MISSING,,,,
214564_FU,214564,Shirt Hot dez Fuchsia,_FU,Fuchsia,Apparel,Shirt,Woven,Viscose,,Viscose,23.99,/241/64/214564_FU_1,,info,IMG_FILE_MISSING,,,,
214609_BM,214609,Trousers Hot Bright Multicolor,_BM,Bright Multicolor,Apparel,Trousers,Woven,Viscose,,,32.99,/241/64/214609_BM_1,,info,IMG_FILE_MISSING,,,,
214660_BM,214660,Shirt MI Bright Multicolor,_BM,Bright Multicolor,Apparel,Shirt,Woven,Viscose; Lyocell,,,35.99,/232/64/214660_BM_1,,info,IMG_FILE_MISSING,,,,
224421_BK,224421,Shorts TRENDY Black,_BK,Black,Apparel,Shorts,Woven,Cotton,,,29.99,/242/64/224421_BK_1,,info,IMG_FILE_MISSING,,,,
225140_BM,225140,Top 33 Bright Multicolor,_BM,Bright Multicolor,Apparel,Top,Woven,Lyocell,,Lyocell,25.99,/242/64/225140_BM_1,,info,IMG_FILE_MISSING,,,,
225141_KK,225141,Top 55 Khaki,_KK,Khaki,Apparel,Top,Woven,Polyester,,Polyester,25.99,/242/64/225141_KK_1,,info,IMG_FILE_MISSING,,,,
225141_WT,225141,Top 55 White,_WT,White,Apparel,Top,Woven,Polyester,,Polyester,25.99,/242/64/225141_WT_1,,info,IMG_FILE_MISSING,,,,
225188_PK,225188,Skirt C4 SET Pink,_PK,Pink,Apparel,Skirt,Woven,Sheep leather; Polyester,,Leather,59.99,/242/64/225188_PK_1,,info,IMG_FILE_MISSING,,,,
225211_BG,225211,Coat CS1 Beige,_BG,Beige,Apparel,Coat,Woven,Polyester; Lyocell,,,69.99,/242/64/225211_BG_1,,info,IMG_FILE_MISSING,,,,
225240_BK,225240,Shirt UB Black,_BK,Black,Apparel,Shirt,Woven,Cotton,,,29.99,/242/64/225240_BK_1,,info,IMG_FILE_MISSING,,,,
225240_BU,225240,Shirt UB Burgundy,_BU,Burgundy,Apparel,Shirt,Woven,Cotton,,,29.99,/242/64/225240_BU_1,,info,IMG_FILE_MISSING,,,,
225314_KK,225314,Poncho T1 ESSENTIALS Khaki,_KK,Khaki,Apparel,Poncho,Knit,Polyester; Polyamide; Viscose,,,32.99,/242/64/225314_KK_1,,info,IMG_FILE_MISSING,,,,
225582_BK,225582,Sweater CAXEMIRA Black,_BK,Black,Apparel,Sweater,Knit,Cashmere,,,99.99,/242/64/225582_BK_1,,info,IMG_FILE_MISSING,,,,
225582_CA,225582,Sweater CAXEMIRA Camel,_CA,Camel,Apparel,Sweater,Knit,Cashmere,,,99.99,/242/64/225582_CA_1,,info,IMG_FILE_MISSING,,,,
225582_WT,225582,Sweater CAXEMIRA White,_WT,White,Apparel,Sweater,Knit,Cashmere,,,99.99,/242/64/225582_WT_1,,info,IMG_FILE_MISSING,,,,
225607_BM,225607,Sweater UB Bright Multicolor,_BM,Bright Multicolor,Apparel,Sweater,Knit,Viscose; Cotton,,,32.99,/242/64/225607_BM_1,,info,IMG_FILE_MISSING,,,,
225619_BL,225619,Sweatshirt TU Blue,_BL,Blue,Apparel,Sweatshirt,Circular,Cotton; Polyester,,,32.99,/242/64/225619_BL_1,,info,IMG_FILE_MISSING,,,,
225619_GY,225619,Sweatshirt UB Grey,_GY,Grey,Apparel,Sweatshirt,Circular,Polyester; Cotton,,,32.99,/242/64/225619_GY_1,,info,IMG_FILE_MISSING,,,,
226234_BM,226234,Dress outu Bright Multicolor,_BM,Bright Multicolor,Apparel,Dress,Woven,Viscose,,Viscose,45.99,/242/64/226234_BM_1,,info,IMG_FILE_MISSING,,,,
226356_BK,226356,T-shirt COMODIN Black,_BK,Black,Apparel,T-shirt,Circular,Polyester; Viscose; Elastane,,Polyester,15.99,/242/64/226356_BK_1,,info,IMG_FILE_MISSING,,,,
226356_BN,226356,T-shirt COMODIN Brown,_BN,Brown,Apparel,T-shirt,Circular,Polyester; Viscose; Elastane,,Polyester,15.99,/242/64/226356_BN_1,,info,IMG_FILE_MISSING,,,,
226356_GY,226356,T-shirt COMODIN Grey,_GY,Grey,Apparel,T-shirt,Circular,Polyester; Elastane; Viscose,,Polyester,15.99,/242/64/226356_GY_1,,info,IMG_FILE_MISSING;SALES_MISSING,,,,
226491_BN,226491,Sweater AN Brown,_BN,Brown,Apparel,Sweater,Knit,Polyamide; Acrylic; Polyester; Wool,,Polyamide,32.99,/242/64/226491_BN_1,,info,IMG_FILE_MISSING,,,,
226491_GY,226491,Sweater AN Grey,_GY,Grey,Apparel,Sweater,Knit,Polyamide; Wool; Polyester; Acrylic,,Polyamide,32.99,/242/64/226491_GY_1,,info,IMG_FILE_MISSING,,,,
226533_GY,226533,Sweater 77 Grey,_GY,Grey,Apparel,Sweater,Knit,Polyester; Wool; Polyamide; Acrylic,,Polyamide,32.99,/242/64/226533_GY_1,,info,IMG_FILE_MISSING,,,,
226533_OW,226533,Sweater 77 Off White,_OW,Off White,Apparel,Sweater,Knit,Polyester; Wool; Acrylic; Polyamide,,Polyamide,32.99,/242/64/226533_OW_1,,info,IMG_FILE_MISSING,,,,
226568_AN,226568,T-shirt 22 Anthracite,_AN,Anthracite,Apparel,T-shirt,Circular,Cotton,,Cotton,15.99,/242/64/226568_AN_1,,info,IMG_FILE_MISSING,,,,
226607_BK,226607,Dress UB Black,_BK,Black,Apparel,Dress,Knit,Polyamide; Viscose,,Viscose,39.99,/242/64/226607_BK_1,,info,IMG_FILE_MISSING,,,,
226607_BU,226607,Dress UB Burgundy,_BU,Burgundy,Apparel,Dress,Knit,Viscose; Polyamide,,Viscose,39.99,/242/64/226607_BU_1,,info,IMG_FILE_MISSING,,,,
226612_BM,226612,Skirt gg Bright Multicolor,_BM,Bright Multicolor,Apparel,Skirt,Woven,Cotton; Polyester; Viscose; Elastane; Polyester; Viscose,,,39.99,/242/64/226612_BM_1,,info,IMG_FILE_MISSING,,,,
226769_BK,226769,Blazer TRENDY Black,_BK,Black,Apparel,Blazer,Woven,Polyester; Viscose; Polyester; Wool,,,69.99,/242/64/226769_BK_1,,info,IMG_FILE_MISSING;SALES_MISSING,,,,
226778_BM,226778,Trousers ARABE Bright Multicolor,_BM,Bright Multicolor,Apparel,Trousers,Woven,Viscose,,,35.99,/242/64/226778_BM_1,,info,IMG_FILE_MISSING,,,,
226796_BL,226796,Jeans M1S Blue,_BL,Blue,Apparel,Jeans,Woven,Lyocell; Cotton,,Cotton,42.99,/242/64/226796_BL_1,,info,IMG_FILE_MISSING,,,,
226857_BM,226857,Sweatshirt 77 Bright Multicolor,_BM,Bright Multicolor,Apparel,Sweatshirt,Circular,Polyester; Cotton,,,29.99,/242/64/226857_BM_1,,info,IMG_FILE_MISSING,,,,
226857_GY,226857,Sweatshirt 77 Grey,_GY,Grey,Apparel,Sweatshirt,Circular,Cotton; Polyester,,,29.99,/242/64/226857_GY_1,,info,IMG_FILE_MISSING,,,,
226901_BM,226901,Blazer TRENDY Bright Multicolor,_BM,Bright Multicolor,Apparel,Blazer,Woven,Polyester; Polyester; Wool; Viscose,,,69.99,/242/64/226901_BM_1,,info,IMG_FILE_MISSING;SALES_MISSING,,,,
226967_BK,226967,Coat BETS Black,_BK,Black,Apparel,Coat,Woven,Acrylic; Wool; Polyester; Viscose; Wool; Polyester; Viscose; Wool; Polyester; Polyamide; Wool; Polyester; Wool; Polyester; Polyamide; Wool; Polyester,,Wool,139.99,/242/64/226967_BK_1,,info,IMG_FILE_MISSING;SALES_MISSING,,,,
226967_CA,226967,Coat BETS Camel,_CA,Camel,Apparel,Coat,Woven,Acrylic; Viscose; Polyester; Wool; Polyester; Polyamide; Polyester; Wool; Wool,,Wool,139.99,/242/64/226967_CA_2y,,info,IMG_FILE_MISSING;SALES_MISSING,,,,
226967_GY,226967,Coat C3 NOV Grey,_GY,Grey,Apparel,Coat,Woven,Polyester; Wool; Acrylic; Polyamide; Polyester; Wool; Lyocell; Viscose; Polyester; Wool; Polyester; Wool; Polyester; Wool; Polyamide; Polyester; Wool; Wool,,Wool,139.99,/242/64/226967_GY_1,,info,IMG_FILE_MISSING;SALES_MISSING,,,,
226995_BN,226995,Cardigan VERONA OUTUBRO Brown,_BN,Brown,Apparel,Cardigan,Knit,Wool; Acrylic; Polyamide; Elastane; Polyester,,,32.99,/242/64/226995_BN_1,,info,IMG_FILE_MISSING,,,,
226995_KK,226995,Cardigan VERONA OUTUBRO Khaki,_KK,Khaki,Apparel,Cardigan,Knit,Elastane; Polyamide; Polyester; Wool; Acrylic,,,32.99,/242/64/226995_KK_1,,info,IMG_FILE_MISSING,,,,
227063_BK,227063,Dress LL Black,_BK,Black,Apparel,Dress,Circular,Viscose; Elastane; Polyamide,,,35.99,/242/64/227063_BK_1,,info,IMG_FILE_MISSING,,,,
227063_BU,227063,Dress LL Burgundy,_BU,Burgundy,Apparel,Dress,Circular,Polyamide; Viscose; Elastane,,,35.99,/242/64/227063_BU_1,,info,IMG_FILE_MISSING;SALES_MISSING,,,,
227072_GY,227072,T-shirt IE Grey,_GY,Grey,Apparel,T-shirt,Circular,Polyester; Elastane,,Polyester,19.99,/242/64/227072_GY_1,,info,IMG_FILE_MISSING;SALES_MISSING,,,,
227130_BU,227130,Top QUADROS Burgundy,_BU,Burgundy,Apparel,Top,Knit,Wool; Acrylic; Polyamide,,Acrylic,25.99,/242/64/227130_BU_1,,info,IMG_FILE_MISSING,,,,
227249_GN,227249,Coat VERONOV Green,_GN,Green,Apparel,Coat,Woven,Polyester; Polyester; Wool,,Wool,79.99,/242/64/227249_GN_1,,info,IMG_FILE_MISSING;SALES_MISSING,,,,
227249_GY,227249,Coat VERONOV Grey,_GY,Grey,Apparel,Coat,Woven,Polyester; Polyamide; Polyester; Wool,,Wool,79.99,/242/64/227249_GY_1,,info,IMG_FILE_MISSING;SALES_MISSING,,,,
227276_BK,227276,Skirt 22 Black,_BK,Black,Apparel,Skirt,Woven,Viscose; Polyester,,Viscose,45.99,/242/64/227276_BK_1,,info,IMG_FILE_MISSING,,,,
227306_BM,227306,Sweater C2 NOVEMBRO Bright Multicolor,_BM,Bright Multicolor,Apparel,Sweater,Knit,Elastane; Polyester; Polyester,,,35.99,/242/64/227306_BM_1,,info,IMG_FILE_MISSING;SALES_MISSING,,,,
227306_PK,227306,Sweater BETS Pink,_PK,Pink,Apparel,Sweater,Knit,Polyester; Elastane; Polyester,,Polyester,35.99,/242/64/227306_PK_1,,info,IMG_FILE_MISSING;SALES_MISSING,,,,
227320_BM,227320,Cardigan UU Bright Multicolor,_BM,Bright Multicolor,Apparel,Cardigan,Knit,Polyamide; Viscose,,,35.99,/242/64/227320_BM_1,,info,IMG_FILE_MISSING,,,,
227320_BN,227320,Cardigan BETS Brown,_BN,Brown,Apparel,Cardigan,Knit,Viscose; Polyamide,,Viscose,35.99,/242/64/227320_BN_1,,info,IMG_FILE_MISSING,,,,
227455_BK,227455,Jeans APP PRO Black,_BK,Black,Apparel,Jeans,Woven,Cotton; Polyester,,Cotton,32.99,/242/64/227455_BK_1,,info,IMG_FILE_MISSING,,,,
227492_BK,227492,Dress TRENDY Black,_BK,Black,Apparel,Dress,Woven,Cotton,,,35.99,/242/64/227492_BK_1,,info,IMG_FILE_MISSING,,,,
227492_BL,227492,Dress TRENDY Blue,_BL,Blue,Apparel,Dress,Woven,Cotton,,,35.99,/242/64/227492_BL_1,,info,IMG_FILE_MISSING,,,,
227494_CA,227494,Shorts QUADROS Camel,_CA,Camel,Apparel,Shorts,Woven,Goat Leather; Cotton,,,69.99,/242/64/227494_CA_1,,info,IMG_FILE_MISSING,,,,
227617_GY,227617,Shorts QUADROS Grey,_GY,Grey,Apparel,Shorts,Woven,Polyester; Wool,,,39.99,/242/64/227617_GY_1,,info,IMG_FILE_MISSING,,,,
227645_OR,227645,Sweater CN Orange,_OR,Orange,Apparel,Sweater,Knit,Acrylic; Polyamide,,,32.99,/242/64/227645_OR_1,,info,IMG_FILE_MISSING;SALES_MISSING,,,,
227645_PK,227645,Sweater BETS Pink,_PK,Pink,Apparel,Sweater,Knit,Acrylic; Polyamide,,Polyamide,32.99,/242/64/227645_PK_1,,info,IMG_FILE_MISSING;SALES_MISSING,,,,
227645_RD,227645,Sweater BETS Red,_RD,Red,Apparel,Sweater,Knit,Acrylic; Polyamide,,Polyamide,32.99,/242/64/227645_RD_1,,info,IMG_FILE_MISSING;SALES_MISSING,,,,
227727_BN,227727,Coat C2 NOVEMBRO Brown,_BN,Brown,Apparel,Coat,Woven,Goat Leather; Viscose,,Leather,139.99,/242/64/227727_BN_1,,info,IMG_FILE_MISSING;SALES_MISSING,,,,
227728_EC,227728,Dress TRENDY Ecru,_EC,Ecru,Apparel,Dress,Woven,Lyocell,,,42.99,/242/64/227728_EC_1,,info,IMG_FILE_MISSING,,,,
227728_KK,227728,Dress TRENDY Khaki,_KK,Khaki,Apparel,Dress,Woven,Lyocell,,,42.99,/242/64/227728_KK_1,,info,IMG_FILE_MISSING,,,,
227728_NV,227728,Dress TRENDY Navy,_NV,Navy,Apparel,Dress,Woven,Lyocell,,,42.99,/242/64/227728_NV_1,,info,IMG_FILE_MISSING,,,,
227798_BM,227798,Top QUADROS Bright Multicolor,_BM,Bright Multicolor,Apparel,Top,Woven,Wool; Polyester; Viscose; Viscose,,Polyester,45.99,/242/64/227798_BM_1,,info,IMG_FILE_MISSING,,,,
227996_BM,227996,Sweatshirt CLOSET13 Bright Multicolor,_BM,Bright Multicolor,Apparel,Sweatshirt,Circular,Viscose; Elastane; Polyester,,,32.99,/242/64/227996_BM_1,,info,IMG_FILE_MISSING;SALES_MISSING,,,,
227996_GN,227996,Sweatshirt CLOSET13 Green,_GN,Green,Apparel,Sweatshirt,Circular,Viscose; Polyester; Elastane,,,32.99,/242/64/227996_GN_1,,info,IMG_FILE_MISSING;SALES_MISSING,,,,
228070_BK,228070,Skirt outu Black,_BK,Black,Apparel,Skirt,Woven,Polyester; Viscose; Wool; Elastane,,Polyester,35.99,/242/64/228070_BK_1,,info,IMG_FILE_MISSING;SALES_MISSING,,,,
228167_OW,228167,Top COWBOY Off White,_OW,Off White,Apparel,Top,Circular,Elastane; Cotton,,,22.99,/242/64/228167_OW_1,,info,IMG_FILE_MISSING;SALES_MISSING,,,,
228204_BU,228204,Sweatshirt IE Burgundy,_BU,Burgundy,Apparel,Sweatshirt,Circular,Cotton; Polyester; Polyester,,,32.99,/242/64/228204_BU_1y,,info,IMG_FILE_MISSING;SALES_MISSING,,,,
228653_BK,228653,Coat TREND Black,_BK,Black,Apparel,Coat,Woven,Viscose; Viscose; Polyester; Polyurethane,,Viscose,59.99,/242/64/228653_BK_1,,info,IMG_FILE_MISSING,,,,
228730_BN,228730,Skirt B5 NOVEMBRO Brown,_BN,Brown,Apparel,Skirt,Knit,Elastane; Acrylic; Wool; Polyester,,Polyester,29.99,/242/64/228730_BN_1,,info,IMG_FILE_MISSING;SALES_MISSING,,,,
228730_EC,228730,Skirt B5 NOVEMBRO Ecru,_EC,Ecru,Apparel,Skirt,Knit,Elastane; Wool; Polyester; Acrylic,,Polyester,29.99,/242/64/228730_EC_1,,info,IMG_FILE_MISSING;SALES_MISSING,,,,
228730_GY,228730,Skirt B5 NOVEMBRO Grey,_GY,Grey,Apparel,Skirt,Knit,Acrylic; Polyester; Elastane; Wool,,Polyester,29.99,/242/64/228730_GY_1,,info,IMG_FILE_MISSING;SALES_MISSING,,,,
228745_BM,228745,Top C2 NOVEMBRO Bright Multicolor,_BM,Bright Multicolor,Apparel,Top,Woven,Viscose,,Viscose,32.99,/242/64/228745_BM_1,,info,IMG_FILE_MISSING;SALES_MISSING,,,,
229244_BU,229244,T-shirt COWBOY Burgundy,_BU,Burgundy,Apparel,T-shirt,Circular,Polyester; Elastane; Viscose,,Polyester,15.99,/242/64/229244_BU_1,,info,IMG_FILE_MISSING,,,,
229244_OW,229244,T-shirt COWBOY Off White,_OW,Off White,Apparel,T-shirt,Circular,Polyester; Viscose; Elastane,,Polyester,15.99,/242/64/229244_OW_1,,info,IMG_FILE_MISSING;SALES_MISSING,,,,
229415_BN,229415,Vest QUADROS Brown,_BN,Brown,Apparel,Vest,Woven,Polyurethane,,Polyurethane,49.99,/242/64/229415_BN_1,,info,IMG_FILE_MISSING,,,,
229486_IG,229486,Jeans C3 NOV Indigo,_IG,Indigo,Apparel,Jeans,Woven,Cotton,,,39.99,/242/64/229486_IG_2y,,info,IMG_FILE_MISSING;SALES_MISSING,,,,
230076_BM,230076,Top TRENDY Bright Multicolor,_BM,Bright Multicolor,Apparel,Top,Circular,Polyester; Elastane,,Polyester,19.99,/242/64/230076_BM_1,,info,IMG_FILE_MISSING;SALES_MISSING,,,,
230535_KK,230535,Apparel QUADROS Khaki,_KK,Khaki,Apparel,Cape,Woven,Polyurethane; Polyester,,Polyurethane,17.99,/242/64/230535_KK_1,,info,IMG_FILE_MISSING;SALES_MISSING,,,,
224419_BU,224419,NYLON BURGUNDY,_BU,Burgundy,Footwear,Trainers,Textile,Polyurethane; Polyester; Rubber; Polyester,,,35.99,/242/53/224419_BU_1,224419_BU_1.jpg,info,SALES_MISSING,,,,
226983_BK,226983,High Heel Sandals PARTY SANDAL Black,_BK,Black,Footwear,High Heel Sandals,Textile,Polyurethane; Rubber; Polyester; Polyester; Polyurethane,,,35.99,/242/53/226983_BK_1,,info,IMG_FILE_MISSING;SALES_MISSING,,,,
214581_BU,214581,Shoulder Bag BOOMER2 Burgundy,_BU,Burgundy,Hand Bag,Shoulder Bag,Plain PU,Polyester; Polyester; Polyurethane; Polyurethane,,,23.99,/232/54/214581_BU_1,,info,IMG_FILE_MISSING,,,,
214601_BG,214601,Backpack CAMI 1 Beige,_BG,Beige,Hand Bag,Backpack,Patchwork,Polyester; Polyester; Polyester; Polyester; Polyurethane; Polyurethane,,,27.99,/241/54/214601_BG_1,,info,IMG_FILE_MISSING,,,,
214601_BK,214601,Backpack CAMI 2 Black,_BK,Black,Hand Bag,Backpack,Patchwork,Polyester; Polyester; Polyurethane; Polyurethane; Polyurethane; Polyester,,,27.99,/241/54/214601_BK_1,,info,IMG_FILE_MISSING,,,,
225124_BN,225124,Sac LEOPARD CAPSULE Brown,_BN,Brown,Hand Bag,Sac,Printed Nylon,Polyester; Polyurethane; Polyester,Silver,,27.99,/242/54/225124_BN_1,,info,IMG_FILE_MISSING,,,,
225234_BK,225234,Bucket Bag COLLAGE3 Black,_BK,Black,Hand Bag,Bucket,Nylon,Polyester; Polyurethane; Polyester,Silver,,23.99,/242/54/225234_BK_1,,info,IMG_FILE_MISSING,,,,
225234_TU,225234,Bucket Bag COLLAGE3 Taupe,_TU,Taupe,Hand Bag,Bucket,Nylon,Polyester; Polyester; Polyurethane,Silver,,23.99,/242/54/225234_TU_1,,info,IMG_FILE_MISSING,,,,
225502_BK,225502,Crossbody Bag WESTERN3 Black,_BK,Black,Hand Bag,Cross,Fantasy PU,Polyurethane; Polyester; Polyester; Polyurethane,,,27.99,/242/54/225502_BK_1,,info,IMG_FILE_MISSING;SALES_MISSING,,,,
225502_KK,225502,Crossbody Bag WESTERN3 Khaki,_KK,Khaki,Hand Bag,Cross,Fantasy PU,Polyester; Polyurethane; Polyurethane; Polyester,,,27.99,/242/54/225502_KK_1,,info,IMG_FILE_MISSING;SALES_MISSING,,,,
225502_TU,225502,Crossbody Bag WESTERN3 Taupe,_TU,Taupe,Hand Bag,Cross,Fantasy PU,Polyester; Polyurethane; Polyester; Polyurethane,,,27.99,/242/54/225502_TU_1,,info,IMG_FILE_MISSING;SALES_MISSING,,,,
225517_OR,225517,Crossbody Bag COLLAGE2 Orange,_OR,Orange,Hand Bag,Cross,Fake Fur,Polyurethane; Polyurethane; Polyester; Polyester,Silver,,23.99,/242/54/225517_OR_1,,info,IMG_FILE_MISSING,,,,
225664_GN,225664,Crossbody Bag COLLAGE2 Green,_GN,Green,Hand Bag,Cross,Peach PU,Polyurethane; Polyester; Polyester; Polyurethane,Silver,,25.99,/242/54/225664_GN_1,,info,IMG_FILE_MISSING,,,,
225678_BK,225678,Tote Bag COLLAGE1 Black,_BK,Black,Hand Bag,Tote,Peach PU,Polyurethane; Polyester; Polyurethane,Silver,,25.99,/242/54/225678_BK_1,,info,IMG_FILE_MISSING,,,,
225678_BU,225678,Tote Bag COLLAGE1 Burgundy,_BU,Burgundy,Hand Bag,Tote,Peach PU,Polyurethane; Polyester; Polyurethane,Silver,,25.99,/242/54/225678_BU_1,,info,IMG_FILE_MISSING,,,,
225678_EC,225678,Tote Bag COLLAGE1 Ecru,_EC,Ecru,Hand Bag,Tote,Peach PU,Polyurethane; Polyester; Polyurethane,Silver,,25.99,/242/54/225678_EC_1,,info,IMG_FILE_MISSING,,,,
225678_OR,225678,Tote Bag COLLAGE1 Orange,_OR,Orange,Hand Bag,Tote,Peach PU,Polyurethane; Polyester; Polyurethane,Silver,,25.99,/242/54/225678_OR_1,,info,IMG_FILE_MISSING,,,,
225697_BK,225697,Crossbody Bag COLLAGE3 Black,_BK,Black,Hand Bag,Cross,Plain PU,Polyurethane; Polyester; Polyurethane,Silver,,25.99,/242/54/225697_BK_1,,info,IMG_FILE_MISSING,,,,
225697_KK,225697,Crossbody Bag COLLAGE3 Khaki,_KK,Khaki,Hand Bag,Cross,Plain PU,Polyurethane; Polyester; Polyurethane,Silver,,25.99,/242/54/225697_KK_1,,info,IMG_FILE_MISSING,,,,
225697_TU,225697,Crossbody Bag COLLAGE3 Taupe,_TU,Taupe,Hand Bag,Cross,Plain PU,Polyester; Polyurethane; Polyurethane,Silver,,25.99,/242/54/225697_TU_1,,info,IMG_FILE_MISSING,,,,
226316_BK,226316,Shopper Bag BROOKE Black,_BK,Black,Hand Bag,Shopper,Jacquard,Polyester; Polyester; Polyester; Polyurethane; Zinc; Polyurethane,Light Golden,,32.99,/242/54/226316_BK_1,,info,IMG_FILE_MISSING,,,,
226435_BK,226435,Backpack PARKER Black,_BK,Black,Hand Bag,Backpack,Nylon,Polyurethane; Polyurethane; Polyester; Polyester; Polyester,,,27.99,/242/54/226435_BK_1,,info,IMG_FILE_MISSING,,,,
226435_CA,226435,Backpack PARKER Camel,_CA,Camel,Hand Bag,Backpack,Nylon,Polyurethane; Polyester; Polyester; Polyurethane; Polyester,,,27.99,/242/54/226435_CA_1,,info,IMG_FILE_MISSING,,,,
226445_RD,226445,Sac SCOTS3 Red,_RD,Red,Hand Bag,Sac,Fantasy PU,Polyurethane; Polyurethane,Silver,,25.99,/242/54/226445_RD_1,,info,IMG_FILE_MISSING,,,,
226446_BK,226446,Tote Bag PARKER Black,_BK,Black,Hand Bag,Tote,Nylon,Polyurethane; Polyurethane; Polyester; Polyester; Polyurethane; Polyester; Polyester; Polyester,,,27.99,/242/54/226446_BK_1,,info,IMG_FILE_MISSING,,,,
226446_CA,226446,Tote Bag PARKER Camel,_CA,Camel,Hand Bag,Tote,Nylon,Polyester; Polyurethane; Polyurethane; Polyurethane; Polyester; Polyester; Polyester; Polyester,,,27.99,/242/54/226446_CA_1,,info,IMG_FILE_MISSING,,,,
226446_EC,226446,Tote Bag PARKER Ecru,_EC,Ecru,Hand Bag,Tote,Nylon,Polyurethane; Polyester; Polyurethane; Polyurethane; Polyester; Polyester; Polyester; Polyester,,,27.99,/242/54/226446_EC_1,,info,IMG_FILE_MISSING,,,,
226749_BK,226749,Shopper Bag WESTERN1 Black,_BK,Black,Hand Bag,Shopper,Plain PU,Iron; Polyester; Polyester; Polyurethane; Polyurethane; Zinc,Light Golden,,29.99,/242/54/226749_BK_1,,info,IMG_FILE_MISSING,,,,
226749_EC,226749,Shopper Bag WESTERN1 Ecru,_EC,Ecru,Hand Bag,Shopper,Plain PU,Iron; Polyurethane; Polyester; Polyester; Polyurethane; Zinc,Light Golden,,29.99,/242/54/226749_EC_1,,info,IMG_FILE_MISSING;SALES_MISSING,,,,
226749_TU,226749,Shopper Bag WESTERN1 Taupe,_TU,Taupe,Hand Bag,Shopper,Plain PU,Iron; Polyester; Polyurethane; Polyurethane; Polyester; Zinc,Light Golden,,29.99,/242/54/226749_TU_1,,info,IMG_FILE_MISSING,,,,
226792_BK,226792,Tote Bag WINTER MAORI Black,_BK,Black,Hand Bag,Tote,Peach PU,Polyurethane; Polyurethane; Polyurethane; Polyester,Silver,,23.99,/242/54/226792_BK_1,,info,IMG_FILE_MISSING;SALES_MISSING,,,,
226792_TU,226792,Tote Bag WINTER MAORI Taupe,_TU,Taupe,Hand Bag,Tote,Peach PU,Polyurethane; Polyester; Polyurethane; Polyurethane,Silver,,23.99,/242/54/226792_TU_1,,info,IMG_FILE_MISSING;SALES_MISSING,,,,
226800_BK,226800,Tote Bag WINTER MAORI Black,_BK,Black,Hand Bag,Tote,Peach PU,Polyester; Polyurethane; Polyurethane; Polyurethane,Silver,,19.99,/242/54/226800_BK_1,,info,IMG_FILE_MISSING;SALES_MISSING,,,,
227698_BL,227698,Shoulder Bag COWBOY Blue,_BL,Blue,Hand Bag,Shoulder Bag,Leather,Cow Leather; Cow Suede Leather; Sheep leather; Cotton,Silver,,69.99,/242/54/227698_BL_1,,info,IMG_FILE_MISSING;SALES_MISSING,,,,
214555_BK,214555,Bracelet ECLIPSE Black,_BK,Black,Jewellery,Bracelets,Elastic Bracelet,Glass; Thermoplastic Polyurethane; Zinc,Golden,,7.99,/232/52/214555_BK_1,,info,IMG_FILE_MISSING,,,,
214570_BK,214570,Earring ECLIPSE Black,_BK,Black,Jewellery,Earrings,Dangle,Iron; Resin,Brushed Golden,,4.99,/232/52/214570_BK_1,,info,IMG_FILE_MISSING,,,,
214579_MI,214579,Necklace Moonlight azure Midnight Blue,_MI,Midnight Blue,Jewellery,Necklaces,Choker,Velvet; Metal and Cord,Other,,10.99,/232/52/214579_MI_1,,info,IMG_FILE_MISSING,,,,
214605_MI,214605,Earring Moonlight azure Midnight Blue,_MI,Midnight Blue,Jewellery,Earrings,Hoop Earrings,Enamel; Zinc,Golden,,7.99,/232/52/214605_MI_1,,info,IMG_FILE_MISSING,,,,
214635_HM,214635,Necklace TREND Halftone Multicolor,_HM,Halftone Multicolor,Jewellery,Necklaces,Choker,Glass; Iron,Silver,,19.99,/232/52/214635_HM_1,,info,IMG_FILE_MISSING,,,,
214645_BM,214645,Set of Necklaces TREND Bright Multicolor,_BM,Bright Multicolor,Jewellery,Necklaces,Collar,Acrylic; Iron,Black Nikel,,25.99,/232/52/214645_BM_1,,info,IMG_FILE_MISSING,,,,
214647_BL,214647,Necklace CANICHE CAMPAIGN Blue,_BL,Blue,Jewellery,Necklaces,Beaded Necklace,Brass; Polyester; Steel; Thermoplastic Polyurethane,Golden,,27.99,/232/52/214647_BL_1,,info,IMG_FILE_MISSING,,,,
214647_PU,214647,Necklace CANICHE CAMPAIGN Purple,_PU,Purple,Jewellery,Necklaces,Beaded Necklace,Brass; Polyester; Steel; Thermoplastic Polyurethane,Golden,,27.99,/232/52/214647_PU_1,,info,IMG_FILE_MISSING,,,,
214654_SV,214654,Earring TREND Silver,_SV,Silver,Jewellery,Earrings,Dangle,Acrylic; Glass; Zinc,Silver,,15.99,/232/52/214654_SV_1,,info,IMG_FILE_MISSING,,,,
216328_HM,216328,Bracelet MONETT Halftone Multicolor,_HM,Halftone Multicolor,Jewellery,Bracelets,Elastic Bracelet,Enamel; Zinc,Golden,,7.99,/242/52/216328_HM_1,216328_HM_1.jpg,info,SALES_MISSING,,,,
216727_MI,216727,Ring Gipsy Garden Midnight Blue,_MI,Midnight Blue,Jewellery,Rings,Band Ring,Enamel; Zinc,Worn Gold,,4.99,/241/52/216727_MI_1,,info,IMG_FILE_MISSING,,,,
216735_GD,216735,Earring GOLD PLATED COLLECTION Gold,_GD,Gold,Jewellery,Earrings,Hoop Earrings,Brass; Stone,Gold Plated,,35.99,/241/52/216735_GD_1,,info,IMG_FILE_MISSING,,,,
224407_BU,224407,Ring MONETT Burgundy,_BU,Burgundy,Jewellery,Rings,Fantasy,Cork; Resin; Zinc,Brushed Golden,,6.99,/242/52/224407_BU_1,224407_BU_1.jpg,info,SALES_MISSING,,,,
224796_BL,224796,Earring NOMADA Blue,_BL,Blue,Jewellery,Earrings,Hoop Earrings,Acrylic; Zinc; Cork,Golden,,5.99,/242/52/224796_BL_1,224796_BL_1.jpg,info,SALES_MISSING,,,,
225066_BL,225066,Ring ATMOSPHERE Blue,_BL,Blue,Jewellery,Rings,Fantasy,Thermoplastic Polyurethane; Zinc,Rodhium,,5.99,/242/52/225066_BL_1,,info,IMG_FILE_MISSING,,,,
225070_BL,225070,Ring ATMOSPHERE Blue,_BL,Blue,Jewellery,Rings,Fantasy,Cork; Zinc; Enamel,Rodhium,,5.99,/242/52/225070_BL_1,,info,IMG_FILE_MISSING,,,,
225176_SV,225176,Earring SILVER BASICS Silver,_SV,Silver,Jewellery,Earrings,Hoop Earrings,Zinc; Brass,Rodhium,,5.99,/242/52/225176_SV_1,,info,IMG_FILE_MISSING,,,,
225223_GD,225223,Earring NEW CLASSIC Gold,_GD,Gold,Jewellery,Earrings,Stud,Iron; Acrylic,,,8.99,/242/52/225223_GD_1,,info,IMG_FILE_MISSING,,,,
225230_GD,225230,Earring NEW CLASSIC Gold,_GD,Gold,Jewellery,Earrings,Hoop Earrings,Zinc; Acrylic,Golden,,5.99,/242/52/225230_GD_1,,info,IMG_FILE_MISSING,,,,
225236_WT,225236,Necklace NEW CLASSIC White,_WT,White,Jewellery,Necklaces,Beaded Necklace,Cork; Thermoplastic Polyurethane; Zinc,,,10.99,/242/52/225236_WT_1,,info,IMG_FILE_MISSING,,,,
225243_WT,225243,Earring NEW CLASSIC White,_WT,White,Jewellery,Earrings,Hoop Earrings,Zinc; Acrylic; Cork,Golden,,8.99,/242/52/225243_WT_1,,info,IMG_FILE_MISSING,,,,
225247_WT,225247,Earring NEW CLASSIC White,_WT,White,Jewellery,Earrings,Hoop Earrings,Cork; Iron; Acrylic,Golden,,5.99,/242/52/225247_WT_1,,info,IMG_FILE_MISSING,,,,
225252_PE,225252,Earring NEW CLASSIC Pearl,_PE,Pearl,Jewellery,Earrings,Stud,Cork; Acrylic; Zinc,Golden,,5.99,/242/52/225252_PE_1,,info,IMG_FILE_MISSING,,,,
225261_PE,225261,Bracelet NEW CLASSIC Pearl,_PE,Pearl,Jewellery,Bracelets,Elastic Bracelet,Cork; Elastane; Zinc; Acrylic,Golden,,5.99,/242/52/225261_PE_1,,info,IMG_FILE_MISSING,,,,
225274_GD,225274,Ring NEW CLASSIC Gold,_GD,Gold,Jewellery,Rings,Fantasy,Iron; Acrylic; Cork,Golden,,5.99,/242/52/225274_GD_1,,info,IMG_FILE_MISSING,,,,
225283_GD,225283,Earring NEW CLASSIC Gold,_GD,Gold,Jewellery,Earrings,Hoop Earrings,Zinc; Thermoplastic Polyurethane,Golden,,5.99,/242/52/225283_GD_1,,info,IMG_FILE_MISSING,,,,
225505_PE,225505,Earring NEW CLASSIC Pearl,_PE,Pearl,Jewellery,Earrings,Clip Earrings,Iron; Thermoplastic Polyurethane; Cork,Golden,,7.99,/242/52/225505_PE_1,,info,IMG_FILE_MISSING,,,,
225511_GD,225511,Earring NEW CLASSIC Gold,_GD,Gold,Jewellery,Earrings,Stud,Thermoplastic Polyurethane; Cork; Zinc,Golden,,5.99,/242/52/225511_GD_1,,info,IMG_FILE_MISSING,,,,
225516_PE,225516,Bracelet NEW CLASSIC Pearl,_PE,Pearl,Jewellery,Bracelets,Non-Adjustable Bracelet,Acrylic; Iron,Golden,,6.99,/242/52/225516_PE_1,,info,IMG_FILE_MISSING,,,,
225592_BL,225592,Earring MODERN STONES Blue,_BL,Blue,Jewellery,Earrings,Stud,Stone; Zinc,Golden,,7.99,/242/52/225592_BL_1,,info,IMG_FILE_MISSING,,,,
225639_PK,225639,Earring MODERN STONES Pink,_PK,Pink,Jewellery,Earrings,Hoop Earrings,Iron; Stone,Golden,,5.99,/242/52/225639_PK_1,,info,IMG_FILE_MISSING,,,,
225667_PM,225667,Set of Necklaces MODERN STONES Pastel Multicolor,_PM,Pastel Multicolor,Jewellery,Necklaces,Pendant,Stone; Resin; Iron; Cork,Golden,,15.99,/242/52/225667_PM_1,,info,IMG_FILE_MISSING,,,,
225671_PK,225671,Set of Bracelets MODERN STONES Pink,_PK,Pink,Jewellery,Bracelets,Adjustable Bracelet,Stone; Thermoplastic Polyurethane; Zinc; Resin; Iron; Cork,Golden,,8.99,/242/52/225671_PK_1,,info,IMG_FILE_MISSING,,,,
225676_HM,225676,Earring MODERN STONES Halftone Multicolor,_HM,Halftone Multicolor,Jewellery,Earrings,Hoop Earrings,Brass; Stone; Cork,Golden,,5.99,/242/52/225676_HM_1,,info,IMG_FILE_MISSING,,,,
225681_BL,225681,Earring MODERN STONES Blue,_BL,Blue,Jewellery,Earrings,Stud,Iron; Thermoplastic Polyurethane; Cork; Zinc; Stone,Golden,,5.99,/242/52/225681_BL_1,,info,IMG_FILE_MISSING,,,,
226210_HM,226210,Earring MODERN STONES Halftone Multicolor,_HM,Halftone Multicolor,Jewellery,Earrings,Hoop Earrings,Cork; Steel; Stone,Golden,,7.99,/242/52/226210_HM_1,,info,IMG_FILE_MISSING,,,,
226218_GD,226218,Set of Rings NEW CLASSIC Gold,_GD,Gold,Jewellery,Rings,Band Ring,Cork; Acrylic; Iron,Golden,,7.99,/242/52/226218_GD_1,,info,IMG_FILE_MISSING,,,,
226227_GN,226227,Necklace MODERN STONES Green,_GN,Green,Jewellery,Necklaces,Beaded Necklace,Cork; Acrylic; Resin; Stone; Brass,Golden,,15.99,/242/52/226227_GN_1,,info,IMG_FILE_MISSING,,,,
226231_LK,226231,Bracelet MODERN STONES Light Pink,_LK,Light Pink,Jewellery,Bracelets,Bangle,Cork; Thermoplastic Polyurethane; Glass; Brass,,,9.99,/242/52/226231_LK_1,,info,IMG_FILE_MISSING,,,,
226231_LN,226231,Bracelet MODERN STONES Light Green,_LN,Light Green,Jewellery,Bracelets,Bangle,Cork; Thermoplastic Polyurethane; Brass; Glass,,,9.99,/242/52/226231_LN_1,,info,IMG_FILE_MISSING,,,,
226286_HM,226286,Necklace MODERN STONES Halftone Multicolor,_HM,Halftone Multicolor,Jewellery,Necklaces,Pendant,Cotton; Cork; Stone; Zinc,Golden,,12.99,/242/52/226286_HM_1,,info,IMG_FILE_MISSING,,,,
226292_HM,226292,Earring MODERN STONES Halftone Multicolor,_HM,Halftone Multicolor,Jewellery,Earrings,Dangle,Zinc; Cork; Acrylic; Iron; Glass; Stone,Brushed Golden,,8.99,/242/52/226292_HM_1,,info,IMG_FILE_MISSING,,,,
226341_GD,226341,Bracelet WESTERNP Gold,_GD,Gold,Jewellery,Bracelets,Elastic Bracelet,Thermoplastic Polyurethane; Zinc,Worn Gold,,7.99,/242/52/226341_GD_1,,info,IMG_FILE_MISSING,,,,
226345_BU,226345,Earring WESTERNP Burgundy,_BU,Burgundy,Jewellery,Earrings,Stud,Acrylic; Zinc; Brass; Cork,Worn Gold,,7.99,/242/52/226345_BU_1,,info,IMG_FILE_MISSING,,,,
226351_BU,226351,Necklace WESTERNP Burgundy,_BU,Burgundy,Jewellery,Necklaces,Pendant,Iron; Zinc; Stone; Cork,,,19.99,/242/52/226351_BU_1,,info,IMG_FILE_MISSING,,,,
226358_SV,226358,Necklace LIGHTNING BOLD Silver,_SV,Silver,Jewellery,Necklaces,Collar,Cork; Iron; Brass; Zinc,,,19.99,/242/52/226358_SV_1,,info,IMG_FILE_MISSING,,,,
226367_MI,226367,Bracelet NEPTUNE Midnight Blue,_MI,Midnight Blue,Jewellery,Bracelets,Non-Adjustable Bracelet,Cork; Thermoplastic Polyurethane; Iron,Black Nikel,,8.99,/242/52/226367_MI_1,,info,IMG_FILE_MISSING;SALES_MISSING,,,,
226372_GD,226372,Ring LIGHTNING BOLD Gold,_GD,Gold,Jewellery,Rings,Cocktail,Cork; Glass; Brass,Golden,,7.99,/242/52/226372_GD_1,,info,IMG_FILE_MISSING;SALES_MISSING,,,,
226377_MI,226377,Ring NEPTUNE Midnight Blue,_MI,Midnight Blue,Jewellery,Rings,Cocktail,Thermoplastic Polyurethane,Other,,5.99,/242/52/226377_MI_1,,info,IMG_FILE_MISSING,,,,
226383_MI,226383,Necklace NEPTUNE Midnight Blue,_MI,Midnight Blue,Jewellery,Necklaces,Beaded Necklace,Steel; Iron; Zinc; Thermoplastic Polyurethane; Glass,,,10.99,/242/52/226383_MI_1,,info,IMG_FILE_MISSING,,,,
226390_GD,226390,Earring WESTERNP Gold,_GD,Gold,Jewellery,Earrings,Hoop Earrings,Zinc,,,7.99,/242/52/226390_GD_1,,info,IMG_FILE_MISSING,,,,
226394_BU,226394,Bracelet WESTERNP Burgundy,_BU,Burgundy,Jewellery,Bracelets,Non-Adjustable Bracelet,Copper; Cork; Thermoplastic Polyurethane; Polyamide,Worn Gold,,12.99,/242/52/226394_BU_1,,info,IMG_FILE_MISSING,,,,
226398_BU,226398,Earring WESTERNP Burgundy,_BU,Burgundy,Jewellery,Earrings,Hoop Earrings,Iron; Resin; Zinc; Cork,Worn Gold,,7.99,/242/52/226398_BU_1,,info,IMG_FILE_MISSING,,,,
226403_BU,226403,Ring WESTERNP Burgundy,_BU,Burgundy,Jewellery,Rings,Fantasy,Enamel; Zinc; Cork,Worn Gold,,6.99,/242/52/226403_BU_1,,info,IMG_FILE_MISSING,,,,
226424_BU,226424,Earring WESTERNP Burgundy,_BU,Burgundy,Jewellery,Earrings,Dangle,Resin; Iron,Other,,5.99,/242/52/226424_BU_1,,info,IMG_FILE_MISSING,,,,
226429_BU,226429,Earring WESTERNP Burgundy,_BU,Burgundy,Jewellery,Earrings,Hoop Earrings,Resin; Zinc,Worn Gold,,7.99,/242/52/226429_BU_1,,info,IMG_FILE_MISSING,,,,
226436_BU,226436,Necklace WESTERNP Burgundy,_BU,Burgundy,Jewellery,Necklaces,Bib Necklace,Cotton; Iron,Worn Gold,,19.99,/242/52/226436_BU_1,,info,IMG_FILE_MISSING,,,,
226470_SV,226470,Earring LIGHTNING BOLD Silver,_SV,Silver,Jewellery,Earrings,Stud,Cork; Glass; Thermoplastic Polyurethane,Silver,,7.99,/242/52/226470_SV_1,,info,IMG_FILE_MISSING,,,,
226477_GD,226477,Earring LIGHTNING BOLD Gold,_GD,Gold,Jewellery,Earrings,Hoop Earrings,Cork; Bronze; Glass,Golden,,7.99,/242/52/226477_GD_1,,info,IMG_FILE_MISSING,,,,
226483_GD,226483,Necklace LIGHTNING BOLD Gold,_GD,Gold,Jewellery,Necklaces,Choker,Aluminium; Iron; Glass,,,10.99,/242/52/226483_GD_1,,info,IMG_FILE_MISSING,,,,
226487_SV,226487,Earring LIGHTNING BOLD Silver,_SV,Silver,Jewellery,Earrings,Stud,Cork; Brass; Zirconium,Silver,,7.99,/242/52/226487_SV_1,,info,IMG_FILE_MISSING,,,,
226494_GD,226494,Earring LIGHTNING BOLD Gold,_GD,Gold,Jewellery,Earrings,Hoop Earrings,Cork; Glass; Brass,,,9.99,/242/52/226494_GD_1,,info,IMG_FILE_MISSING,,,,
226499_GD,226499,Ring LIGHTNING BOLD Gold,_GD,Gold,Jewellery,Rings,Band Ring,Ceramic; Zirconium; Brass,,,6.99,/242/52/226499_GD_1,,info,IMG_FILE_MISSING,,,,
226504_MI,226504,Earring NEPTUNE Midnight Blue,_MI,Midnight Blue,Jewellery,Earrings,Hoop Earrings,Zinc; Glass,Black Nikel,,7.99,/242/52/226504_MI_1,,info,IMG_FILE_MISSING,,,,
226518_GD,226518,Earring LIGHTNING BOLD Gold,_GD,Gold,Jewellery,Earrings,Hoop Earrings,Cork; Zinc; Glass,,,9.99,/242/52/226518_GD_1,,info,IMG_FILE_MISSING,,,,
226524_SV,226524,Earring LIGHTNING BOLD Silver,_SV,Silver,Jewellery,Earrings,Hoop Earrings,Brass; Zirconium,Golden,,7.99,/242/52/226524_SV_1,,info,IMG_FILE_MISSING,,,,
226529_GD,226529,Earring LIGHTNING BOLD Gold,_GD,Gold,Jewellery,Earrings,Stud,Zirconium; Brass; Cork,Golden,,12.99,/242/52/226529_GD_1,,info,IMG_FILE_MISSING,,,,
226559_MI,226559,Earring NEPTUNE Midnight Blue,_MI,Midnight Blue,Jewellery,Earrings,Dangle,Resin; Zinc,Black Nikel,,5.99,/242/52/226559_MI_1,,info,IMG_FILE_MISSING,,,,
226581_MI,226581,Earring NEPTUNE Midnight Blue,_MI,Midnight Blue,Jewellery,Earrings,Stud,Cork; Glass; Zinc,Black Nikel,,5.99,/242/52/226581_MI_1,,info,IMG_FILE_MISSING,,,,
226586_BL,226586,Bracelet NEPTUNE Blue,_BL,Blue,Jewellery,Bracelets,Non-Adjustable Bracelet,Cork; Glass; Iron; Thermoplastic Polyurethane,,,8.99,/242/52/226586_BL_1,,info,IMG_FILE_MISSING,,,,
226649_MI,226649,Earring NEPTUNE Midnight Blue,_MI,Midnight Blue,Jewellery,Earrings,Dangle,Iron; Brass; Thermoplastic Polyurethane; Glass,Black Nikel,,7.99,/242/52/226649_MI_1,,info,IMG_FILE_MISSING,,,,
226677_GN,226677,Bracelet ARM MATERA Green,_GN,Green,Jewellery,Bracelets,Adjustable Bracelet,Brass; Polyester; Zirconium,Golden,,5.99,/242/52/226677_GN_1,,info,IMG_FILE_MISSING,,,,
226682_PK,226682,Bracelet ARM MATERA Pink,_PK,Pink,Jewellery,Bracelets,Adjustable Bracelet,Copper; Glass; Zinc; Polyester,Golden,,5.99,/242/52/226682_PK_1,,info,IMG_FILE_MISSING,,,,
226697_MI,226697,Ring NEPTUNE Midnight Blue,_MI,Midnight Blue,Jewellery,Rings,Cocktail,Zinc; Glass; Cork; Resin,Black Nikel,,6.99,/242/52/226697_MI_1,,info,IMG_FILE_MISSING;SALES_MISSING,,,,
226704_SV,226704,Necklace NEPTUNE Silver,_SV,Silver,Jewellery,Necklaces,Beaded Necklace,Glass; Brass; Cork,Black Nikel,,15.99,/242/52/226704_SV_1,,info,IMG_FILE_MISSING,,,,
226709_SV,226709,Bracelet NEPTUNE Silver,_SV,Silver,Jewellery,Bracelets,Non-Adjustable Bracelet,Brass; Glass; Cork,,,9.99,/242/52/226709_SV_1,,info,IMG_FILE_MISSING,,,,
226714_MI,226714,Earring NEPTUNE Midnight Blue,_MI,Midnight Blue,Jewellery,Earrings,Hoop Earrings,Thermoplastic Polyurethane; Glass; Iron,Black Nikel,,5.99,/242/52/226714_MI_1,,info,IMG_FILE_MISSING,,,,
226715_GN,226715,Earring NEOPOP Green,_GN,Green,Jewellery,Earrings,Drop,Acrylic; Glass; Rubber,Black Nikel,,8.99,/242/52/226715_GN_1,,info,IMG_FILE_MISSING,,,,
226715_MI,226715,Earring NEPTUNE Midnight Blue,_MI,Midnight Blue,Jewellery,Earrings,Drop,Rubber; Glass; Acrylic,Black Nikel,,8.99,/242/52/226715_MI_1,,info,IMG_FILE_MISSING,,,,
226715_RO,226715,Earring NEOPOP Old Rose,_RO,Old Rose,Jewellery,Earrings,Drop,Acrylic; Rubber; Glass,Black Nikel,,8.99,/242/52/226715_RO_1,,info,IMG_FILE_MISSING,,,,
226872_DB,226872,Earring GALÁPAGOS Dark Brown,_DB,Dark Brown,Jewellery,Earrings,Hoop Earrings,Cork; Zinc; Acrylic,Antik Golden,,7.99,/242/52/226872_DB_1,,info,IMG_FILE_MISSING,,,,
226882_DM,226882,Necklace GALÁPAGOS Dark Multicolor,_DM,Dark Multicolor,Jewellery,Necklaces,Beaded Necklace,Cork; Iron; Resin; Stone,Antik Golden,,15.99,/242/52/226882_DM_1,,info,IMG_FILE_MISSING,,,,
226891_DN,226891,Necklace GALÁPAGOS Dark Green,_DN,Dark Green,Jewellery,Necklaces,Chain,Resin; Thermoplastic Polyurethane; Iron; Zinc; Cork,Antik Golden,,12.99,/242/52/226891_DN_1,,info,IMG_FILE_MISSING,,,,
226896_GD,226896,Ring GALÁPAGOS Gold,_GD,Gold,Jewellery,Rings,Cocktail,Iron; Cork,Antik Golden,,6.99,/242/52/226896_GD_1,,info,IMG_FILE_MISSING,,,,
226925_SV,226925,Necklace SILVER BASICS Silver,_SV,Silver,Jewellery,Necklaces,Bib Necklace,Iron; Cork,Rodhium,,17.99,/242/52/226925_SV_1,,info,IMG_FILE_MISSING;SALES_MISSING,,,,
226940_GD,226940,Necklace Golden Basics Gold,_GD,Gold,Jewellery,Necklaces,Pendant,Cork; Brass; Zinc,,,10.99,/242/52/226940_GD_1,,info,IMG_FILE_MISSING,,,,
226968_FG,226968,Earring GALÁPAGOS Forest Green,_FG,Forest Green,Jewellery,Earrings,Hoop Earrings,Cork; Thermoplastic Polyurethane; Steel; Zinc,Antik Golden,,8.99,/242/52/226968_FG_1,,info,IMG_FILE_MISSING,,,,
226973_OG,226973,Bracelet GALÁPAGOS Old Gold,_OG,Old Gold,Jewellery,Bracelets,Arm Bangle,Cork; Zinc,Antik Golden,,8.99,/242/52/226973_OG_1,,info,IMG_FILE_MISSING,,,,
226978_DM,226978,Earring GALÁPAGOS Dark Multicolor,_DM,Dark Multicolor,Jewellery,Earrings,Stud,Cork; Stone; Zinc; Resin; Iron,Antik Golden,,7.99,/242/52/226978_DM_1,,info,IMG_FILE_MISSING,,,,
226998_BU,226998,Earring QUADROS Burgundy,_BU,Burgundy,Jewellery,Earrings,Dangle,Cork; Zinc; Iron; Metal and Cord,Rodhium,,15.99,/242/52/226998_BU_1,,info,IMG_FILE_MISSING,,,,
227000_BL,227000,Earring QUADROS Blue,_BL,Blue,Jewellery,Earrings,Stud,Cork; Copper; Iron; Zinc; Resin,Rodhium,,17.99,/242/52/227000_BL_1,,info,IMG_FILE_MISSING,,,,
227000_BU,227000,Earring QUADROS Burgundy,_BU,Burgundy,Jewellery,Earrings,Stud,Cork; Iron; Zinc; Resin; Copper,Rodhium,,17.99,/242/52/227000_BU_1,,info,IMG_FILE_MISSING,,,,
227008_SV,227008,Earring QUADROS Silver,_SV,Silver,Jewellery,Earrings,Ear Cuff,Cork; Zinc,Rodhium,,15.99,/242/52/227008_SV_1,,info,IMG_FILE_MISSING;SALES_MISSING,,,,
227024_DB,227024,Ring GALÁPAGOS Dark Brown,_DB,Dark Brown,Jewellery,Rings,Band Ring,Cork; Resin; Zinc,Antik Golden,,6.99,/242/52/227024_DB_1,,info,IMG_FILE_MISSING,,,,
227029_OG,227029,Earring GALÁPAGOS Old Gold,_OG,Old Gold,Jewellery,Earrings,Stud,Cork; Iron,Antik Golden,,7.99,/242/52/227029_OG_1,,info,IMG_FILE_MISSING,,,,
227034_DB,227034,Earring GALÁPAGOS Dark Brown,_DB,Dark Brown,Jewellery,Earrings,Stud,Cork; Stone; Zinc,Antik Golden,,5.99,/242/52/227034_DB_1,,info,IMG_FILE_MISSING,,,,
227039_DB,227039,Earring GALÁPAGOS Dark Brown,_DB,Dark Brown,Jewellery,Earrings,Dangle,Cork; Resin; Zinc,Antik Golden,,8.99,/242/52/227039_DB_1,,info,IMG_FILE_MISSING,,,,
227044_DM,227044,Earring GALÁPAGOS Dark Multicolor,_DM,Dark Multicolor,Jewellery,Earrings,Hoop Earrings,Stone; Iron; Cork,Antik Golden,,7.99,/242/52/227044_DM_1,,info,IMG_FILE_MISSING,,,,
227083_PE,227083,Earring NEW CLASSIC Pearl,_PE,Pearl,Jewellery,Earrings,Stud,Cork; Acrylic,Other,,8.99,/242/52/227083_PE_1,,info,IMG_FILE_MISSING,,,,
227112_DM,227112,Earring NEOPOP Dark Multicolor,_DM,Dark Multicolor,Jewellery,Earrings,Stud,Resin; Glass,Black Nikel,,7.99,/242/52/227112_DM_1,,info,IMG_FILE_MISSING,,,,
227118_GD,227118,Earring WESTERNP Gold,_GD,Gold,Jewellery,Earrings,Hoop Earrings,Iron; Cork,,,7.99,/242/52/227118_GD_1,,info,IMG_FILE_MISSING,,,,
227160_GN,227160,Earring NEOPOP Green,_GN,Green,Jewellery,Earrings,Stud,Glass; Zinc; Cork,Black Nikel,,8.99,/242/52/227160_GN_1,,info,IMG_FILE_MISSING,,,,
227170_DM,227170,Set of Necklaces NEOPOP Dark Multicolor,_DM,Dark Multicolor,Jewellery,Necklaces,Beaded Necklace,Zinc; Iron; Glass; Brass; Resin; Cork,Black Nikel,,12.99,/242/52/227170_DM_1,,info,IMG_FILE_MISSING,,,,
227174_RO,227174,Earring NEOPOP Old Rose,_RO,Old Rose,Jewellery,Earrings,Hoop Earrings,Zinc; Glass; Cork,Black Nikel,,8.99,/242/52/227174_RO_1,,info,IMG_FILE_MISSING,,,,
227182_FU,227182,Earring NEOPOP Fuchsia,_FU,Fuchsia,Jewellery,Earrings,Hoop Earrings,Zinc; Glass; Cork,Black Nikel,,7.99,/242/52/227182_FU_1,,info,IMG_FILE_MISSING,,,,
227182_MI,227182,Earring NEOPOP Midnight Blue,_MI,Midnight Blue,Jewellery,Earrings,Hoop Earrings,Zinc; Glass; Cork,Black Nikel,,7.99,/242/52/227182_MI_1,,info,IMG_FILE_MISSING,,,,
227189_FU,227189,Earring NEOPOP Fuchsia,_FU,Fuchsia,Jewellery,Earrings,Dangle,Polymer; Iron; Cork; Glass,Black Nikel,,8.99,/242/52/227189_FU_1,,info,IMG_FILE_MISSING,,,,
227196_DM,227196,Earring NEOPOP Dark Multicolor,_DM,Dark Multicolor,Jewellery,Earrings,Hoop Earrings,Glass; Zinc; Cork,Black Nikel,,5.99,/242/52/227196_DM_1,,info,IMG_FILE_MISSING,,,,
227206_DM,227206,Ring NEOPOP Dark Multicolor,_DM,Dark Multicolor,Jewellery,Rings,Band Ring,Resin; Zinc; Enamel; Cork,Black Nikel,,6.99,/242/52/227206_DM_1,,info,IMG_FILE_MISSING,,,,
227531_GD,227531,Bracelet Golden Basics Gold,_GD,Gold,Jewellery,Bracelets,Cuff,Cork; Iron,Golden,,12.99,/242/52/227531_GD_1,,info,IMG_FILE_MISSING,,,,
227995_MI,227995,Earring NEPTUNE Midnight Blue,_MI,Midnight Blue,Jewellery,Earrings,Clip Earrings,Cork; Brass; Enamel; Zinc,Black Nikel,,5.99,/242/52/227995_MI_1,,info,IMG_FILE_MISSING;SALES_MISSING,,,,
228000_GD,228000,Earring Golden Basics Gold,_GD,Gold,Jewellery,Earrings,Clip Earrings,Cork; Zinc; Brass,Golden,,5.99,/242/52/228000_GD_1,,info,IMG_FILE_MISSING,,,,
228004_GD,228004,Earring Golden Basics Gold,_GD,Gold,Jewellery,Earrings,Clip Earrings,Brass; Iron; Zinc,Golden,,7.99,/242/52/228004_GD_1,,info,IMG_FILE_MISSING,,,,
228012_PE,228012,Earring NEW CLASSIC Pearl,_PE,Pearl,Jewellery,Earrings,Clip Earrings,Cork; Iron; Zinc; Acrylic,Golden,,5.99,/242/52/228012_PE_1,,info,IMG_FILE_MISSING,,,,
228197_IV,228197,Set of Bracelets Golden Basics Ivory,_IV,Ivory,Jewellery,Bracelets,Bangle,Resin; Cork,Other,,12.99,/242/52/228197_IV_1,,info,IMG_FILE_MISSING,,,,
229396_SV,229396,Necklace COWBOY Silver,_SV,Silver,Jewellery,Necklaces,Collar,Acrylic; Iron; Cork,Silver,,32.99,/242/52/229396_SV_1,,info,IMG_FILE_MISSING;SALES_MISSING,,,,
229459_BM,229459,Necklace FUNNY COLLECTION Bright Multicolor,_BM,Bright Multicolor,Jewellery,Necklaces,Pendant,Cork; Glass; Crystal Glass,Golden,,29.99,/242/52/229459_BM_1,,info,IMG_FILE_MISSING;SALES_MISSING,,,,
229559_RD,229559,Necklace FUNNY COLLECTION Red,_RD,Red,Jewellery,Necklaces,Pendant,Glass; Iron; Acrylic; Nylon; Pearl; Brass,Golden,,39.99,/242/52/229559_RD_1,,info,IMG_FILE_MISSING;SALES_MISSING,,,,
214551_HM,214551,Wallet gina Halftone Multicolor,_HM,Halftone Multicolor,Wallet,Wallet,Real Fur,Cow Leather; Polyester; Polyurethane; Polyurethane,,,17.99,/232/62/214551_HM_1,,info,IMG_FILE_MISSING,,,,
214562_DM,214562,Coin Purse gina Dark Multicolor,_DM,Dark Multicolor,Wallet,Coin Purse,Real Fur,Cow Leather; Polyester; Polyurethane; Polyurethane,,,17.99,/232/62/214562_DM_2y,,info,IMG_FILE_MISSING,,,,
214616_BK,214616,Wallet CAMI 2 Black,_BK,Black,Wallet,Wallet,Animal Embossed PU,Polyester; Polyurethane; Polyurethane,Silver,,17.99,/241/62/214616_BK_1,,info,IMG_FILE_MISSING,,,,
214618_BG,214618,Phone Holder CAMI 2 Beige,_BG,Beige,Wallet,Phone Holder,Animal Embossed PU,Polyurethane; Polyester; Polyurethane,Silver,,17.99,/241/62/214618_BG_1,,info,IMG_FILE_MISSING,,,,
214618_BK,214618,Phone Holder CAMI 2 Black,_BK,Black,Wallet,Phone Holder,Animal Embossed PU,Polyester; Polyurethane; Polyurethane,Silver,,17.99,/241/62/214618_BK_1,,info,IMG_FILE_MISSING,,,,
225074_BL,225074,Card Holder SCOTS3 Blue,_BL,Blue,Wallet,Card Holder,Fantasy PU,Iron; Copper; Polyvinyl Chloride; Aluminium; Polyester; Polyurethane,,,12.99,/242/62/225074_BL_1,,info,IMG_FILE_MISSING,,,,
225074_SV,225074,Card Holder SCOTS3 Silver,_SV,Silver,Wallet,Card Holder,Fantasy PU,Iron; Polyvinyl Chloride; Aluminium; Copper; Polyurethane; Polyester,,,12.99,/242/62/225074_SV_1,,info,IMG_FILE_MISSING,,,,
225074_YL,225074,Card Holder SCOTS3 Yellow,_YL,Yellow,Wallet,Card Holder,Fantasy PU,Polyvinyl Chloride; Aluminium; Iron; Copper; Polyurethane; Polyester,,,12.99,/242/62/225074_YL_1,,info,IMG_FILE_MISSING,,,,
225076_RD,225076,Wallet SCOTS3 Red,_RD,Red,Wallet,Wallet,Fantasy PU,Polyurethane; Polyester; Polyurethane,,,15.99,/242/62/225076_RD_1,,info,IMG_FILE_MISSING,,,,
226458_PK,226458,Wallet PARKER Pink,_PK,Pink,Wallet,Wallet,Nylon,Polyester; Thermoplastic Polyurethane; Polyurethane; Polyester; Polyurethane,,,15.99,/242/62/226458_PK_1,,info,IMG_FILE_MISSING,,,,
227518_DM,227518,Multipurpose Purse DOLLY Dark Multicolor,_DM,Dark Multicolor,Wallet,Multipurpose Purse,Printed Nylon,Polyester; Polyester,,,17.99,/242/62/227518_DM_1,,info,IMG_FILE_MISSING;SALES_MISSING,,,,
195592_EC,195592,Jeans APP PRO Ecru,_EC,Ecru,Apparel,Jeans,Woven,Cotton,,,32.99,/221/64/195592_EC_1,195592_EC_1.jpg,none,,,,,
206362_BU,206362,Sweatshirt PRIESTLY Burgundy,_BU,Burgundy,Apparel,Sweatshirt,Circular,Elastane; Modal; Polyester,,Modal,27.99,/231/64/206362_BU_1,206362_BU_1.jpg,none,,,,,
206394_BU,206394,Raincoat SummercapsuleSET Burgundy,_BU,Burgundy,Apparel,Raincoat,Woven,Cotton; Polyester,,Polyester,49.99,/232/64/206394_BU_1,206394_BU_1.jpg,none,,,,,
206394_EC,206394,Raincoat capsuleagosto Ecru,_EC,Ecru,Apparel,Raincoat,Woven,Cotton; Polyester,,Polyester,49.99,/232/64/206394_EC_1,206394_EC_1.jpg,none,,,,,
206394_KK,206394,Raincoat SummercapsuleSET Khaki,_KK,Khaki,Apparel,Raincoat,Woven,Cotton; Polyester,,Polyester,49.99,/232/64/206394_KK_1,206394_KK_1.jpg,none,,,,,
207269_EC,207269,Dress NOTO Ecru,_EC,Ecru,Apparel,Dress,Woven,Polyester,,Polyester,39.99,/232/64/207269_EC_1,207269_EC_1.jpg,none,,,,,
207269_KK,207269,Dress TAOR Khaki,_KK,Khaki,Apparel,Dress,Woven,Polyester,,Polyester,39.99,/232/64/207269_KK_1,207269_KK_1.jpg,none,,,,,
207283_DG,207283,Shirt LOUVRE2 Dark Grey,_DG,Dark Grey,Apparel,Shirt,Woven,Cotton,,Cotton,22.99,/231/64/207283_DG_1,207283_DG_1.jpg,none,,,,,
208161_GN,208161,Dress REPEAT Green,_GN,Green,Apparel,Dress,Woven,Lyocell,,Lyocell,32.99,/231/64/208161_GN_1,208161_GN_1.jpg,none,,,,,
209628_TQ,209628,Shirt VIMBA Turquoise,_TQ,Turquoise,Apparel,Shirt,Woven,Cotton,,Cotton,19.99,/232/64/209628_TQ_1,209628_TQ_1.jpg,none,,,,,
209790_BM,209790,Skirt PAULINE Bright Multicolor,_BM,Bright Multicolor,Apparel,Skirt,Woven,Viscose,,Viscose,29.99,/232/64/209790_BM_1,209790_BM_1.jpg,none,,,,,
209826_BM,209826,Shirt LOVEBOX4 Bright Multicolor,_BM,Bright Multicolor,Apparel,Shirt,Woven,Cotton,,Cotton,22.99,/232/64/209826_BM_1,209826_BM_1.jpg,none,,,,,
209846_BM,209846,Shirt VIMBA Bright Multicolor,_BM,Bright Multicolor,Apparel,Shirt,Woven,Polyester,,Polyester,25.99,/232/64/209846_BM_1,209846_BM_1.jpg,none,,,,,
209850_EC,209850,Cardigan ONLINE EXCLUSIVE Ecru,_EC,Ecru,Apparel,Cardigan,Knit,Cashmere,,Cotton,99.99,/232/64/209850_EC_1,209850_EC_1.jpg,none,,,,,
209850_FU,209850,Cardigan ONLINE EXCLUSIVE Fuchsia,_FU,Fuchsia,Apparel,Cardigan,Knit,Cashmere,,Cotton,99.99,/232/64/209850_FU_1,209850_FU_1.jpg,none,,,,,
209850_PK,209850,Cardigan ONLINE EXCLUSIVE Pink,_PK,Pink,Apparel,Cardigan,Knit,Cashmere,,Cotton,99.99,/232/64/209850_PK_1,209850_PK_1.jpg,none,,,,,
209850_PU,209850,Cardigan LAB MAIO Purple,_PU,Purple,Apparel,Cardigan,Knit,Cashmere,,Cotton,99.99,/232/64/209850_PU_1,209850_PU_1.jpg,none,,,,,
209851_LL,209851,Dress VIMBA Lilac,_LL,Lilac,Apparel,Dress,Woven,Linen,,Linen,39.99,/232/64/209851_LL_1,209851_LL_1.jpg,none,,,,,
209851_OR,209851,Dress VIMBA Orange,_OR,Orange,Apparel,Dress,Woven,Linen,,Linen,39.99,/232/64/209851_OR_1,209851_OR_1.jpg,none,,,,,
209885_YL,209885,Dress LOVEBOX Yellow,_YL,Yellow,Apparel,Dress,Woven,Viscose,,Viscose,39.99,/232/64/209885_YL_1,209885_YL_1.jpg,none,,,,,
210113_LN,210113,Jumpsuit LOVEBOX3 Light Green,_LN,Light Green,Apparel,Jumpsuit,Woven,Lyocell,,Lyocell,32.99,/232/64/210113_LN_1,210113_LN_1.jpg,none,,,,,
210254_LM,210254,Trousers LAB JUNHO Lime,_LM,Lime,Apparel,Trousers,Woven,Lyocell,,Lyocell,29.99,/232/64/210254_LM_1,210254_LM_1.jpg,none,,,,,
210419_BK,210419,Top BLACKWHITE Black,_BK,Black,Apparel,Top,Woven,Cotton,,Cotton,15.99,/232/64/210419_BK_1,210419_BK_1.jpg,none,,,,,
210419_BN,210419,Top SKALLI Brown,_BN,Brown,Apparel,Top,Woven,Cotton,,Cotton,15.99,/232/64/210419_BN_1,210419_BN_1.jpg,none,,,,,
210419_WT,210419,Top BLACKWHITE White,_WT,White,Apparel,Top,Woven,Cotton,,Cotton,15.99,/232/64/210419_WT_1,210419_WT_1.jpg,none,,,,,
210458_BM,210458,Dress LOVEBOX4 Bright Multicolor,_BM,Bright Multicolor,Apparel,Dress,Woven,Linen,,Linen,45.99,/232/64/210458_BM_1,210458_BM_1.jpg,none,,,,,
210501_YL,210501,Dress LAB JUNHO Yellow,_YL,Yellow,Apparel,Dress,Woven,Viscose,,Viscose,27.99,/232/64/210501_YL_1,210501_YL_1.jpg,none,,,,,
210789_KK,210789,Dress ESSENTIALS T DISPLAY 1 Khaki,_KK,Khaki,Apparel,Dress,Woven,Cotton; Cotton,,Cotton,25.99,/232/64/210789_KK_1,210789_KK_1.jpg,none,,,,,
210789_TQ,210789,Dress ESSENTIALS T DISPLAY 1 Turquoise,_TQ,Turquoise,Apparel,Dress,Woven,Cotton; Cotton,,Cotton,25.99,/232/64/210789_TQ_1,210789_TQ_1.jpg,none,,,,,
210795_BU,210795,Dress PAULINE Burgundy,_BU,Burgundy,Apparel,Dress,Woven,Viscose,,Viscose,27.99,/232/64/210795_BU_1,210795_BU_1.jpg,none,,,,,
210837_BM,210837,Kaftan SKALLI Bright Multicolor,_BM,Bright Multicolor,Apparel,Kaftan,Woven,Cotton; Modal; Elastodieno,,Cotton,29.99,/232/64/210837_BM_1,210837_BM_1.jpg,none,,,,,
210891_EC,210891,Shirt LOVEBOX2 Ecru,_EC,Ecru,Apparel,Shirt,Woven,Cotton,,Cotton,39.99,/232/64/210891_EC_1,210891_EC_1.jpg,none,,,,,
210921_BM,210921,Kimono TORANJA Bright Multicolor,_BM,Bright Multicolor,Apparel,Kimono,Woven,Viscose,,Viscose,29.99,/232/64/210921_BM_1,210921_BM_1.jpg,none,,,,,
210945_BM,210945,Dress KATELL Bright Multicolor,_BM,Bright Multicolor,Apparel,Dress,Woven,Viscose,,Viscose,29.99,/232/64/210945_BM_1,210945_BM_1.jpg,none,,,,,
211029_EC,211029,Shirt KATELL Ecru,_EC,Ecru,Apparel,Shirt,Woven,Cotton,,Cotton,25.99,/232/64/211029_EC_1,211029_EC_1.jpg,none,,,,,
211303_KK,211303,Dress LOVEBOX Khaki,_KK,Khaki,Apparel,Dress,Woven,Cotton; Polyamide; Lyocell,,Lyocell,39.99,/232/64/211303_KK_1,211303_KK_1.jpg,none,,,,,
211354_BL,211354,Trousers KATELL Blue,_BL,Blue,Apparel,Trousers,Woven,Lyocell,,Lyocell,35.99,/232/64/211354_BL_1,211354_BL_1.jpg,none,,,,,
211427_BM,211427,Dress TORANJA Bright Multicolor,_BM,Bright Multicolor,Apparel,Dress,Woven,Cotton,,Cotton,25.99,/232/64/211427_BM_1,211427_BM_1.jpg,none,,,,,
211450_BG,211450,Coat LAB JUNHO Beige,_BG,Beige,Apparel,Coat,Woven,Polyamide; Polyamide; Lyocell; Lyocell,,Lyocell,39.99,/232/64/211450_BG_1,211450_BG_1.jpg,none,,,,,
211450_BK,211450,Coat TALLEY Black,_BK,Black,Apparel,Coat,Woven,Lyocell; Lyocell; Polyamide; Polyamide,,Lyocell,39.99,/232/64/211450_BK_1,211450_BK_1.jpg,none,,,,,
211457_BK,211457,Dress TALLEY Black,_BK,Black,Apparel,Dress,Woven,Polyamide; Polyester; Cotton,,Polyamide,39.99,/232/64/211457_BK_1,211457_BK_1.jpg,none,,,,,
211497_BM,211497,Dress TUSCA Bright Multicolor,_BM,Bright Multicolor,Apparel,Dress,Woven,Viscose,,Viscose,29.99,/232/64/211497_BM_1,211497_BM_1.jpg,none,,,,,
211503_BM,211503,Shirt LAB JUNHO Bright Multicolor,_BM,Bright Multicolor,Apparel,Shirt,Woven,Ramie,,Linen,39.99,/232/64/211503_BM_1,211503_BM_1.jpg,none,,,,,
211563_PK,211563,Trousers Capri Pink,_PK,Pink,Apparel,Trousers,Woven,Cotton,,Cotton,32.99,/232/64/211563_PK_1,211563_PK_1.jpg,none,,,,,
211609_BK,211609,Shorts TALLEY Black,_BK,Black,Apparel,Shorts,Woven,Elastane; Polyamide; Viscose,,Viscose,12.99,/232/64/211609_BK_1,211609_BK_1.jpg,none,,,,,
211696_BM,211696,Dress TAOR Bright Multicolor,_BM,Bright Multicolor,Apparel,Dress,Woven,Viscose,,Viscose,29.99,/232/64/211696_BM_1,211696_BM_1.jpg,none,,,,,
211912_BM,211912,Dress TUSCA Bright Multicolor,_BM,Bright Multicolor,Apparel,Dress,Woven,Viscose,,Viscose,29.99,/232/64/211912_BM_1,211912_BM_1.jpg,none,,,,,
211915_BL,211915,Sweatshirt BILL Blue,_BL,Blue,Apparel,Sweatshirt,Circular,Elastane; Polyester; Viscose,,Polyester,22.99,/232/64/211915_BL_1,211915_BL_1.jpg,none,,,,,
211915_DG,211915,Sweatshirt SummercapsuleJul Dark Grey,_DG,Dark Grey,Apparel,Sweatshirt,Circular,Elastane; Polyester; Viscose,,Polyester,22.99,/232/64/211915_DG_1,211915_DG_1.jpg,none,,,,,
211915_EC,211915,Sweatshirt SummercapsuleJul Ecru,_EC,Ecru,Apparel,Sweatshirt,Circular,Elastane; Polyester; Viscose,,Polyester,22.99,/232/64/211915_EC_1,211915_EC_1.jpg,none,,,,,
211915_FU,211915,Sweatshirt BILL Fuchsia,_FU,Fuchsia,Apparel,Sweatshirt,Circular,Elastane; Polyester; Viscose,,Polyester,22.99,/232/64/211915_FU_1,211915_FU_1.jpg,none,,,,,
211915_KK,211915,Sweatshirt BILL Khaki,_KK,Khaki,Apparel,Sweatshirt,Circular,Elastane; Polyester; Viscose,,Polyester,22.99,/232/64/211915_KK_1,211915_KK_1.jpg,none,,,,,
211920_BK,211920,Vest LAB JULHO Black,_BK,Black,Apparel,Vest,Woven,Polyester; Viscose; Wool; Organic Cotton,,Polyester,35.99,/232/64/211920_BK_1,211920_BK_1.jpg,none,,,,,
211920_GY,211920,Vest LAB JULHO Grey,_GY,Grey,Apparel,Vest,Woven,Polyester; Viscose; Wool; Organic Cotton,,Polyester,35.99,/232/64/211920_GY_1y,211920_GY_1y.jpg,none,,,,,
212065_SV,212065,Top LAB JUNHO Silver,_SV,Silver,Apparel,Top,Woven,Cotton,,Cotton,25.99,/232/64/212065_SV_1,212065_SV_1.jpg,none,,,,,
212135_BL,212135,Jeans NOTO Blue,_BL,Blue,Apparel,Jeans,Woven,Cotton,,Cotton,35.99,/232/64/212135_BL_1,212135_BL_1.jpg,none,,,,,
212182_BK,212182,Shirt Capri Black,_BK,Black,Apparel,Shirt,Woven,Polyamide; Lyocell,,Lyocell,27.99,/232/64/212182_BK_1,212182_BK_1.jpg,none,,,,,
212191_BN,212191,Top MAXI MAIO Brown,_BN,Brown,Apparel,Top,Woven,Cotton,,Cotton,22.99,/232/64/212191_BN_1,212191_BN_1.jpg,none,,,,,
212191_WT,212191,Top MAXI MAIO White,_WT,White,Apparel,Top,Woven,Cotton,,Cotton,22.99,/232/64/212191_WT_1,212191_WT_1.jpg,none,,,,,
212193_GN,212193,Trousers LAB JULHO Green,_GN,Green,Apparel,Trousers,Woven,Polyester,,Polyester,35.99,/232/64/212193_GN_1,212193_GN_1.jpg,none,,,,,
212199_BM,212199,Shirt NOTO Bright Multicolor,_BM,Bright Multicolor,Apparel,Shirt,Woven,Cotton,,Cotton,23.99,/232/64/212199_BM_1,212199_BM_1.jpg,none,,,,,
212221_KK,212221,Jumpsuit MAXI MAIO Khaki,_KK,Khaki,Apparel,Jumpsuit,Woven,Linen,,Linen,39.99,/232/64/212221_KK_1,212221_KK_1.jpg,none,,,,,
212221_OR,212221,Jumpsuit MAXI MAIO Orange,_OR,Orange,Apparel,Jumpsuit,Woven,Linen,,Linen,39.99,/232/64/212221_OR_1,212221_OR_1.jpg,none,,,,,
212221_RD,212221,Jumpsuit MAXI MAIO Red,_RD,Red,Apparel,Jumpsuit,Woven,Linen,,Linen,39.99,/232/64/212221_RD_1,212221_RD_1.jpg,none,,,,,
212271_BM,212271,Shirt ANDIE Bright Multicolor,_BM,Bright Multicolor,Apparel,Shirt,Woven,Viscose; Lyocell; Polyamide,,Viscose,27.99,/232/64/212271_BM_1,212271_BM_1.jpg,none,,,,,
212361_BM,212361,Dress ESSENTIALS T DISPLAY 1 Bright Multicolor,_BM,Bright Multicolor,Apparel,Dress,Woven,Viscose,,Viscose,29.99,/232/64/212361_BM_1,212361_BM_1.jpg,none,,,,,
212431_BM,212431,Shirt ANDIE Bright Multicolor,_BM,Bright Multicolor,Apparel,Shirt,Woven,Lyocell,,Lyocell,29.99,/232/64/212431_BM_1,212431_BM_1.jpg,none,,,,,
212431_BR,212431,Shirt MAXI 27/09 Brick Red,_BR,Brick Red,Apparel,Shirt,Woven,Lyocell,,Lyocell,29.99,/232/64/212431_BR_1,212431_BR_1.jpg,none,,,,,
212431_GY,212431,Shirt MAXI 27/09 Grey,_GY,Grey,Apparel,Shirt,Woven,Lyocell,,Lyocell,29.99,/232/64/212431_GY_1,212431_GY_1.jpg,none,,,,,
212471_BM,212471,Skirt LAB JULHO Bright Multicolor,_BM,Bright Multicolor,Apparel,Skirt,Woven,Elastane; Polyamide; Polyester,,Polyamide,45.99,/232/64/212471_BM_1,212471_BM_1.jpg,none,,,,,
212472_FU,212472,Sweatshirt TUSCA Fuchsia,_FU,Fuchsia,Apparel,Sweatshirt,Circular,Cotton; Polyester,,Cotton,32.99,/232/64/212472_FU_1,212472_FU_1.jpg,none,,,,,
212472_YL,212472,Sweatshirt NOTO Yellow,_YL,Yellow,Apparel,Sweatshirt,Circular,Cotton; Polyester,,Cotton,32.99,/232/64/212472_YL_1,212472_YL_1.jpg,none,,,,,
212541_BM,212541,Sweater CAPRI 2 Bright Multicolor,_BM,Bright Multicolor,Apparel,Sweater,Knit,recycled polyester; Acrylic; Polyamide; Wool,,Acrylic,39.99,/232/64/212541_BM_1,212541_BM_1.jpg,none,,,,,
212578_BK,212578,Trousers ESSENTIALS T DISPLAY 1 Black,_BK,Black,Apparel,Trousers,Knit,Polyamide; Polyester; Viscose,,Viscose,29.99,/232/64/212578_BK_1,212578_BK_1.jpg,none,,,,,
212578_CA,212578,Trousers ESSENTIALS T DISPLAY 1 Camel,_CA,Camel,Apparel,Trousers,Knit,Polyamide; Polyester; Viscose,,Viscose,29.99,/232/64/212578_CA_1,212578_CA_1.jpg,none,,,,,
212578_TU,212578,Trousers ESSENTIALS T DISPLAY 1 Taupe,_TU,Taupe,Apparel,Trousers,Knit,Polyamide; Polyester; Viscose,,Viscose,29.99,/232/64/212578_TU_1,212578_TU_1.jpg,none,,,,,
214957_BK,212578,Trousers ESSENTIALS T DISPLAY 1 Black,_BK,Black,Apparel,Trousers,Knit,Polyamide; Polyester; Viscose,,Viscose,29.99,/232/64/212578_BK_1,212578_BK_1.jpg,none,,,,,
212617_KK,212617,Trousers Luna Khaki,_KK,Khaki,Apparel,Trousers,Woven,Viscose,,Viscose,27.99,/232/64/212617_KK_1,212617_KK_1.jpg,none,,,,,
212626_BL,212626,Trousers VICHY Blue,_BL,Blue,Apparel,Trousers,Woven,Viscose; Lyocell,,Lyocell,32.99,/232/64/212626_BL_1,212626_BL_1.jpg,none,,,,,
212626_GN,212626,Trousers VICHY Green,_GN,Green,Apparel,Trousers,Woven,Viscose; Lyocell,,Lyocell,32.99,/232/64/212626_GN_1,212626_GN_1.jpg,none,,,,,
212629_BK,212629,Trousers MAXI MAIO Black,_BK,Black,Apparel,Trousers,Woven,Linen,,Linen,39.99,/232/64/212629_BK_1,212629_BK_1.jpg,none,,,,,
212629_EC,212629,Trousers MAXI MAIO Ecru,_EC,Ecru,Apparel,Trousers,Woven,Linen,,Linen,39.99,/232/64/212629_EC_1,212629_EC_1.jpg,none,,,,,
212629_KK,212629,Trousers MAXI MAIO Khaki,_KK,Khaki,Apparel,Trousers,Woven,Linen,,Linen,39.99,/232/64/212629_KK_1,212629_KK_1.jpg,none,,,,,
212657_LB,212657,Coat CAPRI 2 Light Blue,_LB,Light Blue,Apparel,Coat,Woven,Polyamide; Polyester,,Polyamide,49.99,/232/64/212657_LB_1,212657_LB_1.jpg,none,,,,,
212779_AN,212779,Trousers PRIESTLY Anthracite,_AN,Anthracite,Apparel,Trousers,Knit,Cashmere,,Cashmere,89.99,/232/64/212779_AN_1,212779_AN_1.jpg,none,,,,,
212779_GY,212779,Trousers PRIESTLY Grey,_GY,Grey,Apparel,Trousers,Knit,Cashmere,,Cashmere,89.99,/232/64/212779_GY_1,212779_GY_1.jpg,none,,,,,
212838_GY,212838,Cardigan HOLT4 Grey,_GY,Grey,Apparel,Cardigan,Knit,Acrylic; Elastane; Wool; recycled polyester,,Acrylic,27.99,/232/64/212838_GY_1,212838_GY_1.jpg,none,,,,,
212912_KK,212912,Raincoat MIRÓ 2 Khaki,_KK,Khaki,Apparel,Raincoat,Woven,Polyester,,Polyester,49.99,/232/64/212912_KK_1,212912_KK_1.jpg,none,,,,,
213064_BM,213064,Shirt Holt Bright Multicolor,_BM,Bright Multicolor,Apparel,Shirt,Woven,Polyamide; Viscose; Lyocell,,Viscose,29.99,/232/64/213064_BM_1,213064_BM_1.jpg,none,,,,,
213125_BK,213125,Top MAXI AGOSTO Black,_BK,Black,Apparel,Top,Woven,Polyester; Cotton,,Cotton,27.99,/232/64/213125_BK_1,213125_BK_1.jpg,none,,,,,
213125_BN,213125,Top MAXI AGOSTO Brown,_BN,Brown,Apparel,Top,Woven,Cotton,,Cotton,27.99,/232/64/213125_BN_1,213125_BN_1.jpg,none,,,,,
213125_PU,213125,Top Hot dez Purple,_PU,Purple,Apparel,Top,Woven,Cotton,,,27.99,/232/64/213125_PU_1,213125_PU_1.jpg,none,,,,,
213125_WT,213125,Top Hot dez White,_WT,White,Apparel,Top,Woven,Cotton,,,27.99,/232/64/213125_WT_1,213125_WT_1.jpg,none,,,,,
213294_DG,213294,Dress QUAN Dark Grey,_DG,Dark Grey,Apparel,Dress,Woven,Cotton,,Cotton,29.99,/232/64/213294_DG_1,213294_DG_1.jpg,none,,,,,
213294_PK,213294,Dress BILL Pink,_PK,Pink,Apparel,Dress,Woven,Cotton,,Cotton,29.99,/232/64/213294_PK_1,213294_PK_1.jpg,none,,,,,
213294_WT,213294,Dress QUAN White,_WT,White,Apparel,Dress,Woven,Cotton,,Cotton,29.99,/232/64/213294_WT_1,213294_WT_1.jpg,none,,,,,
213360_YL,213360,Vest PICASSO Yellow,_YL,Yellow,Apparel,Vest,Woven,Polyamide; Polyester,,Polyester,29.99,/232/64/213360_YL_1,213360_YL_1.jpg,none,,,,,
213473_BK,213473,Shirt MONET Black,_BK,Black,Apparel,Shirt,Woven,Lyocell; Polyamide,,Lyocell,27.99,/232/64/213473_BK_1,213473_BK_1.jpg,none,,,,,
213473_YL,213473,Shirt MONET Yellow,_YL,Yellow,Apparel,Shirt,Woven,Polyamide; Lyocell,,Lyocell,27.99,/232/64/213473_YL_1,213473_YL_1.jpg,none,,,,,
213480_GN,213480,Trousers HOT Green,_GN,Green,Apparel,Trousers,Woven,Viscose; Lyocell,,,32.99,/241/64/213480_GN_1,213480_GN_1.jpg,none,,,,,
213487_BM,213487,Shirt HOLT4 Bright Multicolor,_BM,Bright Multicolor,Apparel,Shirt,Woven,Polyamide; Lyocell,,Lyocell,32.99,/232/64/213487_BM_1,213487_BM_1.jpg,none,,,,,
213553_DG,213553,Shirt REMY 2 Dark Grey,_DG,Dark Grey,Apparel,Shirt,Woven,Polyamide; Lyocell,,Lyocell,27.99,/232/64/213553_DG_1,213553_DG_1.jpg,none,,,,,
213553_GN,213553,Shirt LAB OUTUBRO Green,_GN,Green,Apparel,Shirt,Woven,Polyamide; Lyocell,,Lyocell,27.99,/232/64/213553_GN_1,213553_GN_1.jpg,none,,,,,
213553_GY,213553,Shirt LAB OUTUBRO Grey,_GY,Grey,Apparel,Shirt,Woven,Polyamide; Lyocell,,Lyocell,27.99,/232/64/213553_GY_1,213553_GY_1.jpg,none,,,,,
213553_PK,213553,Shirt REMY Pink,_PK,Pink,Apparel,Shirt,Woven,Polyamide; Lyocell,,Lyocell,27.99,/232/64/213553_PK_1,213553_PK_1.jpg,none,,,,,
213553_YL,213553,Shirt LAB OUTUBRO Yellow,_YL,Yellow,Apparel,Shirt,Woven,Polyamide; Lyocell,,Lyocell,27.99,/232/64/213553_YL_1,213553_YL_1.jpg,none,,,,,
213645_PK,213645,Kaftan Luna Pink,_PK,Pink,Apparel,Kaftan,Woven,Cotton,,Cotton,23.99,/232/64/213645_PK_1,213645_PK_1.jpg,none,,,,,
213661_GN,213661,Dress ESSENTIALS T DISPLAY 1 Green,_GN,Green,Apparel,Dress,Woven,Lyocell,,Lyocell,32.99,/232/64/213661_GN_1,213661_GN_1.jpg,none,,,,,
213669_BG,213669,Shirt MIRÓ 2 Beige,_BG,Beige,Apparel,Shirt,Woven,Viscose; Cupro,,Viscose,39.99,/232/64/213669_BG_1,213669_BG_1.jpg,none,,,,,
213669_KK,213669,Shirt MIRÓ 1 Khaki,_KK,Khaki,Apparel,Shirt,Woven,Viscose; Cupro,,Viscose,39.99,/232/64/213669_KK_1,213669_KK_1.jpg,none,,,,,
213786_BU,213786,Trousers NIGEL Burgundy,_BU,Burgundy,Apparel,Trousers,Woven,Viscose,,Viscose,35.99,/232/64/213786_BU_1,213786_BU_1.jpg,none,,,,,
213865_BM,213865,Cardigan ESSENTIALS T DISPLAY 1 Bright Multicolor,_BM,Bright Multicolor,Apparel,Cardigan,Knit,Polyamide; Polyester; Viscose,,Viscose,39.99,/232/64/213865_BM_1,213865_BM_1.jpg,none,,,,,
213940_OW,213940,Sweater ANDIE Off White,_OW,Off White,Apparel,Sweater,Circular,Cotton; Polyester,,Cotton,27.99,/232/64/213940_OW_1,213940_OW_1.jpg,none,,,,,
213976_BM,213976,Dress capsuleagosto Bright Multicolor,_BM,Bright Multicolor,Apparel,Dress,Woven,Viscose,,Viscose,35.99,/232/64/213976_BM_1,213976_BM_1.jpg,none,,,,,
213976_GN,213976,Dress capsuleagosto Green,_GN,Green,Apparel,Dress,Woven,Viscose,,Viscose,35.99,/232/64/213976_GN_1,213976_GN_1.jpg,none,,,,,
214032_BG,214032,Sweater MIRÓ 2 Beige,_BG,Beige,Apparel,Sweater,Knit,Cotton; Mohair; Polyamide; Wool,,Polyamide,32.99,/232/64/214032_BG_1,214032_BG_1.jpg,none,,,,,
214094_BU,214094,Shirt MAXI AGOSTO Burgundy,_BU,Burgundy,Apparel,Shirt,Woven,Linen,,Linen,39.99,/232/64/214094_BU_1,214094_BU_1.jpg,none,,,,,
214094_EC,214094,Shirt MAXI AGOSTO Ecru,_EC,Ecru,Apparel,Shirt,Woven,Linen,,Linen,39.99,/232/64/214094_EC_1,214094_EC_1.jpg,none,,,,,
214094_PK,214094,Shirt MAXI AGOSTO Pink,_PK,Pink,Apparel,Shirt,Woven,Linen,,Linen,39.99,/232/64/214094_PK_1,214094_PK_1.jpg,none,,,,,
214130_CA,214130,Cardigan ESSENTIALS T DISPLAY 1 Camel,_CA,Camel,Apparel,Cardigan,Knit,Acrylic; Elastane; Polyamide; Polyester; Wool,,Acrylic,39.99,/232/64/214130_CA_1,214130_CA_1.jpg,none,,,,,
214130_GY,214130,Cardigan ESSENTIALS T DISPLAY 1 Grey,_GY,Grey,Apparel,Cardigan,Knit,Acrylic; Elastane; Polyamide; Polyester; Wool,,Acrylic,39.99,/232/64/214130_GY_1,214130_GY_1.jpg,none,,,,,
214196_GN,214196,Sweater MAXI 13/09 Green,_GN,Green,Apparel,Sweater,Knit,Acrylic; Elastane; Polyamide,,Acrylic,35.99,/232/64/214196_GN_1,214196_GN_1.jpg,none,,,,,
214196_GY,214196,Sweater MAXI 13/09 Grey,_GY,Grey,Apparel,Sweater,Knit,Acrylic; Elastane; Polyamide,,Acrylic,35.99,/232/64/214196_GY_1,214196_GY_1.jpg,none,,,,,
214196_RD,214196,Sweater MAXI 27/09 Red,_RD,Red,Apparel,Sweater,Knit,Acrylic; Elastane; Polyamide,,Acrylic,35.99,/232/64/214196_RD_1,214196_RD_1.jpg,none,,,,,
214227_BL,214227,Sweater MIRÓ 2 Blue,_BL,Blue,Apparel,Sweater,Knit,Alpaca; Elastane; Polyester; Wool,,Polyester,32.99,/232/64/214227_BL_1,214227_BL_1.jpg,none,,,,,
214227_FU,214227,Sweater MATISSE Fuchsia,_FU,Fuchsia,Apparel,Sweater,Knit,Alpaca; Elastane; Polyester; Wool,,Polyester,32.99,/232/64/214227_FU_1,214227_FU_1.jpg,none,,,,,
214227_GN,214227,Sweater MIRÓ 1 Green,_GN,Green,Apparel,Sweater,Knit,Alpaca; Elastane; Polyester; Wool,,Polyester,32.99,/232/64/214227_GN_1,214227_GN_1.jpg,none,,,,,
214227_LB,214227,Sweater MIRÓ 1 Light Blue,_LB,Light Blue,Apparel,Sweater,Knit,Alpaca; Elastane; Polyester; Wool,,Polyester,32.99,/232/64/214227_LB_1,214227_LB_1.jpg,none,,,,,
214235_GY,214235,Coat REMY 2 Grey,_GY,Grey,Apparel,Coat,Woven,Polyester; Polyester,,Polyester,59.99,/232/64/214235_GY_1,214235_GY_1.jpg,none,,,,,
214354_GY,214354,T-shirt ESSENTIALS T DISPLAY 1 Grey,_GY,Grey,Apparel,T-shirt,Circular,Elastane; Polyamide; Viscose,,Viscose,25.99,/232/64/214354_GY_1,214354_GY_1.jpg,none,,,,,
214393_DM,214393,Dress LAB OUTUBRO Dark Multicolor,_DM,Dark Multicolor,Apparel,Dress,Woven,Polyester; Viscose; Polyamide,,Polyester,59.99,/232/64/214393_DM_1,214393_DM_1.jpg,none,,,,,
214411_PK,214411,Top CANICHE CAMPAIGN Pink,_PK,Pink,Apparel,Top,Woven,Polyester; Polyester,,Polyester,23.99,/232/64/214411_PK_1,214411_PK_1.jpg,none,,,,,
214441_AN,214441,Sweater VAN GOGH Anthracite,_AN,Anthracite,Apparel,Sweater,Knit,Polyamide; Polyester; Viscose,,Viscose,32.99,/232/64/214441_AN_1,214441_AN_1.jpg,none,,,,,
214441_BL,214441,Sweater VAN GOGH Blue,_BL,Blue,Apparel,Sweater,Knit,Viscose; Polyamide; Polyester,,Viscose,32.99,/232/64/214441_BL_1,214441_BL_1.jpg,none,,,,,
214452_GY,214452,Coat MATISSE Grey,_GY,Grey,Apparel,Coat,Woven,Wool; Acrylic; Polyamide; Polyester,,Polyester,119.99,/232/64/214452_GY_1,214452_GY_1.jpg,none,,,,,
214533_GY,214533,Coat MISSY Grey,_GY,Grey,Apparel,Coat,Woven,Cotton; Polyester; Polyester; Wool,,Wool,69.99,/232/64/214533_GY_1,214533_GY_1.jpg,none,,,,,
214707_BK,214707,Jeans CANICHE CAMPAIGN Black,_BK,Black,Apparel,Jeans,Woven,Cotton,,Cotton,35.99,/232/64/214707_BK_1,214707_BK_1.jpg,none,,,,,
214707_BL,214707,Jeans CANICHE CAMPAIGN Blue,_BL,Blue,Apparel,Jeans,Woven,Cotton,,Cotton,35.99,/232/64/214707_BL_1,214707_BL_1.jpg,none,,,,,
214713_BM,214713,Sweatshirt CANICHE CAMPAIGN Bright Multicolor,_BM,Bright Multicolor,Apparel,Sweatshirt,Circular,Acrylic; Cotton; Polyamide; Polyester,,Polyester,32.99,/232/64/214713_BM_1,214713_BM_1.jpg,none,,,,,
214765_BM,214765,Cardigan KUSAMA Bright Multicolor,_BM,Bright Multicolor,Apparel,Cardigan,Knit,Acrylic; Elastane; Polyester,,Acrylic,39.99,/232/64/214765_BM_1,214765_BM_1.jpg,none,,,,,
214829_BM,214829,Dress BRAT Bright Multicolor,_BM,Bright Multicolor,Apparel,Dress,Knit,Polyamide; Polyester; Viscose,,Elastane,35.99,/232/64/214829_BM_1,214829_BM_1.jpg,none,,,,,
214887_BK,214887,Coat REMY 3 Black,_BK,Black,Apparel,Coat,Woven,Cotton; Polyester,,Cotton,45.99,/232/64/214887_BK_1,214887_BK_1.jpg,none,,,,,
214892_YL,214892,Coat BRAT Yellow,_YL,Yellow,Apparel,Coat,Woven,Polyester; Polyester,,Polyester,59.99,/232/64/214892_YL_1,214892_YL_1.jpg,none,,,,,
214926_BK,214926,Trousers T1 ESSENTIALS Black,_BK,Black,Apparel,Trousers,Knit,Polyamide; Polyester; Viscose,,,29.99,/241/64/214926_BK_1,214926_BK_1.jpg,none,,,,,
214926_GN,214926,Trousers Neptune Green,_GN,Green,Apparel,Trousers,Knit,Polyamide; Polyester; Viscose,,,29.99,/241/64/214926_GN_1,214926_GN_1.jpg,none,,,,,
214926_GY,214926,Trousers Neptune Grey,_GY,Grey,Apparel,Trousers,Knit,Polyamide; Polyester; Viscose,,,29.99,/241/64/214926_GY_1,214926_GY_1.jpg,none,,,,,
214926_OW,214926,Trousers Neptune Off White,_OW,Off White,Apparel,Trousers,Knit,Polyamide; Polyester; Viscose,,,29.99,/241/64/214926_OW_1,214926_OW_1.jpg,none,,,,,
214939_PU,214939,Shirt MAXI 27/09 Purple,_PU,Purple,Apparel,Shirt,Woven,Viscose,,Cotton,29.99,/232/64/214939_PU_1,214939_PU_1.jpg,none,,,,,
214939_RD,214939,Shirt MAXI 27/09 Red,_RD,Red,Apparel,Shirt,Woven,Viscose,,Cotton,29.99,/232/64/214939_RD_1,214939_RD_1.jpg,none,,,,,
214942_DG,214942,Coat BRAT Dark Grey,_DG,Dark Grey,Apparel,Coat,Woven,Cotton; Polyester,,Cotton,39.99,/232/64/214942_DG_1,214942_DG_1.jpg,none,,,,,
214997_BM,214997,Top Maxi nov Bright Multicolor,_BM,Bright Multicolor,Apparel,Top,Woven,Brass; Glass; Polyester,,,69.99,/241/64/214997_BM_1,214997_BM_1.jpg,none,,,,,
215029_GN,215029,Trousers BRAT Green,_GN,Green,Apparel,Trousers,Woven,Lyocell,,Lyocell,35.99,/232/64/215029_GN_1,215029_GN_1.jpg,none,,,,,
215045_BN,215045,Kimono Maxi nov Brown,_BN,Brown,Apparel,Kimono,Woven,Brass; Glass; Polyester,,,99.99,/241/64/215045_BN_1,215045_BN_1.jpg,none,,,,,
215101_YL,215101,Shirt Hot Yellow,_YL,Yellow,Apparel,Shirt,Woven,Viscose,,Viscose,23.99,/241/64/215101_YL_1,215101_YL_1.jpg,none,,,,,
215116_BK,215116,Trousers PartycapsuleNovembro Black,_BK,Black,Apparel,Trousers,Woven,Polyester,,Polyester,39.99,/232/64/215116_BK_1,215116_BK_1.jpg,none,,,,,
215116_BL,215116,Trousers REMY 2 Blue,_BL,Blue,Apparel,Trousers,Woven,Polyester,,Polyester,39.99,/232/64/215116_BL_1,215116_BL_1.jpg,none,,,,,
215116_GY,215116,Trousers REMY Grey,_GY,Grey,Apparel,Trousers,Woven,Polyester,,Polyester,39.99,/232/64/215116_GY_1,215116_GY_1.jpg,none,,,,,
215196_BK,215196,Dress LATTO Black,_BK,Black,Apparel,Dress,Woven,Polyester; Polyester,,Polyester,49.99,/232/64/215196_BK_1,215196_BK_1.jpg,none,,,,,
215236_BL,215236,Skirt REMY 4 Blue,_BL,Blue,Apparel,Skirt,Woven,Cotton; Cotton; Polyester,,Cotton,49.99,/232/64/215236_BL_1,215236_BL_1.jpg,none,,,,,
215394_BK,215394,Dress Halloween capsula Black,_BK,Black,Apparel,Dress,Circular,Elastane; Polyester,,Polyester,35.99,/232/64/215394_BK_1,215394_BK_1.jpg,none,,,,,
215493_WT,215493,Cardigan REMY 3 White,_WT,White,Apparel,Cardigan,Knit,Acrylic; Cotton; Polyamide,,Polyamide,32.99,/232/64/215493_WT_1,215493_WT_1.jpg,none,,,,,
215659_BL,215659,Cardigan SATURN 2 Blue,_BL,Blue,Apparel,Cardigan,Knit,Acrylic; Elastane; Polyamide; recycled polyester,,,35.99,/241/64/215659_BL_1,215659_BL_1.jpg,none,,,,,
215674_AN,215674,Sweater ESSENTIALS T DISPLAY 1 Anthracite,_AN,Anthracite,Apparel,Sweater,Knit,Acrylic; Polyamide; Wool,,Polyamide,35.99,/241/64/215674_AN_1,215674_AN_1.jpg,none,,,,,
215674_EC,215674,Sweater ESSENTIALS T DISPLAY 1 Ecru,_EC,Ecru,Apparel,Sweater,Knit,Acrylic; Polyamide; Wool,,Polyamide,35.99,/241/64/215674_EC_1,215674_EC_1.jpg,none,,,,,
215834_BN,215834,Sweater SATURN 3 Brown,_BN,Brown,Apparel,Sweater,Knit,Acrylic; Mohair; Polyamide; Wool,,,35.99,/241/64/215834_BN_1,215834_BN_1.jpg,none,,,,,
215976_BG,215976,Coat SATURN 2 Beige,_BG,Beige,Apparel,Coat,Knit,Polyamide; Polyester,,Polyamide,49.99,/241/64/215976_BG_1,215976_BG_1.jpg,none,,,,,
216017_BG,216017,Cardigan MAXI 27/09 Beige,_BG,Beige,Apparel,Cardigan,Knit,Polyamide; Wool,,Polyamide,35.99,/232/64/216017_BG_1,216017_BG_1.jpg,none,,,,,
216017_GY,216017,Cardigan MAXI 27/09 Grey,_GY,Grey,Apparel,Cardigan,Knit,Polyamide; Wool,,Polyamide,35.99,/232/64/216017_GY_1,216017_GY_1.jpg,none,,,,,
216017_NV,216017,Cardigan MAXI 27/09 Navy,_NV,Navy,Apparel,Cardigan,Knit,Polyamide; Wool,,Polyamide,35.99,/232/64/216017_NV_1,216017_NV_1.jpg,none,,,,,
216019_BM,216019,Shirt VICHY Bright Multicolor,_BM,Bright Multicolor,Apparel,Shirt,Woven,Lyocell,,Lyocell,32.99,/232/64/216019_BM_1,216019_BM_1.jpg,none,,,,,
216138_BU,216138,Raincoat SATURN 1 Burgundy,_BU,Burgundy,Apparel,Raincoat,Woven,Polyamide; Polyester,,Polyamide,59.99,/241/64/216138_BU_1,216138_BU_1.jpg,none,,,,,
216262_RD,216262,Cardigan LATTO Red,_RD,Red,Apparel,Cardigan,Knit,Polyamide; Viscose,,Viscose,32.99,/232/64/216262_RD_1,216262_RD_1.jpg,none,,,,,
216277_BG,216277,Shirt AMI Beige,_BG,Beige,Apparel,Shirt,Woven,Polyamide; Lyocell,,,27.99,/241/64/216277_BG_1,216277_BG_1.jpg,none,,,,,
216277_BL,216277,Shirt AMI Blue,_BL,Blue,Apparel,Shirt,Woven,Polyamide; Lyocell,,,27.99,/241/64/216277_BL_1,216277_BL_1.jpg,none,,,,,
216339_BK,216339,Shirt T3 EARTH Black,_BK,Black,Apparel,Shirt,Woven,Viscose,,,29.99,/241/64/216339_BK_1,216339_BK_1.jpg,none,,,,,
216339_EC,216339,Shirt T3 EARTH Ecru,_EC,Ecru,Apparel,Shirt,Woven,Viscose,,,29.99,/241/64/216339_EC_1,216339_EC_1.jpg,none,,,,,
216339_GN,216339,Shirt T1 ESSENTIALS Green,_GN,Green,Apparel,Shirt,Woven,Viscose,,,29.99,/241/64/216339_GN_1,216339_GN_1.jpg,none,,,,,
216339_PK,216339,Shirt T3 EARTH Pink,_PK,Pink,Apparel,Shirt,Woven,Viscose,,,29.99,/241/64/216339_PK_1,216339_PK_1.jpg,none,,,,,
216342_PU,216342,Coat meg Purple,_PU,Purple,Apparel,Coat,Woven,Polyester; Polyester,,Polyester,59.99,/241/64/216342_PU_1,216342_PU_1.jpg,none,,,,,
216369_GY,216369,Skirt SATURN 1 Grey,_GY,Grey,Apparel,Skirt,Circular,Polyamide; Viscose,,,35.99,/241/64/216369_GY_1,216369_GY_1.jpg,none,,,,,
216396_BM,216396,Sweater WCN Bright Multicolor,_BM,Bright Multicolor,Apparel,Sweater,Knit,Polyamide; Polyester; Viscose,,Polyamide,35.99,/232/64/216396_BM_1,216396_BM_1.jpg,none,,,,,
216403_WT,216403,Coat EXCLUSIVE White,_WT,White,Apparel,Coat,Woven,Polyester; Polyester,,,69.99,/241/64/216403_WT_1,216403_WT_1.jpg,none,,,,,
216414_BK,216414,Top REMY 3 Black,_BK,Black,Apparel,Top,Knit,Polyamide; Polyester; Viscose,,Viscose,23.99,/232/64/216414_BK_1,216414_BK_1.jpg,none,,,,,
216420_GY,216420,Trousers WINTERJA Grey,_GY,Grey,Apparel,Trousers,Knit,Polyamide; Polyester; Viscose,,,35.99,/241/64/216420_GY_1,216420_GY_1.jpg,none,,,,,
216442_BM,216442,Dress Halloween capsula Bright Multicolor,_BM,Bright Multicolor,Apparel,Dress,Woven,Polyester; Polyester,,Polyester,39.99,/232/64/216442_BM_1,216442_BM_1.jpg,none,,,,,
216458_GD,216458,Dress Maxi nov Gold,_GD,Gold,Apparel,Dress,Woven,Viscose,,Viscose,49.99,/241/64/216458_GD_1,216458_GD_1.jpg,none,,,,,
216470_BK,216470,Dress LATTO Black,_BK,Black,Apparel,Dress,Woven,Viscose,,Viscose,49.99,/232/64/216470_BK_1,216470_BK_1.jpg,none,,,,,
216527_BK,216527,Top PartycapsuleNovembro Black,_BK,Black,Apparel,Top,Woven,Elastane; Polyester,,Polyester,29.99,/232/64/216527_BK_1,216527_BK_1.jpg,none,,,,,
216527_GN,216527,Top Maxi nov Green,_GN,Green,Apparel,Top,Woven,Elastane; Polyester,,,29.99,/241/64/216527_GN_1,216527_GN_1.jpg,none,,,,,
216527_YL,216527,Top Maxi nov Yellow,_YL,Yellow,Apparel,Top,Woven,Elastane; Polyester,,,29.99,/241/64/216527_YL_1,216527_YL_1.jpg,none,,,,,
216622_BM,216622,Shirt Jo Bright Multicolor,_BM,Bright Multicolor,Apparel,Shirt,Woven,Viscose,,,32.99,/241/64/216622_BM_1,216622_BM_1.jpg,none,,,,,
216671_BL,216671,Shirt MAXI Blue,_BL,Blue,Apparel,Shirt,Woven,Ramie,,,32.99,/241/64/216671_BL_1,216671_BL_1.jpg,none,,,,,
216671_OR,216671,Shirt MAXI Orange,_OR,Orange,Apparel,Shirt,Woven,Ramie,,,32.99,/241/64/216671_OR_1,216671_OR_1.jpg,none,,,,,
216786_FU,216786,Cardigan LAURIE Fuchsia,_FU,Fuchsia,Apparel,Cardigan,Knit,Polyamide,,,42.99,/241/64/216786_FU_1,216786_FU_1.jpg,none,,,,,
216805_GN,216805,Shirt Jo Green,_GN,Green,Apparel,Shirt,Woven,Viscose,,,32.99,/241/64/216805_GN_1,216805_GN_1.jpg,none,,,,,
216814_BM,216814,Trousers Tiffany Bright Multicolor,_BM,Bright Multicolor,Apparel,Trousers,Woven,Polyester,,,29.99,/241/64/216814_BM_1,216814_BM_1.jpg,none,,,,,
216927_BL,216927,Shirt MAXI Blue,_BL,Blue,Apparel,Shirt,Woven,Ramie,,,27.99,/241/64/216927_BL_1,216927_BL_1.jpg,none,,,,,
216927_PK,216927,Shirt MAXI Pink,_PK,Pink,Apparel,Shirt,Woven,Ramie,,,27.99,/241/64/216927_PK_1,216927_PK_1.jpg,none,,,,,
216935_BG,216935,Coat Maxi nov Beige,_BG,Beige,Apparel,Coat,Woven,Cotton; Polyamide,,Polyamide,59.99,/241/64/216935_BG_1,216935_BG_1.jpg,none,,,,,
217022_GY,217022,Raincoat meg Grey,_GY,Grey,Apparel,Raincoat,Woven,Polyamide,,Polyamide,49.99,/241/64/217022_GY_1,217022_GY_1.jpg,none,,,,,
217044_PK,217044,Trousers meg Pink,_PK,Pink,Apparel,Trousers,Knit,Acrylic; Polyamide; Polyester,,,32.99,/241/64/217044_PK_1,217044_PK_1.jpg,none,,,,,
217119_BK,217119,Shirt T1 ESSENTIALS Black,_BK,Black,Apparel,Shirt,Woven,Viscose,,Viscose,23.99,/242/64/217119_BK_1,217119_BK_1.jpg,none,,,,,
217119_BL,217119,Shirt T1 ESSENTIALS Blue,_BL,Blue,Apparel,Shirt,Woven,Viscose,,Viscose,23.99,/242/64/217119_BL_1,217119_BL_1.jpg,none,,,,,
217119_KK,217119,Shirt T1 ESSENTIALS Khaki,_KK,Khaki,Apparel,Shirt,Woven,Viscose,,Viscose,23.99,/242/64/217119_KK_1,217119_KK_1.jpg,none,,,,,
217119_LL,217119,Shirt T1 ESSENTIALS Lilac,_LL,Lilac,Apparel,Shirt,Woven,Viscose,,Viscose,23.99,/241/64/217119_LL_1,217119_LL_1.jpg,none,,,,,
217119_LM,217119,Shirt T1 ESSENTIALS Lime,_LM,Lime,Apparel,Shirt,Woven,Viscose,,Viscose,23.99,/241/64/217119_LM_1,217119_LM_1.jpg,none,,,,,
217178_BK,217178,Vest PLUS CLOSET DEZ Black,_BK,Black,Apparel,Vest,Knit,Cotton; Polyamide,,Cotton,25.99,/241/64/217178_BK_1,217178_BK_1.jpg,none,,,,,
217178_CA,217178,Vest PLUS CLOSET DEZ Camel,_CA,Camel,Apparel,Vest,Knit,Cotton; Polyamide,,Cotton,25.99,/241/64/217178_CA_1,217178_CA_1.jpg,none,,,,,
217178_GN,217178,Vest PLUS CLOSET DEZ Green,_GN,Green,Apparel,Vest,Knit,Cotton; Polyamide,,Cotton,25.99,/241/64/217178_GN_1,217178_GN_1.jpg,none,,,,,
217344_BM,217344,Top MINAS Bright Multicolor,_BM,Bright Multicolor,Apparel,Top,Woven,Polyester,,Polyester,25.99,/241/64/217344_BM_1,217344_BM_1.jpg,none,,,,,
217478_BL,217478,Cardigan CALM 2 Blue,_BL,Blue,Apparel,Cardigan,Knit,Polyamide; Polyester; Viscose,,,32.99,/241/64/217478_BL_1,217478_BL_1.jpg,none,,,,,
217478_PK,217478,Cardigan CALM 1 Pink,_PK,Pink,Apparel,Cardigan,Knit,Polyamide; Polyester; Viscose,,,32.99,/241/64/217478_PK_1,217478_PK_1.jpg,none,,,,,
217573_EC,217573,Dress EMAN Ecru,_EC,Ecru,Apparel,Dress,Woven,Polyester; Viscose,,,35.99,/241/64/217573_EC_1,217573_EC_1.jpg,none,,,,,
217668_BK,217668,Sweater WINTERDZ Black,_BK,Black,Apparel,Sweater,Knit,Polyester; Viscose,,Viscose,32.99,/241/64/217668_BK_1,217668_BK_1.jpg,none,,,,,
217834_BN,217834,Jumpsuit SALVADOR 3 Brown,_BN,Brown,Apparel,Jumpsuit,Woven,Lyocell,,,39.99,/241/64/217834_BN_1,217834_BN_1.jpg,none,,,,,
217919_BM,217919,Shirt CALM 2 Bright Multicolor,_BM,Bright Multicolor,Apparel,Shirt,Woven,Viscose,,,29.99,/241/64/217919_BM_1,217919_BM_1.jpg,none,,,,,
217937_RD,217937,Sweatshirt CALM 1 Red,_RD,Red,Apparel,Sweatshirt,Circular,Cotton,,,29.99,/241/64/217937_RD_1,217937_RD_1.jpg,none,,,,,
217956_BK,217956,Kaftan SANTOS Black,_BK,Black,Apparel,Kaftan,Woven,Polyamide; Polyester; Viscose,,,19.99,/241/64/217956_BK_1,217956_BK_1.jpg,none,,,,,
217956_KK,217956,Kaftan PERA Khaki,_KK,Khaki,Apparel,Kaftan,Woven,Polyamide; Polyester; Viscose,,,19.99,/241/64/217956_KK_1,217956_KK_1.jpg,none,,,,,
217997_BM,217997,Jeans CALM 2 Bright Multicolor,_BM,Bright Multicolor,Apparel,Jeans,Woven,Cotton,,,42.99,/241/64/217997_BM_1,217997_BM_1.jpg,none,,,,,
218016_WT,218016,T-shirt CUPID White,_WT,White,Apparel,T-shirt,Circular,Cotton,,Cotton,15.99,/241/64/218016_WT_1,218016_WT_1.jpg,none,,,,,
218041_BM,218041,Dress EXCLUSIVE Bright Multicolor,_BM,Bright Multicolor,Apparel,Dress,Woven,Viscose,,,35.99,/241/64/218041_BM_1,218041_BM_1.jpg,none,,,,,
218069_BL,218069,Sweatshirt T1 ESSENTIALS Blue,_BL,Blue,Apparel,Sweatshirt,Circular,Cotton; Polyester,,,29.99,/241/64/218069_BL_1,218069_BL_1.jpg,none,,,,,
218069_GN,218069,Sweatshirt T1 ESSENTIALS Green,_GN,Green,Apparel,Sweatshirt,Circular,Cotton; Polyester,,,29.99,/241/64/218069_GN_1,218069_GN_1.jpg,none,,,,,
218090_BM,218090,Sweatshirt CALM 2 Bright Multicolor,_BM,Bright Multicolor,Apparel,Sweatshirt,Circular,Cotton,,,29.99,/241/64/218090_BM_1,218090_BM_1.jpg,none,,,,,
218167_BK,218167,Trousers PLUS CLOSET DEZ Black,_BK,Black,Apparel,Trousers,Woven,Polyester; Polyester; Viscose; Wool,,Wool,49.99,/241/64/218167_BK_1,218167_BK_1.jpg,none,,,,,
218167_BL,218167,Trousers PLUS CLOSET DEZ Blue,_BL,Blue,Apparel,Trousers,Woven,Polyester; Polyester; Viscose; Wool,,,49.99,/241/64/218167_BL_1,218167_BL_1.jpg,none,,,,,
218167_BN,218167,Trousers PLUS CLOSET DEZ Brown,_BN,Brown,Apparel,Trousers,Woven,Wool; Polyester; Polyester; Viscose,,,49.99,/241/64/218167_BN_1,218167_BN_1.jpg,none,,,,,
218286_BM,218286,Trousers DELULU Bright Multicolor,_BM,Bright Multicolor,Apparel,Trousers,Knit,Polyamide; Viscose,,,35.99,/241/64/218286_BM_1,218286_BM_1.jpg,none,,,,,
218388_BL,218388,Skirt Tiffany Blue,_BL,Blue,Apparel,Skirt,Woven,Cotton,,Cotton,39.99,/241/64/218388_BL_1,218388_BL_1.jpg,none,,,,,
218460_EC,218460,Top T1 ESSENTIALS Ecru,_EC,Ecru,Apparel,Top,Woven,Lyocell,,,19.99,/241/64/218460_EC_1,218460_EC_1.jpg,none,,,,,
218460_KK,218460,Top T1 ESSENTIALS Khaki,_KK,Khaki,Apparel,Top,Woven,Lyocell,,Lyocell,19.99,/241/64/218460_KK_1,218460_KK_1.jpg,none,,,,,
218537_WT,218537,Sweater CUPID White,_WT,White,Apparel,Sweater,Circular,Cotton; Elastane,,Cotton,12.99,/241/64/218537_WT_1,218537_WT_1.jpg,none,,,,,
218611_RD,218611,Jeans CUPID Red,_RD,Red,Apparel,Jeans,Woven,Cotton,,,39.99,/241/64/218611_RD_1,218611_RD_1.jpg,none,,,,,
218623_KK,218623,Poncho T1 ESSENTIALS Khaki,_KK,Khaki,Apparel,Poncho,Knit,Polyamide; Polyester; Viscose,,,29.99,/241/64/218623_KK_1,218623_KK_1.jpg,none,,,,,
218623_WT,218623,Poncho T1 ESSENTIALS White,_WT,White,Apparel,Poncho,Knit,Polyamide; Polyester; Viscose,,,29.99,/241/64/218623_WT_1,218623_WT_1.jpg,none,,,,,
218653_BK,218653,Sweater brasilia Black,_BK,Black,Apparel,Sweater,Knit,Viscose,,Viscose,25.99,/241/64/218653_BK_1,218653_BK_1.jpg,none,,,,,
218653_KK,218653,Sweater brasilia Khaki,_KK,Khaki,Apparel,Sweater,Knit,Viscose,,Viscose,25.99,/241/64/218653_KK_1,218653_KK_1.jpg,none,,,,,
218653_NV,218653,Sweater brasilia Navy,_NV,Navy,Apparel,Sweater,Knit,Viscose,,Viscose,25.99,/241/64/218653_NV_1,218653_NV_1.jpg,none,,,,,
218658_BM,218658,Sweatshirt RIO Bright Multicolor,_BM,Bright Multicolor,Apparel,Sweatshirt,Circular,Cotton; Polyester,,,32.99,/241/64/218658_BM_1,218658_BM_1.jpg,none,,,,,
218684_WT,218684,Shirt SALVADOR White,_WT,White,Apparel,Shirt,Woven,Lyocell; Ramie,,,32.99,/241/64/218684_WT_1,218684_WT_1.jpg,none,,,,,
218768_BU,218768,Dress CUPID Burgundy,_BU,Burgundy,Apparel,Dress,Woven,Elastane; Polyester,,,35.99,/241/64/218768_BU_1,218768_BU_1.jpg,none,,,,,
218800_BG,218800,Shirt MAXI Beige,_BG,Beige,Apparel,Shirt,Circular,Elastane; Polyester,,,29.99,/241/64/218800_BG_1,218800_BG_1.jpg,none,,,,,
218800_BN,218800,Shirt MAXI Brown,_BN,Brown,Apparel,Shirt,Circular,Polyester; Elastane,,,29.99,/241/64/218800_BN_1,218800_BN_1.jpg,none,,,,,
218800_OR,218800,Shirt MAXI Orange,_OR,Orange,Apparel,Shirt,Circular,Elastane; Polyester,,,29.99,/241/64/218800_OR_1,218800_OR_1.jpg,none,,,,,
218832_BG,218832,Raincoat WINTERJA Beige,_BG,Beige,Apparel,Raincoat,Woven,Polyester,,Polyester,49.99,/241/64/218832_BG_1,218832_BG_1.jpg,none,,,,,
218840_EC,218840,Raincoat CHIADO Ecru,_EC,Ecru,Apparel,Raincoat,Woven,Polyester,,Polyester,49.99,/241/64/218840_EC_1,218840_EC_1.jpg,none,,,,,
218840_MI,218840,Raincoat CHIADO Midnight Blue,_MI,Midnight Blue,Apparel,Raincoat,Woven,Polyester,,Polyester,49.99,/241/64/218840_MI_1,218840_MI_1.jpg,none,,,,,
218858_BL,218858,Sweatshirt MINAS Blue,_BL,Blue,Apparel,Sweatshirt,Circular,Cotton; Elastane; Polyester,,,29.99,/241/64/218858_BL_1,218858_BL_1.jpg,none,,,,,
218964_BM,218964,Dress SUMERABRIL Bright Multicolor,_BM,Bright Multicolor,Apparel,Dress,Woven,Viscose,,,35.99,/241/64/218964_BM_1,218964_BM_1.jpg,none,,,,,
219040_BL,219040,Jeans MAXI Blue,_BL,Blue,Apparel,Jeans,Woven,Cotton; Elastane,,Cotton,39.99,/241/64/219040_BL_1,219040_BL_1.jpg,none,,,,,
219040_GD,219040,Jeans BETS Gold,_GD,Gold,Apparel,Jeans,Woven,Cotton; Elastane,,,39.99,/241/64/219040_GD_1,219040_GD_1.jpg,none,,,,,
219040_YL,219040,Jeans MAXI Yellow,_YL,Yellow,Apparel,Jeans,Woven,Cotton; Elastane,,Cotton,39.99,/241/64/219040_YL_1,219040_YL_1.jpg,none,,,,,
219085_NV,219085,Cardigan T1 ESSENTIALS Navy,_NV,Navy,Apparel,Cardigan,Knit,Viscose; Polyamide; Polyester,,Viscose,39.99,/241/64/219085_NV_1,219085_NV_1.jpg,none,,,,,
219085_WT,219085,Blazer T1 ESSENTIALS White,_WT,White,Apparel,Cardigan,Knit,Polyamide; Polyester; Viscose,,Viscose,39.99,/241/64/219085_WT_1,219085_WT_1.jpg,none,,,,,
219118_BM,219118,Raincoat MADEIRA Bright Multicolor,_BM,Bright Multicolor,Apparel,Raincoat,Woven,Polyester,,Polyester,59.99,/241/64/219118_BM_1,219118_BM_1.jpg,none,,,,,
219166_RD,219166,Dress SALVADOR Red,_RD,Red,Apparel,Dress,Woven,Cotton,,,39.99,/241/64/219166_RD_1,219166_RD_1.jpg,none,,,,,
219195_RD,219195,Coat SALVADOR 3 Red,_RD,Red,Apparel,Coat,Woven,Cotton,,,35.99,/241/64/219195_RD_1,219195_RD_1.jpg,none,,,,,
219294_EC,219294,Shirt LAPA 4 Ecru,_EC,Ecru,Apparel,Shirt,Woven,Linen; Viscose,,,29.99,/241/64/219294_EC_1,219294_EC_1.jpg,none,,,,,
219345_RD,219345,Sweater MADEIRA Red,_RD,Red,Apparel,Sweater,Knit,Cotton,,,32.99,/241/64/219345_RD_1,219345_RD_1.jpg,none,,,,,
219378_BL,219378,Sweater CLOSETS Blue,_BL,Blue,Apparel,Sweater,Knit,Polyamide; Viscose,,,29.99,/241/64/219378_BL_1,219378_BL_1.jpg,none,,,,,
219378_KK,219378,Sweater T1 ESSENTIALS Khaki,_KK,Khaki,Apparel,Sweater,Knit,Polyamide; Viscose,,,29.99,/241/64/219378_KK_1,219378_KK_1.jpg,none,,,,,
219436_NV,219436,Top PAPAP Navy,_NV,Navy,Apparel,Top,Woven,Linen; Viscose,,,32.99,/241/64/219436_NV_1,219436_NV_1.jpg,none,,,,,
219457_RD,219457,Jeans MAXI Red,_RD,Red,Apparel,Jeans,Woven,Cotton,,Cotton,45.99,/241/64/219457_RD_1,219457_RD_1.jpg,none,,,,,
219485_BK,219485,Shirt SUMMERCAP Black,_BK,Black,Apparel,Shirt,Woven,Viscose; Lyocell,,,32.99,/241/64/219485_BK_1,219485_BK_1.jpg,none,,,,,
219513_EC,219513,Shirt CLOSETS Ecru,_EC,Ecru,Apparel,Shirt,Woven,Cotton,,,35.99,/241/64/219513_EC_1,219513_EC_1.jpg,none,,,,,
219513_GY,219513,Shirt CLOSETS Grey,_GY,Grey,Apparel,Shirt,Woven,Cotton,,,35.99,/241/64/219513_GY_1,219513_GY_1.jpg,none,,,,,
219534_WT,219534,Raincoat MADEIRA White,_WT,White,Apparel,Raincoat,Woven,Cotton; Polyamide,,Polyamide,79.99,/241/64/219534_WT_1,219534_WT_1.jpg,none,,,,,
219662_BG,219662,Trousers MARQUES Beige,_BG,Beige,Apparel,Trousers,Circular,Cotton,,,29.99,/241/64/219662_BG_1,219662_BG_1.jpg,none,,,,,
219674_WT,219674,Vest LAPA 4 White,_WT,White,Apparel,Vest,Knit,Polyester,,Polyester,15.99,/241/64/219674_WT_1,219674_WT_1.jpg,none,,,,,
219713_BM,219713,Shirt luci Bright Multicolor,_BM,Bright Multicolor,Apparel,Shirt,Woven,Cotton,,Cotton,23.99,/242/64/219713_BM_1,219713_BM_1.jpg,none,,,,,
219720_BL,219720,Top KIW Blue,_BL,Blue,Apparel,Top,Woven,Linen; Polyester; Lyocell,,,39.99,/242/64/219720_BL_1,219720_BL_1.jpg,none,,,,,
219720_WT,219720,Top KIW White,_WT,White,Apparel,Top,Woven,Linen; Polyester; Lyocell,,,39.99,/242/64/219720_WT_1,219720_WT_1.jpg,none,,,,,
219782_GY,219782,Trousers KIW Grey,_GY,Grey,Apparel,Trousers,Woven,Linen; Viscose; Lyocell,,,35.99,/241/64/219782_GY_1,219782_GY_1.jpg,none,,,,,
219886_BG,219886,Dress SALVADOR Beige,_BG,Beige,Apparel,Dress,Woven,Lyocell,,,35.99,/241/64/219886_BG_1,219886_BG_1.jpg,none,,,,,
219899_BM,219899,Dress SAO P Bright Multicolor,_BM,Bright Multicolor,Apparel,Dress,Woven,Polyester,,Polyester,45.99,/241/64/219899_BM_1,219899_BM_1.jpg,none,,,,,
219959_EC,219959,Top MADEIRA Ecru,_EC,Ecru,Apparel,Top,Woven,Cotton,,,29.99,/241/64/219959_EC_1,219959_EC_1.jpg,none,,,,,
219959_RD,219959,Top MADEIRA Red,_RD,Red,Apparel,Top,Woven,Cotton,,,29.99,/241/64/219959_RD_1,219959_RD_1.jpg,none,,,,,
219964_RD,219964,Dress SUMERABRIL Red,_RD,Red,Apparel,Dress,Woven,Lyocell,,,32.99,/241/64/219964_RD_1,219964_RD_1.jpg,none,,,,,
220000_GN,220000,Shirt PLUS Green,_GN,Green,Apparel,Shirt,Woven,Modal; Polyester,,,32.99,/241/64/220000_GN_1,220000_GN_1.jpg,none,,,,,
220000_LL,220000,Shirt CLOSETS Lilac,_LL,Lilac,Apparel,Shirt,Woven,Polyester; Modal,,,32.99,/241/64/220000_LL_1,220000_LL_1.jpg,none,,,,,
220000_YL,220000,Shirt CLOSETS Yellow,_YL,Yellow,Apparel,Shirt,Woven,Modal; Polyester,,,32.99,/241/64/220000_YL_1,220000_YL_1.jpg,none,,,,,
220272_CA,220272,Dress SAO P Camel,_CA,Camel,Apparel,Dress,Woven,Viscose,,,32.99,/241/64/220272_CA_1,220272_CA_1.jpg,none,,,,,
220274_BG,220274,Top CLOSETS Beige,_BG,Beige,Apparel,Top,Woven,Polyamide; Viscose,,,29.99,/241/64/220274_BG_1,220274_BG_1.jpg,none,,,,,
220274_BL,220274,Top CLOSETS Blue,_BL,Blue,Apparel,Top,Woven,Polyamide; Viscose,,,29.99,/241/64/220274_BL_1,220274_BL_1.jpg,none,,,,,
220274_KK,220274,Top SEJ Khaki,_KK,Khaki,Apparel,Top,Woven,Polyamide; Viscose,,Viscose,29.99,/241/64/220274_KK_1,220274_KK_1.jpg,none,,,,,
220274_WT,220274,Top NH White,_WT,White,Apparel,Top,Woven,Polyamide; Viscose,,Viscose,29.99,/242/64/220274_WT_1,220274_WT_1.jpg,none,,,,,
220403_BM,220403,Dress T1 ESSENTIALS Bright Multicolor,_BM,Bright Multicolor,Apparel,Dress,Woven,Cotton,,Cotton,25.99,/241/64/220403_BM_1,220403_BM_1.jpg,none,,,,,
220414_BM,220414,Shirt T1 ESSENTIALS Bright Multicolor,_BM,Bright Multicolor,Apparel,Shirt,Woven,Cotton,,Cotton,23.99,/241/64/220414_BM_1,220414_BM_1.jpg,none,,,,,
220506_BL,220506,Shirt BANANA Blue,_BL,Blue,Apparel,Shirt,Woven,Cotton,,Cotton,23.99,/241/64/220506_BL_1,220506_BL_1.jpg,none,,,,,
220588_BM,220588,Dress T1 ESSENTIALS Bright Multicolor,_BM,Bright Multicolor,Apparel,Dress,Woven,Viscose,,,32.99,/241/64/220588_BM_1,220588_BM_1.jpg,none,,,,,
220598_AN,220598,Sweatshirt T1 ESSENTIALS Anthracite,_AN,Anthracite,Apparel,Sweatshirt,Circular,Elastane; Modal; Polyester,,,27.99,/241/64/220598_AN_1,220598_AN_1.jpg,none,,,,,
220598_BL,220598,Sweatshirt T1 ESSENTIALS Blue,_BL,Blue,Apparel,Sweatshirt,Circular,Elastane; Modal; Polyester,,,27.99,/241/64/220598_BL_1,220598_BL_1.jpg,none,,,,,
220598_IG,220598,Sweatshirt T1 ESSENTIALS Indigo,_IG,Indigo,Apparel,Sweatshirt,Circular,Elastane; Modal; Polyester,,,27.99,/242/64/220598_IG_1,220598_IG_1.jpg,none,,,,,
220598_WT,220598,Sweatshirt T1 ESSENTIALS White,_WT,White,Apparel,Sweatshirt,Circular,Elastane; Modal; Polyester,,,27.99,/241/64/220598_WT_1,220598_WT_1.jpg,none,,,,,
220658_GN,220658,Kaftan PERA Green,_GN,Green,Apparel,Kaftan,Woven,Polyester; Viscose,,Polyester,23.99,/241/64/220658_GN_1,220658_GN_1.jpg,none,,,,,
220708_BK,220708,Jumpsuit tigr Black,_BK,Black,Apparel,Jumpsuit,Woven,Elastane; Polyester,,,27.99,/241/64/220708_BK_1,220708_BK_1.jpg,none,,,,,
220708_BL,220708,Jumpsuit MILENA Blue,_BL,Blue,Apparel,Jumpsuit,Woven,Elastane; Polyester,,,27.99,/242/64/220708_BL_1,220708_BL_1.jpg,none,,,,,
220709_EC,220709,Dress SUMMERCAP Ecru,_EC,Ecru,Apparel,Dress,Circular,Cotton; Elastane,,,29.99,/241/64/220709_EC_1,220709_EC_1.jpg,none,,,,,
220883_BK,220883,Kimono C1 Black,_BK,Black,Apparel,Kimono,Woven,Cotton,,,35.99,/242/64/220883_BK_1,220883_BK_1.jpg,none,,,,,
220935_BM,220935,Shirt C1 Bright Multicolor,_BM,Bright Multicolor,Apparel,Shirt,Woven,Cotton,,Cotton,23.99,/242/64/220935_BM_1,220935_BM_1.jpg,none,,,,,
220955_BM,220955,Kimono SEJ Bright Multicolor,_BM,Bright Multicolor,Apparel,Kimono,Woven,Cotton,,,35.99,/241/64/220955_BM_1,220955_BM_1.jpg,none,,,,,
220999_GN,220999,Apparel LAPA 4 Green,_GN,Green,Apparel,Cape,Knit,Acrylic; Cotton,,Cotton,23.99,/241/64/220999_GN_1,220999_GN_1.jpg,none,,,,,
221009_BK,221009,Sweater EXCLUSIVE Black,_BK,Black,Apparel,Sweater,Knit,Polyamide; Viscose,,,27.99,/241/64/221009_BK_1,221009_BK_1.jpg,none,,,,,
221009_EC,221009,Sweater ESTRELA Ecru,_EC,Ecru,Apparel,Sweater,Knit,Polyamide; Viscose,,,27.99,/241/64/221009_EC_1,221009_EC_1.jpg,none,,,,,
221165_LN,221165,Cardigan BANANA Light Green,_LN,Light Green,Apparel,Cardigan,Knit,Polyester,,,32.99,/241/64/221165_LN_1,221165_LN_1.jpg,none,,,,,
221305_BM,221305,Shirt LAPA 4 Bright Multicolor,_BM,Bright Multicolor,Apparel,Shirt,Woven,Cotton,,Cotton,23.99,/242/64/221305_BM_1,221305_BM_1.jpg,none,,,,,
221340_BM,221340,Shirt CHIADO Bright Multicolor,_BM,Bright Multicolor,Apparel,Shirt,Woven,Polyamide; Lyocell,,,27.99,/241/64/221340_BM_1,221340_BM_1.jpg,none,,,,,
221361_BL,221361,Dress CLOSETS Blue,_BL,Blue,Apparel,Dress,Knit,Polyamide; Viscose,,,39.99,/241/64/221361_BL_1,221361_BL_1.jpg,none,,,,,
221361_KK,221361,Dress T1 ESSENTIALS Khaki,_KK,Khaki,Apparel,Dress,Knit,Polyamide; Viscose,,,39.99,/241/64/221361_KK_1,221361_KK_1.jpg,none,,,,,
221361_WT,221361,Dress T1 ESSENTIALS White,_WT,White,Apparel,Dress,Knit,Viscose; Polyamide,,,39.99,/242/64/221361_WT_1,221361_WT_1.jpg,none,,,,,
221400_BG,221400,Kimono SEJ Beige,_BG,Beige,Apparel,Kimono,Woven,Cotton,,,29.99,/242/64/221400_BG_1,221400_BG_1.jpg,none,,,,,
221400_EC,221400,Kimono SEJ Ecru,_EC,Ecru,Apparel,Kimono,Woven,Cotton,,,29.99,/242/64/221400_EC_1,221400_EC_1.jpg,none,,,,,
221406_AN,221406,Trousers T1 ESSENTIALS Anthracite,_AN,Anthracite,Apparel,Trousers,Circular,Elastane; Modal; Polyester,,,27.99,/241/64/221406_AN_1,221406_AN_1.jpg,none,,,,,
221607_GY,221607,Skirt C1 Grey,_GY,Grey,Apparel,Skirt,Woven,Cotton; Lyocell,,,32.99,/242/64/221607_GY_1,221607_GY_1.jpg,none,,,,,
221724_BM,221724,Shirt MARQUES Bright Multicolor,_BM,Bright Multicolor,Apparel,Shirt,Woven,Cotton,,,29.99,/241/64/221724_BM_1,221724_BM_1.jpg,none,,,,,
221746_BK,221746,Dress T1 ESSENTIALS Black,_BK,Black,Apparel,Dress,Circular,Polyamide; Viscose,,Viscose,23.99,/242/64/221746_BK_1,221746_BK_1.jpg,none,,,,,
221746_CA,221746,Dress BETS Camel,_CA,Camel,Apparel,Dress,Circular,Polyamide; Viscose,,Viscose,23.99,/242/64/221746_CA_1,221746_CA_1.jpg,none,,,,,
221746_FU,221746,Dress BETS Fuchsia,_FU,Fuchsia,Apparel,Dress,Circular,Viscose; Polyamide,,Viscose,23.99,/242/64/221746_FU_1,221746_FU_1.jpg,none,,,,,
221746_KK,221746,Dress T1 ESSENTIALS Khaki,_KK,Khaki,Apparel,Dress,Circular,Polyamide; Viscose,,Viscose,23.99,/242/64/221746_KK_1,221746_KK_1.jpg,none,,,,,
221746_LM,221746,Dress T1 ESSENTIALS Lime,_LM,Lime,Apparel,Dress,Circular,Polyamide; Viscose,,Viscose,23.99,/242/64/221746_LM_1,221746_LM_1.jpg,none,,,,,
221779_WT,221779,Skirt P3 White,_WT,White,Apparel,Skirt,Woven,Cotton,,,29.99,/242/64/221779_WT_1,221779_WT_1.jpg,none,,,,,
221783_BG,221783,Trousers SEJ Beige,_BG,Beige,Apparel,Trousers,Woven,Cotton,,,29.99,/242/64/221783_BG_1,221783_BG_1.jpg,none,,,,,
221783_BL,221783,Trousers SEJ Blue,_BL,Blue,Apparel,Trousers,Woven,Cotton,,,29.99,/242/64/221783_BL_1,221783_BL_1.jpg,none,,,,,
221783_WT,221783,Trousers BETS White,_WT,White,Apparel,Trousers,Woven,Cotton,,,29.99,/242/64/221783_WT_1,221783_WT_1.jpg,none,,,,,
221791_BU,221791,Trousers CM Burgundy,_BU,Burgundy,Apparel,Trousers,Woven,Cotton; Linen; Cotton; Polyester,,Linen,35.99,/242/64/221791_BU_1,221791_BU_1.jpg,none,,,,,
221812_BK,221812,Sweater C1 Black,_BK,Black,Apparel,Sweater,Knit,Cotton; Polyester,,,32.99,/242/64/221812_BK_1,221812_BK_1.jpg,none,,,,,
221812_WT,221812,Sweater PAPAP White,_WT,White,Apparel,Sweater,Knit,Cotton; Polyester,,,32.99,/241/64/221812_WT_1,221812_WT_1.jpg,none,,,,,
221873_EC,221873,Sweatshirt LAPA Ecru,_EC,Ecru,Apparel,Sweatshirt,Circular,Cotton; Polyester,,,29.99,/241/64/221873_EC_1,221873_EC_1.jpg,none,,,,,
221905_PK,221905,Dress AL Pink,_PK,Pink,Apparel,Dress,Woven,Polyamide; Viscose,,,32.99,/242/64/221905_PK_1,221905_PK_1.jpg,none,,,,,
221970_BN,221970,Skirt C7 Brown,_BN,Brown,Apparel,Skirt,Woven,Viscose,,Viscose,29.99,/242/64/221970_BN_1,221970_BN_1.jpg,none,,,,,
221970_RD,221970,Skirt C7 Red,_RD,Red,Apparel,Skirt,Woven,Viscose,,Viscose,29.99,/242/64/221970_RD_1,221970_RD_1.jpg,none,,,,,
222027_BM,222027,Dress PAPAP Bright Multicolor,_BM,Bright Multicolor,Apparel,Dress,Circular,Cotton,,,29.99,/241/64/222027_BM_1,222027_BM_1.jpg,none,,,,,
222105_GN,222105,Dress T1 ESSENTIALS Green,_GN,Green,Apparel,Dress,Woven,Cotton,,,35.99,/241/64/222105_GN_1,222105_GN_1.jpg,none,,,,,
222230_BL,222230,Dress UVA Blue,_BL,Blue,Apparel,Dress,Woven,Cotton; Cotton,,,39.99,/241/64/222230_BL_1,222230_BL_1.jpg,none,,,,,
222232_BU,222232,Trousers P6 Burgundy,_BU,Burgundy,Apparel,Trousers,Woven,Linen,,Linen,39.99,/242/64/222232_BU_1,222232_BU_1.jpg,none,,,,,
222232_EC,222232,Trousers P6 Ecru,_EC,Ecru,Apparel,Trousers,Woven,Linen,,Linen,39.99,/242/64/222232_EC_1,222232_EC_1.jpg,none,,,,,
222255_BM,222255,Dress TA Bright Multicolor,_BM,Bright Multicolor,Apparel,Dress,Woven,Viscose,,,32.99,/242/64/222255_BM_1,222255_BM_1.jpg,none,,,,,
222303_BM,222303,Kaftan C3 Bright Multicolor,_BM,Bright Multicolor,Apparel,Kaftan,Woven,Cotton,,Cotton,29.99,/242/64/222303_BM_1,222303_BM_1.jpg,none,,,,,
222348_WT,222348,Sweater P3 White,_WT,White,Apparel,Sweater,Knit,Cotton; Polyamide,,,32.99,/242/64/222348_WT_1,222348_WT_1.jpg,none,,,,,
222359_BL,222359,Shirt TRENDY Blue,_BL,Blue,Apparel,Shirt,Woven,Cotton,,,35.99,/242/64/222359_BL_1,222359_BL_1.jpg,none,,,,,
222359_BN,222359,Shirt P5 Brown,_BN,Brown,Apparel,Shirt,Woven,Cotton,,,35.99,/242/64/222359_BN_1,222359_BN_1.jpg,none,,,,,
222359_EC,222359,Shirt C4 Ecru,_EC,Ecru,Apparel,Shirt,Woven,Cotton,,,35.99,/242/64/222359_EC_1,222359_EC_1.jpg,none,,,,,
222388_BM,222388,Top CC Bright Multicolor,_BM,Bright Multicolor,Apparel,Top,Woven,Cotton,,,27.99,/242/64/222388_BM_1,222388_BM_1.jpg,none,,,,,
222431_BU,222431,Sweater P6 Burgundy,_BU,Burgundy,Apparel,Sweater,Knit,Linen; Polyamide; Polyester,,Polyester,29.99,/242/64/222431_BU_1,222431_BU_1.jpg,none,,,,,
222431_OW,222431,Sweater P6 Off White,_OW,Off White,Apparel,Sweater,Knit,Linen; Polyamide; Polyester,,Polyester,29.99,/242/64/222431_OW_1,222431_OW_1.jpg,none,,,,,
222432_BM,222432,Sweater luci Bright Multicolor,_BM,Bright Multicolor,Apparel,Sweater,Knit,Cotton,,,35.99,/242/64/222432_BM_1,222432_BM_1.jpg,none,,,,,
222477_BG,222477,Dress C2 Beige,_BG,Beige,Apparel,Dress,Woven,Polyamide; Viscose; Lyocell,,,29.99,/242/64/222477_BG_1,222477_BG_1.jpg,none,,,,,
222528_BM,222528,Dress NH Bright Multicolor,_BM,Bright Multicolor,Apparel,Dress,Woven,Cotton,,,29.99,/242/64/222528_BM_1,222528_BM_1.jpg,none,,,,,
222563_BG,222563,T-shirt T1 ESSENTIALS Beige,_BG,Beige,Apparel,T-shirt,Circular,Polyester; Modal,,Cotton,12.99,/242/64/222563_BG_1,222563_BG_1.jpg,none,,,,,
222563_GY,222563,T-shirt T1 ESSENTIALS Grey,_GY,Grey,Apparel,T-shirt,Circular,Modal; Polyester,,Cotton,12.99,/241/64/222563_GY_1,222563_GY_1.jpg,none,,,,,
222563_KK,222563,T-shirt T1 ESSENTIALS Khaki,_KK,Khaki,Apparel,T-shirt,Circular,Modal; Polyester,,Cotton,12.99,/241/64/222563_KK_1,222563_KK_1.jpg,none,,,,,
222563_NV,222563,T-shirt T1 ESSENTIALS Navy,_NV,Navy,Apparel,T-shirt,Circular,Modal; Polyester,,Cotton,12.99,/241/64/222563_NV_1,222563_NV_1.jpg,none,,,,,
222563_PK,222563,T-shirt T1 ESSENTIALS Pink,_PK,Pink,Apparel,T-shirt,Circular,Modal; Polyester,,Cotton,12.99,/241/64/222563_PK_1,222563_PK_1.jpg,none,,,,,
223376_GY,222563,T-shirt T1 ESSENTIALS Grey,_GY,Grey,Apparel,T-shirt,Circular,Modal; Polyester,,Cotton,12.99,/241/64/222563_GY_1,222563_GY_1.jpg,none,,,,,
223376_KK,222563,T-shirt T1 ESSENTIALS Khaki,_KK,Khaki,Apparel,T-shirt,Circular,Modal; Polyester,,Cotton,12.99,/241/64/222563_KK_1,222563_KK_1.jpg,none,,,,,
223376_PK,222563,T-shirt T1 ESSENTIALS Pink,_PK,Pink,Apparel,T-shirt,Circular,Modal; Polyester,,Cotton,12.99,/241/64/222563_PK_1,222563_PK_1.jpg,none,,,,,
222587_EC,222587,Dress MA Ecru,_EC,Ecru,Apparel,Dress,Woven,Elastane; Polyamide,,,39.99,/242/64/222587_EC_1,222587_EC_1.jpg,none,,,,,
222587_OR,222587,Dress MA Orange,_OR,Orange,Apparel,Dress,Woven,Elastane; Polyamide,,,39.99,/242/64/222587_OR_1,222587_OR_1.jpg,none,,,,,
222593_EC,222593,Top C4 Ecru,_EC,Ecru,Apparel,Top,Woven,Cotton,,,32.99,/242/64/222593_EC_1,222593_EC_1.jpg,none,,,,,
222633_BM,222633,Shirt CA Bright Multicolor,_BM,Bright Multicolor,Apparel,Shirt,Woven,Cotton,,,27.99,/242/64/222633_BM_1,222633_BM_1.jpg,none,,,,,
222670_WT,222670,T-shirt T1 ESSENTIALS White,_WT,White,Apparel,T-shirt,Circular,Cotton,,Cotton,12.99,/241/64/222670_WT_1,222670_WT_1.jpg,none,,,,,
222673_BK,222673,Trousers 66 Black,_BK,Black,Apparel,Trousers,Woven,Polyamide; Elastane,,,29.99,/242/64/222673_BK_1,222673_BK_1.jpg,none,,,,,
222673_EC,222673,Trousers 66 Ecru,_EC,Ecru,Apparel,Trousers,Woven,Elastane; Polyamide,,,29.99,/242/64/222673_EC_1,222673_EC_1.jpg,none,,,,,
222673_YL,222673,Trousers 66 Yellow,_YL,Yellow,Apparel,Trousers,Woven,Elastane; Polyamide,,,29.99,/242/64/222673_YL_1,222673_YL_1.jpg,none,,,,,
222679_BK,222679,Skirt T1 ESSENTIALS Black,_BK,Black,Apparel,Skirt,Woven,Polyester,,,29.99,/241/64/222679_BK_1,222679_BK_1.jpg,none,,,,,
222679_PK,222679,Skirt TRENDY Pink,_PK,Pink,Apparel,Skirt,Woven,Polyester,,,29.99,/241/64/222679_PK_1,222679_PK_1.jpg,none,,,,,
222686_BK,222686,Bikini T1 ESSENTIALS Black,_BK,Black,Apparel,Bikini,Circular,Elastane; Elastane; Polyester; Polyester,,,27.99,/241/64/222686_BK_1,222686_BK_1.jpg,none,,,,,
222692_BL,222692,Trousers B4 Blue,_BL,Blue,Apparel,Trousers,Knit,Polyamide; Viscose,,Polyamide,29.99,/242/64/222692_BL_1,222692_BL_1.jpg,none,,,,,
222692_WT,222692,Trousers B4 White,_WT,White,Apparel,Trousers,Knit,Polyamide; Viscose,,Polyamide,29.99,/242/64/222692_WT_1,222692_WT_1.jpg,none,,,,,
222696_BM,222696,Dress CC Bright Multicolor,_BM,Bright Multicolor,Apparel,Dress,Woven,Linen; Lyocell,,Lyocell,39.99,/242/64/222696_BM_1,222696_BM_1.jpg,none,,,,,
222712_BK,222712,Cardigan MORANGO Black,_BK,Black,Apparel,Cardigan,Knit,RECYCLED COTTON; Polyamide; Polyester; recycled polyester,,,27.99,/242/64/222712_BK_1,222712_BK_1.jpg,none,,,,,
222712_EC,222712,Cardigan MORANGO Ecru,_EC,Ecru,Apparel,Cardigan,Knit,recycled polyester; RECYCLED COTTON; Polyamide; Polyester,,,27.99,/242/64/222712_EC_1,222712_EC_1.jpg,none,,,,,
222779_BM,222779,Jumpsuit C7 Bright Multicolor,_BM,Bright Multicolor,Apparel,Jumpsuit,Woven,Modal; Polyester,,Modal,45.99,/242/64/222779_BM_1,222779_BM_1.jpg,none,,,,,
222806_BL,222806,Dress TRENDY Blue,_BL,Blue,Apparel,Dress,Woven,Cotton,,,35.99,/242/64/222806_BL_1,222806_BL_1.jpg,none,,,,,
222806_RD,222806,Dress TRENDY Red,_RD,Red,Apparel,Dress,Woven,Cotton,,,35.99,/242/64/222806_RD_1,222806_RD_1.jpg,none,,,,,
222817_KK,222817,Shorts BETS Khaki,_KK,Khaki,Apparel,Shorts,Woven,Cotton,,,35.99,/241/64/222817_KK_1,222817_KK_1.jpg,none,,,,,
222872_KK,222872,Dress LAGO Khaki,_KK,Khaki,Apparel,Dress,Circular,Polyamide; Viscose,,Cotton,27.99,/242/64/222872_KK_1,222872_KK_1.jpg,none,,,,,
222872_WT,222872,Dress LAGO White,_WT,White,Apparel,Dress,Circular,Polyamide; Viscose,,Cotton,27.99,/242/64/222872_WT_1,222872_WT_1.jpg,none,,,,,
223169_WT,223169,Shirt C2 White,_WT,White,Apparel,Shirt,Woven,Cotton,,,29.99,/242/64/223169_WT_1,223169_WT_1.jpg,none,,,,,
223183_BM,223183,Shirt KAT Bright Multicolor,_BM,Bright Multicolor,Apparel,Shirt,Woven,Cotton,,,29.99,/242/64/223183_BM_1,223183_BM_1.jpg,none,,,,,
223191_BN,223191,Dress luci Brown,_BN,Brown,Apparel,Dress,Woven,Linen,,Linen,49.99,/242/64/223191_BN_1,223191_BN_1.jpg,none,,,,,
223191_WT,223191,Dress luci White,_WT,White,Apparel,Dress,Woven,Linen,,Linen,49.99,/242/64/223191_WT_1,223191_WT_1.jpg,none,,,,,
223329_AN,223329,Dress TT Anthracite,_AN,Anthracite,Apparel,Dress,Woven,Modal; Polyester,,,39.99,/242/64/223329_AN_1,223329_AN_1.jpg,none,,,,,
223329_EC,223329,Dress TT Ecru,_EC,Ecru,Apparel,Dress,Woven,Modal; Polyester,,,39.99,/242/64/223329_EC_1,223329_EC_1.jpg,none,,,,,
223330_AN,223330,Trousers TT Anthracite,_AN,Anthracite,Apparel,Trousers,Woven,Modal; Polyester,,,35.99,/242/64/223330_AN_1,223330_AN_1.jpg,none,,,,,
223401_BM,223401,Dress BETS Bright Multicolor,_BM,Bright Multicolor,Apparel,Dress,Woven,Cotton,,Cotton,32.99,/242/64/223401_BM_1,223401_BM_1.jpg,none,,,,,
223401_WT,223401,Dress BETS White,_WT,White,Apparel,Dress,Woven,Cotton,,Cotton,32.99,/242/64/223401_WT_1,223401_WT_1.jpg,none,,,,,
223409_WT,223409,Dress CC White,_WT,White,Apparel,Dress,Woven,Linen,,Linen,49.99,/242/64/223409_WT_1,223409_WT_1.jpg,none,,,,,
223434_BM,223434,T-shirt AL Bright Multicolor,_BM,Bright Multicolor,Apparel,T-shirt,Circular,Polyester; Elastane,,Polyester,19.99,/242/64/223434_BM_1,223434_BM_1.jpg,none,,,,,
223455_BM,223455,Shirt cindy Bright Multicolor,_BM,Bright Multicolor,Apparel,Shirt,Woven,Lyocell,,Lyocell,29.99,/242/64/223455_BM_1,223455_BM_1.jpg,none,,,,,
223465_BM,223465,Top NH Bright Multicolor,_BM,Bright Multicolor,Apparel,Top,Woven,Cotton,,,32.99,/242/64/223465_BM_1,223465_BM_1.jpg,none,,,,,
223535_LN,223535,Top TT Light Green,_LN,Light Green,Apparel,Top,Woven,Acetate,,,39.99,/242/64/223535_LN_1,223535_LN_1.jpg,none,,,,,
223540_BM,223540,Top T1 ESSENTIALS Bright Multicolor,_BM,Bright Multicolor,Apparel,Top,Woven,Lyocell,,Lyocell,23.99,/242/64/223540_BM_1,223540_BM_1.jpg,none,,,,,
223571_BK,223571,Dress EXCLUSIVE Black,_BK,Black,Apparel,Dress,Woven,Linen; Cotton,,,35.99,/242/64/223571_BK_1,223571_BK_1.jpg,none,,,,,
223571_EC,223571,Dress EXCLUSIVE Ecru,_EC,Ecru,Apparel,Dress,Woven,Cotton; Linen,,,35.99,/242/64/223571_EC_1,223571_EC_1.jpg,none,,,,,
223590_BM,223590,Shirt 33 Bright Multicolor,_BM,Bright Multicolor,Apparel,Shirt,Woven,Elastane; Cotton; Viscose; Polyester,,,32.99,/242/64/223590_BM_1,223590_BM_1.jpg,none,,,,,
223631_BK,223631,Skirt MA Black,_BK,Black,Apparel,Skirt,Knit,Viscose; Polyamide,,,27.99,/242/64/223631_BK_1,223631_BK_1.jpg,none,,,,,
223650_BM,223650,Dress NH Bright Multicolor,_BM,Bright Multicolor,Apparel,Dress,Woven,Cotton,,,39.99,/242/64/223650_BM_1,223650_BM_1.jpg,none,,,,,
223665_BL,223665,Dress 55 Blue,_BL,Blue,Apparel,Dress,Woven,Linen,,Linen,49.99,/242/64/223665_BL_1,223665_BL_1.jpg,none,,,,,
223665_BN,223665,Dress 55 Brown,_BN,Brown,Apparel,Dress,Woven,Linen,,Linen,49.99,/242/64/223665_BN_1,223665_BN_1.jpg,none,,,,,
223665_WT,223665,Dress 55 White,_WT,White,Apparel,Dress,Woven,Linen,,Linen,49.99,/242/64/223665_WT_1,223665_WT_1.jpg,none,,,,,
223668_AN,223668,Top OO Anthracite,_AN,Anthracite,Apparel,Top,Woven,Lyocell; Polyamide,,Lyocell,29.99,/242/64/223668_AN_1,223668_AN_1.jpg,none,,,,,
223668_PK,223668,Top OO Pink,_PK,Pink,Apparel,Top,Woven,Lyocell; Polyamide,,,29.99,/242/64/223668_PK_1,223668_PK_1.jpg,none,,,,,
223701_BK,223701,Dress 33 Black,_BK,Black,Apparel,Dress,Woven,Polyurethane; Polyester; Cotton,,Polyurethane,49.99,/242/64/223701_BK_1,223701_BK_1.jpg,none,,,,,
223870_BM,223870,Dress CA Bright Multicolor,_BM,Bright Multicolor,Apparel,Dress,Circular,Elastane; Viscose,,,29.99,/242/64/223870_BM_1,223870_BM_1.jpg,none,,,,,
223928_BL,223928,Sweatshirt CS1 Blue,_BL,Blue,Apparel,Sweatshirt,Circular,Cotton; Elastane,,,27.99,/242/64/223928_BL_1,223928_BL_1.jpg,none,,,,,
224000_NM,224000,Skirt BRIDAL CAPSULE Neutral Multicolor,_NM,Neutral Multicolor,Apparel,Skirt,Woven,Cotton,,Cotton,89.99,/242/64/224000_NM_1,224000_NM_1.jpg,none,,,,,
224015_BK,224015,Top P1 SET Black,_BK,Black,Apparel,Top,Woven,Lyocell,,Lyocell,25.99,/242/64/224015_BK_1,224015_BK_1.jpg,none,,,,,
224015_BU,224015,Top P1 SET Burgundy,_BU,Burgundy,Apparel,Top,Woven,Lyocell,,Lyocell,25.99,/242/64/224015_BU_1,224015_BU_1.jpg,none,,,,,
224015_TU,224015,Top P1 SET Taupe,_TU,Taupe,Apparel,Top,Woven,Lyocell,,Lyocell,25.99,/242/64/224015_TU_1,224015_TU_1.jpg,none,,,,,
224017_BK,224017,Skirt P1 SET Black,_BK,Black,Apparel,Skirt,Woven,Lyocell,,Lyocell,29.99,/242/64/224017_BK_1,224017_BK_1.jpg,none,,,,,
224017_TU,224017,Skirt P1 SET Taupe,_TU,Taupe,Apparel,Skirt,Woven,Lyocell,,Lyocell,29.99,/242/64/224017_TU_1,224017_TU_1.jpg,none,,,,,
224054_EC,224054,Shorts BRIDAL CAPSULE Ecru,_EC,Ecru,Apparel,Shorts,Knit,Polyamide; Viscose,,,17.99,/242/64/224054_EC_1,224054_EC_1.jpg,none,,,,,
224124_BM,224124,Dress MA Bright Multicolor,_BM,Bright Multicolor,Apparel,Dress,Circular,Polyamide; Viscose,,,32.99,/242/64/224124_BM_1,224124_BM_1.jpg,none,,,,,
224129_EC,224129,T-shirt 00 Ecru,_EC,Ecru,Apparel,T-shirt,Circular,Polyamide; Elastane; Viscose,,Viscose,25.99,/242/64/224129_EC_1,224129_EC_1.jpg,none,,,,,
224129_NV,224129,T-shirt 00 Navy,_NV,Navy,Apparel,T-shirt,Circular,Viscose; Polyamide; Elastane,,Viscose,25.99,/242/64/224129_NV_1,224129_NV_1.jpg,none,,,,,
224140_BM,224140,Dress TRENDY Bright Multicolor,_BM,Bright Multicolor,Apparel,Dress,Woven,Polyester,,,39.99,/242/64/224140_BM_1,224140_BM_1.jpg,none,,,,,
224221_WT,224221,Skirt BRIDAL CAPSULE White,_WT,White,Apparel,Skirt,Woven,Polyester; Polyamide; Elastane,,,29.99,/242/64/224221_WT_1,224221_WT_1.jpg,none,,,,,
224236_GN,224236,Trousers TRENDY Green,_GN,Green,Apparel,Trousers,Woven,Cotton,,,32.99,/242/64/224236_GN_1,224236_GN_1.jpg,none,,,,,
224287_BM,224287,Bikini TRENDY Bright Multicolor,_BM,Bright Multicolor,Apparel,Bikini,Circular,Polyester; Elastane; Elastane; Polyester,,,27.99,/242/64/224287_BM_1,224287_BM_1.jpg,none,,,,,
224326_BM,224326,Raincoat cindy Bright Multicolor,_BM,Bright Multicolor,Apparel,Raincoat,Woven,Polyester,,Polyester,49.99,/242/64/224326_BM_1,224326_BM_1.jpg,none,,,,,
224418_BK,224418,Trousers OU Black,_BK,Black,Apparel,Trousers,Woven,Wool; Polyester; Viscose; Elastane; Lyocell; elastomultiéster; Polyester; Polyester,,,35.99,/242/64/224418_BK_1,224418_BK_1.jpg,none,,,,,
224418_EC,224418,Trousers OU Ecru,_EC,Ecru,Apparel,Trousers,Woven,Polyester; Wool; Viscose; Elastane; Lyocell; elastomultiéster; Polyester; Polyester,,,35.99,/242/64/224418_EC_1,224418_EC_1.jpg,none,,,,,
224442_BM,224442,Dress KAT Bright Multicolor,_BM,Bright Multicolor,Apparel,Dress,Circular,Elastane; Polyamide; Viscose,,,27.99,/242/64/224442_BM_1,224442_BM_1.jpg,none,,,,,
224442_BU,224442,Dress BB Burgundy,_BU,Burgundy,Apparel,Dress,Circular,Polyamide; Viscose,,,27.99,/242/64/224442_BU_1,224442_BU_1.jpg,none,,,,,
224442_DM,224442,Dress TRENDY Dark Multicolor,_DM,Dark Multicolor,Apparel,Dress,Circular,Viscose; Polyamide,,Viscose,27.99,/242/64/224442_DM_1,224442_DM_1.jpg,none,,,,,
224442_NM,224442,Dress BB Neutral Multicolor,_NM,Neutral Multicolor,Apparel,Dress,Circular,Viscose; Polyamide,,,27.99,/242/64/224442_NM_1,224442_NM_1.jpg,none,,,,,
224444_EC,224444,T-shirt TT Ecru,_EC,Ecru,Apparel,T-shirt,Circular,Polyester; Modal,,Modal,19.99,/242/64/224444_EC_1,224444_EC_1.jpg,none,,,,,
224451_BM,224451,Coat 22 Bright Multicolor,_BM,Bright Multicolor,Apparel,Coat,Woven,Polyester; Polyester,,Polyester,89.99,/242/64/224451_BM_1,224451_BM_1.jpg,none,,,,,
224471_BK,224471,Dress TRENDY Black,_BK,Black,Apparel,Dress,Woven,Cotton,,,32.99,/242/64/224471_BK_1,224471_BK_1.jpg,none,,,,,
224471_YL,224471,Dress TRENDY Yellow,_YL,Yellow,Apparel,Dress,Woven,Cotton,,,32.99,/242/64/224471_YL_1,224471_YL_1.jpg,none,,,,,
224491_GN,224491,Trousers TT Green,_GN,Green,Apparel,Trousers,Circular,Cotton,,Cotton,29.99,/242/64/224491_GN_1,224491_GN_1.jpg,none,,,,,
224693_EC,224693,Sweatshirt B4 Ecru,_EC,Ecru,Apparel,Sweatshirt,Circular,Elastane; Polyester; Cotton; Viscose,,,32.99,/242/64/224693_EC_1,224693_EC_1.jpg,none,,,,,
224737_BM,224737,Jeans 33 Bright Multicolor,_BM,Bright Multicolor,Apparel,Jeans,Woven,Elastane; Cotton,,,42.99,/242/64/224737_BM_1,224737_BM_1.jpg,none,,,,,
224781_BG,224781,Trousers RB Beige,_BG,Beige,Apparel,Trousers,Woven,Viscose; Lyocell,,,39.99,/242/64/224781_BG_1,224781_BG_1.jpg,none,,,,,
224781_BK,224781,Trousers RB Black,_BK,Black,Apparel,Trousers,Woven,Lyocell; Viscose,,,39.99,/242/64/224781_BK_1,224781_BK_1.jpg,none,,,,,
224848_BK,224848,T-shirt BB Black,_BK,Black,Apparel,T-shirt,Circular,Viscose; Elastane,,Viscose,19.99,/242/64/224848_BK_1,224848_BK_1.jpg,none,,,,,
224848_WT,224848,T-shirt BB White,_WT,White,Apparel,T-shirt,Circular,Elastane; Viscose,,Viscose,19.99,/242/64/224848_WT_1,224848_WT_1.jpg,none,,,,,
224859_BL,224859,Sweatshirt BETS Blue,_BL,Blue,Apparel,Sweatshirt,Circular,Polyester; Elastane; Modal,,,29.99,/242/64/224859_BL_1,224859_BL_1.jpg,none,,,,,
224859_BN,224859,Sweatshirt SCUBA Brown,_BN,Brown,Apparel,Sweatshirt,Circular,Polyester; Elastane; Modal,,,29.99,/242/64/224859_BN_1,224859_BN_1.jpg,none,,,,,
224859_NV,224859,Sweatshirt SCUBA Navy,_NV,Navy,Apparel,Sweatshirt,Circular,Modal; Polyester; Elastane,,,29.99,/242/64/224859_NV_1,224859_NV_1.jpg,none,,,,,
224859_RD,224859,Sweatshirt BETS Red,_RD,Red,Apparel,Sweatshirt,Circular,Polyester; Modal; Elastane,,,29.99,/242/64/224859_RD_1,224859_RD_1.jpg,none,,,,,
224859_SA,224859,Sweatshirt SCUBA Salmon,_SA,Salmon,Apparel,Sweatshirt,Circular,Polyester; Modal; Elastane,,Modal,29.99,/242/64/224859_SA_1,224859_SA_1.jpg,none,,,,,
224859_WT,224859,Sweatshirt SCUBA White,_WT,White,Apparel,Sweatshirt,Circular,Polyester; Modal; Elastane,,,29.99,/242/64/224859_WT_1,224859_WT_1.jpg,none,,,,,
224870_BM,224870,Dress TU Bright Multicolor,_BM,Bright Multicolor,Apparel,Dress,Woven,Cotton,,,42.99,/242/64/224870_BM_1,224870_BM_1.jpg,none,,,,,
224880_GN,224880,Jeans KAT Green,_GN,Green,Apparel,Jeans,Woven,Cotton,,,39.99,/242/64/224880_GN_1,224880_GN_1.jpg,none,,,,,
224894_BK,224894,Raincoat BETS Black,_BK,Black,Apparel,Raincoat,Woven,Polyester; Polyamide; Cotton,,Cotton,49.99,/242/64/224894_BK_1,224894_BK_1.jpg,none,,,,,
224894_BM,224894,Raincoat BETS Bright Multicolor,_BM,Bright Multicolor,Apparel,Raincoat,Woven,Polyamide; Cotton; Polyester,,Cotton,49.99,/242/64/224894_BM_1,224894_BM_1.jpg,none,,,,,
224901_BU,224901,Trousers P1 SET Burgundy,_BU,Burgundy,Apparel,Trousers,Woven,Lyocell,,Lyocell,29.99,/242/64/224901_BU_1,224901_BU_1.jpg,none,,,,,
224918_BM,224918,Coat T1 ESSENTIALS Bright Multicolor,_BM,Bright Multicolor,Apparel,Coat,Woven,Polyester,,Polyester,69.99,/242/64/224918_BM_1,224918_BM_1.jpg,none,,,,,
224922_BK,224922,T-shirt T1 ESSENTIALS Black,_BK,Black,Apparel,T-shirt,Circular,Viscose; Polyester; Elastane,,Viscose,19.99,/242/64/224922_BK_1,224922_BK_1.jpg,none,,,,,
224922_WT,224922,T-shirt T1 ESSENTIALS White,_WT,White,Apparel,T-shirt,Circular,Elastane; Viscose; Polyester,,Viscose,19.99,/242/64/224922_WT_1,224922_WT_1.jpg,none,,,,,
224943_LM,224943,Trousers SCUBA Lime,_LM,Lime,Apparel,Trousers,Circular,Modal; Polyester; Elastane,,,27.99,/242/64/224943_LM_1,224943_LM_1.jpg,none,,,,,
224943_WT,224943,Trousers SCUBA White,_WT,White,Apparel,Trousers,Circular,Elastane; Modal; Polyester,,,27.99,/242/64/224943_WT_1,224943_WT_1.jpg,none,,,,,
224954_GY,224954,Cardigan JJ Grey,_GY,Grey,Apparel,Cardigan,Knit,Viscose; Linen; Polyester,,Viscose,23.99,/242/64/224954_GY_1,224954_GY_1.jpg,none,,,,,
224954_WT,224954,Cardigan JJ White,_WT,White,Apparel,Cardigan,Knit,Viscose; Polyester; Linen,,Viscose,23.99,/242/64/224954_WT_1,224954_WT_1.jpg,none,,,,,
224954_YL,224954,Cardigan JJ Yellow,_YL,Yellow,Apparel,Cardigan,Knit,Viscose; Polyester; Linen,,Viscose,23.99,/242/64/224954_YL_1,224954_YL_1.jpg,none,,,,,
224955_BN,224955,Vest JJ Brown,_BN,Brown,Apparel,Vest,Knit,Viscose; Polyester,,Viscose,19.99,/242/64/224955_BN_1,224955_BN_1.jpg,none,,,,,
224955_KK,224955,Vest JJ Khaki,_KK,Khaki,Apparel,Vest,Knit,Polyester; Viscose,,Viscose,19.99,/242/64/224955_KK_1,224955_KK_1.jpg,none,,,,,
225059_BL,225059,Dress TRENDY Blue,_BL,Blue,Apparel,Dress,Knit,Viscose; Polyamide,,Viscose,32.99,/242/64/225059_BL_1,225059_BL_1.jpg,none,,,,,
225059_BN,225059,Dress TRENDY Brown,_BN,Brown,Apparel,Dress,Knit,Viscose; Polyamide,,Viscose,32.99,/242/64/225059_BN_1,225059_BN_1.jpg,none,,,,,
204306_BG,204306,Trainer Shoes RUNNING BEIGE Beige,_BG,Beige,Footwear,Trainers,Textile,Polyester; Polyester; Polyester; Polyurethane; Rubber,,,29.99,/241/53/204306_BG_1,204306_BG_1.jpg,none,,,,,
206792_BK,206792,High Heel Sandals BLACK BASIC SANDAL Black,_BK,Black,Footwear,High Heel Sandals,PU,Polyester; Polyester; Polyurethane; Polyurethane; Rubber,,,25.99,/232/53/206792_BK_1,206792_BK_1.jpg,none,,,,,
207972_DM,207972,Ballerinas NYLON PRINT Dark Multicolor,_DM,Dark Multicolor,Footwear,Ballerinas,PU,Polyester; Polyester; Polyurethane; Polyurethane; Rubber,,,25.99,/232/53/207972_DM_1,207972_DM_1.jpg,none,,,,,
207972_NU,207972,Ballerinas ELASTIC BALLERINA Nude,_NU,Nude,Footwear,Ballerinas,PU,Polyurethane; Polyurethane; Polyurethane; Rubber; Polyester,,,25.99,/232/53/207972_NU_1,207972_NU_1.jpg,none,,,,,
207972_PK,207972,Ballerinas ELASTIC BALLERINA Pink,_PK,Pink,Footwear,Ballerinas,PU,Polyurethane; Rubber; Polyester; Polyurethane; Polyurethane,,,25.99,/232/53/207972_PK_1y,207972_PK_1y.jpg,none,,,,,
207972_YL,207972,Ballerinas ELASTIC BALLERINA Yellow,_YL,Yellow,Footwear,Ballerinas,PU,Polyester; Polyurethane; Polyurethane; Polyurethane; Rubber,,,25.99,/232/53/207972_YL_1,207972_YL_1.jpg,none,,,,,
207994_BK,207994,Flat Sandals TUBULAR LACE-UP SANDAL Black,_BK,Black,Footwear,Flat Sandals,PU,Polyurethane; Polyurethane; Polyurethane; Rubber,,,22.99,/232/53/207994_BK_1,207994_BK_1.jpg,none,,,,,
2080511OR,208051,Flat Sandals SANDAL KNOT ORANGE Orange,1OR,Orange,Footwear,Flat Sandals,PU,Polyurethane; Polyurethane; Polyurethane; Rubber,,,25.99,/232/53/2080511OR_2y,2080511OR_2y.jpg,none,,,,,
208051_OW,208051,Flat Sandals SANDAL KNOT OFF WHITE Off White,_OW,Off White,Footwear,Flat Sandals,PU,Polyurethane; Polyurethane; Polyurethane; Rubber,,,25.99,/232/53/208051_OW_1,208051_OW_1.jpg,none,,,,,
208621_BK,208621,High Heel Sandals TRICOLOR SANDAL Black,_BK,Black,Footwear,High Heel Sandals,PU,Polyurethane; Polyurethane; Polyurethane; Rubber,,,35.99,/232/53/208621_BK_1,208621_BK_1.jpg,none,,,,,
208621_MM,208621,High Heel Sandals PARTY TRICOLOR SANDAL Metallic Multicolor,_MM,Metallic Multicolor,Footwear,High Heel Sandals,PU,Polyurethane; Polyurethane; Polyurethane; Rubber,,,35.99,/232/53/208621_MM_1,208621_MM_1.jpg,none,,,,,
2089811OW,208981,High Heel Sandals OFF WHITE MULE SANDAL Off White,1OW,Off White,Footwear,High Heel Sandals,PU,Polyurethane; Polyurethane; Polyurethane; Rubber,,,39.99,/232/53/2089811OW_1,2089811OW_1.jpg,none,,,,,
210079_BG,210079,Trainer Shoes RUNNING NYLON BEIGE Beige,_BG,Beige,Footwear,Trainers,Textile,Polyester; Polyester; Polyester; Polyurethane; Rubber,,,29.99,/232/53/210079_BG_1,210079_BG_1.jpg,none,,,,,
210079_KK,210079,Trainer Shoes RUNNING NYLON KHAKI Khaki,_KK,Khaki,Footwear,Trainers,Textile,Polyester; Polyester; Polyester; Polyurethane; Rubber,,,29.99,/232/53/210079_KK_1,210079_KK_1.jpg,none,,,,,
210455_SV,210455,Boots COWBOY SILVER Silver,_SV,Silver,Footwear,Boots,PU,Polyester; Polyester; Polyurethane; Polyurethane; Polyurethane; Rubber,,,49.99,/232/53/210455_SV_1,210455_SV_1.jpg,none,,,,,
2104561BK,210456,Boots COWBOY PATCHWORK Black,1BK,Black,Footwear,Boots,PU,Polyester; Polyurethane; Polyurethane; Polyurethane; Rubber,,,55.99,/232/53/2104561BK_1,2104561BK_1.jpg,none,,,,,
210456_BK,210456,Boots COWBOY PATCHWORK Black,_BK,Black,Footwear,Boots,PU,Polyester; Polyurethane; Polyurethane; Polyurethane; Rubber,,,55.99,/232/53/210456_BK_1,210456_BK_1.jpg,none,,,,,
210639_BK,210639,Ballerinas BALLERINA MARY-JANE BLACK Black,_BK,Black,Footwear,Ballerinas,PU,Polyester; Polyurethane; Polyurethane; Polyurethane; Rubber,,,25.99,/232/53/210639_BK_1,210639_BK_1.jpg,none,,,,,
210639_NU,210639,Ballerinas BALLERINA MARY-JANE NUDE Nude,_NU,Nude,Footwear,Ballerinas,PU,Rubber; Polyester; Polyurethane; Polyurethane; Polyurethane,,,25.99,/232/53/210639_NU_1,210639_NU_1.jpg,none,,,,,
210639_SV,210639,Ballerinas BALLERINA MARY-JANE SILVE Silver,_SV,Silver,Footwear,Ballerinas,PU,Polyester; Polyurethane; Polyurethane; Polyurethane; Rubber,,,25.99,/232/53/210639_SV_1,210639_SV_1.jpg,none,,,,,
210648_LD,210648,Ballerinas LEATHER BALLERINA LIGHT G Light Gold,_LD,Light Gold,Footwear,Ballerinas,Leather,Cow Leather; Polyester; Polyurethane; Polyurethane; Rubber,,,39.99,/232/53/210648_LD_1,210648_LD_1.jpg,none,,,,,
210714_BK,210714,Ankle Boots BASIC ANKLE BOOT BLACK Black,_BK,Black,Footwear,Ankle Boots,Textile,Polyester; Polyester; Polyurethane; Polyurethane; Rubber,,,35.99,/232/53/210714_BK_1,210714_BK_1.jpg,none,,,,,
210787_BK,210787,High Heel Shoes SLINGBACK KITTEN BLACK Black,_BK,Black,Footwear,High Heel Shoes,PU,Polyester; Polyurethane; Polyurethane; Rubber,,,29.99,/232/53/210787_BK_1,210787_BK_1.jpg,none,,,,,
211312_GY,211312,Trainer Shoes TRAINER GREY Grey,_GY,Grey,Footwear,Trainers,Textile,Polyester; Polyester; Polyester; Polyurethane; Rubber,,,39.99,/232/53/211312_GY_1,211312_GY_1.jpg,none,,,,,
211452_BK,211452,Ankle Boots FLYKNIT BASIC ANKLE BOOT Black,_BK,Black,Footwear,Ankle Boots,Textile,Polyester; Polyester; Polyurethane; Polyurethane; Rubber,,,35.99,/232/53/211452_BK_1,211452_BK_1.jpg,none,,,,,
211793_BK,211793,Ballerinas POINTED BALLERINA W EYELE Black,_BK,Black,Footwear,Ballerinas,PU,Polyester; Polyurethane; Polyurethane; Polyurethane; Rubber,,,35.99,/232/53/211793_BK_1,211793_BK_1.jpg,none,,,,,
211793_OW,211793,Ballerinas POINTED BALLERINA W EYELE Off White,_OW,Off White,Footwear,Ballerinas,PU,Polyester; Polyurethane; Polyurethane; Polyurethane; Rubber,,,35.99,/232/53/211793_OW_1,211793_OW_1.jpg,none,,,,,
212052_TU,212052,Boots TAUPE LEATHER BOOT Taupe,_TU,Taupe,Footwear,Boots,Leather,Cow Leather; Cow Leather; Cow Suede Leather; Rubber,,,119.99,/232/53/212052_TU_1,212052_TU_1.jpg,none,,,,,
212093_BK,212093,Ballerinas BLACK STUDS BALLERINA Black,_BK,Black,Footwear,Ballerinas,PU,Polyester; Polyurethane; Polyurethane; Polyurethane; Rubber,,,32.99,/232/53/212093_BK_1,212093_BK_1.jpg,none,,,,,
212093_OW,212093,Ballerinas OFF WHITE STUDS BALLERINA Off White,_OW,Off White,Footwear,Ballerinas,PU,Polyester; Polyurethane; Polyurethane; Polyurethane; Rubber,,,32.99,/232/53/212093_OW_1,212093_OW_1.jpg,none,,,,,
212694_TU,212694,Trainer Shoes RUNNING TAUPE&WHITE Taupe,_TU,Taupe,Footwear,Trainers,Textile,Polyester; Polyester; Polyester; Polyurethane; Rubber,,,35.99,/232/53/212694_TU_1,212694_TU_1.jpg,none,,,,,
214057_BG,214057,Ankle Boots LADY ANKLE BOOT SNAKE Beige,_BG,Beige,Footwear,Ankle Boots,PU,Polyester; Polyurethane; Polyurethane; Polyurethane; Rubber,,,39.99,/232/53/214057_BG_2y,214057_BG_2y.jpg,none,,,,,
214492_BK,214492,Ankle Boots ANKLE BOOT ELASTIC PU Black,_BK,Black,Footwear,Ankle Boots,PU,Polyester; Polyurethane; Polyurethane; Polyurethane; Rubber,,,39.99,/241/53/214492_BK_1,214492_BK_1.jpg,none,,,,,
214500_DM,214500,Trainer Shoes COLORED RUNNING Dark Multicolor,_DM,Dark Multicolor,Footwear,Trainers,Textile,Polyester; Polyester; Polyester; Polyurethane; Rubber,,,39.99,/241/53/214500_DM_1,214500_DM_1.jpg,none,,,,,
214500_GY,214500,Trainer Shoes COLORED RUNNING Grey,_GY,Grey,Footwear,Trainers,Textile,Polyester; Polyester; Polyester; Polyurethane; Rubber,,,39.99,/241/53/214500_GY_1,214500_GY_1.jpg,none,,,,,
215337_BK,215337,Trainer Shoes RUNNING BLACK Black,_BK,Black,Footwear,Trainers,PU,Polyester; Polyester; Polyester; Polyurethane; Rubber,,,35.99,/241/53/215337_BK_1,215337_BK_1.jpg,none,,,,,
215567_BK,215567,Boots BASIC HIGH BOOT Black,_BK,Black,Footwear,Boots,PU,Polyester; Polyurethane; Polyurethane; Polyurethane; Rubber,,,59.99,/232/53/215567_BK_1,215567_BK_1.jpg,none,,,,,
215986_BG,215986,Ankle Boots BEIGE LEATHER BOOT Beige,_BG,Beige,Footwear,Ankle Boots,Leather,Cow Suede Leather; Polyester; Polyester; Polyurethane; Polyurethane; Rubber,,,55.99,/241/53/215986_BG_1,215986_BG_1.jpg,none,,,,,
216080_BK,216080,Ankle Boots FAKE SUEDE ANKLE BOOT Black,_BK,Black,Footwear,Ankle Boots,Textile,Polyester; Polyester; Polyurethane; Polyurethane; Rubber,,,39.99,/241/53/216080_BK_1,216080_BK_1.jpg,none,,,,,
217144_BK,217144,High Heel Shoes SOCA Black,_BK,Black,Footwear,High Heel Shoes,PU,Polyester; Polyurethane; Polyurethane; Polyurethane; Rubber,,,35.99,/241/53/217144_BK_1,217144_BK_1.jpg,none,,,,,
217187_BG,217187,Trainer Shoes RUNNING NYLON BEIGE Beige,_BG,Beige,Footwear,Trainers,PU,Polyester; Polyester; Polyester; Polyurethane; Rubber,,,32.99,/241/53/217187_BG_1,217187_BG_1.jpg,none,,,,,
217187_BK,217187,Trainer Shoes NYLON BLACK Black,_BK,Black,Footwear,Trainers,PU,Polyester; Polyester; Polyester; Polyurethane; Rubber,,,32.99,/241/53/217187_BK_1,217187_BK_1.jpg,none,,,,,
217235_GD,217235,Flat Heel Shoes EMAN Gold,_GD,Gold,Footwear,Flat Shoes,Flat Heel,Polyester; Polyester; Polyurethane; Polyurethane; Polyurethane; Rubber,,,29.99,/241/53/217235_GD_1,217235_GD_1.jpg,none,,,,,
218023_WT,218023,Trainer Shoes TRAINER WHITE White,_WT,White,Footwear,Trainers,PU,Polyester; Polyester; Polyester; Polyurethane; Rubber,,,39.99,/241/53/218023_WT_1,218023_WT_1.jpg,none,,,,,
218047_GD,218047,High Heel Sandals GOLD HEEL SANDAL Gold,_GD,Gold,Footwear,High Heel Sandals,Textile,Polyester; Polyurethane; Polyurethane; Rubber,,,29.99,/241/53/218047_GD_1,218047_GD_1.jpg,none,,,,,
218047_SV,218047,High Heel Sandals SILVER PARTY SANDAL Silver,_SV,Silver,Footwear,High Heel Sandals,Textile,Polyester; Polyurethane; Polyurethane; Rubber,,,29.99,/242/53/218047_SV_1,218047_SV_1.jpg,none,,,,,
218051_BK,218051,Flat Shoes JUTE BICOLOR Black,_BK,Black,Footwear,Flat Shoes,Textile,Cotton; Cotton; Linen; Polyester; Polyurethane; Polyurethane; Polyurethane; Rubber; Jute,,,23.99,/241/53/218051_BK_1,218051_BK_1.jpg,none,,,,,
218186_EC,218186,High Heel Sandals ROPE WEDGE SANDAL Ecru,_EC,Ecru,Footwear,High Heel Sandals,PU,Polyurethane; Rubber; Cotton; Cotton; Linen; Linen; Polyester; Polyester; Polyurethane; Polyurethane,,,35.99,/241/53/218186_EC_1,218186_EC_1.jpg,none,,,,,
218223_BG,218223,Flat Shoes SOCA LEATHER Beige,_BG,Beige,Footwear,Flat Shoes,Leather,Cow Suede Leather; Polyester; Polyester; Polyurethane; Rubber,,,45.99,/241/53/218223_BG_1,218223_BG_1.jpg,none,,,,,
218223_GY,218223,Flat Shoes SOCA LEATHER Grey,_GY,Grey,Footwear,Flat Shoes,Leather,Cow Suede Leather; Polyester; Polyester; Polyurethane; Rubber,,,45.99,/241/53/218223_GY_1,218223_GY_1.jpg,none,,,,,
218284_BK,218284,Flat Sandals CANGREJERA Black,_BK,Black,Footwear,Flat Sandals,PU,Polyurethane; Polyurethane; Polyurethane; Rubber,,,32.99,/241/53/218284_BK_1,218284_BK_1.jpg,none,,,,,
218284_OR,218284,Flat Sandals CANGREJERA Orange,_OR,Orange,Footwear,Flat Sandals,PU,Polyurethane; Polyurethane; Polyurethane; Rubber,,,32.99,/241/53/218284_OR_1,218284_OR_1.jpg,none,,,,,
218291_EC,218291,Ballerinas BALLERINA MARY-JANE BICOL Ecru,_EC,Ecru,Footwear,Ballerinas,PU,Polyurethane; Polyurethane; Rubber; Polyester; Polyurethane,,,25.99,/241/53/218291_EC_1,218291_EC_1.jpg,none,,,,,
218622_GD,218622,Flat Sandals CANGREJERA Gold,_GD,Gold,Footwear,Flat Sandals,PU,Polyurethane; Polyurethane; Polyurethane; Rubber,,,25.99,/241/53/218622_GD_1,218622_GD_1.jpg,none,,,,,
218626_BK,218626,Flat Sandals LEATHER SANDAL Black,_BK,Black,Footwear,Flat Sandals,Leather,Cow Leather; Cow Leather; Polyurethane; Polyurethane; Thermoplastic Polyurethane; Thermoplastic Polyurethane,,,29.99,/242/53/218626_BK_1,218626_BK_1.jpg,none,,,,,
218626_CA,218626,Flat Sandals LEATHER SANDAL Camel,_CA,Camel,Footwear,Flat Sandals,Leather,Cow Leather; Cow Leather; Polyurethane; Polyurethane; Thermoplastic Polyurethane; Thermoplastic Polyurethane,,,29.99,/242/53/218626_CA_1,218626_CA_1.jpg,none,,,,,
218626_GD,218626,Flat Sandals LEATHER SANDAL Gold,_GD,Gold,Footwear,Flat Sandals,Leather,Cow Leather; Cow Leather; Polyurethane; Polyurethane; Thermoplastic Polyurethane; Thermoplastic Polyurethane,,,29.99,/241/53/218626_GD_1,218626_GD_1.jpg,none,,,,,
218626_OW,218626,Flat Sandals LEATHER SANDAL Off White,_OW,Off White,Footwear,Flat Sandals,Leather,Polyurethane; Polyurethane; Thermoplastic Polyurethane; Thermoplastic Polyurethane; Cow Leather; Cow Leather,,,29.99,/242/53/218626_OW_1,218626_OW_1.jpg,none,,,,,
218676_BK,218676,Trainer Shoes NYLON BLACK Black,_BK,Black,Footwear,Trainers,Textile,Polyester; Polyester; Polyester; Polyurethane; Rubber,,,32.99,/241/53/218676_BK_1,218676_BK_1.jpg,none,,,,,
218676_GY,218676,Trainer Shoes NYLON GREY Grey,_GY,Grey,Footwear,Trainers,Textile,Polyurethane; Rubber; Polyester; Polyester; Polyester,,,32.99,/241/53/218676_GY_1,218676_GY_1.jpg,none,,,,,
218676_KK,218676,Trainer Shoes NYLON KHAKI Khaki,_KK,Khaki,Footwear,Trainers,Textile,Polyester; Polyester; Polyester; Polyurethane; Rubber,,,32.99,/241/53/218676_KK_1,218676_KK_1.jpg,none,,,,,
218688_BG,218688,Flat Sandals LEATHER TWO-BUCKLES SANDA Beige,_BG,Beige,Footwear,Flat Sandals,Leather,Cow Suede Leather; Polyester; Polyester; Rubber,,,35.99,/241/53/218688_BG_1,218688_BG_1.jpg,none,,,,,
218688_GY,218688,Flat Sandals LEATHER TWO-BUCKLES SANDA Grey,_GY,Grey,Footwear,Flat Sandals,Leather,Cow Suede Leather; Polyester; Polyester; Rubber,,,35.99,/241/53/218688_GY_1,218688_GY_1.jpg,none,,,,,
219433_CA,219433,High Heel Sandals BASIC HEEL SANDAL CAMEL Camel,_CA,Camel,Footwear,High Heel Sandals,PU,Polyurethane; Polyurethane; Polyurethane; Rubber,,,29.99,/242/53/219433_CA_1,219433_CA_1.jpg,none,,,,,
219698_BK,219698,Flat Sandals SANDAL RING Black,_BK,Black,Footwear,Flat Sandals,PU,Polyurethane; Polyurethane; Polyurethane; Rubber,,,32.99,/241/53/219698_BK_1,219698_BK_1.jpg,none,,,,,
219753_BK,219753,High Heel Sandals SANDAL BUCKLES Black,_BK,Black,Footwear,High Heel Sandals,PU,Polyurethane; Polyurethane; Polyurethane; Rubber,,,32.99,/242/53/219753_BK_1,219753_BK_1.jpg,none,,,,,
219753_SV,219753,High Heel Sandals SANDAL BUCKLES Silver,_SV,Silver,Footwear,High Heel Sandals,PU,Polyurethane; Polyurethane; Polyurethane; Rubber,,,32.99,/242/53/219753_SV_1,219753_SV_1.jpg,none,,,,,
219945_BK,219945,Flat Sandals SANDAL EYELETS Black,_BK,Black,Footwear,Flat Sandals,PU,Polyurethane; Polyurethane; Polyurethane; Rubber,,,29.99,/241/53/219945_BK_1,219945_BK_1.jpg,none,,,,,
220211_BL,220211,Trainer Shoes TRAINER BLUE Blue,_BL,Blue,Footwear,Trainers,Textile,Polyester; Polyester; Polyester; Polyurethane; Rubber,,,35.99,/241/53/220211_BL_1,220211_BL_1.jpg,none,,,,,
220211_KK,220211,Trainer Shoes TRAINER KHAKI Khaki,_KK,Khaki,Footwear,Trainers,Textile,Polyester; Polyester; Polyester; Polyurethane; Rubber,,,35.99,/241/53/220211_KK_1,220211_KK_1.jpg,none,,,,,
220568_BG,220568,Flat Sandals TWO-BUCKLES FLAT SANDAL Beige,_BG,Beige,Footwear,Flat Sandals,PU,Polyester; Polyester; Polyurethane; Rubber,,,32.99,/242/53/220568_BG_1,220568_BG_1.jpg,none,,,,,
220568_LK,220568,Flat Sandals TWO-BUCKLES FLAT SANDAL Light Pink,_LK,Light Pink,Footwear,Flat Sandals,PU,Polyester; Polyester; Polyurethane; Rubber,,,32.99,/242/53/220568_LK_1,220568_LK_1.jpg,none,,,,,
220583_BG,220583,Flat Sandals NATURAL FLAT SANDAL Beige,_BG,Beige,Footwear,Flat Sandals,Textile,Polyester; Polyester; Thermoplastic Polyurethane; Thermoplastic Polyurethane; Thermoplastic Polyurethane,,,25.99,/242/53/220583_BG_1,220583_BG_1.jpg,none,,,,,
220760_CA,220760,High Heel Sandals SANDAL HEEL Camel,_CA,Camel,Footwear,High Heel Sandals,PU,Polyurethane; Polyurethane; Polyurethane; Rubber,,,39.99,/242/53/220760_CA_1,220760_CA_1.jpg,none,,,,,
221136_BG,221136,Flat Shoes MULE JUTE Beige,_BG,Beige,Footwear,Flat Shoes,PU,Cotton; Cotton; Polyurethane; Polyurethane; Polyurethane; Rubber; Jute,,,29.99,/242/53/221136_BG_1,221136_BG_1.jpg,none,,,,,
221623_NU,221623,Flat Shoes RUBBER SANDAL Nude,_NU,Nude,Footwear,Flat Shoes,Rubber,Polyurethane; Polyurethane; Policloroeteno (pvc); Policloroeteno (pvc); Policloroeteno (pvc),,,19.99,/242/53/221623_NU_1,221623_NU_1.jpg,none,,,,,
221623_RD,221623,Flat Shoes RUBBER SANDAL Red,_RD,Red,Footwear,Flat Shoes,Rubber,Policloroeteno (pvc); Polyurethane; Polyurethane; Policloroeteno (pvc); Policloroeteno (pvc),,,19.99,/242/53/221623_RD_1,221623_RD_1.jpg,none,,,,,
221623_SV,221623,Flat Shoes RUBBER SANDAL Silver,_SV,Silver,Footwear,Flat Shoes,Rubber,Polyurethane; Polyurethane; Policloroeteno (pvc); Policloroeteno (pvc); Policloroeteno (pvc),,,19.99,/242/53/221623_SV_1,221623_SV_1.jpg,none,,,,,
222389_PM,222389,Trainer Shoes TRAINER COLORS SOFT Pastel Multicolor,_PM,Pastel Multicolor,Footwear,Trainers,Textile,Polyester; Polyester; Polyester; Polyurethane; Thermoplastic Rubber,,,35.99,/242/53/222389_PM_1,222389_PM_1.jpg,none,,,,,
222395_BK,222395,Flat Sandals BEADS FLAT SANDAL Black,_BK,Black,Footwear,Flat Sandals,Textile,Polypropylene; Polypropylene; Polyurethane; Polyurethane; Polyurethane; Thermoplastic Polyurethane; Thermoplastic Polyurethane,,,29.99,/242/53/222395_BK_1,222395_BK_1.jpg,none,,,,,
222395_EC,222395,Flat Sandals BEADS FLAT SANDAL Ecru,_EC,Ecru,Footwear,Flat Sandals,Textile,Polypropylene; Polypropylene; Polyurethane; Polyurethane; Polyurethane; Thermoplastic Polyurethane; Thermoplastic Polyurethane,,,29.99,/242/53/222395_EC_1,222395_EC_1.jpg,none,,,,,
222482_BK,222482,Flat Shoes POINTED BALLERINA EYELETS Black,_BK,Black,Footwear,Flat Shoes,PU,Polyester; Polyurethane; Polyurethane; Polyurethane; Rubber,,,35.99,/242/53/222482_BK_1,222482_BK_1.jpg,none,,,,,
222482_EC,222482,Flat Shoes POINTED BALLERINA EYELETS Ecru,_EC,Ecru,Footwear,Flat Shoes,PU,Polyester; Polyurethane; Polyurethane; Polyurethane; Rubber,,,35.99,/242/53/222482_EC_1,222482_EC_1.jpg,none,,,,,
222702_TU,222702,Ballerinas STUDS LEATHER BALLERINA Taupe,_TU,Taupe,Footwear,Ballerinas,Leather,Cow Suede Leather; Polyester; Polyurethane; Polyurethane; Rubber,,,49.99,/242/53/222702_TU_1,222702_TU_1.jpg,none,,,,,
222827_NU,222827,Ballerinas FLOWER BALLERINA Nude,_NU,Nude,Footwear,Ballerinas,PU,Polyester; Polyurethane; Polyurethane; Polyurethane; Thermoplastic Polyurethane,,,29.99,/242/53/222827_NU_1,222827_NU_1.jpg,none,,,,,
222837_GD,222837,Ballerinas SLINGBACK LEATHER Gold,_GD,Gold,Footwear,Ballerinas,Leather,Cow Leather; Polyester; Polyurethane; Polyurethane; Thermoplastic Polyurethane,,,35.99,/242/53/222837_GD_1,222837_GD_1.jpg,none,,,,,
222837_RD,222837,Ballerinas SLINGBACK LEATHER Red,_RD,Red,Footwear,Ballerinas,Leather,Thermoplastic Polyurethane; Cow Leather; Polyester; Polyurethane; Polyurethane,,,35.99,/242/53/222837_RD_1,222837_RD_1.jpg,none,,,,,
222929_GD,222929,Flat Shoes LEATHER MOCASSIN Gold,_GD,Gold,Footwear,Flat Shoes,Leather,Cow Leather; Cow Leather; Polyester; Polyurethane; Polyurethane; Rubber,,,45.99,/242/53/222929_GD_1,222929_GD_1.jpg,none,,,,,
223555_BK,223555,Ballerinas BALLERINA MARY-JANE BLACK Black,_BK,Black,Footwear,Ballerinas,PU,Polyurethane; Polyurethane; Rubber; Polyester; Polyurethane,,,25.99,/242/53/223555_BK_1,223555_BK_1.jpg,none,,,,,
223555_EC,223555,Ballerinas BALLERINA MARY-JANE NUDE Ecru,_EC,Ecru,Footwear,Ballerinas,PU,Polyurethane; Polyurethane; Polyurethane; Polyester; Rubber,,,25.99,/242/53/223555_EC_1,223555_EC_1.jpg,none,,,,,
223633_BK,223633,High Heel Sandals BLACK WEDGE SANDAL Black,_BK,Black,Footwear,High Heel Sandals,PU,Polyurethane; Rubber; Polyurethane; Polyurethane,,,35.99,/242/53/223633_BK_1,223633_BK_1.jpg,none,,,,,
223659_DM,223659,Trainer Shoes LEOPARD SNEAKERS Dark Multicolor,_DM,Dark Multicolor,Footwear,Trainers,Leather,Horse Hair; Polyurethane; Polyester; Rubber; Polyester; Polyurethane; Cow Leather,,,49.99,/242/53/223659_DM_1,223659_DM_1.jpg,none,,,,,
223713_BK,223713,Ankle Boots ZIPPER ANKLE BOOT Black,_BK,Black,Footwear,Ankle Boots,PU,Polyurethane; Polyester; Rubber; Polyurethane; Polyurethane,,,39.99,/242/53/223713_BK_1,223713_BK_1.jpg,none,,,,,
223765_BG,223765,Boots LEATHER BOOT Beige,_BG,Beige,Footwear,Boots,Leather,Rubber; Polyurethane; Cow Suede Leather; Polyurethane; Polyester,,,99.99,/242/53/223765_BG_1,223765_BG_1.jpg,none,,,,,
223765_BN,223765,Boots LEATHER BOOT Brown,_BN,Brown,Footwear,Boots,Leather,Cow Suede Leather; Polyurethane; Polyurethane; Polyester; Rubber,,,99.99,/242/53/223765_BN_1,223765_BN_1.jpg,none,,,,,
223876_BK,223876,Boots BASIC HIGH BOOT Black,_BK,Black,Footwear,Boots,PU,Polyurethane; Polyester; Polyurethane; Rubber; Polyurethane; Polyester,,,59.99,/242/53/223876_BK_1,223876_BK_1.jpg,none,,,,,
224238_BK,224238,Trainer Shoes BLACK RUNNING Black,_BK,Black,Footwear,Trainers,PU,Polyester; Polyurethane; Polyester; Rubber,,,35.99,/242/53/224238_BK_1,224238_BK_1.jpg,none,,,,,
224238_OW,224238,Trainer Shoes WHITE RUNNING Off White,_OW,Off White,Footwear,Trainers,PU,Polyester; Rubber; Polyurethane; Polyester,,,35.99,/242/53/224238_OW_1,224238_OW_1.jpg,none,,,,,
224419_BK,224419,Trainer Shoes NYLON BLACK Black,_BK,Black,Footwear,Trainers,Textile,Polyester; Polyurethane; Polyester; Rubber,,,35.99,/242/53/224419_BK_1,224419_BK_1.jpg,none,,,,,
224419_GN,224419,Trainer Shoes NYLON GREEN Green,_GN,Green,Footwear,Trainers,Textile,Polyester; Polyurethane; Polyester; Rubber; Polyester,,,35.99,/242/53/224419_GN_1,224419_GN_1.jpg,none,,,,,
224419_OW,224419,Trainer Shoes NYLON OFF WHITE Off White,_OW,Off White,Footwear,Trainers,Textile,Polyester; Polyurethane; Rubber; Polyester,,,35.99,/242/53/224419_OW_1,224419_OW_1.jpg,none,,,,,
224458_BG,224458,Flat Sandals SNAKE FLAT SANDAL Beige,_BG,Beige,Footwear,Flat Sandals,PU,Polyurethane; Rubber; Polyurethane; Polyurethane,,,25.99,/242/53/224458_BG_1,224458_BG_1.jpg,none,,,,,
224530_GD,224530,High Heel Sandals GOLD HEEL SANDAL Gold,_GD,Gold,Footwear,High Heel Sandals,PU,Polyurethane; Polyurethane; Rubber; Polyurethane,,,29.99,/242/53/224530_GD_1,224530_GD_1.jpg,none,,,,,
198247_BK,198247,Computer Hand Bag GEORGE Black,_BK,Black,Hand Bag,Computer Hand Bag,Plain PU,Polyester; Polyurethane; Polyurethane; Polyurethane; Polyurethane,,,35.99,/222/54/198247_BK_1,198247_BK_1.jpg,none,,,,,
206579_CA,206579,Crossbody Bag PEPPER Camel,_CA,Camel,Hand Bag,Cross,Paper straw,Cotton; Paper; Polyester; Polyurethane; Viscose,,,22.99,/231/54/206579_CA_1,206579_CA_1.jpg,none,,,,,
208147_BL,208147,Backpack BEACH Blue,_BL,Blue,Hand Bag,Backpack,Printed PU,Acrylic; Polyester; Polyurethane; Zinc; Thermoplastic Rubber,,,23.99,/232/54/208147_BL_1,208147_BL_1.jpg,none,,,,,
208532_BK,208532,Shoulder Bag JOLY1 Black,_BK,Black,Hand Bag,Shoulder Bag,Padded Pu,Polyester; Polyurethane; Polyurethane,,,23.99,/232/54/208532_BK_1,208532_BK_1.jpg,none,,,,,
208532_GN,208532,Shoulder Bag JOLY1 Green,_GN,Green,Hand Bag,Shoulder Bag,Padded Pu,Polyester; Polyurethane; Polyurethane,,,23.99,/232/54/208532_GN_1,208532_GN_1.jpg,none,,,,,
208532_WT,208532,Shoulder Bag JOLY1 White,_WT,White,Hand Bag,Shoulder Bag,Padded Pu,Polyester; Polyurethane; Polyurethane,,,23.99,/232/54/208532_WT_1,208532_WT_1.jpg,none,,,,,
208687_EC,208687,Crossbody Bag JOLY3 Ecru,_EC,Ecru,Hand Bag,Cross,Padded Peach PU,Polyester; Polyurethane; Polyurethane,,,25.99,/232/54/208687_EC_1,208687_EC_1.jpg,none,,,,,
208687_TU,208687,Crossbody Bag JOLY3 Taupe,_TU,Taupe,Hand Bag,Cross,Padded Peach PU,Polyester; Polyurethane; Polyurethane,,,25.99,/232/54/208687_TU_1,208687_TU_1.jpg,none,,,,,
208990_BM,208990,Shoulder Bag JOLY3 Bright Multicolor,_BM,Bright Multicolor,Hand Bag,Shoulder Bag,Crochet,Cotton; Cotton; Polyethylene Terephthalate; glass bead,,,29.99,/232/54/208990_BM_1,208990_BM_1.jpg,none,,,,,
209066_BL,209066,Crossbody Bag GARDEN Blue,_BL,Blue,Hand Bag,Cross,Printed PU,Polyester; Polyurethane; Polyurethane,,,25.99,/232/54/209066_BL_1,209066_BL_1.jpg,none,,,,,
209219_OR,209219,Shoulder Bag NET3 Orange,_OR,Orange,Hand Bag,Shoulder Bag,Leather,Cotton; Sheep leather,,,49.99,/232/54/209219_OR_1,209219_OR_1.jpg,none,,,,,
209219_PU,209219,Shoulder Bag NET3 Purple,_PU,Purple,Hand Bag,Shoulder Bag,Leather,Cotton; Sheep leather,,,49.99,/232/54/209219_PU_1,209219_PU_1.jpg,none,,,,,
209219_SV,209219,Shoulder Bag NET3 Silver,_SV,Silver,Hand Bag,Shoulder Bag,Leather,Sheep leather; Cotton,,,49.99,/232/54/209219_SV_1,209219_SV_1.jpg,none,,,,,
209478_EC,209478,Tote Bag SOLAR Ecru,_EC,Ecru,Hand Bag,Tote,Crochet,Cotton; Cotton; Polyester; Polyester; Polyurethane,,,25.99,/232/54/209478_EC_1,209478_EC_1.jpg,none,,,,,
209508_SW,209508,Tote Bag BLANCA Straw,_SW,Straw,Hand Bag,Tote,Paper straw,Cotton; Iron; Linen; Paper; Polyester; Polyurethane; Polyurethane; Wood,,,23.99,/232/54/209508_SW_1,209508_SW_1.jpg,none,,,,,
209526_GN,209526,Backpack GLICINIA Green,_GN,Green,Hand Bag,Backpack,Printed PU,Polyester; Polyurethane; Polyurethane,,,25.99,/232/54/209526_GN_1,209526_GN_1.jpg,none,,,,,
209544_CA,209544,Crossbody Bag GLICINIA Camel,_CA,Camel,Hand Bag,Cross,Color Block,Polyurethane; Polyester; Polyurethane,,,25.99,/232/54/209544_CA_1,209544_CA_1.jpg,none,,,,,
209544_GN,209544,Crossbody Bag GLICINIA Green,_GN,Green,Hand Bag,Cross,Color Block,Polyester; Polyurethane; Polyurethane,,,25.99,/232/54/209544_GN_1,209544_GN_1.jpg,none,,,,,
209622_BK,209622,Tote Bag NET1 Black,_BK,Black,Hand Bag,Tote,Nylon,Aluminium; Polyester; Polyester; Polyester; Polyurethane; Thermoplastic Polyurethane,,,29.99,/232/54/209622_BK_1,209622_BK_1.jpg,none,,,,,
209731_BK,209731,Shoulder Bag NET2 Black,_BK,Black,Hand Bag,Shoulder Bag,Padded Peach PU,Polyester; Polyurethane; Polyurethane,,,25.99,/232/54/209731_BK_1,209731_BK_1.jpg,none,,,,,
209731_KK,209731,Shoulder Bag NET2 Khaki,_KK,Khaki,Hand Bag,Shoulder Bag,Padded Peach PU,Polyester; Polyurethane; Polyurethane,,,25.99,/232/54/209731_KK_1,209731_KK_1.jpg,none,,,,,
209731_TU,209731,Shoulder Bag NET2 Taupe,_TU,Taupe,Hand Bag,Shoulder Bag,Padded Peach PU,Polyester; Polyurethane; Polyurethane,,,25.99,/232/54/209731_TU_1,209731_TU_1.jpg,none,,,,,
209733_BK,209733,Tote Bag NET1 Black,_BK,Black,Hand Bag,Tote,Peach PU,Aluminium; Polyester; Polyester; Polyurethane; Polyurethane; Thermoplastic Polyurethane,,,29.99,/232/54/209733_BK_1,209733_BK_1.jpg,none,,,,,
210029_GN,210029,Tote Bag NET2 Green,_GN,Green,Hand Bag,Tote,Fantasy Fabric,Polyester; Polypropylene; Polyethylene,,,15.99,/232/54/210029_GN_1,210029_GN_1.jpg,none,,,,,
210547_BK,210547,Tote Bag NET2 Black,_BK,Black,Hand Bag,Tote,Peach PU,Polyester; Polyurethane; Polyurethane,,,25.99,/232/54/210547_BK_1,210547_BK_1.jpg,none,,,,,
210547_EC,210547,Tote Bag NET2 Ecru,_EC,Ecru,Hand Bag,Tote,Peach PU,Polyester; Polyurethane; Polyurethane,,,25.99,/232/54/210547_EC_1,210547_EC_1.jpg,none,,,,,
210547_KK,210547,Tote Bag NET2 Khaki,_KK,Khaki,Hand Bag,Tote,Peach PU,Polyester; Polyurethane; Polyurethane,,,25.99,/232/54/210547_KK_1,210547_KK_1.jpg,none,,,,,
210596_CA,210596,Shoulder Bag FLECOS Camel,_CA,Camel,Hand Bag,Shoulder Bag,Real Suede,Cotton; Cow Leather,,,59.99,/231/54/210596_CA_1,210596_CA_1.jpg,none,,,,,
210596_PU,210596,Shoulder Bag FLECOS Purple,_PU,Purple,Hand Bag,Shoulder Bag,Real Suede,Cotton; Cow Leather,,,59.99,/231/54/210596_PU_1,210596_PU_1.jpg,none,,,,,
210697_BK,210697,Crossbody Bag AUGUSTO1 Black,_BK,Black,Hand Bag,Cross,Peach PU,Polyester; Polyester; Polyurethane; Polyurethane,,,25.99,/232/54/210697_BK_1,210697_BK_1.jpg,none,,,,,
210697_EC,210697,Crossbody Bag AUGUSTO1 Ecru,_EC,Ecru,Hand Bag,Cross,Peach PU,Polyester; Polyester; Polyurethane; Polyurethane,,,25.99,/232/54/210697_EC_1,210697_EC_1.jpg,none,,,,,
210697_GN,210697,Crossbody Bag AUGUSTO1 Green,_GN,Green,Hand Bag,Cross,Peach PU,Polyurethane; Polyester; Polyester; Polyurethane,,,25.99,/232/54/210697_GN_1,210697_GN_1.jpg,none,,,,,
210697_TU,210697,Crossbody Bag AUGUSTO1 Taupe,_TU,Taupe,Hand Bag,Cross,Peach PU,Polyester; Polyester; Polyurethane; Polyurethane,,,25.99,/232/54/210697_TU_1,210697_TU_1.jpg,none,,,,,
210791_BK,210791,Crossbody Bag SURFING Black,_BK,Black,Hand Bag,Cross,Nylon,Polyester; Polyester; Polyurethane; Aluminium; Polyester; Polyester; Polyester,,,25.99,/232/54/210791_BK_1,210791_BK_1.jpg,none,,,,,
210791_CA,210791,Crossbody Bag SURFING Camel,_CA,Camel,Hand Bag,Cross,Nylon,Aluminium; Polyester; Polyester; Polyester; Polyester; Polyester; Polyurethane,,,25.99,/232/54/210791_CA_1,210791_CA_1.jpg,none,,,,,
210791_EC,210791,Crossbody Bag SURFING Ecru,_EC,Ecru,Hand Bag,Cross,Nylon,Aluminium; Polyester; Polyester; Polyester; Polyester; Polyester; Polyurethane,,,25.99,/232/54/210791_EC_1,210791_EC_1.jpg,none,,,,,
210793_NV,210793,Sac SURFING Navy,_NV,Navy,Hand Bag,Sac,Printed Nylon,Polyester; Polyester; Polyurethane,,,25.99,/232/54/210793_NV_1,210793_NV_1.jpg,none,,,,,
210886_BK,210886,Backpack AUGUSTO1 Black,_BK,Black,Hand Bag,Backpack,Nylon,Aluminium; Polyester; Polyester; Polyester; Polyurethane; Thermoplastic Polyurethane,,,27.99,/232/54/210886_BK_1,210886_BK_1.jpg,none,,,,,
210886_DM,210886,Backpack AUGUSTO1 Dark Multicolor,_DM,Dark Multicolor,Hand Bag,Backpack,Nylon,Aluminium; Polyester; Polyester; Polyester; Polyurethane; Thermoplastic Polyurethane,,,27.99,/232/54/210886_DM_1,210886_DM_1.jpg,none,,,,,
210894_GN,210894,Computer Hand Bag AUGUSTO 2 Green,_GN,Green,Hand Bag,Computer Hand Bag,Fantasy PU,Polyester; Polyester; Polyester; Polyester; Polyurethane,,,35.99,/232/54/210894_GN_1,210894_GN_1.jpg,none,,,,,
210931_BK,210931,Briefcase AUBREY 2 Black,_BK,Black,Hand Bag,Briefcase,Fake Nylon,Polyester; Polyester; Polyester; Polyester; Polyurethane; Polyurethane; Polyurethane; Zinc,,,35.99,/232/54/210931_BK_1,210931_BK_1.jpg,none,,,,,
210931_EC,210931,Briefcase AUBREY 2 Ecru,_EC,Ecru,Hand Bag,Briefcase,Fake Nylon,Polyester; Polyester; Polyester; Polyester; Polyurethane; Polyurethane; Polyurethane; Zinc,,,35.99,/232/54/210931_EC_1,210931_EC_1.jpg,none,,,,,
210931_PU,210931,Briefcase AUBREY 1 Purple,_PU,Purple,Hand Bag,Briefcase,Fake Nylon,Polyester; Polyester; Polyester; Polyester; Polyurethane; Polyurethane; Polyurethane; Zinc,,,35.99,/232/54/210931_PU_1,210931_PU_1.jpg,none,,,,,
210931_TU,210931,Briefcase AUBREY 1 Taupe,_TU,Taupe,Hand Bag,Briefcase,Fake Nylon,Polyester; Polyester; Polyester; Polyester; Polyurethane; Polyurethane; Polyurethane; Zinc,,,35.99,/232/54/210931_TU_1,210931_TU_1.jpg,none,,,,,
210954_BK,210954,Tote Bag AUBREY 2 Black,_BK,Black,Hand Bag,Tote,Fake Nylon,Polyester; Polyester; Polyurethane,,,25.99,/232/54/210954_BK_1,210954_BK_1.jpg,none,,,,,
210954_EC,210954,Tote Bag AUBREY 2 Ecru,_EC,Ecru,Hand Bag,Tote,Fake Nylon,Polyester; Polyester; Polyurethane,,,25.99,/232/54/210954_EC_1,210954_EC_1.jpg,none,,,,,
210992_BL,210992,Briefcase AUBREY Blue,_BL,Blue,Hand Bag,Briefcase,Printed PU,Polyester; Polyester; Polyester; Polyester; Polyurethane; Polyurethane; Polyurethane; Zinc,,,35.99,/232/54/210992_BL_1,210992_BL_1.jpg,none,,,,,
211008_BK,211008,Shopper Bag AUGUSTO 2 Black,_BK,Black,Hand Bag,Shopper,Plain PU,Polyester; Polyester; Polyurethane; Polyurethane; Polyurethane,,,25.99,/232/54/211008_BK_1,211008_BK_1.jpg,none,,,,,
211008_EC,211008,Shopper Bag AUGUSTO 2 Ecru,_EC,Ecru,Hand Bag,Shopper,Plain PU,Polyester; Polyester; Polyurethane; Polyurethane; Polyurethane,,,25.99,/232/54/211008_EC_1,211008_EC_1.jpg,none,,,,,
211008_TU,211008,Shopper Bag AUGUSTO 2 Taupe,_TU,Taupe,Hand Bag,Shopper,Plain PU,Polyester; Polyester; Polyurethane; Polyurethane; Polyurethane,,,25.99,/232/54/211008_TU_1,211008_TU_1.jpg,none,,,,,
211226_NV,211226,Backpack BLOOMING Navy,_NV,Navy,Hand Bag,Backpack,Printed PU,Polyester; Polyester; Polyurethane; Polyurethane,,,25.99,/232/54/211226_NV_1,211226_NV_1.jpg,none,,,,,
211301_BK,211301,Briefcase POWER Black,_BK,Black,Hand Bag,Briefcase,Animal Embossed PU,Polyester; Polyester; Polyester; Polyethylene Terephthalate; Polyurethane; Polyurethane; Polyurethane; Polyurethane,,,35.99,/232/54/211301_BK_1,211301_BK_1.jpg,none,,,,,
211306_GN,211306,Crossbody Bag MAXI MAY Green,_GN,Green,Hand Bag,Cross,Crochet,Polyester,,,29.99,/231/54/211306_GN_1,211306_GN_1.jpg,none,,,,,
211306_YL,211306,Crossbody Bag MAXI MAY Yellow,_YL,Yellow,Hand Bag,Cross,Crochet,Polyester,,,29.99,/231/54/211306_YL_1,211306_YL_1.jpg,none,,,,,
211331_BM,211331,Shopper Bag MAXI MAY Bright Multicolor,_BM,Bright Multicolor,Hand Bag,Shopper,Printed Fabric,Acrylic; Aluminium; Cotton; Cotton; Polyester,,,25.99,/231/54/211331_BM_1,211331_BM_1.jpg,none,,,,,
211430_DG,211430,Handbag STELLA Dark Grey,_DG,Dark Grey,Hand Bag,Computer Backpack,Fake Nylon,Polyester; Polyester; Polyester; Polyester; Polyurethane; Polyurethane; Polyurethane,,,29.99,/232/54/211430_DG_1,211430_DG_1.jpg,none,,,,,
211430_EC,211430,Handbag STELLA Ecru,_EC,Ecru,Hand Bag,Computer Backpack,Fake Nylon,Polyester; Polyester; Polyester; Polyester; Polyurethane; Polyurethane; Polyurethane,,,29.99,/232/54/211430_EC_1,211430_EC_1.jpg,none,,,,,
211434_EC,211434,Tote Bag STELLA Ecru,_EC,Ecru,Hand Bag,Tote,Fake Nylon,Polyester; Polyester; Polyurethane,,,25.99,/232/54/211434_EC_1,211434_EC_1.jpg,none,,,,,
211434_PU,211434,Tote Bag STELLA Purple,_PU,Purple,Hand Bag,Tote,Fake Nylon,Polyester; Polyester; Polyurethane,,,25.99,/232/54/211434_PU_1,211434_PU_1.jpg,none,,,,,
211527_BL,211527,Crossbody Bag PETSJUNO CAPSULE Blue,_BL,Blue,Hand Bag,Cross,Printed Nylon,Polyester; Polyester; Polyurethane,,,12.99,/232/54/211527_BL_1,211527_BL_1.jpg,none,,,,,
211693_DM,211693,Crossbody Bag FARM2 Dark Multicolor,_DM,Dark Multicolor,Hand Bag,Cross,Real Fur,Cow Leather; Polyester; Polyurethane; Polyurethane,,,29.99,/232/54/211693_DM_1,211693_DM_1.jpg,none,,,,,
211694_KK,211694,Crossbody Bag FARM2 Khaki,_KK,Khaki,Hand Bag,Cross,Real Fur,Cow Leather; Polyester; Polyurethane; Polyurethane,,,49.99,/232/54/211694_KK_1,211694_KK_1.jpg,none,,,,,
211694_LM,211694,Crossbody Bag FARM2 Lime,_LM,Lime,Hand Bag,Cross,Real Fur,Cow Leather; Polyester; Polyurethane; Polyurethane,,,49.99,/232/54/211694_LM_1,211694_LM_1.jpg,none,,,,,
211694_PK,211694,Crossbody Bag FARM2 Pink,_PK,Pink,Hand Bag,Cross,Real Fur,Cow Leather; Polyester; Polyurethane; Polyurethane,,,49.99,/232/54/211694_PK_1,211694_PK_1.jpg,none,,,,,
211698_BK,211698,Sac FARM2 Black,_BK,Black,Hand Bag,Sac,Plain PU,Polyurethane; Polyurethane; Polyester; Polyester; Polyester; Polyurethane; Polyurethane,,,27.99,/232/54/211698_BK_1,211698_BK_1.jpg,none,,,,,
211698_TU,211698,Sac FARM2 Taupe,_TU,Taupe,Hand Bag,Sac,Plain PU,Polyester; Polyester; Polyester; Polyurethane; Polyurethane; Polyurethane; Polyurethane,,,27.99,/232/54/211698_TU_1,211698_TU_1.jpg,none,,,,,
211809_BK,211809,Sac ELIZABETH Black,_BK,Black,Hand Bag,Sac,Plain PU,Polyester; Polyurethane; Polyurethane,Light Golden,,23.99,/232/54/211809_BK_1,211809_BK_1.jpg,none,,,,,
211809_CA,211809,Sac ELIZABETH Camel,_CA,Camel,Hand Bag,Sac,Plain PU,Polyester; Polyurethane; Polyurethane,,,23.99,/232/54/211809_CA_1,211809_CA_1.jpg,none,,,,,
211809_EC,211809,Sac ELIZABETH Ecru,_EC,Ecru,Hand Bag,Sac,Plain PU,Polyester; Polyurethane; Polyurethane,,,23.99,/232/54/211809_EC_1,211809_EC_1.jpg,none,,,,,
211809_KK,211809,Sac ELIZABETH Khaki,_KK,Khaki,Hand Bag,Sac,Plain PU,Polyester; Polyurethane; Polyurethane,,,23.99,/232/54/211809_KK_1,211809_KK_1.jpg,none,,,,,
211809_SV,211809,Sac ELIZABETH Silver,_SV,Silver,Hand Bag,Sac,Plain PU,Polyester; Polyurethane; Polyurethane,,,23.99,/232/54/211809_SV_1,211809_SV_1.jpg,none,,,,,
211815_SK,211815,Crossbody Bag MARIGOLD 1 Skin,_SK,Skin,Hand Bag,Cross,Printed Fake Nylon,Polyester; Polyester; Polyurethane; Polyurethane,,,25.99,/232/54/211815_SK_1,211815_SK_1.jpg,none,,,,,
211836_EC,211836,Shopper Bag MARIGOLD Ecru,_EC,Ecru,Hand Bag,Shopper,Nylon,Polyester; Polyester; Polyurethane; Polyurethane,,,27.99,/232/54/211836_EC_1,211836_EC_1.jpg,none,,,,,
211836_KK,211836,Shopper Bag MARIGOLD 2 Khaki,_KK,Khaki,Hand Bag,Shopper,Nylon,Polyester; Polyester; Polyurethane; Polyurethane,,,27.99,/232/54/211836_KK_1,211836_KK_1.jpg,none,,,,,
211847_EC,211847,Backpack NINA Ecru,_EC,Ecru,Hand Bag,Backpack,Real Suede,Cow Suede Leather; Iron; Polyester; Polyurethane; Polyurethane,,,29.99,/232/54/211847_EC_1,211847_EC_1.jpg,none,,,,,
211873_BK,211873,Tote Bag THEO Black,_BK,Black,Hand Bag,Tote,Plain PU,Polyester; Polyester; Polyester; Polyester; Polyurethane; Polyurethane; Polyurethane,,,25.99,/232/54/211873_BK_1,211873_BK_1.jpg,none,,,,,
211873_EC,211873,Tote Bag THEO Ecru,_EC,Ecru,Hand Bag,Tote,Plain PU,Polyester; Polyester; Polyester; Polyester; Polyurethane; Polyurethane; Polyurethane,,,25.99,/232/54/211873_EC_1,211873_EC_1.jpg,none,,,,,
211873_LL,211873,Tote Bag THEO Lilac,_LL,Lilac,Hand Bag,Tote,Plain PU,Polyester; Polyester; Polyester; Polyester; Polyurethane; Polyurethane; Polyurethane,,,25.99,/232/54/211873_LL_1,211873_LL_1.jpg,none,,,,,
211925_YL,211925,Sac MAXI MAY Yellow,_YL,Yellow,Hand Bag,Sac,Nylon,Polyester; Polyester; Polyester; Polyester; Polyurethane,,,35.99,/231/54/211925_YL_1,211925_YL_1.jpg,none,,,,,
212095_BK,212095,Shopper Bag TIGER2 Black,_BK,Black,Hand Bag,Shopper,Nylon,Polyester; Polyester; Polyurethane; Polyurethane; Silicone,,,19.99,/232/54/212095_BK_1,212095_BK_1.jpg,none,,,,,
212095_KK,212095,Shopper Bag TIGER2 Khaki,_KK,Khaki,Hand Bag,Shopper,Nylon,Polyester; Polyester; Polyurethane; Polyurethane; Silicone,,,19.99,/232/54/212095_KK_1,212095_KK_1.jpg,none,,,,,
212106_BK,212106,Crossbody Bag TIGER3 Black,_BK,Black,Hand Bag,Cross,Plain PU,Polyurethane; Polyurethane; Polyester; Polyester,,,25.99,/232/54/212106_BK_1,212106_BK_1.jpg,none,,,,,
212106_KK,212106,Crossbody Bag TIGER3 Khaki,_KK,Khaki,Hand Bag,Cross,Plain PU,Polyester; Polyester; Polyurethane; Polyurethane,,,25.99,/232/54/212106_KK_1,212106_KK_1.jpg,none,,,,,
212106_TU,212106,Crossbody Bag TIGER3 Taupe,_TU,Taupe,Hand Bag,Cross,Plain PU,Polyester; Polyester; Polyurethane; Polyurethane,,,25.99,/232/54/212106_TU_1,212106_TU_1.jpg,none,,,,,
212110_BK,212110,Shopper Bag TIGER2 Black,_BK,Black,Hand Bag,Shopper,Nylon,Polyester; Polyester; Polyurethane,,,29.99,/232/54/212110_BK_1,212110_BK_1.jpg,none,,,,,
212110_DM,212110,Shopper Bag TIGER2 Dark Multicolor,_DM,Dark Multicolor,Hand Bag,Shopper,Nylon,Polyester; Polyester; Polyurethane,,,29.99,/232/54/212110_DM_1,212110_DM_1.jpg,none,,,,,
212119_DM,212119,Shoulder Bag TIGER2 Dark Multicolor,_DM,Dark Multicolor,Hand Bag,Shoulder Bag,Printed Nylon,Polyester; Polyester; Polyurethane,,,27.99,/232/54/212119_DM_1,212119_DM_1.jpg,none,,,,,
212129_BK,212129,Crossbody Bag PICASSO2 Black,_BK,Black,Hand Bag,Cross,Nylon,Polyester; Polyester; Polyester; Polyester; Polyester; Polyester; Polyurethane,Silver,,25.99,/232/54/212129_BK_1,212129_BK_1.jpg,none,,,,,
212129_CA,212129,Crossbody Bag HAND BAG PROVISION Camel,_CA,Camel,Hand Bag,Cross,Nylon,Polyester; Polyester; Polyester; Polyester; Polyester; Polyester; Polyurethane,Silver,,25.99,/232/54/212129_CA_1,212129_CA_1.jpg,none,,,,,
212129_KK,212129,Crossbody Bag HAND BAG PROVISION Khaki,_KK,Khaki,Hand Bag,Cross,Nylon,Polyester; Polyester; Polyester; Polyester; Polyester; Polyester; Polyurethane,Silver,,25.99,/232/54/212129_KK_1,212129_KK_1.jpg,none,,,,,
212210_DM,212210,Crossbody Bag FARM2 Dark Multicolor,_DM,Dark Multicolor,Hand Bag,Cross,Animal Embossed PU,Polyester; Polyurethane; Polyurethane,,,29.99,/232/54/212210_DM_1,212210_DM_1.jpg,none,,,,,
212237_BK,212237,Shopper Bag SUSTAINABLE CAPSULE Black,_BK,Black,Hand Bag,Shopper,Nylon,Aluminium; Polyester; Polyester; Recycled Polyamide,,,29.99,/232/54/212237_BK_1,212237_BK_1.jpg,none,,,,,
212237_GY,212237,Shopper Bag SUSTAINABLE CAPSULE Grey,_GY,Grey,Hand Bag,Shopper,Nylon,Aluminium; Polyester; Polyester; Recycled Polyamide,,,29.99,/232/54/212237_GY_1,212237_GY_1.jpg,none,,,,,
212237_KK,212237,Shopper Bag SUSTAINABLE CAPSULE Khaki,_KK,Khaki,Hand Bag,Shopper,Nylon,Aluminium; Polyester; Polyester; Recycled Polyamide,,,29.99,/232/54/212237_KK_1,212237_KK_1.jpg,none,,,,,
212322_BK,212322,Tote Bag CRUELLA1 Black,_BK,Black,Hand Bag,Tote,Plain PU,Polyester; Polyurethane; Polyurethane,,,25.99,/232/54/212322_BK_1,212322_BK_1.jpg,none,,,,,
212322_TU,212322,Tote Bag CRUELLA1 Taupe,_TU,Taupe,Hand Bag,Tote,Plain PU,Polyester; Polyurethane; Polyurethane,,,25.99,/232/54/212322_TU_1,212322_TU_1.jpg,none,,,,,
212362_BK,212362,Tote Bag INGRID Black,_BK,Black,Hand Bag,Tote,Plain PU,Polyester; Polyester; Polyester; Polyester; Polyurethane; Polyurethane; Polyurethane,,,23.99,/232/54/212362_BK_1,212362_BK_1.jpg,none,,,,,
212362_BZ,212362,Tote Bag INGRID Bronze,_BZ,Bronze,Hand Bag,Tote,Plain PU,Polyurethane; Polyurethane; Polyurethane; Polyester; Polyester; Polyester; Polyester,,,23.99,/232/54/212362_BZ_1,212362_BZ_1.jpg,none,,,,,
212362_EC,212362,Tote Bag INGRID Ecru,_EC,Ecru,Hand Bag,Tote,Plain PU,Polyester; Polyester; Polyester; Polyester; Polyurethane; Polyurethane; Polyurethane,,,23.99,/232/54/212362_EC_1,212362_EC_1.jpg,none,,,,,
212362_KK,212362,Tote Bag INGRID Khaki,_KK,Khaki,Hand Bag,Tote,Plain PU,Polyester; Polyester; Polyester; Polyester; Polyurethane; Polyurethane; Polyurethane,,,23.99,/232/54/212362_KK_1,212362_KK_1.jpg,none,,,,,
212362_MD,212362,Tote Bag INGRID Mustard,_MD,Mustard,Hand Bag,Tote,Plain PU,Polyester; Polyester; Polyester; Polyester; Polyurethane; Polyurethane; Polyurethane,,,23.99,/232/54/212362_MD_1,212362_MD_1.jpg,none,,,,,
212362_TU,212362,Tote Bag INGRID Taupe,_TU,Taupe,Hand Bag,Tote,Plain PU,Polyester; Polyester; Polyurethane; Polyurethane; Polyurethane; Polyester; Polyester,,,23.99,/232/54/212362_TU_1,212362_TU_1.jpg,none,,,,,
212374_GY,212374,Computer Hand Bag WOOLY Grey,_GY,Grey,Hand Bag,Computer Hand Bag,Felt,Polyester; Polyester; Polyester; Polyester; Polyurethane; Polyurethane; Polyurethane,,,32.99,/232/54/212374_GY_1,212374_GY_1.jpg,none,,,,,
212540_BK,212540,Computer Hand Bag CRUELLA1 Black,_BK,Black,Hand Bag,Computer Hand Bag,Plain PU,Polyester; Polyester; Polyurethane; Polyurethane; Polyurethane; Polyurethane,,,35.99,/232/54/212540_BK_1,212540_BK_1.jpg,none,,,,,
212540_GY,212540,Computer Hand Bag CRUELLA1 Grey,_GY,Grey,Hand Bag,Computer Hand Bag,Plain PU,Polyester; Polyester; Polyurethane; Polyurethane; Polyurethane; Polyurethane,,,35.99,/232/54/212540_GY_1,212540_GY_1.jpg,none,,,,,
212623_BG,212623,Tote Bag THEO Beige,_BG,Beige,Hand Bag,Tote,Jacquard,Polyester; Polyester; Polyurethane; Polyurethane,,,23.99,/232/54/212623_BG_1,212623_BG_1.jpg,none,,,,,
212717_GY,212717,Tote Bag OLIVE Grey,_GY,Grey,Hand Bag,Tote,Printed PU,Polyester; Polyester; Polyurethane; Polyurethane,,,25.99,/232/54/212717_GY_1,212717_GY_1.jpg,none,,,,,
212737_BK,212737,Crossbody Bag OLIVE Black,_BK,Black,Hand Bag,Cross,Plain PU,Polyester; Polyester; Polyurethane; Polyurethane,,,25.99,/232/54/212737_BK_1,212737_BK_1.jpg,none,,,,,
212737_GY,212737,Crossbody Bag OLIVE Grey,_GY,Grey,Hand Bag,Cross,Plain PU,Polyester; Polyester; Polyurethane; Polyurethane,,,25.99,/232/54/212737_GY_1,212737_GY_1.jpg,none,,,,,
212788_BK,212788,Crossbody Bag SAVANA2 Black,_BK,Black,Hand Bag,Cross,Plain PU,Polyester; Polyurethane; Polyurethane,,,25.99,/232/54/212788_BK_1,212788_BK_1.jpg,none,,,,,
212788_EC,212788,Crossbody Bag SAVANA Ecru,_EC,Ecru,Hand Bag,Cross,Plain PU,Polyester; Polyurethane; Polyurethane,,,25.99,/232/54/212788_EC_1,212788_EC_1.jpg,none,,,,,
212788_KK,212788,Crossbody Bag SAVANA1 Khaki,_KK,Khaki,Hand Bag,Cross,Plain PU,Polyester; Polyurethane; Polyurethane,,,25.99,/232/54/212788_KK_1,212788_KK_1.jpg,none,,,,,
212791_BK,212791,Sac SAVANA1 Black,_BK,Black,Hand Bag,Sac,Real Fur,Cow Leather; Polyester; Polyurethane,,,39.99,/232/54/212791_BK_1,212791_BK_1.jpg,none,,,,,
212823_BK,212823,Backpack BILLIE Black,_BK,Black,Hand Bag,Backpack,Plain PU,Polyester; Polyester; Polyurethane; Polyurethane; Polyurethane; Zinc,,,23.99,/232/54/212823_BK_1,212823_BK_1.jpg,none,,,,,
212823_BL,212823,Backpack BILLIE Blue,_BL,Blue,Hand Bag,Backpack,Plain PU,Polyester; Polyurethane; Polyurethane; Polyurethane; Zinc; Polyester,,,23.99,/232/54/212823_BL_1,212823_BL_1.jpg,none,,,,,
212823_CL,212823,Backpack BILLIE Coral,_CL,Coral,Hand Bag,Backpack,Plain PU,Polyester; Polyester; Polyurethane; Polyurethane; Polyurethane; Zinc,,,23.99,/232/54/212823_CL_1,212823_CL_1.jpg,none,,,,,
212823_GN,212823,Backpack BILLIE Green,_GN,Green,Hand Bag,Backpack,Plain PU,Polyester; Polyester; Polyurethane; Polyurethane; Polyurethane; Zinc,,,23.99,/232/54/212823_GN_1,212823_GN_1.jpg,none,,,,,
212823_LL,212823,Backpack BILLIE Lilac,_LL,Lilac,Hand Bag,Backpack,Plain PU,Polyester; Polyester; Polyurethane; Polyurethane; Polyurethane; Zinc,,,23.99,/232/54/212823_LL_1,212823_LL_1.jpg,none,,,,,
212823_NV,212823,Backpack BILLIE Navy,_NV,Navy,Hand Bag,Backpack,Plain PU,Polyester; Polyester; Polyurethane; Polyurethane; Polyurethane; Zinc,,,23.99,/232/54/212823_NV_1,212823_NV_1.jpg,none,,,,,
212823_TU,212823,Backpack BILLIE Taupe,_TU,Taupe,Hand Bag,Backpack,Plain PU,Polyester; Polyester; Polyurethane; Polyurethane; Polyurethane; Zinc,,,23.99,/232/54/212823_TU_1,212823_TU_1.jpg,none,,,,,
212823_YL,212823,Backpack BILLIE Yellow,_YL,Yellow,Hand Bag,Backpack,Plain PU,Polyester; Polyester; Polyurethane; Polyurethane; Polyurethane; Zinc,,,23.99,/232/54/212823_YL_1,212823_YL_1.jpg,none,,,,,
213188_BG,213188,Crossbody Bag RANIA Beige,_BG,Beige,Hand Bag,Cross,Plain PU,Polyester; Polyester; Polyester; Polyurethane; Polyurethane; Polyurethane,,,25.99,/232/54/213188_BG_1,213188_BG_1.jpg,none,,,,,
213188_BK,213188,Crossbody Bag RANIA Black,_BK,Black,Hand Bag,Cross,Plain PU,Polyester; Polyester; Polyester; Polyurethane; Polyurethane; Polyurethane,,,25.99,/232/54/213188_BK_1,213188_BK_1.jpg,none,,,,,
213188_CP,213188,Crossbody Bag RANIA Champagne,_CP,Champagne,Hand Bag,Cross,Plain PU,Polyester; Polyester; Polyester; Polyurethane; Polyurethane; Polyurethane,,,25.99,/232/54/213188_CP_1,213188_CP_1.jpg,none,,,,,
213188_GN,213188,Crossbody Bag RANIA Green,_GN,Green,Hand Bag,Cross,Plain PU,Polyester; Polyester; Polyester; Polyurethane; Polyurethane; Polyurethane,,,25.99,/232/54/213188_GN_1,213188_GN_1.jpg,none,,,,,
213189_BK,213189,Backpack VILLAGE 1 Black,_BK,Black,Hand Bag,Backpack,Fake Nylon,Polyester; Polyester; Polyester; Polyester; Polyurethane; Polyurethane; Polyurethane,,,27.99,/232/54/213189_BK_1,213189_BK_1.jpg,none,,,,,
213189_TE,213189,Backpack VILLAGE 1 Pastel Grey,_TE,Pastel Grey,Hand Bag,Backpack,Fake Nylon,Polyester; Polyester; Polyester; Polyester; Polyurethane; Polyurethane; Polyurethane,,,27.99,/232/54/213189_TE_1,213189_TE_1.jpg,none,,,,,
213193_GY,213193,Tote Bag VILLAGE 2 Grey,_GY,Grey,Hand Bag,Tote,Fake Fur,Polyester; Polyester; Polyurethane; Polyurethane,,,25.99,/232/54/213193_GY_1,213193_GY_1.jpg,none,,,,,
213193_PK,213193,Tote Bag VILLAGE 2 Pink,_PK,Pink,Hand Bag,Tote,Fake Fur,Polyester; Polyester; Polyurethane; Polyurethane,,,25.99,/232/54/213193_PK_1,213193_PK_1.jpg,none,,,,,
213205_GY,213205,Backpack VILLAGE 2 Grey,_GY,Grey,Hand Bag,Backpack,Printed Fake Nylon,Polyester; Polyurethane; Polyurethane,,,25.99,/232/54/213205_GY_1,213205_GY_1.jpg,none,,,,,
213254_DN,213254,Shopper Bag CAMO2 Dark Green,_DN,Dark Green,Hand Bag,Shopper,Printed Nylon,Polyester; Polyester; Polyester; Polyester; Polyurethane,,,32.99,/232/54/213254_DN_1,213254_DN_1.jpg,none,,,,,
213571_BK,213571,Shoulder Bag CAMO1 Black,_BK,Black,Hand Bag,Shoulder Bag,Padded Pu,Polyester; Polyurethane; Polyurethane,,,29.99,/232/54/213571_BK_1,213571_BK_1.jpg,none,,,,,
213571_GN,213571,Shoulder Bag CAMO1 Green,_GN,Green,Hand Bag,Shoulder Bag,Padded Pu,Polyurethane; Polyurethane; Polyester,,,29.99,/232/54/213571_GN_1,213571_GN_1.jpg,none,,,,,
213571_TU,213571,Shoulder Bag CAMO1 Taupe,_TU,Taupe,Hand Bag,Shoulder Bag,Padded Pu,Polyester; Polyurethane; Polyurethane,,,29.99,/232/54/213571_TU_1,213571_TU_1.jpg,none,,,,,
213573_OS,213573,Crossbody Bag CAMO1 Old Silver,_OS,Old Silver,Hand Bag,Cross,Fantasy PU,Polyester; Polyurethane; Polyurethane,,,25.99,/232/54/213573_OS_1,213573_OS_1.jpg,none,,,,,
213593_BK,213593,Crossbody Bag ROCK2 Black,_BK,Black,Hand Bag,Cross,Plain PU,Polyester; Polyurethane; Polyurethane,,,25.99,/232/54/213593_BK_2y,213593_BK_2y.jpg,none,,,,,
213593_TU,213593,Crossbody Bag ROCK2 Taupe,_TU,Taupe,Hand Bag,Cross,Plain PU,Polyester; Polyurethane; Polyurethane,,,25.99,/232/54/213593_TU_1,213593_TU_1.jpg,none,,,,,
213596_BK,213596,Tote Bag ROCK3 Black,_BK,Black,Hand Bag,Tote,Fantasy PU,Crystal Glass; Iron; Polyester; Polyurethane; Polyurethane; Polyurethane,,,25.99,/232/54/213596_BK_1,213596_BK_1.jpg,none,,,,,
213677_SV,213677,Sac MAXI JULLIET Silver,_SV,Silver,Hand Bag,Sac,Fantasy PU,Polyamide; Polyamide; Polyurethane,,,29.99,/232/54/213677_SV_1,213677_SV_1.jpg,none,,,,,
213832_BK,213832,Tote Bag ANIME3 Black,_BK,Black,Hand Bag,Tote,Peach PU,Polyester; Polyurethane; Polyurethane,,,25.99,/232/54/213832_BK_2y,213832_BK_2y.jpg,none,,,,,
213832_EC,213832,Tote Bag ANIME3 Ecru,_EC,Ecru,Hand Bag,Tote,Peach PU,Polyester; Polyurethane; Polyurethane,,,25.99,/232/54/213832_EC_1y,213832_EC_1y.jpg,none,,,,,
213832_KK,213832,Tote Bag ANIME3 Khaki,_KK,Khaki,Hand Bag,Tote,Peach PU,Polyester; Polyurethane; Polyurethane,,,25.99,/232/54/213832_KK_2y,213832_KK_2y.jpg,none,,,,,
214220_BK,214220,Shoulder Bag ANIME2 Black,_BK,Black,Hand Bag,Shoulder Bag,Peach PU,Polyester; Polyurethane; Polyurethane,,,29.99,/232/54/214220_BK_1,214220_BK_1.jpg,none,,,,,
214220_TU,214220,Shoulder Bag ANIME2 Taupe,_TU,Taupe,Hand Bag,Shoulder Bag,Peach PU,Polyester; Polyurethane; Polyurethane,,,29.99,/232/54/214220_TU_1,214220_TU_1.jpg,none,,,,,
214239_EC,214239,Lunch Bag EARLYBIRD Ecru,_EC,Ecru,Hand Bag,Lunch Bag,Printed PU,Polyester; Polyethylene Terephthalate; Polyurethane,,,19.99,/241/54/214239_EC_1,214239_EC_1.jpg,none,,,,,
214252_BK,214252,Crossbody Bag BOOMER2 Black,_BK,Black,Hand Bag,Cross,Plain PU,Polyester; Polyurethane; Polyurethane,,,27.99,/232/54/214252_BK_1,214252_BK_1.jpg,none,,,,,
214252_EC,214252,Crossbody Bag BOOMER2 Ecru,_EC,Ecru,Hand Bag,Cross,Plain PU,Polyester; Polyurethane; Polyurethane,,,27.99,/232/54/214252_EC_1,214252_EC_1.jpg,none,,,,,
214252_KK,214252,Crossbody Bag BOOMER2 Khaki,_KK,Khaki,Hand Bag,Cross,Plain PU,Polyester; Polyurethane; Polyurethane,,,27.99,/232/54/214252_KK_1,214252_KK_1.jpg,none,,,,,
214258_BG,214258,Tote Bag STACEY Beige,_BG,Beige,Hand Bag,Tote,Patchwork,Polyester; Polyurethane; Polyurethane; Polyurethane,,,27.99,/241/54/214258_BG_1,214258_BG_1.jpg,none,,,,,
214258_BK,214258,Tote Bag STACEY Black,_BK,Black,Hand Bag,Tote,Patchwork,Polyester; Polyurethane; Polyurethane; Polyurethane,,,27.99,/241/54/214258_BK_1,214258_BK_1.jpg,none,,,,,
214268_BK,214268,Crossbody Bag STACEY Black,_BK,Black,Hand Bag,Cross,Patchwork,Polyester; Polyurethane; Polyurethane; Polyurethane,Light Golden,,25.99,/241/54/214268_BK_1,214268_BK_1.jpg,none,,,,,
214426_BM,214426,Crossbody Bag BOOMER2 Bright Multicolor,_BM,Bright Multicolor,Hand Bag,Cross,Printed PU,Polyester; Polyurethane; Polyurethane,,,25.99,/232/54/214426_BM_1,214426_BM_1.jpg,none,,,,,
214438_BK,214438,Crossbody Bag BOOMER3 Black,_BK,Black,Hand Bag,Cross,Plain PU,Polyester; Polyester; Polyurethane; Polyurethane,,,25.99,/232/54/214438_BK_1,214438_BK_1.jpg,none,,,,,
214438_EC,214438,Crossbody Bag BOOMER3 Ecru,_EC,Ecru,Hand Bag,Cross,Plain PU,Polyester; Polyester; Polyurethane; Polyurethane,,,25.99,/232/54/214438_EC_1,214438_EC_1.jpg,none,,,,,
214438_LM,214438,Crossbody Bag BOOMER3 Lime,_LM,Lime,Hand Bag,Cross,Plain PU,Polyester; Polyester; Polyurethane; Polyurethane,,,25.99,/232/54/214438_LM_1,214438_LM_1.jpg,none,,,,,
214438_TU,214438,Crossbody Bag BOOMER3 Taupe,_TU,Taupe,Hand Bag,Cross,Plain PU,Polyester; Polyester; Polyurethane; Polyurethane,,,25.99,/232/54/214438_TU_1,214438_TU_1.jpg,none,,,,,
214445_BK,214445,Bucket Bag CANICHE CAMPAIGN Black,_BK,Black,Hand Bag,Bucket,Nylon,Polyamide; Polyester; Polyurethane,,,29.99,/232/54/214445_BK_1,214445_BK_1.jpg,none,,,,,
214445_KK,214445,Bucket Bag CANICHE CAMPAIGN Khaki,_KK,Khaki,Hand Bag,Bucket,Nylon,Polyamide; Polyester; Polyurethane,,,29.99,/232/54/214445_KK_1,214445_KK_1.jpg,none,,,,,
214445_MD,214445,Bucket Bag CANICHE CAMPAIGN Mustard,_MD,Mustard,Hand Bag,Bucket,Nylon,Polyamide; Polyester; Polyurethane,,,29.99,/232/54/214445_MD_1,214445_MD_1.jpg,none,,,,,
214451_BM,214451,Tote Bag ANIME2 Bright Multicolor,_BM,Bright Multicolor,Hand Bag,Tote,Printed Nylon,Polyester; Polyester; Polyethylene Terephthalate; Polyurethane,,,29.99,/232/54/214451_BM_1,214451_BM_1.jpg,none,,,,,
214674_BL,214674,Backpack VIVIAN Blue,_BL,Blue,Hand Bag,Backpack,Printed PU,Polyester; Polyurethane; Polyurethane,,,23.99,/241/54/214674_BL_1,214674_BL_1.jpg,none,,,,,
214702_BK,214702,Tote Bag BOOMER1 Black,_BK,Black,Hand Bag,Tote,Plain PU,Polyurethane; Polyurethane; Polyurethane; Polyester; Polyester,,,27.99,/232/54/214702_BK_1,214702_BK_1.jpg,none,,,,,
214702_CA,214702,Tote Bag BOOMER1 Camel,_CA,Camel,Hand Bag,Tote,Plain PU,Polyester; Polyester; Polyurethane; Polyurethane; Polyurethane,,,27.99,/232/54/214702_CA_1,214702_CA_1.jpg,none,,,,,
214884_BK,214884,Crossbody Bag CUPIDO3 Black,_BK,Black,Hand Bag,Cross,Plain PU,Polyester; Polyurethane; Polyurethane,,,27.99,/232/54/214884_BK_1,214884_BK_1.jpg,none,,,,,
214884_BN,214884,Crossbody Bag CUPIDO3 Brown,_BN,Brown,Hand Bag,Cross,Plain PU,Polyester; Polyurethane; Polyurethane,,,27.99,/232/54/214884_BN_2y,214884_BN_2y.jpg,none,,,,,
214884_EC,214884,Crossbody Bag CUPIDO3 Ecru,_EC,Ecru,Hand Bag,Cross,Plain PU,Polyester; Polyurethane; Polyurethane,,,27.99,/232/54/214884_EC_2y,214884_EC_2y.jpg,none,,,,,
214885_BK,214885,Shoulder Bag SILVERSURFER3 Black,_BK,Black,Hand Bag,Shoulder Bag,Padded Pu,Polyester; Polyurethane; Polyurethane,,,25.99,/232/54/214885_BK_1,214885_BK_1.jpg,none,,,,,
215018_BU,215018,Sac FLECOS WINTER Burgundy,_BU,Burgundy,Hand Bag,Sac,Real Suede,Cotton; Cow Leather,,,39.99,/232/54/215018_BU_1,215018_BU_1.jpg,none,,,,,
215018_TU,215018,Sac FLECOS WINTER Taupe,_TU,Taupe,Hand Bag,Sac,Real Suede,Cotton; Cow Leather,,,39.99,/232/54/215018_TU_1,215018_TU_1.jpg,none,,,,,
215210_KK,215210,Sac TRECKING CAPSULE Khaki,_KK,Khaki,Hand Bag,Sac,Nylon,Polyester; Polyurethane; recycled polyester,,,35.99,/232/54/215210_KK_1,215210_KK_1.jpg,none,,,,,
215221_SV,215221,Belt Bag TRECKING CAPSULE Silver,_SV,Silver,Hand Bag,Belt Bag,Fantasy Fabric,Polyester; Polyester; Polyurethane; Recycled Polyamide,,,25.99,/232/54/215221_SV_1,215221_SV_1.jpg,none,,,,,
215222_BK,215222,Crossbody Bag TRECKING CAPSULE Black,_BK,Black,Hand Bag,Cross,Nylon,Polyester; Polyurethane; Recycled Polyamide,,,29.99,/232/54/215222_BK_1,215222_BK_1.jpg,none,,,,,
215222_BM,215222,Crossbody Bag TRECKING CAPSULE Bright Multicolor,_BM,Bright Multicolor,Hand Bag,Cross,Nylon,Recycled Polyamide; Polyester; Polyurethane,,,29.99,/232/54/215222_BM_1,215222_BM_1.jpg,none,,,,,
215222_KK,215222,Crossbody Bag TRECKING CAPSULE Khaki,_KK,Khaki,Hand Bag,Cross,Nylon,Polyester; Polyurethane; Recycled Polyamide,,,29.99,/232/54/215222_KK_1,215222_KK_1.jpg,none,,,,,
215525_BK,215525,Handbag NYT Black,_BK,Black,Hand Bag,Computer Backpack,Nylon,Cotton; Polyester; Polyester; Polyester; Polyester; Polyurethane; Polyurethane; Zinc,,,32.99,/241/54/215525_BK_1,215525_BK_1.jpg,none,,,,,
215525_BL,215525,Handbag NYT Blue,_BL,Blue,Hand Bag,Computer Backpack,Nylon,Cotton; Polyester; Polyester; Polyester; Polyester; Polyurethane; Polyurethane; Zinc,,,32.99,/241/54/215525_BL_1,215525_BL_1.jpg,none,,,,,
215525_CA,215525,Handbag NYT Camel,_CA,Camel,Hand Bag,Computer Backpack,Nylon,Cotton; Polyester; Polyester; Polyester; Polyester; Polyurethane; Polyurethane; Zinc,,,32.99,/241/54/215525_CA_1,215525_CA_1.jpg,none,,,,,
215525_KK,215525,Handbag NYT Khaki,_KK,Khaki,Hand Bag,Computer Backpack,Nylon,Cotton; Polyester; Polyester; Polyester; Polyester; Polyurethane; Polyurethane; Zinc,,,32.99,/241/54/215525_KK_1,215525_KK_1.jpg,none,,,,,
215530_BK,215530,Tote Bag NYT Black,_BK,Black,Hand Bag,Tote,Nylon,Cotton; Polyester; Polyester; Polyester; Polyurethane; Polyurethane; Zinc,,,27.99,/241/54/215530_BK_1,215530_BK_1.jpg,none,,,,,
215530_CA,215530,Tote Bag NYT Camel,_CA,Camel,Hand Bag,Tote,Nylon,Cotton; Polyester; Polyester; Polyester; Polyurethane; Polyurethane; Zinc,,,27.99,/241/54/215530_CA_1,215530_CA_1.jpg,none,,,,,
215530_KK,215530,Tote Bag NYT Khaki,_KK,Khaki,Hand Bag,Tote,Nylon,Cotton; Polyester; Polyester; Polyester; Polyurethane; Polyurethane; Zinc,,,27.99,/241/54/215530_KK_1,215530_KK_1.jpg,none,,,,,
215602_BK,215602,Tote Bag ARETHA Black,_BK,Black,Hand Bag,Tote,Plain PU,Polyester; Polyester; Polyurethane; Polyurethane; Polyurethane; Zinc,,,23.99,/241/54/215602_BK_1,215602_BK_1.jpg,none,,,,,
215602_BL,215602,Tote Bag ARETHA Blue,_BL,Blue,Hand Bag,Tote,Plain PU,Polyester; Polyester; Polyurethane; Polyurethane; Polyurethane; Zinc,,,23.99,/241/54/215602_BL_1,215602_BL_1.jpg,none,,,,,
215602_CA,215602,Tote Bag ARETHA Camel,_CA,Camel,Hand Bag,Tote,Plain PU,Polyester; Polyester; Polyurethane; Polyurethane; Polyurethane; Zinc,,,23.99,/241/54/215602_CA_1,215602_CA_1.jpg,none,,,,,
215602_EC,215602,Tote Bag ARETHA Ecru,_EC,Ecru,Hand Bag,Tote,Plain PU,Polyester; Polyester; Polyurethane; Polyurethane; Polyurethane; Zinc,,,23.99,/241/54/215602_EC_1,215602_EC_1.jpg,none,,,,,
215602_GN,215602,Tote Bag ARETHA Green,_GN,Green,Hand Bag,Tote,Plain PU,Polyester; Polyester; Polyurethane; Polyurethane; Polyurethane; Zinc,,,23.99,/241/54/215602_GN_1,215602_GN_1.jpg,none,,,,,
215602_YL,215602,Tote Bag ARETHA Yellow,_YL,Yellow,Hand Bag,Tote,Plain PU,Polyester; Polyurethane; Polyurethane; Polyurethane; Zinc; Polyester,,,23.99,/241/54/215602_YL_1,215602_YL_1.jpg,none,,,,,
216060_BK,216060,Shopper Bag SILVERSURFER1 Black,_BK,Black,Hand Bag,Shopper,Plain PU,Polyester; Polyester; Polyurethane; Polyurethane; Polyurethane; Polyurethane; Polyester,Light Golden,,27.99,/232/54/216060_BK_1,216060_BK_1.jpg,none,,,,,
216060_EC,216060,Shopper Bag SILVERSURFER1 Ecru,_EC,Ecru,Hand Bag,Shopper,Plain PU,Polyester; Polyester; Polyester; Polyurethane; Polyurethane; Polyurethane; Polyurethane,Light Golden,,27.99,/232/54/216060_EC_1,216060_EC_1.jpg,none,,,,,
216099_BK,216099,Crossbody Bag SILVERSURFER3 Black,_BK,Black,Hand Bag,Cross,Padded Pu,Polyester; Polyurethane; Polyurethane,,,25.99,/232/54/216099_BK_1,216099_BK_1.jpg,none,,,,,
216099_EC,216099,Crossbody Bag SILVERSURFER3 Ecru,_EC,Ecru,Hand Bag,Cross,Padded Pu,Polyester; Polyurethane; Polyurethane,,,25.99,/232/54/216099_EC_1,216099_EC_1.jpg,none,,,,,
216099_TU,216099,Crossbody Bag SILVERSURFER3 Taupe,_TU,Taupe,Hand Bag,Cross,Padded Pu,Polyester; Polyurethane; Polyurethane,,,25.99,/232/54/216099_TU_1,216099_TU_1.jpg,none,,,,,
216175_DM,216175,Crossbody Bag MANHATAN3 Dark Multicolor,_DM,Dark Multicolor,Hand Bag,Cross,Real Fur,Cow Leather; Polyester; Polyurethane; Polyurethane,,,27.99,/241/54/216175_DM_1,216175_DM_1.jpg,none,,,,,
216350_FU,216350,Backpack MAGIK LOVE Fuchsia,_FU,Fuchsia,Hand Bag,Backpack,Printed PU,Polyester; Polyester; Polyurethane; Polyurethane; Polyurethane,,,23.99,/241/54/216350_FU_1,216350_FU_1.jpg,none,,,,,
216350_RD,216350,Backpack MAGIK LOVE Red,_RD,Red,Hand Bag,Backpack,Printed PU,Polyester; Polyester; Polyurethane; Polyurethane; Polyurethane,,,23.99,/241/54/216350_RD_1,216350_RD_1.jpg,none,,,,,
216426_SV,216426,Shopper Bag SILVERSURFER2 Silver,_SV,Silver,Hand Bag,Shopper,Fantasy Fabric,Polyamide; Polyester; Polyurethane; Polyurethane,,,29.99,/232/54/216426_SV_1,216426_SV_1.jpg,none,,,,,
216445_BK,216445,Tote Bag NEVERA HBPROVISION Black,_BK,Black,Hand Bag,Tote,Plain PU,Polyester; Polyurethane; Polyurethane,Light Golden,,23.99,/241/54/216445_BK_1,216445_BK_1.jpg,none,,,,,
216445_EC,216445,Tote Bag NEVERA HBPROVISION Ecru,_EC,Ecru,Hand Bag,Tote,Plain PU,Polyurethane; Polyurethane; Polyester,Light Golden,,23.99,/241/54/216445_EC_1,216445_EC_1.jpg,none,,,,,
216445_TU,216445,Tote Bag NEVERA HBPROVISION Taupe,_TU,Taupe,Hand Bag,Tote,Plain PU,Polyester; Polyurethane; Polyurethane,Light Golden,,23.99,/241/54/216445_TU_1,216445_TU_1.jpg,none,,,,,
216454_BK,216454,Crossbody Bag MILITARY3 Black,_BK,Black,Hand Bag,Cross,Plain PU,Polyester; Polyester; Polyurethane; Polyurethane; Polyurethane,Silver,,25.99,/241/54/216454_BK_1,216454_BK_1.jpg,none,,,,,
216454_BL,216454,Crossbody Bag MILITARY3 Blue,_BL,Blue,Hand Bag,Cross,Plain PU,Polyester; Polyester; Polyurethane; Polyurethane; Polyurethane,Silver,,25.99,/241/54/216454_BL_1,216454_BL_1.jpg,none,,,,,
216454_EC,216454,Crossbody Bag MILITARY3 Ecru,_EC,Ecru,Hand Bag,Cross,Plain PU,Polyester; Polyester; Polyurethane; Polyurethane; Polyurethane,Light Golden,,25.99,/241/54/216454_EC_1,216454_EC_1.jpg,none,,,,,
216454_TU,216454,Crossbody Bag MILITARY3 Taupe,_TU,Taupe,Hand Bag,Cross,Plain PU,Polyester; Polyester; Polyurethane; Polyurethane; Polyurethane,Silver,,25.99,/241/54/216454_TU_1,216454_TU_1.jpg,none,,,,,
216480_BK,216480,Computer Hand Bag MILITARY1 Black,_BK,Black,Hand Bag,Computer Hand Bag,Plain PU,Polyester; Polyester; Polyester; Polyurethane; Polyurethane,Silver,,35.99,/241/54/216480_BK_2y,216480_BK_2y.jpg,none,,,,,
216480_TU,216480,Computer Hand Bag MILITARY1 Taupe,_TU,Taupe,Hand Bag,Computer Hand Bag,Plain PU,Polyester; Polyester; Polyester; Polyurethane; Polyurethane,Silver,,35.99,/241/54/216480_TU_2y,216480_TU_2y.jpg,none,,,,,
216481_BK,216481,Shoulder Bag ZOO2 Black,_BK,Black,Hand Bag,Shoulder Bag,Padded Pu,Polyurethane; Polyurethane; Polyester,Silver,,27.99,/241/54/216481_BK_1,216481_BK_1.jpg,none,,,,,
216481_EC,216481,Shoulder Bag ZOO2 Ecru,_EC,Ecru,Hand Bag,Shoulder Bag,Padded Pu,Polyester; Polyurethane; Polyurethane,Light Golden,,27.99,/241/54/216481_EC_1,216481_EC_1.jpg,none,,,,,
216481_TU,216481,Shoulder Bag ZOO2 Taupe,_TU,Taupe,Hand Bag,Shoulder Bag,Padded Pu,Polyester; Polyurethane; Polyurethane,Light Golden,,27.99,/241/54/216481_TU_1,216481_TU_1.jpg,none,,,,,
216557_FU,216557,Crossbody Bag ROY Fuchsia,_FU,Fuchsia,Hand Bag,Cross,Printed PU,Polyester; Polyurethane; Polyurethane,Silver,,25.99,/241/54/216557_FU_1,216557_FU_1.jpg,none,,,,,
216579_BK,216579,Tote Bag PICASSO2 Black,_BK,Black,Hand Bag,Tote,Peach PU,Polyester; Polyurethane; Polyurethane,,,27.99,/241/54/216579_BK_1,216579_BK_1.jpg,none,,,,,
216579_TU,216579,Tote Bag PICASSO2 Taupe,_TU,Taupe,Hand Bag,Tote,Peach PU,Polyester; Polyurethane; Polyurethane,,,27.99,/241/54/216579_TU_1,216579_TU_1.jpg,none,,,,,
216592_BK,216592,Shoulder Bag WOODY2 Black,_BK,Black,Hand Bag,Shoulder Bag,Padded Pu,Polyester; Polyurethane; Polyurethane,Silver,,29.99,/241/54/216592_BK_1,216592_BK_1.jpg,none,,,,,
216592_EC,216592,Shoulder Bag WOODY3 Ecru,_EC,Ecru,Hand Bag,Shoulder Bag,Padded Pu,Polyester; Polyurethane; Polyurethane,Silver,,29.99,/241/54/216592_EC_1,216592_EC_1.jpg,none,,,,,
216592_PU,216592,Shoulder Bag MILITARY2 Purple,_PU,Purple,Hand Bag,Shoulder Bag,Padded Pu,Polyester; Polyurethane; Polyurethane,Silver,,29.99,/241/54/216592_PU_1,216592_PU_1.jpg,none,,,,,
216597_DM,216597,Shopper Bag FIRE2 Dark Multicolor,_DM,Dark Multicolor,Hand Bag,Shopper,Printed Nylon,Polyamide; Polyester,Silver,,29.99,/241/54/216597_DM_1,216597_DM_1.jpg,none,,,,,
216620_BK,216620,Sac MILITARY3 Black,_BK,Black,Hand Bag,Sac,Plain PU,Polyester; Polyester; Polyester; Polyurethane; Polyurethane; Polyurethane; Polyurethane,,,27.99,/241/54/216620_BK_2y,216620_BK_2y.jpg,none,,,,,
216620_EC,216620,Sac MILITARY3 Ecru,_EC,Ecru,Hand Bag,Sac,Plain PU,Polyurethane; Polyurethane; Polyester; Polyester; Polyester; Polyurethane; Polyurethane,,,27.99,/241/54/216620_EC_1,216620_EC_1.jpg,none,,,,,
216633_BK,216633,Tote Bag MAXI DOTTS Black,_BK,Black,Hand Bag,Tote,Real Fur,Cow Leather; Polyester; Polyurethane; Polyurethane,,,29.99,/241/54/216633_BK_1,216633_BK_1.jpg,none,,,,,
216757_BG,216757,Crossbody Bag MILITARY2 Beige,_BG,Beige,Hand Bag,Cross,Patchwork,Polyurethane; Polyurethane; Polyester; Polyester,,,27.99,/241/54/216757_BG_1,216757_BG_1.jpg,none,,,,,
216868_BK,216868,Tote Bag PICASSO2 Black,_BK,Black,Hand Bag,Tote,Peach PU,Polyester; Polyurethane; Polyurethane,Silver,,29.99,/241/54/216868_BK_1,216868_BK_1.jpg,none,,,,,
216868_CA,216868,Tote Bag PICASSO2 Camel,_CA,Camel,Hand Bag,Tote,Peach PU,Polyester; Polyurethane; Polyurethane,Silver,,29.99,/241/54/216868_CA_1,216868_CA_1.jpg,none,,,,,
216868_EC,216868,Tote Bag PICASSO2 Ecru,_EC,Ecru,Hand Bag,Tote,Peach PU,Polyester; Polyurethane; Polyurethane,Silver,,29.99,/241/54/216868_EC_1,216868_EC_1.jpg,none,,,,,
216875_BK,216875,Crossbody Bag SPLASH2 Black,_BK,Black,Hand Bag,Cross,Nylon,Polyester; Polyester; Polyurethane,Silver,,23.99,/241/54/216875_BK_1,216875_BK_1.jpg,none,,,,,
216875_FU,216875,Crossbody Bag SPLASH2 Fuchsia,_FU,Fuchsia,Hand Bag,Cross,Nylon,Polyester; Polyester; Polyurethane,Silver,,23.99,/241/54/216875_FU_1,216875_FU_1.jpg,none,,,,,
216875_KK,216875,Crossbody Bag SPLASH2 Khaki,_KK,Khaki,Hand Bag,Cross,Nylon,Polyester; Polyester; Polyurethane,Silver,,23.99,/241/54/216875_KK_1,216875_KK_1.jpg,none,,,,,
216875_LG,216875,Crossbody Bag SPLASH2 Light Grey,_LG,Light Grey,Hand Bag,Cross,Nylon,Polyester; Polyurethane; Polyester,Silver,,23.99,/241/54/216875_LG_1,216875_LG_1.jpg,none,,,,,
216904NC,216904,Crossbody Bag TAVIRA Natural Color,NC,Natural Color,Hand Bag,Cross,Paper straw,Ceramic; Cotton; Iron; Paper; Polyester; Polyester; Polyurethane; Stone; Wood; Zinc,Light Golden,,25.99,/241/54/216904NC_1,216904NC_1.jpg,none,,,,,
216943_BM,216943,Shopper Bag SPLASH2 Bright Multicolor,_BM,Bright Multicolor,Hand Bag,Shopper,Patchwork,Acrylic; Aluminium; Polyester; Polyester; Polyester; Polyurethane,Silver,,29.99,/241/54/216943_BM_1,216943_BM_1.jpg,none,,,,,
216961_CA,216961,Tote Bag TAVIRA Camel,_CA,Camel,Hand Bag,Tote,Fantasy PU,Polyester; Polyester; Polyester; Polyurethane; Polyurethane,Light Golden,,25.99,/241/54/216961_CA_1,216961_CA_1.jpg,none,,,,,
216961_EC,216961,Tote Bag TAVIRA Ecru,_EC,Ecru,Hand Bag,Tote,Fantasy PU,Polyester; Polyester; Polyester; Polyurethane; Polyurethane,Light Golden,,25.99,/241/54/216961_EC_1,216961_EC_1.jpg,none,,,,,
217012_EC,217012,Crossbody Bag EMAN Ecru,_EC,Ecru,Hand Bag,Cross,Padded Pu,Polyester; Polyurethane; Polyurethane,Light Golden,,25.99,/241/54/217012_EC_1,217012_EC_1.jpg,none,,,,,
217018_BK,217018,Tote Bag BIRKIN Black,_BK,Black,Hand Bag,Tote,Plain PU,Polyurethane; Polyurethane; Polyester; Polyester; Polyurethane,,,25.99,/241/54/217018_BK_1,217018_BK_1.jpg,none,,,,,
217018_EC,217018,Tote Bag BIRKIN Ecru,_EC,Ecru,Hand Bag,Tote,Plain PU,Polyester; Polyester; Polyurethane; Polyurethane; Polyurethane,,,25.99,/241/54/217018_EC_1,217018_EC_1.jpg,none,,,,,
217018_KK,217018,Tote Bag BIRKIN Khaki,_KK,Khaki,Hand Bag,Tote,Plain PU,Polyester; Polyester; Polyurethane; Polyurethane; Polyurethane,,,25.99,/241/54/217018_KK_1,217018_KK_1.jpg,none,,,,,
217018_NV,217018,Tote Bag BIRKIN Navy,_NV,Navy,Hand Bag,Tote,Plain PU,Polyester; Polyester; Polyurethane; Polyurethane; Polyurethane,,,25.99,/241/54/217018_NV_1,217018_NV_1.jpg,none,,,,,
217018_TU,217018,Tote Bag BIRKIN Taupe,_TU,Taupe,Hand Bag,Tote,Plain PU,Polyester; Polyester; Polyurethane; Polyurethane; Polyurethane,,,25.99,/241/54/217018_TU_1,217018_TU_1.jpg,none,,,,,
217029_BG,217029,Tote Bag GEORGIA Beige,_BG,Beige,Hand Bag,Tote,Canvas,Cotton; Polyester; Polyurethane; Polyurethane,Light Golden,,23.99,/241/54/217029_BG_1,217029_BG_1.jpg,none,,,,,
217029_KK,217029,Tote Bag GEORGIA Khaki,_KK,Khaki,Hand Bag,Tote,Canvas,Cotton; Polyester; Polyurethane; Polyurethane,Light Golden,,23.99,/241/54/217029_KK_1,217029_KK_1.jpg,none,,,,,
217215_BK,217215,Shoulder Bag FIRE3 Black,_BK,Black,Hand Bag,Shoulder Bag,Peach PU,Polyester; Polyurethane; Polyurethane,,,27.99,/241/54/217215_BK_1,217215_BK_1.jpg,none,,,,,
217215_CA,217215,Shoulder Bag FIRE3 Camel,_CA,Camel,Hand Bag,Shoulder Bag,Peach PU,Polyester; Polyurethane; Polyurethane,,,27.99,/241/54/217215_CA_1,217215_CA_1.jpg,none,,,,,
217215_GN,217215,Shoulder Bag FIRE3 Green,_GN,Green,Hand Bag,Shoulder Bag,Peach PU,Polyester; Polyurethane; Polyurethane,,,27.99,/241/54/217215_GN_1,217215_GN_1.jpg,none,,,,,
217229_EC,217229,Tote Bag EMAN Ecru,_EC,Ecru,Hand Bag,Tote,Plain PU,Polyester; Polyester; Polyurethane; Polyurethane; Polyurethane; Zinc,,,27.99,/241/54/217229_EC_1,217229_EC_1.jpg,none,,,,,
217360_AQ,217360,Crossbody Bag FLEUR Aquamarine,_AQ,Aquamarine,Hand Bag,Cross,Fantasy PU,Polyester; Polyurethane; Polyurethane,Light Golden,,25.99,/241/54/217360_AQ_1,217360_AQ_1.jpg,none,,,,,
217405_GN,217405,Backpack FLEUR Green,_GN,Green,Hand Bag,Backpack,Printed PU,Polyester; Polyurethane; Polyurethane,Silver,,25.99,/241/54/217405_GN_1,217405_GN_1.jpg,none,,,,,
217550_BK,217550,Tote Bag TROPICO Black,_BK,Black,Hand Bag,Tote,Plain PU,Polyester; Polyester; Polyurethane; Polyurethane; Stone; Wood; Zinc,Light Golden,,25.99,/241/54/217550_BK_1,217550_BK_1.jpg,none,,,,,
217550_EC,217550,Tote Bag TROPICO Ecru,_EC,Ecru,Hand Bag,Tote,Plain PU,Polyester; Polyester; Polyurethane; Polyurethane; Stone; Wood; Zinc,Light Golden,,25.99,/241/54/217550_EC_1,217550_EC_1.jpg,none,,,,,
217555_GN,217555,Backpack TROPICO Green,_GN,Green,Hand Bag,Backpack,Printed PU,Polyester; Polyurethane,Silver,,25.99,/241/54/217555_GN_1,217555_GN_1.jpg,none,,,,,
217628_BK,217628,Crossbody Bag POPEYE1 Black,_BK,Black,Hand Bag,Cross,Plain PU,Polyester; Polyester; Polyurethane; Polyurethane,Silver,,19.99,/241/54/217628_BK_1,217628_BK_1.jpg,none,,,,,
217628_EC,217628,Crossbody Bag POPEYE1 Ecru,_EC,Ecru,Hand Bag,Cross,Plain PU,Polyester; Polyester; Polyurethane; Polyurethane,Silver,,19.99,/241/54/217628_EC_1,217628_EC_1.jpg,none,,,,,
217628_TU,217628,Crossbody Bag POPEYE1 Taupe,_TU,Taupe,Hand Bag,Cross,Plain PU,Polyester; Polyester; Polyurethane; Polyurethane,Silver,,19.99,/241/54/217628_TU_1,217628_TU_1.jpg,none,,,,,
217799_BL,217799,Sac CUPID Blue,_BL,Blue,Hand Bag,Sac,Printed Nylon,Polyester; Polyester; Polyurethane,Silver,,29.99,/241/54/217799_BL_1,217799_BL_1.jpg,none,,,,,
217860_BK,217860,Crossbody Bag PICASSO2 Black,_BK,Black,Hand Bag,Cross,Peach PU,Polyester; Polyurethane; Polyurethane,Silver,,23.99,/241/54/217860_BK_1,217860_BK_1.jpg,none,,,,,
217860_EC,217860,Crossbody Bag PICASSO2 Ecru,_EC,Ecru,Hand Bag,Cross,Peach PU,Polyester; Polyurethane; Polyurethane,Silver,,23.99,/241/54/217860_EC_1,217860_EC_1.jpg,none,,,,,
217943_GN,217943,Sac FLAME2 Green,_GN,Green,Hand Bag,Sac,Fantasy Fabric,Polyester; Polyester; Polyurethane,Silver,,23.99,/241/54/217943_GN_1,217943_GN_1.jpg,none,,,,,
217943_LM,217943,Sac FLAME2 Lime,_LM,Lime,Hand Bag,Sac,Fantasy Fabric,Polyester; Polyester; Polyurethane,Silver,,23.99,/241/54/217943_LM_1,217943_LM_1.jpg,none,,,,,
217982_BL,217982,Backpack SMILE Blue,_BL,Blue,Hand Bag,Backpack,Printed PU,Polyester; Polyurethane; Polyurethane,Silver,,19.99,/241/54/217982_BL_1,217982_BL_1.jpg,none,,,,,
218020_BK,218020,Tote Bag PICASSO3 Black,_BK,Black,Hand Bag,Tote,Nylon,Aluminium; Polyester; Polyester; Polyester; Polyurethane; Silicone; Zinc,Silver,,25.99,/241/54/218020_BK_1,218020_BK_1.jpg,none,,,,,
218053_BK,218053,Tote Bag CUPIDO3 Black,_BK,Black,Hand Bag,Tote,Plain PU,Polyester; Polyurethane; Polyurethane,Silver,,25.99,/241/54/218053_BK_1,218053_BK_1.jpg,none,,,,,
218053_CA,218053,Tote Bag CUPIDO3 Camel,_CA,Camel,Hand Bag,Tote,Plain PU,Polyester; Polyurethane; Polyurethane,Light Golden,,25.99,/241/54/218053_CA_1,218053_CA_1.jpg,none,,,,,
218053_EC,218053,Tote Bag CUPIDO3 Ecru,_EC,Ecru,Hand Bag,Tote,Plain PU,Polyester; Polyurethane; Polyurethane,Light Golden,,25.99,/241/54/218053_EC_1,218053_EC_1.jpg,none,,,,,
218265_BK,218265,Shopper Bag FLOWER PATCH Black,_BK,Black,Hand Bag,Shopper,Plain PU,Polyester; Polyurethane; Polyurethane,Light Golden,,25.99,/241/54/218265_BK_1,218265_BK_1.jpg,none,,,,,
218265_CA,218265,Shopper Bag FLOWER PATCH Camel,_CA,Camel,Hand Bag,Shopper,Plain PU,Polyester; Polyurethane; Polyurethane,Light Golden,,25.99,/241/54/218265_CA_1,218265_CA_1.jpg,none,,,,,
218265_EC,218265,Shopper Bag FLOWER PATCH Ecru,_EC,Ecru,Hand Bag,Shopper,Plain PU,Polyester; Polyurethane; Polyurethane,Light Golden,,25.99,/241/54/218265_EC_1,218265_EC_1.jpg,none,,,,,
218265_NV,218265,Shopper Bag FLOWER PATCH Navy,_NV,Navy,Hand Bag,Shopper,Plain PU,Polyurethane; Polyurethane; Polyester,Light Golden,,25.99,/241/54/218265_NV_1,218265_NV_1.jpg,none,,,,,
218267_CL,218267,Backpack FLOWER PATCH Coral,_CL,Coral,Hand Bag,Backpack,Printed PU,Polyester; Polyurethane; Polyurethane,,,27.99,/241/54/218267_CL_1,218267_CL_1.jpg,none,,,,,
218285_EC,218285,Shopper Bag PICASSO2 Ecru,_EC,Ecru,Hand Bag,Shopper,Printed Fabric,Cotton; Polyester; Polyurethane; Polyurethane,Silver,,35.99,/241/54/218285_EC_1,218285_EC_1.jpg,none,,,,,
218456NC,218456,Tote Bag ZOO2 Natural Color,NC,Natural Color,Hand Bag,Tote,Paper straw,Paper; Polyurethane,Light Golden,,23.99,/241/54/218456NC_1,218456NC_1.jpg,none,,,,,
218678_BK,218678,Crossbody Bag CUPIDO2 Black,_BK,Black,Hand Bag,Cross,Printed PU,Cotton; Linen; Polyester; Polyurethane; Polyurethane,Silver,,19.99,/241/54/218678_BK_1,218678_BK_1.jpg,none,,,,,
218678_BL,218678,Crossbody Bag CUPIDO2 Blue,_BL,Blue,Hand Bag,Cross,Printed PU,Cotton; Linen; Polyester; Polyurethane; Polyurethane,Silver,,19.99,/241/54/218678_BL_1,218678_BL_1.jpg,none,,,,,
218678_GN,218678,Crossbody Bag CUPIDO2 Green,_GN,Green,Hand Bag,Cross,Printed PU,Polyester; Polyurethane; Polyurethane; Cotton; Linen,Silver,,19.99,/241/54/218678_GN_1,218678_GN_1.jpg,none,,,,,
218734NC,218734,Shopper Bag CURRY2 Natural Color,NC,Natural Color,Hand Bag,Shopper,Paper straw,Cotton; Linen; Paper; Polyester,Silver,,25.99,/241/54/218734NC_1,218734NC_1.jpg,none,,,,,
218870_CA,218870,Crossbody Bag MANAUS Camel,_CA,Camel,Hand Bag,Cross,Paper straw,Polyurethane; Polyurethane; Viscose; Cotton; Paper; Polyester,Light Golden,,23.99,/241/54/218870_CA_1,218870_CA_1.jpg,none,,,,,
218882_BZ,218882,Shopper Bag MANAUS Bronze,_BZ,Bronze,Hand Bag,Shopper,Plain PU,Polyester; Polyurethane; Polyurethane,Light Golden,,23.99,/241/54/218882_BZ_1,218882_BZ_1.jpg,none,,,,,
218894_BL,218894,Handbag ZOO2 Blue,_BL,Blue,Hand Bag,Mini Bag,Peach PU,Polyester; Polyurethane; Polyurethane,Silver,,19.99,/241/54/218894_BL_1,218894_BL_1.jpg,none,,,,,
218894_OR,218894,Handbag ZOO2 Orange,_OR,Orange,Hand Bag,Mini Bag,Peach PU,Polyester; Polyurethane; Polyurethane,Silver,,19.99,/241/54/218894_OR_1,218894_OR_1.jpg,none,,,,,
218918_PK,218918,Lunch Bag MAMMINA Pink,_PK,Pink,Hand Bag,Lunch Bag,Printed Fake Nylon,Polyester; Polyester; Polyurethane; Thermoplastic Polyurethane,Silver,,19.99,/241/54/218918_PK_1,218918_PK_1.jpg,none,,,,,
219022NC,219022,Sac WOODY3 Natural Color,NC,Natural Color,Hand Bag,Sac,Fake straw,Polyester; Polyester; Polypropylene; Polyurethane; Polyurethane,,,27.99,/241/54/219022NC_1,219022NC_1.jpg,none,,,,,
219034NC,219034,Tote Bag POPEYE2 Natural Color,NC,Natural Color,Hand Bag,Tote,Fake straw,Polyester; Polyester; Polypropylene; Polyurethane; Polyurethane,,,27.99,/241/54/219034NC_1,219034NC_1.jpg,none,,,,,
219102_WT,219102,Bucket Bag ZOO2 White,_WT,White,Hand Bag,Bucket,Printed Fabric,Cotton; Polyester; Polyester; Polyurethane,Silver,,25.99,/241/54/219102_WT_1,219102_WT_1.jpg,none,,,,,
219442_BK,219442,Crossbody Bag SELVA1 Black,_BK,Black,Hand Bag,Cross,Plain PU,Polyester; Polyurethane; Polyurethane,Silver,,25.99,/241/54/219442_BK_1,219442_BK_1.jpg,none,,,,,
219442_EC,219442,Crossbody Bag SELVA1 Ecru,_EC,Ecru,Hand Bag,Cross,Plain PU,Polyester; Polyurethane; Polyurethane,Silver,,25.99,/241/54/219442_EC_1,219442_EC_1.jpg,none,,,,,
219442_GN,219442,Crossbody Bag SELVA1 Green,_GN,Green,Hand Bag,Cross,Plain PU,Polyester; Polyurethane; Polyurethane,Silver,,25.99,/241/54/219442_GN_1,219442_GN_1.jpg,none,,,,,
219442_MD,219442,Crossbody Bag SELVA1 Mustard,_MD,Mustard,Hand Bag,Cross,Plain PU,Polyester; Polyurethane; Polyurethane,Silver,,25.99,/241/54/219442_MD_1,219442_MD_1.jpg,none,,,,,
219474_BK,219474,Shoulder Strap for Bags ZOO1 Black,_BK,Black,Hand Bag,Shoulder Strap,Plain Fabric,Polyester; Zinc,Silver,,4.99,/241/54/219474_BK_1,219474_BK_1.jpg,none,,,,,
219474_EC,219474,Shoulder Strap for Bags ZOO1 Ecru,_EC,Ecru,Hand Bag,Shoulder Strap,Plain Fabric,Polyester; Zinc,Silver,,4.99,/241/54/219474_EC_1,219474_EC_1.jpg,none,,,,,
219475_BK,219475,Shoulder Strap for Bags ZOO1 Black,_BK,Black,Hand Bag,Shoulder Strap,Plain Fabric,Polyester; Zinc,Silver,,4.99,/241/54/219475_BK_1,219475_BK_1.jpg,none,,,,,
219475_EC,219475,Shoulder Strap for Bags ZOO1 Ecru,_EC,Ecru,Hand Bag,Shoulder Strap,Plain Fabric,Polyester; Zinc,Silver,,4.99,/241/54/219475_EC_1,219475_EC_1.jpg,none,,,,,
219475_TU,219475,Shoulder Strap for Bags ZOO1 Taupe,_TU,Taupe,Hand Bag,Shoulder Strap,Plain Fabric,Polyester; Zinc,Silver,,4.99,/241/54/219475_TU_1,219475_TU_1.jpg,none,,,,,
219516_KK,219516,Tote Bag STRIPES2 Khaki,_KK,Khaki,Hand Bag,Tote,Plain PU,Polyester; Polyurethane; Polyurethane,Silver,,25.99,/241/54/219516_KK_1,219516_KK_1.jpg,none,,,,,
219544NC,219544,Shopper Bag BUZIOS Natural Color,NC,Natural Color,Hand Bag,Shopper,Jute,Cotton; Linen; Polyurethane; Shell; Jute,Light Golden,,25.99,/241/54/219544NC_1,219544NC_1.jpg,none,,,,,
219550NC,219550,Bucket Bag CARIBE Natural Color,NC,Natural Color,Hand Bag,Bucket,Straw,Cotton; Cotton; Polyester; Polyester; Polyurethane; Straw; Viscose; Wood,Light Golden,,23.99,/241/54/219550NC_1,219550NC_1.jpg,none,,,,,
219566NC,219566,Backpack BUZIOS Natural Color,NC,Natural Color,Hand Bag,Backpack,Paper straw,Cotton; Paper; Polyester; Polyurethane,Light Golden,,29.99,/241/54/219566NC_1,219566NC_1.jpg,none,,,,,
219577_BL,219577,Crossbody Bag CARIBE Blue,_BL,Blue,Hand Bag,Cross,Patchwork,Cotton; Polyester; Polyester; Polyurethane; Polyurethane,Silver,,23.99,/241/54/219577_BL_1,219577_BL_1.jpg,none,,,,,
219682_BK,219682,Shoulder Bag CUPIDO3 Black,_BK,Black,Hand Bag,Shoulder Bag,Plain PU,Polyester; Polyurethane; Polyurethane,Silver,,23.99,/241/54/219682_BK_1,219682_BK_1.jpg,none,,,,,
219682_EC,219682,Shoulder Bag CUPIDO3 Ecru,_EC,Ecru,Hand Bag,Shoulder Bag,Plain PU,Polyurethane; Polyurethane; Polyester,Silver,,23.99,/241/54/219682_EC_1,219682_EC_1.jpg,none,,,,,
219682_TU,219682,Shoulder Bag CUPIDO3 Taupe,_TU,Taupe,Hand Bag,Shoulder Bag,Plain PU,Polyester; Polyurethane; Polyurethane,Silver,,23.99,/241/54/219682_TU_1,219682_TU_1.jpg,none,,,,,
219709NC,219709,Sac CURRY2 Natural Color,NC,Natural Color,Hand Bag,Sac,Paper straw,Cotton; Linen; Paper; Polyester; Polyurethane,Silver,,25.99,/241/54/219709NC_1,219709NC_1.jpg,none,,,,,
219799_EC,219799,Shoulder Bag FRINGES CAPSULE Ecru,_EC,Ecru,Hand Bag,Shoulder Bag,Real Suede,Cotton; Cow Suede Leather,,,39.99,/242/54/219799_EC_1,219799_EC_1.jpg,none,,,,,
219799_PU,219799,Shoulder Bag FRINGES CAPSULE Purple,_PU,Purple,Hand Bag,Shoulder Bag,Real Suede,Cotton; Cow Suede Leather,,,39.99,/242/54/219799_PU_1,219799_PU_1.jpg,none,,,,,
220132_WT,220132,Backpack STRAWBERRY White,_WT,White,Hand Bag,Backpack,Printed PU,Polyurethane; Polyurethane; Polyester,Silver,,25.99,/242/54/220132_WT_1,220132_WT_1.jpg,none,,,,,
220168_BG,220168,Backpack SAHARA Beige,_BG,Beige,Hand Bag,Backpack,Canvas,Polyester; Polyurethane; Cotton,Silver,,19.99,/242/54/220168_BG_1,220168_BG_1.jpg,none,,,,,
220168_KK,220168,Backpack SAHARA Khaki,_KK,Khaki,Hand Bag,Backpack,Canvas,Cotton; Polyester; Polyurethane,Silver,,19.99,/242/54/220168_KK_1,220168_KK_1.jpg,none,,,,,
220168_MD,220168,Backpack SAHARA Mustard,_MD,Mustard,Hand Bag,Backpack,Canvas,Cotton; Polyester; Polyurethane,Silver,,19.99,/242/54/220168_MD_1,220168_MD_1.jpg,none,,,,,
220180_WT,220180,Lunch Bag STRAWBERRY White,_WT,White,Hand Bag,Lunch Bag,Printed Fake Nylon,Polyester; Polyurethane; Polyester; Polyethylene Terephthalate,Silver,,19.99,/242/54/220180_WT_1,220180_WT_1.jpg,none,,,,,
220356_BK,220356,Sac POPEYE2 Black,_BK,Black,Hand Bag,Sac,Fantasy Fabric,Polyester; Polyester; Polyurethane; Polyurethane,Light Golden,,29.99,/241/54/220356_BK_1,220356_BK_1.jpg,none,,,,,
220399_EC,220399,Tote Bag HONDURAS Ecru,_EC,Ecru,Hand Bag,Tote,Crochet,Cotton; Cotton; Polyester; Polyester; Polyurethane,Light Golden,,25.99,/242/54/220399_EC_1,220399_EC_1.jpg,none,,,,,
220417DNC,220417,Crossbody Bag HONDURAS Dark Natural Color,DNC,Dark Natural Color,Hand Bag,Cross,Paper straw,Polyester; Polyurethane; Cotton; Paper,Light Golden,,25.99,/242/54/220417DNC_1,220417DNC_1.jpg,none,,,,,
220423_CA,220423,Shoulder Bag MAORI2 Camel,_CA,Camel,Hand Bag,Shoulder Bag,Plain PU,Polyester; Polyurethane; Polyurethane,Light Golden,,19.99,/242/54/220423_CA_1,220423_CA_1.jpg,none,,,,,
220660_EC,220660,Crossbody Bag MADEIRA Ecru,_EC,Ecru,Hand Bag,Cross,Crochet,Cotton; Cotton,Silver,,25.99,/241/54/220660_EC_1,220660_EC_1.jpg,none,,,,,
220660_RD,220660,Crossbody Bag MADEIRA Red,_RD,Red,Hand Bag,Cross,Crochet,Cotton; Cotton,Silver,,25.99,/241/54/220660_RD_1,220660_RD_1.jpg,none,,,,,
220891_BL,220891,Shopper Bag WOODY1 Blue,_BL,Blue,Hand Bag,Shopper,Plain PU,Polyurethane; Cotton; Polyester; Polyester; Polyurethane; Polyurethane; Polyurethane,,,27.99,/241/54/220891_BL_1,220891_BL_1.jpg,none,,,,,
220891_EC,220891,Shopper Bag WOODY1 Ecru,_EC,Ecru,Hand Bag,Shopper,Plain PU,Cotton; Polyester; Polyester; Polyurethane; Polyurethane; Polyurethane; Polyurethane,,,27.99,/241/54/220891_EC_1,220891_EC_1.jpg,none,,,,,
220891_KK,220891,Shopper Bag WOODY1 Khaki,_KK,Khaki,Hand Bag,Shopper,Plain PU,Cotton; Polyester; Polyester; Polyurethane; Polyurethane; Polyurethane; Polyurethane,,,27.99,/241/54/220891_KK_1,220891_KK_1.jpg,none,,,,,
220892NC,220892,Crossbody Bag WOODY3 Natural Color,NC,Natural Color,Hand Bag,Cross,Fake straw,Polyester; Polyester; Polypropylene; Polyurethane; Polyurethane,,,27.99,/241/54/220892NC_1,220892NC_1.jpg,none,,,,,
220895_EC,220895,Sac WOODY2 Ecru,_EC,Ecru,Hand Bag,Sac,Fantasy PU,Polyester; Polyester; Polyurethane; Polyurethane; Polyurethane,,,25.99,/241/54/220895_EC_1,220895_EC_1.jpg,none,,,,,
220895_GN,220895,Sac WOODY2 Green,_GN,Green,Hand Bag,Sac,Fantasy PU,Polyester; Polyester; Polyurethane; Polyurethane; Polyurethane,,,25.99,/241/54/220895_GN_1,220895_GN_1.jpg,none,,,,,
220895_PU,220895,Sac WOODY2 Purple,_PU,Purple,Hand Bag,Sac,Fantasy PU,Polyurethane; Polyester; Polyester; Polyurethane; Polyurethane,,,25.99,/241/54/220895_PU_1,220895_PU_1.jpg,none,,,,,
220895_TU,220895,Sac WOODY2 Taupe,_TU,Taupe,Hand Bag,Sac,Fantasy PU,Polyester; Polyester; Polyurethane; Polyurethane; Polyurethane,,,25.99,/241/54/220895_TU_1,220895_TU_1.jpg,none,,,,,
220902NC,220902,Bucket Bag KOLKATA1 Natural Color,NC,Natural Color,Hand Bag,Bucket,Jute,Cow Leather; Polyurethane; Jute,,,23.99,/242/54/220902NC_1,220902NC_1.jpg,none,,,,,
221012_SV,221012,Shopper Bag SUEDE BALLS Silver,_SV,Silver,Hand Bag,Shopper,Leather,Cow Leather; Cow Leather,,,45.99,/241/54/221012_SV_1,221012_SV_1.jpg,none,,,,,
221075_SV,221075,Sac PADDED NYLON CAPSULE Silver,_SV,Silver,Hand Bag,Sac,Nylon,Polyamide; Polyester; Polyurethane,,,25.99,/241/54/221075_SV_1,221075_SV_1.jpg,none,,,,,
221077_BK,221077,Sac PADDED NYLON CAPSULE Black,_BK,Black,Hand Bag,Sac,Nylon,Polyester; Polyester; Polyurethane,,,29.99,/241/54/221077_BK_3,221077_BK_3.jpg,none,,,,,
221077_BL,221077,Sac PADDED NYLON CAPSULE Blue,_BL,Blue,Hand Bag,Sac,Nylon,Polyester; Polyester; Polyurethane,,,29.99,/241/54/221077_BL_1,221077_BL_1.jpg,none,,,,,
221221_BL,221221,Tote Bag MAORI3 Blue,_BL,Blue,Hand Bag,Tote,Peach PU,Polyester; Polyurethane; Polyurethane,Silver,,23.99,/242/54/221221_BL_1,221221_BL_1.jpg,none,,,,,
221221_IC,221221,Tote Bag MAORI3 Ice,_IC,Ice,Hand Bag,Tote,Peach PU,Polyester; Polyurethane; Polyurethane,Silver,,23.99,/242/54/221221_IC_1,221221_IC_1.jpg,none,,,,,
221221_TU,221221,Tote Bag MAORI3 Taupe,_TU,Taupe,Hand Bag,Tote,Peach PU,Polyester; Polyurethane; Polyurethane,Silver,,23.99,/242/54/221221_TU_1,221221_TU_1.jpg,none,,,,,
221221_YL,221221,Tote Bag MAORI3 Yellow,_YL,Yellow,Hand Bag,Tote,Peach PU,Polyester; Polyurethane; Polyurethane,Silver,,23.99,/242/54/221221_YL_1,221221_YL_1.jpg,none,,,,,
221309_CA,221309,Tote Bag MAORI1 Camel,_CA,Camel,Hand Bag,Tote,Plain PU,Polyester; Polyurethane; Polyurethane,Silver,,25.99,/242/54/221309_CA_1,221309_CA_1.jpg,none,,,,,
221309_WT,221309,Tote Bag MAORI1 White,_WT,White,Hand Bag,Tote,Plain PU,Polyester; Polyurethane; Polyurethane,Silver,,25.99,/242/54/221309_WT_1,221309_WT_1.jpg,none,,,,,
221329_GD,221329,Tote Bag KOLKATA3 Gold,_GD,Gold,Hand Bag,Tote,Fantasy Fabric,Polyester; Polypropylene; Polyurethane; Polyurethane; Polyethylene,,,27.99,/242/54/221329_GD_1,221329_GD_1.jpg,none,,,,,
221433_CA,221433,Crossbody Bag ULLA Camel,_CA,Camel,Hand Bag,Cross,Fantasy PU,Polyester; Polyurethane; Polyurethane,Light Golden,,25.99,/242/54/221433_CA_1,221433_CA_1.jpg,none,,,,,
221441_EC,221441,Crossbody Bag MAORI3 Ecru,_EC,Ecru,Hand Bag,Cross,Nylon,Polyester; Polyester; Polyester; Polyester; Polyester; Polyester; Polyurethane,Silver,,25.99,/242/54/221441_EC_1,221441_EC_1.jpg,none,,,,,
221603_BK,221603,Sac NIZA1 Black,_BK,Black,Hand Bag,Sac,Plain PU,Polyurethane; Polyurethane,,,27.99,/242/54/221603_BK_1,221603_BK_1.jpg,none,,,,,
221603_EC,221603,Sac NIZA1 Ecru,_EC,Ecru,Hand Bag,Sac,Plain PU,Polyurethane; Polyurethane,,,27.99,/242/54/221603_EC_1,221603_EC_1.jpg,none,,,,,
221641_BM,221641,Tote Bag MAORI2 Bright Multicolor,_BM,Bright Multicolor,Hand Bag,Tote,Printed Nylon,Polyester; Polyester; Polyurethane,Silver,,25.99,/242/54/221641_BM_1,221641_BM_1.jpg,none,,,,,
221648_GN,221648,Backpack FLORA Green,_GN,Green,Hand Bag,Backpack,Printed PU,Polyester; Polyurethane; Polyurethane,Silver,,25.99,/242/54/221648_GN_1,221648_GN_1.jpg,none,,,,,
221650_BK,221650,Crossbody Bag MAORI2 Black,_BK,Black,Hand Bag,Cross,Plain PU,Polyester; Polyurethane; Polyurethane,Silver,,25.99,/242/54/221650_BK_1,221650_BK_1.jpg,none,,,,,
221650_EC,221650,Crossbody Bag MAORI2 Ecru,_EC,Ecru,Hand Bag,Cross,Plain PU,Polyester; Polyurethane; Polyurethane,Silver,,25.99,/242/54/221650_EC_1,221650_EC_1.jpg,none,,,,,
221650_OR,221650,Crossbody Bag MAORI2 Orange,_OR,Orange,Hand Bag,Cross,Plain PU,Polyester; Polyurethane; Polyurethane,Silver,,25.99,/242/54/221650_OR_1,221650_OR_1.jpg,none,,,,,
221716DNC,221716,Tote Bag ULLA Dark Natural Color,DNC,Dark Natural Color,Hand Bag,Tote,Paper straw,Cotton; Cotton; Iron; Iron; Linen; Paper; Polyurethane; Polyurethane; Wood,Light Golden,,29.99,/242/54/221716DNC_1,221716DNC_1.jpg,none,,,,,
221761NC,221761,Shopper Bag ANASTASIA Natural Color,NC,Natural Color,Hand Bag,Shopper,Paper straw,Cotton; Cotton; Iron; Iron; Iron; Linen; Paper; Polyurethane; Polyurethane,,,27.99,/242/54/221761NC_1,221761NC_1.jpg,none,,,,,
221774NC,221774,Crossbody Bag ANASTASIA Natural Color,NC,Natural Color,Hand Bag,Cross,Paper straw,Polyurethane; Polyurethane; Iron; Iron; Linen; Paper,Light Golden,,25.99,/242/54/221774NC_1,221774NC_1.jpg,none,,,,,
221856_BG,221856,Backpack NATALIA Beige,_BG,Beige,Hand Bag,Backpack,Fake Nylon,Polyester; Polyurethane; Polyurethane,Light Golden,,25.99,/242/54/221856_BG_1,221856_BG_1.jpg,none,,,,,
221869_BU,221869,Shoulder Bag FRINGES CAPSULE Burgundy,_BU,Burgundy,Hand Bag,Shoulder Bag,Real Suede,Cotton; Cow Suede Leather,Silver,,35.99,/242/54/221869_BU_1,221869_BU_1.jpg,none,,,,,
221869_CA,221869,Shoulder Bag FRINGES CAPSULE Camel,_CA,Camel,Hand Bag,Shoulder Bag,Real Suede,Cotton; Cow Suede Leather,Silver,,35.99,/242/54/221869_CA_1,221869_CA_1.jpg,none,,,,,
221869_GN,221869,Shoulder Bag FRINGES CAPSULE Green,_GN,Green,Hand Bag,Shoulder Bag,Real Suede,Cotton; Cow Suede Leather,Silver,,35.99,/242/54/221869_GN_1,221869_GN_1.jpg,none,,,,,
221922NC,221922,Shopper Bag CURRY1 Natural Color,NC,Natural Color,Hand Bag,Shopper,Paper straw,Cotton; Cotton; Paper; Polyester; Polyurethane; glass bead,,,25.99,/241/54/221922NC_1,221922NC_1.jpg,none,,,,,
221922_LM,221922,Shopper Bag CURRY1 Lime,_LM,Lime,Hand Bag,Shopper,Paper straw,Cotton; Cotton; Paper; Polyester; Polyurethane; glass bead,,,25.99,/241/54/221922_LM_1,221922_LM_1.jpg,none,,,,,
222000_OR,222000,Tote Bag GOLDEN BAY2 Orange,_OR,Orange,Hand Bag,Tote,Fantasy PU,Polyester; Polyurethane; Polyurethane,Silver,,19.99,/242/54/222000_OR_1,222000_OR_1.jpg,none,,,,,
222000_PK,222000,Tote Bag GOLDEN BAY2 Pink,_PK,Pink,Hand Bag,Tote,Fantasy PU,Polyester; Polyurethane; Polyurethane,Silver,,19.99,/242/54/222000_PK_1,222000_PK_1.jpg,none,,,,,
222000_SV,222000,Tote Bag GOLDEN BAY2 Silver,_SV,Silver,Hand Bag,Tote,Fantasy PU,Polyester; Polyurethane; Polyurethane,Silver,,19.99,/242/54/222000_SV_1,222000_SV_1.jpg,none,,,,,
222174_OR,222174,Sac GOLDEN BAY3 Orange,_OR,Orange,Hand Bag,Sac,Plain PU,Polyester; Polyurethane; Polyurethane,Light Golden,,23.99,/242/54/222174_OR_1,222174_OR_1.jpg,none,,,,,
222221_BG,222221,Computer Hand Bag HASHTAG1 Beige,_BG,Beige,Hand Bag,Computer Hand Bag,Fake Nylon,Polyester; Polyester; Polyester; Polyurethane; Polyurethane; Polyurethane; Polyurethane,Light Golden,,29.99,/242/54/222221_BG_1,222221_BG_1.jpg,none,,,,,
222221_BK,222221,Computer Hand Bag HASHTAG3 Black,_BK,Black,Hand Bag,Computer Hand Bag,Fake Nylon,Polyester; Polyester; Polyester; Polyurethane; Polyurethane; Polyurethane; Polyurethane,Light Golden,,29.99,/242/54/222221_BK_1,222221_BK_1.jpg,none,,,,,
222221_KK,222221,Computer Hand Bag HASHTAG3 Khaki,_KK,Khaki,Hand Bag,Computer Hand Bag,Fake Nylon,Polyester; Polyurethane; Polyurethane; Polyurethane; Polyurethane; Polyester; Polyester,Light Golden,,29.99,/242/54/222221_KK_1,222221_KK_1.jpg,none,,,,,
222223_BG,222223,Handbag HASHTAG1 Beige,_BG,Beige,Hand Bag,Computer Backpack,Fake Nylon,Polyester; Polyester; Polyurethane; Polyurethane,Silver,,29.99,/242/54/222223_BG_1,222223_BG_1.jpg,none,,,,,
222223_BK,222223,Handbag HASHTAG1 Black,_BK,Black,Hand Bag,Computer Backpack,Fake Nylon,Polyester; Polyester; Polyurethane; Polyurethane,Silver,,29.99,/242/54/222223_BK_1,222223_BK_1.jpg,none,,,,,
222235_BG,222235,Crossbody Bag HASHTAG1 Beige,_BG,Beige,Hand Bag,Cross,Fake Nylon,Polyester; Polyurethane; Polyester,Light Golden,,25.99,/242/54/222235_BG_1,222235_BG_1.jpg,none,,,,,
222235_BK,222235,Crossbody Bag HASHTAG1 Black,_BK,Black,Hand Bag,Cross,Fake Nylon,Polyester; Polyester; Polyurethane,Light Golden,,25.99,/242/54/222235_BK_1,222235_BK_1.jpg,none,,,,,
222235_MD,222235,Crossbody Bag HASHTAG3 Mustard,_MD,Mustard,Hand Bag,Cross,Fake Nylon,Polyester; Polyester; Polyurethane,Silver,,25.99,/242/54/222235_MD_1,222235_MD_1.jpg,none,,,,,
222243NC,222243,Shopper Bag KOLKATA1 Natural Color,NC,Natural Color,Hand Bag,Shopper,Jute,Cotton; Cotton; Jute; glass bead,,,25.99,/242/54/222243NC_1,222243NC_1.jpg,none,,,,,
222252NC,222252,Bucket Bag KOLKATA1 Natural Color,NC,Natural Color,Hand Bag,Bucket,Jute,Cotton; Cotton; Jute; glass bead,,,19.99,/242/54/222252NC_1,222252NC_1.jpg,none,,,,,
222264_NV,222264,Crossbody Bag PALMS Navy,_NV,Navy,Hand Bag,Cross,Printed PU,Polyester; Polyurethane; Polyurethane,Silver,,25.99,/242/54/222264_NV_1,222264_NV_1.jpg,none,,,,,
222334_BK,222334,Crossbody Bag BARDOT Black,_BK,Black,Hand Bag,Cross,Animal Embossed PU,Polyurethane; Polyurethane; Polyester,,,27.99,/242/54/222334_BK_1,222334_BK_1.jpg,none,,,,,
222334_CA,222334,Crossbody Bag BARDOT Camel,_CA,Camel,Hand Bag,Cross,Animal Embossed PU,Polyurethane; Polyurethane; Polyester,,,27.99,/242/54/222334_CA_1,222334_CA_1.jpg,none,,,,,
222339_BK,222339,Shopper Bag DAMERO1 Black,_BK,Black,Hand Bag,Shopper,Plain PU,Polyester; Polyurethane; Polyurethane; Polyurethane,,,27.99,/242/54/222339_BK_1,222339_BK_1.jpg,none,,,,,
222339_TU,222339,Shopper Bag DAMERO1 Taupe,_TU,Taupe,Hand Bag,Shopper,Plain PU,Polyester; Polyurethane; Polyurethane; Polyurethane,,,27.99,/242/54/222339_TU_1,222339_TU_1.jpg,none,,,,,
222339_WT,222339,Shopper Bag DAMERO1 White,_WT,White,Hand Bag,Shopper,Plain PU,Polyester; Polyurethane; Polyurethane; Polyurethane,,,27.99,/242/54/222339_WT_1,222339_WT_1.jpg,none,,,,,
222350_BK,222350,Crossbody Bag DAMERO3 Black,_BK,Black,Hand Bag,Cross,Plain PU,Polyester; Polyurethane; Polyurethane,Silver,,25.99,/242/54/222350_BK_1,222350_BK_1.jpg,none,,,,,
222350_LM,222350,Crossbody Bag DAMERO3 Lime,_LM,Lime,Hand Bag,Cross,Plain PU,Polyester; Polyurethane; Polyurethane,Silver,,25.99,/242/54/222350_LM_1,222350_LM_1.jpg,none,,,,,
222350_TU,222350,Crossbody Bag DAMERO3 Taupe,_TU,Taupe,Hand Bag,Cross,Plain PU,Polyester; Polyurethane; Polyurethane,Silver,,25.99,/242/54/222350_TU_1,222350_TU_1.jpg,none,,,,,
222350_WT,222350,Crossbody Bag DAMERO3 White,_WT,White,Hand Bag,Cross,Plain PU,Polyester; Polyurethane; Polyurethane,Silver,,25.99,/242/54/222350_WT_1,222350_WT_1.jpg,none,,,,,
222362_SV,222362,Bucket Bag DAMERO2 Silver,_SV,Silver,Hand Bag,Bucket,Fantasy PU,Cotton; Polyurethane; Polyurethane,Silver,,23.99,/242/54/222362_SV_1,222362_SV_1.jpg,none,,,,,
222398_RD,222398,Shopper Bag KOLKATA2 Red,_RD,Red,Hand Bag,Shopper,Fantasy Fabric,Cotton; Polyester,,,35.99,/242/54/222398_RD_1,222398_RD_1.jpg,none,,,,,
222398_YL,222398,Shopper Bag KOLKATA2 Yellow,_YL,Yellow,Hand Bag,Shopper,Fantasy Fabric,Cotton; Polyester,,,35.99,/242/54/222398_YL_1,222398_YL_1.jpg,none,,,,,
222466_BK,222466,Tote Bag DAMERO2 Black,_BK,Black,Hand Bag,Tote,Crochet,Fiberglass; Cotton; Cotton,,,35.99,/242/54/222466_BK_1,222466_BK_1.jpg,none,,,,,
222730NC,222730,Tote Bag KOLKATA3 Natural Color,NC,Natural Color,Hand Bag,Tote,Fake straw,Polyester; Polyester; Polypropylene; Polyurethane; Polyurethane,Light Golden,,29.99,/242/54/222730NC_1,222730NC_1.jpg,none,,,,,
222816_BK,222816,Crossbody Bag DALMATA2 Black,_BK,Black,Hand Bag,Cross,Peach PU,Cotton; Polyester; Polyurethane; Polyurethane,,,27.99,/242/54/222816_BK_1,222816_BK_1.jpg,none,,,,,
222816_BU,222816,Crossbody Bag DALMATA2 Burgundy,_BU,Burgundy,Hand Bag,Cross,Peach PU,Cotton; Polyester; Polyurethane; Polyurethane,,,27.99,/242/54/222816_BU_1,222816_BU_1.jpg,none,,,,,
222816_EC,222816,Crossbody Bag DALMATA2 Ecru,_EC,Ecru,Hand Bag,Cross,Peach PU,Cotton; Polyester; Polyurethane; Polyurethane,,,27.99,/242/54/222816_EC_1,222816_EC_1.jpg,none,,,,,
222857_BK,222857,Crossbody Bag DALMATA2 Black,_BK,Black,Hand Bag,Cross,Printed Nylon,Polyamide; Polyester; Polyurethane; Polyurethane,Silver,,25.99,/242/54/222857_BK_1,222857_BK_1.jpg,none,,,,,
222895_BK,222895,Crossbody Bag DAMERO3 Black,_BK,Black,Hand Bag,Cross,Nylon,Polyester; Polyester; Polyester; Polyester; Polyurethane; Polyurethane,Light Golden,,25.99,/242/54/222895_BK_1,222895_BK_1.jpg,none,,,,,
222895_EC,222895,Crossbody Bag DAMERO3 Ecru,_EC,Ecru,Hand Bag,Cross,Nylon,Polyurethane; Polyurethane; Polyester; Polyester; Polyester; Polyester,Light Golden,,25.99,/242/54/222895_EC_1,222895_EC_1.jpg,none,,,,,
222895_TU,222895,Crossbody Bag DAMERO3 Taupe,_TU,Taupe,Hand Bag,Cross,Nylon,Polyester; Polyester; Polyester; Polyester; Polyurethane; Polyurethane,Light Golden,,25.99,/242/54/222895_TU_1,222895_TU_1.jpg,none,,,,,
222904_BK,222904,Handbag DALMATA3 Black,_BK,Black,Hand Bag,Computer Backpack,Nylon,Polyester; Cotton; Polyester; Polyester; Polyester; Polyurethane; Polyester,Silver,,29.99,/242/54/222904_BK_1,222904_BK_1.jpg,none,,,,,
222904_TU,222904,Handbag DALMATA3 Taupe,_TU,Taupe,Hand Bag,Computer Backpack,Nylon,Cotton; Polyester; Polyester; Polyester; Polyurethane; Polyester,Silver,,29.99,/242/54/222904_TU_1,222904_TU_1.jpg,none,,,,,
222937_CA,222937,Sac JOPLIN Camel,_CA,Camel,Hand Bag,Sac,Real Suede,Iron; Polyester; Polyurethane; Iron; Cow Suede Leather; Polyurethane,Light Golden,,35.99,/242/54/222937_CA_1,222937_CA_1.jpg,none,,,,,
222944_BK,222944,Sac DALMATA3 Black,_BK,Black,Hand Bag,Sac,Printed Fabric,Polyurethane; Polyester; Polyester,Silver,,23.99,/242/54/222944_BK_1,222944_BK_1.jpg,none,,,,,
222946_BK,222946,Tote Bag AVERY Black,_BK,Black,Hand Bag,Tote,Plain PU,Polyurethane; Polyester; Polyester; Polyurethane; Polyester; Polyurethane; Polyurethane; Polyurethane,Light Golden,,25.99,/242/54/222946_BK_1,222946_BK_1.jpg,none,,,,,
222946_BN,222946,Tote Bag AVERY Brown,_BN,Brown,Hand Bag,Tote,Plain PU,Polyurethane; Polyurethane; Polyester; Polyester; Polyurethane; Polyester; Polyurethane; Polyurethane,Light Golden,,25.99,/242/54/222946_BN_1,222946_BN_1.jpg,none,,,,,
222946_CA,222946,Tote Bag AVERY Camel,_CA,Camel,Hand Bag,Tote,Plain PU,Polyurethane; Polyester; Polyurethane; Polyester; Polyurethane; Polyester; Polyurethane; Polyurethane,Light Golden,,25.99,/242/54/222946_CA_1,222946_CA_1.jpg,none,,,,,
222946_EC,222946,Tote Bag AVERY Ecru,_EC,Ecru,Hand Bag,Tote,Plain PU,Polyurethane; Polyester; Polyurethane; Polyester; Polyurethane; Polyester; Polyurethane; Polyurethane,Light Golden,,25.99,/242/54/222946_EC_1,222946_EC_1.jpg,none,,,,,
222946_NV,222946,Tote Bag AVERY Navy,_NV,Navy,Hand Bag,Tote,Plain PU,Polyurethane; Polyester; Polyurethane; Polyester; Polyurethane; Polyester; Polyurethane; Polyurethane,Light Golden,,25.99,/242/54/222946_NV_1,222946_NV_1.jpg,none,,,,,
222950_BK,222950,Handbag JACKSON 1 Black,_BK,Black,Hand Bag,Computer Backpack,Nylon,Polyester; Polyurethane; Polyurethane; Zinc; Polyester; Polyester,,,32.99,/242/54/222950_BK_1,222950_BK_1.jpg,none,,,,,
222950_BL,222950,Handbag JACKSON 1 Blue,_BL,Blue,Hand Bag,Computer Backpack,Nylon,Polyester; Polyester; Polyurethane; Polyurethane; Zinc; Polyester,Silver,,32.99,/242/54/222950_BL_1,222950_BL_1.jpg,none,,,,,
222950_EC,222950,Handbag JACKSON 1 Ecru,_EC,Ecru,Hand Bag,Computer Backpack,Nylon,Polyester; Polyurethane; Zinc; Polyester; Polyurethane; Polyester,,,32.99,/242/54/222950_EC_1,222950_EC_1.jpg,none,,,,,
222950_KK,222950,Handbag JACKSON 1 Khaki,_KK,Khaki,Hand Bag,Computer Backpack,Nylon,Polyester; Zinc; Polyester; Polyurethane; Polyurethane; Polyester,,,32.99,/242/54/222950_KK_1,222950_KK_1.jpg,none,,,,,
223022_BK,223022,Computer Hand Bag BAKER Black,_BK,Black,Hand Bag,Computer Hand Bag,Plain PU,Polyester; Polyester; Polyester; Polyester; Polyurethane; Polyurethane; Polyurethane; Polyurethane; Polyester; Polyester,Light Golden,,35.99,/242/54/223022_BK_1,223022_BK_1.jpg,none,,,,,
223022_CA,223022,Computer Hand Bag BAKER Camel,_CA,Camel,Hand Bag,Computer Hand Bag,Plain PU,Polyester; Polyester; Polyester; Polyurethane; Polyurethane; Polyester; Polyurethane; Polyester; Polyester; Polyurethane,Light Golden,,35.99,/242/54/223022_CA_1,223022_CA_1.jpg,none,,,,,
223022_EC,223022,Computer Hand Bag BAKER Ecru,_EC,Ecru,Hand Bag,Computer Hand Bag,Plain PU,Polyester; Polyester; Polyester; Polyurethane; Polyurethane; Polyester; Polyurethane; Polyester; Polyester; Polyurethane,Light Golden,,35.99,/242/54/223022_EC_1,223022_EC_1.jpg,none,,,,,
223037_NV,223037,Tote Bag MAORI3 Navy,_NV,Navy,Hand Bag,Tote,Nylon,Polyester; Polyester; Polyurethane; Polyurethane,Light Golden,,25.99,/242/54/223037_NV_1,223037_NV_1.jpg,none,,,,,
223045_BK,223045,Sac ZIMBA3 Black,_BK,Black,Hand Bag,Sac,Plain PU,Polyurethane; Polyurethane; Polyurethane; Polyester,,,27.99,/242/54/223045_BK_1,223045_BK_1.jpg,none,,,,,
223045_EC,223045,Sac ZIMBA3 Ecru,_EC,Ecru,Hand Bag,Sac,Plain PU,Polyurethane; Polyurethane; Polyester; Polyurethane,,,27.99,/242/54/223045_EC_1,223045_EC_1.jpg,none,,,,,
223331_BM,223331,Sac ZIMBA2 Bright Multicolor,_BM,Bright Multicolor,Hand Bag,Sac,Patchwork,Polyester; Polyester; Polyurethane; Polyurethane; Cow Leather; Polyester; Cow Leather; Polyurethane,Light Golden,,69.99,/242/54/223331_BM_1,223331_BM_1.jpg,none,,,,,
223380_WT,223380,Crossbody Bag ZIMBA3 White,_WT,White,Hand Bag,Cross,Real Fur,Cow Leather; Polyurethane; Cow Leather; Polyurethane; Cow Leather; Polyurethane; Polyester; Polyurethane,,,39.99,/242/54/223380_WT_1,223380_WT_1.jpg,none,,,,,
223394_CA,223394,Shopper Bag ISABELA Camel,_CA,Camel,Hand Bag,Shopper,Printed PU,Cotton; Cotton; Linen; Linen; Polyurethane; Polyurethane; Polyurethane,Light Golden,,25.99,/242/54/223394_CA_1,223394_CA_1.jpg,none,,,,,
223394_PK,223394,Shopper Bag ISABELA Pink,_PK,Pink,Hand Bag,Shopper,Printed PU,Cotton; Cotton; Linen; Linen; Polyurethane; Polyurethane; Polyurethane,Light Golden,,25.99,/242/54/223394_PK_1,223394_PK_1.jpg,none,,,,,
223427_BK,223427,Backpack LOHAN Black,_BK,Black,Hand Bag,Backpack,Plain PU,Polyurethane; Polyester; Polyester; Polyurethane,,,27.99,/242/54/223427_BK_1,223427_BK_1.jpg,none,,,,,
223427_EC,223427,Backpack LOHAN Ecru,_EC,Ecru,Hand Bag,Backpack,Plain PU,Polyester; Polyurethane; Polyester; Polyurethane,,,27.99,/242/54/223427_EC_1,223427_EC_1.jpg,none,,,,,
223429_BK,223429,Tote Bag LOHAN Black,_BK,Black,Hand Bag,Tote,Jacquard,Polyurethane; Polyurethane; Polyester; Polyurethane; Polyester; Polyester,Light Golden,,25.99,/242/54/223429_BK_1,223429_BK_1.jpg,none,,,,,
223484_TU,223484,Shopper Bag SUEDE BALLS Taupe,_TU,Taupe,Hand Bag,Shopper,Real Suede,Cow Suede Leather; Cow Leather,Silver,,49.99,/242/54/223484_TU_1,223484_TU_1.jpg,none,,,,,
223610_BK,223610,Shopper Bag LEO1 Black,_BK,Black,Hand Bag,Shopper,Plain PU,Polyurethane; Polyester; Polyurethane; Polyurethane; Polyurethane; Polyester; Polyester; Polyester,Silver,,29.99,/242/54/223610_BK_1,223610_BK_1.jpg,none,,,,,
223610_BU,223610,Shopper Bag LEO1 Burgundy,_BU,Burgundy,Hand Bag,Shopper,Plain PU,Polyurethane; Polyester; Polyurethane; Polyurethane; Polyurethane; Polyester; Polyester; Polyester,Silver,,29.99,/242/54/223610_BU_1,223610_BU_1.jpg,none,,,,,
223610_EC,223610,Shopper Bag LEO1 Ecru,_EC,Ecru,Hand Bag,Shopper,Plain PU,Polyurethane; Polyester; Polyurethane; Polyurethane; Polyester; Polyurethane; Polyester,Silver,,29.99,/242/54/223610_EC_1,223610_EC_1.jpg,none,,,,,
223612_BK,223612,Tote Bag LEO3 Black,_BK,Black,Hand Bag,Tote,Plain PU,Polyester; Polyurethane; Polyurethane,,,27.99,/242/54/223612_BK_1,223612_BK_1.jpg,none,,,,,
223612_BU,223612,Tote Bag LEO3 Burgundy,_BU,Burgundy,Hand Bag,Tote,Plain PU,Polyurethane; Polyester; Polyurethane,,,27.99,/242/54/223612_BU_1,223612_BU_1.jpg,none,,,,,
223612_CA,223612,Tote Bag LEO3 Camel,_CA,Camel,Hand Bag,Tote,Plain PU,Polyurethane; Polyurethane; Polyester,Silver,,27.99,/242/54/223612_CA_1,223612_CA_1.jpg,none,,,,,
223612_EC,223612,Tote Bag LEO3 Ecru,_EC,Ecru,Hand Bag,Tote,Plain PU,Polyurethane; Polyester; Polyurethane,,,27.99,/242/54/223612_EC_1,223612_EC_1.jpg,none,,,,,
223615_BK,223615,Crossbody Bag LEO2 Black,_BK,Black,Hand Bag,Cross,Printed Nylon,Polyester; Polyester; Polyurethane,Other,,25.99,/242/54/223615_BK_1,223615_BK_1.jpg,none,,,,,
223620_BK,223620,Computer Hand Bag LEO3 Black,_BK,Black,Hand Bag,Computer Hand Bag,Nylon,Polyester; Polyurethane; Polyester,,,35.99,/242/54/223620_BK_1,223620_BK_1.jpg,none,,,,,
223620_CA,223620,Computer Hand Bag LEO3 Camel,_CA,Camel,Hand Bag,Computer Hand Bag,Nylon,Polyurethane; Polyester; Polyester,,,35.99,/242/54/223620_CA_1,223620_CA_1.jpg,none,,,,,
223623_EC,223623,Tote Bag LEO3 Ecru,_EC,Ecru,Hand Bag,Tote,Peach PU,Polyester; Polyester; Polyurethane; Polyurethane; Polyester,Silver,,29.99,/242/54/223623_EC_1,223623_EC_1.jpg,none,,,,,
223634_BK,223634,Crossbody Bag LEO1 Black,_BK,Black,Hand Bag,Cross,Nylon,Polyurethane; Polyurethane; Zinc; Polyester; Polyester; Polyester,,,27.99,/242/54/223634_BK_1,223634_BK_1.jpg,none,,,,,
223634_BU,223634,Crossbody Bag LEO1 Burgundy,_BU,Burgundy,Hand Bag,Cross,Nylon,Polyester; Polyurethane; Zinc; Polyester; Polyester; Polyurethane,,,27.99,/242/54/223634_BU_1,223634_BU_1.jpg,none,,,,,
223634_EC,223634,Crossbody Bag LEO1 Ecru,_EC,Ecru,Hand Bag,Cross,Nylon,Polyurethane; Polyester; Zinc; Polyester; Polyester; Polyurethane,,,27.99,/242/54/223634_EC_1,223634_EC_1.jpg,none,,,,,
223895_BN,223895,Sac CORBATERO3 Brown,_BN,Brown,Hand Bag,Sac,Real Suede,Cow Suede Leather; Polyurethane; Polyurethane,,,32.99,/242/54/223895_BN_1,223895_BN_1.jpg,none,,,,,
223895_BU,223895,Sac CORBATERO3 Burgundy,_BU,Burgundy,Hand Bag,Sac,Real Suede,Cow Suede Leather; Polyurethane; Polyurethane,,,32.99,/242/54/223895_BU_1,223895_BU_1.jpg,none,,,,,
223895_CA,223895,Sac CORBATERO3 Camel,_CA,Camel,Hand Bag,Sac,Real Suede,Cow Suede Leather; Polyurethane; Polyurethane,,,32.99,/242/54/223895_CA_1,223895_CA_1.jpg,none,,,,,
223895_EC,223895,Sac CORBATERO3 Ecru,_EC,Ecru,Hand Bag,Sac,Real Suede,Polyurethane; Cow Suede Leather; Polyurethane,,,32.99,/242/54/223895_EC_1,223895_EC_1.jpg,none,,,,,
223895_KK,223895,Sac CORBATERO3 Khaki,_KK,Khaki,Hand Bag,Sac,Real Suede,Polyurethane; Polyurethane; Cow Suede Leather,,,32.99,/242/54/223895_KK_1,223895_KK_1.jpg,none,,,,,
223895_PK,223895,Sac CORBATERO3 Pink,_PK,Pink,Hand Bag,Sac,Real Suede,Polyurethane; Polyurethane; Cow Suede Leather,,,32.99,/242/54/223895_PK_1,223895_PK_1.jpg,none,,,,,
223929_BK,223929,Shopper Bag SPECIAL SET Black,_BK,Black,Hand Bag,Shopper,Plain PU,Polyurethane; Polyurethane; Polyester,,,27.99,/242/54/223929_BK_1,223929_BK_1.jpg,none,,,,,
223929_CA,223929,Shopper Bag SPECIAL SET Camel,_CA,Camel,Hand Bag,Shopper,Plain PU,Polyurethane; Polyurethane; Polyester,,,27.99,/242/54/223929_CA_1,223929_CA_1.jpg,none,,,,,
223935_BK,223935,Crossbody Bag CORBATERO2 Black,_BK,Black,Hand Bag,Cross,Plain PU,Polyurethane; Polyurethane; Polyester; Polyurethane,,,27.99,/242/54/223935_BK_1,223935_BK_1.jpg,none,,,,,
223935_BN,223935,Crossbody Bag CORBATERO2 Brown,_BN,Brown,Hand Bag,Cross,Plain PU,Polyurethane; Polyurethane; Polyester; Polyurethane,,,27.99,/242/54/223935_BN_1,223935_BN_1.jpg,none,,,,,
223935_CA,223935,Crossbody Bag CORBATERO2 Camel,_CA,Camel,Hand Bag,Cross,Plain PU,Polyurethane; Polyurethane; Polyester; Polyurethane,,,27.99,/242/54/223935_CA_1,223935_CA_1.jpg,none,,,,,
223935_EC,223935,Crossbody Bag CORBATERO2 Ecru,_EC,Ecru,Hand Bag,Cross,Plain PU,Polyurethane; Polyurethane; Polyester; Polyurethane,,,27.99,/242/54/223935_EC_1,223935_EC_1.jpg,none,,,,,
223988_BK,223988,Sac CORBATERO2 Black,_BK,Black,Hand Bag,Sac,Plain PU,Polyurethane; Polyurethane; Polyester,Silver,,25.99,/242/54/223988_BK_1,223988_BK_1.jpg,none,,,,,
223988_BU,223988,Sac CORBATERO2 Burgundy,_BU,Burgundy,Hand Bag,Sac,Plain PU,Polyurethane; Polyester; Polyurethane,Silver,,25.99,/242/54/223988_BU_1,223988_BU_1.jpg,none,,,,,
223988_GN,223988,Sac CORBATERO2 Green,_GN,Green,Hand Bag,Sac,Plain PU,Polyurethane; Polyurethane; Polyester,Silver,,25.99,/242/54/223988_GN_1,223988_GN_1.jpg,none,,,,,
223999_BK,223999,Crossbody Bag CORDY Black,_BK,Black,Hand Bag,Cross,Plain PU,Polyester; Polyurethane; Polyurethane,Light Golden,,25.99,/242/54/223999_BK_1,223999_BK_1.jpg,none,,,,,
223999_CA,223999,Crossbody Bag CORDY Camel,_CA,Camel,Hand Bag,Cross,Plain PU,Polyurethane; Polyester; Polyurethane,Light Golden,,25.99,/242/54/223999_CA_1,223999_CA_1.jpg,none,,,,,
224009_GY,224009,Tote Bag CORDY Grey,_GY,Grey,Hand Bag,Tote,Printed Fake Nylon,Polyester; Polyurethane; Polyester; Polyurethane,Silver,,27.99,/242/54/224009_GY_1,224009_GY_1.jpg,none,,,,,
224097_BK,224097,Sac LORETA Black,_BK,Black,Hand Bag,Sac,Real Suede,Polyester; Polyurethane; Polyurethane; Cow Suede Leather,,,32.99,/242/54/224097_BK_1,224097_BK_1.jpg,none,,,,,
224097_CA,224097,Sac LORETA Camel,_CA,Camel,Hand Bag,Sac,Real Suede,Polyurethane; Polyurethane; Polyester; Cow Suede Leather,,,32.99,/242/54/224097_CA_1,224097_CA_1.jpg,none,,,,,
224136_BK,224136,Backpack LEO2 Black,_BK,Black,Hand Bag,Backpack,Nylon,Polyurethane; Polyester; Polyester; Polyurethane; Polyester; Polyester,,,27.99,/242/54/224136_BK_1,224136_BK_1.jpg,none,,,,,
224439_BL,224439,Shoulder Bag PANTERA3 Blue,_BL,Blue,Hand Bag,Shoulder Bag,Real Suede,Polyurethane; Cow Suede Leather; Cow Suede Leather; Polyester,,,39.99,/242/54/224439_BL_1,224439_BL_1.jpg,none,,,,,
224439_CA,224439,Shoulder Bag PANTERA3 Camel,_CA,Camel,Hand Bag,Shoulder Bag,Real Suede,Polyurethane; Cow Suede Leather; Cow Suede Leather; Polyester,,,39.99,/242/54/224439_CA_1,224439_CA_1.jpg,none,,,,,
224486_BK,224486,Tote Bag PANTERA1 Black,_BK,Black,Hand Bag,Tote,Plain PU,Polyester; Cow Leather; Polyurethane; Polyurethane; Polyurethane; Polyester,,,32.99,/242/54/224486_BK_1,224486_BK_1.jpg,none,,,,,
224649_BK,224649,Shoulder Bag PANTERA3 Black,_BK,Black,Hand Bag,Shoulder Bag,Fantasy PU,Polyurethane; Polyester; Polyurethane,Silver,,29.99,/242/54/224649_BK_1,224649_BK_1.jpg,none,,,,,
224702_BK,224702,Shoulder Bag PANTERA3 Black,_BK,Black,Hand Bag,Shoulder Bag,Fantasy PU,Polyurethane; Polyurethane; Polyester,,,27.99,/242/54/224702_BK_1,224702_BK_1.jpg,none,,,,,
224702_BU,224702,Shoulder Bag PANTERA3 Burgundy,_BU,Burgundy,Hand Bag,Shoulder Bag,Fantasy PU,Polyurethane; Polyester; Polyurethane,,,27.99,/242/54/224702_BU_1,224702_BU_1.jpg,none,,,,,
224702_EC,224702,Shoulder Bag PANTERA3 Ecru,_EC,Ecru,Hand Bag,Shoulder Bag,Fantasy PU,Polyurethane; Polyester; Polyurethane,,,27.99,/242/54/224702_EC_1,224702_EC_1.jpg,none,,,,,
224842_BN,224842,Shopper Bag PANTERA3 Brown,_BN,Brown,Hand Bag,Shopper,Real Fur,Polyurethane; Polyester; Cow Leather; Polyurethane; Polyurethane; Cow Leather; Polyester; Polyester,Silver,,89.99,/242/54/224842_BN_1,224842_BN_1.jpg,none,,,,,
224906_BN,224906,Tote Bag ZIMBA1 Brown,_BN,Brown,Hand Bag,Tote,Fake Suede,Polyurethane; Polyurethane; Polyester,,,27.99,/242/54/224906_BN_1,224906_BN_1.jpg,none,,,,,
224975_BK,224975,Crossbody Bag SCOTS1 Black,_BK,Black,Hand Bag,Cross,Fantasy PU,Polyester; Polyurethane; Polyurethane,Light Golden,,25.99,/242/54/224975_BK_1,224975_BK_1.jpg,none,,,,,
224975_BU,224975,Crossbody Bag SCOTS1 Burgundy,_BU,Burgundy,Hand Bag,Cross,Fantasy PU,Polyurethane; Polyester; Polyurethane,Light Golden,,25.99,/242/54/224975_BU_1,224975_BU_1.jpg,none,,,,,
224975_EC,224975,Crossbody Bag SCOTS1 Ecru,_EC,Ecru,Hand Bag,Cross,Fantasy PU,Polyurethane; Polyurethane; Polyester,Light Golden,,25.99,/242/54/224975_EC_1,224975_EC_1.jpg,none,,,,,
225052_BK,225052,Shopper Bag SCOTS2 Black,_BK,Black,Hand Bag,Shopper,Fantasy PU,Polyurethane; Polyurethane; Polyester,,,32.99,/242/54/225052_BK_1,225052_BK_1.jpg,none,,,,,
225052_BU,225052,Shopper Bag SCOTS2 Burgundy,_BU,Burgundy,Hand Bag,Shopper,Fantasy PU,Polyurethane; Polyester; Polyurethane,,,32.99,/242/54/225052_BU_1,225052_BU_1.jpg,none,,,,,
1328502PM,132850,Ring NILE Pastel Multicolor,2PM,Pastel Multicolor,Jewellery,Rings,Cocktail,Stone; Zinc,Worn Gold,,8.99,/241/52/1328502PM_1,1328502PM_1.jpg,none,,,,,
1521700HM,152170,Bracelet VENDREDI Halftone Multicolor,0HM,Halftone Multicolor,Jewellery,Bracelets,Non-Adjustable Bracelet,Thermoplastic Polyurethane; Zinc; Steel,Brushed Golden,,7.99,/241/52/1521700HM_1,1521700HM_1.jpg,none,,,,,
160035_FU,160035,Key Chain FASHION SUPPLEMENTS Fuchsia,_FU,Fuchsia,Jewellery,Key chains,Figures,Glass; Zinc; Zinc,,,9.99,/241/52/160035_FU_1,160035_FU_1.jpg,none,,,,,
163494_LU,163494,Earring STARRYNIGHT Lust,_LU,Lust,Jewellery,Earrings,Hoop Earrings,Thermoplastic Polyurethane; Zinc,Black Nikel,,5.99,/232/52/163494_LU_2y,163494_LU_2y.jpg,none,,,,,
1663591BU,166359,Fan FASHION SUPPLEMENTS Burgundy,1BU,Burgundy,Jewellery,Other Jewellery,Fan,Polyester; Bamboo; Iron,Other,,12.99,/231/52/1663591BU_1,1663591BU_1.jpg,none,,,,,
166359_SA,166359,Fan FASHION SUPPLEMENTS Salmon,_SA,Salmon,Jewellery,Other Jewellery,Fan,Bamboo; Iron; Polyester,Other,,12.99,/221/52/166359_SA_1,166359_SA_1.jpg,none,,,,,
1674883HM,167488,Earring ULTRAVIO Halftone Multicolor,3HM,Halftone Multicolor,Jewellery,Earrings,Hoop Earrings,Acrylic; Copper; Iron; Stone,Worn Gold,Enamel,5.99,/232/52/1674883HM_1,1674883HM_1.jpg,none,,,,,
169607_IG,169607,Earring DEGRADE Indigo,_IG,Indigo,Jewellery,Earrings,Dangle,Glass; Iron; Polyester,Other,,8.99,/232/52/169607_IG_1,169607_IG_1.jpg,none,,,,,
169607_PE,169607,Earring DEGRADE Pearl,_PE,Pearl,Jewellery,Earrings,Dangle,Glass; Iron; Polyester,Other,,8.99,/232/52/169607_PE_1,169607_PE_1.jpg,none,,,,,
169614_WT,169614,Earring DEGRADE White,_WT,White,Jewellery,Earrings,Dangle,Cotton; Glass; Polyester; Stainless Steel,Other,,7.99,/232/52/169614_WT_1,169614_WT_1.jpg,none,,,,,
171467_NV,171467,Earring STARRYNIGHT Navy,_NV,Navy,Jewellery,Earrings,Dangle,Brass; Crystal Glass; Iron,Black Nikel,,9.99,/232/52/171467_NV_1,171467_NV_1.jpg,none,,,,,
1716131BK,171613,Earring ECLIPSE Black,1BK,Black,Jewellery,Earrings,Hoop Earrings,Crystal Glass; Iron,Golden,,5.99,/232/52/1716131BK_1,1716131BK_1.jpg,none,,,,,
1716131HM,171613,Earring ULTRAVIO Halftone Multicolor,1HM,Halftone Multicolor,Jewellery,Earrings,Hoop Earrings,Acrylic; Glass; Iron,Worn Gold,,5.99,/232/52/1716131HM_1,1716131HM_1.jpg,none,,,,,
171613_DM,171613,Earring IDENTITY Dark Multicolor,_DM,Dark Multicolor,Jewellery,Earrings,Hoop Earrings,Crystal Glass; Iron,Golden,,5.99,/241/52/171613_DM_2y,171613_DM_2y.jpg,none,,,,,
176036_DN,176036,Earring FLEURSDUMER Dark Green,_DN,Dark Green,Jewellery,Earrings,Stud,Thermoplastic Polyurethane; Zinc,Brushed Golden,,5.99,/241/52/176036_DN_1,176036_DN_1.jpg,none,,,,,
176036_PH,176036,Earring ORPHIC Peach,_PH,Peach,Jewellery,Earrings,Stud,Thermoplastic Polyurethane; Zinc,Golden,,5.99,/232/52/176036_PH_1,176036_PH_1.jpg,none,,,,,
176036_TQ,176036,Earring SUNSET JUNCTION Turquoise,_TQ,Turquoise,Jewellery,Earrings,Stud,Stone; Zinc,Golden,,5.99,/241/52/176036_TQ_1,176036_TQ_1.jpg,none,,,,,
1765494HM,176549,Earring EXPEDITION Halftone Multicolor,4HM,Halftone Multicolor,Jewellery,Earrings,Hoop Earrings,Zinc,Golden,,5.99,/232/52/1765494HM_1,1765494HM_1.jpg,none,,,,,
1765495HM,176549,Earring VENDREDI Halftone Multicolor,5HM,Halftone Multicolor,Jewellery,Earrings,Hoop Earrings,Zinc,Golden,,5.99,/241/52/1765495HM_1,1765495HM_1.jpg,none,,,,,
1765496HM,176549,Earring SUNSET JUNCTION Halftone Multicolor,6HM,Halftone Multicolor,Jewellery,Earrings,Hoop Earrings,Enamel; Zinc,Golden,,5.99,/241/52/1765496HM_1,1765496HM_1.jpg,none,,,,,
1765498BM,176549,Earring DEGRADE Bright Multicolor,8BM,Bright Multicolor,Jewellery,Earrings,Hoop Earrings,Enamel; Zinc,Golden,,5.99,/232/52/1765498BM_1,1765498BM_1.jpg,none,,,,,
1765499BM,176549,Earring GUARANI VIBES Bright Multicolor,9BM,Bright Multicolor,Jewellery,Earrings,Hoop Earrings,Zinc,Golden,,5.99,/232/52/1765499BM_1,1765499BM_1.jpg,none,,,,,
178054_IV,178054,Necklace Golden Basics Extra Ivory,_IV,Ivory,Jewellery,Necklaces,Collar,Enamel; Iron; Zinc,Golden,,12.99,/241/52/178054_IV_1,178054_IV_1.jpg,none,,,,,
178752_FU,178752,Earring DEGRADE Fuchsia,_FU,Fuchsia,Jewellery,Earrings,Dangle,Cotton; Iron; Polyester; Velvet; glass bead,Golden,,8.99,/232/52/178752_FU_1,178752_FU_1.jpg,none,,,,,
178752_NV,178752,Earring DEGRADE Navy,_NV,Navy,Jewellery,Earrings,Dangle,Cotton; Glass; Iron; Polyester; Velvet,Golden,,8.99,/232/52/178752_NV_1,178752_NV_1.jpg,none,,,,,
182252_RD,182252,Key Chain FASHION SUPPLEMENTS Red,_RD,Red,Jewellery,Key chains,Figures,Acrylic; Acrylic; Brass; Crystal Glass; Zinc,Rodhium,,12.99,/241/52/182252_RD_1,182252_RD_1.jpg,none,,,,,
1835694BM,183569,Earring DOMINICA Bright Multicolor,4BM,Bright Multicolor,Jewellery,Earrings,Drop,Acrylic; Zinc,Golden,,5.99,/241/52/1835694BM_1,1835694BM_1.jpg,none,,,,,
183569_GN,183569,Earring FLEURSDUMER Green,_GN,Green,Jewellery,Earrings,Drop,Acrylic; Zinc,Golden,,5.99,/241/52/183569_GN_1,183569_GN_1.jpg,none,,,,,
1870180HM,187018,Set of Earrings KISS54 Halftone Multicolor,0HM,Halftone Multicolor,Jewellery,Earrings,Hoop Earrings,Enamel; Zinc,Golden,,6.99,/232/52/1870180HM_1,1870180HM_1.jpg,none,,,,,
187623_BM,187623,Set of Rings SUNSET JUNCTION Bright Multicolor,_BM,Bright Multicolor,Jewellery,Rings,Band Ring,Stone; Zinc,Golden,,4.99,/241/52/187623_BM_1,187623_BM_1.jpg,none,,,,,
1879985BM,187998,Earring DOMINICA Bright Multicolor,5BM,Bright Multicolor,Jewellery,Earrings,Hoop Earrings,Brass; Iron,Rose Gold,Enamel,5.99,/241/52/1879985BM_1,1879985BM_1.jpg,none,,,,,
187998_DM,187998,Earring FLORABUNDANCE Dark Multicolor,_DM,Dark Multicolor,Jewellery,Earrings,Hoop Earrings,Brass; Iron,Golden,Enamel,4.99,/232/52/187998_DM_1,187998_DM_1.jpg,none,,,,,
191116_DM,191116,Set of Bracelets Gipsy Garden Dark Multicolor,_DM,Dark Multicolor,Jewellery,Bracelets,Elastic Bracelet,Acrylic; Glass; Thermoplastic Polyurethane; Zinc,,,9.99,/241/52/191116_DM_1,191116_DM_1.jpg,none,,,,,
1917340DM,191734,Earring NEOPOP Dark Multicolor,0DM,Dark Multicolor,Jewellery,Earrings,Hoop Earrings,Acrylic; Zinc; Glass,Black Nikel,,5.99,/242/52/1917340DM_1,1917340DM_1.jpg,none,,,,,
191734_BM,191734,Earring STARRYNIGHT Bright Multicolor,_BM,Bright Multicolor,Jewellery,Earrings,Hoop Earrings,Glass; Zinc,Black Nikel,,5.99,/232/52/191734_BM_1,191734_BM_1.jpg,none,,,,,
1936560HM,193656,Earring FLEURSDUMER Halftone Multicolor,0HM,Halftone Multicolor,Jewellery,Earrings,Hoop Earrings,Glass; Iron; Thermoplastic Polyurethane,Golden,,5.99,/241/52/1936560HM_1,1936560HM_1.jpg,none,,,,,
1940571HM,194057,Earring COTTAGE BLUE Halftone Multicolor,1HM,Halftone Multicolor,Jewellery,Earrings,Hoop Earrings,Acrylic; Brass; Iron,Golden,,7.99,/232/52/1940571HM_1,1940571HM_1.jpg,none,,,,,
194057_DM,194057,Earring IDENTITY Dark Multicolor,_DM,Dark Multicolor,Jewellery,Earrings,Hoop Earrings,Acrylic; Iron,Golden,,7.99,/241/52/194057_DM_1,194057_DM_1.jpg,none,,,,,
1952691CL,195269,Earring TREND Coral,1CL,Coral,Jewellery,Earrings,Hoop Earrings,Steel; Thermoplastic Polyurethane,,,9.99,/241/52/1952691CL_1,1952691CL_1.jpg,none,,,,,
1952691GD,195269,Earring TREND Gold,1GD,Gold,Jewellery,Earrings,Hoop Earrings,Brass; Steel; Thermoplastic Polyurethane,Worn Gold,,9.99,/241/52/1952691GD_1,1952691GD_1.jpg,none,,,,,
195269_CL,195269,Earring TREND Coral,_CL,Coral,Jewellery,Earrings,Hoop Earrings,Steel; Thermoplastic Polyurethane,Golden,,9.99,/232/52/195269_CL_1,195269_CL_1.jpg,none,,,,,
195269_DN,195269,Earring TREND Dark Green,_DN,Dark Green,Jewellery,Earrings,Hoop Earrings,Thermoplastic Polyurethane; Steel,,,9.99,/242/52/195269_DN_1,195269_DN_1.jpg,none,,,,,
195269_EC,195269,Earring TREND Ecru,_EC,Ecru,Jewellery,Earrings,Hoop Earrings,Steel; Thermoplastic Polyurethane,,,9.99,/242/52/195269_EC_1,195269_EC_1.jpg,none,,,,,
195269_FU,195269,Earring TREND Fuchsia,_FU,Fuchsia,Jewellery,Earrings,Hoop Earrings,Steel; Thermoplastic Polyurethane,,,9.99,/241/52/195269_FU_1,195269_FU_1.jpg,none,,,,,
195269_LK,195269,Earring TREND Light Pink,_LK,Light Pink,Jewellery,Earrings,Hoop Earrings,Steel; Thermoplastic Polyurethane,,,9.99,/221/52/195269_LK_1,195269_LK_1.jpg,none,,,,,
195269_MV,195269,Earring TREND Mauve,_MV,Mauve,Jewellery,Earrings,Hoop Earrings,Steel; Thermoplastic Polyurethane,,,9.99,/232/52/195269_MV_1,195269_MV_1.jpg,none,,,,,
195269_OR,195269,Earring TREND Orange,_OR,Orange,Jewellery,Earrings,Hoop Earrings,Thermoplastic Polyurethane; Steel,,,9.99,/242/52/195269_OR_1,195269_OR_1.jpg,none,,,,,
195269_PK,195269,Earring TREND Pink,_PK,Pink,Jewellery,Earrings,Hoop Earrings,Steel; Thermoplastic Polyurethane,,,9.99,/241/52/195269_PK_1,195269_PK_1.jpg,none,,,,,
195269_WT,195269,Earring TREND White,_WT,White,Jewellery,Earrings,Hoop Earrings,Thermoplastic Polyurethane; Steel,,,9.99,/222/52/195269_WT_1,195269_WT_1.jpg,none,,,,,
1953431GD,195343,Pin FASHION SUPPLEMENTS Gold,1GD,Gold,Jewellery,Pins,Romantic Brooche,Iron; Zinc,Golden,,5.99,/241/52/1953431GD_1,1953431GD_1.jpg,none,,,,,
196001_HM,196001,Earring SPARKLING EARRINGS Halftone Multicolor,_HM,Halftone Multicolor,Jewellery,Earrings,Stud,Brass; Zirconium,Black Nikel,,19.99,/231/52/196001_HM_1,196001_HM_1.jpg,none,,,,,
1965582BM,196558,Earring DOMINICA Bright Multicolor,2BM,Bright Multicolor,Jewellery,Earrings,Dangle,Acrylic; Iron; Wood; Metal and Cord,Brushed Golden,,5.99,/241/52/1965582BM_1,1965582BM_1.jpg,none,,,,,
197610_MI,197610,Earring Moonlight azure Midnight Blue,_MI,Midnight Blue,Jewellery,Earrings,Dangle,Iron; Rubber,Burnish Golden,,5.99,/232/52/197610_MI_1,197610_MI_1.jpg,none,,,,,
1980562BM,198056,Jewellery FASHION SUPPLEMENTS Bright Multicolor,2BM,Bright Multicolor,Jewellery,Cigarette Box,Regular,Thermoplastic Polyurethane; Zinc,Other,,6.99,/232/52/1980562BM_1,1980562BM_1.jpg,none,,,,,
198393_HM,198393,Earring BHLOTUS Halftone Multicolor,_HM,Halftone Multicolor,Jewellery,Earrings,Drop,Acrylic; Iron; Shell,Golden,Shell,7.99,/232/52/198393_HM_1,198393_HM_1.jpg,none,,,,,
198667_GD,198667,Bracelet GLDN DEL Gold,_GD,Gold,Jewellery,Bracelets,Adjustable Bracelet,Brass,Golden,,6.99,/222/52/198667_GD_1,198667_GD_1.jpg,none,,,,,
200287_SV,200287,Necklace SILVER BASICS Silver,_SV,Silver,Jewellery,Necklaces,Chain,Copper; Iron; Zamac,Silver,,10.99,/231/52/200287_SV_1,200287_SV_1.jpg,none,,,,,
2004211CL,200421,Earring TREND Coral,1CL,Coral,Jewellery,Earrings,Stud,Acrylic; Copper; Iron; Thermoplastic Polyurethane,Golden,,9.99,/232/52/2004211CL_1,2004211CL_1.jpg,none,,,,,
200421_DN,200421,Earring TREND Dark Green,_DN,Dark Green,Jewellery,Earrings,Stud,Acrylic; Copper; Iron; Thermoplastic Polyurethane,,,9.99,/242/52/200421_DN_1,200421_DN_1.jpg,none,,,,,
200421_IV,200421,Earring TREND Ivory,_IV,Ivory,Jewellery,Earrings,Stud,Acrylic; Copper; Iron; Thermoplastic Polyurethane,,,9.99,/242/52/200421_IV_1,200421_IV_1.jpg,none,,,,,
200421_LL,200421,Earring TREND Lilac,_LL,Lilac,Jewellery,Earrings,Stud,Acrylic; Copper; Iron; Thermoplastic Polyurethane,Golden,,9.99,/232/52/200421_LL_1,200421_LL_1.jpg,none,,,,,
201147_HM,201147,Ring BHLOTUS Halftone Multicolor,_HM,Halftone Multicolor,Jewellery,Rings,Stone/Gem,Resin; Zinc,Golden,,5.99,/232/52/201147_HM_1,201147_HM_1.jpg,none,,,,,
201188_GD,201188,Bracelet GLDN DEL Gold,_GD,Gold,Jewellery,Bracelets,Adjustable Bracelet,Brass; Iron; Shell; Zinc; Zirconium,Golden,Zirconia,6.99,/231/52/201188_GD_1,201188_GD_1.jpg,none,,,,,
201188_SV,201188,Bracelet SILVER D Silver,_SV,Silver,Jewellery,Bracelets,Adjustable Bracelet,Brass; Iron; Shell; Zinc; Zirconium,Golden,Zirconia,6.99,/231/52/201188_SV_1,201188_SV_1.jpg,none,,,,,
201199_SV,201199,Ring SILVER D Silver,_SV,Silver,Jewellery,Rings,Band Ring,Copper; Zirconium,Rodhium,Zirconia,5.99,/222/52/201199_SV_1,201199_SV_1.jpg,none,,,,,
201857_BU,201857,Earring WESTERNP Burgundy,_BU,Burgundy,Jewellery,Earrings,Hoop Earrings,Brass; Glass,,,9.99,/242/52/201857_BU_1,201857_BU_1.jpg,none,,,,,
202076_BM,202076,Earring GUARANI VIBES Bright Multicolor,_BM,Bright Multicolor,Jewellery,Earrings,Dangle,Brass; Iron; Resin; Thermoplastic Polyurethane; Zinc,Golden,,7.99,/232/52/202076_BM_1,202076_BM_1.jpg,none,,,,,
2020840BM,202084,Earring DEGRADE Bright Multicolor,0BM,Bright Multicolor,Jewellery,Earrings,Drop,Thermoplastic Polyurethane; Zinc,Golden,,5.99,/232/52/2020840BM_1,2020840BM_1.jpg,none,,,,,
2020840HM,202084,Earring ORPHIC Halftone Multicolor,0HM,Halftone Multicolor,Jewellery,Earrings,Drop,Thermoplastic Polyurethane; Zinc,Golden,,5.99,/232/52/2020840HM_1,2020840HM_1.jpg,none,,,,,
2020844HM,202084,Earring EXPEDITION Halftone Multicolor,4HM,Halftone Multicolor,Jewellery,Earrings,Drop,Thermoplastic Polyurethane; Zinc,Golden,,5.99,/232/52/2020844HM_1,2020844HM_1.jpg,none,,,,,
202304_DM,202304,Earring Moonlight azure Dark Multicolor,_DM,Dark Multicolor,Jewellery,Earrings,Hoop Earrings,Zinc; Glass,Golden,,5.99,/232/52/202304_DM_1,202304_DM_1.jpg,none,,,,,
202304_HM,202304,Earring FORMENTERA Halftone Multicolor,_HM,Halftone Multicolor,Jewellery,Earrings,Hoop Earrings,Glass; Zinc,Golden,,5.99,/241/52/202304_HM_1,202304_HM_1.jpg,none,,,,,
202480_DM,202480,Earring ULTRAVIO Dark Multicolor,_DM,Dark Multicolor,Jewellery,Earrings,Hoop Earrings,Acrylic; Iron; Zamac,Worn Gold,,7.99,/232/52/202480_DM_1,202480_DM_1.jpg,none,,,,,
202646_GD,202646,Earring Golden Basics Gold,_GD,Gold,Jewellery,Earrings,Dangle,Iron,Golden,,5.99,/222/52/202646_GD_1,202646_GD_1.jpg,none,,,,,
202704_BU,202704,Ring WESTERNP Burgundy,_BU,Burgundy,Jewellery,Rings,Fantasy,Glass; Zinc; Enamel,Golden,,9.99,/242/52/202704_BU_1,202704_BU_1.jpg,none,,,,,
203388_BK,203388,Set of Bracelets ECLIPSE Black,_BK,Black,Jewellery,Bracelets,Elastic Bracelet,Brass; Glass,Golden,,9.99,/232/52/203388_BK_1,203388_BK_1.jpg,none,,,,,
203830_SV,203830,Set of Earrings SHADES OF COOL Silver,_SV,Silver,Jewellery,Earrings,Stud,Acrylic; Iron; Zinc,Silver,,5.99,/231/52/203830_SV_1,203830_SV_1.jpg,none,,,,,
203961_TK,203961,Ring BHLOTUS Pastel Pink,_TK,Pastel Pink,Jewellery,Rings,Band Ring,Enamel; Zinc,Golden,,5.99,/232/52/203961_TK_1,203961_TK_1.jpg,none,,,,,
204482_GD,204482,Necklace GLDN DEL Gold,_GD,Gold,Jewellery,Necklaces,Beaded Necklace,Brass; Iron,Golden,,12.99,/231/52/204482_GD_1,204482_GD_1.jpg,none,,,,,
204741_IV,204741,Key Chain FASHION SUPPLEMENTS Ivory,_IV,Ivory,Jewellery,Key chains,Charms,Acrylic; Iron; Iron; Shell,Golden,,12.99,/231/52/204741_IV_1y,204741_IV_1y.jpg,none,,,,,
204972_BU,204972,Key Chain FASHION SUPPLEMENTS Burgundy,_BU,Burgundy,Jewellery,Key chains,Figures,Glass; Zinc; Zinc,,,9.99,/242/52/204972_BU_1,204972_BU_1.jpg,none,,,,,
204972_LK,204972,Key Chain FASHION SUPPLEMENTS Light Pink,_LK,Light Pink,Jewellery,Key chains,Figures,Glass; Zinc; Zinc,,,9.99,/232/52/204972_LK_1,204972_LK_1.jpg,none,,,,,
204972_PU,204972,Key Chain FASHION SUPPLEMENTS Purple,_PU,Purple,Jewellery,Key chains,Figures,Glass; Zinc; Zinc,Golden,,9.99,/231/52/204972_PU_1,204972_PU_1.jpg,none,,,,,
205169_HM,205169,Earring TREND Halftone Multicolor,_HM,Halftone Multicolor,Jewellery,Earrings,Stud,Crystal Glass; Zinc,Black Nikel,,9.99,/232/52/205169_HM_1,205169_HM_1.jpg,none,,,,,
205232_BM,205232,Earring STARRYNIGHT Bright Multicolor,_BM,Bright Multicolor,Jewellery,Earrings,Hoop Earrings,Brass; Iron; Zirconium,Black Nikel,,7.99,/232/52/205232_BM_1,205232_BM_1.jpg,none,,,,,
205235_GD,205235,Earring TREND Gold,_GD,Gold,Jewellery,Earrings,Stud,Glass; Iron; Zinc,Golden,,9.99,/231/52/205235_GD_1,205235_GD_1.jpg,none,,,,,
205235_SA,205235,Earring TREND Salmon,_SA,Salmon,Jewellery,Earrings,Stud,Iron; Zinc,Golden,,9.99,/232/52/205235_SA_1,205235_SA_1.jpg,none,,,,,
205239_SV,205239,Necklace SILVER D Silver,_SV,Silver,Jewellery,Necklaces,Beaded Necklace,Brass; Zirconium,Silver,,12.99,/231/52/205239_SV_2y,205239_SV_2y.jpg,none,,,,,
205345_HM,205345,Earring GLDN DEL Halftone Multicolor,_HM,Halftone Multicolor,Jewellery,Earrings,Stud,Brass; Zirconium,Golden,,5.99,/241/52/205345_HM_2y,205345_HM_2y.jpg,none,,,,,
205434_SV,205434,Earring SILVER D Silver,_SV,Silver,Jewellery,Earrings,Hoop Earrings,Brass,Golden,,5.99,/231/52/205434_SV_1,205434_SV_1.jpg,none,,,,,
2056831GD,205683,Earring PERMANENT - SUSPENDED FR Gold,1GD,Gold,Jewellery,Earrings,Stud,Zinc,,,5.99,/232/52/2056831GD_1,2056831GD_1.jpg,none,,,,,
205683_BK,205683,Earring ECLIPSE Black,_BK,Black,Jewellery,Earrings,Stud,Enamel; Zinc,Golden,,5.99,/232/52/205683_BK_1,205683_BK_1.jpg,none,,,,,
205683_BL,205683,Earring ATMOSPHERE Blue,_BL,Blue,Jewellery,Earrings,Stud,Enamel; Zinc,Rodhium,,5.99,/242/52/205683_BL_1,205683_BL_1.jpg,none,,,,,
205683_RO,205683,Earring VENDREDI Old Rose,_RO,Old Rose,Jewellery,Earrings,Stud,Enamel; Zinc,Golden,,5.99,/241/52/205683_RO_1,205683_RO_1.jpg,none,,,,,
205683_RY,205683,Earring SUNSET JUNCTION Raspberry,_RY,Raspberry,Jewellery,Earrings,Stud,Enamel; Zinc,Golden,,5.99,/241/52/205683_RY_1,205683_RY_1.jpg,none,,,,,
205683_SV,205683,Earring SHADES OF COOL Silver,_SV,Silver,Jewellery,Earrings,Stud,Zinc,Rodhium,,5.99,/241/52/205683_SV_1,205683_SV_1.jpg,none,,,,,
205683_WT,205683,Earring DEGRADE White,_WT,White,Jewellery,Earrings,Stud,Enamel; Zinc,Silver,,5.99,/232/52/205683_WT_1,205683_WT_1.jpg,none,,,,,
205759_GD,205759,Necklace GLDN DEL Gold,_GD,Gold,Jewellery,Necklaces,Pendant,Brass; Iron; Zirconium,,,9.99,/231/52/205759_GD_1,205759_GD_1.jpg,none,,,,,
205820_MI,205820,Earring Gipsy Garden Midnight Blue,_MI,Midnight Blue,Jewellery,Earrings,Stud,Enamel; Zinc,Worn Gold,,5.99,/241/52/205820_MI_1,205820_MI_1.jpg,none,,,,,
206195_WT,206195,Earring DEGRADE White,_WT,White,Jewellery,Earrings,Stud,Enamel; Iron,Matte Silver,,5.99,/232/52/206195_WT_1,206195_WT_1.jpg,none,,,,,
206268_HM,206268,Necklace ORPHIC Halftone Multicolor,_HM,Halftone Multicolor,Jewellery,Necklaces,Pendant,Acrylic; Brass; Iron; Resin; Stone; Thermoplastic Polyurethane,Golden,,12.99,/232/52/206268_HM_1,206268_HM_1.jpg,none,,,,,
206301_HM,206301,Necklace ORPHIC Halftone Multicolor,_HM,Halftone Multicolor,Jewellery,Necklaces,Beaded Necklace,Acrylic; Brass; Glass; Thermoplastic Polyurethane; Zinc,Golden,,10.99,/232/52/206301_HM_1,206301_HM_1.jpg,none,,,,,
206891_SV,206891,Ring SILVER D Silver,_SV,Silver,Jewellery,Rings,Band Ring,Copper; Zirconium,Rodhium,,4.99,/231/52/206891_SV_1,206891_SV_1.jpg,none,,,,,
206909_GD,206909,Necklace GLDN DEL Gold,_GD,Gold,Jewellery,Necklaces,Beaded Necklace,Brass; Zirconium,Golden,,10.99,/231/52/206909_GD_2y,206909_GD_2y.jpg,none,,,,,
206909_SV,206909,Necklace SILVER D Silver,_SV,Silver,Jewellery,Necklaces,Beaded Necklace,Brass; Zirconium,,,10.99,/231/52/206909_SV_2y,206909_SV_2y.jpg,none,,,,,
206912_SV,206912,Earring SILVER D Silver,_SV,Silver,Jewellery,Earrings,Stud,Zinc,Rodhium,,4.99,/231/52/206912_SV_1,206912_SV_1.jpg,none,,,,,
206914_GD,206914,Necklace GLDN DEL Gold,_GD,Gold,Jewellery,Necklaces,Beaded Necklace,Brass; Zinc,Golden,,9.99,/231/52/206914_GD_1,206914_GD_1.jpg,none,,,,,
206914_SV,206914,Necklace SILVER D Silver,_SV,Silver,Jewellery,Necklaces,Beaded Necklace,Brass; Zinc,Golden,,9.99,/231/52/206914_SV_1,206914_SV_1.jpg,none,,,,,
207042_BM,207042,Earring SUNSET JUNCTION Bright Multicolor,_BM,Bright Multicolor,Jewellery,Earrings,Dangle,Acrylic; Iron; Shell,Golden,,7.99,/241/52/207042_BM_1,207042_BM_1.jpg,none,,,,,
207482_BL,207482,Earring GUARANI VIBES Blue,_BL,Blue,Jewellery,Earrings,Dangle,Thermoplastic Polyurethane; Zinc; Iron; Pearl,Golden,,7.99,/232/52/207482_BL_1,207482_BL_1.jpg,none,,,,,
207808_AU,207808,Ring VENDREDI Aubergine,_AU,Aubergine,Jewellery,Rings,Band Ring,Enamel; Zinc,Golden,,5.99,/241/52/207808_AU_1,207808_AU_1.jpg,none,,,,,
207808_PK,207808,Ring SUNSET JUNCTION Pink,_PK,Pink,Jewellery,Rings,Band Ring,Enamel; Zinc,Golden,,5.99,/241/52/207808_PK_1,207808_PK_1.jpg,none,,,,,
207831_CL,207831,Necklace TREND Coral,_CL,Coral,Jewellery,Necklaces,Beaded Necklace,Glass; Iron,Golden,,17.99,/232/52/207831_CL_1,207831_CL_1.jpg,none,,,,,
207967_WT,207967,Earring TREND White,_WT,White,Jewellery,Earrings,Dangle,Glass; Zinc,,,9.99,/242/52/207967_WT_1,207967_WT_1.jpg,none,,,,,
2084100BM,208410,Earring TROPICAL GEMS Bright Multicolor,0BM,Bright Multicolor,Jewellery,Earrings,Hoop Earrings,Glass; Iron,Golden,,5.99,/241/52/2084100BM_1,2084100BM_1.jpg,none,,,,,
208749_GD,208749,Necklace GOLDEN BASICS Gold,_GD,Gold,Jewellery,Necklaces,Pendant,Iron; Zinc,Golden,,9.99,/231/52/208749_GD_1,208749_GD_1.jpg,none,,,,,
209002_GD,209002,Bracelet GOLDEN BASICS Gold,_GD,Gold,Jewellery,Bracelets,Elastic Bracelet,Shell; Thermoplastic Polyurethane,Golden,,5.99,/232/52/209002_GD_1,209002_GD_1.jpg,none,,,,,
209007_GD,209007,Set of Necklaces GOLDEN BASICS Gold,_GD,Gold,Jewellery,Necklaces,Pendant,Iron; Pearl; Shell; Zinc,Golden,,12.99,/232/52/209007_GD_1,209007_GD_1.jpg,none,,,,,
209014_GD,209014,Earring GOLDEN BASICS Gold,_GD,Gold,Jewellery,Earrings,Stud,Iron; Shell,Brushed Golden,,5.99,/232/52/209014_GD_1,209014_GD_1.jpg,none,,,,,
209059_GD,209059,Bracelet GOLDEN BASICS Gold,_GD,Gold,Jewellery,Bracelets,Elastic Bracelet,Shell,Golden,,9.99,/232/52/209059_GD_1,209059_GD_1.jpg,none,,,,,
209161_GD,209161,Ring GLDN DEL Gold,_GD,Gold,Jewellery,Rings,Cocktail,Copper; Acrylic,Golden,,5.99,/232/52/209161_GD_1,209161_GD_1.jpg,none,,,,,
209161_SV,209161,Ring SILVER D Silver,_SV,Silver,Jewellery,Rings,Cocktail,Acrylic; Copper,Golden,,5.99,/232/52/209161_SV_1,209161_SV_1.jpg,none,,,,,
209169_GD,209169,Bracelet GOLDEN BASICS Gold,_GD,Gold,Jewellery,Bracelets,Non-Adjustable Bracelet,Iron; Shell,Golden,,7.99,/232/52/209169_GD_1,209169_GD_1.jpg,none,,,,,
209174_GD,209174,Bracelet GOLDEN BASICS Gold,_GD,Gold,Jewellery,Bracelets,Anklet,Brass; Shell,Golden,,7.99,/232/52/209174_GD_1,209174_GD_1.jpg,none,,,,,
209178_GD,209178,Bracelet GOLDEN BASICS Gold,_GD,Gold,Jewellery,Bracelets,Elastic Bracelet,Acrylic; Thermoplastic Polyurethane; Zinc,Golden,,5.99,/232/52/209178_GD_1,209178_GD_1.jpg,none,,,,,
209182_GD,209182,Necklace GOLDEN BASICS Gold,_GD,Gold,Jewellery,Necklaces,Pendant,Iron; Shell; Thermoplastic Polyurethane,Golden,,12.99,/232/52/209182_GD_1,209182_GD_1.jpg,none,,,,,
209251_GD,209251,Ring GLDN DEL Gold,_GD,Gold,Jewellery,Rings,Fantasy,Zinc,Golden,,5.99,/232/52/209251_GD_1,209251_GD_1.jpg,none,,,,,
209251_SV,209251,Ring SILVER D Silver,_SV,Silver,Jewellery,Rings,Fantasy,Zinc,Golden,,5.99,/232/52/209251_SV_1,209251_SV_1.jpg,none,,,,,
209260_GD,209260,Earring GOLDEN BASICS Gold,_GD,Gold,Jewellery,Earrings,Hoop Earrings,Copper; Shell; Thermoplastic Polyurethane,Golden,,5.99,/232/52/209260_GD_1,209260_GD_1.jpg,none,,,,,
209264_GD,209264,Earring GOLDEN BASICS Gold,_GD,Gold,Jewellery,Earrings,Stud,Iron; Shell; Zinc,Golden,,5.99,/232/52/209264_GD_1,209264_GD_1.jpg,none,,,,,
209279_GD,209279,Necklace GOLDEN BASICS Gold,_GD,Gold,Jewellery,Necklaces,Bib Necklace,Iron; Zinc,Golden,,19.99,/232/52/209279_GD_1,209279_GD_1.jpg,none,,,,,
209283_GD,209283,Earring GOLDEN BASICS Gold,_GD,Gold,Jewellery,Earrings,Hoop Earrings,Acrylic; Iron; Pearl; Zinc,Golden,,5.99,/232/52/209283_GD_1,209283_GD_1.jpg,none,,,,,
209301_GD,209301,Bracelet GLDN DEL Gold,_GD,Gold,Jewellery,Bracelets,Adjustable Bracelet,Copper; Iron,Golden,,7.99,/232/52/209301_GD_1,209301_GD_1.jpg,none,,,,,
209301_SV,209301,Bracelet SILVER D Silver,_SV,Silver,Jewellery,Bracelets,Adjustable Bracelet,Copper; Iron,Golden,,7.99,/232/52/209301_SV_1,209301_SV_1.jpg,none,,,,,
209305_GD,209305,Necklace GLDN DEL Gold,_GD,Gold,Jewellery,Necklaces,Beaded Necklace,Acrylic; Iron,Golden,,9.99,/232/52/209305_GD_1,209305_GD_1.jpg,none,,,,,
209305_SV,209305,Necklace SILVER D Silver,_SV,Silver,Jewellery,Necklaces,Beaded Necklace,Acrylic; Iron,Golden,,9.99,/232/52/209305_SV_1,209305_SV_1.jpg,none,,,,,
209310_GD,209310,Bracelet GLDN DEL Gold,_GD,Gold,Jewellery,Bracelets,Non-Adjustable Bracelet,Glass; Iron,Golden,,7.99,/232/52/209310_GD_1,209310_GD_1.jpg,none,,,,,
209310_SV,209310,Bracelet SILVER D Silver,_SV,Silver,Jewellery,Bracelets,Non-Adjustable Bracelet,Glass; Iron,Golden,,7.99,/232/52/209310_SV_1,209310_SV_1.jpg,none,,,,,
209314_GD,209314,Earring GLDN DEL Gold,_GD,Gold,Jewellery,Earrings,Stud,Brass; Zirconium,Golden,,5.99,/232/52/209314_GD_1,209314_GD_1.jpg,none,,,,,
209314_HM,209314,Earring GLDN DEL Halftone Multicolor,_HM,Halftone Multicolor,Jewellery,Earrings,Stud,Brass; Zirconium,Golden,,5.99,/241/52/209314_HM_1,209314_HM_1.jpg,none,,,,,
209314_SV,209314,Earring SILVER D Silver,_SV,Silver,Jewellery,Earrings,Stud,Brass; Zirconium,Golden,,5.99,/232/52/209314_SV_1,209314_SV_1.jpg,none,,,,,
209316_GD,209316,Earring GLDN DEL Gold,_GD,Gold,Jewellery,Earrings,Hoop Earrings,Acrylic; Zinc,Golden,,7.99,/232/52/209316_GD_1,209316_GD_1.jpg,none,,,,,
209316_SV,209316,Earring SILVER D Silver,_SV,Silver,Jewellery,Earrings,Hoop Earrings,Acrylic; Zinc,Golden,,7.99,/232/52/209316_SV_1,209316_SV_1.jpg,none,,,,,
209321_GD,209321,Earring GLDN DEL Gold,_GD,Gold,Jewellery,Earrings,Stud,Glass; Iron,Golden,,4.99,/232/52/209321_GD_1,209321_GD_1.jpg,none,,,,,
209325_GD,209325,Earring GLDN DEL Gold,_GD,Gold,Jewellery,Earrings,Dangle,Iron,Golden,,5.99,/232/52/209325_GD_1,209325_GD_1.jpg,none,,,,,
209325_SV,209325,Earring SILVER D Silver,_SV,Silver,Jewellery,Earrings,Dangle,Iron,Golden,,5.99,/232/52/209325_SV_1,209325_SV_1.jpg,none,,,,,
209329_GD,209329,Earring GLDN DEL Gold,_GD,Gold,Jewellery,Earrings,Hoop Earrings,Zinc,Gold Plated,,8.99,/232/52/209329_GD_1,209329_GD_1.jpg,none,,,,,
209329_SV,209329,Earring SILVER D Silver,_SV,Silver,Jewellery,Earrings,Hoop Earrings,Zinc,Gold Plated,,8.99,/232/52/209329_SV_1,209329_SV_1.jpg,none,,,,,
209333_GD,209333,Necklace GLDN DEL Gold,_GD,Gold,Jewellery,Necklaces,Y-Necklace,Brass; Zirconium,Golden,,12.99,/232/52/209333_GD_1,209333_GD_1.jpg,none,,,,,
209333_SV,209333,Necklace SILVER D Silver,_SV,Silver,Jewellery,Necklaces,Y-Necklace,Brass; Zirconium,Golden,,12.99,/232/52/209333_SV_1,209333_SV_1.jpg,none,,,,,
209337_GD,209337,Earring GLDN DEL Gold,_GD,Gold,Jewellery,Earrings,Stud,Zinc,Golden,,9.99,/232/52/209337_GD_1,209337_GD_1.jpg,none,,,,,
209341_GD,209341,Earring GLDN DEL Gold,_GD,Gold,Jewellery,Earrings,Stud,Acrylic; Zinc,Golden,,5.99,/232/52/209341_GD_1,209341_GD_1.jpg,none,,,,,
209346_PE,209346,Earring GLDN DEL Pearl,_PE,Pearl,Jewellery,Earrings,Dangle,Brass; Thermoplastic Polyurethane; Zinc,Golden,,15.99,/232/52/209346_PE_1,209346_PE_1.jpg,none,,,,,
209403_GD,209403,Earring GLDN DEL Gold,_GD,Gold,Jewellery,Earrings,Dangle,Brass; Zirconium,Golden,,12.99,/232/52/209403_GD_1,209403_GD_1.jpg,none,,,,,
209415_GD,209415,Bracelet Golden Basics Gold,_GD,Gold,Jewellery,Bracelets,Non-Adjustable Bracelet,Iron; Zinc,Golden,,7.99,/231/52/209415_GD_1,209415_GD_1.jpg,none,,,,,
209415_SV,209415,Bracelet SHADES OF COOL Silver,_SV,Silver,Jewellery,Bracelets,Non-Adjustable Bracelet,Iron; Zinc,Rodhium,,7.99,/232/52/209415_SV_1,209415_SV_1.jpg,none,,,,,
209606_GD,209606,Bracelet GOLDEN BASICS Gold,_GD,Gold,Jewellery,Bracelets,Elastic Bracelet,Zinc,Golden,,9.99,/231/52/209606_GD_1,209606_GD_1.jpg,none,,,,,
2096571BM,209657,Phone case FASHION SUPPLEMENTS Bright Multicolor,1BM,Bright Multicolor,Jewellery,Mobile Accessories,Mobile Cases,Iron; Thermoplastic Polyurethane,Other,,17.99,/232/52/2096571BM_1,2096571BM_1.jpg,none,,,,,
209657_BM,209657,Phone case FASHION SUPPLEMENTS Bright Multicolor,_BM,Bright Multicolor,Jewellery,Mobile Accessories,Mobile Cases,Iron; Thermoplastic Polyurethane,Other,,17.99,/232/52/209657_BM_1,209657_BM_1.jpg,none,,,,,
209661_BM,209661,Key Chain FASHION SUPPLEMENTS Bright Multicolor,_BM,Bright Multicolor,Jewellery,Key chains,Figures,Enamel; Glass; Iron; Iron; Resin; Zamac,Golden,,8.99,/232/52/209661_BM_1,209661_BM_1.jpg,none,,,,,
209668_GD,209668,Pin FASHION SUPPLEMENTS Gold,_GD,Gold,Jewellery,Pins,Lady Brooche,Zinc,Golden,,5.99,/232/52/209668_GD_1,209668_GD_1.jpg,none,,,,,
209677_IV,209677,Pin FASHION SUPPLEMENTS Ivory,_IV,Ivory,Jewellery,Pins,Lady Brooche,Glass; Shell; Zinc,Golden,,5.99,/232/52/209677_IV_1,209677_IV_1.jpg,none,,,,,
209682_SV,209682,Sunglass Holder FASHION SUPPLEMENTS Silver,_SV,Silver,Jewellery,Other Jewellery,Sunglass Holder,Brass; Pearl; Rubber; Zinc,Silver,,7.99,/232/52/209682_SV_1,209682_SV_1.jpg,none,,,,,
209692_BM,209692,Jewellery FASHION SUPPLEMENTS Bright Multicolor,_BM,Bright Multicolor,Jewellery,Cigarette Box,Regular,Thermoplastic Polyurethane; Zinc,Other,,6.99,/232/52/209692_BM_1,209692_BM_1.jpg,none,,,,,
209708_GD,209708,Pin FASHION SUPPLEMENTS Gold,_GD,Gold,Jewellery,Pins,Other Pins,Glass; Zinc,Golden,,5.99,/232/52/209708_GD_1,209708_GD_1.jpg,none,,,,,
2097191BM,209719,Sunglass Holder FASHION SUPPLEMENTS Bright Multicolor,1BM,Bright Multicolor,Jewellery,Other Jewellery,Sunglass Holder,Enamel; Steel; Thermoplastic Polyurethane,Silver,,5.99,/232/52/2097191BM_1,2097191BM_1.jpg,none,,,,,
209753_BM,209753,Earring SPARKLING EARRINGS Bright Multicolor,_BM,Bright Multicolor,Jewellery,Earrings,Drop,Zirconium; Brass; Iron,Black Nikel,,27.99,/232/52/209753_BM_1,209753_BM_1.jpg,none,,,,,
209771_BM,209771,Earring SPARKLING EARRINGS Bright Multicolor,_BM,Bright Multicolor,Jewellery,Earrings,Hoop Earrings,Brass; Zirconium,Black Nikel,,29.99,/232/52/209771_BM_1,209771_BM_1.jpg,none,,,,,
209866_GD,209866,Bracelet GOLDEN BASICS Gold,_GD,Gold,Jewellery,Bracelets,Adjustable Bracelet,Brass; Thermoplastic Polyurethane,Brushed Golden,,6.99,/231/52/209866_GD_1,209866_GD_1.jpg,none,,,,,
209867_GD,209867,Bracelet GOLDEN BASICS Gold,_GD,Gold,Jewellery,Bracelets,Elastic Bracelet,Zinc,Brushed Golden,,9.99,/231/52/209867_GD_1,209867_GD_1.jpg,none,,,,,
209867_SV,209867,Bracelet SHADES OF COOL Silver,_SV,Silver,Jewellery,Bracelets,Elastic Bracelet,Zinc,,,9.99,/241/52/209867_SV_1,209867_SV_1.jpg,none,,,,,
209934_SV,209934,Earring SILVER D Silver,_SV,Silver,Jewellery,Earrings,Dangle,Acrylic; Zinc,Golden,,5.99,/231/52/209934_SV_1,209934_SV_1.jpg,none,,,,,
210230_GD,210230,Earring GOLDEN BASICS Gold,_GD,Gold,Jewellery,Earrings,Dangle,Iron; Shell,Golden,,5.99,/232/52/210230_GD_1,210230_GD_1.jpg,none,,,,,
210238_GD,210238,Earring GOLDEN BASICS Gold,_GD,Gold,Jewellery,Earrings,Dangle,Iron; Shell,Golden,,5.99,/232/52/210238_GD_1,210238_GD_1.jpg,none,,,,,
210298_BM,210298,Bracelet DEGRADE Bright Multicolor,_BM,Bright Multicolor,Jewellery,Bracelets,Anklet,Copper; Glass; Iron,Golden,,7.99,/232/52/210298_BM_1,210298_BM_1.jpg,none,,,,,
210305_LL,210305,Earring DEGRADE Lilac,_LL,Lilac,Jewellery,Earrings,Dangle,Glass; Iron; Polyester; Resin,Golden,,8.99,/232/52/210305_LL_1,210305_LL_1.jpg,none,,,,,
210320_BM,210320,Earring DEGRADE Bright Multicolor,_BM,Bright Multicolor,Jewellery,Earrings,Stud,Zinc; Crystal Glass; Enamel,Golden,,5.99,/232/52/210320_BM_1,210320_BM_1.jpg,none,,,,,
210327_PH,210327,Earring DEGRADE Peach,_PH,Peach,Jewellery,Earrings,Dangle,Iron; Resin,Golden,,8.99,/232/52/210327_PH_1,210327_PH_1.jpg,none,,,,,
210327_WT,210327,Earring DEGRADE White,_WT,White,Jewellery,Earrings,Dangle,Iron; Resin,Golden,,8.99,/232/52/210327_WT_1,210327_WT_1.jpg,none,,,,,
210328_FU,210328,Earring DEGRADE Fuchsia,_FU,Fuchsia,Jewellery,Earrings,Stud,Iron; Resin,Golden,,7.99,/232/52/210328_FU_1,210328_FU_1.jpg,none,,,,,
210333_FU,210333,Earring DEGRADE Fuchsia,_FU,Fuchsia,Jewellery,Earrings,Stud,Glass; Zinc,Golden,,7.99,/232/52/210333_FU_1,210333_FU_1.jpg,none,,,,,
210333_NV,210333,Earring STARRYNIGHT Navy,_NV,Navy,Jewellery,Earrings,Stud,Glass; Zinc,Golden,,7.99,/232/52/210333_NV_1,210333_NV_1.jpg,none,,,,,
210333_TL,210333,Earring STARRYNIGHT Teal,_TL,Teal,Jewellery,Earrings,Stud,Glass; Zinc,Golden,,7.99,/232/52/210333_TL_1,210333_TL_1.jpg,none,,,,,
210333_WT,210333,Earring DEGRADE White,_WT,White,Jewellery,Earrings,Stud,Glass; Zinc,Golden,,7.99,/232/52/210333_WT_1,210333_WT_1.jpg,none,,,,,
210336_BM,210336,Earring DEGRADE Bright Multicolor,_BM,Bright Multicolor,Jewellery,Earrings,Dangle,Resin,Golden,,7.99,/232/52/210336_BM_1,210336_BM_1.jpg,none,,,,,
210341_BM,210341,Bracelet DEGRADE Bright Multicolor,_BM,Bright Multicolor,Jewellery,Bracelets,Anklet,Zinc; Zirconium; Brass; Glass; Iron; Shell,Golden,,7.99,/232/52/210341_BM_1,210341_BM_1.jpg,none,,,,,
2103430HM,210343,Earring VENDREDI Halftone Multicolor,0HM,Halftone Multicolor,Jewellery,Earrings,Hoop Earrings,Iron; Stone,Golden,,5.99,/241/52/2103430HM_1,2103430HM_1.jpg,none,,,,,
210343_HM,210343,Earring ORPHIC Halftone Multicolor,_HM,Halftone Multicolor,Jewellery,Earrings,Hoop Earrings,Iron; Stone,Golden,,5.99,/232/52/210343_HM_1,210343_HM_1.jpg,none,,,,,
210343_LB,210343,Earring DEGRADE Light Blue,_LB,Light Blue,Jewellery,Earrings,Hoop Earrings,Iron; Stone,Golden,,5.99,/232/52/210343_LB_1,210343_LB_1.jpg,none,,,,,
210349_LL,210349,Earring DEGRADE Lilac,_LL,Lilac,Jewellery,Earrings,Stud,Cotton; Glass; Iron; Rattan,Golden,,8.99,/232/52/210349_LL_1,210349_LL_1.jpg,none,,,,,
210433_BL,210433,Phone case FASHION SUPPLEMENTS Blue,_BL,Blue,Jewellery,Mobile Accessories,Mobile Cases,Iron; Polyester; Thermoplastic Polyurethane,Other,,9.99,/232/52/210433_BL_1,210433_BL_1.jpg,none,,,,,
210433_FU,210433,Phone case FASHION SUPPLEMENTS Fuchsia,_FU,Fuchsia,Jewellery,Mobile Accessories,Mobile Cases,Iron; Polyester; Thermoplastic Polyurethane,Other,,9.99,/232/52/210433_FU_1,210433_FU_1.jpg,none,,,,,
210433_LL,210433,Phone case FASHION SUPPLEMENTS Lilac,_LL,Lilac,Jewellery,Mobile Accessories,Mobile Cases,Iron; Polyester; Thermoplastic Polyurethane,Other,,9.99,/232/52/210433_LL_1,210433_LL_1.jpg,none,,,,,
210433_OR,210433,Phone case FASHION SUPPLEMENTS Orange,_OR,Orange,Jewellery,Mobile Accessories,Mobile Cases,Iron; Polyester; Thermoplastic Polyurethane,Other,,9.99,/232/52/210433_OR_1,210433_OR_1.jpg,none,,,,,
210433_TB,210433,Phone case FASHION SUPPLEMENTS Pastel Blue,_TB,Pastel Blue,Jewellery,Mobile Accessories,Mobile Cases,Iron; Polyester; Thermoplastic Polyurethane,Other,,9.99,/232/52/210433_TB_1,210433_TB_1.jpg,none,,,,,
210438_BL,210438,Phone case FASHION SUPPLEMENTS Blue,_BL,Blue,Jewellery,Mobile Accessories,Mobile Cases,Iron; Polyester; Thermoplastic Polyurethane,Other,,9.99,/232/52/210438_BL_1,210438_BL_1.jpg,none,,,,,
210438_FU,210438,Phone case FASHION SUPPLEMENTS Fuchsia,_FU,Fuchsia,Jewellery,Mobile Accessories,Mobile Cases,Iron; Polyester; Thermoplastic Polyurethane,Other,,9.99,/232/52/210438_FU_1,210438_FU_1.jpg,none,,,,,
210438_LL,210438,Phone case FASHION SUPPLEMENTS Lilac,_LL,Lilac,Jewellery,Mobile Accessories,Mobile Cases,Iron; Polyester; Thermoplastic Polyurethane,Other,,9.99,/232/52/210438_LL_1,210438_LL_1.jpg,none,,,,,
210438_OR,210438,Phone case FASHION SUPPLEMENTS Orange,_OR,Orange,Jewellery,Mobile Accessories,Mobile Cases,Iron; Polyester; Thermoplastic Polyurethane,Other,,9.99,/232/52/210438_OR_1,210438_OR_1.jpg,none,,,,,
210438_TB,210438,Phone case FASHION SUPPLEMENTS Pastel Blue,_TB,Pastel Blue,Jewellery,Mobile Accessories,Mobile Cases,Iron; Polyester; Thermoplastic Polyurethane,Other,,9.99,/232/52/210438_TB_1,210438_TB_1.jpg,none,,,,,
210629_GD,210629,Necklace FRANJAS Gold,_GD,Gold,Jewellery,Necklaces,Beaded Necklace,Brass; Pearl,Golden,,25.99,/232/52/210629_GD_1,210629_GD_1.jpg,none,,,,,
210635_GD,210635,Necklace FRANJAS Gold,_GD,Gold,Jewellery,Necklaces,Collar,Brass,Golden,,35.99,/232/52/210635_GD_1,210635_GD_1.jpg,none,,,,,
210642_GD,210642,Necklace FRESH WATER PEARL COLLEC Gold,_GD,Gold,Jewellery,Necklaces,Beaded Necklace,Pearl,Golden,,95.99,/232/52/210642_GD_1,210642_GD_1.jpg,none,,,,,
210727_BM,210727,Earring DEGRADE Bright Multicolor,_BM,Bright Multicolor,Jewellery,Earrings,Hoop Earrings,Enamel; Zinc,Golden,,5.99,/232/52/210727_BM_1,210727_BM_1.jpg,none,,,,,
210738_PK,210738,Earring GLDN DEL Pink,_PK,Pink,Jewellery,Earrings,Dangle,Brass; Zirconium,Golden,,9.99,/232/52/210738_PK_1,210738_PK_1.jpg,none,,,,,
210742_HM,210742,Ring GLDN DEL Halftone Multicolor,_HM,Halftone Multicolor,Jewellery,Rings,Band Ring,Brass; Zirconium,Golden,,5.99,/232/52/210742_HM_1,210742_HM_1.jpg,none,,,,,
210746_HM,210746,Earring GLDN DEL Halftone Multicolor,_HM,Halftone Multicolor,Jewellery,Earrings,Stud,Brass; Zirconium,Golden,,5.99,/232/52/210746_HM_1,210746_HM_1.jpg,none,,,,,
210751_HM,210751,Earring GLDN DEL Halftone Multicolor,_HM,Halftone Multicolor,Jewellery,Earrings,Hoop Earrings,Brass; Zirconium,Golden,,7.99,/232/52/210751_HM_1,210751_HM_1.jpg,none,,,,,
210940_GD,210940,Earring LEAFS STORY Gold,_GD,Gold,Jewellery,Earrings,Drop,Iron; Zinc,Golden,,9.99,/232/52/210940_GD_1,210940_GD_1.jpg,none,,,,,
210953_GD,210953,Earring FRESH WATER PEARL COLLEC Gold,_GD,Gold,Jewellery,Earrings,Hoop Earrings,Pearl; Zinc,Golden,,15.99,/232/52/210953_GD_1,210953_GD_1.jpg,none,,,,,
210973_GD,210973,Earring LEAFS STORY Gold,_GD,Gold,Jewellery,Earrings,Stud,Iron; Zinc,Golden,,9.99,/232/52/210973_GD_1,210973_GD_1.jpg,none,,,,,
210978_BM,210978,Earring LAB ABRIL Bright Multicolor,_BM,Bright Multicolor,Jewellery,Earrings,Dangle,Glass; Iron; Stone; Zinc,Golden,,19.99,/232/52/210978_BM_1,210978_BM_1.jpg,none,,,,,
211038_HM,211038,Earring COTTAGE BLUE Halftone Multicolor,_HM,Halftone Multicolor,Jewellery,Earrings,Hoop Earrings,Glass; Iron; Stone; Acrylic,Golden,,4.99,/232/52/211038_HM_1,211038_HM_1.jpg,none,,,,,
2110441NV,211044,Ring COTTAGE BLUE Navy,1NV,Navy,Jewellery,Rings,Band Ring,Copper; Enamel,Brushed Golden,,6.99,/232/52/2110441NV_1,2110441NV_1.jpg,none,,,,,
211057_NV,211057,Necklace COTTAGE BLUE Navy,_NV,Navy,Jewellery,Necklaces,Pendant,Acrylic; Iron; Stone; Zinc,Brushed Golden,,10.99,/232/52/211057_NV_1,211057_NV_1.jpg,none,,,,,
211062_BM,211062,Earring COLOMBIA EARRINGS Bright Multicolor,_BM,Bright Multicolor,Jewellery,Earrings,Stud,Glass; Iron; Stainless Steel,Golden,,17.99,/232/52/211062_BM_1,211062_BM_1.jpg,none,,,,,
211067_PM,211067,Earring COLOMBIA EARRINGS Pastel Multicolor,_PM,Pastel Multicolor,Jewellery,Earrings,Dangle,Brass; Glass; Stone,Golden,,19.99,/232/52/211067_PM_1,211067_PM_1.jpg,none,,,,,
211071_PM,211071,Earring COLOMBIA EARRINGS Pastel Multicolor,_PM,Pastel Multicolor,Jewellery,Earrings,Dangle,Brass; Enamel; Glass; Polyester,Golden,,22.99,/232/52/211071_PM_1,211071_PM_1.jpg,none,,,,,
211077_GD,211077,Earring COLOMBIA EARRINGS Gold,_GD,Gold,Jewellery,Earrings,Dangle,Brass,Golden,,19.99,/232/52/211077_GD_1,211077_GD_1.jpg,none,,,,,
211082_HM,211082,Set of Earrings KISS54 Halftone Multicolor,_HM,Halftone Multicolor,Jewellery,Earrings,Hoop Earrings,Brass; Zirconium,Rodhium,,5.99,/232/52/211082_HM_1,211082_HM_1.jpg,none,,,,,
211090_HM,211090,Set of Earrings KISS54 Halftone Multicolor,_HM,Halftone Multicolor,Jewellery,Earrings,Hoop Earrings,Brass; Enamel; Zirconium,Golden,,6.99,/232/52/211090_HM_1,211090_HM_1.jpg,none,,,,,
211097_HM,211097,Necklace COTTAGE BLUE Halftone Multicolor,_HM,Halftone Multicolor,Jewellery,Necklaces,Beaded Necklace,Acrylic; Iron; Stone; Zinc,Brushed Golden,,12.99,/232/52/211097_HM_1,211097_HM_1.jpg,none,,,,,
211113_HM,211113,Bracelet COTTAGE BLUE Halftone Multicolor,_HM,Halftone Multicolor,Jewellery,Bracelets,Elastic Bracelet,Iron; Stone; Zamac; Acrylic,Brushed Golden,,6.99,/232/52/211113_HM_2y,211113_HM_2y.jpg,none,,,,,
211120_HM,211120,Bracelet COTTAGE BLUE Halftone Multicolor,_HM,Halftone Multicolor,Jewellery,Bracelets,Non-Adjustable Bracelet,Acrylic; Brass; Iron; Pearl; Stone,Golden,,7.99,/232/52/211120_HM_1,211120_HM_1.jpg,none,,,,,
211132_HM,211132,Set of Necklaces COTTAGE BLUE Halftone Multicolor,_HM,Halftone Multicolor,Jewellery,Necklaces,Other Necklaces,Glass; Iron; Pearl; Resin; Stone; Zinc,Golden,,15.99,/232/52/211132_HM_1,211132_HM_1.jpg,none,,,,,
211142_HM,211142,Bracelet COTTAGE BLUE Halftone Multicolor,_HM,Halftone Multicolor,Jewellery,Bracelets,Elastic Bracelet,Acrylic; Glass; Stone; Zinc,Brushed Golden,,5.99,/232/52/211142_HM_1,211142_HM_1.jpg,none,,,,,
211148_EC,211148,Earring TREND Ecru,_EC,Ecru,Jewellery,Earrings,Clip with Post,Zinc; Thermoplastic Polyurethane; Iron; Glass,Golden,,12.99,/242/52/211148_EC_1y,211148_EC_1y.jpg,none,,,,,
211148_PU,211148,Earring TREND Purple,_PU,Purple,Jewellery,Earrings,Clip with Post,Glass; Iron,Golden,,12.99,/241/52/211148_PU_1,211148_PU_1.jpg,none,,,,,
211160_GD,211160,Earring KISS54 Gold,_GD,Gold,Jewellery,Earrings,Ear Cuff,Brass,Golden,,4.99,/232/52/211160_GD_1,211160_GD_1.jpg,none,,,,,
211170_TK,211170,Set of Earrings KISS54 Pastel Pink,_TK,Pastel Pink,Jewellery,Earrings,Hoop Earrings,Brass; Stone; Zirconium,Rodhium,,5.99,/232/52/211170_TK_1,211170_TK_1.jpg,none,,,,,
211175_HM,211175,Earring KISS54 Halftone Multicolor,_HM,Halftone Multicolor,Jewellery,Earrings,Ear Cuff,Brass; Enamel,Golden,,4.99,/232/52/211175_HM_1,211175_HM_1.jpg,none,,,,,
211180_HM,211180,Set of Earrings KISS54 Halftone Multicolor,_HM,Halftone Multicolor,Jewellery,Earrings,Hoop Earrings,Brass; Zirconium,Rodhium,,5.99,/232/52/211180_HM_1,211180_HM_1.jpg,none,,,,,
211185_HM,211185,Set of Earrings KISS54 Halftone Multicolor,_HM,Halftone Multicolor,Jewellery,Earrings,Hoop Earrings,Brass; Enamel; Zirconium,Golden,,6.99,/232/52/211185_HM_1,211185_HM_1.jpg,none,,,,,
211191_HM,211191,Set of Necklaces KISS54 Halftone Multicolor,_HM,Halftone Multicolor,Jewellery,Necklaces,Pendant,Brass; Stone; Thermoplastic Polyurethane; Zinc,Golden,,15.99,/232/52/211191_HM_1,211191_HM_1.jpg,none,,,,,
211195_HM,211195,Set of Earrings KISS54 Halftone Multicolor,_HM,Halftone Multicolor,Jewellery,Earrings,Hoop Earrings,Brass; Zinc,Golden,,6.99,/232/52/211195_HM_1,211195_HM_1.jpg,none,,,,,
211200_HM,211200,Set of Earrings KISS54 Halftone Multicolor,_HM,Halftone Multicolor,Jewellery,Earrings,Hoop Earrings,Copper; Enamel; Glass,Golden,,6.99,/232/52/211200_HM_1,211200_HM_1.jpg,none,,,,,
211207_HM,211207,Set of Earrings KISS54 Halftone Multicolor,_HM,Halftone Multicolor,Jewellery,Earrings,Hoop Earrings,Copper; Zirconium,Golden,,7.99,/232/52/211207_HM_1,211207_HM_1.jpg,none,,,,,
211240_FU,211240,Earring KISS54 Fuchsia,_FU,Fuchsia,Jewellery,Earrings,Ear Cuff,Thermoplastic Polyurethane,Other,,5.99,/232/52/211240_FU_1,211240_FU_1.jpg,none,,,,,
211249_HM,211249,Necklace KISS54 Halftone Multicolor,_HM,Halftone Multicolor,Jewellery,Necklaces,Pendant,Glass; Iron; Stone; Thermoplastic Polyurethane; Zinc,Golden,,9.99,/232/52/211249_HM_1,211249_HM_1.jpg,none,,,,,
211254_HM,211254,Set of Earrings KISS54 Halftone Multicolor,_HM,Halftone Multicolor,Jewellery,Earrings,Hoop Earrings,Brass; Iron; Zinc; Zirconium,Golden,,7.99,/232/52/211254_HM_1,211254_HM_1.jpg,none,,,,,
211259_HM,211259,Set of Earrings KISS54 Halftone Multicolor,_HM,Halftone Multicolor,Jewellery,Earrings,Hoop Earrings,Zirconium; Brass; Zinc,Rodhium,,5.99,/232/52/211259_HM_1,211259_HM_1.jpg,none,,,,,
211267_HM,211267,Set of Necklaces KISS54 Halftone Multicolor,_HM,Halftone Multicolor,Jewellery,Necklaces,Chain,Brass; Glass; Iron; Stone; Zirconium,Rodhium,,12.99,/232/52/211267_HM_1,211267_HM_1.jpg,none,,,,,
211271_HM,211271,Set of Earrings KISS54 Halftone Multicolor,_HM,Halftone Multicolor,Jewellery,Earrings,Hoop Earrings,Brass; Zinc; Zirconium,Golden,,5.99,/232/52/211271_HM_1,211271_HM_1.jpg,none,,,,,
211276_HM,211276,Set of Earrings KISS54 Halftone Multicolor,_HM,Halftone Multicolor,Jewellery,Earrings,Hoop Earrings,Enamel; Brass,Golden,,5.99,/232/52/211276_HM_1,211276_HM_1.jpg,none,,,,,
211324_GD,211324,Earring GLDN DEL Gold,_GD,Gold,Jewellery,Earrings,Stud,Brass; Zirconium,Golden,,9.99,/232/52/211324_GD_1,211324_GD_1.jpg,none,,,,,
211385_GD,211385,Earring GLDN DEL Gold,_GD,Gold,Jewellery,Earrings,Hoop Earrings,Zinc; Zirconium,Golden,,12.99,/232/52/211385_GD_1,211385_GD_1.jpg,none,,,,,
211411_WT,211411,Necklace GOLDEN BASICS White,_WT,White,Jewellery,Necklaces,Beaded Necklace,Thermoplastic Polyurethane; Zinc; Iron; Shell,Golden,,12.99,/232/52/211411_WT_1,211411_WT_1.jpg,none,,,,,
211440_BM,211440,Phone case FASHION SUPPLEMENTS Bright Multicolor,_BM,Bright Multicolor,Jewellery,Mobile Accessories,Mobile Cases,Thermoplastic Polyurethane,Other,,8.99,/232/52/211440_BM_1,211440_BM_1.jpg,none,,,,,
211455_OR,211455,Key Chain FASHION SUPPLEMENTS Orange,_OR,Orange,Jewellery,Key chains,Figures,Acrylic; Iron; Thermoplastic Polyurethane; Zinc,Golden,,8.99,/232/52/211455_OR_1,211455_OR_1.jpg,none,,,,,
211462_BM,211462,Sunglass Holder FASHION SUPPLEMENTS Bright Multicolor,_BM,Bright Multicolor,Jewellery,Other Jewellery,Sunglass Holder,Iron; Thermoplastic Polyurethane; Enamel,Golden,,6.99,/232/52/211462_BM_1,211462_BM_1.jpg,none,,,,,
211613_GD,211613,Necklace GOLDEN BASICS Gold,_GD,Gold,Jewellery,Necklaces,Chain,Copper,Golden,,10.99,/232/52/211613_GD_1,211613_GD_1.jpg,none,,,,,
211619_GD,211619,Necklace GOLDEN BASICS Gold,_GD,Gold,Jewellery,Necklaces,Pendant,Iron; Thermoplastic Polyurethane,Golden,,10.99,/232/52/211619_GD_1,211619_GD_1.jpg,none,,,,,
211624_GD,211624,Earring GOLDEN BASICS Gold,_GD,Gold,Jewellery,Earrings,Dangle,Iron,Brushed Golden,,5.99,/232/52/211624_GD_1,211624_GD_1.jpg,none,,,,,
211624_SV,211624,Earring SHADES OF COOL Silver,_SV,Silver,Jewellery,Earrings,Dangle,Iron,Rodhium,,5.99,/232/52/211624_SV_1,211624_SV_1.jpg,none,,,,,
211626_GD,211626,Earring GOLDEN BASICS Gold,_GD,Gold,Jewellery,Earrings,Dangle,Iron,Brushed Golden,,5.99,/232/52/211626_GD_1,211626_GD_1.jpg,none,,,,,
211632_GD,211632,Ring GOLDEN BASICS Gold,_GD,Gold,Jewellery,Rings,Band Ring,Zinc,Golden,,7.99,/232/52/211632_GD_1,211632_GD_1.jpg,none,,,,,
211637_GD,211637,Earring GOLDEN BASICS Gold,_GD,Gold,Jewellery,Earrings,Hoop Earrings,Zinc,Golden,,5.99,/232/52/211637_GD_1,211637_GD_1.jpg,none,,,,,
211646_GD,211646,Necklace Golden Basics Gold,_GD,Gold,Jewellery,Necklaces,Pendant,Brass; Iron,Golden,,12.99,/232/52/211646_GD_1,211646_GD_1.jpg,none,,,,,
2116620BM,211662,Earring FLORABUNDANCE Bright Multicolor,0BM,Bright Multicolor,Jewellery,Earrings,Hoop Earrings,Enamel; Zinc,Golden,,5.99,/232/52/2116620BM_1,2116620BM_1.jpg,none,,,,,
211662_HM,211662,Earring EXPEDITION Halftone Multicolor,_HM,Halftone Multicolor,Jewellery,Earrings,Hoop Earrings,Enamel; Zinc,Golden,,5.99,/232/52/211662_HM_1,211662_HM_1.jpg,none,,,,,
211667_GN,211667,Earring FLORABUNDANCE Green,_GN,Green,Jewellery,Earrings,Dangle,Enamel; Iron,Worn Gold,,5.99,/232/52/211667_GN_1,211667_GN_1.jpg,none,,,,,
211672_DM,211672,Bracelet FLORABUNDANCE Dark Multicolor,_DM,Dark Multicolor,Jewellery,Bracelets,Elastic Bracelet,Resin; Thermoplastic Polyurethane,Golden,,5.99,/232/52/211672_DM_1,211672_DM_1.jpg,none,,,,,
211677_BL,211677,Earring FLORABUNDANCE Blue,_BL,Blue,Jewellery,Earrings,Hoop Earrings,Resin; Zinc,Golden,,4.99,/232/52/211677_BL_1,211677_BL_1.jpg,none,,,,,
211683_DM,211683,Necklace FLORABUNDANCE Dark Multicolor,_DM,Dark Multicolor,Jewellery,Necklaces,Beaded Necklace,Resin; Thermoplastic Polyurethane; Acrylic; Brass,Golden,,12.99,/232/52/211683_DM_1,211683_DM_1.jpg,none,,,,,
211715_DM,211715,Earring FLORABUNDANCE Dark Multicolor,_DM,Dark Multicolor,Jewellery,Earrings,Hoop Earrings,Iron; Acrylic,Golden,,7.99,/232/52/211715_DM_1,211715_DM_1.jpg,none,,,,,
211722_DM,211722,Necklace FLORABUNDANCE Dark Multicolor,_DM,Dark Multicolor,Jewellery,Necklaces,Beaded Necklace,Brass; Resin; Zinc,Golden,,9.99,/232/52/211722_DM_1,211722_DM_1.jpg,none,,,,,
211728_DM,211728,Earring FLORABUNDANCE Dark Multicolor,_DM,Dark Multicolor,Jewellery,Earrings,Drop,Enamel; Zinc,Brushed Golden,,7.99,/232/52/211728_DM_1,211728_DM_1.jpg,none,,,,,
211736_PK,211736,Ring FLORABUNDANCE Pink,_PK,Pink,Jewellery,Rings,Band Ring,Enamel; Glass; Zinc,Golden,,4.99,/232/52/211736_PK_1,211736_PK_1.jpg,none,,,,,
211756_BL,211756,Earring FLORABUNDANCE Blue,_BL,Blue,Jewellery,Earrings,Stud,Thermoplastic Polyurethane; Zinc,Golden,,4.99,/232/52/211756_BL_1,211756_BL_1.jpg,none,,,,,
211762_OR,211762,Earring FLORABUNDANCE Orange,_OR,Orange,Jewellery,Earrings,Dangle,Enamel; Steel; Zinc,Worn Gold,,4.99,/232/52/211762_OR_1,211762_OR_1.jpg,none,,,,,
211769_DM,211769,Earring FLORABUNDANCE Dark Multicolor,_DM,Dark Multicolor,Jewellery,Earrings,Hoop Earrings,Enamel; Zinc,Golden,,5.99,/232/52/211769_DM_1,211769_DM_1.jpg,none,,,,,
211775_SV,211775,Ring SILVER D Silver,_SV,Silver,Jewellery,Rings,Band Ring,Brass; Zirconium,Rodhium,,5.99,/232/52/211775_SV_1,211775_SV_1.jpg,none,,,,,
211776_GD,211776,Earring GLDN DEL Gold,_GD,Gold,Jewellery,Earrings,Hoop Earrings,Acrylic; Zinc,Golden,,5.99,/232/52/211776_GD_1,211776_GD_1.jpg,none,,,,,
211776_SV,211776,Earring SILVER D Silver,_SV,Silver,Jewellery,Earrings,Hoop Earrings,Acrylic; Zinc,Rodhium,,5.99,/232/52/211776_SV_1,211776_SV_1.jpg,none,,,,,
211798_GD,211798,Set of Earrings GLDN DEL Gold,_GD,Gold,Jewellery,Earrings,Hoop Earrings,Glass; Zinc,Golden,,5.99,/232/52/211798_GD_1,211798_GD_1.jpg,none,,,,,
211798_SV,211798,Set of Earrings SILVER D Silver,_SV,Silver,Jewellery,Earrings,Hoop Earrings,Glass; Zinc,Golden,,5.99,/232/52/211798_SV_1,211798_SV_1.jpg,none,,,,,
211869_GD,211869,Ring GLDN DEL Gold,_GD,Gold,Jewellery,Rings,Cocktail,Acrylic; Brass; Zirconium,Golden,,5.99,/232/52/211869_GD_1,211869_GD_1.jpg,none,,,,,
211869_SV,211869,Ring SILVER D Silver,_SV,Silver,Jewellery,Rings,Cocktail,Acrylic; Brass; Zirconium,Golden,,5.99,/232/52/211869_SV_1,211869_SV_1.jpg,none,,,,,
211885_JN,211885,Earring TREND Blue Jeans,_JN,Blue Jeans,Jewellery,Earrings,Stud,Acrylic; Glass; Iron,,,12.99,/232/52/211885_JN_1,211885_JN_1.jpg,none,,,,,
211894_PM,211894,Necklace TREND Pastel Multicolor,_PM,Pastel Multicolor,Jewellery,Necklaces,Collar,Glass; Iron; Pearl; Zinc,Golden,,22.99,/232/52/211894_PM_1,211894_PM_1.jpg,none,,,,,
211901_TL,211901,Earring TREND Teal,_TL,Teal,Jewellery,Earrings,Dangle,Iron; Resin,Golden,,12.99,/232/52/211901_TL_1,211901_TL_1.jpg,none,,,,,
211905_LL,211905,Earring TREND Lilac,_LL,Lilac,Jewellery,Earrings,Dangle,Glass; Iron,Other,,12.99,/232/52/211905_LL_1,211905_LL_1.jpg,none,,,,,
211909_BN,211909,Necklace TREND Brown,_BN,Brown,Jewellery,Necklaces,Pendant,Stone; Zinc,Golden,,19.99,/232/52/211909_BN_1,211909_BN_1.jpg,none,,,,,
211919_WT,211919,Earring TREND White,_WT,White,Jewellery,Earrings,Stud,Iron; Zinc,Golden,,7.99,/232/52/211919_WT_1,211919_WT_1.jpg,none,,,,,
211922_HM,211922,Earring TREND Halftone Multicolor,_HM,Halftone Multicolor,Jewellery,Earrings,Stud,Acrylic; Zinc,Rose Gold,,12.99,/232/52/211922_HM_1,211922_HM_1.jpg,none,,,,,
211922_NV,211922,Earring STARRYNIGHT Navy,_NV,Navy,Jewellery,Earrings,Stud,Acrylic; Zinc,Rose Gold,,12.99,/232/52/211922_NV_1,211922_NV_1.jpg,none,,,,,
211927_HM,211927,Earring TREND Halftone Multicolor,_HM,Halftone Multicolor,Jewellery,Earrings,Hoop Earrings,Glass; Iron,Golden,,9.99,/232/52/211927_HM_1,211927_HM_1.jpg,none,,,,,
211932_PU,211932,Earring TREND Purple,_PU,Purple,Jewellery,Earrings,Stud,Acrylic; Glass,Other,,12.99,/232/52/211932_PU_1,211932_PU_1.jpg,none,,,,,
211937_HM,211937,Earring TREND Halftone Multicolor,_HM,Halftone Multicolor,Jewellery,Earrings,Dangle,Cotton; Glass; Iron; Zamac,Other,,17.99,/232/52/211937_HM_1,211937_HM_1.jpg,none,,,,,
211946_GD,211946,Earring BHLOTUS Gold,_GD,Gold,Jewellery,Earrings,Stud,Zinc,Brushed Golden,,5.99,/232/52/211946_GD_1,211946_GD_1.jpg,none,,,,,
211955_HM,211955,Bracelet BHLOTUS Halftone Multicolor,_HM,Halftone Multicolor,Jewellery,Bracelets,Adjustable Bracelet,Acrylic; Iron; Stone; Thermoplastic Polyurethane,Golden,,7.99,/232/52/211955_HM_1,211955_HM_1.jpg,none,,,,,
211959_TL,211959,Earring TREND Teal,_TL,Teal,Jewellery,Earrings,Stud,Iron; Pearl,Golden,,7.99,/232/52/211959_TL_1,211959_TL_1.jpg,none,,,,,
211963_BM,211963,Earring TREND Bright Multicolor,_BM,Bright Multicolor,Jewellery,Earrings,Hoop Earrings,Acrylic; Ceramic; Resin; Zinc,Golden,,9.99,/232/52/211963_BM_1,211963_BM_1.jpg,none,,,,,
211967_HM,211967,Earring BHLOTUS Halftone Multicolor,_HM,Halftone Multicolor,Jewellery,Earrings,Dangle,Iron; Stone,Golden,,7.99,/232/52/211967_HM_1,211967_HM_1.jpg,none,,,,,
211973_HM,211973,Bracelet BHLOTUS Halftone Multicolor,_HM,Halftone Multicolor,Jewellery,Bracelets,Adjustable Bracelet,Acrylic; Brass; Cow Leather; Iron; Resin; Stone; Thermoplastic Polyurethane,Brushed Golden,,7.99,/232/52/211973_HM_1,211973_HM_1.jpg,none,,,,,
211977_TL,211977,Earring BHLOTUS Teal,_TL,Teal,Jewellery,Earrings,Dangle,Iron,Golden,,7.99,/232/52/211977_TL_1,211977_TL_1.jpg,none,,,,,
211981_HM,211981,Earring BHLOTUS Halftone Multicolor,_HM,Halftone Multicolor,Jewellery,Earrings,Hoop Earrings,Acrylic; Zinc,Golden,,7.99,/232/52/211981_HM_1,211981_HM_1.jpg,none,,,,,
211986_HM,211986,Bracelet BHLOTUS Halftone Multicolor,_HM,Halftone Multicolor,Jewellery,Bracelets,Elastic Bracelet,Elastane; Resin; Stone; Thermoplastic Polyurethane; Zinc,Brushed Golden,,5.99,/232/52/211986_HM_1,211986_HM_1.jpg,none,,,,,
211991_HM,211991,Earring BHLOTUS Halftone Multicolor,_HM,Halftone Multicolor,Jewellery,Earrings,Stud,Enamel; Zinc,Golden,,5.99,/232/52/211991_HM_1,211991_HM_1.jpg,none,,,,,
211997_HM,211997,Earring BHLOTUS Halftone Multicolor,_HM,Halftone Multicolor,Jewellery,Earrings,Hoop Earrings,Iron; Resin; Stone; Thermoplastic Polyurethane,Golden,,4.99,/232/52/211997_HM_1,211997_HM_1.jpg,none,,,,,
212001_HM,212001,Earring BHLOTUS Halftone Multicolor,_HM,Halftone Multicolor,Jewellery,Earrings,Dangle,Iron; Shell,Brushed Golden,,8.99,/232/52/212001_HM_1,212001_HM_1.jpg,none,,,,,
212006_GN,212006,Ring BHLOTUS Green,_GN,Green,Jewellery,Rings,Band Ring,Resin; Zinc,Golden,,4.99,/232/52/212006_GN_1,212006_GN_1.jpg,none,,,,,
212008_GD,212008,Earring GLDN DEL Gold,_GD,Gold,Jewellery,Earrings,Dangle,Brass; Zirconium,Golden,,9.99,/232/52/212008_GD_1,212008_GD_1.jpg,none,,,,,
212008_HM,212008,Earring GLDN DEL Halftone Multicolor,_HM,Halftone Multicolor,Jewellery,Earrings,Dangle,Brass; Zirconium,,,9.99,/242/52/212008_HM_1,212008_HM_1.jpg,none,,,,,
212008_SV,212008,Earring SILVER D Silver,_SV,Silver,Jewellery,Earrings,Dangle,Brass; Zirconium,Golden,,9.99,/232/52/212008_SV_1,212008_SV_1.jpg,none,,,,,
212011_GD,212011,Bracelet GLDN DEL Gold,_GD,Gold,Jewellery,Bracelets,Adjustable Bracelet,Iron; Pearl; Zinc,Golden,,7.99,/232/52/212011_GD_1,212011_GD_1.jpg,none,,,,,
212011_SV,212011,Bracelet SILVER D Silver,_SV,Silver,Jewellery,Bracelets,Adjustable Bracelet,Iron; Pearl; Zinc,Rodhium,,7.99,/232/52/212011_SV_1,212011_SV_1.jpg,none,,,,,
212014_PE,212014,Earring GLDN DEL Pearl,_PE,Pearl,Jewellery,Earrings,Dangle,Iron; Pearl; Zinc,Golden,,8.99,/232/52/212014_PE_1,212014_PE_1.jpg,none,,,,,
212021_GD,212021,Necklace GLDN DEL Gold,_GD,Gold,Jewellery,Necklaces,Pendant,Brass; Iron; Zinc,,,10.99,/232/52/212021_GD_1,212021_GD_1.jpg,none,,,,,
212021_SV,212021,Necklace SILVER D Silver,_SV,Silver,Jewellery,Necklaces,Pendant,Brass; Iron; Zinc,Rodhium,,10.99,/232/52/212021_SV_1,212021_SV_1.jpg,none,,,,,
212022_GD,212022,Earring GLDN DEL Gold,_GD,Gold,Jewellery,Earrings,Stud,Iron,Golden,,8.99,/232/52/212022_GD_1,212022_GD_1.jpg,none,,,,,
212083_OR,212083,Earring DEGRADE Orange,_OR,Orange,Jewellery,Earrings,Dangle,Acrylic; Glass; Iron,Golden,,7.99,/232/52/212083_OR_1,212083_OR_1.jpg,none,,,,,
212088_GN,212088,Ring BHLOTUS Green,_GN,Green,Jewellery,Rings,Band Ring,Thermoplastic Polyurethane; Zinc,Golden,,5.99,/232/52/212088_GN_1,212088_GN_1.jpg,none,,,,,
212242_BM,212242,Earring GUARANI VIBES Bright Multicolor,_BM,Bright Multicolor,Jewellery,Earrings,Hoop Earrings,Acrylic; Iron,Golden,,5.99,/232/52/212242_BM_1,212242_BM_1.jpg,none,,,,,
212246_BM,212246,Bracelet GUARANI VIBES Bright Multicolor,_BM,Bright Multicolor,Jewellery,Bracelets,Elastic Bracelet,Acrylic; Iron; Resin,Brushed Golden,,9.99,/232/52/212246_BM_1,212246_BM_1.jpg,none,,,,,
212253_BM,212253,Earring GUARANI VIBES Bright Multicolor,_BM,Bright Multicolor,Jewellery,Earrings,Drop,Enamel; Iron; Zinc,Brushed Golden,,5.99,/232/52/212253_BM_1,212253_BM_1.jpg,none,,,,,
212259_GD,212259,Ring GUARANI VIBES Gold,_GD,Gold,Jewellery,Rings,Fantasy,Zamac,Golden,,6.99,/232/52/212259_GD_1,212259_GD_1.jpg,none,,,,,
212267_BM,212267,Earring GUARANI VIBES Bright Multicolor,_BM,Bright Multicolor,Jewellery,Earrings,Dangle,Shell; Steel; Thermoplastic Polyurethane; Zinc,Brushed Golden,,8.99,/232/52/212267_BM_1,212267_BM_1.jpg,none,,,,,
212280_BM,212280,Bracelet GUARANI VIBES Bright Multicolor,_BM,Bright Multicolor,Jewellery,Bracelets,Elastic Bracelet,Enamel; Thermoplastic Polyurethane; Zinc,Brushed Golden,,5.99,/232/52/212280_BM_1,212280_BM_1.jpg,none,,,,,
212289_BM,212289,Earring GUARANI VIBES Bright Multicolor,_BM,Bright Multicolor,Jewellery,Earrings,Stud,Enamel; Zinc,Golden,,5.99,/232/52/212289_BM_1,212289_BM_1.jpg,none,,,,,
212295_BM,212295,Earring GUARANI VIBES Bright Multicolor,_BM,Bright Multicolor,Jewellery,Earrings,Hoop Earrings,Acrylic; Iron; Thermoplastic Polyurethane,Golden,,5.99,/232/52/212295_BM_1,212295_BM_1.jpg,none,,,,,
212300_GN,212300,Earring GUARANI VIBES Green,_GN,Green,Jewellery,Earrings,Dangle,Iron; Resin,Brushed Golden,,5.99,/232/52/212300_GN_1,212300_GN_1.jpg,none,,,,,
212312_BM,212312,Earring GUARANI VIBES Bright Multicolor,_BM,Bright Multicolor,Jewellery,Earrings,Hoop Earrings,Acrylic; Enamel; Zinc,Golden,,5.99,/232/52/212312_BM_1,212312_BM_1.jpg,none,,,,,
212316_BM,212316,Earring GUARANI VIBES Bright Multicolor,_BM,Bright Multicolor,Jewellery,Earrings,Dangle,Acrylic; Iron; Pearl,Brushed Golden,,8.99,/232/52/212316_BM_1,212316_BM_1.jpg,none,,,,,
212321_BM,212321,Bracelet GUARANI VIBES Bright Multicolor,_BM,Bright Multicolor,Jewellery,Bracelets,Elastic Bracelet,Acrylic; Iron; Resin; Thermoplastic Polyurethane,Brushed Golden,,7.99,/232/52/212321_BM_1,212321_BM_1.jpg,none,,,,,
212391_SV,212391,Earring LAB JULHO Silver,_SV,Silver,Jewellery,Earrings,Dangle,Iron; Acrylic,Matte Silver,,15.99,/232/52/212391_SV_1,212391_SV_1.jpg,none,,,,,
212395_GD,212395,Earring GOLD PLATED COLLECTION Gold,_GD,Gold,Jewellery,Earrings,Dangle,Brass,Gold Plated,,23.99,/232/52/212395_GD_2y,212395_GD_2y.jpg,none,,,,,
212401_GD,212401,Ring GOLD PLATED COLLECTION Gold,_GD,Gold,Jewellery,Rings,Band Ring,Brass,Gold Plated,,27.99,/232/52/212401_GD_1y,212401_GD_1y.jpg,none,,,,,
212415_BM,212415,Earring SPARKLING EARRINGS Bright Multicolor,_BM,Bright Multicolor,Jewellery,Earrings,Dangle,Brass; Zirconium,Black Nikel,,32.99,/232/52/212415_BM_1,212415_BM_1.jpg,none,,,,,
212435_BU,212435,Earring ORPHIC Burgundy,_BU,Burgundy,Jewellery,Earrings,Dangle,Iron; Resin; Zinc,Golden,,4.99,/232/52/212435_BU_1,212435_BU_1.jpg,none,,,,,
212441_HM,212441,Earring ORPHIC Halftone Multicolor,_HM,Halftone Multicolor,Jewellery,Earrings,Hoop Earrings,Copper; Iron; Stone,Brushed Golden,,5.99,/232/52/212441_HM_1,212441_HM_1.jpg,none,,,,,
212446_HM,212446,Bracelet ORPHIC Halftone Multicolor,_HM,Halftone Multicolor,Jewellery,Bracelets,Elastic Bracelet,Acrylic; Stone; Thermoplastic Polyurethane; Zinc,Golden,,7.99,/232/52/212446_HM_1,212446_HM_1.jpg,none,,,,,
212479_BK,212479,Necklace EXPEDITION Black,_BK,Black,Jewellery,Necklaces,Pendant,Glass; Iron; Polyester; Resin,Other,,10.99,/232/52/212479_BK_1,212479_BK_1.jpg,none,,,,,
212482_GN,212482,Earring EXPEDITION Green,_GN,Green,Jewellery,Earrings,Hoop Earrings,Resin; Zinc,Golden,,5.99,/232/52/212482_GN_1,212482_GN_1.jpg,none,,,,,
212482_MT,212482,Earring MONETT Mint,_MT,Mint,Jewellery,Earrings,Hoop Earrings,Resin; Zinc,Golden,,5.99,/242/52/212482_MT_1,212482_MT_1.jpg,none,,,,,
212493_HM,212493,Necklace ORPHIC Halftone Multicolor,_HM,Halftone Multicolor,Jewellery,Necklaces,Beaded Necklace,Acrylic; Glass; Iron; Resin; Stone,Golden,,10.99,/232/52/212493_HM_1,212493_HM_1.jpg,none,,,,,
212498_HM,212498,Earring ORPHIC Halftone Multicolor,_HM,Halftone Multicolor,Jewellery,Earrings,Hoop Earrings,Acrylic; Iron; Resin; Stone,Golden,,7.99,/232/52/212498_HM_1,212498_HM_1.jpg,none,,,,,
212505_PK,212505,Bracelet ORPHIC Pink,_PK,Pink,Jewellery,Bracelets,Elastic Bracelet,Iron; Stone,Golden,,7.99,/232/52/212505_PK_1,212505_PK_1.jpg,none,,,,,
212519_DN,212519,Earring EXPEDITION Dark Green,_DN,Dark Green,Jewellery,Earrings,Stud,Resin; Zinc,Golden,,5.99,/232/52/212519_DN_1,212519_DN_1.jpg,none,,,,,
212526_BM,212526,Earring EXPEDITION Bright Multicolor,_BM,Bright Multicolor,Jewellery,Earrings,Dangle,Acrylic; Iron; Stone; Thermoplastic Polyurethane; Zinc,Golden,,7.99,/232/52/212526_BM_1,212526_BM_1.jpg,none,,,,,
212530_BM,212530,Set of Earrings EXPEDITION Bright Multicolor,_BM,Bright Multicolor,Jewellery,Earrings,Hoop Earrings,Zinc,Golden,,8.99,/232/52/212530_BM_1,212530_BM_1.jpg,none,,,,,
212545_HM,212545,Necklace EXPEDITION Halftone Multicolor,_HM,Halftone Multicolor,Jewellery,Necklaces,Beaded Necklace,Acrylic; Iron; Stone,Worn Gold,,15.99,/232/52/212545_HM_1,212545_HM_1.jpg,none,,,,,
212553_HM,212553,Set of Necklaces EXPEDITION Halftone Multicolor,_HM,Halftone Multicolor,Jewellery,Necklaces,Beaded Necklace,Acrylic; Brass; Thermoplastic Polyurethane; Zinc,Golden,,12.99,/232/52/212553_HM_1,212553_HM_1.jpg,none,,,,,
212558_HM,212558,Necklace EXPEDITION Halftone Multicolor,_HM,Halftone Multicolor,Jewellery,Necklaces,Pendant,Acrylic; Copper; Zinc,Golden,,12.99,/232/52/212558_HM_1,212558_HM_1.jpg,none,,,,,
212564_HM,212564,Necklace EXPEDITION Halftone Multicolor,_HM,Halftone Multicolor,Jewellery,Necklaces,Beaded Necklace,Iron; Thermoplastic Polyurethane; Zinc,Worn Gold,,12.99,/232/52/212564_HM_1,212564_HM_1.jpg,none,,,,,
212574_HM,212574,Necklace EXPEDITION Halftone Multicolor,_HM,Halftone Multicolor,Jewellery,Necklaces,Pendant,Iron; Resin,Worn Rose God,,10.99,/232/52/212574_HM_1,212574_HM_1.jpg,none,,,,,
212590_HM,212590,Bracelet EXPEDITION Halftone Multicolor,_HM,Halftone Multicolor,Jewellery,Bracelets,Elastic Bracelet,Iron; Resin; Zinc,Golden,,6.99,/232/52/212590_HM_1,212590_HM_1.jpg,none,,,,,
212597_PU,212597,Earring FLOWER BEADS Purple,_PU,Purple,Jewellery,Earrings,Drop,Iron; Zinc; Glass,Golden,,25.99,/232/52/212597_PU_1,212597_PU_1.jpg,none,,,,,
212597_YL,212597,Earring FLOWER BEADS Yellow,_YL,Yellow,Jewellery,Earrings,Drop,Glass; Iron; Zinc,Golden,,25.99,/232/52/212597_YL_1,212597_YL_1.jpg,none,,,,,
212606_BM,212606,Necklace THE COUPLE Bright Multicolor,_BM,Bright Multicolor,Jewellery,Necklaces,Pendant,Brass; Glass; Steel,Golden,,22.99,/232/52/212606_BM_1,212606_BM_1.jpg,none,,,,,
212610_BM,212610,Earring THE COUPLE Bright Multicolor,_BM,Bright Multicolor,Jewellery,Earrings,Hoop Earrings,Glass; Steel,Golden,,15.99,/232/52/212610_BM_1,212610_BM_1.jpg,none,,,,,
212648_HM,212648,Ring ORPHIC Halftone Multicolor,_HM,Halftone Multicolor,Jewellery,Rings,Cocktail,Enamel; Zinc,Golden,,5.99,/232/52/212648_HM_1,212648_HM_1.jpg,none,,,,,
212666_GD,212666,Necklace GOLDEN BASICS Gold,_GD,Gold,Jewellery,Necklaces,Chain,Iron,Golden,,10.99,/232/52/212666_GD_1,212666_GD_1.jpg,none,,,,,
212671_GD,212671,Ring GOLDEN BASICS Gold,_GD,Gold,Jewellery,Rings,Band Ring,Zinc,Golden,,5.99,/232/52/212671_GD_1,212671_GD_1.jpg,none,,,,,
212678_GD,212678,Ring Golden Basics Gold,_GD,Gold,Jewellery,Rings,Band Ring,Zinc,Golden,,5.99,/232/52/212678_GD_1,212678_GD_1.jpg,none,,,,,
212684_HM,212684,Necklace ORPHIC Halftone Multicolor,_HM,Halftone Multicolor,Jewellery,Necklaces,Beaded Necklace,Acrylic; Brass; Stone; Thermoplastic Polyurethane,Golden,,10.99,/232/52/212684_HM_1,212684_HM_1.jpg,none,,,,,
212688_HM,212688,Necklace ORPHIC Halftone Multicolor,_HM,Halftone Multicolor,Jewellery,Necklaces,Collar,Acrylic; Iron; Resin; Zinc,Brushed Golden,,17.99,/232/52/212688_HM_1,212688_HM_1.jpg,none,,,,,
212713_HM,212713,Earring ORPHIC Halftone Multicolor,_HM,Halftone Multicolor,Jewellery,Earrings,Dangle,Acrylic; Iron; Stone,Burnish Golden,,5.99,/232/52/212713_HM_1,212713_HM_1.jpg,none,,,,,
212733_BU,212733,Earring ORPHIC Burgundy,_BU,Burgundy,Jewellery,Earrings,Hoop Earrings,Brass; Glass; Iron; Resin,Golden,,5.99,/232/52/212733_BU_1,212733_BU_1.jpg,none,,,,,
212826_HM,212826,Earring GLDN DEL Halftone Multicolor,_HM,Halftone Multicolor,Jewellery,Earrings,Hoop Earrings,Brass; Glass,Golden,,7.99,/232/52/212826_HM_1,212826_HM_1.jpg,none,,,,,
212830_SV,212830,Earring SILVER D Silver,_SV,Silver,Jewellery,Earrings,Stud,Acrylic; Zinc,Golden,,4.99,/232/52/212830_SV_1,212830_SV_1.jpg,none,,,,,
212832_SV,212832,Earring SILVER D Silver,_SV,Silver,Jewellery,Earrings,Dangle,Brass; Glass; Steel,Rodhium,,7.99,/232/52/212832_SV_1,212832_SV_1.jpg,none,,,,,
212850_SV,212850,Earring SILVER D Silver,_SV,Silver,Jewellery,Earrings,Ear Cuff,Glass; Iron; Zamac,Rodhium,,9.99,/232/52/212850_SV_1,212850_SV_1.jpg,none,,,,,
212856_SV,212856,Ring SILVER D Silver,_SV,Silver,Jewellery,Rings,Band Ring,Brass; Zirconium,Rodhium,,5.99,/232/52/212856_SV_1,212856_SV_1.jpg,none,,,,,
212864_GD,212864,Earring GLDN DEL Gold,_GD,Gold,Jewellery,Earrings,Dangle,Brass,Golden,,7.99,/232/52/212864_GD_1,212864_GD_1.jpg,none,,,,,
212864_SV,212864,Earring SILVER D Silver,_SV,Silver,Jewellery,Earrings,Dangle,Brass,Golden,,7.99,/232/52/212864_SV_1,212864_SV_1.jpg,none,,,,,
212871_HM,212871,Ring mulstone Halftone Multicolor,_HM,Halftone Multicolor,Jewellery,Rings,Fantasy,Enamel; Zinc,Golden,,5.99,/232/52/212871_HM_1,212871_HM_1.jpg,none,,,,,
212942_HM,212942,Earring mulstone Halftone Multicolor,_HM,Halftone Multicolor,Jewellery,Earrings,Dangle,Acrylic; Glass; Thermoplastic Polyurethane; Zinc,Golden,,5.99,/232/52/212942_HM_1,212942_HM_1.jpg,none,,,,,
212947_LK,212947,Ring mulstone Light Pink,_LK,Light Pink,Jewellery,Rings,Cocktail,Stone; Zinc,Golden,,6.99,/232/52/212947_LK_1,212947_LK_1.jpg,none,,,,,
212952_HM,212952,Necklace mulstone Halftone Multicolor,_HM,Halftone Multicolor,Jewellery,Necklaces,Pendant,Acrylic; Iron; Thermoplastic Polyurethane; Zinc,Golden,,10.99,/232/52/212952_HM_1,212952_HM_1.jpg,none,,,,,
212961_BK,212961,Necklace ECLIPSE Black,_BK,Black,Jewellery,Necklaces,Beaded Necklace,Brass; Glass; Zinc,Brushed Golden,,10.99,/232/52/212961_BK_1,212961_BK_1.jpg,none,,,,,
212966_BK,212966,Earring ECLIPSE Black,_BK,Black,Jewellery,Earrings,Dangle,Glass; Iron; Zinc,Golden,,7.99,/232/52/212966_BK_1,212966_BK_1.jpg,none,,,,,
2129740HM,212974,Earring FLEURSDUMER Halftone Multicolor,0HM,Halftone Multicolor,Jewellery,Earrings,Drop,Resin; Stone; Zinc; Iron,Brushed Golden,,5.99,/241/52/2129740HM_1,2129740HM_1.jpg,none,,,,,
212974_HM,212974,Earring VENDREDI Halftone Multicolor,_HM,Halftone Multicolor,Jewellery,Earrings,Drop,Iron; Pearl; Resin; Zinc,Brushed Golden,,5.99,/241/52/212974_HM_1,212974_HM_1.jpg,none,,,,,
212979_HM,212979,Earring mulstone Halftone Multicolor,_HM,Halftone Multicolor,Jewellery,Earrings,Dangle,Acrylic; Iron; Resin; Zinc,Brushed Golden,,5.99,/232/52/212979_HM_1,212979_HM_1.jpg,none,,,,,
212989_HM,212989,Set of Earrings mulstone Halftone Multicolor,_HM,Halftone Multicolor,Jewellery,Earrings,Dangle,Glass; Iron; Zinc,Golden,,9.99,/232/52/212989_HM_1,212989_HM_1.jpg,none,,,,,
212994_HM,212994,Necklace mulstone Halftone Multicolor,_HM,Halftone Multicolor,Jewellery,Necklaces,Beaded Necklace,Acrylic; Copper; Glass; Iron; Stone; Zamac,Golden,,10.99,/232/52/212994_HM_1,212994_HM_1.jpg,none,,,,,
212997_GD,212997,Necklace GOLDEN BASICS Gold,_GD,Gold,Jewellery,Necklaces,Pendant,Acrylic; Copper; Iron; Zamac,Golden,,10.99,/232/52/212997_GD_1,212997_GD_1.jpg,none,,,,,
212997_GN,212997,Necklace FLEURSDUMER Green,_GN,Green,Jewellery,Necklaces,Pendant,Stone; Zamac; Copper; Iron,,,10.99,/232/52/212997_GN_1,212997_GN_1.jpg,none,,,,,
212997_ID,212997,Necklace NILE Indigo Dye,_ID,Indigo Dye,Jewellery,Necklaces,Pendant,Copper; Iron; Stone; Zamac,,,10.99,/241/52/212997_ID_1,212997_ID_1.jpg,none,,,,,
212997_MI,212997,Necklace mulstone Midnight Blue,_MI,Midnight Blue,Jewellery,Necklaces,Pendant,Copper; Iron; Stone; Zamac,Golden,,10.99,/232/52/212997_MI_1,212997_MI_1.jpg,none,,,,,
212997_PU,212997,Necklace mulstone Purple,_PU,Purple,Jewellery,Necklaces,Pendant,Stone; Zamac; Copper; Iron,Golden,,10.99,/232/52/212997_PU_1,212997_PU_1.jpg,none,,,,,
212997_TQ,212997,Necklace mulstone Turquoise,_TQ,Turquoise,Jewellery,Necklaces,Pendant,Copper; Iron; Stone; Zamac,Golden,,10.99,/232/52/212997_TQ_1,212997_TQ_1.jpg,none,,,,,
213000_HM,213000,Set of Earrings mulstone Halftone Multicolor,_HM,Halftone Multicolor,Jewellery,Earrings,Stud,Acrylic; Iron; Stone; Zinc,Golden,,8.99,/232/52/213000_HM_1,213000_HM_1.jpg,none,,,,,
213005_HM,213005,Earring mulstone Halftone Multicolor,_HM,Halftone Multicolor,Jewellery,Earrings,Drop,Zinc; Glass; Resin,Golden,,8.99,/232/52/213005_HM_1,213005_HM_1.jpg,none,,,,,
213011_HM,213011,Earring mulstone Halftone Multicolor,_HM,Halftone Multicolor,Jewellery,Earrings,Hoop Earrings,Acrylic; Ceramic; Glass; Iron; Pearl; Stone,Golden,,7.99,/232/52/213011_HM_1,213011_HM_1.jpg,none,,,,,
213055_BK,213055,Necklace ECLIPSE Black,_BK,Black,Jewellery,Necklaces,Beaded Necklace,Glass; Iron; Pearl; Stone,Golden,,12.99,/232/52/213055_BK_1,213055_BK_1.jpg,none,,,,,
213073_BK,213073,Bracelet ECLIPSE Black,_BK,Black,Jewellery,Bracelets,Bangle,Enamel; Glass; Iron; Zinc,Golden,,7.99,/232/52/213073_BK_1,213073_BK_1.jpg,none,,,,,
213079_BK,213079,Earring ECLIPSE Black,_BK,Black,Jewellery,Earrings,Hoop Earrings,Enamel; Zinc,Golden,,5.99,/232/52/213079_BK_1,213079_BK_1.jpg,none,,,,,
213083_BK,213083,Necklace ECLIPSE Black,_BK,Black,Jewellery,Necklaces,Chain,Brass; Glass; Iron,Golden,,12.99,/232/52/213083_BK_1,213083_BK_1.jpg,none,,,,,
213089_BK,213089,Bracelet ECLIPSE Black,_BK,Black,Jewellery,Bracelets,Elastic Bracelet,Resin; Thermoplastic Polyurethane; Zinc,Golden,,9.99,/232/52/213089_BK_1,213089_BK_1.jpg,none,,,,,
213098_BK,213098,Ring ECLIPSE Black,_BK,Black,Jewellery,Rings,Stone/Gem,Glass; Zinc,Golden,,4.99,/232/52/213098_BK_1,213098_BK_1.jpg,none,,,,,
213105_BK,213105,Earring ECLIPSE Black,_BK,Black,Jewellery,Earrings,Dangle,Stone; Thermoplastic Polyurethane; Zinc,Brushed Golden,,7.99,/232/52/213105_BK_1,213105_BK_1.jpg,none,,,,,
213112_BK,213112,Ring ECLIPSE Black,_BK,Black,Jewellery,Rings,Stone/Gem,Glass; Zinc,Golden,,5.99,/232/52/213112_BK_1,213112_BK_1.jpg,none,,,,,
213130_BK,213130,Set of Earrings ECLIPSE Black,_BK,Black,Jewellery,Earrings,Stud,Brass; Glass; Zinc; Zirconium,Golden,,5.99,/232/52/213130_BK_1,213130_BK_1.jpg,none,,,,,
213135_BK,213135,Bracelet ECLIPSE Black,_BK,Black,Jewellery,Bracelets,Adjustable Bracelet,Iron; Stone; Thermoplastic Polyurethane,Golden,,7.99,/232/52/213135_BK_1,213135_BK_1.jpg,none,,,,,
213150_BK,213150,Ring ECLIPSE Black,_BK,Black,Jewellery,Rings,Band Ring,Brass; Zirconium,Golden,,4.99,/232/52/213150_BK_1,213150_BK_1.jpg,none,,,,,
213156_BK,213156,Necklace ECLIPSE Black,_BK,Black,Jewellery,Necklaces,Pendant,Zinc; Zirconium; Metal and Cord,Golden,,10.99,/232/52/213156_BK_1,213156_BK_1.jpg,none,,,,,
213366_HM,213366,Earring ORPHIC Halftone Multicolor,_HM,Halftone Multicolor,Jewellery,Earrings,Dangle,Zinc; Iron; Shell,Golden,,9.99,/232/52/213366_HM_1,213366_HM_1.jpg,none,,,,,
213734_GD,213734,Earring TREND Gold,_GD,Gold,Jewellery,Earrings,Stud,Zinc,Worn Gold,,9.99,/232/52/213734_GD_1,213734_GD_1.jpg,none,,,,,
213743_PE,213743,Necklace TREND Pearl,_PE,Pearl,Jewellery,Necklaces,Pendant,Acrylic; Pearl,Worn Gold,,17.99,/232/52/213743_PE_1,213743_PE_1.jpg,none,,,,,
213749_PE,213749,Set of Necklaces TREND Pearl,_PE,Pearl,Jewellery,Necklaces,Pendant,Acrylic; Iron; Pearl; Zinc,Worn Gold,,15.99,/232/52/213749_PE_1,213749_PE_1.jpg,none,,,,,
213755_GD,213755,Earring TREND Gold,_GD,Gold,Jewellery,Earrings,Hoop Earrings,Zinc,Worn Gold,,12.99,/232/52/213755_GD_1,213755_GD_1.jpg,none,,,,,
213779_GD,213779,Ring ULTRAVIO Gold,_GD,Gold,Jewellery,Rings,Fantasy,Resin; Zinc,Worn Gold,,7.99,/232/52/213779_GD_1,213779_GD_1.jpg,none,,,,,
213804_PU,213804,Earring ULTRAVIO Purple,_PU,Purple,Jewellery,Earrings,Dangle,Acrylic; Iron,Worn Gold,,7.99,/232/52/213804_PU_1,213804_PU_1.jpg,none,,,,,
213808_OR,213808,Earring ULTRAVIO Orange,_OR,Orange,Jewellery,Earrings,Hoop Earrings,Acrylic; Zinc,Worn Gold,,8.99,/232/52/213808_OR_1,213808_OR_1.jpg,none,,,,,
213815_HM,213815,Earring ULTRAVIO Halftone Multicolor,_HM,Halftone Multicolor,Jewellery,Earrings,Hoop Earrings,Brass; Iron; Resin; Stone,Worn Gold,,5.99,/232/52/213815_HM_1,213815_HM_1.jpg,none,,,,,
213821_HM,213821,Earring ULTRAVIO Halftone Multicolor,_HM,Halftone Multicolor,Jewellery,Earrings,Hoop Earrings,Acrylic; Copper; Glass,Worn Gold,,5.99,/232/52/213821_HM_1,213821_HM_1.jpg,none,,,,,
213825_HM,213825,Bracelet ULTRAVIO Halftone Multicolor,_HM,Halftone Multicolor,Jewellery,Bracelets,Elastic Bracelet,Thermoplastic Polyurethane,Worn Gold,,7.99,/232/52/213825_HM_1,213825_HM_1.jpg,none,,,,,
213886_HM,213886,Necklace KISS MIX&MATCH Halftone Multicolor,_HM,Halftone Multicolor,Jewellery,Necklaces,Chain,Brass; Enamel; Zinc,Golden,,10.99,/232/52/213886_HM_1,213886_HM_1.jpg,none,,,,,
213898_GD,213898,Set of Earrings KISS MIX&MATCH Gold,_GD,Gold,Jewellery,Earrings,Hoop Earrings,Brass; Zirconium,Golden,,6.99,/232/52/213898_GD_1,213898_GD_1.jpg,none,,,,,
213907_HM,213907,Set of Earrings KISS MIX&MATCH Halftone Multicolor,_HM,Halftone Multicolor,Jewellery,Earrings,Hoop Earrings,Copper; Enamel; Iron; Zamac; Zirconium,Golden,,9.99,/232/52/213907_HM_1,213907_HM_1.jpg,none,,,,,
213919_GD,213919,Necklace KISS MIX&MATCH Gold,_GD,Gold,Jewellery,Necklaces,Chain,Copper; Iron,Golden,,10.99,/232/52/213919_GD_1,213919_GD_1.jpg,none,,,,,
213925_DM,213925,Earring FLORABUNDANCE Dark Multicolor,_DM,Dark Multicolor,Jewellery,Earrings,Drop,Iron,Brushed Golden,,7.99,/232/52/213925_DM_1,213925_DM_1.jpg,none,,,,,
213936_DM,213936,Bracelet FLORABUNDANCE Dark Multicolor,_DM,Dark Multicolor,Jewellery,Bracelets,Elastic Bracelet,Iron; Resin,Golden,,9.99,/232/52/213936_DM_1,213936_DM_1.jpg,none,,,,,
213951_BM,213951,Bracelet GUARANI VIBES Bright Multicolor,_BM,Bright Multicolor,Jewellery,Bracelets,Elastic Bracelet,Enamel; Zinc,Golden,,7.99,/232/52/213951_BM_1,213951_BM_1.jpg,none,,,,,
213959_BM,213959,Ring GUARANI VIBES Bright Multicolor,_BM,Bright Multicolor,Jewellery,Rings,Band Ring,Enamel; Zamac,Golden,,5.99,/232/52/213959_BM_1,213959_BM_1.jpg,none,,,,,
213982_HM,213982,Set of Earrings KISS MIX&MATCH Halftone Multicolor,_HM,Halftone Multicolor,Jewellery,Earrings,Hoop Earrings,Brass; Enamel; Zirconium,Golden,,8.99,/232/52/213982_HM_1,213982_HM_1.jpg,none,,,,,
213990_HM,213990,Earring KISS MIX&MATCH Halftone Multicolor,_HM,Halftone Multicolor,Jewellery,Earrings,Hoop Earrings,Enamel; Iron; Zinc,Golden,,5.99,/232/52/213990_HM_1,213990_HM_1.jpg,none,,,,,
213994_HM,213994,Set of Earrings KISS MIX&MATCH Halftone Multicolor,_HM,Halftone Multicolor,Jewellery,Earrings,Hoop Earrings,Brass; Enamel; Glass; Zinc; Zirconium,Golden,,7.99,/232/52/213994_HM_1,213994_HM_1.jpg,none,,,,,
214001_GD,214001,Set of Earrings KISS MIX&MATCH Gold,_GD,Gold,Jewellery,Earrings,Hoop Earrings,Brass; Glass,Silver,,6.99,/232/52/214001_GD_1,214001_GD_1.jpg,none,,,,,
214001_SV,214001,Set of Earrings KISS MIX&MATCH Silver,_SV,Silver,Jewellery,Earrings,Hoop Earrings,Brass; Glass,Silver,,6.99,/232/52/214001_SV_1,214001_SV_1.jpg,none,,,,,
214004_GD,214004,Necklace KISS MIX&MATCH Gold,_GD,Gold,Jewellery,Necklaces,Chain,Brass; Iron,Golden,,10.99,/232/52/214004_GD_1,214004_GD_1.jpg,none,,,,,
214009_HM,214009,Set of Earrings KISS MIX&MATCH Halftone Multicolor,_HM,Halftone Multicolor,Jewellery,Earrings,Hoop Earrings,Enamel; Zinc,Golden,,7.99,/232/52/214009_HM_1,214009_HM_1.jpg,none,,,,,
214013_HM,214013,Set of Earrings KISS MIX&MATCH Halftone Multicolor,_HM,Halftone Multicolor,Jewellery,Earrings,Hoop Earrings,Copper; Thermoplastic Polyurethane,Golden,,6.99,/232/52/214013_HM_1,214013_HM_1.jpg,none,,,,,
214020_BL,214020,Earring STARRYNIGHT Blue,_BL,Blue,Jewellery,Earrings,Hoop Earrings,Glass; Zinc,Black Plating,,5.99,/232/52/214020_BL_1,214020_BL_1.jpg,none,,,,,
214045_BM,214045,Earring STARRYNIGHT Bright Multicolor,_BM,Bright Multicolor,Jewellery,Earrings,Hoop Earrings,Zinc; Enamel,Golden,,7.99,/232/52/214045_BM_1,214045_BM_1.jpg,none,,,,,
214055_NV,214055,Earring STARRYNIGHT Navy,_NV,Navy,Jewellery,Earrings,Hoop Earrings,Crystal Glass; Iron,Black Nikel,,8.99,/232/52/214055_NV_1,214055_NV_1.jpg,none,,,,,
214063_BM,214063,Earring STARRYNIGHT Bright Multicolor,_BM,Bright Multicolor,Jewellery,Earrings,Stud,Acrylic; Iron,Black Plating,,8.99,/232/52/214063_BM_1,214063_BM_1.jpg,none,,,,,
214112_GN,214112,Ring GUMMY PARTY Green,_GN,Green,Jewellery,Rings,Stone/Gem,Zirconium; Brass,Golden,,4.99,/232/52/214112_GN_1,214112_GN_1.jpg,none,,,,,
214120_FU,214120,Ring GUMMY PARTY Fuchsia,_FU,Fuchsia,Jewellery,Rings,Stone/Gem,Brass; Zirconium,Golden,,7.99,/232/52/214120_FU_1,214120_FU_1.jpg,none,,,,,
214125_GN,214125,Earring GUMMY PARTY Green,_GN,Green,Jewellery,Earrings,Dangle,Rubber; Zinc,Brushed Golden,,7.99,/232/52/214125_GN_1,214125_GN_1.jpg,none,,,,,
214131_BL,214131,Ring GUMMY PARTY Blue,_BL,Blue,Jewellery,Rings,Stone/Gem,Brass; Zirconium,Golden,,7.99,/232/52/214131_BL_1,214131_BL_1.jpg,none,,,,,
214131_FU,214131,Ring GUMMY PARTY Fuchsia,_FU,Fuchsia,Jewellery,Rings,Stone/Gem,Brass; Zirconium,Golden,,7.99,/232/52/214131_FU_1,214131_FU_1.jpg,none,,,,,
214135_FU,214135,Earring GUMMY PARTY Fuchsia,_FU,Fuchsia,Jewellery,Earrings,Stud,Glass; Zinc; Polymer,Brushed Golden,,5.99,/232/52/214135_FU_1,214135_FU_1.jpg,none,,,,,
214141_FU,214141,Earring GUMMY PARTY Fuchsia,_FU,Fuchsia,Jewellery,Earrings,Drop,Glass; Resin; Zinc,Golden,,5.99,/232/52/214141_FU_1,214141_FU_1.jpg,none,,,,,
214141_GN,214141,Earring NEOPOP Green,_GN,Green,Jewellery,Earrings,Drop,Resin; Glass; Zinc,Black Nikel,,5.99,/242/52/214141_GN_1,214141_GN_1.jpg,none,,,,,
214141_MI,214141,Earring NEPTUNE Midnight Blue,_MI,Midnight Blue,Jewellery,Earrings,Drop,Zinc; Resin; Glass,Black Nikel,,5.99,/242/52/214141_MI_1,214141_MI_1.jpg,none,,,,,
214143_GD,214143,Ring GUMMY PARTY Gold,_GD,Gold,Jewellery,Rings,Band Ring,Glass; Zinc,Golden,,5.99,/232/52/214143_GD_1,214143_GD_1.jpg,none,,,,,
214147_BM,214147,Earring GUMMY PARTY Bright Multicolor,_BM,Bright Multicolor,Jewellery,Earrings,Dangle,Glass; Zinc,Golden,,7.99,/232/52/214147_BM_1,214147_BM_1.jpg,none,,,,,
214147_DM,214147,Earring NEOPOP Dark Multicolor,_DM,Dark Multicolor,Jewellery,Earrings,Dangle,Glass; Zinc,,,8.99,/242/52/214147_DM_1,214147_DM_1.jpg,none,,,,,
214151_BM,214151,Set of Rings GUMMY PARTY Bright Multicolor,_BM,Bright Multicolor,Jewellery,Rings,Band Ring,Glass; Zinc,Golden,,7.99,/232/52/214151_BM_1,214151_BM_1.jpg,none,,,,,
214156_BG,214156,Jewellery Box FASHION SUPPLEMENTS Beige,_BG,Beige,Jewellery,Other Jewellery,Jewellery Box,Polyester; Polyurethane; MDF,Golden,,15.99,/232/52/214156_BG_1,214156_BG_1.jpg,none,,,,,
214161_BM,214161,Necklace ORPHIC Bright Multicolor,_BM,Bright Multicolor,Jewellery,Necklaces,Chain,Acrylic; Iron; Resin; Stone,Golden,,12.99,/232/52/214161_BM_2y,214161_BM_2y.jpg,none,,,,,
214166_HM,214166,Earring ORPHIC Halftone Multicolor,_HM,Halftone Multicolor,Jewellery,Earrings,Hoop Earrings,Iron; Resin,Golden,,5.99,/232/52/214166_HM_1,214166_HM_1.jpg,none,,,,,
214173_HM,214173,Necklace ORPHIC Halftone Multicolor,_HM,Halftone Multicolor,Jewellery,Necklaces,Pendant,Iron; Resin; Zinc,Brushed Golden,,12.99,/232/52/214173_HM_1,214173_HM_1.jpg,none,,,,,
214191_HM,214191,Necklace mulstone Halftone Multicolor,_HM,Halftone Multicolor,Jewellery,Necklaces,Beaded Necklace,Iron; Resin; Stone; Thermoplastic Polyurethane,Golden,,12.99,/232/52/214191_HM_1,214191_HM_1.jpg,none,,,,,
214206_DP,214206,Earring mulstone Dark Pink,_DP,Dark Pink,Jewellery,Earrings,Drop,Acrylic; Iron; Thermoplastic Polyurethane,Golden,,5.99,/232/52/214206_DP_1,214206_DP_1.jpg,none,,,,,
214213_HM,214213,Earring mulstone Halftone Multicolor,_HM,Halftone Multicolor,Jewellery,Earrings,Hoop Earrings,Acrylic; Iron; Stone; Zinc,Golden,,7.99,/232/52/214213_HM_1,214213_HM_1.jpg,none,,,,,
214237_BM,214237,Earring STARRYNIGHT Bright Multicolor,_BM,Bright Multicolor,Jewellery,Earrings,Dangle,Acrylic; Iron,Black Plating,,7.99,/232/52/214237_BM_1,214237_BM_1.jpg,none,,,,,
214366_BM,214366,Earring GUMMY PARTY Bright Multicolor,_BM,Bright Multicolor,Jewellery,Earrings,Dangle,Clay; Copper; Glass,Golden,,12.99,/232/52/214366_BM_1,214366_BM_1.jpg,none,,,,,
214399_DM,214399,Set of Earrings Moonlight azure Dark Multicolor,_DM,Dark Multicolor,Jewellery,Earrings,Stud,Brass; Enamel; Zirconium,Golden,,8.99,/232/52/214399_DM_1,214399_DM_1.jpg,none,,,,,
214407_MI,214407,Earring Moonlight azure Midnight Blue,_MI,Midnight Blue,Jewellery,Earrings,Stud,Glass; Zinc,Golden,,7.99,/232/52/214407_MI_1,214407_MI_1.jpg,none,,,,,
214468_TL,214468,Necklace CANICHE CAMPAIGN Teal,_TL,Teal,Jewellery,Necklaces,Beaded Necklace,Glass; Iron,Golden,,45.99,/232/52/214468_TL_1,214468_TL_1.jpg,none,,,,,
214526_MI,214526,Earring Moonlight azure Midnight Blue,_MI,Midnight Blue,Jewellery,Earrings,Stud,Acrylic; Brass; Glass,Other,,9.99,/232/52/214526_MI_1,214526_MI_1.jpg,none,,,,,
214530_MI,214530,Earring Moonlight azure Midnight Blue,_MI,Midnight Blue,Jewellery,Earrings,Stud,Enamel; Iron; Zamac,Golden,,9.99,/232/52/214530_MI_1,214530_MI_1.jpg,none,,,,,
214535_MI,214535,Set of Earrings Moonlight azure Midnight Blue,_MI,Midnight Blue,Jewellery,Earrings,Hoop Earrings,Enamel; Glass; Iron; Zinc,Golden,,9.99,/232/52/214535_MI_1,214535_MI_1.jpg,none,,,,,
214673_HM,214673,Earring TREND Halftone Multicolor,_HM,Halftone Multicolor,Jewellery,Earrings,Stud,Acrylic; Crystal Glass; Iron,Black Nikel,,15.99,/232/52/214673_HM_1,214673_HM_1.jpg,none,,,,,
214718_SV,214718,Earring TREND Silver,_SV,Silver,Jewellery,Earrings,Dangle,Brass; Crystal Glass,Silver,,9.99,/232/52/214718_SV_1,214718_SV_1.jpg,none,,,,,
214915_BK,214915,Earring Hallo Black,_BK,Black,Jewellery,Earrings,Hoop Earrings,Glass; Iron; Thermoplastic Polyurethane; Metal and Cord,Golden,,17.99,/232/52/214915_BK_1,214915_BK_1.jpg,none,,,,,
214922_SV,214922,Bracelet Halloween capsula Silver,_SV,Silver,Jewellery,Bracelets,Non-Adjustable Bracelet,Acrylic; Iron; Zinc,Silver,,23.99,/232/52/214922_SV_1,214922_SV_1.jpg,none,,,,,
215016_SV,215016,Key Chain FASHION SUPPLEMENTS Silver,_SV,Silver,Jewellery,Key chains,Figures,Glass; Zinc; Zinc,Silver,,12.99,/232/52/215016_SV_1,215016_SV_1.jpg,none,,,,,
215109_BU,215109,Earring STARRYNIGHT Burgundy,_BU,Burgundy,Jewellery,Earrings,Dangle,Brass; Glass,Black Nikel,,8.99,/232/52/215109_BU_2y,215109_BU_2y.jpg,none,,,,,
215132_GD,215132,Earring Golden Basics Gold,_GD,Gold,Jewellery,Earrings,Clip Earrings,Iron,Brushed Golden,,8.99,/232/52/215132_GD_1,215132_GD_1.jpg,none,,,,,
215138_GD,215138,Earring Golden Basics Gold,_GD,Gold,Jewellery,Earrings,Drop,Iron,Golden,,7.99,/232/52/215138_GD_1,215138_GD_1.jpg,none,,,,,
215480_SV,215480,Necklace Hallo Silver,_SV,Silver,Jewellery,Necklaces,Beaded Necklace,Glass; Iron,Silver,,27.99,/232/52/215480_SV_1,215480_SV_1.jpg,none,,,,,
215487_SV,215487,Earring REMY Silver,_SV,Silver,Jewellery,Earrings,Stud,Thermoplastic Polyurethane,Silver,,15.99,/232/52/215487_SV_1,215487_SV_1.jpg,none,,,,,
215511_GD,215511,Earring GLDN DEL Gold,_GD,Gold,Jewellery,Earrings,Stud,Zinc,Golden,,5.99,/241/52/215511_GD_1,215511_GD_1.jpg,none,,,,,
215511_SV,215511,Earring SILVER D Silver,_SV,Silver,Jewellery,Earrings,Stud,Zinc,Golden,,5.99,/241/52/215511_SV_1,215511_SV_1.jpg,none,,,,,
215524_GD,215524,Earring EYE COLLECTION Gold,_GD,Gold,Jewellery,Earrings,Dangle,Zinc,Worn Gold,,15.99,/232/52/215524_GD_1,215524_GD_1.jpg,none,,,,,
215529_GD,215529,Necklace EYE COLLECTION Gold,_GD,Gold,Jewellery,Necklaces,Collar,Zinc,Worn Gold,,19.99,/232/52/215529_GD_1,215529_GD_1.jpg,none,,,,,
215543_GD,215543,Earring GLDN DEL Gold,_GD,Gold,Jewellery,Earrings,Dangle,Glass; Zinc,Golden,,4.99,/241/52/215543_GD_1,215543_GD_1.jpg,none,,,,,
215543_SV,215543,Earring SILVER D Silver,_SV,Silver,Jewellery,Earrings,Dangle,Glass; Zinc,Golden,,4.99,/241/52/215543_SV_1,215543_SV_1.jpg,none,,,,,
215545_GD,215545,Necklace GLDN DEL Gold,_GD,Gold,Jewellery,Necklaces,Y-Necklace,Copper; Zirconium,Golden,,12.99,/241/52/215545_GD_2y,215545_GD_2y.jpg,none,,,,,
215551_GD,215551,Necklace GLDN DEL Gold,_GD,Gold,Jewellery,Necklaces,Beaded Necklace,Copper; Pearl,,,10.99,/241/52/215551_GD_1,215551_GD_1.jpg,none,,,,,
215551_SV,215551,Necklace SILVER D Silver,_SV,Silver,Jewellery,Necklaces,Beaded Necklace,Copper; Pearl,,,10.99,/241/52/215551_SV_1,215551_SV_1.jpg,none,,,,,
215559_GD,215559,Earring GLDN DEL Gold,_GD,Gold,Jewellery,Earrings,Dangle,Brass; Zirconium,Golden,,4.99,/241/52/215559_GD_1,215559_GD_1.jpg,none,,,,,
215565_GD,215565,Set of Earrings GLDN DEL Gold,_GD,Gold,Jewellery,Earrings,Stud,Brass; Zirconium,,,4.99,/241/52/215565_GD_1,215565_GD_1.jpg,none,,,,,
215565_SV,215565,Set of Earrings SILVER D Silver,_SV,Silver,Jewellery,Earrings,Stud,Brass; Zirconium,Golden,,4.99,/241/52/215565_SV_2y,215565_SV_2y.jpg,none,,,,,
215574_SV,215574,Earring SILVER D Silver,_SV,Silver,Jewellery,Earrings,Hoop Earrings,Zinc,Rodhium,,7.99,/241/52/215574_SV_1,215574_SV_1.jpg,none,,,,,
215579_GD,215579,Earring GLDN DEL Gold,_GD,Gold,Jewellery,Earrings,Stud,Zinc,Golden,,4.99,/241/52/215579_GD_1,215579_GD_1.jpg,none,,,,,
215584_GD,215584,Ring GLDN DEL Gold,_GD,Gold,Jewellery,Rings,Cocktail,Acrylic; Zamac,Golden,,4.99,/241/52/215584_GD_1,215584_GD_1.jpg,none,,,,,
215591_MI,215591,Necklace Moonlight azure Midnight Blue,_MI,Midnight Blue,Jewellery,Necklaces,Choker,Glass; Suede,Other,,10.99,/232/52/215591_MI_1,215591_MI_1.jpg,none,,,,,
215591_TK,215591,Necklace ORPHIC Pastel Pink,_TK,Pastel Pink,Jewellery,Necklaces,Choker,Glass; Suede,Other,,10.99,/232/52/215591_TK_1,215591_TK_1.jpg,none,,,,,
215604_HM,215604,Bracelet GLDN DEL Halftone Multicolor,_HM,Halftone Multicolor,Jewellery,Bracelets,Non-Adjustable Bracelet,Glass; Iron; Pearl,Golden,,6.99,/241/52/215604_HM_1,215604_HM_1.jpg,none,,,,,
215608_GD,215608,Necklace GLDN DEL Gold,_GD,Gold,Jewellery,Necklaces,Pendant,Brass; Zirconium,Golden,,12.99,/241/52/215608_GD_1,215608_GD_1.jpg,none,,,,,
215608_SV,215608,Necklace SILVER D Silver,_SV,Silver,Jewellery,Necklaces,Pendant,Brass; Zirconium,Golden,,12.99,/241/52/215608_SV_1,215608_SV_1.jpg,none,,,,,
215614_GD,215614,Bracelet GLDN DEL Gold,_GD,Gold,Jewellery,Bracelets,Adjustable Bracelet,Brass; Zirconium,Golden,,7.99,/241/52/215614_GD_1,215614_GD_1.jpg,none,,,,,
2156191HM,215619,Earring GLDN DEL Halftone Multicolor,1HM,Halftone Multicolor,Jewellery,Earrings,Stud,Brass; Zirconium,Golden,,7.99,/242/52/2156191HM_1,2156191HM_1.jpg,none,,,,,
215619_HM,215619,Earring GLDN DEL Halftone Multicolor,_HM,Halftone Multicolor,Jewellery,Earrings,Stud,Brass; Zirconium,Golden,,7.99,/241/52/215619_HM_1,215619_HM_1.jpg,none,,,,,
215621_GD,215621,Earring GLDN DEL Gold,_GD,Gold,Jewellery,Earrings,Stud,Thermoplastic Polyurethane; Zinc,Golden,,5.99,/241/52/215621_GD_1,215621_GD_1.jpg,none,,,,,
215621_LB,215621,Earring MODERN STONES Light Blue,_LB,Light Blue,Jewellery,Earrings,Stud,Zinc; Stone,Golden,,5.99,/242/52/215621_LB_1,215621_LB_1.jpg,none,,,,,
215621_SV,215621,Earring SILVER D Silver,_SV,Silver,Jewellery,Earrings,Stud,Thermoplastic Polyurethane; Zinc,Golden,,5.99,/241/52/215621_SV_1,215621_SV_1.jpg,none,,,,,
215642_GD,215642,Earring GLDN DEL Gold,_GD,Gold,Jewellery,Earrings,Dangle,Brass,Rodhium,,5.99,/242/52/215642_GD_1,215642_GD_1.jpg,none,,,,,
215642_SV,215642,Earring SILVER D Silver,_SV,Silver,Jewellery,Earrings,Dangle,Brass,Rodhium,,5.99,/241/52/215642_SV_1,215642_SV_1.jpg,none,,,,,
215646_GD,215646,Necklace GLDN DEL Gold,_GD,Gold,Jewellery,Necklaces,Y-Necklace,Brass; Iron,Golden,,12.99,/241/52/215646_GD_1,215646_GD_1.jpg,none,,,,,
215650_GD,215650,Earring GLDN DEL Gold,_GD,Gold,Jewellery,Earrings,Stud,Zirconium; Brass,Golden,,5.99,/241/52/215650_GD_1,215650_GD_1.jpg,none,,,,,
215650_SV,215650,Earring SILVER D Silver,_SV,Silver,Jewellery,Earrings,Stud,Brass; Zirconium,Golden,,5.99,/241/52/215650_SV_2y,215650_SV_2y.jpg,none,,,,,
215654_GD,215654,Earring GLDN DEL Gold,_GD,Gold,Jewellery,Earrings,Stud,Brass; Zirconium,Golden,,7.99,/241/52/215654_GD_1,215654_GD_1.jpg,none,,,,,
215889_IV,215889,Bracelet Golden Basics Extra Ivory,_IV,Ivory,Jewellery,Bracelets,Elastic Bracelet,Enamel; Zinc,Golden,,8.99,/241/52/215889_IV_1,215889_IV_1.jpg,none,,,,,
215894_IV,215894,Earring Golden Basics Extra Ivory,_IV,Ivory,Jewellery,Earrings,Drop,Iron,Golden,,7.99,/241/52/215894_IV_1,215894_IV_1.jpg,none,,,,,
2158960BM,215896,Earring WATERMELON PARTY Bright Multicolor,0BM,Bright Multicolor,Jewellery,Earrings,Hoop Earrings,Enamel; Zinc,Golden,,5.99,/242/52/2158960BM_1,2158960BM_1.jpg,none,,,,,
2158960HM,215896,Earring MODERN STONES Halftone Multicolor,0HM,Halftone Multicolor,Jewellery,Earrings,Hoop Earrings,Enamel; Zinc,Golden,,5.99,/242/52/2158960HM_1,2158960HM_1.jpg,none,,,,,
215896_BK,215896,Earring Milagro Black,_BK,Black,Jewellery,Earrings,Hoop Earrings,Enamel; Zinc,Golden,,5.99,/242/52/215896_BK_1,215896_BK_1.jpg,none,,,,,
215896_BL,215896,Earring ATMOSPHERE Blue,_BL,Blue,Jewellery,Earrings,Hoop Earrings,Zinc; Enamel,Golden,,5.99,/242/52/215896_BL_1,215896_BL_1.jpg,none,,,,,
215896_BM,215896,Earring SUNSET JUNCTION Bright Multicolor,_BM,Bright Multicolor,Jewellery,Earrings,Hoop Earrings,Enamel; Zinc,Golden,,5.99,/241/52/215896_BM_1,215896_BM_1.jpg,none,,,,,
215896_HM,215896,Earring MONETT Halftone Multicolor,_HM,Halftone Multicolor,Jewellery,Earrings,Hoop Earrings,Enamel; Zinc,Golden,,5.99,/242/52/215896_HM_1,215896_HM_1.jpg,none,,,,,
215896_IV,215896,Earring PERMANENT - SUSPENDED FR Ivory,_IV,Ivory,Jewellery,Earrings,Hoop Earrings,Enamel; Zinc,,,5.99,/241/52/215896_IV_1,215896_IV_1.jpg,none,,,,,
215896_TQ,215896,Earring WATERMELON PARTY Turquoise,_TQ,Turquoise,Jewellery,Earrings,Hoop Earrings,Enamel; Zinc,Golden,,5.99,/242/52/215896_TQ_1,215896_TQ_1.jpg,none,,,,,
215901_IV,215901,Earring Golden Basics Extra Ivory,_IV,Ivory,Jewellery,Earrings,Dangle,Acrylic; Enamel; Zinc,,,9.99,/241/52/215901_IV_1,215901_IV_1.jpg,none,,,,,
215907_BK,215907,Earring Milagro Black,_BK,Black,Jewellery,Earrings,Dangle,Enamel; Iron,Golden,,5.99,/242/52/215907_BK_1,215907_BK_1.jpg,none,,,,,
215907_IV,215907,Earring PERMANENT - SUSPENDED FR Ivory,_IV,Ivory,Jewellery,Earrings,Dangle,Enamel; Iron,,,5.99,/241/52/215907_IV_1y,215907_IV_1y.jpg,none,,,,,
215911_IV,215911,Earring Golden Basics Extra Ivory,_IV,Ivory,Jewellery,Earrings,Hoop Earrings,Enamel; Zinc,Golden,,7.99,/241/52/215911_IV_1,215911_IV_1.jpg,none,,,,,
215916_IV,215916,Earring Golden Basics Extra Ivory,_IV,Ivory,Jewellery,Earrings,Stud,Brass; Enamel; Zinc,Golden,,8.99,/241/52/215916_IV_1y,215916_IV_1y.jpg,none,,,,,
215925_IV,215925,Earring Golden Basics Extra Ivory,_IV,Ivory,Jewellery,Earrings,Stud,Enamel; Iron; Zinc,Brushed Golden,,5.99,/241/52/215925_IV_1,215925_IV_1.jpg,none,,,,,
215930_IV,215930,Earring Golden Basics Extra Ivory,_IV,Ivory,Jewellery,Earrings,Dangle,Feather; Zinc,Golden,,12.99,/241/52/215930_IV_1,215930_IV_1.jpg,none,,,,,
215936_GD,215936,Ring Golden Basics Gold,_GD,Gold,Jewellery,Rings,Band Ring,Zinc,Brushed Golden,,4.99,/241/52/215936_GD_1,215936_GD_1.jpg,none,,,,,
215937_GD,215937,Necklace Golden Basics Gold,_GD,Gold,Jewellery,Necklaces,Beaded Necklace,Zinc; Brass; Iron,,,10.99,/241/52/215937_GD_1,215937_GD_1.jpg,none,,,,,
215937_SV,215937,Necklace silver basics EXTRA Silver,_SV,Silver,Jewellery,Necklaces,Beaded Necklace,Brass; Iron; Zinc,,,10.99,/242/52/215937_SV_1,215937_SV_1.jpg,none,,,,,
215947_GD,215947,Ring Golden Basics Gold,_GD,Gold,Jewellery,Rings,Cocktail,Zinc,Golden,,5.99,/241/52/215947_GD_1,215947_GD_1.jpg,none,,,,,
215955_GD,215955,Earring Golden Basics Gold,_GD,Gold,Jewellery,Earrings,Hoop Earrings,Iron; Thermoplastic Polyurethane,Golden,,5.99,/241/52/215955_GD_1,215955_GD_1.jpg,none,,,,,
215960_GD,215960,Earring Golden Basics Gold,_GD,Gold,Jewellery,Earrings,Stud,Steel; Zinc,Golden,,7.99,/232/52/215960_GD_2y,215960_GD_2y.jpg,none,,,,,
215988_MI,215988,Earring mulstone Midnight Blue,_MI,Midnight Blue,Jewellery,Earrings,Dangle,Resin; Zinc,Golden,,5.99,/232/52/215988_MI_1,215988_MI_1.jpg,none,,,,,
215994_IV,215994,Necklace Golden Basics Extra Ivory,_IV,Ivory,Jewellery,Necklaces,Bib Necklace,Iron; Zinc; Enamel,Golden,,12.99,/241/52/215994_IV_1,215994_IV_1.jpg,none,,,,,
216003_BM,216003,Necklace STAR WARS Bright Multicolor,_BM,Bright Multicolor,Jewellery,Necklaces,Beaded Necklace,Glass; Pearl; Zinc,Golden,,45.99,/232/52/216003_BM_1,216003_BM_1.jpg,none,,,,,
216008_BM,216008,Ring STAR WARS Bright Multicolor,_BM,Bright Multicolor,Jewellery,Rings,Fantasy,Zinc; Enamel; Glass; Thermoplastic Polyurethane,Golden,,12.99,/232/52/216008_BM_1,216008_BM_1.jpg,none,,,,,
216034_GN,216034,Necklace LAB OUTUBRO Green,_GN,Green,Jewellery,Necklaces,Beaded Necklace,Resin; Stone; Zinc,Worn Gold,,45.99,/232/52/216034_GN_1,216034_GN_1.jpg,none,,,,,
216069_GD,216069,Set of Bracelets Golden Basics Gold,_GD,Gold,Jewellery,Bracelets,Non-Adjustable Bracelet,Iron,Golden,,8.99,/241/52/216069_GD_1,216069_GD_1.jpg,none,,,,,
216089_IV,216089,Earring Golden Basics Extra Ivory,_IV,Ivory,Jewellery,Earrings,Dangle,Enamel; Zinc,,,9.99,/241/52/216089_IV_1,216089_IV_1.jpg,none,,,,,
216107_GD,216107,Earring Golden Basics Gold,_GD,Gold,Jewellery,Earrings,Clip Earrings,Iron,Brushed Golden,,8.99,/241/52/216107_GD_1,216107_GD_1.jpg,none,,,,,
216111_GD,216111,Bracelet Golden Basics Gold,_GD,Gold,Jewellery,Bracelets,Bangle,Iron,,,9.99,/241/52/216111_GD_2y,216111_GD_2y.jpg,none,,,,,
216116_GD,216116,Earring Golden Basics Gold,_GD,Gold,Jewellery,Earrings,Stud,Zinc,Golden,,5.99,/241/52/216116_GD_1,216116_GD_1.jpg,none,,,,,
216207_GD,216207,Earring Golden Basics Gold,_GD,Gold,Jewellery,Earrings,Dangle,Steel,Burnish Golden,,7.99,/241/52/216207_GD_1,216207_GD_1.jpg,none,,,,,
216213_GD,216213,Earring Golden Basics Gold,_GD,Gold,Jewellery,Earrings,Hoop Earrings,Brass; Iron,Brushed Golden,,7.99,/241/52/216213_GD_1,216213_GD_1.jpg,none,,,,,
216217_GD,216217,Earring Golden Basics Gold,_GD,Gold,Jewellery,Earrings,Dangle,Iron,Multifinishing,,5.99,/241/52/216217_GD_1,216217_GD_1.jpg,none,,,,,
216222_GD,216222,Earring Golden Basics Gold,_GD,Gold,Jewellery,Earrings,Dangle,Iron,,,9.99,/241/52/216222_GD_1,216222_GD_1.jpg,none,,,,,
216229_GD,216229,Bracelet Golden Basics Gold,_GD,Gold,Jewellery,Bracelets,Non-Adjustable Bracelet,Iron,Multifinishing,,7.99,/241/52/216229_GD_1,216229_GD_1.jpg,none,,,,,
216235_FG,216235,Earring FLEURSDUMER Forest Green,_FG,Forest Green,Jewellery,Earrings,Dangle,Brass; Steel; Thermoplastic Polyurethane,Brushed Golden,,5.99,/241/52/216235_FG_1,216235_FG_1.jpg,none,,,,,
216235_GD,216235,Earring PERMANENT - ROTATIVE JEWE Gold,_GD,Gold,Jewellery,Earrings,Dangle,Iron,,,5.99,/232/52/216235_GD_1,216235_GD_1.jpg,none,,,,,
216237_GD,216237,Ring Golden Basics Gold,_GD,Gold,Jewellery,Rings,Fantasy,Zinc,Golden,,5.99,/241/52/216237_GD_1,216237_GD_1.jpg,none,,,,,
216242_IV,216242,Earring Golden Basics Ivory,_IV,Ivory,Jewellery,Earrings,Dangle,Iron; Thermoplastic Polyurethane; Acrylic,Brushed Golden,,7.99,/241/52/216242_IV_1,216242_IV_1.jpg,none,,,,,
216247_IV,216247,Necklace Golden Basics Extra Ivory,_IV,Ivory,Jewellery,Necklaces,Chain,Enamel; Iron; Zinc,,,10.99,/241/52/216247_IV_1,216247_IV_1.jpg,none,,,,,
216254_IV,216254,Earring Golden Basics Extra Ivory,_IV,Ivory,Jewellery,Earrings,Hoop Earrings,Enamel; Iron,Golden,,7.99,/241/52/216254_IV_1,216254_IV_1.jpg,none,,,,,
216270_BM,216270,Key Chain FASHION SUPPLEMENTS Bright Multicolor,_BM,Bright Multicolor,Jewellery,Key chains,Figures,Zinc; Nylon; Zinc,,,9.99,/241/52/216270_BM_1,216270_BM_1.jpg,none,,,,,
216281_BM,216281,Key Chain FASHION SUPPLEMENTS Bright Multicolor,_BM,Bright Multicolor,Jewellery,Key chains,Figures,Enamel; Glass; Iron; Polyester; Resin; Zinc; Zinc,Golden,,12.99,/241/52/216281_BM_1,216281_BM_1.jpg,none,,,,,
216295_GD,216295,Pin FASHION SUPPLEMENTS Gold,_GD,Gold,Jewellery,Pins,Pin,Acrylic; Zinc,Golden,,4.99,/241/52/216295_GD_1,216295_GD_1.jpg,none,,,,,
216299_PE,216299,Key Chain FASHION SUPPLEMENTS Pearl,_PE,Pearl,Jewellery,Key chains,Charms,Acrylic; Iron; Thermoplastic Polyurethane; Zinc; Zinc,Golden,,12.99,/241/52/216299_PE_1,216299_PE_1.jpg,none,,,,,
216318_IV,216318,Bracelet Golden Basics Extra Ivory,_IV,Ivory,Jewellery,Bracelets,Bangle,Enamel; Glass; Zinc,Golden,,12.99,/241/52/216318_IV_1,216318_IV_1.jpg,none,,,,,
216328_IV,216328,Bracelet Golden Basics Extra Ivory,_IV,Ivory,Jewellery,Bracelets,Elastic Bracelet,Enamel; Zinc,Golden,,7.99,/241/52/216328_IV_1,216328_IV_1.jpg,none,,,,,
216331_IV,216331,Earring Golden Basics Extra Ivory,_IV,Ivory,Jewellery,Earrings,Dangle,Enamel; Iron,Brushed Golden,,8.99,/241/52/216331_IV_1,216331_IV_1.jpg,none,,,,,
216381_GD,216381,Earring Golden Basics Gold,_GD,Gold,Jewellery,Earrings,Stud,Iron,Multifinishing,,5.99,/241/52/216381_GD_1,216381_GD_1.jpg,none,,,,,
216386_GD,216386,Earring Golden Basics Gold,_GD,Gold,Jewellery,Earrings,Hoop Earrings,Iron,Brushed Golden,,5.99,/241/52/216386_GD_1,216386_GD_1.jpg,none,,,,,
216431_GD,216431,Earring REAL PEARLS Gold,_GD,Gold,Jewellery,Earrings,Dangle,Pearl; Zinc,Worn Gold,,25.99,/232/52/216431_GD_1,216431_GD_1.jpg,none,,,,,
216439_GD,216439,Ring REAL PEARLS Gold,_GD,Gold,Jewellery,Rings,Fantasy,Brass; Pearl,Worn Gold,,23.99,/232/52/216439_GD_1,216439_GD_1.jpg,none,,,,,
216641_GD,216641,Earring Golden Basics Gold,_GD,Gold,Jewellery,Earrings,Hoop Earrings,Brass,Brushed Golden,,5.99,/241/52/216641_GD_1,216641_GD_1.jpg,none,,,,,
216666_BU,216666,Earring Gipsy Garden Burgundy,_BU,Burgundy,Jewellery,Earrings,Stud,Enamel; Zinc,Worn Gold,,5.99,/241/52/216666_BU_1,216666_BU_1.jpg,none,,,,,
216670_HM,216670,Earring Gipsy Garden Halftone Multicolor,_HM,Halftone Multicolor,Jewellery,Earrings,Hoop Earrings,Iron; Resin; Thermoplastic Polyurethane,Worn Gold,,5.99,/241/52/216670_HM_1,216670_HM_1.jpg,none,,,,,
216681_NV,216681,Earring Gipsy Garden Navy,_NV,Navy,Jewellery,Earrings,Stud,Acrylic; Zinc,Worn Gold,,5.99,/241/52/216681_NV_1,216681_NV_1.jpg,none,,,,,
216689_DM,216689,Ring Gipsy Garden Dark Multicolor,_DM,Dark Multicolor,Jewellery,Rings,Band Ring,Enamel; Zinc,Worn Gold,,5.99,/241/52/216689_DM_1,216689_DM_1.jpg,none,,,,,
216694_DM,216694,Necklace Gipsy Garden Dark Multicolor,_DM,Dark Multicolor,Jewellery,Necklaces,Collar,Acrylic; Iron; Zinc,,,10.99,/241/52/216694_DM_1,216694_DM_1.jpg,none,,,,,
216701_GD,216701,Earring Golden Basics Gold,_GD,Gold,Jewellery,Earrings,Dangle,Iron,Golden,,7.99,/232/52/216701_GD_1,216701_GD_1.jpg,none,,,,,
216708_DM,216708,Necklace Gipsy Garden Dark Multicolor,_DM,Dark Multicolor,Jewellery,Necklaces,Pendant,Acrylic; Brass; Iron; Resin; Zinc,Worn Gold,,12.99,/241/52/216708_DM_1,216708_DM_1.jpg,none,,,,,
216718_DM,216718,Necklace Gipsy Garden Dark Multicolor,_DM,Dark Multicolor,Jewellery,Necklaces,Beaded Necklace,Brass; Iron; Resin; Stone,Worn Gold,,12.99,/241/52/216718_DM_1,216718_DM_1.jpg,none,,,,,
216722_DM,216722,Earring Gipsy Garden Dark Multicolor,_DM,Dark Multicolor,Jewellery,Earrings,Dangle,Enamel; Zinc,Worn Gold,,8.99,/241/52/216722_DM_1,216722_DM_1.jpg,none,,,,,
216741_GD,216741,Letter Necklace GOLD PLATED COLLECTION Gold,_GD,Gold,Jewellery,Necklaces,Letter,Brass; Stone,Gold Plated,,27.99,/241/52/216741_GD_3y,216741_GD_3y.jpg,none,,,,,
216749_DM,216749,Earring Gipsy Garden Dark Multicolor,_DM,Dark Multicolor,Jewellery,Earrings,Hoop Earrings,Thermoplastic Polyurethane; Zinc,Worn Gold,,7.99,/241/52/216749_DM_1,216749_DM_1.jpg,none,,,,,
216831_HM,216831,Necklace VENDREDI Halftone Multicolor,_HM,Halftone Multicolor,Jewellery,Necklaces,Bib Necklace,Acrylic; Brass; Iron; Polyester; Polyurethane; Thermoplastic Polyurethane; Zinc,Golden,,15.99,/241/52/216831_HM_1,216831_HM_1.jpg,none,,,,,
216836_HM,216836,Earring VENDREDI Halftone Multicolor,_HM,Halftone Multicolor,Jewellery,Earrings,Dangle,Iron; Resin,Brushed Golden,,8.99,/241/52/216836_HM_1,216836_HM_1.jpg,none,,,,,
216845_HM,216845,Bracelet NILE Halftone Multicolor,_HM,Halftone Multicolor,Jewellery,Bracelets,Elastic Bracelet,Acrylic; Resin; Thermoplastic Polyurethane; Zinc,,,9.99,/241/52/216845_HM_1,216845_HM_1.jpg,none,,,,,
216885_HM,216885,Necklace VENDREDI Halftone Multicolor,_HM,Halftone Multicolor,Jewellery,Necklaces,Pendant,Acrylic; Brass; Iron; Stone; Thermoplastic Polyurethane,Brushed Golden,,12.99,/241/52/216885_HM_1,216885_HM_1.jpg,none,,,,,
216898_HM,216898,Earring VENDREDI Halftone Multicolor,_HM,Halftone Multicolor,Jewellery,Earrings,Dangle,Acrylic; Brass; Thermoplastic Polyurethane; Zinc,Brushed Golden,,5.99,/241/52/216898_HM_1,216898_HM_1.jpg,none,,,,,
216903_HM,216903,Earring VENDREDI Halftone Multicolor,_HM,Halftone Multicolor,Jewellery,Earrings,Dangle,Acrylic; Iron; Thermoplastic Polyurethane; Zinc,Golden,,5.99,/241/52/216903_HM_1,216903_HM_1.jpg,none,,,,,
216914_RO,216914,Earring VENDREDI Old Rose,_RO,Old Rose,Jewellery,Earrings,Stud,Resin,,,9.99,/241/52/216914_RO_1,216914_RO_1.jpg,none,,,,,
216922_HM,216922,Earring VENDREDI Halftone Multicolor,_HM,Halftone Multicolor,Jewellery,Earrings,Dangle,Steel; Thermoplastic Polyurethane,Brushed Golden,,8.99,/241/52/216922_HM_1,216922_HM_1.jpg,none,,,,,
216926_HM,216926,Bracelet VENDREDI Halftone Multicolor,_HM,Halftone Multicolor,Jewellery,Bracelets,Elastic Bracelet,Acrylic; Thermoplastic Polyurethane; Zinc,Golden,,7.99,/241/52/216926_HM_1,216926_HM_1.jpg,none,,,,,
216971_GD,216971,Earring GOLDEN PEARLS Gold,_GD,Gold,Jewellery,Earrings,Dangle,Glass; Zinc,Golden,,5.99,/241/52/216971_GD_1,216971_GD_1.jpg,none,,,,,
216975_GD,216975,Necklace GOLDEN PEARLS Gold,_GD,Gold,Jewellery,Necklaces,Pendant,Acrylic; Brass; Iron,Brushed Golden,,12.99,/241/52/216975_GD_1,216975_GD_1.jpg,none,,,,,
216979_GD,216979,Bracelet GOLDEN PEARLS Gold,_GD,Gold,Jewellery,Bracelets,Elastic Bracelet,Brass; Thermoplastic Polyurethane,Brushed Golden,,7.99,/241/52/216979_GD_1,216979_GD_1.jpg,none,,,,,
216983_GD,216983,Earring GOLDEN PEARLS Gold,_GD,Gold,Jewellery,Earrings,Hoop Earrings,Acrylic; Zinc,Golden,,4.99,/241/52/216983_GD_1,216983_GD_1.jpg,none,,,,,
216987_GD,216987,Earring GOLDEN PEARLS Gold,_GD,Gold,Jewellery,Earrings,Hoop Earrings,Acrylic; Zinc,Golden,,5.99,/241/52/216987_GD_1,216987_GD_1.jpg,none,,,,,
216992_BM,216992,Bracelet ARM NIGHT Bright Multicolor,_BM,Bright Multicolor,Jewellery,Bracelets,Adjustable Bracelet,Brass; Enamel; Iron,Golden,,8.99,/241/52/216992_BM_2y,216992_BM_2y.jpg,none,,,,,
216996_BM,216996,Bracelet ARM LOVERS Bright Multicolor,_BM,Bright Multicolor,Jewellery,Bracelets,Adjustable Bracelet,Brass; Enamel; Polyester; Zinc,Golden,,5.99,/241/52/216996_BM_2y,216996_BM_2y.jpg,none,,,,,
217001_PK,217001,Bracelet ARM LOVERS Pink,_PK,Pink,Jewellery,Bracelets,Adjustable Bracelet,Brass; Enamel; Polyester,Golden,,5.99,/241/52/217001_PK_1y,217001_PK_1y.jpg,none,,,,,
217054_DM,217054,Set of Bracelets Moonlight azure Dark Multicolor,_DM,Dark Multicolor,Jewellery,Bracelets,Elastic Bracelet,Glass; Thermoplastic Polyurethane; Brass,Golden,,7.99,/232/52/217054_DM_1,217054_DM_1.jpg,none,,,,,
217129_HM,217129,Key Chain FASHION SUPPLEMENTS Halftone Multicolor,_HM,Halftone Multicolor,Jewellery,Key chains,Charms,Enamel; Iron; Iron; Polyester; Zamac,Golden,,15.99,/241/52/217129_HM_1,217129_HM_1.jpg,none,,,,,
217152_GD,217152,Bracelet Golden Basics Gold,_GD,Gold,Jewellery,Bracelets,Cuff,Zinc,Golden,,12.99,/232/52/217152_GD_1,217152_GD_1.jpg,none,,,,,
2171551GD,217155,Earring GLDN DEL Gold,1GD,Gold,Jewellery,Earrings,Stud,Zinc,Golden,,4.99,/242/52/2171551GD_1,2171551GD_1.jpg,none,,,,,
217155_GD,217155,Earring Golden Basics Gold,_GD,Gold,Jewellery,Earrings,Stud,Zinc,,,3.99,/241/52/217155_GD_1,217155_GD_1.jpg,none,,,,,
217155_SV,217155,Earring SILVER D Silver,_SV,Silver,Jewellery,Earrings,Stud,Zinc,Golden,,4.99,/242/52/217155_SV_1,217155_SV_1.jpg,none,,,,,
217163_SV,217163,Ring SHADES OF COOL Silver,_SV,Silver,Jewellery,Rings,Band Ring,Zinc,Silver,,5.99,/232/52/217163_SV_1,217163_SV_1.jpg,none,,,,,
217195_PK,217195,Necklace CUPID Pink,_PK,Pink,Jewellery,Necklaces,Beaded Necklace,Iron; Polyester,Other,,23.99,/241/52/217195_PK_1,217195_PK_1.jpg,none,,,,,
217203_BM,217203,Ring CUPID Bright Multicolor,_BM,Bright Multicolor,Jewellery,Rings,Fantasy,Acrylic; Enamel; Zinc,Other,,12.99,/241/52/217203_BM_1,217203_BM_1.jpg,none,,,,,
217213_RD,217213,Ring CUPID Red,_RD,Red,Jewellery,Rings,Fantasy,Resin,,,9.99,/241/52/217213_RD_1,217213_RD_1.jpg,none,,,,,
217213_SN,217213,Ring CUPID Snow,_SN,Snow,Jewellery,Rings,Fantasy,Resin,,,9.99,/241/52/217213_SN_1,217213_SN_1.jpg,none,,,,,
217214_GD,217214,Ring CUPID Gold,_GD,Gold,Jewellery,Rings,Fantasy,Resin; Thermoplastic Polyurethane,Other,,7.99,/241/52/217214_GD_1,217214_GD_1.jpg,none,,,,,
217302_PK,217302,Earring SPARKLING EARRINGS Pink,_PK,Pink,Jewellery,Earrings,Dangle,Stone; Zinc,Worn Gold,,15.99,/241/52/217302_PK_1,217302_PK_1.jpg,none,,,,,
217307_TQ,217307,Earring SPARKLING EARRINGS Turquoise,_TQ,Turquoise,Jewellery,Earrings,Dangle,Brass; Stone,Worn Gold,,25.99,/241/52/217307_TQ_1,217307_TQ_1.jpg,none,,,,,
217312_SV,217312,Earring SHADES OF COOL Silver,_SV,Silver,Jewellery,Earrings,Dangle,Zinc,Rodhium,,5.99,/241/52/217312_SV_1,217312_SV_1.jpg,none,,,,,
217318_SV,217318,Necklace SHADES OF COOL Silver,_SV,Silver,Jewellery,Necklaces,Chain,Iron; Zinc,,,10.99,/241/52/217318_SV_1,217318_SV_1.jpg,none,,,,,
217325_SV,217325,Earring SHADES OF COOL Silver,_SV,Silver,Jewellery,Earrings,Stud,Zinc,Rodhium,,5.99,/241/52/217325_SV_1,217325_SV_1.jpg,none,,,,,
217339_SV,217339,Set of Earrings SHADES OF COOL Silver,_SV,Silver,Jewellery,Earrings,Hoop Earrings,Thermoplastic Polyurethane; Zinc,Rodhium,,6.99,/241/52/217339_SV_1,217339_SV_1.jpg,none,,,,,
217355_SV,217355,Ring SHADES OF COOL Silver,_SV,Silver,Jewellery,Rings,Fantasy,Zinc,Rodhium,,5.99,/241/52/217355_SV_1,217355_SV_1.jpg,none,,,,,
217371_SV,217371,Earring SHADES OF COOL Silver,_SV,Silver,Jewellery,Earrings,Ear Cuff,Zinc,Rodhium,,5.99,/241/52/217371_SV_1,217371_SV_1.jpg,none,,,,,
217376_SV,217376,Necklace SHADES OF COOL Silver,_SV,Silver,Jewellery,Necklaces,Chain,Iron; Zinc,Rodhium,,15.99,/241/52/217376_SV_1,217376_SV_1.jpg,none,,,,,
217383_SV,217383,Earring SHADES OF COOL Silver,_SV,Silver,Jewellery,Earrings,Dangle,Copper; Zinc,Rodhium,,5.99,/241/52/217383_SV_1,217383_SV_1.jpg,none,,,,,
217388_SV,217388,Earring SILVER BASICS Silver,_SV,Silver,Jewellery,Earrings,Hoop Earrings,Zinc,Antik Silver,,5.99,/241/52/217388_SV_1,217388_SV_1.jpg,none,,,,,
217395_SV,217395,Earring SHADES OF COOL Silver,_SV,Silver,Jewellery,Earrings,Hoop Earrings,Iron; Thermoplastic Polyurethane; Zinc,Rodhium,,7.99,/241/52/217395_SV_1,217395_SV_1.jpg,none,,,,,
217401_SV,217401,Set of Earrings SHADES OF COOL Silver,_SV,Silver,Jewellery,Earrings,Hoop Earrings,Iron; Zinc,Rodhium,,5.99,/241/52/217401_SV_1,217401_SV_1.jpg,none,,,,,
217414_HM,217414,Earring VENDREDI Halftone Multicolor,_HM,Halftone Multicolor,Jewellery,Earrings,Dangle,Acrylic; Iron,Golden,,7.99,/241/52/217414_HM_1,217414_HM_1.jpg,none,,,,,
217420_HM,217420,Bracelet FLEURSDUMER Halftone Multicolor,_HM,Halftone Multicolor,Jewellery,Bracelets,Elastic Bracelet,Enamel; Thermoplastic Polyurethane,Golden,,6.99,/241/52/217420_HM_1,217420_HM_1.jpg,none,,,,,
217427_HM,217427,Bracelet FLEURSDUMER Halftone Multicolor,_HM,Halftone Multicolor,Jewellery,Bracelets,Elastic Bracelet,Resin; Thermoplastic Polyurethane,,,9.99,/241/52/217427_HM_1,217427_HM_1.jpg,none,,,,,
2174311SV,217431,Earring Classy Field Silver,1SV,Silver,Jewellery,Earrings,Hoop Earrings,Thermoplastic Polyurethane,Worn Rhodium,,5.99,/241/52/2174311SV_1,2174311SV_1.jpg,none,,,,,
217431_BK,217431,Earring Milagro Black,_BK,Black,Jewellery,Earrings,Hoop Earrings,Cork; Acrylic,Other,,5.99,/242/52/217431_BK_1,217431_BK_1.jpg,none,,,,,
217431_DG,217431,Earring GLDN DEL Dark Grey,_DG,Dark Grey,Jewellery,Earrings,Hoop Earrings,Glass; Thermoplastic Polyurethane; Zinc,Rodhium,,8.99,/242/52/217431_DG_1,217431_DG_1.jpg,none,,,,,
217431_GD,217431,Earring Golden Basics Gold,_GD,Gold,Jewellery,Earrings,Hoop Earrings,Thermoplastic Polyurethane,,,5.99,/241/52/217431_GD_1,217431_GD_1.jpg,none,,,,,
217431_SV,217431,Earring SILVER BASICS Silver,_SV,Silver,Jewellery,Earrings,Hoop Earrings,Thermoplastic Polyurethane,,,5.99,/241/52/217431_SV_1,217431_SV_1.jpg,none,,,,,
217446_HM,217446,Necklace FLEURSDUMER Halftone Multicolor,_HM,Halftone Multicolor,Jewellery,Necklaces,Beaded Necklace,Iron; Thermoplastic Polyurethane,,,10.99,/241/52/217446_HM_1,217446_HM_1.jpg,none,,,,,
217451_HM,217451,Necklace FLEURSDUMER Halftone Multicolor,_HM,Halftone Multicolor,Jewellery,Necklaces,Beaded Necklace,Thermoplastic Polyurethane; Acrylic; Copper; Glass; Iron,,,10.99,/241/52/217451_HM_1,217451_HM_1.jpg,none,,,,,
217457_HM,217457,Necklace FLEURSDUMER Halftone Multicolor,_HM,Halftone Multicolor,Jewellery,Necklaces,Bib Necklace,Iron; Resin,Brushed Golden,,12.99,/241/52/217457_HM_1,217457_HM_1.jpg,none,,,,,
217462_FG,217462,Earring FLEURSDUMER Forest Green,_FG,Forest Green,Jewellery,Earrings,Hoop Earrings,Resin; Iron,Brushed Golden,,5.99,/241/52/217462_FG_1,217462_FG_1.jpg,none,,,,,
217469_FG,217469,Bracelet FLEURSDUMER Forest Green,_FG,Forest Green,Jewellery,Bracelets,Bangle,Resin; Thermoplastic Polyurethane,,,9.99,/241/52/217469_FG_1,217469_FG_1.jpg,none,,,,,
217469_MV,217469,Bracelet FLEURSDUMER Mauve,_MV,Mauve,Jewellery,Bracelets,Bangle,Thermoplastic Polyurethane; Resin,,,9.99,/241/52/217469_MV_1,217469_MV_1.jpg,none,,,,,
217472_HM,217472,Earring FLEURSDUMER Halftone Multicolor,_HM,Halftone Multicolor,Jewellery,Earrings,Stud,Enamel; Zinc,Golden,,5.99,/241/52/217472_HM_1,217472_HM_1.jpg,none,,,,,
217489_HM,217489,Earring FLEURSDUMER Halftone Multicolor,_HM,Halftone Multicolor,Jewellery,Earrings,Hoop Earrings,Enamel; Zinc,Golden,,7.99,/241/52/217489_HM_1,217489_HM_1.jpg,none,,,,,
217521_SV,217521,Set of Earrings PERMANENT - SUSPENDED FR Silver,_SV,Silver,Jewellery,Earrings,Hoop Earrings,Glass; Zinc,,,8.99,/241/52/217521_SV_2y,217521_SV_2y.jpg,none,,,,,
217526_SV,217526,Necklace SHADES OF COOL Silver,_SV,Silver,Jewellery,Necklaces,Pendant,Iron; Zinc,,,10.99,/241/52/217526_SV_1,217526_SV_1.jpg,none,,,,,
217538_SV,217538,Earring SHADES OF COOL Silver,_SV,Silver,Jewellery,Earrings,Hoop Earrings,Zinc,Rodhium,,7.99,/241/52/217538_SV_1,217538_SV_1.jpg,none,,,,,
217544_SV,217544,Ring SHADES OF COOL Silver,_SV,Silver,Jewellery,Rings,Band Ring,Zinc,Rodhium,,7.99,/232/52/217544_SV_1,217544_SV_1.jpg,none,,,,,
217632_GD,217632,Earring GLDN DEL Gold,_GD,Gold,Jewellery,Earrings,Hoop Earrings,Brass; Zirconium,Rodhium,,7.99,/241/52/217632_GD_1,217632_GD_1.jpg,none,,,,,
217632_SV,217632,Earring SILVER D Silver,_SV,Silver,Jewellery,Earrings,Hoop Earrings,Brass; Zirconium,Rodhium,,7.99,/241/52/217632_SV_1,217632_SV_1.jpg,none,,,,,
217633_GD,217633,Bracelet GLDN DEL Gold,_GD,Gold,Jewellery,Bracelets,Adjustable Bracelet,Copper; Iron; Zamac,Golden,,7.99,/241/52/217633_GD_1,217633_GD_1.jpg,none,,,,,
217638_GD,217638,Earring GLDN DEL Gold,_GD,Gold,Jewellery,Earrings,Dangle,Acrylic; Pearl; Zinc,Golden,,7.99,/241/52/217638_GD_1,217638_GD_1.jpg,none,,,,,
217644_GD,217644,Ring GLDN DEL Gold,_GD,Gold,Jewellery,Rings,Fantasy,Brass; Glass,Golden,,6.99,/241/52/217644_GD_1,217644_GD_1.jpg,none,,,,,
217657_GD,217657,Bracelet GLDN DEL Gold,_GD,Gold,Jewellery,Bracelets,Adjustable Bracelet,Brass; Zinc; Zirconium,Golden,,6.99,/241/52/217657_GD_1,217657_GD_1.jpg,none,,,,,
217657_SV,217657,Bracelet SILVER D Silver,_SV,Silver,Jewellery,Bracelets,Adjustable Bracelet,Brass; Zinc; Zirconium,Golden,,6.99,/241/52/217657_SV_1,217657_SV_1.jpg,none,,,,,
217672_IV,217672,Ring Golden Basics Extra Ivory,_IV,Ivory,Jewellery,Rings,Band Ring,Enamel; Zinc,Golden,,5.99,/241/52/217672_IV_1,217672_IV_1.jpg,none,,,,,
217678_GD,217678,Ring Golden Basics Gold,_GD,Gold,Jewellery,Rings,Band Ring,Acrylic; Zinc,Golden,,5.99,/241/52/217678_GD_1,217678_GD_1.jpg,none,,,,,
217683_GD,217683,Earring Golden Basics Gold,_GD,Gold,Jewellery,Earrings,Stud,Iron,Brushed Golden,,5.99,/241/52/217683_GD_1,217683_GD_1.jpg,none,,,,,
217689_GD,217689,Ring Golden Basics Gold,_GD,Gold,Jewellery,Rings,Band Ring,Zinc,Golden,,5.99,/241/52/217689_GD_1,217689_GD_1.jpg,none,,,,,
217694_GD,217694,Bracelet Golden Basics Gold,_GD,Gold,Jewellery,Bracelets,Cuff,Zinc,,,9.99,/241/52/217694_GD_1,217694_GD_1.jpg,none,,,,,
217973_GD,217973,Necklace Golden Basics Gold,_GD,Gold,Jewellery,Necklaces,Pendant,Brass; Thermoplastic Polyurethane,,,10.99,/241/52/217973_GD_1,217973_GD_1.jpg,none,,,,,
218297_HM,218297,Necklace ETHNICS Halftone Multicolor,_HM,Halftone Multicolor,Jewellery,Necklaces,Pendant,Iron; Thermoplastic Polyurethane; Zinc,,,10.99,/241/52/218297_HM_1,218297_HM_1.jpg,none,,,,,
218306_RO,218306,Earring ETHNICS Old Rose,_RO,Old Rose,Jewellery,Earrings,Hoop Earrings,Iron; Stone; Thermoplastic Polyurethane,Worn Gold,,5.99,/241/52/218306_RO_1,218306_RO_1.jpg,none,,,,,
218311_RO,218311,Bracelet ETHNICS Old Rose,_RO,Old Rose,Jewellery,Bracelets,Elastic Bracelet,Rubber; Thermoplastic Polyurethane; Zinc,Worn Gold,,6.99,/241/52/218311_RO_1,218311_RO_1.jpg,none,,,,,
218316_GD,218316,Set of Earrings ETHNICS Gold,_GD,Gold,Jewellery,Earrings,Hoop Earrings,Zinc,Worn Gold,,7.99,/241/52/218316_GD_1,218316_GD_1.jpg,none,,,,,
218324_HM,218324,Set of Rings ETHNICS Halftone Multicolor,_HM,Halftone Multicolor,Jewellery,Rings,Band Ring,Resin; Zinc,Worn Gold,,8.99,/241/52/218324_HM_1,218324_HM_1.jpg,none,,,,,
218328_RO,218328,Earring ETHNICS Old Rose,_RO,Old Rose,Jewellery,Earrings,Dangle,Thermoplastic Polyurethane; Zinc,Worn Gold,,5.99,/241/52/218328_RO_1,218328_RO_1.jpg,none,,,,,
218337_HM,218337,Set of Bracelets ETHNICS Halftone Multicolor,_HM,Halftone Multicolor,Jewellery,Bracelets,Elastic Bracelet,Brass; Resin; Stone; Thermoplastic Polyurethane; Zinc,Worn Gold,,7.99,/241/52/218337_HM_1,218337_HM_1.jpg,none,,,,,
218343_HM,218343,Earring ETHNICS Halftone Multicolor,_HM,Halftone Multicolor,Jewellery,Earrings,Hoop Earrings,Iron; Stone; Thermoplastic Polyurethane,Worn Gold,,5.99,/241/52/218343_HM_1,218343_HM_1.jpg,none,,,,,
218348_BM,218348,Earring SUNSET JUNCTION Bright Multicolor,_BM,Bright Multicolor,Jewellery,Earrings,Clip Earrings,Acrylic; Iron; Stone; Zinc,Brushed Golden,,12.99,/241/52/218348_BM_1,218348_BM_1.jpg,none,,,,,
218363_HM,218363,Bracelet ETHNICS Halftone Multicolor,_HM,Halftone Multicolor,Jewellery,Bracelets,Adjustable Bracelet,Polyester; Thermoplastic Polyurethane,Worn Gold,,5.99,/241/52/218363_HM_1,218363_HM_1.jpg,none,,,,,
218369_HM,218369,Earring ETHNICS Halftone Multicolor,_HM,Halftone Multicolor,Jewellery,Earrings,Stud,Resin; Zinc,Worn Gold,,7.99,/241/52/218369_HM_1,218369_HM_1.jpg,none,,,,,
218376_RO,218376,Necklace ETHNICS Old Rose,_RO,Old Rose,Jewellery,Necklaces,Pendant,Iron; Thermoplastic Polyurethane; Zinc,,,10.99,/241/52/218376_RO_1,218376_RO_1.jpg,none,,,,,
218381_RO,218381,Bracelet ETHNICS Old Rose,_RO,Old Rose,Jewellery,Bracelets,Elastic Bracelet,Stone; Thermoplastic Polyurethane; Zinc,Worn Gold,,6.99,/241/52/218381_RO_1,218381_RO_1.jpg,none,,,,,
218386_GD,218386,Earring ETHNICS Gold,_GD,Gold,Jewellery,Earrings,Stud,Zinc,Worn Gold,,5.99,/241/52/218386_GD_1,218386_GD_1.jpg,none,,,,,
218470_BK,218470,Earring SUNSET JUNCTION Black,_BK,Black,Jewellery,Earrings,Hoop Earrings,Brass; Enamel,Golden,,5.99,/241/52/218470_BK_1,218470_BK_1.jpg,none,,,,,
218480_BM,218480,Necklace SUNSET JUNCTION Bright Multicolor,_BM,Bright Multicolor,Jewellery,Necklaces,Collar,Acrylic; Brass; Iron; Stone; Thermoplastic Polyurethane,Golden,,15.99,/241/52/218480_BM_1,218480_BM_1.jpg,none,,,,,
218486_BM,218486,Earring SUNSET JUNCTION Bright Multicolor,_BM,Bright Multicolor,Jewellery,Earrings,Hoop Earrings,Iron; Stone,Golden,,7.99,/241/52/218486_BM_1,218486_BM_1.jpg,none,,,,,
218516_PU,218516,Earring SUNSET JUNCTION Purple,_PU,Purple,Jewellery,Earrings,Stud,Iron; Stone,Brushed Golden,,7.99,/241/52/218516_PU_1,218516_PU_1.jpg,none,,,,,
218521_HM,218521,Necklace SUNSET JUNCTION Halftone Multicolor,_HM,Halftone Multicolor,Jewellery,Necklaces,Pendant,Acrylic; Brass; Iron; Stone; Thermoplastic Polyurethane,Golden,,12.99,/241/52/218521_HM_1,218521_HM_1.jpg,none,,,,,
218525_BM,218525,Necklace SUNSET JUNCTION Bright Multicolor,_BM,Bright Multicolor,Jewellery,Necklaces,Beaded Necklace,Acrylic; Brass; Stone; Zinc,,,10.99,/241/52/218525_BM_1,218525_BM_1.jpg,none,,,,,
218540_GD,218540,Earring GLDN DEL Gold,_GD,Gold,Jewellery,Earrings,Hoop Earrings,Glass; Zinc; Zirconium,Golden,,7.99,/241/52/218540_GD_1,218540_GD_1.jpg,none,,,,,
218540_SV,218540,Earring SILVER D Silver,_SV,Silver,Jewellery,Earrings,Hoop Earrings,Glass; Zinc; Zirconium,Golden,,7.99,/241/52/218540_SV_1,218540_SV_1.jpg,none,,,,,
218550_GD,218550,Earring GLDN DEL Gold,_GD,Gold,Jewellery,Earrings,Dangle,Brass,Golden,,5.99,/241/52/218550_GD_1,218550_GD_1.jpg,none,,,,,
218555_GD,218555,Necklace GLDN DEL Gold,_GD,Gold,Jewellery,Necklaces,Beaded Necklace,Brass,,,10.99,/241/52/218555_GD_1,218555_GD_1.jpg,none,,,,,
218555_SV,218555,Necklace SILVER D Silver,_SV,Silver,Jewellery,Necklaces,Beaded Necklace,Brass,,,10.99,/241/52/218555_SV_1,218555_SV_1.jpg,none,,,,,
218556_GD,218556,Earring GLDN DEL Gold,_GD,Gold,Jewellery,Earrings,Hoop Earrings,Brass; Zirconium,,,9.99,/241/52/218556_GD_1,218556_GD_1.jpg,none,,,,,
218564_GD,218564,Earring GLDN DEL Gold,_GD,Gold,Jewellery,Earrings,Dangle,Brass; Zirconium,,,9.99,/241/52/218564_GD_1,218564_GD_1.jpg,none,,,,,
218574_SV,218574,Earring SILVER D Silver,_SV,Silver,Jewellery,Earrings,Dangle,Acrylic; Iron; Pearl; Zinc; Zirconium,Rodhium,,7.99,/241/52/218574_SV_1,218574_SV_1.jpg,none,,,,,
218578_GD,218578,Earring GLDN DEL Gold,_GD,Gold,Jewellery,Earrings,Dangle,Acrylic; Iron,Golden,,4.99,/241/52/218578_GD_1,218578_GD_1.jpg,none,,,,,
218584_GD,218584,Earring GLDN DEL Gold,_GD,Gold,Jewellery,Earrings,Dangle,Zinc; Zirconium,Golden,,7.99,/241/52/218584_GD_1,218584_GD_1.jpg,none,,,,,
218588_HM,218588,Ring GLDN DEL Halftone Multicolor,_HM,Halftone Multicolor,Jewellery,Rings,Cocktail,Zinc; Zirconium,Golden,,5.99,/241/52/218588_HM_1,218588_HM_1.jpg,none,,,,,
218594_GD,218594,Necklace GLDN DEL Gold,_GD,Gold,Jewellery,Necklaces,Beaded Necklace,Brass; Iron,Golden,,12.99,/241/52/218594_GD_1,218594_GD_1.jpg,none,,,,,
218616_BM,218616,Earring SUNSET JUNCTION Bright Multicolor,_BM,Bright Multicolor,Jewellery,Earrings,Dangle,Acrylic; Iron; Stone; Thermoplastic Polyurethane,Brushed Golden,,7.99,/241/52/218616_BM_1,218616_BM_1.jpg,none,,,,,
218625_OR,218625,Ring SUNSET JUNCTION Orange,_OR,Orange,Jewellery,Rings,Fantasy,Resin,Other,,6.99,/241/52/218625_OR_1,218625_OR_1.jpg,none,,,,,
218625_VT,218625,Ring SUNSET JUNCTION Violet,_VT,Violet,Jewellery,Rings,Fantasy,Resin,Other,,6.99,/241/52/218625_VT_1,218625_VT_1.jpg,none,,,,,
218674_GN,218674,Earring SUNSET JUNCTION Green,_GN,Green,Jewellery,Earrings,Hoop Earrings,Brass; Thermoplastic Polyurethane,Golden,,5.99,/241/52/218674_GN_1,218674_GN_1.jpg,none,,,,,
218829_GN,218829,Earring NILE Green,_GN,Green,Jewellery,Earrings,Hoop Earrings,Thermoplastic Polyurethane; Zinc,Golden,,5.99,/241/52/218829_GN_1,218829_GN_1.jpg,none,,,,,
218864_BL,218864,Earring NILE Blue,_BL,Blue,Jewellery,Earrings,Dangle,Resin; Zinc,Worn Gold,,5.99,/241/52/218864_BL_1,218864_BL_1.jpg,none,,,,,
218886_LB,218886,Earring NILE Light Blue,_LB,Light Blue,Jewellery,Earrings,Dangle,Iron; Stone; Zamac,Worn Gold,,5.99,/241/52/218886_LB_1,218886_LB_1.jpg,none,,,,,
218892_BL,218892,Earring NILE Blue,_BL,Blue,Jewellery,Earrings,Drop,Brass; Thermoplastic Polyurethane,Golden,,5.99,/241/52/218892_BL_1,218892_BL_1.jpg,none,,,,,
218892_LB,218892,Earring FORMENTERA Light Blue,_LB,Light Blue,Jewellery,Earrings,Drop,Resin; Zinc,Golden,,5.99,/241/52/218892_LB_1,218892_LB_1.jpg,none,,,,,
218892_LK,218892,Earring MODERN STONES Light Pink,_LK,Light Pink,Jewellery,Earrings,Drop,Zinc; Thermoplastic Polyurethane; Iron; Brass,Golden,,5.99,/242/52/218892_LK_1,218892_LK_1.jpg,none,,,,,
218892_TL,218892,Earring NOMADA Teal,_TL,Teal,Jewellery,Earrings,Drop,Thermoplastic Polyurethane; Brass; Zinc; Acrylic,Golden,,5.99,/242/52/218892_TL_1,218892_TL_1.jpg,none,,,,,
218898_GN,218898,Necklace NILE Green,_GN,Green,Jewellery,Necklaces,Pendant,Glass; Resin; Stone; Thermoplastic Polyurethane; Zinc,Worn Gold,,15.99,/241/52/218898_GN_1,218898_GN_1.jpg,none,,,,,
218905_BL,218905,Earring NILE Blue,_BL,Blue,Jewellery,Earrings,Dangle,Iron; Resin; Stone; Zinc,Worn Gold,,5.99,/241/52/218905_BL_1,218905_BL_1.jpg,none,,,,,
218915_BL,218915,Earring NILE Blue,_BL,Blue,Jewellery,Earrings,Hoop Earrings,Acrylic; Brass,Worn Gold,,7.99,/241/52/218915_BL_1,218915_BL_1.jpg,none,,,,,
218931_HM,218931,Earring NILE Halftone Multicolor,_HM,Halftone Multicolor,Jewellery,Earrings,Dangle,Acrylic; Iron; Stone; Zinc,Worn Gold,,7.99,/241/52/218931_HM_1,218931_HM_1.jpg,none,,,,,
218936_OX,218936,Earring Gipsy Garden Oxford Blue,_OX,Oxford Blue,Jewellery,Earrings,Dangle,Acrylic; Iron,Worn Gold,,7.99,/241/52/218936_OX_1,218936_OX_1.jpg,none,,,,,
218941_GN,218941,Earring NILE Green,_GN,Green,Jewellery,Earrings,Dangle,Stone; Zinc,Worn Gold,,7.99,/241/52/218941_GN_2y,218941_GN_2y.jpg,none,,,,,
218950_BM,218950,Earring FABRIC COLLECTION Bright Multicolor,_BM,Bright Multicolor,Jewellery,Earrings,Hoop Earrings,Cotton; Glass; Iron,Other,,15.99,/241/52/218950_BM_1,218950_BM_1.jpg,none,,,,,
219000_BL,219000,Earring NILE Blue,_BL,Blue,Jewellery,Earrings,Stud,Thermoplastic Polyurethane; Zinc,Golden,,4.99,/241/52/219000_BL_1,219000_BL_1.jpg,none,,,,,
219013_HM,219013,Set of Necklaces NILE Halftone Multicolor,_HM,Halftone Multicolor,Jewellery,Necklaces,Beaded Necklace,Brass; Glass; Polyester; Steel; Stone; Thermoplastic Polyurethane; Zinc,Worn Gold,,12.99,/241/52/219013_HM_1,219013_HM_1.jpg,none,,,,,
219027_HM,219027,Ring NILE Halftone Multicolor,_HM,Halftone Multicolor,Jewellery,Rings,Fantasy,Glass; Steel; Thermoplastic Polyurethane,Other,,5.99,/241/52/219027_HM_1,219027_HM_1.jpg,none,,,,,
219053_BM,219053,Key Chain FASHION SUPPLEMENTS Bright Multicolor,_BM,Bright Multicolor,Jewellery,Key chains,Figures,Acrylic; Iron; Iron; Polyester; Zinc,,,9.99,/241/52/219053_BM_1,219053_BM_1.jpg,none,,,,,
219065_SV,219065,Pin FASHION SUPPLEMENTS Silver,_SV,Silver,Jewellery,Pins,Romantic Brooche,Zinc,Silver,,5.99,/241/52/219065_SV_1,219065_SV_1.jpg,none,,,,,
219068_BK,219068,Bracelet Milagro Black,_BK,Black,Jewellery,Bracelets,Non-Adjustable Bracelet,Zinc; Polyurethane,Golden,,8.99,/242/52/219068_BK_1,219068_BK_1.jpg,none,,,,,
219068_DB,219068,Bracelet Classy Field Dark Brown,_DB,Dark Brown,Jewellery,Bracelets,Non-Adjustable Bracelet,Polyurethane; Zinc,Rodhium,,8.99,/241/52/219068_DB_1,219068_DB_1.jpg,none,,,,,
219082_GY,219082,Earring Classy Field Grey,_GY,Grey,Jewellery,Earrings,Dangle,Stone; Zinc,Rodhium,,5.99,/241/52/219082_GY_1,219082_GY_1.jpg,none,,,,,
219097_HM,219097,Necklace Classy Field Halftone Multicolor,_HM,Halftone Multicolor,Jewellery,Necklaces,Pendant,Iron; Stone; Zinc; Glass,Rodhium,,12.99,/241/52/219097_HM_1,219097_HM_1.jpg,none,,,,,
219104_DB,219104,Necklace Classy Field Dark Brown,_DB,Dark Brown,Jewellery,Necklaces,Pendant,Iron; Polyester; Zinc,Worn Rhodium,,12.99,/241/52/219104_DB_1,219104_DB_1.jpg,none,,,,,
219110_SV,219110,Ring Classy Field Silver,_SV,Silver,Jewellery,Rings,Band Ring,Zinc,Rodhium,,5.99,/241/52/219110_SV_1,219110_SV_1.jpg,none,,,,,
219149_HM,219149,Earring Classy Field Halftone Multicolor,_HM,Halftone Multicolor,Jewellery,Earrings,Dangle,Acrylic; Iron,Worn Rhodium,,7.99,/241/52/219149_HM_1,219149_HM_1.jpg,none,,,,,
219156_SV,219156,Ring Classy Field Silver,_SV,Silver,Jewellery,Rings,Band Ring,Zinc,Rodhium,,5.99,/241/52/219156_SV_1,219156_SV_1.jpg,none,,,,,
219164_SV,219164,Earring KISSSJAM Silver,_SV,Silver,Jewellery,Earrings,Ear Cuff,Brass; Zirconium,Silver,,5.99,/241/52/219164_SV_1,219164_SV_1.jpg,none,,,,,
219171_BM,219171,Set of Earrings KISSSJAM Bright Multicolor,_BM,Bright Multicolor,Jewellery,Earrings,Hoop Earrings,Zirconium; Brass; Enamel,Golden,,5.99,/241/52/219171_BM_1,219171_BM_1.jpg,none,,,,,
219179_BM,219179,Set of Earrings KISSSJAM Bright Multicolor,_BM,Bright Multicolor,Jewellery,Earrings,Hoop Earrings,Brass; Enamel; Zirconium,Golden,,5.99,/241/52/219179_BM_1,219179_BM_1.jpg,none,,,,,
219188_BM,219188,Set of Earrings KISSSJAM Bright Multicolor,_BM,Bright Multicolor,Jewellery,Earrings,Hoop Earrings,Brass; Enamel; Zirconium,Golden,,5.99,/241/52/219188_BM_1,219188_BM_1.jpg,none,,,,,
219192_BM,219192,Set of Earrings KISSSJAM Bright Multicolor,_BM,Bright Multicolor,Jewellery,Earrings,Hoop Earrings,Brass; Pearl; Thermoplastic Polyurethane; Zirconium,Silver,,6.99,/241/52/219192_BM_1,219192_BM_1.jpg,none,,,,,
219198_BM,219198,Bracelet KISSSJAM Bright Multicolor,_BM,Bright Multicolor,Jewellery,Bracelets,Anklet,Acrylic; Brass; Pearl; Resin; Shell; Stone; Zinc,Golden,,7.99,/241/52/219198_BM_1,219198_BM_1.jpg,none,,,,,
219203_HM,219203,Set of Necklaces Classy Field Halftone Multicolor,_HM,Halftone Multicolor,Jewellery,Necklaces,Pendant,Acrylic; Iron; Suede; Zinc,Rodhium,,12.99,/241/52/219203_HM_1,219203_HM_1.jpg,none,,,,,
219213_BM,219213,Necklace KISSSJAM Bright Multicolor,_BM,Bright Multicolor,Jewellery,Necklaces,Beaded Necklace,Brass; Glass; Shell; Stone; Zinc,,,10.99,/241/52/219213_BM_1,219213_BM_1.jpg,none,,,,,
219218_HM,219218,Earring Classy Field Halftone Multicolor,_HM,Halftone Multicolor,Jewellery,Earrings,Hoop Earrings,Acrylic; Glass; Iron,Worn Rhodium,,5.99,/241/52/219218_HM_1,219218_HM_1.jpg,none,,,,,
219225_GD,219225,Earring KISSSJAM Gold,_GD,Gold,Jewellery,Earrings,Ear Cuff,Brass; Zirconium,Golden,,6.99,/241/52/219225_GD_1,219225_GD_1.jpg,none,,,,,
219231_BK,219231,Bracelet Milagro Black,_BK,Black,Jewellery,Bracelets,Non-Adjustable Bracelet,Zinc; Thermoplastic Polyurethane; Polyurethane,,,9.99,/242/52/219231_BK_1,219231_BK_1.jpg,none,,,,,
219231_DB,219231,Bracelet Classy Field Dark Brown,_DB,Dark Brown,Jewellery,Bracelets,Non-Adjustable Bracelet,Thermoplastic Polyurethane; Zinc; Polyurethane,Rodhium,,8.99,/241/52/219231_DB_1,219231_DB_1.jpg,none,,,,,
219235_GD,219235,Set of Earrings KISSSJAM Gold,_GD,Gold,Jewellery,Earrings,Hoop Earrings,Copper; Zirconium,Golden,,5.99,/241/52/219235_GD_1,219235_GD_1.jpg,none,,,,,
219242_BM,219242,Earring KISSSJAM Bright Multicolor,_BM,Bright Multicolor,Jewellery,Earrings,Ear Cuff,Copper; Zirconium,Golden,,5.99,/241/52/219242_BM_1,219242_BM_1.jpg,none,,,,,
219249_SV,219249,Earring Classy Field Silver,_SV,Silver,Jewellery,Earrings,Drop,Zinc,Worn Rhodium,,7.99,/241/52/219249_SV_1,219249_SV_1.jpg,none,,,,,
219262_DM,219262,Earring IDENTITY Dark Multicolor,_DM,Dark Multicolor,Jewellery,Earrings,Dangle,Thermoplastic Polyurethane; Zinc,Golden,,5.99,/241/52/219262_DM_1,219262_DM_1.jpg,none,,,,,
219268_DM,219268,Necklace IDENTITY Dark Multicolor,_DM,Dark Multicolor,Jewellery,Necklaces,Pendant,Polyester; Steel; Thermoplastic Polyurethane; Zinc,Worn Gold,,15.99,/241/52/219268_DM_1,219268_DM_1.jpg,none,,,,,
219275_DM,219275,Set of Necklaces IDENTITY Dark Multicolor,_DM,Dark Multicolor,Jewellery,Necklaces,Other Necklaces,Ceramic; Copper; Enamel; Glass; Iron; Polyacrylonitrile; Zinc,Golden,,12.99,/241/52/219275_DM_1,219275_DM_1.jpg,none,,,,,
219281_DM,219281,Earring IDENTITY Dark Multicolor,_DM,Dark Multicolor,Jewellery,Earrings,Dangle,Zinc,Worn Gold,,5.99,/241/52/219281_DM_1,219281_DM_1.jpg,none,,,,,
219287_DM,219287,Necklace IDENTITY Dark Multicolor,_DM,Dark Multicolor,Jewellery,Necklaces,Pendant,Glass; Iron; Nylon; Zinc,Golden,,12.99,/241/52/219287_DM_1,219287_DM_1.jpg,none,,,,,
219296_DM,219296,Bracelet IDENTITY Dark Multicolor,_DM,Dark Multicolor,Jewellery,Bracelets,Elastic Bracelet,Acrylic; Enamel; Polyethylene Terephthalate; Wood,,,9.99,/241/52/219296_DM_1,219296_DM_1.jpg,none,,,,,
219301_DM,219301,Earring IDENTITY Dark Multicolor,_DM,Dark Multicolor,Jewellery,Earrings,Hoop Earrings,Enamel; Zinc,Golden,,7.99,/241/52/219301_DM_1,219301_DM_1.jpg,none,,,,,
219307_BM,219307,Bracelet IDENTITY Bright Multicolor,_BM,Bright Multicolor,Jewellery,Bracelets,Adjustable Bracelet,Copper; Enamel; Polyamide; Polyethylene Terephthalate; Zinc,Golden,,5.99,/241/52/219307_BM_1,219307_BM_1.jpg,none,,,,,
219318_BL,219318,Earring MADEIRA Blue,_BL,Blue,Jewellery,Earrings,Hoop Earrings,Enamel; Iron,Silver,,12.99,/241/52/219318_BL_1,219318_BL_1.jpg,none,,,,,
219323_RD,219323,Necklace MADEIRA Red,_RD,Red,Jewellery,Necklaces,Beaded Necklace,Brass; Iron; Polyester; Resin,Silver,,25.99,/241/52/219323_RD_1,219323_RD_1.jpg,none,,,,,
219333_BM,219333,Set of Earrings IDENTITY Bright Multicolor,_BM,Bright Multicolor,Jewellery,Earrings,Hoop Earrings,Acrylic; Glass; Iron; Thermoplastic Polyurethane; Zinc,Golden,,8.99,/241/52/219333_BM_1,219333_BM_1.jpg,none,,,,,
219342_BU,219342,Ring MADEIRA Burgundy,_BU,Burgundy,Jewellery,Rings,Fantasy,Resin,,,9.99,/241/52/219342_BU_1,219342_BU_1.jpg,none,,,,,
219358_DM,219358,Necklace IDENTITY Dark Multicolor,_DM,Dark Multicolor,Jewellery,Necklaces,Pendant,Cotton; Glass,,,10.99,/241/52/219358_DM_1,219358_DM_1.jpg,none,,,,,
219367_GD,219367,Earring IDENTITY Gold,_GD,Gold,Jewellery,Earrings,Hoop Earrings,Iron; Zinc,Worn Gold,,5.99,/241/52/219367_GD_1,219367_GD_1.jpg,none,,,,,
219373_GD,219373,Set of Earrings KISSSJAM Gold,_GD,Gold,Jewellery,Earrings,Stud,Zinc; Zirconium,Golden,,4.99,/241/52/219373_GD_1,219373_GD_1.jpg,none,,,,,
219377_BM,219377,Set of Necklaces KISSSJAM Bright Multicolor,_BM,Bright Multicolor,Jewellery,Necklaces,Chain,Enamel; Iron; Shell; Zinc; Zirconium,Golden,,12.99,/241/52/219377_BM_1,219377_BM_1.jpg,none,,,,,
219382_BM,219382,Set of Earrings KISSSJAM Bright Multicolor,_BM,Bright Multicolor,Jewellery,Earrings,Hoop Earrings,Brass; Zinc; Zirconium,Golden,,6.99,/241/52/219382_BM_1,219382_BM_1.jpg,none,,,,,
219387_BM,219387,Set of Necklaces KISSSJAM Bright Multicolor,_BM,Bright Multicolor,Jewellery,Necklaces,Chain,Acrylic; Enamel; Glass; Iron; Shell; Stone; Thermoplastic Polyurethane; Zinc; Zirconium,Golden,,12.99,/241/52/219387_BM_1,219387_BM_1.jpg,none,,,,,
219393_BM,219393,Set of Necklaces KISSSJAM Bright Multicolor,_BM,Bright Multicolor,Jewellery,Necklaces,Chain,Brass; Enamel; Iron; Zinc,Golden,,12.99,/241/52/219393_BM_1,219393_BM_1.jpg,none,,,,,
219397_BM,219397,Set of Earrings KISSSJAM Bright Multicolor,_BM,Bright Multicolor,Jewellery,Earrings,Hoop Earrings,Brass; Zinc; Zirconium,Golden,,7.99,/241/52/219397_BM_1,219397_BM_1.jpg,none,,,,,
219402_BM,219402,Necklace KISSSJAM Bright Multicolor,_BM,Bright Multicolor,Jewellery,Necklaces,Beaded Necklace,Glass,Other,,8.99,/241/52/219402_BM_1,219402_BM_1.jpg,none,,,,,
219407_BM,219407,Set of Earrings KISSSJAM Bright Multicolor,_BM,Bright Multicolor,Jewellery,Earrings,Hoop Earrings,Glass; Iron; Zinc; Zirconium,Golden,,5.99,/241/52/219407_BM_1,219407_BM_1.jpg,none,,,,,
219421_SV,219421,Earring Classy Field Silver,_SV,Silver,Jewellery,Earrings,Hoop Earrings,Zinc,Rodhium,,4.99,/241/52/219421_SV_1,219421_SV_1.jpg,none,,,,,
219527_YL,219527,Earring FABRIC COLLECTION Yellow,_YL,Yellow,Jewellery,Earrings,Dangle,Iron; Thermoplastic Polyurethane; RECYCLED COTTON,Silver,,17.99,/241/52/219527_YL_1,219527_YL_1.jpg,none,,,,,
219531_BM,219531,Earring FABRIC COLLECTION Bright Multicolor,_BM,Bright Multicolor,Jewellery,Earrings,Drop,Iron; Wood; RECYCLED COTTON; glass bead,Golden,,23.99,/241/52/219531_BM_1,219531_BM_1.jpg,none,,,,,
219763_GD,219763,Bracelet Golden Basics Gold,_GD,Gold,Jewellery,Bracelets,Cuff,Zinc,Golden,,8.99,/242/52/219763_GD_1,219763_GD_1.jpg,none,,,,,
219763_SV,219763,Bracelet SILVER BASICS Silver,_SV,Silver,Jewellery,Bracelets,Cuff,Zinc,Rodhium,,8.99,/242/52/219763_SV_1,219763_SV_1.jpg,none,,,,,
219765_IV,219765,Earring Golden Basics Extra Ivory,_IV,Ivory,Jewellery,Earrings,Stud,Enamel; Zinc,Golden,,4.99,/241/52/219765_IV_1,219765_IV_1.jpg,none,,,,,
219770_IV,219770,Bracelet Golden Basics Extra Ivory,_IV,Ivory,Jewellery,Bracelets,Cuff,Iron; Thermoplastic Polyurethane; Zinc,Golden,,7.99,/241/52/219770_IV_1,219770_IV_1.jpg,none,,,,,
219775_GD,219775,Earring Golden Basics Gold,_GD,Gold,Jewellery,Earrings,Stud,Zinc,Brushed Golden,,4.99,/241/52/219775_GD_1,219775_GD_1.jpg,none,,,,,
219857_PU,219857,Bracelet ARM PURPLE Purple,_PU,Purple,Jewellery,Bracelets,Adjustable Bracelet,Brass; Enamel; Glass; Iron; Zinc,Golden,,7.99,/241/52/219857_PU_1,219857_PU_1.jpg,none,,,,,
219864_PU,219864,Bracelet ARM PURPLE Purple,_PU,Purple,Jewellery,Bracelets,Adjustable Bracelet,Brass; Enamel; Polyester; Zinc,Golden,,5.99,/241/52/219864_PU_1,219864_PU_1.jpg,none,,,,,
219971_GD,219971,Earring DOMINICA Gold,_GD,Gold,Jewellery,Earrings,Drop,Brass,Brushed Golden,,5.99,/241/52/219971_GD_1,219971_GD_1.jpg,none,,,,,
219975_BM,219975,Earring DOMINICA Bright Multicolor,_BM,Bright Multicolor,Jewellery,Earrings,Dangle,Iron; Shell,Brushed Golden,,7.99,/241/52/219975_BM_1,219975_BM_1.jpg,none,,,,,
219979_BM,219979,Bracelet DOMINICA Bright Multicolor,_BM,Bright Multicolor,Jewellery,Bracelets,Elastic Bracelet,Glass; Shell; Stone; Thermoplastic Polyurethane; Wood; Zinc,,,9.99,/241/52/219979_BM_1,219979_BM_1.jpg,none,,,,,
219997_BM,219997,Mobile Holder FASHION SUPPLEMENTS Bright Multicolor,_BM,Bright Multicolor,Jewellery,Mobile Accessories,Mobile Holder,Iron; Polyester,Other,,8.99,/241/52/219997_BM_1,219997_BM_1.jpg,none,,,,,
220016_BL,220016,Earring DOMINICA Blue,_BL,Blue,Jewellery,Earrings,Hoop Earrings,Raffia; Zinc,Burnish Golden,,5.99,/241/52/220016_BL_1,220016_BL_1.jpg,none,,,,,
220031_BM,220031,Earring DOMINICA Bright Multicolor,_BM,Bright Multicolor,Jewellery,Earrings,Hoop Earrings,Glass; Iron; Rubber; Zinc,Brushed Golden,,7.99,/241/52/220031_BM_1,220031_BM_1.jpg,none,,,,,
220040_BL,220040,Ring DOMINICA Blue,_BL,Blue,Jewellery,Rings,Fantasy,Brass,Golden,,5.99,/241/52/220040_BL_1,220040_BL_1.jpg,none,,,,,
220300_PK,220300,Earring DOMINICA Pink,_PK,Pink,Jewellery,Earrings,Stud,Iron; Thermoplastic Polyurethane; Zinc,Golden,,5.99,/241/52/220300_PK_1,220300_PK_1.jpg,none,,,,,
220304_BL,220304,Necklace DOMINICA Blue,_BL,Blue,Jewellery,Necklaces,Pendant,Acrylic; Brass; Iron; Shell; Thermoplastic Polyurethane; Wood,Brushed Golden,,12.99,/241/52/220304_BL_1,220304_BL_1.jpg,none,,,,,
220314_PU,220314,Earring DOMINICA Purple,_PU,Purple,Jewellery,Earrings,Dangle,Iron; Resin; Straw,Brushed Golden,,5.99,/241/52/220314_PU_1,220314_PU_1.jpg,none,,,,,
220319_GD,220319,Ring DOMINICA Gold,_GD,Gold,Jewellery,Rings,Fantasy,Zinc,Golden,,4.99,/241/52/220319_GD_2y,220319_GD_2y.jpg,none,,,,,
220323_BM,220323,Earring DOMINICA Bright Multicolor,_BM,Bright Multicolor,Jewellery,Earrings,Dangle,Zinc; Acrylic; Enamel; Iron,,,9.99,/241/52/220323_BM_1,220323_BM_1.jpg,none,,,,,
220329_GD,220329,Earring TREND Gold,_GD,Gold,Jewellery,Earrings,Dangle,Brass; Iron,,,9.99,/241/52/220329_GD_1,220329_GD_1.jpg,none,,,,,
220334_BL,220334,Necklace TREND Blue,_BL,Blue,Jewellery,Necklaces,Beaded Necklace,Iron; Shell,Worn Gold,,25.99,/241/52/220334_BL_1,220334_BL_1.jpg,none,,,,,
220339_GD,220339,Earring TREND Gold,_GD,Gold,Jewellery,Earrings,Dangle,Zinc; Iron; Resin,,,9.99,/241/52/220339_GD_1,220339_GD_1.jpg,none,,,,,
220375_BL,220375,Earring TREND Blue,_BL,Blue,Jewellery,Earrings,Hoop Earrings,Cotton; Glass; Iron; Polyurethane,,,9.99,/241/52/220375_BL_1,220375_BL_1.jpg,none,,,,,
220381_BL,220381,Earring TREND Blue,_BL,Blue,Jewellery,Earrings,Hoop Earrings,Glass; Iron; Thermoplastic Polyurethane,Other,,12.99,/241/52/220381_BL_1,220381_BL_1.jpg,none,,,,,
220390_GD,220390,Earring TREND Gold,_GD,Gold,Jewellery,Earrings,Drop,Zinc,Worn Gold,,7.99,/241/52/220390_GD_1,220390_GD_1.jpg,none,,,,,
220397_BL,220397,Earring TREND Blue,_BL,Blue,Jewellery,Earrings,Dangle,Zinc; Glass,Worn Gold,,12.99,/241/52/220397_BL_1,220397_BL_1.jpg,none,,,,,
220428_GD,220428,Necklace TREND Gold,_GD,Gold,Jewellery,Necklaces,Chain,Steel,Worn Gold,,19.99,/241/52/220428_GD_1,220428_GD_1.jpg,none,,,,,
220435_GD,220435,Earring TREND Gold,_GD,Gold,Jewellery,Earrings,Stud,Zinc,,,9.99,/241/52/220435_GD_1,220435_GD_1.jpg,none,,,,,
220440_CL,220440,Earring TREND Coral,_CL,Coral,Jewellery,Earrings,Dangle,Acrylic; Polyester,Other,,12.99,/241/52/220440_CL_1,220440_CL_1.jpg,none,,,,,
220484_BM,220484,Earring SUNSET JUNCTION Bright Multicolor,_BM,Bright Multicolor,Jewellery,Earrings,Dangle,Acrylic; Stone,Other,,7.99,/241/52/220484_BM_1,220484_BM_1.jpg,none,,,,,
220489_OR,220489,Earring SUNSET JUNCTION Orange,_OR,Orange,Jewellery,Earrings,Hoop Earrings,Enamel; Zinc,Other,,5.99,/241/52/220489_OR_1,220489_OR_1.jpg,none,,,,,
220614_BM,220614,Necklace FORMENTERA Bright Multicolor,_BM,Bright Multicolor,Jewellery,Necklaces,Collar,Acrylic; Iron,,,10.99,/241/52/220614_BM_1,220614_BM_1.jpg,none,,,,,
220618_HM,220618,Ring FORMENTERA Halftone Multicolor,_HM,Halftone Multicolor,Jewellery,Rings,Band Ring,Enamel; Zamac,Golden,,7.99,/241/52/220618_HM_1,220618_HM_1.jpg,none,,,,,
220717_BM,220717,Set of Necklaces FORMENTERA Bright Multicolor,_BM,Bright Multicolor,Jewellery,Necklaces,Beaded Necklace,Acrylic; Cotton; Iron; Wood; Zinc,Golden,,12.99,/241/52/220717_BM_1,220717_BM_1.jpg,none,,,,,
220728_PK,220728,Earring FORMENTERA Pink,_PK,Pink,Jewellery,Earrings,Dangle,Ceramic; Iron,Golden,,5.99,/241/52/220728_PK_1,220728_PK_1.jpg,none,,,,,
220737_HM,220737,Earring FORMENTERA Halftone Multicolor,_HM,Halftone Multicolor,Jewellery,Earrings,Dangle,Brass; Ceramic,Worn Gold,,5.99,/241/52/220737_HM_1,220737_HM_1.jpg,none,,,,,
220741_BM,220741,Earring FORMENTERA Bright Multicolor,_BM,Bright Multicolor,Jewellery,Earrings,Hoop Earrings,Iron; Wood; Zinc,Worn Gold,,5.99,/241/52/220741_BM_1,220741_BM_1.jpg,none,,,,,
220773_GD,220773,Ring FORMENTERA Gold,_GD,Gold,Jewellery,Rings,Band Ring,Glass; Zinc,Worn Gold,,7.99,/241/52/220773_GD_1,220773_GD_1.jpg,none,,,,,
220778_HM,220778,Bracelet FORMENTERA Halftone Multicolor,_HM,Halftone Multicolor,Jewellery,Bracelets,Elastic Bracelet,Elastane; Zinc,,,9.99,/241/52/220778_HM_1,220778_HM_1.jpg,none,,,,,
220783_YL,220783,Earring IDENTITY Yellow,_YL,Yellow,Jewellery,Earrings,Hoop Earrings,Glass; Iron,Worn Gold,,7.99,/241/52/220783_YL_1,220783_YL_1.jpg,none,,,,,
220787_BM,220787,Earring IDENTITY Bright Multicolor,_BM,Bright Multicolor,Jewellery,Earrings,Hoop Earrings,Enamel; Iron,Golden,,7.99,/241/52/220787_BM_2y,220787_BM_2y.jpg,none,,,,,
220796_WT,220796,Earring Golden Basics White,_WT,White,Jewellery,Earrings,Dangle,Iron; Shell,Brushed Golden,,5.99,/242/52/220796_WT_1,220796_WT_1.jpg,none,,,,,
220805_WT,220805,Set of Bracelets Golden Basics White,_WT,White,Jewellery,Bracelets,Elastic Bracelet,Copper; Elastane; Glass; Shell,Golden,,7.99,/242/52/220805_WT_1,220805_WT_1.jpg,none,,,,,
220810_WT,220810,Earring Golden Basics White,_WT,White,Jewellery,Earrings,Dangle,Iron; Shell,Golden,,15.99,/242/52/220810_WT_1,220810_WT_1.jpg,none,,,,,
220816_WT,220816,Necklace Golden Basics White,_WT,White,Jewellery,Necklaces,Pendant,Iron; Shell; Copper,,,10.99,/242/52/220816_WT_1,220816_WT_1.jpg,none,,,,,
220824_WT,220824,Necklace Golden Basics White,_WT,White,Jewellery,Necklaces,Pendant,Copper; Shell; Zinc,Golden,,15.99,/242/52/220824_WT_1,220824_WT_1.jpg,none,,,,,
220832_WT,220832,Earring Golden Basics White,_WT,White,Jewellery,Earrings,Hoop Earrings,Iron; Shell; Zinc,Golden,,7.99,/242/52/220832_WT_1,220832_WT_1.jpg,none,,,,,
220836_WT,220836,Earring Golden Basics White,_WT,White,Jewellery,Earrings,Drop,Brass; Glass; Shell; Steel; Zinc,Golden,,8.99,/242/52/220836_WT_1,220836_WT_1.jpg,none,,,,,
220841_WT,220841,Ring Golden Basics White,_WT,White,Jewellery,Rings,Cocktail,Shell; Zinc,Golden,,6.99,/242/52/220841_WT_1,220841_WT_1.jpg,none,,,,,
220846_WT,220846,Earring Golden Basics White,_WT,White,Jewellery,Earrings,Dangle,Iron; Shell,Golden,,5.99,/242/52/220846_WT_1,220846_WT_1.jpg,none,,,,,
220853_WT,220853,Earring Golden Basics White,_WT,White,Jewellery,Earrings,Dangle,Iron; Shell,Brushed Golden,,5.99,/241/52/220853_WT_1,220853_WT_1.jpg,none,,,,,
220858_WT,220858,Set of Necklaces Golden Basics White,_WT,White,Jewellery,Necklaces,Chain,Brass; Iron; Resin; Shell,Golden,,12.99,/242/52/220858_WT_1,220858_WT_1.jpg,none,,,,,
220865_WT,220865,Earring Golden Basics White,_WT,White,Jewellery,Earrings,Hoop Earrings,Brass; Shell; Thermoplastic Polyurethane,Golden,,4.99,/242/52/220865_WT_1,220865_WT_1.jpg,none,,,,,
220872_IV,220872,Bracelet Golden Basics Extra Ivory,_IV,Ivory,Jewellery,Bracelets,Elastic Bracelet,Enamel; Thermoplastic Polyurethane; Zinc,Golden,,5.99,/241/52/220872_IV_1,220872_IV_1.jpg,none,,,,,
220878_OR,220878,Bracelet MADEIRA Orange,_OR,Orange,Jewellery,Bracelets,Non-Adjustable Bracelet,Cotton; Wood,Golden,,17.99,/241/52/220878_OR_1,220878_OR_1.jpg,none,,,,,
220907_WT,220907,Earring Golden Basics White,_WT,White,Jewellery,Earrings,Dangle,Iron; Shell,Golden,,5.99,/242/52/220907_WT_1,220907_WT_1.jpg,none,,,,,
220913_GD,220913,Ring Golden Basics Gold,_GD,Gold,Jewellery,Rings,Fantasy,Zinc,Golden,,5.99,/242/52/220913_GD_1,220913_GD_1.jpg,none,,,,,
220918_WT,220918,Earring Golden Basics White,_WT,White,Jewellery,Earrings,Dangle,Iron; Shell,Golden,,5.99,/242/52/220918_WT_1,220918_WT_1.jpg,none,,,,,
220924_WT,220924,Earring Golden Basics White,_WT,White,Jewellery,Earrings,Stud,Iron; Shell,Golden,,7.99,/242/52/220924_WT_1,220924_WT_1.jpg,none,,,,,
220925_GD,220925,Ring Golden Basics Gold,_GD,Gold,Jewellery,Rings,Cocktail,Zinc,,,5.99,/242/52/220925_GD_1,220925_GD_1.jpg,none,,,,,
220925_OG,220925,Ring GALÁPAGOS Old Gold,_OG,Old Gold,Jewellery,Rings,Cocktail,Zinc,Golden,,5.99,/242/52/220925_OG_1,220925_OG_1.jpg,none,,,,,
220925_SV,220925,Ring SILVER BASICS Silver,_SV,Silver,Jewellery,Rings,Cocktail,Zinc,Rodhium,,5.99,/242/52/220925_SV_1,220925_SV_1.jpg,none,,,,,
221016_WT,221016,Earring Golden Basics White,_WT,White,Jewellery,Earrings,Dangle,Iron; Shell,Brushed Golden,,8.99,/242/52/221016_WT_1,221016_WT_1.jpg,none,,,,,
221022_WT,221022,Earring Golden Basics White,_WT,White,Jewellery,Earrings,Hoop Earrings,Copper; Shell; Thermoplastic Polyurethane,Golden,,4.99,/242/52/221022_WT_1,221022_WT_1.jpg,none,,,,,
221028_IV,221028,Earring Golden Basics Extra Ivory,_IV,Ivory,Jewellery,Earrings,Hoop Earrings,Enamel; Zinc,Golden,,5.99,/241/52/221028_IV_1,221028_IV_1.jpg,none,,,,,
221036_WT,221036,Earring Golden Basics White,_WT,White,Jewellery,Earrings,Stud,Copper; Shell,Golden,,5.99,/242/52/221036_WT_1,221036_WT_1.jpg,none,,,,,
221042_WT,221042,Earring Golden Basics White,_WT,White,Jewellery,Earrings,Hoop Earrings,Iron; Shell; Thermoplastic Polyurethane,Golden,,5.99,/242/52/221042_WT_1,221042_WT_1.jpg,none,,,,,
221046_WT,221046,Earring Golden Basics White,_WT,White,Jewellery,Earrings,Dangle,Iron; Shell,Golden,,5.99,/242/52/221046_WT_1,221046_WT_1.jpg,none,,,,,
221051_WT,221051,Necklace Golden Basics White,_WT,White,Jewellery,Necklaces,Bib Necklace,Acrylic; Iron; Shell,Golden,,12.99,/241/52/221051_WT_1,221051_WT_1.jpg,none,,,,,
221081_GD,221081,Earring GLDN DEL Gold,_GD,Gold,Jewellery,Earrings,Stud,Brass; Steel; Zirconium,Golden,,7.99,/242/52/221081_GD_1,221081_GD_1.jpg,none,,,,,
221081_SV,221081,Earring SILVER D Silver,_SV,Silver,Jewellery,Earrings,Stud,Brass; Steel; Zirconium,,,7.99,/242/52/221081_SV_1,221081_SV_1.jpg,none,,,,,
221083_GD,221083,Set of Earrings GLDN DEL Gold,_GD,Gold,Jewellery,Earrings,Stud,Brass; Glass; Steel,Golden,,5.99,/242/52/221083_GD_1,221083_GD_1.jpg,none,,,,,
221089_GD,221089,Bracelet GLDN DEL Gold,_GD,Gold,Jewellery,Bracelets,Non-Adjustable Bracelet,Brass; Iron,Golden,,8.99,/242/52/221089_GD_1,221089_GD_1.jpg,none,,,,,
221089_SV,221089,Bracelet SILVER D Silver,_SV,Silver,Jewellery,Bracelets,Non-Adjustable Bracelet,Brass; Iron,Golden,,8.99,/242/52/221089_SV_1,221089_SV_1.jpg,none,,,,,
221092_GD,221092,Earring GLDN DEL Gold,_GD,Gold,Jewellery,Earrings,Stud,Acrylic; Brass,Golden,,4.99,/242/52/221092_GD_1,221092_GD_1.jpg,none,,,,,
221097_GD,221097,Necklace GLDN DEL Gold,_GD,Gold,Jewellery,Necklaces,Beaded Necklace,Brass,,,10.99,/242/52/221097_GD_1,221097_GD_1.jpg,none,,,,,
221097_SV,221097,Necklace SILVER D Silver,_SV,Silver,Jewellery,Necklaces,Beaded Necklace,Brass,,,10.99,/242/52/221097_SV_1,221097_SV_1.jpg,none,,,,,
221103_GD,221103,Necklace GLDN DEL Gold,_GD,Gold,Jewellery,Necklaces,Beaded Necklace,Brass; Iron,Golden,,12.99,/242/52/221103_GD_1,221103_GD_1.jpg,none,,,,,
221103_SV,221103,Necklace SILVER D Silver,_SV,Silver,Jewellery,Necklaces,Beaded Necklace,Iron; Brass,Golden,,12.99,/242/52/221103_SV_1,221103_SV_1.jpg,none,,,,,
221107_GD,221107,Earring GLDN DEL Gold,_GD,Gold,Jewellery,Earrings,Stud,Pearl; Zinc,Golden,,4.99,/242/52/221107_GD_2y,221107_GD_2y.jpg,none,,,,,
221111_GD,221111,Ring GLDN DEL Gold,_GD,Gold,Jewellery,Rings,Band Ring,Polyester; Rubber; Brass; Acrylic,Golden,,5.99,/242/52/221111_GD_1,221111_GD_1.jpg,none,,,,,
221111_SV,221111,Ring SILVER D Silver,_SV,Silver,Jewellery,Rings,Band Ring,Acrylic; Polyester; Rubber; Brass,Golden,,5.99,/242/52/221111_SV_1,221111_SV_1.jpg,none,,,,,
221113_GD,221113,Earring GLDN DEL Gold,_GD,Gold,Jewellery,Earrings,Hoop Earrings,Acrylic; Brass; Iron; Pearl,Golden,,7.99,/242/52/221113_GD_1,221113_GD_1.jpg,none,,,,,
221118_GD,221118,Bracelet GLDN DEL Gold,_GD,Gold,Jewellery,Bracelets,Non-Adjustable Bracelet,Acrylic; Iron; Pearl; Zinc,Golden,,6.99,/242/52/221118_GD_1,221118_GD_1.jpg,none,,,,,
221118_SV,221118,Bracelet SILVER D Silver,_SV,Silver,Jewellery,Bracelets,Non-Adjustable Bracelet,Acrylic; Iron; Pearl; Zinc,Golden,,6.99,/242/52/221118_SV_1,221118_SV_1.jpg,none,,,,,
221123_GD,221123,Bracelet GLDN DEL Gold,_GD,Gold,Jewellery,Bracelets,Non-Adjustable Bracelet,Iron; Zinc,,,9.99,/242/52/221123_GD_1,221123_GD_1.jpg,none,,,,,
221146_BM,221146,Earring TROPICAL GEMS Bright Multicolor,_BM,Bright Multicolor,Jewellery,Earrings,Hoop Earrings,Cotton; Glass; Iron,Golden,,7.99,/241/52/221146_BM_1,221146_BM_1.jpg,none,,,,,
221151_BM,221151,Bracelet TROPICAL GEMS Bright Multicolor,_BM,Bright Multicolor,Jewellery,Bracelets,Anklet,Glass; Iron; Pearl; Zinc,Golden,,7.99,/241/52/221151_BM_1,221151_BM_1.jpg,none,,,,,
221168_BM,221168,Earring TROPICAL GEMS Bright Multicolor,_BM,Bright Multicolor,Jewellery,Earrings,Hoop Earrings,Acrylic; Iron; Thermoplastic Polyurethane,Golden,,5.99,/241/52/221168_BM_1,221168_BM_1.jpg,none,,,,,
221180_IV,221180,Earring Golden Basics Extra Ivory,_IV,Ivory,Jewellery,Earrings,Hoop Earrings,Enamel; Iron,Golden,,5.99,/241/52/221180_IV_1,221180_IV_1.jpg,none,,,,,
221180_LK,221180,Earring MODERN STONES Light Pink,_LK,Light Pink,Jewellery,Earrings,Hoop Earrings,Iron; Enamel,Golden,,5.99,/242/52/221180_LK_1,221180_LK_1.jpg,none,,,,,
221238_BM,221238,Set of Necklaces TROPICAL GEMS Bright Multicolor,_BM,Bright Multicolor,Jewellery,Necklaces,Beaded Necklace,Brass; Glass; Shell; Zinc,Golden,,12.99,/241/52/221238_BM_1,221238_BM_1.jpg,none,,,,,
221243_BM,221243,Earring TROPICAL GEMS Bright Multicolor,_BM,Bright Multicolor,Jewellery,Earrings,Dangle,Glass; Iron,Golden,,5.99,/241/52/221243_BM_1,221243_BM_1.jpg,none,,,,,
221248_BM,221248,Bracelet TROPICAL GEMS Bright Multicolor,_BM,Bright Multicolor,Jewellery,Bracelets,Anklet,Brass; Glass; Shell,Golden,,7.99,/241/52/221248_BM_1,221248_BM_1.jpg,none,,,,,
221252_BM,221252,Earring TROPICAL GEMS Bright Multicolor,_BM,Bright Multicolor,Jewellery,Earrings,Dangle,Glass; Shell; Stone; Zinc,,,9.99,/241/52/221252_BM_1,221252_BM_1.jpg,none,,,,,
221260_BM,221260,Bracelet TROPICAL GEMS Bright Multicolor,_BM,Bright Multicolor,Jewellery,Bracelets,Elastic Bracelet,Glass; Shell; Thermoplastic Polyurethane,Golden,,7.99,/241/52/221260_BM_1,221260_BM_1.jpg,none,,,,,
221267_SV,221267,Necklace SILVER D Silver,_SV,Silver,Jewellery,Necklaces,Y-Necklace,Iron; Pearl; Zirconium; Brass,,,10.99,/242/52/221267_SV_1,221267_SV_1.jpg,none,,,,,
221271_GD,221271,Earring GLDN DEL Gold,_GD,Gold,Jewellery,Earrings,Stud,Zinc,Golden,,5.99,/242/52/221271_GD_1,221271_GD_1.jpg,none,,,,,
221271_SV,221271,Earring SILVER D Silver,_SV,Silver,Jewellery,Earrings,Stud,Zinc,Golden,,5.99,/242/52/221271_SV_1,221271_SV_1.jpg,none,,,,,
221275_SV,221275,Earring SILVER D Silver,_SV,Silver,Jewellery,Earrings,Dangle,Brass; Zirconium,Rodhium,,5.99,/242/52/221275_SV_1,221275_SV_1.jpg,none,,,,,
221279_BM,221279,Earring TROPICAL GEMS Bright Multicolor,_BM,Bright Multicolor,Jewellery,Earrings,Hoop Earrings,Acrylic; Glass; Iron; Rubber; Thermoplastic Polyurethane,Golden,,7.99,/241/52/221279_BM_1,221279_BM_1.jpg,none,,,,,
221287_BM,221287,Necklace TROPICAL GEMS Bright Multicolor,_BM,Bright Multicolor,Jewellery,Necklaces,Pendant,Iron; Resin; Shell; Thermoplastic Polyurethane; Zinc; Brass,Golden,,12.99,/241/52/221287_BM_1,221287_BM_1.jpg,none,,,,,
221294_BM,221294,Earring TROPICAL GEMS Bright Multicolor,_BM,Bright Multicolor,Jewellery,Earrings,Dangle,Glass; Iron,Golden,,8.99,/241/52/221294_BM_1,221294_BM_1.jpg,none,,,,,
221295_GD,221295,Earring GLDN DEL Gold,_GD,Gold,Jewellery,Earrings,Drop,Brass; Zirconium,Golden,,7.99,/242/52/221295_GD_1,221295_GD_1.jpg,none,,,,,
221295_SV,221295,Earring SILVER D Silver,_SV,Silver,Jewellery,Earrings,Drop,Brass; Zirconium,Golden,,7.99,/242/52/221295_SV_1,221295_SV_1.jpg,none,,,,,
221444_BL,221444,Bracelet Arm Sea Blue,_BL,Blue,Jewellery,Bracelets,Non-Adjustable Bracelet,Stone; Zinc; Zirconium,Other,,7.99,/242/52/221444_BL_1,221444_BL_1.jpg,none,,,,,
221451_BM,221451,Key Chain FASHION SUPPLEMENTS Bright Multicolor,_BM,Bright Multicolor,Jewellery,Key chains,Charms,Acrylic; Iron,Golden,,12.99,/242/52/221451_BM_1,221451_BM_1.jpg,none,,,,,
221477_PU,221477,Bracelet Arm Sand Purple,_PU,Purple,Jewellery,Bracelets,Adjustable Bracelet,Brass; Polyester; Thermoplastic Polyurethane,Golden,,5.99,/242/52/221477_PU_1,221477_PU_1.jpg,none,,,,,
221485_HM,221485,Bracelet Arm Sea Halftone Multicolor,_HM,Halftone Multicolor,Jewellery,Bracelets,Adjustable Bracelet,Glass; Polyester; Zinc; Brass,Golden,,5.99,/242/52/221485_HM_1,221485_HM_1.jpg,none,,,,,
221507_BL,221507,Bracelet Arm Sea Blue,_BL,Blue,Jewellery,Bracelets,Adjustable Bracelet,Brass; Polyester; Thermoplastic Polyurethane; Zinc,Golden,,7.99,/242/52/221507_BL_1,221507_BL_1.jpg,none,,,,,
221516_BG,221516,Bracelet Arm Sand Beige,_BG,Beige,Jewellery,Bracelets,Adjustable Bracelet,Copper; Enamel; Pearl; Polyamide; Stone; Thermoplastic Polyurethane; Zinc,Golden,,5.99,/242/52/221516_BG_1,221516_BG_1.jpg,none,,,,,
221523_GD,221523,Pin FASHION SUPPLEMENTS Gold,_GD,Gold,Jewellery,Pins,Pin,Zinc,Golden,,4.99,/242/52/221523_GD_2y,221523_GD_2y.jpg,none,,,,,
221536_WT,221536,Pin FASHION SUPPLEMENTS White,_WT,White,Jewellery,Pins,Pin,Brass; Thermoplastic Polyurethane; Zinc,Golden,,5.99,/242/52/221536_WT_2y,221536_WT_2y.jpg,none,,,,,
221546_BM,221546,Key Chain FASHION SUPPLEMENTS Bright Multicolor,_BM,Bright Multicolor,Jewellery,Key chains,Other Key-Chain,Iron; Nylon; Zinc; Zinc,Golden,,8.99,/242/52/221546_BM_1,221546_BM_1.jpg,none,,,,,
221560_GD,221560,Pin FASHION SUPPLEMENTS Gold,_GD,Gold,Jewellery,Pins,Lady Pin,Iron,Golden,,5.99,/242/52/221560_GD_1,221560_GD_1.jpg,none,,,,,
221567_IV,221567,Pin FASHION SUPPLEMENTS Ivory,_IV,Ivory,Jewellery,Pins,Flower,Brass; Enamel; Zinc,Golden,,6.99,/242/52/221567_IV_2y,221567_IV_2y.jpg,none,,,,,
221575_BM,221575,Key Chain FASHION SUPPLEMENTS Bright Multicolor,_BM,Bright Multicolor,Jewellery,Key chains,Other Key-Chain,Acrylic; Iron; Raffia; Zinc; Wood; Zinc; Glass,Golden,,15.99,/242/52/221575_BM_1,221575_BM_1.jpg,none,,,,,
221613_HM,221613,Necklace GLDN DEL Halftone Multicolor,_HM,Halftone Multicolor,Jewellery,Necklaces,Beaded Necklace,Brass; Zirconium,,,10.99,/242/52/221613_HM_1,221613_HM_1.jpg,none,,,,,
221617_HM,221617,Earring GLDN DEL Halftone Multicolor,_HM,Halftone Multicolor,Jewellery,Earrings,Stud,Brass; Zirconium,Golden,,7.99,/242/52/221617_HM_1,221617_HM_1.jpg,none,,,,,
221622_HM,221622,Ring GLDN DEL Halftone Multicolor,_HM,Halftone Multicolor,Jewellery,Rings,Cocktail,Brass; Zirconium; Glass; Acrylic,Golden,,5.99,/242/52/221622_HM_1,221622_HM_1.jpg,none,,,,,
221631_HM,221631,Ring GLDN DEL Halftone Multicolor,_HM,Halftone Multicolor,Jewellery,Rings,Cocktail,Brass; Zirconium,Golden,,6.99,/242/52/221631_HM_1,221631_HM_1.jpg,none,,,,,
221636_HM,221636,Earring GLDN DEL Halftone Multicolor,_HM,Halftone Multicolor,Jewellery,Earrings,Dangle,Brass; Iron; Zirconium,,,9.99,/242/52/221636_HM_1,221636_HM_1.jpg,none,,,,,
221816_CL,221816,Necklace WATERMELON PARTY Coral,_CL,Coral,Jewellery,Necklaces,Beaded Necklace,Acrylic; Iron; Shell; Zinc,,,10.99,/242/52/221816_CL_1,221816_CL_1.jpg,none,,,,,
221822_TG,221822,Earring WATERMELON PARTY Pastel Green,_TG,Pastel Green,Jewellery,Earrings,Dangle,Iron; Shell,Golden,,5.99,/242/52/221822_TG_1,221822_TG_1.jpg,none,,,,,
221830_BM,221830,Bracelet WATERMELON PARTY Bright Multicolor,_BM,Bright Multicolor,Jewellery,Bracelets,Anklet,Iron; Shell; Zinc,Golden,,8.99,/242/52/221830_BM_1,221830_BM_1.jpg,none,,,,,
221837_BM,221837,Earring WATERMELON PARTY Bright Multicolor,_BM,Bright Multicolor,Jewellery,Earrings,Dangle,Iron; Shell,,,9.99,/242/52/221837_BM_1,221837_BM_1.jpg,none,,,,,
221843_OL,221843,Earring WATERMELON PARTY Olive,_OL,Olive,Jewellery,Earrings,Hoop Earrings,Enamel; Zinc,Golden,,5.99,/242/52/221843_OL_1,221843_OL_1.jpg,none,,,,,
221883_BM,221883,Earring WATERMELON PARTY Bright Multicolor,_BM,Bright Multicolor,Jewellery,Earrings,Hoop Earrings,Acrylic; Iron; Shell,Golden,,7.99,/242/52/221883_BM_1,221883_BM_1.jpg,none,,,,,
221884_CL,221884,Earring WATERMELON PARTY Coral,_CL,Coral,Jewellery,Earrings,Dangle,Iron; Shell; Zinc,Worn Gold,,5.99,/242/52/221884_CL_1,221884_CL_1.jpg,none,,,,,
221884_TG,221884,Earring WATERMELON PARTY Pastel Green,_TG,Pastel Green,Jewellery,Earrings,Dangle,Iron; Shell; Zinc,Worn Gold,,5.99,/242/52/221884_TG_1,221884_TG_1.jpg,none,,,,,
221916_AQ,221916,Earring WATERMELON PARTY Aquamarine,_AQ,Aquamarine,Jewellery,Earrings,Drop,Glass; Iron; Nylon; Thermoplastic Polyurethane,,,9.99,/242/52/221916_AQ_2y,221916_AQ_2y.jpg,none,,,,,
221925_TL,221925,Earring WATERMELON PARTY Teal,_TL,Teal,Jewellery,Earrings,Dangle,Iron; Shell,Brushed Golden,,5.99,/242/52/221925_TL_1,221925_TL_1.jpg,none,,,,,
222001_OX,222001,Earring WATERMELON PARTY Oxford Blue,_OX,Oxford Blue,Jewellery,Earrings,Dangle,Iron; Shell,Golden,,5.99,/242/52/222001_OX_1,222001_OX_1.jpg,none,,,,,
222046_AQ,222046,Earring WATERMELON PARTY Aquamarine,_AQ,Aquamarine,Jewellery,Earrings,Hoop Earrings,Iron; Resin,Golden,,5.99,/242/52/222046_AQ_2y,222046_AQ_2y.jpg,none,,,,,
222059_TG,222059,Earring WATERMELON PARTY Pastel Green,_TG,Pastel Green,Jewellery,Earrings,Dangle,Iron; Shell,Golden,,5.99,/242/52/222059_TG_1,222059_TG_1.jpg,none,,,,,
222074_TL,222074,Earring WATERMELON PARTY Teal,_TL,Teal,Jewellery,Earrings,Dangle,Iron; Shell,Golden,,7.99,/242/52/222074_TL_1,222074_TL_1.jpg,none,,,,,
222080_AQ,222080,Bracelet WATERMELON PARTY Aquamarine,_AQ,Aquamarine,Jewellery,Bracelets,Anklet,Iron; Pearl; Shell,Golden,,7.99,/242/52/222080_AQ_1,222080_AQ_1.jpg,none,,,,,
222085_BM,222085,Earring WATERMELON PARTY Bright Multicolor,_BM,Bright Multicolor,Jewellery,Earrings,Dangle,Brass; Iron; Shell,Brushed Golden,,7.99,/242/52/222085_BM_1,222085_BM_1.jpg,none,,,,,
222608_CL,222608,Earring WATERMELON PARTY Coral,_CL,Coral,Jewellery,Earrings,Dangle,Iron; Shell,Golden,,7.99,/242/52/222608_CL_1,222608_CL_1.jpg,none,,,,,
222988_IV,222988,Necklace LOOM BEADS Ivory,_IV,Ivory,Jewellery,Necklaces,Beaded Necklace,Iron; Cotton; Glass,,,10.99,/242/52/222988_IV_1,222988_IV_1.jpg,none,,,,,
223003_PM,223003,Bracelet SPIRIT Pastel Multicolor,_PM,Pastel Multicolor,Jewellery,Bracelets,Adjustable Bracelet,Iron; Stone; Zinc,Matte Golden,,7.99,/242/52/223003_PM_1,223003_PM_1.jpg,none,,,,,
223008_PM,223008,Earring SPIRIT Pastel Multicolor,_PM,Pastel Multicolor,Jewellery,Earrings,Hoop Earrings,Cork; Stone; Iron; Pearl; Zinc,Matte Golden,,8.99,/242/52/223008_PM_1,223008_PM_1.jpg,none,,,,,
223015_PM,223015,Bracelet SPIRIT Pastel Multicolor,_PM,Pastel Multicolor,Jewellery,Bracelets,Elastic Bracelet,Cork; Glass; Acrylic; Pearl; Stone; Zinc; Brass,Matte Golden,,7.99,/242/52/223015_PM_1,223015_PM_1.jpg,none,,,,,
223021_TG,223021,Earring SPIRIT Pastel Green,_TG,Pastel Green,Jewellery,Earrings,Stud,Cork; Zinc; Acrylic,Matte Golden,,4.99,/242/52/223021_TG_1,223021_TG_1.jpg,none,,,,,
223055_GD,223055,Ring SPIRIT Gold,_GD,Gold,Jewellery,Rings,Cocktail,Zinc,Matte Golden,,5.99,/242/52/223055_GD_1,223055_GD_1.jpg,none,,,,,
223061_PM,223061,Bracelet SPIRIT Pastel Multicolor,_PM,Pastel Multicolor,Jewellery,Bracelets,Adjustable Bracelet,Polyester; Resin; Stone; Thermoplastic Polyurethane; Zinc; Shell,Matte Golden,,6.99,/242/52/223061_PM_1,223061_PM_1.jpg,none,,,,,
223069_PM,223069,Necklace SPIRIT Pastel Multicolor,_PM,Pastel Multicolor,Jewellery,Necklaces,Chain,Brass; Stone; Thermoplastic Polyurethane,,,10.99,/242/52/223069_PM_1,223069_PM_1.jpg,none,,,,,
223116_PM,223116,Earring SPIRIT Pastel Multicolor,_PM,Pastel Multicolor,Jewellery,Earrings,Stud,Stone; Thermoplastic Polyurethane; Zinc,Matte Golden,,5.99,/242/52/223116_PM_1,223116_PM_1.jpg,none,,,,,
223122_GD,223122,Earring SPIRIT Gold,_GD,Gold,Jewellery,Earrings,Hoop Earrings,Steel; Zinc,Matte Golden,,7.99,/242/52/223122_GD_1,223122_GD_1.jpg,none,,,,,
223207_LM,223207,Earring MARBLEMANIA Lime,_LM,Lime,Jewellery,Earrings,Hoop Earrings,Steel; Thermoplastic Polyurethane,Other,,5.99,/242/52/223207_LM_1,223207_LM_1.jpg,none,,,,,
223207_OR,223207,Earring MARBLEMANIA Orange,_OR,Orange,Jewellery,Earrings,Hoop Earrings,Steel; Thermoplastic Polyurethane,Other,,5.99,/242/52/223207_OR_1,223207_OR_1.jpg,none,,,,,
223208_BM,223208,Earring MARBLEMANIA Bright Multicolor,_BM,Bright Multicolor,Jewellery,Earrings,Stud,Polyester; Resin; Zinc,Other,,7.99,/242/52/223208_BM_1,223208_BM_1.jpg,none,,,,,
223215_HM,223215,Pin FASHION SUPPLEMENTS Halftone Multicolor,_HM,Halftone Multicolor,Jewellery,Pins,Lady Pin,Enamel; Iron; Zinc,Golden,,5.99,/242/52/223215_HM_1,223215_HM_1.jpg,none,,,,,
223228_BM,223228,Set of Earrings MARBLEMANIA Bright Multicolor,_BM,Bright Multicolor,Jewellery,Earrings,Hoop Earrings,Acrylic; Enamel; Cork,Other,,8.99,/242/52/223228_BM_1,223228_BM_1.jpg,none,,,,,
223244_HM,223244,Earring MARBLEMANIA Halftone Multicolor,_HM,Halftone Multicolor,Jewellery,Earrings,Hoop Earrings,Cork; Iron; Acrylic,Other,,5.99,/242/52/223244_HM_1,223244_HM_1.jpg,none,,,,,
223256_GD,223256,Bracelet TREND Gold,_GD,Gold,Jewellery,Bracelets,Bangle,Cork; Brass,Golden,,12.99,/242/52/223256_GD_1,223256_GD_1.jpg,none,,,,,
223261_HM,223261,Necklace MARBLEMANIA Halftone Multicolor,_HM,Halftone Multicolor,Jewellery,Necklaces,Beaded Necklace,Cork; Resin; Zinc; Acrylic; Iron,Golden,,12.99,/242/52/223261_HM_1,223261_HM_1.jpg,none,,,,,
223267_GD,223267,Earring TREND Gold,_GD,Gold,Jewellery,Earrings,Stud,Metal Fitting,Golden,,12.99,/242/52/223267_GD_1,223267_GD_1.jpg,none,,,,,
223274_HM,223274,Earring TREND Halftone Multicolor,_HM,Halftone Multicolor,Jewellery,Earrings,Dangle,Thermoplastic Polyurethane,,,9.99,/242/52/223274_HM_2y,223274_HM_2y.jpg,none,,,,,
223286_BM,223286,Ring MARBLEMANIA Bright Multicolor,_BM,Bright Multicolor,Jewellery,Rings,Band Ring,Iron; Thermoplastic Polyurethane,Other,,7.99,/242/52/223286_BM_1,223286_BM_1.jpg,none,,,,,
223293_BM,223293,Earring MARBLEMANIA Bright Multicolor,_BM,Bright Multicolor,Jewellery,Earrings,Dangle,Steel; Thermoplastic Polyurethane,Other,,7.99,/242/52/223293_BM_1,223293_BM_1.jpg,none,,,,,
223316_BG,223316,Earring TREND Beige,_BG,Beige,Jewellery,Earrings,Hoop Earrings,Iron; Raffia; Shell; Zinc,Worn Gold,,7.99,/242/52/223316_BG_1,223316_BG_1.jpg,none,,,,,
223322_GD,223322,Earring TREND Gold,_GD,Gold,Jewellery,Earrings,Dangle,Steel,Worn Gold,,12.99,/242/52/223322_GD_1,223322_GD_1.jpg,none,,,,,
223326_BM,223326,Ring MARBLEMANIA Bright Multicolor,_BM,Bright Multicolor,Jewellery,Rings,Band Ring,Resin,Other,,7.99,/242/52/223326_BM_1,223326_BM_1.jpg,none,,,,,
223353_GD,223353,Necklace TREND Gold,_GD,Gold,Jewellery,Necklaces,Pendant,Cork; Brass; Iron,Brushed Golden,,19.99,/242/52/223353_GD_1,223353_GD_1.jpg,none,,,,,
223359_GD,223359,Earring TREND Gold,_GD,Gold,Jewellery,Earrings,Dangle,Cork; Iron,Golden,,12.99,/242/52/223359_GD_1,223359_GD_1.jpg,none,,,,,
223370_BM,223370,Earring TREND Bright Multicolor,_BM,Bright Multicolor,Jewellery,Earrings,Dangle,Steel; Cotton; Brass; Thermoplastic Polyurethane; Cork,Worn Gold,,15.99,/242/52/223370_BM_1,223370_BM_1.jpg,none,,,,,
223408_BM,223408,Necklace MARBLEMANIA Bright Multicolor,_BM,Bright Multicolor,Jewellery,Necklaces,Beaded Necklace,Acrylic; Resin,Other,,12.99,/242/52/223408_BM_1,223408_BM_1.jpg,none,,,,,
223420_WT,223420,Earring TREND White,_WT,White,Jewellery,Earrings,Dangle,Cork; Raffia; Cotton; Iron,,,9.99,/242/52/223420_WT_2y,223420_WT_2y.jpg,none,,,,,
2234771DN,223477,Necklace TREND Dark Green,1DN,Dark Green,Jewellery,Necklaces,Pendant,Iron; Cotton; Resin,Other,,15.99,/242/52/2234771DN_1,2234771DN_1.jpg,none,,,,,
223477_DN,223477,Necklace TREND Dark Green,_DN,Dark Green,Jewellery,Necklaces,Pendant,Resin; Cotton,Other,,15.99,/242/52/223477_DN_1,223477_DN_1.jpg,none,,,,,
223477_OR,223477,Necklace TREND Orange,_OR,Orange,Jewellery,Necklaces,Pendant,Cotton; Iron; Resin,Other,,15.99,/242/52/223477_OR_1,223477_OR_1.jpg,none,,,,,
223575_GD,223575,Earring EXCLUSIVE Gold,_GD,Gold,Jewellery,Earrings,Stud,Cork; Thermoplastic Polyurethane,Golden,,5.99,/241/52/223575_GD_1,223575_GD_1.jpg,none,,,,,
223575_SV,223575,Earring EXCLUSIVE Silver,_SV,Silver,Jewellery,Earrings,Stud,Thermoplastic Polyurethane; Cork,Golden,,5.99,/241/52/223575_SV_1,223575_SV_1.jpg,none,,,,,
2236401PU,223640,Fan FASHION SUPPLEMENTS Purple,1PU,Purple,Jewellery,Other Jewellery,Fan,Cork; Nylon; Bamboo; Iron,Other,,12.99,/242/52/2236401PU_1,2236401PU_1.jpg,none,,,,,
223688_BN,223688,Earring MUSTANG Brown,_BN,Brown,Jewellery,Earrings,Hoop Earrings,Cork; Zinc; Acrylic; Resin,Antik Golden,,7.99,/242/52/223688_BN_1,223688_BN_1.jpg,none,,,,,
223694_GD,223694,Set of Bracelets MUSTANG Gold,_GD,Gold,Jewellery,Bracelets,Elastic Bracelet,Cork; Acrylic; Iron,Antik Golden,,8.99,/242/52/223694_GD_1,223694_GD_1.jpg,none,,,,,
223703_LB,223703,Earring MUSTANG Light Blue,_LB,Light Blue,Jewellery,Earrings,Hoop Earrings,Cork; Brass; Thermoplastic Polyurethane,Antik Golden,,5.99,/242/52/223703_LB_1,223703_LB_1.jpg,none,,,,,
223707_BR,223707,Necklace MUSTANG Brick Red,_BR,Brick Red,Jewellery,Necklaces,Beaded Necklace,Cork; Stone; Zinc; Thermoplastic Polyurethane,Antik Golden,,12.99,/242/52/223707_BR_1,223707_BR_1.jpg,none,,,,,
223725_GN,223725,Key Chain FASHION SUPPLEMENTS Green,_GN,Green,Jewellery,Key chains,Figures,Cork; Cork; Clay; Crystal Glass; Zinc,Golden,,9.99,/242/52/223725_GN_1,223725_GN_1.jpg,none,,,,,
223736_SV,223736,Earring silver basics EXTRA Silver,_SV,Silver,Jewellery,Earrings,Stud,Cork; Zinc,Rodhium,,7.99,/242/52/223736_SV_1,223736_SV_1.jpg,none,,,,,
223743_SV,223743,Earring silver basics EXTRA Silver,_SV,Silver,Jewellery,Earrings,Hoop Earrings,Cork; Zinc,Rodhium,,5.99,/242/52/223743_SV_1,223743_SV_1.jpg,none,,,,,
223749_HM,223749,Necklace MUSTANG Halftone Multicolor,_HM,Halftone Multicolor,Jewellery,Necklaces,Beaded Necklace,Cork; Brass; Acrylic; Zinc; Shell,,,10.99,/242/52/223749_HM_1,223749_HM_1.jpg,none,,,,,
223753_HM,223753,Ring MUSTANG Halftone Multicolor,_HM,Halftone Multicolor,Jewellery,Rings,Stone/Gem,Cork; Zinc; Enamel,Antik Golden,,7.99,/242/52/223753_HM_1,223753_HM_1.jpg,none,,,,,
223757_HM,223757,Earring MUSTANG Halftone Multicolor,_HM,Halftone Multicolor,Jewellery,Earrings,Hoop Earrings,Cork; Zinc; Resin,Antik Golden,,7.99,/242/52/223757_HM_1,223757_HM_1.jpg,none,,,,,
223772_HM,223772,Earring MUSTANG Halftone Multicolor,_HM,Halftone Multicolor,Jewellery,Earrings,Hoop Earrings,Cork; Resin; Zinc,Antik Golden,,8.99,/242/52/223772_HM_1,223772_HM_1.jpg,none,,,,,
223777_HM,223777,Necklace MUSTANG Halftone Multicolor,_HM,Halftone Multicolor,Jewellery,Necklaces,Pendant,Cork; Resin; Zinc; Iron,,,10.99,/242/52/223777_HM_1,223777_HM_1.jpg,none,,,,,
223784_BG,223784,Earring MUSTANG Beige,_BG,Beige,Jewellery,Earrings,Drop,Cork; Zinc; Thermoplastic Polyurethane,Antik Golden,,7.99,/242/52/223784_BG_1,223784_BG_1.jpg,none,,,,,
223789_SV,223789,Earring silver basics EXTRA Silver,_SV,Silver,Jewellery,Earrings,Hoop Earrings,Cork; Resin; Zinc,Rodhium,,5.99,/242/52/223789_SV_1,223789_SV_1.jpg,none,,,,,
223794_SV,223794,Ring silver basics EXTRA Silver,_SV,Silver,Jewellery,Rings,Band Ring,Zinc,Rodhium,,5.99,/242/52/223794_SV_1,223794_SV_1.jpg,none,,,,,
223802_BR,223802,Earring MUSTANG Brick Red,_BR,Brick Red,Jewellery,Earrings,Hoop Earrings,Cork; Resin; Zinc,Antik Golden,,5.99,/242/52/223802_BR_1,223802_BR_1.jpg,none,,,,,
223808_HM,223808,Earring MUSTANG Halftone Multicolor,_HM,Halftone Multicolor,Jewellery,Earrings,Dangle,Cork; Resin; Zinc,Antik Golden,,7.99,/242/52/223808_HM_1,223808_HM_1.jpg,none,,,,,
223813_BK,223813,Necklace silver basics EXTRA Black,_BK,Black,Jewellery,Necklaces,Pendant,Cork; Zinc; Polyamide; Thermoplastic Polyurethane,Rodhium,,12.99,/242/52/223813_BK_1,223813_BK_1.jpg,none,,,,,
223818_SV,223818,Ring silver basics EXTRA Silver,_SV,Silver,Jewellery,Rings,Band Ring,Zinc,Rodhium,,5.99,/242/52/223818_SV_1,223818_SV_1.jpg,none,,,,,
223823_SV,223823,Ring silver basics EXTRA Silver,_SV,Silver,Jewellery,Rings,Band Ring,Cork; Zinc,Rodhium,,5.99,/242/52/223823_SV_1,223823_SV_1.jpg,none,,,,,
223828_SV,223828,Earring silver basics EXTRA Silver,_SV,Silver,Jewellery,Earrings,Stud,Zinc,Rodhium,,5.99,/242/52/223828_SV_1,223828_SV_1.jpg,none,,,,,
223835_SV,223835,Earring SILVER BASICS Silver,_SV,Silver,Jewellery,Earrings,Hoop Earrings,Cork; Thermoplastic Polyurethane,Rodhium,,5.99,/242/52/223835_SV_1,223835_SV_1.jpg,none,,,,,
223840_RD,223840,Earring SILVER BASICS Red,_RD,Red,Jewellery,Earrings,Hoop Earrings,Cork; Thermoplastic Polyurethane,Rodhium,,7.99,/242/52/223840_RD_1,223840_RD_1.jpg,none,,,,,
223845_SV,223845,Earring SILVER BASICS Silver,_SV,Silver,Jewellery,Earrings,Ear Jacket,Cork; Zinc,Rodhium,,5.99,/242/52/223845_SV_1,223845_SV_1.jpg,none,,,,,
223851_RD,223851,Set of Bracelets SILVER BASICS Red,_RD,Red,Jewellery,Bracelets,Elastic Bracelet,Cork; Thermoplastic Polyurethane; Zinc; Glass; Acrylic; Elastane,Rodhium,,7.99,/242/52/223851_RD_1,223851_RD_1.jpg,none,,,,,
223856_RD,223856,Ring SILVER BASICS Red,_RD,Red,Jewellery,Rings,Band Ring,Cork; Zinc; Enamel,Rodhium,,5.99,/242/52/223856_RD_1,223856_RD_1.jpg,none,,,,,
223861_SV,223861,Necklace SILVER BASICS Silver,_SV,Silver,Jewellery,Necklaces,Other Necklaces,Cork; Brass; Iron,Rodhium,,12.99,/242/52/223861_SV_1,223861_SV_1.jpg,none,,,,,
223866_RD,223866,Necklace SILVER BASICS Red,_RD,Red,Jewellery,Necklaces,Beaded Necklace,Cork; Zinc; Thermoplastic Polyurethane,Rodhium,,12.99,/242/52/223866_RD_1,223866_RD_1.jpg,none,,,,,
223880_SV,223880,Earring SILVER BASICS Silver,_SV,Silver,Jewellery,Earrings,Hoop Earrings,Zinc,Rodhium,,7.99,/242/52/223880_SV_1,223880_SV_1.jpg,none,,,,,
223890_SV,223890,Bracelet SILVER BASICS Silver,_SV,Silver,Jewellery,Bracelets,Elastic Bracelet,Zinc,Rodhium,,8.99,/242/52/223890_SV_1,223890_SV_1.jpg,none,,,,,
223899_RD,223899,Bracelet SILVER BASICS Red,_RD,Red,Jewellery,Bracelets,Non-Adjustable Bracelet,Acrylic; Zinc; Polyamide,Rodhium,,7.99,/242/52/223899_RD_1,223899_RD_1.jpg,none,,,,,
223904_RD,223904,Ring SILVER BASICS Red,_RD,Red,Jewellery,Rings,Band Ring,Zinc; Enamel,Rodhium,,5.99,/242/52/223904_RD_1,223904_RD_1.jpg,none,,,,,
223909_RD,223909,Necklace SILVER BASICS Red,_RD,Red,Jewellery,Necklaces,Pendant,Brass; Suede; Thermoplastic Polyurethane,,,10.99,/242/52/223909_RD_1,223909_RD_1.jpg,none,,,,,
223914_SV,223914,Earring SILVER BASICS Silver,_SV,Silver,Jewellery,Earrings,Hoop Earrings,Stainless Steel; Thermoplastic Polyurethane,Rodhium,,5.99,/242/52/223914_SV_1,223914_SV_1.jpg,none,,,,,
223952_SV,223952,Earring SILVER D Silver,_SV,Silver,Jewellery,Earrings,Drop,Glass; Iron; Zinc,Rodhium,,8.99,/242/52/223952_SV_1,223952_SV_1.jpg,none,,,,,
223972_WT,223972,Earring Golden Basics White,_WT,White,Jewellery,Earrings,Clip Earrings,Zinc; Brass; Shell,,,9.99,/242/52/223972_WT_1,223972_WT_1.jpg,none,,,,,
2241591GD,224159,Earring TREND Gold,1GD,Gold,Jewellery,Earrings,Stud,Iron,Worn Gold,,7.99,/242/52/2241591GD_1,2241591GD_1.jpg,none,,,,,
224159_GD,224159,Earring TREND Gold,_GD,Gold,Jewellery,Earrings,Stud,Cork; Iron,Worn Gold,,7.99,/242/52/224159_GD_1,224159_GD_1.jpg,none,,,,,
224163_GD,224163,Earring TREND Gold,_GD,Gold,Jewellery,Earrings,Dangle,Cork; Zinc,,,9.99,/242/52/224163_GD_1,224163_GD_1.jpg,none,,,,,
224270_HM,224270,Earring MONETT Halftone Multicolor,_HM,Halftone Multicolor,Jewellery,Earrings,Hoop Earrings,Resin; Zinc,Golden,,7.99,/242/52/224270_HM_1,224270_HM_1.jpg,none,,,,,
224300_HM,224300,Necklace MONETT Halftone Multicolor,_HM,Halftone Multicolor,Jewellery,Necklaces,Beaded Necklace,Cork; Glass; Acrylic; Thermoplastic Polyurethane; Stone; Iron,Golden,,10.99,/242/52/224300_HM_1,224300_HM_1.jpg,none,,,,,
224304_GN,224304,Ring MONETT Green,_GN,Green,Jewellery,Rings,Cocktail,Enamel; Zinc,Golden,,4.99,/242/52/224304_GN_1,224304_GN_1.jpg,none,,,,,
224315_GN,224315,Bracelet MONETT Green,_GN,Green,Jewellery,Bracelets,Cuff,Resin; Iron; Thermoplastic Polyurethane; Brass,Golden,,8.99,/242/52/224315_GN_1,224315_GN_1.jpg,none,,,,,
224335_HM,224335,Necklace MONETT Halftone Multicolor,_HM,Halftone Multicolor,Jewellery,Necklaces,Pendant,Cotton; Zinc; Resin; Brass; Thermoplastic Polyurethane,Golden,,12.99,/242/52/224335_HM_1,224335_HM_1.jpg,none,,,,,
224340_HM,224340,Set of Bracelets MONETT Halftone Multicolor,_HM,Halftone Multicolor,Jewellery,Bracelets,Elastic Bracelet,Stone; Zinc; Resin,Golden,,7.99,/242/52/224340_HM_1,224340_HM_1.jpg,none,,,,,
224381_GN,224381,Earring MONETT Green,_GN,Green,Jewellery,Earrings,Stud,Resin; Zinc,Brushed Golden,,5.99,/242/52/224381_GN_1,224381_GN_1.jpg,none,,,,,
224388_HM,224388,Earring MONETT Halftone Multicolor,_HM,Halftone Multicolor,Jewellery,Earrings,Hoop Earrings,Iron; Acrylic,Brushed Golden,,7.99,/242/52/224388_HM_1,224388_HM_1.jpg,none,,,,,
224395_BU,224395,Ring MONETT Burgundy,_BU,Burgundy,Jewellery,Rings,Band Ring,Resin; Zinc,Golden,,5.99,/242/52/224395_BU_1,224395_BU_1.jpg,none,,,,,
224400_HM,224400,Bracelet MONETT Halftone Multicolor,_HM,Halftone Multicolor,Jewellery,Bracelets,Elastic Bracelet,Acrylic; Zinc; Stone; Cork,Golden,,7.99,/242/52/224400_HM_1,224400_HM_1.jpg,none,,,,,
224412_HM,224412,Earring MONETT Halftone Multicolor,_HM,Halftone Multicolor,Jewellery,Earrings,Dangle,Thermoplastic Polyurethane,Golden,,7.99,/242/52/224412_HM_1,224412_HM_1.jpg,none,,,,,
224518_GD,224518,Ring GLDN DEL Gold,_GD,Gold,Jewellery,Rings,Cocktail,Zirconium; Glass; Brass,Golden,,5.99,/242/52/224518_GD_1,224518_GD_1.jpg,none,,,,,
224528_PM,224528,Bracelet EXCLUSIVE Pastel Multicolor,_PM,Pastel Multicolor,Jewellery,Bracelets,Bangle,Resin,Other,,12.99,/242/52/224528_PM_1,224528_PM_1.jpg,none,,,,,
224566_GD,224566,Earring Milagro Gold,_GD,Gold,Jewellery,Earrings,Stud,Copper; Glass,Golden,,5.99,/242/52/224566_GD_1,224566_GD_1.jpg,none,,,,,
224582_BK,224582,Necklace Milagro Black,_BK,Black,Jewellery,Necklaces,Pendant,Zinc; Polyurethane,Golden,,12.99,/242/52/224582_BK_1,224582_BK_1.jpg,none,,,,,
224585_BK,224585,Earring Milagro Black,_BK,Black,Jewellery,Earrings,Hoop Earrings,Cork; Thermoplastic Polyurethane; Enamel,Golden,,5.99,/242/52/224585_BK_1,224585_BK_1.jpg,none,,,,,
224585_DN,224585,Earring GALÁPAGOS Dark Green,_DN,Dark Green,Jewellery,Earrings,Hoop Earrings,Enamel; Thermoplastic Polyurethane,Golden,,5.99,/242/52/224585_DN_1,224585_DN_1.jpg,none,,,,,
224587_GD,224587,Earring Milagro Gold,_GD,Gold,Jewellery,Earrings,Stud,Cork; Zinc,Golden,,4.99,/242/52/224587_GD_1,224587_GD_1.jpg,none,,,,,
224593_BK,224593,Necklace Milagro Black,_BK,Black,Jewellery,Necklaces,Pendant,Cork; Agate; Zinc; Iron; Brass; Stone,Golden,,15.99,/242/52/224593_BK_1,224593_BK_1.jpg,none,,,,,
224598_BK,224598,Set of Bracelets Milagro Black,_BK,Black,Jewellery,Bracelets,Elastic Bracelet,Cork; Acrylic; Thermoplastic Polyurethane,Golden,,8.99,/242/52/224598_BK_1,224598_BK_1.jpg,none,,,,,
224604_BK,224604,Set of Earrings Milagro Black,_BK,Black,Jewellery,Earrings,Hoop Earrings,Cork; Glass; Zinc; Enamel,Golden,,8.99,/242/52/224604_BK_1,224604_BK_1.jpg,none,,,,,
224608_BK,224608,Earring Milagro Black,_BK,Black,Jewellery,Earrings,Hoop Earrings,Enamel; Iron,Golden,,7.99,/242/52/224608_BK_1,224608_BK_1.jpg,none,,,,,
224615_BK,224615,Ring Milagro Black,_BK,Black,Jewellery,Rings,Fantasy,Thermoplastic Polyurethane; Zinc,Golden,,5.99,/242/52/224615_BK_1,224615_BK_1.jpg,none,,,,,
224623_BK,224623,Bracelet Milagro Black,_BK,Black,Jewellery,Bracelets,Non-Adjustable Bracelet,Polyester; Polyurethane; Magnet; Zinc,Golden,,7.99,/242/52/224623_BK_1,224623_BK_1.jpg,none,,,,,
224627_BK,224627,Necklace Milagro Black,_BK,Black,Jewellery,Necklaces,Beaded Necklace,Cork; Glass; Iron; Zinc; Brass,,,12.99,/242/52/224627_BK_1,224627_BK_1.jpg,none,,,,,
224632_BK,224632,Earring Milagro Black,_BK,Black,Jewellery,Earrings,Clip Earrings,Zinc; Cork; Enamel,Golden,,7.99,/242/52/224632_BK_1,224632_BK_1.jpg,none,,,,,
224638_BK,224638,Earring Milagro Black,_BK,Black,Jewellery,Earrings,Stud,Zinc; Resin,Golden,,5.99,/242/52/224638_BK_1,224638_BK_1.jpg,none,,,,,
224642_GD,224642,Earring Golden Basics Gold,_GD,Gold,Jewellery,Earrings,Hoop Earrings,Thermoplastic Polyurethane,Golden,,5.99,/242/52/224642_GD_1,224642_GD_1.jpg,none,,,,,
224655_GD,224655,Set of Rings Golden Basics Gold,_GD,Gold,Jewellery,Rings,Band Ring,Zinc,Golden,,7.99,/242/52/224655_GD_1,224655_GD_1.jpg,none,,,,,
224660_GD,224660,Set of Rings Golden Basics Gold,_GD,Gold,Jewellery,Rings,Band Ring,Zinc,Golden,,7.99,/242/52/224660_GD_1,224660_GD_1.jpg,none,,,,,
224666_GD,224666,Earring Golden Basics Gold,_GD,Gold,Jewellery,Earrings,Dangle,Cork; Iron,Golden,,5.99,/242/52/224666_GD_1,224666_GD_1.jpg,none,,,,,
224672_GD,224672,Necklace Golden Basics Gold,_GD,Gold,Jewellery,Necklaces,Beaded Necklace,Cork; Iron; Brass; Zinc,,,10.99,/242/52/224672_GD_1,224672_GD_1.jpg,none,,,,,
224677_GD,224677,Necklace Golden Basics Gold,_GD,Gold,Jewellery,Necklaces,Pendant,Iron,Golden,,12.99,/242/52/224677_GD_1,224677_GD_1.jpg,none,,,,,
224682_GD,224682,Bracelet Golden Basics Gold,_GD,Gold,Jewellery,Bracelets,Elastic Bracelet,Thermoplastic Polyurethane; Zinc,Golden,,8.99,/242/52/224682_GD_1,224682_GD_1.jpg,none,,,,,
224688_GD,224688,Earring Golden Basics Gold,_GD,Gold,Jewellery,Earrings,Hoop Earrings,Zinc,Golden,,5.99,/242/52/224688_GD_1,224688_GD_1.jpg,none,,,,,
224726_HM,224726,Necklace NOMADA Halftone Multicolor,_HM,Halftone Multicolor,Jewellery,Necklaces,Pendant,Cork; Zinc; Thermoplastic Polyurethane; Acrylic; Iron; Steel,Multifinishing,,12.99,/242/52/224726_HM_1,224726_HM_1.jpg,none,,,,,
224731_HM,224731,Earring NOMADA Halftone Multicolor,_HM,Halftone Multicolor,Jewellery,Earrings,Hoop Earrings,Cork; Iron; Stone; Acrylic,Golden,,7.99,/242/52/224731_HM_1,224731_HM_1.jpg,none,,,,,
224738_HM,224738,Bracelet NOMADA Halftone Multicolor,_HM,Halftone Multicolor,Jewellery,Bracelets,Elastic Bracelet,Acrylic; Thermoplastic Polyurethane; Elastane; Zinc; Stone,Golden,,7.99,/242/52/224738_HM_1,224738_HM_1.jpg,none,,,,,
224752_TB,224752,Earring NOMADA Pastel Blue,_TB,Pastel Blue,Jewellery,Earrings,Hoop Earrings,Acrylic,Golden,,5.99,/242/52/224752_TB_2y,224752_TB_2y.jpg,none,,,,,
224758_HM,224758,Earring NOMADA Halftone Multicolor,_HM,Halftone Multicolor,Jewellery,Earrings,Hoop Earrings,Cork; Stone; Resin; Zinc; Polyester; Iron,Golden,,7.99,/242/52/224758_HM_1,224758_HM_1.jpg,none,,,,,
224772_TL,224772,Earring NOMADA Teal,_TL,Teal,Jewellery,Earrings,Dangle,Cork; Stone; Iron,Multifinishing,,5.99,/242/52/224772_TL_1,224772_TL_1.jpg,none,,,,,
224788_HM,224788,Earring NOMADA Halftone Multicolor,_HM,Halftone Multicolor,Jewellery,Earrings,Dangle,Acrylic; Thermoplastic Polyurethane; Iron; Resin; Brass,Golden,,7.99,/242/52/224788_HM_1,224788_HM_1.jpg,none,,,,,
224801_TB,224801,Earring NOMADA Pastel Blue,_TB,Pastel Blue,Jewellery,Earrings,Drop,Cork; Zinc; Stone,Golden,,4.99,/242/52/224801_TB_1,224801_TB_1.jpg,none,,,,,
224807_HM,224807,Necklace NOMADA Halftone Multicolor,_HM,Halftone Multicolor,Jewellery,Necklaces,Beaded Necklace,Stone; Zinc; Acrylic; Cork,Golden,,12.99,/242/52/224807_HM_1,224807_HM_1.jpg,none,,,,,
224812_MM,224812,Bracelet NOMADA Metallic Multicolor,_MM,Metallic Multicolor,Jewellery,Bracelets,Non-Adjustable Bracelet,Iron; Zinc; Cork,,,9.99,/242/52/224812_MM_1,224812_MM_1.jpg,none,,,,,
224819_HM,224819,Ring NOMADA Halftone Multicolor,_HM,Halftone Multicolor,Jewellery,Rings,Band Ring,Cork; Zinc; Stone,Silver,,5.99,/242/52/224819_HM_1,224819_HM_1.jpg,none,,,,,
224927_GD,224927,Ring BULKY GOLD PLATED Gold,_GD,Gold,Jewellery,Rings,Band Ring,Brass,Gold Plated,,25.99,/242/52/224927_GD_1,224927_GD_1.jpg,none,,,,,
224931_GD,224931,Necklace BULKY GOLD PLATED Gold,_GD,Gold,Jewellery,Necklaces,Pendant,Brass,Gold Plated,,49.99,/242/52/224931_GD_1,224931_GD_1.jpg,none,,,,,
224983_BL,224983,Earring ATMOSPHERE Blue,_BL,Blue,Jewellery,Earrings,Stud,Thermoplastic Polyurethane,Rodhium,,5.99,/242/52/224983_BL_1,224983_BL_1.jpg,none,,,,,
224988_BL,224988,Bracelet ATMOSPHERE Blue,_BL,Blue,Jewellery,Bracelets,Elastic Bracelet,Thermoplastic Polyurethane,Rodhium,,6.99,/242/52/224988_BL_1,224988_BL_1.jpg,none,,,,,
224993_BL,224993,Necklace ATMOSPHERE Blue,_BL,Blue,Jewellery,Necklaces,Pendant,Thermoplastic Polyurethane; Cork; Cotton; Iron; Acrylic; Stone,Rodhium,,12.99,/242/52/224993_BL_1,224993_BL_1.jpg,none,,,,,
225013_GD,225013,Ring GOLD PLATED COLLECTION Gold,_GD,Gold,Jewellery,Rings,Stone/Gem,Stone; Brass,Gold Plated,,19.99,/242/52/225013_GD_1,225013_GD_1.jpg,none,,,,,
225020_GD,225020,Jewellery GOLD PLATED COLLECTION Gold,_GD,Gold,Jewellery,Charms,Symbol,Stone; Brass,Gold Plated,,15.99,/242/52/225020_GD_1,225020_GD_1.jpg,none,,,,,
225026_GD,225026,Jewellery GOLD PLATED COLLECTION Gold,_GD,Gold,Jewellery,Charms,Symbol,Stone; Brass,Gold Plated,,15.99,/242/52/225026_GD_1,225026_GD_1.jpg,none,,,,,
225031_GD,225031,Jewellery GOLD PLATED COLLECTION Gold,_GD,Gold,Jewellery,Charms,Symbol,Stone; Brass,Gold Plated,,27.99,/242/52/225031_GD_1,225031_GD_1.jpg,none,,,,,
225036_BL,225036,Earring ATMOSPHERE Blue,_BL,Blue,Jewellery,Earrings,Dangle,Steel; Thermoplastic Polyurethane,Rodhium,,7.99,/242/52/225036_BL_1,225036_BL_1.jpg,none,,,,,
225044_BL,225044,Earring ATMOSPHERE Blue,_BL,Blue,Jewellery,Earrings,Hoop Earrings,Enamel; Zinc,,,5.99,/242/52/225044_BL_1,225044_BL_1.jpg,none,,,,,
205688_EC,205688,Wallet BASIC CINDY Ecru,_EC,Ecru,Wallet,Wallet,Plain PU,Polyester; Polyurethane; Polyurethane,,,12.99,/231/62/205688_EC_1,205688_EC_1.jpg,none,,,,,
206044_EC,206044,Multipurpose Purse BRENDA Ecru,_EC,Ecru,Wallet,Multipurpose Purse,Knit,Cotton; Cotton,,,19.99,/232/62/206044_EC_1,206044_EC_1.jpg,none,,,,,
207405_BG,207405,Card Holder BASIC LOLITA Beige,_BG,Beige,Wallet,Card Holder,Plain PU,Polyester; Polyurethane,,,7.99,/232/62/207405_BG_1,207405_BG_1.jpg,none,,,,,
207920_BL,207920,Coin Purse CHER Blue,_BL,Blue,Wallet,Coin Purse,Beads,Cotton; Fiberglass,,,15.99,/232/62/207920_BL_1,207920_BL_1.jpg,none,,,,,
208016_EC,208016,Coin Purse SAMANTHA Ecru,_EC,Ecru,Wallet,Coin Purse,Printed PU,Polyester; Polyurethane,,,5.99,/232/62/208016_EC_1,208016_EC_1.jpg,none,,,,,
208053_OR,208053,Wallet BRENDA Orange,_OR,Orange,Wallet,Wallet,Plain PU,Polyester; Polyurethane; Polyurethane,,,17.99,/232/62/208053_OR_1,208053_OR_1.jpg,none,,,,,
208072_PK,208072,Card Holder SAMANTHA Pink,_PK,Pink,Wallet,Card Holder,Plain PU,Polyester; Polyurethane; Polyurethane,,,9.99,/232/62/208072_PK_1,208072_PK_1.jpg,none,,,,,
208079_BG,208079,Wallet BASIC LAURINDA Beige,_BG,Beige,Wallet,Wallet,Plain PU,Polyester; Polyurethane; Polyurethane,,,10.99,/232/62/208079_BG_1,208079_BG_1.jpg,none,,,,,
208079_PK,208079,Wallet BASIC LAURINDA Pink,_PK,Pink,Wallet,Wallet,Plain PU,Polyester; Polyurethane; Polyurethane,,,10.99,/232/62/208079_PK_1,208079_PK_1.jpg,none,,,,,
208714_OR,208714,Coin Purse ROSALIA Orange,_OR,Orange,Wallet,Coin Purse,Plain PU,Polyester; Polyurethane,,,7.99,/232/62/208714_OR_1,208714_OR_1.jpg,none,,,,,
208722_BL,208722,Wallet SOFIA Blue,_BL,Blue,Wallet,Wallet,Plain PU,Polyester; Polyurethane; Polyurethane,,,12.99,/232/62/208722_BL_1,208722_BL_1.jpg,none,,,,,
208722_WT,208722,Wallet SOFIA White,_WT,White,Wallet,Wallet,Plain PU,Polyester; Polyurethane; Polyurethane,,,12.99,/232/62/208722_WT_1,208722_WT_1.jpg,none,,,,,
208725_EC,208725,Wallet BASIC LAURINDA Ecru,_EC,Ecru,Wallet,Wallet,Printed PU,Polyester; Polyurethane; Polyurethane,,,17.99,/232/62/208725_EC_1,208725_EC_1.jpg,none,,,,,
208729_EC,208729,Wallet BASIC LAURINDA Ecru,_EC,Ecru,Wallet,Wallet,Plain PU,Polyester; Polyurethane; Polyurethane,,,12.99,/232/62/208729_EC_1,208729_EC_1.jpg,none,,,,,
208729_GN,208729,Wallet BASIC LAURINDA Green,_GN,Green,Wallet,Wallet,Plain PU,Polyester; Polyurethane; Polyurethane,,,12.99,/232/62/208729_GN_1,208729_GN_1.jpg,none,,,,,
208729_NV,208729,Wallet mirabel Navy,_NV,Navy,Wallet,Wallet,Plain PU,Polyester; Polyurethane; Polyurethane,,,12.99,/232/62/208729_NV_1,208729_NV_1.jpg,none,,,,,
208733_EC,208733,Coin Purse BASIC LAURINDA Ecru,_EC,Ecru,Wallet,Coin Purse,Printed PU,Polyester; Polyurethane,,,5.99,/232/62/208733_EC_1,208733_EC_1.jpg,none,,,,,
209077_BL,209077,Phone Holder GARDEN Blue,_BL,Blue,Wallet,Phone Holder,Printed PU,Polyester; Polyester; Polyurethane; Polyurethane,,,17.99,/232/62/209077_BL_1,209077_BL_1.jpg,none,,,,,
209484_EC,209484,Phone Holder SOLAR Ecru,_EC,Ecru,Wallet,Phone Holder,Knit,Cotton; Cotton; Polyester; Polyester; Polyurethane,,,15.99,/232/62/209484_EC_1,209484_EC_1.jpg,none,,,,,
209568_GN,209568,Phone Holder GLICINIA Green,_GN,Green,Wallet,Phone Holder,Printed PU,Polyester; Polyurethane; Polyurethane; Thermoplastic Polyurethane,,,17.99,/232/62/209568_GN_1,209568_GN_1.jpg,none,,,,,
209756_BK,209756,Wallet CHER Black,_BK,Black,Wallet,Wallet,Plain PU,Polyester; Polyurethane; Polyurethane,,,15.99,/232/62/209756_BK_1,209756_BK_1.jpg,none,,,,,
209756_OR,209756,Wallet CHER Orange,_OR,Orange,Wallet,Wallet,Plain PU,Polyester; Polyurethane; Polyurethane,,,15.99,/232/62/209756_OR_1,209756_OR_1.jpg,none,,,,,
209767_OR,209767,Phone Holder CHER Orange,_OR,Orange,Wallet,Phone Holder,Plain PU,Polyester; Polyester; Polyurethane; Polyurethane,,,15.99,/232/62/209767_OR_1,209767_OR_1.jpg,none,,,,,
209972_BL,209972,Wallet tilda Blue,_BL,Blue,Wallet,Wallet,Plain PU,Polyester; Polyurethane; Polyurethane,,,17.99,/232/62/209972_BL_1,209972_BL_1.jpg,none,,,,,
209979_BL,209979,Card Holder tilda Blue,_BL,Blue,Wallet,Card Holder,Plain PU,Acrylic; Polyester; Polyurethane; Resin,,,12.99,/232/62/209979_BL_1,209979_BL_1.jpg,none,,,,,
209979_PK,209979,Card Holder tilda Pink,_PK,Pink,Wallet,Card Holder,Plain PU,Acrylic; Polyester; Polyurethane; Resin,,,12.99,/232/62/209979_PK_1,209979_PK_1.jpg,none,,,,,
210152_EC,210152,Wallet mirabel Ecru,_EC,Ecru,Wallet,Wallet,Printed PU,Polyester; Polyurethane; Polyurethane,,,17.99,/232/62/210152_EC_1,210152_EC_1.jpg,none,,,,,
210163_EC,210163,Coin Purse mirabel Ecru,_EC,Ecru,Wallet,Coin Purse,Printed PU,Polyester; Polyurethane,,,7.99,/232/62/210163_EC_1,210163_EC_1.jpg,none,,,,,
210179_GN,210179,Multipurpose Purse manolita Green,_GN,Green,Wallet,Multipurpose Purse,Nylon,Polyamide; Polyester; Polyurethane,,,12.99,/232/62/210179_GN_1,210179_GN_1.jpg,none,,,,,
210212_EC,210212,Wallet bjork Ecru,_EC,Ecru,Wallet,Wallet,Plain PU,Polyester; Polyurethane; Polyurethane,,,15.99,/232/62/210212_EC_1,210212_EC_1.jpg,none,,,,,
210212_GN,210212,Wallet bjork Green,_GN,Green,Wallet,Wallet,Plain PU,Polyester; Polyurethane; Polyurethane,,,15.99,/232/62/210212_GN_1,210212_GN_1.jpg,none,,,,,
210214_BL,210214,Wallet bjork Blue,_BL,Blue,Wallet,Wallet,Plain PU,Polyester; Polyurethane; Polyurethane,,,10.99,/232/62/210214_BL_1,210214_BL_1.jpg,none,,,,,
210214_EC,210214,Wallet bjork Ecru,_EC,Ecru,Wallet,Wallet,Plain PU,Polyester; Polyurethane; Polyurethane,,,10.99,/232/62/210214_EC_1,210214_EC_1.jpg,none,,,,,
210214_GN,210214,Wallet bjork Green,_GN,Green,Wallet,Wallet,Plain PU,Polyester; Polyurethane; Polyurethane,,,10.99,/232/62/210214_GN_1,210214_GN_1.jpg,none,,,,,
210217_AQ,210217,Card Holder bjork Aquamarine,_AQ,Aquamarine,Wallet,Card Holder,Plain PU,Polyester; Polyurethane,,,9.99,/232/62/210217_AQ_1,210217_AQ_1.jpg,none,,,,,
210245_EC,210245,Wallet mirabel Ecru,_EC,Ecru,Wallet,Wallet,Plain PU,Polyester; Polyurethane; Polyurethane,,,10.99,/232/62/210245_EC_1,210245_EC_1.jpg,none,,,,,
210245_LN,210245,Wallet mirabel Light Green,_LN,Light Green,Wallet,Wallet,Plain PU,Polyester; Polyurethane; Polyurethane,,,10.99,/232/62/210245_LN_1,210245_LN_1.jpg,none,,,,,
210251_SK,210251,Card Holder mirabel Skin,_SK,Skin,Wallet,Card Holder,Plain PU,Polyester; Polyurethane,,,12.99,/232/62/210251_SK_1,210251_SK_1.jpg,none,,,,,
210404_BK,210404,Phone Holder LAPELE Black,_BK,Black,Wallet,Phone Holder,Leather,Cow Leather; Polyester,,,22.99,/232/62/210404_BK_1,210404_BK_1.jpg,none,,,,,
210404_EC,210404,Phone Holder LAPELE Ecru,_EC,Ecru,Wallet,Phone Holder,Leather,Cow Leather; Polyester,,,22.99,/232/62/210404_EC_1,210404_EC_1.jpg,none,,,,,
210404_KK,210404,Phone Holder LAPELE Khaki,_KK,Khaki,Wallet,Phone Holder,Leather,Cow Leather; Polyester,,,22.99,/232/62/210404_KK_1,210404_KK_1.jpg,none,,,,,
210404_LM,210404,Phone Holder LAPELE Lime,_LM,Lime,Wallet,Phone Holder,Leather,Cow Leather; Polyester,,,22.99,/232/62/210404_LM_1,210404_LM_1.jpg,none,,,,,
210849_BM,210849,Wallet Elle Bright Multicolor,_BM,Bright Multicolor,Wallet,Wallet,Printed PU,Polyester; Polyurethane; Polyurethane,,,15.99,/232/62/210849_BM_1,210849_BM_1.jpg,none,,,,,
210855_GN,210855,Card Holder Elle Green,_GN,Green,Wallet,Card Holder,Plain PU,Polyester; Polyurethane; Polyurethane,,,9.99,/232/62/210855_GN_1,210855_GN_1.jpg,none,,,,,
210861_BM,210861,Multipurpose Purse Elle Bright Multicolor,_BM,Bright Multicolor,Wallet,Multipurpose Purse,Plastic,Polyester; Polyurethane; Thermoplastic Polyurethane,,,17.99,/232/62/210861_BM_1,210861_BM_1.jpg,none,,,,,
210870_HM,210870,Multipurpose Purse lara Halftone Multicolor,_HM,Halftone Multicolor,Wallet,Multipurpose Purse,Printed Nylon,Polyester; Polyester; Polyurethane,,,15.99,/232/62/210870_HM_1,210870_HM_1.jpg,none,,,,,
210965_DM,210965,Phone Holder bjork Dark Multicolor,_DM,Dark Multicolor,Wallet,Phone Holder,Plastic,Polyurethane; Thermoplastic Polyurethane,,,15.99,/232/62/210965_DM_1,210965_DM_1.jpg,none,,,,,
211100_DM,211100,Multipurpose Purse Pam Dark Multicolor,_DM,Dark Multicolor,Wallet,Multipurpose Purse,Printed Nylon,Polyester; Polyester; Polyurethane,,,19.99,/232/62/211100_DM_1,211100_DM_1.jpg,none,,,,,
211102_BK,211102,Wallet Pam Black,_BK,Black,Wallet,Wallet,Plain PU,Polyester; Polyurethane; Polyurethane,,,15.99,/232/62/211102_BK_1,211102_BK_1.jpg,none,,,,,
211102_GN,211102,Wallet Pam Green,_GN,Green,Wallet,Wallet,Plain PU,Polyurethane; Polyurethane; Polyester,,,15.99,/232/62/211102_GN_1,211102_GN_1.jpg,none,,,,,
211189_BM,211189,Phone Holder AUGUSTO 2 Bright Multicolor,_BM,Bright Multicolor,Wallet,Phone Holder,Printed Nylon,Polyester; Polyester; Polyurethane,,,17.99,/232/62/211189_BM_1,211189_BM_1.jpg,none,,,,,
211241_NV,211241,Phone Holder BLOOMING Navy,_NV,Navy,Wallet,Phone Holder,Printed PU,Polyester; Polyester; Polyurethane; Polyurethane; Thermoplastic Polyurethane,,,17.99,/232/62/211241_NV_1,211241_NV_1.jpg,none,,,,,
211299_BK,211299,Wallet POWER Black,_BK,Black,Wallet,Wallet,Padded PU,Polyester; Polyurethane; Polyurethane; Thermoplastic Polyurethane,,,17.99,/232/62/211299_BK_1,211299_BK_1.jpg,none,,,,,
211299_IV,211299,Wallet POWER Ivory,_IV,Ivory,Wallet,Wallet,Padded PU,Polyester; Polyurethane; Polyurethane; Thermoplastic Polyurethane,,,17.99,/232/62/211299_IV_1,211299_IV_1.jpg,none,,,,,
211360_DM,211360,Wallet irene Dark Multicolor,_DM,Dark Multicolor,Wallet,Wallet,Printed PU,Polyester; Polyurethane; Polyurethane,,,12.99,/232/62/211360_DM_1,211360_DM_1.jpg,none,,,,,
2113652BM,211365,Pencil Case irene Bright Multicolor,2BM,Bright Multicolor,Wallet,Pencil Case,Printed Nylon,Polyester; Polyester,,,12.99,/232/62/2113652BM_1,2113652BM_1.jpg,none,,,,,
211369_DM,211369,Coin Purse irene Dark Multicolor,_DM,Dark Multicolor,Wallet,Coin Purse,Printed Nylon,Polyester; Polyester,,,12.99,/232/62/211369_DM_1,211369_DM_1.jpg,none,,,,,
211537_KK,211537,Phone Holder lara Khaki,_KK,Khaki,Wallet,Phone Holder,Peach PU,Polyurethane; Polyurethane; Polyester; Polyester,,,15.99,/232/62/211537_KK_1,211537_KK_1.jpg,none,,,,,
211543_BM,211543,Card Holder Basic Portia Bright Multicolor,_BM,Bright Multicolor,Wallet,Card Holder,Printed PU,Polyester; Polyurethane,,,9.99,/232/62/211543_BM_1,211543_BM_1.jpg,none,,,,,
211548_BM,211548,Coin Purse Portia Bright Multicolor,_BM,Bright Multicolor,Wallet,Coin Purse,Printed PU,Polyester; Polyurethane,,,7.99,/232/62/211548_BM_1,211548_BM_1.jpg,none,,,,,
211549_BU,211549,Wallet Basic Portia Burgundy,_BU,Burgundy,Wallet,Wallet,Plain PU,Polyester; Polyurethane; Polyurethane,,,17.99,/232/62/211549_BU_1,211549_BU_1.jpg,none,,,,,
211549_LL,211549,Wallet Basic Portia Lilac,_LL,Lilac,Wallet,Wallet,Plain PU,Polyester; Polyurethane; Polyurethane,,,17.99,/232/62/211549_LL_1,211549_LL_1.jpg,none,,,,,
211557_BL,211557,Coin Purse Basic Portia Blue,_BL,Blue,Wallet,Coin Purse,Plain PU,Polyester; Polyurethane,,,7.99,/232/62/211557_BL_1,211557_BL_1.jpg,none,,,,,
211703_BK,211703,Phone Holder FARM2 Black,_BK,Black,Wallet,Phone Holder,Plain PU,Polyester; Polyurethane; Polyurethane,,,15.99,/232/62/211703_BK_1,211703_BK_1.jpg,none,,,,,
211703_LM,211703,Phone Holder FARM2 Lime,_LM,Lime,Wallet,Phone Holder,Plain PU,Polyester; Polyurethane; Polyurethane,,,15.99,/232/62/211703_LM_1,211703_LM_1.jpg,none,,,,,
211705_DM,211705,Phone Holder FARM2 Dark Multicolor,_DM,Dark Multicolor,Wallet,Phone Holder,Real Fur,Cow Leather; Polyester; Polyurethane; Polyurethane,,,19.99,/232/62/211705_DM_1,211705_DM_1.jpg,none,,,,,
211835_BK,211835,Phone Holder MARIGOLD 2 Black,_BK,Black,Wallet,Phone Holder,Nylon,Polyester; Polyester; Polyurethane,,,15.99,/232/62/211835_BK_1,211835_BK_1.jpg,none,,,,,
211835_BL,211835,Phone Holder MARIGOLD 1 Blue,_BL,Blue,Wallet,Phone Holder,Nylon,Polyester; Polyester; Polyurethane,,,15.99,/232/62/211835_BL_1,211835_BL_1.jpg,none,,,,,
211835_EC,211835,Phone Holder MARIGOLD 1 Ecru,_EC,Ecru,Wallet,Phone Holder,Nylon,Polyester; Polyurethane; Polyester,,,15.99,/232/62/211835_EC_1,211835_EC_1.jpg,none,,,,,
211835_KK,211835,Phone Holder MARIGOLD 2 Khaki,_KK,Khaki,Wallet,Phone Holder,Nylon,Polyester; Polyester; Polyurethane,,,15.99,/232/62/211835_KK_1,211835_KK_1.jpg,none,,,,,
211857_LL,211857,Wallet NINA Lilac,_LL,Lilac,Wallet,Wallet,Patchwork,Iron; Polyester; Polyurethane; Polyurethane; Thermoplastic Polyurethane; Cow Suede Leather,,,17.99,/232/62/211857_LL_1,211857_LL_1.jpg,none,,,,,
212050_BK,212050,Computer Case kimmy Black,_BK,Black,Wallet,Others,Computer Case,Polyester; Polyester,,,19.99,/232/62/212050_BK_1,212050_BK_1.jpg,none,,,,,
212146_BK,212146,Coin Purse irene Black,_BK,Black,Wallet,Coin Purse,Nylon,Polyester; Polyester,,,12.99,/232/62/212146_BK_1,212146_BK_1.jpg,none,,,,,
212239_BK,212239,Phone Holder SUSTAINABLE CAPSULE Black,_BK,Black,Wallet,Phone Holder,Nylon,Polyester; Polyurethane; Recycled Polyamide,,,17.99,/232/62/212239_BK_1,212239_BK_1.jpg,none,,,,,
212239_GY,212239,Phone Holder SUSTAINABLE CAPSULE Grey,_GY,Grey,Wallet,Phone Holder,Nylon,Polyester; Polyurethane; Recycled Polyamide,,,17.99,/232/62/212239_GY_1,212239_GY_1.jpg,none,,,,,
212239_KK,212239,Phone Holder SUSTAINABLE CAPSULE Khaki,_KK,Khaki,Wallet,Phone Holder,Nylon,Polyester; Polyurethane; Recycled Polyamide,,,17.99,/232/62/212239_KK_1,212239_KK_1.jpg,none,,,,,
212651_DM,212651,Wallet TIGER2 Dark Multicolor M,_DM,Dark Multicolor,Wallet,Wallet,Printed Nylon,Polyester; Polyester,,,17.99,/232/62/212651_DM_1,212651_DM_1.jpg,none,,,,,
212741_BK,212741,Wallet OLIVE Black,_BK,Black,Wallet,Wallet,Plain PU,Polyester; Polyester; Polyurethane; Polyurethane; Thermoplastic Polyurethane,,,15.99,/232/62/212741_BK_1,212741_BK_1.jpg,none,,,,,
212794_BL,212794,Wallet SAVANA1 Blue,_BL,Blue,Wallet,Wallet,Real Fur,Cow Leather; Polyester; Polyurethane; Polyurethane,,,17.99,/232/62/212794_BL_1,212794_BL_1.jpg,none,,,,,
212808_PK,212808,Notebook kimmy Pink,_PK,Pink,Wallet,Others,Notebook,Polyester; Polyurethane,,,12.99,/232/62/212808_PK_1,212808_PK_1.jpg,none,,,,,
212819_BK,212819,Phone Holder BILLIE Black,_BK,Black,Wallet,Phone Holder,Printed Nylon,Polyester; Polyester; Polyurethane,,,17.99,/232/62/212819_BK_1,212819_BK_1.jpg,none,,,,,
212819_WT,212819,Phone Holder BILLIE White,_WT,White,Wallet,Phone Holder,Printed Nylon,Polyester; Polyester; Polyurethane,,,17.99,/232/62/212819_WT_1,212819_WT_1.jpg,none,,,,,
213198_BK,213198,Wallet VILLAGE 1 Black,_BK,Black,Wallet,Wallet,Fake Nylon,Polyester; Polyester; Polyurethane; Thermoplastic Polyurethane,,,15.99,/232/62/213198_BK_1,213198_BK_1.jpg,none,,,,,
213210_GY,213210,Wallet VILLAGE 2 Grey,_GY,Grey,Wallet,Wallet,Printed Fake Nylon,Polyester; Polyurethane; Polyurethane,,,12.99,/232/62/213210_GY_1,213210_GY_1.jpg,none,,,,,
213428_KK,213428,Notebook Lara Stationery Khaki,_KK,Khaki,Wallet,Others,Notebook,Paper; Paper,,,9.99,/232/62/213428_KK_1,213428_KK_1.jpg,none,,,,,
213428_LL,213428,Notebook Lara Stationery Lilac,_LL,Lilac,Wallet,Others,Notebook,Paper; Paper,,,9.99,/232/62/213428_LL_1,213428_LL_1.jpg,none,,,,,
213435_OR,213435,Card Holder Basic Mia Orange,_OR,Orange,Wallet,Card Holder,Plain PU,Polyester; Polyurethane,,,7.99,/232/62/213435_OR_1,213435_OR_1.jpg,none,,,,,
213443_BM,213443,Coin Purse Basic Mia Bright Multicolor,_BM,Bright Multicolor,Wallet,Coin Purse,Printed PU,Polyester; Polyurethane,,,7.99,/232/62/213443_BM_1,213443_BM_1.jpg,none,,,,,
213718_LM,213718,Wallet Mia Lime,_LM,Lime,Wallet,Wallet,Plain PU,Polyester; Polyurethane; Polyurethane,,,12.99,/232/62/213718_LM_1,213718_LM_1.jpg,none,,,,,
213722_LM,213722,Card Holder Mia Lime,_LM,Lime,Wallet,Card Holder,Plain PU,Polyester; Polyurethane,,,7.99,/232/62/213722_LM_1,213722_LM_1.jpg,none,,,,,
213729_BG,213729,Phone Holder Anime Beige,_BG,Beige,Wallet,Phone Holder,Nylon,Polyamide; Polyester; Polyurethane,,,17.99,/232/62/213729_BG_1,213729_BG_1.jpg,none,,,,,
213729_BK,213729,Phone Holder Anime Black,_BK,Black,Wallet,Phone Holder,Nylon,Polyamide; Polyester; Polyurethane,,,17.99,/232/62/213729_BK_1,213729_BK_1.jpg,none,,,,,
213730_BK,213730,Multipurpose Purse Anime Black,_BK,Black,Wallet,Multipurpose Purse,Printed Nylon,Polyamide; Polyester,,,15.99,/232/62/213730_BK_1,213730_BK_1.jpg,none,,,,,
213739_BM,213739,Coin Purse PILAR Bright Multicolor,_BM,Bright Multicolor,Wallet,Coin Purse,Fake Fur,Polyamide,,,12.99,/232/62/213739_BM_1,213739_BM_1.jpg,none,,,,,
213739_GN,213739,Coin Purse PILAR Green,_GN,Green,Wallet,Coin Purse,Fake Fur,Polyester; Polyester; Polyurethane,,,12.99,/232/62/213739_GN_1,213739_GN_1.jpg,none,,,,,
213739_PU,213739,Coin Purse PILAR Purple,_PU,Purple,Wallet,Coin Purse,Fake Fur,Polyester; Polyester; Polyurethane,,,12.99,/232/62/213739_PU_1,213739_PU_1.jpg,none,,,,,
213944_BG,213944,Card Holder Anime Beige,_BG,Beige,Wallet,Card Holder,Plain PU,Polyester; Polyurethane; Polyurethane,,,10.99,/232/62/213944_BG_1,213944_BG_1.jpg,none,,,,,
213944_OR,213944,Card Holder Anime Orange,_OR,Orange,Wallet,Card Holder,Plain PU,Polyester; Polyurethane; Polyurethane,,,10.99,/232/62/213944_OR_1,213944_OR_1.jpg,none,,,,,
213980_DN,213980,Phone Holder CAMO3 Dark Green,_DN,Dark Green,Wallet,Phone Holder,Printed PU,Polyester; Polyurethane; Polyurethane,,,17.99,/232/62/213980_DN_1,213980_DN_1.jpg,none,,,,,
214108_BK,214108,Phone Holder PILAR Black,_BK,Black,Wallet,Phone Holder,Plain PU,Polyester; Polyurethane,,,17.99,/232/62/214108_BK_1,214108_BK_1.jpg,none,,,,,
214108_LB,214108,Phone Holder PILAR Light Blue,_LB,Light Blue,Wallet,Phone Holder,Plain PU,Polyester; Polyurethane,,,17.99,/232/62/214108_LB_1,214108_LB_1.jpg,none,,,,,
214208_BK,214208,Multipurpose Purse Avril Black,_BK,Black,Wallet,Multipurpose Purse,Fake Fur,Polyester; Polyester,,,15.99,/232/62/214208_BK_1,214208_BK_1.jpg,none,,,,,
214231_BL,214231,Coin Purse BOOMER3 Blue,_BL,Blue,Wallet,Coin Purse,Fake Fur,Polyester; Polyester; Polyurethane,,,12.99,/232/62/214231_BL_1,214231_BL_1.jpg,none,,,,,
214231_LL,214231,Coin Purse BOOMER3 Lilac,_LL,Lilac,Wallet,Coin Purse,Fake Fur,Polyester; Polyester; Polyurethane,,,12.99,/232/62/214231_LL_1,214231_LL_1.jpg,none,,,,,
214255_KK,214255,Card Holder EARLYBIRD Khaki,_KK,Khaki,Wallet,Card Holder,Printed PU,Polyester; Polyurethane; Polyurethane,Silver,,9.99,/241/62/214255_KK_2y,214255_KK_2y.jpg,none,,,,,
214309_BK,214309,Phone Holder doja Black,_BK,Black,Wallet,Phone Holder,Nylon,Polyamide; Polyester,,,15.99,/241/62/214309_BK_1,214309_BK_1.jpg,none,,,,,
214309_MD,214309,Phone Holder doja Mustard,_MD,Mustard,Wallet,Phone Holder,Nylon,Polyamide; Polyester,,,15.99,/241/62/214309_MD_1,214309_MD_1.jpg,none,,,,,
214311_PK,214311,Multipurpose Purse doja Pink,_PK,Pink,Wallet,Multipurpose Purse,Nylon,Polyamide; Polyester; Polyurethane,,,15.99,/241/62/214311_PK_1,214311_PK_1.jpg,none,,,,,
214356_BM,214356,Phone Holder Basic Mia Bright Multicolor,_BM,Bright Multicolor,Wallet,Phone Holder,Printed PU,Polyester; Polyurethane; Polyurethane,,,17.99,/232/62/214356_BM_1,214356_BM_1.jpg,none,,,,,
214551_DM,214551,Wallet gina Dark Multicolor,_DM,Dark Multicolor,Wallet,Wallet,Real Fur,Cow Leather; Polyester; Polyurethane; Polyurethane,,,17.99,/232/62/214551_DM_1,214551_DM_1.jpg,none,,,,,
214681_BK,214681,Phone Holder VIVIAN Black,_BK,Black,Wallet,Phone Holder,Nylon,Polyester; Polyester; Polyurethane,,,15.99,/241/62/214681_BK_1,214681_BK_1.jpg,none,,,,,
214681_KK,214681,Phone Holder VIVIAN Khaki,_KK,Khaki,Wallet,Phone Holder,Nylon,Polyester; Polyester; Polyurethane,,,15.99,/241/62/214681_KK_1,214681_KK_1.jpg,none,,,,,
214681_LL,214681,Phone Holder VIVIAN Lilac,_LL,Lilac,Wallet,Phone Holder,Nylon,Polyester; Polyester; Polyurethane,,,15.99,/241/62/214681_LL_1,214681_LL_1.jpg,none,,,,,
214786_BL,214786,Coin Purse Basic maude Blue,_BL,Blue,Wallet,Coin Purse,Plain PU,Polyester; Polyurethane,,,7.99,/232/62/214786_BL_2y,214786_BL_2y.jpg,none,,,,,
214833_BM,214833,Coin Purse Basic maude Bright Multicolor,_BM,Bright Multicolor,Wallet,Coin Purse,Printed PU,Polyester; Polyurethane,,,7.99,/232/62/214833_BM_2y,214833_BM_2y.jpg,none,,,,,
215165_LM,215165,Card Holder MISCHA Lime,_LM,Lime,Wallet,Card Holder,Plain PU,Polyester; Polyurethane; Polyurethane; Thermoplastic Polyurethane,,,9.99,/241/62/215165_LM_1,215165_LM_1.jpg,none,,,,,
215165_TU,215165,Card Holder MISCHA Taupe,_TU,Taupe,Wallet,Card Holder,Plain PU,Polyester; Polyurethane; Polyurethane; Thermoplastic Polyurethane,,,9.99,/241/62/215165_TU_1,215165_TU_1.jpg,none,,,,,
215174_SK,215174,Wallet BASIC SIDNEY Skin,_SK,Skin,Wallet,Wallet,Plain PU,Polyester; Polyurethane; Polyurethane; Thermoplastic Polyurethane,,,15.99,/241/62/215174_SK_1,215174_SK_1.jpg,none,,,,,
215202_BL,215202,Coin Purse AUBERY Blue,_BL,Blue,Wallet,Coin Purse,Fake Fur,Acrylic; Polyester; Polyester,,,12.99,/241/62/215202_BL_1,215202_BL_1.jpg,none,,,,,
215202_TK,215202,Coin Purse AUBERY Pastel Pink,_TK,Pastel Pink,Wallet,Coin Purse,Fake Fur,Acrylic; Polyester; Polyester,,,12.99,/241/62/215202_TK_1,215202_TK_1.jpg,none,,,,,
215208_LM,215208,Coin Purse MISCHA Lime,_LM,Lime,Wallet,Coin Purse,Real Suede,Copper; Cow Leather; Polyester; Polyurethane; Zinc,,,12.99,/241/62/215208_LM_1,215208_LM_1.jpg,none,,,,,
215242_BL,215242,Card Holder SIDNEY Blue,_BL,Blue,Wallet,Card Holder,Plain PU,Ethylene vinyl acetate; Polyester; Polyurethane; Polyurethane,,,12.99,/241/62/215242_BL_2y,215242_BL_2y.jpg,none,,,,,
215247_GN,215247,Wallet SIDNEY Green,_GN,Green,Wallet,Wallet,Plain PU,Polyester; Polyurethane; Polyurethane; Thermoplastic Polyurethane,,,12.99,/241/62/215247_GN_2y,215247_GN_2y.jpg,none,,,,,
215458_BL,215458,Wallet AUBERY Blue,_BL,Blue,Wallet,Wallet,Peach PU,Polyester; Polyurethane; Polyurethane; Thermoplastic Polyurethane,,,15.99,/241/62/215458_BL_1,215458_BL_1.jpg,none,,,,,
215479_LK,215479,Notebook AUBERY Light Pink,_LK,Light Pink,Wallet,Others,Notebook,Paper; Polyurethane,,,17.99,/241/62/215479_LK_2y,215479_LK_2y.jpg,none,,,,,
215482_EC,215482,Card Holder AUBERY Ecru,_EC,Ecru,Wallet,Card Holder,Peach PU,Polyester; Polyurethane; Thermoplastic Polyurethane,,,7.99,/241/62/215482_EC_1,215482_EC_1.jpg,none,,,,,
215482_PK,215482,Card Holder AUBERY Pink,_PK,Pink,Wallet,Card Holder,Peach PU,Polyester; Polyurethane; Thermoplastic Polyurethane,,,7.99,/241/62/215482_PK_1,215482_PK_1.jpg,none,,,,,
215860_LL,215860,Card Holder MISCHA Lilac,_LL,Lilac,Wallet,Card Holder,Plain PU,Polyester; Polyester; Polyurethane; Polyurethane; Thermoplastic Polyurethane,,,12.99,/241/62/215860_LL_1,215860_LL_1.jpg,none,,,,,
216042_BK,216042,Multipurpose Purse MISCHA Black,_BK,Black,Wallet,Multipurpose Purse,Real Suede,Cow Leather; Iron; Polyester; Zinc,,,25.99,/241/62/216042_BK_1,216042_BK_1.jpg,none,,,,,
216050_BM,216050,Wallet BASIC SIDNEY Bright Multicolor,_BM,Bright Multicolor,Wallet,Wallet,Printed PU,Polyester; Polyurethane; Polyurethane; Thermoplastic Polyurethane,,,17.99,/241/62/216050_BM_1,216050_BM_1.jpg,none,,,,,
216120_PK,216120,Wallet ELLIOT Pink,_PK,Pink,Wallet,Wallet,Animal Embossed PU,Polyester; Polyurethane; Polyurethane; Thermoplastic Polyurethane,,,12.99,/241/62/216120_PK_1,216120_PK_1.jpg,none,,,,,
216346_CA,216346,Wallet ELLIOT Camel,_CA,Camel,Wallet,Wallet,Plain PU,Polyester; Polyurethane; Polyurethane; Thermoplastic Polyurethane,,,12.99,/241/62/216346_CA_1,216346_CA_1.jpg,none,,,,,
216360_BM,216360,Coin Purse ELLIOT Bright Multicolor,_BM,Bright Multicolor,Wallet,Coin Purse,Printed PU,Polyester; Polyurethane,,,7.99,/241/62/216360_BM_1,216360_BM_1.jpg,none,,,,,
216368_BK,216368,Phone Holder MAGIK LOVE Black,_BK,Black,Wallet,Phone Holder,Fake Nylon,Polyester; Polyester; Polyurethane; Polyurethane,,,17.99,/241/62/216368_BK_1,216368_BK_1.jpg,none,,,,,
216368_FU,216368,Phone Holder MAGIK LOVE Fuchsia,_FU,Fuchsia,Wallet,Phone Holder,Fake Nylon,Polyester; Polyester; Polyurethane; Polyurethane,,,17.99,/241/62/216368_FU_1,216368_FU_1.jpg,none,,,,,
216371_FU,216371,Card Holder MAGIK LOVE Fuchsia,_FU,Fuchsia,Wallet,Card Holder,Printed PU,Polyester; Polyurethane; Polyurethane,Silver,,9.99,/241/62/216371_FU_1,216371_FU_1.jpg,none,,,,,
216554_FU,216554,Phone Holder ROY Fuchsia,_FU,Fuchsia,Wallet,Phone Holder,Printed PU,Polyester; Polyurethane; Polyurethane; Thermoplastic Polyurethane,Silver,,17.99,/241/62/216554_FU_1,216554_FU_1.jpg,none,,,,,
216580_BM,216580,Coin Purse TETE Bright Multicolor,_BM,Bright Multicolor,Wallet,Coin Purse,Printed PU,Polyester; Polyurethane,,,7.99,/241/62/216580_BM_1,216580_BM_1.jpg,none,,,,,
216582_EC,216582,Coin Purse TETE Ecru,_EC,Ecru,Wallet,Coin Purse,Plain PU,Polyurethane; Polyester,,,7.99,/241/62/216582_EC_1,216582_EC_1.jpg,none,,,,,
216582_LL,216582,Coin Purse TETE Lilac,_LL,Lilac,Wallet,Coin Purse,Plain PU,Polyester; Polyurethane,,,7.99,/241/62/216582_LL_1,216582_LL_1.jpg,none,,,,,
216598_DM,216598,Coin Purse FIRE2 Dark Multicolor,_DM,Dark Multicolor,Wallet,Coin Purse,Printed Nylon,Polyamide; Polyester,,,7.99,/241/62/216598_DM_1,216598_DM_1.jpg,none,,,,,
216607_EC,216607,Wallet JACKIE Ecru,_EC,Ecru,Wallet,Wallet,Printed PU,Polyester; Polyurethane; Polyurethane,,,15.99,/241/62/216607_EC_1,216607_EC_1.jpg,none,,,,,
216614_BK,216614,Coin Purse JACKIE Black,_BK,Black,Wallet,Coin Purse,Nylon,Polyester; Polyester,,,7.99,/241/62/216614_BK_1,216614_BK_1.jpg,none,,,,,
216614_GN,216614,Coin Purse JACKIE Green,_GN,Green,Wallet,Coin Purse,Nylon,Polyester; Polyester,,,7.99,/241/62/216614_GN_1,216614_GN_1.jpg,none,,,,,
216615_EC,216615,Card Holder JACKIE Ecru,_EC,Ecru,Wallet,Card Holder,Animal Embossed PU,Polyester; Polyurethane; Polyurethane; Thermoplastic Polyurethane,,,12.99,/241/62/216615_EC_1,216615_EC_1.jpg,none,,,,,
216623_SV,216623,Wallet MILITARY2 Silver,_SV,Silver,Wallet,Wallet,Fantasy PU,Polyester; Polyurethane; Polyurethane; Thermoplastic Polyurethane,,,17.99,/241/62/216623_SV_1,216623_SV_1.jpg,none,,,,,
216767_PK,216767,Jewellery Case AUBERY Pink,_PK,Pink,Wallet,Others,Jewellery Case,Polyester; Polyurethane; Polyurethane,,,15.99,/241/62/216767_PK_1,216767_PK_1.jpg,none,,,,,
216870_BM,216870,Wallet BASIC JULIETA Bright Multicolor,_BM,Bright Multicolor,Wallet,Wallet,Printed PU,Polyurethane; Thermoplastic Polyurethane; Polyester; Polyurethane,,,12.99,/241/62/216870_BM_1,216870_BM_1.jpg,none,,,,,
216874_BM,216874,Wallet BASIC JULIETA Bright Multicolor,_BM,Bright Multicolor,Wallet,Wallet,Printed PU,Polyester; Polyurethane; Polyurethane; Thermoplastic Polyurethane,,,17.99,/241/62/216874_BM_1,216874_BM_1.jpg,none,,,,,
216917NC,216917,Phone Holder TAVIRA Natural Color,NC,Natural Color,Wallet,Phone Holder,Paper straw,Ceramic; Cotton; Iron; Paper; Polyester; Polyester; Polyurethane; Stone; Wood; Zinc,Light Golden,,17.99,/241/62/216917NC_1,216917NC_1.jpg,none,,,,,
217037_BG,217037,Phone Holder GEORGIA Beige,_BG,Beige,Wallet,Phone Holder,Fake straw,Polyester; Polypropylene; Polyurethane; Polyurethane; Thermoplastic Polyurethane,,,17.99,/241/62/217037_BG_1,217037_BG_1.jpg,none,,,,,
217037_KK,217037,Phone Holder GEORGIA Khaki,_KK,Khaki,Wallet,Phone Holder,Fake straw,Thermoplastic Polyurethane; Polyester; Polypropylene; Polyurethane; Polyurethane,,,17.99,/241/62/217037_KK_1,217037_KK_1.jpg,none,,,,,
217089_BK,217089,Wallet HIVE Black,_BK,Black,Wallet,Wallet,Fantasy PU,Polyester; Polyurethane; Polyurethane,,,12.99,/241/62/217089_BK_1,217089_BK_1.jpg,none,,,,,
217089_CA,217089,Wallet HIVE Camel,_CA,Camel,Wallet,Wallet,Fantasy PU,Polyester; Polyurethane; Polyurethane,,,12.99,/241/62/217089_CA_1,217089_CA_1.jpg,none,,,,,
217089_OW,217089,Wallet HIVE Off White,_OW,Off White,Wallet,Wallet,Fantasy PU,Polyester; Polyurethane; Polyurethane,,,12.99,/241/62/217089_OW_1,217089_OW_1.jpg,none,,,,,
217133_BU,217133,Coin Purse FIRE2 Burgundy,_BU,Burgundy,Wallet,Coin Purse,Printed Nylon,Polyamide; Polyester; Polyurethane,,,12.99,/241/62/217133_BU_1,217133_BU_1.jpg,none,,,,,
217173_BM,217173,Wallet celia Bright Multicolor,_BM,Bright Multicolor,Wallet,Wallet,Printed PU,Polyester; Polyurethane; Polyurethane; Thermoplastic Polyurethane,,,15.99,/241/62/217173_BM_1,217173_BM_1.jpg,none,,,,,
217182_BM,217182,Coin Purse celia Bright Multicolor,_BM,Bright Multicolor,Wallet,Coin Purse,Printed PU,Polyester; Polyurethane,,,7.99,/241/62/217182_BM_1,217182_BM_1.jpg,none,,,,,
217247_OR,217247,Multipurpose Purse venus Orange,_OR,Orange,Wallet,Multipurpose Purse,Nylon,Fiberglass; Polyamide; Polyester; Polyurethane,,,12.99,/241/62/217247_OR_1,217247_OR_1.jpg,none,,,,,
217266_BK,217266,Wallet venus Black,_BK,Black,Wallet,Wallet,Peach PU,Resin; Polycarbonate; Polyester; Polyester; Polyurethane; Polyurethane,,,17.99,/241/62/217266_BK_1,217266_BK_1.jpg,none,,,,,
217270_BG,217270,Wallet venus Beige,_BG,Beige,Wallet,Wallet,Peach PU,Polycarbonate; Polyester; Polyester; Polyurethane; Polyurethane; Polyurethane,,,15.99,/241/62/217270_BG_1,217270_BG_1.jpg,none,,,,,
217270_PK,217270,Wallet venus Pink,_PK,Pink,Wallet,Wallet,Peach PU,Polyurethane; Polyurethane; Polycarbonate; Polyester; Polyester; Polyurethane,,,15.99,/241/62/217270_PK_1,217270_PK_1.jpg,none,,,,,
217283_BM,217283,Multipurpose Purse venus Bright Multicolor,_BM,Bright Multicolor,Wallet,Multipurpose Purse,Printed Nylon,Polyester; Polyester; Resin,,,17.99,/241/62/217283_BM_1,217283_BM_1.jpg,none,,,,,
217409_GN,217409,Wallet FLEUR Green,_GN,Green,Wallet,Wallet,Printed PU,Polyester; Polyurethane; Polyurethane,,,12.99,/241/62/217409_GN_1,217409_GN_1.jpg,none,,,,,
217646_PK,217646,Passport Case STATIONERY Pink,_PK,Pink,Wallet,Others,Passport Case,Polyester; Polyurethane,,,12.99,/241/62/217646_PK_2y,217646_PK_2y.jpg,none,,,,,
217658_TK,217658,Pencil Case STATIONERY Pastel Pink,_TK,Pastel Pink,Wallet,Pencil Case,Printed Nylon,Polyester; Polyester,,,12.99,/241/62/217658_TK_1,217658_TK_1.jpg,none,,,,,
217894_BG,217894,Wallet LIV Beige,_BG,Beige,Wallet,Wallet,Plain PU,Polyester; Polymethylmethacrylate; Polyurethane; Polyurethane,,,15.99,/241/62/217894_BG_1,217894_BG_1.jpg,none,,,,,
217900_BG,217900,Card Holder LIV Beige,_BG,Beige,Wallet,Card Holder,Plain PU,Polyester; Polyurethane,,,7.99,/241/62/217900_BG_1,217900_BG_1.jpg,none,,,,,
217900_LL,217900,Card Holder LIV Lilac,_LL,Lilac,Wallet,Card Holder,Plain PU,Polyester; Polyurethane,,,7.99,/241/62/217900_LL_1,217900_LL_1.jpg,none,,,,,
217901_BM,217901,Phone Holder LIV Bright Multicolor,_BM,Bright Multicolor,Wallet,Phone Holder,Embroidery,Polyester; Polyester; Polyurethane; Polyurethane,,,19.99,/241/62/217901_BM_1,217901_BM_1.jpg,none,,,,,
217927_DM,217927,Wallet FLORENCE Dark Multicolor,_DM,Dark Multicolor,Wallet,Wallet,Printed PU,Polyester; Polyurethane; Polyurethane,,,10.99,/241/62/217927_DM_1,217927_DM_1.jpg,none,,,,,
217938_KK,217938,Wallet BASIC JOANINHA Khaki,_KK,Khaki,Wallet,Wallet,Plain PU,Polyurethane; Polyester; Polyurethane,,,10.99,/242/62/217938_KK_1,217938_KK_1.jpg,none,,,,,
217951_PM,217951,Phone Holder BASIC FLORENCE Pastel Multicolor,_PM,Pastel Multicolor,Wallet,Phone Holder,Printed PU,Polyester; Polyurethane; Thermoplastic Polyurethane; Polyethylene,,,17.99,/241/62/217951_PM_1,217951_PM_1.jpg,none,,,,,
217963_WT,217963,Wallet BASIC FLORENCE White,_WT,White,Wallet,Wallet,Plain PU,Polyester; Polyurethane; Polyurethane; Thermoplastic Polyurethane,,,12.99,/241/62/217963_WT_1,217963_WT_1.jpg,none,,,,,
217991_BL,217991,Wallet SMILE Blue,_BL,Blue,Wallet,Wallet,Denim,Polyester; Polyurethane; Polyurethane; Thermoplastic Polyurethane,,,12.99,/241/62/217991_BL_1,217991_BL_1.jpg,none,,,,,
218008_OR,218008,Wallet MONICA Orange,_OR,Orange,Wallet,Wallet,Plain PU,Polyester; Polyurethane; Polyurethane,,,10.99,/241/62/218008_OR_1,218008_OR_1.jpg,none,,,,,
218009_EC,218009,Card Holder MONICA Ecru,_EC,Ecru,Wallet,Card Holder,Plain PU,Polyester; Polyurethane,,,7.99,/241/62/218009_EC_1,218009_EC_1.jpg,none,,,,,
218009_OR,218009,Card Holder MONICA Orange,_OR,Orange,Wallet,Card Holder,Plain PU,Polyester; Polyurethane,,,7.99,/241/62/218009_OR_1,218009_OR_1.jpg,none,,,,,
218009_PU,218009,Card Holder MONICA Purple,_PU,Purple,Wallet,Card Holder,Plain PU,Polyester; Polyurethane,,,7.99,/241/62/218009_PU_1,218009_PU_1.jpg,none,,,,,
218127_GN,218127,Wallet MADEIRA Green,_GN,Green,Wallet,Wallet,Peach PU,Polyester; Polyurethane; Polyurethane; Thermoplastic Polyurethane,,,15.99,/241/62/218127_GN_1,218127_GN_1.jpg,none,,,,,
218131_BK,218131,Coin Purse MADEIRA Black,_BK,Black,Wallet,Coin Purse,Peach PU,Polyester; Polyurethane,,,9.99,/241/62/218131_BK_1,218131_BK_1.jpg,none,,,,,
218136_SV,218136,Multipurpose Purse MADEIRA Silver,_SV,Silver,Wallet,Multipurpose Purse,Fantasy Fabric,Cotton; Polyamide; Polyester; Polyurethane,,,17.99,/241/62/218136_SV_1,218136_SV_1.jpg,none,,,,,
218158_PM,218158,Multipurpose Purse LE SUD Pastel Multicolor,_PM,Pastel Multicolor,Wallet,Multipurpose Purse,Printed Nylon,Polyamide; Polyester; Silicone,,,12.99,/241/62/218158_PM_1,218158_PM_1.jpg,none,,,,,
218160_EC,218160,Wallet LE SUD Ecru,_EC,Ecru,Wallet,Wallet,Plain PU,Polyester; Polyurethane; Polyurethane; Thermoplastic Polyurethane,,,15.99,/241/62/218160_EC_1,218160_EC_1.jpg,none,,,,,
218160_KK,218160,Wallet LE SUD Khaki,_KK,Khaki,Wallet,Wallet,Plain PU,Polyester; Polyurethane; Polyurethane; Thermoplastic Polyurethane,,,15.99,/241/62/218160_KK_1,218160_KK_1.jpg,none,,,,,
218163_PK,218163,Wallet LE SUD Pink,_PK,Pink,Wallet,Wallet,Plain PU,Polyester; Polyurethane; Polyurethane,,,12.99,/241/62/218163_PK_1,218163_PK_1.jpg,none,,,,,
218276_YL,218276,Wallet FLOWER PATCH Yellow,_YL,Yellow,Wallet,Wallet,Printed PU,Polyurethane; Thermoplastic Polyurethane; Polyester; Polyester; Polyurethane; Polyurethane; Polyurethane,,,12.99,/241/62/218276_YL_1,218276_YL_1.jpg,none,,,,,
218407_GN,218407,Card Holder CUPIDO3 Green,_GN,Green,Wallet,Card Holder,Printed PU,Polyester; Polyurethane,Light Golden,,5.99,/241/62/218407_GN_1,218407_GN_1.jpg,none,,,,,
218681_EC,218681,Phone Holder MONICA Ecru,_EC,Ecru,Wallet,Phone Holder,Plain PU,Polyester; Polyurethane; Polyurethane; Thermoplastic Polyurethane,,,17.99,/241/62/218681_EC_1,218681_EC_1.jpg,none,,,,,
218842_BM,218842,Card Holder BASIC JOANINHA Bright Multicolor,_BM,Bright Multicolor,Wallet,Card Holder,Printed PU,Polyester; Polyurethane,,,7.99,/242/62/218842_BM_1,218842_BM_1.jpg,none,,,,,
218924_PK,218924,Wallet MAMMINA Pink,_PK,Pink,Wallet,Wallet,Printed Fake Nylon,Polyester; Polyester; Polyurethane; Polyurethane,,,15.99,/241/62/218924_PK_1,218924_PK_1.jpg,none,,,,,
218937_CL,218937,Coin Purse MAMMINA Coral,_CL,Coral,Wallet,Coin Purse,Fake Nylon,Polyester; Polyester; Polyurethane,,,12.99,/241/62/218937_CL_1,218937_CL_1.jpg,none,,,,,
218937_YL,218937,Coin Purse MAMMINA Yellow,_YL,Yellow,Wallet,Coin Purse,Fake Nylon,Polyester; Polyurethane; Polyester,,,12.99,/241/62/218937_YL_1,218937_YL_1.jpg,none,,,,,
218944_PK,218944,Coin Purse MAMMINA Pink,_PK,Pink,Wallet,Coin Purse,Printed Fake Nylon,Polyester; Polyester; Polyurethane,,,12.99,/241/62/218944_PK_1,218944_PK_1.jpg,none,,,,,
219482_EC,219482,Wallet BASIC JOANINHA Ecru,_EC,Ecru,Wallet,Wallet,Plain PU,Thermoplastic Polyurethane; Polyester; Polyurethane; Polyurethane,,,17.99,/242/62/219482_EC_1,219482_EC_1.jpg,none,,,,,
219562_LB,219562,Wallet TAYLOR Light Blue,_LB,Light Blue,Wallet,Wallet,Animal Embossed PU,Polyester; Polyurethane; Polyurethane,,,12.99,/241/62/219562_LB_1,219562_LB_1.jpg,none,,,,,
219563_OR,219563,Wallet TAYLOR Orange,_OR,Orange,Wallet,Wallet,Fantasy PU,Polyester; Polyurethane; Polyurethane,,,12.99,/241/62/219563_OR_1,219563_OR_1.jpg,none,,,,,
219563_SV,219563,Wallet TAYLOR Silver,_SV,Silver,Wallet,Wallet,Fantasy PU,Polyester; Polyester,,,12.99,/241/62/219563_SV_1,219563_SV_1.jpg,none,,,,,
219597_LM,219597,Card Holder TAYLOR Lime,_LM,Lime,Wallet,Card Holder,Plain PU,Polyester; Polyurethane; Polyurethane,,,12.99,/241/62/219597_LM_1,219597_LM_1.jpg,none,,,,,
219606_CA,219606,Wallet PATTY Camel,_CA,Camel,Wallet,Wallet,Fake straw,Polyester; Polyester; Polyester; Polyester; Polypropylene; Polyurethane; Polyurethane; Polyethylene,,,12.99,/241/62/219606_CA_1,219606_CA_1.jpg,none,,,,,
219615_BM,219615,Card Holder BASIC DANI Bright Multicolor,_BM,Bright Multicolor,Wallet,Card Holder,Printed PU,Polyester; Polyurethane,,,7.99,/242/62/219615_BM_1,219615_BM_1.jpg,none,,,,,
219760_EC,219760,Wallet SELMA Ecru,_EC,Ecru,Wallet,Wallet,Plain PU,Polyester; Polyurethane; Polyurethane; Thermoplastic Polyurethane,,,15.99,/241/62/219760_EC_1,219760_EC_1.jpg,none,,,,,
219860_BL,219860,Phone Holder SELMA Blue,_BL,Blue,Wallet,Phone Holder,Plastic,Polyester; Silicone; Thermoplastic Polyurethane; Thermoplastic Polyurethane,,,15.99,/241/62/219860_BL_1,219860_BL_1.jpg,none,,,,,
220139_WT,220139,Wallet STRAWBERRY White,_WT,White,Wallet,Wallet,Printed PU,Polyester; Polyurethane; Polyurethane; Thermoplastic Polyurethane,,,12.99,/242/62/220139_WT_1,220139_WT_1.jpg,none,,,,,
220307_BM,220307,Wallet loretta Bright Multicolor,_BM,Bright Multicolor,Wallet,Wallet,Printed PU,Polyester; Polyurethane; Polyurethane; Thermoplastic Polyurethane,,,17.99,/242/62/220307_BM_1,220307_BM_1.jpg,none,,,,,
220394_CA,220394,Wallet STRAWBERRY Camel,_CA,Camel,Wallet,Wallet,Paper straw,Iron; Iron; Linen; Linen; Paper; Polyester; Polyurethane; Polyurethane; Polyurethane,Light Golden,,17.99,/242/62/220394_CA_1,220394_CA_1.jpg,none,,,,,
220444_BG,220444,Multipurpose Purse HILTON Beige,_BG,Beige,Wallet,Multipurpose Purse,Nylon,Polyester; Silicone; Polyamide,,,17.99,/241/62/220444_BG_1,220444_BG_1.jpg,none,,,,,
220444_BK,220444,Multipurpose Purse HILTON Black,_BK,Black,Wallet,Multipurpose Purse,Nylon,Polyamide; Polyester; Polyester,,,17.99,/241/62/220444_BK_1,220444_BK_1.jpg,none,,,,,
220726_BM,220726,Phone Holder loretta Bright Multicolor,_BM,Bright Multicolor,Wallet,Phone Holder,Printed PU,Polyester; Polyurethane; Polyurethane; Thermoplastic Polyurethane,,,17.99,/242/62/220726_BM_1,220726_BM_1.jpg,none,,,,,
220942_BG,220942,Wallet loretta Beige,_BG,Beige,Wallet,Wallet,Plain PU,Thermoplastic Polyurethane; Polyurethane; Polyurethane; Polyester,,,15.99,/242/62/220942_BG_1,220942_BG_1.jpg,none,,,,,
220942_LB,220942,Wallet BASIC DANI Light Blue,_LB,Light Blue,Wallet,Wallet,Plain PU,Polyester; Polyurethane; Polyurethane; Thermoplastic Polyurethane,,,15.99,/242/62/220942_LB_1,220942_LB_1.jpg,none,,,,,
220942_PK,220942,Wallet loretta Pink,_PK,Pink,Wallet,Wallet,Plain PU,Polyurethane; Thermoplastic Polyurethane; Polyester; Polyurethane,,,15.99,/242/62/220942_PK_2y,220942_PK_2y.jpg,none,,,,,
220946_EC,220946,Wallet BASIC DANI Ecru,_EC,Ecru,Wallet,Wallet,Plain PU,Polyester; Polyurethane; Polyurethane,,,10.99,/242/62/220946_EC_2y,220946_EC_2y.jpg,none,,,,,
220946_PK,220946,Wallet loretta Pink,_PK,Pink,Wallet,Wallet,Plain PU,Polyester; Polyurethane; Polyurethane,,,10.99,/242/62/220946_PK_2y,220946_PK_2y.jpg,none,,,,,
221065_BM,221065,Multipurpose Purse WOODY2 Bright Multicolor,_BM,Bright Multicolor,Wallet,Multipurpose Purse,Printed Nylon,Polyamide; Polyester; Polyurethane,,,17.99,/241/62/221065_BM_1,221065_BM_1.jpg,none,,,,,
221193_PK,221193,Wallet CONSUELO Pink,_PK,Pink,Wallet,Wallet,Peach PU,Polyester; Polyurethane; Polyurethane; Thermoplastic Polyurethane,,,15.99,/242/62/221193_PK_1,221193_PK_1.jpg,none,,,,,
221197_BG,221197,Card Holder CONSUELO Beige,_BG,Beige,Wallet,Card Holder,Peach PU,Polyurethane; Polyurethane; Polyester,,,7.99,/242/62/221197_BG_1,221197_BG_1.jpg,none,,,,,
221197_PK,221197,Card Holder CONSUELO Pink,_PK,Pink,Wallet,Card Holder,Peach PU,Polyester; Polyurethane; Polyurethane,,,7.99,/242/62/221197_PK_1,221197_PK_1.jpg,none,,,,,
221201_BM,221201,Phone Holder CONSUELO Bright Multicolor,_BM,Bright Multicolor,Wallet,Phone Holder,Knit,Polyester; Polyester; Polyurethane; Silicone,,,19.99,/242/62/221201_BM_1,221201_BM_1.jpg,none,,,,,
221232_BM,221232,Card Holder BASIC DIANA Bright Multicolor,_BM,Bright Multicolor,Wallet,Card Holder,Printed PU,Polyester; Polyurethane,,,7.99,/242/62/221232_BM_1,221232_BM_1.jpg,none,,,,,
221322NC,221322,Coin Purse MILEY Natural Color,NC,Natural Color,Wallet,Coin Purse,Paper straw,Cotton; Cow Leather; Linen; Paper; Polyester,,,12.99,/242/62/221322NC_1,221322NC_1.jpg,none,,,,,
221525_LL,221525,Wallet WOODY2 Lilac,_LL,Lilac,Wallet,Wallet,Nylon,Polyester; Polyester,,,12.99,/241/62/221525_LL_1,221525_LL_1.jpg,none,,,,,
221589_BM,221589,Coin Purse WOODY2 Bright Multicolor,_BM,Bright Multicolor,Wallet,Coin Purse,Printed Nylon,Polyamide; Polyester; Polyester; Polyurethane,,,12.99,/241/62/221589_BM_1,221589_BM_1.jpg,none,,,,,
221688_GN,221688,Card Holder FLORA Green,_GN,Green,Wallet,Card Holder,Printed PU,Polyester; Polyurethane; Polyurethane,Silver,,9.99,/242/62/221688_GN_1,221688_GN_1.jpg,none,,,,,
221732_BL,221732,Wallet MARTHA Blue,_BL,Blue,Wallet,Wallet,Plain PU,Polyester; Polyurethane; Polyurethane,,,12.99,/242/62/221732_BL_1,221732_BL_1.jpg,none,,,,,
221732_WT,221732,Wallet MARTHA White,_WT,White,Wallet,Wallet,Plain PU,Polyester; Polyurethane; Polyurethane,,,12.99,/242/62/221732_WT_1,221732_WT_1.jpg,none,,,,,
221736_DM,221736,Card Holder MARTHA Dark Multicolor,_DM,Dark Multicolor,Wallet,Card Holder,Printed PU,Polyester; Polyurethane; Polyurethane,,,12.99,/242/62/221736_DM_1,221736_DM_1.jpg,none,,,,,
221760_BK,221760,Phone Holder MAORI3 Black,_BK,Black,Wallet,Phone Holder,Nylon,Polyester; Polyester; Polyester; Polyester,,,19.99,/242/62/221760_BK_1,221760_BK_1.jpg,none,,,,,
222004_PK,222004,Wallet GOLDEN BAY2 Pink,_PK,Pink,Wallet,Wallet,Fantasy PU,Polyester; Polyurethane,,,12.99,/242/62/222004_PK_1,222004_PK_1.jpg,none,,,,,
222010_BL,222010,Card Holder GOLDEN BAY2 Blue,_BL,Blue,Wallet,Card Holder,Plain PU,Polyester; Polyurethane,,,12.99,/242/62/222010_BL_1,222010_BL_1.jpg,none,,,,,
222010_PK,222010,Card Holder GOLDEN BAY2 Pink,_PK,Pink,Wallet,Card Holder,Plain PU,Polyester; Polyurethane,,,12.99,/242/62/222010_PK_1,222010_PK_1.jpg,none,,,,,
222190_DM,222190,Card Holder OMARA Dark Multicolor,_DM,Dark Multicolor,Wallet,Card Holder,Printed PU,Polyester; Polyurethane; Polyurethane,,,9.99,/242/62/222190_DM_1,222190_DM_1.jpg,none,,,,,
222237_BK,222237,Phone Holder HASHTAG2 Black,_BK,Black,Wallet,Phone Holder,Fake Nylon,Polyester; Polyester; Polyester; Polyester; Polyurethane; Polyurethane,Light Golden,,17.99,/242/62/222237_BK_1,222237_BK_1.jpg,none,,,,,
222237_KK,222237,Phone Holder HASHTAG2 Khaki,_KK,Khaki,Wallet,Phone Holder,Fake Nylon,Polyester; Polyester; Polyester; Polyester; Polyurethane; Polyurethane,Light Golden,,17.99,/242/62/222237_KK_1,222237_KK_1.jpg,none,,,,,
222237_MD,222237,Phone Holder HASHTAG3 Mustard,_MD,Mustard,Wallet,Phone Holder,Fake Nylon,Polyester; Polyester; Polyester; Polyester; Polyurethane; Polyurethane,Silver,,17.99,/242/62/222237_MD_1,222237_MD_1.jpg,none,,,,,
222268_NV,222268,Phone Holder PALMS Navy,_NV,Navy,Wallet,Phone Holder,Printed PU,Polyester; Polyurethane; Polyurethane; Thermoplastic Polyurethane; Thermoplastic Polyurethane,Silver,,17.99,/242/62/222268_NV_1,222268_NV_1.jpg,none,,,,,
222286_EC,222286,Card Holder OMARA Ecru,_EC,Ecru,Wallet,Card Holder,Plain PU,Polyurethane; Thermoplastic Polyurethane; Polyester; Polyurethane,,,12.99,/242/62/222286_EC_1,222286_EC_1.jpg,none,,,,,
222286_PK,222286,Card Holder OMARA Pink,_PK,Pink,Wallet,Card Holder,Plain PU,Polyester; Polyurethane; Polyurethane; Thermoplastic Polyurethane,,,12.99,/242/62/222286_PK_1,222286_PK_1.jpg,none,,,,,
222288_BM,222288,Wallet OMARA Bright Multicolor,_BM,Bright Multicolor,Wallet,Wallet,Printed PU,Polyester; Polyurethane; Polyurethane,,,15.99,/242/62/222288_BM_1,222288_BM_1.jpg,none,,,,,
222292NC,222292,Phone Holder OMARA Natural Color,NC,Natural Color,Wallet,Phone Holder,Paper straw,Acrylic; Resin; Thermoplastic Polyurethane; Polyurethane; Paper; Polyester; Polyurethane,,,19.99,/242/62/222292NC_1,222292NC_1.jpg,none,,,,,
222333_EC,222333,Phone Holder GOLDEN BAY3 Ecru,_EC,Ecru,Wallet,Phone Holder,Nylon,Polyester; Polyester; Polyester; Polyester,,,19.99,/242/62/222333_EC_1,222333_EC_1.jpg,none,,,,,
222425_EC,222425,Card Holder MARTINA Ecru,_EC,Ecru,Wallet,Card Holder,Plain PU,Polyester; Polyurethane,,,9.99,/242/62/222425_EC_1,222425_EC_1.jpg,none,,,,,
222425_LB,222425,Card Holder MARTINA Light Blue,_LB,Light Blue,Wallet,Card Holder,Plain PU,Polyester; Polyurethane,,,9.99,/242/62/222425_LB_1,222425_LB_1.jpg,none,,,,,
222428_BG,222428,Phone Holder MARTINA Beige,_BG,Beige,Wallet,Phone Holder,Peach PU,Polyester; Polyurethane; Polyurethane; Thermoplastic Polyurethane,,,17.99,/242/62/222428_BG_1,222428_BG_1.jpg,none,,,,,
222439_BM,222439,Multipurpose Purse ALEK Bright Multicolor,_BM,Bright Multicolor,Wallet,Multipurpose Purse,Printed Nylon,Polyester; Polyurethane; Thermoplastic Polyurethane; Polyester,,,19.99,/242/62/222439_BM_1,222439_BM_1.jpg,none,,,,,
222446_EC,222446,Wallet ALEK Ecru,_EC,Ecru,Wallet,Wallet,Plain PU,Polyester; Polyurethane; Polyurethane,,,12.99,/242/62/222446_EC_1,222446_EC_1.jpg,none,,,,,
222450_BK,222450,Wallet ALEK Black,_BK,Black,Wallet,Wallet,Plain PU,Polyester; Polyurethane; Polyurethane,,,12.99,/242/62/222450_BK_1,222450_BK_1.jpg,none,,,,,
222450_LL,222450,Wallet ALEK Lilac,_LL,Lilac,Wallet,Wallet,Plain PU,Polyester; Polyurethane; Polyurethane,,,12.99,/242/62/222450_LL_1,222450_LL_1.jpg,none,,,,,
222456_DM,222456,Wallet ALEK Dark Multicolor,_DM,Dark Multicolor,Wallet,Wallet,Printed PU,Polyurethane; Polyester; Thermoplastic Polyurethane; Polyurethane,,,17.99,/242/62/222456_DM_1,222456_DM_1.jpg,none,,,,,
222541_CA,222541,Phone Holder MARTINA Camel,_CA,Camel,Wallet,Phone Holder,Peach PU,Polyester; Polyurethane,,,19.99,/242/62/222541_CA_1,222541_CA_1.jpg,none,,,,,
222571_BM,222571,Wallet GRACE Bright Multicolor,_BM,Bright Multicolor,Wallet,Wallet,Printed PU,Polyester; Polyurethane; Polyurethane; Polyurethane; Thermoplastic Polyurethane; Polyurethane,,,15.99,/242/62/222571_BM_1,222571_BM_1.jpg,none,,,,,
222576_KK,222576,Phone Holder GRACE Khaki,_KK,Khaki,Wallet,Phone Holder,Plain PU,Polyester; Polyurethane,,,17.99,/242/62/222576_KK_1,222576_KK_1.jpg,none,,,,,
222580_BM,222580,Card Holder GRACE Bright Multicolor,_BM,Bright Multicolor,Wallet,Card Holder,Printed PU,Thermoplastic Polyurethane; Polyester; Polyurethane; Polyurethane,,,9.99,/242/62/222580_BM_1,222580_BM_1.jpg,none,,,,,
222584_DM,222584,Multipurpose Purse GRACE Dark Multicolor,_DM,Dark Multicolor,Wallet,Multipurpose Purse,Printed PU,Polyurethane; Polyurethane; Polyester,,,12.99,/242/62/222584_DM_1,222584_DM_1.jpg,none,,,,,
222869_BU,222869,Jewellery Case SHILLOH Burgundy,_BU,Burgundy,Wallet,Others,Jewellery Case,Polyester; Polyester; Polyurethane,,,15.99,/242/62/222869_BU_1,222869_BU_1.jpg,none,,,,,
222869_DM,222869,Jewellery Case ALEK Dark Multicolor,_DM,Dark Multicolor,Wallet,Others,Jewellery Case,Polyamide; Polyamide; Polyurethane,,,15.99,/242/62/222869_DM_1,222869_DM_1.jpg,none,,,,,
222940_CA,222940,Wallet JOPLIN Camel,_CA,Camel,Wallet,Wallet,Patchwork,Cow Suede Leather; Iron; Iron; Polyester; Polyurethane; Polyurethane; Thermoplastic Polyurethane,Light Golden,,17.99,/242/62/222940_CA_1,222940_CA_1.jpg,none,,,,,
223032_BK,223032,Wallet BAKER Black,_BK,Black,Wallet,Wallet,Plain PU,Polyurethane; Polyurethane; Thermoplastic Polyurethane; Polyester,,,15.99,/242/62/223032_BK_1,223032_BK_1.jpg,none,,,,,
223032_CA,223032,Wallet BAKER Camel,_CA,Camel,Wallet,Wallet,Plain PU,Polyurethane; Thermoplastic Polyurethane; Polyurethane; Polyester,,,15.99,/242/62/223032_CA_1,223032_CA_1.jpg,none,,,,,
223172_BG,223172,Wallet BASIC DIANA Beige,_BG,Beige,Wallet,Wallet,Plain PU,Polyester; Polyurethane; Polyurethane,,,12.99,/242/62/223172_BG_1,223172_BG_1.jpg,none,,,,,
223214_WT,223214,Card Holder DALMATA2 White,_WT,White,Wallet,Card Holder,Printed Nylon,Cotton; Polyester; Polyurethane,,,12.99,/242/62/223214_WT_1,223214_WT_1.jpg,none,,,,,
223367_WT,223367,Coin Purse ZIMBA3 White,_WT,White,Wallet,Coin Purse,Real Fur,Cow Leather; Polyester; Polyurethane,,,12.99,/242/62/223367_WT_1,223367_WT_1.jpg,none,,,,,
223428_BK,223428,Phone Holder LOHAN Black,_BK,Black,Wallet,Phone Holder,Plain PU,Polyurethane; Polyurethane; Polyester,Light Golden,,17.99,/242/62/223428_BK_1,223428_BK_1.jpg,none,,,,,
223428_EC,223428,Phone Holder LOHAN Ecru,_EC,Ecru,Wallet,Phone Holder,Plain PU,Polyurethane; Polyurethane; Polyester,Light Golden,,17.99,/242/62/223428_EC_1,223428_EC_1.jpg,none,,,,,
223624_BL,223624,Coin Purse LEO2 Blue,_BL,Blue,Wallet,Coin Purse,Nylon,Polyester; Polyester; Polyurethane,,,12.99,/242/62/223624_BL_1,223624_BL_1.jpg,none,,,,,
223699_BL,223699,Wallet LEO2 Blue,_BL,Blue,Wallet,Wallet,Nylon,Polyester; Polyester,,,12.99,/242/62/223699_BL_1,223699_BL_1.jpg,none,,,,,
224048_GY,224048,Phone Holder CORDY Grey,_GY,Grey,Wallet,Phone Holder,Printed Fake Nylon,Thermoplastic Polyurethane; Polyurethane; Polyester; Polyurethane,Silver,,17.99,/242/62/224048_GY_1,224048_GY_1.jpg,none,,,,,
224462_CA,224462,Wallet MELBY Camel,_CA,Camel,Wallet,Wallet,Real Fur,Polyurethane; Thermoplastic Polyurethane; Cow Leather; Polyester,,,15.99,/242/62/224462_CA_1,224462_CA_1.jpg,none,,,,,
224476_BU,224476,Wallet MELBY Burgundy,_BU,Burgundy,Wallet,Wallet,Plain PU,Polyurethane; Polyester; Polyurethane,,,10.99,/242/62/224476_BU_1,224476_BU_1.jpg,none,,,,,
224476_SV,224476,Wallet MELBY Silver,_SV,Silver,Wallet,Wallet,Plain PU,Polyurethane; Polyurethane; Polyester,,,10.99,/242/62/224476_SV_1,224476_SV_1.jpg,none,,,,,
224481_CA,224481,Wallet MELBY Camel,_CA,Camel,Wallet,Wallet,Plain PU,Thermoplastic Polyurethane; Polyurethane; Polyester; Polyurethane,,,15.99,/242/62/224481_CA_1,224481_CA_1.jpg,none,,,,,
224482_BU,224482,Coin Purse MELBY Burgundy,_BU,Burgundy,Wallet,Coin Purse,Plain PU,Polyurethane; Polyester,,,7.99,/242/62/224482_BU_1,224482_BU_1.jpg,none,,,,,
224482_YL,224482,Coin Purse MELBY Yellow,_YL,Yellow,Wallet,Coin Purse,Plain PU,Polyurethane; Polyester,,,7.99,/242/62/224482_YL_1,224482_YL_1.jpg,none,,,,,
224540_KK,224540,Wallet SIENNA Khaki,_KK,Khaki,Wallet,Wallet,Real Suede,Cow Suede Leather; Polyester; Polyurethane,,,19.99,/242/62/224540_KK_1,224540_KK_1.jpg,none,,,,,
224546_OR,224546,Card Holder SIENNA Orange,_OR,Orange,Wallet,Card Holder,Fantasy PU,Polyester; Polyurethane,,,9.99,/242/62/224546_OR_1,224546_OR_1.jpg,none,,,,,
224546_SV,224546,Card Holder SIENNA Silver,_SV,Silver,Wallet,Card Holder,Fantasy PU,Polyurethane; Polyester,,,9.99,/242/62/224546_SV_1,224546_SV_1.jpg,none,,,,,
224550_LB,224550,Wallet SIENNA Light Blue,_LB,Light Blue,Wallet,Wallet,Real Suede,Polyester; Polyurethane; Cow Suede Leather,,,17.99,/242/62/224550_LB_1,224550_LB_1.jpg,none,,,,,
224559_KK,224559,Phone Holder FLAGE Khaki,_KK,Khaki,Wallet,Phone Holder,Printed Nylon,Polyurethane; Polyurethane; Polyester; Polyester,,,15.99,/242/62/224559_KK_1,224559_KK_1.jpg,none,,,,,
224711_BM,224711,Notebook SHILLOH Bright Multicolor,_BM,Bright Multicolor,Wallet,Others,Notebook,Paper; Paper,,,17.99,/242/62/224711_BM_1,224711_BM_1.jpg,none,,,,,
224741_BM,224741,Card Holder SHILLOH Bright Multicolor,_BM,Bright Multicolor,Wallet,Card Holder,Peach PU,Polyester; Thermoplastic Polyurethane; Polyester,,,7.99,/242/62/224741_BM_1,224741_BM_1.jpg,none,,,,,
224741_BU,224741,Card Holder SHILLOH Burgundy,_BU,Burgundy,Wallet,Card Holder,Peach PU,Polyester; Thermoplastic Polyurethane; Polyester,,,7.99,/242/62/224741_BU_1,224741_BU_1.jpg,none,,,,,
224744_KK,224744,Wallet SHILLOH Khaki,_KK,Khaki,Wallet,Wallet,Peach PU,Polyurethane; Thermoplastic Polyurethane; Polyester; Polyurethane,,,12.99,/242/62/224744_KK_1,224744_KK_1.jpg,none,,,,,
224746_BK,224746,Wallet SHILLOH Black,_BK,Black,Wallet,Wallet,Peach PU,Thermoplastic Polyurethane; Polyurethane; Polyurethane; Polyester,,,15.99,/242/62/224746_BK_1,224746_BK_1.jpg,none,,,,,
224746_BU,224746,Wallet SHILLOH Burgundy,_BU,Burgundy,Wallet,Wallet,Peach PU,Polyurethane; Polyester; Polyurethane; Thermoplastic Polyurethane,,,15.99,/242/62/224746_BU_1,224746_BU_1.jpg,none,,,,,
224746_LB,224746,Wallet SHILLOH Light Blue,_LB,Light Blue,Wallet,Wallet,Peach PU,Thermoplastic Polyurethane; Polyester; Polyurethane; Polyurethane,,,15.99,/242/62/224746_LB_1,224746_LB_1.jpg,none,,,,,
224770_BM,224770,Multipurpose Purse SHILLOH Bright Multicolor,_BM,Bright Multicolor,Wallet,Multipurpose Purse,Printed Nylon,Polyester; Polyester,,,19.99,/242/62/224770_BM_1,224770_BM_1.jpg,none,,,,,
224791_BM,224791,Wallet SHILLOH Bright Multicolor,_BM,Bright Multicolor,Wallet,Wallet,Printed PU,Polyester; Polyamide; Thermoplastic Polyurethane; Polyamide; Polyester,,,15.99,/242/62/224791_BM_1,224791_BM_1.jpg,none,,,,,
224844_BN,224844,Wallet PANTERA2 Brown,_BN,Brown,Wallet,Wallet,Real Fur,Polyurethane; Cow Leather; Polyester,,,19.99,/242/62/224844_BN_1,224844_BN_1.jpg,none,,,,,
224903_SK,224903,Coin Purse BASIC OCTOBER Skin,_SK,Skin,Wallet,Coin Purse,Plain PU,Polyurethane; Polyester,,,7.99,/242/62/224903_SK_1,224903_SK_1.jpg,none,,,,,
224951_DM,224951,Multipurpose Purse RATATUI Dark Multicolor,_DM,Dark Multicolor,Wallet,Multipurpose Purse,Printed Nylon,Polyester; Polyamide; Polyester,,,17.99,/242/62/224951_DM_1,224951_DM_1.jpg,none,,,,,
224967_DM,224967,Wallet KENDALL Dark Multicolor,_DM,Dark Multicolor,Wallet,Wallet,Animal Embossed PU,Polyurethane; Polyester; Polyurethane,,,10.99,/242/62/224967_DM_1,224967_DM_1.jpg,none,,,,,
224969_DM,224969,Card Holder KENDALL Dark Multicolor,_DM,Dark Multicolor,Wallet,Card Holder,Real Suede,Polyester; Cow Suede Leather; Polyurethane,,,15.99,/242/62/224969_DM_1,224969_DM_1.jpg,none,,,,,
224969_EC,224969,Card Holder KENDALL Ecru,_EC,Ecru,Wallet,Card Holder,Real Suede,Cow Suede Leather; Polyurethane; Polyester,,,15.99,/242/62/224969_EC_1,224969_EC_1.jpg,none,,,,,
