PROD_CLR_EQUIV,PROD_REF,PROD_DES_BASE,CLR_COD,CLR_DES,CAT_DES_EN,GFA_DES_EN,GFS_DES_EN,COMPOSITION,FINISHING,MATERIAL,PRICE_BASE_W_VAT,PROG_IMAGE,img_file,priority,issues,review_status,fixes,reviewer,notes
220697_BK,220697,Sac WOODY1 Black,_BK,Black,Hand Bag,Tote,Plain PU,Polyurethane; Polyurethane,Light Golden,,25.99,/241/54/220697_BK_1,220697_BK_1.jpg,high,TYPE_CONFLICT_DESC,,,,
224036_GY,224036,Wallet CORDY Grey,_GY,Grey,Wallet,Others,Printed Fake Nylon,Polyester; Polyurethane,Silver,,5.99,/242/62/224036_GY_1,224036_GY_1.jpg,high,TYPE_CONFLICT_DESC,,,,
211743_GN,211743,T-shirt ESSENTIALS T DISPLAY 1 Green,_GN,Green,Apparel,T-shirt,Circular,Elastane; Polyester; recycled polyester,,Polyester,12.99,/232/64/211743_1,211743_1.jpg,medium,IMG_GENERIC;SALES_MISSING,,,,
212124_EC,212124,Trousers TUSCA Ecru,_EC,Ecru,Apparel,Trousers,Woven,Lyocell,,Lyocell,25.99,/232/64/212124_ECXS-S_2,212124_ECXS-S_2.jpg,medium,IMG_GENERIC,,,,
212347_BM,212347,Sweater TWINS Bright Multicolor,_BM,Bright Multicolor,Apparel,Sweater,Knit,Acrylic; Polyamide; Polyester; Wool,,Polyester,25.99,/232/64/212347_1,212347_1.jpg,medium,IMG_GENERIC,,,,
212384_EC,212384,Dress TAOR Ecru,_EC,Ecru,Apparel,Dress,Acessories,Polyester; Polyethylene Terephthalate,,Polyester,49.99,/232/64/212384_1,212384_1.jpg,medium,IMG_GENERIC;SALES_MISSING,,,,
215398_DG,215398,Shirt MAXI AGOSTO Dark Grey,_DG,Dark Grey,Apparel,Shirt,Woven,Viscose,,Viscose,32.99,/232/64/215398_1,,medium,IMG_FILE_MISSING;IMG_GENERIC;IMG_SHARED,,,,
215398_GY,215398,Shirt MAXI AGOSTO Grey,_GY,Grey,Apparel,Shirt,Woven,Viscose,,Viscose,32.99,/232/64/215398_1,,medium,IMG_FILE_MISSING;IMG_GENERIC;IMG_SHARED,,,,
215514_PK,215514,Trousers ESSENTIALS T DISPLAY 1 Pink,_PK,Pink,Apparel,Trousers,Circular,Elastane; Modal; Polyester,,Modal,27.99,/232/64/215514_1,215514_1.jpg,medium,IMG_GENERIC,,,,
217936_GN,217936,Shirt PLUS Green,_GN,Green,Apparel,Shirt,Woven,Viscose; Polyamide,,,39.99,/241/64/217936_1,217936_1.jpg,medium,IMG_GENERIC;SALES_MISSING,,,,
219039_BL,219039,Top MAXI Blue,_BL,Blue,Apparel,Top,Woven,Cotton; Elastane,,,29.99,/241/64/219039_2,219039_2.jpg,medium,IMG_GENERIC;IMG_SHARED;SALES_MISSING,,,,
219039_YL,219039,Top MAXI Yellow,_YL,Yellow,Apparel,Top,Woven,Cotton; Elastane,,,29.99,/241/64/219039_2,219039_2.jpg,medium,IMG_GENERIC;IMG_SHARED;SALES_MISSING,,,,
227692_BK,227692,Trousers B3 NOVEMBRO Black,_BK,Black,Apparel,Trousers,Knit,Polyamide; Acrylic; Wool; Polyester,,Polyester,29.99,/242/64/227692_1,,medium,IMG_FILE_MISSING;IMG_GENERIC;IMG_SHARED;SALES_MISSING,,,,
227692_BU,227692,Trousers B3 NOVEMBRO Burgundy,_BU,Burgundy,Apparel,Trousers,Knit,Wool; Polyester; Acrylic; Polyamide,,Polyester,29.99,/242/64/227692_1,,medium,IMG_FILE_MISSING;IMG_GENERIC;IMG_SHARED;SALES_MISSING,,,,
227692_EC,227692,Trousers B3 NOVEMBRO Ecru,_EC,Ecru,Apparel,Trousers,Knit,Polyamide; Polyester; Wool; Acrylic,,Polyester,29.99,/242/64/227692_1,,medium,IMG_FILE_MISSING;IMG_GENERIC;IMG_SHARED;SALES_MISSING,,,,
227782_BK,227782,Dress TRENDY Black,_BK,Black,Apparel,Dress,Woven,Polyester; Polyester; Metallic Fiber,,Polyester,45.99,/242/64/227782_BKL_2,,medium,IMG_FILE_MISSING;IMG_GENERIC;SALES_MISSING,,,,
227825_BK,227825,Top TRENDY Black,_BK,Black,Apparel,Top,Woven,Polyester; Elastane; Polyester,,,32.99,/242/64/227825_1,,medium,IMG_FILE_MISSING;IMG_GENERIC;IMG_SHARED;SALES_MISSING,,,,
227825_EC,227825,Top TRENDY Ecru,_EC,Ecru,Apparel,Top,Woven,Polyester; Polyester; Elastane,,,32.99,/242/64/227825_1,,medium,IMG_FILE_MISSING;IMG_GENERIC;IMG_SHARED;SALES_MISSING,,,,
227927_DG,227927,Cardigan C2 NOVEMBRO Dark Grey,_DG,Dark Grey,Apparel,Cardigan,Knit,Polyamide; Acrylic; Wool; Elastane; recycled polyester,,,32.99,/242/64/227927_1,,medium,IMG_FILE_MISSING;IMG_GENERIC;SALES_MISSING,,,,
228194_EC,228194,Coat CLOSET13 Ecru,_EC,Ecru,Apparel,Coat,Woven,Polyamide; Polyamide; Polyester,,Polyamide,59.99,/242/64/228194_ECXXS_2,,medium,IMG_FILE_MISSING;IMG_GENERIC;SALES_MISSING,,,,
228891_BK,228891,Skirt C2 NOVEMBRO Black,_BK,Black,Apparel,Skirt,Woven,Polyester; Polyester; Lyocell,,Lyocell,39.99,/242/64/228891_1,,medium,IMG_FILE_MISSING;IMG_GENERIC;SALES_MISSING,,,,
229911_BN,229911,Skirt B4NOV Brown,_BN,Brown,Apparel,Skirt,Circular,Cotton; Polyester; Wool,,Wool,39.99,/242/64/229911_1,,medium,IMG_FILE_MISSING;IMG_GENERIC;IMG_SHARED;SALES_MISSING,,,,
229911_EC,229911,Skirt B4NOV Ecru,_EC,Ecru,Apparel,Skirt,Circular,Cotton; Polyester; Wool,,Wool,39.99,/242/64/229911_1,,medium,IMG_FILE_MISSING;IMG_GENERIC;IMG_SHARED;SALES_MISSING,,,,
229911_GY,229911,Skirt B4NOV Grey,_GY,Grey,Apparel,Skirt,Circular,Cotton; Wool; Polyester,,Wool,39.99,/242/64/229911_1,,medium,IMG_FILE_MISSING;IMG_GENERIC;IMG_SHARED;SALES_MISSING,,,,
230256_BM,230256,Skirt TRENDY Bright Multicolor,_BM,Bright Multicolor,Apparel,Skirt,Woven,Polyester; Polyester,,Polyester,39.99,/242/64/230256_1,,medium,IMG_FILE_MISSING;IMG_GENERIC;SALES_MISSING,,,,
2127221GN,212722,Trainer Shoes GREEN BEIGE TRAINER Green,1GN,Green,Footwear,Trainers,Textile,Polyester; Polyester; Polyester; Polyurethane; Rubber,,,35.99,/232/53/212722_2,212722_2.jpg,medium,IMG_GENERIC;SALES_MISSING,,,,
2127221PK,212722,Trainer Shoes PINK BEIGE TRAINER Pink,1PK,Pink,Footwear,Trainers,Textile,Polyester; Polyester; Polyester; Polyurethane; Rubber,,,35.99,/232/53/212722_3,212722_3.jpg,medium,IMG_GENERIC;SALES_MISSING,,,,
224135_KK,224135,Boots RUBBER BOOT Khaki,_KK,Khaki,Footwear,Boots,PU,Polyurethane; Polyurethane; Rubber; Polyurethane; Polyester,,,55.99,/242/53/224135_2,224135_2.jpg,medium,IMG_GENERIC;SALES_MISSING,,,,
212405_GY,212405,Sac CRUELLA1 Grey,_GY,Grey,Hand Bag,Sac,Fantasy Fabric,Polyester; Polyester; Polyurethane; Polyurethane,,,25.99,/232/54/212405_1,,medium,IMG_FILE_MISSING;IMG_GENERIC,,,,
2167601EC,216760,Tote Bag JUNGLE LEATHER Ecru,1EC,Ecru,Hand Bag,Tote,Leather,Cow Leather,Antik Silver,,49.99,/242/54/2167601EC_1,2167601EC_1.jpg,medium,IMG_SHARED,,,,
2167601GD,216760,Tote Bag JUNGLE LEATHER Gold,1GD,Gold,Hand Bag,Tote,Leather,Cow Leather,Antik Silver,,49.99,/242/54/2167601GD_1,2167601GD_1.jpg,medium,IMG_SHARED,,,,
2167601SV,216760,Tote Bag JUNGLE LEATHER Silver,1SV,Silver,Hand Bag,Tote,Leather,Cow Leather,Antik Silver,,49.99,/242/54/2167601SV_1,2167601SV_1.jpg,medium,IMG_SHARED,,,,
216760_EC,216760,Tote Bag JUNGLE LEATHER Ecru,_EC,Ecru,Hand Bag,Tote,Leather,Cotton; Cow Leather; Cow Leather,Silver,,49.99,/241/54/216760_EC_1,216760_EC_1.jpg,medium,IMG_SHARED,,,,
216760_GD,216760,Tote Bag JUNGLE LEATHER Gold,_GD,Gold,Hand Bag,Tote,Leather,Cotton; Cow Leather; Cow Leather,Silver,,49.99,/241/54/216760_GD_1,216760_GD_1.jpg,medium,IMG_SHARED,,,,
216760_SV,216760,Tote Bag JUNGLE LEATHER Silver,_SV,Silver,Hand Bag,Tote,Leather,Cotton; Cow Leather; Cow Leather,Silver,,49.99,/241/54/216760_SV_1,216760_SV_1.jpg,medium,IMG_SHARED,,,,
218394_BK,218394,Shopper Bag CUPIDO2 Black,_BK,Black,Hand Bag,Shopper,Printed PU,Cotton; Cotton; Linen; Linen; Polyurethane; Polyurethane; Polyurethane,Light Golden,,25.99,/241/54/218394_BK_1,218394_BK_1.jpg,medium,IMG_SHARED,,,,
218954_CA,220601,Shopper Bag ZOO1 Camel,_CA,Camel,Hand Bag,Shopper,Plain PU,Cotton; Linen; Polyester; Polyester; Polyurethane; Polyurethane; Polyurethane,Silver,,27.99,/241/54/220601_1,220601_1.jpg,medium,IMG_GENERIC;IMG_SHARED,,,,
220601_BL,220601,Shopper Bag ZOO1 Blue,_BL,Blue,Hand Bag,Shopper,Plain PU,Polyurethane; Cotton; Linen; Polyester; Polyester; Polyurethane; Polyurethane,,,27.99,/241/54/220601_1,220601_1.jpg,medium,IMG_GENERIC;IMG_SHARED,,,,
221982_BK,221982,Shopper Bag NEVERA HBPROVISION Black,_BK,Black,Hand Bag,Shopper,Plain PU,Polyurethane; Polyurethane,Silver,,25.99,/242/54/221982_1,221982_1.jpg,medium,IMG_GENERIC;IMG_SHARED,,,,
221982_EC,221982,Shopper Bag NEVERA HBPROVISION Ecru,_EC,Ecru,Hand Bag,Shopper,Plain PU,Polyurethane; Polyurethane,Silver,,25.99,/242/54/221982_1,221982_1.jpg,medium,IMG_GENERIC;IMG_SHARED,,,,
221982_TU,221982,Shopper Bag NEVERA HBPROVISION Taupe,_TU,Taupe,Hand Bag,Shopper,Plain PU,Polyurethane; Polyurethane,Silver,,25.99,/242/54/221982_1,221982_1.jpg,medium,IMG_GENERIC;IMG_SHARED,,,,
172276_PP,172276,Earring FANCY PEARLS,_PP,Papaya,Jewellery,Earrings,Dangle,Stone; Zinc; Iron,Golden,,5.99,/242/52/172276_PP_1,172276_PP_1.jpg,medium,CLR_NOT_IN_DESC,,,,
176549_BK,176549,Earring WILD COLOR,_BK,Black,Jewellery,Earrings,Hoop Earrings,Enamel; Zinc,Golden,,5.99,/201/52/176549_1,176549_1.jpg,medium,IMG_GENERIC;CLR_NOT_IN_DESC,,,,
181831_BL,181831,Earring GOLDEN BASICS,_BL,Blue,Jewellery,Earrings,Dangle,Glass; Iron; Zinc,Golden,,7.99,/211/52/181831_1,181831_1.jpg,medium,IMG_GENERIC;CLR_NOT_IN_DESC,,,,
193166_BR,193166,Earring mulstone Brick Red,_BR,Brick Red,Jewellery,Earrings,Dangle,Iron; Stone,Brushed Golden,,7.99,/221/52/193166_1,,medium,IMG_FILE_MISSING;IMG_GENERIC,,,,
2097121LL,209712,Phone case FASHION SUPPLEMENTS Lilac,1LL,Lilac,Jewellery,Mobile Accessories,Mobile Cases,Iron; Thermoplastic Polyurethane,Golden,,8.99,/232/52/2097121LL_1,2097121LL_1.jpg,medium,IMG_SHARED,,,,
209712_LL,209712,Phone case FASHION SUPPLEMENTS Lilac,_LL,Lilac,Jewellery,Mobile Accessories,Mobile Cases,Iron; Thermoplastic Polyurethane,Golden,,8.99,/232/52/209712_LL_1,209712_LL_1.jpg,medium,IMG_SHARED,,,,
211880_LM,211880,Earring TREND Lime,_LM,Lime,Jewellery,Earrings,Stud,Cork,Golden,,9.99,/232/52/211880_1,211880_1.png,medium,IMG_GENERIC,,,,
211994_TG,211994,Earring BHLOTUS,_TG,Pastel Green,Jewellery,Earrings,Stud,Iron; Stone,Brushed Golden,,4.99,/242/52/211994_TG_1,211994_TG_1.jpg,medium,CLR_NOT_IN_DESC,,,,
212494_HM,212494,Bracelet ORPHIC Halftone Multicolor,_HM,Halftone Multicolor,Jewellery,Bracelets,Elastic Bracelet,Resin; Acrylic; Iron,Golden,,7.99,/232/52/212494_1,212494_1.jpg,medium,IMG_GENERIC,,,,
212971_PK,212971,Ring mulstone Pink,_PK,Pink,Jewellery,Rings,Band Ring,Enamel; Zinc,Golden,,5.99,/232/52/212971_1,,medium,IMG_FILE_MISSING;IMG_GENERIC,,,,
212974_TG,212974,Earring mulstone Pastel Green,_TG,Pastel Green,Jewellery,Earrings,Drop,Iron; Pearl; Resin; Zinc,Brushed Golden,,5.99,/232/52/212974_1,,medium,IMG_FILE_MISSING;IMG_GENERIC,,,,
212987_HM,212987,Bracelet mulstone Halftone Multicolor,_HM,Halftone Multicolor,Jewellery,Bracelets,Elastic Bracelet,Acrylic; Brass; Shell; Stone; Zinc,Golden,,7.99,/232/52/212987_1,,medium,IMG_FILE_MISSING;IMG_GENERIC,,,,
213323_GD,213323,Bracelet GLDN DEL Gold,_GD,Gold,Jewellery,Bracelets,Non-Adjustable Bracelet,Brass; Iron,Golden,,8.99,/232/52/213323_1,213323_1.jpg,medium,IMG_GENERIC;SALES_MISSING,,,,
213337_GD,213337,Set of Earrings GOLDEN BASICS Gold,_GD,Gold,Jewellery,Earrings,Stud,Copper; Iron,Brushed Golden,,5.99,/232/52/213337_1,213337_1.jpg,medium,IMG_GENERIC;SALES_MISSING,,,,
213362_GD,213362,Ring GLDN DEL Gold,_GD,Gold,Jewellery,Rings,Cocktail,Brass; Glass,Golden,,5.99,/232/52/213362_1,213362_1.jpg,medium,IMG_GENERIC;SALES_MISSING,,,,
213753_GD,213753,Earring TREND Gold,_GD,Gold,Jewellery,Earrings,Hoop Earrings,Iron,Golden,,9.99,/232/52/213753_1,213753_1.jpg,medium,IMG_GENERIC,,,,
213838_PU,213838,Ring ULTRAVIO Purple,_PU,Purple,Jewellery,Rings,Fantasy,Cork,Worn Gold,,6.99,/232/52/213838_1,213838_1.jpg,medium,IMG_GENERIC,,,,
213957_BM,213957,Earring GUARANI VIBES Bright Multicolor,_BM,Bright Multicolor,Jewellery,Earrings,Hoop Earrings,Acrylic; Steel; Thermoplastic Polyurethane,Golden,,5.99,/232/52/213957_1,,medium,IMG_FILE_MISSING;IMG_GENERIC,,,,
214171_HM,214171,Earring ORPHIC Halftone Multicolor,_HM,Halftone Multicolor,Jewellery,Earrings,Dangle,Acrylic; Iron; Stone; Zamac,Brushed Golden,,7.99,/232/52/214171_1,214171_1.jpg,medium,IMG_GENERIC;SALES_MISSING,,,,
214651_PK,214651,Earring TREND Pink,_PK,Pink,Jewellery,Earrings,Dangle,Cork,Other,,9.99,/232/52/214651_1,,medium,IMG_FILE_MISSING;IMG_GENERIC;SALES_MISSING,,,,
215508_HM,215508,Ring GLDN DEL Halftone Multicolor,_HM,Halftone Multicolor,Jewellery,Rings,Band Ring,Zinc; Zirconium,Golden,,5.99,/241/52/215508_1,215508_1.jpg,medium,IMG_GENERIC;SALES_MISSING,,,,
225264_PE,225264,Bracelet NEW CLASSIC Pearl,_PE,Pearl,Jewellery,Bracelets,Elastic Bracelet,Cork; Elastane; Acrylic,Other,,5.99,/242/52/225264_1.,,medium,IMG_FILE_MISSING;IMG_GENERIC;SALES_MISSING,,,,
226354_BU,226354,Earring WESTERNP Burgundy,_BU,Burgundy,Jewellery,Earrings,Hoop Earrings,Cork; Enamel; Zinc,,,7.99,/242/52/226354_2,,medium,IMG_FILE_MISSING;IMG_GENERIC;SALES_MISSING,,,,
226380_GD,226380,Earring LIGHTNING BOLD Gold,_GD,Gold,Jewellery,Earrings,Dangle,Cork; Zinc; Glass; Nylon,Golden,,7.99,/242/52/226380_1,,medium,IMG_FILE_MISSING;IMG_GENERIC;SALES_MISSING,,,,
226385_MI,226385,Earring NEPTUNE Midnight Blue,_MI,Midnight Blue,Jewellery,Earrings,Stud,Cork,Black Nikel,,7.99,/242/52/226385_1,,medium,IMG_FILE_MISSING;IMG_GENERIC;SALES_MISSING,,,,
226582_MI,226582,Earring NEPTUNE Midnight Blue,_MI,Midnight Blue,Jewellery,Earrings,Dangle,Cork,Black Nikel,,7.99,/242/52/226582_1,,medium,IMG_FILE_MISSING;IMG_GENERIC;SALES_MISSING,,,,
226699_MI,226699,Bracelet NEPTUNE Midnight Blue,_MI,Midnight Blue,Jewellery,Bracelets,Bangle,Cork,Other,,8.99,/242/52/226699_1,,medium,IMG_FILE_MISSING;IMG_GENERIC;SALES_MISSING,,,,
226706_MI,226706,Earring NEPTUNE Midnight Blue,_MI,Midnight Blue,Jewellery,Earrings,Ear Cuff,Cork,Black Nikel,,5.99,/242/52/226706_1,,medium,IMG_FILE_MISSING;IMG_GENERIC;SALES_MISSING,,,,
226713_KN,226713,Necklace NEPTUNE Black Nickel,_KN,Black Nickel,Jewellery,Necklaces,Chain,Cork,Black Nikel,,15.99,/242/52/226713_1,,medium,IMG_FILE_MISSING;IMG_GENERIC,,,,
227032_GN,227032,Earring GALÁPAGOS Green,_GN,Green,Jewellery,Earrings,Hoop Earrings,Cork; Stone; Iron; Zinc,Antik Golden,,5.99,/242/52/227032_1,,medium,IMG_FILE_MISSING;IMG_GENERIC;SALES_MISSING,,,,
227085_GD,227085,Earring NEW CLASSIC Gold,_GD,Gold,Jewellery,Earrings,Stud,Cork; Zinc; Acrylic,Golden,,7.99,/242/52/227085_1,,medium,IMG_FILE_MISSING;IMG_GENERIC;SALES_MISSING,,,,
208071_EC,208071,Wallet SAMANTHA Ecru,_EC,Ecru,Wallet,Wallet,Plain PU,Polyester; Polyurethane; Polyurethane,,,12.99,/232/62/208071_1,208071_1.jpg,medium,IMG_GENERIC;IMG_SHARED,,,,
208071_MD,208071,Wallet SAMANTHA Mustard,_MD,Mustard,Wallet,Wallet,Plain PU,Polyurethane; Polyester; Polyurethane,,,12.99,/232/62/208071_1,208071_1.jpg,medium,IMG_GENERIC;IMG_SHARED,,,,
214201_HM,214201,Card Holder Avril Halftone Multicolor,_HM,Halftone Multicolor,Wallet,Card Holder,Color Block,Polyester; Polyester; Polyurethane,,,9.99,/232/62/214201_1,214201_1.jpg,medium,IMG_GENERIC;SALES_MISSING,,,,
225776_BK,225776,Wallet GLORIA Black,_BK,Black,Wallet,Wallet,Real Fur,Cow Leather; Polyurethane; Polyester,,,25.99,/242/62/225776_1,,medium,IMG_FILE_MISSING;IMG_GENERIC;SALES_MISSING,,,,
225872_EC,225872,Wallet GLORIA Ecru,_EC,Ecru,Wallet,Wallet,Plain PU,Polyester; Polyurethane; Polyurethane,,,10.99,/242/62/225872_1,,medium,IMG_FILE_MISSING;IMG_GENERIC,,,,
227511_BK,227511,Wallet DOLLY Black,_BK,Black,Wallet,Wallet,Peach PU,Polyurethane; Polyester; Polyurethane,,,15.99,/242/62/227511_1,,medium,IMG_FILE_MISSING;IMG_GENERIC;IMG_SHARED,,,,
227511_GN,227511,Wallet DOLLY Green,_GN,Green,Wallet,Wallet,Peach PU,Polyester; Polyurethane; Polyurethane,,,15.99,/242/62/227511_1,,medium,IMG_FILE_MISSING;IMG_GENERIC;IMG_SHARED;SALES_MISSING,,,,
227512_DM,227512,Wallet DOLLY Dark Multicolor,_DM,Dark Multicolor,Wallet,Wallet,Printed PU,Polyurethane; Polyester; Polyurethane; Thermoplastic Polyurethane,,,15.99,/242/62/227512_1,,medium,IMG_FILE_MISSING;IMG_GENERIC;SALES_MISSING,,,,
214564_FU,214564,Shirt Hot dez Fuchsia,_FU,Fuchsia,Apparel,Shirt,Woven,Viscose,,Viscose,23.99,/241/64/214564_FU_1,,info,IMG_FILE_MISSING,,,,
214629_BM,214629,Shirt Neptune Bright Multicolor,_BM,Bright Multicolor,Apparel,Shirt,Woven,Viscose,,,29.99,/241/64/214629_BM_1,,info,IMG_FILE_MISSING,,,,
214667_BM,214667,Cardigan KUSAMA Bright Multicolor,_BM,Bright Multicolor,Apparel,Cardigan,Knit,Polyamide; Viscose,,Viscose,39.99,/232/64/214667_BM_1,,info,IMG_FILE_MISSING,,,,
224890_BK,224890,Coat TUBR Black,_BK,Black,Apparel,Coat,Woven,Polyamide; Polyester; Polyester; Cotton,,Polyester,49.99,/242/64/224890_BK_1,224890_BK_1.jpg,info,SALES_MISSING,,,,
224890_DB,224890,Coat EXCLUSIVE Dark Brown,_DB,Dark Brown,Apparel,Coat,Woven,Polyester; Polyamide; Polyester; Cotton,,Polyester,49.99,/242/64/224890_DB_1,224890_DB_1.jpg,info,SALES_MISSING,,,,
224890_KK,224890,Coat gg Khaki,_KK,Khaki,Apparel,Coat,Woven,Polyester; Polyester; Polyamide; Cotton,,Polyester,49.99,/242/64/224890_KK_2y,224890_KK_2y.jpg,info,SALES_MISSING,,,,
225101_BL,225101,Sweater P2 Blue,_BL,Blue,Apparel,Sweater,Knit,Acrylic; Polyester; Wool; Polyamide,,,32.99,/242/64/225101_BL_1,,info,IMG_FILE_MISSING,,,,
225101_WT,225101,Sweater P2 White,_WT,White,Apparel,Sweater,Knit,Polyester; Wool; Polyamide; Acrylic,,,32.99,/242/64/225101_WT_1,,info,IMG_FILE_MISSING,,,,
225142_NV,225142,Dress BETS Navy,_NV,Navy,Apparel,Dress,Woven,Polyamide; Viscose,,,39.99,/242/64/225142_NV_1,,info,IMG_FILE_MISSING,,,,
225201_BL,225201,Trousers B4 Blue,_BL,Blue,Apparel,Trousers,Woven,Viscose; Polyamide,,,29.99,/242/64/225201_BL_1,,info,IMG_FILE_MISSING,,,,
225207_BG,225207,Shirt 77 Beige,_BG,Beige,Apparel,Shirt,Woven,Cotton,,Cotton,32.99,/242/64/225207_BG_1,,info,IMG_FILE_MISSING,,,,
225207_WT,225207,Shirt gg White,_WT,White,Apparel,Shirt,Woven,Cotton,,Cotton,32.99,/242/64/225207_WT_1,,info,IMG_FILE_MISSING,,,,
225313_KK,225313,Coat UB Khaki,_KK,Khaki,Apparel,Coat,Woven,Cotton,,,69.99,/242/64/225313_KK_1,,info,IMG_FILE_MISSING,,,,
225582_BK,225582,Sweater CAXEMIRA Black,_BK,Black,Apparel,Sweater,Knit,Cashmere,,,99.99,/242/64/225582_BK_1,,info,IMG_FILE_MISSING,,,,
225582_CA,225582,Sweater CAXEMIRA Camel,_CA,Camel,Apparel,Sweater,Knit,Cashmere,,,99.99,/242/64/225582_CA_1,,info,IMG_FILE_MISSING,,,,
225582_WT,225582,Sweater CAXEMIRA White,_WT,White,Apparel,Sweater,Knit,Cashmere,,,99.99,/242/64/225582_WT_1,,info,IMG_FILE_MISSING,,,,
225607_BM,225607,Sweater UB Bright Multicolor,_BM,Bright Multicolor,Apparel,Sweater,Knit,Viscose; Cotton,,,32.99,/242/64/225607_BM_1,,info,IMG_FILE_MISSING,,,,
225619_BL,225619,Sweatshirt TU Blue,_BL,Blue,Apparel,Sweatshirt,Circular,Cotton; Polyester,,,32.99,/242/64/225619_BL_1,,info,IMG_FILE_MISSING,,,,
225619_GY,225619,Sweatshirt UB Grey,_GY,Grey,Apparel,Sweatshirt,Circular,Polyester; Cotton,,,32.99,/242/64/225619_GY_1,,info,IMG_FILE_MISSING,,,,
226285_BM,226285,Raincoat 77 Bright Multicolor,_BM,Bright Multicolor,Apparel,Raincoat,Woven,Polyester; Polyester,,Polyester,59.99,/242/64/226285_BM_1,,info,IMG_FILE_MISSING,,,,
226511_BK,226511,Shirt MY Black,_BK,Black,Apparel,Shirt,Woven,Viscose,,,35.99,/242/64/226511_BK_1,,info,IMG_FILE_MISSING;SALES_MISSING,,,,
226511_PK,226511,Shirt MY Pink,_PK,Pink,Apparel,Shirt,Woven,Viscose,,,35.99,/242/64/226511_PK_1,,info,IMG_FILE_MISSING;SALES_MISSING,,,,
226588_BU,226588,Sweater outu Burgundy,_BU,Burgundy,Apparel,Sweater,Knit,Polyester,,Polyester,32.99,/242/64/226588_BU_1,,info,IMG_FILE_MISSING,,,,
226610_BG,226610,Sweater RB Beige,_BG,Beige,Apparel,Sweater,Knit,Polyamide; Wool; Polyester; Acrylic,,Acrylic,35.99,/242/64/226610_BG_1,,info,IMG_FILE_MISSING,,,,
226610_BU,226610,Sweater BETS Burgundy,_BU,Burgundy,Apparel,Sweater,Knit,Acrylic; Polyamide; Wool; Polyester,,Acrylic,35.99,/242/64/226610_BU_1,,info,IMG_FILE_MISSING;SALES_MISSING,,,,
226610_DG,226610,Sweater RB Dark Grey,_DG,Dark Grey,Apparel,Sweater,Knit,Polyester; Polyamide; Acrylic; Wool,,Acrylic,35.99,/242/64/226610_DG_1,,info,IMG_FILE_MISSING,,,,
226740_NM,226740,Dress BRIDAL CAPSULE Neutral Multicolor,_NM,Neutral Multicolor,Apparel,Dress,Woven,Cotton,,,220.0,/242/64/226740_NM_1,,info,IMG_FILE_MISSING,,,,
226769_BK,226769,Blazer TRENDY Black,_BK,Black,Apparel,Blazer,Woven,Polyester; Viscose; Polyester; Wool,,,69.99,/242/64/226769_BK_1,,info,IMG_FILE_MISSING;SALES_MISSING,,,,
226783_GY,226783,Shirt ARABE Grey,_GY,Grey,Apparel,Shirt,Woven,Lyocell; Viscose; Linen,,,35.99,/242/64/226783_GY_1,,info,IMG_FILE_MISSING,,,,
226801_BN,226801,Shirt OU Brown,_BN,Brown,Apparel,Shirt,Woven,elastomultiéster; Polyester,,,32.99,/242/64/226801_BN_1,,info,IMG_FILE_MISSING,,,,
226819_BG,226819,Trousers bro Beige,_BG,Beige,Apparel,Trousers,Woven,Elastane; Polyester; Viscose,,Polyester,39.99,/242/64/226819_BG_1,,info,IMG_FILE_MISSING,,,,
226819_GY,226819,Trousers bro Grey,_GY,Grey,Apparel,Trousers,Woven,Elastane; Viscose; Polyester,,Polyester,39.99,/242/64/226819_GY_1,,info,IMG_FILE_MISSING,,,,
226886_BM,226886,Skirt bro Bright Multicolor,_BM,Bright Multicolor,Apparel,Skirt,Woven,Polyester; Viscose; Elastane,,,39.99,/242/64/226886_BM_1,,info,IMG_FILE_MISSING,,,,
226912_AN,226912,Trousers UU Anthracite,_AN,Anthracite,Apparel,Trousers,Circular,Polyamide; Viscose; Elastane; Polyester,,Viscose,27.99,/242/64/226912_AN_1,,info,IMG_FILE_MISSING,,,,
226912_EC,226912,Trousers UU Ecru,_EC,Ecru,Apparel,Trousers,Circular,Viscose; Polyamide; Polyester; Elastane,,Viscose,27.99,/242/64/226912_EC_1,,info,IMG_FILE_MISSING,,,,
227063_BK,227063,Dress LL Black,_BK,Black,Apparel,Dress,Circular,Viscose; Elastane; Polyamide,,,35.99,/242/64/227063_BK_1,,info,IMG_FILE_MISSING,,,,
227063_BU,227063,Dress LL Burgundy,_BU,Burgundy,Apparel,Dress,Circular,Polyamide; Viscose; Elastane,,,35.99,/242/64/227063_BU_1,,info,IMG_FILE_MISSING;SALES_MISSING,,,,
227072_GY,227072,T-shirt IE Grey,_GY,Grey,Apparel,T-shirt,Circular,Polyester; Elastane,,Polyester,19.99,/242/64/227072_GY_1,,info,IMG_FILE_MISSING;SALES_MISSING,,,,
227131_BU,227131,Shorts QUADROS Burgundy,_BU,Burgundy,Apparel,Shorts,Knit,Polyamide; Wool; Acrylic,,Acrylic,25.99,/242/64/227131_BU_1,,info,IMG_FILE_MISSING,,,,
227209_BG,227209,Trousers BETS Beige,_BG,Beige,Apparel,Trousers,Knit,Polyamide; Polyester; Acrylic; Wool,,Acrylic,32.99,/242/64/227209_BG_1,,info,IMG_FILE_MISSING,,,,
227209_BU,227209,Trousers BETS Burgundy,_BU,Burgundy,Apparel,Trousers,Knit,Wool; Polyamide; Polyester; Acrylic,,Acrylic,32.99,/242/64/227209_BU_6,,info,IMG_FILE_MISSING;SALES_MISSING,,,,
227209_DG,227209,Trousers BETS Dark Grey,_DG,Dark Grey,Apparel,Trousers,Knit,Acrylic; Polyester; Polyamide; Wool,,Acrylic,32.99,/242/64/227209_DG_1,,info,IMG_FILE_MISSING,,,,
227257_BU,227257,T-shirt C4 SET Burgundy,_BU,Burgundy,Apparel,T-shirt,Circular,Cotton,,,19.99,/242/64/227257_BU_1,,info,IMG_FILE_MISSING,,,,
227257_GY,227257,T-shirt C4 SET Grey,_GY,Grey,Apparel,T-shirt,Circular,Cotton,,,19.99,/242/64/227257_GY_1,,info,IMG_FILE_MISSING,,,,
227296_BN,227296,Coat BETS Brown,_BN,Brown,Apparel,Coat,Woven,Polyester; Polyester,,Polyester,89.99,/242/64/227296_BN_1,,info,IMG_FILE_MISSING,,,,
227315_BN,227315,Coat COWBOY Brown,_BN,Brown,Apparel,Coat,Woven,Goat Leather; Polyester,,,99.99,/242/64/227315_BN_1,,info,IMG_FILE_MISSING;SALES_MISSING,,,,
227315_RD,227315,Coat BETS Red,_RD,Red,Apparel,Coat,Woven,Polyester; Goat Leather,,Leather,99.99,/242/64/227315_RD_1,,info,IMG_FILE_MISSING;SALES_MISSING,,,,
227411_BL,227411,Shirt LL Blue,_BL,Blue,Apparel,Shirt,Woven,Elastane; Viscose,,,32.99,/242/64/227411_BL_1,,info,IMG_FILE_MISSING;SALES_MISSING,,,,
227411_EC,227411,Shirt LL Ecru,_EC,Ecru,Apparel,Shirt,Woven,Elastane; Viscose,,,32.99,/242/64/227411_EC_1,,info,IMG_FILE_MISSING;SALES_MISSING,,,,
227448_BL,227448,T-shirt IE Blue,_BL,Blue,Apparel,T-shirt,Circular,Cotton; Viscose; Polyester,,Polyester,17.99,/242/64/227448_BL_1,,info,IMG_FILE_MISSING;SALES_MISSING,,,,
227494_CA,227494,Shorts QUADROS Camel,_CA,Camel,Apparel,Shorts,Woven,Goat Leather; Cotton,,,69.99,/242/64/227494_CA_1,,info,IMG_FILE_MISSING,,,,
227686_GY,227686,Sweater gg Grey,_GY,Grey,Apparel,Sweater,Knit,Acrylic; Polyamide; Wool; Polyester; Lyocell; Viscose,,Polyester,45.99,/242/64/227686_GY_1,,info,IMG_FILE_MISSING,,,,
228068_BL,228068,Sweater C3 NOV Blue,_BL,Blue,Apparel,Sweater,Knit,recycled polyester; Elastane; Polyester; Wool; Polyamide,,Recycled Polyester,32.99,/242/64/228068_BL_1,,info,IMG_FILE_MISSING;SALES_MISSING,,,,
228068_EC,228068,Sweater C3 NOV Ecru,_EC,Ecru,Apparel,Sweater,Knit,Polyester; recycled polyester; Wool; Elastane; Polyamide,,Recycled Polyester,32.99,/242/64/228068_EC_1,,info,IMG_FILE_MISSING;SALES_MISSING,,,,
228194_BK,228194,Coat C2 NOVEMBRO Black,_BK,Black,Apparel,Coat,Woven,Polyester; Polyamide; Polyamide,,Polyamide,59.99,/242/64/228194_BK_1,,info,IMG_FILE_MISSING;SALES_MISSING,,,,
228204_BU,228204,Sweatshirt IE Burgundy,_BU,Burgundy,Apparel,Sweatshirt,Circular,Cotton; Polyester; Polyester,,,32.99,/242/64/228204_BU_1y,,info,IMG_FILE_MISSING;SALES_MISSING,,,,
228688_BM,228688,Sweater COWBOY Bright Multicolor,_BM,Bright Multicolor,Apparel,Sweater,Knit,Viscose,,Viscose,23.99,/242/64/228688_BM_1,,info,IMG_FILE_MISSING;SALES_MISSING,,,,
228730_BN,228730,Skirt B5 NOVEMBRO Brown,_BN,Brown,Apparel,Skirt,Knit,Elastane; Acrylic; Wool; Polyester,,Polyester,29.99,/242/64/228730_BN_1,,info,IMG_FILE_MISSING;SALES_MISSING,,,,
228730_EC,228730,Skirt B5 NOVEMBRO Ecru,_EC,Ecru,Apparel,Skirt,Knit,Elastane; Wool; Polyester; Acrylic,,Polyester,29.99,/242/64/228730_EC_1,,info,IMG_FILE_MISSING;SALES_MISSING,,,,
228730_GY,228730,Skirt B5 NOVEMBRO Grey,_GY,Grey,Apparel,Skirt,Knit,Acrylic; Polyester; Elastane; Wool,,Polyester,29.99,/242/64/228730_GY_1,,info,IMG_FILE_MISSING;SALES_MISSING,,,,
229485_GY,229485,Skirt BETS Grey,_GY,Grey,Apparel,Skirt,Woven,Polyester; Wool; Polyester,,Polyester,39.99,/242/64/229485_GY_1,,info,IMG_FILE_MISSING;SALES_MISSING,,,,
230076_BM,230076,Top TRENDY Bright Multicolor,_BM,Bright Multicolor,Apparel,Top,Circular,Polyester; Elastane,,Polyester,19.99,/242/64/230076_BM_1,,info,IMG_FILE_MISSING;SALES_MISSING,,,,
224419_BU,224419,NYLON BURGUNDY,_BU,Burgundy,Footwear,Trainers,Textile,Polyurethane; Polyester; Rubber; Polyester,,,35.99,/242/53/224419_BU_1,224419_BU_1.jpg,info,SALES_MISSING,,,,
226983_BK,226983,High Heel Sandals PARTY SANDAL Black,_BK,Black,Footwear,High Heel Sandals,Textile,Polyurethane; Rubber; Polyester; Polyester; Polyurethane,,,35.99,/242/53/226983_BK_1,,info,IMG_FILE_MISSING;SALES_MISSING,,,,
214666_BG,214666,Crossbody Bag CAMI 1 Beige,_BG,Beige,Hand Bag,Cross,Real Suede,Polyurethane; Cow Suede Leather; Polyester; Polyurethane,Light Golden,,29.99,/241/54/214666_BG_1,,info,IMG_FILE_MISSING,,,,
214666_BK,214666,Crossbody Bag CAMI 2 Black,_BK,Black,Hand Bag,Cross,Real Suede,Cow Suede Leather; Polyester; Polyurethane; Polyurethane,Light Golden,,29.99,/241/54/214666_BK_1,,info,IMG_FILE_MISSING,,,,
225154_YL,225154,Crossbody Bag WESTERN1 Yellow,_YL,Yellow,Hand Bag,Cross,Fantasy PU,Polyester; Polyurethane; Polyurethane,Silver,,25.99,/242/54/225154_YL_1,,info,IMG_FILE_MISSING;SALES_MISSING,,,,
225226_BK,225226,Tote Bag COLLAGE3 Black,_BK,Black,Hand Bag,Tote,Nylon,Polyester; Polyester; Polyester; Polyester; Polyurethane,Silver,,29.99,/242/54/225226_BK_1,,info,IMG_FILE_MISSING,,,,
225226_TU,225226,Tote Bag COLLAGE3 Taupe,_TU,Taupe,Hand Bag,Tote,Nylon,Polyester; Polyester; Polyester; Polyurethane; Polyester,Silver,,29.99,/242/54/225226_TU_1,,info,IMG_FILE_MISSING,,,,
225653_BK,225653,Shoulder Bag SCOTS3 Black,_BK,Black,Hand Bag,Shoulder Bag,Real Suede,Cow Suede Leather; Polyester; Polyurethane,,,39.99,/242/54/225653_BK_1,,info,IMG_FILE_MISSING,,,,
225653_BN,225653,Shoulder Bag SCOTS3 Brown,_BN,Brown,Hand Bag,Shoulder Bag,Real Suede,Polyester; Cow Suede Leather; Polyurethane,,,39.99,/242/54/225653_BN_1,,info,IMG_FILE_MISSING,,,,
225653_RD,225653,Shoulder Bag SCOTS3 Red,_RD,Red,Hand Bag,Shoulder Bag,Real Suede,Cow Suede Leather; Polyester; Polyurethane,,,39.99,/242/54/225653_RD_1,,info,IMG_FILE_MISSING,,,,
225662_BK,225662,Crossbody Bag COLLAGE2 Black,_BK,Black,Hand Bag,Cross,Peach PU,Polyurethane; Polyester; Polyester; Polyurethane,,,27.99,/242/54/225662_BK_1,,info,IMG_FILE_MISSING,,,,
225662_TU,225662,Crossbody Bag COLLAGE2 Taupe,_TU,Taupe,Hand Bag,Cross,Peach PU,Polyurethane; Polyester; Polyester; Polyurethane,,,27.99,/242/54/225662_TU_1,,info,IMG_FILE_MISSING,,,,
225663_OR,225663,Crossbody Bag COLLAGE2 Orange,_OR,Orange,Hand Bag,Cross,Fantasy PU,Polyurethane; Polyester; Polyester; Polyurethane,Silver,,25.99,/242/54/225663_OR_1,,info,IMG_FILE_MISSING,,,,
225678_BK,225678,Tote Bag COLLAGE1 Black,_BK,Black,Hand Bag,Tote,Peach PU,Polyurethane; Polyester; Polyurethane,Silver,,25.99,/242/54/225678_BK_1,,info,IMG_FILE_MISSING,,,,
225678_BU,225678,Tote Bag COLLAGE1 Burgundy,_BU,Burgundy,Hand Bag,Tote,Peach PU,Polyurethane; Polyester; Polyurethane,Silver,,25.99,/242/54/225678_BU_1,,info,IMG_FILE_MISSING,,,,
225678_EC,225678,Tote Bag COLLAGE1 Ecru,_EC,Ecru,Hand Bag,Tote,Peach PU,Polyurethane; Polyester; Polyurethane,Silver,,25.99,/242/54/225678_EC_1,,info,IMG_FILE_MISSING,,,,
225678_OR,225678,Tote Bag COLLAGE1 Orange,_OR,Orange,Hand Bag,Tote,Peach PU,Polyurethane; Polyester; Polyurethane,Silver,,25.99,/242/54/225678_OR_1,,info,IMG_FILE_MISSING,,,,
226297_BK,226297,Tote Bag BROOKE Black,_BK,Black,Hand Bag,Tote,Plain PU,Polyurethane; Polyester; Polyurethane; Polyurethane; Polyester; Polyurethane,Light Golden,,25.99,/242/54/226297_BK_1,,info,IMG_FILE_MISSING,,,,
226297_EC,226297,Tote Bag BROOKE Ecru,_EC,Ecru,Hand Bag,Tote,Plain PU,Polyurethane; Polyester; Polyurethane; Polyester; Polyurethane; Polyurethane,Light Golden,,25.99,/242/54/226297_EC_1,,info,IMG_FILE_MISSING,,,,
226297_KK,226297,Tote Bag BROOKE Khaki,_KK,Khaki,Hand Bag,Tote,Plain PU,Polyurethane; Polyester; Polyester; Polyurethane; Polyurethane; Polyurethane,Light Golden,,25.99,/242/54/226297_KK_1,,info,IMG_FILE_MISSING,,,,
226316_BK,226316,Shopper Bag BROOKE Black,_BK,Black,Hand Bag,Shopper,Jacquard,Polyester; Polyester; Polyester; Polyurethane; Zinc; Polyurethane,Light Golden,,32.99,/242/54/226316_BK_1,,info,IMG_FILE_MISSING,,,,
226599_BK,226599,Tote Bag CLAUDIS CAPSULE Black,_BK,Black,Hand Bag,Tote,Fantasy PU,Polyurethane; Polyurethane,Silver,,27.99,/242/54/226599_BK_1,,info,IMG_FILE_MISSING,,,,
226599_EC,226599,Tote Bag CLAUDIS CAPSULE Ecru,_EC,Ecru,Hand Bag,Tote,Fantasy PU,Polyurethane; Polyurethane,Silver,,27.99,/242/54/226599_EC_1,,info,IMG_FILE_MISSING,,,,
226599_NV,226599,Tote Bag CLAUDIS CAPSULE Navy,_NV,Navy,Hand Bag,Tote,Fantasy PU,Polyurethane; Polyurethane,Silver,,27.99,/242/54/226599_NV_1,,info,IMG_FILE_MISSING,,,,
226599_TU,226599,Tote Bag CLAUDIS CAPSULE Taupe,_TU,Taupe,Hand Bag,Tote,Fantasy PU,Polyurethane; Polyurethane,Silver,,27.99,/242/54/226599_TU_1,,info,IMG_FILE_MISSING,,,,
226599_YL,226599,Tote Bag CLAUDIS CAPSULE Yellow,_YL,Yellow,Hand Bag,Tote,Fantasy PU,Polyurethane; Polyurethane,Silver,,27.99,/242/54/226599_YL_1,,info,IMG_FILE_MISSING,,,,
226608_DM,226608,Shopper Bag COLLAGE2 Dark Multicolor,_DM,Dark Multicolor,Hand Bag,Shopper,Printed Nylon,Polyester; Polyester; Polyurethane,Silver,,29.99,/242/54/226608_DM_1,,info,IMG_FILE_MISSING,,,,
226693_BK,226693,Sac WESTERN3 Black,_BK,Black,Hand Bag,Sac,Plain PU,Polyurethane; Polyester; Polyester; Polyurethane; Polyurethane,,,27.99,/242/54/226693_BK_1,,info,IMG_FILE_MISSING;SALES_MISSING,,,,
226693_BN,226693,Sac WESTERN3 Brown,_BN,Brown,Hand Bag,Sac,Plain PU,Polyurethane; Polyester; Polyurethane; Polyester; Polyurethane,,,27.99,/242/54/226693_BN_1,,info,IMG_FILE_MISSING,,,,
226693_KK,226693,Sac WESTERN3 Khaki,_KK,Khaki,Hand Bag,Sac,Plain PU,Polyester; Polyurethane; Polyester; Polyurethane; Polyurethane,,,27.99,/242/54/226693_KK_1,,info,IMG_FILE_MISSING,,,,
226792_BK,226792,Tote Bag WINTER MAORI Black,_BK,Black,Hand Bag,Tote,Peach PU,Polyurethane; Polyurethane; Polyurethane; Polyester,Silver,,23.99,/242/54/226792_BK_1,,info,IMG_FILE_MISSING;SALES_MISSING,,,,
226792_TU,226792,Tote Bag WINTER MAORI Taupe,_TU,Taupe,Hand Bag,Tote,Peach PU,Polyurethane; Polyester; Polyurethane; Polyurethane,Silver,,23.99,/242/54/226792_TU_1,,info,IMG_FILE_MISSING;SALES_MISSING,,,,
226919_BU,226919,Backpack LEO3 Burgundy,_BU,Burgundy,Hand Bag,Backpack,Fantasy Fabric,Polyester; Thermoplastic Polyurethane; Cotton; Polyester,,,49.99,/242/54/226919_BU_1,,info,IMG_FILE_MISSING,,,,
177043_MM,177043,Necklace GOLDEN PROVISION Metallic Multicolor,_MM,Metallic Multicolor,Jewellery,Necklaces,Pendant,Iron; Shell; Zinc,Brushed Golden,Enamel,9.99,/202/52/177043_MM_1,177043_MM_1.jpg,info,SALES_MISSING,,,,
181831_RO,181831,Earring NEOPOP Old Rose,_RO,Old Rose,Jewellery,Earrings,Dangle,Glass; Iron; Zinc,Black Nikel,,8.99,/242/52/181831_RO_1,181831_RO_1.jpg,info,SALES_MISSING,,,,
214557_BK,214557,Earring ECLIPSE Black,_BK,Black,Jewellery,Earrings,Hoop Earrings,Enamel; Zinc,Golden,,7.99,/232/52/214557_BK_1,,info,IMG_FILE_MISSING,,,,
214572_MI,214572,Earring Moonlight azure Midnight Blue,_MI,Midnight Blue,Jewellery,Earrings,Hoop Earrings,Enamel; Zinc,Golden,,5.99,/232/52/214572_MI_1,,info,IMG_FILE_MISSING,,,,
214589_MI,214589,Earring Moonlight azure Midnight Blue,_MI,Midnight Blue,Jewellery,Earrings,Dangle,Glass; Iron; Wool; Metal and Cord,Other,,12.99,/232/52/214589_MI_1,,info,IMG_FILE_MISSING,,,,
214605_MI,214605,Earring Moonlight azure Midnight Blue,_MI,Midnight Blue,Jewellery,Earrings,Hoop Earrings,Enamel; Zinc,Golden,,7.99,/232/52/214605_MI_1,,info,IMG_FILE_MISSING,,,,
214628_OR,214628,Earring TREND Orange,_OR,Orange,Jewellery,Earrings,Stud,Glass; Iron,Other,,9.99,/232/52/214628_OR_1,,info,IMG_FILE_MISSING,,,,
214640_HM,214640,Earring TREND Halftone Multicolor,_HM,Halftone Multicolor,Jewellery,Earrings,Dangle,Brass; Glass,Black Nikel,,15.99,/232/52/214640_HM_1,,info,IMG_FILE_MISSING,,,,
216328_HM,216328,Bracelet MONETT Halftone Multicolor,_HM,Halftone Multicolor,Jewellery,Bracelets,Elastic Bracelet,Enamel; Zinc,Golden,,7.99,/242/52/216328_HM_1,216328_HM_1.jpg,info,SALES_MISSING,,,,
216731_BK,216731,Masks Halloween capsula Black,_BK,Black,Jewellery,Other Jewellery,Masks,Polyester,Golden,,19.99,/232/52/216731_BK_1,,info,IMG_FILE_MISSING,,,,
224309_HM,224309,Ring MONETT Halftone Multicolor,_HM,Halftone Multicolor,Jewellery,Rings,Cocktail,Zinc; Enamel; Cork,Golden,,4.99,/242/52/224309_HM_1,224309_HM_1.jpg,info,SALES_MISSING,,,,
225068_BL,225068,Set of Earrings ATMOSPHERE Blue,_BL,Blue,Jewellery,Earrings,Hoop Earrings,Cork; Iron; Resin; Enamel; Zinc,Rodhium,,5.99,/242/52/225068_BL_1,,info,IMG_FILE_MISSING,,,,
225174_SV,225174,Bracelet SILVER BASICS Silver,_SV,Silver,Jewellery,Bracelets,Cuff,Cork; Zinc,Rodhium,,7.99,/242/52/225174_SV_1,,info,IMG_FILE_MISSING,,,,
225223_GD,225223,Earring NEW CLASSIC Gold,_GD,Gold,Jewellery,Earrings,Stud,Iron; Acrylic,,,8.99,/242/52/225223_GD_1,,info,IMG_FILE_MISSING,,,,
225231_GD,225231,Ring NEW CLASSIC Gold,_GD,Gold,Jewellery,Rings,Band Ring,Zinc; Acrylic,Cooper,,4.99,/242/52/225231_GD_1,,info,IMG_FILE_MISSING,,,,
225241_WT,225241,Necklace NEW CLASSIC White,_WT,White,Jewellery,Necklaces,Pendant,Cork; Zinc; Thermoplastic Polyurethane; Iron,Golden,,15.99,/242/52/225241_WT_1,,info,IMG_FILE_MISSING,,,,
225246_WT,225246,Earring NEW CLASSIC White,_WT,White,Jewellery,Earrings,Stud,Zinc; Acrylic; Cork,Golden,,5.99,/242/52/225246_WT_1,,info,IMG_FILE_MISSING,,,,
225252_PE,225252,Earring NEW CLASSIC Pearl,_PE,Pearl,Jewellery,Earrings,Stud,Cork; Acrylic; Zinc,Golden,,5.99,/242/52/225252_PE_1,,info,IMG_FILE_MISSING,,,,
225272_WT,225272,Necklace NEW CLASSIC White,_WT,White,Jewellery,Necklaces,Beaded Necklace,Cork; Iron; Acrylic,Golden,,12.99,/242/52/225272_WT_1,,info,IMG_FILE_MISSING,,,,
225280_WT,225280,Ring NEW CLASSIC White,_WT,White,Jewellery,Rings,Cocktail,Cork; Glass,Golden,,4.99,/242/52/225280_WT_1,,info,IMG_FILE_MISSING,,,,
225505_PE,225505,Earring NEW CLASSIC Pearl,_PE,Pearl,Jewellery,Earrings,Clip Earrings,Iron; Thermoplastic Polyurethane; Cork,Golden,,7.99,/242/52/225505_PE_1,,info,IMG_FILE_MISSING,,,,
225512_GD,225512,Set of Earrings NEW CLASSIC Gold,_GD,Gold,Jewellery,Earrings,Hoop Earrings,Cork; Thermoplastic Polyurethane; Iron; Zinc,,,8.99,/242/52/225512_GD_1,,info,IMG_FILE_MISSING,,,,
225585_HM,225585,Earring MODERN STONES Halftone Multicolor,_HM,Halftone Multicolor,Jewellery,Earrings,Hoop Earrings,Brass; Resin,Golden,,5.99,/242/52/225585_HM_1,,info,IMG_FILE_MISSING,,,,
225597_PM,225597,Ring MODERN STONES Pastel Multicolor,_PM,Pastel Multicolor,Jewellery,Rings,Stone/Gem,Stone; Brass,Golden,,7.99,/242/52/225597_PM_1,,info,IMG_FILE_MISSING,,,,
225667_PM,225667,Set of Necklaces MODERN STONES Pastel Multicolor,_PM,Pastel Multicolor,Jewellery,Necklaces,Pendant,Stone; Resin; Iron; Cork,Golden,,15.99,/242/52/225667_PM_1,,info,IMG_FILE_MISSING,,,,
225672_HM,225672,Set of Bracelets MODERN STONES Halftone Multicolor,_HM,Halftone Multicolor,Jewellery,Bracelets,Elastic Bracelet,Zinc; Stone; Resin; Cork; Acrylic; Thermoplastic Polyurethane,Golden,,7.99,/242/52/225672_HM_1,,info,IMG_FILE_MISSING,,,,
225679_HM,225679,Earring MODERN STONES Halftone Multicolor,_HM,Halftone Multicolor,Jewellery,Earrings,Hoop Earrings,Thermoplastic Polyurethane; Iron; Cork,Golden,,7.99,/242/52/225679_HM_1,,info,IMG_FILE_MISSING,,,,
226209_LB,226209,Earring MODERN STONES Light Blue,_LB,Light Blue,Jewellery,Earrings,Hoop Earrings,Cork; Thermoplastic Polyurethane; Brass,Golden,,5.99,/242/52/226209_LB_1,,info,IMG_FILE_MISSING,,,,
226218_GD,226218,Set of Rings NEW CLASSIC Gold,_GD,Gold,Jewellery,Rings,Band Ring,Cork; Acrylic; Iron,Golden,,7.99,/242/52/226218_GD_1,,info,IMG_FILE_MISSING,,,,
226223_HM,226223,Set of Necklaces MODERN STONES Halftone Multicolor,_HM,Halftone Multicolor,Jewellery,Necklaces,Pendant,Cork; Stone; Brass; Polyester; Thermoplastic Polyurethane; Resin; Glass; Iron,Golden,,15.99,/242/52/226223_HM_1,,info,IMG_FILE_MISSING,,,,
226229_HM,226229,Ring MODERN STONES Halftone Multicolor,_HM,Halftone Multicolor,Jewellery,Rings,Stone/Gem,Cork; Resin; Zinc,Golden,,6.99,/242/52/226229_HM_1,,info,IMG_FILE_MISSING,,,,
226290_PK,226290,Earring MODERN STONES Pink,_PK,Pink,Jewellery,Earrings,Dangle,Cork; Thermoplastic Polyurethane; Stone; Acrylic; Pearl; Iron,Golden,,8.99,/242/52/226290_PK_1,,info,IMG_FILE_MISSING,,,,
226341_GD,226341,Bracelet WESTERNP Gold,_GD,Gold,Jewellery,Bracelets,Elastic Bracelet,Thermoplastic Polyurethane; Zinc,Worn Gold,,7.99,/242/52/226341_GD_1,,info,IMG_FILE_MISSING,,,,
226348_BU,226348,Set of Earrings WESTERNP Burgundy,_BU,Burgundy,Jewellery,Earrings,Hoop Earrings,Zinc; Iron; Glass; Acrylic; Cork,Worn Gold,,8.99,/242/52/226348_BU_1,,info,IMG_FILE_MISSING,,,,
226361_GD,226361,Ring LIGHTNING BOLD Gold,_GD,Gold,Jewellery,Rings,Band Ring,Brass; Zirconium; Cork,Golden,,6.99,/242/52/226361_GD_1,,info,IMG_FILE_MISSING,,,,
226372_GD,226372,Ring LIGHTNING BOLD Gold,_GD,Gold,Jewellery,Rings,Cocktail,Cork; Glass; Brass,Golden,,7.99,/242/52/226372_GD_1,,info,IMG_FILE_MISSING;SALES_MISSING,,,,
226378_GD,226378,Necklace LIGHTNING BOLD Gold,_GD,Gold,Jewellery,Necklaces,Collar,Cork; Glass; Iron,Golden,,15.99,/242/52/226378_GD_1,,info,IMG_FILE_MISSING,,,,
226380_SV,226380,Earring LIGHTNING BOLD Silver,_SV,Silver,Jewellery,Earrings,Dangle,Glass; Nylon; Zinc,Golden,,7.99,/242/52/226380_SV_1,,info,IMG_FILE_MISSING,,,,
226393_BU,226393,Bracelet WESTERNP Burgundy,_BU,Burgundy,Jewellery,Bracelets,Elastic Bracelet,Cork; Thermoplastic Polyurethane; Glass; Zinc; Acrylic,Worn Gold,,8.99,/242/52/226393_BU_1,,info,IMG_FILE_MISSING,,,,
226398_BU,226398,Earring WESTERNP Burgundy,_BU,Burgundy,Jewellery,Earrings,Hoop Earrings,Iron; Resin; Zinc; Cork,Worn Gold,,7.99,/242/52/226398_BU_1,,info,IMG_FILE_MISSING,,,,
226405_BU,226405,Earring WESTERNP Burgundy,_BU,Burgundy,Jewellery,Earrings,Dangle,Brass; Zinc; Resin,Worn Gold,,7.99,/242/52/226405_BU_1,,info,IMG_FILE_MISSING,,,,
226426_BU,226426,Earring WESTERNP Burgundy,_BU,Burgundy,Jewellery,Earrings,Hoop Earrings,Glass; Iron,Worn Gold,,5.99,/242/52/226426_BU_1,,info,IMG_FILE_MISSING,,,,
226432_GD,226432,Ring WESTERNP Gold,_GD,Gold,Jewellery,Rings,Band Ring,Zinc,Worn Gold,,5.99,/242/52/226432_GD_1,,info,IMG_FILE_MISSING,,,,
226470_SV,226470,Earring LIGHTNING BOLD Silver,_SV,Silver,Jewellery,Earrings,Stud,Cork; Glass; Thermoplastic Polyurethane,Silver,,7.99,/242/52/226470_SV_1,,info,IMG_FILE_MISSING,,,,
226479_GD,226479,Ring LIGHTNING BOLD Gold,_GD,Gold,Jewellery,Rings,Cocktail,Cork; Zirconium; Glass; Zinc,,,9.99,/242/52/226479_GD_1,,info,IMG_FILE_MISSING,,,,
226485_GD,226485,Earring LIGHTNING BOLD Gold,_GD,Gold,Jewellery,Earrings,Stud,Cork; Brass; Zirconium,,,9.99,/242/52/226485_GD_1,,info,IMG_FILE_MISSING,,,,
226493_GD,226493,Earring LIGHTNING BOLD Gold,_GD,Gold,Jewellery,Earrings,Clip Earrings,Cork; Zinc; Glass,Golden,,7.99,/242/52/226493_GD_1,,info,IMG_FILE_MISSING,,,,
226499_GD,226499,Ring LIGHTNING BOLD Gold,_GD,Gold,Jewellery,Rings,Band Ring,Ceramic; Zirconium; Brass,,,6.99,/242/52/226499_GD_1,,info,IMG_FILE_MISSING,,,,
226509_GD,226509,Necklace Golden Basics Gold,_GD,Gold,Jewellery,Necklaces,Bib Necklace,Brass; Cow Leather; Iron; Cork,Golden,,19.99,/242/52/226509_GD_1,,info,IMG_FILE_MISSING,,,,
226520_GD,226520,Earring LIGHTNING BOLD Gold,_GD,Gold,Jewellery,Earrings,Stud,Zirconium; Brass; Cork,Golden,,15.99,/242/52/226520_GD_1,,info,IMG_FILE_MISSING,,,,
226528_GD,226528,Earring LIGHTNING BOLD Gold,_GD,Gold,Jewellery,Earrings,Stud,Brass; Zirconium; Cork,Golden,,7.99,/242/52/226528_GD_1,,info,IMG_FILE_MISSING,,,,
226559_MI,226559,Earring NEPTUNE Midnight Blue,_MI,Midnight Blue,Jewellery,Earrings,Dangle,Resin; Zinc,Black Nikel,,5.99,/242/52/226559_MI_1,,info,IMG_FILE_MISSING,,,,
226646_SV,226646,Earring NEPTUNE Silver,_SV,Silver,Jewellery,Earrings,Hoop Earrings,Glass; Iron,,,12.99,/242/52/226646_SV_1,,info,IMG_FILE_MISSING;SALES_MISSING,,,,
226675_BM,226675,Bracelet ARM MATERA Bright Multicolor,_BM,Bright Multicolor,Jewellery,Bracelets,Adjustable Bracelet,Polyester; Brass,Golden,,7.99,/242/52/226675_BM_1,,info,IMG_FILE_MISSING,,,,
226682_PK,226682,Bracelet ARM MATERA Pink,_PK,Pink,Jewellery,Bracelets,Adjustable Bracelet,Copper; Glass; Zinc; Polyester,Golden,,5.99,/242/52/226682_PK_1,,info,IMG_FILE_MISSING,,,,
226872_DB,226872,Earring GALÁPAGOS Dark Brown,_DB,Dark Brown,Jewellery,Earrings,Hoop Earrings,Cork; Zinc; Acrylic,Antik Golden,,7.99,/242/52/226872_DB_1,,info,IMG_FILE_MISSING,,,,
226884_GD,226884,Bracelet GALÁPAGOS Gold,_GD,Gold,Jewellery,Bracelets,Cuff,Cork; Zinc,Antik Golden,,12.99,/242/52/226884_GD_1,,info,IMG_FILE_MISSING,,,,
226893_DB,226893,Earring GALÁPAGOS Dark Brown,_DB,Dark Brown,Jewellery,Earrings,Dangle,Acrylic; Iron; Thermoplastic Polyurethane; Cork,Antik Golden,,8.99,/242/52/226893_DB_1,,info,IMG_FILE_MISSING,,,,
226899_FG,226899,Necklace GALÁPAGOS Forest Green,_FG,Forest Green,Jewellery,Necklaces,Chain,Zinc; Stone; Iron; Cork,Antik Golden,,12.99,/242/52/226899_FG_1,,info,IMG_FILE_MISSING,,,,
226940_GD,226940,Necklace Golden Basics Gold,_GD,Gold,Jewellery,Necklaces,Pendant,Cork; Brass; Zinc,,,10.99,/242/52/226940_GD_1,,info,IMG_FILE_MISSING,,,,
226969_OG,226969,Ring GALÁPAGOS Old Gold,_OG,Old Gold,Jewellery,Rings,Fantasy,Cork; Thermoplastic Polyurethane,Antik Golden,,6.99,/242/52/226969_OG_1,,info,IMG_FILE_MISSING,,,,
226976_DB,226976,Earring GALÁPAGOS Dark Brown,_DB,Dark Brown,Jewellery,Earrings,Hoop Earrings,Cork; Zinc; Thermoplastic Polyurethane,Antik Golden,,7.99,/242/52/226976_DB_1,,info,IMG_FILE_MISSING,,,,
226994_BK,226994,Earring QUADROS Black,_BK,Black,Jewellery,Earrings,Dangle,Zinc; Iron; Cork; Polyester,Rodhium,,19.99,/242/52/226994_BK_1,,info,IMG_FILE_MISSING,,,,
227008_SV,227008,Earring QUADROS Silver,_SV,Silver,Jewellery,Earrings,Ear Cuff,Cork; Zinc,Rodhium,,15.99,/242/52/227008_SV_1,,info,IMG_FILE_MISSING;SALES_MISSING,,,,
227025_GD,227025,Ring Golden Basics Gold,_GD,Gold,Jewellery,Rings,Band Ring,Cork; Zinc,Golden,,6.99,/242/52/227025_GD_1,,info,IMG_FILE_MISSING,,,,
227038_DB,227038,Earring GALÁPAGOS Dark Brown,_DB,Dark Brown,Jewellery,Earrings,Hoop Earrings,Resin; Brass; Cork,Antik Golden,,5.99,/242/52/227038_DB_1,,info,IMG_FILE_MISSING,,,,
227044_DM,227044,Earring GALÁPAGOS Dark Multicolor,_DM,Dark Multicolor,Jewellery,Earrings,Hoop Earrings,Stone; Iron; Cork,Antik Golden,,7.99,/242/52/227044_DM_1,,info,IMG_FILE_MISSING,,,,
227082_DN,227082,Necklace TREND Dark Green,_DN,Dark Green,Jewellery,Necklaces,Beaded Necklace,Resin; Cotton; Iron,Other,,15.99,/242/52/227082_DN_1,,info,IMG_FILE_MISSING,,,,
227082_OR,227082,Necklace TREND Orange,_OR,Orange,Jewellery,Necklaces,Beaded Necklace,Iron; Resin; Cotton,Other,,15.99,/242/52/227082_OR_1,,info,IMG_FILE_MISSING,,,,
227114_DM,227114,Earring NEOPOP Dark Multicolor,_DM,Dark Multicolor,Jewellery,Earrings,Stud,Zinc; Glass,Black Nikel,,4.99,/242/52/227114_DM_1,,info,IMG_FILE_MISSING,,,,
227156_DM,227156,Ring NEOPOP Dark Multicolor,_DM,Dark Multicolor,Jewellery,Rings,Fantasy,Enamel; Brass; Glass; Cork; Zinc; Resin,Black Nikel,,6.99,/242/52/227156_DM_1,,info,IMG_FILE_MISSING,,,,
227170_DM,227170,Set of Necklaces NEOPOP Dark Multicolor,_DM,Dark Multicolor,Jewellery,Necklaces,Beaded Necklace,Zinc; Iron; Glass; Brass; Resin; Cork,Black Nikel,,12.99,/242/52/227170_DM_1,,info,IMG_FILE_MISSING,,,,
227176_DM,227176,Ring NEOPOP Dark Multicolor,_DM,Dark Multicolor,Jewellery,Rings,Fantasy,Zinc; Glass; Acrylic; Cork,Rodhium,,7.99,/242/52/227176_DM_1,,info,IMG_FILE_MISSING,,,,
227194_BM,227194,Ring NEOPOP Bright Multicolor,_BM,Bright Multicolor,Jewellery,Rings,Fantasy,Resin; Glass,,,8.99,/242/52/227194_BM_1,,info,IMG_FILE_MISSING,,,,
227203_DM,227203,Ring NEOPOP Dark Multicolor,_DM,Dark Multicolor,Jewellery,Rings,Fantasy,Glass; Resin; Cork,Other,,6.99,/242/52/227203_DM_1,,info,IMG_FILE_MISSING,,,,
227531_GD,227531,Bracelet Golden Basics Gold,_GD,Gold,Jewellery,Bracelets,Cuff,Cork; Iron,Golden,,12.99,/242/52/227531_GD_1,,info,IMG_FILE_MISSING,,,,
227997_HM,227997,Earring MONETT Halftone Multicolor,_HM,Halftone Multicolor,Jewellery,Earrings,Clip Earrings,Cork; Enamel; Zinc; Brass,Golden,,5.99,/242/52/227997_HM_1,,info,IMG_FILE_MISSING,,,,
228002_GD,228002,Earring Golden Basics Gold,_GD,Gold,Jewellery,Earrings,Clip Earrings,Copper; Zinc; Rubber,Golden,,7.99,/242/52/228002_GD_1,,info,IMG_FILE_MISSING,,,,
228005_GD,228005,Earring Golden Basics Gold,_GD,Gold,Jewellery,Earrings,Clip Earrings,Cork; Zinc; Brass,Golden,,5.99,/242/52/228005_GD_1,,info,IMG_FILE_MISSING,,,,
228005_SV,228005,Earring SILVER BASICS Silver,_SV,Silver,Jewellery,Earrings,Clip Earrings,Cork; Brass; Zinc,Golden,,5.99,/242/52/228005_SV_1,,info,IMG_FILE_MISSING,,,,
228010_BK,228010,Earring Milagro Black,_BK,Black,Jewellery,Earrings,Clip Earrings,Cork; Zinc; Glass,Golden,,5.99,/242/52/228010_BK_1,,info,IMG_FILE_MISSING,,,,
228197_IV,228197,Set of Bracelets Golden Basics Ivory,_IV,Ivory,Jewellery,Bracelets,Bangle,Resin; Cork,Other,,12.99,/242/52/228197_IV_1,,info,IMG_FILE_MISSING,,,,
229397_SV,229397,Jewellery COWBOY Silver,_SV,Silver,Jewellery,Other Jewellery,Belly Chains,Iron; Acrylic; Cork,Silver,,39.99,/242/52/229397_SV_1,,info,IMG_FILE_MISSING;SALES_MISSING,,,,
229461_BM,229461,Necklace FUNNY COLLECTION Bright Multicolor,_BM,Bright Multicolor,Jewellery,Necklaces,Pendant,Glass; Cork; Iron,Golden,,35.99,/242/52/229461_BM_1,,info,IMG_FILE_MISSING;SALES_MISSING,,,,
214562_DM,214562,Coin Purse gina Dark Multicolor,_DM,Dark Multicolor,Wallet,Coin Purse,Real Fur,Cow Leather; Polyester; Polyurethane; Polyurethane,,,17.99,/232/62/214562_DM_2y,,info,IMG_FILE_MISSING,,,,
214618_BG,214618,Phone Holder CAMI 2 Beige,_BG,Beige,Wallet,Phone Holder,Animal Embossed PU,Polyurethane; Polyester; Polyurethane,Silver,,17.99,/241/62/214618_BG_1,,info,IMG_FILE_MISSING,,,,
214618_BK,214618,Phone Holder CAMI 2 Black,_BK,Black,Wallet,Phone Holder,Animal Embossed PU,Polyester; Polyurethane; Polyurethane,Silver,,17.99,/241/62/214618_BK_1,,info,IMG_FILE_MISSING,,,,
225489_KK,225489,Phone Holder BASIC OCTOBER Khaki,_KK,Khaki,Wallet,Phone Holder,Plain PU,Polyurethane; Thermoplastic Polyurethane; Polyurethane; Polyester,,,17.99,/242/62/225489_KK_1,,info,IMG_FILE_MISSING,,,,
225776_CA,225776,Wallet GLORIA Camel,_CA,Camel,Wallet,Wallet,Real Fur,Cow Leather; Polyurethane; Polyester,,,25.99,/242/62/225776_CA_1,,info,IMG_FILE_MISSING;SALES_MISSING,,,,
226320_KK,226320,Wallet BROOKE Khaki,_KK,Khaki,Wallet,Wallet,Jacquard,Polyester; Polyurethane; Polyurethane; Polyester,,,15.99,/242/62/226320_KK_1,,info,IMG_FILE_MISSING,,,,
212653_BK,192346,T-shirt ESSENTIALS T DISPLAY 1 Black,_BK,Black,Apparel,T-shirt,Circular,Elastane; Polyester; Viscose,,Viscose,23.99,/212/64/192346_BK_1,192346_BK_1.jpg,none,,,,,
195325_BB,195325,Shirt ESSENTIALS T DISPLAY 1 Bright Blue,_BB,Bright Blue,Apparel,Shirt,Woven,Viscose,,Viscose,22.99,/231/64/195325_BB_1,195325_BB_1.jpg,none,,,,,
195325_FU,195325,Shirt ESSENTIALS T DISPLAY 1 Fuchsia,_FU,Fuchsia,Apparel,Shirt,Woven,Viscose,,Viscose,22.99,/231/64/195325_FU_1,195325_FU_1.jpg,none,,,,,
195325_GN,195325,Shirt ESSENTIALS T DISPLAY 1 Green,_GN,Green,Apparel,Shirt,Woven,Viscose,,Viscose,22.99,/232/64/195325_GN_1,195325_GN_1.jpg,none,,,,,
205275_BK,205275,Top APPAREL PROVISION Black,_BK,Black,Apparel,Top,Circular,Elastane; Viscose,,Viscose,17.99,/222/64/205275_BK_1,205275_BK_1.jpg,none,,,,,
206664_NV,206664,Shirt SKALLI Navy,_NV,Navy,Apparel,Shirt,Woven,Linen; Viscose,,,25.99,/231/64/206664_NV_1,206664_NV_1.jpg,none,,,,,
208161_GN,208161,Dress REPEAT Green,_GN,Green,Apparel,Dress,Woven,Lyocell,,Lyocell,32.99,/231/64/208161_GN_1,208161_GN_1.jpg,none,,,,,
209697_FU,209697,Shirt PAULINE Fuchsia,_FU,Fuchsia,Apparel,Shirt,Woven,Lyocell,,Lyocell,22.99,/232/64/209697_FU_1,209697_FU_1.jpg,none,,,,,
209697_LM,209697,Shirt LAB JUNHO Lime,_LM,Lime,Apparel,Shirt,Woven,Lyocell,,Lyocell,22.99,/232/64/209697_LM_1,209697_LM_1.jpg,none,,,,,
209698_EC,209698,Top PAULINE Ecru,_EC,Ecru,Apparel,Top,Woven,Cotton,,Cotton,22.99,/232/64/209698_EC_1,209698_EC_1.jpg,none,,,,,
209824_OR,209824,Dress LOVEBOX2 Orange,_OR,Orange,Apparel,Dress,Woven,Lyocell,,Lyocell,32.99,/232/64/209824_OR_1,209824_OR_1.jpg,none,,,,,
209834_BM,209834,Dress VIMBA Bright Multicolor,_BM,Bright Multicolor,Apparel,Dress,Woven,Polyester; Polyester,,Polyester,29.99,/232/64/209834_BM_1,209834_BM_1.jpg,none,,,,,
209885_YL,209885,Dress LOVEBOX Yellow,_YL,Yellow,Apparel,Dress,Woven,Viscose,,Viscose,39.99,/232/64/209885_YL_1,209885_YL_1.jpg,none,,,,,
210118_EC,210118,Jumpsuit LOVEBOX2 Ecru,_EC,Ecru,Apparel,Jumpsuit,Woven,Linen; Lyocell,,Lyocell,29.99,/232/64/210118_EC_1,210118_EC_1.jpg,none,,,,,
210270_BM,210270,Vest LOVEBOX Bright Multicolor,_BM,Bright Multicolor,Apparel,Vest,Knit,Polyester; RECYCLED COTTON,,Polyester,25.99,/232/64/210270_BM_1,210270_BM_1.jpg,none,,,,,
210419_BK,210419,Top BLACKWHITE Black,_BK,Black,Apparel,Top,Woven,Cotton,,Cotton,15.99,/232/64/210419_BK_1,210419_BK_1.jpg,none,,,,,
210419_BN,210419,Top SKALLI Brown,_BN,Brown,Apparel,Top,Woven,Cotton,,Cotton,15.99,/232/64/210419_BN_1,210419_BN_1.jpg,none,,,,,
210419_WT,210419,Top BLACKWHITE White,_WT,White,Apparel,Top,Woven,Cotton,,Cotton,15.99,/232/64/210419_WT_1,210419_WT_1.jpg,none,,,,,
210496_KK,210496,Kaftan ESSENTIALS T DISPLAY 1 Khaki,_KK,Khaki,Apparel,Kaftan,Woven,Polyamide; Polyester; Viscose,,Polyester,19.99,/231/64/210496_KK_1,210496_KK_1.jpg,none,,,,,
210789_KK,210789,Dress ESSENTIALS T DISPLAY 1 Khaki,_KK,Khaki,Apparel,Dress,Woven,Cotton; Cotton,,Cotton,25.99,/232/64/210789_KK_1,210789_KK_1.jpg,none,,,,,
210789_TQ,210789,Dress ESSENTIALS T DISPLAY 1 Turquoise,_TQ,Turquoise,Apparel,Dress,Woven,Cotton; Cotton,,Cotton,25.99,/232/64/210789_TQ_1,210789_TQ_1.jpg,none,,,,,
210795_BU,210795,Dress PAULINE Burgundy,_BU,Burgundy,Apparel,Dress,Woven,Viscose,,Viscose,27.99,/232/64/210795_BU_1,210795_BU_1.jpg,none,,,,,
210846_EC,210846,Shirt LAB JUNHO Ecru,_EC,Ecru,Apparel,Shirt,Woven,Cotton,,Cotton,25.99,/232/64/210846_EC_1,210846_EC_1.jpg,none,,,,,
210916_EC,210916,Top LAB JUNHO Ecru,_EC,Ecru,Apparel,Top,Knit,Polyamide; Polyester; Viscose,,Viscose,35.99,/232/64/210916_EC_1,210916_EC_1.jpg,none,,,,,
210927_GN,210927,Dress LAB JUNHO Green,_GN,Green,Apparel,Dress,Woven,Polyamide; Polyester,,Polyamide,39.99,/232/64/210927_GN_1,210927_GN_1.jpg,none,,,,,
211029_EC,211029,Shirt KATELL Ecru,_EC,Ecru,Apparel,Shirt,Woven,Cotton,,Cotton,25.99,/232/64/211029_EC_1,211029_EC_1.jpg,none,,,,,
211308_SV,211308,Dress LAB JULHO Silver,_SV,Silver,Apparel,Dress,Woven,Polyamide; Polyester; Viscose,,Viscose,25.99,/232/64/211308_SV_1,211308_SV_1.jpg,none,,,,,
211379_YL,211379,Shirt PAULINE Yellow,_YL,Yellow,Apparel,Shirt,Woven,Linen,,Linen,35.99,/232/64/211379_YL_1,211379_YL_1.jpg,none,,,,,
211451_BM,211451,Bathing Suit TORANJA Bright Multicolor,_BM,Bright Multicolor,Apparel,Bath Suit,Circular,Elastane; Elastane; Polyester; Polyester,,Polyester,25.99,/232/64/211451_BM_1,211451_BM_1.jpg,none,,,,,
211497_BM,211497,Dress TUSCA Bright Multicolor,_BM,Bright Multicolor,Apparel,Dress,Woven,Viscose,,Viscose,29.99,/232/64/211497_BM_1,211497_BM_1.jpg,none,,,,,
211504_DG,211504,Skirt LAB JULHO Dark Grey,_DG,Dark Grey,Apparel,Skirt,Woven,Polyester; Viscose; Wool,,Lyocell,59.99,/232/64/211504_DG_1,211504_DG_1.jpg,none,,,,,
211596_LL,211596,T-shirt PAULINE Lilac,_LL,Lilac,Apparel,T-shirt,Circular,Cotton; Polyester; Viscose,,Viscose,15.99,/232/64/211596_LL_1,211596_LL_1.jpg,none,,,,,
211690_SV,211690,Skirt LAB AGOSTO Silver,_SV,Silver,Apparel,Skirt,Knit,Polyester; Viscose,,Viscose,27.99,/232/64/211690_SV_1,211690_SV_1.jpg,none,,,,,
211911_BK,211911,T-shirt BLACKWHITE Black,_BK,Black,Apparel,T-shirt,Circular,Cotton,,Cotton,15.99,/232/64/211911_BK_1,211911_BK_1.jpg,none,,,,,
211911_WT,211911,T-shirt BLACKWHITE White,_WT,White,Apparel,T-shirt,Circular,Cotton,,Cotton,15.99,/232/64/211911_WT_1,211911_WT_1.jpg,none,,,,,
211914_BL,211914,Trousers BILL Blue,_BL,Blue,Apparel,Trousers,Circular,Elastane; Polyester; Viscose,,Polyester,25.99,/232/64/211914_BL_1,211914_BL_1.jpg,none,,,,,
211914_DG,211914,Trousers SummercapsuleJul Dark Grey,_DG,Dark Grey,Apparel,Trousers,Circular,Elastane; Polyester; Viscose,,Polyester,25.99,/232/64/211914_DG_1,211914_DG_1.jpg,none,,,,,
211914_EC,211914,Trousers SummercapsuleJul Ecru,_EC,Ecru,Apparel,Trousers,Circular,Elastane; Polyester; Viscose,,Polyester,25.99,/232/64/211914_EC_1,211914_EC_1.jpg,none,,,,,
211914_FU,211914,Trousers BILL Fuchsia,_FU,Fuchsia,Apparel,Trousers,Circular,Elastane; Polyester; Viscose,,Polyester,25.99,/232/64/211914_FU_1,211914_FU_1.jpg,none,,,,,
211914_KK,211914,Trousers BILL Khaki,_KK,Khaki,Apparel,Trousers,Circular,Elastane; Polyester; Viscose,,Polyester,25.99,/232/64/211914_KK_1,211914_KK_1.jpg,none,,,,,
211945_SV,211945,Blouse TALLEY Silver,_SV,Silver,Apparel,Blouse,Woven,Metallic Fiber; Modal,,Modal,29.99,/232/64/211945_SV_1,211945_SV_1.jpg,none,,,,,
212096_BM,212096,Raincoat PRIESTLY Bright Multicolor,_BM,Bright Multicolor,Apparel,Raincoat,Woven,Polyester,,Polyester,49.99,/232/64/212096_BM_1,212096_BM_1.jpg,none,,,,,
212124_BK,212124,Trousers TUSCA Black,_BK,Black,Apparel,Trousers,Woven,Lyocell,,Lyocell,25.99,/232/64/212124_BK_1,212124_BK_1.jpg,none,,,,,
212124_FU,212124,Trousers TUSCA Fuchsia,_FU,Fuchsia,Apparel,Trousers,Woven,Lyocell,,Lyocell,25.99,/232/64/212124_FU_1,212124_FU_1.jpg,none,,,,,
212156_BK,212156,Dress BLACKWHITE Black,_BK,Black,Apparel,Dress,Woven,Viscose,,Viscose,32.99,/232/64/212156_BK_1,212156_BK_1.jpg,none,,,,,
212156_BL,212156,Dress MAXI MAIO Blue,_BL,Blue,Apparel,Dress,Woven,Viscose,,Viscose,32.99,/232/64/212156_BL_1,212156_BL_1.jpg,none,,,,,
212156_BN,212156,Dress MAXI MAIO Brown,_BN,Brown,Apparel,Dress,Woven,Viscose,,Viscose,32.99,/232/64/212156_BN_1,212156_BN_1.jpg,none,,,,,
212156_BU,212156,Dress MAXI MAIO Burgundy,_BU,Burgundy,Apparel,Dress,Woven,Viscose,,Viscose,32.99,/232/64/212156_BU_1,212156_BU_1.jpg,none,,,,,
212156_DG,212156,Dress MAXI AGOSTO Dark Grey,_DG,Dark Grey,Apparel,Dress,Woven,Viscose,,Viscose,32.99,/232/64/212156_DG_1,212156_DG_1.jpg,none,,,,,
212156_EC,212156,Dress MAXI MAIO Ecru,_EC,Ecru,Apparel,Dress,Woven,Viscose,,Viscose,32.99,/232/64/212156_EC_1,212156_EC_1.jpg,none,,,,,
212156_FU,212156,Dress MAXI AGOSTO Fuchsia,_FU,Fuchsia,Apparel,Dress,Woven,Viscose,,Viscose,32.99,/232/64/212156_FU_1,212156_FU_1.jpg,none,,,,,
212156_GN,212156,Dress MAXI AGOSTO Green,_GN,Green,Apparel,Dress,Woven,Viscose,,Viscose,32.99,/232/64/212156_GN_1,212156_GN_1.jpg,none,,,,,
212156_GY,212156,Dress MAXI AGOSTO Grey,_GY,Grey,Apparel,Dress,Woven,Viscose,,Viscose,32.99,/232/64/212156_GY_1,212156_GY_1.jpg,none,,,,,
212156_YL,212156,Dress MAXI MAIO Yellow,_YL,Yellow,Apparel,Dress,Woven,Viscose,,Viscose,32.99,/232/64/212156_YL_1,212156_YL_1.jpg,none,,,,,
212179_BK,212179,Top LAB JUNHO Black,_BK,Black,Apparel,Top,Woven,Polyester; Polyester,,Polyester,25.99,/232/64/212179_BK_1,212179_BK_1.jpg,none,,,,,
212180_BG,212180,Raincoat T1 ESSENTIALS Beige,_BG,Beige,Apparel,Raincoat,Woven,Polyester,,,49.99,/232/64/212180_BG_1,212180_BG_1.jpg,none,,,,,
212180_GY,212180,Raincoat Tiffany Grey,_GY,Grey,Apparel,Raincoat,Woven,Polyester,,Polyester,49.99,/241/64/212180_GY_1,212180_GY_1.jpg,none,,,,,
212193_GN,212193,Trousers LAB JULHO Green,_GN,Green,Apparel,Trousers,Woven,Polyester,,Polyester,35.99,/232/64/212193_GN_1,212193_GN_1.jpg,none,,,,,
212201_BM,212201,Dress LAB JUNHO Bright Multicolor,_BM,Bright Multicolor,Apparel,Dress,Woven,Cotton; Ramie,,Linen,49.99,/232/64/212201_BM_1,212201_BM_1.jpg,none,,,,,
212224_BG,212224,Dress MAXI MAIO Beige,_BG,Beige,Apparel,Dress,Woven,Linen,,Linen,45.99,/232/64/212224_BG_1,212224_BG_1.jpg,none,,,,,
212224_KK,212224,Dress MAXI MAIO Khaki,_KK,Khaki,Apparel,Dress,Woven,Linen,,Linen,45.99,/232/64/212224_KK_1,212224_KK_1.jpg,none,,,,,
212224_RD,212224,Dress MAXI MAIO Red,_RD,Red,Apparel,Dress,Woven,Linen,,Linen,45.99,/232/64/212224_RD_1,212224_RD_1.jpg,none,,,,,
212224_WT,212224,Dress MAXI MAIO White,_WT,White,Apparel,Dress,Woven,Linen,,Linen,45.99,/232/64/212224_WT_1,212224_WT_1.jpg,none,,,,,
212288_BK,212288,Sweater TUSCA Black,_BK,Black,Apparel,Sweater,Knit,Polyamide; Viscose,,Viscose,29.99,/232/64/212288_BK_1,212288_BK_1.jpg,none,,,,,
212347_GY,212347,Sweater TWINS Grey,_GY,Grey,Apparel,Sweater,Knit,Acrylic; Polyamide; Polyester; Wool,,Polyester,25.99,/232/64/212347_GY_1,212347_GY_1.jpg,none,,,,,
212347_OR,212347,Sweater TWINS Orange,_OR,Orange,Apparel,Sweater,Knit,Acrylic; Polyamide; Polyester; Wool,,Polyester,25.99,/232/64/212347_OR_1,212347_OR_1.jpg,none,,,,,
212384_GY,212384,Dress TAOR Grey,_GY,Grey,Apparel,Dress,Acessories,Polyester; Polyethylene Terephthalate,,Polyester,49.99,/232/64/212384_GY_1,212384_GY_1.jpg,none,,,,,
212456_OW,212456,Dress LAB AGOSTO Off White,_OW,Off White,Apparel,Dress,Woven,Metallic Fiber; Cotton,,Cotton,39.99,/232/64/212456_OW_1,212456_OW_1.jpg,none,,,,,
212541_BM,212541,Sweater CAPRI 2 Bright Multicolor,_BM,Bright Multicolor,Apparel,Sweater,Knit,recycled polyester; Acrylic; Polyamide; Wool,,Acrylic,39.99,/232/64/212541_BM_1,212541_BM_1.jpg,none,,,,,
212566_BK,212566,Sweater ESSENTIALS T DISPLAY 1 Black,_BK,Black,Apparel,Sweater,Knit,Polyamide; Polyester; Viscose,,Viscose,29.99,/232/64/212566_BK_1,212566_BK_1.jpg,none,,,,,
212566_CA,212566,Sweater ESSENTIALS T DISPLAY 1 Camel,_CA,Camel,Apparel,Sweater,Knit,Polyamide; Polyester; Viscose,,Viscose,29.99,/232/64/212566_CA_1,212566_CA_1.jpg,none,,,,,
212566_TU,212566,Sweater ESSENTIALS T DISPLAY 1 Taupe,_TU,Taupe,Apparel,Sweater,Knit,Polyamide; Polyester; Viscose,,Viscose,29.99,/232/64/212566_TU_1,212566_TU_1.jpg,none,,,,,
212626_BL,212626,Trousers VICHY Blue,_BL,Blue,Apparel,Trousers,Woven,Viscose; Lyocell,,Lyocell,32.99,/232/64/212626_BL_1,212626_BL_1.jpg,none,,,,,
212626_GN,212626,Trousers VICHY Green,_GN,Green,Apparel,Trousers,Woven,Viscose; Lyocell,,Lyocell,32.99,/232/64/212626_GN_1,212626_GN_1.jpg,none,,,,,
212633_KK,212633,Coat ANDIE Khaki,_KK,Khaki,Apparel,Coat,Woven,Cotton; Polyamide; Polyester,,Cotton,59.99,/232/64/212633_KK_1,212633_KK_1.jpg,none,,,,,
212798_GN,212798,Top MOTOMAMI CAPSULE Green,_GN,Green,Apparel,Top,Circular,Cotton,,Cotton,12.99,/232/64/212798_GN_1,212798_GN_1.jpg,none,,,,,
212884_BM,212884,Dress Holt 3 Bright Multicolor,_BM,Bright Multicolor,Apparel,Dress,Woven,Viscose,,Viscose,45.99,/232/64/212884_BM_1,212884_BM_1.jpg,none,,,,,
213064_BM,213064,Shirt Holt Bright Multicolor,_BM,Bright Multicolor,Apparel,Shirt,Woven,Polyamide; Viscose; Lyocell,,Viscose,29.99,/232/64/213064_BM_1,213064_BM_1.jpg,none,,,,,
213100_BK,213100,Sweater TWINS Black,_BK,Black,Apparel,Sweater,Knit,Polyamide; Polyester; Viscose,,Viscose,27.99,/232/64/213100_BK_1,213100_BK_1.jpg,none,,,,,
213100_RD,213100,Sweater TWINS Red,_RD,Red,Apparel,Sweater,Knit,Polyamide; Polyester; Viscose,,Viscose,27.99,/232/64/213100_RD_1,213100_RD_1.jpg,none,,,,,
213125_BK,213125,Top MAXI AGOSTO Black,_BK,Black,Apparel,Top,Woven,Polyester; Cotton,,Cotton,27.99,/232/64/213125_BK_1,213125_BK_1.jpg,none,,,,,
213125_BN,213125,Top MAXI AGOSTO Brown,_BN,Brown,Apparel,Top,Woven,Cotton,,Cotton,27.99,/232/64/213125_BN_1,213125_BN_1.jpg,none,,,,,
213125_PU,213125,Top Hot dez Purple,_PU,Purple,Apparel,Top,Woven,Cotton,,,27.99,/232/64/213125_PU_1,213125_PU_1.jpg,none,,,,,
213125_WT,213125,Top Hot dez White,_WT,White,Apparel,Top,Woven,Cotton,,,27.99,/232/64/213125_WT_1,213125_WT_1.jpg,none,,,,,
213294_DG,213294,Dress QUAN Dark Grey,_DG,Dark Grey,Apparel,Dress,Woven,Cotton,,Cotton,29.99,/232/64/213294_DG_1,213294_DG_1.jpg,none,,,,,
213294_PK,213294,Dress BILL Pink,_PK,Pink,Apparel,Dress,Woven,Cotton,,Cotton,29.99,/232/64/213294_PK_1,213294_PK_1.jpg,none,,,,,
213294_WT,213294,Dress QUAN White,_WT,White,Apparel,Dress,Woven,Cotton,,Cotton,29.99,/232/64/213294_WT_1,213294_WT_1.jpg,none,,,,,
213364_BK,213364,Blazer HOLT4 Black,_BK,Black,Apparel,Blazer,Woven,Polyester; Sheep leather,,Leather,119.99,/232/64/213364_BK_1,213364_BK_1.jpg,none,,,,,
213553_DG,213553,Shirt REMY 2 Dark Grey,_DG,Dark Grey,Apparel,Shirt,Woven,Polyamide; Lyocell,,Lyocell,27.99,/232/64/213553_DG_1,213553_DG_1.jpg,none,,,,,
213553_GN,213553,Shirt LAB OUTUBRO Green,_GN,Green,Apparel,Shirt,Woven,Polyamide; Lyocell,,Lyocell,27.99,/232/64/213553_GN_1,213553_GN_1.jpg,none,,,,,
213553_GY,213553,Shirt LAB OUTUBRO Grey,_GY,Grey,Apparel,Shirt,Woven,Polyamide; Lyocell,,Lyocell,27.99,/232/64/213553_GY_1,213553_GY_1.jpg,none,,,,,
213553_PK,213553,Shirt REMY Pink,_PK,Pink,Apparel,Shirt,Woven,Polyamide; Lyocell,,Lyocell,27.99,/232/64/213553_PK_1,213553_PK_1.jpg,none,,,,,
213553_YL,213553,Shirt LAB OUTUBRO Yellow,_YL,Yellow,Apparel,Shirt,Woven,Polyamide; Lyocell,,Lyocell,27.99,/232/64/213553_YL_1,213553_YL_1.jpg,none,,,,,
213581_BK,213581,Raincoat MIRO 3 Black,_BK,Black,Apparel,Raincoat,Woven,Cotton; Polyester,,Polyester,59.99,/232/64/213581_BK_1,213581_BK_1.jpg,none,,,,,
213651_BN,213651,Sweatshirt Holt Brown,_BN,Brown,Apparel,Sweatshirt,Circular,Cotton; Polyester,,Cotton,29.99,/232/64/213651_BN_1,213651_BN_1.jpg,none,,,,,
213651_BU,213651,Sweatshirt Holt Burgundy,_BU,Burgundy,Apparel,Sweatshirt,Circular,Cotton; Polyester,,Cotton,29.99,/232/64/213651_BU_1,213651_BU_1.jpg,none,,,,,
213656_NV,213656,Trousers NIGEL Navy,_NV,Navy,Apparel,Trousers,Woven,Viscose,,Viscose,35.99,/232/64/213656_NV_1,213656_NV_1.jpg,none,,,,,
213667_BL,213667,Shirt LAB OUTUBRO Blue,_BL,Blue,Apparel,Shirt,Woven,Viscose; Lyocell,,Lyocell,35.99,/232/64/213667_BL_1,213667_BL_1.jpg,none,,,,,
213667_GN,213667,Shirt LAB OUTUBRO Green,_GN,Green,Apparel,Shirt,Woven,Viscose; Lyocell,,Lyocell,35.99,/232/64/213667_GN_1,213667_GN_1.jpg,none,,,,,
213667_YL,213667,Shirt LAB OUTUBRO Yellow,_YL,Yellow,Apparel,Shirt,Woven,Viscose; Lyocell,,Lyocell,35.99,/232/64/213667_YL_1,213667_YL_1.jpg,none,,,,,
213786_BU,213786,Trousers NIGEL Burgundy,_BU,Burgundy,Apparel,Trousers,Woven,Viscose,,Viscose,35.99,/232/64/213786_BU_1,213786_BU_1.jpg,none,,,,,
213870_EC,213870,Coat WinterCapsuleOutubro Ecru,_EC,Ecru,Apparel,Coat,Woven,Polyester,,Polyester,59.99,/232/64/213870_EC_1,213870_EC_1.jpg,none,,,,,
213874_BK,213874,Coat CANICHE CAMPAIGN Black,_BK,Black,Apparel,Coat,Woven,Polyamide; Polyester,,Polyamide,59.99,/232/64/213874_BK_1,213874_BK_1.jpg,none,,,,,
213874_TU,213874,Coat MIRO 3 Taupe,_TU,Taupe,Apparel,Coat,Woven,Polyamide; Polyester,,Polyamide,59.99,/232/64/213874_TU_1,213874_TU_1.jpg,none,,,,,
213967_BM,213967,Sweater HOLT 2 Bright Multicolor,_BM,Bright Multicolor,Apparel,Sweater,Knit,Alpaca; Polyamide; Polyester; Wool,,Polyester,35.99,/232/64/213967_BM_1,213967_BM_1.jpg,none,,,,,
214096_BM,214096,Trousers MAXI AGOSTO Bright Multicolor,_BM,Bright Multicolor,Apparel,Trousers,Woven,Viscose,,Viscose,39.99,/232/64/214096_BM_1,214096_BM_1.jpg,none,,,,,
214096_BU,214096,Trousers MAXI AGOSTO Burgundy,_BU,Burgundy,Apparel,Trousers,Woven,Viscose,,Viscose,39.99,/232/64/214096_BU_1,214096_BU_1.jpg,none,,,,,
214096_KK,214096,Trousers MAXI AGOSTO Khaki,_KK,Khaki,Apparel,Trousers,Woven,Viscose,,Viscose,39.99,/232/64/214096_KK_1,214096_KK_1.jpg,none,,,,,
214130_CA,214130,Cardigan ESSENTIALS T DISPLAY 1 Camel,_CA,Camel,Apparel,Cardigan,Knit,Acrylic; Elastane; Polyamide; Polyester; Wool,,Acrylic,39.99,/232/64/214130_CA_1,214130_CA_1.jpg,none,,,,,
214130_GY,214130,Cardigan ESSENTIALS T DISPLAY 1 Grey,_GY,Grey,Apparel,Cardigan,Knit,Acrylic; Elastane; Polyamide; Polyester; Wool,,Acrylic,39.99,/232/64/214130_GY_1,214130_GY_1.jpg,none,,,,,
214215_BM,214215,Coat HOLT4 Bright Multicolor,_BM,Bright Multicolor,Apparel,Coat,Woven,Cotton; Elastane,,Cotton,39.99,/232/64/214215_BM_1,214215_BM_1.jpg,none,,,,,
214291_BG,214291,Dress MAXI AGOSTO Beige,_BG,Beige,Apparel,Dress,Woven,Linen,,Linen,49.99,/232/64/214291_BG_1,214291_BG_1.jpg,none,,,,,
214291_BU,214291,Dress MAXI AGOSTO Burgundy,_BU,Burgundy,Apparel,Dress,Woven,Linen,,Linen,49.99,/232/64/214291_BU_1,214291_BU_1.jpg,none,,,,,
214291_PK,214291,Dress MAXI AGOSTO Pink,_PK,Pink,Apparel,Dress,Woven,Linen,,Linen,49.99,/232/64/214291_PK_1,214291_PK_1.jpg,none,,,,,
214291_WT,214291,Dress MAXI AGOSTO White,_WT,White,Apparel,Dress,Woven,Linen,,Linen,49.99,/232/64/214291_WT_1,214291_WT_1.jpg,none,,,,,
214354_GY,214354,T-shirt ESSENTIALS T DISPLAY 1 Grey,_GY,Grey,Apparel,T-shirt,Circular,Elastane; Polyamide; Viscose,,Viscose,25.99,/232/64/214354_GY_1,214354_GY_1.jpg,none,,,,,
214397_DM,214397,Skirt LAB OUTUBRO Dark Multicolor,_DM,Dark Multicolor,Apparel,Skirt,Woven,Polyamide; Polyester; Viscose,,Viscose,49.99,/232/64/214397_DM_1,214397_DM_1.jpg,none,,,,,
214437_BM,214437,Dress Luna Bright Multicolor,_BM,Bright Multicolor,Apparel,Dress,Woven,Cotton,,Cotton,25.99,/232/64/214437_BM_1,214437_BM_1.jpg,none,,,,,
214494_BL,214494,Coat MAXI 27/09 Blue,_BL,Blue,Apparel,Coat,Woven,Cotton; Polyamide; Polyester; Viscose,,Polyamide,69.99,/232/64/214494_BL_1,214494_BL_1.jpg,none,,,,,
214494_PU,214494,Coat MAXI 27/09 Purple,_PU,Purple,Apparel,Coat,Woven,Cotton; Polyamide; Polyester; Viscose,,Polyamide,69.99,/232/64/214494_PU_1,214494_PU_1.jpg,none,,,,,
214520_DM,214520,Shirt HOLT 2 Dark Multicolor,_DM,Dark Multicolor,Apparel,Shirt,Woven,Cotton; Elastane,,Cotton,32.99,/232/64/214520_DM_1,214520_DM_1.jpg,none,,,,,
214740_BM,214740,Cardigan KUSAMA Bright Multicolor,_BM,Bright Multicolor,Apparel,Cardigan,Knit,Polyamide; Viscose,,Viscose,39.99,/232/64/214740_BM_1,214740_BM_1.jpg,none,,,,,
214829_BM,214829,Dress BRAT Bright Multicolor,_BM,Bright Multicolor,Apparel,Dress,Knit,Polyamide; Polyester; Viscose,,Elastane,35.99,/232/64/214829_BM_1,214829_BM_1.jpg,none,,,,,
214888_BK,214888,Coat JUPITER Black,_BK,Black,Apparel,Coat,Woven,Polyamide; Polyester,,Nylon,45.99,/241/64/214888_BK_1,214888_BK_1.jpg,none,,,,,
214894_GY,214894,Sweater REMY 2 Grey,_GY,Grey,Apparel,Sweater,Knit,Acrylic; Elastane; Polyester,,Acrylic,35.99,/232/64/214894_GY_1,214894_GY_1.jpg,none,,,,,
214894_WT,214894,Sweater REMY White,_WT,White,Apparel,Sweater,Knit,Acrylic; Elastane; Polyamide,,Acrylic,35.99,/232/64/214894_WT_1,214894_WT_1.jpg,none,,,,,
214936_GN,214936,Cardigan Neptune Green,_GN,Green,Apparel,Cardigan,Knit,Viscose; Polyamide; Polyester,,Viscose,49.99,/241/64/214936_GN_1,214936_GN_1.jpg,none,,,,,
214980_EC,214980,Jeans APP PRO Ecru,_EC,Ecru,Apparel,Jeans,Woven,Cotton,,,35.99,/232/64/214980_EC_1,214980_EC_1.jpg,none,,,,,
215029_GN,215029,Trousers BRAT Green,_GN,Green,Apparel,Trousers,Woven,Lyocell,,Lyocell,35.99,/232/64/215029_GN_1,215029_GN_1.jpg,none,,,,,
215047_GN,215047,Sweater MERCURY Green,_GN,Green,Apparel,Sweater,Knit,Acrylic; Polyamide; Polyester; Wool,,Acrylic,32.99,/241/64/215047_GN_1,215047_GN_1.jpg,none,,,,,
215115_GN,215115,Poncho T1 ESSENTIALS Green,_GN,Green,Apparel,Poncho,Knit,Polyamide; Polyester; Viscose,,,35.99,/241/64/215115_GN_1,215115_GN_1.jpg,none,,,,,
215115_GY,215115,Poncho PENDING Grey,_GY,Grey,Apparel,Poncho,Knit,Polyamide; Polyester; Viscose,,,35.99,/241/64/215115_GY_1,215115_GY_1.jpg,none,,,,,
215115_LL,215115,Poncho PENDING Lilac,_LL,Lilac,Apparel,Poncho,Knit,Polyamide; Polyester; Viscose,,,35.99,/241/64/215115_LL_1,215115_LL_1.jpg,none,,,,,
215147_BM,215147,Dress Hot dez Bright Multicolor,_BM,Bright Multicolor,Apparel,Dress,Woven,Viscose,,,29.99,/241/64/215147_BM_1,215147_BM_1.jpg,none,,,,,
215231_PK,215231,Dress Hot Pink,_PK,Pink,Apparel,Dress,Woven,Viscose,,Viscose,25.99,/241/64/215231_PK_1,215231_PK_1.jpg,none,,,,,
215394_BK,215394,Dress Halloween capsula Black,_BK,Black,Apparel,Dress,Circular,Elastane; Polyester,,Polyester,35.99,/232/64/215394_BK_1,215394_BK_1.jpg,none,,,,,
215514_AN,215514,Trousers MAXI 27/09 Anthracite,_AN,Anthracite,Apparel,Trousers,Circular,Elastane; Modal; Polyester,,Modal,27.99,/232/64/215514_AN_1,215514_AN_1.jpg,none,,,,,
215514_CA,215514,Trousers MAXI 27/09 Camel,_CA,Camel,Apparel,Trousers,Circular,Elastane; Modal; Polyester,,Modal,27.99,/232/64/215514_CA_1,215514_CA_1.jpg,none,,,,,
215514_WT,215514,Trousers MAXI 27/09 White,_WT,White,Apparel,Trousers,Circular,Elastane; Modal; Polyester,,Modal,27.99,/232/64/215514_WT_1,215514_WT_1.jpg,none,,,,,
215554_BM,215554,Sweatshirt CANICHE CAMPAIGN Bright Multicolor,_BM,Bright Multicolor,Apparel,Sweatshirt,Circular,Elastane; Polyester; Viscose,,Viscose,29.99,/232/64/215554_BM_1,215554_BM_1.jpg,none,,,,,
215674_AN,215674,Sweater ESSENTIALS T DISPLAY 1 Anthracite,_AN,Anthracite,Apparel,Sweater,Knit,Acrylic; Polyamide; Wool,,Polyamide,35.99,/241/64/215674_AN_1,215674_AN_1.jpg,none,,,,,
215674_EC,215674,Sweater ESSENTIALS T DISPLAY 1 Ecru,_EC,Ecru,Apparel,Sweater,Knit,Acrylic; Polyamide; Wool,,Polyamide,35.99,/241/64/215674_EC_1,215674_EC_1.jpg,none,,,,,
215678_BM,215678,Jeans CANICHE CAMPAIGN Bright Multicolor,_BM,Bright Multicolor,Apparel,Jeans,Woven,Cotton,,Cotton,42.99,/232/64/215678_BM_1,215678_BM_1.jpg,none,,,,,
215966_BM,215966,Shirt SATURN 2 Bright Multicolor,_BM,Bright Multicolor,Apparel,Shirt,Woven,Viscose,,,29.99,/241/64/215966_BM_1,215966_BM_1.jpg,none,,,,,
216017_BG,216017,Cardigan MAXI 27/09 Beige,_BG,Beige,Apparel,Cardigan,Knit,Polyamide; Wool,,Polyamide,35.99,/232/64/216017_BG_1,216017_BG_1.jpg,none,,,,,
216017_GY,216017,Cardigan MAXI 27/09 Grey,_GY,Grey,Apparel,Cardigan,Knit,Polyamide; Wool,,Polyamide,35.99,/232/64/216017_GY_1,216017_GY_1.jpg,none,,,,,
216017_NV,216017,Cardigan MAXI 27/09 Navy,_NV,Navy,Apparel,Cardigan,Knit,Polyamide; Wool,,Polyamide,35.99,/232/64/216017_NV_1,216017_NV_1.jpg,none,,,,,
216019_BM,216019,Shirt VICHY Bright Multicolor,_BM,Bright Multicolor,Apparel,Shirt,Woven,Lyocell,,Lyocell,32.99,/232/64/216019_BM_1,216019_BM_1.jpg,none,,,,,
216145_KK,216145,Apparel SATURN 4 Khaki,_KK,Khaki,Apparel,Cape,Woven,Cotton; Cotton; Polyamide; Polyamide; Polyester; Polyester,,Polyester,59.99,/241/64/216145_KK_1,216145_KK_1.jpg,none,,,,,
216289_BK,216289,Skirt Halloween capsula Black,_BK,Black,Apparel,Skirt,Circular,Elastane; Polyester,,Polyester,32.99,/232/64/216289_BK_1,216289_BK_1.jpg,none,,,,,
216367_GY,216367,Sweater SATURN 1 Grey,_GY,Grey,Apparel,Sweater,Knit,Polyamide; Viscose,,,32.99,/241/64/216367_GY_1,216367_GY_1.jpg,none,,,,,
216396_BM,216396,Sweater WCN Bright Multicolor,_BM,Bright Multicolor,Apparel,Sweater,Knit,Polyamide; Polyester; Viscose,,Polyamide,35.99,/232/64/216396_BM_1,216396_BM_1.jpg,none,,,,,
216408_BM,216408,Sweater SATURN 4 Bright Multicolor,_BM,Bright Multicolor,Apparel,Sweater,Knit,Polyamide,,,35.99,/241/64/216408_BM_1,216408_BM_1.jpg,none,,,,,
216416_EC,216416,Sweater WINTERDZ Ecru,_EC,Ecru,Apparel,Sweater,Knit,Acrylic; Elastane; Polyester; Wool,,,35.99,/232/64/216416_EC_1,216416_EC_1.jpg,none,,,,,
216437_GD,216437,Dress Maxi nov Gold,_GD,Gold,Apparel,Dress,Woven,Polyester; Viscose,,,39.99,/241/64/216437_GD_1,216437_GD_1.jpg,none,,,,,
216458_GD,216458,Dress Maxi nov Gold,_GD,Gold,Apparel,Dress,Woven,Viscose,,Viscose,49.99,/241/64/216458_GD_1,216458_GD_1.jpg,none,,,,,
216465_FU,216465,Sweater T1 ESSENTIALS Fuchsia,_FU,Fuchsia,Apparel,Sweater,Knit,Acrylic; Polyamide; Wool,,,32.99,/241/64/216465_FU_1,216465_FU_1.jpg,none,,,,,
216465_GN,216465,Sweater T1 ESSENTIALS Green,_GN,Green,Apparel,Sweater,Knit,Acrylic; Polyamide; Wool,,,32.99,/241/64/216465_GN_1,216465_GN_1.jpg,none,,,,,
216475_BM,216475,Cardigan AMI Bright Multicolor,_BM,Bright Multicolor,Apparel,Cardigan,Knit,Polyamide; Polyester; Viscose,,,39.99,/241/64/216475_BM_1,216475_BM_1.jpg,none,,,,,
216578_BK,216578,Top PLUS CLOSET DEZ Black,_BK,Black,Apparel,Top,Knit,Polyamide; Viscose,,,29.99,/241/64/216578_BK_1,216578_BK_1.jpg,none,,,,,
216578_BU,216578,Top PLUS CLOSET DEZ Burgundy,_BU,Burgundy,Apparel,Top,Knit,Polyamide; Viscose,,,29.99,/241/64/216578_BU_1,216578_BU_1.jpg,none,,,,,
216578_GN,216578,Top PLUS CLOSET DEZ Green,_GN,Green,Apparel,Top,Knit,Polyamide; Viscose,,,29.99,/241/64/216578_GN_1,216578_GN_1.jpg,none,,,,,
216755_BK,216755,Trousers Halloween capsula Black,_BK,Black,Apparel,Trousers,Woven,Polyester; Polyester,,Polyester,49.99,/232/64/216755_BK_1,216755_BK_1.jpg,none,,,,,
216755_RD,216755,Trousers Halloween capsula Red,_RD,Red,Apparel,Trousers,Woven,Polyester; Polyester,,Polyester,49.99,/232/64/216755_RD_1,216755_RD_1.jpg,none,,,,,
216768_BM,216768,Trousers Jo Bright Multicolor,_BM,Bright Multicolor,Apparel,Trousers,Woven,Viscose,,,32.99,/241/64/216768_BM_1,216768_BM_1.jpg,none,,,,,
216802_BG,216802,Cardigan AMI Beige,_BG,Beige,Apparel,Cardigan,Knit,Acrylic; Elastane; Polyester,,,39.99,/241/64/216802_BG_1,216802_BG_1.jpg,none,,,,,
216814_BM,216814,Trousers Tiffany Bright Multicolor,_BM,Bright Multicolor,Apparel,Trousers,Woven,Polyester,,,29.99,/241/64/216814_BM_1,216814_BM_1.jpg,none,,,,,
216946_BM,216946,Shirt EMAN Bright Multicolor,_BM,Bright Multicolor,Apparel,Shirt,Woven,Viscose,,,35.99,/241/64/216946_BM_1,216946_BM_1.jpg,none,,,,,
217033_DG,217033,Top Maxi nov Dark Grey,_DG,Dark Grey,Apparel,Top,Woven,Polyester,,Polyester,25.99,/241/64/217033_DG_1,217033_DG_1.jpg,none,,,,,
217231_BG,217231,Trousers SUMMERCAP Beige,_BG,Beige,Apparel,Trousers,Woven,Modal; Polyester,,,32.99,/241/64/217231_BG_1,217231_BG_1.jpg,none,,,,,
217231_GY,217231,Trousers RIO Grey,_GY,Grey,Apparel,Trousers,Woven,Modal; Polyester,,,32.99,/241/64/217231_GY_1,217231_GY_1.jpg,none,,,,,
217231_OR,217231,Trousers RIO Orange,_OR,Orange,Apparel,Trousers,Woven,Modal; Polyester,,,32.99,/241/64/217231_OR_1,217231_OR_1.jpg,none,,,,,
217238_BM,217238,Trousers TRENDY Bright Multicolor,_BM,Bright Multicolor,Apparel,Trousers,Woven,Lyocell,,,29.99,/242/64/217238_BM_1,217238_BM_1.jpg,none,,,,,
217238_BU,217238,Trousers T1 ESSENTIALS Burgundy,_BU,Burgundy,Apparel,Trousers,Woven,Lyocell,,Lyocell,29.99,/242/64/217238_BU_1,217238_BU_1.jpg,none,,,,,
217238_KK,217238,Trousers T1 ESSENTIALS Khaki,_KK,Khaki,Apparel,Trousers,Woven,Lyocell,,Lyocell,29.99,/241/64/217238_KK_1,217238_KK_1.jpg,none,,,,,
217238_NV,217238,Trousers T1 ESSENTIALS Navy,_NV,Navy,Apparel,Trousers,Woven,Lyocell,,Lyocell,29.99,/241/64/217238_NV_1,217238_NV_1.jpg,none,,,,,
217249_BM,217249,Trousers RIO Bright Multicolor,_BM,Bright Multicolor,Apparel,Trousers,Woven,Modal; Polyester,,,35.99,/241/64/217249_BM_1,217249_BM_1.jpg,none,,,,,
217426_EC,217426,Top LAB 14 Ecru,_EC,Ecru,Apparel,Top,Woven,Viscose,,Viscose,32.99,/241/64/217426_EC_1,217426_EC_1.jpg,none,,,,,
217426_KK,217426,Top LAB 14 Khaki,_KK,Khaki,Apparel,Top,Woven,Viscose,,Viscose,32.99,/241/64/217426_KK_1,217426_KK_1.jpg,none,,,,,
217573_EC,217573,Dress EMAN Ecru,_EC,Ecru,Apparel,Dress,Woven,Polyester; Viscose,,,35.99,/241/64/217573_EC_1,217573_EC_1.jpg,none,,,,,
217711_BG,217711,Dress EMAN Beige,_BG,Beige,Apparel,Dress,Knit,Polyamide; Viscose; Elastodieno,,,39.99,/241/64/217711_BG_1,217711_BG_1.jpg,none,,,,,
217854_BM,217854,Top T1 ESSENTIALS Bright Multicolor,_BM,Bright Multicolor,Apparel,Top,Woven,Lyocell,,Lyocell,19.99,/241/64/217854_BM_1,217854_BM_1.jpg,none,,,,,
217997_BM,217997,Jeans CALM 2 Bright Multicolor,_BM,Bright Multicolor,Apparel,Jeans,Woven,Cotton,,,42.99,/241/64/217997_BM_1,217997_BM_1.jpg,none,,,,,
218025_BM,218025,Shirt Tiffany Bright Multicolor,_BM,Bright Multicolor,Apparel,Shirt,Woven,Lyocell,,,29.99,/241/64/218025_BM_1,218025_BM_1.jpg,none,,,,,
218054_GY,218054,Skirt LAPA 3 Grey,_GY,Grey,Apparel,Skirt,Woven,Polyamide; Viscose,,,29.99,/241/64/218054_GY_1,218054_GY_1.jpg,none,,,,,
218069_BL,218069,Sweatshirt T1 ESSENTIALS Blue,_BL,Blue,Apparel,Sweatshirt,Circular,Cotton; Polyester,,,29.99,/241/64/218069_BL_1,218069_BL_1.jpg,none,,,,,
218069_GN,218069,Sweatshirt T1 ESSENTIALS Green,_GN,Green,Apparel,Sweatshirt,Circular,Cotton; Polyester,,,29.99,/241/64/218069_GN_1,218069_GN_1.jpg,none,,,,,
218220_EC,218220,Top EMAN Ecru,_EC,Ecru,Apparel,Top,Woven,Polyester; Viscose,,,29.99,/241/64/218220_EC_1,218220_EC_1.jpg,none,,,,,
218388_BL,218388,Skirt Tiffany Blue,_BL,Blue,Apparel,Skirt,Woven,Cotton,,Cotton,39.99,/241/64/218388_BL_1,218388_BL_1.jpg,none,,,,,
218543_BL,218543,Coat CALM 2 Blue,_BL,Blue,Apparel,Coat,Woven,Cotton,,,39.99,/241/64/218543_BL_1,218543_BL_1.jpg,none,,,,,
218603_BG,218603,Sweatshirt MAXI Beige,_BG,Beige,Apparel,Sweatshirt,Circular,Cotton; Polyester,,,29.99,/241/64/218603_BG_1,218603_BG_1.jpg,none,,,,,
218603_BN,218603,Sweatshirt MAXI Brown,_BN,Brown,Apparel,Sweatshirt,Circular,Cotton; Polyester,,,29.99,/241/64/218603_BN_1,218603_BN_1.jpg,none,,,,,
218633_BM,218633,Shirt CALM 1 Bright Multicolor,_BM,Bright Multicolor,Apparel,Shirt,Woven,Elastane; Polyamide; Viscose,,,29.99,/241/64/218633_BM_1,218633_BM_1.jpg,none,,,,,
218635_BL,218635,Dress brasilia Blue,_BL,Blue,Apparel,Dress,Woven,Lyocell,,,35.99,/241/64/218635_BL_1,218635_BL_1.jpg,none,,,,,
218635_BN,218635,Dress brasilia Brown,_BN,Brown,Apparel,Dress,Woven,Lyocell,,,35.99,/241/64/218635_BN_1,218635_BN_1.jpg,none,,,,,
218635_DG,218635,Dress brasilia Dark Grey,_DG,Dark Grey,Apparel,Dress,Woven,Lyocell,,,35.99,/241/64/218635_DG_1,218635_DG_1.jpg,none,,,,,
218667_BK,218667,T-shirt T1 ESSENTIALS Black,_BK,Black,Apparel,T-shirt,Circular,Elastane; Polyester; Viscose,,Viscose,19.99,/241/64/218667_BK_1,218667_BK_1.jpg,none,,,,,
218667_FU,218667,T-shirt RECIFE Fuchsia,_FU,Fuchsia,Apparel,T-shirt,Circular,Viscose; Elastane; Polyester,,Viscose,19.99,/241/64/218667_FU_1,218667_FU_1.jpg,none,,,,,
218667_GN,218667,T-shirt T1 ESSENTIALS Green,_GN,Green,Apparel,T-shirt,Circular,Elastane; Polyester; Viscose,,Viscose,19.99,/242/64/218667_GN_1,218667_GN_1.jpg,none,,,,,
218667_LM,218667,T-shirt RECIFE Lime,_LM,Lime,Apparel,T-shirt,Circular,Elastane; Polyester; Viscose,,Viscose,19.99,/241/64/218667_LM_1,218667_LM_1.jpg,none,,,,,
218667_WT,218667,T-shirt RECIFE White,_WT,White,Apparel,T-shirt,Circular,Elastane; Polyester; Viscose,,Viscose,19.99,/241/64/218667_WT_1,218667_WT_1.jpg,none,,,,,
218672_BM,218672,Jeans SAO P Bright Multicolor,_BM,Bright Multicolor,Apparel,Jeans,Woven,Cotton,,,42.99,/241/64/218672_BM_1,218672_BM_1.jpg,none,,,,,
218748_BL,218748,Shirt CALM 2 Blue,_BL,Blue,Apparel,Shirt,Woven,Viscose; Acetate,,,35.99,/241/64/218748_BL_1,218748_BL_1.jpg,none,,,,,
218748_PK,218748,Shirt CALM 1 Pink,_PK,Pink,Apparel,Shirt,Woven,Viscose; Acetate,,,35.99,/241/64/218748_PK_1,218748_PK_1.jpg,none,,,,,
218768_BU,218768,Dress CUPID Burgundy,_BU,Burgundy,Apparel,Dress,Woven,Elastane; Polyester,,,35.99,/241/64/218768_BU_1,218768_BU_1.jpg,none,,,,,
218800_BG,218800,Shirt MAXI Beige,_BG,Beige,Apparel,Shirt,Circular,Elastane; Polyester,,,29.99,/241/64/218800_BG_1,218800_BG_1.jpg,none,,,,,
218800_BN,218800,Shirt MAXI Brown,_BN,Brown,Apparel,Shirt,Circular,Polyester; Elastane,,,29.99,/241/64/218800_BN_1,218800_BN_1.jpg,none,,,,,
218800_OR,218800,Shirt MAXI Orange,_OR,Orange,Apparel,Shirt,Circular,Elastane; Polyester,,,29.99,/241/64/218800_OR_1,218800_OR_1.jpg,none,,,,,
218834_BK,218834,Raincoat EXCLUSIVE Black,_BK,Black,Apparel,Raincoat,Woven,Polyester,,Polyester,49.99,/241/64/218834_BK_1,218834_BK_1.jpg,none,,,,,
218959_BM,218959,Dress PAPAYA Bright Multicolor,_BM,Bright Multicolor,Apparel,Dress,Woven,Cotton,,,32.99,/241/64/218959_BM_1,218959_BM_1.jpg,none,,,,,
219054_EC,219054,Trousers MADEIRA Ecru,_EC,Ecru,Apparel,Trousers,Knit,Cotton; Polyamide,,,15.99,/241/64/219054_EC_1,219054_EC_1.jpg,none,,,,,
219166_RD,219166,Dress SALVADOR Red,_RD,Red,Apparel,Dress,Woven,Cotton,,,39.99,/241/64/219166_RD_1,219166_RD_1.jpg,none,,,,,
219197_RD,219197,Jeans SALVADOR 3 Red,_RD,Red,Apparel,Jeans,Woven,Cotton,,,35.99,/241/64/219197_RD_1,219197_RD_1.jpg,none,,,,,
219310_DG,219310,Dress UVA Dark Grey,_DG,Dark Grey,Apparel,Dress,Woven,Viscose,,,27.99,/241/64/219310_DG_1,219310_DG_1.jpg,none,,,,,
219310_FU,219310,Dress UVA Fuchsia,_FU,Fuchsia,Apparel,Dress,Woven,Viscose,,,27.99,/241/64/219310_FU_1,219310_FU_1.jpg,none,,,,,
219310_KK,219310,Dress UVA Khaki,_KK,Khaki,Apparel,Dress,Woven,Viscose,,,27.99,/241/64/219310_KK_1,219310_KK_1.jpg,none,,,,,
219329_BM,219329,Dress LAPA Bright Multicolor,_BM,Bright Multicolor,Apparel,Dress,Woven,Polyamide; Viscose,,,39.99,/241/64/219329_BM_1,219329_BM_1.jpg,none,,,,,
219378_BL,219378,Sweater CLOSETS Blue,_BL,Blue,Apparel,Sweater,Knit,Polyamide; Viscose,,,29.99,/241/64/219378_BL_1,219378_BL_1.jpg,none,,,,,
219378_KK,219378,Sweater T1 ESSENTIALS Khaki,_KK,Khaki,Apparel,Sweater,Knit,Polyamide; Viscose,,,29.99,/241/64/219378_KK_1,219378_KK_1.jpg,none,,,,,
219423_WT,219423,T-shirt MADEIRA White,_WT,White,Apparel,T-shirt,Circular,Polyester; Viscose; Cotton,,Viscose,15.99,/241/64/219423_WT_1,219423_WT_1.jpg,none,,,,,
219457_RD,219457,Jeans MAXI Red,_RD,Red,Apparel,Jeans,Woven,Cotton,,Cotton,45.99,/241/64/219457_RD_1,219457_RD_1.jpg,none,,,,,
219488_BK,219488,Trousers SUMMERCAP Black,_BK,Black,Apparel,Trousers,Woven,Viscose; Lyocell,,,32.99,/241/64/219488_BK_1,219488_BK_1.jpg,none,,,,,
219515_EC,219515,Trousers CLOSETS Ecru,_EC,Ecru,Apparel,Trousers,Woven,Cotton,,,35.99,/241/64/219515_EC_1,219515_EC_1.jpg,none,,,,,
219515_GY,219515,Trousers CLOSETS Grey,_GY,Grey,Apparel,Trousers,Woven,Cotton,,,35.99,/241/64/219515_GY_1,219515_GY_1.jpg,none,,,,,
219649_GN,219649,Sweater LAPA Green,_GN,Green,Apparel,Sweater,Knit,Viscose; Polyamide,,Viscose,23.99,/241/64/219649_GN_1,219649_GN_1.jpg,none,,,,,
219671_GY,219671,Dress LAPA 4 Grey,_GY,Grey,Apparel,Dress,Circular,Cotton,,,29.99,/241/64/219671_GY_1,219671_GY_1.jpg,none,,,,,
219713_BM,219713,Shirt luci Bright Multicolor,_BM,Bright Multicolor,Apparel,Shirt,Woven,Cotton,,Cotton,23.99,/242/64/219713_BM_1,219713_BM_1.jpg,none,,,,,
219824_BG,219824,T-shirt MARQUES Beige,_BG,Beige,Apparel,T-shirt,Circular,Cotton,,Cotton,23.99,/241/64/219824_BG_1,219824_BG_1.jpg,none,,,,,
219824_GN,219824,T-shirt MARQUES Green,_GN,Green,Apparel,T-shirt,Circular,Cotton,,Cotton,23.99,/241/64/219824_GN_1,219824_GN_1.jpg,none,,,,,
219879_BM,219879,Shirt C1 Bright Multicolor,_BM,Bright Multicolor,Apparel,Shirt,Woven,Viscose,,Viscose,25.99,/241/64/219879_BM_1,219879_BM_1.jpg,none,,,,,
219889_BM,219889,Shirt SEJ Bright Multicolor,_BM,Bright Multicolor,Apparel,Shirt,Woven,Lyocell,,Lyocell,25.99,/241/64/219889_BM_1,219889_BM_1.jpg,none,,,,,
219955_GN,219955,Trousers PAPAYA Green,_GN,Green,Apparel,Trousers,Woven,Linen,,,39.99,/241/64/219955_GN_1,219955_GN_1.jpg,none,,,,,
220272_CA,220272,Dress SAO P Camel,_CA,Camel,Apparel,Dress,Woven,Viscose,,,32.99,/241/64/220272_CA_1,220272_CA_1.jpg,none,,,,,
220274_BG,220274,Top CLOSETS Beige,_BG,Beige,Apparel,Top,Woven,Polyamide; Viscose,,,29.99,/241/64/220274_BG_1,220274_BG_1.jpg,none,,,,,
220274_BL,220274,Top CLOSETS Blue,_BL,Blue,Apparel,Top,Woven,Polyamide; Viscose,,,29.99,/241/64/220274_BL_1,220274_BL_1.jpg,none,,,,,
220274_KK,220274,Top SEJ Khaki,_KK,Khaki,Apparel,Top,Woven,Polyamide; Viscose,,Viscose,29.99,/241/64/220274_KK_1,220274_KK_1.jpg,none,,,,,
220274_WT,220274,Top NH White,_WT,White,Apparel,Top,Woven,Polyamide; Viscose,,Viscose,29.99,/242/64/220274_WT_1,220274_WT_1.jpg,none,,,,,
220410_BM,220410,Shirt T1 ESSENTIALS Bright Multicolor,_BM,Bright Multicolor,Apparel,Shirt,Woven,Cotton,,Cotton,23.99,/241/64/220410_BM_1,220410_BM_1.jpg,none,,,,,
220476_BL,220476,Shirt T1 ESSENTIALS Blue,_BL,Blue,Apparel,Shirt,Woven,Cotton,,Cotton,19.99,/241/64/220476_BL_1,220476_BL_1.jpg,none,,,,,
220586_BM,220586,Shirt KIW Bright Multicolor,_BM,Bright Multicolor,Apparel,Shirt,Woven,Cotton; Modal,,Cotton,25.99,/241/64/220586_BM_1,220586_BM_1.jpg,none,,,,,
220602_BN,220602,Sweater P1 SET Brown,_BN,Brown,Apparel,Sweater,Knit,Cotton,,Cotton,25.99,/241/64/220602_BN_1,220602_BN_1.jpg,none,,,,,
220602_GY,220602,Sweater P1 SET Grey,_GY,Grey,Apparel,Sweater,Knit,Cotton,,Cotton,25.99,/241/64/220602_GY_1,220602_GY_1.jpg,none,,,,,
220658_GN,220658,Kaftan PERA Green,_GN,Green,Apparel,Kaftan,Woven,Polyester; Viscose,,Polyester,23.99,/241/64/220658_GN_1,220658_GN_1.jpg,none,,,,,
220711_BU,220711,Dress T1 ESSENTIALS Burgundy,_BU,Burgundy,Apparel,Dress,Woven,Lyocell,,Lyocell,32.99,/242/64/220711_BU_1,220711_BU_1.jpg,none,,,,,
220711_EC,220711,Dress CORI Ecru,_EC,Ecru,Apparel,Dress,Woven,Lyocell,,Lyocell,32.99,/242/64/220711_EC_1,220711_EC_1.jpg,none,,,,,
220711_KK,220711,Dress T1 ESSENTIALS Khaki,_KK,Khaki,Apparel,Dress,Woven,Lyocell,,Lyocell,32.99,/242/64/220711_KK_1,220711_KK_1.jpg,none,,,,,
220749_BM,220749,Shirt KIW Bright Multicolor,_BM,Bright Multicolor,Apparel,Shirt,Woven,Viscose,,Viscose,25.99,/242/64/220749_BM_1,220749_BM_1.jpg,none,,,,,
220932_BL,220932,Jeans MADEIRA Blue,_BL,Blue,Apparel,Jeans,Woven,Cotton; RECYCLED COTTON,,,35.99,/241/64/220932_BL_1,220932_BL_1.jpg,none,,,,,
220952_EC,220952,Dress EXCLUSIVE Ecru,_EC,Ecru,Apparel,Dress,Woven,Cotton,,,35.99,/241/64/220952_EC_1,220952_EC_1.jpg,none,,,,,
220999_GN,220999,Apparel LAPA 4 Green,_GN,Green,Apparel,Cape,Knit,Acrylic; Cotton,,Cotton,23.99,/241/64/220999_GN_1,220999_GN_1.jpg,none,,,,,
221009_BK,221009,Sweater EXCLUSIVE Black,_BK,Black,Apparel,Sweater,Knit,Polyamide; Viscose,,,27.99,/241/64/221009_BK_1,221009_BK_1.jpg,none,,,,,
221009_EC,221009,Sweater ESTRELA Ecru,_EC,Ecru,Apparel,Sweater,Knit,Polyamide; Viscose,,,27.99,/241/64/221009_EC_1,221009_EC_1.jpg,none,,,,,
221169_LN,221169,Trousers BANANA Light Green,_LN,Light Green,Apparel,Trousers,Knit,Polyester,,,32.99,/241/64/221169_LN_1,221169_LN_1.jpg,none,,,,,
221312_BM,221312,Trousers KIW Bright Multicolor,_BM,Bright Multicolor,Apparel,Trousers,Woven,Linen; Lyocell,,,29.99,/241/64/221312_BM_1,221312_BM_1.jpg,none,,,,,
221351_BM,221351,Bathing Suit PAPAYA Bright Multicolor,_BM,Bright Multicolor,Apparel,Bath Suit,Circular,Elastane; Elastane; Polyester; Polyester,,Polyester,25.99,/242/64/221351_BM_1,221351_BM_1.jpg,none,,,,,
221607_GY,221607,Skirt C1 Grey,_GY,Grey,Apparel,Skirt,Woven,Cotton; Lyocell,,,32.99,/242/64/221607_GY_1,221607_GY_1.jpg,none,,,,,
221726_BM,221726,Dress CM Bright Multicolor,_BM,Bright Multicolor,Apparel,Dress,Woven,Viscose,,,27.99,/242/64/221726_BM_1,221726_BM_1.jpg,none,,,,,
221766_BM,221766,Dress BANANA Bright Multicolor,_BM,Bright Multicolor,Apparel,Dress,Circular,Cotton,,,29.99,/241/64/221766_BM_1,221766_BM_1.jpg,none,,,,,
221766_PK,221766,Dress BETS Pink,_PK,Pink,Apparel,Dress,Circular,Cotton,,,29.99,/241/64/221766_PK_1,221766_PK_1.jpg,none,,,,,
221781_BK,221781,Trousers T1 ESSENTIALS Black,_BK,Black,Apparel,Trousers,Woven,Polyester; Viscose,,,29.99,/242/64/221781_BK_1,221781_BK_1.jpg,none,,,,,
221782_BG,221782,Top SEJ Beige,_BG,Beige,Apparel,Top,Woven,Cotton,,,27.99,/242/64/221782_BG_1,221782_BG_1.jpg,none,,,,,
221782_BL,221782,Top SEJ Blue,_BL,Blue,Apparel,Top,Woven,Cotton,,,27.99,/242/64/221782_BL_1,221782_BL_1.jpg,none,,,,,
221782_WT,221782,Top BETS White,_WT,White,Apparel,Top,Woven,Cotton,,,27.99,/242/64/221782_WT_1,221782_WT_1.jpg,none,,,,,
221811_FU,221811,Shirt C3 Fuchsia,_FU,Fuchsia,Apparel,Shirt,Woven,Cotton,,Cotton,23.99,/242/64/221811_FU_1,221811_FU_1.jpg,none,,,,,
221878_BK,221878,Dress T1 ESSENTIALS Black,_BK,Black,Apparel,Dress,Woven,Cotton,,,29.99,/242/64/221878_BK_1,221878_BK_1.jpg,none,,,,,
221878_WT,221878,Dress T1 ESSENTIALS White,_WT,White,Apparel,Dress,Woven,Cotton,,,29.99,/242/64/221878_WT_1,221878_WT_1.jpg,none,,,,,
221905_PK,221905,Dress AL Pink,_PK,Pink,Apparel,Dress,Woven,Polyamide; Viscose,,,32.99,/242/64/221905_PK_1,221905_PK_1.jpg,none,,,,,
222093_BN,222093,Dress C7 Brown,_BN,Brown,Apparel,Dress,Woven,Viscose,,,32.99,/242/64/222093_BN_1,222093_BN_1.jpg,none,,,,,
222101_EC,222101,Dress SEJ Ecru,_EC,Ecru,Apparel,Dress,Woven,Modal,,,27.99,/242/64/222101_EC_1,222101_EC_1.jpg,none,,,,,
222101_KK,222101,Dress SEJ Khaki,_KK,Khaki,Apparel,Dress,Woven,Modal,,,27.99,/242/64/222101_KK_1,222101_KK_1.jpg,none,,,,,
222182_BM,222182,Shirt AL Bright Multicolor,_BM,Bright Multicolor,Apparel,Shirt,Woven,Viscose,,Viscose,23.99,/242/64/222182_BM_1,222182_BM_1.jpg,none,,,,,
222254_BM,222254,Kimono TRENDY Bright Multicolor,_BM,Bright Multicolor,Apparel,Kimono,Woven,Viscose,,,39.99,/242/64/222254_BM_1,222254_BM_1.jpg,none,,,,,
222303_BM,222303,Kaftan C3 Bright Multicolor,_BM,Bright Multicolor,Apparel,Kaftan,Woven,Cotton,,Cotton,29.99,/242/64/222303_BM_1,222303_BM_1.jpg,none,,,,,
222359_BL,222359,Shirt TRENDY Blue,_BL,Blue,Apparel,Shirt,Woven,Cotton,,,35.99,/242/64/222359_BL_1,222359_BL_1.jpg,none,,,,,
222359_BN,222359,Shirt P5 Brown,_BN,Brown,Apparel,Shirt,Woven,Cotton,,,35.99,/242/64/222359_BN_1,222359_BN_1.jpg,none,,,,,
222359_EC,222359,Shirt C4 Ecru,_EC,Ecru,Apparel,Shirt,Woven,Cotton,,,35.99,/242/64/222359_EC_1,222359_EC_1.jpg,none,,,,,
222369_EC,222369,Top AL Ecru,_EC,Ecru,Apparel,Top,Woven,Polyamide; Viscose,,Viscose,19.99,/242/64/222369_EC_1,222369_EC_1.jpg,none,,,,,
222417_DG,222417,Sweater B4 Dark Grey,_DG,Dark Grey,Apparel,Sweater,Knit,Cotton; Polyester,,,27.99,/242/64/222417_DG_1,222417_DG_1.jpg,none,,,,,
222431_BU,222431,Sweater P6 Burgundy,_BU,Burgundy,Apparel,Sweater,Knit,Linen; Polyamide; Polyester,,Polyester,29.99,/242/64/222431_BU_1,222431_BU_1.jpg,none,,,,,
222431_OW,222431,Sweater P6 Off White,_OW,Off White,Apparel,Sweater,Knit,Linen; Polyamide; Polyester,,Polyester,29.99,/242/64/222431_OW_1,222431_OW_1.jpg,none,,,,,
222475_GN,222475,T-shirt JJ Green,_GN,Green,Apparel,T-shirt,Circular,Elastane; Viscose,,,17.99,/242/64/222475_GN_1,222475_GN_1.jpg,none,,,,,
222528_BM,222528,Dress NH Bright Multicolor,_BM,Bright Multicolor,Apparel,Dress,Woven,Cotton,,,29.99,/242/64/222528_BM_1,222528_BM_1.jpg,none,,,,,
222594_BG,222594,Kimono T1 ESSENTIALS Beige,_BG,Beige,Apparel,Kimono,Woven,Cotton,,,39.99,/242/64/222594_BG_1,222594_BG_1.jpg,none,,,,,
222594_BL,222594,Kimono NH Blue,_BL,Blue,Apparel,Kimono,Woven,Cotton,,,39.99,/241/64/222594_BL_1,222594_BL_1.jpg,none,,,,,
222614_BL,222614,Dress SEJ Blue,_BL,Blue,Apparel,Dress,Woven,Cotton,,,39.99,/241/64/222614_BL_1,222614_BL_1.jpg,none,,,,,
222661_BM,222661,Kimono MA Bright Multicolor,_BM,Bright Multicolor,Apparel,Kimono,Woven,Cotton,,,39.99,/242/64/222661_BM_1,222661_BM_1.jpg,none,,,,,
222685_BM,222685,Bathing Suit TRENDY Bright Multicolor,_BM,Bright Multicolor,Apparel,Bath Suit,Circular,Elastane; Elastane; Polyamide; Polyester; Polyester,,,29.99,/241/64/222685_BM_1,222685_BM_1.jpg,none,,,,,
222690_NV,222690,Cardigan SEJ Navy,_NV,Navy,Apparel,Cardigan,Knit,Polyester; RECYCLED COTTON,,,39.99,/242/64/222690_NV_1,222690_NV_1.jpg,none,,,,,
222690_WT,222690,Cardigan SEJ White,_WT,White,Apparel,Cardigan,Knit,Polyester; RECYCLED COTTON,,,39.99,/242/64/222690_WT_1,222690_WT_1.jpg,none,,,,,
222696_BM,222696,Dress CC Bright Multicolor,_BM,Bright Multicolor,Apparel,Dress,Woven,Linen; Lyocell,,Lyocell,39.99,/242/64/222696_BM_1,222696_BM_1.jpg,none,,,,,
222708_BK,222708,Sweater T1 ESSENTIALS Black,_BK,Black,Apparel,Sweater,Knit,Polyamide; Polyester; Viscose,,,32.99,/241/64/222708_BK_1,222708_BK_1.jpg,none,,,,,
222708_RD,222708,Sweater T1 ESSENTIALS Red,_RD,Red,Apparel,Sweater,Knit,Polyamide; Polyester; Viscose,,,32.99,/241/64/222708_RD_1,222708_RD_1.jpg,none,,,,,
222794_BL,222794,Skirt LAGO Blue,_BL,Blue,Apparel,Skirt,Circular,Elastane; Modal; Polyamide,,,27.99,/242/64/222794_BL_1,222794_BL_1.jpg,none,,,,,
222806_BL,222806,Dress TRENDY Blue,_BL,Blue,Apparel,Dress,Woven,Cotton,,,35.99,/242/64/222806_BL_1,222806_BL_1.jpg,none,,,,,
222806_RD,222806,Dress TRENDY Red,_RD,Red,Apparel,Dress,Woven,Cotton,,,35.99,/242/64/222806_RD_1,222806_RD_1.jpg,none,,,,,
222830_GD,222830,Dress BETS Gold,_GD,Gold,Apparel,Dress,Knit,Viscose; Elastodieno,,,32.99,/241/64/222830_GD_1,222830_GD_1.jpg,none,,,,,
222830_PK,222830,Dress BETS Pink,_PK,Pink,Apparel,Dress,Knit,Viscose; Elastodieno,,,32.99,/241/64/222830_PK_1,222830_PK_1.jpg,none,,,,,
222830_SV,222830,Dress BETS Silver,_SV,Silver,Apparel,Dress,Knit,Viscose; Elastodieno,,,32.99,/241/64/222830_SV_1,222830_SV_1.jpg,none,,,,,
222891_AN,222891,Trousers T1 ESSENTIALS Anthracite,_AN,Anthracite,Apparel,Trousers,Circular,Elastane; Modal; Polyester,,,27.99,/242/64/222891_AN_1,222891_AN_1.jpg,none,,,,,
222891_CA,222891,Trousers T1 ESSENTIALS Camel,_CA,Camel,Apparel,Trousers,Circular,Elastane; Modal; Polyester,,,27.99,/242/64/222891_CA_1,222891_CA_1.jpg,none,,,,,
222891_NV,222891,Trousers T1 ESSENTIALS Navy,_NV,Navy,Apparel,Trousers,Circular,Elastane; Modal; Polyester,,,27.99,/242/64/222891_NV_1,222891_NV_1.jpg,none,,,,,
222891_WT,222891,Trousers T1 ESSENTIALS White,_WT,White,Apparel,Trousers,Circular,Elastane; Modal; Polyester,,,27.99,/242/64/222891_WT_1,222891_WT_1.jpg,none,,,,,
222898_NV,222898,Jumpsuit TRENDY Navy,_NV,Navy,Apparel,Jumpsuit,Woven,Cotton,,,32.99,/242/64/222898_NV_1,222898_NV_1.jpg,none,,,,,
222898_RD,222898,Jumpsuit TRENDY Red,_RD,Red,Apparel,Jumpsuit,Woven,Cotton,,,32.99,/242/64/222898_RD_1,222898_RD_1.jpg,none,,,,,
222902_BL,222902,Trousers T1 ESSENTIALS Blue,_BL,Blue,Apparel,Trousers,Circular,Elastane; Polyester; Viscose,,Polyester,23.99,/241/64/222902_BL_1,222902_BL_1.jpg,none,,,,,
222902_BM,222902,Trousers T1 ESSENTIALS Bright Multicolor,_BM,Bright Multicolor,Apparel,Trousers,Circular,Elastane; Viscose; Polyester,,Polyester,23.99,/241/64/222902_BM_1,222902_BM_1.jpg,none,,,,,
222902_CA,222902,Trousers BETS Camel,_CA,Camel,Apparel,Trousers,Circular,Polyester; Viscose; Elastane,,Polyester,23.99,/242/64/222902_CA_1,222902_CA_1.jpg,none,,,,,
222902_KK,222902,Trousers BETS Khaki,_KK,Khaki,Apparel,Trousers,Circular,Elastane; Polyester; Viscose,,Polyester,23.99,/242/64/222902_KK_1,222902_KK_1.jpg,none,,,,,
222902_WT,222902,Trousers T1 ESSENTIALS White,_WT,White,Apparel,Trousers,Circular,Elastane; Polyester; Viscose,,Polyester,23.99,/241/64/222902_WT_1,222902_WT_1.jpg,none,,,,,
222951_PK,222951,Skirt CA Pink,_PK,Pink,Apparel,Skirt,Woven,Cotton; Lyocell,,,35.99,/242/64/222951_PK_1,222951_PK_1.jpg,none,,,,,
223181_BL,223181,Trousers B5 Blue,_BL,Blue,Apparel,Trousers,Woven,Cotton,,,32.99,/242/64/223181_BL_1,223181_BL_1.jpg,none,,,,,
223196_KK,223196,Trousers 00 Khaki,_KK,Khaki,Apparel,Trousers,Knit,Polyamide; Viscose,,Viscose,35.99,/242/64/223196_KK_1,223196_KK_1.jpg,none,,,,,
223196_WT,223196,Trousers B3 White,_WT,White,Apparel,Trousers,Knit,Polyamide; Viscose,,Viscose,35.99,/242/64/223196_WT_1,223196_WT_1.jpg,none,,,,,
223330_AN,223330,Trousers TT Anthracite,_AN,Anthracite,Apparel,Trousers,Woven,Modal; Polyester,,,35.99,/242/64/223330_AN_1,223330_AN_1.jpg,none,,,,,
223389_BU,223389,Skirt M1S Burgundy,_BU,Burgundy,Apparel,Skirt,Woven,Lyocell,,Lyocell,32.99,/242/64/223389_BU_1,223389_BU_1.jpg,none,,,,,
223389_GY,223389,Skirt M1S Grey,_GY,Grey,Apparel,Skirt,Woven,Lyocell,,Lyocell,32.99,/242/64/223389_GY_1,223389_GY_1.jpg,none,,,,,
223430_BM,223430,T-shirt C1 Bright Multicolor,_BM,Bright Multicolor,Apparel,T-shirt,Circular,Lyocell,,Lyocell,19.99,/242/64/223430_BM_1,223430_BM_1.jpg,none,,,,,
223450_BM,223450,Dress TRENDY Bright Multicolor,_BM,Bright Multicolor,Apparel,Dress,Woven,Cotton; Cotton,,,39.99,/242/64/223450_BM_1,223450_BM_1.jpg,none,,,,,
223464_BM,223464,Dress NH Bright Multicolor,_BM,Bright Multicolor,Apparel,Dress,Woven,Cotton,,,35.99,/242/64/223464_BM_1,223464_BM_1.jpg,none,,,,,
223535_LN,223535,Top TT Light Green,_LN,Light Green,Apparel,Top,Woven,Acetate,,,39.99,/242/64/223535_LN_1,223535_LN_1.jpg,none,,,,,
223556_BM,223556,Dress GI Bright Multicolor,_BM,Bright Multicolor,Apparel,Dress,Circular,Elastane; Viscose; Polyester,,,27.99,/242/64/223556_BM_1,223556_BM_1.jpg,none,,,,,
223571_BK,223571,Dress EXCLUSIVE Black,_BK,Black,Apparel,Dress,Woven,Linen; Cotton,,,35.99,/242/64/223571_BK_1,223571_BK_1.jpg,none,,,,,
223571_EC,223571,Dress EXCLUSIVE Ecru,_EC,Ecru,Apparel,Dress,Woven,Cotton; Linen,,,35.99,/242/64/223571_EC_1,223571_EC_1.jpg,none,,,,,
223629_BK,223629,Cardigan MA Black,_BK,Black,Apparel,Cardigan,Knit,Polyamide; Viscose,,Viscose,25.99,/242/64/223629_BK_1,223629_BK_1.jpg,none,,,,,
223646_BM,223646,Skirt NH Bright Multicolor,_BM,Bright Multicolor,Apparel,Skirt,Woven,Viscose,,,29.99,/242/64/223646_BM_1,223646_BM_1.jpg,none,,,,,
223701_BK,223701,Dress 33 Black,_BK,Black,Apparel,Dress,Woven,Polyurethane; Polyester; Cotton,,Polyurethane,49.99,/242/64/223701_BK_1,223701_BK_1.jpg,none,,,,,
223871_GN,223871,Sweatshirt GI Green,_GN,Green,Apparel,Sweatshirt,Circular,Polyester; Viscose; Elastane,,Polyester,27.99,/242/64/223871_GN_1,223871_GN_1.jpg,none,,,,,
223871_WT,223871,Sweatshirt GI White,_WT,White,Apparel,Sweatshirt,Circular,Polyester; Elastane; Viscose,,Polyester,27.99,/242/64/223871_WT_1,223871_WT_1.jpg,none,,,,,
223896_BM,223896,Bathing Suit C3 Bright Multicolor,_BM,Bright Multicolor,Apparel,Bath Suit,Circular,Polyester; Polyester; Elastane; Elastane,,Polyester,25.99,/242/64/223896_BM_1,223896_BM_1.jpg,none,,,,,
223989_DM,223989,Dress TRENDY Dark Multicolor,_DM,Dark Multicolor,Apparel,Dress,Circular,Cotton,,,29.99,/242/64/223989_DM_1,223989_DM_1.jpg,none,,,,,
224006_BK,224006,Top BETS Black,_BK,Black,Apparel,Top,Woven,Polyester,,Polyester,23.99,/242/64/224006_BK_1,224006_BK_1.jpg,none,,,,,
224006_BL,224006,Top P2 Blue,_BL,Blue,Apparel,Top,Woven,Polyester,,Polyester,23.99,/242/64/224006_BL_1,224006_BL_1.jpg,none,,,,,
224006_KK,224006,Top P2 Khaki,_KK,Khaki,Apparel,Top,Woven,Polyester,,Polyester,23.99,/242/64/224006_KK_1,224006_KK_1.jpg,none,,,,,
224053_EC,224053,Top BRIDAL CAPSULE Ecru,_EC,Ecru,Apparel,Top,Knit,Viscose; Polyamide,,Viscose,23.99,/242/64/224053_EC_1,224053_EC_1.jpg,none,,,,,
224096_EC,224096,Sweater TUBR Ecru,_EC,Ecru,Apparel,Sweater,Knit,Polyester; Acrylic; Polyamide; Wool; Elastane,,Polyester,29.99,/242/64/224096_EC_1,224096_EC_1.jpg,none,,,,,
224096_RD,224096,Sweater gg Red,_RD,Red,Apparel,Sweater,Knit,Polyamide; Acrylic; Wool; Polyester; Elastane,,,29.99,/242/64/224096_RD_1,224096_RD_1.jpg,none,,,,,
224124_BM,224124,Dress MA Bright Multicolor,_BM,Bright Multicolor,Apparel,Dress,Circular,Polyamide; Viscose,,,32.99,/242/64/224124_BM_1,224124_BM_1.jpg,none,,,,,
224144_EC,224144,Dress CM Ecru,_EC,Ecru,Apparel,Dress,Knit,Viscose; Polyamide; Cotton; Polyester,,,35.99,/242/64/224144_EC_1,224144_EC_1.jpg,none,,,,,
224229_GN,224229,Shirt TRENDY Green,_GN,Green,Apparel,Shirt,Woven,Cotton,,,27.99,/242/64/224229_GN_1,224229_GN_1.jpg,none,,,,,
224284_BN,224284,Coat TU Brown,_BN,Brown,Apparel,Coat,Woven,Polyester; Polyurethane,,Polyurethane,69.99,/242/64/224284_BN_1,224284_BN_1.jpg,none,,,,,
224326_BM,224326,Raincoat cindy Bright Multicolor,_BM,Bright Multicolor,Apparel,Raincoat,Woven,Polyester,,Polyester,49.99,/242/64/224326_BM_1,224326_BM_1.jpg,none,,,,,
224416_BK,224416,Shirt OU Black,_BK,Black,Apparel,Shirt,Woven,elastomultiéster; Polyester,,,32.99,/242/64/224416_BK_1,224416_BK_1.jpg,none,,,,,
224416_EC,224416,Shirt OU Ecru,_EC,Ecru,Apparel,Shirt,Woven,elastomultiéster; Polyester,,,32.99,/242/64/224416_EC_1,224416_EC_1.jpg,none,,,,,
224425_BM,224425,Shirt bro Bright Multicolor,_BM,Bright Multicolor,Apparel,Shirt,Woven,Viscose; Elastane,,,32.99,/242/64/224425_BM_1,224425_BM_1.jpg,none,,,,,
224447_YL,224447,Cardigan CS1 Yellow,_YL,Yellow,Apparel,Cardigan,Knit,Cotton; Acrylic,,,32.99,/242/64/224447_YL_1,224447_YL_1.jpg,none,,,,,
224471_BK,224471,Dress TRENDY Black,_BK,Black,Apparel,Dress,Woven,Cotton,,,32.99,/242/64/224471_BK_1,224471_BK_1.jpg,none,,,,,
224471_YL,224471,Dress TRENDY Yellow,_YL,Yellow,Apparel,Dress,Woven,Cotton,,,32.99,/242/64/224471_YL_1,224471_YL_1.jpg,none,,,,,
224473_BG,224473,Coat 00 Beige,_BG,Beige,Apparel,Coat,Woven,Polyester; Viscose; Wool,,Wool,89.99,/242/64/224473_BG_1,224473_BG_1.jpg,none,,,,,
224693_EC,224693,Sweatshirt B4 Ecru,_EC,Ecru,Apparel,Sweatshirt,Circular,Elastane; Polyester; Cotton; Viscose,,,32.99,/242/64/224693_EC_1,224693_EC_1.jpg,none,,,,,
224784_EC,224784,Coat T1 ESSENTIALS Ecru,_EC,Ecru,Apparel,Coat,Woven,Polyester,,,69.99,/242/64/224784_EC_1,224784_EC_1.jpg,none,,,,,
224784_PK,224784,Coat T1 ESSENTIALS Pink,_PK,Pink,Apparel,Coat,Woven,Polyester,,,69.99,/242/64/224784_PK_1,224784_PK_1.jpg,none,,,,,
224835_BM,224835,Sweatshirt C4 SET Bright Multicolor,_BM,Bright Multicolor,Apparel,Sweatshirt,Circular,Cotton,,,29.99,/242/64/224835_BM_1,224835_BM_1.jpg,none,,,,,
224871_BL,224871,Dress TRENDY Blue,_BL,Blue,Apparel,Dress,Woven,Cotton; Cotton,,,32.99,/242/64/224871_BL_1,224871_BL_1.jpg,none,,,,,
224871_WT,224871,Dress TRENDY White,_WT,White,Apparel,Dress,Woven,Cotton; Cotton,,,32.99,/242/64/224871_WT_1,224871_WT_1.jpg,none,,,,,
224878_PK,224878,Shirt BETS Pink,_PK,Pink,Apparel,Shirt,Woven,Cotton,,Cotton,25.99,/242/64/224878_PK_1,224878_PK_1.jpg,none,,,,,
224890_BN,224890,Coat CS1 Brown,_BN,Brown,Apparel,Coat,Woven,Polyester; Polyamide; Polyester; Cotton,,Polyester,49.99,/242/64/224890_BN_1,224890_BN_1.jpg,none,,,,,
224892_BK,224892,Poncho RR Black,_BK,Black,Apparel,Poncho,Knit,Polyester; Polyamide; Viscose,,,39.99,/242/64/224892_BK_1,224892_BK_1.jpg,none,,,,,
224892_CA,224892,Poncho RR Camel,_CA,Camel,Apparel,Poncho,Knit,Viscose; Polyester; Polyamide,,,39.99,/242/64/224892_CA_1,224892_CA_1.jpg,none,,,,,
224892_NV,224892,Poncho RR Navy,_NV,Navy,Apparel,Poncho,Knit,Viscose; Polyamide; Polyester,,,39.99,/242/64/224892_NV_1,224892_NV_1.jpg,none,,,,,
224893_BM,224893,Dress TRENDY Bright Multicolor,_BM,Bright Multicolor,Apparel,Dress,Knit,Viscose; Polyamide,,,35.99,/242/64/224893_BM_1,224893_BM_1.jpg,none,,,,,
224918_BM,224918,Coat T1 ESSENTIALS Bright Multicolor,_BM,Bright Multicolor,Apparel,Coat,Woven,Polyester,,Polyester,69.99,/242/64/224918_BM_1,224918_BM_1.jpg,none,,,,,
224919_BL,224919,Shirt TU Blue,_BL,Blue,Apparel,Shirt,Woven,Cotton,,,29.99,/242/64/224919_BL_1,224919_BL_1.jpg,none,,,,,
224919_WT,224919,Shirt QUADROS White,_WT,White,Apparel,Shirt,Woven,Cotton,,Cotton,29.99,/242/64/224919_WT_1,224919_WT_1.jpg,none,,,,,
224943_LM,224943,Trousers SCUBA Lime,_LM,Lime,Apparel,Trousers,Circular,Modal; Polyester; Elastane,,,27.99,/242/64/224943_LM_1,224943_LM_1.jpg,none,,,,,
224943_WT,224943,Trousers SCUBA White,_WT,White,Apparel,Trousers,Circular,Elastane; Modal; Polyester,,,27.99,/242/64/224943_WT_1,224943_WT_1.jpg,none,,,,,
224961_BM,224961,Sweater JJ Bright Multicolor,_BM,Bright Multicolor,Apparel,Sweater,Knit,Lyocell,,Lyocell,25.99,/242/64/224961_BM_1,224961_BM_1.jpg,none,,,,,
224961_WT,224961,Sweater JJ White,_WT,White,Apparel,Sweater,Knit,Lyocell,,Lyocell,25.99,/242/64/224961_WT_1,224961_WT_1.jpg,none,,,,,
204306_BG,204306,Trainer Shoes RUNNING BEIGE Beige,_BG,Beige,Footwear,Trainers,Textile,Polyester; Polyester; Polyester; Polyurethane; Rubber,,,29.99,/241/53/204306_BG_1,204306_BG_1.jpg,none,,,,,
206383_FU,206383,Flat Sandals SANDALS SPECIAL PRICE Fuchsia,_FU,Fuchsia,Footwear,Flat Sandals,PU,Polyurethane; Polyurethane; Polyurethane; Rubber,,,12.99,/231/53/206383_FU_1,206383_FU_1.jpg,none,,,,,
206383_GD,206383,Flat Sandals SANDALS SPECIAL PRICE Gold,_GD,Gold,Footwear,Flat Sandals,PU,Polyurethane; Polyurethane; Polyurethane; Rubber,,,12.99,/231/53/206383_GD_1,206383_GD_1.jpg,none,,,,,
206383_LM,206383,Flat Sandals SANDALS SPECIAL PRICE Lime,_LM,Lime,Footwear,Flat Sandals,PU,Polyurethane; Polyurethane; Rubber; Polyurethane,,,12.99,/231/53/206383_LM_1,206383_LM_1.jpg,none,,,,,
206383_NU,206383,Flat Sandals SANDALS SPECIAL PRICE Nude,_NU,Nude,Footwear,Flat Sandals,PU,Polyurethane; Polyurethane; Polyurethane; Rubber,,,12.99,/231/53/206383_NU_1,206383_NU_1.jpg,none,,,,,
206792_BK,206792,High Heel Sandals BLACK BASIC SANDAL Black,_BK,Black,Footwear,High Heel Sandals,PU,Polyester; Polyester; Polyurethane; Polyurethane; Rubber,,,25.99,/232/53/206792_BK_1,206792_BK_1.jpg,none,,,,,
208142_BK,208142,High Heel Sandals RUBBER PLATFORM Black,_BK,Black,Footwear,High Heel Sandals,Rubber,Polyurethane; Polyurethane; Polyurethane; Rubber,,,35.99,/232/53/208142_BK_1,208142_BK_1.jpg,none,,,,,
208621_BK,208621,High Heel Sandals TRICOLOR SANDAL Black,_BK,Black,Footwear,High Heel Sandals,PU,Polyurethane; Polyurethane; Polyurethane; Rubber,,,35.99,/232/53/208621_BK_1,208621_BK_1.jpg,none,,,,,
208621_MM,208621,High Heel Sandals PARTY TRICOLOR SANDAL Metallic Multicolor,_MM,Metallic Multicolor,Footwear,High Heel Sandals,PU,Polyurethane; Polyurethane; Polyurethane; Rubber,,,35.99,/232/53/208621_MM_1,208621_MM_1.jpg,none,,,,,
209585_BK,209585,Flat Sandals SANDAL GLITTER Black,_BK,Black,Footwear,Flat Sandals,PU,Crystal Glass; Polyurethane; Polyurethane; Polyurethane; Rubber,,,29.99,/232/53/209585_BK_1,209585_BK_1.jpg,none,,,,,
209936_BK,209936,High Heel Sandals SANDAL CRYSTALS Black,_BK,Black,Footwear,High Heel Sandals,PU,Polyester; Polyester; Polyurethane; Polyurethane; Rubber,,,35.99,/232/53/209936_BK_1,209936_BK_1.jpg,none,,,,,
210337_BK,210337,Ankle Boots COWBOY LEATHER Black,_BK,Black,Footwear,Ankle Boots,Leather,Cow Suede Leather; Polyester; Polyurethane; Polyurethane; Rubber,,,59.99,/241/53/210337_BK_1,210337_BK_1.jpg,none,,,,,
210337_BN,210337,Ankle Boots COWBOY LEATHER Brown,_BN,Brown,Footwear,Ankle Boots,Leather,Cow Suede Leather; Polyester; Polyurethane; Polyurethane; Rubber,,,59.99,/232/53/210337_BN_1,210337_BN_1.jpg,none,,,,,
210648_LD,210648,Ballerinas LEATHER BALLERINA LIGHT G Light Gold,_LD,Light Gold,Footwear,Ballerinas,Leather,Cow Leather; Polyester; Polyurethane; Polyurethane; Rubber,,,39.99,/232/53/210648_LD_1,210648_LD_1.jpg,none,,,,,
210669_BK,210669,Ankle Boots NEOPRENE BOOT BLACK Black,_BK,Black,Footwear,Ankle Boots,Textile,Polyester; Polyester; Polyurethane; Polyurethane; Polyurethane; Rubber,,,59.99,/232/53/210669_BK_1,210669_BK_1.jpg,none,,,,,
210669_KK,210669,Ankle Boots NEOPRENE BOOT KHAKI Khaki,_KK,Khaki,Footwear,Ankle Boots,Textile,Polyester; Polyester; Polyurethane; Polyurethane; Polyurethane; Rubber,,,59.99,/232/53/210669_KK_1,210669_KK_1.jpg,none,,,,,
210802_BK,210802,Flat Shoes CHUNKY MOCASSIN Black,_BK,Black,Footwear,Flat Shoes,PU,Polyester; Polyurethane; Polyurethane; Polyurethane; Rubber,,,39.99,/232/53/210802_BK_1,210802_BK_1.jpg,none,,,,,
211341_OW,211341,High Heel Sandals SANDAL HEEL OFF WHITE Off White,_OW,Off White,Footwear,High Heel Sandals,PU,Polyurethane; Polyurethane; Polyurethane; Rubber,,,32.99,/232/53/211341_OW_1,211341_OW_1.jpg,none,,,,,
211655_BK,211655,Trainer Shoes NYLON BLACK Black,_BK,Black,Footwear,Trainers,Textile,Polyester; Polyester; Polyester; Polyurethane; Rubber,,,32.99,/232/53/211655_BK_1,211655_BK_1.jpg,none,,,,,
211655_WT,211655,Trainer Shoes NYLON WHITE White,_WT,White,Footwear,Trainers,Textile,Polyester; Polyester; Polyester; Polyurethane; Rubber,,,32.99,/232/53/211655_WT_1,211655_WT_1.jpg,none,,,,,
211710_BK,211710,Ankle Boots LEATHER ANKLE BOOT Black,_BK,Black,Footwear,Ankle Boots,Leather,Cow Leather; Polyester; Polyurethane; Polyurethane; Rubber,,,59.99,/232/53/211710_BK_1,211710_BK_1.jpg,none,,,,,
212093_BK,212093,Ballerinas BLACK STUDS BALLERINA Black,_BK,Black,Footwear,Ballerinas,PU,Polyester; Polyurethane; Polyurethane; Polyurethane; Rubber,,,32.99,/232/53/212093_BK_1,212093_BK_1.jpg,none,,,,,
212093_OW,212093,Ballerinas OFF WHITE STUDS BALLERINA Off White,_OW,Off White,Footwear,Ballerinas,PU,Polyester; Polyurethane; Polyurethane; Polyurethane; Rubber,,,32.99,/232/53/212093_OW_1,212093_OW_1.jpg,none,,,,,
212694_TU,212694,Trainer Shoes RUNNING TAUPE&WHITE Taupe,_TU,Taupe,Footwear,Trainers,Textile,Polyester; Polyester; Polyester; Polyurethane; Rubber,,,35.99,/232/53/212694_TU_1,212694_TU_1.jpg,none,,,,,
212722_GN,212722,Trainer Shoes GREEN BEIGE TRAINER Green,_GN,Green,Footwear,Trainers,Textile,Polyester; Polyester; Polyester; Polyurethane; Rubber,,,35.99,/232/53/212722_GN_1,212722_GN_1.jpg,none,,,,,
212722_PK,212722,Trainer Shoes PINK BEIGE TRAINER Pink,_PK,Pink,Footwear,Trainers,Textile,Polyester; Polyester; Polyester; Polyurethane; Rubber,,,35.99,/232/53/212722_PK_1,212722_PK_1.jpg,none,,,,,
214178_BK,214178,Ankle Boots MILITAR LACES BOOT Black,_BK,Black,Footwear,Ankle Boots,PU,Polyester; Polyurethane; Polyurethane; Polyurethane; Rubber,,,45.99,/232/53/214178_BK_1,214178_BK_1.jpg,none,,,,,
215091_BK,215091,High Heel Shoes CANICHE CAMPAIGN Black,_BK,Black,Footwear,High Heel Shoes,Leather,Cow Suede Leather; Cow Suede Leather; Polyurethane; Polyurethane; Rubber,,,55.99,/232/53/215091_BK_1,215091_BK_1.jpg,none,,,,,
215091_BU,215091,High Heel Shoes CANICHE CAMPAIGN Burgundy,_BU,Burgundy,Footwear,High Heel Shoes,Leather,Cow Suede Leather; Cow Suede Leather; Polyurethane; Polyurethane; Rubber,,,55.99,/232/53/215091_BU_1,215091_BU_1.jpg,none,,,,,
215323_BN,215323,Ankle Boots COWBOY LEATHER Brown,_BN,Brown,Footwear,Ankle Boots,Leather,Cow Suede Leather; Polyester; Polyurethane; Polyurethane; Rubber,,,55.99,/241/53/215323_BN_1,215323_BN_1.jpg,none,,,,,
215566_BK,215566,Ankle Boots MILITAR LACES BOOT Black,_BK,Black,Footwear,Ankle Boots,PU,Polyester; Polyurethane; Polyurethane; Polyurethane; Rubber,,,45.99,/241/53/215566_BK_1,215566_BK_1.jpg,none,,,,,
215986_BG,215986,Ankle Boots BEIGE LEATHER BOOT Beige,_BG,Beige,Footwear,Ankle Boots,Leather,Cow Suede Leather; Polyester; Polyester; Polyurethane; Polyurethane; Rubber,,,55.99,/241/53/215986_BG_1,215986_BG_1.jpg,none,,,,,
216643_BK,216643,High Heel Shoes KITTEN PARTY Black,_BK,Black,Footwear,High Heel Shoes,Textile,Polyester; Polyester; Polyurethane; Polyurethane; Rubber,,,39.99,/241/53/216643_BK_1,216643_BK_1.jpg,none,,,,,
217166_CA,217166,Flat Shoes LEATHER MOCASSIN Camel,_CA,Camel,Footwear,Flat Shoes,Leather,Cow Suede Leather; Polyester; Polyurethane; Polyurethane; Rubber,,,39.99,/241/53/217166_CA_1,217166_CA_1.jpg,none,,,,,
217275_BK,217275,Ballerinas STUDS BALLERINA Black,_BK,Black,Footwear,Ballerinas,PU,Polyurethane; Rubber; Polyester; Polyurethane; Polyurethane,,,29.99,/241/53/217275_BK_1,217275_BK_1.jpg,none,,,,,
217275_OW,217275,Ballerinas STUDS BALLERINA Off White,_OW,Off White,Footwear,Ballerinas,PU,Polyester; Polyurethane; Polyurethane; Polyurethane; Rubber,,,29.99,/241/53/217275_OW_1,217275_OW_1.jpg,none,,,,,
218014_BK,218014,High Heel Sandals BLACK SANDAL HEEL Black,_BK,Black,Footwear,High Heel Sandals,PU,Polyurethane; Polyurethane; Polyurethane; Rubber,,,29.99,/241/53/218014_BK_1,218014_BK_1.jpg,none,,,,,
218051_BK,218051,Flat Shoes JUTE BICOLOR Black,_BK,Black,Footwear,Flat Shoes,Textile,Cotton; Cotton; Linen; Polyester; Polyurethane; Polyurethane; Polyurethane; Rubber; Jute,,,23.99,/241/53/218051_BK_1,218051_BK_1.jpg,none,,,,,
218171_BK,218171,High Heel Sandals WEDGE JUTE BLACK Black,_BK,Black,Footwear,High Heel Sandals,Textile,Polyurethane; Polyurethane; Polyurethane; Rubber; Cotton; Cotton; Linen; Linen,,,32.99,/241/53/218171_BK_1,218171_BK_1.jpg,none,,,,,
218171_GD,218171,High Heel Sandals WEDGE JUTE GOLD Gold,_GD,Gold,Footwear,High Heel Sandals,Textile,Cotton; Cotton; Linen; Linen; Polyester; Polyester; Polyurethane; Polyurethane; Polyurethane; Rubber,,,32.99,/241/53/218171_GD_1,218171_GD_1.jpg,none,,,,,
218262_BK,218262,Ankle Boots BIKER Black,_BK,Black,Footwear,Ankle Boots,Leather,Cow Leather; Polyester; Polyurethane; Polyurethane; Rubber,,,79.99,/241/53/218262_BK_1,218262_BK_1.jpg,none,,,,,
218284_BK,218284,Flat Sandals CANGREJERA Black,_BK,Black,Footwear,Flat Sandals,PU,Polyurethane; Polyurethane; Polyurethane; Rubber,,,32.99,/241/53/218284_BK_1,218284_BK_1.jpg,none,,,,,
218284_OR,218284,Flat Sandals CANGREJERA Orange,_OR,Orange,Footwear,Flat Sandals,PU,Polyurethane; Polyurethane; Polyurethane; Rubber,,,32.99,/241/53/218284_OR_1,218284_OR_1.jpg,none,,,,,
218529_PM,218529,Trainer Shoes TRAINER COLORS SOFT Pastel Multicolor,_PM,Pastel Multicolor,Footwear,Trainers,PU,Polyester; Polyester; Polyester; Polyurethane; Rubber,,,35.99,/241/53/218529_PM_1,218529_PM_1.jpg,none,,,,,
218676_BK,218676,Trainer Shoes NYLON BLACK Black,_BK,Black,Footwear,Trainers,Textile,Polyester; Polyester; Polyester; Polyurethane; Rubber,,,32.99,/241/53/218676_BK_1,218676_BK_1.jpg,none,,,,,
218676_GY,218676,Trainer Shoes NYLON GREY Grey,_GY,Grey,Footwear,Trainers,Textile,Polyurethane; Rubber; Polyester; Polyester; Polyester,,,32.99,/241/53/218676_GY_1,218676_GY_1.jpg,none,,,,,
218676_KK,218676,Trainer Shoes NYLON KHAKI Khaki,_KK,Khaki,Footwear,Trainers,Textile,Polyester; Polyester; Polyester; Polyurethane; Rubber,,,32.99,/241/53/218676_KK_1,218676_KK_1.jpg,none,,,,,
219337_EC,219337,Flat Sandals MADEIRA Ecru,_EC,Ecru,Footwear,Flat Sandals,Textile,Cotton; Cotton; Cotton; Polyester; Polyester; Rubber,,,32.99,/241/53/219337_EC_1,219337_EC_1.jpg,none,,,,,
219443_MT,219443,High Heel Sandals MADEIRA Mint,_MT,Mint,Footwear,High Heel Sandals,PU,Rubber; Polyurethane; Polyurethane; Polyurethane,,,39.99,/241/53/219443_MT_1,219443_MT_1.jpg,none,,,,,
219443_RD,219443,High Heel Sandals MADEIRA Red,_RD,Red,Footwear,High Heel Sandals,PU,Polyurethane; Polyurethane; Polyurethane; Rubber,,,39.99,/241/53/219443_RD_1,219443_RD_1.jpg,none,,,,,
219698_BK,219698,Flat Sandals SANDAL RING Black,_BK,Black,Footwear,Flat Sandals,PU,Polyurethane; Polyurethane; Polyurethane; Rubber,,,32.99,/241/53/219698_BK_1,219698_BK_1.jpg,none,,,,,
219953_LD,219953,Flat Sandals LEATHER SANDAL Light Gold,_LD,Light Gold,Footwear,Flat Sandals,Leather,Cow Leather; Cow Leather; Thermoplastic Polyurethane; Thermoplastic Polyurethane; Thermoplastic Polyurethane,,,29.99,/242/53/219953_LD_1,219953_LD_1.jpg,none,,,,,
220167_BK,220167,Ballerinas BALLERINA LEATHER Black,_BK,Black,Footwear,Ballerinas,Leather,Cow Leather; Cow Leather; Cow Leather; Rubber,,,39.99,/241/53/220167_BK_1,220167_BK_1.jpg,none,,,,,
220167_OW,220167,Ballerinas BALLERINA LEATHER Off White,_OW,Off White,Footwear,Ballerinas,Leather,Cow Leather; Cow Leather; Cow Leather; Rubber,,,39.99,/241/53/220167_OW_1,220167_OW_1.jpg,none,,,,,
220419_BK,220419,High Heel Sandals WEDGE JUTE Black,_BK,Black,Footwear,High Heel Sandals,Textile,Cotton; Cotton; Linen; Linen; Polyurethane; Polyurethane; Polyurethane; Rubber,,,35.99,/242/53/220419_BK_1,220419_BK_1.jpg,none,,,,,
220419_GY,220419,High Heel Sandals WEDGE JUTE Grey,_GY,Grey,Footwear,High Heel Sandals,Textile,Cotton; Cotton; Linen; Linen; Polyurethane; Polyurethane; Polyurethane; Rubber,,,35.99,/242/53/220419_GY_1,220419_GY_1.jpg,none,,,,,
220688_EC,220688,Flat Shoes JUTE MARY-JANE Ecru,_EC,Ecru,Footwear,Flat Shoes,Textile,Cotton; Cotton; Polyester; Polyurethane; Polyurethane; Rubber; Jute,,,29.99,/242/53/220688_EC_1,220688_EC_1.jpg,none,,,,,
220927_TU,220927,Flat Shoes LACE-UP FLAT JUTE Taupe,_TU,Taupe,Footwear,Flat Shoes,Textile,Cotton; Cotton; Linen; Polyester; Polyurethane; Polyurethane; Jute; Thermoplastic Rubber,,,29.99,/242/53/220927_TU_1,220927_TU_1.jpg,none,,,,,
222304_BG,222304,Trainer Shoes RUNNING BEIGE Beige,_BG,Beige,Footwear,Trainers,Textile,Polyester; Polyester; Polyester; Polyurethane; Rubber,,,35.99,/242/53/222304_BG_1,222304_BG_1.jpg,none,,,,,
222304_GN,222304,Trainer Shoes RUNNING GREEN Green,_GN,Green,Footwear,Trainers,Textile,Polyester; Polyester; Polyester; Polyurethane; Rubber,,,35.99,/242/53/222304_GN_1,222304_GN_1.jpg,none,,,,,
222304_PK,222304,Trainer Shoes RUNNING PINK Pink,_PK,Pink,Footwear,Trainers,Textile,Polyester; Polyester; Polyester; Polyurethane; Rubber,,,35.99,/242/53/222304_PK_1,222304_PK_1.jpg,none,,,,,
222389_PM,222389,Trainer Shoes TRAINER COLORS SOFT Pastel Multicolor,_PM,Pastel Multicolor,Footwear,Trainers,Textile,Polyester; Polyester; Polyester; Polyurethane; Thermoplastic Rubber,,,35.99,/242/53/222389_PM_1,222389_PM_1.jpg,none,,,,,
222395_BK,222395,Flat Sandals BEADS FLAT SANDAL Black,_BK,Black,Footwear,Flat Sandals,Textile,Polypropylene; Polypropylene; Polyurethane; Polyurethane; Polyurethane; Thermoplastic Polyurethane; Thermoplastic Polyurethane,,,29.99,/242/53/222395_BK_1,222395_BK_1.jpg,none,,,,,
222395_EC,222395,Flat Sandals BEADS FLAT SANDAL Ecru,_EC,Ecru,Footwear,Flat Sandals,Textile,Polypropylene; Polypropylene; Polyurethane; Polyurethane; Polyurethane; Thermoplastic Polyurethane; Thermoplastic Polyurethane,,,29.99,/242/53/222395_EC_1,222395_EC_1.jpg,none,,,,,
222483_BG,222483,Flat Shoes POINTED BALLERINA EYELETS Beige,_BG,Beige,Footwear,Flat Shoes,PU,Polyester; Polyurethane; Polyurethane; Polyurethane; Rubber,,,35.99,/242/53/222483_BG_1,222483_BG_1.jpg,none,,,,,
222483_BU,222483,Flat Shoes POINTED BALLERINA EYELETS Burgundy,_BU,Burgundy,Footwear,Flat Shoes,PU,Polyester; Polyurethane; Polyurethane; Polyurethane; Rubber,,,35.99,/242/53/222483_BU_1,222483_BU_1.jpg,none,,,,,
222703_TU,222703,Ankle Boots LEATHER BOOTIE Taupe,_TU,Taupe,Footwear,Ankle Boots,Leather,Cow Suede Leather; Polyester; Polyurethane; Polyurethane; Rubber,,,59.99,/242/53/222703_TU_1,222703_TU_1.jpg,none,,,,,
222836_DM,222836,Ballerinas LEOPARD BALLERINA Dark Multicolor,_DM,Dark Multicolor,Footwear,Ballerinas,Textile,Polyester; Polyester; Polyurethane; Polyurethane; Thermoplastic Polyurethane,,,25.99,/242/53/222836_DM_1,222836_DM_1.jpg,none,,,,,
223632_CA,223632,High Heel Sandals CAMEL WEDGE SANDAL Camel,_CA,Camel,Footwear,High Heel Sandals,Leather,Rubber; Polyurethane; Polyurethane; Cow Leather,,,45.99,/242/53/223632_CA_1,223632_CA_1.jpg,none,,,,,
223659_DM,223659,Trainer Shoes LEOPARD SNEAKERS Dark Multicolor,_DM,Dark Multicolor,Footwear,Trainers,Leather,Horse Hair; Polyurethane; Polyester; Rubber; Polyester; Polyurethane; Cow Leather,,,49.99,/242/53/223659_DM_1,223659_DM_1.jpg,none,,,,,
223660_BG,223660,Ankle Boots LADY ANKLE BOOT Beige,_BG,Beige,Footwear,Ankle Boots,PU,Polyurethane; Polyurethane; Rubber; Polyester; Polyurethane,,,39.99,/242/53/223660_BG_1,223660_BG_1.jpg,none,,,,,
223660_BK,223660,Ankle Boots LADY ANKLE BOOT Black,_BK,Black,Footwear,Ankle Boots,PU,Polyurethane; Polyurethane; Polyester; Rubber; Polyurethane,,,39.99,/242/53/223660_BK_1,223660_BK_1.jpg,none,,,,,
223714_BK,223714,High Heel Sandals SANDAL GOLD HEEL Black,_BK,Black,Footwear,High Heel Sandals,PU,Polyurethane; Polyurethane; Rubber; Polyurethane,,,29.99,/242/53/223714_BK_1,223714_BK_1.jpg,none,,,,,
224083_CA,224083,Ankle Boots LEATHER ANKLE BOOT Camel,_CA,Camel,Footwear,Ankle Boots,Leather,Polyester; Rubber; Polyurethane; Cow Suede Leather; Polyurethane,,,59.99,/242/53/224083_CA_1,224083_CA_1.jpg,none,,,,,
224135_BK,224135,Boots RUBBER BOOT Black,_BK,Black,Footwear,Boots,PU,Polyurethane; Polyester; Polyurethane; Polyurethane; Rubber,,,55.99,/242/53/224135_BK_1,224135_BK_1.jpg,none,,,,,
224251_BU,224251,Trainer Shoes LEATHER RUNNING Burgundy,_BU,Burgundy,Footwear,Trainers,Leather,Polyurethane; Polyester; Rubber; Polyester; Cow Suede Leather,,,49.99,/242/53/224251_BU_2y,224251_BU_2y.jpg,none,,,,,
224251_CA,224251,Trainer Shoes LEATHER RUNNING Camel,_CA,Camel,Footwear,Trainers,Leather,Polyester; Rubber; Cow Suede Leather; Polyurethane; Polyester,,,49.99,/242/53/224251_CA_1,224251_CA_1.jpg,none,,,,,
224251_LG,224251,Trainer Shoes LEATHER RUNNING Light Grey,_LG,Light Grey,Footwear,Trainers,Leather,Cow Suede Leather; Polyester; Polyurethane; Rubber; Polyester,,,49.99,/242/53/224251_LG_1,224251_LG_1.jpg,none,,,,,
224419_BK,224419,Trainer Shoes NYLON BLACK Black,_BK,Black,Footwear,Trainers,Textile,Polyester; Polyurethane; Polyester; Rubber,,,35.99,/242/53/224419_BK_1,224419_BK_1.jpg,none,,,,,
224419_GN,224419,Trainer Shoes NYLON GREEN Green,_GN,Green,Footwear,Trainers,Textile,Polyester; Polyurethane; Polyester; Rubber; Polyester,,,35.99,/242/53/224419_GN_1,224419_GN_1.jpg,none,,,,,
224419_OW,224419,Trainer Shoes NYLON OFF WHITE Off White,_OW,Off White,Footwear,Trainers,Textile,Polyester; Polyurethane; Rubber; Polyester,,,35.99,/242/53/224419_OW_1,224419_OW_1.jpg,none,,,,,
224529_BK,224529,Ankle Boots BLACK COWBOY BOOT Black,_BK,Black,Footwear,Ankle Boots,PU,Polyurethane; Polyester; Polyurethane; Rubber; Polyurethane,,,45.99,/242/53/224529_BK_1,224529_BK_1.jpg,none,,,,,
199163_BK,199163,Briefcase CARIO3 Black,_BK,Black,Hand Bag,Briefcase,Animal Embossed PU,Polyester; Polyester; Polyester; Polyurethane; Polyurethane; Polyurethane,,,39.99,/222/54/199163_BK_1,199163_BK_1.jpg,none,,,,,
2076451BG,207645,Shopper Bag MARGARET Beige,1BG,Beige,Hand Bag,Shopper,Plain PU,Cotton; Polyester; Polyurethane; Polyurethane; Polyurethane; Polyurethane,,,25.99,/232/54/2076451BG_1,2076451BG_1.jpg,none,,,,,
207645_EC,207645,Shopper Bag MARGARET Ecru,_EC,Ecru,Hand Bag,Shopper,Plain PU,Cotton; Polyester; Polyurethane; Polyurethane; Polyurethane; Polyurethane,,,25.99,/232/54/207645_EC_1,207645_EC_1.jpg,none,,,,,
208145_JN,208145,Backpack BEACH Blue Jeans,_JN,Blue Jeans,Hand Bag,Backpack,Denim,Cotton; Polyester; Polyurethane,,,19.99,/232/54/208145_JN_1,208145_JN_1.jpg,none,,,,,
208692_BL,208692,Shoulder Bag JOLY2 Blue,_BL,Blue,Hand Bag,Shoulder Bag,Nylon,Polyester; Polyester,,,25.99,/232/54/208692_BL_1,208692_BL_1.jpg,none,,,,,
208692_GN,208692,Shoulder Bag JOLY2 Green,_GN,Green,Hand Bag,Shoulder Bag,Nylon,Polyester; Polyester,,,25.99,/232/54/208692_GN_1,208692_GN_1.jpg,none,,,,,
208692_PK,208692,Shoulder Bag JOLY2 Pink,_PK,Pink,Hand Bag,Shoulder Bag,Nylon,Polyester; Polyester,,,25.99,/232/54/208692_PK_1,208692_PK_1.jpg,none,,,,,
208709_GN,208709,Tote Bag JOLY1 Green,_GN,Green,Hand Bag,Tote,Fantasy PU,Polyester; Polyurethane; Polyurethane,,,19.99,/232/54/208709_GN_1,208709_GN_1.jpg,none,,,,,
208709_SV,208709,Tote Bag JOLY1 Silver,_SV,Silver,Hand Bag,Tote,Fantasy PU,Polyester; Polyurethane; Polyurethane,,,19.99,/232/54/208709_SV_1,208709_SV_1.jpg,none,,,,,
208990_BM,208990,Shoulder Bag JOLY3 Bright Multicolor,_BM,Bright Multicolor,Hand Bag,Shoulder Bag,Crochet,Cotton; Cotton; Polyethylene Terephthalate; glass bead,,,29.99,/232/54/208990_BM_1,208990_BM_1.jpg,none,,,,,
209221_OR,209221,Shoulder Bag NET2 Orange,_OR,Orange,Hand Bag,Shoulder Bag,Leather,Sheep leather,,,29.99,/232/54/209221_OR_1,209221_OR_1.jpg,none,,,,,
209221_PU,209221,Shoulder Bag NET2 Purple,_PU,Purple,Hand Bag,Shoulder Bag,Leather,Sheep leather,,,29.99,/232/54/209221_PU_1,209221_PU_1.jpg,none,,,,,
209221_SV,209221,Shoulder Bag NET2 Silver,_SV,Silver,Hand Bag,Shoulder Bag,Leather,Sheep leather,,,29.99,/232/54/209221_SV_1,209221_SV_1.jpg,none,,,,,
209438_SW,209438,Shopper Bag SOLAR Straw,_SW,Straw,Hand Bag,Shopper,Paper straw,Linen; Paper; Polyurethane; Polyurethane,,,27.99,/232/54/209438_SW_1,209438_SW_1.jpg,none,,,,,
209483_EC,209483,Bucket Bag SOLAR Ecru,_EC,Ecru,Hand Bag,Bucket,Crochet,Cotton; Cotton; Polyester; Polyester; Polyurethane,,,23.99,/232/54/209483_EC_1,209483_EC_1.jpg,none,,,,,
209525_WT,209525,Backpack GLICINIA White,_WT,White,Hand Bag,Backpack,Plain PU,Polyester; Polyurethane; Polyurethane,,,25.99,/232/54/209525_WT_1,209525_WT_1.jpg,none,,,,,
209622_BK,209622,Tote Bag NET1 Black,_BK,Black,Hand Bag,Tote,Nylon,Aluminium; Polyester; Polyester; Polyester; Polyurethane; Thermoplastic Polyurethane,,,29.99,/232/54/209622_BK_1,209622_BK_1.jpg,none,,,,,
209763_LL,209763,Shoulder Bag NET2 Lilac,_LL,Lilac,Hand Bag,Shoulder Bag,Nylon,Polyester; Polyurethane; Polyester,,,23.99,/232/54/209763_LL_1,209763_LL_1.jpg,none,,,,,
210049_CL,210049,Tote Bag MIK Coral,_CL,Coral,Hand Bag,Tote,Fake Nylon,Polyester; Polyester; Polyester; Polyurethane,,,27.99,/232/54/210049_CL_1,210049_CL_1.jpg,none,,,,,
210049_EC,210049,Tote Bag MIK Ecru,_EC,Ecru,Hand Bag,Tote,Fake Nylon,Polyester; Polyester; Polyester; Polyurethane,,,27.99,/232/54/210049_EC_1,210049_EC_1.jpg,none,,,,,
210049_TU,210049,Tote Bag MIK Taupe,_TU,Taupe,Hand Bag,Tote,Fake Nylon,Polyester; Polyester; Polyester; Polyurethane,,,27.99,/232/54/210049_TU_1,210049_TU_1.jpg,none,,,,,
210068_TU,210068,Backpack MIK Taupe,_TU,Taupe,Hand Bag,Backpack,Fake Nylon,Polyester; Polyester; Polyurethane,,,27.99,/232/54/210068_TU_1,210068_TU_1.jpg,none,,,,,
210596_CA,210596,Shoulder Bag FLECOS Camel,_CA,Camel,Hand Bag,Shoulder Bag,Real Suede,Cotton; Cow Leather,,,59.99,/231/54/210596_CA_1,210596_CA_1.jpg,none,,,,,
210596_PU,210596,Shoulder Bag FLECOS Purple,_PU,Purple,Hand Bag,Shoulder Bag,Real Suede,Cotton; Cow Leather,,,59.99,/231/54/210596_PU_1,210596_PU_1.jpg,none,,,,,
210788_CA,210788,Shoulder Bag SURFING Camel,_CA,Camel,Hand Bag,Shoulder Bag,Padded Peach PU,Polyester; Polyurethane; Polyurethane,,,25.99,/232/54/210788_CA_1,210788_CA_1.jpg,none,,,,,
210788_EC,210788,Shoulder Bag SURFING Ecru,_EC,Ecru,Hand Bag,Shoulder Bag,Padded Peach PU,Polyester; Polyurethane; Polyurethane,,,25.99,/232/54/210788_EC_1,210788_EC_1.jpg,none,,,,,
210788_KK,210788,Shoulder Bag SURFING Khaki,_KK,Khaki,Hand Bag,Shoulder Bag,Padded Peach PU,Polyester; Polyurethane; Polyurethane,,,25.99,/232/54/210788_KK_1,210788_KK_1.jpg,none,,,,,
210888_BK,210888,Crossbody Bag AUGUSTO1 Black,_BK,Black,Hand Bag,Cross,Nylon,Polyester; Polyester; Polyester; Polyurethane; Resin; Silicone,,,27.99,/232/54/210888_BK_1,210888_BK_1.jpg,none,,,,,
210888_CA,210888,Crossbody Bag AUGUSTO1 Camel,_CA,Camel,Hand Bag,Cross,Nylon,Polyester; Polyester; Polyester; Polyurethane; Resin; Silicone,,,27.99,/232/54/210888_CA_1,210888_CA_1.jpg,none,,,,,
210890_BM,210890,Crossbody Bag AUGUSTO1 Bright Multicolor,_BM,Bright Multicolor,Hand Bag,Cross,Printed Nylon,Polyester; Polyester; Polyurethane,,,27.99,/232/54/210890_BM_1,210890_BM_1.jpg,none,,,,,
210992_BL,210992,Briefcase AUBREY Blue,_BL,Blue,Hand Bag,Briefcase,Printed PU,Polyester; Polyester; Polyester; Polyester; Polyurethane; Polyurethane; Polyurethane; Zinc,,,35.99,/232/54/210992_BL_1,210992_BL_1.jpg,none,,,,,
211008_BK,211008,Shopper Bag AUGUSTO 2 Black,_BK,Black,Hand Bag,Shopper,Plain PU,Polyester; Polyester; Polyurethane; Polyurethane; Polyurethane,,,25.99,/232/54/211008_BK_1,211008_BK_1.jpg,none,,,,,
211008_EC,211008,Shopper Bag AUGUSTO 2 Ecru,_EC,Ecru,Hand Bag,Shopper,Plain PU,Polyester; Polyester; Polyurethane; Polyurethane; Polyurethane,,,25.99,/232/54/211008_EC_1,211008_EC_1.jpg,none,,,,,
211008_TU,211008,Shopper Bag AUGUSTO 2 Taupe,_TU,Taupe,Hand Bag,Shopper,Plain PU,Polyester; Polyester; Polyurethane; Polyurethane; Polyurethane,,,25.99,/232/54/211008_TU_1,211008_TU_1.jpg,none,,,,,
211228_NV,211228,Crossbody Bag BLOOMING Navy,_NV,Navy,Hand Bag,Cross,Printed PU,Polyester; Polyester; Polyurethane; Polyurethane,,,25.99,/232/54/211228_NV_1,211228_NV_1.jpg,none,,,,,
211296_BK,211296,Shoulder Bag POWER Black,_BK,Black,Hand Bag,Shoulder Bag,Padded Pu,Polyester; Polyurethane; Polyurethane,,,27.99,/232/54/211296_BK_1,211296_BK_1.jpg,none,,,,,
211296_IV,211296,Shoulder Bag POWER Ivory,_IV,Ivory,Hand Bag,Shoulder Bag,Padded Pu,Polyester; Polyurethane; Polyurethane,,,27.99,/232/54/211296_IV_1,211296_IV_1.jpg,none,,,,,
211307_BK,211307,Handbag POWER Black,_BK,Black,Hand Bag,Computer Backpack,Animal Embossed PU,Polyester; Polyester; Polyethylene Terephthalate; Polyurethane; Polyurethane; Polyurethane; Polyurethane,,,32.99,/232/54/211307_BK_1,211307_BK_1.jpg,none,,,,,
211339_BM,211339,Sac MAXI MAY Bright Multicolor,_BM,Bright Multicolor,Hand Bag,Sac,Plain Fabric,Polyester; Silk,,,29.99,/231/54/211339_BM_1,211339_BM_1.jpg,none,,,,,
211429_FU,211429,Shoulder Bag FARM1 Fuchsia,_FU,Fuchsia,Hand Bag,Shoulder Bag,Padded Pu,Polyester; Polyurethane; Polyurethane,,,25.99,/232/54/211429_FU_1,211429_FU_1.jpg,none,,,,,
211429_TU,211429,Shoulder Bag FARM1 Taupe,_TU,Taupe,Hand Bag,Shoulder Bag,Padded Pu,Polyester; Polyurethane; Polyurethane,,,25.99,/232/54/211429_TU_1,211429_TU_1.jpg,none,,,,,
211434_EC,211434,Tote Bag STELLA Ecru,_EC,Ecru,Hand Bag,Tote,Fake Nylon,Polyester; Polyester; Polyurethane,,,25.99,/232/54/211434_EC_1,211434_EC_1.jpg,none,,,,,
211434_PU,211434,Tote Bag STELLA Purple,_PU,Purple,Hand Bag,Tote,Fake Nylon,Polyester; Polyester; Polyurethane,,,25.99,/232/54/211434_PU_1,211434_PU_1.jpg,none,,,,,
211693_DM,211693,Crossbody Bag FARM2 Dark Multicolor,_DM,Dark Multicolor,Hand Bag,Cross,Real Fur,Cow Leather; Polyester; Polyurethane; Polyurethane,,,29.99,/232/54/211693_DM_1,211693_DM_1.jpg,none,,,,,
211707_BK,211707,Crossbody Bag AUGUSTO 2 Black,_BK,Black,Hand Bag,Cross,Peach PU,Polyester; Polyurethane; Polyurethane,,,27.99,/232/54/211707_BK_1,211707_BK_1.jpg,none,,,,,
211707_CA,211707,Crossbody Bag AUGUSTO 2 Camel,_CA,Camel,Hand Bag,Cross,Peach PU,Polyurethane; Polyurethane; Polyester,,,27.99,/232/54/211707_CA_1,211707_CA_1.jpg,none,,,,,
211755_BK,211755,Tote Bag FARM2 Black,_BK,Black,Hand Bag,Tote,Plain PU,Polyester; Polyurethane; Polyurethane; Polyurethane,,,25.99,/232/54/211755_BK_1,211755_BK_1.jpg,none,,,,,
211755_PK,211755,Tote Bag FARM2 Pink,_PK,Pink,Hand Bag,Tote,Plain PU,Polyester; Polyurethane; Polyurethane; Polyurethane,,,25.99,/232/54/211755_PK_1,211755_PK_1.jpg,none,,,,,
211755_TU,211755,Tote Bag FARM2 Taupe,_TU,Taupe,Hand Bag,Tote,Plain PU,Polyester; Polyurethane; Polyurethane; Polyurethane,,,25.99,/232/54/211755_TU_1,211755_TU_1.jpg,none,,,,,
211809_BK,211809,Sac ELIZABETH Black,_BK,Black,Hand Bag,Sac,Plain PU,Polyester; Polyurethane; Polyurethane,Light Golden,,23.99,/232/54/211809_BK_1,211809_BK_1.jpg,none,,,,,
211809_CA,211809,Sac ELIZABETH Camel,_CA,Camel,Hand Bag,Sac,Plain PU,Polyester; Polyurethane; Polyurethane,,,23.99,/232/54/211809_CA_1,211809_CA_1.jpg,none,,,,,
211809_EC,211809,Sac ELIZABETH Ecru,_EC,Ecru,Hand Bag,Sac,Plain PU,Polyester; Polyurethane; Polyurethane,,,23.99,/232/54/211809_EC_1,211809_EC_1.jpg,none,,,,,
211809_KK,211809,Sac ELIZABETH Khaki,_KK,Khaki,Hand Bag,Sac,Plain PU,Polyester; Polyurethane; Polyurethane,,,23.99,/232/54/211809_KK_1,211809_KK_1.jpg,none,,,,,
211809_SV,211809,Sac ELIZABETH Silver,_SV,Silver,Hand Bag,Sac,Plain PU,Polyester; Polyurethane; Polyurethane,,,23.99,/232/54/211809_SV_1,211809_SV_1.jpg,none,,,,,
211819_SK,211819,Tote Bag MARIGOLD 2 Skin,_SK,Skin,Hand Bag,Tote,Printed Fake Nylon,Polyester; Polyester; Polyurethane; Polyurethane,,,25.99,/232/54/211819_SK_1,211819_SK_1.jpg,none,,,,,
211834_BK,211834,Handbag MARIGOLD 2 Black,_BK,Black,Hand Bag,Computer Backpack,Nylon,Polyester; Polyester; Polyethylene Terephthalate; Polyurethane; Polyester,,,32.99,/232/54/211834_BK_1,211834_BK_1.jpg,none,,,,,
211834_BL,211834,Handbag MARIGOLD 1 Blue,_BL,Blue,Hand Bag,Computer Backpack,Nylon,Polyester; Polyester; Polyester; Polyethylene Terephthalate; Polyurethane,,,32.99,/232/54/211834_BL_1,211834_BL_1.jpg,none,,,,,
211834_EC,211834,Handbag MARIGOLD 1 Ecru,_EC,Ecru,Hand Bag,Computer Backpack,Nylon,Polyester; Polyester; Polyester; Polyethylene Terephthalate; Polyurethane,,,32.99,/232/54/211834_EC_1,211834_EC_1.jpg,none,,,,,
211834_KK,211834,Handbag MARIGOLD 2 Khaki,_KK,Khaki,Hand Bag,Computer Backpack,Nylon,Polyester; Polyester; Polyester; Polyethylene Terephthalate; Polyurethane,,,32.99,/232/54/211834_KK_1,211834_KK_1.jpg,none,,,,,
211853_LL,211853,Shoulder Bag NINA Lilac,_LL,Lilac,Hand Bag,Shoulder Bag,Patchwork,Cow Suede Leather; Iron; Polyester; Polyurethane; Polyurethane,,,32.99,/232/54/211853_LL_1,211853_LL_1.jpg,none,,,,,
211871_BK,211871,Computer Hand Bag THEO Black,_BK,Black,Hand Bag,Computer Hand Bag,Plain PU,Polyester; Polyester; Polyester; Polyester; Polyester; Polyester; Polyurethane; Polyurethane; Polyurethane; Polyurethane,,,32.99,/232/54/211871_BK_1,211871_BK_1.jpg,none,,,,,
211871_EC,211871,Computer Hand Bag THEO Ecru,_EC,Ecru,Hand Bag,Computer Hand Bag,Plain PU,Polyurethane; Polyester; Polyester; Polyester; Polyester; Polyester; Polyester; Polyurethane; Polyurethane; Polyurethane,,,32.99,/232/54/211871_EC_1,211871_EC_1.jpg,none,,,,,
212030_BK,212030,Shoulder Bag TIGER1 Black,_BK,Black,Hand Bag,Shoulder Bag,Padded Pu,Polyester; Polyurethane; Polyurethane,,,27.99,/232/54/212030_BK_1,212030_BK_1.jpg,none,,,,,
212030_KK,212030,Shoulder Bag TIGER1 Khaki,_KK,Khaki,Hand Bag,Shoulder Bag,Padded Pu,Polyester; Polyurethane; Polyurethane,,,27.99,/232/54/212030_KK_1,212030_KK_1.jpg,none,,,,,
212030_TU,212030,Shoulder Bag TIGER1 Taupe,_TU,Taupe,Hand Bag,Shoulder Bag,Padded Pu,Polyester; Polyurethane; Polyurethane,,,27.99,/232/54/212030_TU_1,212030_TU_1.jpg,none,,,,,
212109_BK,212109,Tote Bag TIGER2 Black,_BK,Black,Hand Bag,Tote,Peach PU,Polyester; Polyurethane; Polyurethane,,,25.99,/232/54/212109_BK_1,212109_BK_1.jpg,none,,,,,
212109_KK,212109,Tote Bag TIGER2 Khaki,_KK,Khaki,Hand Bag,Tote,Peach PU,Polyurethane; Polyurethane; Polyester,,,25.99,/232/54/212109_KK_1,212109_KK_1.jpg,none,,,,,
212117_DM,212117,Shopper Bag TIGER3 Dark Multicolor,_DM,Dark Multicolor,Hand Bag,Shopper,Printed Nylon,Polyester; Polyester; Polyurethane,,,39.99,/232/54/212117_DM_1,212117_DM_1.jpg,none,,,,,
212128_BK,212128,Crossbody Bag HAND BAG PROVISION Black,_BK,Black,Hand Bag,Cross,Plain PU,Polyester; Polyurethane; Polyurethane,,,25.99,/232/54/212128_BK_1,212128_BK_1.jpg,none,,,,,
212128_EC,212128,Crossbody Bag HAND BAG PROVISION Ecru,_EC,Ecru,Hand Bag,Cross,Plain PU,Polyester; Polyurethane; Polyurethane,,,25.99,/232/54/212128_EC_1,212128_EC_1.jpg,none,,,,,
212128_TU,212128,Crossbody Bag HAND BAG PROVISION Taupe,_TU,Taupe,Hand Bag,Cross,Plain PU,Polyurethane; Polyurethane; Polyester,,,25.99,/232/54/212128_TU_1,212128_TU_1.jpg,none,,,,,
212210_DM,212210,Crossbody Bag FARM2 Dark Multicolor,_DM,Dark Multicolor,Hand Bag,Cross,Animal Embossed PU,Polyester; Polyurethane; Polyurethane,,,29.99,/232/54/212210_DM_1,212210_DM_1.jpg,none,,,,,
212237_BK,212237,Shopper Bag SUSTAINABLE CAPSULE Black,_BK,Black,Hand Bag,Shopper,Nylon,Aluminium; Polyester; Polyester; Recycled Polyamide,,,29.99,/232/54/212237_BK_1,212237_BK_1.jpg,none,,,,,
212237_GY,212237,Shopper Bag SUSTAINABLE CAPSULE Grey,_GY,Grey,Hand Bag,Shopper,Nylon,Aluminium; Polyester; Polyester; Recycled Polyamide,,,29.99,/232/54/212237_GY_1,212237_GY_1.jpg,none,,,,,
212237_KK,212237,Shopper Bag SUSTAINABLE CAPSULE Khaki,_KK,Khaki,Hand Bag,Shopper,Nylon,Aluminium; Polyester; Polyester; Recycled Polyamide,,,29.99,/232/54/212237_KK_1,212237_KK_1.jpg,none,,,,,
212322_BK,212322,Tote Bag CRUELLA1 Black,_BK,Black,Hand Bag,Tote,Plain PU,Polyester; Polyurethane; Polyurethane,,,25.99,/232/54/212322_BK_1,212322_BK_1.jpg,none,,,,,
212322_TU,212322,Tote Bag CRUELLA1 Taupe,_TU,Taupe,Hand Bag,Tote,Plain PU,Polyester; Polyurethane; Polyurethane,,,25.99,/232/54/212322_TU_1,212322_TU_1.jpg,none,,,,,
212702_BK,212702,Backpack OLIVE Black,_BK,Black,Hand Bag,Backpack,Real Suede,Cow Suede Leather; Polyester; Polyurethane; Polyurethane,,,32.99,/232/54/212702_BK_1,212702_BK_1.jpg,none,,,,,
212702_TU,212702,Backpack OLIVE Taupe,_TU,Taupe,Hand Bag,Backpack,Real Suede,Cow Suede Leather; Polyester; Polyurethane; Polyurethane,,,32.99,/232/54/212702_TU_1,212702_TU_1.jpg,none,,,,,
212712_BK,212712,Shopper Bag OLIVE Black,_BK,Black,Hand Bag,Shopper,Plain PU,Polyester; Polyester; Polyurethane; Polyurethane,,,27.99,/232/54/212712_BK_1,212712_BK_1.jpg,none,,,,,
212789_DM,212789,Shoulder Bag SAVANA3 Dark Multicolor,_DM,Dark Multicolor,Hand Bag,Shoulder Bag,Real Fur,Cow Leather; Polyester; Polyurethane; Polyurethane,,,35.99,/232/54/212789_DM_1,212789_DM_1.jpg,none,,,,,
212790_BK,212790,Shoulder Bag SAVANA3 Black,_BK,Black,Hand Bag,Shoulder Bag,Plain PU,Polyester; Polyurethane; Polyurethane,Silver,,29.99,/232/54/212790_BK_1,212790_BK_1.jpg,none,,,,,
212790_KK,212790,Shoulder Bag SAVANA3 Khaki,_KK,Khaki,Hand Bag,Shoulder Bag,Plain PU,Polyester; Polyurethane; Polyurethane,,,29.99,/232/54/212790_KK_1,212790_KK_1.jpg,none,,,,,
212790_TU,212790,Shoulder Bag SAVANA3 Taupe,_TU,Taupe,Hand Bag,Shoulder Bag,Plain PU,Polyester; Polyurethane; Polyurethane,,,29.99,/232/54/212790_TU_1,212790_TU_1.jpg,none,,,,,
212815_BK,212815,Backpack BILLIE Black,_BK,Black,Hand Bag,Backpack,Printed PU,Polyester; Polyurethane,,,23.99,/232/54/212815_BK_1,212815_BK_1.jpg,none,,,,,
212815_WT,212815,Backpack BILLIE White,_WT,White,Hand Bag,Backpack,Printed PU,Polyester; Polyurethane,,,23.99,/232/54/212815_WT_1,212815_WT_1.jpg,none,,,,,
213192_BK,213192,Crossbody Bag VILLAGE 1 Black,_BK,Black,Hand Bag,Cross,Fake Nylon,Polyester; Polyester; Polyurethane; Polyurethane,,,25.99,/232/54/213192_BK_1,213192_BK_1.jpg,none,,,,,
213192_TE,213192,Crossbody Bag VILLAGE 1 Pastel Grey,_TE,Pastel Grey,Hand Bag,Cross,Fake Nylon,Polyester; Polyester; Polyurethane; Polyurethane,,,25.99,/232/54/213192_TE_1,213192_TE_1.jpg,none,,,,,
213205_GY,213205,Backpack VILLAGE 2 Grey,_GY,Grey,Hand Bag,Backpack,Printed Fake Nylon,Polyester; Polyurethane; Polyurethane,,,25.99,/232/54/213205_GY_1,213205_GY_1.jpg,none,,,,,
213255_DN,213255,Sac CAMO2 Dark Green,_DN,Dark Green,Hand Bag,Sac,Fantasy Fabric,Polyester; Polyester; Polyurethane,,,27.99,/232/54/213255_DN_1,213255_DN_1.jpg,none,,,,,
213591_OS,213591,Shoulder Bag ROCK1 Old Silver,_OS,Old Silver,Hand Bag,Shoulder Bag,Fantasy PU,Crystal Glass; Iron; Polyester; Polyurethane; Polyurethane; Polyurethane,,,25.99,/232/54/213591_OS_1y,213591_OS_1y.jpg,none,,,,,
213593_BK,213593,Crossbody Bag ROCK2 Black,_BK,Black,Hand Bag,Cross,Plain PU,Polyester; Polyurethane; Polyurethane,,,25.99,/232/54/213593_BK_2y,213593_BK_2y.jpg,none,,,,,
213593_TU,213593,Crossbody Bag ROCK2 Taupe,_TU,Taupe,Hand Bag,Cross,Plain PU,Polyester; Polyurethane; Polyurethane,,,25.99,/232/54/213593_TU_1,213593_TU_1.jpg,none,,,,,
213601_OS,213601,Tote Bag ROCK2 Old Silver,_OS,Old Silver,Hand Bag,Tote,Fantasy PU,Crystal Glass; Iron; Polyester; Polyurethane; Polyurethane; Polyurethane,,,25.99,/232/54/213601_OS_2y,213601_OS_2y.jpg,none,,,,,
213816_BL,213816,Shoulder Bag MAXI JULLIET Blue,_BL,Blue,Hand Bag,Shoulder Bag,Sequins,Acrylic; Iron; Polyester,,,35.99,/232/54/213816_BL_1,213816_BL_1.jpg,none,,,,,
213816_PK,213816,Shoulder Bag MAXI JULLIET Pink,_PK,Pink,Hand Bag,Shoulder Bag,Sequins,Acrylic; Iron; Polyester,,,35.99,/232/54/213816_PK_1,213816_PK_1.jpg,none,,,,,
213816_SV,213816,Shoulder Bag MAXI JULLIET Silver,_SV,Silver,Hand Bag,Shoulder Bag,Sequins,Acrylic; Iron; Polyester,,,35.99,/232/54/213816_SV_1,213816_SV_1.jpg,none,,,,,
214067_BK,214067,Shoulder Bag CANICHE CAMPAIGN Black,_BK,Black,Hand Bag,Shoulder Bag,Real Suede,Cow Suede Leather; Cow Suede Leather; Polyester,,,49.99,/232/54/214067_BK_1,214067_BK_1.jpg,none,,,,,
214067_BU,214067,Shoulder Bag CANICHE CAMPAIGN Burgundy,_BU,Burgundy,Hand Bag,Shoulder Bag,Real Suede,Polyester; Cow Suede Leather; Cow Suede Leather,,,49.99,/232/54/214067_BU_1,214067_BU_1.jpg,none,,,,,
214067_CA,214067,Shoulder Bag CANICHE CAMPAIGN Camel,_CA,Camel,Hand Bag,Shoulder Bag,Real Suede,Cow Suede Leather; Cow Suede Leather; Polyester,,,49.99,/232/54/214067_CA_1,214067_CA_1.jpg,none,,,,,
214067_KK,214067,Shoulder Bag CANICHE CAMPAIGN Khaki,_KK,Khaki,Hand Bag,Shoulder Bag,Real Suede,Cow Suede Leather; Cow Suede Leather; Polyester,,,49.99,/232/54/214067_KK_1,214067_KK_1.jpg,none,,,,,
214225_AQ,214225,Crossbody Bag INEZ Aquamarine,_AQ,Aquamarine,Hand Bag,Cross,Plain PU,Polyester; Polyurethane; Polyurethane,Silver,,19.99,/241/54/214225_AQ_1,214225_AQ_1.jpg,none,,,,,
214225_BK,214225,Crossbody Bag INEZ Black,_BK,Black,Hand Bag,Cross,Plain PU,Polyester; Polyurethane; Polyurethane,Silver,,19.99,/241/54/214225_BK_1,214225_BK_1.jpg,none,,,,,
214225_EC,214225,Crossbody Bag INEZ Ecru,_EC,Ecru,Hand Bag,Cross,Plain PU,Polyester; Polyurethane; Polyurethane,Silver,,19.99,/241/54/214225_EC_1,214225_EC_1.jpg,none,,,,,
214228_BL,214228,Crossbody Bag ANIME2 Blue,_BL,Blue,Hand Bag,Cross,Fake Fur,Polyester; Polyester; Polyurethane; Polyurethane,,,23.99,/232/54/214228_BL_1,214228_BL_1.jpg,none,,,,,
214228_LL,214228,Crossbody Bag ANIME2 Lilac,_LL,Lilac,Hand Bag,Cross,Fake Fur,Polyester; Polyester; Polyurethane; Polyurethane,,,23.99,/232/54/214228_LL_1,214228_LL_1.jpg,none,,,,,
214239_EC,214239,Lunch Bag EARLYBIRD Ecru,_EC,Ecru,Hand Bag,Lunch Bag,Printed PU,Polyester; Polyethylene Terephthalate; Polyurethane,,,19.99,/241/54/214239_EC_1,214239_EC_1.jpg,none,,,,,
214272_BG,214272,Crossbody Bag STACEY Beige,_BG,Beige,Hand Bag,Cross,Color Block,Polyester; Polyurethane; Polyurethane,Light Golden,,23.99,/241/54/214272_BG_1,214272_BG_1.jpg,none,,,,,
214272_BK,214272,Crossbody Bag STACEY Black,_BK,Black,Hand Bag,Cross,Color Block,Polyester; Polyurethane; Polyurethane,Light Golden,,23.99,/241/54/214272_BK_1,214272_BK_1.jpg,none,,,,,
214273_AQ,214273,Crossbody Bag STACEY Aquamarine,_AQ,Aquamarine,Hand Bag,Cross,Color Block,Polyurethane; Polyester; Polyurethane,Light Golden,,23.99,/241/54/214273_AQ_1,214273_AQ_1.jpg,none,,,,,
214445_BK,214445,Bucket Bag CANICHE CAMPAIGN Black,_BK,Black,Hand Bag,Bucket,Nylon,Polyamide; Polyester; Polyurethane,,,29.99,/232/54/214445_BK_1,214445_BK_1.jpg,none,,,,,
214445_KK,214445,Bucket Bag CANICHE CAMPAIGN Khaki,_KK,Khaki,Hand Bag,Bucket,Nylon,Polyamide; Polyester; Polyurethane,,,29.99,/232/54/214445_KK_1,214445_KK_1.jpg,none,,,,,
214445_MD,214445,Bucket Bag CANICHE CAMPAIGN Mustard,_MD,Mustard,Hand Bag,Bucket,Nylon,Polyamide; Polyester; Polyurethane,,,29.99,/232/54/214445_MD_1,214445_MD_1.jpg,none,,,,,
214448_KK,214448,Crossbody Bag CANICHE CAMPAIGN Khaki,_KK,Khaki,Hand Bag,Cross,Nylon,Polyamide; Polyester; Polyurethane,,,29.99,/232/54/214448_KK_1,214448_KK_1.jpg,none,,,,,
214508_PK,214508,Shoulder Bag MAXI JULLIET Pink,_PK,Pink,Hand Bag,Shoulder Bag,Fantasy Fabric,Crystal Glass; Polyester; Polyester,,,29.99,/232/54/214508_PK_1,214508_PK_1.jpg,none,,,,,
214674_BL,214674,Backpack VIVIAN Blue,_BL,Blue,Hand Bag,Backpack,Printed PU,Polyester; Polyurethane; Polyurethane,,,23.99,/241/54/214674_BL_1,214674_BL_1.jpg,none,,,,,
214703_BK,214703,Tote Bag BOOMER1 Black,_BK,Black,Hand Bag,Tote,Plain PU,Polyester; Polyurethane; Polyurethane,,,25.99,/232/54/214703_BK_1,214703_BK_1.jpg,none,,,,,
214703_CA,214703,Tote Bag BOOMER1 Camel,_CA,Camel,Hand Bag,Tote,Plain PU,Polyester; Polyurethane; Polyurethane,,,25.99,/232/54/214703_CA_1,214703_CA_1.jpg,none,,,,,
214703_EC,214703,Tote Bag BOOMER1 Ecru,_EC,Ecru,Hand Bag,Tote,Plain PU,Polyester; Polyurethane; Polyurethane,,,25.99,/232/54/214703_EC_1,214703_EC_1.jpg,none,,,,,
214703_GN,214703,Tote Bag BOOMER1 Green,_GN,Green,Hand Bag,Tote,Plain PU,Polyester; Polyurethane; Polyurethane,,,25.99,/232/54/214703_GN_1,214703_GN_1.jpg,none,,,,,
214811_BK,214811,Backpack VIVIAN Black,_BK,Black,Hand Bag,Backpack,Plain PU,Polyester; Polyurethane; Polyurethane; Polyurethane; Zinc,Light Golden,,23.99,/241/54/214811_BK_1,214811_BK_1.jpg,none,,,,,
214811_BL,214811,Backpack VIVIAN Blue,_BL,Blue,Hand Bag,Backpack,Plain PU,Polyester; Polyurethane; Polyurethane; Polyurethane; Zinc,,,23.99,/241/54/214811_BL_1,214811_BL_1.jpg,none,,,,,
214811_LL,214811,Backpack VIVIAN Lilac,_LL,Lilac,Hand Bag,Backpack,Plain PU,Polyester; Polyurethane; Polyurethane; Polyurethane; Zinc,Silver,,23.99,/241/54/214811_LL_1,214811_LL_1.jpg,none,,,,,
214811_NV,214811,Backpack VIVIAN Navy,_NV,Navy,Hand Bag,Backpack,Plain PU,Polyester; Polyurethane; Polyurethane; Polyurethane; Zinc,Silver,,23.99,/241/54/214811_NV_1,214811_NV_1.jpg,none,,,,,
214811_TU,214811,Backpack VIVIAN Taupe,_TU,Taupe,Hand Bag,Backpack,Plain PU,Polyester; Polyurethane; Polyurethane; Polyurethane; Zinc,Light Golden,,23.99,/241/54/214811_TU_1,214811_TU_1.jpg,none,,,,,
214811_YL,214811,Backpack VIVIAN Yellow,_YL,Yellow,Hand Bag,Backpack,Plain PU,Polyester; Polyurethane; Polyurethane; Polyurethane; Zinc,,,23.99,/241/54/214811_YL_1,214811_YL_1.jpg,none,,,,,
214886_BK,214886,Shoulder Bag SILVERSURFER3 Black,_BK,Black,Hand Bag,Shoulder Bag,Padded Pu,Polyester; Polyurethane; Polyurethane,,,27.99,/232/54/214886_BK_1,214886_BK_1.jpg,none,,,,,
214886_GY,214886,Shoulder Bag SILVERSURFER3 Grey,_GY,Grey,Hand Bag,Shoulder Bag,Padded Pu,Polyurethane; Polyester; Polyurethane,,,27.99,/232/54/214886_GY_1,214886_GY_1.jpg,none,,,,,
214886_TU,214886,Shoulder Bag SILVERSURFER3 Taupe,_TU,Taupe,Hand Bag,Shoulder Bag,Padded Pu,Polyester; Polyurethane; Polyurethane,,,27.99,/232/54/214886_TU_1,214886_TU_1.jpg,none,,,,,
215018_BU,215018,Sac FLECOS WINTER Burgundy,_BU,Burgundy,Hand Bag,Sac,Real Suede,Cotton; Cow Leather,,,39.99,/232/54/215018_BU_1,215018_BU_1.jpg,none,,,,,
215018_TU,215018,Sac FLECOS WINTER Taupe,_TU,Taupe,Hand Bag,Sac,Real Suede,Cotton; Cow Leather,,,39.99,/232/54/215018_TU_1,215018_TU_1.jpg,none,,,,,
215157_BN,215157,Shoulder Bag FIRE1 Brown,_BN,Brown,Hand Bag,Shoulder Bag,Fantasy Fabric,Polyester; Polyester; Polyethylene Terephthalate,Other,,35.99,/241/54/215157_BN_1,215157_BN_1.jpg,none,,,,,
215216_BM,215216,Backpack TRECKING CAPSULE Bright Multicolor,_BM,Bright Multicolor,Hand Bag,Backpack,Nylon,Polyester; Polyurethane; Recycled Polyamide,,,32.99,/232/54/215216_BM_1,215216_BM_1.jpg,none,,,,,
215443_BK,215443,Tote Bag FIRE1 Black,_BK,Black,Hand Bag,Tote,Nylon,Polyester; Polyester; Polyester; Polyester; Polyurethane,Light Golden,,29.99,/241/54/215443_BK_1,215443_BK_1.jpg,none,,,,,
215443_KK,215443,Tote Bag FIRE1 Khaki,_KK,Khaki,Hand Bag,Tote,Nylon,Polyester; Polyester; Polyester; Polyester; Polyurethane,Light Golden,,29.99,/241/54/215443_KK_1,215443_KK_1.jpg,none,,,,,
215443_LG,215443,Tote Bag FIRE1 Light Grey,_LG,Light Grey,Hand Bag,Tote,Nylon,Polyester; Polyester; Polyester; Polyester; Polyurethane,Light Golden,,29.99,/241/54/215443_LG_1,215443_LG_1.jpg,none,,,,,
216097_BK,216097,Shoulder Bag ESSENTIALS1 Black,_BK,Black,Hand Bag,Shoulder Bag,Plain PU,Polyester; Polyester; Polyurethane; Polyurethane; Polyurethane,,,32.99,/241/54/216097_BK_1,216097_BK_1.jpg,none,,,,,
216097_BL,216097,Shoulder Bag ESSENTIALS1 Blue,_BL,Blue,Hand Bag,Shoulder Bag,Plain PU,Polyester; Polyester; Polyurethane; Polyurethane; Polyurethane,,,32.99,/241/54/216097_BL_1,216097_BL_1.jpg,none,,,,,
216097_EC,216097,Shoulder Bag ESSENTIALS1 Ecru,_EC,Ecru,Hand Bag,Shoulder Bag,Plain PU,Polyester; Polyester; Polyurethane; Polyurethane; Polyurethane,,,32.99,/241/54/216097_EC_1,216097_EC_1.jpg,none,,,,,
216144_BL,216144,Tote Bag SILVERSURFER2 Blue,_BL,Blue,Hand Bag,Tote,Fantasy PU,Polyester; Polyurethane; Polyurethane,,,19.99,/232/54/216144_BL_1y,216144_BL_1y.jpg,none,,,,,
216144_SV,216144,Tote Bag SILVERSURFER2 Silver,_SV,Silver,Hand Bag,Tote,Fantasy PU,Polyester; Polyurethane; Polyurethane,,,19.99,/232/54/216144_SV_1y,216144_SV_1y.jpg,none,,,,,
216174_DM,216174,Crossbody Bag MANHATAN1 Dark Multicolor,_DM,Dark Multicolor,Hand Bag,Cross,Real Fur,Cow Leather; Polyester; Polyurethane; Polyurethane,,,32.99,/241/54/216174_DM_1,216174_DM_1.jpg,none,,,,,
216357_BK,216357,Shoulder Bag FIRE2 Black,_BK,Black,Hand Bag,Shoulder Bag,Nylon,Polyester; Polyester; Polyurethane,,,27.99,/241/54/216357_BK_1,216357_BK_1.jpg,none,,,,,
216357_GN,216357,Shoulder Bag FIRE2 Green,_GN,Green,Hand Bag,Shoulder Bag,Nylon,Polyester; Polyester; Polyurethane,,,27.99,/241/54/216357_GN_1,216357_GN_1.jpg,none,,,,,
216426_SV,216426,Shopper Bag SILVERSURFER2 Silver,_SV,Silver,Hand Bag,Shopper,Fantasy Fabric,Polyamide; Polyester; Polyurethane; Polyurethane,,,29.99,/232/54/216426_SV_1,216426_SV_1.jpg,none,,,,,
216445_BK,216445,Tote Bag NEVERA HBPROVISION Black,_BK,Black,Hand Bag,Tote,Plain PU,Polyester; Polyurethane; Polyurethane,Light Golden,,23.99,/241/54/216445_BK_1,216445_BK_1.jpg,none,,,,,
216445_EC,216445,Tote Bag NEVERA HBPROVISION Ecru,_EC,Ecru,Hand Bag,Tote,Plain PU,Polyurethane; Polyurethane; Polyester,Light Golden,,23.99,/241/54/216445_EC_1,216445_EC_1.jpg,none,,,,,
216445_TU,216445,Tote Bag NEVERA HBPROVISION Taupe,_TU,Taupe,Hand Bag,Tote,Plain PU,Polyester; Polyurethane; Polyurethane,Light Golden,,23.99,/241/54/216445_TU_1,216445_TU_1.jpg,none,,,,,
216454_BK,216454,Crossbody Bag MILITARY3 Black,_BK,Black,Hand Bag,Cross,Plain PU,Polyester; Polyester; Polyurethane; Polyurethane; Polyurethane,Silver,,25.99,/241/54/216454_BK_1,216454_BK_1.jpg,none,,,,,
216454_BL,216454,Crossbody Bag MILITARY3 Blue,_BL,Blue,Hand Bag,Cross,Plain PU,Polyester; Polyester; Polyurethane; Polyurethane; Polyurethane,Silver,,25.99,/241/54/216454_BL_1,216454_BL_1.jpg,none,,,,,
216454_EC,216454,Crossbody Bag MILITARY3 Ecru,_EC,Ecru,Hand Bag,Cross,Plain PU,Polyester; Polyester; Polyurethane; Polyurethane; Polyurethane,Light Golden,,25.99,/241/54/216454_EC_1,216454_EC_1.jpg,none,,,,,
216454_TU,216454,Crossbody Bag MILITARY3 Taupe,_TU,Taupe,Hand Bag,Cross,Plain PU,Polyester; Polyester; Polyurethane; Polyurethane; Polyurethane,Silver,,25.99,/241/54/216454_TU_1,216454_TU_1.jpg,none,,,,,
216546_BL,216546,Crossbody Bag ROY Blue,_BL,Blue,Hand Bag,Cross,Color Block,Polyester; Polyurethane; Polyurethane,Silver,,25.99,/241/54/216546_BL_1,216546_BL_1.jpg,none,,,,,
216546_CA,216546,Crossbody Bag ROY Camel,_CA,Camel,Hand Bag,Cross,Color Block,Polyester; Polyurethane; Polyurethane,Silver,,25.99,/241/54/216546_CA_1,216546_CA_1.jpg,none,,,,,
216546_YL,216546,Crossbody Bag ROY Yellow,_YL,Yellow,Hand Bag,Cross,Color Block,Polyester; Polyurethane; Polyurethane,Silver,,25.99,/241/54/216546_YL_1,216546_YL_1.jpg,none,,,,,
216564_EC,216564,Crossbody Bag JENNIE Ecru,_EC,Ecru,Hand Bag,Cross,Fake Nylon,Polyester; Polyester; Polyurethane; Polyurethane,Silver,,25.99,/241/54/216564_EC_1,216564_EC_1.jpg,none,,,,,
216576_BK,216576,Tote Bag PICASSO3 Black,_BK,Black,Hand Bag,Tote,Plain PU,Polyester; Polyurethane; Polyurethane,Light Golden,,25.99,/241/54/216576_BK_1,216576_BK_1.jpg,none,,,,,
216576_TU,216576,Tote Bag PICASSO3 Taupe,_TU,Taupe,Hand Bag,Tote,Plain PU,Polyester; Polyurethane; Polyurethane,Light Golden,,25.99,/241/54/216576_TU_1,216576_TU_1.jpg,none,,,,,
216620_BK,216620,Sac MILITARY3 Black,_BK,Black,Hand Bag,Sac,Plain PU,Polyester; Polyester; Polyester; Polyurethane; Polyurethane; Polyurethane; Polyurethane,,,27.99,/241/54/216620_BK_2y,216620_BK_2y.jpg,none,,,,,
216620_EC,216620,Sac MILITARY3 Ecru,_EC,Ecru,Hand Bag,Sac,Plain PU,Polyurethane; Polyurethane; Polyester; Polyester; Polyester; Polyurethane; Polyurethane,,,27.99,/241/54/216620_EC_1,216620_EC_1.jpg,none,,,,,
216630_BK,216630,Shopper Bag MAXI DOTTS Black,_BK,Black,Hand Bag,Shopper,Real Fur,Cow Leather; Polyester; Polyester; Polyurethane; Polyurethane; Polyurethane; Polyurethane,,,120.0,/241/54/216630_BK_1,216630_BK_1.jpg,none,,,,,
216662_BK,216662,Shopper Bag SPLASH1 Black,_BK,Black,Hand Bag,Shopper,Plain PU,Polyester; Polyester; Polyurethane; Polyurethane; Polyurethane,Light Golden,,29.99,/241/54/216662_BK_1,216662_BK_1.jpg,none,,,,,
216662_EC,216662,Shopper Bag SPLASH1 Ecru,_EC,Ecru,Hand Bag,Shopper,Plain PU,Polyester; Polyester; Polyurethane; Polyurethane; Polyurethane,Light Golden,,29.99,/241/54/216662_EC_1,216662_EC_1.jpg,none,,,,,
216662_TU,216662,Shopper Bag SPLASH1 Taupe,_TU,Taupe,Hand Bag,Shopper,Plain PU,Polyester; Polyester; Polyurethane; Polyurethane; Polyurethane,Light Golden,,29.99,/241/54/216662_TU_1,216662_TU_1.jpg,none,,,,,
216690_PU,216690,Tote Bag FIRE2 Purple,_PU,Purple,Hand Bag,Tote,Printed Nylon,Polyamide; Polyester; Polyurethane,,,25.99,/241/54/216690_PU_1,216690_PU_1.jpg,none,,,,,
216760_BK,216760,Tote Bag JUNGLE LEATHER Black,_BK,Black,Hand Bag,Tote,Leather,Cotton; Cow Leather; Cow Leather,Silver,,49.99,/241/54/216760_BK_1,216760_BK_1.jpg,none,,,,,
216760_OR,216760,Tote Bag JUNGLE LEATHER Orange,_OR,Orange,Hand Bag,Tote,Leather,Cow Leather,Silver,,49.99,/241/54/216760_OR_1,216760_OR_1.jpg,none,,,,,
216904NC,216904,Crossbody Bag TAVIRA Natural Color,NC,Natural Color,Hand Bag,Cross,Paper straw,Ceramic; Cotton; Iron; Paper; Polyester; Polyester; Polyurethane; Stone; Wood; Zinc,Light Golden,,25.99,/241/54/216904NC_1,216904NC_1.jpg,none,,,,,
216944_BM,216944,Tote Bag SPLASH2 Bright Multicolor,_BM,Bright Multicolor,Hand Bag,Tote,Patchwork,Acrylic; Aluminium; Polyester; Polyester; Polyester; Polyurethane,Silver,,25.99,/241/54/216944_BM_1,216944_BM_1.jpg,none,,,,,
217011_EC,217011,Shoulder Bag EMAN Ecru,_EC,Ecru,Hand Bag,Shoulder Bag,Padded Pu,Polyurethane; Polyurethane; Polyester,Light Golden,,29.99,/241/54/217011_EC_1,217011_EC_1.jpg,none,,,,,
217011_NU,217011,Shoulder Bag EMAN Nude,_NU,Nude,Hand Bag,Shoulder Bag,Padded Pu,Polyester; Polyurethane; Polyurethane,Light Golden,,29.99,/241/54/217011_NU_1,217011_NU_1.jpg,none,,,,,
217034_BG,217034,Crossbody Bag GEORGIA Beige,_BG,Beige,Hand Bag,Cross,Fake straw,Polypropylene; Polyurethane; Polyurethane; Polyester,Light Golden,,23.99,/241/54/217034_BG_1,217034_BG_1.jpg,none,,,,,
217034_KK,217034,Crossbody Bag GEORGIA Khaki,_KK,Khaki,Hand Bag,Cross,Fake straw,Polyester; Polypropylene; Polyurethane; Polyurethane,Light Golden,,23.99,/241/54/217034_KK_1,217034_KK_1.jpg,none,,,,,
217087_BK,217087,Crossbody Bag HIVE Black,_BK,Black,Hand Bag,Cross,Fantasy PU,Polyester; Polyurethane; Polyurethane,Silver,,23.99,/241/54/217087_BK_1,217087_BK_1.jpg,none,,,,,
217087_CA,217087,Crossbody Bag HIVE Camel,_CA,Camel,Hand Bag,Cross,Fantasy PU,Polyester; Polyurethane; Polyurethane,Silver,,23.99,/241/54/217087_CA_1,217087_CA_1.jpg,none,,,,,
217087_OW,217087,Crossbody Bag HIVE Off White,_OW,Off White,Hand Bag,Cross,Fantasy PU,Polyester; Polyurethane; Polyurethane,Silver,,23.99,/241/54/217087_OW_1,217087_OW_1.jpg,none,,,,,
217220_BM,217220,Sac MILITARY2 Bright Multicolor,_BM,Bright Multicolor,Hand Bag,Sac,Jacquard,Polyester; Polyester; Polyurethane; Polyurethane; Polyester; Polyester,,,39.99,/241/54/217220_BM_1,217220_BM_1.jpg,none,,,,,
217357_GN,217357,Lunch Bag FLEUR Green,_GN,Green,Hand Bag,Lunch Bag,Printed PU,Polyester; Polyethylene Terephthalate; Polyurethane,Silver,,19.99,/241/54/217357_GN_1,217357_GN_1.jpg,none,,,,,
217405_GN,217405,Backpack FLEUR Green,_GN,Green,Hand Bag,Backpack,Printed PU,Polyester; Polyurethane; Polyurethane,Silver,,25.99,/241/54/217405_GN_1,217405_GN_1.jpg,none,,,,,
217560_GN,217560,Crossbody Bag TROPICO Green,_GN,Green,Hand Bag,Cross,Printed PU,Polyester; Polyurethane,Silver,,23.99,/241/54/217560_GN_1,217560_GN_1.jpg,none,,,,,
217628_BK,217628,Crossbody Bag POPEYE1 Black,_BK,Black,Hand Bag,Cross,Plain PU,Polyester; Polyester; Polyurethane; Polyurethane,Silver,,19.99,/241/54/217628_BK_1,217628_BK_1.jpg,none,,,,,
217628_EC,217628,Crossbody Bag POPEYE1 Ecru,_EC,Ecru,Hand Bag,Cross,Plain PU,Polyester; Polyester; Polyurethane; Polyurethane,Silver,,19.99,/241/54/217628_EC_1,217628_EC_1.jpg,none,,,,,
217628_TU,217628,Crossbody Bag POPEYE1 Taupe,_TU,Taupe,Hand Bag,Cross,Plain PU,Polyester; Polyester; Polyurethane; Polyurethane,Silver,,19.99,/241/54/217628_TU_1,217628_TU_1.jpg,none,,,,,
217796_BK,217796,Shoulder Bag CUPID Black,_BK,Black,Hand Bag,Shoulder Bag,Nylon,Fiberglass; Nylon; Polyester; Polyurethane,Silver,,19.99,/241/54/217796_BK_1,217796_BK_1.jpg,none,,,,,
217796_RD,217796,Shoulder Bag CUPID Red,_RD,Red,Hand Bag,Shoulder Bag,Nylon,Fiberglass; Nylon; Polyester; Polyurethane,Silver,,19.99,/241/54/217796_RD_1,217796_RD_1.jpg,none,,,,,
217939_BK,217939,Sac FLAME2 Black,_BK,Black,Hand Bag,Sac,Fantasy Fabric,Polyester; Polyester; Polyester; Polyester; Polyurethane,Silver,,29.99,/241/54/217939_BK_1,217939_BK_1.jpg,none,,,,,
217943_GN,217943,Sac FLAME2 Green,_GN,Green,Hand Bag,Sac,Fantasy Fabric,Polyester; Polyester; Polyurethane,Silver,,23.99,/241/54/217943_GN_1,217943_GN_1.jpg,none,,,,,
217943_LM,217943,Sac FLAME2 Lime,_LM,Lime,Hand Bag,Sac,Fantasy Fabric,Polyester; Polyester; Polyurethane,Silver,,23.99,/241/54/217943_LM_1,217943_LM_1.jpg,none,,,,,
217981_BG,217981,Backpack FLAGE Beige,_BG,Beige,Hand Bag,Backpack,Plain PU,Acrylonitrile Butadiene Styrene; Polyester; Polyester; Polyester; Polyurethane; Polyurethane; Zinc,Light Golden,,23.99,/241/54/217981_BG_1,217981_BG_1.jpg,none,,,,,
217981_BK,217981,Backpack FLAGE Black,_BK,Black,Hand Bag,Backpack,Plain PU,Acrylonitrile Butadiene Styrene; Polyester; Polyester; Polyester; Polyurethane; Polyurethane; Zinc,Light Golden,,23.99,/241/54/217981_BK_1,217981_BK_1.jpg,none,,,,,
217981_EC,217981,Backpack SMILE Ecru,_EC,Ecru,Hand Bag,Backpack,Plain PU,Acrylonitrile Butadiene Styrene; Polyester; Polyester; Polyester; Polyurethane; Polyurethane; Zinc,Light Golden,,23.99,/241/54/217981_EC_1,217981_EC_1.jpg,none,,,,,
217981_NV,217981,Backpack SMILE Navy,_NV,Navy,Hand Bag,Backpack,Plain PU,Acrylonitrile Butadiene Styrene; Polyester; Polyester; Polyester; Polyurethane; Polyurethane; Zinc,Light Golden,,23.99,/241/54/217981_NV_1,217981_NV_1.jpg,none,,,,,
217986_BL,217986,Lunch Bag SMILE Blue,_BL,Blue,Hand Bag,Lunch Bag,Printed PU,Polyester; Polyester; Polyethylene Terephthalate; Polyurethane,Silver,,19.99,/241/54/217986_BL_1,217986_BL_1.jpg,none,,,,,
218267_CL,218267,Backpack FLOWER PATCH Coral,_CL,Coral,Hand Bag,Backpack,Printed PU,Polyester; Polyurethane; Polyurethane,,,27.99,/241/54/218267_CL_1,218267_CL_1.jpg,none,,,,,
218287_BK,218287,Shopper Bag FLAME3 Black,_BK,Black,Hand Bag,Shopper,Fantasy Fabric,Polyester; Polyester; Polyurethane,,,39.99,/241/54/218287_BK_1,218287_BK_1.jpg,none,,,,,
218394_BL,218394,Shopper Bag CUPIDO2 Blue,_BL,Blue,Hand Bag,Shopper,Printed PU,Cotton; Cotton; Linen; Linen; Polyurethane; Polyurethane; Polyurethane,Light Golden,,25.99,/241/54/218394_BL_1,218394_BL_1.jpg,none,,,,,
218394_GN,218394,Shopper Bag CUPIDO2 Green,_GN,Green,Hand Bag,Shopper,Printed PU,Polyurethane; Cotton; Cotton; Linen; Linen; Polyurethane; Polyurethane,Light Golden,,25.99,/241/54/218394_GN_1,218394_GN_1.jpg,none,,,,,
216940_BK,218513,Shopper Bag POPEYE1 Black,_BK,Black,Hand Bag,Shopper,Plain PU,Polyurethane; Polyurethane,Silver,,25.99,/241/54/218513_BK_1,218513_BK_1.jpg,none,,,,,
218865NC,218865,Crossbody Bag MANAUS Natural Color,NC,Natural Color,Hand Bag,Cross,Paper straw,Cotton; Cotton; Paper; Polyester; Polyester; Polyurethane; Polyurethane; Shell; Wood,Light Golden,,25.99,/241/54/218865NC_1,218865NC_1.jpg,none,,,,,
218882_BZ,218882,Shopper Bag MANAUS Bronze,_BZ,Bronze,Hand Bag,Shopper,Plain PU,Polyester; Polyurethane; Polyurethane,Light Golden,,23.99,/241/54/218882_BZ_1,218882_BZ_1.jpg,none,,,,,
218919_EC,218919,Backpack MAMMINA Ecru,_EC,Ecru,Hand Bag,Backpack,Fake Nylon,Polyester; Polyester; Polyester; Polyester; Polyurethane; Polyurethane; Polyurethane; Zinc,Silver,,23.99,/241/54/218919_EC_1,218919_EC_1.jpg,none,,,,,
218960_BG,218960,Shopper Bag MAMMINA Beige,_BG,Beige,Hand Bag,Shopper,Fake Nylon,Cotton; Polyester; Polyester; Polyester; Polyurethane; Polyurethane; Polyurethane,Light Golden,,25.99,/241/54/218960_BG_1,218960_BG_1.jpg,none,,,,,
218960_EC,218960,Shopper Bag MAMMINA Ecru,_EC,Ecru,Hand Bag,Shopper,Fake Nylon,Cotton; Polyester; Polyester; Polyester; Polyurethane; Polyurethane; Polyurethane,Light Golden,,25.99,/241/54/218960_EC_1,218960_EC_1.jpg,none,,,,,
219031NC,219031,Crossbody Bag POPEYE2 Natural Color,NC,Natural Color,Hand Bag,Cross,Fake straw,Polyurethane; Polyester; Polyester; Polypropylene; Polyurethane,Light Golden,,25.99,/241/54/219031NC_1,219031NC_1.jpg,none,,,,,
219078_EC,219078,Crossbody Bag ZOO2 Ecru,_EC,Ecru,Hand Bag,Cross,Plain PU,Polyester; Polyester; Polyurethane; Polyurethane; Polyurethane; Zinc,Silver,,25.99,/241/54/219078_EC_1,219078_EC_1.jpg,none,,,,,
219078_KK,219078,Crossbody Bag ZOO2 Khaki,_KK,Khaki,Hand Bag,Cross,Plain PU,Polyurethane; Polyurethane; Zinc; Polyester; Polyester; Polyurethane,Silver,,25.99,/241/54/219078_KK_1,219078_KK_1.jpg,none,,,,,
219078_NV,219078,Crossbody Bag ZOO2 Navy,_NV,Navy,Hand Bag,Cross,Plain PU,Polyester; Polyester; Polyurethane; Polyurethane; Polyurethane; Zinc,Silver,,25.99,/241/54/219078_NV_1,219078_NV_1.jpg,none,,,,,
219078_OR,219078,Crossbody Bag ZOO2 Orange,_OR,Orange,Hand Bag,Cross,Plain PU,Polyester; Polyester; Polyurethane; Polyurethane; Polyurethane; Zinc,Silver,,25.99,/241/54/219078_OR_1,219078_OR_1.jpg,none,,,,,
219098_WT,219098,Shopper Bag ZOO2 White,_WT,White,Hand Bag,Shopper,Printed Fabric,Cotton; Polyester; Polyester; Polyurethane,Silver,,29.99,/241/54/219098_WT_1,219098_WT_1.jpg,none,,,,,
219398_BK,219398,Crossbody Bag SELVA3 Black,_BK,Black,Hand Bag,Cross,Plain PU,Polypropylene; Polyurethane; Polyurethane; Cotton; Polyester; Polyester,Light Golden,,25.99,/241/54/219398_BK_1,219398_BK_1.jpg,none,,,,,
219398_CA,219398,Crossbody Bag SELVA3 Camel,_CA,Camel,Hand Bag,Cross,Plain PU,Polyester; Polyester; Polypropylene; Polyurethane; Polyurethane,Light Golden,,25.99,/241/54/219398_CA_1,219398_CA_1.jpg,none,,,,,
219398_EC,219398,Crossbody Bag SELVA3 Ecru,_EC,Ecru,Hand Bag,Cross,Plain PU,Polyester; Polyester; Polypropylene; Polyurethane; Polyurethane,Light Golden,,25.99,/241/54/219398_EC_1,219398_EC_1.jpg,none,,,,,
219516_KK,219516,Tote Bag STRIPES2 Khaki,_KK,Khaki,Hand Bag,Tote,Plain PU,Polyester; Polyurethane; Polyurethane,Silver,,25.99,/241/54/219516_KK_1,219516_KK_1.jpg,none,,,,,
219545NC,219545,Crossbody Bag BUZIOS Natural Color,NC,Natural Color,Hand Bag,Cross,Jute,Cotton; Linen; Polyurethane; Shell; Jute,Light Golden,,23.99,/241/54/219545NC_1,219545NC_1.jpg,none,,,,,
219554_BG,219554,Crossbody Bag CARIBE Beige,_BG,Beige,Hand Bag,Cross,Plain Fabric,Cotton; Cotton; Polyester; Polyester; Polyurethane; Viscose; Wood; Cotton; Polyester; Jute,Light Golden,,23.99,/241/54/219554_BG_1,219554_BG_1.jpg,none,,,,,
219574_BL,219574,Tote Bag CARIBE Blue,_BL,Blue,Hand Bag,Tote,Patchwork,Cotton; Polyester; Polyester; Polyurethane; Polyurethane,Silver,,25.99,/241/54/219574_BL_1,219574_BL_1.jpg,none,,,,,
219603NC,219603,Crossbody Bag PATTY Natural Color,NC,Natural Color,Hand Bag,Cross,Fake straw,Polyester; Polyester; Polypropylene; Polyurethane; Polyurethane,Light Golden,,25.99,/241/54/219603NC_1,219603NC_1.jpg,none,,,,,
219603_CA,219603,Crossbody Bag PATTY Camel,_CA,Camel,Hand Bag,Cross,Fake straw,Polyester; Polyester; Polypropylene; Polyurethane; Polyurethane,Light Golden,,25.99,/241/54/219603_CA_1,219603_CA_1.jpg,none,,,,,
219616_EC,219616,Tote Bag SELVA1 Ecru,_EC,Ecru,Hand Bag,Tote,Plain PU,Polyurethane; Polyurethane,Light Golden,,25.99,/241/54/219616_EC_1,219616_EC_1.jpg,none,,,,,
219616_KK,219616,Tote Bag SELVA1 Khaki,_KK,Khaki,Hand Bag,Tote,Plain PU,Polyurethane; Polyurethane,Light Golden,,25.99,/241/54/219616_KK_1,219616_KK_1.jpg,none,,,,,
219616_NV,219616,Tote Bag SELVA1 Navy,_NV,Navy,Hand Bag,Tote,Plain PU,Polyurethane; Polyurethane,Light Golden,,25.99,/241/54/219616_NV_1,219616_NV_1.jpg,none,,,,,
219709NC,219709,Sac CURRY2 Natural Color,NC,Natural Color,Hand Bag,Sac,Paper straw,Cotton; Linen; Paper; Polyester; Polyurethane,Silver,,25.99,/241/54/219709NC_1,219709NC_1.jpg,none,,,,,
220084_BK,220084,Tote Bag INCA Black,_BK,Black,Hand Bag,Tote,Plain PU,Polyester; Polyester; Polyurethane; Polyurethane,Silver,,25.99,/242/54/220084_BK_1,220084_BK_1.jpg,none,,,,,
220084_CA,220084,Tote Bag INCA Camel,_CA,Camel,Hand Bag,Tote,Plain PU,Polyester; Polyester; Polyurethane; Polyurethane,Light Golden,,25.99,/242/54/220084_CA_1,220084_CA_1.jpg,none,,,,,
220084_EC,220084,Tote Bag INCA Ecru,_EC,Ecru,Hand Bag,Tote,Plain PU,Polyester; Polyester; Polyurethane; Polyurethane,Silver,,25.99,/242/54/220084_EC_1,220084_EC_1.jpg,none,,,,,
220084_MD,220084,Tote Bag INCA Mustard,_MD,Mustard,Hand Bag,Tote,Plain PU,Polyester; Polyester; Polyurethane; Polyurethane,Silver,,25.99,/242/54/220084_MD_1,220084_MD_1.jpg,none,,,,,
220084_NV,220084,Tote Bag INCA Navy,_NV,Navy,Hand Bag,Tote,Plain PU,Polyester; Polyester; Polyurethane; Polyurethane,Light Golden,,25.99,/242/54/220084_NV_1,220084_NV_1.jpg,none,,,,,
220135_WT,220135,Crossbody Bag STRAWBERRY White,_WT,White,Hand Bag,Cross,Printed PU,Polyester; Polyurethane; Polyurethane,Silver,,23.99,/242/54/220135_WT_1,220135_WT_1.jpg,none,,,,,
220168_BG,220168,Backpack SAHARA Beige,_BG,Beige,Hand Bag,Backpack,Canvas,Polyester; Polyurethane; Cotton,Silver,,19.99,/242/54/220168_BG_1,220168_BG_1.jpg,none,,,,,
220168_KK,220168,Backpack SAHARA Khaki,_KK,Khaki,Hand Bag,Backpack,Canvas,Cotton; Polyester; Polyurethane,Silver,,19.99,/242/54/220168_KK_1,220168_KK_1.jpg,none,,,,,
220168_MD,220168,Backpack SAHARA Mustard,_MD,Mustard,Hand Bag,Backpack,Canvas,Cotton; Polyester; Polyurethane,Silver,,19.99,/242/54/220168_MD_1,220168_MD_1.jpg,none,,,,,
220346NC,220346,Shoulder Bag CURRY3 Natural Color,NC,Natural Color,Hand Bag,Shoulder Bag,Paper straw,Polyurethane; Polyethylene; Polyester; Polypropylene; Polyurethane,Light Golden,,25.99,/241/54/220346NC_1,220346NC_1.jpg,none,,,,,
220392NC,220392,Crossbody Bag STRAWBERRY Natural Color,NC,Natural Color,Hand Bag,Cross,Paper straw,Iron; Iron; Linen; Paper; Polyurethane; Polyurethane,Light Golden,,25.99,/242/54/220392NC_1,220392NC_1.jpg,none,,,,,
220417DNC,220417,Crossbody Bag HONDURAS Dark Natural Color,DNC,Dark Natural Color,Hand Bag,Cross,Paper straw,Polyester; Polyurethane; Cotton; Paper,Light Golden,,25.99,/242/54/220417DNC_1,220417DNC_1.jpg,none,,,,,
220520_BM,220520,Shopper Bag STRIPES2 Bright Multicolor,_BM,Bright Multicolor,Hand Bag,Shopper,Fantasy Fabric,Polyester; Polyester; Polyester; Polyester,Silver,,35.99,/241/54/220520_BM_1,220520_BM_1.jpg,none,,,,,
220697_CA,220697,Tote Bag WOODY1 Camel,_CA,Camel,Hand Bag,Tote,Plain PU,Polyurethane; Polyurethane,Light Golden,,25.99,/241/54/220697_CA_1,220697_CA_1.jpg,none,,,,,
220697_EC,220697,Tote Bag WOODY1 Ecru,_EC,Ecru,Hand Bag,Tote,Plain PU,Polyurethane; Polyurethane,Light Golden,,25.99,/241/54/220697_EC_1,220697_EC_1.jpg,none,,,,,
220697_KK,220697,Tote Bag WOODY1 Khaki,_KK,Khaki,Hand Bag,Tote,Plain PU,Polyurethane; Polyurethane,Light Golden,,25.99,/241/54/220697_KK_1,220697_KK_1.jpg,none,,,,,
220899NC,220899,Tote Bag KOLKATA1 Natural Color,NC,Natural Color,Hand Bag,Tote,Jute,Jute; Jute,,,23.99,/242/54/220899NC_1,220899NC_1.jpg,none,,,,,
221002_SV,221002,Handbag STRIPES2 Silver,_SV,Silver,Hand Bag,Mini Bag,Fantasy PU,Polyester; Polyurethane; Polyurethane,,,19.99,/241/54/221002_SV_1,221002_SV_1.jpg,none,,,,,
221060_BK,221060,Sac BRAIDED PU CAPSULE Black,_BK,Black,Hand Bag,Sac,Interlaced,Polyurethane; Polyurethane,,,32.99,/241/54/221060_BK_1,221060_BK_1.jpg,none,,,,,
221060_EC,221060,Sac BRAIDED PU CAPSULE Ecru,_EC,Ecru,Hand Bag,Sac,Interlaced,Polyurethane; Polyurethane,,,32.99,/241/54/221060_EC_1,221060_EC_1.jpg,none,,,,,
221060_YL,221060,Sac BRAIDED PU CAPSULE Yellow,_YL,Yellow,Hand Bag,Sac,Interlaced,Polyurethane; Polyurethane,,,32.99,/241/54/221060_YL_1,221060_YL_1.jpg,none,,,,,
221075_SV,221075,Sac PADDED NYLON CAPSULE Silver,_SV,Silver,Hand Bag,Sac,Nylon,Polyamide; Polyester; Polyurethane,,,25.99,/241/54/221075_SV_1,221075_SV_1.jpg,none,,,,,
221077_BK,221077,Sac PADDED NYLON CAPSULE Black,_BK,Black,Hand Bag,Sac,Nylon,Polyester; Polyester; Polyurethane,,,29.99,/241/54/221077_BK_3,221077_BK_3.jpg,none,,,,,
221077_BL,221077,Sac PADDED NYLON CAPSULE Blue,_BL,Blue,Hand Bag,Sac,Nylon,Polyester; Polyester; Polyurethane,,,29.99,/241/54/221077_BL_1,221077_BL_1.jpg,none,,,,,
221221_BL,221221,Tote Bag MAORI3 Blue,_BL,Blue,Hand Bag,Tote,Peach PU,Polyester; Polyurethane; Polyurethane,Silver,,23.99,/242/54/221221_BL_1,221221_BL_1.jpg,none,,,,,
221221_IC,221221,Tote Bag MAORI3 Ice,_IC,Ice,Hand Bag,Tote,Peach PU,Polyester; Polyurethane; Polyurethane,Silver,,23.99,/242/54/221221_IC_1,221221_IC_1.jpg,none,,,,,
221221_TU,221221,Tote Bag MAORI3 Taupe,_TU,Taupe,Hand Bag,Tote,Peach PU,Polyester; Polyurethane; Polyurethane,Silver,,23.99,/242/54/221221_TU_1,221221_TU_1.jpg,none,,,,,
221221_YL,221221,Tote Bag MAORI3 Yellow,_YL,Yellow,Hand Bag,Tote,Peach PU,Polyester; Polyurethane; Polyurethane,Silver,,23.99,/242/54/221221_YL_1,221221_YL_1.jpg,none,,,,,
221330NC,221330,Tote Bag KOLKATA3 Natural Color,NC,Natural Color,Hand Bag,Tote,Fake straw,Polyester; Polyester; Polypropylene; Polyurethane; Polyurethane,Light Golden,,23.99,/242/54/221330NC_1,221330NC_1.jpg,none,,,,,
221429_CA,221429,Crossbody Bag KOLKATA3 Camel,_CA,Camel,Hand Bag,Cross,Straw,Cotton; Linen; Polyester; Polyurethane; Straw,,,27.99,/242/54/221429_CA_1,221429_CA_1.jpg,none,,,,,
221429_WT,221429,Crossbody Bag KOLKATA3 White,_WT,White,Hand Bag,Cross,Straw,Cotton; Linen; Polyester; Polyurethane; Straw,,,27.99,/242/54/221429_WT_1,221429_WT_1.jpg,none,,,,,
221439_RD,221439,Shopper Bag KOLKATA2 Red,_RD,Red,Hand Bag,Shopper,Fantasy Fabric,Cotton; Cotton; Cotton; Glass; Polyester,,,39.99,/242/54/221439_RD_1,221439_RD_1.jpg,none,,,,,
221639_BM,221639,Shopper Bag MAORI2 Bright Multicolor,_BM,Bright Multicolor,Hand Bag,Shopper,Printed Nylon,Polyurethane; Polyester; Polyester,Silver,,29.99,/242/54/221639_BM_1,221639_BM_1.jpg,none,,,,,
221648_GN,221648,Backpack FLORA Green,_GN,Green,Hand Bag,Backpack,Printed PU,Polyester; Polyurethane; Polyurethane,Silver,,25.99,/242/54/221648_GN_1,221648_GN_1.jpg,none,,,,,
221730DNC,221730,Crossbody Bag ULLA Dark Natural Color,DNC,Dark Natural Color,Hand Bag,Cross,Paper straw,Iron; Iron; Linen; Paper; Polyurethane; Polyurethane,Light Golden,,25.99,/242/54/221730DNC_1,221730DNC_1.jpg,none,,,,,
221765NC,221765,Tote Bag ANASTASIA Natural Color,NC,Natural Color,Hand Bag,Tote,Paper straw,Cotton; Cotton; Iron; Iron; Iron; Linen; Paper; Polyurethane; Polyurethane,,,27.99,/242/54/221765NC_1,221765NC_1.jpg,none,,,,,
221854_BM,221854,Envelope Bag KOLKATA2 Bright Multicolor,_BM,Bright Multicolor,Hand Bag,Envelope,Fantasy Fabric,Cotton; Cotton; Fiberglass; Polyester,Silver,,25.99,/242/54/221854_BM_1,221854_BM_1.jpg,none,,,,,
221855_BG,221855,Shopper Bag NATALIA Beige,_BG,Beige,Hand Bag,Shopper,Fake Nylon,Polyester; Polyester; Polyester; Polyurethane; Polyurethane; Polyurethane; Zinc,,,27.99,/242/54/221855_BG_1,221855_BG_1.jpg,none,,,,,
221855_EC,221855,Shopper Bag NATALIA Ecru,_EC,Ecru,Hand Bag,Shopper,Fake Nylon,Polyester; Polyester; Polyester; Polyurethane; Polyurethane; Polyurethane; Zinc,,,27.99,/242/54/221855_EC_1,221855_EC_1.jpg,none,,,,,
221855_GN,221855,Shopper Bag NATALIA Green,_GN,Green,Hand Bag,Shopper,Fake Nylon,Polyester; Polyurethane; Polyurethane; Polyurethane; Zinc; Polyester; Polyester,,,27.99,/242/54/221855_GN_1,221855_GN_1.jpg,none,,,,,
221871_CA,221871,Sac FRINGES CAPSULE Camel,_CA,Camel,Hand Bag,Sac,Real Suede,Cotton; Cow Suede Leather,,,39.99,/242/54/221871_CA_1,221871_CA_1.jpg,none,,,,,
221871_PU,221871,Sac FRINGES CAPSULE Purple,_PU,Purple,Hand Bag,Sac,Real Suede,Cotton; Cow Suede Leather,,,39.99,/242/54/221871_PU_1,221871_PU_1.jpg,none,,,,,
222173_CA,222173,Sac GOLDEN BAY3 Camel,_CA,Camel,Hand Bag,Sac,Plain PU,Polyester; Polyurethane; Polyurethane,Light Golden,,25.99,/242/54/222173_CA_1,222173_CA_1.jpg,none,,,,,
222173_WT,222173,Sac GOLDEN BAY3 White,_WT,White,Hand Bag,Sac,Plain PU,Polyester; Polyurethane; Polyurethane,Light Golden,,25.99,/242/54/222173_WT_1,222173_WT_1.jpg,none,,,,,
222174_OR,222174,Sac GOLDEN BAY3 Orange,_OR,Orange,Hand Bag,Sac,Plain PU,Polyester; Polyurethane; Polyurethane,Light Golden,,23.99,/242/54/222174_OR_1,222174_OR_1.jpg,none,,,,,
222221_BG,222221,Computer Hand Bag HASHTAG1 Beige,_BG,Beige,Hand Bag,Computer Hand Bag,Fake Nylon,Polyester; Polyester; Polyester; Polyurethane; Polyurethane; Polyurethane; Polyurethane,Light Golden,,29.99,/242/54/222221_BG_1,222221_BG_1.jpg,none,,,,,
222221_BK,222221,Computer Hand Bag HASHTAG3 Black,_BK,Black,Hand Bag,Computer Hand Bag,Fake Nylon,Polyester; Polyester; Polyester; Polyurethane; Polyurethane; Polyurethane; Polyurethane,Light Golden,,29.99,/242/54/222221_BK_1,222221_BK_1.jpg,none,,,,,
222221_KK,222221,Computer Hand Bag HASHTAG3 Khaki,_KK,Khaki,Hand Bag,Computer Hand Bag,Fake Nylon,Polyester; Polyurethane; Polyurethane; Polyurethane; Polyurethane; Polyester; Polyester,Light Golden,,29.99,/242/54/222221_KK_1,222221_KK_1.jpg,none,,,,,
222242_BG,222242,Briefcase HASHTAG1 Beige,_BG,Beige,Hand Bag,Briefcase,Fake Nylon,Polyester; Polyester; Polyurethane; Polyurethane; Polyurethane; Polyester,Silver,,35.99,/242/54/222242_BG_1,222242_BG_1.jpg,none,,,,,
222242_BK,222242,Briefcase HASHTAG2 Black,_BK,Black,Hand Bag,Briefcase,Fake Nylon,Polyester; Polyester; Polyester; Polyurethane; Polyurethane; Polyurethane,Silver,,35.99,/242/54/222242_BK_1,222242_BK_1.jpg,none,,,,,
222242_KK,222242,Briefcase HASHTAG2 Khaki,_KK,Khaki,Hand Bag,Briefcase,Fake Nylon,Polyester; Polyester; Polyester; Polyurethane; Polyurethane; Polyurethane,Silver,,35.99,/242/54/222242_KK_1,222242_KK_1.jpg,none,,,,,
222245NC,222245,Tote Bag KOLKATA1 Natural Color,NC,Natural Color,Hand Bag,Tote,Jute,Cotton; Cotton; Jute; glass bead,,,23.99,/242/54/222245NC_1,222245NC_1.jpg,none,,,,,
222259_NV,222259,Backpack PALMS Navy,_NV,Navy,Hand Bag,Backpack,Printed PU,Polyester; Polyurethane; Polyurethane,,,27.99,/242/54/222259_NV_1,222259_NV_1.jpg,none,,,,,
222325_BM,222325,Shopper Bag GOLDEN BAY2 Bright Multicolor,_BM,Bright Multicolor,Hand Bag,Shopper,Nylon,Aluminium; Iron; Polyester; Polyester; Polyurethane; Resin; Acrylic; Polyurethane; Polyester; Silicone,Silver,,35.99,/242/54/222325_BM_1,222325_BM_1.jpg,none,,,,,
222334_BK,222334,Crossbody Bag BARDOT Black,_BK,Black,Hand Bag,Cross,Animal Embossed PU,Polyurethane; Polyurethane; Polyester,,,27.99,/242/54/222334_BK_1,222334_BK_1.jpg,none,,,,,
222334_CA,222334,Crossbody Bag BARDOT Camel,_CA,Camel,Hand Bag,Cross,Animal Embossed PU,Polyurethane; Polyurethane; Polyester,,,27.99,/242/54/222334_CA_1,222334_CA_1.jpg,none,,,,,
222466_BK,222466,Tote Bag DAMERO2 Black,_BK,Black,Hand Bag,Tote,Crochet,Fiberglass; Cotton; Cotton,,,35.99,/242/54/222466_BK_1,222466_BK_1.jpg,none,,,,,
222631_BK,222631,Shoulder Bag JUNGLE2 Black,_BK,Black,Hand Bag,Shoulder Bag,Leather,Cotton; Cow Leather,Silver,,69.99,/242/54/222631_BK_1,222631_BK_1.jpg,none,,,,,
222631_BU,222631,Shoulder Bag JUNGLE2 Burgundy,_BU,Burgundy,Hand Bag,Shoulder Bag,Leather,Cotton; Cow Leather,Silver,,69.99,/242/54/222631_BU_1,222631_BU_1.jpg,none,,,,,
222631_EC,222631,Shoulder Bag JUNGLE2 Ecru,_EC,Ecru,Hand Bag,Shoulder Bag,Leather,Cotton; Cow Leather,Silver,,69.99,/242/54/222631_EC_1,222631_EC_1.jpg,none,,,,,
222631_PK,222631,Shoulder Bag JUNGLE2 Pink,_PK,Pink,Hand Bag,Shoulder Bag,Leather,Cotton; Cow Leather,Silver,,69.99,/242/54/222631_PK_1,222631_PK_1.jpg,none,,,,,
222632_BK,222632,Shoulder Bag JUNGLE2 Black,_BK,Black,Hand Bag,Shoulder Bag,Leather,Cotton; Cow Leather,Silver,,49.99,/242/54/222632_BK_1,222632_BK_1.jpg,none,,,,,
222632_BN,222632,Shoulder Bag JUNGLE2 Brown,_BN,Brown,Hand Bag,Shoulder Bag,Leather,Cotton; Cow Leather,Silver,,49.99,/242/54/222632_BN_1,222632_BN_1.jpg,none,,,,,
222632_GN,222632,Shoulder Bag JUNGLE2 Green,_GN,Green,Hand Bag,Shoulder Bag,Leather,Cotton; Cow Leather,Silver,,49.99,/242/54/222632_GN_1,222632_GN_1.jpg,none,,,,,
222731_GD,222731,Tote Bag KOLKATA3 Gold,_GD,Gold,Hand Bag,Tote,Fantasy Fabric,Polyester; Polypropylene; Polyurethane; Polyurethane; Polyethylene,Light Golden,,29.99,/242/54/222731_GD_1,222731_GD_1.jpg,none,,,,,
222793_BK,222793,Shoulder Bag DAMERO3 Black,_BK,Black,Hand Bag,Shoulder Bag,Plain PU,Polyester; Polyurethane; Polyurethane,,,27.99,/242/54/222793_BK_1,222793_BK_1.jpg,none,,,,,
222793_EC,222793,Shoulder Bag DAMERO3 Ecru,_EC,Ecru,Hand Bag,Shoulder Bag,Plain PU,Polyester; Polyurethane; Polyurethane,,,27.99,/242/54/222793_EC_1,222793_EC_1.jpg,none,,,,,
222873_BU,222873,Sac SUEDE STUDS Burgundy,_BU,Burgundy,Hand Bag,Sac,Real Suede,Cotton; Cow Suede Leather; Cow Leather,Silver,,49.99,/242/54/222873_BU_1,222873_BU_1.jpg,none,,,,,
222873_PK,222873,Sac SUEDE STUDS Pink,_PK,Pink,Hand Bag,Sac,Real Suede,Cotton; Cow Suede Leather; Cow Suede Leather,Silver,,49.99,/242/54/222873_PK_1,222873_PK_1.jpg,none,,,,,
222873_TU,222873,Sac SUEDE STUDS Taupe,_TU,Taupe,Hand Bag,Sac,Real Suede,Cotton; Cow Suede Leather; Cow Suede Leather,Silver,,49.99,/242/54/222873_TU_1,222873_TU_1.jpg,none,,,,,
222903_BK,222903,Shopper Bag DALMATA2 Black,_BK,Black,Hand Bag,Shopper,Nylon,Cotton; Polyamide; Polyester; Polyester; Polyurethane,Silver,,35.99,/242/54/222903_BK_1,222903_BK_1.jpg,none,,,,,
222935_CA,222935,Crossbody Bag JOPLIN Camel,_CA,Camel,Hand Bag,Cross,Patchwork,Cow Suede Leather; Iron; Iron; Polyester; Polyurethane; Polyurethane,,,27.99,/242/54/222935_CA_1,222935_CA_1.jpg,none,,,,,
222935_EC,222935,Crossbody Bag JOPLIN Ecru,_EC,Ecru,Hand Bag,Cross,Patchwork,Cow Suede Leather; Iron; Iron; Polyester; Polyurethane; Polyurethane,,,27.99,/242/54/222935_EC_1,222935_EC_1.jpg,none,,,,,
222955_BK,222955,Shopper Bag JACKSON 1 Black,_BK,Black,Hand Bag,Shopper,Nylon,Polyester; Polyester; Polyurethane; Polyurethane; Polyurethane; Zinc; Polyester; Polyester,Silver,,29.99,/242/54/222955_BK_1,222955_BK_1.jpg,none,,,,,
222955_TU,222955,Shopper Bag JACKSON 2 Taupe,_TU,Taupe,Hand Bag,Shopper,Nylon,Polyester; Polyester; Polyester; Polyester; Polyurethane; Polyurethane; Polyurethane; Zinc,Silver,,29.99,/242/54/222955_TU_1,222955_TU_1.jpg,none,,,,,
223022_BK,223022,Computer Hand Bag BAKER Black,_BK,Black,Hand Bag,Computer Hand Bag,Plain PU,Polyester; Polyester; Polyester; Polyester; Polyurethane; Polyurethane; Polyurethane; Polyurethane; Polyester; Polyester,Light Golden,,35.99,/242/54/223022_BK_1,223022_BK_1.jpg,none,,,,,
223022_CA,223022,Computer Hand Bag BAKER Camel,_CA,Camel,Hand Bag,Computer Hand Bag,Plain PU,Polyester; Polyester; Polyester; Polyurethane; Polyurethane; Polyester; Polyurethane; Polyester; Polyester; Polyurethane,Light Golden,,35.99,/242/54/223022_CA_1,223022_CA_1.jpg,none,,,,,
223022_EC,223022,Computer Hand Bag BAKER Ecru,_EC,Ecru,Hand Bag,Computer Hand Bag,Plain PU,Polyester; Polyester; Polyester; Polyurethane; Polyurethane; Polyester; Polyurethane; Polyester; Polyester; Polyurethane,Light Golden,,35.99,/242/54/223022_EC_1,223022_EC_1.jpg,none,,,,,
223029_BK,223029,Tote Bag BAKER Black,_BK,Black,Hand Bag,Tote,Printed Fabric,Polyurethane; Polyurethane; Polyester; Polyester,Light Golden,,25.99,/242/54/223029_BK_1,223029_BK_1.jpg,none,,,,,
223066_BK,223066,Crossbody Bag ZIMBA2 Black,_BK,Black,Hand Bag,Cross,Animal Embossed PU,Polyester; Polyurethane; Polyurethane,Light Golden,,25.99,/242/54/223066_BK_1,223066_BK_1.jpg,none,,,,,
223066_BN,223066,Crossbody Bag ZIMBA2 Brown,_BN,Brown,Hand Bag,Cross,Animal Embossed PU,Polyester; Polyurethane; Polyurethane,Light Golden,,25.99,/242/54/223066_BN_1,223066_BN_1.jpg,none,,,,,
223066_EC,223066,Crossbody Bag ZIMBA2 Ecru,_EC,Ecru,Hand Bag,Cross,Animal Embossed PU,Polyester; Polyurethane; Polyurethane,Light Golden,,25.99,/242/54/223066_EC_1,223066_EC_1.jpg,none,,,,,
223066_GN,223066,Crossbody Bag ZIMBA2 Green,_GN,Green,Hand Bag,Cross,Animal Embossed PU,Polyester; Polyurethane; Polyurethane,Light Golden,,25.99,/242/54/223066_GN_1,223066_GN_1.jpg,none,,,,,
223331_BM,223331,Sac ZIMBA2 Bright Multicolor,_BM,Bright Multicolor,Hand Bag,Sac,Patchwork,Polyester; Polyester; Polyurethane; Polyurethane; Cow Leather; Polyester; Cow Leather; Polyurethane,Light Golden,,69.99,/242/54/223331_BM_1,223331_BM_1.jpg,none,,,,,
223394_CA,223394,Shopper Bag ISABELA Camel,_CA,Camel,Hand Bag,Shopper,Printed PU,Cotton; Cotton; Linen; Linen; Polyurethane; Polyurethane; Polyurethane,Light Golden,,25.99,/242/54/223394_CA_1,223394_CA_1.jpg,none,,,,,
223394_PK,223394,Shopper Bag ISABELA Pink,_PK,Pink,Hand Bag,Shopper,Printed PU,Cotton; Cotton; Linen; Linen; Polyurethane; Polyurethane; Polyurethane,Light Golden,,25.99,/242/54/223394_PK_1,223394_PK_1.jpg,none,,,,,
223398_EC,223398,Shopper Bag ISABELA Ecru,_EC,Ecru,Hand Bag,Shopper,Canvas,Cotton; Cotton; Linen; Linen; Polyurethane; Cotton; Linen; Cotton; Linen; Polyurethane; Polyurethane,Light Golden,,25.99,/242/54/223398_EC_1,223398_EC_1.jpg,none,,,,,
223451_BM,223451,Crossbody Bag ZIMBA3 Bright Multicolor,_BM,Bright Multicolor,Hand Bag,Cross,Patchwork,Polyester; Polyurethane; Cow Leather; Polyurethane,,,27.99,/242/54/223451_BM_1,223451_BM_1.jpg,none,,,,,
223547_BK,223547,Shopper Bag ZIMBA3 Black,_BK,Black,Hand Bag,Shopper,Plain PU,Polyurethane; Polyester; Polyurethane; Cotton; Polyester; Polyurethane,Light Golden,,29.99,/242/54/223547_BK_1,223547_BK_1.jpg,none,,,,,
223547_WT,223547,Shopper Bag ZIMBA3 White,_WT,White,Hand Bag,Shopper,Plain PU,Polyurethane; Polyurethane; Polyester; Cotton; Polyester; Polyurethane,Light Golden,,29.99,/242/54/223547_WT_1,223547_WT_1.jpg,none,,,,,
223554_GN,223554,Tote Bag ZIMBA1 Green,_GN,Green,Hand Bag,Tote,Animal Embossed PU,Polyester; Polyurethane; Polyurethane,,,27.99,/242/54/223554_GN_1,223554_GN_1.jpg,none,,,,,
223611_BK,223611,Crossbody Bag LEO2 Black,_BK,Black,Hand Bag,Cross,Peach PU,Polyurethane; Polyurethane; Polyester,Silver,,23.99,/242/54/223611_BK_1,223611_BK_1.jpg,none,,,,,
223611_BU,223611,Crossbody Bag LEO2 Burgundy,_BU,Burgundy,Hand Bag,Cross,Peach PU,Polyurethane; Polyester; Polyurethane,Silver,,23.99,/242/54/223611_BU_1,223611_BU_1.jpg,none,,,,,
223611_EC,223611,Crossbody Bag LEO2 Ecru,_EC,Ecru,Hand Bag,Cross,Peach PU,Polyurethane; Polyester; Polyurethane,Silver,,23.99,/242/54/223611_EC_1,223611_EC_1.jpg,none,,,,,
223623_EC,223623,Tote Bag LEO3 Ecru,_EC,Ecru,Hand Bag,Tote,Peach PU,Polyester; Polyester; Polyurethane; Polyurethane; Polyester,Silver,,29.99,/242/54/223623_EC_1,223623_EC_1.jpg,none,,,,,
223625_BK,223625,Tote Bag LEO3 Black,_BK,Black,Hand Bag,Tote,Nylon,Zinc; Polyester; Polyester; Polyurethane; Polyester,Silver,,25.99,/242/54/223625_BK_1,223625_BK_1.jpg,none,,,,,
223625_CA,223625,Tote Bag LEO3 Camel,_CA,Camel,Hand Bag,Tote,Nylon,Zinc; Polyester; Polyurethane; Polyester; Polyester,Silver,,25.99,/242/54/223625_CA_1,223625_CA_1.jpg,none,,,,,
223895_BN,223895,Sac CORBATERO3 Brown,_BN,Brown,Hand Bag,Sac,Real Suede,Cow Suede Leather; Polyurethane; Polyurethane,,,32.99,/242/54/223895_BN_1,223895_BN_1.jpg,none,,,,,
223895_BU,223895,Sac CORBATERO3 Burgundy,_BU,Burgundy,Hand Bag,Sac,Real Suede,Cow Suede Leather; Polyurethane; Polyurethane,,,32.99,/242/54/223895_BU_1,223895_BU_1.jpg,none,,,,,
223895_CA,223895,Sac CORBATERO3 Camel,_CA,Camel,Hand Bag,Sac,Real Suede,Cow Suede Leather; Polyurethane; Polyurethane,,,32.99,/242/54/223895_CA_1,223895_CA_1.jpg,none,,,,,
223895_EC,223895,Sac CORBATERO3 Ecru,_EC,Ecru,Hand Bag,Sac,Real Suede,Polyurethane; Cow Suede Leather; Polyurethane,,,32.99,/242/54/223895_EC_1,223895_EC_1.jpg,none,,,,,
223895_KK,223895,Sac CORBATERO3 Khaki,_KK,Khaki,Hand Bag,Sac,Real Suede,Polyurethane; Polyurethane; Cow Suede Leather,,,32.99,/242/54/223895_KK_1,223895_KK_1.jpg,none,,,,,
223895_PK,223895,Sac CORBATERO3 Pink,_PK,Pink,Hand Bag,Sac,Real Suede,Polyurethane; Polyurethane; Cow Suede Leather,,,32.99,/242/54/223895_PK_1,223895_PK_1.jpg,none,,,,,
223920_BK,223920,Crossbody Bag SPECIAL SET Black,_BK,Black,Hand Bag,Cross,Plain PU,Polyurethane; Polyester; Polyurethane,Light Golden,,19.99,/242/54/223920_BK_1,223920_BK_1.jpg,none,,,,,
223920_BL,223920,Crossbody Bag SPECIAL SET Blue,_BL,Blue,Hand Bag,Cross,Plain PU,Polyurethane; Polyester; Polyurethane,Light Golden,,19.99,/242/54/223920_BL_1,223920_BL_1.jpg,none,,,,,
223920_TU,223920,Crossbody Bag SPECIAL SET Taupe,_TU,Taupe,Hand Bag,Cross,Plain PU,Polyurethane; Polyester; Polyurethane,Light Golden,,19.99,/242/54/223920_TU_1,223920_TU_1.jpg,none,,,,,
223930_BK,223930,Tote Bag SPECIAL SET Black,_BK,Black,Hand Bag,Tote,Plain PU,Polyurethane; Polyester; Polyurethane; Polyester,Light Golden,,23.99,/242/54/223930_BK_1,223930_BK_1.jpg,none,,,,,
223930_BL,223930,Tote Bag SPECIAL SET Blue,_BL,Blue,Hand Bag,Tote,Plain PU,Polyester; Polyurethane; Polyurethane; Polyester,Light Golden,,23.99,/242/54/223930_BL_1,223930_BL_1.jpg,none,,,,,
223930_CA,223930,Tote Bag SPECIAL SET Camel,_CA,Camel,Hand Bag,Tote,Plain PU,Polyurethane; Polyester; Polyester; Polyurethane,Light Golden,,23.99,/242/54/223930_CA_1,223930_CA_1.jpg,none,,,,,
223930_EC,223930,Tote Bag SPECIAL SET Ecru,_EC,Ecru,Hand Bag,Tote,Plain PU,Polyurethane; Polyester; Polyester; Polyurethane,Light Golden,,23.99,/242/54/223930_EC_1,223930_EC_1.jpg,none,,,,,
223998_BK,223998,Tote Bag CORDY Black,_BK,Black,Hand Bag,Tote,Plain PU,Polyurethane; Polyester; Polyurethane; Acrylic,,,27.99,/242/54/223998_BK_1,223998_BK_1.jpg,none,,,,,
223998_CA,223998,Tote Bag CORDY Camel,_CA,Camel,Hand Bag,Tote,Plain PU,Polyester; Polyurethane; Polyurethane; Acrylic,,,27.99,/242/54/223998_CA_1,223998_CA_1.jpg,none,,,,,
224010_GY,224010,Crossbody Bag CORDY Grey,_GY,Grey,Hand Bag,Cross,Printed Fake Nylon,Polyurethane; Polyester; Polyurethane; Polyester,Silver,,25.99,/242/54/224010_GY_1,224010_GY_1.jpg,none,,,,,
224097_BK,224097,Sac LORETA Black,_BK,Black,Hand Bag,Sac,Real Suede,Polyester; Polyurethane; Polyurethane; Cow Suede Leather,,,32.99,/242/54/224097_BK_1,224097_BK_1.jpg,none,,,,,
224097_CA,224097,Sac LORETA Camel,_CA,Camel,Hand Bag,Sac,Real Suede,Polyurethane; Polyurethane; Polyester; Cow Suede Leather,,,32.99,/242/54/224097_CA_1,224097_CA_1.jpg,none,,,,,
224475_BN,224475,Shoulder Bag PANTERA1 Brown,_BN,Brown,Hand Bag,Shoulder Bag,Fake Suede,Polyurethane; Polyurethane; Polyester,Light Golden,,25.99,/242/54/224475_BN_1,224475_BN_1.jpg,none,,,,,
224484_BK,224484,Tote Bag PANTERA1 Black,_BK,Black,Hand Bag,Tote,Plain PU,Polyurethane; Polyurethane; Polyester,Light Golden,,25.99,/242/54/224484_BK_1,224484_BK_1.jpg,none,,,,,
224484_BL,224484,Tote Bag PANTERA1 Blue,_BL,Blue,Hand Bag,Tote,Plain PU,Polyurethane; Polyurethane; Polyester,Silver,,25.99,/242/54/224484_BL_1,224484_BL_1.jpg,none,,,,,
224556_BK,224556,Crossbody Bag FLAGE Black,_BK,Black,Hand Bag,Cross,Fake Nylon,Polyester; Polyurethane; Polyester,Light Golden,,19.99,/242/54/224556_BK_1,224556_BK_1.jpg,none,,,,,
224556_KK,224556,Crossbody Bag FLAGE Khaki,_KK,Khaki,Hand Bag,Cross,Fake Nylon,Polyester; Polyurethane; Polyester,Light Golden,,19.99,/242/54/224556_KK_1,224556_KK_1.jpg,none,,,,,
224556_PK,224556,Crossbody Bag FLAGE Pink,_PK,Pink,Hand Bag,Cross,Fake Nylon,Polyester; Polyurethane; Polyester,Light Golden,,19.99,/242/54/224556_PK_1,224556_PK_1.jpg,none,,,,,
224646_BN,224646,Shoulder Bag PANTERA3 Brown,_BN,Brown,Hand Bag,Shoulder Bag,Real Fur,Cow Leather; Polyurethane; Polyurethane; Polyester,Silver,,35.99,/242/54/224646_BN_1,224646_BN_1.jpg,none,,,,,
224842_BN,224842,Shopper Bag PANTERA3 Brown,_BN,Brown,Hand Bag,Shopper,Real Fur,Polyurethane; Polyester; Cow Leather; Polyurethane; Polyurethane; Cow Leather; Polyester; Polyester,Silver,,89.99,/242/54/224842_BN_1,224842_BN_1.jpg,none,,,,,
224975_BK,224975,Crossbody Bag SCOTS1 Black,_BK,Black,Hand Bag,Cross,Fantasy PU,Polyester; Polyurethane; Polyurethane,Light Golden,,25.99,/242/54/224975_BK_1,224975_BK_1.jpg,none,,,,,
224975_BU,224975,Crossbody Bag SCOTS1 Burgundy,_BU,Burgundy,Hand Bag,Cross,Fantasy PU,Polyurethane; Polyester; Polyurethane,Light Golden,,25.99,/242/54/224975_BU_1,224975_BU_1.jpg,none,,,,,
224975_EC,224975,Crossbody Bag SCOTS1 Ecru,_EC,Ecru,Hand Bag,Cross,Fantasy PU,Polyurethane; Polyurethane; Polyester,Light Golden,,25.99,/242/54/224975_EC_1,224975_EC_1.jpg,none,,,,,
225051_CA,225051,Sac PANTERA2 Camel,_CA,Camel,Hand Bag,Sac,Fake Suede,Polyurethane; Polyester; Polyurethane,,,39.99,/242/54/225051_CA_1,225051_CA_1.jpg,none,,,,,
158816_LN,158816,Earring VENDREDI Light Green,_LN,Light Green,Jewellery,Earrings,Stud,Resin; Zinc,Brushed Golden,Enamel,5.99,/241/52/158816_LN_1,158816_LN_1.jpg,none,,,,,
162651_MI,162651,Earring Moonlight azure Midnight Blue,_MI,Midnight Blue,Jewellery,Earrings,Stud,Iron; Resin,Brushed Golden,,5.99,/232/52/162651_MI_1,162651_MI_1.jpg,none,,,,,
162651_TQ,162651,Earring EXPEDITION Turquoise,_TQ,Turquoise,Jewellery,Earrings,Stud,Iron; Resin,Brushed Golden,,5.99,/232/52/162651_TQ_1,162651_TQ_1.jpg,none,,,,,
163494_LU,163494,Earring STARRYNIGHT Lust,_LU,Lust,Jewellery,Earrings,Hoop Earrings,Thermoplastic Polyurethane; Zinc,Black Nikel,,5.99,/232/52/163494_LU_2y,163494_LU_2y.jpg,none,,,,,
1658233BM,165823,Earring STARRYNIGHT Bright Multicolor,3BM,Bright Multicolor,Jewellery,Earrings,Stud,Acrylic; Shell; Zinc,Black Nikel,,5.99,/232/52/1658233BM_2y,1658233BM_2y.jpg,none,,,,,
1658234BM,165823,Earring TROPICAL GEMS Bright Multicolor,4BM,Bright Multicolor,Jewellery,Earrings,Stud,Acrylic; Shell; Zinc,Golden,,4.99,/241/52/1658234BM_1,1658234BM_1.jpg,none,,,,,
167657_LB,167657,Earring DEGRADE Light Blue,_LB,Light Blue,Jewellery,Earrings,Dangle,Crystal Glass; Iron,Golden,,5.99,/232/52/167657_LB_2yjpg,167657_LB_2yjpg.jpg,none,,,,,
1687991RD,168799,Key Chain FASHION SUPPLEMENTS Red,1RD,Red,Jewellery,Key chains,Figures,Iron; Thermoplastic Polyurethane,,,9.99,/241/52/1687991RD_1,1687991RD_1.jpg,none,,,,,
168799_BM,168799,Key Chain FASHION SUPPLEMENTS Bright Multicolor,_BM,Bright Multicolor,Jewellery,Key chains,Figures,Zinc; Zinc; Iron; Thermoplastic Polyurethane,,,9.99,/242/52/168799_BM_1,168799_BM_1.jpg,none,,,,,
170729_DN,170729,Ring EXPEDITION Dark Green,_DN,Dark Green,Jewellery,Rings,Stone/Gem,Stone; Zinc,Worn Gold,,4.99,/232/52/170729_DN_1,170729_DN_1.jpg,none,,,,,
1722761BK,172276,Earring ECLIPSE Black,1BK,Black,Jewellery,Earrings,Dangle,Iron; Stone; Zinc,Golden,,5.99,/232/52/1722761BK_1,1722761BK_1.jpg,none,,,,,
172276_TQ,172276,Earring EXPEDITION Turquoise,_TQ,Turquoise,Jewellery,Earrings,Dangle,Iron; Stone; Zinc,Golden,,5.99,/232/52/172276_TQ_1,172276_TQ_1.jpg,none,,,,,
1765494HM,176549,Earring EXPEDITION Halftone Multicolor,4HM,Halftone Multicolor,Jewellery,Earrings,Hoop Earrings,Zinc,Golden,,5.99,/232/52/1765494HM_1,1765494HM_1.jpg,none,,,,,
1765495HM,176549,Earring VENDREDI Halftone Multicolor,5HM,Halftone Multicolor,Jewellery,Earrings,Hoop Earrings,Zinc,Golden,,5.99,/241/52/1765495HM_1,1765495HM_1.jpg,none,,,,,
1765496HM,176549,Earring SUNSET JUNCTION Halftone Multicolor,6HM,Halftone Multicolor,Jewellery,Earrings,Hoop Earrings,Enamel; Zinc,Golden,,5.99,/241/52/1765496HM_1,1765496HM_1.jpg,none,,,,,
1765498BM,176549,Earring DEGRADE Bright Multicolor,8BM,Bright Multicolor,Jewellery,Earrings,Hoop Earrings,Enamel; Zinc,Golden,,5.99,/232/52/1765498BM_1,1765498BM_1.jpg,none,,,,,
1765499BM,176549,Earring GUARANI VIBES Bright Multicolor,9BM,Bright Multicolor,Jewellery,Earrings,Hoop Earrings,Zinc,Golden,,5.99,/232/52/1765499BM_1,1765499BM_1.jpg,none,,,,,
178752_FU,178752,Earring DEGRADE Fuchsia,_FU,Fuchsia,Jewellery,Earrings,Dangle,Cotton; Iron; Polyester; Velvet; glass bead,Golden,,8.99,/232/52/178752_FU_1,178752_FU_1.jpg,none,,,,,
178752_NV,178752,Earring DEGRADE Navy,_NV,Navy,Jewellery,Earrings,Dangle,Cotton; Glass; Iron; Polyester; Velvet,Golden,,8.99,/232/52/178752_NV_1,178752_NV_1.jpg,none,,,,,
181831_GN,181831,Earring GUMMY PARTY Green,_GN,Green,Jewellery,Earrings,Dangle,Glass; Iron; Zinc,Golden,,7.99,/232/52/181831_GN_1,181831_GN_1.jpg,none,,,,,
182252_RD,182252,Key Chain FASHION SUPPLEMENTS Red,_RD,Red,Jewellery,Key chains,Figures,Acrylic; Acrylic; Brass; Crystal Glass; Zinc,Rodhium,,12.99,/241/52/182252_RD_1,182252_RD_1.jpg,none,,,,,
187477_DM,187477,Earring Gipsy Garden Dark Multicolor,_DM,Dark Multicolor,Jewellery,Earrings,Hoop Earrings,Acrylic; Brass,Worn Gold,,7.99,/241/52/187477_DM_1,187477_DM_1.jpg,none,,,,,
1880882BM,188088,Earring DOMINICA Bright Multicolor,2BM,Bright Multicolor,Jewellery,Earrings,Dangle,Glass; Iron,Golden,Beads,4.99,/241/52/1880882BM_1,1880882BM_1.jpg,none,,,,,
188088_BK,188088,Earring ECLIPSE Black,_BK,Black,Jewellery,Earrings,Dangle,Glass; Iron,Golden,Beads,4.99,/232/52/188088_BK_1,188088_BK_1.jpg,none,,,,,
1889651HM,188965,Earring GLDN DEL Halftone Multicolor,1HM,Halftone Multicolor,Jewellery,Earrings,Stud,Zirconium; Brass,Gold Plated,,7.99,/241/52/1889651HM_1,1889651HM_1.jpg,none,,,,,
1914051HM,191405,Earring GLDN DEL Halftone Multicolor,1HM,Halftone Multicolor,Jewellery,Earrings,Hoop Earrings,Glass; Zinc,Golden,Enamel,5.99,/232/52/1914051HM_1,1914051HM_1.jpg,none,,,,,
1914052HM,191405,Earring GLDN DEL Halftone Multicolor,2HM,Halftone Multicolor,Jewellery,Earrings,Hoop Earrings,Thermoplastic Polyurethane; Zinc,Golden,Enamel,5.99,/242/52/1914052HM_1,1914052HM_1.jpg,none,,,,,
191405_GD,191405,Earring GLDN DEL Gold,_GD,Gold,Jewellery,Earrings,Hoop Earrings,Glass; Zinc,Golden,Enamel,5.99,/232/52/191405_GD_1,191405_GD_1.jpg,none,,,,,
191405_MI,191405,Earring Moonlight azure Midnight Blue,_MI,Midnight Blue,Jewellery,Earrings,Hoop Earrings,Thermoplastic Polyurethane; Zinc,Golden,Enamel,5.99,/232/52/191405_MI_1,191405_MI_1.jpg,none,,,,,
192960_MM,192960,Necklace SILVER BASICS Metallic Multicolor,_MM,Metallic Multicolor,Jewellery,Necklaces,Pendant,Brass; Glass; Iron; Zinc,Multifinishing,Straw,9.99,/221/52/192960_MM_1,192960_MM_1.jpg,none,,,,,
193166_BK,193166,Earring EXPEDITION Black,_BK,Black,Jewellery,Earrings,Dangle,Iron; Stone,Brushed Golden,,7.99,/232/52/193166_BK_1,193166_BK_1.jpg,none,,,,,
1936560HM,193656,Earring FLEURSDUMER Halftone Multicolor,0HM,Halftone Multicolor,Jewellery,Earrings,Hoop Earrings,Glass; Iron; Thermoplastic Polyurethane,Golden,,5.99,/241/52/1936560HM_1,1936560HM_1.jpg,none,,,,,
1953841HM,195384,Key Chain FASHION SUPPLEMENTS Halftone Multicolor,1HM,Halftone Multicolor,Jewellery,Key chains,Figures,Acrylic; Acrylic,Golden,,8.99,/241/52/1953841HM_1,1953841HM_1.jpg,none,,,,,
196476_BK,196476,Ring ECLIPSE Black,_BK,Black,Jewellery,Rings,Fantasy,Resin; Zinc,Golden,Enamel,5.99,/232/52/196476_BK_1,196476_BK_1.jpg,none,,,,,
197600_JN,197600,Earring FLORABUNDANCE Blue Jeans,_JN,Blue Jeans,Jewellery,Earrings,Hoop Earrings,Resin; Zinc,Golden,,7.99,/232/52/197600_JN_1,197600_JN_1.jpg,none,,,,,
197623_JN,197623,Earring FLORABUNDANCE Blue Jeans,_JN,Blue Jeans,Jewellery,Earrings,Hoop Earrings,Iron,Golden,,5.99,/232/52/197623_JN_1,197623_JN_1.jpg,none,,,,,
197623_MI,197623,Earring Moonlight azure Midnight Blue,_MI,Midnight Blue,Jewellery,Earrings,Hoop Earrings,Zinc; Iron,Golden,,5.99,/232/52/197623_MI_1,197623_MI_1.jpg,none,,,,,
197623_MV,197623,Earring MONETT Mauve,_MV,Mauve,Jewellery,Earrings,Hoop Earrings,Acrylic; Iron; Shell,Brushed Golden,,5.99,/242/52/197623_MV_1,197623_MV_1.jpg,none,,,,,
197623_PU,197623,Earring ULTRAVIO Purple,_PU,Purple,Jewellery,Earrings,Hoop Earrings,Iron; Resin,Worn Gold,,5.99,/232/52/197623_PU_1,197623_PU_1.jpg,none,,,,,
197623_SV,197623,Earring SHADES OF COOL Silver,_SV,Silver,Jewellery,Earrings,Hoop Earrings,Iron,Brushed Rhodium,,5.99,/241/52/197623_SV_1,197623_SV_1.jpg,none,,,,,
197623_TK,197623,Earring BHLOTUS Pastel Pink,_TK,Pastel Pink,Jewellery,Earrings,Hoop Earrings,Iron; Zinc,Golden,,5.99,/232/52/197623_TK_1,197623_TK_1.jpg,none,,,,,
197623_TL,197623,Earring VENDREDI Teal,_TL,Teal,Jewellery,Earrings,Hoop Earrings,Iron; Zinc,Golden,,5.99,/241/52/197623_TL_1,197623_TL_1.jpg,none,,,,,
1980562BM,198056,Jewellery FASHION SUPPLEMENTS Bright Multicolor,2BM,Bright Multicolor,Jewellery,Cigarette Box,Regular,Thermoplastic Polyurethane; Zinc,Other,,6.99,/232/52/1980562BM_1,1980562BM_1.jpg,none,,,,,
1983910BM,198391,Necklace TROPICAL GEMS Bright Multicolor,0BM,Bright Multicolor,Jewellery,Necklaces,Chain,Glass; Iron; Shell; Zinc,,,10.99,/241/52/1983910BM_1,1983910BM_1.jpg,none,,,,,
198391_GD,198391,Necklace GOLDEN BASICS Gold,_GD,Gold,Jewellery,Necklaces,Chain,Brass; Iron; Shell; Stone,Golden,Metal,9.99,/232/52/198391_GD_1,198391_GD_1.jpg,none,,,,,
199936_GD,199936,Earring KISS54 Gold,_GD,Gold,Jewellery,Earrings,Hoop Earrings,Brass; Zirconium,Golden,Zirconia,5.99,/222/52/199936_GD_1,199936_GD_1.jpg,none,,,,,
200536_GD,200536,Earring GOLDEN BASICS Gold,_GD,Gold,Jewellery,Earrings,Hoop Earrings,Iron; Shell; Stone; Thermoplastic Polyurethane,Golden,,5.99,/232/52/200536_GD_1,200536_GD_1.jpg,none,,,,,
201181_HM,201181,Earring mulstone Halftone Multicolor,_HM,Halftone Multicolor,Jewellery,Earrings,Hoop Earrings,Brass; Thermoplastic Polyurethane,Golden,Stone,7.99,/232/52/201181_HM_1,201181_HM_1.jpg,none,,,,,
201188_GD,201188,Bracelet GLDN DEL Gold,_GD,Gold,Jewellery,Bracelets,Adjustable Bracelet,Brass; Iron; Shell; Zinc; Zirconium,Golden,Zirconia,6.99,/231/52/201188_GD_1,201188_GD_1.jpg,none,,,,,
201188_SV,201188,Bracelet SILVER D Silver,_SV,Silver,Jewellery,Bracelets,Adjustable Bracelet,Brass; Iron; Shell; Zinc; Zirconium,Golden,Zirconia,6.99,/231/52/201188_SV_1,201188_SV_1.jpg,none,,,,,
201857_BU,201857,Earring WESTERNP Burgundy,_BU,Burgundy,Jewellery,Earrings,Hoop Earrings,Brass; Glass,,,9.99,/242/52/201857_BU_1,201857_BU_1.jpg,none,,,,,
2020780HM,202078,Bracelet BHLOTUS Halftone Multicolor,0HM,Halftone Multicolor,Jewellery,Bracelets,Elastic Bracelet,Enamel; Glass; Thermoplastic Polyurethane; Zinc,Golden,,9.99,/232/52/2020780HM_1,2020780HM_1.jpg,none,,,,,
2020840BM,202084,Earring DEGRADE Bright Multicolor,0BM,Bright Multicolor,Jewellery,Earrings,Drop,Thermoplastic Polyurethane; Zinc,Golden,,5.99,/232/52/2020840BM_1,2020840BM_1.jpg,none,,,,,
2020840HM,202084,Earring ORPHIC Halftone Multicolor,0HM,Halftone Multicolor,Jewellery,Earrings,Drop,Thermoplastic Polyurethane; Zinc,Golden,,5.99,/232/52/2020840HM_1,2020840HM_1.jpg,none,,,,,
2020844HM,202084,Earring EXPEDITION Halftone Multicolor,4HM,Halftone Multicolor,Jewellery,Earrings,Drop,Thermoplastic Polyurethane; Zinc,Golden,,5.99,/232/52/2020844HM_1,2020844HM_1.jpg,none,,,,,
202347_DM,202347,Earring MONETT Dark Multicolor,_DM,Dark Multicolor,Jewellery,Earrings,Dangle,Resin; Iron; Stone,Brushed Golden,,8.99,/242/52/202347_DM_1,202347_DM_1.jpg,none,,,,,
202347_MI,202347,Earring Moonlight azure Midnight Blue,_MI,Midnight Blue,Jewellery,Earrings,Dangle,Iron; Resin; Stone,Brushed Golden,,8.99,/232/52/202347_MI_1,202347_MI_1.jpg,none,,,,,
202637_GD,202637,Ring Golden Basics Gold,_GD,Gold,Jewellery,Rings,Band Ring,Zinc,Golden,,5.99,/222/52/202637_GD_1,202637_GD_1.jpg,none,,,,,
202702_BU,202702,Earring WESTERNP Burgundy,_BU,Burgundy,Jewellery,Earrings,Drop,Enamel; Zinc; Glass,Golden,,12.99,/242/52/202702_BU_1,202702_BU_1.jpg,none,,,,,
203388_BK,203388,Set of Bracelets ECLIPSE Black,_BK,Black,Jewellery,Bracelets,Elastic Bracelet,Brass; Glass,Golden,,9.99,/232/52/203388_BK_1,203388_BK_1.jpg,none,,,,,
203831_GD,203831,Set of Earrings Golden Basics Gold,_GD,Gold,Jewellery,Earrings,Stud,Zinc; Iron,Golden,,5.99,/222/52/203831_GD_1,203831_GD_1.jpg,none,,,,,
204477_GD,204477,Necklace GLDN DEL Gold,_GD,Gold,Jewellery,Necklaces,Chain,Brass; Iron,Golden,,10.99,/222/52/204477_GD_1,204477_GD_1.jpg,none,,,,,
204715_SV,204715,Earring SHADES OF COOL Silver,_SV,Silver,Jewellery,Earrings,Dangle,Iron; Zinc,Silver,,5.99,/231/52/204715_SV_1,204715_SV_1.jpg,none,,,,,
205169_HM,205169,Earring TREND Halftone Multicolor,_HM,Halftone Multicolor,Jewellery,Earrings,Stud,Crystal Glass; Zinc,Black Nikel,,9.99,/232/52/205169_HM_1,205169_HM_1.jpg,none,,,,,
205234_GD,205234,Bracelet GLDN DEL Gold,_GD,Gold,Jewellery,Bracelets,Non-Adjustable Bracelet,Brass; Pearl,Golden,,5.99,/231/52/205234_GD_1,205234_GD_1.jpg,none,,,,,
205299_SV,205299,Earring SILVER D Silver,_SV,Silver,Jewellery,Earrings,Stud,Glass; Zinc,Golden,,5.99,/231/52/205299_SV_1,205299_SV_1.jpg,none,,,,,
205429_SV,205429,Necklace SILVER D Silver,_SV,Silver,Jewellery,Necklaces,Y-Necklace,Brass; Pearl,Golden,,9.99,/231/52/205429_SV_1,205429_SV_1.jpg,none,,,,,
205759_GD,205759,Necklace GLDN DEL Gold,_GD,Gold,Jewellery,Necklaces,Pendant,Brass; Iron; Zirconium,,,9.99,/231/52/205759_GD_1,205759_GD_1.jpg,none,,,,,
205848_GD,205848,Bracelet GLDN DEL Gold,_GD,Gold,Jewellery,Bracelets,Non-Adjustable Bracelet,Brass,Golden,,5.99,/231/52/205848_GD_1,205848_GD_1.jpg,none,,,,,
205848_SV,205848,Bracelet SILVER D Silver,_SV,Silver,Jewellery,Bracelets,Non-Adjustable Bracelet,Brass,Golden,,5.99,/231/52/205848_SV_1,205848_SV_1.jpg,none,,,,,
206004_GD,206004,Ring GOLDEN BASICS Gold,_GD,Gold,Jewellery,Rings,Band Ring,Zinc,Golden,,5.99,/222/52/206004_GD_1,206004_GD_1.jpg,none,,,,,
206255_BM,206255,Earring SUNSET JUNCTION Bright Multicolor,_BM,Bright Multicolor,Jewellery,Earrings,Stud,Acrylic; Iron; Stone; Zinc,,,9.99,/241/52/206255_BM_1,206255_BM_1.jpg,none,,,,,
206414_HM,206414,Earring SPARKLING EARRINGS Halftone Multicolor,_HM,Halftone Multicolor,Jewellery,Earrings,Dangle,Brass; Glass; Zirconium,Black Nikel,,25.99,/231/52/206414_HM_1y,206414_HM_1y.jpg,none,,,,,
206908_GD,206908,Necklace GLDN DEL Gold,_GD,Gold,Jewellery,Necklaces,Beaded Necklace,Brass; Pearl,Golden,,9.99,/231/52/206908_GD_2y,206908_GD_2y.jpg,none,,,,,
206908_SV,206908,Necklace SILVER D Silver,_SV,Silver,Jewellery,Necklaces,Beaded Necklace,Brass; Pearl,,,9.99,/231/52/206908_SV_2y,206908_SV_2y.jpg,none,,,,,
206912_SV,206912,Earring SILVER D Silver,_SV,Silver,Jewellery,Earrings,Stud,Zinc,Rodhium,,4.99,/231/52/206912_SV_1,206912_SV_1.jpg,none,,,,,
206914_GD,206914,Necklace GLDN DEL Gold,_GD,Gold,Jewellery,Necklaces,Beaded Necklace,Brass; Zinc,Golden,,9.99,/231/52/206914_GD_1,206914_GD_1.jpg,none,,,,,
206914_SV,206914,Necklace SILVER D Silver,_SV,Silver,Jewellery,Necklaces,Beaded Necklace,Brass; Zinc,Golden,,9.99,/231/52/206914_SV_1,206914_SV_1.jpg,none,,,,,
207176_GD,207176,Earring GOLDEN BASICS Gold,_GD,Gold,Jewellery,Earrings,Stud,Zinc,Brushed Golden,,4.99,/231/52/207176_GD_1,207176_GD_1.jpg,none,,,,,
2078070BM,207807,Earring GUARANI VIBES Bright Multicolor,0BM,Bright Multicolor,Jewellery,Earrings,Dangle,Acrylic; Iron; Zamac,Brushed Golden,,5.99,/232/52/2078070BM_1,2078070BM_1.jpg,none,,,,,
207820_DM,207820,Ring FLORABUNDANCE Dark Multicolor,_DM,Dark Multicolor,Jewellery,Rings,Fantasy,Enamel; Zinc,Golden,,5.99,/232/52/207820_DM_1,207820_DM_1.jpg,none,,,,,
207820_HM,207820,Ring EXPEDITION Halftone Multicolor,_HM,Halftone Multicolor,Jewellery,Rings,Fantasy,Enamel; Zinc,Golden,,5.99,/232/52/207820_HM_1,207820_HM_1.jpg,none,,,,,
207923_LM,207923,Earring TREND Lime,_LM,Lime,Jewellery,Earrings,Dangle,Iron,Golden,,12.99,/232/52/207923_LM_1,207923_LM_1.jpg,none,,,,,
207923_OR,207923,Earring TREND Orange,_OR,Orange,Jewellery,Earrings,Dangle,Zinc,Golden,,12.99,/232/52/207923_OR_1,207923_OR_1.jpg,none,,,,,
207923_TK,207923,Earring TREND Pastel Pink,_TK,Pastel Pink,Jewellery,Earrings,Dangle,Iron,Golden,,12.99,/232/52/207923_TK_1,207923_TK_1.jpg,none,,,,,
207937_TK,207937,Earring BHLOTUS Pastel Pink,_TK,Pastel Pink,Jewellery,Earrings,Dangle,Iron,Brushed Golden,,5.99,/232/52/207937_TK_1,207937_TK_1.jpg,none,,,,,
2084100BM,208410,Earring TROPICAL GEMS Bright Multicolor,0BM,Bright Multicolor,Jewellery,Earrings,Hoop Earrings,Glass; Iron,Golden,,5.99,/241/52/2084100BM_1,2084100BM_1.jpg,none,,,,,
208999_GD,208999,Earring GOLDEN BASICS Gold,_GD,Gold,Jewellery,Earrings,Dangle,Iron; Zinc,Golden,,8.99,/232/52/208999_GD_1,208999_GD_1.jpg,none,,,,,
209005_GD,209005,Necklace GOLDEN BASICS Gold,_GD,Gold,Jewellery,Necklaces,Pendant,Acrylic; Copper; Zinc,Golden,,10.99,/232/52/209005_GD_1,209005_GD_1.jpg,none,,,,,
209013_GD,209013,Earring GOLDEN BASICS Gold,_GD,Gold,Jewellery,Earrings,Hoop Earrings,Enamel; Iron; Zinc,Golden,,4.99,/232/52/209013_GD_1,209013_GD_1.jpg,none,,,,,
209059_GD,209059,Bracelet GOLDEN BASICS Gold,_GD,Gold,Jewellery,Bracelets,Elastic Bracelet,Shell,Golden,,9.99,/232/52/209059_GD_1,209059_GD_1.jpg,none,,,,,
209170_GD,209170,Necklace GOLDEN BASICS Gold,_GD,Gold,Jewellery,Necklaces,Beaded Necklace,Brass; Iron; Shell,Golden,,10.99,/232/52/209170_GD_1,209170_GD_1.jpg,none,,,,,
209176_GD,209176,Earring GOLDEN BASICS Gold,_GD,Gold,Jewellery,Earrings,Hoop Earrings,Iron; Shell; Zinc,Golden,,7.99,/232/52/209176_GD_1,209176_GD_1.jpg,none,,,,,
209181_GD,209181,Bracelet GOLDEN BASICS Gold,_GD,Gold,Jewellery,Bracelets,Adjustable Bracelet,Shell; Thermoplastic Polyurethane,Golden,,7.99,/232/52/209181_GD_1,209181_GD_1.jpg,none,,,,,
209248_GD,209248,Earring GLDN DEL Gold,_GD,Gold,Jewellery,Earrings,Stud,Brass; Zirconium,Golden,,4.99,/231/52/209248_GD_1,209248_GD_1.jpg,none,,,,,
209248_SV,209248,Earring SILVER D Silver,_SV,Silver,Jewellery,Earrings,Stud,Brass; Zirconium,Golden,,4.99,/232/52/209248_SV_1,209248_SV_1.jpg,none,,,,,
209260_GD,209260,Earring GOLDEN BASICS Gold,_GD,Gold,Jewellery,Earrings,Hoop Earrings,Copper; Shell; Thermoplastic Polyurethane,Golden,,5.99,/232/52/209260_GD_1,209260_GD_1.jpg,none,,,,,
209267_GD,209267,Set of Rings GOLDEN BASICS Gold,_GD,Gold,Jewellery,Rings,Band Ring,Zinc,Golden,,7.99,/232/52/209267_GD_1,209267_GD_1.jpg,none,,,,,
209281_GD,209281,Earring GOLDEN BASICS Gold,_GD,Gold,Jewellery,Earrings,Dangle,Brass; Shell; Stainless Steel,Golden,,5.99,/232/52/209281_GD_1,209281_GD_1.jpg,none,,,,,
209299_GD,209299,Ring GLDN DEL Gold,_GD,Gold,Jewellery,Rings,Cocktail,Brass; Glass,Golden,,5.99,/231/52/209299_GD_1,209299_GD_1.jpg,none,,,,,
209299_SV,209299,Ring SILVER D Silver,_SV,Silver,Jewellery,Rings,Cocktail,Brass; Glass,Golden,,5.99,/231/52/209299_SV_1,209299_SV_1.jpg,none,,,,,
209305_GD,209305,Necklace GLDN DEL Gold,_GD,Gold,Jewellery,Necklaces,Beaded Necklace,Acrylic; Iron,Golden,,9.99,/232/52/209305_GD_1,209305_GD_1.jpg,none,,,,,
209305_SV,209305,Necklace SILVER D Silver,_SV,Silver,Jewellery,Necklaces,Beaded Necklace,Acrylic; Iron,Golden,,9.99,/232/52/209305_SV_1,209305_SV_1.jpg,none,,,,,
209311_GD,209311,Earring GLDN DEL Gold,_GD,Gold,Jewellery,Earrings,Stud,Brass; Zirconium,Golden,,4.99,/232/52/209311_GD_1,209311_GD_1.jpg,none,,,,,
209311_SV,209311,Earring SILVER D Silver,_SV,Silver,Jewellery,Earrings,Stud,Brass; Zirconium,Golden,,4.99,/232/52/209311_SV_1,209311_SV_1.jpg,none,,,,,
209319_GD,209319,Earring GLDN DEL Gold,_GD,Gold,Jewellery,Earrings,Hoop Earrings,Iron; Thermoplastic Polyurethane,Golden,,4.99,/232/52/209319_GD_1,209319_GD_1.jpg,none,,,,,
209319_SV,209319,Earring SILVER D Silver,_SV,Silver,Jewellery,Earrings,Hoop Earrings,Iron; Thermoplastic Polyurethane,Golden,,4.99,/232/52/209319_SV_1,209319_SV_1.jpg,none,,,,,
209324_GD,209324,Earring GLDN DEL Gold,_GD,Gold,Jewellery,Earrings,Hoop Earrings,Acrylic; Zinc,Golden,,5.99,/232/52/209324_GD_1,209324_GD_1.jpg,none,,,,,
209324_SV,209324,Earring SILVER D Silver,_SV,Silver,Jewellery,Earrings,Hoop Earrings,Acrylic; Zinc,Golden,,5.99,/232/52/209324_SV_1,209324_SV_1.jpg,none,,,,,
209329_GD,209329,Earring GLDN DEL Gold,_GD,Gold,Jewellery,Earrings,Hoop Earrings,Zinc,Gold Plated,,8.99,/232/52/209329_GD_1,209329_GD_1.jpg,none,,,,,
209329_SV,209329,Earring SILVER D Silver,_SV,Silver,Jewellery,Earrings,Hoop Earrings,Zinc,Gold Plated,,8.99,/232/52/209329_SV_1,209329_SV_1.jpg,none,,,,,
209334_GD,209334,Ring GLDN DEL Gold,_GD,Gold,Jewellery,Rings,Stone/Gem,Crystal Glass; Zinc,Golden,,5.99,/232/52/209334_GD_1,209334_GD_1.jpg,none,,,,,
209334_SV,209334,Ring SILVER D Silver,_SV,Silver,Jewellery,Rings,Stone/Gem,Crystal Glass; Zinc,Golden,,5.99,/232/52/209334_SV_1,209334_SV_1.jpg,none,,,,,
209336_PE,209336,Earring GLDN DEL Pearl,_PE,Pearl,Jewellery,Earrings,Dangle,Brass; Iron; Pearl; Zinc,Golden,,8.99,/232/52/209336_PE_1,209336_PE_1.jpg,none,,,,,
209341_GD,209341,Earring GLDN DEL Gold,_GD,Gold,Jewellery,Earrings,Stud,Acrylic; Zinc,Golden,,5.99,/232/52/209341_GD_1,209341_GD_1.jpg,none,,,,,
209347_GD,209347,Earring GLDN DEL Gold,_GD,Gold,Jewellery,Earrings,Dangle,Iron,Golden,,12.99,/232/52/209347_GD_1,209347_GD_1.jpg,none,,,,,
209485_GD,209485,Earring GLDN DEL Gold,_GD,Gold,Jewellery,Earrings,Dangle,Brass; Zirconium,Golden,,8.99,/232/52/209485_GD_1,209485_GD_1.jpg,none,,,,,
209604_GD,209604,Earring GOLDEN BASICS Gold,_GD,Gold,Jewellery,Earrings,Stud,Iron,Golden,,5.99,/231/52/209604_GD_1,209604_GD_1.jpg,none,,,,,
209604_SV,209604,Earring SILVER BASICS Silver,_SV,Silver,Jewellery,Earrings,Stud,Iron,Worn Rhodium,,5.99,/241/52/209604_SV_1,209604_SV_1.jpg,none,,,,,
209659_BM,209659,Key Chain FASHION SUPPLEMENTS Bright Multicolor,_BM,Bright Multicolor,Jewellery,Key chains,Figures,Enamel; Iron; Iron; Zamac,Golden,,8.99,/232/52/209659_BM_1,209659_BM_1.jpg,none,,,,,
209668_GD,209668,Pin FASHION SUPPLEMENTS Gold,_GD,Gold,Jewellery,Pins,Lady Brooche,Zinc,Golden,,5.99,/232/52/209668_GD_1,209668_GD_1.jpg,none,,,,,
209678_BM,209678,Key Chain FASHION SUPPLEMENTS Bright Multicolor,_BM,Bright Multicolor,Jewellery,Key chains,Figures,Iron; Nylon; Zinc,Golden,,9.99,/232/52/209678_BM_1,209678_BM_1.jpg,none,,,,,
209687_BM,209687,Jewellery FASHION SUPPLEMENTS Bright Multicolor,_BM,Bright Multicolor,Jewellery,Cigarette Box,Regular,Thermoplastic Polyurethane; Zinc,Other,,6.99,/232/52/209687_BM_1,209687_BM_1.jpg,none,,,,,
209706_GD,209706,Key Chain FASHION SUPPLEMENTS Gold,_GD,Gold,Jewellery,Key chains,Figures,Zinc; Zinc; Glass; Iron; Iron,Golden,,9.99,/232/52/209706_GD_1,209706_GD_1.jpg,none,,,,,
2097191BM,209719,Sunglass Holder FASHION SUPPLEMENTS Bright Multicolor,1BM,Bright Multicolor,Jewellery,Other Jewellery,Sunglass Holder,Enamel; Steel; Thermoplastic Polyurethane,Silver,,5.99,/232/52/2097191BM_1,2097191BM_1.jpg,none,,,,,
209765_BM,209765,Earring SPARKLING EARRINGS Bright Multicolor,_BM,Bright Multicolor,Jewellery,Earrings,Stud,Brass; Zirconium,Black Nikel,,19.99,/232/52/209765_BM_1,209765_BM_1.jpg,none,,,,,
209773_BM,209773,Earring SPARKLING EARRINGS Bright Multicolor,_BM,Bright Multicolor,Jewellery,Earrings,Dangle,Brass; Zirconium,Black Nikel,,22.99,/232/52/209773_BM_1,209773_BM_1.jpg,none,,,,,
209927_GD,209927,Earring GLDN DEL Gold,_GD,Gold,Jewellery,Earrings,Dangle,Zinc; Zirconium,Golden,,7.99,/231/52/209927_GD_1,209927_GD_1.jpg,none,,,,,
209927_HM,209927,Earring GLDN DEL Halftone Multicolor,_HM,Halftone Multicolor,Jewellery,Earrings,Dangle,Zinc; Zirconium,Golden,,7.99,/241/52/209927_HM_1,209927_HM_1.jpg,none,,,,,
209927_SV,209927,Earring SILVER D Silver,_SV,Silver,Jewellery,Earrings,Dangle,Zinc; Zirconium,Golden,,7.99,/232/52/209927_SV_1,209927_SV_1.jpg,none,,,,,
209932_SV,209932,Earring SILVER D Silver,_SV,Silver,Jewellery,Earrings,Dangle,Copper; Glass; Iron,Rodhium,,7.99,/231/52/209932_SV_1,209932_SV_1.jpg,none,,,,,
210230_GD,210230,Earring GOLDEN BASICS Gold,_GD,Gold,Jewellery,Earrings,Dangle,Iron; Shell,Golden,,5.99,/232/52/210230_GD_1,210230_GD_1.jpg,none,,,,,
210239_GD,210239,Earring GOLDEN BASICS Gold,_GD,Gold,Jewellery,Earrings,Dangle,Iron; Shell,Brushed Golden,,7.99,/232/52/210239_GD_1,210239_GD_1.jpg,none,,,,,
210295_AQ,210295,Earring WATERMELON PARTY Aquamarine,_AQ,Aquamarine,Jewellery,Earrings,Dangle,Zinc,Golden,,5.99,/242/52/210295_AQ_1,210295_AQ_1.jpg,none,,,,,
210295_BK,210295,Earring ECLIPSE Black,_BK,Black,Jewellery,Earrings,Dangle,Zinc,Golden,,5.99,/232/52/210295_BK_1,210295_BK_1.jpg,none,,,,,
210295_BU,210295,Earring STARRYNIGHT Burgundy,_BU,Burgundy,Jewellery,Earrings,Dangle,Zinc,Black Plating,,5.99,/232/52/210295_BU_2y,210295_BU_2y.jpg,none,,,,,
210295_FU,210295,Earring DEGRADE Fuchsia,_FU,Fuchsia,Jewellery,Earrings,Dangle,Zinc,Golden,,5.99,/232/52/210295_FU_1,210295_FU_1.jpg,none,,,,,
210295_GD,210295,Earring Golden Basics Gold,_GD,Gold,Jewellery,Earrings,Dangle,Zinc,Golden,,5.99,/232/52/210295_GD_1,210295_GD_1.jpg,none,,,,,
210295_GN,210295,Earring IDENTITY Green,_GN,Green,Jewellery,Earrings,Dangle,Zinc,Golden,,5.99,/241/52/210295_GN_1,210295_GN_1.jpg,none,,,,,
210295_MI,210295,Earring Moonlight azure Midnight Blue,_MI,Midnight Blue,Jewellery,Earrings,Dangle,Zinc,Golden,,5.99,/232/52/210295_MI_1,210295_MI_1.jpg,none,,,,,
210295_OR,210295,Earring SUNSET JUNCTION Orange,_OR,Orange,Jewellery,Earrings,Dangle,Zinc,Golden,,5.99,/241/52/210295_OR_1,210295_OR_1.jpg,none,,,,,
210295_SV,210295,Earring SILVER BASICS Silver,_SV,Silver,Jewellery,Earrings,Dangle,Zinc,Rodhium,,5.99,/241/52/210295_SV_1,210295_SV_1.jpg,none,,,,,
210295_TL,210295,Earring VENDREDI Teal,_TL,Teal,Jewellery,Earrings,Dangle,Zinc,Golden,,5.99,/241/52/210295_TL_1,210295_TL_1.jpg,none,,,,,
210295_WI,210295,Earring Gipsy Garden Wine,_WI,Wine,Jewellery,Earrings,Dangle,Zinc; Enamel,Worn Gold,,5.99,/241/52/210295_WI_1,210295_WI_1.jpg,none,,,,,
210295_WT,210295,Earring DEGRADE White,_WT,White,Jewellery,Earrings,Dangle,Zinc,Golden,,5.99,/232/52/210295_WT_1,210295_WT_1.jpg,none,,,,,
210300_PH,210300,Earring DEGRADE Peach,_PH,Peach,Jewellery,Earrings,Stud,Enamel; Glass; Iron,Golden,,5.99,/232/52/210300_PH_1,210300_PH_1.jpg,none,,,,,
210303_BM,210303,Earring FORMENTERA Bright Multicolor,_BM,Bright Multicolor,Jewellery,Earrings,Dangle,Cotton; Glass; Iron; Zinc,,,9.99,/241/52/210303_BM_1,210303_BM_1.jpg,none,,,,,
210303_FU,210303,Earring DEGRADE Fuchsia,_FU,Fuchsia,Jewellery,Earrings,Dangle,Glass; Iron; Polyester,Golden,,9.99,/232/52/210303_FU_1,210303_FU_1.jpg,none,,,,,
210303_NV,210303,Earring DEGRADE Navy,_NV,Navy,Jewellery,Earrings,Dangle,Glass; Iron; Polyester,Golden,,9.99,/232/52/210303_NV_1,210303_NV_1.jpg,none,,,,,
210303_TL,210303,Earring WATERMELON PARTY Teal,_TL,Teal,Jewellery,Earrings,Dangle,Cotton; Glass; Iron; Zinc,,,9.99,/242/52/210303_TL_1,210303_TL_1.jpg,none,,,,,
210319_NV,210319,Earring DEGRADE Navy,_NV,Navy,Jewellery,Earrings,Stud,Acrylic; Zinc,Golden,,5.99,/232/52/210319_NV_1,210319_NV_1.jpg,none,,,,,
210327_PH,210327,Earring DEGRADE Peach,_PH,Peach,Jewellery,Earrings,Dangle,Iron; Resin,Golden,,8.99,/232/52/210327_PH_1,210327_PH_1.jpg,none,,,,,
210327_WT,210327,Earring DEGRADE White,_WT,White,Jewellery,Earrings,Dangle,Iron; Resin,Golden,,8.99,/232/52/210327_WT_1,210327_WT_1.jpg,none,,,,,
210328_FU,210328,Earring DEGRADE Fuchsia,_FU,Fuchsia,Jewellery,Earrings,Stud,Iron; Resin,Golden,,7.99,/232/52/210328_FU_1,210328_FU_1.jpg,none,,,,,
210338_BM,210338,Bracelet DEGRADE Bright Multicolor,_BM,Bright Multicolor,Jewellery,Bracelets,Anklet,Shell; Stone; Thermoplastic Polyurethane; Zinc,Golden,,7.99,/232/52/210338_BM_1,210338_BM_1.jpg,none,,,,,
210346_LB,210346,Earring DEGRADE Light Blue,_LB,Light Blue,Jewellery,Earrings,Stud,Iron; Thermoplastic Polyurethane,Golden,,9.99,/232/52/210346_LB_1,210346_LB_1.jpg,none,,,,,
210435_BL,210435,Phone case FASHION SUPPLEMENTS Blue,_BL,Blue,Jewellery,Mobile Accessories,Mobile Cases,Iron; Polyester; Thermoplastic Polyurethane,Other,,9.99,/232/52/210435_BL_1,210435_BL_1.jpg,none,,,,,
210435_FU,210435,Phone case FASHION SUPPLEMENTS Fuchsia,_FU,Fuchsia,Jewellery,Mobile Accessories,Mobile Cases,Iron; Polyester; Thermoplastic Polyurethane,Other,,9.99,/232/52/210435_FU_1,210435_FU_1.jpg,none,,,,,
210435_LL,210435,Phone case FASHION SUPPLEMENTS Lilac,_LL,Lilac,Jewellery,Mobile Accessories,Mobile Cases,Iron; Polyester; Thermoplastic Polyurethane,Other,,9.99,/232/52/210435_LL_1,210435_LL_1.jpg,none,,,,,
210435_OR,210435,Phone case FASHION SUPPLEMENTS Orange,_OR,Orange,Jewellery,Mobile Accessories,Mobile Cases,Iron; Polyester; Thermoplastic Polyurethane,Other,,9.99,/232/52/210435_OR_1,210435_OR_1.jpg,none,,,,,
210435_TB,210435,Phone case FASHION SUPPLEMENTS Pastel Blue,_TB,Pastel Blue,Jewellery,Mobile Accessories,Mobile Cases,Iron; Polyester; Thermoplastic Polyurethane,Other,,9.99,/232/52/210435_TB_1,210435_TB_1.jpg,none,,,,,
210442_BL,210442,Phone case FASHION SUPPLEMENTS Blue,_BL,Blue,Jewellery,Mobile Accessories,Mobile Cases,Iron; Polyester; Thermoplastic Polyurethane,Other,,9.99,/232/52/210442_BL_1,210442_BL_1.jpg,none,,,,,
210442_FU,210442,Phone case FASHION SUPPLEMENTS Fuchsia,_FU,Fuchsia,Jewellery,Mobile Accessories,Mobile Cases,Iron; Polyester; Thermoplastic Polyurethane,Other,,9.99,/232/52/210442_FU_1,210442_FU_1.jpg,none,,,,,
210442_LL,210442,Phone case FASHION SUPPLEMENTS Lilac,_LL,Lilac,Jewellery,Mobile Accessories,Mobile Cases,Iron; Polyester; Thermoplastic Polyurethane,Other,,9.99,/232/52/210442_LL_1,210442_LL_1.jpg,none,,,,,
210442_OR,210442,Phone case FASHION SUPPLEMENTS Orange,_OR,Orange,Jewellery,Mobile Accessories,Mobile Cases,Iron; Polyester; Thermoplastic Polyurethane,Other,,9.99,/232/52/210442_OR_1,210442_OR_1.jpg,none,,,,,
210442_TB,210442,Phone case FASHION SUPPLEMENTS Pastel Blue,_TB,Pastel Blue,Jewellery,Mobile Accessories,Mobile Cases,Iron; Polyester; Thermoplastic Polyurethane,Other,,9.99,/232/52/210442_TB_1,210442_TB_1.jpg,none,,,,,
210482_BK,210482,Necklace GOLDEN BASICS Black,_BK,Black,Jewellery,Necklaces,Pendant,Suede; Thermoplastic Polyurethane,Silver,,10.99,/231/52/210482_BK_1,210482_BK_1.jpg,none,,,,,
210635_GD,210635,Necklace FRANJAS Gold,_GD,Gold,Jewellery,Necklaces,Collar,Brass,Golden,,35.99,/232/52/210635_GD_1,210635_GD_1.jpg,none,,,,,
210643_GD,210643,Set of Necklaces FRESH WATER PEARL COLLEC Gold,_GD,Gold,Jewellery,Necklaces,Pendant,Iron; Pearl,Golden,,25.99,/232/52/210643_GD_1,210643_GD_1.jpg,none,,,,,
210730_BL,210730,Earring COTTAGE BLUE Blue,_BL,Blue,Jewellery,Earrings,Hoop Earrings,Acrylic; Iron; Thermoplastic Polyurethane,Golden,,5.99,/232/52/210730_BL_1,210730_BL_1.jpg,none,,,,,
210741_HM,210741,Earring GLDN DEL Halftone Multicolor,_HM,Halftone Multicolor,Jewellery,Earrings,Dangle,Zinc; Zirconium,Golden,,9.99,/232/52/210741_HM_1,210741_HM_1.jpg,none,,,,,
210746_HM,210746,Earring GLDN DEL Halftone Multicolor,_HM,Halftone Multicolor,Jewellery,Earrings,Stud,Brass; Zirconium,Golden,,5.99,/232/52/210746_HM_1,210746_HM_1.jpg,none,,,,,
210752_HM,210752,Earring GLDN DEL Halftone Multicolor,_HM,Halftone Multicolor,Jewellery,Earrings,Dangle,Glass; Brass,Golden,,7.99,/232/52/210752_HM_1,210752_HM_1.jpg,none,,,,,
210944_GD,210944,Necklace LEAFS STORY Gold,_GD,Gold,Jewellery,Necklaces,Bib Necklace,Brass; Iron,Golden,,29.99,/232/52/210944_GD_1,210944_GD_1.jpg,none,,,,,
210967_GD,210967,Necklace FRESH WATER PEARL COLLEC Gold,_GD,Gold,Jewellery,Necklaces,Chain,Zinc,Golden,,15.99,/232/52/210967_GD_1,210967_GD_1.jpg,none,,,,,
210978_BM,210978,Earring LAB ABRIL Bright Multicolor,_BM,Bright Multicolor,Jewellery,Earrings,Dangle,Glass; Iron; Stone; Zinc,Golden,,19.99,/232/52/210978_BM_1,210978_BM_1.jpg,none,,,,,
211039_NV,211039,Earring COTTAGE BLUE Navy,_NV,Navy,Jewellery,Earrings,Stud,Resin; Zinc,Brushed Golden,,4.99,/232/52/211039_NV_2y,211039_NV_2y.jpg,none,,,,,
211053_HM,211053,Ring COTTAGE BLUE Halftone Multicolor,_HM,Halftone Multicolor,Jewellery,Rings,Fantasy,Acrylic; Zinc,Golden,,6.99,/232/52/211053_HM_1,211053_HM_1.jpg,none,,,,,
211061_BM,211061,Earring COLOMBIA EARRINGS Bright Multicolor,_BM,Bright Multicolor,Jewellery,Earrings,Dangle,Glass; Iron; Polyester; Stainless Steel,Golden,,25.99,/232/52/211061_BM_1,211061_BM_1.jpg,none,,,,,
211067_PM,211067,Earring COLOMBIA EARRINGS Pastel Multicolor,_PM,Pastel Multicolor,Jewellery,Earrings,Dangle,Brass; Glass; Stone,Golden,,19.99,/232/52/211067_PM_1,211067_PM_1.jpg,none,,,,,
211073_NV,211073,Earring COTTAGE BLUE Navy,_NV,Navy,Jewellery,Earrings,Stud,Acrylic; Zinc,Brushed Golden,,4.99,/232/52/211073_NV_2y,211073_NV_2y.jpg,none,,,,,
211080_HM,211080,Set of Earrings KISS54 Halftone Multicolor,_HM,Halftone Multicolor,Jewellery,Earrings,Hoop Earrings,Brass; Zirconium,Golden,,7.99,/232/52/211080_HM_1,211080_HM_1.jpg,none,,,,,
211089_NV,211089,Necklace COTTAGE BLUE Navy,_NV,Navy,Jewellery,Necklaces,Pendant,Iron; Resin; Brass,Brushed Golden,,10.99,/232/52/211089_NV_1,211089_NV_1.jpg,none,,,,,
211097_HM,211097,Necklace COTTAGE BLUE Halftone Multicolor,_HM,Halftone Multicolor,Jewellery,Necklaces,Beaded Necklace,Acrylic; Iron; Stone; Zinc,Brushed Golden,,12.99,/232/52/211097_HM_1,211097_HM_1.jpg,none,,,,,
211115_HM,211115,Necklace COTTAGE BLUE Halftone Multicolor,_HM,Halftone Multicolor,Jewellery,Necklaces,Beaded Necklace,Acrylic; Copper; Iron; Zamac,Brushed Golden,,9.99,/232/52/211115_HM_1,211115_HM_1.jpg,none,,,,,
211123_HM,211123,Set of Earrings COTTAGE BLUE Halftone Multicolor,_HM,Halftone Multicolor,Jewellery,Earrings,Other Earrings,Iron; Stone; Thermoplastic Polyurethane; Zinc,Brushed Golden,,8.99,/232/52/211123_HM_1,211123_HM_1.jpg,none,,,,,
211141_HM,211141,Bracelet COTTAGE BLUE Halftone Multicolor,_HM,Halftone Multicolor,Jewellery,Bracelets,Elastic Bracelet,Acrylic; Stone; Zinc,Brushed Golden,,6.99,/232/52/211141_HM_1,211141_HM_1.jpg,none,,,,,
211160_GD,211160,Earring KISS54 Gold,_GD,Gold,Jewellery,Earrings,Ear Cuff,Brass,Golden,,4.99,/232/52/211160_GD_1,211160_GD_1.jpg,none,,,,,
211171_HM,211171,Bracelet KISS54 Halftone Multicolor,_HM,Halftone Multicolor,Jewellery,Bracelets,Anklet,Iron; Resin; Stone; Zinc,Golden,,7.99,/232/52/211171_HM_1,211171_HM_1.jpg,none,,,,,
211177_HM,211177,Set of Earrings KISS54 Halftone Multicolor,_HM,Halftone Multicolor,Jewellery,Earrings,Hoop Earrings,Brass; Enamel; Zinc; Zirconium,Golden,,7.99,/232/52/211177_HM_1,211177_HM_1.jpg,none,,,,,
211184_HM,211184,Set of Earrings KISS54 Halftone Multicolor,_HM,Halftone Multicolor,Jewellery,Earrings,Hoop Earrings,Brass; Enamel; Zirconium,Golden,,6.99,/232/52/211184_HM_1,211184_HM_1.jpg,none,,,,,
211191_HM,211191,Set of Necklaces KISS54 Halftone Multicolor,_HM,Halftone Multicolor,Jewellery,Necklaces,Pendant,Brass; Stone; Thermoplastic Polyurethane; Zinc,Golden,,15.99,/232/52/211191_HM_1,211191_HM_1.jpg,none,,,,,
211197_HM,211197,Set of Necklaces KISS54 Halftone Multicolor,_HM,Halftone Multicolor,Jewellery,Necklaces,Beaded Necklace,Acrylic; Enamel; Iron; Stone; Zinc,Golden,,12.99,/232/52/211197_HM_1,211197_HM_1.jpg,none,,,,,
211204_HM,211204,Bracelet KISS54 Halftone Multicolor,_HM,Halftone Multicolor,Jewellery,Bracelets,Anklet,Acrylic; Brass; Glass; Zinc,Golden,,7.99,/232/52/211204_HM_1,211204_HM_1.jpg,none,,,,,
211238_MT,211238,Earring KISS54 Mint,_MT,Mint,Jewellery,Earrings,Ear Cuff,Thermoplastic Polyurethane,Other,,7.99,/232/52/211238_MT_1,211238_MT_1.jpg,none,,,,,
211249_HM,211249,Necklace KISS54 Halftone Multicolor,_HM,Halftone Multicolor,Jewellery,Necklaces,Pendant,Glass; Iron; Stone; Thermoplastic Polyurethane; Zinc,Golden,,9.99,/232/52/211249_HM_1,211249_HM_1.jpg,none,,,,,
211255_HM,211255,Set of Earrings KISS54 Halftone Multicolor,_HM,Halftone Multicolor,Jewellery,Earrings,Hoop Earrings,Brass; Stone; Zinc; Zirconium,Golden,,8.99,/232/52/211255_HM_1,211255_HM_1.jpg,none,,,,,
211262_HM,211262,Set of Earrings KISS54 Halftone Multicolor,_HM,Halftone Multicolor,Jewellery,Earrings,Hoop Earrings,Brass; Zinc; Zirconium,Golden,,6.99,/232/52/211262_HM_1,211262_HM_1.jpg,none,,,,,
211270_HM,211270,Earring KISS54 Halftone Multicolor,_HM,Halftone Multicolor,Jewellery,Earrings,Ear Cuff,Brass; Zirconium,Golden,,5.99,/232/52/211270_HM_1,211270_HM_1.jpg,none,,,,,
211276_HM,211276,Set of Earrings KISS54 Halftone Multicolor,_HM,Halftone Multicolor,Jewellery,Earrings,Hoop Earrings,Enamel; Brass,Golden,,5.99,/232/52/211276_HM_1,211276_HM_1.jpg,none,,,,,
211325_GD,211325,Earring GLDN DEL Gold,_GD,Gold,Jewellery,Earrings,Dangle,Glass; Zinc,Golden,,9.99,/232/52/211325_GD_1,211325_GD_1.jpg,none,,,,,
211409_WT,211409,Earring GOLDEN BASICS White,_WT,White,Jewellery,Earrings,Dangle,Shell; Zinc,Golden,,5.99,/232/52/211409_WT_1,211409_WT_1.jpg,none,,,,,
211413_OX,211413,Earring Gipsy Garden Oxford Blue,_OX,Oxford Blue,Jewellery,Earrings,Dangle,Brass; Resin,,,9.99,/241/52/211413_OX_1,211413_OX_1.jpg,none,,,,,
211413_WT,211413,Earring GOLDEN BASICS White,_WT,White,Jewellery,Earrings,Dangle,Acrylic; Brass; Shell,Golden,,9.99,/232/52/211413_WT_1,211413_WT_1.jpg,none,,,,,
211438_BM,211438,Phone case FASHION SUPPLEMENTS Bright Multicolor,_BM,Bright Multicolor,Jewellery,Mobile Accessories,Mobile Cases,Thermoplastic Polyurethane,Other,,8.99,/232/52/211438_BM_1,211438_BM_1.jpg,none,,,,,
211455_OR,211455,Key Chain FASHION SUPPLEMENTS Orange,_OR,Orange,Jewellery,Key chains,Figures,Acrylic; Iron; Thermoplastic Polyurethane; Zinc,Golden,,8.99,/232/52/211455_OR_1,211455_OR_1.jpg,none,,,,,
211463_GD,211463,Sunglass Holder FASHION SUPPLEMENTS Gold,_GD,Gold,Jewellery,Other Jewellery,Sunglass Holder,Iron; Thermoplastic Polyurethane,Golden,,5.99,/232/52/211463_GD_1,211463_GD_1.jpg,none,,,,,
211615_GD,211615,Earring GOLDEN BASICS Gold,_GD,Gold,Jewellery,Earrings,Stud,Iron,Golden,,7.99,/232/52/211615_GD_1,211615_GD_1.jpg,none,,,,,
211625_GD,211625,Earring GOLDEN BASICS Gold,_GD,Gold,Jewellery,Earrings,Drop,Iron,Brushed Golden,,7.99,/232/52/211625_GD_1,211625_GD_1.jpg,none,,,,,
211632_GD,211632,Ring GOLDEN BASICS Gold,_GD,Gold,Jewellery,Rings,Band Ring,Zinc,Golden,,7.99,/232/52/211632_GD_1,211632_GD_1.jpg,none,,,,,
211639_GD,211639,Earring Golden Basics Gold,_GD,Gold,Jewellery,Earrings,Stud,Zinc,Golden,,4.99,/232/52/211639_GD_1,211639_GD_1.jpg,none,,,,,
211639_SV,211639,Earring SHADES OF COOL Silver,_SV,Silver,Jewellery,Earrings,Stud,Zinc,Rodhium,,4.99,/232/52/211639_SV_1,211639_SV_1.jpg,none,,,,,
211642_GD,211642,Earring GOLDEN BASICS Gold,_GD,Gold,Jewellery,Earrings,Stud,Iron,Worn Gold,,7.99,/232/52/211642_GD_1,211642_GD_1.jpg,none,,,,,
211664_BM,211664,Earring FLORABUNDANCE Bright Multicolor,_BM,Bright Multicolor,Jewellery,Earrings,Drop,Acrylic; Iron,Golden,,9.99,/232/52/211664_BM_1,211664_BM_1.jpg,none,,,,,
211671_DM,211671,Bracelet FLORABUNDANCE Dark Multicolor,_DM,Dark Multicolor,Jewellery,Bracelets,Elastic Bracelet,Resin; Thermoplastic Polyurethane,Golden,,7.99,/232/52/211671_DM_1,211671_DM_1.jpg,none,,,,,
211677_BL,211677,Earring FLORABUNDANCE Blue,_BL,Blue,Jewellery,Earrings,Hoop Earrings,Resin; Zinc,Golden,,4.99,/232/52/211677_BL_1,211677_BL_1.jpg,none,,,,,
211684_DM,211684,Necklace FLORABUNDANCE Dark Multicolor,_DM,Dark Multicolor,Jewellery,Necklaces,Pendant,Brass; Iron; Resin; Zinc,Golden,,12.99,/232/52/211684_DM_1,211684_DM_1.jpg,none,,,,,
211717_DM,211717,Necklace FLORABUNDANCE Dark Multicolor,_DM,Dark Multicolor,Jewellery,Necklaces,Collar,Acrylic; Iron; Zinc,Golden,,10.99,/232/52/211717_DM_1,211717_DM_1.jpg,none,,,,,
211727_DM,211727,Earring FLORABUNDANCE Dark Multicolor,_DM,Dark Multicolor,Jewellery,Earrings,Dangle,Resin; Zinc,Golden,,4.99,/232/52/211727_DM_1,211727_DM_1.jpg,none,,,,,
211736_PK,211736,Ring FLORABUNDANCE Pink,_PK,Pink,Jewellery,Rings,Band Ring,Enamel; Glass; Zinc,Golden,,4.99,/232/52/211736_PK_1,211736_PK_1.jpg,none,,,,,
211758_GN,211758,Earring FLORABUNDANCE Green,_GN,Green,Jewellery,Earrings,Dangle,Iron; Resin,Burnish Golden,,5.99,/232/52/211758_GN_1,211758_GN_1.jpg,none,,,,,
211765_BL,211765,Earring FLORABUNDANCE Blue,_BL,Blue,Jewellery,Earrings,Hoop Earrings,Thermoplastic Polyurethane; Zinc,Golden,,7.99,/232/52/211765_BL_1,211765_BL_1.jpg,none,,,,,
211772_GD,211772,Bracelet Golden Basics Gold,_GD,Gold,Jewellery,Bracelets,Bangle,Zinc,,,10.99,/232/52/211772_GD_1,211772_GD_1.jpg,none,,,,,
211772_SV,211772,Bracelet SHADES OF COOL Silver,_SV,Silver,Jewellery,Bracelets,Bangle,Zinc,,,10.99,/232/52/211772_SV_1y,211772_SV_1y.jpg,none,,,,,
211774_GD,211774,Bracelet GOLDEN BASICS Gold,_GD,Gold,Jewellery,Bracelets,Bangle,Zinc,Golden,,9.99,/232/52/211774_GD_1,211774_GD_1.jpg,none,,,,,
211777_GD,211777,Earring GLDN DEL Gold,_GD,Gold,Jewellery,Earrings,Stud,Brass; Zirconium,Golden,,7.99,/232/52/211777_GD_1,211777_GD_1.jpg,none,,,,,
211777_HM,211777,Earring GLDN DEL Halftone Multicolor,_HM,Halftone Multicolor,Jewellery,Earrings,Stud,Brass; Zirconium,Golden,,7.99,/242/52/211777_HM_1,211777_HM_1.jpg,none,,,,,
211777_SV,211777,Earring SILVER D Silver,_SV,Silver,Jewellery,Earrings,Stud,Brass; Zirconium,Golden,,7.99,/232/52/211777_SV_1,211777_SV_1.jpg,none,,,,,
211798_GD,211798,Set of Earrings GLDN DEL Gold,_GD,Gold,Jewellery,Earrings,Hoop Earrings,Glass; Zinc,Golden,,5.99,/232/52/211798_GD_1,211798_GD_1.jpg,none,,,,,
211798_SV,211798,Set of Earrings SILVER D Silver,_SV,Silver,Jewellery,Earrings,Hoop Earrings,Glass; Zinc,Golden,,5.99,/232/52/211798_SV_1,211798_SV_1.jpg,none,,,,,
211880_WT,211880,Earring TREND White,_WT,White,Jewellery,Earrings,Stud,Acrylic; Iron; Resin,Golden,,9.99,/232/52/211880_WT_1,211880_WT_1.jpg,none,,,,,
211885_JN,211885,Earring TREND Blue Jeans,_JN,Blue Jeans,Jewellery,Earrings,Stud,Acrylic; Glass; Iron,,,12.99,/232/52/211885_JN_1,211885_JN_1.jpg,none,,,,,
211895_BM,211895,Set of Necklaces TREND Bright Multicolor,_BM,Bright Multicolor,Jewellery,Necklaces,Beaded Necklace,Acrylic; Ceramic; Iron; Resin; Zinc,Golden,,22.99,/232/52/211895_BM_1,211895_BM_1.jpg,none,,,,,
211903_PE,211903,Earring TREND Pearl,_PE,Pearl,Jewellery,Earrings,Hoop Earrings,Zinc; Iron; Thermoplastic Polyurethane,Golden,,15.99,/232/52/211903_PE_1,211903_PE_1.jpg,none,,,,,
211908_GD,211908,Earring TREND Gold,_GD,Gold,Jewellery,Earrings,Drop,Zinc,Worn Gold,,9.99,/232/52/211908_GD_1,211908_GD_1.jpg,none,,,,,
211919_WT,211919,Earring TREND White,_WT,White,Jewellery,Earrings,Stud,Iron; Zinc,Golden,,7.99,/232/52/211919_WT_1,211919_WT_1.jpg,none,,,,,
211928_HM,211928,Set of Necklaces BHLOTUS Halftone Multicolor,_HM,Halftone Multicolor,Jewellery,Necklaces,Pendant,Acrylic; Iron; Stone; Zinc; glass bead,Brushed Golden,,12.99,/232/52/211928_HM_1,211928_HM_1.jpg,none,,,,,
211934_GD,211934,Necklace TREND Gold,_GD,Gold,Jewellery,Necklaces,Pendant,Iron; Shell,Golden,,17.99,/232/52/211934_GD_1,211934_GD_1.jpg,none,,,,,
211942_PE,211942,Earring TREND Pearl,_PE,Pearl,Jewellery,Earrings,Dangle,Acrylic; Brass; Pearl,Golden,,15.99,/232/52/211942_PE_1,211942_PE_1.jpg,none,,,,,
211955_HM,211955,Bracelet BHLOTUS Halftone Multicolor,_HM,Halftone Multicolor,Jewellery,Bracelets,Adjustable Bracelet,Acrylic; Iron; Stone; Thermoplastic Polyurethane,Golden,,7.99,/232/52/211955_HM_1,211955_HM_1.jpg,none,,,,,
211960_HM,211960,Bracelet BHLOTUS Halftone Multicolor,_HM,Halftone Multicolor,Jewellery,Bracelets,Elastic Bracelet,Resin; Stone; Thermoplastic Polyurethane,Golden,,7.99,/232/52/211960_HM_1,211960_HM_1.jpg,none,,,,,
211965_GN,211965,Ring BHLOTUS Green,_GN,Green,Jewellery,Rings,Band Ring,Enamel; Zinc,Golden,,6.99,/232/52/211965_GN_1,211965_GN_1.jpg,none,,,,,
211972_HM,211972,Bracelet BHLOTUS Halftone Multicolor,_HM,Halftone Multicolor,Jewellery,Bracelets,Elastic Bracelet,Iron; Zinc,Brushed Golden,,9.99,/232/52/211972_HM_1,211972_HM_1.jpg,none,,,,,
211977_TL,211977,Earring BHLOTUS Teal,_TL,Teal,Jewellery,Earrings,Dangle,Iron,Golden,,7.99,/232/52/211977_TL_1,211977_TL_1.jpg,none,,,,,
211982_PM,211982,Earring TREND Pastel Multicolor,_PM,Pastel Multicolor,Jewellery,Earrings,Stud,Acrylic; Brass; Glass,Golden,,9.99,/232/52/211982_PM_1,211982_PM_1.jpg,none,,,,,
211988_HM,211988,Earring BHLOTUS Halftone Multicolor,_HM,Halftone Multicolor,Jewellery,Earrings,Hoop Earrings,Acrylic; Brass; Stone; Thermoplastic Polyurethane,Brushed Golden,,5.99,/232/52/211988_HM_1,211988_HM_1.jpg,none,,,,,
211994_PH,211994,Earring BHLOTUS Peach,_PH,Peach,Jewellery,Earrings,Stud,Iron; Stone,Brushed Golden,,4.99,/232/52/211994_PH_1,211994_PH_1.jpg,none,,,,,
211996_HM,211996,Earring BHLOTUS Halftone Multicolor,_HM,Halftone Multicolor,Jewellery,Earrings,Stud,Iron; Resin; Stone; Thermoplastic Polyurethane,Brushed Golden,,5.99,/232/52/211996_HM_1,211996_HM_1.jpg,none,,,,,
212001_HM,212001,Earring BHLOTUS Halftone Multicolor,_HM,Halftone Multicolor,Jewellery,Earrings,Dangle,Iron; Shell,Brushed Golden,,8.99,/232/52/212001_HM_1,212001_HM_1.jpg,none,,,,,
212007_GD,212007,Earring GLDN DEL Gold,_GD,Gold,Jewellery,Earrings,Stud,Acrylic; Iron,Golden,,5.99,/232/52/212007_GD_1,212007_GD_1.jpg,none,,,,,
212018_SV,212018,Earring SILVER D Silver,_SV,Silver,Jewellery,Earrings,Dangle,Brass; Iron; Zirconium,Rodhium,,7.99,/232/52/212018_SV_1,212018_SV_1.jpg,none,,,,,
212020_GD,212020,Earring GLDN DEL Gold,_GD,Gold,Jewellery,Earrings,Hoop Earrings,Copper; Zirconium,Golden,,5.99,/232/52/212020_GD_1,212020_GD_1.jpg,none,,,,,
212020_SV,212020,Earring SILVER D Silver,_SV,Silver,Jewellery,Earrings,Hoop Earrings,Copper; Zirconium,Golden,,5.99,/232/52/212020_SV_1,212020_SV_1.jpg,none,,,,,
212048_BM,212048,Necklace LAB MAIO Bright Multicolor,_BM,Bright Multicolor,Jewellery,Necklaces,Beaded Necklace,Glass; Wood; Zinc,Antik Golden,,25.99,/232/52/212048_BM_1,212048_BM_1.jpg,none,,,,,
212088_GN,212088,Ring BHLOTUS Green,_GN,Green,Jewellery,Rings,Band Ring,Thermoplastic Polyurethane; Zinc,Golden,,5.99,/232/52/212088_GN_1,212088_GN_1.jpg,none,,,,,
212243_BM,212243,Earring GUARANI VIBES Bright Multicolor,_BM,Bright Multicolor,Jewellery,Earrings,Hoop Earrings,Acrylic; Iron,Brushed Golden,,5.99,/232/52/212243_BM_1,212243_BM_1.jpg,none,,,,,
212250_BL,212250,Ring GUARANI VIBES Blue,_BL,Blue,Jewellery,Rings,Fantasy,Iron; Thermoplastic Polyurethane,Brushed Golden,,5.99,/232/52/212250_BL_1,212250_BL_1.jpg,none,,,,,
212257_BL,212257,Earring GUARANI VIBES Blue,_BL,Blue,Jewellery,Earrings,Dangle,Iron; Resin,Brushed Golden,,5.99,/232/52/212257_BL_1,212257_BL_1.jpg,none,,,,,
212267_BM,212267,Earring GUARANI VIBES Bright Multicolor,_BM,Bright Multicolor,Jewellery,Earrings,Dangle,Shell; Steel; Thermoplastic Polyurethane; Zinc,Brushed Golden,,8.99,/232/52/212267_BM_1,212267_BM_1.jpg,none,,,,,
212282_BM,212282,Ring GUARANI VIBES Bright Multicolor,_BM,Bright Multicolor,Jewellery,Rings,Band Ring,Enamel; Zinc,Brushed Golden,,7.99,/232/52/212282_BM_1,212282_BM_1.jpg,none,,,,,
212293_BM,212293,Necklace GUARANI VIBES Bright Multicolor,_BM,Bright Multicolor,Jewellery,Necklaces,Pendant,Glass; Iron; Pearl; Stone,Brushed Golden,,12.99,/232/52/212293_BM_1,212293_BM_1.jpg,none,,,,,
212299_BL,212299,Earring GUARANI VIBES Blue,_BL,Blue,Jewellery,Earrings,Hoop Earrings,Iron; Resin,Brushed Golden,,7.99,/232/52/212299_BL_1,212299_BL_1.jpg,none,,,,,
212312_BM,212312,Earring GUARANI VIBES Bright Multicolor,_BM,Bright Multicolor,Jewellery,Earrings,Hoop Earrings,Acrylic; Enamel; Zinc,Golden,,5.99,/232/52/212312_BM_1,212312_BM_1.jpg,none,,,,,
212318_BM,212318,Necklace GUARANI VIBES Bright Multicolor,_BM,Bright Multicolor,Jewellery,Necklaces,Pendant,Acrylic; Brass; Iron; Pearl; Resin; Zinc,Brushed Golden,,12.99,/232/52/212318_BM_1,212318_BM_1.jpg,none,,,,,
212325_TO,212325,Ring GUARANI VIBES Pastel Orange,_TO,Pastel Orange,Jewellery,Rings,Stone/Gem,Resin; Zinc,Golden,,5.99,/232/52/212325_TO_1,212325_TO_1.jpg,none,,,,,
212394_GD,212394,Earring GOLD PLATED COLLECTION Gold,_GD,Gold,Jewellery,Earrings,Dangle,Brass,Gold Plated,,32.99,/232/52/212394_GD_1y,212394_GD_1y.jpg,none,,,,,
212401_GD,212401,Ring GOLD PLATED COLLECTION Gold,_GD,Gold,Jewellery,Rings,Band Ring,Brass,Gold Plated,,27.99,/232/52/212401_GD_1y,212401_GD_1y.jpg,none,,,,,
212416_HM,212416,Earring SPARKLING EARRINGS Halftone Multicolor,_HM,Halftone Multicolor,Jewellery,Earrings,Drop,Brass; Zirconium,Black Nikel,,29.99,/232/52/212416_HM_1,212416_HM_1.jpg,none,,,,,
212437_GD,212437,Ring ORPHIC Gold,_GD,Gold,Jewellery,Rings,Band Ring,Zinc,Brushed Golden,,5.99,/232/52/212437_GD_1,212437_GD_1.jpg,none,,,,,
212445_HM,212445,Earring ORPHIC Halftone Multicolor,_HM,Halftone Multicolor,Jewellery,Earrings,Hoop Earrings,Acrylic; Iron; Thermoplastic Polyurethane,Golden,,5.99,/232/52/212445_HM_1,212445_HM_1.jpg,none,,,,,
212479_BK,212479,Necklace EXPEDITION Black,_BK,Black,Jewellery,Necklaces,Pendant,Glass; Iron; Polyester; Resin,Other,,10.99,/232/52/212479_BK_1,212479_BK_1.jpg,none,,,,,
212482_GN,212482,Earring EXPEDITION Green,_GN,Green,Jewellery,Earrings,Hoop Earrings,Resin; Zinc,Golden,,5.99,/232/52/212482_GN_1,212482_GN_1.jpg,none,,,,,
212482_MT,212482,Earring MONETT Mint,_MT,Mint,Jewellery,Earrings,Hoop Earrings,Resin; Zinc,Golden,,5.99,/242/52/212482_MT_1,212482_MT_1.jpg,none,,,,,
212500_HM,212500,Earring ORPHIC Halftone Multicolor,_HM,Halftone Multicolor,Jewellery,Earrings,Dangle,Iron; Resin,Golden,,9.99,/232/52/212500_HM_1,212500_HM_1.jpg,none,,,,,
212517_HM,212517,Bracelet ORPHIC Halftone Multicolor,_HM,Halftone Multicolor,Jewellery,Bracelets,Elastic Bracelet,Iron; Resin; Thermoplastic Polyurethane,Brushed Golden,,6.99,/232/52/212517_HM_1,212517_HM_1.jpg,none,,,,,
212526_BM,212526,Earring EXPEDITION Bright Multicolor,_BM,Bright Multicolor,Jewellery,Earrings,Dangle,Acrylic; Iron; Stone; Thermoplastic Polyurethane; Zinc,Golden,,7.99,/232/52/212526_BM_1,212526_BM_1.jpg,none,,,,,
212531_BM,212531,Bracelet EXPEDITION Bright Multicolor,_BM,Bright Multicolor,Jewellery,Bracelets,Elastic Bracelet,Acrylic; Iron; Zinc,Golden,,7.99,/232/52/212531_BM_1,212531_BM_1.jpg,none,,,,,
212542_GN,212542,Earring EXPEDITION Green,_GN,Green,Jewellery,Earrings,Dangle,Acrylic; Iron,Golden,,5.99,/232/52/212542_GN_1,212542_GN_1.jpg,none,,,,,
212552_HM,212552,Bracelet EXPEDITION Halftone Multicolor,_HM,Halftone Multicolor,Jewellery,Bracelets,Elastic Bracelet,Acrylic; Thermoplastic Polyurethane,Golden,,5.99,/232/52/212552_HM_1,212552_HM_1.jpg,none,,,,,
212558_HM,212558,Necklace EXPEDITION Halftone Multicolor,_HM,Halftone Multicolor,Jewellery,Necklaces,Pendant,Acrylic; Copper; Zinc,Golden,,12.99,/232/52/212558_HM_1,212558_HM_1.jpg,none,,,,,
212567_HM,212567,Necklace EXPEDITION Halftone Multicolor,_HM,Halftone Multicolor,Jewellery,Necklaces,Pendant,Iron; Resin,Worn Gold,,12.99,/232/52/212567_HM_1,212567_HM_1.jpg,none,,,,,
212576_HM,212576,Bracelet EXPEDITION Halftone Multicolor,_HM,Halftone Multicolor,Jewellery,Bracelets,Elastic Bracelet,Acrylic; Iron,Golden,,7.99,/232/52/212576_HM_1,212576_HM_1.jpg,none,,,,,
212589_HM,212589,Set of Earrings EXPEDITION Halftone Multicolor,_HM,Halftone Multicolor,Jewellery,Earrings,Hoop Earrings,Acrylic; Brass; Iron; Thermoplastic Polyurethane; Zinc,Worn Gold,,8.99,/232/52/212589_HM_1,212589_HM_1.jpg,none,,,,,
212606_BM,212606,Necklace THE COUPLE Bright Multicolor,_BM,Bright Multicolor,Jewellery,Necklaces,Pendant,Brass; Glass; Steel,Golden,,22.99,/232/52/212606_BM_1,212606_BM_1.jpg,none,,,,,
212611_BM,212611,Necklace THE COUPLE Bright Multicolor,_BM,Bright Multicolor,Jewellery,Necklaces,Collar,Brass; Glass,Golden,,49.99,/232/52/212611_BM_1,212611_BM_1.jpg,none,,,,,
212647_DM,212647,Earring MONETT Dark Multicolor,_DM,Dark Multicolor,Jewellery,Earrings,Hoop Earrings,Iron; Resin; Thermoplastic Polyurethane; Stone,Golden,,5.99,/242/52/212647_DM_1,212647_DM_1.jpg,none,,,,,
212647_HM,212647,Earring ORPHIC Halftone Multicolor,_HM,Halftone Multicolor,Jewellery,Earrings,Hoop Earrings,Iron; Resin; Stone; Thermoplastic Polyurethane,Golden,,4.99,/232/52/212647_HM_1,212647_HM_1.jpg,none,,,,,
212663_GD,212663,Earring Golden Basics Gold,_GD,Gold,Jewellery,Earrings,Stud,Brass; Zinc,Golden,,7.99,/232/52/212663_GD_1,212663_GD_1.jpg,none,,,,,
212670_GD,212670,Necklace GOLDEN BASICS Gold,_GD,Gold,Jewellery,Necklaces,Other Necklaces,Brass; Iron,Golden,,10.99,/232/52/212670_GD_1,212670_GD_1.jpg,none,,,,,
212678_GD,212678,Ring Golden Basics Gold,_GD,Gold,Jewellery,Rings,Band Ring,Zinc,Golden,,5.99,/232/52/212678_GD_1,212678_GD_1.jpg,none,,,,,
212685_HM,212685,Earring ORPHIC Halftone Multicolor,_HM,Halftone Multicolor,Jewellery,Earrings,Dangle,Acrylic; Iron; Resin; Stone; Zinc,Golden,,7.99,/232/52/212685_HM_1,212685_HM_1.jpg,none,,,,,
212709_HM,212709,Bracelet ORPHIC Halftone Multicolor,_HM,Halftone Multicolor,Jewellery,Bracelets,Non-Adjustable Bracelet,Acrylic; Copper; Glass; Stone,Brushed Golden,,7.99,/232/52/212709_HM_1,212709_HM_1.jpg,none,,,,,
212719_PH,212719,Ring ORPHIC Peach,_PH,Peach,Jewellery,Rings,Stone/Gem,Stone; Zinc,Golden,,6.99,/232/52/212719_PH_1,212719_PH_1.jpg,none,,,,,
212826_HM,212826,Earring GLDN DEL Halftone Multicolor,_HM,Halftone Multicolor,Jewellery,Earrings,Hoop Earrings,Brass; Glass,Golden,,7.99,/232/52/212826_HM_1,212826_HM_1.jpg,none,,,,,
212843_BM,212843,Necklace FLOWER BEADS Bright Multicolor,_BM,Bright Multicolor,Jewellery,Necklaces,Pendant,Glass,Golden,,15.99,/232/52/212843_BM_1,212843_BM_1.jpg,none,,,,,
212852_HM,212852,Earring GLDN DEL Halftone Multicolor,_HM,Halftone Multicolor,Jewellery,Earrings,Stud,Brass; Glass,Golden,,5.99,/232/52/212852_HM_1,212852_HM_1.jpg,none,,,,,
212853_GD,212853,Earring GLDN DEL Gold,_GD,Gold,Jewellery,Earrings,Hoop Earrings,Zirconium; Brass; Zinc,Golden,,5.99,/232/52/212853_GD_1,212853_GD_1.jpg,none,,,,,
212853_SV,212853,Earring SILVER D Silver,_SV,Silver,Jewellery,Earrings,Hoop Earrings,Brass; Zinc; Zirconium,Golden,,5.99,/232/52/212853_SV_1,212853_SV_1.jpg,none,,,,,
212868_SV,212868,Earring SILVER D Silver,_SV,Silver,Jewellery,Earrings,Dangle,Brass; Iron,Rodhium,,7.99,/232/52/212868_SV_1,212868_SV_1.jpg,none,,,,,
212942_HM,212942,Earring mulstone Halftone Multicolor,_HM,Halftone Multicolor,Jewellery,Earrings,Dangle,Acrylic; Glass; Thermoplastic Polyurethane; Zinc,Golden,,5.99,/232/52/212942_HM_1,212942_HM_1.jpg,none,,,,,
212948_BK,212948,Bracelet ECLIPSE Black,_BK,Black,Jewellery,Bracelets,Elastic Bracelet,Acrylic; Glass; Zamac,Burnish Golden,,6.99,/232/52/212948_BK_1,212948_BK_1.jpg,none,,,,,
212957_HM,212957,Earring mulstone Halftone Multicolor,_HM,Halftone Multicolor,Jewellery,Earrings,Hoop Earrings,Acrylic; Glass; Iron; Stone,Golden,,4.99,/232/52/212957_HM_1,212957_HM_1.jpg,none,,,,,
212964_BK,212964,Set of Necklaces ECLIPSE Black,_BK,Black,Jewellery,Necklaces,Pendant,Brass; Glass; Rubber; Thermoplastic Polyurethane; Zinc,Burnish Golden,,15.99,/232/52/212964_BK_1,212964_BK_1.jpg,none,,,,,
2129740HM,212974,Earring FLEURSDUMER Halftone Multicolor,0HM,Halftone Multicolor,Jewellery,Earrings,Drop,Resin; Stone; Zinc; Iron,Brushed Golden,,5.99,/241/52/2129740HM_1,2129740HM_1.jpg,none,,,,,
212974_HM,212974,Earring VENDREDI Halftone Multicolor,_HM,Halftone Multicolor,Jewellery,Earrings,Drop,Iron; Pearl; Resin; Zinc,Brushed Golden,,5.99,/241/52/212974_HM_1,212974_HM_1.jpg,none,,,,,
212980_HM,212980,Earring mulstone Halftone Multicolor,_HM,Halftone Multicolor,Jewellery,Earrings,Dangle,Acrylic; Iron; Resin,Brushed Golden,,7.99,/232/52/212980_HM_1,212980_HM_1.jpg,none,,,,,
212993_HM,212993,Necklace mulstone Halftone Multicolor,_HM,Halftone Multicolor,Jewellery,Necklaces,Beaded Necklace,Acrylic; Glass; Iron; Stone,Golden,,10.99,/232/52/212993_HM_1,212993_HM_1.jpg,none,,,,,
213000_HM,213000,Set of Earrings mulstone Halftone Multicolor,_HM,Halftone Multicolor,Jewellery,Earrings,Stud,Acrylic; Iron; Stone; Zinc,Golden,,8.99,/232/52/213000_HM_1,213000_HM_1.jpg,none,,,,,
213006_MI,213006,Ring mulstone Midnight Blue,_MI,Midnight Blue,Jewellery,Rings,Cocktail,Stone; Zinc,Golden,,4.99,/232/52/213006_MI_1,213006_MI_1.jpg,none,,,,,
213050_BK,213050,Earring ECLIPSE Black,_BK,Black,Jewellery,Earrings,Hoop Earrings,Brass; Iron; Thermoplastic Polyurethane,Golden,,5.99,/232/52/213050_BK_1,213050_BK_1.jpg,none,,,,,
213072_BK,213072,Earring ECLIPSE Black,_BK,Black,Jewellery,Earrings,Dangle,Resin; Zinc,Golden,,4.99,/232/52/213072_BK_1,213072_BK_1.jpg,none,,,,,
213079_BK,213079,Earring ECLIPSE Black,_BK,Black,Jewellery,Earrings,Hoop Earrings,Enamel; Zinc,Golden,,5.99,/232/52/213079_BK_1,213079_BK_1.jpg,none,,,,,
213086_BK,213086,Necklace ECLIPSE Black,_BK,Black,Jewellery,Necklaces,Beaded Necklace,Brass; Glass; Zinc,Golden,,12.99,/232/52/213086_BK_1,213086_BK_1.jpg,none,,,,,
213095_BK,213095,Ring ECLIPSE Black,_BK,Black,Jewellery,Rings,Stone/Gem,Acrylic,Golden,,4.99,/232/52/213095_BK_1,213095_BK_1.jpg,none,,,,,
213104_BK,213104,Earring ECLIPSE Black,_BK,Black,Jewellery,Earrings,Hoop Earrings,Enamel; Zinc,Golden,,5.99,/232/52/213104_BK_1,213104_BK_1.jpg,none,,,,,
213112_BK,213112,Ring ECLIPSE Black,_BK,Black,Jewellery,Rings,Stone/Gem,Glass; Zinc,Golden,,5.99,/232/52/213112_BK_1,213112_BK_1.jpg,none,,,,,
213131_BK,213131,Set of Earrings ECLIPSE Black,_BK,Black,Jewellery,Earrings,Hoop Earrings,Brass; Enamel; Glass; Zinc; Zirconium,Golden,,8.99,/232/52/213131_BK_1,213131_BK_1.jpg,none,,,,,
213137_BK,213137,Earring ECLIPSE Black,_BK,Black,Jewellery,Earrings,Hoop Earrings,Brass; Zirconium,Brushed Golden,,7.99,/232/52/213137_BK_1,213137_BK_1.jpg,none,,,,,
213148_BK,213148,Ring ECLIPSE Black,_BK,Black,Jewellery,Rings,Stone/Gem,Brass; Resin,Golden,,5.99,/232/52/213148_BK_1,213148_BK_1.jpg,none,,,,,
213156_BK,213156,Necklace ECLIPSE Black,_BK,Black,Jewellery,Necklaces,Pendant,Zinc; Zirconium; Metal and Cord,Golden,,10.99,/232/52/213156_BK_1,213156_BK_1.jpg,none,,,,,
213734_GD,213734,Earring TREND Gold,_GD,Gold,Jewellery,Earrings,Stud,Zinc,Worn Gold,,9.99,/232/52/213734_GD_1,213734_GD_1.jpg,none,,,,,
213744_GD,213744,Earring TREND Gold,_GD,Gold,Jewellery,Earrings,Stud,Zinc,Worn Gold,,9.99,/232/52/213744_GD_1,213744_GD_1.jpg,none,,,,,
213778_PU,213778,Earring ULTRAVIO Purple,_PU,Purple,Jewellery,Earrings,Dangle,Iron; Thermoplastic Polyurethane,Worn Gold,,9.99,/232/52/213778_PU_1,213778_PU_1.jpg,none,,,,,
213804_PU,213804,Earring ULTRAVIO Purple,_PU,Purple,Jewellery,Earrings,Dangle,Acrylic; Iron,Worn Gold,,7.99,/232/52/213804_PU_1,213804_PU_1.jpg,none,,,,,
213809_PU,213809,Earring ULTRAVIO Purple,_PU,Purple,Jewellery,Earrings,Stud,Glass; Iron; Resin,Worn Gold,,7.99,/232/52/213809_PU_1,213809_PU_1.jpg,none,,,,,
213818_HM,213818,Necklace ULTRAVIO Halftone Multicolor,_HM,Halftone Multicolor,Jewellery,Necklaces,Collar,Acrylic; Glass; Iron; Zinc,Worn Gold,,10.99,/232/52/213818_HM_1,213818_HM_1.jpg,none,,,,,
213824_HM,213824,Necklace ULTRAVIO Halftone Multicolor,_HM,Halftone Multicolor,Jewellery,Necklaces,Collar,Iron; Thermoplastic Polyurethane,Worn Gold,,12.99,/232/52/213824_HM_1,213824_HM_1.jpg,none,,,,,
213887_GD,213887,Earring KISS MIX&MATCH Gold,_GD,Gold,Jewellery,Earrings,Ear Cuff,Brass,Golden,,4.99,/232/52/213887_GD_1,213887_GD_1.jpg,none,,,,,
213899_BM,213899,Earring KISSSJAM Bright Multicolor,_BM,Bright Multicolor,Jewellery,Earrings,Ear Cuff,Copper; Zirconium,Golden,,5.99,/241/52/213899_BM_1,213899_BM_1.jpg,none,,,,,
213899_HM,213899,Earring KISS MIX&MATCH Halftone Multicolor,_HM,Halftone Multicolor,Jewellery,Earrings,Ear Cuff,Brass; Zirconium,Silver,,5.99,/232/52/213899_HM_1,213899_HM_1.jpg,none,,,,,
213901_HM,213901,Set of Earrings KISS MIX&MATCH Halftone Multicolor,_HM,Halftone Multicolor,Jewellery,Earrings,Hoop Earrings,Copper; Enamel,Golden,,7.99,/232/52/213901_HM_1,213901_HM_1.jpg,none,,,,,
213911_JN,213911,Earring FLORABUNDANCE Blue Jeans,_JN,Blue Jeans,Jewellery,Earrings,Hoop Earrings,Iron,Golden,,5.99,/232/52/213911_JN_1,213911_JN_1.jpg,none,,,,,
213919_GD,213919,Necklace KISS MIX&MATCH Gold,_GD,Gold,Jewellery,Necklaces,Chain,Copper; Iron,Golden,,10.99,/232/52/213919_GD_1,213919_GD_1.jpg,none,,,,,
2139261MI,213926,Ring FLORABUNDANCE Midnight Blue,1MI,Midnight Blue,Jewellery,Rings,Band Ring,Zinc,Golden,,6.99,/232/52/2139261MI_1,2139261MI_1.jpg,none,,,,,
213947_BM,213947,Necklace GUARANI VIBES Bright Multicolor,_BM,Bright Multicolor,Jewellery,Necklaces,Pendant,Iron; Pearl; Resin,Brushed Golden,,10.99,/232/52/213947_BM_1,213947_BM_1.jpg,none,,,,,
213982_HM,213982,Set of Earrings KISS MIX&MATCH Halftone Multicolor,_HM,Halftone Multicolor,Jewellery,Earrings,Hoop Earrings,Brass; Enamel; Zirconium,Golden,,8.99,/232/52/213982_HM_1,213982_HM_1.jpg,none,,,,,
213991_HM,213991,Set of Earrings KISS MIX&MATCH Halftone Multicolor,_HM,Halftone Multicolor,Jewellery,Earrings,Hoop Earrings,Enamel; Iron; Zinc; Zirconium,Golden,,6.99,/232/52/213991_HM_1,213991_HM_1.jpg,none,,,,,
213999_HM,213999,Set of Earrings KISS MIX&MATCH Halftone Multicolor,_HM,Halftone Multicolor,Jewellery,Earrings,Hoop Earrings,Brass; Enamel; Glass,Golden,,6.99,/232/52/213999_HM_1,213999_HM_1.jpg,none,,,,,
214008_HM,214008,Set of Earrings KISS MIX&MATCH Halftone Multicolor,_HM,Halftone Multicolor,Jewellery,Earrings,Hoop Earrings,Enamel; Zinc,Golden,,7.99,/232/52/214008_HM_1,214008_HM_1.jpg,none,,,,,
214013_HM,214013,Set of Earrings KISS MIX&MATCH Halftone Multicolor,_HM,Halftone Multicolor,Jewellery,Earrings,Hoop Earrings,Copper; Thermoplastic Polyurethane,Golden,,6.99,/232/52/214013_HM_1,214013_HM_1.jpg,none,,,,,
214041_BM,214041,Earring STARRYNIGHT Bright Multicolor,_BM,Bright Multicolor,Jewellery,Earrings,Dangle,Acrylic; Brass,Black Nikel,,8.99,/232/52/214041_BM_1,214041_BM_1.jpg,none,,,,,
214050_BM,214050,Earring STARRYNIGHT Bright Multicolor,_BM,Bright Multicolor,Jewellery,Earrings,Stud,Enamel; Zinc,Golden,,7.99,/232/52/214050_BM_1,214050_BM_1.jpg,none,,,,,
214062_BM,214062,Earring STARRYNIGHT Bright Multicolor,_BM,Bright Multicolor,Jewellery,Earrings,Stud,Acrylic; Iron,Black Plating,,5.99,/232/52/214062_BM_1,214062_BM_1.jpg,none,,,,,
214112_GN,214112,Ring GUMMY PARTY Green,_GN,Green,Jewellery,Rings,Stone/Gem,Zirconium; Brass,Golden,,4.99,/232/52/214112_GN_1,214112_GN_1.jpg,none,,,,,
214121_BM,214121,Necklace GUMMY PARTY Bright Multicolor,_BM,Bright Multicolor,Jewellery,Necklaces,Beaded Necklace,Glass; Iron; Thermoplastic Polyurethane,Golden,,15.99,/232/52/214121_BM_1,214121_BM_1.jpg,none,,,,,
214131_BL,214131,Ring GUMMY PARTY Blue,_BL,Blue,Jewellery,Rings,Stone/Gem,Brass; Zirconium,Golden,,7.99,/232/52/214131_BL_1,214131_BL_1.jpg,none,,,,,
214131_FU,214131,Ring GUMMY PARTY Fuchsia,_FU,Fuchsia,Jewellery,Rings,Stone/Gem,Brass; Zirconium,Golden,,7.99,/232/52/214131_FU_1,214131_FU_1.jpg,none,,,,,
214132_BM,214132,Earring GUMMY PARTY Bright Multicolor,_BM,Bright Multicolor,Jewellery,Earrings,Dangle,Glass; Iron; Polymer,Brushed Golden,,7.99,/232/52/214132_BM_1,214132_BM_1.jpg,none,,,,,
214142_BM,214142,Earring GUMMY PARTY Bright Multicolor,_BM,Bright Multicolor,Jewellery,Earrings,Hoop Earrings,Glass; Zinc,Golden,,5.99,/232/52/214142_BM_1,214142_BM_1.jpg,none,,,,,
214151_BM,214151,Set of Rings GUMMY PARTY Bright Multicolor,_BM,Bright Multicolor,Jewellery,Rings,Band Ring,Glass; Zinc,Golden,,7.99,/232/52/214151_BM_1,214151_BM_1.jpg,none,,,,,
214157_HM,214157,Necklace ORPHIC Halftone Multicolor,_HM,Halftone Multicolor,Jewellery,Necklaces,Pendant,Acrylic; Brass; Iron; Resin; Zinc,Golden,,12.99,/232/52/214157_HM_1,214157_HM_1.jpg,none,,,,,
214164_HM,214164,Earring ORPHIC Halftone Multicolor,_HM,Halftone Multicolor,Jewellery,Earrings,Hoop Earrings,Iron; Resin; Stone,Golden,,7.99,/232/52/214164_HM_1,214164_HM_1.jpg,none,,,,,
214191_HM,214191,Necklace mulstone Halftone Multicolor,_HM,Halftone Multicolor,Jewellery,Necklaces,Beaded Necklace,Iron; Resin; Stone; Thermoplastic Polyurethane,Golden,,12.99,/232/52/214191_HM_1,214191_HM_1.jpg,none,,,,,
214209_HM,214209,Necklace mulstone Halftone Multicolor,_HM,Halftone Multicolor,Jewellery,Necklaces,Beaded Necklace,Acrylic; Iron; Resin; Stone,Golden,,12.99,/232/52/214209_HM_1,214209_HM_1.jpg,none,,,,,
214216_BL,214216,Necklace GUMMY PARTY Blue,_BL,Blue,Jewellery,Necklaces,Collar,Glass; Steel; Thermoplastic Polyurethane; Zinc,Golden,,12.99,/232/52/214216_BL_1,214216_BL_1.jpg,none,,,,,
214361_HM,214361,Necklace ORPHIC Halftone Multicolor,_HM,Halftone Multicolor,Jewellery,Necklaces,Beaded Necklace,Acrylic; Brass; Iron; Resin; Stone; Zinc,Golden,,12.99,/232/52/214361_HM_1,214361_HM_1.jpg,none,,,,,
214399_DM,214399,Set of Earrings Moonlight azure Dark Multicolor,_DM,Dark Multicolor,Jewellery,Earrings,Stud,Brass; Enamel; Zirconium,Golden,,8.99,/232/52/214399_DM_1,214399_DM_1.jpg,none,,,,,
214408_MI,214408,Necklace Moonlight azure Midnight Blue,_MI,Midnight Blue,Jewellery,Necklaces,Beaded Necklace,Glass; Iron,Gold Plated,,15.99,/232/52/214408_MI_1,214408_MI_1.jpg,none,,,,,
214469_OL,214469,Earring CANICHE CAMPAIGN Olive,_OL,Olive,Jewellery,Earrings,Drop,Glass; Iron,Golden,,19.99,/232/52/214469_OL_1,214469_OL_1.jpg,none,,,,,
214469_PU,214469,Earring CANICHE CAMPAIGN Purple,_PU,Purple,Jewellery,Earrings,Drop,Glass; Iron,Golden,,19.99,/232/52/214469_PU_1,214469_PU_1.jpg,none,,,,,
214469_TL,214469,Earring CANICHE CAMPAIGN Teal,_TL,Teal,Jewellery,Earrings,Drop,Glass; Iron,Golden,,19.99,/232/52/214469_TL_1,214469_TL_1.jpg,none,,,,,
214473_OR,214473,Earring CANICHE CAMPAIGN Orange,_OR,Orange,Jewellery,Earrings,Drop,Brass,Golden,,25.99,/232/52/214473_OR_1,214473_OR_1.jpg,none,,,,,
214474_BK,214474,Earring CANICHE CAMPAIGN Black,_BK,Black,Jewellery,Earrings,Drop,Glass; Iron,Silver,,19.99,/232/52/214474_BK_1,214474_BK_1.jpg,none,,,,,
214474_PU,214474,Earring CANICHE CAMPAIGN Purple,_PU,Purple,Jewellery,Earrings,Drop,Glass; Iron,Silver,,19.99,/232/52/214474_PU_1,214474_PU_1.jpg,none,,,,,
214529_MI,214529,Necklace Moonlight azure Midnight Blue,_MI,Midnight Blue,Jewellery,Necklaces,Beaded Necklace,Brass; Resin; Zinc,Golden,,10.99,/232/52/214529_MI_1,214529_MI_1.jpg,none,,,,,
214535_MI,214535,Set of Earrings Moonlight azure Midnight Blue,_MI,Midnight Blue,Jewellery,Earrings,Hoop Earrings,Enamel; Glass; Iron; Zinc,Golden,,9.99,/232/52/214535_MI_1,214535_MI_1.jpg,none,,,,,
214673_HM,214673,Earring TREND Halftone Multicolor,_HM,Halftone Multicolor,Jewellery,Earrings,Stud,Acrylic; Crystal Glass; Iron,Black Nikel,,15.99,/232/52/214673_HM_1,214673_HM_1.jpg,none,,,,,
214878_HM,214878,Earring TREND Halftone Multicolor,_HM,Halftone Multicolor,Jewellery,Earrings,Dangle,Resin; Stainless Steel; Steel,Black Nikel,,12.99,/232/52/214878_HM_1,214878_HM_1.jpg,none,,,,,
214917_SV,214917,Earring Hallo Silver,_SV,Silver,Jewellery,Earrings,Dangle,Brass; Glass,Silver,,19.99,/232/52/214917_SV_1,214917_SV_1.jpg,none,,,,,
214949_GD,214949,Earring GLDN DEL Gold,_GD,Gold,Jewellery,Earrings,Dangle,Zinc,Golden,,8.99,/232/52/214949_GD_1,214949_GD_1.jpg,none,,,,,
215109_BU,215109,Earring STARRYNIGHT Burgundy,_BU,Burgundy,Jewellery,Earrings,Dangle,Brass; Glass,Black Nikel,,8.99,/232/52/215109_BU_2y,215109_BU_2y.jpg,none,,,,,
215133_GD,215133,Earring Golden Basics Gold,_GD,Gold,Jewellery,Earrings,Dangle,Iron,Brushed Golden,,7.99,/232/52/215133_GD_2y,215133_GD_2y.jpg,none,,,,,
215465_BK,215465,Self-Adhesive Gems Halloween capsula Black,_BK,Black,Jewellery,Other Jewellery,Self-Adhesive Gems,Acrylic,Black Plating,,5.99,/232/52/215465_BK_1,215465_BK_1.jpg,none,,,,,
215486_SV,215486,Earring REMY Silver,_SV,Silver,Jewellery,Earrings,Dangle,Iron; Thermoplastic Polyurethane; Zinc,Silver,,17.99,/232/52/215486_SV_1,215486_SV_1.jpg,none,,,,,
215503_GD,215503,Ring GLDN DEL Gold,_GD,Gold,Jewellery,Rings,Cocktail,Zinc; Thermoplastic Polyurethane,Golden,,5.99,/241/52/215503_GD_2y,215503_GD_2y.jpg,none,,,,,
215503_SV,215503,Ring SILVER D Silver,_SV,Silver,Jewellery,Rings,Cocktail,Thermoplastic Polyurethane; Zinc,Golden,,5.99,/241/52/215503_SV_2y,215503_SV_2y.jpg,none,,,,,
215526_GD,215526,Bracelet EYE COLLECTION Gold,_GD,Gold,Jewellery,Bracelets,Non-Adjustable Bracelet,Zinc,Worn Gold,,19.99,/232/52/215526_GD_1,215526_GD_1.jpg,none,,,,,
215538_HM,215538,Necklace GLDN DEL Halftone Multicolor,_HM,Halftone Multicolor,Jewellery,Necklaces,Y-Necklace,Glass; Iron,Golden,,12.99,/241/52/215538_HM_1,215538_HM_1.jpg,none,,,,,
215542_GD,215542,Earring GLDN DEL Gold,_GD,Gold,Jewellery,Earrings,Dangle,Glass; Iron; Pearl,Golden,,8.99,/241/52/215542_GD_1,215542_GD_1.jpg,none,,,,,
215542_SV,215542,Earring SILVER D Silver,_SV,Silver,Jewellery,Earrings,Dangle,Glass; Iron; Pearl,Golden,,8.99,/241/52/215542_SV_1,215542_SV_1.jpg,none,,,,,
215551_GD,215551,Necklace GLDN DEL Gold,_GD,Gold,Jewellery,Necklaces,Beaded Necklace,Copper; Pearl,,,10.99,/241/52/215551_GD_1,215551_GD_1.jpg,none,,,,,
215551_SV,215551,Necklace SILVER D Silver,_SV,Silver,Jewellery,Necklaces,Beaded Necklace,Copper; Pearl,,,10.99,/241/52/215551_SV_1,215551_SV_1.jpg,none,,,,,
215557_HM,215557,Necklace GLDN DEL Halftone Multicolor,_HM,Halftone Multicolor,Jewellery,Necklaces,Pendant,Brass; Iron; Zirconium,,,10.99,/241/52/215557_HM_1,215557_HM_1.jpg,none,,,,,
215571_GD,215571,Earring GLDN DEL Gold,_GD,Gold,Jewellery,Earrings,Hoop Earrings,Brass; Zirconium,Golden,,5.99,/241/52/215571_GD_1,215571_GD_1.jpg,none,,,,,
215571_SV,215571,Earring SILVER D Silver,_SV,Silver,Jewellery,Earrings,Hoop Earrings,Brass; Zirconium,Golden,,5.99,/241/52/215571_SV_1,215571_SV_1.jpg,none,,,,,
215574_SV,215574,Earring SILVER D Silver,_SV,Silver,Jewellery,Earrings,Hoop Earrings,Zinc,Rodhium,,7.99,/241/52/215574_SV_1,215574_SV_1.jpg,none,,,,,
215580_GD,215580,Set of Earrings GLDN DEL Gold,_GD,Gold,Jewellery,Earrings,Hoop Earrings,Acrylic; Iron,Golden,,7.99,/241/52/215580_GD_1,215580_GD_1.jpg,none,,,,,
215595_HM,215595,Earring GLDN DEL Halftone Multicolor,_HM,Halftone Multicolor,Jewellery,Earrings,Dangle,Copper; Glass; Iron,Golden,,8.99,/241/52/215595_HM_1,215595_HM_1.jpg,none,,,,,
215598_GD,215598,Earring GLDN DEL Gold,_GD,Gold,Jewellery,Earrings,Hoop Earrings,Copper; Glass,Golden,,5.99,/241/52/215598_GD_1,215598_GD_1.jpg,none,,,,,
215598_SV,215598,Earring SILVER D Silver,_SV,Silver,Jewellery,Earrings,Hoop Earrings,Copper; Glass,Golden,,5.99,/241/52/215598_SV_1,215598_SV_1.jpg,none,,,,,
215609_SV,215609,Bracelet SILVER D Silver,_SV,Silver,Jewellery,Bracelets,Non-Adjustable Bracelet,Brass; Zirconium,Rodhium,,6.99,/241/52/215609_SV_1,215609_SV_1.jpg,none,,,,,
215618_GD,215618,Bracelet GLDN DEL Gold,_GD,Gold,Jewellery,Bracelets,Non-Adjustable Bracelet,Brass; Pearl; Zirconium,Golden,,7.99,/241/52/215618_GD_1,215618_GD_1.jpg,none,,,,,
215618_SV,215618,Bracelet SILVER D Silver,_SV,Silver,Jewellery,Bracelets,Non-Adjustable Bracelet,Brass; Pearl; Zirconium,Golden,,7.99,/241/52/215618_SV_1,215618_SV_1.jpg,none,,,,,
215642_GD,215642,Earring GLDN DEL Gold,_GD,Gold,Jewellery,Earrings,Dangle,Brass,Rodhium,,5.99,/242/52/215642_GD_1,215642_GD_1.jpg,none,,,,,
215642_SV,215642,Earring SILVER D Silver,_SV,Silver,Jewellery,Earrings,Dangle,Brass,Rodhium,,5.99,/241/52/215642_SV_1,215642_SV_1.jpg,none,,,,,
215646_GD,215646,Necklace GLDN DEL Gold,_GD,Gold,Jewellery,Necklaces,Y-Necklace,Brass; Iron,Golden,,12.99,/241/52/215646_GD_1,215646_GD_1.jpg,none,,,,,
215651_GD,215651,Necklace GLDN DEL Gold,_GD,Gold,Jewellery,Necklaces,Beaded Necklace,Brass; Zinc,,,10.99,/241/52/215651_GD_1y,215651_GD_1y.jpg,none,,,,,
215651_SV,215651,Necklace SILVER D Silver,_SV,Silver,Jewellery,Necklaces,Beaded Necklace,Brass; Zinc,Golden,,10.99,/241/52/215651_SV_1y,215651_SV_1y.jpg,none,,,,,
215824_BM,215824,Earring CANICHE CAMPAIGN Bright Multicolor,_BM,Bright Multicolor,Jewellery,Earrings,Stud,Glass; Iron,Golden,,25.99,/232/52/215824_BM_1,215824_BM_1.jpg,none,,,,,
215891_IV,215891,Earring Golden Basics Extra Ivory,_IV,Ivory,Jewellery,Earrings,Dangle,Enamel; Iron,,,9.99,/241/52/215891_IV_2y,215891_IV_2y.jpg,none,,,,,
215899_IV,215899,Necklace Golden Basics Extra Ivory,_IV,Ivory,Jewellery,Necklaces,Pendant,Brass; Enamel; Iron; Zinc,Golden,,12.99,/241/52/215899_IV_1,215899_IV_1.jpg,none,,,,,
215911_IV,215911,Earring Golden Basics Extra Ivory,_IV,Ivory,Jewellery,Earrings,Hoop Earrings,Enamel; Zinc,Golden,,7.99,/241/52/215911_IV_1,215911_IV_1.jpg,none,,,,,
215917_IV,215917,Earring PERMANENT - SUSPENDED FR Ivory,_IV,Ivory,Jewellery,Earrings,Stud,Enamel; Zinc,,,7.99,/241/52/215917_IV_1y,215917_IV_1y.jpg,none,,,,,
215917_MI,215917,Earring NEPTUNE Midnight Blue,_MI,Midnight Blue,Jewellery,Earrings,Stud,Zinc; Glass; Cork,Black Nikel,,7.99,/242/52/215917_MI_1,215917_MI_1.jpg,none,,,,,
215917_SV,215917,Earring SILVER BASICS Silver,_SV,Silver,Jewellery,Earrings,Stud,Enamel; Zinc,Golden,,7.99,/242/52/215917_SV_1,215917_SV_1.jpg,none,,,,,
215919_IV,215919,Ring Golden Basics Extra Ivory,_IV,Ivory,Jewellery,Rings,Fantasy,Enamel; Zinc,Golden,,6.99,/241/52/215919_IV_1,215919_IV_1.jpg,none,,,,,
215920_BK,215920,Ring Milagro Black,_BK,Black,Jewellery,Rings,Band Ring,Zinc; Enamel,Golden,,5.99,/242/52/215920_BK_1,215920_BK_1.jpg,none,,,,,
215920_IV,215920,Ring PERMANENT - SUSPENDED FR Ivory,_IV,Ivory,Jewellery,Rings,Band Ring,Enamel; Zinc,,,5.99,/241/52/215920_IV_1,215920_IV_1.jpg,none,,,,,
215928_IV,215928,Ring Golden Basics Extra Ivory,_IV,Ivory,Jewellery,Rings,Band Ring,Enamel; Zinc,Golden,,5.99,/241/52/215928_IV_2y,215928_IV_2y.jpg,none,,,,,
215935_GD,215935,Earring Golden Basics Gold,_GD,Gold,Jewellery,Earrings,Drop,Iron,,,9.99,/241/52/215935_GD_1y,215935_GD_1y.jpg,none,,,,,
215947_GD,215947,Ring Golden Basics Gold,_GD,Gold,Jewellery,Rings,Cocktail,Zinc,Golden,,5.99,/241/52/215947_GD_1,215947_GD_1.jpg,none,,,,,
215957_GD,215957,Necklace Golden Basics Gold,_GD,Gold,Jewellery,Necklaces,Pendant,Copper; Iron; Zinc,,,10.99,/241/52/215957_GD_1,215957_GD_1.jpg,none,,,,,
215967_GD,215967,Ring Golden Basics Gold,_GD,Gold,Jewellery,Rings,Cocktail,Glass; Zinc,Golden,,5.99,/241/52/215967_GD_1,215967_GD_1.jpg,none,,,,,
215993_IV,215993,Earring Golden Basics Extra Ivory,_IV,Ivory,Jewellery,Earrings,Dangle,Enamel; Iron,Brushed Golden,,5.99,/241/52/215993_IV_1,215993_IV_1.jpg,none,,,,,
216003_BM,216003,Necklace STAR WARS Bright Multicolor,_BM,Bright Multicolor,Jewellery,Necklaces,Beaded Necklace,Glass; Pearl; Zinc,Golden,,45.99,/232/52/216003_BM_1,216003_BM_1.jpg,none,,,,,
216009_BL,216009,Earring STAR WARS Blue,_BL,Blue,Jewellery,Earrings,Dangle,Glass; Pearl; Zinc,Golden,,19.99,/232/52/216009_BL_1,216009_BL_1.jpg,none,,,,,
216067_GD,216067,Earring Golden Basics Gold,_GD,Gold,Jewellery,Earrings,Dangle,Iron,Golden,,7.99,/241/52/216067_GD_1,216067_GD_1.jpg,none,,,,,
216088_IV,216088,Necklace Golden Basics Extra Ivory,_IV,Ivory,Jewellery,Necklaces,Beaded Necklace,Brass; Enamel; Iron,,,10.99,/241/52/216088_IV_1,216088_IV_1.jpg,none,,,,,
216107_GD,216107,Earring Golden Basics Gold,_GD,Gold,Jewellery,Earrings,Clip Earrings,Iron,Brushed Golden,,8.99,/241/52/216107_GD_1,216107_GD_1.jpg,none,,,,,
216112_GD,216112,Bracelet Golden Basics Gold,_GD,Gold,Jewellery,Bracelets,Adjustable Bracelet,Brass; Steel; Thermoplastic Polyurethane,Brushed Golden,,6.99,/241/52/216112_GD_1,216112_GD_1.jpg,none,,,,,
216118_GD,216118,Bracelet Golden Basics Gold,_GD,Gold,Jewellery,Bracelets,Non-Adjustable Bracelet,Copper; Iron,,,9.99,/241/52/216118_GD_1,216118_GD_1.jpg,none,,,,,
216212_GD,216212,Bracelet Golden Basics Gold,_GD,Gold,Jewellery,Bracelets,Bangle,Zinc,Golden,,6.99,/241/52/216212_GD_1,216212_GD_1.jpg,none,,,,,
216217_GD,216217,Earring Golden Basics Gold,_GD,Gold,Jewellery,Earrings,Dangle,Iron,Multifinishing,,5.99,/241/52/216217_GD_1,216217_GD_1.jpg,none,,,,,
216224_GD,216224,Earring Golden Basics Gold,_GD,Gold,Jewellery,Earrings,Dangle,Iron,Multifinishing,,5.99,/241/52/216224_GD_1,216224_GD_1.jpg,none,,,,,
216231_GD,216231,Necklace Golden Basics Gold,_GD,Gold,Jewellery,Necklaces,Chain,Copper; Iron,Golden,,12.99,/241/52/216231_GD_1,216231_GD_1.jpg,none,,,,,
216233_GD,216233,Set of Necklaces PERMANENT - SUSPENDED FR Gold,_GD,Gold,Jewellery,Necklaces,Chain,Zamac; Zinc; Brass; Iron,,,12.99,/241/52/216233_GD_1,216233_GD_1.jpg,none,,,,,
216233_SV,216233,Set of Necklaces SILVER BASICS Silver,_SV,Silver,Jewellery,Necklaces,Chain,Cork; Brass; Zinc; Iron,Rodhium,,12.99,/242/52/216233_SV_1,216233_SV_1.jpg,none,,,,,
216240_GD,216240,Earring Golden Basics Gold,_GD,Gold,Jewellery,Earrings,Drop,Iron,Golden,,7.99,/241/52/216240_GD_1,216240_GD_1.jpg,none,,,,,
216247_IV,216247,Necklace Golden Basics Extra Ivory,_IV,Ivory,Jewellery,Necklaces,Chain,Enamel; Iron; Zinc,,,10.99,/241/52/216247_IV_1,216247_IV_1.jpg,none,,,,,
216255_IV,216255,Ring Golden Basics Extra Ivory,_IV,Ivory,Jewellery,Rings,Band Ring,Enamel; Zinc,Golden,,4.99,/241/52/216255_IV_2y,216255_IV_2y.jpg,none,,,,,
216278_BM,216278,Key Chain FASHION SUPPLEMENTS Bright Multicolor,_BM,Bright Multicolor,Jewellery,Key chains,Other Key-Chain,Acrylic; Iron; Zinc,Golden,,8.99,/241/52/216278_BM_1,216278_BM_1.jpg,none,,,,,
216294_BK,216294,Pin FASHION SUPPLEMENTS Black,_BK,Black,Jewellery,Pins,Flower,Iron; Polyester,Silver,,6.99,/241/52/216294_BK_1,216294_BK_1.jpg,none,,,,,
216299_PE,216299,Key Chain FASHION SUPPLEMENTS Pearl,_PE,Pearl,Jewellery,Key chains,Charms,Acrylic; Iron; Thermoplastic Polyurethane; Zinc; Zinc,Golden,,12.99,/241/52/216299_PE_1,216299_PE_1.jpg,none,,,,,
216319_IV,216319,Bracelet Golden Basics Extra Ivory,_IV,Ivory,Jewellery,Bracelets,Elastic Bracelet,Enamel; Zinc,,,9.99,/241/52/216319_IV_1,216319_IV_1.jpg,none,,,,,
216328_IV,216328,Bracelet Golden Basics Extra Ivory,_IV,Ivory,Jewellery,Bracelets,Elastic Bracelet,Enamel; Zinc,Golden,,7.99,/241/52/216328_IV_1,216328_IV_1.jpg,none,,,,,
216335_IV,216335,Earring Golden Basics Extra Ivory,_IV,Ivory,Jewellery,Earrings,Dangle,Enamel; Iron; Zamac,Golden,,5.99,/241/52/216335_IV_1,216335_IV_1.jpg,none,,,,,
216385_GD,216385,Earring Golden Basics Gold,_GD,Gold,Jewellery,Earrings,Hoop Earrings,Brass,Golden,,5.99,/241/52/216385_GD_1,216385_GD_1.jpg,none,,,,,
216431_GD,216431,Earring REAL PEARLS Gold,_GD,Gold,Jewellery,Earrings,Dangle,Pearl; Zinc,Worn Gold,,25.99,/232/52/216431_GD_1,216431_GD_1.jpg,none,,,,,
216440_GD,216440,Ring REAL PEARLS Gold,_GD,Gold,Jewellery,Rings,Cocktail,Pearl; Zinc,Golden,,17.99,/232/52/216440_GD_1,216440_GD_1.jpg,none,,,,,
216655_MI,216655,Earring Moonlight azure Midnight Blue,_MI,Midnight Blue,Jewellery,Earrings,Hoop Earrings,Glass; Iron; Zinc,Golden,,5.99,/232/52/216655_MI_1,216655_MI_1.jpg,none,,,,,
216669_HM,216669,Bracelet Gipsy Garden Halftone Multicolor,_HM,Halftone Multicolor,Jewellery,Bracelets,Elastic Bracelet,Resin; Thermoplastic Polyurethane; Zinc,,,9.99,/241/52/216669_HM_1,216669_HM_1.jpg,none,,,,,
216681_NV,216681,Earring Gipsy Garden Navy,_NV,Navy,Jewellery,Earrings,Stud,Acrylic; Zinc,Worn Gold,,5.99,/241/52/216681_NV_1,216681_NV_1.jpg,none,,,,,
216691_DM,216691,Necklace Gipsy Garden Dark Multicolor,_DM,Dark Multicolor,Jewellery,Necklaces,Beaded Necklace,Acrylic; Brass; Iron; Resin; Thermoplastic Polyurethane; Zinc,Worn Gold,,15.99,/241/52/216691_DM_1,216691_DM_1.jpg,none,,,,,
216698_DM,216698,Earring Gipsy Garden Dark Multicolor,_DM,Dark Multicolor,Jewellery,Earrings,Dangle,Iron; Resin; Zinc,Worn Gold,,8.99,/241/52/216698_DM_1,216698_DM_1.jpg,none,,,,,
216706_DM,216706,Earring Gipsy Garden Dark Multicolor,_DM,Dark Multicolor,Jewellery,Earrings,Dangle,Acrylic; Zinc,Worn Gold,,7.99,/241/52/216706_DM_1,216706_DM_1.jpg,none,,,,,
216718_DM,216718,Necklace Gipsy Garden Dark Multicolor,_DM,Dark Multicolor,Jewellery,Necklaces,Beaded Necklace,Brass; Iron; Resin; Stone,Worn Gold,,12.99,/241/52/216718_DM_1,216718_DM_1.jpg,none,,,,,
216723_DM,216723,Necklace Gipsy Garden Dark Multicolor,_DM,Dark Multicolor,Jewellery,Necklaces,Collar,Brass; Resin; Zinc,Worn Gold,,15.99,/241/52/216723_DM_1,216723_DM_1.jpg,none,,,,,
216740_GD,216740,Set of Necklaces GOLD PLATED COLLECTION Gold,_GD,Gold,Jewellery,Necklaces,Pendant,Brass; Stone,Gold Plated,,39.99,/241/52/216740_GD_1,216740_GD_1.jpg,none,,,,,
216749_DM,216749,Earring Gipsy Garden Dark Multicolor,_DM,Dark Multicolor,Jewellery,Earrings,Hoop Earrings,Thermoplastic Polyurethane; Zinc,Worn Gold,,7.99,/241/52/216749_DM_1,216749_DM_1.jpg,none,,,,,
216832_HM,216832,Earring VENDREDI Halftone Multicolor,_HM,Halftone Multicolor,Jewellery,Earrings,Drop,Acrylic; Resin; Zinc,Brushed Golden,,8.99,/241/52/216832_HM_1,216832_HM_1.jpg,none,,,,,
216842_HM,216842,Bracelet GLDN DEL Halftone Multicolor,_HM,Halftone Multicolor,Jewellery,Bracelets,Non-Adjustable Bracelet,Zirconium; Zinc,Golden,,7.99,/241/52/216842_HM_2y,216842_HM_2y.jpg,none,,,,,
216883_HM,216883,Necklace VENDREDI Halftone Multicolor,_HM,Halftone Multicolor,Jewellery,Necklaces,Chain,Acrylic; Brass; Zinc,Golden,,12.99,/241/52/216883_HM_1,216883_HM_1.jpg,none,,,,,
216898_HM,216898,Earring VENDREDI Halftone Multicolor,_HM,Halftone Multicolor,Jewellery,Earrings,Dangle,Acrylic; Brass; Thermoplastic Polyurethane; Zinc,Brushed Golden,,5.99,/241/52/216898_HM_1,216898_HM_1.jpg,none,,,,,
216906_HM,216906,Necklace VENDREDI Halftone Multicolor,_HM,Halftone Multicolor,Jewellery,Necklaces,Pendant,Iron; Thermoplastic Polyurethane,,,10.99,/241/52/216906_HM_1,216906_HM_1.jpg,none,,,,,
216919_HM,216919,Earring VENDREDI Halftone Multicolor,_HM,Halftone Multicolor,Jewellery,Earrings,Stud,Steel; Thermoplastic Polyurethane,Golden,,5.99,/241/52/216919_HM_1,216919_HM_1.jpg,none,,,,,
216925_HM,216925,Earring VENDREDI Halftone Multicolor,_HM,Halftone Multicolor,Jewellery,Earrings,Hoop Earrings,Acrylic; Iron; Thermoplastic Polyurethane; Wood,Golden,,5.99,/241/52/216925_HM_1,216925_HM_1.jpg,none,,,,,
216971_GD,216971,Earring GOLDEN PEARLS Gold,_GD,Gold,Jewellery,Earrings,Dangle,Glass; Zinc,Golden,,5.99,/241/52/216971_GD_1,216971_GD_1.jpg,none,,,,,
216976_GD,216976,Earring GOLDEN PEARLS Gold,_GD,Gold,Jewellery,Earrings,Dangle,Iron; Pearl; Thermoplastic Polyurethane,Brushed Golden,,7.99,/241/52/216976_GD_1,216976_GD_1.jpg,none,,,,,
216981_GD,216981,Necklace GOLDEN PEARLS Gold,_GD,Gold,Jewellery,Necklaces,Pendant,Thermoplastic Polyurethane; Zinc,,,10.99,/241/52/216981_GD_2y,216981_GD_2y.jpg,none,,,,,
216986_GD,216986,Earring GOLDEN PEARLS Gold,_GD,Gold,Jewellery,Earrings,Stud,Acrylic; Zinc,Golden,,4.99,/241/52/216986_GD_1,216986_GD_1.jpg,none,,,,,
216992_BM,216992,Bracelet ARM NIGHT Bright Multicolor,_BM,Bright Multicolor,Jewellery,Bracelets,Adjustable Bracelet,Brass; Enamel; Iron,Golden,,8.99,/241/52/216992_BM_2y,216992_BM_2y.jpg,none,,,,,
216997_BM,216997,Bracelet ARM LOVERS Bright Multicolor,_BM,Bright Multicolor,Jewellery,Bracelets,Adjustable Bracelet,Polyester; Zinc; Brass; Enamel,Golden,,7.99,/241/52/216997_BM_1,216997_BM_1.jpg,none,,,,,
217052_MI,217052,Bracelet Moonlight azure Midnight Blue,_MI,Midnight Blue,Jewellery,Bracelets,Bangle,Enamel; Zinc,Gold Plated,,8.99,/232/52/217052_MI_1,217052_MI_1.jpg,none,,,,,
217128_HM,217128,Key Chain FASHION SUPPLEMENTS Halftone Multicolor,_HM,Halftone Multicolor,Jewellery,Key chains,Figures,Acrylic; Glass; Iron; Zinc,Golden,,12.99,/241/52/217128_HM_1,217128_HM_1.jpg,none,,,,,
217152_GD,217152,Bracelet Golden Basics Gold,_GD,Gold,Jewellery,Bracelets,Cuff,Zinc,Golden,,12.99,/232/52/217152_GD_1,217152_GD_1.jpg,none,,,,,
217184_PK,217184,Necklace CUPID Pink,_PK,Pink,Jewellery,Necklaces,Pendant,Steel; Zinc,Other,,12.99,/241/52/217184_PK_1,217184_PK_1.jpg,none,,,,,
217198_RD,217198,Necklace CUPID Red,_RD,Red,Jewellery,Necklaces,Pendant,Cotton; Glass,,,10.99,/241/52/217198_RD_1,217198_RD_1.jpg,none,,,,,
217212_PE,217212,Earring CUPID Pearl,_PE,Pearl,Jewellery,Earrings,Dangle,Acrylic; Iron; Resin,Golden,,12.99,/241/52/217212_PE_1,217212_PE_1.jpg,none,,,,,
217296_KK,217296,Necklace FLEURSDUMER Khaki,_KK,Khaki,Jewellery,Necklaces,Pendant,Zinc; Velvet,Worn Gold,,12.99,/241/52/217296_KK_1,217296_KK_1.jpg,none,,,,,
217296_SV,217296,Necklace SHADES OF COOL Silver,_SV,Silver,Jewellery,Necklaces,Pendant,Zinc; Velvet,Antik Silver,,12.99,/241/52/217296_SV_1,217296_SV_1.jpg,none,,,,,
217302_PK,217302,Earring SPARKLING EARRINGS Pink,_PK,Pink,Jewellery,Earrings,Dangle,Stone; Zinc,Worn Gold,,15.99,/241/52/217302_PK_1,217302_PK_1.jpg,none,,,,,
217308_SV,217308,Earring SHADES OF COOL Silver,_SV,Silver,Jewellery,Earrings,Dangle,Zinc,Rodhium,,7.99,/241/52/217308_SV_1,217308_SV_1.jpg,none,,,,,
217314_SV,217314,Necklace SILVER BASICS Silver,_SV,Silver,Jewellery,Necklaces,Chain,Iron; Zinc,Rodhium,,15.99,/241/52/217314_SV_1,217314_SV_1.jpg,none,,,,,
217324_MI,217324,Earring SPARKLING EARRINGS Midnight Blue,_MI,Midnight Blue,Jewellery,Earrings,Stud,Brass; Stone,Worn Gold,,17.99,/241/52/217324_MI_1,217324_MI_1.jpg,none,,,,,
217339_SV,217339,Set of Earrings SHADES OF COOL Silver,_SV,Silver,Jewellery,Earrings,Hoop Earrings,Thermoplastic Polyurethane; Zinc,Rodhium,,6.99,/241/52/217339_SV_1,217339_SV_1.jpg,none,,,,,
217368_SV,217368,Earring SHADES OF COOL Silver,_SV,Silver,Jewellery,Earrings,Stud,Zinc,Rodhium,,7.99,/241/52/217368_SV_1,217368_SV_1.jpg,none,,,,,
217374_SV,217374,Necklace SHADES OF COOL Silver,_SV,Silver,Jewellery,Necklaces,Chain,Iron; Zinc,Rodhium,,17.99,/241/52/217374_SV_1,217374_SV_1.jpg,none,,,,,
217381_SV,217381,Earring SHADES OF COOL Silver,_SV,Silver,Jewellery,Earrings,Hoop Earrings,Iron; Thermoplastic Polyurethane; Zinc,Rodhium,,5.99,/241/52/217381_SV_1,217381_SV_1.jpg,none,,,,,
217388_SV,217388,Earring SILVER BASICS Silver,_SV,Silver,Jewellery,Earrings,Hoop Earrings,Zinc,Antik Silver,,5.99,/241/52/217388_SV_1,217388_SV_1.jpg,none,,,,,
217397_SV,217397,Earring SILVER BASICS Silver,_SV,Silver,Jewellery,Earrings,Dangle,Zinc,Rodhium,,8.99,/241/52/217397_SV_1,217397_SV_1.jpg,none,,,,,
217403_SV,217403,Necklace SHADES OF COOL Silver,_SV,Silver,Jewellery,Necklaces,Pendant,Iron; Zinc; Velvet,Rodhium,,12.99,/241/52/217403_SV_1,217403_SV_1.jpg,none,,,,,
217419_HM,217419,Bracelet FLEURSDUMER Halftone Multicolor,_HM,Halftone Multicolor,Jewellery,Bracelets,Elastic Bracelet,Brass; Glass; Thermoplastic Polyurethane,Worn Gold,,7.99,/241/52/217419_HM_1,217419_HM_1.jpg,none,,,,,
217427_HM,217427,Bracelet FLEURSDUMER Halftone Multicolor,_HM,Halftone Multicolor,Jewellery,Bracelets,Elastic Bracelet,Resin; Thermoplastic Polyurethane,,,9.99,/241/52/217427_HM_1,217427_HM_1.jpg,none,,,,,
217447_HM,217447,Earring FLEURSDUMER Halftone Multicolor,_HM,Halftone Multicolor,Jewellery,Earrings,Dangle,Acrylic; Glass; Iron; Stone,Brushed Golden,,7.99,/241/52/217447_HM_1,217447_HM_1.jpg,none,,,,,
217453_HM,217453,Earring FLEURSDUMER Halftone Multicolor,_HM,Halftone Multicolor,Jewellery,Earrings,Stud,Resin; Zinc,Golden,,7.99,/241/52/217453_HM_1,217453_HM_1.jpg,none,,,,,
217461_HM,217461,Earring FLEURSDUMER Halftone Multicolor,_HM,Halftone Multicolor,Jewellery,Earrings,Hoop Earrings,Enamel; Zinc,Golden,,7.99,/241/52/217461_HM_1,217461_HM_1.jpg,none,,,,,
217472_HM,217472,Earring FLEURSDUMER Halftone Multicolor,_HM,Halftone Multicolor,Jewellery,Earrings,Stud,Enamel; Zinc,Golden,,5.99,/241/52/217472_HM_1,217472_HM_1.jpg,none,,,,,
217480_DN,217480,Bracelet FLEURSDUMER Dark Green,_DN,Dark Green,Jewellery,Bracelets,Arm Bangle,Acrylic; Stone; Zinc,,,9.99,/241/52/217480_DN_1,217480_DN_1.jpg,none,,,,,
217480_MV,217480,Bracelet FLEURSDUMER Mauve,_MV,Mauve,Jewellery,Bracelets,Arm Bangle,Acrylic; Stone; Zinc,,,9.99,/241/52/217480_MV_1,217480_MV_1.jpg,none,,,,,
217490_GD,217490,Earring FLEURSDUMER Gold,_GD,Gold,Jewellery,Earrings,Clip Earrings,Iron; Zinc,,,9.99,/241/52/217490_GD_1,217490_GD_1.jpg,none,,,,,
217524_SV,217524,Ring SHADES OF COOL Silver,_SV,Silver,Jewellery,Rings,Cocktail,Zinc,Silver,,5.99,/232/52/217524_SV_1,217524_SV_1.jpg,none,,,,,
217530_SV,217530,Necklace SHADES OF COOL Silver,_SV,Silver,Jewellery,Necklaces,Pendant,Brass; Iron; Zinc,Rodhium,,15.99,/241/52/217530_SV_2y,217530_SV_2y.jpg,none,,,,,
217544_SV,217544,Ring SHADES OF COOL Silver,_SV,Silver,Jewellery,Rings,Band Ring,Zinc,Rodhium,,7.99,/232/52/217544_SV_1,217544_SV_1.jpg,none,,,,,
217634_GD,217634,Ring GLDN DEL Gold,_GD,Gold,Jewellery,Rings,Band Ring,Iron,Golden,,5.99,/241/52/217634_GD_1,217634_GD_1.jpg,none,,,,,
217641_GD,217641,Bracelet GLDN DEL Gold,_GD,Gold,Jewellery,Bracelets,Adjustable Bracelet,Brass,Golden,,5.99,/241/52/217641_GD_1,217641_GD_1.jpg,none,,,,,
217656_GD,217656,Earring GLDN DEL Gold,_GD,Gold,Jewellery,Earrings,Stud,Brass; Zirconium,Golden,,7.99,/241/52/217656_GD_1,217656_GD_1.jpg,none,,,,,
217656_SV,217656,Earring SILVER D Silver,_SV,Silver,Jewellery,Earrings,Stud,Brass; Zirconium,Golden,,7.99,/241/52/217656_SV_1,217656_SV_1.jpg,none,,,,,
217671_IV,217671,Earring Golden Basics Extra Ivory,_IV,Ivory,Jewellery,Earrings,Stud,Enamel; Zinc,Golden,,5.99,/241/52/217671_IV_1,217671_IV_1.jpg,none,,,,,
217678_GD,217678,Ring Golden Basics Gold,_GD,Gold,Jewellery,Rings,Band Ring,Acrylic; Zinc,Golden,,5.99,/241/52/217678_GD_1,217678_GD_1.jpg,none,,,,,
217685_IV,217685,Earring Golden Basics Extra Ivory,_IV,Ivory,Jewellery,Earrings,Stud,Enamel; Zinc,Golden,,5.99,/241/52/217685_IV_1,217685_IV_1.jpg,none,,,,,
217692_IV,217692,Earring Golden Basics Extra Ivory,_IV,Ivory,Jewellery,Earrings,Hoop Earrings,Enamel; Iron; Zamac,Golden,,5.99,/241/52/217692_IV_1,217692_IV_1.jpg,none,,,,,
217904_SV,217904,Earring SILVER BASICS Silver,_SV,Silver,Jewellery,Earrings,Dangle,Iron,Rodhium,,8.99,/241/52/217904_SV_1,217904_SV_1.jpg,none,,,,,
218297_HM,218297,Necklace ETHNICS Halftone Multicolor,_HM,Halftone Multicolor,Jewellery,Necklaces,Pendant,Iron; Thermoplastic Polyurethane; Zinc,,,10.99,/241/52/218297_HM_1,218297_HM_1.jpg,none,,,,,
218308_HM,218308,Necklace ETHNICS Halftone Multicolor,_HM,Halftone Multicolor,Jewellery,Necklaces,Pendant,Iron; Resin; Zinc,Worn Gold,,12.99,/241/52/218308_HM_1,218308_HM_1.jpg,none,,,,,
218314_HM,218314,Set of Earrings ETHNICS Halftone Multicolor,_HM,Halftone Multicolor,Jewellery,Earrings,Hoop Earrings,Resin; Zinc,,,9.99,/241/52/218314_HM_1,218314_HM_1.jpg,none,,,,,
218322_BN,218322,Earring ETHNICS Brown,_BN,Brown,Jewellery,Earrings,Hoop Earrings,Iron; Polyamide; Zinc,Worn Gold,,8.99,/241/52/218322_BN_1,218322_BN_1.jpg,none,,,,,
218328_RO,218328,Earring ETHNICS Old Rose,_RO,Old Rose,Jewellery,Earrings,Dangle,Thermoplastic Polyurethane; Zinc,Worn Gold,,5.99,/241/52/218328_RO_1,218328_RO_1.jpg,none,,,,,
218338_HM,218338,Earring ETHNICS Halftone Multicolor,_HM,Halftone Multicolor,Jewellery,Earrings,Hoop Earrings,Resin; Zinc,Worn Gold,,7.99,/241/52/218338_HM_2y,218338_HM_2y.jpg,none,,,,,
218345_HM,218345,Necklace ETHNICS Halftone Multicolor,_HM,Halftone Multicolor,Jewellery,Necklaces,Pendant,Iron; Stone,Worn Gold,,12.99,/241/52/218345_HM_1,218345_HM_1.jpg,none,,,,,
218361_BM,218361,Bracelet SUNSET JUNCTION Bright Multicolor,_BM,Bright Multicolor,Jewellery,Bracelets,Elastic Bracelet,Stone; Thermoplastic Polyurethane,Golden,,6.99,/241/52/218361_BM_1,218361_BM_1.jpg,none,,,,,
218369_HM,218369,Earring ETHNICS Halftone Multicolor,_HM,Halftone Multicolor,Jewellery,Earrings,Stud,Resin; Zinc,Worn Gold,,7.99,/241/52/218369_HM_1,218369_HM_1.jpg,none,,,,,
218377_RO,218377,Necklace ETHNICS Old Rose,_RO,Old Rose,Jewellery,Necklaces,Y-Necklace,Acrylic; Brass; Resin; Thermoplastic Polyurethane,,,10.99,/241/52/218377_RO_1,218377_RO_1.jpg,none,,,,,
218384_BN,218384,Necklace ETHNICS Brown,_BN,Brown,Jewellery,Necklaces,Pendant,Suede; Zinc,,,10.99,/241/52/218384_BN_1,218384_BN_1.jpg,none,,,,,
218465_FU,218465,Ring SUNSET JUNCTION Fuchsia,_FU,Fuchsia,Jewellery,Rings,Fantasy,Acrylic; Resin,Golden,,5.99,/241/52/218465_FU_1,218465_FU_1.jpg,none,,,,,
218480_BM,218480,Necklace SUNSET JUNCTION Bright Multicolor,_BM,Bright Multicolor,Jewellery,Necklaces,Collar,Acrylic; Brass; Iron; Stone; Thermoplastic Polyurethane,Golden,,15.99,/241/52/218480_BM_1,218480_BM_1.jpg,none,,,,,
218491_OR,218491,Earring SUNSET JUNCTION Orange,_OR,Orange,Jewellery,Earrings,Dangle,Iron; Stone,Brushed Golden,,7.99,/241/52/218491_OR_1,218491_OR_1.jpg,none,,,,,
218518_HM,218518,Necklace SUNSET JUNCTION Halftone Multicolor,_HM,Halftone Multicolor,Jewellery,Necklaces,Collar,Metal and Plastic; Acrylic; Brass; Iron; Stone,Brushed Golden,,12.99,/241/52/218518_HM_1,218518_HM_1.jpg,none,,,,,
218524_BM,218524,Bracelet SUNSET JUNCTION Bright Multicolor,_BM,Bright Multicolor,Jewellery,Bracelets,Adjustable Bracelet,Stone; Acrylic; Brass,Golden,,6.99,/241/52/218524_BM_1,218524_BM_1.jpg,none,,,,,
218540_GD,218540,Earring GLDN DEL Gold,_GD,Gold,Jewellery,Earrings,Hoop Earrings,Glass; Zinc; Zirconium,Golden,,7.99,/241/52/218540_GD_1,218540_GD_1.jpg,none,,,,,
218540_SV,218540,Earring SILVER D Silver,_SV,Silver,Jewellery,Earrings,Hoop Earrings,Glass; Zinc; Zirconium,Golden,,7.99,/241/52/218540_SV_1,218540_SV_1.jpg,none,,,,,
218550_GD,218550,Earring GLDN DEL Gold,_GD,Gold,Jewellery,Earrings,Dangle,Brass,Golden,,5.99,/241/52/218550_GD_1,218550_GD_1.jpg,none,,,,,
218559_GD,218559,Set of Earrings GLDN DEL Gold,_GD,Gold,Jewellery,Earrings,Stud,Brass; Iron,Golden,,4.99,/241/52/218559_GD_1,218559_GD_1.jpg,none,,,,,
218571_GD,218571,Ring GLDN DEL Gold,_GD,Gold,Jewellery,Rings,Cocktail,Acrylic; Copper,Golden,,5.99,/241/52/218571_GD_1,218571_GD_1.jpg,none,,,,,
218577_GD,218577,Ring GLDN DEL Gold,_GD,Gold,Jewellery,Rings,Cocktail,Acrylic; Zinc,Golden,,5.99,/241/52/218577_GD_1,218577_GD_1.jpg,none,,,,,
218582_GD,218582,Earring GLDN DEL Gold,_GD,Gold,Jewellery,Earrings,Hoop Earrings,Zinc,Golden,,5.99,/241/52/218582_GD_1,218582_GD_1.jpg,none,,,,,
218582_SV,218582,Earring SILVER D Silver,_SV,Silver,Jewellery,Earrings,Hoop Earrings,Zinc,Golden,,5.99,/241/52/218582_SV_1,218582_SV_1.jpg,none,,,,,
218584_GD,218584,Earring GLDN DEL Gold,_GD,Gold,Jewellery,Earrings,Dangle,Zinc; Zirconium,Golden,,7.99,/241/52/218584_GD_1,218584_GD_1.jpg,none,,,,,
218590_GD,218590,Necklace GLDN DEL Gold,_GD,Gold,Jewellery,Necklaces,Beaded Necklace,Brass; Iron,Golden,,12.99,/241/52/218590_GD_1,218590_GD_1.jpg,none,,,,,
218604_BM,218604,Earring SUNSET JUNCTION Bright Multicolor,_BM,Bright Multicolor,Jewellery,Earrings,Hoop Earrings,Acrylic; Iron; Stone; Thermoplastic Polyurethane,Golden,,5.99,/241/52/218604_BM_1,218604_BM_1.jpg,none,,,,,
218624_BM,218624,Earring SUNSET JUNCTION Bright Multicolor,_BM,Bright Multicolor,Jewellery,Earrings,Hoop Earrings,Acrylic; Stone; Zinc,Golden,,5.99,/241/52/218624_BM_1,218624_BM_1.jpg,none,,,,,
218829_GN,218829,Earring NILE Green,_GN,Green,Jewellery,Earrings,Hoop Earrings,Thermoplastic Polyurethane; Zinc,Golden,,5.99,/241/52/218829_GN_1,218829_GN_1.jpg,none,,,,,
218866_BL,218866,Earring NILE Blue,_BL,Blue,Jewellery,Earrings,Hoop Earrings,Resin; Zinc,Golden,,5.99,/241/52/218866_BL_1,218866_BL_1.jpg,none,,,,,
218892_BL,218892,Earring NILE Blue,_BL,Blue,Jewellery,Earrings,Drop,Brass; Thermoplastic Polyurethane,Golden,,5.99,/241/52/218892_BL_1,218892_BL_1.jpg,none,,,,,
218892_LB,218892,Earring FORMENTERA Light Blue,_LB,Light Blue,Jewellery,Earrings,Drop,Resin; Zinc,Golden,,5.99,/241/52/218892_LB_1,218892_LB_1.jpg,none,,,,,
218892_LK,218892,Earring MODERN STONES Light Pink,_LK,Light Pink,Jewellery,Earrings,Drop,Zinc; Thermoplastic Polyurethane; Iron; Brass,Golden,,5.99,/242/52/218892_LK_1,218892_LK_1.jpg,none,,,,,
218892_TL,218892,Earring NOMADA Teal,_TL,Teal,Jewellery,Earrings,Drop,Thermoplastic Polyurethane; Brass; Zinc; Acrylic,Golden,,5.99,/242/52/218892_TL_1,218892_TL_1.jpg,none,,,,,
218893_DM,218893,Necklace NILE Dark Multicolor,_DM,Dark Multicolor,Jewellery,Necklaces,Collar,Acrylic; Iron; Stone; Zinc,Worn Gold,,12.99,/241/52/218893_DM_1,218893_DM_1.jpg,none,,,,,
218903_BL,218903,Earring NILE Blue,_BL,Blue,Jewellery,Earrings,Dangle,Iron; Resin,Burnish Golden,,5.99,/241/52/218903_BL_1,218903_BL_1.jpg,none,,,,,
218915_BL,218915,Earring NILE Blue,_BL,Blue,Jewellery,Earrings,Hoop Earrings,Acrylic; Brass,Worn Gold,,7.99,/241/52/218915_BL_1,218915_BL_1.jpg,none,,,,,
218926_BL,218926,Bracelet ATMOSPHERE Blue,_BL,Blue,Jewellery,Bracelets,Elastic Bracelet,Cork; Thermoplastic Polyurethane; Stone; Acrylic; Brass,Golden,,7.99,/242/52/218926_BL_1,218926_BL_1.jpg,none,,,,,
218926_GN,218926,Bracelet NILE Green,_GN,Green,Jewellery,Bracelets,Elastic Bracelet,Acrylic; Brass; Stone; Thermoplastic Polyurethane,Golden,,7.99,/241/52/218926_GN_1,218926_GN_1.jpg,none,,,,,
218932_OX,218932,Earring Gipsy Garden Oxford Blue,_OX,Oxford Blue,Jewellery,Earrings,Stud,Enamel; Zinc,Worn Gold,,7.99,/241/52/218932_OX_1,218932_OX_1.jpg,none,,,,,
218939_DM,218939,Earring Gipsy Garden Dark Multicolor,_DM,Dark Multicolor,Jewellery,Earrings,Hoop Earrings,Enamel; Zinc,Worn Gold,,7.99,/241/52/218939_DM_1,218939_DM_1.jpg,none,,,,,
218947_GN,218947,Necklace NILE Green,_GN,Green,Jewellery,Necklaces,Y-Necklace,Zinc; Brass; Acrylic,,,10.99,/241/52/218947_GN_1,218947_GN_1.jpg,none,,,,,
219000_BL,219000,Earring NILE Blue,_BL,Blue,Jewellery,Earrings,Stud,Thermoplastic Polyurethane; Zinc,Golden,,4.99,/241/52/219000_BL_1,219000_BL_1.jpg,none,,,,,
219023_BL,219023,Bracelet NILE Blue,_BL,Blue,Jewellery,Bracelets,Elastic Bracelet,Steel; Thermoplastic Polyurethane,Worn Gold,,5.99,/241/52/219023_BL_1,219023_BL_1.jpg,none,,,,,
219047_BM,219047,Key Chain FASHION SUPPLEMENTS Bright Multicolor,_BM,Bright Multicolor,Jewellery,Key chains,Charms,Enamel; Iron; Iron; Thermoplastic Polyurethane; Zinc,Golden,,12.99,/241/52/219047_BM_1,219047_BM_1.jpg,none,,,,,
219063_GD,219063,Pin FASHION SUPPLEMENTS Gold,_GD,Gold,Jewellery,Pins,Lady Brooche,Thermoplastic Polyurethane; Zinc,Golden,,5.99,/241/52/219063_GD_1,219063_GD_1.jpg,none,,,,,
219082_GY,219082,Earring Classy Field Grey,_GY,Grey,Jewellery,Earrings,Dangle,Stone; Zinc,Rodhium,,5.99,/241/52/219082_GY_1,219082_GY_1.jpg,none,,,,,
219099_FG,219099,Earring ATMOSPHERE Forest Green,_FG,Forest Green,Jewellery,Earrings,Drop,Iron; Resin,Worn Rhodium,,5.99,/241/52/219099_FG_1,219099_FG_1.jpg,none,,,,,
219108_HM,219108,Necklace Classy Field Halftone Multicolor,_HM,Halftone Multicolor,Jewellery,Necklaces,Collar,Iron; Resin; Shell; Stone; Zinc,Rodhium,,15.99,/241/52/219108_HM_1,219108_HM_1.jpg,none,,,,,
219147_SV,219147,Earring Classy Field Silver,_SV,Silver,Jewellery,Earrings,Stud,Iron,Worn Rhodium,,5.99,/241/52/219147_SV_1,219147_SV_1.jpg,none,,,,,
219156_SV,219156,Ring Classy Field Silver,_SV,Silver,Jewellery,Rings,Band Ring,Zinc,Rodhium,,5.99,/241/52/219156_SV_1,219156_SV_1.jpg,none,,,,,
219165_GD,219165,Earring KISSSJAM Gold,_GD,Gold,Jewellery,Earrings,Ear Cuff,Brass,Golden,,4.99,/241/52/219165_GD_1,219165_GD_1.jpg,none,,,,,
219177_OR,219177,Earring KISSSJAM Orange,_OR,Orange,Jewellery,Earrings,Hoop Earrings,Thermoplastic Polyurethane,Other,,7.99,/241/52/219177_OR_1,219177_OR_1.jpg,none,,,,,
219187_HM,219187,Necklace Classy Field Halftone Multicolor,_HM,Halftone Multicolor,Jewellery,Necklaces,Pendant,Acrylic; Resin; Shell; Zinc,Rodhium,,12.99,/241/52/219187_HM_1,219187_HM_1.jpg,none,,,,,
219192_BM,219192,Set of Earrings KISSSJAM Bright Multicolor,_BM,Bright Multicolor,Jewellery,Earrings,Hoop Earrings,Brass; Pearl; Thermoplastic Polyurethane; Zirconium,Silver,,6.99,/241/52/219192_BM_1,219192_BM_1.jpg,none,,,,,
219200_HM,219200,Set of Necklaces Classy Field Halftone Multicolor,_HM,Halftone Multicolor,Jewellery,Necklaces,Beaded Necklace,Acrylic; Glass; Iron; Resin; Shell; Stone; Thermoplastic Polyurethane; Zinc,Rodhium,,12.99,/241/52/219200_HM_1,219200_HM_1.jpg,none,,,,,
219206_GD,219206,Set of Earrings KISSSJAM Gold,_GD,Gold,Jewellery,Earrings,Hoop Earrings,Zinc; Zirconium; Acrylic; Brass,Golden,,6.99,/241/52/219206_GD_1,219206_GD_1.jpg,none,,,,,
219216_GD,219216,Earring KISSSJAM Gold,_GD,Gold,Jewellery,Earrings,Ear Cuff,Brass,Golden,,5.99,/241/52/219216_GD_1,219216_GD_1.jpg,none,,,,,
219221_BK,219221,Bracelet Milagro Black,_BK,Black,Jewellery,Bracelets,Adjustable Bracelet,Cork; Polyurethane; Iron,Golden,,7.99,/242/52/219221_BK_1,219221_BK_1.jpg,none,,,,,
219221_CF,219221,Bracelet Classy Field Coffee,_CF,Coffee,Jewellery,Bracelets,Adjustable Bracelet,Iron; Suede,Rodhium,,7.99,/241/52/219221_CF_1,219221_CF_1.jpg,none,,,,,
219225_GD,219225,Earring KISSSJAM Gold,_GD,Gold,Jewellery,Earrings,Ear Cuff,Brass; Zirconium,Golden,,6.99,/241/52/219225_GD_1,219225_GD_1.jpg,none,,,,,
219236_SV,219236,Bracelet Classy Field Silver,_SV,Silver,Jewellery,Bracelets,Non-Adjustable Bracelet,Zinc,Rodhium,,8.99,/241/52/219236_SV_1,219236_SV_1.jpg,none,,,,,
219247_CF,219247,Necklace Classy Field Coffee,_CF,Coffee,Jewellery,Necklaces,Pendant,Suede; Zinc,,,10.99,/241/52/219247_CF_1,219247_CF_1.jpg,none,,,,,
219252_SV,219252,Earring Classy Field Silver,_SV,Silver,Jewellery,Earrings,Hoop Earrings,Zinc,Worn Rhodium,,7.99,/241/52/219252_SV_1,219252_SV_1.jpg,none,,,,,
219268_DM,219268,Necklace IDENTITY Dark Multicolor,_DM,Dark Multicolor,Jewellery,Necklaces,Pendant,Polyester; Steel; Thermoplastic Polyurethane; Zinc,Worn Gold,,15.99,/241/52/219268_DM_1,219268_DM_1.jpg,none,,,,,
219276_DM,219276,Bracelet IDENTITY Dark Multicolor,_DM,Dark Multicolor,Jewellery,Bracelets,Elastic Bracelet,Clay; Polyester; Thermoplastic Polyurethane,Golden,,5.99,/241/52/219276_DM_2y,219276_DM_2y.jpg,none,,,,,
219285_DM,219285,Bracelet IDENTITY Dark Multicolor,_DM,Dark Multicolor,Jewellery,Bracelets,Non-Adjustable Bracelet,Ceramic; Glass; Iron,Other,,15.99,/241/52/219285_DM_1,219285_DM_1.jpg,none,,,,,
219293_DM,219293,Earring IDENTITY Dark Multicolor,_DM,Dark Multicolor,Jewellery,Earrings,Dangle,Enamel; Iron,Gold Plated,,8.99,/241/52/219293_DM_1,219293_DM_1.jpg,none,,,,,
219301_DM,219301,Earring IDENTITY Dark Multicolor,_DM,Dark Multicolor,Jewellery,Earrings,Hoop Earrings,Enamel; Zinc,Golden,,7.99,/241/52/219301_DM_1,219301_DM_1.jpg,none,,,,,
219308_BM,219308,Ring IDENTITY Bright Multicolor,_BM,Bright Multicolor,Jewellery,Rings,Cocktail,Enamel; Zinc,Golden,,6.99,/241/52/219308_BM_1,219308_BM_1.jpg,none,,,,,
219321_PU,219321,Earring MADEIRA Purple,_PU,Purple,Jewellery,Earrings,Hoop Earrings,Acrylic; Enamel,Silver,,7.99,/241/52/219321_PU_1,219321_PU_1.jpg,none,,,,,
219331_DM,219331,Earring IDENTITY Dark Multicolor,_DM,Dark Multicolor,Jewellery,Earrings,Hoop Earrings,Acrylic; Glass; Iron; Zinc,Worn Gold,,7.99,/241/52/219331_DM_1,219331_DM_1.jpg,none,,,,,
219342_BU,219342,Ring MADEIRA Burgundy,_BU,Burgundy,Jewellery,Rings,Fantasy,Resin,,,9.99,/241/52/219342_BU_1,219342_BU_1.jpg,none,,,,,
219359_MI,219359,Necklace IDENTITY Midnight Blue,_MI,Midnight Blue,Jewellery,Necklaces,Pendant,Glass; Iron,Worn Gold,,12.99,/241/52/219359_MI_1,219359_MI_1.jpg,none,,,,,
219369_GD,219369,Earring IDENTITY Gold,_GD,Gold,Jewellery,Earrings,Stud,Zinc,Worn Gold,,5.99,/241/52/219369_GD_1,219369_GD_1.jpg,none,,,,,
219376_BM,219376,Necklace KISSSJAM Bright Multicolor,_BM,Bright Multicolor,Jewellery,Necklaces,Chain,Brass; Iron; Zinc,,,10.99,/241/52/219376_BM_1,219376_BM_1.jpg,none,,,,,
219382_BM,219382,Set of Earrings KISSSJAM Bright Multicolor,_BM,Bright Multicolor,Jewellery,Earrings,Hoop Earrings,Brass; Zinc; Zirconium,Golden,,6.99,/241/52/219382_BM_1,219382_BM_1.jpg,none,,,,,
219390_BM,219390,Set of Earrings KISSSJAM Bright Multicolor,_BM,Bright Multicolor,Jewellery,Earrings,Hoop Earrings,Brass; Enamel; Zinc,Golden,,5.99,/241/52/219390_BM_1,219390_BM_1.jpg,none,,,,,
219395_BM,219395,Set of Earrings KISSSJAM Bright Multicolor,_BM,Bright Multicolor,Jewellery,Earrings,Hoop Earrings,Brass; Glass; Zinc,Golden,,6.99,/241/52/219395_BM_1,219395_BM_1.jpg,none,,,,,
219401_SV,219401,Earring KISSSJAM Silver,_SV,Silver,Jewellery,Earrings,Ear Cuff,Brass; Glass,Silver,,5.99,/241/52/219401_SV_1,219401_SV_1.jpg,none,,,,,
219407_BM,219407,Set of Earrings KISSSJAM Bright Multicolor,_BM,Bright Multicolor,Jewellery,Earrings,Hoop Earrings,Glass; Iron; Zinc; Zirconium,Golden,,5.99,/241/52/219407_BM_1,219407_BM_1.jpg,none,,,,,
219422_SV,219422,Earring Classy Field Silver,_SV,Silver,Jewellery,Earrings,Hoop Earrings,Zinc,Rodhium,,5.99,/241/52/219422_SV_1,219422_SV_1.jpg,none,,,,,
219529_BM,219529,Necklace FABRIC COLLECTION Bright Multicolor,_BM,Bright Multicolor,Jewellery,Necklaces,Beaded Necklace,RECYCLED COTTON; glass bead,Other,,25.99,/241/52/219529_BM_1,219529_BM_1.jpg,none,,,,,
219762_GD,219762,Earring Golden Basics Gold,_GD,Gold,Jewellery,Earrings,Stud,Zinc,,,5.99,/241/52/219762_GD_1,219762_GD_1.jpg,none,,,,,
219763_GD,219763,Bracelet Golden Basics Gold,_GD,Gold,Jewellery,Bracelets,Cuff,Zinc,Golden,,8.99,/242/52/219763_GD_1,219763_GD_1.jpg,none,,,,,
219763_SV,219763,Bracelet SILVER BASICS Silver,_SV,Silver,Jewellery,Bracelets,Cuff,Zinc,Rodhium,,8.99,/242/52/219763_SV_1,219763_SV_1.jpg,none,,,,,
219770_IV,219770,Bracelet Golden Basics Extra Ivory,_IV,Ivory,Jewellery,Bracelets,Cuff,Iron; Thermoplastic Polyurethane; Zinc,Golden,,7.99,/241/52/219770_IV_1,219770_IV_1.jpg,none,,,,,
219776_IV,219776,Earring Golden Basics Extra Ivory,_IV,Ivory,Jewellery,Earrings,Hoop Earrings,Thermoplastic Polyurethane; Zinc,Golden,,5.99,/241/52/219776_IV_1,219776_IV_1.jpg,none,,,,,
219861_BM,219861,Bracelet ARM PURPLE Bright Multicolor,_BM,Bright Multicolor,Jewellery,Bracelets,Adjustable Bracelet,Brass; Enamel; Silk; Zinc,Golden,,5.99,/241/52/219861_BM_1,219861_BM_1.jpg,none,,,,,
219970_GN,219970,Earring DOMINICA Green,_GN,Green,Jewellery,Earrings,Dangle,Acrylic; Iron,Brushed Golden,,7.99,/241/52/219970_GN_1,219970_GN_1.jpg,none,,,,,
219975_BM,219975,Earring DOMINICA Bright Multicolor,_BM,Bright Multicolor,Jewellery,Earrings,Dangle,Iron; Shell,Brushed Golden,,7.99,/241/52/219975_BM_1,219975_BM_1.jpg,none,,,,,
219980_BM,219980,Necklace DOMINICA Bright Multicolor,_BM,Bright Multicolor,Jewellery,Necklaces,Beaded Necklace,Acrylic; Brass; Cotton; Iron; Raffia; Shell; Wood; Zinc,,,10.99,/241/52/219980_BM_1,219980_BM_1.jpg,none,,,,,
220011_BM,220011,Bracelet DOMINICA Bright Multicolor,_BM,Bright Multicolor,Jewellery,Bracelets,Elastic Bracelet,Glass; Polyester; Resin; Wood; Metal Fitting,Golden,,7.99,/241/52/220011_BM_1,220011_BM_1.jpg,none,,,,,
220026_OR,220026,Earring DOMINICA Orange,_OR,Orange,Jewellery,Earrings,Dangle,Glass; Polyester; Metal Fitting,Other,,7.99,/241/52/220026_OR_1,220026_OR_1.jpg,none,,,,,
220040_BL,220040,Ring DOMINICA Blue,_BL,Blue,Jewellery,Rings,Fantasy,Brass,Golden,,5.99,/241/52/220040_BL_1,220040_BL_1.jpg,none,,,,,
220301_BM,220301,Earring DOMINICA Bright Multicolor,_BM,Bright Multicolor,Jewellery,Earrings,Hoop Earrings,Copper; Glass; Thermoplastic Polyurethane,Golden,,5.99,/241/52/220301_BM_1,220301_BM_1.jpg,none,,,,,
220310_GN,220310,Earring DOMINICA Green,_GN,Green,Jewellery,Earrings,Dangle,Glass; Iron; Raffia; Resin; Zinc,Other,,7.99,/241/52/220310_GN_1,220310_GN_1.jpg,none,,,,,
220318_BL,220318,Ring DOMINICA Blue,_BL,Blue,Jewellery,Rings,Fantasy,Resin; Zinc,Brushed Golden,,5.99,/241/52/220318_BL_1,220318_BL_1.jpg,none,,,,,
220323_BM,220323,Earring DOMINICA Bright Multicolor,_BM,Bright Multicolor,Jewellery,Earrings,Dangle,Zinc; Acrylic; Enamel; Iron,,,9.99,/241/52/220323_BM_1,220323_BM_1.jpg,none,,,,,
220330_GD,220330,Earring TREND Gold,_GD,Gold,Jewellery,Earrings,Dangle,Zinc,,,9.99,/241/52/220330_GD_1,220330_GD_1.jpg,none,,,,,
220337_GD,220337,Earring TREND Gold,_GD,Gold,Jewellery,Earrings,Clip Earrings,Resin; Zinc,,,9.99,/241/52/220337_GD_1,220337_GD_1.jpg,none,,,,,
2203731WT,220373,Earring TREND White,1WT,White,Jewellery,Earrings,Dangle,Cotton; Glass; Iron; Raffia,,,9.99,/242/52/2203731WT_1,2203731WT_1.jpg,none,,,,,
220373_PK,220373,Earring TREND Pink,_PK,Pink,Jewellery,Earrings,Dangle,Cotton; Glass; Iron; Raffia,,,9.99,/241/52/220373_PK_1,220373_PK_1.jpg,none,,,,,
220374_PU,220374,Earring TREND Purple,_PU,Purple,Jewellery,Earrings,Dangle,Glass; Iron; Polyurethane; Thermoplastic Polyurethane,Golden,,15.99,/241/52/220374_PU_1,220374_PU_1.jpg,none,,,,,
220381_BL,220381,Earring TREND Blue,_BL,Blue,Jewellery,Earrings,Hoop Earrings,Glass; Iron; Thermoplastic Polyurethane,Other,,12.99,/241/52/220381_BL_1,220381_BL_1.jpg,none,,,,,
220391_GD,220391,Earring TREND Gold,_GD,Gold,Jewellery,Earrings,Dangle,Iron,,,9.99,/241/52/220391_GD_1,220391_GD_1.jpg,none,,,,,
220393_BL,220393,Earring TREND Blue,_BL,Blue,Jewellery,Earrings,Stud,Enamel; Zinc,,,9.99,/241/52/220393_BL_1,220393_BL_1.jpg,none,,,,,
220393_DN,220393,Earring TREND Dark Green,_DN,Dark Green,Jewellery,Earrings,Stud,Zinc; Enamel,,,9.99,/242/52/220393_DN_1,220393_DN_1.jpg,none,,,,,
220393_OR,220393,Earring TREND Orange,_OR,Orange,Jewellery,Earrings,Stud,Zinc; Enamel,,,9.99,/242/52/220393_OR_1,220393_OR_1.jpg,none,,,,,
220424_BL,220424,Earring TREND Blue,_BL,Blue,Jewellery,Earrings,Stud,Enamel; Iron; Zamac,Golden,,7.99,/241/52/220424_BL_1,220424_BL_1.jpg,none,,,,,
220434_GD,220434,Earring TREND Gold,_GD,Gold,Jewellery,Earrings,Stud,Iron,,,9.99,/241/52/220434_GD_1,220434_GD_1.jpg,none,,,,,
220440_CL,220440,Earring TREND Coral,_CL,Coral,Jewellery,Earrings,Dangle,Acrylic; Polyester,Other,,12.99,/241/52/220440_CL_1,220440_CL_1.jpg,none,,,,,
220485_BM,220485,Earring SUNSET JUNCTION Bright Multicolor,_BM,Bright Multicolor,Jewellery,Earrings,Dangle,Acrylic; Iron; Stone,Other,,5.99,/241/52/220485_BM_1,220485_BM_1.jpg,none,,,,,
220612_GD,220612,Ring FORMENTERA Gold,_GD,Gold,Jewellery,Rings,Band Ring,Zinc,Golden,,5.99,/241/52/220612_GD_1,220612_GD_1.jpg,none,,,,,
2206170BM,220617,Necklace FORMENTERA Bright Multicolor,0BM,Bright Multicolor,Jewellery,Necklaces,Collar,Acrylic; Ceramic; Copper; Iron; Zamac,Golden,,12.99,/241/52/2206170BM_1y,2206170BM_1y.jpg,none,,,,,
220717_BM,220717,Set of Necklaces FORMENTERA Bright Multicolor,_BM,Bright Multicolor,Jewellery,Necklaces,Beaded Necklace,Acrylic; Cotton; Iron; Wood; Zinc,Golden,,12.99,/241/52/220717_BM_1,220717_BM_1.jpg,none,,,,,
220729_NV,220729,Earring FORMENTERA Navy,_NV,Navy,Jewellery,Earrings,Hoop Earrings,Iron; Resin; Thermoplastic Polyurethane,Worn Gold,,5.99,/241/52/220729_NV_1,220729_NV_1.jpg,none,,,,,
220739_NV,220739,Necklace FORMENTERA Navy,_NV,Navy,Jewellery,Necklaces,Pendant,Resin; Zinc,Worn Gold,,12.99,/241/52/220739_NV_1,220739_NV_1.jpg,none,,,,,
220772_HM,220772,Bracelet FORMENTERA Halftone Multicolor,_HM,Halftone Multicolor,Jewellery,Bracelets,Elastic Bracelet,Stone; Thermoplastic Polyurethane,Worn Gold,,5.99,/241/52/220772_HM_1,220772_HM_1.jpg,none,,,,,
220778_HM,220778,Bracelet FORMENTERA Halftone Multicolor,_HM,Halftone Multicolor,Jewellery,Bracelets,Elastic Bracelet,Elastane; Zinc,,,9.99,/241/52/220778_HM_1,220778_HM_1.jpg,none,,,,,
220784_BM,220784,Earring IDENTITY Bright Multicolor,_BM,Bright Multicolor,Jewellery,Earrings,Dangle,Acrylic; Copper; Enamel; Zinc,,,9.99,/241/52/220784_BM_1,220784_BM_1.jpg,none,,,,,
220789_BM,220789,Earring IDENTITY Bright Multicolor,_BM,Bright Multicolor,Jewellery,Earrings,Hoop Earrings,Enamel; Glass; Iron; Zinc,Golden,,7.99,/241/52/220789_BM_1,220789_BM_1.jpg,none,,,,,
220804_WT,220804,Bracelet Golden Basics White,_WT,White,Jewellery,Bracelets,Elastic Bracelet,Elastane; Shell; Thermoplastic Polyurethane; Zinc,Golden,,6.99,/242/52/220804_WT_1,220804_WT_1.jpg,none,,,,,
220810_WT,220810,Earring Golden Basics White,_WT,White,Jewellery,Earrings,Dangle,Iron; Shell,Golden,,15.99,/242/52/220810_WT_1,220810_WT_1.jpg,none,,,,,
220818_WT,220818,Necklace Golden Basics White,_WT,White,Jewellery,Necklaces,Pendant,Acrylic; Copper; Shell,Golden,,12.99,/242/52/220818_WT_1,220818_WT_1.jpg,none,,,,,
220827_WT,220827,Ring Golden Basics White,_WT,White,Jewellery,Rings,Cocktail,Enamel; Zinc,Golden,,5.99,/242/52/220827_WT_1,220827_WT_1.jpg,none,,,,,
220835_WT,220835,Necklace Golden Basics White,_WT,White,Jewellery,Necklaces,Pendant,Glass; Shell; Steel; Zinc,,,10.99,/242/52/220835_WT_1,220835_WT_1.jpg,none,,,,,
220841_WT,220841,Ring Golden Basics White,_WT,White,Jewellery,Rings,Cocktail,Shell; Zinc,Golden,,6.99,/242/52/220841_WT_1,220841_WT_1.jpg,none,,,,,
220848_WT,220848,Earring Golden Basics White,_WT,White,Jewellery,Earrings,Dangle,Shell; Zinc,Golden,,5.99,/242/52/220848_WT_1,220848_WT_1.jpg,none,,,,,
220855_WT,220855,Earring Golden Basics White,_WT,White,Jewellery,Earrings,Hoop Earrings,Shell; Zinc,Golden,,5.99,/242/52/220855_WT_1,220855_WT_1.jpg,none,,,,,
220862_WT,220862,Ring Golden Basics White,_WT,White,Jewellery,Rings,Cocktail,Zinc; Shell,Golden,,6.99,/242/52/220862_WT_1,220862_WT_1.jpg,none,,,,,
220872_IV,220872,Bracelet Golden Basics Extra Ivory,_IV,Ivory,Jewellery,Bracelets,Elastic Bracelet,Enamel; Thermoplastic Polyurethane; Zinc,Golden,,5.99,/241/52/220872_IV_1,220872_IV_1.jpg,none,,,,,
220879_BG,220879,Necklace MADEIRA Beige,_BG,Beige,Jewellery,Necklaces,Bib Necklace,Cotton; Wood,Golden,,19.99,/241/52/220879_BG_1,220879_BG_1.jpg,none,,,,,
220911_WT,220911,Necklace Golden Basics White,_WT,White,Jewellery,Necklaces,Pendant,Iron; Shell; Zinc,Golden,,12.99,/242/52/220911_WT_1,220911_WT_1.jpg,none,,,,,
220917_WT,220917,Earring Golden Basics White,_WT,White,Jewellery,Earrings,Hoop Earrings,Iron; Shell,Golden,,8.99,/241/52/220917_WT_1,220917_WT_1.jpg,none,,,,,
220924_WT,220924,Earring Golden Basics White,_WT,White,Jewellery,Earrings,Stud,Iron; Shell,Golden,,7.99,/242/52/220924_WT_1,220924_WT_1.jpg,none,,,,,
221018_WT,221018,Earring Golden Basics White,_WT,White,Jewellery,Earrings,Drop,Copper; Iron; Shell,Golden,,7.99,/242/52/221018_WT_1,221018_WT_1.jpg,none,,,,,
221026_IV,221026,Earring Golden Basics Extra Ivory,_IV,Ivory,Jewellery,Earrings,Dangle,Enamel; Zinc,Golden,,7.99,/241/52/221026_IV_1,221026_IV_1.jpg,none,,,,,
221035_WT,221035,Bracelet Golden Basics White,_WT,White,Jewellery,Bracelets,Elastic Bracelet,Shell; Thermoplastic Polyurethane,,,9.99,/242/52/221035_WT_1,221035_WT_1.jpg,none,,,,,
221042_WT,221042,Earring Golden Basics White,_WT,White,Jewellery,Earrings,Hoop Earrings,Iron; Shell; Thermoplastic Polyurethane,Golden,,5.99,/242/52/221042_WT_1,221042_WT_1.jpg,none,,,,,
221048_WT,221048,Necklace Golden Basics White,_WT,White,Jewellery,Necklaces,Pendant,Acrylic; Iron; Shell; Zinc,Golden,,12.99,/242/52/221048_WT_1,221048_WT_1.jpg,none,,,,,
221054_WT,221054,Necklace Golden Basics White,_WT,White,Jewellery,Necklaces,Beaded Necklace,Acrylic; Iron; Shell; Zinc,,,10.99,/242/52/221054_WT_1,221054_WT_1.jpg,none,,,,,
221086_GD,221086,Earring GLDN DEL Gold,_GD,Gold,Jewellery,Earrings,Dangle,Zinc; Acrylic; Brass,Golden,,5.99,/242/52/221086_GD_1,221086_GD_1.jpg,none,,,,,
221086_SV,221086,Earring SILVER D Silver,_SV,Silver,Jewellery,Earrings,Dangle,Acrylic; Brass; Zinc,Golden,,5.99,/242/52/221086_SV_1,221086_SV_1.jpg,none,,,,,
221091_GD,221091,Earring GLDN DEL Gold,_GD,Gold,Jewellery,Earrings,Dangle,Brass,Golden,,5.99,/242/52/221091_GD_1,221091_GD_1.jpg,none,,,,,
221096_GD,221096,Earring GLDN DEL Gold,_GD,Gold,Jewellery,Earrings,Dangle,Brass,Golden,,7.99,/242/52/221096_GD_1,221096_GD_1.jpg,none,,,,,
221096_SV,221096,Earring SILVER D Silver,_SV,Silver,Jewellery,Earrings,Dangle,Brass,Golden,,7.99,/242/52/221096_SV_1,221096_SV_1.jpg,none,,,,,
221103_GD,221103,Necklace GLDN DEL Gold,_GD,Gold,Jewellery,Necklaces,Beaded Necklace,Brass; Iron,Golden,,12.99,/242/52/221103_GD_1,221103_GD_1.jpg,none,,,,,
221103_SV,221103,Necklace SILVER D Silver,_SV,Silver,Jewellery,Necklaces,Beaded Necklace,Iron; Brass,Golden,,12.99,/242/52/221103_SV_1,221103_SV_1.jpg,none,,,,,
221107_GD,221107,Earring GLDN DEL Gold,_GD,Gold,Jewellery,Earrings,Stud,Pearl; Zinc,Golden,,4.99,/242/52/221107_GD_2y,221107_GD_2y.jpg,none,,,,,
221114_GD,221114,Earring GLDN DEL Gold,_GD,Gold,Jewellery,Earrings,Dangle,Acrylic; Brass; Iron; Pearl; Thermoplastic Polyurethane,Golden,,5.99,/242/52/221114_GD_1,221114_GD_1.jpg,none,,,,,
221114_SV,221114,Earring SILVER D Silver,_SV,Silver,Jewellery,Earrings,Dangle,Acrylic; Brass; Iron; Pearl; Thermoplastic Polyurethane,Golden,,5.99,/242/52/221114_SV_2y,221114_SV_2y.jpg,none,,,,,
221116_GD,221116,Necklace GLDN DEL Gold,_GD,Gold,Jewellery,Necklaces,Beaded Necklace,Iron; Zinc,,,10.99,/242/52/221116_GD_1,221116_GD_1.jpg,none,,,,,
221125_GD,221125,Ring GLDN DEL Gold,_GD,Gold,Jewellery,Rings,Band Ring,Brass,Golden,,5.99,/242/52/221125_GD_1,221125_GD_1.jpg,none,,,,,
221140_HM,221140,Earring NOMADA Halftone Multicolor,_HM,Halftone Multicolor,Jewellery,Earrings,Hoop Earrings,Thermoplastic Polyurethane; Shell; Iron,Golden,,7.99,/242/52/221140_HM_1,221140_HM_1.jpg,none,,,,,
221140_WT,221140,Earring Golden Basics White,_WT,White,Jewellery,Earrings,Hoop Earrings,Iron; Shell; Thermoplastic Polyurethane,Golden,,7.99,/242/52/221140_WT_1,221140_WT_1.jpg,none,,,,,
221150_BM,221150,Necklace TROPICAL GEMS Bright Multicolor,_BM,Bright Multicolor,Jewellery,Necklaces,Beaded Necklace,Cotton; Glass,Other,,8.99,/241/52/221150_BM_1,221150_BM_1.jpg,none,,,,,
221168_BM,221168,Earring TROPICAL GEMS Bright Multicolor,_BM,Bright Multicolor,Jewellery,Earrings,Hoop Earrings,Acrylic; Iron; Thermoplastic Polyurethane,Golden,,5.99,/241/52/221168_BM_1,221168_BM_1.jpg,none,,,,,
221239_BM,221239,Necklace TROPICAL GEMS Bright Multicolor,_BM,Bright Multicolor,Jewellery,Necklaces,Beaded Necklace,Enamel; Glass; Shell; Stone; Zinc,,,10.99,/241/52/221239_BM_1,221239_BM_1.jpg,none,,,,,
221245_BM,221245,Bracelet TROPICAL GEMS Bright Multicolor,_BM,Bright Multicolor,Jewellery,Bracelets,Elastic Bracelet,Elastane; Glass; Zinc,Golden,,5.99,/241/52/221245_BM_1,221245_BM_1.jpg,none,,,,,
221251_BM,221251,Necklace TROPICAL GEMS Bright Multicolor,_BM,Bright Multicolor,Jewellery,Necklaces,Beaded Necklace,Ceramic; Glass; Iron; Shell; Zinc,,,10.99,/241/52/221251_BM_1,221251_BM_1.jpg,none,,,,,
221260_BM,221260,Bracelet TROPICAL GEMS Bright Multicolor,_BM,Bright Multicolor,Jewellery,Bracelets,Elastic Bracelet,Glass; Shell; Thermoplastic Polyurethane,Golden,,7.99,/241/52/221260_BM_1,221260_BM_1.jpg,none,,,,,
221268_GD,221268,Ring GLDN DEL Gold,_GD,Gold,Jewellery,Rings,Cocktail,Brass; Zirconium,Golden,,6.99,/242/52/221268_GD_1,221268_GD_1.jpg,none,,,,,
221269_GD,221269,Necklace GLDN DEL Gold,_GD,Gold,Jewellery,Necklaces,Y-Necklace,Iron; Zinc; Zirconium; Brass,Golden,,12.99,/242/52/221269_GD_1,221269_GD_1.jpg,none,,,,,
221269_SV,221269,Necklace SILVER D Silver,_SV,Silver,Jewellery,Necklaces,Y-Necklace,Brass; Iron; Zinc; Zirconium,Golden,,12.99,/242/52/221269_SV_1,221269_SV_1.jpg,none,,,,,
221277_SV,221277,Earring SILVER D Silver,_SV,Silver,Jewellery,Earrings,Dangle,Brass; Glass; Zinc; Iron; Zirconium,Silver,,7.99,/242/52/221277_SV_1,221277_SV_1.jpg,none,,,,,
221284_BM,221284,Necklace TROPICAL GEMS Bright Multicolor,_BM,Bright Multicolor,Jewellery,Necklaces,Beaded Necklace,Glass; Shell; Zinc,Golden,,12.99,/241/52/221284_BM_1,221284_BM_1.jpg,none,,,,,
221294_BM,221294,Earring TROPICAL GEMS Bright Multicolor,_BM,Bright Multicolor,Jewellery,Earrings,Dangle,Glass; Iron,Golden,,8.99,/241/52/221294_BM_1,221294_BM_1.jpg,none,,,,,
221295_GD,221295,Earring GLDN DEL Gold,_GD,Gold,Jewellery,Earrings,Drop,Brass; Zirconium,Golden,,7.99,/242/52/221295_GD_1,221295_GD_1.jpg,none,,,,,
221295_SV,221295,Earring SILVER D Silver,_SV,Silver,Jewellery,Earrings,Drop,Brass; Zirconium,Golden,,7.99,/242/52/221295_SV_1,221295_SV_1.jpg,none,,,,,
221447_BL,221447,Bracelet Arm Sea Blue,_BL,Blue,Jewellery,Bracelets,Non-Adjustable Bracelet,Stone; Zinc,Other,,7.99,/242/52/221447_BL_1,221447_BL_1.jpg,none,,,,,
221454_BM,221454,Key Chain FASHION SUPPLEMENTS Bright Multicolor,_BM,Bright Multicolor,Jewellery,Key chains,Figures,Acrylic; Iron; Iron,,,9.99,/242/52/221454_BM_1,221454_BM_1.jpg,none,,,,,
221483_BL,221483,Bracelet Arm Sea Blue,_BL,Blue,Jewellery,Bracelets,Adjustable Bracelet,Brass; Enamel; Polyester; Zinc; Zirconium,Golden,,5.99,/242/52/221483_BL_1,221483_BL_1.jpg,none,,,,,
221507_BL,221507,Bracelet Arm Sea Blue,_BL,Blue,Jewellery,Bracelets,Adjustable Bracelet,Brass; Polyester; Thermoplastic Polyurethane; Zinc,Golden,,7.99,/242/52/221507_BL_1,221507_BL_1.jpg,none,,,,,
221517_BL,221517,Bracelet Arm Sea Blue,_BL,Blue,Jewellery,Bracelets,Adjustable Bracelet,Copper; Glass; Pearl; Polyamide; Zinc,Golden,,5.99,/242/52/221517_BL_1,221517_BL_1.jpg,none,,,,,
221526_BM,221526,Key Chain FASHION SUPPLEMENTS Bright Multicolor,_BM,Bright Multicolor,Jewellery,Key chains,Other Key-Chain,Thermoplastic Polyurethane; Zinc,Golden,,12.99,/242/52/221526_BM_1,221526_BM_1.jpg,none,,,,,
221545_BM,221545,Key Chain FASHION SUPPLEMENTS Bright Multicolor,_BM,Bright Multicolor,Jewellery,Key chains,Figures,Iron; Resin; Zinc; Zinc,,,9.99,/242/52/221545_BM_1,221545_BM_1.jpg,none,,,,,
221560_GD,221560,Pin FASHION SUPPLEMENTS Gold,_GD,Gold,Jewellery,Pins,Lady Pin,Iron,Golden,,5.99,/242/52/221560_GD_1,221560_GD_1.jpg,none,,,,,
221568_OR,221568,Key Chain FASHION SUPPLEMENTS Orange,_OR,Orange,Jewellery,Key chains,Figures,Glass; Iron; Zinc; Zinc; Acrylic,,,9.99,/242/52/221568_OR_1,221568_OR_1.jpg,none,,,,,
221601_HM,221601,Ring GLDN DEL Halftone Multicolor,_HM,Halftone Multicolor,Jewellery,Rings,Cocktail,Copper; Glass,Golden,,6.99,/242/52/221601_HM_1,221601_HM_1.jpg,none,,,,,
221616_HM,221616,Earring GLDN DEL Halftone Multicolor,_HM,Halftone Multicolor,Jewellery,Earrings,Hoop Earrings,Brass; Zirconium,Golden,,8.99,/242/52/221616_HM_1,221616_HM_1.jpg,none,,,,,
221622_HM,221622,Ring GLDN DEL Halftone Multicolor,_HM,Halftone Multicolor,Jewellery,Rings,Cocktail,Brass; Zirconium; Glass; Acrylic,Golden,,5.99,/242/52/221622_HM_1,221622_HM_1.jpg,none,,,,,
221632_HM,221632,Earring GLDN DEL Halftone Multicolor,_HM,Halftone Multicolor,Jewellery,Earrings,Dangle,Zinc; Zirconium,Golden,,7.99,/242/52/221632_HM_1,221632_HM_1.jpg,none,,,,,
221814_TG,221814,Earring WATERMELON PARTY Pastel Green,_TG,Pastel Green,Jewellery,Earrings,Dangle,Iron; Shell,Brushed Golden,,7.99,/242/52/221814_TG_1,221814_TG_1.jpg,none,,,,,
221820_OL,221820,Earring WATERMELON PARTY Olive,_OL,Olive,Jewellery,Earrings,Hoop Earrings,Enamel; Zinc,Golden,,7.99,/242/52/221820_OL_1,221820_OL_1.jpg,none,,,,,
221830_BM,221830,Bracelet WATERMELON PARTY Bright Multicolor,_BM,Bright Multicolor,Jewellery,Bracelets,Anklet,Iron; Shell; Zinc,Golden,,8.99,/242/52/221830_BM_1,221830_BM_1.jpg,none,,,,,
221838_CL,221838,Earring WATERMELON PARTY Coral,_CL,Coral,Jewellery,Earrings,Dangle,Iron; Shell,Golden,,8.99,/242/52/221838_CL_1,221838_CL_1.jpg,none,,,,,
221881_BM,221881,Earring WATERMELON PARTY Bright Multicolor,_BM,Bright Multicolor,Jewellery,Earrings,Stud,Shell; Steel; Stone,Golden,,5.99,/242/52/221881_BM_1,221881_BM_1.jpg,none,,,,,
221888_BM,221888,Earring WATERMELON PARTY Bright Multicolor,_BM,Bright Multicolor,Jewellery,Earrings,Hoop Earrings,Acrylic; Iron,Golden,,7.99,/242/52/221888_BM_1,221888_BM_1.jpg,none,,,,,
221888_CL,221888,Earring WATERMELON PARTY Coral,_CL,Coral,Jewellery,Earrings,Hoop Earrings,Acrylic; Iron,Golden,,7.99,/242/52/221888_CL_1,221888_CL_1.jpg,none,,,,,
221904_BM,221904,Earring WATERMELON PARTY Bright Multicolor,_BM,Bright Multicolor,Jewellery,Earrings,Hoop Earrings,Iron; Shell; Acrylic,Golden,,5.99,/242/52/221904_BM_1,221904_BM_1.jpg,none,,,,,
221925_TL,221925,Earring WATERMELON PARTY Teal,_TL,Teal,Jewellery,Earrings,Dangle,Iron; Shell,Brushed Golden,,5.99,/242/52/221925_TL_1,221925_TL_1.jpg,none,,,,,
222003_CL,222003,Earring WATERMELON PARTY Coral,_CL,Coral,Jewellery,Earrings,Dangle,Iron; Shell,Brushed Golden,,5.99,/242/52/222003_CL_1,222003_CL_1.jpg,none,,,,,
222054_BM,222054,Earring WATERMELON PARTY Bright Multicolor,_BM,Bright Multicolor,Jewellery,Earrings,Dangle,Iron; Shell,Golden,,7.99,/242/52/222054_BM_1,222054_BM_1.jpg,none,,,,,
222066_CL,222066,Bracelet WATERMELON PARTY Coral,_CL,Coral,Jewellery,Bracelets,Anklet,Iron; Shell; Thermoplastic Polyurethane,Golden,,7.99,/242/52/222066_CL_1,222066_CL_1.jpg,none,,,,,
222080_AQ,222080,Bracelet WATERMELON PARTY Aquamarine,_AQ,Aquamarine,Jewellery,Bracelets,Anklet,Iron; Pearl; Shell,Golden,,7.99,/242/52/222080_AQ_1,222080_AQ_1.jpg,none,,,,,
222318_BM,222318,Key Chain FASHION SUPPLEMENTS Bright Multicolor,_BM,Bright Multicolor,Jewellery,Key chains,Other Key-Chain,Cotton; Enamel; Iron; Iron; Zinc; Zinc,,,9.99,/242/52/222318_BM_1,222318_BM_1.jpg,none,,,,,
222833_CL,222833,Earring WATERMELON PARTY Coral,_CL,Coral,Jewellery,Earrings,Stud,Resin,Golden,,5.99,/242/52/222833_CL_1,222833_CL_1.jpg,none,,,,,
223001_TG,223001,Ring SPIRIT Pastel Green,_TG,Pastel Green,Jewellery,Rings,Cocktail,Brass; Glass,Matte Golden,,6.99,/242/52/223001_TG_1,223001_TG_1.jpg,none,,,,,
223008_PM,223008,Earring SPIRIT Pastel Multicolor,_PM,Pastel Multicolor,Jewellery,Earrings,Hoop Earrings,Cork; Stone; Iron; Pearl; Zinc,Matte Golden,,8.99,/242/52/223008_PM_1,223008_PM_1.jpg,none,,,,,
223017_PM,223017,Necklace SPIRIT Pastel Multicolor,_PM,Pastel Multicolor,Jewellery,Necklaces,Chain,Cork; Iron; Brass; Stone; Pearl; Acrylic,Golden,,12.99,/242/52/223017_PM_1,223017_PM_1.jpg,none,,,,,
223028_PM,223028,Earring SPIRIT Pastel Multicolor,_PM,Pastel Multicolor,Jewellery,Earrings,Drop,Acrylic; Iron; Stone; Zinc,Matte Golden,,7.99,/242/52/223028_PM_1,223028_PM_1.jpg,none,,,,,
223060_GD,223060,Earring SPIRIT Gold,_GD,Gold,Jewellery,Earrings,Dangle,Iron,,,9.99,/242/52/223060_GD_1,223060_GD_1.jpg,none,,,,,
223069_PM,223069,Necklace SPIRIT Pastel Multicolor,_PM,Pastel Multicolor,Jewellery,Necklaces,Chain,Brass; Stone; Thermoplastic Polyurethane,,,10.99,/242/52/223069_PM_1,223069_PM_1.jpg,none,,,,,
223119_GD,223119,Earring SPIRIT Gold,_GD,Gold,Jewellery,Earrings,Hoop Earrings,Zinc,Matte Golden,,5.99,/242/52/223119_GD_1,223119_GD_1.jpg,none,,,,,
223124_PM,223124,Earring SPIRIT Pastel Multicolor,_PM,Pastel Multicolor,Jewellery,Earrings,Hoop Earrings,Steel; Thermoplastic Polyurethane; Zinc,Matte Golden,,5.99,/242/52/223124_PM_1,223124_PM_1.jpg,none,,,,,
223212_BM,223212,Bracelet MARBLEMANIA Bright Multicolor,_BM,Bright Multicolor,Jewellery,Bracelets,Elastic Bracelet,Acrylic,,,9.99,/242/52/223212_BM_1,223212_BM_1.jpg,none,,,,,
223228_BM,223228,Set of Earrings MARBLEMANIA Bright Multicolor,_BM,Bright Multicolor,Jewellery,Earrings,Hoop Earrings,Acrylic; Enamel; Cork,Other,,8.99,/242/52/223228_BM_1,223228_BM_1.jpg,none,,,,,
223252_GD,223252,Earring TREND Gold,_GD,Gold,Jewellery,Earrings,Dangle,Steel; Iron,Worn Gold,,12.99,/242/52/223252_GD_1,223252_GD_1.jpg,none,,,,,
223259_OR,223259,Earring TREND Orange,_OR,Orange,Jewellery,Earrings,Tassel Earring,Cotton; Zinc,Worn Gold,,12.99,/242/52/223259_OR_1,223259_OR_1.jpg,none,,,,,
223266_GD,223266,Necklace TREND Gold,_GD,Gold,Jewellery,Necklaces,Pendant,Metal Fitting; Brass,Worn Gold,,17.99,/242/52/223266_GD_1,223266_GD_1.jpg,none,,,,,
223274_HM,223274,Earring TREND Halftone Multicolor,_HM,Halftone Multicolor,Jewellery,Earrings,Dangle,Thermoplastic Polyurethane,,,9.99,/242/52/223274_HM_2y,223274_HM_2y.jpg,none,,,,,
223287_HM,223287,Earring MARBLEMANIA Halftone Multicolor,_HM,Halftone Multicolor,Jewellery,Earrings,Dangle,Iron; Thermoplastic Polyurethane,Other,,7.99,/242/52/223287_HM_1,223287_HM_1.jpg,none,,,,,
2233011BU,223301,Earring MONETT Burgundy,1BU,Burgundy,Jewellery,Earrings,Stud,Iron; Resin,Other,,5.99,/242/52/2233011BU_1,2233011BU_1.jpg,none,,,,,
223301_BL,223301,Earring ATMOSPHERE Blue,_BL,Blue,Jewellery,Earrings,Stud,Resin,Other,,5.99,/242/52/223301_BL_1,223301_BL_1.jpg,none,,,,,
223301_BU,223301,Earring MARBLEMANIA Burgundy,_BU,Burgundy,Jewellery,Earrings,Stud,Thermoplastic Polyurethane,Other,,5.99,/242/52/223301_BU_1,223301_BU_1.jpg,none,,,,,
223301_FU,223301,Earring MARBLEMANIA Fuchsia,_FU,Fuchsia,Jewellery,Earrings,Stud,Thermoplastic Polyurethane,Other,,5.99,/242/52/223301_FU_1,223301_FU_1.jpg,none,,,,,
223301_LK,223301,Earring MONETT Light Pink,_LK,Light Pink,Jewellery,Earrings,Stud,Resin; Iron,Other,,5.99,/242/52/223301_LK_1,223301_LK_1.jpg,none,,,,,
223301_MT,223301,Earring MONETT Mint,_MT,Mint,Jewellery,Earrings,Stud,Cork; Resin; Iron,Other,,5.99,/242/52/223301_MT_1,223301_MT_1.jpg,none,,,,,
223303_DN,223303,Earring TREND Dark Green,_DN,Dark Green,Jewellery,Earrings,Hoop Earrings,Cork; Resin; Iron; Brass,Other,,12.99,/242/52/223303_DN_1,223303_DN_1.jpg,none,,,,,
223303_WT,223303,Earring TREND White,_WT,White,Jewellery,Earrings,Hoop Earrings,Cork; Resin; Brass; Iron,Other,,12.99,/242/52/223303_WT_1,223303_WT_1.jpg,none,,,,,
223305_FU,223305,Bracelet MARBLEMANIA Fuchsia,_FU,Fuchsia,Jewellery,Bracelets,Bangle,Thermoplastic Polyurethane,,,9.99,/242/52/223305_FU_1,223305_FU_1.jpg,none,,,,,
223321_WT,223321,Necklace TREND White,_WT,White,Jewellery,Necklaces,Pendant,Metal Fitting; Zinc; Enamel; Iron; Shell,Worn Gold,,17.99,/242/52/223321_WT_1,223321_WT_1.jpg,none,,,,,
223326_BM,223326,Ring MARBLEMANIA Bright Multicolor,_BM,Bright Multicolor,Jewellery,Rings,Band Ring,Resin,Other,,7.99,/242/52/223326_BM_1,223326_BM_1.jpg,none,,,,,
223355_WT,223355,Earring TREND White,_WT,White,Jewellery,Earrings,Clip Earrings,Cork; Straw; Thermoplastic Polyurethane; Wood; Shell; Zinc,Worn Gold,,15.99,/242/52/223355_WT_1y,223355_WT_1y.jpg,none,,,,,
223361_GD,223361,Earring TREND Gold,_GD,Gold,Jewellery,Earrings,Drop,Cork; Iron,Burnish Golden,,12.99,/242/52/223361_GD_1,223361_GD_1.jpg,none,,,,,
223407_BM,223407,Set of Rings MARBLEMANIA Bright Multicolor,_BM,Bright Multicolor,Jewellery,Rings,Band Ring,Resin,Other,,7.99,/242/52/223407_BM_1,223407_BM_1.jpg,none,,,,,
223420_WT,223420,Earring TREND White,_WT,White,Jewellery,Earrings,Dangle,Cork; Raffia; Cotton; Iron,,,9.99,/242/52/223420_WT_2y,223420_WT_2y.jpg,none,,,,,
2234771DN,223477,Necklace TREND Dark Green,1DN,Dark Green,Jewellery,Necklaces,Pendant,Iron; Cotton; Resin,Other,,15.99,/242/52/2234771DN_1,2234771DN_1.jpg,none,,,,,
223477_DN,223477,Necklace TREND Dark Green,_DN,Dark Green,Jewellery,Necklaces,Pendant,Resin; Cotton,Other,,15.99,/242/52/223477_DN_1,223477_DN_1.jpg,none,,,,,
223477_OR,223477,Necklace TREND Orange,_OR,Orange,Jewellery,Necklaces,Pendant,Cotton; Iron; Resin,Other,,15.99,/242/52/223477_OR_1,223477_OR_1.jpg,none,,,,,
223681_BR,223681,Earring MUSTANG Brick Red,_BR,Brick Red,Jewellery,Earrings,Hoop Earrings,Cork; Acrylic; Resin; Iron,Antik Golden,,7.99,/242/52/223681_BR_1,223681_BR_1.jpg,none,,,,,
223692_HM,223692,Ring MUSTANG Halftone Multicolor,_HM,Halftone Multicolor,Jewellery,Rings,Cocktail,Cork; Acrylic; Thermoplastic Polyurethane; Resin,Antik Golden,,6.99,/242/52/223692_HM_1,223692_HM_1.jpg,none,,,,,
223702_HM,223702,Earring MUSTANG Halftone Multicolor,_HM,Halftone Multicolor,Jewellery,Earrings,Hoop Earrings,Cork; Pearl; Brass; Thermoplastic Polyurethane,,,5.99,/242/52/223702_HM_1,223702_HM_1.jpg,none,,,,,
223707_BR,223707,Necklace MUSTANG Brick Red,_BR,Brick Red,Jewellery,Necklaces,Beaded Necklace,Cork; Stone; Zinc; Thermoplastic Polyurethane,Antik Golden,,12.99,/242/52/223707_BR_1,223707_BR_1.jpg,none,,,,,
223727_SV,223727,Set of Necklaces silver basics EXTRA Silver,_SV,Silver,Jewellery,Necklaces,Chain,Cork; Zinc; Brass,Rodhium,,12.99,/242/52/223727_SV_1,223727_SV_1.jpg,none,,,,,
223741_SV,223741,Set of Rings silver basics EXTRA Silver,_SV,Silver,Jewellery,Rings,Band Ring,Cork; Zinc,Rodhium,,7.99,/242/52/223741_SV_1,223741_SV_1.jpg,none,,,,,
223748_HM,223748,Bracelet MUSTANG Halftone Multicolor,_HM,Halftone Multicolor,Jewellery,Bracelets,Elastic Bracelet,Cork; Thermoplastic Polyurethane; Zinc; Elastane; Acrylic,Antik Golden,,5.99,/242/52/223748_HM_1,223748_HM_1.jpg,none,,,,,
223753_HM,223753,Ring MUSTANG Halftone Multicolor,_HM,Halftone Multicolor,Jewellery,Rings,Stone/Gem,Cork; Zinc; Enamel,Antik Golden,,7.99,/242/52/223753_HM_1,223753_HM_1.jpg,none,,,,,
223758_LB,223758,Earring MUSTANG Light Blue,_LB,Light Blue,Jewellery,Earrings,Stud,Cork; Resin; Stainless Steel; Brass,Antik Golden,,5.99,/242/52/223758_LB_1,223758_LB_1.jpg,none,,,,,
223774_HM,223774,Earring MUSTANG Halftone Multicolor,_HM,Halftone Multicolor,Jewellery,Earrings,Hoop Earrings,Cork; Iron; Resin,,,9.99,/242/52/223774_HM_1,223774_HM_1.jpg,none,,,,,
223782_SV,223782,Set of Bracelets silver basics EXTRA Silver,_SV,Silver,Jewellery,Bracelets,Elastic Bracelet,Cork; Zinc; Iron; Thermoplastic Polyurethane,Rodhium,,7.99,/242/52/223782_SV_1,223782_SV_1.jpg,none,,,,,
223789_SV,223789,Earring silver basics EXTRA Silver,_SV,Silver,Jewellery,Earrings,Hoop Earrings,Cork; Resin; Zinc,Rodhium,,5.99,/242/52/223789_SV_1,223789_SV_1.jpg,none,,,,,
223798_SV,223798,Earring silver basics EXTRA Silver,_SV,Silver,Jewellery,Earrings,Stud,Zinc,Rodhium,,5.99,/242/52/223798_SV_1,223798_SV_1.jpg,none,,,,,
223805_HM,223805,Earring MUSTANG Halftone Multicolor,_HM,Halftone Multicolor,Jewellery,Earrings,Dangle,Cork; Zinc; Resin,Antik Golden,,5.99,/242/52/223805_HM_1,223805_HM_1.jpg,none,,,,,
223811_SV,223811,Set of Earrings silver basics EXTRA Silver,_SV,Silver,Jewellery,Earrings,Ear Cuff,Cork; Brass,Rodhium,,5.99,/242/52/223811_SV_1,223811_SV_1.jpg,none,,,,,
223818_SV,223818,Ring silver basics EXTRA Silver,_SV,Silver,Jewellery,Rings,Band Ring,Zinc,Rodhium,,5.99,/242/52/223818_SV_1,223818_SV_1.jpg,none,,,,,
223824_SV,223824,Necklace silver basics EXTRA Silver,_SV,Silver,Jewellery,Necklaces,Chain,Cork; Zinc,,,10.99,/242/52/223824_SV_1,223824_SV_1.jpg,none,,,,,
223833_SV,223833,Earring SILVER BASICS Silver,_SV,Silver,Jewellery,Earrings,Hoop Earrings,Cork; Thermoplastic Polyurethane,Rodhium,,5.99,/242/52/223833_SV_1,223833_SV_1.jpg,none,,,,,
223839_RD,223839,Earring SILVER BASICS Red,_RD,Red,Jewellery,Earrings,Stud,Cork; Thermoplastic Polyurethane,Rodhium,,5.99,/242/52/223839_RD_1,223839_RD_1.jpg,none,,,,,
223845_SV,223845,Earring SILVER BASICS Silver,_SV,Silver,Jewellery,Earrings,Ear Jacket,Cork; Zinc,Rodhium,,5.99,/242/52/223845_SV_1,223845_SV_1.jpg,none,,,,,
223853_SV,223853,Necklace SILVER BASICS Silver,_SV,Silver,Jewellery,Necklaces,Pendant,Camel Bone; Zinc; Brass,Rodhium,,12.99,/242/52/223853_SV_1,223853_SV_1.jpg,none,,,,,
223859_SV,223859,Necklace SILVER BASICS Silver,_SV,Silver,Jewellery,Necklaces,Pendant,Cork; Iron; Zinc,,,10.99,/242/52/223859_SV_1,223859_SV_1.jpg,none,,,,,
223865_SV,223865,Earring SILVER BASICS Silver,_SV,Silver,Jewellery,Earrings,Clip Earrings,Cork; Brass,Rodhium,,7.99,/242/52/223865_SV_1,223865_SV_1.jpg,none,,,,,
223880_SV,223880,Earring SILVER BASICS Silver,_SV,Silver,Jewellery,Earrings,Hoop Earrings,Zinc,Rodhium,,7.99,/242/52/223880_SV_1,223880_SV_1.jpg,none,,,,,
223891_SV,223891,Earring SILVER BASICS Silver,_SV,Silver,Jewellery,Earrings,Hoop Earrings,Zinc,Rodhium,,5.99,/242/52/223891_SV_1,223891_SV_1.jpg,none,,,,,
223901_SV,223901,Necklace SILVER BASICS Silver,_SV,Silver,Jewellery,Necklaces,Pendant,Cork; Zinc; Iron,,,10.99,/242/52/223901_SV_1,223901_SV_1.jpg,none,,,,,
223908_SV,223908,Earring SILVER BASICS Silver,_SV,Silver,Jewellery,Earrings,Hoop Earrings,Zinc; Steel,Rodhium,,7.99,/242/52/223908_SV_1,223908_SV_1.jpg,none,,,,,
223914_SV,223914,Earring SILVER BASICS Silver,_SV,Silver,Jewellery,Earrings,Hoop Earrings,Stainless Steel; Thermoplastic Polyurethane,Rodhium,,5.99,/242/52/223914_SV_1,223914_SV_1.jpg,none,,,,,
223953_GD,223953,Earring GLDN DEL Gold,_GD,Gold,Jewellery,Earrings,Drop,Brass; Glass; Zinc,,,9.99,/242/52/223953_GD_1,223953_GD_1.jpg,none,,,,,
223953_SV,223953,Earring SILVER D Silver,_SV,Silver,Jewellery,Earrings,Drop,Brass; Zinc; Glass,,,9.99,/242/52/223953_SV_1,223953_SV_1.jpg,none,,,,,
223954_GD,223954,Earring GLDN DEL Gold,_GD,Gold,Jewellery,Earrings,Stud,Brass; Zinc; Pearl,,,9.99,/242/52/223954_GD_1,223954_GD_1.jpg,none,,,,,
224161_GD,224161,Earring TREND Gold,_GD,Gold,Jewellery,Earrings,Dangle,Cork; Brass; Zinc,,,9.99,/242/52/224161_GD_1,224161_GD_1.jpg,none,,,,,
224266_HM,224266,Earring MONETT Halftone Multicolor,_HM,Halftone Multicolor,Jewellery,Earrings,Dangle,Zinc; Resin; Iron,Golden,,7.99,/242/52/224266_HM_1,224266_HM_1.jpg,none,,,,,
224300_HM,224300,Necklace MONETT Halftone Multicolor,_HM,Halftone Multicolor,Jewellery,Necklaces,Beaded Necklace,Cork; Glass; Acrylic; Thermoplastic Polyurethane; Stone; Iron,Golden,,10.99,/242/52/224300_HM_1,224300_HM_1.jpg,none,,,,,
224331_HM,224331,Earring MONETT Halftone Multicolor,_HM,Halftone Multicolor,Jewellery,Earrings,Dangle,Resin; Iron,Golden,,7.99,/242/52/224331_HM_1,224331_HM_1.jpg,none,,,,,
224339_TG,224339,Earring MONETT Pastel Green,_TG,Pastel Green,Jewellery,Earrings,Clip Earrings,Resin; Polyester,Other,,8.99,/242/52/224339_TG_1,224339_TG_1.jpg,none,,,,,
224381_GN,224381,Earring MONETT Green,_GN,Green,Jewellery,Earrings,Stud,Resin; Zinc,Brushed Golden,,5.99,/242/52/224381_GN_1,224381_GN_1.jpg,none,,,,,
224389_HM,224389,Earring MONETT Halftone Multicolor,_HM,Halftone Multicolor,Jewellery,Earrings,Hoop Earrings,Acrylic; Iron; Stone; Thermoplastic Polyurethane,Golden,,7.99,/242/52/224389_HM_1,224389_HM_1.jpg,none,,,,,
224398_HM,224398,Necklace MONETT Halftone Multicolor,_HM,Halftone Multicolor,Jewellery,Necklaces,Beaded Necklace,Zinc; Brass; Acrylic; Cork,Golden,,12.99,/242/52/224398_HM_1,224398_HM_1.jpg,none,,,,,
224406_MV,224406,Earring MONETT Mauve,_MV,Mauve,Jewellery,Earrings,Dangle,Ceramic; Iron; Acrylic; Cork,Brushed Golden,,7.99,/242/52/224406_MV_1,224406_MV_1.jpg,none,,,,,
224412_HM,224412,Earring MONETT Halftone Multicolor,_HM,Halftone Multicolor,Jewellery,Earrings,Dangle,Thermoplastic Polyurethane,Golden,,7.99,/242/52/224412_HM_1,224412_HM_1.jpg,none,,,,,
224520_GD,224520,Bracelet GLDN DEL Gold,_GD,Gold,Jewellery,Bracelets,Non-Adjustable Bracelet,Zirconium; Brass,Golden,,5.99,/242/52/224520_GD_1,224520_GD_1.jpg,none,,,,,
224562_BK,224562,Earring Milagro Black,_BK,Black,Jewellery,Earrings,Hoop Earrings,Zinc; Thermoplastic Polyurethane,Golden,,7.99,/242/52/224562_BK_1,224562_BK_1.jpg,none,,,,,
224570_BK,224570,Ring Milagro Black,_BK,Black,Jewellery,Rings,Band Ring,Stone; Copper,Golden,,4.99,/242/52/224570_BK_1,224570_BK_1.jpg,none,,,,,
224582_BK,224582,Necklace Milagro Black,_BK,Black,Jewellery,Necklaces,Pendant,Zinc; Polyurethane,Golden,,12.99,/242/52/224582_BK_1,224582_BK_1.jpg,none,,,,,
224585_BK,224585,Earring Milagro Black,_BK,Black,Jewellery,Earrings,Hoop Earrings,Cork; Thermoplastic Polyurethane; Enamel,Golden,,5.99,/242/52/224585_BK_1,224585_BK_1.jpg,none,,,,,
224585_DN,224585,Earring GALÁPAGOS Dark Green,_DN,Dark Green,Jewellery,Earrings,Hoop Earrings,Enamel; Thermoplastic Polyurethane,Golden,,5.99,/242/52/224585_DN_1,224585_DN_1.jpg,none,,,,,
224589_BK,224589,Earring Milagro Black,_BK,Black,Jewellery,Earrings,Clip Earrings,Cork; Zinc; Enamel,Golden,,8.99,/242/52/224589_BK_1,224589_BK_1.jpg,none,,,,,
224595_BK,224595,Set of Necklaces Milagro Black,_BK,Black,Jewellery,Necklaces,Beaded Necklace,Cork; Stone; Thermoplastic Polyurethane; Acrylic; Pearl; Glass; Iron; Brass,Golden,,15.99,/242/52/224595_BK_1,224595_BK_1.jpg,none,,,,,
224603_BK,224603,Earring Milagro Black,_BK,Black,Jewellery,Earrings,Hoop Earrings,Cork; Glass; Zinc,Golden,,7.99,/242/52/224603_BK_1,224603_BK_1.jpg,none,,,,,
224608_BK,224608,Earring Milagro Black,_BK,Black,Jewellery,Earrings,Hoop Earrings,Enamel; Iron,Golden,,7.99,/242/52/224608_BK_1,224608_BK_1.jpg,none,,,,,
224617_BK,224617,Earring Milagro Black,_BK,Black,Jewellery,Earrings,Dangle,Brass,Golden,,7.99,/242/52/224617_BK_1,224617_BK_1.jpg,none,,,,,
224625_BK,224625,Earring Milagro Black,_BK,Black,Jewellery,Earrings,Hoop Earrings,Cork; Brass,Golden,,5.99,/242/52/224625_BK_1,224625_BK_1.jpg,none,,,,,
224631_BK,224631,Earring Milagro Black,_BK,Black,Jewellery,Earrings,Dangle,Cork; Resin; Brass; Zinc,Golden,,7.99,/242/52/224631_BK_1,224631_BK_1.jpg,none,,,,,
224638_BK,224638,Earring Milagro Black,_BK,Black,Jewellery,Earrings,Stud,Zinc; Resin,Golden,,5.99,/242/52/224638_BK_1,224638_BK_1.jpg,none,,,,,
224650_BK,224650,Ring Milagro Black,_BK,Black,Jewellery,Rings,Band Ring,Zinc; Enamel; Cork,Golden,,4.99,/242/52/224650_BK_1,224650_BK_1.jpg,none,,,,,
224657_GD,224657,Earring Golden Basics Gold,_GD,Gold,Jewellery,Earrings,Dangle,Iron,Golden,,4.99,/242/52/224657_GD_1,224657_GD_1.jpg,none,,,,,
224665_GD,224665,Earring Golden Basics Gold,_GD,Gold,Jewellery,Earrings,Hoop Earrings,Cork; Iron; Zinc,Golden,,5.99,/242/52/224665_GD_1,224665_GD_1.jpg,none,,,,,
224672_GD,224672,Necklace Golden Basics Gold,_GD,Gold,Jewellery,Necklaces,Beaded Necklace,Cork; Iron; Brass; Zinc,,,10.99,/242/52/224672_GD_1,224672_GD_1.jpg,none,,,,,
224679_GD,224679,Earring Golden Basics Gold,_GD,Gold,Jewellery,Earrings,Dangle,Iron,Golden,,5.99,/242/52/224679_GD_1,224679_GD_1.jpg,none,,,,,
224685_GD,224685,Earring Golden Basics Gold,_GD,Gold,Jewellery,Earrings,Dangle,Steel,Golden,,7.99,/242/52/224685_GD_1,224685_GD_1.jpg,none,,,,,
224725_MM,224725,Necklace NOMADA Metallic Multicolor,_MM,Metallic Multicolor,Jewellery,Necklaces,Chain,Cork; Zinc; Iron,,,10.99,/242/52/224725_MM_2y,224725_MM_2y.jpg,none,,,,,
224731_HM,224731,Earring NOMADA Halftone Multicolor,_HM,Halftone Multicolor,Jewellery,Earrings,Hoop Earrings,Cork; Iron; Stone; Acrylic,Golden,,7.99,/242/52/224731_HM_1,224731_HM_1.jpg,none,,,,,
224745_HM,224745,Earring NOMADA Halftone Multicolor,_HM,Halftone Multicolor,Jewellery,Earrings,Stud,Cork; Resin; Iron; Zinc,Golden,,5.99,/242/52/224745_HM_1,224745_HM_1.jpg,none,,,,,
224754_OX,224754,Earring NOMADA Oxford Blue,_OX,Oxford Blue,Jewellery,Earrings,Dangle,Cork; Stone; Zinc,,,9.99,/242/52/224754_OX_1,224754_OX_1.jpg,none,,,,,
224771_HM,224771,Earring NOMADA Halftone Multicolor,_HM,Halftone Multicolor,Jewellery,Earrings,Dangle,Cork; Brass; Zinc; Stone; Resin; Iron,Golden,,8.99,/242/52/224771_HM_1,224771_HM_1.jpg,none,,,,,
224788_HM,224788,Earring NOMADA Halftone Multicolor,_HM,Halftone Multicolor,Jewellery,Earrings,Dangle,Acrylic; Thermoplastic Polyurethane; Iron; Resin; Brass,Golden,,7.99,/242/52/224788_HM_1,224788_HM_1.jpg,none,,,,,
224798_TL,224798,Earring NOMADA Teal,_TL,Teal,Jewellery,Earrings,Drop,Cork; Stone; Zinc,Golden,,5.99,/242/52/224798_TL_1,224798_TL_1.jpg,none,,,,,
224803_IG,224803,Ring NOMADA Indigo,_IG,Indigo,Jewellery,Rings,Cocktail,Zinc; Stone,Golden,,5.99,/242/52/224803_IG_1,224803_IG_1.jpg,none,,,,,
224811_HM,224811,Necklace NOMADA Halftone Multicolor,_HM,Halftone Multicolor,Jewellery,Necklaces,Pendant,Iron; Zinc; Stone; Brass; Cork,Golden,,12.99,/242/52/224811_HM_1,224811_HM_1.jpg,none,,,,,
224819_HM,224819,Ring NOMADA Halftone Multicolor,_HM,Halftone Multicolor,Jewellery,Rings,Band Ring,Cork; Zinc; Stone,Silver,,5.99,/242/52/224819_HM_1,224819_HM_1.jpg,none,,,,,
224928_GD,224928,Necklace BULKY GOLD PLATED Gold,_GD,Gold,Jewellery,Necklaces,Collar,Brass,Gold Plated,,49.99,/242/52/224928_GD_1,224928_GD_1.jpg,none,,,,,
224933_GD,224933,Ring BULKY GOLD PLATED Gold,_GD,Gold,Jewellery,Rings,Cocktail,Brass,Gold Plated,,23.99,/242/52/224933_GD_1,224933_GD_1.jpg,none,,,,,
224987_BL,224987,Necklace ATMOSPHERE Blue,_BL,Blue,Jewellery,Necklaces,Beaded Necklace,Iron; Thermoplastic Polyurethane,Rodhium,,12.99,/242/52/224987_BL_1,224987_BL_1.jpg,none,,,,,
224993_BL,224993,Necklace ATMOSPHERE Blue,_BL,Blue,Jewellery,Necklaces,Pendant,Thermoplastic Polyurethane; Cork; Cotton; Iron; Acrylic; Stone,Rodhium,,12.99,/242/52/224993_BL_1,224993_BL_1.jpg,none,,,,,
225014_GD,225014,Earring GOLD PLATED COLLECTION Gold,_GD,Gold,Jewellery,Earrings,Hoop Earrings,Stone; Brass,Gold Plated,,35.99,/242/52/225014_GD_1,225014_GD_1.jpg,none,,,,,
225024_GD,225024,Ring GOLD PLATED COLLECTION Gold,_GD,Gold,Jewellery,Rings,Stone/Gem,Stone; Brass,Gold Plated,,19.99,/242/52/225024_GD_1,225024_GD_1.jpg,none,,,,,
225030_BL,225030,Bracelet ATMOSPHERE Blue,_BL,Blue,Jewellery,Bracelets,Bangle,Thermoplastic Polyurethane; Steel,Rodhium,,12.99,/242/52/225030_BL_1,225030_BL_1.jpg,none,,,,,
225036_BL,225036,Earring ATMOSPHERE Blue,_BL,Blue,Jewellery,Earrings,Dangle,Steel; Thermoplastic Polyurethane,Rodhium,,7.99,/242/52/225036_BL_1,225036_BL_1.jpg,none,,,,,
225047_BL,225047,Ring ATMOSPHERE Blue,_BL,Blue,Jewellery,Rings,Fantasy,Resin; Zinc,Rodhium,,6.99,/242/52/225047_BL_1,225047_BL_1.jpg,none,,,,,
206044_EC,206044,Multipurpose Purse BRENDA Ecru,_EC,Ecru,Wallet,Multipurpose Purse,Knit,Cotton; Cotton,,,19.99,/232/62/206044_EC_1,206044_EC_1.jpg,none,,,,,
207405_BG,207405,Card Holder BASIC LOLITA Beige,_BG,Beige,Wallet,Card Holder,Plain PU,Polyester; Polyurethane,,,7.99,/232/62/207405_BG_1,207405_BG_1.jpg,none,,,,,
208013_EC,208013,Wallet SAMANTHA Ecru,_EC,Ecru,Wallet,Wallet,Printed PU,Polyester; Polyurethane; Polyurethane,,,17.99,/232/62/208013_EC_1,208013_EC_1.jpg,none,,,,,
208031_GN,208031,Multipurpose Purse SAMANTHA Green,_GN,Green,Wallet,Multipurpose Purse,Nylon,Polyester; Polyester,,,12.99,/232/62/208031_GN_1,208031_GN_1.jpg,none,,,,,
208070_LK,208070,Wallet SAMANTHA Light Pink,_LK,Light Pink,Wallet,Wallet,Plain PU,Polyester; Polyester; Polyurethane; Polyurethane; Polyurethane,,,15.99,/232/62/208070_LK_1,208070_LK_1.jpg,none,,,,,
208714_OR,208714,Coin Purse ROSALIA Orange,_OR,Orange,Wallet,Coin Purse,Plain PU,Polyester; Polyurethane,,,7.99,/232/62/208714_OR_1,208714_OR_1.jpg,none,,,,,
208715_EC,208715,Card Holder ROSALIA Ecru,_EC,Ecru,Wallet,Card Holder,Plain PU,Polyester; Polyurethane,,,7.99,/232/62/208715_EC_1,208715_EC_1.jpg,none,,,,,
208715_PU,208715,Card Holder ROSALIA Purple,_PU,Purple,Wallet,Card Holder,Plain PU,Polyester; Polyurethane,,,7.99,/232/62/208715_PU_1,208715_PU_1.jpg,none,,,,,
208727_EC,208727,Wallet BASIC LAURINDA Ecru,_EC,Ecru,Wallet,Wallet,Printed PU,Polyester; Polyurethane; Polyurethane,,,10.99,/232/62/208727_EC_1,208727_EC_1.jpg,none,,,,,
208729_EC,208729,Wallet BASIC LAURINDA Ecru,_EC,Ecru,Wallet,Wallet,Plain PU,Polyester; Polyurethane; Polyurethane,,,12.99,/232/62/208729_EC_1,208729_EC_1.jpg,none,,,,,
208729_GN,208729,Wallet BASIC LAURINDA Green,_GN,Green,Wallet,Wallet,Plain PU,Polyester; Polyurethane; Polyurethane,,,12.99,/232/62/208729_GN_1,208729_GN_1.jpg,none,,,,,
208729_NV,208729,Wallet mirabel Navy,_NV,Navy,Wallet,Wallet,Plain PU,Polyester; Polyurethane; Polyurethane,,,12.99,/232/62/208729_NV_1,208729_NV_1.jpg,none,,,,,
209071_BL,209071,Wallet GARDEN Blue,_BL,Blue,Wallet,Wallet,Printed PU,Polyester; Polyester; Polyurethane; Polyurethane,,,17.99,/232/62/209071_BL_1,209071_BL_1.jpg,none,,,,,
209442_SW,209442,Phone Holder SOLAR Straw,_SW,Straw,Wallet,Phone Holder,Paper straw,Linen; Paper; Polyurethane; Polyurethane,,,15.99,/232/62/209442_SW_1,209442_SW_1.jpg,none,,,,,
209568_GN,209568,Phone Holder GLICINIA Green,_GN,Green,Wallet,Phone Holder,Printed PU,Polyester; Polyurethane; Polyurethane; Thermoplastic Polyurethane,,,17.99,/232/62/209568_GN_1,209568_GN_1.jpg,none,,,,,
209746_BL,209746,Wallet CHER Blue,_BL,Blue,Wallet,Wallet,Plain PU,Polyester; Polyurethane; Polyurethane,,,12.99,/232/62/209746_BL_1,209746_BL_1.jpg,none,,,,,
209746_WT,209746,Wallet CHER White,_WT,White,Wallet,Wallet,Plain PU,Polyester; Polyurethane; Polyurethane,,,12.99,/232/62/209746_WT_1,209746_WT_1.jpg,none,,,,,
209769_BK,209769,Phone Holder CHER Black,_BK,Black,Wallet,Phone Holder,Plain PU,Polyester; Polyester; Polyurethane,,,17.99,/232/62/209769_BK_1,209769_BK_1.jpg,none,,,,,
209975_EC,209975,Phone Holder tilda Ecru,_EC,Ecru,Wallet,Phone Holder,Plain PU,Polyester; Polyurethane; Polyurethane,,,17.99,/232/62/209975_EC_1,209975_EC_1.jpg,none,,,,,
209979_BL,209979,Card Holder tilda Blue,_BL,Blue,Wallet,Card Holder,Plain PU,Acrylic; Polyester; Polyurethane; Resin,,,12.99,/232/62/209979_BL_1,209979_BL_1.jpg,none,,,,,
209979_PK,209979,Card Holder tilda Pink,_PK,Pink,Wallet,Card Holder,Plain PU,Acrylic; Polyester; Polyurethane; Resin,,,12.99,/232/62/209979_PK_1,209979_PK_1.jpg,none,,,,,
209982_PK,209982,Phone Holder tilda Pink,_PK,Pink,Wallet,Phone Holder,Beads,Fiberglass,,,22.99,/232/62/209982_PK_1,209982_PK_1.jpg,none,,,,,
210055_CL,210055,Phone Holder MIK Coral,_CL,Coral,Wallet,Phone Holder,Fake Nylon,Polyester; Polyester; Polyurethane; Polyurethane,,,17.99,/232/62/210055_CL_1,210055_CL_1.jpg,none,,,,,
210055_EC,210055,Phone Holder MIK Ecru,_EC,Ecru,Wallet,Phone Holder,Fake Nylon,Polyester; Polyester; Polyurethane; Polyurethane,,,17.99,/232/62/210055_EC_1,210055_EC_1.jpg,none,,,,,
210055_TU,210055,Phone Holder MIK Taupe,_TU,Taupe,Wallet,Phone Holder,Fake Nylon,Polyester; Polyester; Polyurethane; Polyurethane,,,17.99,/232/62/210055_TU_1,210055_TU_1.jpg,none,,,,,
210163_EC,210163,Coin Purse mirabel Ecru,_EC,Ecru,Wallet,Coin Purse,Printed PU,Polyester; Polyurethane,,,7.99,/232/62/210163_EC_1,210163_EC_1.jpg,none,,,,,
210199_EC,210199,Wallet manolita Ecru,_EC,Ecru,Wallet,Wallet,Printed PU,Polyester; Polyurethane; Polyurethane,,,15.99,/232/62/210199_EC_1,210199_EC_1.jpg,none,,,,,
210213_AQ,210213,Wallet bjork Aquamarine,_AQ,Aquamarine,Wallet,Wallet,Plain PU,Polyester; Polyurethane; Polyurethane,,,12.99,/232/62/210213_AQ_1,210213_AQ_1.jpg,none,,,,,
210213_PK,210213,Wallet bjork Pink,_PK,Pink,Wallet,Wallet,Plain PU,Polyester; Polyurethane; Polyurethane,,,12.99,/232/62/210213_PK_1,210213_PK_1.jpg,none,,,,,
210222_PK,210222,Document Holder bjork Pink,_PK,Pink,Wallet,Others,Document Holder,Polyester; Polyurethane; Polyurethane,,,15.99,/232/62/210222_PK_1,210222_PK_1.jpg,none,,,,,
210775_BM,210775,Phone Holder Elle Bright Multicolor,_BM,Bright Multicolor,Wallet,Phone Holder,Plastic,Polyurethane; Silicone; Thermoplastic Polyurethane,,,17.99,/232/62/210775_BM_1,210775_BM_1.jpg,none,,,,,
210785_LN,210785,Card Holder mirabel Light Green,_LN,Light Green,Wallet,Card Holder,Plain PU,Polyester; Polyurethane,,,5.99,/232/62/210785_LN_1,210785_LN_1.jpg,none,,,,,
210785_SK,210785,Card Holder mirabel Skin,_SK,Skin,Wallet,Card Holder,Plain PU,Polyester; Polyurethane,,,5.99,/232/62/210785_SK_1,210785_SK_1.jpg,none,,,,,
210855_GN,210855,Card Holder Elle Green,_GN,Green,Wallet,Card Holder,Plain PU,Polyester; Polyurethane; Polyurethane,,,9.99,/232/62/210855_GN_1,210855_GN_1.jpg,none,,,,,
210862_BM,210862,Coin Purse Elle Bright Multicolor,_BM,Bright Multicolor,Wallet,Coin Purse,Printed PU,Polyester; Polyurethane,,,7.99,/232/62/210862_BM_1,210862_BM_1.jpg,none,,,,,
210963_BL,210963,Phone Holder AUBREY 1 Blue,_BL,Blue,Wallet,Phone Holder,Printed PU,Polyester; Polyester; Polyurethane,,,12.99,/232/62/210963_BL_1,210963_BL_1.jpg,none,,,,,
211099_DM,211099,Coin Purse Pam Dark Multicolor,_DM,Dark Multicolor,Wallet,Coin Purse,Printed Nylon,Polyester; Polyester; Polyurethane,,,9.99,/232/62/211099_DM_1,211099_DM_1.jpg,none,,,,,
211106_BK,211106,Phone Holder Pam Black,_BK,Black,Wallet,Phone Holder,Plain PU,Polyester; Polyurethane,,,17.99,/232/62/211106_BK_1,211106_BK_1.jpg,none,,,,,
211106_EC,211106,Phone Holder Pam Ecru,_EC,Ecru,Wallet,Phone Holder,Plain PU,Polyester; Polyurethane,,,17.99,/232/62/211106_EC_1,211106_EC_1.jpg,none,,,,,
211189_BM,211189,Phone Holder AUGUSTO 2 Bright Multicolor,_BM,Bright Multicolor,Wallet,Phone Holder,Printed Nylon,Polyester; Polyester; Polyurethane,,,17.99,/232/62/211189_BM_1,211189_BM_1.jpg,none,,,,,
211356_DM,211356,Wallet irene Dark Multicolor,_DM,Dark Multicolor,Wallet,Wallet,Printed PU,Polyester; Polyurethane; Polyurethane,,,17.99,/232/62/211356_DM_1,211356_DM_1.jpg,none,,,,,
211362_BK,211362,Phone Holder irene Black,_BK,Black,Wallet,Phone Holder,Nylon,Polyester; Polyester; Polyester; Polyester,,,17.99,/232/62/211362_BK_1,211362_BK_1.jpg,none,,,,,
211368_DM,211368,Card Holder irene Dark Multicolor,_DM,Dark Multicolor,Wallet,Card Holder,Printed Nylon,Polyester; Polyester,,,7.99,/232/62/211368_DM_1,211368_DM_1.jpg,none,,,,,
211537_KK,211537,Phone Holder lara Khaki,_KK,Khaki,Wallet,Phone Holder,Peach PU,Polyurethane; Polyurethane; Polyester; Polyester,,,15.99,/232/62/211537_KK_1,211537_KK_1.jpg,none,,,,,
211544_LL,211544,Notebook lara Lilac,_LL,Lilac,Wallet,Others,Notebook,Paper; Polyurethane,,,17.99,/232/62/211544_LL_1,211544_LL_1.jpg,none,,,,,
211549_BU,211549,Wallet Basic Portia Burgundy,_BU,Burgundy,Wallet,Wallet,Plain PU,Polyester; Polyurethane; Polyurethane,,,17.99,/232/62/211549_BU_1,211549_BU_1.jpg,none,,,,,
211549_LL,211549,Wallet Basic Portia Lilac,_LL,Lilac,Wallet,Wallet,Plain PU,Polyester; Polyurethane; Polyurethane,,,17.99,/232/62/211549_LL_1,211549_LL_1.jpg,none,,,,,
211553_BL,211553,Wallet Basic Portia Blue,_BL,Blue,Wallet,Wallet,Plain PU,Polyester; Polyurethane; Polyurethane,,,10.99,/232/62/211553_BL_1,211553_BL_1.jpg,none,,,,,
211702_DM,211702,Wallet FARM2 Dark Multicolor,_DM,Dark Multicolor,Wallet,Wallet,Real Fur,Cow Leather; Polyester; Polyurethane,,,15.99,/232/62/211702_DM_1,211702_DM_1.jpg,none,,,,,
211857_LL,211857,Wallet NINA Lilac,_LL,Lilac,Wallet,Wallet,Patchwork,Iron; Polyester; Polyurethane; Polyurethane; Thermoplastic Polyurethane; Cow Suede Leather,,,17.99,/232/62/211857_LL_1,211857_LL_1.jpg,none,,,,,
211875_BK,211875,Wallet THEO Black,_BK,Black,Wallet,Wallet,Plain PU,Polyester; Polyurethane; Polyurethane; Thermoplastic Polyurethane,,,15.99,/232/62/211875_BK_1,211875_BK_1.jpg,none,,,,,
211875_LL,211875,Wallet THEO Lilac,_LL,Lilac,Wallet,Wallet,Plain PU,Polyester; Polyurethane; Polyurethane; Thermoplastic Polyurethane,,,15.99,/232/62/211875_LL_1,211875_LL_1.jpg,none,,,,,
212051_HM,212051,Multipurpose Purse kimmy Halftone Multicolor,_HM,Halftone Multicolor,Wallet,Multipurpose Purse,Printed Nylon,Polyester; Polyester,,,17.99,/232/62/212051_HM_1,212051_HM_1.jpg,none,,,,,
212218_BK,212218,Phone Holder TIGER2 Black,_BK,Black,Wallet,Phone Holder,Nylon,Polyester; Polyester; Polyester; Polyester; Polyester; Polyester; Polyurethane,,,17.99,/232/62/212218_BK_1,212218_BK_1.jpg,none,,,,,
212239_BK,212239,Phone Holder SUSTAINABLE CAPSULE Black,_BK,Black,Wallet,Phone Holder,Nylon,Polyester; Polyurethane; Recycled Polyamide,,,17.99,/232/62/212239_BK_1,212239_BK_1.jpg,none,,,,,
212239_GY,212239,Phone Holder SUSTAINABLE CAPSULE Grey,_GY,Grey,Wallet,Phone Holder,Nylon,Polyester; Polyurethane; Recycled Polyamide,,,17.99,/232/62/212239_GY_1,212239_GY_1.jpg,none,,,,,
212239_KK,212239,Phone Holder SUSTAINABLE CAPSULE Khaki,_KK,Khaki,Wallet,Phone Holder,Nylon,Polyester; Polyurethane; Recycled Polyamide,,,17.99,/232/62/212239_KK_1,212239_KK_1.jpg,none,,,,,
212740_BK,212740,Wallet OLIVE Black,_BK,Black,Wallet,Wallet,Plain PU,Polyester; Polyester; Polyester; Polyurethane; Polyurethane; Polyurethane; Polyurethane; Thermoplastic Polyurethane; Thermoplastic Polyurethane; Thermoplastic Polyurethane,,,17.99,/232/62/212740_BK_1,212740_BK_1.jpg,none,,,,,
212794_BL,212794,Wallet SAVANA1 Blue,_BL,Blue,Wallet,Wallet,Real Fur,Cow Leather; Polyester; Polyurethane; Polyurethane,,,17.99,/232/62/212794_BL_1,212794_BL_1.jpg,none,,,,,
212809_LM,212809,Notebook kimmy Lime,_LM,Lime,Wallet,Others,Notebook,Polyester; Polyurethane,,,15.99,/232/62/212809_LM_1,212809_LM_1.jpg,none,,,,,
213202_BK,213202,Phone Holder VILLAGE 1 Black,_BK,Black,Wallet,Phone Holder,Fake Nylon,Polyester; Polyester; Polyurethane; Thermoplastic Polyurethane,,,17.99,/232/62/213202_BK_2y,213202_BK_2y.jpg,none,,,,,
213423_KK,213423,Computer Case Lara Stationery Khaki,_KK,Khaki,Wallet,Others,Computer Case,Polyester; Polyurethane,,,17.99,/232/62/213423_KK_1,213423_KK_1.jpg,none,,,,,
213423_LL,213423,Computer Case Lara Stationery Lilac,_LL,Lilac,Wallet,Others,Computer Case,Polyester; Polyurethane,,,17.99,/232/62/213423_LL_1,213423_LL_1.jpg,none,,,,,
213431_OR,213431,Wallet Basic Mia Orange,_OR,Orange,Wallet,Wallet,Plain PU,Polyester; Polyurethane; Polyurethane,,,12.99,/232/62/213431_OR_1,213431_OR_1.jpg,none,,,,,
213436_BG,213436,Wallet Basic Mia Beige,_BG,Beige,Wallet,Wallet,Plain PU,Polyester; Polyurethane; Polyurethane,,,15.99,/232/62/213436_BG_1,213436_BG_1.jpg,none,,,,,
213436_BL,213436,Wallet Basic Mia Blue,_BL,Blue,Wallet,Wallet,Plain PU,Polyester; Polyurethane; Polyurethane,,,15.99,/232/62/213436_BL_1,213436_BL_1.jpg,none,,,,,
213443_BM,213443,Coin Purse Basic Mia Bright Multicolor,_BM,Bright Multicolor,Wallet,Coin Purse,Printed PU,Polyester; Polyurethane,,,7.99,/232/62/213443_BM_1,213443_BM_1.jpg,none,,,,,
213719_DM,213719,Wallet Mia Dark Multicolor,_DM,Dark Multicolor,Wallet,Wallet,Printed PU,Polyester; Polyurethane; Polyurethane,,,10.99,/232/62/213719_DM_1,213719_DM_1.jpg,none,,,,,
213727_BK,213727,Coin Purse Anime Black,_BK,Black,Wallet,Coin Purse,Nylon,Polyamide; Polyester; Polyurethane,,,10.99,/232/62/213727_BK_1,213727_BK_1.jpg,none,,,,,
213740_DM,213740,Phone Holder PILAR Dark Multicolor,_DM,Dark Multicolor,Wallet,Phone Holder,Fake Fur,Polyamide,,,17.99,/232/62/213740_DM_1,213740_DM_1.jpg,none,,,,,
213944_BG,213944,Card Holder Anime Beige,_BG,Beige,Wallet,Card Holder,Plain PU,Polyester; Polyurethane; Polyurethane,,,10.99,/232/62/213944_BG_1,213944_BG_1.jpg,none,,,,,
213944_OR,213944,Card Holder Anime Orange,_OR,Orange,Wallet,Card Holder,Plain PU,Polyester; Polyurethane; Polyurethane,,,10.99,/232/62/213944_OR_1,213944_OR_1.jpg,none,,,,,
214103_EC,214103,Card Holder PILAR Ecru,_EC,Ecru,Wallet,Card Holder,Plain PU,Polyester; Polyurethane; Polyurethane,,,9.99,/232/62/214103_EC_1,214103_EC_1.jpg,none,,,,,
214103_LB,214103,Card Holder PILAR Light Blue,_LB,Light Blue,Wallet,Card Holder,Plain PU,Polyester; Polyurethane; Polyurethane,,,9.99,/232/62/214103_LB_1,214103_LB_1.jpg,none,,,,,
214103_LM,214103,Card Holder PILAR Lime,_LM,Lime,Wallet,Card Holder,Plain PU,Polyester; Polyurethane; Polyurethane,,,9.99,/232/62/214103_LM_1,214103_LM_1.jpg,none,,,,,
214194_EC,214194,Wallet Avril Ecru,_EC,Ecru,Wallet,Wallet,Plain PU,Polyester; Polyurethane; Polyurethane; Thermoplastic Polyurethane,,,15.99,/232/62/214194_EC_1,214194_EC_1.jpg,none,,,,,
214194_PU,214194,Wallet Avril Purple,_PU,Purple,Wallet,Wallet,Plain PU,Polyester; Polyurethane; Polyurethane; Thermoplastic Polyurethane,,,15.99,/232/62/214194_PU_1,214194_PU_1.jpg,none,,,,,
214249_KK,214249,Wallet EARLYBIRD Khaki,_KK,Khaki,Wallet,Wallet,Printed PU,Polyester; Polyurethane; Polyurethane,Silver,,17.99,/241/62/214249_KK_2y,214249_KK_2y.jpg,none,,,,,
214278_BG,214278,Wallet STACEY Beige,_BG,Beige,Wallet,Wallet,Patchwork,Polyester; Polyurethane; Polyurethane,,,15.99,/241/62/214278_BG_1,214278_BG_1.jpg,none,,,,,
214278_BK,214278,Wallet STACEY Black,_BK,Black,Wallet,Wallet,Patchwork,Polyester; Polyurethane; Polyurethane,,,15.99,/241/62/214278_BK_1,214278_BK_1.jpg,none,,,,,
214308_PU,214308,Computer Case doja Purple,_PU,Purple,Wallet,Others,Computer Case,Polyamide; Polyester; Polyurethane,,,19.99,/241/62/214308_PU_2y,214308_PU_2y.jpg,none,,,,,
214345_PK,214345,Card Holder doja Pink,_PK,Pink,Wallet,Card Holder,Peach PU,Polyester; Polyurethane,,,5.99,/232/62/214345_PK_2y,214345_PK_2y.jpg,none,,,,,
214549_AQ,214549,Wallet gina Aquamarine,_AQ,Aquamarine,Wallet,Wallet,Plain PU,Polyester; Polyurethane; Polyurethane; Thermoplastic Polyurethane,,,15.99,/232/62/214549_AQ_1,214549_AQ_1.jpg,none,,,,,
214549_CA,214549,Wallet gina Camel,_CA,Camel,Wallet,Wallet,Plain PU,Polyester; Polyurethane; Polyurethane; Thermoplastic Polyurethane,,,15.99,/232/62/214549_CA_1,214549_CA_1.jpg,none,,,,,
214675_BL,214675,Phone Holder VIVIAN Blue,_BL,Blue,Wallet,Phone Holder,Printed PU,Polyester; Polyester; Polyurethane; Polyurethane,,,15.99,/241/62/214675_BL_1,214675_BL_1.jpg,none,,,,,
214817_BM,214817,Wallet Basic maude Bright Multicolor,_BM,Bright Multicolor,Wallet,Wallet,Printed PU,Polyester; Polyurethane; Polyurethane; Thermoplastic Polyurethane,,,12.99,/232/62/214817_BM_1,214817_BM_1.jpg,none,,,,,
215031_DP,215031,Wallet gina Dark Pink,_DP,Dark Pink,Wallet,Wallet,Plain PU,Polyester; Polyurethane; Polyurethane,,,12.99,/232/62/215031_DP_1,215031_DP_1.jpg,none,,,,,
215176_AQ,215176,Wallet BASIC SIDNEY Aquamarine,_AQ,Aquamarine,Wallet,Wallet,Plain PU,Polyurethane; Thermoplastic Polyurethane; Polyester; Polyurethane,,,12.99,/241/62/215176_AQ_1,215176_AQ_1.jpg,none,,,,,
215176_BU,215176,Wallet BASIC SIDNEY Burgundy,_BU,Burgundy,Wallet,Wallet,Plain PU,Polyester; Polyurethane; Polyurethane; Thermoplastic Polyurethane,,,12.99,/241/62/215176_BU_1,215176_BU_1.jpg,none,,,,,
215208_LM,215208,Coin Purse MISCHA Lime,_LM,Lime,Wallet,Coin Purse,Real Suede,Copper; Cow Leather; Polyester; Polyurethane; Zinc,,,12.99,/241/62/215208_LM_1,215208_LM_1.jpg,none,,,,,
215243_PM,215243,Card Holder SIDNEY Pastel Multicolor,_PM,Pastel Multicolor,Wallet,Card Holder,Printed PU,Polyester; Polyurethane,,,7.99,/241/62/215243_PM_2y,215243_PM_2y.jpg,none,,,,,
215249_PM,215249,Wallet SIDNEY Pastel Multicolor,_PM,Pastel Multicolor,Wallet,Wallet,Printed PU,Polyester; Polyurethane; Polyurethane; Thermoplastic Polyurethane,,,15.99,/241/62/215249_PM_2y,215249_PM_2y.jpg,none,,,,,
215464_EC,215464,Wallet AUBERY Ecru,_EC,Ecru,Wallet,Wallet,Padded Peach PU,Polyester; Polyurethane; Polyurethane; Thermoplastic Polyurethane,,,15.99,/241/62/215464_EC_1,215464_EC_1.jpg,none,,,,,
215464_PK,215464,Wallet AUBERY Pink,_PK,Pink,Wallet,Wallet,Padded Peach PU,Polyester; Polyurethane; Polyurethane; Thermoplastic Polyurethane,,,15.99,/241/62/215464_PK_1,215464_PK_1.jpg,none,,,,,
215476_BG,215476,Wallet AUBERY Beige,_BG,Beige,Wallet,Wallet,Peach PU,Polyester; Polyurethane; Polyurethane,,,12.99,/241/62/215476_BG_2y,215476_BG_2y.jpg,none,,,,,
215536_BK,215536,Phone Holder NYT Black,_BK,Black,Wallet,Phone Holder,Nylon,Polyester; Polyester; Polyurethane,,,15.99,/241/62/215536_BK_1,215536_BK_1.jpg,none,,,,,
215536_CA,215536,Phone Holder NYT Camel,_CA,Camel,Wallet,Phone Holder,Nylon,Polyester; Polyester; Polyurethane,,,15.99,/241/62/215536_CA_1,215536_CA_1.jpg,none,,,,,
215536_KK,215536,Phone Holder NYT Khaki,_KK,Khaki,Wallet,Phone Holder,Nylon,Polyester; Polyester; Polyurethane,,,15.99,/241/62/215536_KK_1,215536_KK_1.jpg,none,,,,,
215860_LL,215860,Card Holder MISCHA Lilac,_LL,Lilac,Wallet,Card Holder,Plain PU,Polyester; Polyester; Polyurethane; Polyurethane; Thermoplastic Polyurethane,,,12.99,/241/62/215860_LL_1,215860_LL_1.jpg,none,,,,,
216047_BK,216047,Phone Holder SIDNEY Black,_BK,Black,Wallet,Phone Holder,Plain PU,Polyester; Polyurethane; Polyurethane; Thermoplastic Polyurethane,,,17.99,/241/62/216047_BK_1,216047_BK_1.jpg,none,,,,,
216092_SV,216092,Phone Holder SILVERSURFER3 Silver,_SV,Silver,Wallet,Phone Holder,Fantasy PU,Polyamide; Polyester; Polyurethane; Polyurethane,,,15.99,/241/62/216092_SV_1,216092_SV_1.jpg,none,,,,,
216345_BM,216345,Wallet ELLIOT Bright Multicolor,_BM,Bright Multicolor,Wallet,Wallet,Printed PU,Polyester; Polyurethane; Polyurethane; Thermoplastic Polyurethane,,,15.99,/241/62/216345_BM_1,216345_BM_1.jpg,none,,,,,
216359_CA,216359,Coin Purse ELLIOT Camel,_CA,Camel,Wallet,Coin Purse,Nylon,Polyester; Polyester,,,9.99,/241/62/216359_CA_1,216359_CA_1.jpg,none,,,,,
216359_PK,216359,Coin Purse ELLIOT Pink,_PK,Pink,Wallet,Coin Purse,Nylon,Polyester; Polyester,,,9.99,/241/62/216359_PK_1,216359_PK_1.jpg,none,,,,,
216360_BM,216360,Coin Purse ELLIOT Bright Multicolor,_BM,Bright Multicolor,Wallet,Coin Purse,Printed PU,Polyester; Polyurethane,,,7.99,/241/62/216360_BM_1,216360_BM_1.jpg,none,,,,,
216376_FU,216376,Multipurpose Purse MAGIK LOVE Fuchsia,_FU,Fuchsia,Wallet,Multipurpose Purse,Printed Fake Nylon,Polyester; Polyester; Polyurethane; Polyurethane,,,12.99,/241/62/216376_FU_1,216376_FU_1.jpg,none,,,,,
216573_BM,216573,Wallet TETE Bright Multicolor,_BM,Bright Multicolor,Wallet,Wallet,Printed PU,Polyester; Polyurethane; Polyurethane; Thermoplastic Polyurethane,,,15.99,/241/62/216573_BM_1,216573_BM_1.jpg,none,,,,,
216582_EC,216582,Coin Purse TETE Ecru,_EC,Ecru,Wallet,Coin Purse,Plain PU,Polyurethane; Polyester,,,7.99,/241/62/216582_EC_1,216582_EC_1.jpg,none,,,,,
216582_LL,216582,Coin Purse TETE Lilac,_LL,Lilac,Wallet,Coin Purse,Plain PU,Polyester; Polyurethane,,,7.99,/241/62/216582_LL_1,216582_LL_1.jpg,none,,,,,
216585_RD,216585,Card Holder TETE Red,_RD,Red,Wallet,Card Holder,Plain PU,Polyester; Polyurethane,,,7.99,/241/62/216585_RD_1,216585_RD_1.jpg,none,,,,,
216607_EC,216607,Wallet JACKIE Ecru,_EC,Ecru,Wallet,Wallet,Printed PU,Polyester; Polyurethane; Polyurethane,,,15.99,/241/62/216607_EC_1,216607_EC_1.jpg,none,,,,,
216616_PK,216616,Card Holder JACKIE Pink,_PK,Pink,Wallet,Card Holder,Printed PU,Polyester; Polyurethane; Polyurethane; Thermoplastic Polyurethane,,,12.99,/241/62/216616_PK_1,216616_PK_1.jpg,none,,,,,
216657_LM,216657,Card Holder MANHATAN2 Lime,_LM,Lime,Wallet,Card Holder,Real Fur,Cow Leather; Polyester; Polyurethane,,,12.99,/241/62/216657_LM_1,216657_LM_1.jpg,none,,,,,
216867_BM,216867,Phone Holder BASIC JULIETA Bright Multicolor,_BM,Bright Multicolor,Wallet,Phone Holder,Printed PU,Polyester; Polyurethane; Polyurethane; Thermoplastic Polyurethane,,,17.99,/241/62/216867_BM_1,216867_BM_1.jpg,none,,,,,
216874_BM,216874,Wallet BASIC JULIETA Bright Multicolor,_BM,Bright Multicolor,Wallet,Wallet,Printed PU,Polyester; Polyurethane; Polyurethane; Thermoplastic Polyurethane,,,17.99,/241/62/216874_BM_1,216874_BM_1.jpg,none,,,,,
216879_BG,216879,Wallet BASIC JOANINHA Beige,_BG,Beige,Wallet,Wallet,Plain PU,Polyester; Polyurethane; Polyurethane; Thermoplastic Polyurethane,,,12.99,/242/62/216879_BG_1,216879_BG_1.jpg,none,,,,,
216879_PK,216879,Wallet BASIC JULIETA Pink,_PK,Pink,Wallet,Wallet,Plain PU,Polyester; Polyurethane; Polyurethane; Thermoplastic Polyurethane,,,12.99,/241/62/216879_PK_1,216879_PK_1.jpg,none,,,,,
217005_PU,217005,Card Holder MILITARY2 Purple,_PU,Purple,Wallet,Card Holder,Fantasy PU,Polyester; Polyurethane,,,9.99,/241/62/217005_PU_1,217005_PU_1.jpg,none,,,,,
217171_RD,217171,Wallet RED Red,_RD,Red,Wallet,Wallet,Plain PU,Polyester; Polyurethane; Polyurethane; Thermoplastic Polyurethane,,,12.99,/241/62/217171_RD_1,217171_RD_1.jpg,none,,,,,
217176_AU,217176,Wallet celia Aubergine,_AU,Aubergine,Wallet,Wallet,Peach PU,Polyurethane; Polyurethane; Thermoplastic Polyurethane; Polyester; Polyester,,,12.99,/241/62/217176_AU_1,217176_AU_1.jpg,none,,,,,
217176_EC,217176,Wallet celia Ecru,_EC,Ecru,Wallet,Wallet,Peach PU,Polyester; Polyester; Polyurethane; Polyurethane; Thermoplastic Polyurethane,,,12.99,/241/62/217176_EC_1,217176_EC_1.jpg,none,,,,,
217181_YL,217181,Coin Purse celia Yellow,_YL,Yellow,Wallet,Coin Purse,Interlaced,Polyester; Polyurethane,,,7.99,/241/62/217181_YL_1,217181_YL_1.jpg,none,,,,,
217247_OR,217247,Multipurpose Purse venus Orange,_OR,Orange,Wallet,Multipurpose Purse,Nylon,Fiberglass; Polyamide; Polyester; Polyurethane,,,12.99,/241/62/217247_OR_1,217247_OR_1.jpg,none,,,,,
217272_RD,217272,Wallet venus Red,_RD,Red,Wallet,Wallet,Peach PU,Polycarbonate; Polyester; Polyurethane; Polyurethane; Resin,,,12.99,/241/62/217272_RD_1,217272_RD_1.jpg,none,,,,,
217287_RD,217287,Coin Purse venus Red,_RD,Red,Wallet,Coin Purse,Nylon,Polyester; Polyester; Polyester; Polyester; Resin,,,12.99,/241/62/217287_RD_1,217287_RD_1.jpg,none,,,,,
217564_GN,217564,Phone Holder TROPICO Green,_GN,Green,Wallet,Phone Holder,Printed PU,Polyester; Polyurethane; Polyurethane,Silver,,17.99,/241/62/217564_GN_1,217564_GN_1.jpg,none,,,,,
217658_TK,217658,Pencil Case STATIONERY Pastel Pink,_TK,Pastel Pink,Wallet,Pencil Case,Printed Nylon,Polyester; Polyester,,,12.99,/241/62/217658_TK_1,217658_TK_1.jpg,none,,,,,
217877_EC,217877,Phone Holder JACKSON Ecru,_EC,Ecru,Wallet,Phone Holder,Nylon,Polyester; Polyester; Polyurethane,Silver,,15.99,/241/62/217877_EC_1,217877_EC_1.jpg,none,,,,,
217877_KK,217877,Phone Holder JACKSON Khaki,_KK,Khaki,Wallet,Phone Holder,Nylon,Polyester; Polyester; Polyurethane,,,15.99,/241/62/217877_KK_1,217877_KK_1.jpg,none,,,,,
217877_NV,217877,Phone Holder JACKSON Navy,_NV,Navy,Wallet,Phone Holder,Nylon,Polyester; Polyester; Polyurethane,,,15.99,/241/62/217877_NV_1,217877_NV_1.jpg,none,,,,,
217895_OR,217895,Wallet LIV Orange,_OR,Orange,Wallet,Wallet,Plain PU,Polyester; Polymethylmethacrylate; Polyurethane; Polyurethane,,,12.99,/241/62/217895_OR_1,217895_OR_1.jpg,none,,,,,
217899_LL,217899,Wallet LIV Lilac,_LL,Lilac,Wallet,Wallet,Plain PU,Polyester; Polyurethane; Polyurethane; Thermoplastic Polyurethane,,,15.99,/241/62/217899_LL_1,217899_LL_1.jpg,none,,,,,
217899_YL,217899,Wallet LIV Yellow,_YL,Yellow,Wallet,Wallet,Plain PU,Polyester; Polyurethane; Polyurethane; Thermoplastic Polyurethane,,,15.99,/241/62/217899_YL_1,217899_YL_1.jpg,none,,,,,
217903_YL,217903,Coin Purse LIV Yellow,_YL,Yellow,Wallet,Coin Purse,Plain PU,Polyester; Polyurethane,,,7.99,/241/62/217903_YL_1,217903_YL_1.jpg,none,,,,,
217932_RD,217932,Wallet FLORENCE Red,_RD,Red,Wallet,Wallet,Peach PU,Polyester; Polyurethane; Polyurethane,,,10.99,/241/62/217932_RD_1,217932_RD_1.jpg,none,,,,,
217951_PM,217951,Phone Holder BASIC FLORENCE Pastel Multicolor,_PM,Pastel Multicolor,Wallet,Phone Holder,Printed PU,Polyester; Polyurethane; Thermoplastic Polyurethane; Polyethylene,,,17.99,/241/62/217951_PM_1,217951_PM_1.jpg,none,,,,,
217966_BM,217966,Wallet BASIC FLORENCE Bright Multicolor,_BM,Bright Multicolor,Wallet,Wallet,Printed PU,Polyester; Polyurethane; Polyurethane; Thermoplastic Polyurethane,,,12.99,/241/62/217966_BM_1,217966_BM_1.jpg,none,,,,,
218005_BM,218005,Wallet MONICA Bright Multicolor,_BM,Bright Multicolor,Wallet,Wallet,Printed PU,Polyester; Polyurethane; Polyurethane; Thermoplastic Polyurethane,,,15.99,/241/62/218005_BM_1,218005_BM_1.jpg,none,,,,,
218123_BK,218123,Wallet MADEIRA Black,_BK,Black,Wallet,Wallet,Peach PU,Polyester; Polyester; Polyurethane; Polyurethane; Polyurethane,,,15.99,/241/62/218123_BK_1,218123_BK_1.jpg,none,,,,,
218131_BK,218131,Coin Purse MADEIRA Black,_BK,Black,Wallet,Coin Purse,Peach PU,Polyester; Polyurethane,,,9.99,/241/62/218131_BK_1,218131_BK_1.jpg,none,,,,,
218138_CA,218138,Passport Case celia Camel,_CA,Camel,Wallet,Others,Passport Case,Polyester; Polyurethane; Polyurethane,,,12.99,/241/62/218138_CA_1,218138_CA_1.jpg,none,,,,,
218160_EC,218160,Wallet LE SUD Ecru,_EC,Ecru,Wallet,Wallet,Plain PU,Polyester; Polyurethane; Polyurethane; Thermoplastic Polyurethane,,,15.99,/241/62/218160_EC_1,218160_EC_1.jpg,none,,,,,
218160_KK,218160,Wallet LE SUD Khaki,_KK,Khaki,Wallet,Wallet,Plain PU,Polyester; Polyurethane; Polyurethane; Thermoplastic Polyurethane,,,15.99,/241/62/218160_KK_1,218160_KK_1.jpg,none,,,,,
218161_PM,218161,Wallet LE SUD Pastel Multicolor,_PM,Pastel Multicolor,Wallet,Wallet,Printed Nylon,Polyamide; Polyamide; Polyester; Polyurethane; Silicone,,,12.99,/241/62/218161_PM_1,218161_PM_1.jpg,none,,,,,
218273_CL,218273,Wallet FLOWER PATCH Coral,_CL,Coral,Wallet,Wallet,Printed PU,Polyester; Polyurethane; Polyurethane; Thermoplastic Polyurethane,,,15.99,/241/62/218273_CL_1,218273_CL_1.jpg,none,,,,,
218407_GN,218407,Card Holder CUPIDO3 Green,_GN,Green,Wallet,Card Holder,Printed PU,Polyester; Polyurethane,Light Golden,,5.99,/241/62/218407_GN_1,218407_GN_1.jpg,none,,,,,
218837_BM,218837,Wallet BASIC JOANINHA Bright Multicolor,_BM,Bright Multicolor,Wallet,Wallet,Printed PU,Polyester; Polyurethane; Polyurethane; Thermoplastic Polyurethane,,,15.99,/242/62/218837_BM_1,218837_BM_1.jpg,none,,,,,
218849NC,218849,Coin Purse TAYLOR Natural Color,NC,Natural Color,Wallet,Coin Purse,Paper straw,Acrylic; Cotton; Glass; Iron; Linen; Paper; Polyester,,,12.99,/241/62/218849NC_1,218849NC_1.jpg,none,,,,,
218930_PK,218930,Phone Holder MAMMINA Pink,_PK,Pink,Wallet,Phone Holder,Printed Fake Nylon,Polyester; Polyester; Polyurethane; Polyurethane,Silver,,17.99,/241/62/218930_PK_2y,218930_PK_2y.jpg,none,,,,,
219462_EC,219462,Wallet ROSANA Ecru,_EC,Ecru,Wallet,Wallet,Plain PU,Polyester; Polyurethane; Polyurethane; Thermoplastic Polyurethane,,,17.99,/242/62/219462_EC_1,219462_EC_1.jpg,none,,,,,
219462_RD,219462,Wallet ROSANA Red,_RD,Red,Wallet,Wallet,Plain PU,Polyester; Polyurethane; Polyurethane; Thermoplastic Polyurethane,,,17.99,/242/62/219462_RD_1,219462_RD_1.jpg,none,,,,,
219482_EC,219482,Wallet BASIC JOANINHA Ecru,_EC,Ecru,Wallet,Wallet,Plain PU,Thermoplastic Polyurethane; Polyester; Polyurethane; Polyurethane,,,17.99,/242/62/219482_EC_1,219482_EC_1.jpg,none,,,,,
219569NC,219569,Phone Holder BUZIOS Natural Color,NC,Natural Color,Wallet,Phone Holder,Paper straw,Cotton; Paper; Polyester; Polyurethane,,,15.99,/241/62/219569NC_1,219569NC_1.jpg,none,,,,,
219599NC,219599,Phone Holder TAYLOR Natural Color,NC,Natural Color,Wallet,Phone Holder,Fake straw,Glass; Polyacrylonitrile; Polyester; Polypropylene; Polyurethane; Polyurethane,,,19.99,/241/62/219599NC_1,219599NC_1.jpg,none,,,,,
219612_BM,219612,Wallet BASIC DANI Bright Multicolor,_BM,Bright Multicolor,Wallet,Wallet,Printed PU,Polyester; Polyurethane; Polyurethane; Thermoplastic Polyurethane,,,12.99,/242/62/219612_BM_1,219612_BM_1.jpg,none,,,,,
219754_BM,219754,Coin Purse ROSANA Bright Multicolor,_BM,Bright Multicolor,Wallet,Coin Purse,Paper straw,Nylon; Nylon; Paper,,,12.99,/242/62/219754_BM_1,219754_BM_1.jpg,none,,,,,
219754_DM,219754,Coin Purse ROSANA Dark Multicolor,_DM,Dark Multicolor,Wallet,Coin Purse,Paper straw,Paper; Polyester; Polyester; Polyurethane,,,12.99,/242/62/219754_DM_1,219754_DM_1.jpg,none,,,,,
219760_EC,219760,Wallet SELMA Ecru,_EC,Ecru,Wallet,Wallet,Plain PU,Polyester; Polyurethane; Polyurethane; Thermoplastic Polyurethane,,,15.99,/241/62/219760_EC_1,219760_EC_1.jpg,none,,,,,
219863_YL,219863,Coin Purse SELMA Yellow,_YL,Yellow,Wallet,Coin Purse,Nylon,Polyamide; Polyamide,,,9.99,/241/62/219863_YL_1,219863_YL_1.jpg,none,,,,,
220163_CL,220163,Wallet SAHARA Coral,_CL,Coral,Wallet,Wallet,Printed Fake Nylon,Polyester; Polyester; Polyurethane; Polyurethane,,,12.99,/242/62/220163_CL_2y,220163_CL_2y.jpg,none,,,,,
220368_BM,220368,Coin Purse loretta Bright Multicolor,_BM,Bright Multicolor,Wallet,Coin Purse,Printed PU,Polyester; Polyurethane,,,7.99,/242/62/220368_BM_1,220368_BM_1.jpg,none,,,,,
220726_BM,220726,Phone Holder loretta Bright Multicolor,_BM,Bright Multicolor,Wallet,Phone Holder,Printed PU,Polyester; Polyurethane; Polyurethane; Thermoplastic Polyurethane,,,17.99,/242/62/220726_BM_1,220726_BM_1.jpg,none,,,,,
220829_EC,220829,Card Holder MILEY Ecru,_EC,Ecru,Wallet,Card Holder,Plain PU,Polyester; Polyester; Polyurethane,,,9.99,/242/62/220829_EC_1,220829_EC_1.jpg,none,,,,,
220829_PU,220829,Card Holder MILEY Purple,_PU,Purple,Wallet,Card Holder,Plain PU,Polyester; Polyester; Polyurethane,,,9.99,/242/62/220829_PU_1,220829_PU_1.jpg,none,,,,,
220942_BG,220942,Wallet loretta Beige,_BG,Beige,Wallet,Wallet,Plain PU,Thermoplastic Polyurethane; Polyurethane; Polyurethane; Polyester,,,15.99,/242/62/220942_BG_1,220942_BG_1.jpg,none,,,,,
220942_LB,220942,Wallet BASIC DANI Light Blue,_LB,Light Blue,Wallet,Wallet,Plain PU,Polyester; Polyurethane; Polyurethane; Thermoplastic Polyurethane,,,15.99,/242/62/220942_LB_1,220942_LB_1.jpg,none,,,,,
220942_PK,220942,Wallet loretta Pink,_PK,Pink,Wallet,Wallet,Plain PU,Polyurethane; Thermoplastic Polyurethane; Polyester; Polyurethane,,,15.99,/242/62/220942_PK_2y,220942_PK_2y.jpg,none,,,,,
221145_IG,221145,Phone Holder SAHARA Indigo,_IG,Indigo,Wallet,Phone Holder,Denim,Cotton; Polyester; Polyester; Polyurethane; Polyurethane,Silver,,17.99,/242/62/221145_IG_1,221145_IG_1.jpg,none,,,,,
221197_BG,221197,Card Holder CONSUELO Beige,_BG,Beige,Wallet,Card Holder,Peach PU,Polyurethane; Polyurethane; Polyester,,,7.99,/242/62/221197_BG_1,221197_BG_1.jpg,none,,,,,
221197_PK,221197,Card Holder CONSUELO Pink,_PK,Pink,Wallet,Card Holder,Peach PU,Polyester; Polyurethane; Polyurethane,,,7.99,/242/62/221197_PK_1,221197_PK_1.jpg,none,,,,,
221199_BL,221199,Coin Purse CONSUELO Blue,_BL,Blue,Wallet,Coin Purse,Knit,Polyester; Polyester,,,12.99,/242/62/221199_BL_1,221199_BL_1.jpg,none,,,,,
221231_OR,221231,Wallet BASIC DIANA Orange,_OR,Orange,Wallet,Wallet,Plain PU,Polyester; Polyurethane; Polyurethane,,,12.99,/242/62/221231_OR_1,221231_OR_1.jpg,none,,,,,
221322NC,221322,Coin Purse MILEY Natural Color,NC,Natural Color,Wallet,Coin Purse,Paper straw,Cotton; Cow Leather; Linen; Paper; Polyester,,,12.99,/242/62/221322NC_1,221322NC_1.jpg,none,,,,,
221551_EC,221551,Multipurpose Purse MILEY Ecru,_EC,Ecru,Wallet,Multipurpose Purse,Knit,Cotton; Cotton,,,19.99,/242/62/221551_EC_1,221551_EC_1.jpg,none,,,,,
221653_GN,221653,Wallet FLORA Green,_GN,Green,Wallet,Wallet,Printed PU,Polyester; Polyethylene Terephthalate; Polyurethane; Polyurethane,,,15.99,/242/62/221653_GN_1,221653_GN_1.jpg,none,,,,,
221733_GN,221733,Coin Purse MARTHA Green,_GN,Green,Wallet,Coin Purse,Plain PU,Polyester; Polyurethane,,,7.99,/242/62/221733_GN_1,221733_GN_1.jpg,none,,,,,
221733_WT,221733,Coin Purse MARTHA White,_WT,White,Wallet,Coin Purse,Plain PU,Polyester; Polyurethane,,,7.99,/242/62/221733_WT_1,221733_WT_1.jpg,none,,,,,
221734DNC,221734,Phone Holder ULLA Dark Natural Color,DNC,Dark Natural Color,Wallet,Phone Holder,Paper straw,Iron; Linen; Paper; Polyurethane; Polyurethane,,,19.99,/242/62/221734DNC_1,221734DNC_1.jpg,none,,,,,
221760_BK,221760,Phone Holder MAORI3 Black,_BK,Black,Wallet,Phone Holder,Nylon,Polyester; Polyester; Polyester; Polyester,,,19.99,/242/62/221760_BK_1,221760_BK_1.jpg,none,,,,,
222178_LB,222178,Wallet OMARA Light Blue,_LB,Light Blue,Wallet,Wallet,Plain PU,Polyester; Polyurethane; Polyurethane; Thermoplastic Polyurethane,,,15.99,/242/62/222178_LB_1,222178_LB_1.jpg,none,,,,,
222224_BG,222224,Phone Holder HASHTAG1 Beige,_BG,Beige,Wallet,Phone Holder,Fake Nylon,Polyester; Polyurethane; Polyurethane,Silver,,17.99,/242/62/222224_BG_1,222224_BG_1.jpg,none,,,,,
222224_BK,222224,Phone Holder HASHTAG1 Black,_BK,Black,Wallet,Phone Holder,Fake Nylon,Polyester; Polyurethane; Polyurethane,Silver,,17.99,/242/62/222224_BK_1,222224_BK_1.jpg,none,,,,,
222261_EC,222261,Phone Holder MAORI3 Ecru,_EC,Ecru,Wallet,Phone Holder,Nylon,Polyester; Polyester; Polyester; Polyester; Polyester; Polyester,,,19.99,/242/62/222261_EC_1,222261_EC_1.jpg,none,,,,,
222285_BL,222285,Multipurpose Purse OMARA Blue,_BL,Blue,Wallet,Multipurpose Purse,Printed Nylon,Polyester; Polyester,,,15.99,/242/62/222285_BL_1,222285_BL_1.jpg,none,,,,,
222292NC,222292,Phone Holder OMARA Natural Color,NC,Natural Color,Wallet,Phone Holder,Paper straw,Acrylic; Resin; Thermoplastic Polyurethane; Polyurethane; Paper; Polyester; Polyurethane,,,19.99,/242/62/222292NC_1,222292NC_1.jpg,none,,,,,
222309_BL,222309,Jewellery Case TAYLOR Blue,_BL,Blue,Wallet,Others,Jewellery Case,Polyester; Polyester; Polyurethane; Polyurethane; Polyurethane,,,15.99,/241/62/222309_BL_1,222309_BL_1.jpg,none,,,,,
222309_LL,222309,Jewellery Case TAYLOR Lilac,_LL,Lilac,Wallet,Others,Jewellery Case,Polyester; Polyester; Polyurethane; Polyurethane; Polyurethane,,,15.99,/241/62/222309_LL_1,222309_LL_1.jpg,none,,,,,
222309_LM,222309,Jewellery Case TAYLOR Lime,_LM,Lime,Wallet,Others,Jewellery Case,Polyester; Polyester; Polyurethane; Polyurethane; Polyurethane,,,15.99,/241/62/222309_LM_1,222309_LM_1.jpg,none,,,,,
222309_PK,222309,Jewellery Case TAYLOR Pink,_PK,Pink,Wallet,Others,Jewellery Case,Polyester; Polyester; Polyurethane; Polyurethane; Polyurethane,,,15.99,/241/62/222309_PK_1,222309_PK_1.jpg,none,,,,,
222309_YL,222309,Jewellery Case TAYLOR Yellow,_YL,Yellow,Wallet,Others,Jewellery Case,Polyester; Polyester; Polyurethane; Polyurethane; Polyurethane,,,15.99,/241/62/222309_YL_1,222309_YL_1.jpg,none,,,,,
222420_CA,222420,Wallet MARTINA Camel,_CA,Camel,Wallet,Wallet,Peach PU,Polyester; Polyester; Polyurethane; Polyurethane; Polyurethane; Thermoplastic Polyurethane; Thermoplastic Polyurethane,,,17.99,/242/62/222420_CA_1,222420_CA_1.jpg,none,,,,,
222424_CA,222424,Coin Purse MARTINA Camel,_CA,Camel,Wallet,Coin Purse,Peach PU,Polyester; Polyurethane,,,9.99,/242/62/222424_CA_1,222424_CA_1.jpg,none,,,,,
222424_LM,222424,Coin Purse MARTINA Lime,_LM,Lime,Wallet,Coin Purse,Peach PU,Polyester; Polyurethane,,,9.99,/242/62/222424_LM_1,222424_LM_1.jpg,none,,,,,
222426_BG,222426,Wallet MARTINA Beige,_BG,Beige,Wallet,Wallet,Peach PU,Polyester; Polyurethane; Polyurethane,,,12.99,/242/62/222426_BG_1,222426_BG_1.jpg,none,,,,,
222426_LB,222426,Wallet MARTINA Light Blue,_LB,Light Blue,Wallet,Wallet,Peach PU,Polyester; Polyurethane; Polyurethane,,,12.99,/242/62/222426_LB_1,222426_LB_1.jpg,none,,,,,
222426_PA,222426,Wallet MARTINA Paprika,_PA,Paprika,Wallet,Wallet,Peach PU,Polyurethane; Polyurethane; Polyester,,,12.99,/242/62/222426_PA_1,222426_PA_1.jpg,none,,,,,
222437_PM,222437,Tablet Case ALEK Pastel Multicolor,_PM,Pastel Multicolor,Wallet,Others,Tablet Case,Polyester; Polyester,,,17.99,/242/62/222437_PM_1,222437_PM_1.jpg,none,,,,,
222444_DM,222444,Multipurpose Purse ALEK Dark Multicolor,_DM,Dark Multicolor,Wallet,Multipurpose Purse,Printed Nylon,Polyester; Polyester,,,17.99,/242/62/222444_DM_1,222444_DM_1.jpg,none,,,,,
222450_BK,222450,Wallet ALEK Black,_BK,Black,Wallet,Wallet,Plain PU,Polyester; Polyurethane; Polyurethane,,,12.99,/242/62/222450_BK_1,222450_BK_1.jpg,none,,,,,
222450_LL,222450,Wallet ALEK Lilac,_LL,Lilac,Wallet,Wallet,Plain PU,Polyester; Polyurethane; Polyurethane,,,12.99,/242/62/222450_LL_1,222450_LL_1.jpg,none,,,,,
222456_DM,222456,Wallet ALEK Dark Multicolor,_DM,Dark Multicolor,Wallet,Wallet,Printed PU,Polyurethane; Polyester; Thermoplastic Polyurethane; Polyurethane,,,17.99,/242/62/222456_DM_1,222456_DM_1.jpg,none,,,,,
222567_KK,222567,Wallet GRACE Khaki,_KK,Khaki,Wallet,Wallet,Plain PU,Polyester; Polyurethane; Polyurethane; Thermoplastic Polyurethane,,,17.99,/242/62/222567_KK_1,222567_KK_1.jpg,none,,,,,
222574_DM,222574,Computer Case GRACE Dark Multicolor,_DM,Dark Multicolor,Wallet,Others,Computer Case,Polyester; Polyester,,,19.99,/242/62/222574_DM_1,222574_DM_1.jpg,none,,,,,
222579_BL,222579,Card Holder GRACE Blue,_BL,Blue,Wallet,Card Holder,Plain PU,Polyurethane; Thermoplastic Polyurethane; Polyester; Polyurethane,,,9.99,/242/62/222579_BL_1,222579_BL_1.jpg,none,,,,,
222584_DM,222584,Multipurpose Purse GRACE Dark Multicolor,_DM,Dark Multicolor,Wallet,Multipurpose Purse,Printed PU,Polyurethane; Polyurethane; Polyester,,,12.99,/242/62/222584_DM_1,222584_DM_1.jpg,none,,,,,
222897_BK,222897,Phone Holder DAMERO2 Black,_BK,Black,Wallet,Phone Holder,Nylon,Polyester; Polyester; Polyester; Polyurethane; Resin; Zinc,Silver,,17.99,/242/62/222897_BK_1,222897_BK_1.jpg,none,,,,,
222897_TU,222897,Phone Holder DAMERO2 Taupe,_TU,Taupe,Wallet,Phone Holder,Nylon,Polyester; Polyester; Polyester; Polyurethane; Resin; Zinc,Silver,,17.99,/242/62/222897_TU_1,222897_TU_1.jpg,none,,,,,
223031_BK,223031,Wallet BAKER Black,_BK,Black,Wallet,Wallet,Printed Fabric,Thermoplastic Polyurethane; Polyurethane; Polyester; Polyester; Polyurethane,,,15.99,/242/62/223031_BK_1,223031_BK_1.jpg,none,,,,,
223173_BU,223173,Card Holder BASIC DIANA Burgundy,_BU,Burgundy,Wallet,Card Holder,Plain PU,Polyester; Polyurethane,,,7.99,/242/62/223173_BU_1,223173_BU_1.jpg,none,,,,,
223173_WT,223173,Card Holder BASIC DIANA White,_WT,White,Wallet,Card Holder,Plain PU,Polyester; Polyurethane,,,7.99,/242/62/223173_WT_1,223173_WT_1.jpg,none,,,,,
223176_GN,223176,Coin Purse BASIC DIANA Green,_GN,Green,Wallet,Coin Purse,Plain PU,Polyurethane; Polyurethane; Polyester,,,7.99,/242/62/223176_GN_1,223176_GN_1.jpg,none,,,,,
223220_WT,223220,Phone Holder DALMATA3 White,_WT,White,Wallet,Phone Holder,Printed Nylon,Nylon; Nylon; Polyester; Polyester; Polyurethane; Polyamide; Polyurethane; Polyamide,Silver,,17.99,/242/62/223220_WT_1,223220_WT_1.jpg,none,,,,,
223624_BL,223624,Coin Purse LEO2 Blue,_BL,Blue,Wallet,Coin Purse,Nylon,Polyester; Polyester; Polyurethane,,,12.99,/242/62/223624_BL_1,223624_BL_1.jpg,none,,,,,
224460_CA,224460,Wallet MELBY Camel,_CA,Camel,Wallet,Wallet,Real Fur,Polyurethane; Polyester; Polyurethane; Cow Leather,,,25.99,/242/62/224460_CA_1,224460_CA_1.jpg,none,,,,,
224469_BU,224469,Wallet MELBY Burgundy,_BU,Burgundy,Wallet,Wallet,Plain PU,Polyester; Polyurethane; Polyurethane,,,17.99,/242/62/224469_BU_1,224469_BU_1.jpg,none,,,,,
224470_BK,224470,Wallet MELBY Black,_BK,Black,Wallet,Wallet,Plain PU,Polyester; Polyurethane; Polyurethane,,,12.99,/242/62/224470_BK_1,224470_BK_1.jpg,none,,,,,
224470_GN,224470,Wallet MELBY Green,_GN,Green,Wallet,Wallet,Plain PU,Polyurethane; Polyester; Polyurethane,,,12.99,/242/62/224470_GN_1,224470_GN_1.jpg,none,,,,,
224482_BU,224482,Coin Purse MELBY Burgundy,_BU,Burgundy,Wallet,Coin Purse,Plain PU,Polyurethane; Polyester,,,7.99,/242/62/224482_BU_1,224482_BU_1.jpg,none,,,,,
224482_YL,224482,Coin Purse MELBY Yellow,_YL,Yellow,Wallet,Coin Purse,Plain PU,Polyurethane; Polyester,,,7.99,/242/62/224482_YL_1,224482_YL_1.jpg,none,,,,,
224540_KK,224540,Wallet SIENNA Khaki,_KK,Khaki,Wallet,Wallet,Real Suede,Cow Suede Leather; Polyester; Polyurethane,,,19.99,/242/62/224540_KK_1,224540_KK_1.jpg,none,,,,,
224551_LB,224551,Multipurpose Purse SIENNA Light Blue,_LB,Light Blue,Wallet,Multipurpose Purse,Real Suede,Cow Suede Leather; Polyester,,,17.99,/242/62/224551_LB_1,224551_LB_1.jpg,none,,,,,
224553_BK,224553,Phone Holder SIENNA Black,_BK,Black,Wallet,Phone Holder,Fantasy Fabric,Polyester; Polyurethane; Polyurethane,,,17.99,/242/62/224553_BK_1,224553_BK_1.jpg,none,,,,,
224553_DM,224553,Phone Holder SIENNA Dark Multicolor,_DM,Dark Multicolor,Wallet,Phone Holder,Fantasy Fabric,Polyester; Polyurethane; Polyester; Polyurethane,,,17.99,/242/62/224553_DM_1,224553_DM_1.jpg,none,,,,,
224709_BM,224709,Notebook SHILLOH Bright Multicolor,_BM,Bright Multicolor,Wallet,Others,Notebook,Paper; Paper,,,17.99,/242/62/224709_BM_1,224709_BM_1.jpg,none,,,,,
224743_BL,224743,Wallet SHILLOH Blue,_BL,Blue,Wallet,Wallet,Peach PU,Polyurethane; Polyester; Polyurethane,,,12.99,/242/62/224743_BL_1,224743_BL_1.jpg,none,,,,,
224770_BM,224770,Multipurpose Purse SHILLOH Bright Multicolor,_BM,Bright Multicolor,Wallet,Multipurpose Purse,Printed Nylon,Polyester; Polyester,,,19.99,/242/62/224770_BM_1,224770_BM_1.jpg,none,,,,,
224792_BK,224792,Computer Case SHILLOH Black,_BK,Black,Wallet,Others,Computer Case,Polyurethane; Polyamide; Polyurethane; Polyester; Polyester,,,25.99,/242/62/224792_BK_1,224792_BK_1.jpg,none,,,,,
224897_AQ,224897,Coin Purse KENDALL Aquamarine,_AQ,Aquamarine,Wallet,Coin Purse,Nylon,Polyamide; Polyamide,,,9.99,/242/62/224897_AQ_1,224897_AQ_1.jpg,none,,,,,
224897_BR,224897,Coin Purse KENDALL Brick Red,_BR,Brick Red,Wallet,Coin Purse,Nylon,Polyamide; Polyamide,,,9.99,/242/62/224897_BR_1,224897_BR_1.jpg,none,,,,,
224897_YL,224897,Coin Purse KENDALL Yellow,_YL,Yellow,Wallet,Coin Purse,Nylon,Polyamide; Polyamide,,,9.99,/242/62/224897_YL_1,224897_YL_1.jpg,none,,,,,
224899_KK,224899,Wallet BASIC OCTOBER Khaki,_KK,Khaki,Wallet,Wallet,Plain PU,Polyurethane; Polyurethane; Polyester,,,15.99,/242/62/224899_KK_1,224899_KK_1.jpg,none,,,,,
224904_LB,224904,Wallet BASIC OCTOBER Light Blue,_LB,Light Blue,Wallet,Wallet,Plain PU,Polyurethane; Polyester; Polyurethane,,,12.99,/242/62/224904_LB_1,224904_LB_1.jpg,none,,,,,
224904_SK,224904,Wallet BASIC OCTOBER Skin,_SK,Skin,Wallet,Wallet,Plain PU,Polyurethane; Polyester; Thermoplastic Polyurethane; Polyurethane,,,12.99,/242/62/224904_SK_1,224904_SK_1.jpg,none,,,,,
224950_BK,224950,Multipurpose Purse RATATUI Black,_BK,Black,Wallet,Multipurpose Purse,Nylon,Polyester; Polyester; Polyamide,,,17.99,/242/62/224950_BK_1,224950_BK_1.jpg,none,,,,,
224967_DM,224967,Wallet KENDALL Dark Multicolor,_DM,Dark Multicolor,Wallet,Wallet,Animal Embossed PU,Polyurethane; Polyester; Polyurethane,,,10.99,/242/62/224967_DM_1,224967_DM_1.jpg,none,,,,,
